<?xml version='1.0' encoding='utf-8'?>
<COLLADA xmlns="http://www.collada.org/2005/11/COLLADASchema" version="1.4.1">
  <asset>
    <contributor>
      <author>Assimp</author>
      <authoring_tool>Assimp Exporter</authoring_tool>
    </contributor>
    <created>2026-10-09T10:33:49</created>
    <modified>2026-10-09T10:33:49</modified>
    <unit name="meter" meter="0.001" />
    <up_axis>Y_UP</up_axis>
  </asset>
  <library_effects>
    <effect id="rm_dae_effect_0" name="Material_________1_">
      <profile_COMMON>
        <technique sid="standard">
          <phong>
            <emission>
              <color sid="emission">0   0   0   1</color>
            </emission>
            <diffuse>
              <color sid="diffuse">0.52711487   0.52711487   0.52711487   1</color>
            </diffuse>
            <shininess>
              <float sid="shininess">0</float>
            </shininess>
          </phong>
        </technique>
      </profile_COMMON>
    </effect>
    <effect id="rm_dae_effect_1" name="Material_______">
      <profile_COMMON>
        <technique sid="standard">
          <phong>
            <emission>
              <color sid="emission">0   0   0   1</color>
            </emission>
            <diffuse>
              <color sid="diffuse">0   0   0   1</color>
            </diffuse>
            <shininess>
              <float sid="shininess">0</float>
            </shininess>
          </phong>
        </technique>
      </profile_COMMON>
    </effect>
    <effect id="rm_dae_effect_2" name="m2mat">
      <profile_COMMON>
        <technique sid="standard">
          <phong>
            <emission>
              <color sid="emission">0   0   0   1</color>
            </emission>
            <diffuse>
              <color sid="diffuse">1   1   1   1</color>
            </diffuse>
            <shininess>
              <float sid="shininess">0</float>
            </shininess>
          </phong>
        </technique>
      </profile_COMMON>
    </effect>
  </library_effects>
  <library_materials>
    <material id="rm_dae_material_0" name="Material_________1_">
      <instance_effect url="#rm_dae_effect_0" />
    </material>
    <material id="rm_dae_material_1" name="Material_______">
      <instance_effect url="#rm_dae_effect_1" />
    </material>
    <material id="rm_dae_material_2" name="m2mat">
      <instance_effect url="#rm_dae_effect_2" />
    </material>
  </library_materials>
  <library_geometries>
    <geometry id="meshId0" name="meshId0_name">
      <mesh>
        <source id="meshId0-positions" name="meshId0-positions">
          <float_array id="meshId0-positions-array" count="192"> 23.919325 14.936905 -49.5 27.334162 6.9311218 -49.5 25.336153 12.385235 -49.5 18.331099 21.429562 -49.5 22.258329 17.31319 -49.5 28.169817 1.305069 -49.5 14.936895 -23.919327 -49.5 27.898142 4.1180954 -49.5 26.477873 9.7028847 -49.5 20.384127 19.48658 -49.5 6.7213421 27.385754 -49.5 11.515181 25.741955 -49.5 9.1560879 26.67046 -49.5 4.1490383 27.891273 -49.5 1.4632492 28.162949 -49.5 -6.9311275 27.334171 -49.5 13.857077 24.558971 -49.5 16.140512 23.121506 -49.5 -1.4632626 -28.162941 -49.5 25.741945 -11.515182 -49.5 23.121496 -16.140514 -49.5 27.385744 -6.721344 -49.5 26.67045 -9.1560917 -49.5 27.891264 -4.1490402 -49.5 24.558962 -13.85708 -49.5 21.429552 -18.3311 -49.5 17.313181 -22.258335 -49.5 28.162939 -1.463253 -49.5 19.48657 -20.384129 -49.5 9.7028751 -26.477875 -49.5 12.385225 -25.336159 -49.5 6.9311123 -27.334164 -49.5 4.1180859 -27.898146 -49.5 1.3050594 -28.169819 -49.5 -1.3050728 28.169827 -49.5 -4.1180992 27.898151 -49.5 -27.334173 -6.931118 -49.5 -9.7028885 26.477882 -49.5 -12.385237 25.336163 -49.5 -14.936907 23.919334 -49.5 -17.313194 22.258339 -49.5 -19.486584 20.384136 -49.5 -25.741959 11.51519 -49.5 -23.12151 16.140522 -49.5 -24.558973 13.857086 -49.5 -27.385757 6.7213516 -49.5 -28.162951 1.4632587 -49.5 -27.891277 4.1490479 -49.5 -26.670464 9.1560974 -49.5 -21.429567 18.331108 -49.5 -16.140526 -23.1215 -49.5 -13.85709 -24.558964 -49.5 -20.384138 -19.486574 -49.5 -18.33111 -21.429558 -49.5 -6.7213535 -27.385748 -49.5 -11.515192 -25.741949 -49.5 -4.1490498 -27.891268 -49.5 -9.1561012 -26.670454 -49.5 -23.919338 -14.936897 -49.5 -27.898155 -4.1180897 -49.5 -25.336168 -12.385227 -49.5 -26.477886 -9.702879 -49.5 -22.258345 -17.313183 -49.5 -28.169828 -1.3050632 -49.5 </float_array>
          <technique_common>
            <accessor count="64" offset="0" source="#meshId0-positions-array" stride="3">
              <param name="X" type="float" />
              <param name="Y" type="float" />
              <param name="Z" type="float" />
            </accessor>
          </technique_common>
        </source>
        <source id="meshId0-normals" name="meshId0-normals">
          <float_array id="meshId0-normals-array" count="192"> 0 0 1 0 0 1 0 0 1 0 0 1 0 0 1 0 0 1 0 0 1 0 0 1 0 0 1 0 0 1 0 0 1 0 0 1 0 0 1 0 0 1 0 0 1 0 0 1 0 0 1 0 0 1 0 0 1 0 0 1 0 0 1 0 0 1 0 0 1 0 0 1 0 0 1 0 0 1 0 0 1 0 0 1 0 0 1 0 0 1 0 0 1 0 0 1 0 0 1 0 0 1 0 0 1 0 0 1 0 0 1 0 0 1 0 0 1 0 0 1 0 0 1 0 0 1 0 0 1 0 0 1 0 0 1 0 0 1 0 0 1 0 0 1 0 0 1 0 0 1 0 0 1 0 0 1 0 0 1 0 0 1 0 0 1 0 0 1 0 0 1 0 0 1 0 0 1 0 0 1 0 0 1 0 0 1 0 0 1 0 0 1 </float_array>
          <technique_common>
            <accessor count="64" offset="0" source="#meshId0-normals-array" stride="3">
              <param name="X" type="float" />
              <param name="Y" type="float" />
              <param name="Z" type="float" />
            </accessor>
          </technique_common>
        </source>
        <source id="meshId0-tex0" name="meshId0-tex0">
          <float_array id="meshId0-tex0-array" count="128"> 0.16072971 0.71183658 0.11233222 0.59825861 0.14062914 0.67573363 0.23996109 0.80394793 0.18434301 0.74559772 0.100428 0.5184418 0.28816342 0.16072971 0.10433102 0.55844778 0.1244316 0.63767916 0.21088356 0.77643162 0.40466869 0.88844836 0.3365609 0.86503023 0.3701269 0.87830055 0.44116193 0.89566898 0.4792164 0.89937687 0.59825861 0.88766778 0.3033852 0.84844238 0.27099013 0.82795155 0.5207836 0.10062313 0.13496976 0.3365609 0.17204848 0.27099013 0.11155161 0.40466863 0.12169947 0.3701269 0.10433102 0.44116193 0.15155761 0.3033852 0.19605207 0.23996109 0.25440228 0.18434298 0.10062315 0.4792164 0.22356838 0.21088356 0.36232084 0.12443161 0.32426637 0.14062911 0.40174139 0.11233222 0.44155222 0.10433102 0.4815582 0.10042799 0.5184418 0.89957201 0.55844778 0.89566898 0.88766778 0.40174139 0.63767916 0.87556839 0.67573363 0.85937083 0.71183658 0.83927029 0.74559772 0.81565702 0.77643162 0.78911644 0.86503023 0.6634391 0.82795155 0.72900987 0.84844238 0.6966148 0.88844842 0.59533131 0.89937687 0.5207836 0.89566898 0.55883807 0.87830055 0.6298731 0.80394793 0.76003891 0.72900987 0.17204845 0.6966148 0.15155762 0.78911644 0.22356838 0.76003891 0.19605207 0.59533137 0.11155158 0.6634391 0.13496977 0.55883807 0.10433102 0.6298731 0.12169945 0.83927029 0.28816342 0.89566898 0.44155222 0.85937089 0.32426637 0.87556839 0.36232084 0.81565702 0.25440228 0.89957201 0.4815582 </float_array>
          <technique_common>
            <accessor count="64" offset="0" source="#meshId0-tex0-array" stride="2">
              <param name="S" type="float" />
              <param name="T" type="float" />
            </accessor>
          </technique_common>
        </source>
        <vertices id="meshId0-vertices">
          <input semantic="POSITION" source="#meshId0-positions" />
        </vertices>
        <polylist count="62" material="defaultMaterial">
          <input offset="0" semantic="VERTEX" source="#meshId0-vertices" />
          <input offset="1" semantic="NORMAL" source="#meshId0-normals" />
          <input offset="2" semantic="TEXCOORD" source="#meshId0-tex0" set="0" />
          <vcount>3 3 3 3 3 3 3 3 3 3 3 3 3 3 3 3 3 3 3 3 3 3 3 3 3 3 3 3 3 3 3 3 3 3 3 3 3 3 3 3 3 3 3 3 3 3 3 3 3 3 3 3 3 3 3 3 3 3 3 3 3 3 </vcount>
          <p>0 0 0 1 1 1 2 2 2 3 3 3 0 0 0 4 4 4 5 5 5 0 0 0 6 6 6 1 1 1 5 5 5 7 7 7 1 1 1 8 8 8 2 2 2 5 5 5 1 1 1 0 0 0 9 9 9 3 3 3 4 4 4 10 10 10 11 11 11 12 12 12 10 10 10 13 13 13 14 14 14 10 10 10 15 15 15 11 11 11 16 16 16 3 3 3 17 17 17 16 16 16 11 11 11 0 0 0 11 11 11 6 6 6 0 0 0 0 0 0 3 3 3 16 16 16 6 6 6 11 11 11 18 18 18 19 19 19 5 5 5 20 20 20 21 21 21 19 19 19 22 22 22 23 23 23 5 5 5 21 21 21 20 20 20 24 24 24 19 19 19 5 5 5 19 19 19 21 21 21 25 25 25 20 20 20 26 26 26 5 5 5 23 23 23 27 27 27 26 26 26 28 28 28 25 25 25 6 6 6 29 29 29 30 30 30 26 26 26 20 20 20 6 6 6 31 31 31 29 29 29 6 6 6 32 32 32 18 18 18 33 33 33 18 18 18 32 32 32 31 31 31 6 6 6 20 20 20 5 5 5 31 31 31 6 6 6 18 18 18 14 14 14 34 34 34 10 10 10 15 15 15 34 34 34 35 35 35 11 11 11 15 15 15 36 36 36 37 37 37 38 38 38 15 15 15 15 15 15 39 39 39 40 40 40 36 36 36 15 15 15 40 40 40 39 39 39 15 15 15 38 38 38 40 40 40 41 41 41 42 42 42 43 43 43 42 42 42 41 41 41 43 43 43 44 44 44 42 42 42 45 45 45 40 40 40 42 42 42 45 45 45 46 46 46 40 40 40 45 45 45 47 47 47 46 46 46 48 48 48 45 45 45 42 42 42 49 49 49 43 43 43 41 41 41 40 40 40 46 46 46 36 36 36 50 50 50 51 51 51 52 52 52 50 50 50 52 52 52 53 53 53 54 54 54 51 51 51 55 55 55 51 51 51 56 56 56 52 52 52 54 54 54 56 56 56 51 51 51 54 54 54 55 55 55 57 57 57 56 56 56 18 18 18 52 52 52 18 18 18 11 11 11 58 58 58 46 46 46 59 59 59 36 36 36 60 60 60 36 36 36 61 61 61 58 58 58 62 62 62 52 52 52 58 58 58 52 52 52 18 18 18 58 58 58 36 36 36 60 60 60 11 11 11 36 36 36 58 58 58 46 46 46 63 63 63 59 59 59 34 34 34 15 15 15 10 10 10</p>
        </polylist>
      </mesh>
    </geometry>
    <geometry id="meshId1" name="meshId1_name">
      <mesh>
        <source id="meshId1-positions" name="meshId1-positions">
          <float_array id="meshId1-positions-array" count="192"> 23.919325 14.936905 -56 25.336153 12.385235 -56 27.334162 6.9311218 -56 18.331099 21.429562 -56 22.258329 17.31319 -56 28.169817 1.305069 -56 14.936895 -23.919327 -56 27.898142 4.1180954 -56 26.477873 9.7028847 -56 20.384127 19.48658 -56 6.7213421 27.385754 -56 9.1560879 26.67046 -56 11.515181 25.741955 -56 1.4632492 28.162949 -56 4.1490383 27.891273 -56 -6.9311275 27.334171 -56 13.857077 24.558971 -56 16.140512 23.121506 -56 -1.4632626 -28.162941 -56 25.741945 -11.515182 -56 23.121496 -16.140514 -56 27.385744 -6.721344 -56 26.67045 -9.1560917 -56 27.891264 -4.1490402 -56 24.558962 -13.85708 -56 21.429552 -18.3311 -56 17.313181 -22.258335 -56 28.162939 -1.463253 -56 19.48657 -20.384129 -56 12.385225 -25.336159 -56 9.7028751 -26.477875 -56 6.9311123 -27.334164 -56 4.1180859 -27.898146 -56 1.3050594 -28.169819 -56 -1.3050728 28.169827 -56 -4.1180992 27.898151 -56 -27.334173 -6.931118 -56 -9.7028885 26.477882 -56 -12.385237 25.336163 -56 -17.313194 22.258339 -56 -14.936907 23.919334 -56 -25.741959 11.51519 -56 -19.486584 20.384136 -56 -23.12151 16.140522 -56 -24.558973 13.857086 -56 -27.385757 6.7213516 -56 -28.162951 1.4632587 -56 -27.891277 4.1490479 -56 -26.670464 9.1560974 -56 -21.429567 18.331108 -56 -16.140526 -23.1215 -56 -23.919338 -14.936897 -56 -13.85709 -24.558964 -56 -18.33111 -21.429558 -56 -6.7213535 -27.385748 -56 -11.515192 -25.741949 -56 -4.1490498 -27.891268 -56 -9.1561012 -26.670454 -56 -27.898155 -4.1180897 -56 -25.336168 -12.385227 -56 -26.477886 -9.702879 -56 -22.258345 -17.313183 -56 -20.384138 -19.486574 -56 -28.169828 -1.3050632 -56 </float_array>
          <technique_common>
            <accessor count="64" offset="0" source="#meshId1-positions-array" stride="3">
              <param name="X" type="float" />
              <param name="Y" type="float" />
              <param name="Z" type="float" />
            </accessor>
          </technique_common>
        </source>
        <source id="meshId1-normals" name="meshId1-normals">
          <float_array id="meshId1-normals-array" count="192"> 0 0 -1 0 0 -1 0 0 -1 0 0 -1 0 0 -1 0 0 -1 0 0 -1 0 0 -1 0 0 -1 0 0 -1 0 0 -1 0 0 -1 0 0 -1 0 0 -1 0 0 -1 0 0 -1 0 0 -1 0 0 -1 0 0 -1 0 0 -1 0 0 -1 0 0 -1 0 0 -1 0 0 -1 0 0 -1 0 0 -1 0 0 -1 0 0 -1 0 0 -1 0 0 -1 0 0 -1 0 0 -1 0 0 -1 0 0 -1 0 0 -1 0 0 -1 0 0 -1 0 0 -1 0 0 -1 0 0 -1 0 0 -1 0 0 -1 0 0 -1 0 0 -1 0 0 -1 0 0 -1 0 0 -1 0 0 -1 0 0 -1 0 0 -1 0 0 -1 0 0 -1 0 0 -1 0 0 -1 0 0 -1 0 0 -1 0 0 -1 0 0 -1 0 0 -1 0 0 -1 0 0 -1 0 0 -1 0 0 -1 0 0 -1 </float_array>
          <technique_common>
            <accessor count="64" offset="0" source="#meshId1-normals-array" stride="3">
              <param name="X" type="float" />
              <param name="Y" type="float" />
              <param name="Z" type="float" />
            </accessor>
          </technique_common>
        </source>
        <source id="meshId1-tex0" name="meshId1-tex0">
          <float_array id="meshId1-tex0-array" count="128"> 0.16072971 0.71183658 0.14062914 0.67573363 0.11233222 0.59825861 0.23996109 0.80394793 0.18434301 0.74559772 0.100428 0.5184418 0.28816342 0.16072971 0.10433102 0.55844778 0.1244316 0.63767916 0.21088356 0.77643162 0.40466869 0.88844836 0.3701269 0.87830055 0.3365609 0.86503023 0.4792164 0.89937687 0.44116193 0.89566898 0.59825861 0.88766778 0.3033852 0.84844238 0.27099013 0.82795155 0.5207836 0.10062313 0.13496976 0.3365609 0.17204848 0.27099013 0.11155161 0.40466863 0.12169947 0.3701269 0.10433102 0.44116193 0.15155761 0.3033852 0.19605207 0.23996109 0.25440228 0.18434298 0.10062315 0.4792164 0.22356838 0.21088356 0.32426637 0.14062911 0.36232084 0.12443161 0.40174139 0.11233222 0.44155222 0.10433102 0.4815582 0.10042799 0.5184418 0.89957201 0.55844778 0.89566898 0.88766778 0.40174139 0.63767916 0.87556839 0.67573363 0.85937083 0.74559772 0.81565702 0.71183658 0.83927029 0.86503023 0.6634391 0.77643162 0.78911644 0.82795155 0.72900987 0.84844238 0.6966148 0.88844842 0.59533131 0.89937687 0.5207836 0.89566898 0.55883807 0.87830055 0.6298731 0.80394793 0.76003891 0.72900987 0.17204845 0.83927029 0.28816342 0.6966148 0.15155762 0.76003891 0.19605207 0.59533137 0.11155158 0.6634391 0.13496977 0.55883807 0.10433102 0.6298731 0.12169945 0.89566898 0.44155222 0.85937089 0.32426637 0.87556839 0.36232084 0.81565702 0.25440228 0.78911644 0.22356838 0.89957201 0.4815582 </float_array>
          <technique_common>
            <accessor count="64" offset="0" source="#meshId1-tex0-array" stride="2">
              <param name="S" type="float" />
              <param name="T" type="float" />
            </accessor>
          </technique_common>
        </source>
        <vertices id="meshId1-vertices">
          <input semantic="POSITION" source="#meshId1-positions" />
        </vertices>
        <polylist count="62" material="defaultMaterial">
          <input offset="0" semantic="VERTEX" source="#meshId1-vertices" />
          <input offset="1" semantic="NORMAL" source="#meshId1-normals" />
          <input offset="2" semantic="TEXCOORD" source="#meshId1-tex0" set="0" />
          <vcount>3 3 3 3 3 3 3 3 3 3 3 3 3 3 3 3 3 3 3 3 3 3 3 3 3 3 3 3 3 3 3 3 3 3 3 3 3 3 3 3 3 3 3 3 3 3 3 3 3 3 3 3 3 3 3 3 3 3 3 3 3 3 </vcount>
          <p>0 0 0 1 1 1 2 2 2 3 3 3 4 4 4 0 0 0 5 5 5 6 6 6 0 0 0 2 2 2 7 7 7 5 5 5 2 2 2 1 1 1 8 8 8 5 5 5 0 0 0 2 2 2 9 9 9 4 4 4 3 3 3 10 10 10 11 11 11 12 12 12 10 10 10 13 13 13 14 14 14 10 10 10 12 12 12 15 15 15 16 16 16 17 17 17 3 3 3 16 16 16 0 0 0 12 12 12 12 12 12 0 0 0 6 6 6 0 0 0 16 16 16 3 3 3 6 6 6 18 18 18 12 12 12 19 19 19 20 20 20 5 5 5 21 21 21 22 22 22 19 19 19 23 23 23 21 21 21 5 5 5 20 20 20 19 19 19 24 24 24 5 5 5 21 21 21 19 19 19 25 25 25 26 26 26 20 20 20 5 5 5 27 27 27 23 23 23 26 26 26 25 25 25 28 28 28 6 6 6 29 29 29 30 30 30 26 26 26 6 6 6 20 20 20 31 31 31 6 6 6 30 30 30 32 32 32 33 33 33 18 18 18 18 18 18 31 31 31 32 32 32 6 6 6 5 5 5 20 20 20 31 31 31 18 18 18 6 6 6 13 13 13 10 10 10 34 34 34 15 15 15 35 35 35 34 34 34 12 12 12 36 36 36 15 15 15 37 37 37 15 15 15 38 38 38 15 15 15 39 39 39 40 40 40 36 36 36 39 39 39 15 15 15 40 40 40 38 38 38 15 15 15 39 39 39 41 41 41 42 42 42 43 43 43 42 42 42 41 41 41 43 43 43 41 41 41 44 44 44 45 45 45 41 41 41 39 39 39 45 45 45 39 39 39 46 46 46 45 45 45 46 46 46 47 47 47 48 48 48 41 41 41 45 45 45 49 49 49 42 42 42 43 43 43 39 39 39 36 36 36 46 46 46 50 50 50 51 51 51 52 52 52 53 53 53 51 51 51 50 50 50 54 54 54 55 55 55 52 52 52 56 56 56 52 52 52 51 51 51 54 54 54 52 52 52 56 56 56 54 54 54 57 57 57 55 55 55 18 18 18 56 56 56 51 51 51 18 18 18 51 51 51 12 12 12 46 46 46 36 36 36 58 58 58 59 59 59 60 60 60 36 36 36 61 61 61 53 53 53 62 62 62 61 61 61 51 51 51 53 53 53 51 51 51 59 59 59 36 36 36 12 12 12 51 51 51 36 36 36 46 46 46 58 58 58 63 63 63 34 34 34 10 10 10 15 15 15</p>
        </polylist>
      </mesh>
    </geometry>
    <geometry id="meshId2" name="meshId2_name">
      <mesh>
        <source id="meshId2-positions" name="meshId2-positions">
          <float_array id="meshId2-positions-array" count="390"> -6.7213535 -27.385748 -49.500462 -9.1561012 -26.670454 -49.500462 -9.1561012 -26.670454 -56 -4.1490498 -27.891268 -49.500462 -6.7213535 -27.385748 -56 -1.4632626 -28.162941 -49.500462 -4.1490498 -27.891268 -56 1.3050594 -28.169819 -49.500462 -1.4632626 -28.162941 -56 4.1180859 -27.898146 -49.500462 1.3050594 -28.169819 -56 6.9311123 -27.334164 -49.500462 4.1180859 -27.898146 -56 9.7028751 -26.477875 -49.500462 6.9311123 -27.334164 -56 12.385225 -25.336159 -49.500462 9.7028751 -26.477875 -56 14.936895 -23.919327 -49.500462 12.385225 -25.336159 -56 17.313181 -22.258335 -49.500462 14.936895 -23.919327 -56 19.48657 -20.384129 -49.500462 17.313181 -22.258335 -56 21.429552 -18.3311 -49.500462 19.48657 -20.384129 -56 23.121496 -16.140514 -49.500462 21.429552 -18.3311 -56 24.558962 -13.85708 -49.500462 23.121496 -16.140514 -56 25.741945 -11.515182 -49.500462 24.558962 -13.85708 -56 26.67045 -9.1560917 -49.500462 25.741945 -11.515182 -56 27.385744 -6.721344 -49.500462 26.67045 -9.1560917 -56 27.891264 -4.1490402 -49.500462 27.385744 -6.721344 -56 28.162939 -1.463253 -49.500462 27.891264 -4.1490402 -56 28.169817 1.305069 -49.500462 28.162939 -1.463253 -56 27.898142 4.1180954 -49.500462 28.169817 1.305069 -56 27.334162 6.9311218 -49.500462 27.898142 4.1180954 -56 26.477873 9.7028847 -49.500462 27.334162 6.9311218 -56 25.336153 12.385235 -49.500462 26.477873 9.7028847 -56 23.919325 14.936905 -49.500462 25.336153 12.385235 -56 22.258329 17.31319 -49.500462 23.919325 14.936905 -56 20.384127 19.48658 -49.500462 22.258329 17.31319 -56 18.331099 21.429562 -49.500462 20.384127 19.48658 -56 16.140512 23.121506 -49.500462 18.331099 21.429562 -56 13.857077 24.558971 -49.500462 16.140512 23.121506 -56 11.515181 25.741955 -49.500462 13.857077 24.558971 -56 9.1560879 26.67046 -49.500462 11.515181 25.741955 -56 6.7213421 27.385754 -49.500462 9.1560879 26.67046 -56 4.1490383 27.891273 -49.500462 6.7213421 27.385754 -56 1.4632492 28.162949 -49.500462 4.1490383 27.891273 -56 -1.3050728 28.169827 -49.500462 1.4632492 28.162949 -56 -4.1180992 27.898151 -49.500462 -1.3050728 28.169827 -56 -6.9311275 27.334171 -49.500462 -4.1180992 27.898151 -56 -9.7028885 26.477882 -49.500462 -6.9311275 27.334171 -56 -12.385237 25.336163 -49.500462 -9.7028885 26.477882 -56 -14.936907 23.919334 -49.500462 -12.385237 25.336163 -56 -17.313194 22.258339 -49.500462 -14.936907 23.919334 -56 -19.486584 20.384136 -49.500462 -17.313194 22.258339 -56 -21.429567 18.331108 -49.500462 -19.486584 20.384136 -56 -23.12151 16.140522 -49.500462 -21.429567 18.331108 -56 -24.558973 13.857086 -49.500462 -23.12151 16.140522 -56 -25.741959 11.51519 -49.500462 -24.558973 13.857086 -56 -26.670464 9.1560974 -49.500462 -25.741959 11.51519 -56 -27.385757 6.7213516 -49.500462 -26.670464 9.1560974 -56 -27.891277 4.1490479 -49.500462 -27.385757 6.7213516 -56 -28.162951 1.4632587 -49.500462 -27.891277 4.1490479 -56 -28.169828 -1.3050632 -49.500462 -28.162951 1.4632587 -56 -27.898155 -4.1180897 -49.500462 -28.169828 -1.3050632 -56 -27.334173 -6.931118 -49.500462 -27.898155 -4.1180897 -56 -26.477886 -9.702879 -49.500462 -27.334173 -6.931118 -56 -25.336168 -12.385227 -49.500462 -26.477886 -9.702879 -56 -23.919338 -14.936897 -49.500462 -25.336168 -12.385227 -56 -22.258345 -17.313183 -49.500462 -23.919338 -14.936897 -56 -20.384138 -19.486574 -49.500462 -22.258345 -17.313183 -56 -18.33111 -21.429558 -49.500462 -20.384138 -19.486574 -56 -16.140526 -23.1215 -49.500462 -18.33111 -21.429558 -56 -13.85709 -24.558964 -49.500462 -16.140526 -23.1215 -56 -11.515192 -25.741949 -49.500462 -13.85709 -24.558964 -56 -9.1561012 -26.670454 -49.500462 -11.515192 -25.741949 -56 -9.1561012 -26.670454 -56 </float_array>
          <technique_common>
            <accessor count="130" offset="0" source="#meshId2-positions-array" stride="3">
              <param name="X" type="float" />
              <param name="Y" type="float" />
              <param name="Z" type="float" />
            </accessor>
          </technique_common>
        </source>
        <source id="meshId2-normals" name="meshId2-normals">
          <float_array id="meshId2-normals-array" count="390"> -0.23919083 -0.97097254 0 -0.32591394 -0.94539934 0 -0.32591394 -0.94539934 0 -0.14670976 -0.98917955 0 -0.23919083 -0.97097254 0 -0.051372394 -0.99867952 0 -0.14670976 -0.98917955 0 0.047078896 -0.99889117 0 -0.051372394 -0.99867952 0 0.14670976 -0.98917955 0 0.047078896 -0.99889117 0 0.24477161 -0.96958077 0 0.14670976 -0.98917955 0 0.34395951 -0.93898445 0 0.24477161 -0.96958077 0 0.43986747 -0.89806277 0 0.34395951 -0.93898445 0 0.52830184 -0.8490566 0 0.43986747 -0.89806277 0 0.61527079 -0.78831571 0 0.52830184 -0.8490566 0 0.69172508 -0.722161 0 0.61527079 -0.78831571 0 0.75886685 -0.65124577 0 0.69172508 -0.722161 0 0.82012695 -0.57218152 0 0.75886685 -0.65124577 0 0.87150437 -0.49038777 0 0.82012695 -0.57218152 0 0.91274208 -0.40853614 0 0.87150437 -0.49038777 0 0.94539934 -0.32591394 0 0.91274208 -0.40853614 0 0.97097254 -0.23919083 0 0.94539934 -0.32591394 0 0.98917955 -0.14670976 0 0.97097254 -0.23919083 0 0.99867952 -0.051372394 0 0.98917955 -0.14670976 0 0.99889112 0.047078829 0 0.99867952 -0.051372394 0 0.98917955 0.14670976 0 0.99889112 0.047078829 0 0.96958083 0.24477154 0 0.98917955 0.14670976 0 0.93898451 0.34395945 0 0.96958083 0.24477154 0 0.89806283 0.43986738 0 0.93898451 0.34395945 0 0.8490566 0.52830184 0 0.89806283 0.43986738 0 0.78831571 0.61527079 0 0.8490566 0.52830184 0 0.72216094 0.69172513 0 0.78831571 0.61527079 0 0.65124577 0.75886685 0 0.72216094 0.69172513 0 0.57218152 0.82012695 0 0.65124577 0.75886685 0 0.49038783 0.87150425 0 0.57218152 0.82012695 0 0.40853614 0.91274208 0 0.49038783 0.87150425 0 0.32591394 0.94539934 0 0.40853614 0.91274208 0 0.23919076 0.9709726 0 0.32591394 0.94539934 0 0.14670976 0.98917955 0 0.23919076 0.9709726 0 0.051372457 0.99867946 0 0.14670976 0.98917955 0 -0.047078829 0.99889112 0 0.051372457 0.99867946 0 -0.14670976 0.98917955 0 -0.047078829 0.99889112 0 -0.24477154 0.96958083 0 -0.14670976 0.98917955 0 -0.34395945 0.93898451 0 -0.24477154 0.96958083 0 -0.43986738 0.89806283 0 -0.34395945 0.93898451 0 -0.52830184 0.8490566 0 -0.43986738 0.89806283 0 -0.61527079 0.78831571 0 -0.52830184 0.8490566 0 -0.69172513 0.72216094 0 -0.61527079 0.78831571 0 -0.75886685 0.65124577 0 -0.69172513 0.72216094 0 -0.82012695 0.57218152 0 -0.75886685 0.65124577 0 -0.87150425 0.49038783 0 -0.82012695 0.57218152 0 -0.91274208 0.40853614 0 -0.87150425 0.49038783 0 -0.94539934 0.32591394 0 -0.91274208 0.40853614 0 -0.9709726 0.23919076 0 -0.94539934 0.32591394 0 -0.98917955 0.14670976 0 -0.9709726 0.23919076 0 -0.99867946 0.051372457 0 -0.98917955 0.14670976 0 -0.99889117 -0.047078896 0 -0.99867946 0.051372457 0 -0.98917955 -0.14670976 0 -0.99889117 -0.047078896 0 -0.96958077 -0.24477161 0 -0.98917955 -0.14670976 0 -0.93898445 -0.34395951 0 -0.96958077 -0.24477161 0 -0.89806277 -0.43986747 0 -0.93898445 -0.34395951 0 -0.8490566 -0.52830184 0 -0.89806277 -0.43986747 0 -0.78831571 -0.61527079 0 -0.8490566 -0.52830184 0 -0.722161 -0.69172508 0 -0.78831571 -0.61527079 0 -0.65124577 -0.75886685 0 -0.722161 -0.69172508 0 -0.57218152 -0.82012695 0 -0.65124577 -0.75886685 0 -0.49038777 -0.87150437 0 -0.57218152 -0.82012695 0 -0.40853614 -0.91274208 0 -0.49038777 -0.87150437 0 -0.32591394 -0.94539934 0 -0.40853614 -0.91274208 0 -0.32591394 -0.94539934 0 </float_array>
          <technique_common>
            <accessor count="130" offset="0" source="#meshId2-normals-array" stride="3">
              <param name="X" type="float" />
              <param name="Y" type="float" />
              <param name="Z" type="float" />
            </accessor>
          </technique_common>
        </source>
        <source id="meshId2-tex0" name="meshId2-tex0">
          <float_array id="meshId2-tex0-array" count="260"> 0.015628817 0 0 0 0 1 0.031257633 0 0.015628817 1 0.046886452 0 0.031257633 1 0.062515266 0 0.046886452 1 0.078144081 0 0.062515266 1 0.093772903 0 0.078144081 1 0.10940172 0 0.093772903 1 0.12503053 0 0.10940172 1 0.14065935 0 0.12503053 1 0.15628816 0 0.14065935 1 0.17191698 0 0.15628816 1 0.18754581 0 0.17191698 1 0.20317462 0 0.18754581 1 0.21880344 0 0.20317462 1 0.23443225 0 0.21880344 1 0.25006106 0 0.23443225 1 0.26568988 0 0.25006106 1 0.28131869 0 0.26568988 1 0.29694751 0 0.28131869 1 0.31257632 0 0.29694751 1 0.32820514 0 0.31257632 1 0.34383395 0 0.32820514 1 0.35946277 0 0.34383395 1 0.37509161 0 0.35946277 1 0.39072043 0 0.37509161 1 0.40634924 0 0.39072043 1 0.42197806 0 0.40634924 1 0.43760687 0 0.42197806 1 0.45323569 0 0.43760687 1 0.4688645 0 0.45323569 1 0.48449332 0 0.4688645 1 0.50012213 0 0.48449332 1 0.51550674 0 0.50012213 1 0.53113556 0 0.51550674 1 0.54676437 0 0.53113556 1 0.56239319 0 0.54676437 1 0.578022 0 0.56239319 1 0.59365082 0 0.578022 1 0.60927963 0 0.59365082 1 0.62490845 0 0.60927963 1 0.64053726 0 0.62490845 1 0.65616608 0 0.64053726 1 0.67179489 0 0.65616608 1 0.68742371 0 0.67179489 1 0.70305252 0 0.68742371 1 0.71868134 0 0.70305252 1 0.73431015 0 0.71868134 1 0.74993896 0 0.73431015 1 0.76556784 0 0.74993896 1 0.78119665 0 0.76556784 1 0.79682547 0 0.78119665 1 0.81245428 0 0.79682547 1 0.8280831 0 0.81245428 1 0.84371191 0 0.8280831 1 0.85934073 0 0.84371191 1 0.87496954 0 0.85934073 1 0.89059836 0 0.87496954 1 0.90622717 0 0.89059836 1 0.92185599 0 0.90622717 1 0.9374848 0 0.92185599 1 0.95311362 0 0.9374848 1 0.96874243 0 0.95311362 1 0.98437124 0 0.96874243 1 1 0 0.98437124 1 1 1 </float_array>
          <technique_common>
            <accessor count="130" offset="0" source="#meshId2-tex0-array" stride="2">
              <param name="S" type="float" />
              <param name="T" type="float" />
            </accessor>
          </technique_common>
        </source>
        <vertices id="meshId2-vertices">
          <input semantic="POSITION" source="#meshId2-positions" />
        </vertices>
        <polylist count="128" material="defaultMaterial">
          <input offset="0" semantic="VERTEX" source="#meshId2-vertices" />
          <input offset="1" semantic="NORMAL" source="#meshId2-normals" />
          <input offset="2" semantic="TEXCOORD" source="#meshId2-tex0" set="0" />
          <vcount>3 3 3 3 3 3 3 3 3 3 3 3 3 3 3 3 3 3 3 3 3 3 3 3 3 3 3 3 3 3 3 3 3 3 3 3 3 3 3 3 3 3 3 3 3 3 3 3 3 3 3 3 3 3 3 3 3 3 3 3 3 3 3 3 3 3 3 3 3 3 3 3 3 3 3 3 3 3 3 3 3 3 3 3 3 3 3 3 3 3 3 3 3 3 3 3 3 3 3 3 3 3 3 3 3 3 3 3 3 3 3 3 3 3 3 3 3 3 3 3 3 3 3 3 3 3 3 3 </vcount>
          <p>0 0 0 1 1 1 2 2 2 3 3 3 0 0 0 4 4 4 5 5 5 3 3 3 6 6 6 7 7 7 5 5 5 8 8 8 9 9 9 7 7 7 10 10 10 11 11 11 9 9 9 12 12 12 13 13 13 11 11 11 14 14 14 15 15 15 13 13 13 16 16 16 17 17 17 15 15 15 18 18 18 19 19 19 17 17 17 20 20 20 21 21 21 19 19 19 22 22 22 23 23 23 21 21 21 24 24 24 25 25 25 23 23 23 26 26 26 27 27 27 25 25 25 28 28 28 29 29 29 27 27 27 30 30 30 31 31 31 29 29 29 32 32 32 33 33 33 31 31 31 34 34 34 35 35 35 33 33 33 36 36 36 37 37 37 35 35 35 38 38 38 39 39 39 37 37 37 40 40 40 41 41 41 39 39 39 42 42 42 43 43 43 41 41 41 44 44 44 45 45 45 43 43 43 46 46 46 47 47 47 45 45 45 48 48 48 49 49 49 47 47 47 50 50 50 51 51 51 49 49 49 52 52 52 53 53 53 51 51 51 54 54 54 55 55 55 53 53 53 56 56 56 57 57 57 55 55 55 58 58 58 59 59 59 57 57 57 60 60 60 61 61 61 59 59 59 62 62 62 63 63 63 61 61 61 64 64 64 65 65 65 63 63 63 66 66 66 67 67 67 65 65 65 68 68 68 69 69 69 67 67 67 70 70 70 71 71 71 69 69 69 72 72 72 73 73 73 71 71 71 74 74 74 75 75 75 73 73 73 76 76 76 77 77 77 75 75 75 78 78 78 79 79 79 77 77 77 80 80 80 81 81 81 79 79 79 82 82 82 83 83 83 81 81 81 84 84 84 85 85 85 83 83 83 86 86 86 87 87 87 85 85 85 88 88 88 89 89 89 87 87 87 90 90 90 91 91 91 89 89 89 92 92 92 93 93 93 91 91 91 94 94 94 95 95 95 93 93 93 96 96 96 97 97 97 95 95 95 98 98 98 99 99 99 97 97 97 100 100 100 101 101 101 99 99 99 102 102 102 103 103 103 101 101 101 104 104 104 105 105 105 103 103 103 106 106 106 107 107 107 105 105 105 108 108 108 109 109 109 107 107 107 110 110 110 111 111 111 109 109 109 112 112 112 113 113 113 111 111 111 114 114 114 115 115 115 113 113 113 116 116 116 117 117 117 115 115 115 118 118 118 119 119 119 117 117 117 120 120 120 121 121 121 119 119 119 122 122 122 123 123 123 121 121 121 124 124 124 125 125 125 123 123 123 126 126 126 127 127 127 125 125 125 128 128 128 0 0 0 2 2 2 4 4 4 3 3 3 4 4 4 6 6 6 5 5 5 6 6 6 8 8 8 7 7 7 8 8 8 10 10 10 9 9 9 10 10 10 12 12 12 11 11 11 12 12 12 14 14 14 13 13 13 14 14 14 16 16 16 15 15 15 16 16 16 18 18 18 17 17 17 18 18 18 20 20 20 19 19 19 20 20 20 22 22 22 21 21 21 22 22 22 24 24 24 23 23 23 24 24 24 26 26 26 25 25 25 26 26 26 28 28 28 27 27 27 28 28 28 30 30 30 29 29 29 30 30 30 32 32 32 31 31 31 32 32 32 34 34 34 33 33 33 34 34 34 36 36 36 35 35 35 36 36 36 38 38 38 37 37 37 38 38 38 40 40 40 39 39 39 40 40 40 42 42 42 41 41 41 42 42 42 44 44 44 43 43 43 44 44 44 46 46 46 45 45 45 46 46 46 48 48 48 47 47 47 48 48 48 50 50 50 49 49 49 50 50 50 52 52 52 51 51 51 52 52 52 54 54 54 53 53 53 54 54 54 56 56 56 55 55 55 56 56 56 58 58 58 57 57 57 58 58 58 60 60 60 59 59 59 60 60 60 62 62 62 61 61 61 62 62 62 64 64 64 63 63 63 64 64 64 66 66 66 65 65 65 66 66 66 68 68 68 67 67 67 68 68 68 70 70 70 69 69 69 70 70 70 72 72 72 71 71 71 72 72 72 74 74 74 73 73 73 74 74 74 76 76 76 75 75 75 76 76 76 78 78 78 77 77 77 78 78 78 80 80 80 79 79 79 80 80 80 82 82 82 81 81 81 82 82 82 84 84 84 83 83 83 84 84 84 86 86 86 85 85 85 86 86 86 88 88 88 87 87 87 88 88 88 90 90 90 89 89 89 90 90 90 92 92 92 91 91 91 92 92 92 94 94 94 93 93 93 94 94 94 96 96 96 95 95 95 96 96 96 98 98 98 97 97 97 98 98 98 100 100 100 99 99 99 100 100 100 102 102 102 101 101 101 102 102 102 104 104 104 103 103 103 104 104 104 106 106 106 105 105 105 106 106 106 108 108 108 107 107 107 108 108 108 110 110 110 109 109 109 110 110 110 112 112 112 111 111 111 112 112 112 114 114 114 113 113 113 114 114 114 116 116 116 115 115 115 116 116 116 118 118 118 117 117 117 118 118 118 120 120 120 119 119 119 120 120 120 122 122 122 121 121 121 122 122 122 124 124 124 123 123 123 124 124 124 126 126 126 125 125 125 126 126 126 128 128 128 127 127 127 128 128 128 129 129 129</p>
        </polylist>
      </mesh>
    </geometry>
    <geometry id="meshId3" name="meshId3_name">
      <mesh>
        <source id="meshId3-positions" name="meshId3-positions">
          <float_array id="meshId3-positions-array" count="117"> -28.500006 0.0016670227 -25.240007 -28.110334 -4.6917953 -25.240007 -0.001745224 0.0016670227 -25.240007 -28.110334 4.6916485 -25.240007 -22.4914 17.505602 -25.240007 -25.066019 13.56365 -25.240007 -26.955235 9.2529011 -25.240007 -11.448366 26.099268 -25.240007 -15.588634 23.858652 -25.240007 -19.300957 20.967424 -25.240007 2.3536835 28.40251 -25.240007 -2.3536949 28.40251 -25.240007 -6.9949703 27.626642 -25.240007 15.588621 23.858652 -25.240007 11.448355 26.099268 -25.240007 6.9949589 27.626642 -25.240007 25.066008 13.56365 -25.240007 22.491388 17.505602 -25.240007 19.300947 20.967424 -25.240007 28.499994 0.0016670227 -25.240007 28.110323 4.6916485 -25.240007 26.955221 9.2529011 -25.240007 25.066008 -13.563797 -25.240007 26.955221 -9.2530479 -25.240007 28.110323 -4.6917953 -25.240007 15.588621 -23.858799 -25.240007 19.300947 -20.967569 -25.240007 22.491388 -17.505749 -25.240007 2.3536835 -28.402655 -25.240007 6.9949589 -27.626789 -25.240007 11.448355 -26.099413 -25.240007 -11.448366 -26.099413 -25.240007 -6.9949703 -27.626789 -25.240007 -2.3536949 -28.402655 -25.240007 -22.4914 -17.505749 -25.240007 -19.300957 -20.967569 -25.240007 -15.588634 -23.858799 -25.240007 -26.955235 -9.2530479 -25.240007 -25.066019 -13.563797 -25.240007 </float_array>
          <technique_common>
            <accessor count="39" offset="0" source="#meshId3-positions-array" stride="3">
              <param name="X" type="float" />
              <param name="Y" type="float" />
              <param name="Z" type="float" />
            </accessor>
          </technique_common>
        </source>
        <source id="meshId3-normals" name="meshId3-normals">
          <float_array id="meshId3-normals-array" count="117"> 0 0 1 0 0 1 0 0 1 0 0 1 0 0 1 0 0 1 0 0 1 0 0 1 0 0 1 0 0 1 0 0 1 0 0 1 0 0 1 0 0 1 0 0 1 0 0 1 0 0 1 0 0 1 0 0 1 0 0 1 0 0 1 0 0 1 0 0 1 0 0 1 0 0 1 0 0 1 0 0 1 0 0 1 0 0 1 0 0 1 0 0 1 0 0 1 0 0 1 0 0 1 0 0 1 0 0 1 0 0 1 0 0 1 0 0 1 </float_array>
          <technique_common>
            <accessor count="39" offset="0" source="#meshId3-normals-array" stride="3">
              <param name="X" type="float" />
              <param name="Y" type="float" />
              <param name="Z" type="float" />
            </accessor>
          </technique_common>
        </source>
        <vertices id="meshId3-vertices">
          <input semantic="POSITION" source="#meshId3-positions" />
        </vertices>
        <polylist count="38" material="defaultMaterial">
          <input offset="0" semantic="VERTEX" source="#meshId3-vertices" />
          <input offset="1" semantic="NORMAL" source="#meshId3-normals" />
          <vcount>3 3 3 3 3 3 3 3 3 3 3 3 3 3 3 3 3 3 3 3 3 3 3 3 3 3 3 3 3 3 3 3 3 3 3 3 3 3 </vcount>
          <p>0 0 1 1 2 2 0 0 2 2 3 3 4 4 5 5 2 2 2 2 5 5 6 6 2 2 6 6 3 3 7 7 8 8 2 2 2 2 8 8 9 9 2 2 9 9 4 4 10 10 11 11 2 2 2 2 11 11 12 12 2 2 12 12 7 7 13 13 14 14 2 2 2 2 14 14 15 15 2 2 15 15 10 10 16 16 17 17 2 2 2 2 17 17 18 18 2 2 18 18 13 13 19 19 20 20 2 2 2 2 20 20 21 21 2 2 21 21 16 16 22 22 23 23 2 2 2 2 23 23 24 24 2 2 24 24 19 19 25 25 26 26 2 2 2 2 26 26 27 27 2 2 27 27 22 22 28 28 29 29 2 2 2 2 29 29 30 30 2 2 30 30 25 25 31 31 32 32 2 2 2 2 32 32 33 33 2 2 33 33 28 28 34 34 35 35 2 2 2 2 35 35 36 36 2 2 36 36 31 31 1 1 37 37 2 2 2 2 37 37 38 38 2 2 38 38 34 34</p>
        </polylist>
      </mesh>
    </geometry>
    <geometry id="meshId4" name="meshId4_name">
      <mesh>
        <source id="meshId4-positions" name="meshId4-positions">
          <float_array id="meshId4-positions-array" count="339"> -28.50001 0.0016670227 -43.240005 -28.110338 4.6916485 -25.238541 -28.110338 4.6916485 -43.240005 -28.110338 4.6916485 -43.240005 -26.955238 9.2529011 -25.238541 -26.955238 9.2529011 -43.240005 -26.955238 9.2529011 -43.240005 -25.066023 13.56365 -25.238541 -25.066023 13.56365 -43.240005 -25.066023 13.56365 -43.240005 -22.491404 17.505602 -25.238541 -22.491404 17.505602 -43.240005 -22.491404 17.505602 -43.240005 -19.300961 20.967424 -25.238541 -19.300961 20.967424 -43.240005 -19.300961 20.967424 -43.240005 -15.588638 23.858652 -25.238541 -15.588638 23.858652 -43.240005 -15.588638 23.858652 -43.240005 -11.44837 26.099268 -25.238541 -11.44837 26.099268 -43.240005 -11.44837 26.099268 -43.240005 -6.9949741 27.626642 -25.238541 -6.9949741 27.626642 -43.240005 -6.9949741 27.626642 -43.240005 -2.3536987 28.40251 -25.238541 -2.3536987 28.40251 -43.240005 -2.3536987 28.40251 -43.240005 2.3536797 28.40251 -25.238541 2.3536797 28.40251 -43.240005 2.3536797 28.40251 -43.240005 6.9949551 27.626642 -25.238541 6.9949551 27.626642 -43.240005 6.9949551 27.626642 -43.240005 11.448351 26.099268 -25.238541 11.448351 26.099268 -43.240005 11.448351 26.099268 -43.240005 15.588617 23.858652 -25.238541 15.588617 23.858652 -43.240005 15.588617 23.858652 -43.240005 19.300943 20.967424 -25.238541 19.300943 20.967424 -43.240005 19.300943 20.967424 -43.240005 22.491385 17.505602 -25.238541 22.491385 17.505602 -43.240005 22.491385 17.505602 -43.240005 25.066004 13.56365 -25.238541 25.066004 13.56365 -43.240005 25.066004 13.56365 -43.240005 26.955217 9.2529011 -25.238541 26.955217 9.2529011 -43.240005 26.955217 9.2529011 -43.240005 28.110319 4.6916485 -25.238541 28.110319 4.6916485 -43.240005 28.110319 4.6916485 -43.240005 28.49999 0.0016670227 -25.238541 28.49999 0.0016670227 -43.240005 28.49999 0.0016670227 -43.240005 28.110319 -4.6917953 -25.238541 28.110319 -4.6917953 -43.240005 28.110319 -4.6917953 -43.240005 26.955217 -9.2530479 -25.238541 26.955217 -9.2530479 -43.240005 26.955217 -9.2530479 -43.240005 25.066004 -13.563797 -25.238541 25.066004 -13.563797 -43.240005 25.066004 -13.563797 -43.240005 22.491385 -17.505749 -25.238541 22.491385 -17.505749 -43.240005 22.491385 -17.505749 -43.240005 19.300943 -20.967569 -25.238541 19.300943 -20.967569 -43.240005 19.300943 -20.967569 -43.240005 15.588617 -23.858799 -25.238541 15.588617 -23.858799 -43.240005 15.588617 -23.858799 -43.240005 11.448351 -26.099413 -25.238541 11.448351 -26.099413 -43.240005 11.448351 -26.099413 -43.240005 6.9949551 -27.626789 -25.238541 6.9949551 -27.626789 -43.240005 6.9949551 -27.626789 -43.240005 2.3536797 -28.402655 -25.238541 2.3536797 -28.402655 -43.240005 2.3536797 -28.402655 -43.240005 -2.3536987 -28.402655 -25.238541 -2.3536987 -28.402655 -43.240005 -2.3536987 -28.402655 -43.240005 -6.9949741 -27.626789 -25.238541 -6.9949741 -27.626789 -43.240005 -6.9949741 -27.626789 -43.240005 -11.44837 -26.099413 -25.238541 -11.44837 -26.099413 -43.240005 -11.44837 -26.099413 -43.240005 -15.588638 -23.858799 -25.238541 -15.588638 -23.858799 -43.240005 -15.588638 -23.858799 -43.240005 -19.300961 -20.967569 -25.238541 -19.300961 -20.967569 -43.240005 -19.300961 -20.967569 -43.240005 -22.491404 -17.505749 -25.238541 -22.491404 -17.505749 -43.240005 -22.491404 -17.505749 -43.240005 -25.066023 -13.563797 -25.238541 -25.066023 -13.563797 -43.240005 -25.066023 -13.563797 -43.240005 -26.955238 -9.2530479 -25.238541 -26.955238 -9.2530479 -43.240005 -26.955238 -9.2530479 -43.240005 -28.110338 -4.6917953 -25.238541 -28.110338 -4.6917953 -43.240005 -28.110338 -4.6917953 -43.240005 -28.50001 0.0016670227 -25.238541 </float_array>
          <technique_common>
            <accessor count="113" offset="0" source="#meshId4-positions-array" stride="3">
              <param name="X" type="float" />
              <param name="Y" type="float" />
              <param name="Z" type="float" />
            </accessor>
          </technique_common>
        </source>
        <source id="meshId4-normals" name="meshId4-normals">
          <float_array id="meshId4-normals-array" count="339"> -0.99960351 0.02815786 0 -0.99060047 0.13678671 0 -0.99660373 0.082346573 0 -0.96958077 0.24477172 0 -0.95417398 0.29925257 0 -0.96958077 0.24477172 0 -0.91550511 0.40230653 0 -0.89178103 0.45246714 0 -0.91550511 0.40230653 0 -0.8370173 0.54717648 0 -0.80683947 0.59077072 0 -0.8370173 0.54717648 0 -0.73554516 0.67747569 0 -0.69735503 0.71672595 0 -0.73554516 0.67747569 0 -0.61527079 0.78831571 0 -0.56906837 0.82229024 0 -0.61527079 0.78831571 0 -0.47457403 0.88021559 0 -0.42730212 0.90410888 0 -0.47457403 0.88021559 0 -0.32591394 0.94539934 0 -0.27312458 0.96197867 0 -0.32591394 0.94539934 0 -0.16439889 0.98639393 0 -0.11019435 0.99391007 0 -0.16439889 0.98639393 0 0 1 0 0.055698566 0.9984476 0 0 1 0 0.16439907 0.98639399 0 0.21990186 0.97552198 0 0.16439907 0.98639399 0 0.32591394 0.94539934 0 0.3775399 0.92599326 0 0.32591394 0.94539934 0 0.47457403 0.88021559 0 0.52514875 0.85101044 0 0.47457403 0.88021559 0 0.61527079 0.78831571 0 0.65713519 0.75377268 0 0.61527079 0.78831571 0 0.73554516 0.67747569 0 0.77137333 0.63638288 0 0.73554516 0.67747569 0 0.8370173 0.54717648 0 0.86609656 0.4998768 0 0.8370173 0.54717648 0 0.91550511 0.40230653 0 0.93674237 0.3500194 0 0.91550511 0.40230653 0 0.96958083 0.24477154 0 0.98119444 0.19302182 0 0.96958083 0.24477154 0 0.99660373 0.082346432 0 0.99960351 0.02815786 0 0.99660373 0.082346432 0 0.99660379 -0.082346506 0 0.99060047 -0.13678671 0 0.99660379 -0.082346506 0 0.96958077 -0.24477161 0 0.95417386 -0.29925245 0 0.96958077 -0.24477161 0 0.91550511 -0.40230653 0 0.89178103 -0.45246714 0 0.91550511 -0.40230653 0 0.83701742 -0.54717636 0 0.80683953 -0.59077066 0 0.83701742 -0.54717636 0 0.7355451 -0.67747575 0 0.69735503 -0.71672595 0 0.7355451 -0.67747575 0 0.61527079 -0.78831571 0 0.56906837 -0.82229024 0 0.61527079 -0.78831571 0 0.47457403 -0.88021559 0 0.42730212 -0.90410888 0 0.47457403 -0.88021559 0 0.32591394 -0.94539934 0 0.27312458 -0.96197867 0 0.32591394 -0.94539934 0 0.16439897 -0.98639387 0 0.11019435 -0.99391007 0 0.16439897 -0.98639387 0 0 -1 0 -0.055698566 -0.9984476 0 0 -1 0 -0.16439897 -0.98639387 0 -0.21990186 -0.97552198 0 -0.16439897 -0.98639387 0 -0.32591394 -0.94539934 0 -0.37754002 -0.92599332 0 -0.32591394 -0.94539934 0 -0.47457403 -0.88021559 0 -0.52514875 -0.85101044 0 -0.47457403 -0.88021559 0 -0.61527079 -0.78831571 0 -0.65713519 -0.75377268 0 -0.61527079 -0.78831571 0 -0.73554516 -0.67747569 0 -0.77137327 -0.63638294 0 -0.73554516 -0.67747569 0 -0.83701742 -0.54717636 0 -0.86609656 -0.4998768 0 -0.83701742 -0.54717636 0 -0.91550511 -0.40230653 0 -0.93674237 -0.3500194 0 -0.91550511 -0.40230653 0 -0.96958077 -0.24477161 0 -0.98119444 -0.19302182 0 -0.96958077 -0.24477161 0 -0.99660379 -0.082346506 0 -0.99960351 -0.02815786 0 </float_array>
          <technique_common>
            <accessor count="113" offset="0" source="#meshId4-normals-array" stride="3">
              <param name="X" type="float" />
              <param name="Y" type="float" />
              <param name="Z" type="float" />
            </accessor>
          </technique_common>
        </source>
        <vertices id="meshId4-vertices">
          <input semantic="POSITION" source="#meshId4-positions" />
        </vertices>
        <polylist count="76" material="defaultMaterial">
          <input offset="0" semantic="VERTEX" source="#meshId4-vertices" />
          <input offset="1" semantic="NORMAL" source="#meshId4-normals" />
          <vcount>3 3 3 3 3 3 3 3 3 3 3 3 3 3 3 3 3 3 3 3 3 3 3 3 3 3 3 3 3 3 3 3 3 3 3 3 3 3 3 3 3 3 3 3 3 3 3 3 3 3 3 3 3 3 3 3 3 3 3 3 3 3 3 3 3 3 3 3 3 3 3 3 3 3 3 3 </vcount>
          <p>0 0 1 1 2 2 3 3 1 1 4 4 3 3 4 4 5 5 6 6 4 4 7 7 6 6 7 7 8 8 9 9 7 7 10 10 9 9 10 10 11 11 12 12 10 10 13 13 12 12 13 13 14 14 15 15 13 13 16 16 15 15 16 16 17 17 18 18 16 16 19 19 18 18 19 19 20 20 21 21 19 19 22 22 21 21 22 22 23 23 24 24 22 22 25 25 24 24 25 25 26 26 27 27 25 25 28 28 27 27 28 28 29 29 30 30 28 28 31 31 30 30 31 31 32 32 33 33 31 31 34 34 33 33 34 34 35 35 36 36 34 34 37 37 36 36 37 37 38 38 39 39 37 37 40 40 39 39 40 40 41 41 42 42 40 40 43 43 42 42 43 43 44 44 45 45 43 43 46 46 45 45 46 46 47 47 48 48 46 46 49 49 48 48 49 49 50 50 51 51 49 49 52 52 51 51 52 52 53 53 54 54 52 52 55 55 54 54 55 55 56 56 57 57 55 55 58 58 57 57 58 58 59 59 60 60 58 58 61 61 60 60 61 61 62 62 63 63 61 61 64 64 63 63 64 64 65 65 66 66 64 64 67 67 66 66 67 67 68 68 69 69 67 67 70 70 69 69 70 70 71 71 72 72 70 70 73 73 72 72 73 73 74 74 75 75 73 73 76 76 75 75 76 76 77 77 78 78 76 76 79 79 78 78 79 79 80 80 81 81 79 79 82 82 81 81 82 82 83 83 84 84 82 82 85 85 84 84 85 85 86 86 87 87 85 85 88 88 87 87 88 88 89 89 90 90 88 88 91 91 90 90 91 91 92 92 93 93 91 91 94 94 93 93 94 94 95 95 96 96 94 94 97 97 96 96 97 97 98 98 99 99 97 97 100 100 99 99 100 100 101 101 102 102 100 100 103 103 102 102 103 103 104 104 105 105 103 103 106 106 105 105 106 106 107 107 108 108 106 106 109 109 108 108 109 109 110 110 111 111 109 109 112 112 111 111 112 112 0 0 0 0 112 112 1 1</p>
        </polylist>
      </mesh>
    </geometry>
    <geometry id="meshId5" name="meshId5_name">
      <mesh>
        <source id="meshId5-positions" name="meshId5-positions">
          <float_array id="meshId5-positions-array" count="117"> -28.50001 0.0016708374 -43.240005 -28.110338 4.6916523 -43.240005 -0.0017490387 0.0016708374 -43.240005 -28.110338 -4.6917915 -43.240005 -22.491404 -17.505745 -43.240005 -25.066023 -13.563793 -43.240005 -26.955238 -9.2530441 -43.240005 -11.44837 -26.099409 -43.240005 -15.588638 -23.858795 -43.240005 -19.300961 -20.967566 -43.240005 2.3536797 -28.402651 -43.240005 -2.3536987 -28.402651 -43.240005 -6.9949741 -27.626785 -43.240005 15.588617 -23.858795 -43.240005 11.448351 -26.099409 -43.240005 6.9949551 -27.626785 -43.240005 25.066004 -13.563793 -43.240005 22.491385 -17.505745 -43.240005 19.300943 -20.967566 -43.240005 28.49999 0.0016708374 -43.240005 28.110319 -4.6917915 -43.240005 26.955217 -9.2530441 -43.240005 25.066004 13.563654 -43.240005 26.955217 9.2529049 -43.240005 28.110319 4.6916523 -43.240005 15.588617 23.858656 -43.240005 19.300943 20.967428 -43.240005 22.491385 17.505606 -43.240005 2.3536797 28.402514 -43.240005 6.9949551 27.626646 -43.240005 11.448351 26.099272 -43.240005 -11.44837 26.099272 -43.240005 -6.9949741 27.626646 -43.240005 -2.3536987 28.402514 -43.240005 -22.491404 17.505606 -43.240005 -19.300961 20.967428 -43.240005 -15.588638 23.858656 -43.240005 -26.955238 9.2529049 -43.240005 -25.066023 13.563654 -43.240005 </float_array>
          <technique_common>
            <accessor count="39" offset="0" source="#meshId5-positions-array" stride="3">
              <param name="X" type="float" />
              <param name="Y" type="float" />
              <param name="Z" type="float" />
            </accessor>
          </technique_common>
        </source>
        <source id="meshId5-normals" name="meshId5-normals">
          <float_array id="meshId5-normals-array" count="117"> 0 0 -1 0 0 -1 0 0 -1 0 0 -1 0 0 -1 0 0 -1 0 0 -1 0 0 -1 0 0 -1 0 0 -1 0 0 -1 0 0 -1 0 0 -1 0 0 -1 0 0 -1 0 0 -1 0 0 -1 0 0 -1 0 0 -1 0 0 -1 0 0 -1 0 0 -1 0 0 -1 0 0 -1 0 0 -1 0 0 -1 0 0 -1 0 0 -1 0 0 -1 0 0 -1 0 0 -1 0 0 -1 0 0 -1 0 0 -1 0 0 -1 0 0 -1 0 0 -1 0 0 -1 0 0 -1 </float_array>
          <technique_common>
            <accessor count="39" offset="0" source="#meshId5-normals-array" stride="3">
              <param name="X" type="float" />
              <param name="Y" type="float" />
              <param name="Z" type="float" />
            </accessor>
          </technique_common>
        </source>
        <vertices id="meshId5-vertices">
          <input semantic="POSITION" source="#meshId5-positions" />
        </vertices>
        <polylist count="38" material="defaultMaterial">
          <input offset="0" semantic="VERTEX" source="#meshId5-vertices" />
          <input offset="1" semantic="NORMAL" source="#meshId5-normals" />
          <vcount>3 3 3 3 3 3 3 3 3 3 3 3 3 3 3 3 3 3 3 3 3 3 3 3 3 3 3 3 3 3 3 3 3 3 3 3 3 3 </vcount>
          <p>0 0 1 1 2 2 0 0 2 2 3 3 4 4 5 5 2 2 2 2 5 5 6 6 2 2 6 6 3 3 7 7 8 8 2 2 2 2 8 8 9 9 2 2 9 9 4 4 10 10 11 11 2 2 2 2 11 11 12 12 2 2 12 12 7 7 13 13 14 14 2 2 2 2 14 14 15 15 2 2 15 15 10 10 16 16 17 17 2 2 2 2 17 17 18 18 2 2 18 18 13 13 19 19 20 20 2 2 2 2 20 20 21 21 2 2 21 21 16 16 22 22 23 23 2 2 2 2 23 23 24 24 2 2 24 24 19 19 25 25 26 26 2 2 2 2 26 26 27 27 2 2 27 27 22 22 28 28 29 29 2 2 2 2 29 29 30 30 2 2 30 30 25 25 31 31 32 32 2 2 2 2 32 32 33 33 2 2 33 33 28 28 34 34 35 35 2 2 2 2 35 35 36 36 2 2 36 36 31 31 1 1 37 37 2 2 2 2 37 37 38 38 2 2 38 38 34 34</p>
        </polylist>
      </mesh>
    </geometry>
    <geometry id="meshId6" name="meshId6_name">
      <mesh>
        <source id="meshId6-positions" name="meshId6-positions">
          <float_array id="meshId6-positions-array" count="123"> -26.699778 10.110901 -57.5 -24.696333 14.32336 -57.5 -10.888248 26.392807 -57.5 -28.051666 0.99958611 -57.5 -6.4458275 27.814381 -57.5 -27.988951 -5.6309433 -57.5 -1.8326797 -28.491112 -57.5 -6.4458275 -27.811684 -57.5 -28.051666 -1.0003738 -57.5 -28.532494 -1.0003738 -57.5 -22.037849 18.152554 -57.5 -18.787045 21.497433 -57.5 -15.037991 24.267414 -57.5 11.804676 25.995602 -57.5 15.877766 23.727356 -57.5 19.529263 20.824974 -57.5 22.658119 17.368595 -57.5 25.1842 13.448814 -57.5 -28.532494 0.99958611 -57.5 -27.988951 5.6301575 -57.5 -10.888248 -26.393593 -57.5 -15.037991 -24.2682 -57.5 -18.787045 -21.49822 -57.5 -22.037849 -18.153339 -57.5 -24.696333 -14.324148 -57.5 -26.699778 -10.111689 -57.5 -1.8326797 28.490326 -57.5 2.8292465 28.410187 -57.5 7.4145203 27.570484 -57.5 27.037823 9.1701546 -57.5 28.170204 4.6475983 -57.5 28.549988 -0.00039291382 -57.5 28.170204 -4.6483841 -57.5 27.037823 -9.1709423 -57.5 25.1842 -13.449601 -57.5 11.804676 -25.996387 -57.5 7.4145203 -27.57127 -57.5 15.877766 -23.728142 -57.5 19.529263 -20.82576 -57.5 22.658119 -17.369385 -57.5 2.8292465 -28.410975 -57.5 </float_array>
          <technique_common>
            <accessor count="41" offset="0" source="#meshId6-positions-array" stride="3">
              <param name="X" type="float" />
              <param name="Y" type="float" />
              <param name="Z" type="float" />
            </accessor>
          </technique_common>
        </source>
        <source id="meshId6-normals" name="meshId6-normals">
          <float_array id="meshId6-normals-array" count="123"> 0 0 -1 0 0 -1 0 0 -1 0 0 -1 0 0 -1 0 0 -1 0 0 -1 0 0 -1 0 0 -1 0 0 -1 0 0 -1 0 0 -1 0 0 -1 0 0 -1 0 0 -1 0 0 -1 0 0 -1 0 0 -1 0 0 -1 0 0 -1 0 0 -1 0 0 -1 0 0 -1 0 0 -1 0 0 -1 0 0 -1 0 0 -1 0 0 -1 0 0 -1 0 0 -1 0 0 -1 0 0 -1 0 0 -1 0 0 -1 0 0 -1 0 0 -1 0 0 -1 0 0 -1 0 0 -1 0 0 -1 0 0 -1 </float_array>
          <technique_common>
            <accessor count="41" offset="0" source="#meshId6-normals-array" stride="3">
              <param name="X" type="float" />
              <param name="Y" type="float" />
              <param name="Z" type="float" />
            </accessor>
          </technique_common>
        </source>
        <vertices id="meshId6-vertices">
          <input semantic="POSITION" source="#meshId6-positions" />
        </vertices>
        <polylist count="39" material="defaultMaterial">
          <input offset="0" semantic="VERTEX" source="#meshId6-vertices" />
          <input offset="1" semantic="NORMAL" source="#meshId6-normals" />
          <vcount>3 3 3 3 3 3 3 3 3 3 3 3 3 3 3 3 3 3 3 3 3 3 3 3 3 3 3 3 3 3 3 3 3 3 3 3 3 3 3 </vcount>
          <p>0 0 1 1 2 2 3 3 2 2 4 4 5 5 6 6 7 7 3 3 6 6 8 8 8 8 6 6 5 5 8 8 5 5 9 9 1 1 10 10 2 2 2 2 10 10 11 11 2 2 11 11 12 12 13 13 14 14 6 6 14 14 15 15 6 6 6 6 15 15 16 16 6 6 16 16 17 17 3 3 18 18 2 2 2 2 18 18 19 19 2 2 19 19 0 0 7 7 20 20 5 5 5 5 20 20 21 21 5 5 21 21 22 22 22 22 23 23 5 5 5 5 23 23 24 24 5 5 24 24 25 25 4 4 26 26 3 3 3 3 26 26 27 27 3 3 27 27 6 6 6 6 27 27 28 28 6 6 28 28 13 13 17 17 29 29 6 6 6 6 29 29 30 30 6 6 30 30 31 31 31 31 32 32 6 6 6 6 32 32 33 33 6 6 33 33 34 34 35 35 36 36 37 37 37 37 36 36 38 38 34 34 39 39 6 6 6 6 39 39 38 38 6 6 38 38 40 40 40 40 38 38 36 36</p>
        </polylist>
      </mesh>
    </geometry>
    <geometry id="meshId7" name="meshId7_name">
      <mesh>
        <source id="meshId7-positions" name="meshId7-positions">
          <float_array id="meshId7-positions-array" count="12"> -28.050013 1.0000079 -57.5 -28.050013 -0.99999213 -57.5 -28.050013 1.0000079 -56.000031 -28.050013 -0.99999213 -56.000031 </float_array>
          <technique_common>
            <accessor count="4" offset="0" source="#meshId7-positions-array" stride="3">
              <param name="X" type="float" />
              <param name="Y" type="float" />
              <param name="Z" type="float" />
            </accessor>
          </technique_common>
        </source>
        <source id="meshId7-normals" name="meshId7-normals">
          <float_array id="meshId7-normals-array" count="12"> -1 0 0 -1 0 0 -1 0 0 -1 0 0 </float_array>
          <technique_common>
            <accessor count="4" offset="0" source="#meshId7-normals-array" stride="3">
              <param name="X" type="float" />
              <param name="Y" type="float" />
              <param name="Z" type="float" />
            </accessor>
          </technique_common>
        </source>
        <vertices id="meshId7-vertices">
          <input semantic="POSITION" source="#meshId7-positions" />
        </vertices>
        <polylist count="2" material="defaultMaterial">
          <input offset="0" semantic="VERTEX" source="#meshId7-vertices" />
          <input offset="1" semantic="NORMAL" source="#meshId7-normals" />
          <vcount>3 3 </vcount>
          <p>0 0 1 1 2 2 2 2 1 1 3 3</p>
        </polylist>
      </mesh>
    </geometry>
    <geometry id="meshId8" name="meshId8_name">
      <mesh>
        <source id="meshId8-positions" name="meshId8-positions">
          <float_array id="meshId8-positions-array" count="234"> -28.532494 0.99958611 -57.5 -28.532494 0.99958611 -55.998287 -27.988951 5.6301575 -55.998287 -27.988951 5.6301575 -57.5 -26.699778 10.110901 -55.998287 -26.699778 10.110901 -57.5 -24.696333 14.32336 -55.998287 -24.696333 14.32336 -57.5 -22.037849 18.152554 -55.998287 -22.037849 18.152554 -57.5 -18.787045 21.497433 -55.998287 -18.787045 21.497433 -57.5 -15.037991 24.267414 -55.998287 -15.037991 24.267414 -57.5 -10.888248 26.392807 -55.998287 -10.888248 26.392807 -57.5 -6.4458275 27.814381 -55.998287 -6.4458275 27.814381 -57.5 -1.8326797 28.490326 -55.998287 -1.8326797 28.490326 -57.5 2.8292465 28.410187 -55.998287 2.8292465 28.410187 -57.5 7.4145203 27.570484 -55.998287 7.4145203 27.570484 -57.5 11.804676 25.995602 -55.998287 11.804676 25.995602 -57.5 15.877766 23.727356 -55.998287 15.877766 23.727356 -57.5 19.529263 20.824974 -55.998287 19.529263 20.824974 -57.5 22.658119 17.368595 -55.998287 22.658119 17.368595 -57.5 25.1842 13.448814 -55.998287 25.1842 13.448814 -57.5 27.037823 9.1701546 -55.998287 27.037823 9.1701546 -57.5 28.170204 4.6475983 -55.998287 28.170204 4.6475983 -57.5 28.549988 -0.00039291382 -55.998287 28.549988 -0.00039291382 -57.5 28.170204 -4.6483841 -55.998287 28.170204 -4.6483841 -57.5 27.037823 -9.1709423 -55.998287 27.037823 -9.1709423 -57.5 25.1842 -13.449601 -55.998287 25.1842 -13.449601 -57.5 22.658119 -17.369385 -55.998287 22.658119 -17.369385 -57.5 19.529263 -20.82576 -55.998287 19.529263 -20.82576 -57.5 15.877766 -23.728142 -55.998287 15.877766 -23.728142 -57.5 11.804676 -25.996387 -55.998287 11.804676 -25.996387 -57.5 7.4145203 -27.57127 -55.998287 7.4145203 -27.57127 -57.5 2.8292465 -28.410975 -55.998287 2.8292465 -28.410975 -57.5 -1.8326797 -28.491112 -55.998287 -1.8326797 -28.491112 -57.5 -6.4458275 -27.811684 -55.998287 -6.4458275 -27.811684 -57.5 -10.888248 -26.393593 -55.998287 -10.888248 -26.393593 -57.5 -15.037991 -24.2682 -55.998287 -15.037991 -24.2682 -57.5 -18.787045 -21.49822 -55.998287 -18.787045 -21.49822 -57.5 -22.037849 -18.153339 -55.998287 -22.037849 -18.153339 -57.5 -24.696333 -14.324148 -55.998287 -24.696333 -14.324148 -57.5 -26.699778 -10.111689 -55.998287 -26.699778 -10.111689 -57.5 -27.988951 -5.6309433 -55.998287 -27.988951 -5.6309433 -57.5 -28.532494 -1.0003738 -55.998287 -28.532494 -1.0003738 -57.5 </float_array>
          <technique_common>
            <accessor count="78" offset="0" source="#meshId8-positions-array" stride="3">
              <param name="X" type="float" />
              <param name="Y" type="float" />
              <param name="Z" type="float" />
            </accessor>
          </technique_common>
        </source>
        <source id="meshId8-normals" name="meshId8-normals">
          <float_array id="meshId8-normals-array" count="234"> -0.99309117 0.11734565 0 -0.99309117 0.11734565 0 -0.98552525 0.16952847 0 -0.97490209 0.2226339 0 -0.94436228 0.32890713 0 -0.92473108 0.38062128 0 -0.8785035 0.47773597 0 -0.85101044 0.52514875 0 -0.78831571 0.61527079 0 -0.75377268 0.65713519 0 -0.67747569 0.73554516 0 -0.63638288 0.77137333 0 -0.55031341 0.83495814 0 -0.503039 0.86426377 0 -0.40541959 0.91413069 0 -0.35610038 0.93444771 0 -0.25319976 0.96741396 0 -0.19833307 0.98013467 0 -0.091494985 0.99580544 0 -0.036486827 0.99933416 0 0.071098424 0.99746931 0 0.12699865 0.99190283 0 0.2336407 0.97232306 0 0.28466812 0.95862615 0 0.38989109 0.92086095 0 0.4367227 0.89959615 0 0.53460228 0.84510374 0 0.57839572 0.81575632 0 0.66299099 0.74862736 0 0.70294333 0.71124578 0 0.77628243 0.63038528 0 0.80909061 0.58768392 0 0.86971682 0.49355108 0 0.89495146 0.44616356 0 0.93786997 0.34698683 0 0.95508802 0.29632226 0 0.98171079 0.19037846 0 0.99060047 0.13678671 0 0.99960351 0.02815786 0 0.99960351 -0.02815786 0 0.99060047 -0.13678671 0 0.98171079 -0.19037846 0 0.95508808 -0.29632217 0 0.93787003 -0.34698674 0 0.89495146 -0.44616345 0 0.86971682 -0.49355096 0 0.8090905 -0.58768404 0 0.77628237 -0.63038534 0 0.70294333 -0.71124578 0 0.66299099 -0.74862736 0 0.57839572 -0.81575632 0 0.53460234 -0.84510368 0 0.43672258 -0.89959615 0 0.389891 -0.92086101 0 0.28466812 -0.95862615 0 0.2336407 -0.97232306 0 0.12699859 -0.99190289 0 0.071098424 -0.99746931 0 -0.036486827 -0.99933416 0 -0.091494985 -0.99580544 0 -0.19833314 -0.98013461 0 -0.2531997 -0.96741402 0 -0.35610038 -0.93444771 0 -0.40541959 -0.91413069 0 -0.503039 -0.86426377 0 -0.55031341 -0.83495814 0 -0.63638294 -0.77137327 0 -0.67747575 -0.7355451 0 -0.75377268 -0.65713519 0 -0.78831571 -0.61527079 0 -0.85101044 -0.52514875 0 -0.8785035 -0.47773597 0 -0.92473108 -0.38062128 0 -0.94436228 -0.32890713 0 -0.97490209 -0.2226339 0 -0.98552525 -0.16952847 0 -0.99309123 -0.11734559 0 -0.99309123 -0.11734559 0 </float_array>
          <technique_common>
            <accessor count="78" offset="0" source="#meshId8-normals-array" stride="3">
              <param name="X" type="float" />
              <param name="Y" type="float" />
              <param name="Z" type="float" />
            </accessor>
          </technique_common>
        </source>
        <vertices id="meshId8-vertices">
          <input semantic="POSITION" source="#meshId8-positions" />
        </vertices>
        <polylist count="76" material="defaultMaterial">
          <input offset="0" semantic="VERTEX" source="#meshId8-vertices" />
          <input offset="1" semantic="NORMAL" source="#meshId8-normals" />
          <vcount>3 3 3 3 3 3 3 3 3 3 3 3 3 3 3 3 3 3 3 3 3 3 3 3 3 3 3 3 3 3 3 3 3 3 3 3 3 3 3 3 3 3 3 3 3 3 3 3 3 3 3 3 3 3 3 3 3 3 3 3 3 3 3 3 3 3 3 3 3 3 3 3 3 3 3 3 </vcount>
          <p>0 0 1 1 2 2 0 0 2 2 3 3 3 3 2 2 4 4 3 3 4 4 5 5 5 5 4 4 6 6 5 5 6 6 7 7 7 7 6 6 8 8 7 7 8 8 9 9 9 9 8 8 10 10 9 9 10 10 11 11 11 11 10 10 12 12 11 11 12 12 13 13 13 13 12 12 14 14 13 13 14 14 15 15 15 15 14 14 16 16 15 15 16 16 17 17 17 17 16 16 18 18 17 17 18 18 19 19 19 19 18 18 20 20 19 19 20 20 21 21 21 21 20 20 22 22 21 21 22 22 23 23 23 23 22 22 24 24 23 23 24 24 25 25 25 25 24 24 26 26 25 25 26 26 27 27 27 27 26 26 28 28 27 27 28 28 29 29 29 29 28 28 30 30 29 29 30 30 31 31 31 31 30 30 32 32 31 31 32 32 33 33 33 33 32 32 34 34 33 33 34 34 35 35 35 35 34 34 36 36 35 35 36 36 37 37 37 37 36 36 38 38 37 37 38 38 39 39 39 39 38 38 40 40 39 39 40 40 41 41 41 41 40 40 42 42 41 41 42 42 43 43 43 43 42 42 44 44 43 43 44 44 45 45 45 45 44 44 46 46 45 45 46 46 47 47 47 47 46 46 48 48 47 47 48 48 49 49 49 49 48 48 50 50 49 49 50 50 51 51 51 51 50 50 52 52 51 51 52 52 53 53 53 53 52 52 54 54 53 53 54 54 55 55 55 55 54 54 56 56 55 55 56 56 57 57 57 57 56 56 58 58 57 57 58 58 59 59 59 59 58 58 60 60 59 59 60 60 61 61 61 61 60 60 62 62 61 61 62 62 63 63 63 63 62 62 64 64 63 63 64 64 65 65 65 65 64 64 66 66 65 65 66 66 67 67 67 67 66 66 68 68 67 67 68 68 69 69 69 69 68 68 70 70 69 69 70 70 71 71 71 71 70 70 72 72 71 71 72 72 73 73 73 73 72 72 74 74 73 73 74 74 75 75 75 75 74 74 76 76 75 75 76 76 77 77</p>
        </polylist>
      </mesh>
    </geometry>
    <geometry id="meshId9" name="meshId9_name">
      <mesh>
        <source id="meshId9-positions" name="meshId9-positions">
          <float_array id="meshId9-positions-array" count="15"> -28.049982 -0.99999213 -56 -28.049982 -0.99999213 -57.5 -28.182283 -0.99999213 -56 -28.532494 -0.99999213 -57.5 -28.532494 -0.99999213 -56 </float_array>
          <technique_common>
            <accessor count="5" offset="0" source="#meshId9-positions-array" stride="3">
              <param name="X" type="float" />
              <param name="Y" type="float" />
              <param name="Z" type="float" />
            </accessor>
          </technique_common>
        </source>
        <source id="meshId9-normals" name="meshId9-normals">
          <float_array id="meshId9-normals-array" count="15"> 0 1 0 0 1 0 0 1 0 0 1 0 0 1 0 </float_array>
          <technique_common>
            <accessor count="5" offset="0" source="#meshId9-normals-array" stride="3">
              <param name="X" type="float" />
              <param name="Y" type="float" />
              <param name="Z" type="float" />
            </accessor>
          </technique_common>
        </source>
        <vertices id="meshId9-vertices">
          <input semantic="POSITION" source="#meshId9-positions" />
        </vertices>
        <polylist count="3" material="defaultMaterial">
          <input offset="0" semantic="VERTEX" source="#meshId9-vertices" />
          <input offset="1" semantic="NORMAL" source="#meshId9-normals" />
          <vcount>3 3 3 </vcount>
          <p>0 0 1 1 2 2 2 2 1 1 3 3 2 2 3 3 4 4</p>
        </polylist>
      </mesh>
    </geometry>
    <geometry id="meshId10" name="meshId10_name">
      <mesh>
        <source id="meshId10-positions" name="meshId10-positions">
          <float_array id="meshId10-positions-array" count="237"> -28.180584 -1.0003738 -56 -28.532494 -1.0003738 -56 -28.103931 -2.3278732 -56 -27.988951 -5.6309433 -56 -27.337395 -6.9235992 -56 -26.699778 -10.111689 -56 -25.825232 -11.327692 -56 -24.696333 -14.324148 -56 -23.609247 -15.425172 -56 -22.037849 -18.153339 -56 -20.748676 -19.101055 -56 -18.787045 -21.49822 -56 -17.320175 -22.254303 -56 -15.037991 -24.2682 -56 -13.421298 -24.801291 -56 -10.888248 -26.393593 -56 -9.1565742 -26.672333 -56 -6.4458275 -27.811684 -56 -4.6409855 -27.815166 -56 -1.8326797 -28.491112 -56 3.6239624e-05 -28.198435 -56 2.8292465 -28.410975 -56 4.6410561 -27.815166 -56 7.4145203 -27.57127 -56 9.1566467 -26.672333 -56 11.804676 -25.996387 -56 13.421371 -24.801291 -56 15.877766 -23.728142 -56 17.320248 -22.254303 -56 19.529263 -20.82576 -56 20.748749 -19.101055 -56 22.658119 -17.369385 -56 23.609318 -15.425172 -56 25.1842 -13.449601 -56 25.825302 -11.327692 -56 27.037823 -9.1709423 -56 27.337467 -6.9235992 -56 28.170204 -4.6483841 -56 28.104004 -2.3278732 -56 28.549988 -0.00039291382 -56 28.104004 2.3270855 -56 28.170204 4.6475983 -56 27.337467 6.9228134 -56 27.037823 9.1701546 -56 25.825302 11.326904 -56 25.1842 13.448814 -56 23.609318 15.424385 -56 22.658119 17.368595 -56 20.748749 19.100269 -56 19.529263 20.824974 -56 17.320248 22.253517 -56 15.877766 23.727356 -56 13.421371 24.800503 -56 11.804676 25.995602 -56 9.1566467 26.671547 -56 7.4145203 27.570484 -56 4.6410561 27.814381 -56 2.8292465 28.410187 -56 3.6239624e-05 28.201134 -56 -1.8326797 28.490326 -56 -4.6409855 27.814381 -56 -6.4458275 27.814381 -56 -9.1565742 26.671547 -56 -10.888248 26.392807 -56 -13.421298 24.800503 -56 -15.037991 24.267414 -56 -17.320175 22.253517 -56 -18.787045 21.497433 -56 -20.748676 19.100269 -56 -22.037849 18.152554 -56 -23.609247 15.424385 -56 -24.696333 14.32336 -56 -25.825232 11.326904 -56 -26.699778 10.110901 -56 -27.337395 6.9228134 -56 -27.988951 5.6301575 -56 -28.103931 2.3270855 -56 -28.532494 0.99958611 -56 -28.180584 0.99958611 -56 </float_array>
          <technique_common>
            <accessor count="79" offset="0" source="#meshId10-positions-array" stride="3">
              <param name="X" type="float" />
              <param name="Y" type="float" />
              <param name="Z" type="float" />
            </accessor>
          </technique_common>
        </source>
        <source id="meshId10-normals" name="meshId10-normals">
          <float_array id="meshId10-normals-array" count="237"> 0 0 1 0 0 1 0 0 1 0 0 1 0 0 1 0 0 1 0 0 1 0 0 1 0 0 1 0 0 1 0 0 1 0 0 1 0 0 1 0 0 1 0 0 1 0 0 1 0 0 1 0 0 1 0 0 1 0 0 1 0 0 1 0 0 1 0 0 1 0 0 1 0 0 1 0 0 1 0 0 1 0 0 1 0 0 1 0 0 1 0 0 1 0 0 1 0 0 1 0 0 1 0 0 1 0 0 1 0 0 1 0 0 1 0 0 1 0 0 1 0 0 1 0 0 1 0 0 1 0 0 1 0 0 1 0 0 1 0 0 1 0 0 1 0 0 1 0 0 1 0 0 1 0 0 1 0 0 1 0 0 1 0 0 1 0 0 1 0 0 1 0 0 1 0 0 1 0 0 1 0 0 1 0 0 1 0 0 1 0 0 1 0 0 1 0 0 1 0 0 1 0 0 1 0 0 1 0 0 1 0 0 1 0 0 1 0 0 1 0 0 1 0 0 1 0 0 1 0 0 1 0 0 1 0 0 1 </float_array>
          <technique_common>
            <accessor count="79" offset="0" source="#meshId10-normals-array" stride="3">
              <param name="X" type="float" />
              <param name="Y" type="float" />
              <param name="Z" type="float" />
            </accessor>
          </technique_common>
        </source>
        <vertices id="meshId10-vertices">
          <input semantic="POSITION" source="#meshId10-positions" />
        </vertices>
        <polylist count="77" material="defaultMaterial">
          <input offset="0" semantic="VERTEX" source="#meshId10-vertices" />
          <input offset="1" semantic="NORMAL" source="#meshId10-normals" />
          <vcount>3 3 3 3 3 3 3 3 3 3 3 3 3 3 3 3 3 3 3 3 3 3 3 3 3 3 3 3 3 3 3 3 3 3 3 3 3 3 3 3 3 3 3 3 3 3 3 3 3 3 3 3 3 3 3 3 3 3 3 3 3 3 3 3 3 3 3 3 3 3 3 3 3 3 3 3 3 </vcount>
          <p>0 0 1 1 2 2 2 2 1 1 3 3 2 2 3 3 4 4 4 4 3 3 5 5 4 4 5 5 6 6 6 6 5 5 7 7 6 6 7 7 8 8 8 8 7 7 9 9 8 8 9 9 10 10 10 10 9 9 11 11 10 10 11 11 12 12 12 12 11 11 13 13 12 12 13 13 14 14 14 14 13 13 15 15 14 14 15 15 16 16 16 16 15 15 17 17 16 16 17 17 18 18 18 18 17 17 19 19 18 18 19 19 20 20 20 20 19 19 21 21 20 20 21 21 22 22 22 22 21 21 23 23 22 22 23 23 24 24 24 24 23 23 25 25 24 24 25 25 26 26 26 26 25 25 27 27 26 26 27 27 28 28 28 28 27 27 29 29 28 28 29 29 30 30 30 30 29 29 31 31 30 30 31 31 32 32 32 32 31 31 33 33 32 32 33 33 34 34 34 34 33 33 35 35 34 34 35 35 36 36 36 36 35 35 37 37 36 36 37 37 38 38 38 38 37 37 39 39 38 38 39 39 40 40 40 40 39 39 41 41 40 40 41 41 42 42 42 42 41 41 43 43 42 42 43 43 44 44 44 44 43 43 45 45 44 44 45 45 46 46 46 46 45 45 47 47 46 46 47 47 48 48 48 48 47 47 49 49 48 48 49 49 50 50 50 50 49 49 51 51 50 50 51 51 52 52 52 52 51 51 53 53 52 52 53 53 54 54 54 54 53 53 55 55 54 54 55 55 56 56 56 56 55 55 57 57 56 56 57 57 58 58 58 58 57 57 59 59 58 58 59 59 60 60 60 60 59 59 61 61 60 60 61 61 62 62 62 62 61 61 63 63 62 62 63 63 64 64 64 64 63 63 65 65 64 64 65 65 66 66 66 66 65 65 67 67 66 66 67 67 68 68 68 68 67 67 69 69 68 68 69 69 70 70 70 70 69 69 71 71 70 70 71 71 72 72 72 72 71 71 73 73 72 72 73 73 74 74 74 74 73 73 75 75 74 74 75 75 76 76 76 76 75 75 77 77 76 76 77 77 78 78</p>
        </polylist>
      </mesh>
    </geometry>
    <geometry id="meshId11" name="meshId11_name">
      <mesh>
        <source id="meshId11-positions" name="meshId11-positions">
          <float_array id="meshId11-positions-array" count="342"> -0.001750946 -28.200779 -50 4.6430016 -27.814587 -50 2.3536777 -28.402575 -50 9.1555443 -26.673405 -50 6.9949532 -27.626709 -50 4.6917114 -28.110321 -50 13.421066 -24.801586 -50 11.448349 -26.099333 -50 9.252964 -26.955221 -50 15.588615 23.858734 -50 17.321266 22.254814 -50 13.421066 24.801601 -50 25.066002 -13.563717 -50 23.608212 -15.425097 -50 25.824471 -11.32658 -50 28.110317 -4.6917152 -50 27.337929 -6.9218941 -50 28.103359 -2.3293285 -50 17.505665 22.491402 -50 19.300941 20.967503 -50 20.748295 19.099167 -50 17.321266 -22.254799 -50 15.588615 -23.858719 -50 13.563713 -25.066006 -50 20.748295 -19.09915 -50 19.300941 -20.967489 -50 17.505665 -22.491386 -50 23.858715 -15.588621 -50 22.491383 -17.505669 -50 20.967484 -19.300945 -50 27.626705 -6.994957 -50 26.955215 -9.2529678 -50 26.099331 -11.448353 -50 28.103359 2.3293419 -50 28.499989 0.0017471313 -50 28.402569 -2.3536816 -50 26.955215 9.2529831 -50 27.337929 6.9219093 -50 25.824471 11.326595 -50 6.9949532 27.626724 -50 9.1555443 26.67342 -50 4.6430016 27.814602 -50 27.626705 6.9949722 -50 28.110317 4.6917305 -50 28.402569 2.3536968 -50 23.608212 15.425114 -50 25.066002 13.563732 -50 26.099331 11.448368 -50 9.252964 26.955235 -50 11.448349 26.09935 -50 13.563713 25.066021 -50 -2.3537006 28.402588 -50 -0.001750946 28.200794 -50 -4.6430264 27.814602 -50 -11.448372 26.09935 -50 -9.1555691 26.67342 -50 -13.421088 24.801601 -50 0.0017280579 -28.499992 -50 -2.3537006 -28.402575 -50 -4.6430264 -27.814587 -50 20.967484 19.300961 -50 22.491383 17.505684 -50 23.858715 15.588634 -50 0.0017280579 28.500008 -50 2.3536777 28.402588 -50 4.6917114 28.110336 -50 -9.2529869 26.955235 -50 -6.994976 27.626724 -50 -4.6917343 28.110336 -50 -17.321289 22.254814 -50 -15.58864 23.858734 -50 -13.563736 25.066021 -50 -22.491405 17.505684 -50 -20.748318 19.099167 -50 -23.608234 15.425114 -50 -25.824493 -11.32658 -50 -23.608234 -15.425097 -50 -25.066025 -13.563717 -50 -13.421088 -24.801586 -50 -9.1555691 -26.673405 -50 -11.448372 -26.099333 -50 -4.6917343 -28.110321 -50 -6.994976 -27.626709 -50 -9.2529869 -26.955221 -50 -20.967508 19.300961 -50 -19.300964 20.967503 -50 -17.505688 22.491402 -50 -20.748318 -19.09915 -50 -22.491405 -17.505669 -50 -23.858738 -15.588621 -50 -25.824493 11.326595 -50 -25.066025 13.563732 -50 -23.858738 15.588634 -50 -17.321289 -22.254799 -50 -19.300964 -20.967489 -50 -20.967508 -19.300945 -50 -13.563736 -25.066006 -50 -15.58864 -23.858719 -50 -17.505688 -22.491386 -50 -27.337954 6.9219093 -50 -26.95524 9.2529831 -50 -26.099352 11.448368 -50 -28.10338 2.3293419 -50 -28.11034 4.6917305 -50 -27.626728 6.9949722 -50 -28.10338 -2.3293285 -50 -28.500011 0.0017471313 -50 -28.402594 2.3536968 -50 -27.337954 -6.9218941 -50 -28.11034 -4.6917152 -50 -28.402594 -2.3536816 -50 -26.099352 -11.448353 -50 -26.95524 -9.2529678 -50 -27.626728 -6.994957 -50 </float_array>
          <technique_common>
            <accessor count="114" offset="0" source="#meshId11-positions-array" stride="3">
              <param name="X" type="float" />
              <param name="Y" type="float" />
              <param name="Z" type="float" />
            </accessor>
          </technique_common>
        </source>
        <source id="meshId11-normals" name="meshId11-normals">
          <float_array id="meshId11-normals-array" count="342"> 0 0 -1 0 0 -1 0 0 -1 0 0 -1 0 0 -1 0 0 -1 0 0 -1 0 0 -1 0 0 -1 0 0 -1 0 0 -1 0 0 -1 0 0 -1 0 0 -1 0 0 -1 0 0 -1 0 0 -1 0 0 -1 0 0 -1 0 0 -1 0 0 -1 0 0 -1 0 0 -1 0 0 -1 0 0 -1 0 0 -1 0 0 -1 0 0 -1 0 0 -1 0 0 -1 0 0 -1 0 0 -1 0 0 -1 0 0 -1 0 0 -1 0 0 -1 0 0 -1 0 0 -1 0 0 -1 0 0 -1 0 0 -1 0 0 -1 0 0 -1 0 0 -1 0 0 -1 0 0 -1 0 0 -1 0 0 -1 0 0 -1 0 0 -1 0 0 -1 0 0 -1 0 0 -1 0 0 -1 0 0 -1 0 0 -1 0 0 -1 0 0 -1 0 0 -1 0 0 -1 0 0 -1 0 0 -1 0 0 -1 0 0 -1 0 0 -1 0 0 -1 0 0 -1 0 0 -1 0 0 -1 0 0 -1 0 0 -1 0 0 -1 0 0 -1 0 0 -1 0 0 -1 0 0 -1 0 0 -1 0 0 -1 0 0 -1 0 0 -1 0 0 -1 0 0 -1 0 0 -1 0 0 -1 0 0 -1 0 0 -1 0 0 -1 0 0 -1 0 0 -1 0 0 -1 0 0 -1 0 0 -1 0 0 -1 0 0 -1 0 0 -1 0 0 -1 0 0 -1 0 0 -1 0 0 -1 0 0 -1 0 0 -1 0 0 -1 0 0 -1 0 0 -1 0 0 -1 0 0 -1 0 0 -1 0 0 -1 0 0 -1 0 0 -1 0 0 -1 0 0 -1 0 0 -1 0 0 -1 </float_array>
          <technique_common>
            <accessor count="114" offset="0" source="#meshId11-normals-array" stride="3">
              <param name="X" type="float" />
              <param name="Y" type="float" />
              <param name="Z" type="float" />
            </accessor>
          </technique_common>
        </source>
        <vertices id="meshId11-vertices">
          <input semantic="POSITION" source="#meshId11-positions" />
        </vertices>
        <polylist count="114" material="defaultMaterial">
          <input offset="0" semantic="VERTEX" source="#meshId11-vertices" />
          <input offset="1" semantic="NORMAL" source="#meshId11-normals" />
          <vcount>3 3 3 3 3 3 3 3 3 3 3 3 3 3 3 3 3 3 3 3 3 3 3 3 3 3 3 3 3 3 3 3 3 3 3 3 3 3 3 3 3 3 3 3 3 3 3 3 3 3 3 3 3 3 3 3 3 3 3 3 3 3 3 3 3 3 3 3 3 3 3 3 3 3 3 3 3 3 3 3 3 3 3 3 3 3 3 3 3 3 3 3 3 3 3 3 3 3 3 3 3 3 3 3 3 3 3 3 3 3 3 3 3 3 </vcount>
          <p>0 0 1 1 2 2 3 3 4 4 1 1 1 1 4 4 5 5 1 1 5 5 2 2 6 6 7 7 3 3 3 3 7 7 8 8 3 3 8 8 4 4 9 9 10 10 11 11 12 12 13 13 14 14 15 15 16 16 17 17 9 9 18 18 10 10 10 10 18 18 19 19 10 10 19 19 20 20 21 21 22 22 6 6 6 6 22 22 23 23 6 6 23 23 7 7 24 24 25 25 21 21 21 21 25 25 26 26 21 21 26 26 22 22 12 12 27 27 13 13 13 13 27 27 28 28 13 13 28 28 24 24 24 24 28 28 29 29 24 24 29 29 25 25 15 15 30 30 16 16 16 16 30 30 31 31 16 16 31 31 14 14 14 14 31 31 32 32 14 14 32 32 12 12 33 33 34 34 17 17 17 17 34 34 35 35 17 17 35 35 15 15 36 36 37 37 38 38 39 39 40 40 41 41 36 36 42 42 37 37 37 37 42 42 43 43 37 37 43 43 33 33 33 33 43 43 44 44 33 33 44 44 34 34 45 45 46 46 38 38 38 38 46 46 47 47 38 38 47 47 36 36 39 39 48 48 40 40 40 40 48 48 49 49 40 40 49 49 11 11 11 11 49 49 50 50 11 11 50 50 9 9 51 51 52 52 53 53 54 54 55 55 56 56 2 2 57 57 0 0 0 0 57 57 58 58 0 0 58 58 59 59 19 19 60 60 20 20 20 20 60 60 61 61 20 20 61 61 45 45 45 45 61 61 62 62 45 45 62 62 46 46 51 51 63 63 52 52 52 52 63 63 64 64 52 52 64 64 41 41 41 41 64 64 65 65 41 41 65 65 39 39 54 54 66 66 55 55 55 55 66 66 67 67 55 55 67 67 53 53 53 53 67 67 68 68 53 53 68 68 51 51 69 69 70 70 56 56 56 56 70 70 71 71 56 56 71 71 54 54 72 72 73 73 74 74 75 75 76 76 77 77 78 78 79 79 80 80 58 58 81 81 59 59 59 59 81 81 82 82 59 59 82 82 79 79 79 79 82 82 83 83 79 79 83 83 80 80 72 72 84 84 73 73 73 73 84 84 85 85 73 73 85 85 69 69 69 69 85 85 86 86 69 69 86 86 70 70 87 87 88 88 76 76 76 76 88 88 89 89 76 76 89 89 77 77 90 90 91 91 74 74 74 74 91 91 92 92 74 74 92 92 72 72 93 93 94 94 87 87 87 87 94 94 95 95 87 87 95 95 88 88 80 80 96 96 78 78 78 78 96 96 97 97 78 78 97 97 93 93 93 93 97 97 98 98 93 93 98 98 94 94 99 99 100 100 90 90 90 90 100 100 101 101 90 90 101 101 91 91 102 102 103 103 99 99 99 99 103 103 104 104 99 99 104 104 100 100 105 105 106 106 102 102 102 102 106 106 107 107 102 102 107 107 103 103 108 108 109 109 105 105 105 105 109 109 110 110 105 105 110 110 106 106 77 77 111 111 75 75 75 75 111 111 112 112 75 75 112 112 108 108 108 108 112 112 113 113 108 108 113 113 109 109</p>
        </polylist>
      </mesh>
    </geometry>
    <geometry id="meshId12" name="meshId12_name">
      <mesh>
        <source id="meshId12-positions" name="meshId12-positions">
          <float_array id="meshId12-positions-array" count="342"> -2.3537006 -28.402575 -43.239883 -2.3537006 -28.402575 -50 0.0017280579 -28.499992 -50 2.3536777 -28.402575 -43.239883 -4.6917343 -28.110321 -50 -6.994976 -27.626709 -43.239883 -6.994976 -27.626709 -50 -9.2529869 -26.955221 -50 -11.448372 -26.099333 -43.239883 -11.448372 -26.099333 -50 -13.563736 -25.066006 -50 -15.58864 -23.858719 -43.239883 -15.58864 -23.858719 -50 -17.505688 -22.491386 -50 -19.300964 -20.967489 -43.239883 -19.300964 -20.967489 -50 -20.967508 -19.300945 -50 -22.491405 -17.505669 -43.239883 -22.491405 -17.505669 -50 -23.858738 -15.588621 -50 -25.066025 -13.563717 -43.239883 -25.066025 -13.563717 -50 -26.099352 -11.448353 -50 -26.95524 -9.2529678 -43.239883 -26.95524 -9.2529678 -50 -27.626728 -6.994957 -50 -28.11034 -4.6917152 -43.239883 -28.11034 -4.6917152 -50 -28.402594 -2.3536816 -50 -28.500011 -0.0017318726 -43.239883 -28.500011 0.0017471313 -50 -28.402594 2.3536968 -50 -28.11034 4.6917305 -43.239883 -28.11034 4.6917305 -50 -27.626728 6.9949722 -50 -26.95524 9.2529831 -43.239883 -26.95524 9.2529831 -50 -26.099352 11.448368 -50 -25.066025 13.563732 -43.239883 -25.066025 13.563732 -50 -23.858738 15.588634 -50 -22.491405 17.505684 -43.239883 -22.491405 17.505684 -50 -20.967508 19.300961 -50 -19.300964 20.967503 -43.239883 -19.300964 20.967503 -50 -17.505688 22.491402 -50 -15.58864 23.858734 -43.239883 -15.58864 23.858734 -50 -13.563736 25.066021 -50 -11.448372 26.09935 -43.239883 -11.448372 26.09935 -50 -9.2529869 26.955235 -50 -6.994976 27.626724 -43.239883 -6.994976 27.626724 -50 -4.6917343 28.110336 -50 -2.3537006 28.402588 -43.239883 -2.3537006 28.402588 -50 0.0017280579 28.500008 -50 2.3536777 28.402588 -43.239883 2.3536777 28.402588 -50 4.6917114 28.110336 -50 6.9949532 27.626724 -43.239883 6.9949532 27.626724 -50 9.252964 26.955235 -50 11.448349 26.09935 -43.239883 11.448349 26.09935 -50 13.563713 25.066021 -50 15.588615 23.858734 -43.239883 15.588615 23.858734 -50 19.300941 20.967503 -43.239883 22.491383 17.505684 -43.239883 22.491383 17.505684 -50 20.967484 19.300961 -50 19.300941 20.967503 -50 17.505665 22.491402 -50 25.066002 13.563732 -43.239883 26.955215 9.2529831 -43.239883 26.955215 9.2529831 -50 26.099331 11.448368 -50 25.066002 13.563732 -50 23.858715 15.588634 -50 28.110317 4.6917305 -43.239883 28.499989 -0.0017318726 -43.239883 28.499989 0.0017471313 -50 28.402569 2.3536968 -50 28.110317 4.6917305 -50 27.626705 6.9949722 -50 28.110317 -4.6917152 -43.239883 26.955215 -9.2529678 -43.239883 26.955215 -9.2529678 -50 27.626705 -6.994957 -50 28.110317 -4.6917152 -50 28.402569 -2.3536816 -50 22.491383 -17.505669 -43.239883 23.858715 -15.588621 -50 25.066002 -13.563717 -43.239883 25.066002 -13.563717 -50 26.099331 -11.448353 -50 19.300941 -20.967489 -43.239883 20.967484 -19.300945 -50 22.491383 -17.505669 -50 15.588615 -23.858719 -43.239883 17.505665 -22.491386 -50 19.300941 -20.967489 -50 11.448349 -26.099333 -43.239883 13.563713 -25.066006 -50 15.588615 -23.858719 -50 6.9949532 -27.626709 -43.239883 9.252964 -26.955221 -50 11.448349 -26.099333 -50 2.3536777 -28.402575 -50 4.6917114 -28.110321 -50 6.9949532 -27.626709 -50 </float_array>
          <technique_common>
            <accessor count="114" offset="0" source="#meshId12-positions-array" stride="3">
              <param name="X" type="float" />
              <param name="Y" type="float" />
              <param name="Z" type="float" />
            </accessor>
          </technique_common>
        </source>
        <source id="meshId12-normals" name="meshId12-normals">
          <float_array id="meshId12-normals-array" count="342"> -0.082868017 -0.99654007 0.0063744327 -0.082346506 -0.99660379 0 0 -0.99999225 0.0039292276 0.08286795 -0.99654013 0.0063744327 -0.16513096 -0.98626125 0.0045241173 -0.24646871 -0.96912414 0.0071786703 -0.24477161 -0.96958077 0 -0.32444784 -0.94589037 0.0049914867 -0.40203094 -0.91559297 0.0077812136 -0.40230653 -0.91550511 0 -0.47679108 -0.87900043 0.005327255 -0.54774499 -0.83660543 0.008175266 -0.54717636 -0.83701742 0 -0.61488527 -0.78859729 0.005514645 -0.67734665 -0.73564303 0.0055520008 -0.67747575 -0.7355451 0 -0.73564303 -0.67734665 0.0055520008 -0.78859729 -0.61488527 0.005514645 -0.78831571 -0.61527079 0 -0.83743584 -0.54650855 0.0054378747 -0.88010019 -0.47472066 0.0080008795 -0.88021559 -0.47457403 0 -0.91602623 -0.40108499 0.0051752697 -0.94561195 -0.32521042 0.0075048278 -0.94539934 -0.32591394 0 -0.96928293 -0.24590193 0.0047747749 -0.98618668 -0.16549806 0.0068012616 -0.98639387 -0.16439897 0 -0.99656594 -0.082693845 0.0042406903 -0.99996889 0 0.0078892708 -1 0 0 -0.99656594 0.082693845 0.0042406903 -0.98618668 0.16549806 0.0068012616 -0.98639399 0.16439907 0 -0.96928293 0.24590193 0.0047747749 -0.94561195 0.32521042 0.0075048278 -0.94539934 0.32591394 0 -0.91602623 0.40108499 0.0051752697 -0.88010019 0.47472066 0.0080008795 -0.88021559 0.47457403 0 -0.83743584 0.54650855 0.0054378747 -0.78859729 0.61488527 0.005514645 -0.78831571 0.61527079 0 -0.73564303 0.67734665 0.0055520008 -0.67734665 0.73564303 0.0055520008 -0.67747569 0.73554516 0 -0.61488527 0.78859729 0.005514645 -0.54774499 0.83660543 0.008175266 -0.54717648 0.8370173 0 -0.47679108 0.87900043 0.005327255 -0.40203094 0.91559297 0.0077812136 -0.40230653 0.91550511 0 -0.32444784 0.94589037 0.0049914867 -0.24646871 0.96912414 0.0071786703 -0.24477154 0.96958083 0 -0.16513096 0.98626125 0.0045241173 -0.082868017 0.99654007 0.0063744327 -0.082346432 0.99660373 0 0 0.99999225 0.0039292276 0.082868017 0.99654007 0.0063744327 0.082346573 0.99660373 0 0.16513096 0.98626125 0.0045241173 0.24646871 0.96912414 0.0071786703 0.24477172 0.96958077 0 0.32444784 0.94589037 0.0049914867 0.40203094 0.91559297 0.0077812136 0.40230653 0.91550511 0 0.47679108 0.87900043 0.005327255 0.56662583 0.8239342 0.0082119377 0.54717648 0.8370173 0 0.70708215 0.70708215 0.0083513316 0.81390649 0.58097017 0.0054808301 0.7718026 0.63576531 0.01110503 0.7357716 0.67702168 0.016785597 0.65668905 0.75407934 0.01113028 0.61404765 0.7890929 0.016670913 0.89805591 0.43981025 0.007900754 0.95821756 0.28599855 0.0048888461 0.93659347 0.35027078 0.010152736 0.91562545 0.40172747 0.015651658 0.8658886 0.50017178 0.0080672549 0.83698785 0.54705071 0.013676217 0.99234062 0.12321738 0.0088012135 0.99912423 -0.041031826 0.0082063274 0.99956417 0.028385203 0.0081100231 0.99643421 0.083392493 0.012829575 0.98133159 0.19210026 0.0092578093 0.96932995 0.24533901 0.014431654 0.97872323 -0.20506582 0.0069908537 0.9314183 -0.36391479 0.0050896979 0.95416903 -0.29910478 0.0098877242 0.96932983 -0.24533908 0.014431654 0.99039394 -0.13798748 0.008902383 0.99643421 -0.083392568 0.012829576 0.78859729 -0.61488527 0.005514645 0.8374359 -0.54650843 0.0054378747 0.87263936 -0.48835781 0.0026686117 0.89278185 -0.45036468 0.010596776 0.91562557 -0.40172738 0.015651658 0.67734677 -0.73564291 0.0055520008 0.73564291 -0.67734677 0.0055520008 0.78831571 -0.61527079 0 0.54774499 -0.83660543 0.008175266 0.61488527 -0.78859729 0.005514645 0.67747569 -0.73554516 0 0.40203094 -0.91559297 0.0077812136 0.47679108 -0.87900043 0.005327255 0.54717636 -0.83701742 0 0.24646863 -0.9691242 0.0071786703 0.32444784 -0.94589037 0.0049914867 0.40230653 -0.91550511 0 0.082346506 -0.99660379 0 0.16513096 -0.98626125 0.0045241173 0.24477161 -0.96958077 0 </float_array>
          <technique_common>
            <accessor count="114" offset="0" source="#meshId12-normals-array" stride="3">
              <param name="X" type="float" />
              <param name="Y" type="float" />
              <param name="Z" type="float" />
            </accessor>
          </technique_common>
        </source>
        <vertices id="meshId12-vertices">
          <input semantic="POSITION" source="#meshId12-positions" />
        </vertices>
        <polylist count="114" material="defaultMaterial">
          <input offset="0" semantic="VERTEX" source="#meshId12-vertices" />
          <input offset="1" semantic="NORMAL" source="#meshId12-normals" />
          <vcount>3 3 3 3 3 3 3 3 3 3 3 3 3 3 3 3 3 3 3 3 3 3 3 3 3 3 3 3 3 3 3 3 3 3 3 3 3 3 3 3 3 3 3 3 3 3 3 3 3 3 3 3 3 3 3 3 3 3 3 3 3 3 3 3 3 3 3 3 3 3 3 3 3 3 3 3 3 3 3 3 3 3 3 3 3 3 3 3 3 3 3 3 3 3 3 3 3 3 3 3 3 3 3 3 3 3 3 3 3 3 3 3 3 3 </vcount>
          <p>0 0 1 1 2 2 0 0 2 2 3 3 1 1 0 0 4 4 4 4 0 0 5 5 4 4 5 5 6 6 6 6 5 5 7 7 7 7 5 5 8 8 7 7 8 8 9 9 9 9 8 8 10 10 10 10 8 8 11 11 10 10 11 11 12 12 12 12 11 11 13 13 13 13 11 11 14 14 13 13 14 14 15 15 15 15 14 14 16 16 16 16 14 14 17 17 16 16 17 17 18 18 18 18 17 17 19 19 19 19 17 17 20 20 19 19 20 20 21 21 21 21 20 20 22 22 22 22 20 20 23 23 22 22 23 23 24 24 24 24 23 23 25 25 25 25 23 23 26 26 25 25 26 26 27 27 27 27 26 26 28 28 28 28 26 26 29 29 28 28 29 29 30 30 30 30 29 29 31 31 31 31 29 29 32 32 31 31 32 32 33 33 33 33 32 32 34 34 34 34 32 32 35 35 34 34 35 35 36 36 36 36 35 35 37 37 37 37 35 35 38 38 37 37 38 38 39 39 39 39 38 38 40 40 40 40 38 38 41 41 40 40 41 41 42 42 42 42 41 41 43 43 43 43 41 41 44 44 43 43 44 44 45 45 45 45 44 44 46 46 46 46 44 44 47 47 46 46 47 47 48 48 48 48 47 47 49 49 49 49 47 47 50 50 49 49 50 50 51 51 51 51 50 50 52 52 52 52 50 50 53 53 52 52 53 53 54 54 54 54 53 53 55 55 55 55 53 53 56 56 55 55 56 56 57 57 57 57 56 56 58 58 58 58 56 56 59 59 58 58 59 59 60 60 60 60 59 59 61 61 61 61 59 59 62 62 61 61 62 62 63 63 63 63 62 62 64 64 64 64 62 62 65 65 64 64 65 65 66 66 66 66 65 65 67 67 67 67 65 65 68 68 67 67 68 68 69 69 70 70 71 71 72 72 72 72 73 73 70 70 70 70 73 73 74 74 70 70 74 74 68 68 68 68 74 74 75 75 68 68 75 75 69 69 76 76 77 77 78 78 78 78 79 79 76 76 76 76 79 79 80 80 76 76 80 80 71 71 71 71 80 80 81 81 71 71 81 81 72 72 82 82 83 83 84 84 84 84 85 85 82 82 82 82 85 85 86 86 82 82 86 86 77 77 77 77 86 86 87 87 77 77 87 87 78 78 88 88 89 89 90 90 90 90 91 91 88 88 88 88 91 91 92 92 88 88 92 92 83 83 83 83 92 92 93 93 83 83 93 93 84 84 94 94 95 95 96 96 96 96 95 95 97 97 96 96 97 97 89 89 89 89 97 97 98 98 89 89 98 98 90 90 99 99 100 100 94 94 94 94 100 100 101 101 94 94 101 101 95 95 102 102 103 103 99 99 99 99 103 103 104 104 99 99 104 104 100 100 105 105 106 106 102 102 102 102 106 106 107 107 102 102 107 107 103 103 108 108 109 109 105 105 105 105 109 109 110 110 105 105 110 110 106 106 2 2 111 111 3 3 3 3 111 111 112 112 3 3 112 112 108 108 108 108 112 112 113 113 108 108 113 113 109 109</p>
        </polylist>
      </mesh>
    </geometry>
    <geometry id="meshId13" name="meshId13_name">
      <mesh>
        <source id="meshId13-positions" name="meshId13-positions">
          <float_array id="meshId13-positions-array" count="12207"> 22.948092 -14.550455 -10.349611 22.539228 -15.262932 -11.175436 23.510786 -13.574848 -12.300825 22.389448 -15.522015 -12.300825 22.539228 -15.262932 -13.426214 24.486395 -11.886765 -11.175436 24.073481 -12.599241 -10.349611 23.510786 -13.574848 -10.050047 24.073481 -12.599241 -14.247992 24.486395 -11.886765 -13.426214 24.636175 -11.627682 -12.300825 22.948092 -14.550455 -14.247992 23.510786 -13.574848 -14.551603 -23.188816 9.0462837 -5.8318615 -23.46814 8.5281181 -5.8237648 -23.496477 8.5402641 -6.0018845 -23.095709 8.9774666 -5.6496944 -23.354792 8.491684 -5.6456451 -22.949974 8.8681641 -5.5322971 -23.184769 8.4269142 -5.5282497 -23.354792 8.491684 -5.6456451 -22.812338 8.7629128 -5.4999123 -23.02689 8.3702393 -5.4999123 -21.225458 9.4834862 -5.5322971 -20.780159 9.3053665 -5.5322971 -20.820641 9.2324982 -5.508009 -22.472292 9.2972717 -5.5322971 -22.383232 9.1474876 -5.4999123 -21.869116 9.5118217 -5.5322971 -21.840778 9.3418007 -5.4999123 -21.26594 9.3175125 -5.4999123 -20.865171 9.1555862 -5.4999123 -21.184977 9.6616058 -5.6496944 -20.687052 9.4632454 -5.6496944 -20.723486 9.402523 -5.5889721 -21.148542 9.8032913 -6.0018845 -20.618233 9.5887375 -6.0018845 -20.630379 9.5644493 -5.8318615 -23.213104 9.0624771 -6.0018845 -22.638266 9.5765915 -6.0018845 -22.626122 9.5482559 -5.8318615 -21.917694 9.8356743 -6.0018845 -21.913645 9.8032913 -5.8318615 -21.156639 9.7749519 -5.8318615 -20.64657 9.5401611 -5.7670918 -23.095709 8.9774666 -5.6496944 -22.949974 8.8681641 -5.5322971 -22.565399 9.4510994 -5.6496944 -22.472292 9.2972717 -5.5322971 -21.893404 9.6899414 -5.6496944 -21.869116 9.5118217 -5.5322971 -21.869116 9.5118217 -5.5322971 -22.565399 9.4510994 -5.6496944 -21.893404 9.6899414 -5.6496944 -21.184977 9.6616058 -5.6496944 -24.500422 -0.066131592 -5.4999123 -24.61377 -0.049938202 -5.5120564 -24.403265 2.1725044 -5.4999123 -24.528759 2.6380424 -5.5282497 -24.099653 4.3989944 -5.4999123 -23.597681 6.5930977 -5.4999123 -23.982256 5.7834663 -5.5282497 -24.160376 5.8279953 -5.6456451 -24.160376 5.8279953 -5.6456451 -24.273724 5.8563309 -5.8237648 -24.273724 5.8563309 -5.8237648 -24.302061 5.8603783 -6.0018845 -24.824274 2.6704292 -5.8237648 -24.970009 -0.029697418 -5.8359089 -24.856659 2.6704292 -6.0018845 -24.998344 -0.029697418 -6.0018845 -24.670444 -0.0418396 -5.5282497 -24.763552 -0.033744812 -5.576828 -24.710926 2.6542358 -5.6456451 -24.852612 -0.029697418 -5.6456451 -24.824274 2.6704292 -5.8237648 -24.889046 -0.029697418 -5.6861267 -15.979039 -19.084398 -5.6861267 -16.027617 -19.149168 -5.8359089 -17.667122 -17.643251 -5.8278141 -17.351366 -17.299158 -5.4999123 -15.695667 -18.813171 -5.4999123 -15.784727 -18.886038 -5.5120564 -17.456619 -17.432747 -5.5282497 -18.861332 -15.635363 -5.4999123 -19.577854 -15.011946 -5.5282497 -20.217464 -13.837978 -5.4999123 -21.363094 -12.336111 -5.5282497 -21.399529 -11.931295 -5.4999123 -22.399426 -9.9234066 -5.4999123 -22.788048 -9.4497719 -5.5282497 -23.217154 -7.826458 -5.4999123 -23.824379 -6.4015045 -5.5282497 -23.836523 -5.6647396 -5.4999123 -24.293964 -4.2397842 -5.5282497 -24.140135 -4.1871605 -5.4999123 -24.002497 -6.4500828 -5.6456451 -24.480181 -4.2883644 -5.6456451 -24.43565 -4.2762184 -5.6051636 -24.609722 -4.3086052 -5.8804398 -24.593529 -4.3045578 -5.8278141 -24.111797 -6.4784203 -5.8278141 -24.111797 -6.4784203 -5.8278141 -24.54495 -4.3005066 -5.7266102 -24.144182 -6.486515 -6.0018845 -24.625914 -4.3126526 -6.0018845 -23.063324 -9.5631199 -5.8278141 -23.09166 -9.575264 -6.0018845 -21.622177 -12.485893 -5.8278141 -21.650515 -12.498037 -6.0018845 -19.812649 -15.194113 -5.8278141 -19.840986 -15.210306 -6.0018845 -17.691412 -17.663492 -6.0018845 -16.047857 -19.169409 -6.0018845 -15.894028 -18.991291 -5.576828 -15.950702 -19.056061 -5.6456451 -17.586159 -17.562288 -5.6456451 -17.586159 -17.562288 -5.6456451 -15.825209 -18.926519 -5.5282497 -19.723589 -15.121246 -5.6456451 -21.520973 -12.425171 -5.6456451 -22.958071 -9.518589 -5.6456451 -19.812649 -15.194113 -5.8278141 -19.723589 -15.121246 -5.6456451 -21.622177 -12.485893 -5.8278141 -21.520973 -12.425171 -5.6456451 -23.063324 -9.5631199 -5.8278141 -22.958071 -9.518589 -5.6456451 -24.002497 -6.4500828 -5.6456451 -4.3446198 -24.618237 -6.0018845 -7.0325985 -23.990772 -6.0018845 -7.0245037 -23.962433 -5.8318615 -4.3365231 -24.589899 -5.8278141 -6.9921169 -23.853134 -5.6496944 -4.3162823 -24.472504 -5.6456451 -4.3162823 -24.472504 -5.6456451 -6.9921169 -23.853134 -5.6496944 -6.9394913 -23.679062 -5.5322971 -6.9394913 -23.679062 -5.5322971 -4.2879448 -24.294384 -5.5282497 -6.890913 -23.509041 -5.4999123 -4.2555599 -24.128408 -5.4999123 -12.335693 -21.367561 -5.5322971 -12.250681 -21.217779 -5.4999123 -9.8339272 -22.440325 -5.4999123 -9.9067955 -22.598202 -5.5322971 -12.335693 -21.367561 -5.5322971 -9.9067955 -22.598202 -5.5322971 -9.9796619 -22.764177 -5.6496944 -12.428801 -21.52544 -5.6496944 -12.428801 -21.52544 -5.6496944 -9.9796619 -22.764177 -5.6496944 -10.024191 -22.869431 -5.8318615 -12.485474 -21.626644 -5.8318615 -12.489523 -21.630692 -5.8440056 -10.036337 -22.897766 -6.0018845 -12.501667 -21.650932 -6.0018845 -2.0614567 -22.650829 -5.7508984 -2.0290699 -22.650829 -5.8278141 -2.1140823 -23.225668 -5.8278141 -1.996685 -22.650829 -6.0018845 -2.2233829 -23.193283 -5.6456451 -2.1464672 -22.650829 -5.6456451 -2.4015007 -23.136608 -5.5282497 -2.3286343 -22.650829 -5.5282497 -2.2476711 -22.650829 -5.5687313 -2.5958138 -23.193283 -5.4999123 -2.4946098 -22.650829 -5.4999123 -2.6970177 -23.699303 -5.5282497 -2.6970177 -23.399738 -5.4999123 -3.0573044 -23.820747 -5.4999123 -3.1868458 -24.112217 -5.5282497 -3.5430832 -24.07983 -5.4999123 -3.7940693 -24.306528 -5.5282497 -4.0612488 -24.148649 -5.4999123 -3.7535877 -24.63443 -6.0018845 -2.0816975 -23.233765 -6.0018845 -2.4419823 -23.909809 -6.0018845 -2.4662724 -23.889568 -5.8278141 -3.0249176 -24.399635 -6.0018845 -3.041111 -24.371298 -5.8278141 -3.7576351 -24.606091 -5.8278141 -3.7697811 -24.488695 -5.6456451 -3.0977859 -24.270094 -5.6456451 -2.5553322 -23.8167 -5.6456451 -2.2233829 -23.193283 -5.6456451 -2.5553322 -23.8167 -5.6456451 -3.0977859 -24.270094 -5.6456451 -3.7697811 -24.488695 -5.6456451 -2.4986572 -20.699615 -5.4999123 -2.3245869 -20.699615 -5.5282497 -2.2476711 -20.699615 -5.5687313 -2.1424198 -20.699615 -5.6456451 -2.0655041 -20.699615 -5.7508984 -2.0250225 -20.699615 -5.8278141 -1.996685 -20.699615 -6.0018845 -2.0897923 -20.217884 -5.6456451 2.0960064 -20.217884 -5.6456451 2.148634 -20.699615 -5.6456451 2.035284 -20.699615 -5.8278141 2.2741261 -20.177402 -5.5282497 2.330801 -20.699615 -5.5282497 2.3146076 -20.699615 -5.5363464 2.4401016 -20.136921 -5.4999123 2.5048714 -20.699615 -5.4999123 2.2741261 -20.177402 -5.5282497 1.9097919 -19.363722 -5.5282497 2.0514774 -19.266565 -5.4999123 1.2701817 -18.744352 -5.5282497 1.3632889 -18.602667 -5.4999123 0.44840431 -18.412403 -5.5282497 0.48079109 -18.246428 -5.4999123 -0.44219017 -18.412403 -5.5282497 -0.47457695 -18.246428 -5.4999123 -1.2639675 -18.7484 -5.5282497 -1.3570747 -18.602667 -5.4999123 -1.9035778 -19.363722 -5.5282497 -2.0452633 -19.266565 -5.4999123 -2.2679119 -20.177402 -5.5282497 -2.4338875 -20.136921 -5.4999123 -2.0897923 -20.217884 -5.6456451 -1.9440594 -20.250269 -6.0018845 2.0028992 -20.699615 -6.0018845 1.9502735 -20.250269 -6.0018845 1.9826584 -20.242172 -5.8278141 1.6426125 -19.553986 -6.0018845 1.6669025 -19.533745 -5.8278141 1.092062 -19.023676 -6.0018845 1.1082554 -18.995338 -5.8278141 0.38363457 -18.736256 -6.0018845 0.39173126 -18.707918 -5.8278141 -0.37742043 -18.736256 -6.0018845 -0.38551712 -18.707918 -5.8278141 -1.0858479 -19.023676 -6.0018845 -1.1020412 -18.999386 -5.8278141 -1.6363983 -19.553986 -6.0018845 -1.6606884 -19.537792 -5.8278141 -1.9764442 -20.242172 -5.8278141 -1.7537956 -19.468973 -5.6456451 -1.166811 -18.898182 -5.6456451 -0.4057579 -18.59457 -5.6456451 0.41197205 -18.59457 -5.6456451 1.173027 -18.898182 -5.6456451 1.7600098 -19.468973 -5.6456451 -1.9035778 -19.363722 -5.5282497 -1.7537956 -19.468973 -5.6456451 -1.2639675 -18.7484 -5.5282497 -1.166811 -18.898182 -5.6456451 -0.44219017 -18.412403 -5.5282497 -0.4057579 -18.59457 -5.6456451 0.44840431 -18.412403 -5.5282497 0.41197205 -18.59457 -5.6456451 1.2701817 -18.744352 -5.5282497 1.173027 -18.898182 -5.6456451 1.9097919 -19.363722 -5.5282497 1.7600098 -19.468973 -5.6456451 2.0960064 -20.217884 -5.6456451 2.148634 -20.699615 -5.6456451 2.5048714 -22.650829 -5.4999123 2.330801 -22.650829 -5.5322971 2.148634 -22.650829 -5.6496944 2.148634 -22.650829 -5.6496944 2.035284 -22.650829 -5.8318615 2.035284 -20.699615 -5.8278141 2.0028992 -22.650829 -6.0018845 2.1202965 -23.225668 -5.8318615 2.148634 -22.650829 -5.6496944 2.091959 -23.233765 -6.0018845 2.4724865 -23.889568 -5.8318615 2.4481983 -23.909809 -6.0018845 3.0473251 -24.371298 -5.8318615 3.035181 -24.399635 -6.0018845 3.7638493 -24.606091 -5.8318615 3.7598019 -24.63443 -6.0018845 3.7800426 -24.488695 -5.6496944 4.3265438 -24.472504 -5.6456451 4.3467846 -24.589899 -5.8278141 3.8205242 -24.136505 -5.4999123 4.2658215 -24.124359 -5.4999123 4.2941608 -24.294384 -5.5322971 2.569643 -23.088032 -5.4999123 2.4036674 -23.140656 -5.5322971 2.8368206 -23.594051 -5.4999123 2.7032318 -23.70335 -5.5322971 3.2780704 -23.962433 -5.4999123 3.1930599 -24.112217 -5.5322971 3.8002834 -24.310575 -5.5322971 3.8002834 -24.310575 -5.5322971 4.2941608 -24.294384 -5.5322971 4.3265438 -24.472504 -5.6456451 3.7800426 -24.488695 -5.6496944 3.1040001 -24.270094 -5.6496944 3.1930599 -24.112217 -5.5322971 2.5615463 -23.8167 -5.6496944 2.7032318 -23.70335 -5.5322971 2.2295971 -23.193283 -5.6496944 2.4036674 -23.140656 -5.5322971 4.350832 -24.618237 -6.0018845 3.7800426 -24.488695 -5.6496944 3.1040001 -24.270094 -5.6496944 2.5615463 -23.8167 -5.6496944 2.2295971 -23.193283 -5.6496944 9.9130077 -22.403893 -5.4999123 12.309523 -21.185394 -5.4999123 12.350004 -21.290646 -5.5120564 9.9818287 -22.561769 -5.5322971 6.9335613 -23.496895 -5.4999123 6.9821377 -23.662868 -5.5322971 6.9821377 -23.662868 -5.5322971 7.0347652 -23.836941 -5.6456451 7.0347652 -23.836941 -5.6456451 7.067152 -23.950291 -5.8278141 7.0752468 -23.978626 -6.0018845 12.528124 -21.634741 -6.0018845 10.115416 -22.861334 -6.0018845 12.51193 -21.610451 -5.8359089 10.103273 -22.832996 -5.8278141 10.054693 -22.727745 -5.6456451 12.374292 -21.347321 -5.5322971 12.410727 -21.432331 -5.576828 12.471449 -21.541634 -5.6861267 24.138254 -4.1871605 -6.0018845 15.697832 -18.813171 -6.0018845 15.669497 -18.788881 -5.8116207 24.105867 -4.1750145 -5.8116207 15.580439 -18.724112 -5.6496944 24.004663 -4.1304855 -5.6496944 24.004663 -4.1304855 -5.6496944 15.580439 -18.724112 -5.6496944 15.446848 -18.635052 -5.5403938 23.830591 -4.0414238 -5.5242004 15.276823 -18.541945 -5.4999123 23.697004 -3.9564133 -5.4999123 23.34886 7.4189224 -5.4999123 23.514837 7.47155 -5.5322971 24.198977 4.8200035 -5.5322971 24.028952 4.7876167 -5.4999123 24.583551 2.1117821 -5.5322971 24.409479 2.0955887 -5.4999123 24.660467 -0.0418396 -5.5282497 24.498541 -0.066131592 -5.4999123 24.761671 2.1279755 -5.6456451 24.854776 -0.029697418 -5.6456451 24.8062 -0.029697418 -5.6051636 24.879065 2.1360703 -5.8278141 24.98432 -0.029697418 -5.8804398 24.919546 -0.029697418 -5.7266102 24.907404 2.1401176 -6.0018845 25.000513 -0.029697418 -6.0018845 24.486395 4.8766747 -5.8278141 24.518782 4.8847733 -6.0018845 23.798208 7.5606079 -5.8278141 23.826544 7.5687065 -6.0018845 23.684858 7.5241737 -5.6456451 22.90761 9.6413651 -5.6456451 23.012865 9.685894 -5.8278141 22.57971 9.503727 -5.4999123 22.741636 9.5725441 -5.5322971 23.514837 7.47155 -5.5322971 22.741636 9.5725441 -5.5322971 22.90761 9.6413651 -5.6456451 23.684858 7.5241737 -5.6456451 24.373045 4.8564339 -5.6456451 24.198977 4.8200035 -5.5322971 23.041201 9.69804 -6.0018845 24.373045 4.8564339 -5.6456451 24.761671 2.1279755 -5.6456451 21.871283 9.742569 -5.4999123 21.964388 9.8761559 -5.508009 22.069643 9.8032913 -5.4999123 22.527082 9.5968323 -5.4999123 22.543276 9.7182808 -5.508009 22.324675 9.7587624 -5.4999123 22.377302 9.8397255 -5.508009 22.170847 9.8963966 -5.508009 21.745787 9.9611702 -5.5687313 21.919859 10.034035 -5.5687313 22.182989 10.058323 -5.5687313 22.450171 9.9854584 -5.5687313 22.660673 9.8316269 -5.5687313 21.652681 10.119045 -5.7508984 21.919859 10.034035 -5.5687313 21.887476 10.155479 -5.6699352 22.195135 10.183819 -5.6699352 22.502794 10.098804 -5.6699352 22.749731 9.9166374 -5.6699352 21.636488 10.147385 -5.8197174 21.887476 10.155479 -5.6699352 21.863184 10.240494 -5.8197174 22.20323 10.272877 -5.8197174 22.543276 10.179771 -5.8197174 22.749731 9.9166374 -5.6699352 22.818552 9.981411 -5.8197174 22.84284 10.005699 -6.0018845 22.555422 10.212154 -6.0018845 22.207277 10.309311 -6.0018845 21.855089 10.276924 -6.0018845 21.620295 10.17572 -6.0018845 18.924219 8.6212273 -6.0018845 18.940413 8.5969391 -5.8318615 18.960653 8.5645523 -5.7508984 18.997087 8.4957352 -5.6496944 19.049711 8.402626 -5.5687313 19.090193 8.3378563 -5.5322971 19.175207 8.1880722 -5.4999123 18.551786 8.3014221 -5.6496944 16.53985 11.835468 -5.8318615 16.908236 12.110744 -5.8318615 16.924425 12.086452 -6.0018845 16.462934 11.920479 -5.6496944 16.851561 12.211948 -5.6496944 16.892042 12.143127 -5.7508984 16.337442 12.05407 -5.5322971 16.762499 12.365776 -5.5322971 16.798933 12.301006 -5.5687313 16.220045 12.179562 -5.4999123 16.673441 12.519608 -5.4999123 16.337442 12.05407 -5.5322971 15.815229 11.337543 -5.5322971 15.657351 11.410412 -5.4999123 15.600679 10.475285 -5.5322971 15.426607 10.483383 -5.4999123 15.726171 9.5968323 -5.5322971 15.560198 9.5401611 -5.4999123 16.171469 8.8276825 -5.5322971 16.037878 8.7143364 -5.4999123 16.867754 8.2811813 -5.5322971 16.790838 8.1233025 -5.4999123 17.721914 8.0342445 -5.5322971 17.705721 7.8642197 -5.4999123 18.604414 8.1273499 -5.5322971 18.657042 7.9613762 -5.4999123 18.511305 8.4390602 -6.0018845 16.560091 11.815228 -6.0018845 16.110746 11.195858 -6.0018845 16.086458 11.212051 -5.8318615 15.928579 10.459091 -6.0018845 15.896193 10.459091 -5.8318615 16.033831 9.7020874 -6.0018845 16.005495 9.6899414 -5.8318615 16.414358 9.0422363 -6.0018845 16.394117 9.0219955 -5.8318615 17.017534 8.5726471 -6.0018845 17.005388 8.5443115 -5.8318615 17.750254 8.3621445 -6.0018845 17.750254 8.3297577 -5.8318615 18.519403 8.4107208 -5.8318615 17.738108 8.2164116 -5.6496944 16.952765 8.4431076 -5.6496944 16.305059 8.9450798 -5.6496944 15.896193 9.6535072 -5.6496944 15.782846 10.463142 -5.6496944 15.981207 11.260628 -5.6496944 17.721914 8.0342445 -5.5322971 17.738108 8.2164116 -5.6496944 16.867754 8.2811813 -5.5322971 16.952765 8.4431076 -5.6496944 16.171469 8.8276825 -5.5322971 16.305059 8.9450798 -5.6496944 15.726171 9.5968323 -5.5322971 15.896193 9.6535072 -5.6496944 15.600679 10.475285 -5.5322971 15.782846 10.463142 -5.6496944 15.815229 11.337543 -5.5322971 15.981207 11.260628 -5.6496944 16.462934 11.920479 -5.6496944 18.612513 13.058014 -6.0018845 18.596319 13.086349 -5.8278141 18.580126 13.118736 -5.7508984 18.539644 13.187553 -5.6456451 18.487017 13.276615 -5.5687313 18.446535 13.345432 -5.5282497 18.361525 13.491165 -5.4999123 19.426191 15.563828 -5.8278141 19.118532 16.057701 -5.8278141 19.14282 16.077942 -6.0018845 19.316893 15.515247 -5.6456451 19.033518 15.984837 -5.6456451 19.033518 15.272358 -5.4999123 18.762293 15.758137 -5.4999123 18.891832 15.867439 -5.5322971 19.171156 14.191498 -5.5282497 19.110434 14.725857 -5.4999123 19.284506 14.823013 -5.5282497 19.150915 15.44643 -5.5282497 18.891832 15.867439 -5.5322971 19.033518 15.984837 -5.6456451 18.551786 13.620708 -5.4999123 18.912073 14.041718 -5.4999123 19.001135 14.219837 -5.4999123 19.171156 14.191498 -5.5282497 18.835161 13.653091 -5.5282497 18.968748 13.527599 -5.6456451 19.073999 13.426395 -6.0018845 19.454527 15.571922 -6.0018845 19.612406 14.827061 -6.0018845 19.58407 14.827061 -5.8278141 19.478819 14.0741 -6.0018845 19.45048 14.086246 -5.8278141 19.053759 13.446636 -5.8278141 19.316893 15.515247 -5.6456451 19.466673 14.823013 -5.6456451 19.345228 14.126728 -5.6456451 19.466673 14.823013 -5.6456451 19.345228 14.126728 -5.6456451 12.2488 21.219109 -5.4999123 12.192125 21.251495 -5.4999123 12.277136 21.360794 -5.520153 16.883944 17.753883 -5.4999123 17.001341 17.879375 -5.5322971 17.001341 17.879375 -5.5322971 17.126837 18.008915 -5.6456451 17.126837 18.008915 -5.6456451 17.2078 18.093929 -5.8278141 17.228041 18.11417 -6.0018845 12.471449 21.664406 -6.0018845 14.742468 20.190876 -6.0018845 12.459303 21.640118 -5.8359089 14.722227 20.166588 -5.8278141 12.42692 21.583443 -5.7063675 12.402628 21.538914 -5.6456451 14.657457 20.073479 -5.6456451 12.366198 21.482239 -5.5889721 14.548155 19.927746 -5.5322971 14.446951 19.78606 -5.4999123 14.657457 20.073479 -5.6456451 -8.5385151 23.380829 -5.6861267 -8.5709019 23.453693 -5.8359089 -6.4456158 24.121643 -5.8278141 -6.3039303 23.676342 -5.4999123 -8.4413605 23.000301 -5.4999123 -8.4656487 23.1096 -5.5120564 -6.3687 23.834221 -5.5282497 -4.1098251 24.154026 -5.4999123 -3.211134 24.461689 -5.5282497 -1.8752403 24.429302 -5.4999123 -0.00094032288 24.668144 -5.5282497 0.36744118 24.498119 -5.4999123 2.6060753 24.360481 -5.4999123 3.2133007 24.461689 -5.5282497 4.828516 24.020439 -5.4999123 6.3668194 23.834221 -5.5282497 7.0104771 23.473934 -5.4999123 8.4759121 23.15818 -5.5282497 8.4435253 23.000301 -5.4999123 6.4153957 24.008293 -5.6456451 8.5285358 23.344395 -5.6456451 8.5123463 23.299866 -5.6051636 8.5730686 23.469887 -5.8804398 8.5690174 23.453693 -5.8278141 6.4437351 24.121643 -5.8278141 6.4437351 24.121643 -5.8278141 8.5487766 23.405117 -5.7266102 6.4518299 24.154026 -6.0018845 8.5811634 23.482033 -6.0018845 3.249733 24.757202 -5.8278141 3.2537823 24.785542 -6.0018845 -0.00094032288 24.967709 -5.8278141 -0.00094032288 25.000092 -6.0018845 -3.2516155 24.757202 -5.8278141 -3.2556629 24.785542 -6.0018845 -6.4537125 24.154026 -6.0018845 -8.5789967 23.482033 -6.0018845 -8.5020828 23.259384 -5.576828 -8.526371 23.344395 -5.6456451 -6.4132309 24.008293 -5.6456451 -6.4132309 24.008293 -5.6456451 -8.4777927 23.166275 -5.5282497 -3.2354221 24.639805 -5.6456451 -0.00094032288 24.850311 -5.6456451 3.2335415 24.639805 -5.6456451 -3.2516155 24.757202 -5.8278141 -3.2354221 24.639805 -5.6456451 -0.00094032288 24.967709 -5.8278141 -0.00094032288 24.850311 -5.6456451 3.249733 24.757202 -5.8278141 3.2335415 24.639805 -5.6456451 6.4153957 24.008293 -5.6456451 -17.007271 17.875328 -5.5282497 -16.885826 17.749832 -5.4999123 -18.768223 15.750042 -5.4999123 -12.189959 21.251495 -5.4999123 -14.448833 19.78606 -5.4999123 -12.29521 21.381035 -5.5282497 -14.550037 19.923698 -5.5282497 -12.376175 21.498432 -5.6051636 -14.659338 20.069431 -5.6456451 -12.400463 21.538914 -5.6456451 -12.432848 21.595589 -5.7266102 -14.728156 20.166588 -5.8278141 -12.457138 21.640118 -5.8278141 -12.465233 21.652264 -5.8804398 -14.744349 20.190876 -6.0018845 -12.47333 21.664406 -6.0018845 -19.124462 16.053654 -5.8278141 -19.14875 16.069847 -6.0018845 -17.233969 18.110119 -6.0018845 -18.897764 15.863388 -5.5322971 -17.007271 17.875328 -5.5282497 -18.897764 15.863388 -5.5322971 -19.0354 15.976738 -5.6456451 -17.132765 18.004868 -5.6456451 -17.132765 18.004868 -5.6456451 -19.0354 15.976738 -5.6456451 -17.209681 18.089878 -5.8278141 -14.659338 20.069431 -5.6456451 -18.7075 13.754295 -5.4999123 -18.832993 13.632851 -5.5322971 -19.177086 14.175304 -5.5322971 -19.01516 14.240078 -5.4999123 -19.290436 14.80682 -5.5322971 -19.116364 14.80682 -5.4999123 -19.156845 15.438332 -5.5322971 -18.998968 15.369514 -5.4999123 -19.432121 15.551682 -5.8278141 -19.460459 15.563828 -6.0018845 -19.047546 13.430443 -5.8278141 -18.602249 13.082302 -5.8278141 -18.614391 13.058014 -5.9411621 -19.585953 14.810867 -5.8278141 -19.618336 14.814915 -6.0018845 -19.452362 14.070053 -5.8278141 -19.4807 14.057911 -6.0018845 -19.067787 13.410202 -6.0018845 -18.618441 13.053967 -6.0018845 -18.367455 13.487118 -5.4999123 -18.452465 13.337337 -5.5322971 -18.832993 13.632851 -5.5322971 -18.452465 13.337337 -5.5322971 -18.545574 13.179459 -5.6456451 -19.156845 15.438332 -5.5322971 -19.322821 15.507153 -5.6456451 -19.290436 14.80682 -5.5322971 -19.472603 14.810867 -5.6456451 -19.177086 14.175304 -5.5322971 -19.343061 14.110535 -5.6456451 -18.962536 13.511406 -5.6456451 -18.962536 13.511406 -5.6456451 -18.545574 13.179459 -5.6456451 -19.343061 14.110535 -5.6456451 -19.472603 14.810867 -5.6456451 -19.322821 15.507153 -5.6456451 -16.930357 12.078358 -6.0018845 -16.926308 12.082405 -5.9411621 -16.914165 12.106693 -5.8318615 -16.857491 12.20385 -5.6496944 -16.857491 12.20385 -5.6496944 -18.452465 13.337337 -5.5322971 -16.764381 12.361729 -5.5322971 -16.764381 12.361729 -5.5322971 -16.679371 12.511513 -5.4999123 -16.339325 12.045971 -5.5322971 -16.221928 12.171467 -5.4999123 -15.659234 11.394218 -5.4999123 -16.464817 11.912384 -5.6496944 -16.541733 11.831421 -5.8318615 -16.561974 11.807133 -6.0018845 -18.553669 8.4188194 -5.8318615 -18.942295 8.5888405 -5.8278141 -18.934196 8.6090813 -5.9087772 -16.084291 11.199905 -5.8318615 -16.112629 11.183712 -6.0018845 -15.902123 10.442902 -5.8318615 -15.930461 10.43885 -6.0018845 -16.015472 9.6697006 -5.8318615 -16.043808 9.6818466 -6.0018845 -16.412193 8.9977074 -5.8318615 -16.432434 9.0179482 -6.0018845 -17.031561 8.5281181 -5.8318615 -17.043705 8.5524063 -6.0018845 -17.780472 8.3216629 -5.8318615 -17.784519 8.3540497 -6.0018845 -18.545574 8.4431076 -6.0018845 -18.926102 8.6131325 -6.0018845 -18.699404 7.969471 -5.4999123 -19.177086 8.1840248 -5.4999123 -19.06374 8.3823853 -5.5565872 -16.189543 8.8033943 -5.5322971 -16.821056 8.1071091 -5.4999123 -16.897972 8.2609406 -5.5322971 -17.748085 7.8520775 -5.4999123 -17.760231 8.0261459 -5.5322971 -18.646778 8.1354485 -5.5322971 -18.646778 8.1354485 -5.5322971 -19.06374 8.3823853 -5.5565872 -19.003017 8.4876366 -5.6456451 -15.817112 11.32135 -5.5322971 -15.432537 10.463142 -5.4999123 -15.606607 10.455044 -5.5322971 -15.570174 9.5118217 -5.4999123 -15.736149 9.5725441 -5.5322971 -15.764486 9.0989113 -5.4999123 -16.060001 8.685997 -5.4999123 -16.464817 11.912384 -5.6496944 -15.983087 11.244438 -5.6496944 -15.784727 10.446949 -5.6496944 -15.906172 9.6332664 -5.6496944 -16.323132 8.924839 -5.6496944 -16.978935 8.4228668 -5.6496944 -17.772375 8.208313 -5.6496944 -18.590103 8.3054695 -5.6496944 -18.970631 8.5362167 -5.7144642 -16.339325 12.045971 -5.5322971 -15.817112 11.32135 -5.5322971 -15.983087 11.244438 -5.6496944 -15.606607 10.455044 -5.5322971 -15.784727 10.446949 -5.6496944 -15.736149 9.5725441 -5.5322971 -15.906172 9.6332664 -5.6496944 -16.189543 8.8033943 -5.5322971 -16.323132 8.924839 -5.6496944 -16.897972 8.2609406 -5.5322971 -16.978935 8.4228668 -5.6496944 -17.760231 8.0261459 -5.5322971 -17.772375 8.208313 -5.6496944 -18.590103 8.3054695 -5.6496944 32.781082 -21.52544 -12.300825 22.389448 -15.522015 -12.300825 32.930862 -21.26231 -11.175436 22.539228 -15.262932 -11.175436 32.930862 -21.26231 -11.175436 22.539228 -15.262932 -11.175436 33.343773 -20.549833 -10.349611 22.948092 -14.550455 -10.349611 33.343773 -20.549833 -10.349611 22.948092 -14.550455 -10.349611 33.906471 -19.574226 -10.050047 23.510786 -13.574848 -10.050047 33.906471 -19.574226 -10.050047 23.510786 -13.574848 -10.050047 34.469162 -18.602667 -10.349611 24.073481 -12.599241 -10.349611 34.469162 -18.602667 -10.349611 24.073481 -12.599241 -10.349611 34.878029 -17.886143 -11.175436 24.486395 -11.886765 -11.175436 34.878029 -17.886143 -11.175436 24.486395 -11.886765 -11.175436 35.03186 -17.62706 -12.300825 24.636175 -11.627682 -12.300825 35.03186 -17.62706 -12.300825 24.636175 -11.627682 -12.300825 34.878029 -17.886143 -13.426214 24.486395 -11.886765 -13.426214 34.878029 -17.886143 -13.426214 24.486395 -11.886765 -13.426214 34.469162 -18.602667 -14.247992 24.073481 -12.599241 -14.247992 34.469162 -18.602667 -14.247992 24.073481 -12.599241 -14.247992 33.906471 -19.574226 -14.551603 23.510786 -13.574848 -14.551603 33.906471 -19.574226 -14.551603 23.510786 -13.574848 -14.551603 33.343773 -20.549833 -14.247992 22.948092 -14.550455 -14.247992 33.343773 -20.549833 -14.247992 22.948092 -14.550455 -14.247992 32.930862 -21.26231 -13.426214 22.539228 -15.262932 -13.426214 32.930862 -21.26231 -13.426214 22.539228 -15.262932 -13.426214 32.781082 -21.52544 -12.300825 22.389448 -15.522015 -12.300825 -12.307356 -21.185394 -5.4999123 -12.420704 -21.448524 -5.5889721 -12.335693 -21.367561 -5.5322971 -12.420704 -21.448524 -5.5889721 -12.359982 -21.314936 -5.520153 -12.359982 -21.314936 -5.520153 -12.513812 -21.610451 -5.8359089 -12.428801 -21.52544 -5.6496944 -12.513812 -21.610451 -5.8359089 -12.477379 -21.553776 -5.7063675 -12.428801 -21.52544 -5.6496944 -12.477379 -21.553776 -5.7063675 -12.420704 -21.448524 -5.5889721 -12.525956 -21.634741 -6.0018845 8.4151897 22.656208 -5.4999123 8.7026081 21.583443 -5.4999123 -8.4170704 22.656208 -5.4999123 23.830591 -0.31711578 -5.4999123 -12.189959 -20.476965 -5.4999123 -23.828426 -4.0414238 -5.4999123 23.041201 -3.2520332 -5.4999123 14.337652 -18.327391 -5.4999123 22.753782 -2.1792717 -5.4999123 13.264887 -18.618858 -5.4999123 23.041201 -1.102459 -5.4999123 -12.477379 -19.404203 -5.4999123 12.475496 -19.404203 -5.4999123 12.188078 -20.476965 -5.4999123 -23.043083 -3.2520332 -5.4999123 -22.755663 -2.1792717 -5.4999123 -23.043083 -1.102459 -5.4999123 11.641573 20.794052 -5.4999123 -9.4898338 20.794052 -5.4999123 -10.566645 20.506634 -5.4999123 10.564764 20.506634 -5.4999123 9.4919987 20.794052 -5.4999123 -8.7044907 21.583443 -5.4999123 -13.262722 -18.618858 -5.4999123 -14.339533 -18.327391 -5.4999123 -15.416345 -18.618858 -5.4999123 -11.639408 20.794052 -5.4999123 -23.828426 -0.31711578 -5.4999123 10.564764 24.805782 -6.0018845 9.4919987 24.51836 -6.0018845 8.7026081 23.733017 -6.0018845 15.928579 10.459091 -6.0018845 16.110746 11.195858 -6.0018845 8.5811634 23.482033 -6.0018845 16.560091 11.815228 -6.0018845 12.714338 22.656208 -6.0018845 12.42692 23.733017 -6.0018845 11.641573 24.51836 -6.0018845 -1.9440594 -20.250269 -6.0018845 -1.6363983 -19.553986 -6.0018845 -16.047857 -19.169409 -6.0018845 12.471449 21.664406 -6.0018845 16.924425 12.086452 -6.0018845 -26.767391 -3.2520332 -6.0018845 -25.978001 -4.0414238 -6.0018845 -24.905237 -4.328846 -6.0018845 -16.561974 11.807133 -6.0018845 -16.112629 11.183712 -6.0018845 -8.5789967 23.482033 -6.0018845 25.000513 -0.029697418 -6.0018845 1.092062 -19.023676 -6.0018845 1.6426125 -19.553986 -6.0018845 -11.639408 24.51836 -6.0018845 -12.428801 23.733017 -6.0018845 -12.71622 22.656208 -6.0018845 25.980165 -0.31711578 -6.0018845 24.903357 -4.328846 -6.0018845 24.138254 -4.1871605 -6.0018845 -16.432434 9.0179482 -6.0018845 -17.043705 8.5524063 -6.0018845 -24.625914 -4.3126526 -6.0018845 -17.784519 8.3540497 -6.0018845 -18.545574 8.4431076 -6.0018845 -25.978001 -0.31711578 -6.0018845 -26.767391 -1.102459 -6.0018845 -27.054811 -2.1792717 -6.0018845 12.528124 -21.634741 -6.0018845 1.9502735 -20.250269 -6.0018845 2.0028992 -20.699615 -6.0018845 15.697832 -18.813171 -6.0018845 16.199804 -19.404203 -6.0018845 16.414358 9.0422363 -6.0018845 -17.691412 -17.663492 -6.0018845 16.033831 9.7020874 -6.0018845 -19.840986 -15.210306 -6.0018845 -21.650515 -12.498037 -6.0018845 -16.201687 -19.404203 -6.0018845 -16.489107 -20.476965 -6.0018845 -14.339533 -22.630589 -6.0018845 -16.201687 -21.553776 -6.0018845 -15.416345 -22.339121 -6.0018845 -12.525956 -21.634741 -6.0018845 -12.501667 -21.650932 -6.0018845 -1.996685 -20.699615 -6.0018845 -15.930461 10.43885 -6.0018845 -16.043808 9.6818466 -6.0018845 -6.4537125 24.154026 -6.0018845 -3.2556629 24.785542 -6.0018845 -24.998344 -0.029697418 -6.0018845 -18.926102 8.6131325 -6.0018845 -9.4898338 24.51836 -6.0018845 -10.566645 24.805782 -6.0018845 -8.7044907 23.733017 -6.0018845 24.907404 2.1401176 -6.0018845 18.924219 8.6212273 -6.0018845 18.511305 8.4390602 -6.0018845 17.750254 8.3621445 -6.0018845 17.017534 8.5726471 -6.0018845 0.38363457 -18.736256 -6.0018845 -0.37742043 -18.736256 -6.0018845 -1.0858479 -19.023676 -6.0018845 -24.144182 -6.486515 -6.0018845 -23.09166 -9.575264 -6.0018845 6.4518299 24.154026 -6.0018845 -13.262722 -22.339121 -6.0018845 -12.47333 21.664406 -6.0018845 -16.930357 12.078358 -6.0018845 27.052931 -2.1792717 -6.0018845 26.765509 -1.102459 -6.0018845 26.765509 -3.2520332 -6.0018845 25.980165 -4.0414238 -6.0018845 -10.036337 -22.897766 -6.0018845 -7.0325985 -23.990772 -6.0018845 -1.996685 -22.650829 -6.0018845 2.0028992 -22.650829 -6.0018845 7.0752468 -23.978626 -6.0018845 10.115416 -22.861334 -6.0018845 14.337652 -22.630589 -6.0018845 15.414461 -22.339121 -6.0018845 16.199804 -21.553776 -6.0018845 -0.00094032288 25.000092 -6.0018845 3.2537823 24.785542 -6.0018845 19.073999 13.426395 -6.0018845 19.478819 14.0741 -6.0018845 19.612406 14.827061 -6.0018845 13.264887 -22.339121 -6.0018845 16.491274 -20.476965 -6.0018845 19.454527 15.571922 -6.0018845 19.14282 16.077942 -6.0018845 18.612513 13.058014 -6.0018845 17.228041 18.11417 -6.0018845 14.742468 20.190876 -6.0018845 -21.148542 9.8032913 -6.0018845 -21.917694 9.8356743 -6.0018845 -22.638266 9.5765915 -6.0018845 23.041201 9.69804 -6.0018845 22.84284 10.005699 -6.0018845 22.555422 10.212154 -6.0018845 -3.7535877 -24.63443 -6.0018845 -3.0249176 -24.399635 -6.0018845 -2.4419823 -23.909809 -6.0018845 -23.213104 9.0624771 -6.0018845 -23.496477 8.5402641 -6.0018845 -20.618233 9.5887375 -6.0018845 -24.302061 5.8603783 -6.0018845 -24.856659 2.6704292 -6.0018845 -19.618336 14.814915 -6.0018845 -19.4807 14.057911 -6.0018845 -19.460459 15.563828 -6.0018845 -19.067787 13.410202 -6.0018845 -19.14875 16.069847 -6.0018845 -18.618441 13.053967 -6.0018845 -17.233969 18.110119 -6.0018845 -14.744349 20.190876 -6.0018845 2.4481983 -23.909809 -6.0018845 3.035181 -24.399635 -6.0018845 2.091959 -23.233765 -6.0018845 3.7598019 -24.63443 -6.0018845 4.350832 -24.618237 -6.0018845 24.518782 4.8847733 -6.0018845 23.826544 7.5687065 -6.0018845 21.620295 10.17572 -6.0018845 21.855089 10.276924 -6.0018845 22.207277 10.309311 -6.0018845 -4.3446198 -24.618237 -6.0018845 -2.0816975 -23.233765 -6.0018845 35.307137 -17.145329 -14.786397 35.724091 -16.420708 -13.195469 35.03186 -17.62706 -12.300825 35.724091 -16.420708 -11.402133 34.878029 -17.886143 -11.175436 35.307137 -17.145329 -9.8152533 34.469162 -18.602667 -10.349611 34.570366 -18.424547 -8.7951164 33.906471 -19.574226 -10.050047 33.679771 -19.966898 -8.5765162 33.343773 -20.549833 -10.349611 32.837753 -21.420189 -9.2120771 32.930862 -21.26231 -11.175436 32.242676 -22.452469 -10.556067 32.781082 -21.52544 -12.300825 32.028122 -22.820852 -12.300825 32.930862 -21.26231 -13.426214 32.242676 -22.452469 -14.041535 33.343773 -20.549833 -14.247992 32.837753 -21.420189 -15.385526 33.906471 -19.574226 -14.551603 33.679771 -19.966898 -16.021088 34.469162 -18.602667 -14.247992 34.570366 -18.424547 -15.806534 34.878029 -17.886143 -13.426214 -1.2396793 -36.540073 -4.5647869 -1.8549995 -36.430775 -4.5000153 1.1001587 -36.952988 -7.4997044 1.1001587 -36.952988 -15.498874 -1.8549995 -36.430775 -18.498562 -13.671586 -34.34597 -15.498874 -10.716427 -34.868183 -18.498562 -13.610864 -34.358116 -16.098001 -12.797183 -34.503849 -5.3703709 -13.311299 -34.41074 -6.0626068 -13.606815 -34.358116 -6.8722401 -13.323444 -34.41074 -16.91573 -12.817424 -34.499802 -17.612015 -1.6363983 -36.471256 -18.490467 -1.0575123 -36.57246 -18.389261 -0.38146782 -36.689857 -18.101843 1.0353889 -36.940842 -6.8762875 0.74392128 -36.888218 -6.0666542 -0.44623947 -36.681763 -4.8643513 0.23385239 -36.799156 -5.3784676 -12.133284 -34.617199 -18.13018 -11.335796 -34.758884 -18.433792 -10.716427 -34.868183 -4.5000153 -13.671586 -34.34597 -7.4997044 -11.307459 -34.762932 -4.5607376 -12.108995 -34.621246 -4.8562546 0.23385239 -36.799156 -17.620111 0.70343971 -36.884171 -17.004791 0.99895477 -36.932747 -16.276121 22.911661 29.015869 -15.498874 22.911661 29.015869 -7.4997044 30.623407 19.822495 -4.5000153 30.623407 19.822495 -18.498562 32.550331 17.523136 -15.498874 32.513901 17.571716 -16.098001 32.550331 17.523136 -7.4997044 31.007986 19.361004 -4.5607376 32.50985 17.575764 -6.8722401 23.474356 28.339828 -17.620111 23.142405 28.740593 -16.923828 22.948092 28.967293 -16.102051 22.952143 28.963242 -6.8762875 24.437819 27.194199 -4.5647869 24.838583 26.716515 -4.5000153 32.323639 17.794365 -16.91573 31.99169 18.187035 -17.612015 24.838583 26.716515 -18.498562 24.449961 27.178001 -18.43784 23.9237 27.805473 -18.142324 32.315544 17.806507 -6.0626068 31.534246 18.737587 -4.8562546 31.979544 18.203228 -5.3703709 31.55044 18.717346 -18.13018 31.028227 19.340763 -18.433792 23.142405 28.736549 -6.0666542 23.474356 28.339828 -5.3784676 23.919653 27.813568 -4.8643513 -12.513812 -21.610451 -5.8359089 -12.525956 -21.634741 -6.0018845 -13.262722 -22.339121 -6.0018845 -16.027617 -19.149168 -5.8359089 -15.979039 -19.084398 -5.6861267 -16.201687 -19.404203 -3.5001202 -15.950702 -19.056061 -5.6456451 -15.894028 -18.991291 -5.576828 -15.825209 -18.926519 -5.5282497 -15.784727 -18.886038 -5.5120564 -15.416345 -18.618858 -3.5001202 -15.695667 -18.813171 -5.4999123 -15.416345 -18.618858 -5.4999123 -14.339533 -18.327391 -3.5001202 -14.339533 -18.327391 -5.4999123 -14.339533 -18.327391 -3.5001202 -14.339533 -18.327391 -5.4999123 -13.262722 -18.618858 -3.5001202 -13.262722 -18.618858 -5.4999123 -13.262722 -18.618858 -3.5001202 -13.262722 -18.618858 -5.4999123 -12.477379 -19.404203 -3.5001202 -12.477379 -19.404203 -5.4999123 -12.477379 -19.404203 -3.5001202 -12.477379 -19.404203 -5.4999123 -12.189959 -20.476965 -3.5001202 -12.189959 -20.476965 -5.4999123 -12.189959 -20.476965 -3.5001202 -12.189959 -20.476965 -5.4999123 -12.477379 -21.553776 -3.5001202 -12.477379 -21.553776 -3.5001202 -12.307356 -21.185394 -5.4999123 -12.359982 -21.314936 -5.520153 -12.477379 -21.553776 -5.7063675 -16.047857 -19.169409 -6.0018845 -16.201687 -19.404203 -6.0018845 -16.489107 -20.476965 -6.0018845 -16.489107 -20.476965 -3.5001202 -16.489107 -20.476965 -6.0018845 -16.489107 -20.476965 -3.5001202 -16.201687 -21.553776 -6.0018845 -16.201687 -21.553776 -3.5001202 -16.201687 -21.553776 -6.0018845 -16.201687 -21.553776 -3.5001202 -15.416345 -22.339121 -6.0018845 -15.416345 -22.339121 -3.5001202 -15.416345 -22.339121 -6.0018845 -15.416345 -22.339121 -3.5001202 -14.339533 -22.630589 -6.0018845 -14.339533 -22.630589 -3.5001202 -14.339533 -22.630589 -6.0018845 -14.339533 -22.630589 -3.5001202 -13.262722 -22.339121 -6.0018845 -13.262722 -22.339121 -3.5001202 -13.262722 -22.339121 -3.5001202 -12.420704 -21.448524 -5.5889721 -8.5709019 23.453693 -5.8359089 -8.5385151 23.380829 -5.6861267 -8.7044907 23.733017 -3.5001202 -8.526371 23.344395 -5.6456451 -8.5020828 23.259384 -5.576828 -8.4777927 23.166275 -5.5282497 -8.4656487 23.1096 -5.5120564 -8.4170704 22.656208 -3.5001202 -12.432848 21.595589 -5.7266102 -12.457138 21.640118 -5.8278141 -12.71622 22.656208 -6.0018845 -12.465233 21.652264 -5.8804398 -12.47333 21.664406 -6.0018845 -12.428801 21.583443 -3.5001202 -12.29521 21.381035 -5.5282497 -12.376175 21.498432 -5.6051636 -8.4413605 23.000301 -5.4999123 -8.4170704 22.656208 -5.4999123 -8.4170704 22.656208 -5.4999123 -8.7044907 21.583443 -3.5001202 -8.7044907 21.583443 -5.4999123 -8.7044907 21.583443 -3.5001202 -8.7044907 21.583443 -5.4999123 -9.4898338 20.794052 -3.5001202 -9.4898338 20.794052 -5.4999123 -9.4898338 20.794052 -3.5001202 -9.4898338 20.794052 -5.4999123 -10.566645 20.506634 -3.5001202 -10.566645 20.506634 -5.4999123 -10.566645 20.506634 -3.5001202 -10.566645 20.506634 -5.4999123 -11.639408 20.794052 -3.5001202 -11.639408 20.794052 -5.4999123 -11.639408 20.794052 -3.5001202 -11.639408 20.794052 -5.4999123 -12.189959 21.251495 -5.4999123 -8.5789967 23.482033 -6.0018845 -8.7044907 23.733017 -6.0018845 -8.7044907 23.733017 -3.5001202 -9.4898338 24.51836 -6.0018845 -9.4898338 24.51836 -3.5001202 -9.4898338 24.51836 -6.0018845 -9.4898338 24.51836 -3.5001202 -10.566645 24.805782 -6.0018845 -10.566645 24.805782 -3.5001202 -10.566645 24.805782 -6.0018845 -10.566645 24.805782 -3.5001202 -11.639408 24.51836 -6.0018845 -11.639408 24.51836 -3.5001202 -11.639408 24.51836 -6.0018845 -11.639408 24.51836 -3.5001202 -12.428801 23.733017 -6.0018845 -12.428801 23.733017 -3.5001202 -12.428801 23.733017 -6.0018845 -12.428801 23.733017 -3.5001202 -12.71622 22.656208 -6.0018845 -12.71622 22.656208 -3.5001202 -12.71622 22.656208 -3.5001202 -12.400463 21.538914 -5.6456451 24.98432 -0.029697418 -5.8804398 25.000513 -0.029697418 -6.0018845 25.980165 -0.31711578 -6.0018845 24.919546 -0.029697418 -5.7266102 24.498541 -0.066131592 -5.4999123 24.660467 -0.0418396 -5.5282497 24.903357 -0.029697418 -3.5001202 24.8062 -0.029697418 -5.6051636 24.903357 -0.029697418 -3.5001202 23.830591 -0.31711578 -5.4999123 23.830591 -0.31711578 -3.5001202 23.830591 -0.31711578 -5.4999123 23.830591 -0.31711578 -3.5001202 23.041201 -1.102459 -5.4999123 23.041201 -1.102459 -3.5001202 23.041201 -1.102459 -5.4999123 23.041201 -1.102459 -3.5001202 22.753782 -2.1792717 -5.4999123 22.753782 -2.1792717 -3.5001202 22.753782 -2.1792717 -5.4999123 22.753782 -2.1792717 -3.5001202 23.041201 -3.2520332 -5.4999123 23.041201 -3.2520332 -3.5001202 23.041201 -3.2520332 -5.4999123 23.041201 -3.2520332 -3.5001202 23.697004 -3.9564133 -5.4999123 23.830591 -4.0414238 -3.5001202 23.830591 -4.0414238 -5.5242004 24.004663 -4.1304855 -5.6496944 24.903357 -4.328846 -3.5001202 24.105867 -4.1750145 -5.8116207 24.138254 -4.1871605 -6.0018845 24.903357 -4.328846 -6.0018845 24.903357 -4.328846 -6.0018845 24.903357 -4.328846 -3.5001202 25.980165 -4.0414238 -6.0018845 25.980165 -4.0414238 -3.5001202 25.980165 -4.0414238 -6.0018845 25.980165 -4.0414238 -3.5001202 26.765509 -3.2520332 -6.0018845 26.765509 -3.2520332 -3.5001202 26.765509 -3.2520332 -6.0018845 26.765509 -3.2520332 -3.5001202 27.052931 -2.1792717 -6.0018845 27.052931 -2.1792717 -3.5001202 27.052931 -2.1792717 -6.0018845 27.052931 -2.1792717 -3.5001202 26.765509 -1.102459 -6.0018845 26.765509 -1.102459 -3.5001202 26.765509 -1.102459 -6.0018845 26.765509 -1.102459 -3.5001202 25.980165 -0.31711578 -6.0018845 25.980165 -0.31711578 -3.5001202 25.980165 -0.31711578 -3.5001202 24.854776 -0.029697418 -5.6456451 8.9981251 -0.0013580322 -3.5001202 8.5609226 2.7797279 -3.5001202 -0.00094032288 -0.0013580322 -3.5001202 8.5609226 -2.7824478 -3.5001202 2.7801476 -8.5591755 -3.5001202 5.2900066 -7.2799549 -3.5001202 7.281702 -5.2882595 -3.5001202 -5.2918892 -7.2799549 -3.5001202 -2.7820282 -8.5591755 -3.5001202 -0.00094032288 -9.0004253 -3.5001202 -9.0000057 -0.0013580322 -3.5001202 -8.5587559 -2.7824478 -3.5001202 -7.2795372 -5.2882595 -3.5001202 -5.2918892 7.2812843 -3.5001202 -7.2795372 5.2895889 -3.5001202 -8.5587559 2.7797279 -3.5001202 2.7801476 8.5605049 -3.5001202 -0.00094032288 9.0017548 -3.5001202 -2.7820282 8.5605049 -3.5001202 7.281702 5.2895889 -3.5001202 5.2900066 7.2812843 -3.5001202 15.669497 -18.788881 -5.8116207 15.697832 -18.813171 -6.0018845 16.199804 -19.404203 -6.0018845 15.580439 -18.724112 -5.6496944 16.199804 -19.404203 -3.5001202 15.414461 -18.618858 -3.5001202 15.446848 -18.635052 -5.5403938 13.264887 -22.339121 -3.5001202 12.471449 -21.541634 -5.6861267 12.475496 -21.553776 -3.5001202 12.410727 -21.432331 -5.576828 12.374292 -21.347321 -5.5322971 12.350004 -21.290646 -5.5120564 12.309523 -21.185394 -5.4999123 12.188078 -20.476965 -3.5001202 12.188078 -20.476965 -5.4999123 12.188078 -20.476965 -3.5001202 12.188078 -20.476965 -5.4999123 12.475496 -19.404203 -3.5001202 12.475496 -19.404203 -5.4999123 12.475496 -19.404203 -3.5001202 12.475496 -19.404203 -5.4999123 13.264887 -18.618858 -3.5001202 13.264887 -18.618858 -5.4999123 13.264887 -18.618858 -3.5001202 13.264887 -18.618858 -5.4999123 14.337652 -18.327391 -3.5001202 14.337652 -18.327391 -5.4999123 14.337652 -18.327391 -3.5001202 14.337652 -18.327391 -5.4999123 15.276823 -18.541945 -5.4999123 13.264887 -22.339121 -6.0018845 12.528124 -21.634741 -6.0018845 12.51193 -21.610451 -5.8359089 13.264887 -22.339121 -6.0018845 13.264887 -22.339121 -3.5001202 14.337652 -22.630589 -6.0018845 14.337652 -22.630589 -3.5001202 14.337652 -22.630589 -6.0018845 14.337652 -22.630589 -3.5001202 15.414461 -22.339121 -6.0018845 15.414461 -22.339121 -3.5001202 15.414461 -22.339121 -6.0018845 15.414461 -22.339121 -3.5001202 16.199804 -21.553776 -6.0018845 16.199804 -21.553776 -3.5001202 16.199804 -21.553776 -6.0018845 16.199804 -21.553776 -3.5001202 16.491274 -20.476965 -6.0018845 16.491274 -20.476965 -3.5001202 16.491274 -20.476965 -6.0018845 16.491274 -20.476965 -3.5001202 16.199804 -19.404203 -6.0018845 16.199804 -19.404203 -3.5001202 8.7026081 23.733017 -3.5001202 8.4151897 22.656208 -3.5001202 8.4435253 23.000301 -5.4999123 8.4759121 23.15818 -5.5282497 8.7026081 23.733017 -3.5001202 8.5123463 23.299866 -5.6051636 8.5285358 23.344395 -5.6456451 8.5487766 23.405117 -5.7266102 8.5690174 23.453693 -5.8278141 8.7026081 23.733017 -6.0018845 8.5730686 23.469887 -5.8804398 8.5811634 23.482033 -6.0018845 12.714338 22.656208 -3.5001202 12.42692 21.583443 -5.7063675 12.42692 21.583443 -3.5001202 12.402628 21.538914 -5.6456451 12.366198 21.482239 -5.5889721 12.277136 21.360794 -5.520153 12.42692 21.583443 -3.5001202 12.192125 21.251495 -5.4999123 11.641573 20.794052 -3.5001202 11.641573 20.794052 -5.4999123 11.641573 20.794052 -3.5001202 11.641573 20.794052 -5.4999123 10.564764 20.506634 -3.5001202 10.564764 20.506634 -5.4999123 10.564764 20.506634 -3.5001202 10.564764 20.506634 -5.4999123 9.4919987 20.794052 -3.5001202 9.4919987 20.794052 -5.4999123 9.4919987 20.794052 -3.5001202 9.4919987 20.794052 -5.4999123 8.7026081 21.583443 -3.5001202 8.7026081 21.583443 -5.4999123 8.7026081 21.583443 -3.5001202 8.7026081 21.583443 -5.4999123 8.4151897 22.656208 -5.4999123 12.714338 22.656208 -6.0018845 12.471449 21.664406 -6.0018845 12.459303 21.640118 -5.8359089 12.714338 22.656208 -6.0018845 12.714338 22.656208 -3.5001202 12.42692 23.733017 -6.0018845 12.42692 23.733017 -3.5001202 12.42692 23.733017 -6.0018845 12.42692 23.733017 -3.5001202 11.641573 24.51836 -6.0018845 11.641573 24.51836 -3.5001202 11.641573 24.51836 -6.0018845 11.641573 24.51836 -3.5001202 10.564764 24.805782 -6.0018845 10.564764 24.805782 -3.5001202 10.564764 24.805782 -6.0018845 10.564764 24.805782 -3.5001202 9.4919987 24.51836 -6.0018845 9.4919987 24.51836 -3.5001202 9.4919987 24.51836 -6.0018845 9.4919987 24.51836 -3.5001202 -24.889046 -0.029697418 -5.6861267 -24.905237 -0.029697418 -3.5001202 -25.978001 -0.31711578 -3.5001202 -24.852612 -0.029697418 -5.6456451 -24.763552 -0.033744812 -5.576828 -24.670444 -0.0418396 -5.5282497 -25.978001 -0.31711578 -6.0018845 -24.998344 -0.029697418 -6.0018845 -24.970009 -0.029697418 -5.8359089 -24.905237 -4.328846 -3.5001202 -23.828426 -4.0414238 -3.5001202 -24.140135 -4.1871605 -5.4999123 -24.293964 -4.2397842 -5.5282497 -24.905237 -4.328846 -3.5001202 -24.43565 -4.2762184 -5.6051636 -24.480181 -4.2883644 -5.6456451 -24.54495 -4.3005066 -5.7266102 -24.593529 -4.3045578 -5.8278141 -24.905237 -4.328846 -6.0018845 -24.609722 -4.3086052 -5.8804398 -24.625914 -4.3126526 -6.0018845 -24.61377 -0.049938202 -5.5120564 -24.500422 -0.066131592 -5.4999123 -24.500422 -0.066131592 -5.4999123 -23.828426 -0.31711578 -3.5001202 -23.828426 -0.31711578 -5.4999123 -23.828426 -0.31711578 -3.5001202 -23.828426 -0.31711578 -5.4999123 -23.043083 -1.102459 -3.5001202 -23.043083 -1.102459 -5.4999123 -23.043083 -1.102459 -3.5001202 -23.043083 -1.102459 -5.4999123 -22.755663 -2.1792717 -3.5001202 -22.755663 -2.1792717 -5.4999123 -22.755663 -2.1792717 -3.5001202 -22.755663 -2.1792717 -5.4999123 -23.043083 -3.2520332 -3.5001202 -23.043083 -3.2520332 -5.4999123 -23.043083 -3.2520332 -3.5001202 -23.043083 -3.2520332 -5.4999123 -23.828426 -4.0414238 -5.4999123 -25.978001 -0.31711578 -6.0018845 -25.978001 -0.31711578 -3.5001202 -26.767391 -1.102459 -6.0018845 -26.767391 -1.102459 -3.5001202 -26.767391 -1.102459 -6.0018845 -26.767391 -1.102459 -3.5001202 -27.054811 -2.1792717 -6.0018845 -27.054811 -2.1792717 -3.5001202 -27.054811 -2.1792717 -6.0018845 -27.054811 -2.1792717 -3.5001202 -26.767391 -3.2520332 -6.0018845 -26.767391 -3.2520332 -3.5001202 -26.767391 -3.2520332 -6.0018845 -26.767391 -3.2520332 -3.5001202 -25.978001 -4.0414238 -6.0018845 -25.978001 -4.0414238 -3.5001202 -25.978001 -4.0414238 -6.0018845 -25.978001 -4.0414238 -3.5001202 21.636488 -16.821476 -12.300825 32.242676 -22.452469 -10.556067 21.851042 -16.449043 -10.556067 21.851042 -16.449043 -10.556067 32.242676 -22.452469 -10.556067 32.837753 -21.420189 -9.2120771 22.446119 -15.420811 -9.2120771 22.446119 -15.420811 -9.2120771 32.837753 -21.420189 -9.2120771 33.679771 -19.966898 -8.5765162 23.288137 -13.96752 -8.5765162 23.288137 -13.96752 -8.5765162 33.679771 -19.966898 -8.5765162 34.570366 -18.424547 -8.7951164 24.178736 -12.425171 -8.7951164 24.178736 -12.425171 -8.7951164 34.570366 -18.424547 -8.7951164 35.307137 -17.145329 -9.8152533 24.915499 -11.14595 -9.8152533 24.915499 -11.14595 -9.8152533 35.307137 -17.145329 -9.8152533 35.724091 -16.420708 -11.402133 25.33246 -10.421329 -11.402133 25.33246 -10.421329 -11.402133 35.724091 -16.420708 -11.402133 35.724091 -16.420708 -13.195469 25.33246 -10.421329 -13.195469 25.33246 -10.421329 -13.195469 35.724091 -16.420708 -13.195469 35.307137 -17.145329 -14.786397 24.915499 -11.14595 -14.786397 24.915499 -11.14595 -14.786397 35.307137 -17.145329 -14.786397 34.570366 -18.424547 -15.806534 24.178736 -12.425171 -15.806534 24.178736 -12.425171 -15.806534 34.570366 -18.424547 -15.806534 33.679771 -19.966898 -16.021088 23.288137 -13.96752 -16.021088 23.288137 -13.96752 -16.021088 33.679771 -19.966898 -16.021088 32.837753 -21.420189 -15.385526 22.446119 -15.420811 -15.385526 22.446119 -15.420811 -15.385526 32.837753 -21.420189 -15.385526 32.242676 -22.452469 -14.041535 21.851042 -16.449043 -14.041535 21.851042 -16.449043 -14.041535 32.242676 -22.452469 -14.041535 32.028122 -22.820852 -12.300825 21.636488 -16.821476 -12.300825 32.028122 -22.820852 -12.300825 2.2579346 -36.139305 -15.498874 2.2579346 -36.139305 -7.4997044 2.136488 -36.475304 -15.498874 2.136488 -36.471256 -7.4997044 2.1202965 -36.499592 -7.4997044 1.8490696 -36.787014 -7.4997044 1.8450203 -36.791061 -15.498874 1.8450203 -36.791061 -15.498874 1.8490696 -36.787014 -7.4997044 1.4523487 -36.952988 -7.4997044 1.4442539 -36.952988 -15.498874 -1.8428555 -36.353859 -18.883137 1.3713856 -36.940842 -16.199205 2.1729221 -36.127163 -16.336843 2.0514774 -36.45911 -16.324699 2.0150433 -36.098824 -16.883347 1.7762032 -36.054295 -17.417702 0.088119507 -36.11097 -18.972198 1.092062 -35.936897 -18.340683 0.98681068 -36.268848 -18.296154 1.6628532 -36.390293 -17.389366 -0.89153671 -35.584709 -19.417496 -0.31669807 -35.685913 -19.25152 0.17717743 -35.774971 -19.028872 -0.96440315 -35.924755 -19.356773 -1.7456989 -35.815453 -19.425591 -1.6809292 -35.447071 -19.498459 1.0394363 -36.880119 -17.101946 0.4686451 -36.782967 -17.871098 -0.29240799 -36.645329 -18.445936 -1.1870518 -36.48745 -18.769789 -1.8023739 -36.139305 -19.211039 -1.1870518 -36.48745 -18.769789 -1.0737038 -36.276943 -19.130075 -0.085952759 -36.451015 -18.765741 0.76416206 -36.600796 -18.13018 1.3956757 -36.710098 -17.276016 1.3713856 -36.940842 -16.199205 1.7640572 -36.774868 -16.276121 -1.8023739 -36.139305 -19.211039 -1.7456989 -35.815453 -19.425591 -1.0737038 -36.276943 -19.130075 -0.085952759 -36.451015 -18.765741 0.76416206 -36.600796 -18.13018 1.3956757 -36.710098 -17.276016 1.7640572 -36.774868 -16.276121 -10.603079 -34.216431 -19.441784 -10.542356 -33.88448 -19.498459 -10.667849 -34.576717 -19.211039 -10.667849 -34.576717 -19.211039 -10.70833 -34.807461 -18.846704 -10.70833 -34.807461 -18.846704 -11.396519 -34.686016 -18.773838 -11.368181 -33.738747 -19.413446 -11.412712 -34.074745 -19.352724 -11.914684 -33.64159 -19.25152 -12.432848 -33.552532 -19.008631 -14.023776 -33.613255 -17.356979 -13.343685 -33.390606 -18.316395 -13.359878 -33.730652 -18.271866 -12.465233 -33.888527 -18.956005 -14.404304 -33.204388 -16.300409 -14.250473 -33.22868 -16.855007 -14.019728 -33.273209 -17.385317 -14.404304 -33.548485 -16.288265 -14.47717 -33.572773 -15.498874 -14.485267 -33.188198 -15.498874 -14.035921 -34.204285 -15.498874 -12.287115 -34.528137 -18.43784 -13.048169 -34.39455 -17.854904 -13.614912 -34.293346 -17.077658 -13.938765 -34.236671 -16.170868 -14.035921 -34.204285 -15.498874 -14.319292 -33.93306 -15.498874 -13.938765 -34.236671 -16.170868 -14.246426 -33.945202 -16.243736 -13.614912 -34.293346 -17.077658 -13.890187 -34.009972 -17.247681 -13.048169 -34.39455 -17.854904 -13.262722 -34.119274 -18.10994 -12.287115 -34.528137 -18.43784 -12.420704 -34.269054 -18.753597 -11.396519 -34.686016 -18.773838 -11.428904 -34.443127 -19.130075 -14.319292 -33.93306 -15.498874 -14.246426 -33.945202 -16.243736 -13.890187 -34.009972 -17.247681 -13.262722 -34.119274 -18.10994 -12.420704 -34.269054 -18.753597 -11.428904 -34.443127 -19.130075 -14.47717 -33.572773 -7.4997044 -14.485267 -33.188198 -7.4997044 -14.47717 -33.572773 -7.4997044 -14.319292 -33.93306 -7.4997044 -14.319292 -33.93306 -7.4997044 -14.035921 -34.204285 -7.4997044 -13.930669 -34.240719 -6.7993717 -14.396207 -33.204388 -6.6617355 -14.396207 -33.55658 -6.677927 -14.250473 -33.22868 -6.1435699 -13.999487 -33.273209 -5.5808754 -12.432848 -33.900673 -4.0263805 -13.315348 -33.394653 -4.6578941 -13.335588 -33.742794 -4.702425 -14.007584 -33.625397 -5.6092129 -11.331749 -33.746841 -3.5810833 -11.914684 -33.64159 -3.7511063 -12.400463 -33.55658 -3.9737549 -11.380325 -34.086887 -3.6418056 -10.611176 -34.252865 -3.5729866 -10.542356 -33.88448 -3.5001202 -10.704283 -34.791267 -4.1154404 -13.930669 -34.240719 -6.7993717 -13.59872 -34.297394 -5.8925838 -13.027928 -34.398598 -5.1234322 -12.258778 -34.532188 -4.5485935 -11.364134 -34.690063 -4.2206936 -10.667849 -34.576717 -3.7915878 -11.364134 -34.690063 -4.2206936 -11.396519 -34.451221 -3.8685036 -12.258778 -34.532188 -4.5485935 -12.388319 -34.277153 -4.2328377 -13.027928 -34.398598 -5.1234322 -13.234385 -34.127369 -4.8643513 -13.59872 -34.297394 -5.8925838 -13.869946 -34.014023 -5.7225609 -14.238329 -33.949249 -6.7265053 -10.667849 -34.576717 -3.7915878 -11.396519 -34.451221 -3.8685036 -12.388319 -34.277153 -4.2328377 -13.234385 -34.127369 -4.8643513 -13.869946 -34.014023 -5.7225609 -14.238329 -33.949249 -6.7265053 -1.7416515 -35.787117 -3.5608425 -1.6809292 -35.447071 -3.5001202 -1.8023739 -36.143356 -3.7915878 -1.8023739 -36.143356 -3.7915878 -1.8428555 -36.370052 -4.1518745 -1.8428555 -36.370052 -4.1518745 2.0514774 -36.455063 -6.6819763 -1.1587162 -36.491497 -4.2287884 -0.86319923 -35.592804 -3.58918 -0.93606567 -35.928802 -3.645853 -0.30860138 -35.68996 -3.7511063 0.10836029 -36.115017 -4.0385246 0.19741821 -35.779022 -3.985899 1.0030041 -36.272896 -4.7145691 1.104208 -35.936897 -4.6700382 1.6669025 -36.390293 -5.621357 1.7802505 -36.058342 -5.5930195 2.02314 -36.098824 -6.1435699 2.1729221 -36.127163 -6.6698303 -0.27216721 -36.649376 -4.5607376 0.48483849 -36.782967 -5.1355782 1.0515804 -36.880119 -5.9047279 1.3794823 -36.940842 -6.803421 1.3794823 -36.940842 -6.803421 1.7681065 -36.770821 -6.7305527 1.0515804 -36.880119 -5.9047279 1.4037724 -36.710098 -5.7306576 0.48483849 -36.782967 -5.1355782 0.77630615 -36.596748 -4.8805428 -0.27216721 -36.649376 -4.5607376 -0.061662674 -36.451015 -4.2409344 -1.1587162 -36.491497 -4.2287884 -1.0453663 -36.276943 -3.872551 1.7681065 -36.770821 -6.7305527 1.4037724 -36.710098 -5.7306576 0.77630615 -36.596748 -4.8805428 -0.061662674 -36.451015 -4.2409344 -1.0453663 -36.276943 -3.872551 21.834848 29.323532 -15.498874 21.502897 29.137314 -15.498874 21.502897 29.137314 -7.4997044 21.806513 29.311386 -7.4997044 21.834848 29.323532 -15.498874 21.806513 29.311386 -7.4997044 22.231569 29.368057 -7.4997044 22.227518 29.368057 -15.498874 22.227518 29.368057 -15.498874 22.231569 29.368057 -7.4997044 22.640432 29.238518 -7.4997044 22.603998 29.258759 -15.498874 22.640432 29.238518 -7.4997044 21.851042 29.250664 -16.292313 21.806513 28.77298 -17.397461 21.656729 28.955147 -16.863106 21.555525 29.076591 -16.304459 23.13431 27.724503 -18.968149 22.255857 28.238625 -18.328539 22.543276 28.428886 -18.28401 22.102026 28.951103 -17.369125 23.555319 26.688175 -19.417496 23.195032 27.117279 -19.259617 22.854986 27.526146 -19.020775 23.822496 26.898682 -19.360821 24.360903 26.315746 -19.425591 24.073481 26.072857 -19.498459 24.781912 26.667934 -18.879089 24.360903 27.194199 -18.773838 23.773916 27.89048 -18.441887 23.271944 28.485558 -17.863001 22.899515 28.930862 -17.085754 22.689009 29.18589 -16.170868 22.280146 29.311386 -16.243736 22.51494 29.028015 -17.255775 22.927851 28.534142 -18.122084 23.48245 27.87429 -18.765741 24.134203 27.101089 -19.130075 24.611887 26.526249 -19.206991 22.280146 29.311386 -16.243736 22.689009 29.18589 -16.170868 22.51494 29.028015 -17.255775 22.899515 28.930862 -17.085754 22.927851 28.534142 -18.122084 23.271944 28.485558 -17.863001 23.48245 27.87429 -18.765741 23.773916 27.89048 -18.441887 24.134203 27.101089 -19.130075 24.360903 27.194199 -18.773838 24.611887 26.526249 -19.206991 30.125486 19.401485 -19.437737 29.858305 19.178837 -19.498459 30.578878 19.782013 -18.838608 30.400759 19.636276 -19.202942 30.400759 19.636276 -19.202942 30.125486 19.401485 -19.437737 30.651747 18.76997 -19.348677 30.396711 18.539227 -19.413446 30.752951 18.11417 -19.25152 31.339933 17.956291 -18.956005 31.088949 17.709351 -19.008631 31.922869 17.260006 -18.271866 31.684027 17.000923 -18.316395 32.356026 16.74184 -17.356979 32.125275 16.47871 -17.385317 32.275063 16.296543 -16.855007 32.602959 16.446323 -16.288265 32.602959 16.446323 -16.288265 32.376266 16.175098 -16.300409 32.667732 16.41394 -15.498874 32.428886 16.114376 -15.498874 32.740601 17.179043 -15.498874 32.679878 17.276199 -16.166821 32.469368 17.527184 -17.073608 32.10099 17.964386 -17.850857 31.607111 18.555416 -18.429743 31.028227 19.247654 -18.765741 30.898684 19.041199 -19.121979 31.542341 18.276096 -18.749548 32.092896 17.620293 -18.10589 32.501755 17.134514 -17.247681 32.732498 16.85519 -16.239687 32.781082 16.790421 -15.498874 30.898684 19.041199 -19.121979 31.028227 19.247654 -18.765741 31.542341 18.276096 -18.749548 31.607111 18.555416 -18.429743 32.092896 17.620293 -18.10589 32.10099 17.964386 -17.850857 32.501755 17.134514 -17.247681 32.469368 17.527184 -17.073608 32.732498 16.85519 -16.239687 32.679878 17.276199 -16.166821 32.781082 16.790421 -15.498874 32.655586 16.385601 -7.4997044 32.428886 16.114376 -7.4997044 32.781082 16.794468 -7.4997044 32.781082 16.794468 -7.4997044 32.728455 17.219524 -7.4997044 32.728455 17.219524 -7.4997044 32.598915 16.450375 -6.677927 32.113136 16.490856 -5.5808754 32.275063 16.296543 -6.1435699 32.372215 16.183193 -6.6617355 31.315645 17.980579 -4.0263805 31.667833 17.021164 -4.6578941 31.902628 17.280247 -4.702425 32.34388 16.753986 -5.6092129 30.372423 18.567562 -3.5810833 30.752951 18.11417 -3.7511063 31.068708 17.733643 -3.9737549 30.627459 18.798309 -3.6418056 30.145727 19.421726 -3.5729866 29.858305 19.178837 -3.5001202 30.566736 19.773914 -4.1235371 30.566736 19.773914 -4.1235371 31.007986 19.267895 -4.2206936 31.590921 18.571609 -4.5485935 32.088844 17.976532 -5.1234322 32.461273 17.531235 -5.8966312 32.679878 17.276199 -6.7993717 32.728455 16.85519 -6.7265053 32.489609 17.142609 -5.7225609 32.076698 17.636486 -4.8643513 31.5221 18.296337 -4.2328377 30.874395 19.065487 -3.8685036 30.400759 19.632229 -3.7915878 32.728455 16.85519 -6.7265053 32.679878 17.276199 -6.7993717 32.489609 17.142609 -5.7225609 32.461273 17.531235 -5.8966312 32.076698 17.636486 -4.8643513 32.088844 17.976532 -5.1234322 31.5221 18.296337 -4.2328377 31.590921 18.571609 -4.5485935 30.874395 19.065487 -3.8685036 31.007986 19.267895 -4.2206936 30.400759 19.632229 -3.7915878 30.566736 19.773914 -4.1235371 24.336611 26.295506 -3.5608425 24.073481 26.072857 -3.5001202 24.611887 26.526249 -3.7915878 24.611887 26.526249 -3.7915878 24.790007 26.676033 -4.1518745 24.790007 26.676033 -4.1518745 23.81035 26.92297 -3.645853 22.846888 27.534241 -3.985899 23.182886 27.133476 -3.747057 23.539125 26.708416 -3.58918 22.114172 28.947052 -5.621357 22.255857 28.238625 -4.6700382 22.547323 28.428886 -4.7145691 23.130259 27.736649 -4.0385246 21.555525 29.072548 -6.6698303 21.660776 28.947052 -6.1152325 21.814608 28.764885 -5.5930195 21.863184 29.246613 -6.6819763 22.689009 29.181847 -6.803421 22.899515 28.930862 -5.9047279 23.271944 28.489609 -5.1355782 23.765821 27.898575 -4.5607376 24.344709 27.210388 -4.2287884 24.118013 27.117279 -3.872551 23.478403 27.882385 -4.2409344 22.927851 28.534142 -4.8805428 22.518988 29.023964 -5.7306576 22.284193 29.307335 -6.7305527 24.118013 27.117279 -3.872551 24.344709 27.210388 -4.2287884 23.478403 27.882385 -4.2409344 23.765821 27.898575 -4.5607376 22.927851 28.534142 -4.8805428 23.271944 28.489609 -5.1355782 22.518988 29.023964 -5.7306576 22.899515 28.930862 -5.9047279 22.284193 29.307335 -6.7305527 22.689009 29.181847 -6.803421 -20.391537 -13.680101 -4.5000153 -19.788361 -13.076925 -4.5000153 -21.217361 -12.251099 -4.5000153 -19.565712 -12.251099 -4.5000153 -19.788361 -11.425274 -4.5000153 -22.646362 -13.076925 -4.5000153 -22.043186 -13.680101 -4.5000153 -21.217361 -13.898701 -4.5000153 -22.043186 -10.822098 -4.5000153 -22.646362 -11.425274 -4.5000153 -22.869011 -12.251099 -4.5000153 -20.391537 -10.822098 -4.5000153 -21.217361 -10.599449 -4.5000153 22.041304 -13.680101 -4.5000153 22.648527 -13.076925 -4.5000153 21.219526 -12.251099 -4.5000153 22.867128 -12.251099 -4.5000153 22.648527 -11.425274 -4.5000153 19.790525 -13.076925 -4.5000153 20.393702 -13.680101 -4.5000153 21.219526 -13.898701 -4.5000153 20.393702 -10.822098 -4.5000153 19.790525 -11.425274 -4.5000153 19.567877 -12.251099 -4.5000153 22.041304 -10.822098 -4.5000153 21.219526 -10.599449 -4.5000153 0.82488441 -25.92984 -4.5000153 1.4280605 -25.326664 -4.5000153 -0.00094032288 -24.500839 -4.5000153 1.6507092 -24.500839 -4.5000153 1.4280605 -23.675014 -4.5000153 -1.4299431 -25.326664 -4.5000153 -0.82676697 -25.92984 -4.5000153 -0.00094032288 -26.148441 -4.5000153 -0.82676697 -23.071838 -4.5000153 -1.4299431 -23.675014 -4.5000153 -1.6485424 -24.500839 -4.5000153 0.82488441 -23.071838 -4.5000153 -0.00094032288 -22.84919 -4.5000153 -15.416345 -22.339121 -3.5001202 -15.764486 -22.946346 -3.5001202 -14.339533 -22.630589 -3.5001202 -14.339533 -23.326872 -3.5001202 -13.262722 -22.339121 -3.5001202 -12.914579 -22.946346 -3.5001202 -12.477379 -21.553776 -3.5001202 -11.870153 -21.90192 -3.5001202 -12.189959 -20.476965 -3.5001202 -11.489626 -20.476965 -3.5001202 -12.477379 -19.404203 -3.5001202 -11.870153 -19.052013 -3.5001202 -13.262722 -18.618858 -3.5001202 -12.914579 -18.011635 -3.5001202 -14.339533 -18.327391 -3.5001202 -14.339533 -17.62706 -3.5001202 -15.416345 -18.618858 -3.5001202 -15.764486 -18.011635 -3.5001202 -16.201687 -19.404203 -3.5001202 -16.808912 -19.052013 -3.5001202 -16.489107 -20.476965 -3.5001202 -17.18944 -20.476965 -3.5001202 -16.201687 -21.553776 -3.5001202 -16.808912 -21.90192 -3.5001202 -10.566645 24.805782 -3.5001202 -10.566645 25.506115 -3.5001202 -11.639408 24.51836 -3.5001202 -11.991598 25.125587 -3.5001202 -12.428801 23.733017 -3.5001202 -13.031977 24.081161 -3.5001202 -12.71622 22.656208 -3.5001202 -13.416552 22.656208 -3.5001202 -12.428801 21.583443 -3.5001202 -13.031977 21.231255 -3.5001202 -11.639408 20.794052 -3.5001202 -11.991598 20.190876 -3.5001202 -10.566645 20.506634 -3.5001202 -10.566645 19.806301 -3.5001202 -9.4898338 20.794052 -3.5001202 -9.1416912 20.190876 -3.5001202 -8.7044907 21.583443 -3.5001202 -8.0972652 21.231255 -3.5001202 -8.4170704 22.656208 -3.5001202 -7.7167397 22.656208 -3.5001202 -8.7044907 23.733017 -3.5001202 -8.0972652 24.081161 -3.5001202 -9.4898338 24.51836 -3.5001202 -9.1416912 25.125587 -3.5001202 24.903357 -0.029697418 -3.5001202 24.903357 0.67063522 -3.5001202 23.830591 -0.31711578 -3.5001202 23.478403 0.29010773 -3.5001202 23.041201 -1.102459 -3.5001202 22.438025 -0.75431824 -3.5001202 22.753782 -2.1792717 -3.5001202 22.05345 -2.1792717 -3.5001202 23.041201 -3.2520332 -3.5001202 22.438025 -3.6042252 -3.5001202 23.830591 -4.0414238 -3.5001202 23.478403 -4.6486511 -3.5001202 24.903357 -4.328846 -3.5001202 24.903357 -5.0291767 -3.5001202 25.980165 -4.0414238 -3.5001202 26.32831 -4.6486511 -3.5001202 26.765509 -3.2520332 -3.5001202 27.372736 -3.6042252 -3.5001202 27.052931 -2.1792717 -3.5001202 27.753263 -2.1792717 -3.5001202 26.765509 -1.102459 -3.5001202 27.372736 -0.75431824 -3.5001202 25.980165 -0.31711578 -3.5001202 26.32831 0.29010773 -3.5001202 8.8888226 1.407402 -0.50043106 8.5609226 2.7797279 -3.5001202 8.9981251 -0.0013580322 -3.5001202 8.5609226 2.7797279 -0.50043106 8.0184689 4.0872841 -0.50043106 7.281702 5.2895889 -3.5001202 7.281702 5.2895889 -0.50043106 6.362772 6.3623505 -0.50043106 5.2900066 7.2812843 -3.5001202 5.2900066 7.2812843 -0.50043106 4.0877018 8.0180511 -0.50043106 2.7801476 8.5605049 -3.5001202 2.7801476 8.5605049 -0.50043106 1.4078197 8.8884048 -0.50043106 -0.00094032288 9.0017548 -3.5001202 -0.00094032288 9.0017548 -0.50043106 -1.4097023 8.8884048 -0.50043106 -2.7820282 8.5605049 -3.5001202 -2.7820282 8.5605049 -0.50043106 -4.085537 8.0180511 -0.50043106 -5.2918892 7.2812843 -3.5001202 -5.2918892 7.2812843 -0.50043106 -6.3646526 6.3623505 -0.50043106 -7.2795372 5.2895889 -3.5001202 -7.2795372 5.2895889 -0.50043106 -8.0203514 4.0872841 -0.50043106 -8.5587559 2.7797279 -3.5001202 -8.5587559 2.7797279 -0.50043106 -8.8907051 1.407402 -0.50043106 -9.0000057 -0.0013580322 -3.5001202 -9.0000057 -0.0013580322 -0.50043106 -8.8907051 -1.4060707 -0.50043106 -8.5587559 -2.7824478 -3.5001202 -8.5587559 -2.7824478 -0.50043106 -8.0203514 -4.0859566 -0.50043106 -7.2795372 -5.2882595 -3.5001202 -7.2795372 -5.2882595 -0.50043106 -6.3646526 -6.3650703 -0.50043106 -5.2918892 -7.2799549 -3.5001202 -5.2918892 -7.2799549 -0.50043106 -4.085537 -8.0207691 -0.50043106 -2.7820282 -8.5591755 -3.5001202 -2.7820282 -8.5591755 -0.50043106 -1.4097023 -8.8911247 -0.50043106 -0.00094032288 -9.0004253 -3.5001202 -0.00094032288 -9.0004253 -0.50043106 1.4078197 -8.8911247 -0.50043106 2.7801476 -8.5591755 -3.5001202 2.7801476 -8.5591755 -0.50043106 4.0877018 -8.0207691 -0.50043106 5.2900066 -7.2799549 -3.5001202 7.281702 -5.2882595 -0.50043106 7.281702 -5.2882595 -3.5001202 6.362772 -6.3650703 -0.50043106 5.2900066 -7.2799549 -0.50043106 7.7958202 -4.498867 -0.50043106 8.0184689 -4.0859566 -0.50043106 8.5609226 -2.7824478 -3.5001202 8.5609226 -2.7824478 -0.50043106 8.5609226 -2.7824478 -3.5001202 8.8888226 -1.4060707 -0.50043106 8.9981251 -0.0013580322 -3.5001202 8.9981251 -0.0013580322 -0.50043106 7.3424244 -25.395483 -4.5000153 8.0710964 -24.666813 -4.5000153 6.3425312 -23.666918 -4.5000153 8.3423214 -23.666918 -4.5000153 8.0710964 -22.667023 -4.5000153 4.6099148 -24.666813 -4.5000153 5.3426342 -25.395483 -4.5000153 6.3425312 -25.66671 -4.5000153 5.3426342 -21.934303 -4.5000153 4.6099148 -22.667023 -4.5000153 4.3427372 -23.666918 -4.5000153 7.3424244 -21.934303 -4.5000153 6.3425312 -21.667126 -4.5000153 12.475496 -19.404203 -3.5001202 11.87232 -19.052013 -3.5001202 12.188078 -20.476965 -3.5001202 11.487745 -20.476965 -3.5001202 12.475496 -21.553776 -3.5001202 11.87232 -21.90192 -3.5001202 13.264887 -22.339121 -3.5001202 12.912699 -22.946346 -3.5001202 14.337652 -22.630589 -3.5001202 14.337652 -23.326872 -3.5001202 15.414461 -22.339121 -3.5001202 15.762606 -22.946346 -3.5001202 16.199804 -21.553776 -3.5001202 16.807032 -21.90192 -3.5001202 16.491274 -20.476965 -3.5001202 17.187559 -20.476965 -3.5001202 16.199804 -19.404203 -3.5001202 16.807032 -19.052013 -3.5001202 15.414461 -18.618858 -3.5001202 15.762606 -18.011635 -3.5001202 14.337652 -18.327391 -3.5001202 14.337652 -17.62706 -3.5001202 13.264887 -18.618858 -3.5001202 12.912699 -18.011635 -3.5001202 10.564764 24.805782 -3.5001202 10.564764 25.506115 -3.5001202 9.4919987 24.51836 -3.5001202 9.1398106 25.125587 -3.5001202 8.7026081 23.733017 -3.5001202 8.0953846 24.081161 -3.5001202 8.4151897 22.656208 -3.5001202 7.7148571 22.656208 -3.5001202 8.7026081 21.583443 -3.5001202 8.0953846 21.231255 -3.5001202 9.4919987 20.794052 -3.5001202 9.1398106 20.190876 -3.5001202 10.564764 20.506634 -3.5001202 10.564764 19.806301 -3.5001202 11.641573 20.794052 -3.5001202 11.989717 20.190876 -3.5001202 12.42692 21.583443 -3.5001202 13.034143 21.231255 -3.5001202 12.714338 22.656208 -3.5001202 13.414671 22.656208 -3.5001202 12.42692 23.733017 -3.5001202 13.034143 24.081161 -3.5001202 11.641573 24.51836 -3.5001202 11.989717 25.125587 -3.5001202 -26.767391 -1.102459 -3.5001202 -27.374617 -0.75431824 -3.5001202 -27.054811 -2.1792717 -3.5001202 -27.755144 -2.1792717 -3.5001202 -26.767391 -3.2520332 -3.5001202 -27.374617 -3.6042252 -3.5001202 -25.978001 -4.0414238 -3.5001202 -26.330191 -4.6486511 -3.5001202 -24.905237 -4.328846 -3.5001202 -24.905237 -5.0291767 -3.5001202 -23.828426 -4.0414238 -3.5001202 -23.480284 -4.6486511 -3.5001202 -23.043083 -3.2520332 -3.5001202 -22.435858 -3.6042252 -3.5001202 -22.755663 -2.1792717 -3.5001202 -22.05533 -2.1792717 -3.5001202 -23.043083 -1.102459 -3.5001202 -22.435858 -0.75431824 -3.5001202 -23.828426 -0.31711578 -3.5001202 -23.480284 0.29010773 -3.5001202 -24.905237 -0.029697418 -3.5001202 -24.905237 0.67063522 -3.5001202 -25.978001 -0.31711578 -3.5001202 -26.330191 0.29010773 -3.5001202 0.82488441 23.069118 -4.5000153 1.4280605 23.676342 -4.5000153 -0.00094032288 24.498119 -4.5000153 1.6507092 24.498119 -4.5000153 1.4280605 25.323944 -4.5000153 -1.4299431 23.676342 -4.5000153 -0.82676697 23.069118 -4.5000153 -0.00094032288 22.850517 -4.5000153 -0.82676697 25.92712 -4.5000153 -1.4299431 25.323944 -4.5000153 -1.6485424 24.498119 -4.5000153 0.82488441 25.92712 -4.5000153 -0.00094032288 26.149773 -4.5000153 22.041304 10.819378 -4.5000153 22.648527 11.426605 -4.5000153 21.219526 12.248379 -4.5000153 22.867128 12.248379 -4.5000153 22.648527 13.074207 -4.5000153 19.790525 11.426605 -4.5000153 20.393702 10.819378 -4.5000153 21.219526 10.600777 -4.5000153 20.393702 13.677383 -4.5000153 19.790525 13.074207 -4.5000153 19.567877 12.248379 -4.5000153 22.041304 13.677383 -4.5000153 21.219526 13.900032 -4.5000153 -20.391537 10.819378 -4.5000153 -19.788361 11.426605 -4.5000153 -21.217361 12.248379 -4.5000153 -19.565712 12.248379 -4.5000153 -19.788361 13.074207 -4.5000153 -22.646362 11.426605 -4.5000153 -22.043186 10.819378 -4.5000153 -21.217361 10.600777 -4.5000153 -22.043186 13.677383 -4.5000153 -22.646362 13.074207 -4.5000153 -22.869011 12.248379 -4.5000153 -20.391537 13.677383 -4.5000153 -21.217361 13.900032 -4.5000153 24.178736 -12.425171 -15.806534 25.320314 -10.44562 -17.089802 24.915499 -11.14595 -14.786397 26.06518 -9.1583023 -15.458392 25.33246 -10.421329 -13.195469 26.461897 -8.4660683 -13.401925 25.33246 -10.421329 -11.402133 26.461897 -8.4660683 -11.195677 24.915499 -11.14595 -9.8152533 26.06518 -9.1583023 -9.1432581 25.320314 -10.44562 -7.5118484 24.178736 -12.425171 -8.7951164 24.332563 -12.153944 -6.5281448 23.288137 -13.96752 -8.5765162 23.235514 -14.052532 -6.325737 22.446119 -15.420811 -9.2120771 22.446119 -15.420811 -15.385526 22.174894 -15.890398 -17.672737 23.288137 -13.96752 -16.021088 23.235514 -14.052532 -18.275913 24.332563 -12.153944 -18.069458 22.174894 -15.890398 -6.9289131 21.296442 -17.416555 -8.256711 21.851042 -16.449043 -10.556067 20.713507 -18.4205 -10.13101 21.636488 -16.821476 -12.300825 20.511099 -18.77269 -12.300825 21.851042 -16.449043 -14.041535 20.713507 -18.4205 -14.466593 21.296442 -17.416555 -16.340893 3.3995152 -29.67844 -7.4997044 3.3995152 -29.67844 -15.498874 -0.80652618 -30.488071 -19.498459 -0.077856064 -30.435446 -19.437737 3.3104553 -29.706776 -16.296362 3.0594692 -29.791788 -17.04932 3.0554218 -29.791788 -17.061464 2.1162472 -30.054918 -18.352829 2.1283932 -30.050871 -18.340683 2.6587009 -29.913233 -17.741556 2.8934956 -29.844414 -17.373173 -0.004989624 -30.427349 -19.421543 0.76416206 -30.326145 -19.198895 0.77225876 -30.326145 -19.194847 1.4928303 -30.196604 -18.830511 -3.6564312 -30.281616 -19.498459 -6.9192505 -29.706776 -19.498459 -9.6679535 -28.92548 -19.498459 -13.343685 -26.723282 -15.498874 -11.096954 -28.233246 -19.194847 -10.404718 -28.593533 -19.421543 -11.914684 -33.64159 -19.25152 -11.728468 -27.864862 -18.830511 -12.266874 -27.520769 -18.352829 -12.279018 -27.512672 -18.340683 -12.728364 -27.196915 -17.741556 -12.303307 -27.496479 -18.316395 -13.270818 -26.784004 -16.296362 -13.189855 -26.848774 -16.664745 -14.250473 -33.22868 -16.855007 -13.060313 -26.949978 -17.04932 -13.060313 -26.949978 -17.061464 -13.343685 -26.723282 -7.4997044 -9.6679535 -28.92548 -3.5001202 -10.335899 -28.625917 -3.5648899 -13.270818 -26.784004 -6.7022171 -13.060313 -26.949978 -5.9492588 -13.060313 -26.949978 -5.9411621 -12.266874 -27.520769 -4.64575 -12.279018 -27.512672 -4.6578941 -12.728364 -27.196915 -5.2610703 -12.926724 -27.051182 -5.6254044 -10.404718 -28.593533 -3.577034 -11.088858 -28.237293 -3.7996845 -11.096954 -28.233246 -3.8077793 -11.728468 -27.864862 -4.1721153 -6.9192505 -29.706776 -3.5001202 -3.6564312 -30.281616 -3.5001202 -0.80652618 -30.488071 -3.5001202 -0.00094032288 -30.427349 -3.5810833 2.1324406 -30.050871 -4.6619434 1.4968796 -30.196604 -4.1721153 0.77630615 -30.326145 -3.8077793 2.4603424 -29.965858 -5.0060368 2.1567287 -30.046822 -4.6862316 3.3104553 -29.706776 -6.7103119 3.0594692 -29.791788 -5.9533062 2.6587009 -29.913233 -5.2610703 16.471033 24.919128 -7.4997044 16.471033 24.919128 -15.498874 16.551996 24.886745 -16.272072 16.78274 24.789589 -17.000742 17.2078 24.607422 -17.769894 20.215582 22.838375 -19.498459 19.616453 23.267479 -19.433687 23.195032 27.117279 -19.259617 19.559782 23.307961 -19.421543 18.899931 23.72897 -19.194847 18.264368 24.089256 -18.830511 17.68548 24.392868 -18.340683 22.263952 20.842628 -19.498459 24.393286 18.308479 -19.498459 26.000406 15.944351 -19.498459 27.401072 11.896191 -15.498874 26.648115 14.49511 -19.194847 26.348551 15.21973 -19.421543 26.895052 13.806923 -18.830511 27.085314 13.195652 -18.352829 27.089365 13.179459 -18.340683 27.235098 12.653198 -17.741556 27.09746 13.15517 -18.316395 27.380831 11.985249 -16.296362 27.36059 12.090504 -16.664745 27.328203 12.248379 -17.04932 27.328203 12.25243 -17.061464 27.401072 11.896191 -7.4997044 26.000406 15.944351 -3.5001202 26.324259 15.280453 -3.5648899 27.380831 11.981201 -6.7265053 27.328203 12.224091 -5.9978371 27.222952 12.673439 -5.2327328 27.089365 13.179459 -4.6619434 26.895052 13.802876 -4.168066 26.652163 14.491062 -3.8037319 26.352598 15.215683 -3.5810833 24.393286 18.308479 -3.5001202 22.263952 20.842628 -3.5001202 20.215582 22.838375 -3.5001202 18.899931 23.724922 -3.8077793 19.563829 23.307961 -3.577034 23.182886 27.133476 -3.747057 18.264368 24.089256 -4.1721153 17.697626 24.384773 -4.64575 17.68548 24.388821 -4.6578941 17.191607 24.623615 -5.2610703 17.673338 24.396915 -4.6700382 16.560091 24.882694 -6.7022171 16.657248 24.846264 -6.3378811 16.807032 24.785542 -5.9492588 16.811079 24.785542 -5.9411621 -19.565712 -12.251099 -4.5000153 -19.565712 -12.251099 0.0015411377 -19.788361 -11.425274 -4.5000153 -19.788361 -11.425274 0.0015411377 -19.788361 -11.425274 -4.5000153 -19.788361 -11.425274 0.0015411377 -20.391537 -10.822098 -4.5000153 -20.391537 -10.822098 0.0015411377 -20.391537 -10.822098 -4.5000153 -20.391537 -10.822098 0.0015411377 -21.217361 -10.599449 -4.5000153 -21.217361 -10.599449 0.0015411377 -21.217361 -10.599449 -4.5000153 -21.217361 -10.599449 0.0015411377 -22.043186 -10.822098 -4.5000153 -22.043186 -10.822098 0.0015411377 -22.043186 -10.822098 -4.5000153 -22.043186 -10.822098 0.0015411377 -22.646362 -11.425274 -4.5000153 -22.646362 -11.425274 0.0015411377 -22.646362 -11.425274 -4.5000153 -22.646362 -11.425274 0.0015411377 -22.869011 -12.251099 -4.5000153 -22.869011 -12.251099 0.0015411377 -22.869011 -12.251099 -4.5000153 -22.869011 -12.251099 0.0015411377 -22.646362 -13.076925 -4.5000153 -22.646362 -13.076925 0.0015411377 -22.646362 -13.076925 -4.5000153 -22.646362 -13.076925 0.0015411377 -22.043186 -13.680101 -4.5000153 -22.043186 -13.680101 0.0015411377 -22.043186 -13.680101 -4.5000153 -22.043186 -13.680101 0.0015411377 -21.217361 -13.898701 -4.5000153 -21.217361 -13.898701 0.0015411377 -21.217361 -13.898701 -4.5000153 -21.217361 -13.898701 0.0015411377 -20.391537 -13.680101 -4.5000153 -20.391537 -13.680101 0.0015411377 -20.391537 -13.680101 -4.5000153 -20.391537 -13.680101 0.0015411377 -19.788361 -13.076925 -4.5000153 -19.788361 -13.076925 0.0015411377 -19.788361 -13.076925 -4.5000153 -19.788361 -13.076925 0.0015411377 -19.565712 -12.251099 -4.5000153 -19.565712 -12.251099 0.0015411377 22.867128 -12.251099 -4.5000153 22.867128 -12.251099 0.0015411377 22.648527 -11.425274 -4.5000153 22.648527 -11.425274 0.0015411377 22.648527 -11.425274 -4.5000153 22.648527 -11.425274 0.0015411377 22.041304 -10.822098 -4.5000153 22.041304 -10.822098 0.0015411377 22.041304 -10.822098 -4.5000153 22.041304 -10.822098 0.0015411377 21.219526 -10.599449 -4.5000153 21.219526 -10.599449 0.0015411377 21.219526 -10.599449 -4.5000153 21.219526 -10.599449 0.0015411377 20.393702 -10.822098 -4.5000153 20.393702 -10.822098 0.0015411377 20.393702 -10.822098 -4.5000153 20.393702 -10.822098 0.0015411377 19.790525 -11.425274 -4.5000153 19.790525 -11.425274 0.0015411377 19.790525 -11.425274 -4.5000153 19.790525 -11.425274 0.0015411377 19.567877 -12.251099 -4.5000153 19.567877 -12.251099 0.0015411377 19.567877 -12.251099 -4.5000153 19.567877 -12.251099 0.0015411377 19.790525 -13.076925 -4.5000153 19.790525 -13.076925 0.0015411377 19.790525 -13.076925 -4.5000153 19.790525 -13.076925 0.0015411377 20.393702 -13.680101 -4.5000153 20.393702 -13.680101 0.0015411377 20.393702 -13.680101 -4.5000153 20.393702 -13.680101 0.0015411377 21.219526 -13.898701 -4.5000153 21.219526 -13.898701 0.0015411377 21.219526 -13.898701 -4.5000153 21.219526 -13.898701 0.0015411377 22.041304 -13.680101 -4.5000153 22.041304 -13.680101 0.0015411377 22.041304 -13.680101 -4.5000153 22.041304 -13.680101 0.0015411377 22.648527 -13.076925 -4.5000153 22.648527 -13.076925 0.0015411377 22.648527 -13.076925 -4.5000153 22.648527 -13.076925 0.0015411377 22.867128 -12.251099 -4.5000153 22.867128 -12.251099 0.0015411377 1.6507092 -24.500839 -4.5000153 1.6507092 -24.500839 0.0015411377 1.4280605 -23.675014 -4.5000153 1.4280605 -23.675014 0.0015411377 1.4280605 -23.675014 -4.5000153 1.4280605 -23.675014 0.0015411377 0.82488441 -23.071838 -4.5000153 0.82488441 -23.071838 0.0015411377 0.82488441 -23.071838 -4.5000153 0.82488441 -23.071838 0.0015411377 -0.00094032288 -22.84919 -4.5000153 -0.00094032288 -22.84919 0.0015411377 -0.00094032288 -22.84919 -4.5000153 -0.00094032288 -22.84919 0.0015411377 -0.82676697 -23.071838 -4.5000153 -0.82676697 -23.071838 0.0015411377 -0.82676697 -23.071838 -4.5000153 -0.82676697 -23.071838 0.0015411377 -1.4299431 -23.675014 -4.5000153 -1.4299431 -23.675014 0.0015411377 -1.4299431 -23.675014 -4.5000153 -1.4299431 -23.675014 0.0015411377 -1.6485424 -24.500839 -4.5000153 -1.6485424 -24.500839 0.0015411377 -1.6485424 -24.500839 -4.5000153 -1.6485424 -24.500839 0.0015411377 -1.4299431 -25.326664 -4.5000153 -1.4299431 -25.326664 0.0015411377 -1.4299431 -25.326664 -4.5000153 -1.4299431 -25.326664 0.0015411377 -0.82676697 -25.92984 -4.5000153 -0.82676697 -25.92984 0.0015411377 -0.82676697 -25.92984 -4.5000153 -0.82676697 -25.92984 0.0015411377 -0.00094032288 -26.148441 -4.5000153 -0.00094032288 -26.148441 0.0015411377 -0.00094032288 -26.148441 -4.5000153 -0.00094032288 -26.148441 0.0015411377 0.82488441 -25.92984 -4.5000153 0.82488441 -25.92984 0.0015411377 0.82488441 -25.92984 -4.5000153 0.82488441 -25.92984 0.0015411377 1.4280605 -25.326664 -4.5000153 1.4280605 -25.326664 0.0015411377 1.4280605 -25.326664 -4.5000153 1.4280605 -25.326664 0.0015411377 1.6507092 -24.500839 -4.5000153 1.6507092 -24.500839 0.0015411377 -11.489626 -20.476965 -3.5001202 -11.489626 -20.476965 0.0015411377 -11.870153 -19.052013 -3.5001202 -11.870153 -19.052013 0.0015411377 -11.870153 -19.052013 -3.5001202 -11.870153 -19.052013 0.0015411377 -12.914579 -18.011635 -3.5001202 -12.914579 -18.011635 0.0015411377 -12.914579 -18.011635 -3.5001202 -12.914579 -18.011635 0.0015411377 -14.339533 -17.62706 -3.5001202 -14.339533 -17.62706 0.0015411377 -14.339533 -17.62706 -3.5001202 -14.339533 -17.62706 0.0015411377 -15.764486 -18.011635 -3.5001202 -15.764486 -18.011635 0.0015411377 -15.764486 -18.011635 -3.5001202 -15.764486 -18.011635 0.0015411377 -16.808912 -19.052013 -3.5001202 -16.808912 -19.052013 0.0015411377 -16.808912 -19.052013 -3.5001202 -16.808912 -19.052013 0.0015411377 -17.18944 -20.476965 -3.5001202 -17.18944 -20.476965 0.0015411377 -17.18944 -20.476965 -3.5001202 -17.18944 -20.476965 0.0015411377 -16.808912 -21.90192 -3.5001202 -16.808912 -21.90192 0.0015411377 -16.808912 -21.90192 -3.5001202 -16.808912 -21.90192 0.0015411377 -15.764486 -22.946346 -3.5001202 -15.764486 -22.946346 0.0015411377 -15.764486 -22.946346 -3.5001202 -15.764486 -22.946346 0.0015411377 -14.339533 -23.326872 -3.5001202 -14.339533 -23.326872 0.0015411377 -14.339533 -23.326872 -3.5001202 -14.339533 -23.326872 0.0015411377 -12.914579 -22.946346 -3.5001202 -12.914579 -22.946346 0.0015411377 -12.914579 -22.946346 -3.5001202 -12.914579 -22.946346 0.0015411377 -11.870153 -21.90192 -3.5001202 -11.870153 -21.90192 0.0015411377 -11.870153 -21.90192 -3.5001202 -11.870153 -21.90192 0.0015411377 -11.489626 -20.476965 -3.5001202 -11.489626 -20.476965 0.0015411377 -7.7167397 22.656208 -3.5001202 -7.7167397 22.656208 0.0015411377 -8.0972652 24.081161 -3.5001202 -8.0972652 24.081161 0.0015411377 -8.0972652 24.081161 -3.5001202 -8.0972652 24.081161 0.0015411377 -9.1416912 25.125587 -3.5001202 -9.1416912 25.125587 0.0015411377 -9.1416912 25.125587 -3.5001202 -9.1416912 25.125587 0.0015411377 -10.566645 25.506115 -3.5001202 -10.566645 25.506115 0.0015411377 -10.566645 25.506115 -3.5001202 -10.566645 25.506115 0.0015411377 -11.991598 25.125587 -3.5001202 -11.991598 25.125587 0.0015411377 -11.991598 25.125587 -3.5001202 -11.991598 25.125587 0.0015411377 -13.031977 24.081161 -3.5001202 -13.031977 24.081161 0.0015411377 -13.031977 24.081161 -3.5001202 -13.031977 24.081161 0.0015411377 -13.416552 22.656208 -3.5001202 -13.416552 22.656208 0.0015411377 -13.416552 22.656208 -3.5001202 -13.416552 22.656208 0.0015411377 -13.031977 21.231255 -3.5001202 -13.031977 21.231255 0.0015411377 -13.031977 21.231255 -3.5001202 -13.031977 21.231255 0.0015411377 -11.991598 20.190876 -3.5001202 -11.991598 20.190876 0.0015411377 -11.991598 20.190876 -3.5001202 -11.991598 20.190876 0.0015411377 -10.566645 19.806301 -3.5001202 -10.566645 19.806301 0.0015411377 -10.566645 19.806301 -3.5001202 -10.566645 19.806301 0.0015411377 -9.1416912 20.190876 -3.5001202 -9.1416912 20.190876 0.0015411377 -9.1416912 20.190876 -3.5001202 -9.1416912 20.190876 0.0015411377 -8.0972652 21.231255 -3.5001202 -8.0972652 21.231255 0.0015411377 -8.0972652 21.231255 -3.5001202 -8.0972652 21.231255 0.0015411377 -7.7167397 22.656208 -3.5001202 -7.7167397 22.656208 0.0015411377 27.753263 -2.1792717 -3.5001202 27.753263 -2.1792717 0.0015411377 27.372736 -0.75431824 -3.5001202 27.372736 -0.75431824 0.0015411377 27.372736 -0.75431824 -3.5001202 27.372736 -0.75431824 0.0015411377 26.32831 0.29010773 -3.5001202 26.32831 0.29010773 0.0015411377 26.32831 0.29010773 -3.5001202 26.32831 0.29010773 0.0015411377 24.903357 0.67063522 -3.5001202 24.903357 0.67063522 0.0015411377 24.903357 0.67063522 -3.5001202 24.903357 0.67063522 0.0015411377 23.478403 0.29010773 -3.5001202 23.478403 0.29010773 0.0015411377 23.478403 0.29010773 -3.5001202 23.478403 0.29010773 0.0015411377 22.438025 -0.75431824 -3.5001202 22.438025 -0.75431824 0.0015411377 22.438025 -0.75431824 -3.5001202 22.438025 -0.75431824 0.0015411377 22.05345 -2.1792717 -3.5001202 22.05345 -2.1792717 0.0015411377 22.05345 -2.1792717 -3.5001202 22.05345 -2.1792717 0.0015411377 22.438025 -3.6042252 -3.5001202 22.438025 -3.6042252 0.0015411377 22.438025 -3.6042252 -3.5001202 22.438025 -3.6042252 0.0015411377 23.478403 -4.6486511 -3.5001202 23.478403 -4.6486511 0.0015411377 23.478403 -4.6486511 -3.5001202 23.478403 -4.6486511 0.0015411377 24.903357 -5.0291767 -3.5001202 24.903357 -5.0291767 0.0015411377 24.903357 -5.0291767 -3.5001202 24.903357 -5.0291767 0.0015411377 26.32831 -4.6486511 -3.5001202 26.32831 -4.6486511 0.0015411377 26.32831 -4.6486511 -3.5001202 26.32831 -4.6486511 0.0015411377 27.372736 -3.6042252 -3.5001202 27.372736 -3.6042252 0.0015411377 27.372736 -3.6042252 -3.5001202 27.372736 -3.6042252 0.0015411377 27.753263 -2.1792717 -3.5001202 27.753263 -2.1792717 0.0015411377 8.8442936 -3.4706345 0.0015411377 9.4717579 -0.70978928 0.0015411377 8.8888226 -1.4060707 -0.50043106 8.5609226 -2.7824478 -0.50043106 8.0184689 -4.0859566 -0.50043106 7.4274387 -5.9238205 0.0015411377 7.7958202 -4.498867 -0.50043106 7.281702 -5.2882595 -0.50043106 7.4274387 -5.9238205 0.0015411377 6.362772 -6.3650703 -0.50043106 5.350729 -7.8507462 0.0015411377 5.2900066 -7.2799549 -0.50043106 5.350729 -7.8507462 0.0015411377 4.0877018 -8.0207691 -0.50043106 2.8003883 -9.0773392 0.0015411377 2.7801476 -8.5591755 -0.50043106 1.4078197 -8.8911247 -0.50043106 -0.00094032288 -9.4983482 0.0015411377 -0.00094032288 -9.0004253 -0.50043106 -2.7982216 -9.0773392 0.0015411377 -1.4097023 -8.8911247 -0.50043106 -2.7820282 -8.5591755 -0.50043106 -5.3526115 -7.8507462 0.0015411377 -4.085537 -8.0207691 -0.50043106 -5.2918892 -7.2799549 -0.50043106 -7.4293194 -5.9238205 0.0015411377 -6.3646526 -6.3650703 -0.50043106 -7.2795372 -5.2882595 -0.50043106 -8.8421288 -3.4706345 0.0015411377 -8.0203514 -4.0859566 -0.50043106 -8.5587559 -2.7824478 -0.50043106 -9.4736423 -0.70978928 0.0015411377 -8.8907051 -1.4060707 -0.50043106 -9.0000057 -0.0013580322 -0.50043106 -9.2631378 2.1158295 0.0015411377 -8.8907051 1.407402 -0.50043106 -8.5587559 2.7797279 -0.50043106 -8.2268066 4.7511826 0.0015411377 -8.0203514 4.0872841 -0.50043106 -7.2795372 5.2895889 -0.50043106 -6.4618092 6.9655266 0.0015411377 -6.3646526 6.3623505 -0.50043106 -5.2918892 7.2812843 -0.50043106 -4.1219711 8.5605049 0.0015411377 -4.085537 8.0180511 -0.50043106 -2.7820282 8.5605049 -0.50043106 -1.4177971 9.3944244 0.0015411377 -1.4097023 8.8884048 -0.50043106 -0.00094032288 9.0017548 -0.50043106 1.4159164 9.3944244 0.0015411377 1.4078197 8.8884048 -0.50043106 4.1200886 8.5605049 0.0015411377 2.7801476 8.5605049 -0.50043106 4.0877018 8.0180511 -0.50043106 6.4599247 6.9655266 0.0015411377 5.2900066 7.2812843 -0.50043106 6.362772 6.3623505 -0.50043106 8.2289753 4.7511826 0.0015411377 7.281702 5.2895889 -0.50043106 8.0184689 4.0872841 -0.50043106 9.2612553 2.1158295 0.0015411377 8.5609226 2.7797279 -0.50043106 8.8888226 1.407402 -0.50043106 8.9981251 -0.0013580322 -0.50043106 8.3423214 -23.666918 -4.5000153 8.3423214 -23.666918 0.0015411377 8.0710964 -22.667023 -4.5000153 8.0710964 -22.667023 0.0015411377 8.0710964 -22.667023 -4.5000153 8.0710964 -22.667023 0.0015411377 7.3424244 -21.934303 -4.5000153 7.3424244 -21.934303 0.0015411377 7.3424244 -21.934303 -4.5000153 7.3424244 -21.934303 0.0015411377 6.3425312 -21.667126 -4.5000153 6.3425312 -21.667126 0.0015411377 6.3425312 -21.667126 -4.5000153 6.3425312 -21.667126 0.0015411377 5.3426342 -21.934303 -4.5000153 5.3426342 -21.934303 0.0015411377 5.3426342 -21.934303 -4.5000153 5.3426342 -21.934303 0.0015411377 4.6099148 -22.667023 -4.5000153 4.6099148 -22.667023 0.0015411377 4.6099148 -22.667023 -4.5000153 4.6099148 -22.667023 0.0015411377 4.3427372 -23.666918 -4.5000153 4.3427372 -23.666918 0.0015411377 4.3427372 -23.666918 -4.5000153 4.3427372 -23.666918 0.0015411377 4.6099148 -24.666813 -4.5000153 4.6099148 -24.666813 0.0015411377 4.6099148 -24.666813 -4.5000153 4.6099148 -24.666813 0.0015411377 5.3426342 -25.395483 -4.5000153 5.3426342 -25.395483 0.0015411377 5.3426342 -25.395483 -4.5000153 5.3426342 -25.395483 0.0015411377 6.3425312 -25.66671 -4.5000153 6.3425312 -25.66671 0.0015411377 6.3425312 -25.66671 -4.5000153 6.3425312 -25.66671 0.0015411377 7.3424244 -25.395483 -4.5000153 7.3424244 -25.395483 0.0015411377 7.3424244 -25.395483 -4.5000153 7.3424244 -25.395483 0.0015411377 8.0710964 -24.666813 -4.5000153 8.0710964 -24.666813 0.0015411377 8.0710964 -24.666813 -4.5000153 8.0710964 -24.666813 0.0015411377 8.3423214 -23.666918 -4.5000153 8.3423214 -23.666918 0.0015411377 17.187559 -20.476965 -3.5001202 17.187559 -20.476965 0.0015411377 16.807032 -19.052013 -3.5001202 16.807032 -19.052013 0.0015411377 16.807032 -19.052013 -3.5001202 16.807032 -19.052013 0.0015411377 15.762606 -18.011635 -3.5001202 15.762606 -18.011635 0.0015411377 15.762606 -18.011635 -3.5001202 15.762606 -18.011635 0.0015411377 14.337652 -17.62706 -3.5001202 14.337652 -17.62706 0.0015411377 14.337652 -17.62706 -3.5001202 14.337652 -17.62706 0.0015411377 12.912699 -18.011635 -3.5001202 12.912699 -18.011635 0.0015411377 12.912699 -18.011635 -3.5001202 12.912699 -18.011635 0.0015411377 11.87232 -19.052013 -3.5001202 11.87232 -19.052013 0.0015411377 11.87232 -19.052013 -3.5001202 11.87232 -19.052013 0.0015411377 11.487745 -20.476965 -3.5001202 11.487745 -20.476965 0.0015411377 11.487745 -20.476965 -3.5001202 11.487745 -20.476965 0.0015411377 11.87232 -21.90192 -3.5001202 11.87232 -21.90192 0.0015411377 11.87232 -21.90192 -3.5001202 11.87232 -21.90192 0.0015411377 12.912699 -22.946346 -3.5001202 12.912699 -22.946346 0.0015411377 12.912699 -22.946346 -3.5001202 12.912699 -22.946346 0.0015411377 14.337652 -23.326872 -3.5001202 14.337652 -23.326872 0.0015411377 14.337652 -23.326872 -3.5001202 14.337652 -23.326872 0.0015411377 15.762606 -22.946346 -3.5001202 15.762606 -22.946346 0.0015411377 15.762606 -22.946346 -3.5001202 15.762606 -22.946346 0.0015411377 16.807032 -21.90192 -3.5001202 16.807032 -21.90192 0.0015411377 16.807032 -21.90192 -3.5001202 16.807032 -21.90192 0.0015411377 17.187559 -20.476965 -3.5001202 17.187559 -20.476965 0.0015411377 13.414671 22.656208 -3.5001202 13.414671 22.656208 0.0015411377 13.034143 24.081161 -3.5001202 13.034143 24.081161 0.0015411377 13.034143 24.081161 -3.5001202 13.034143 24.081161 0.0015411377 11.989717 25.125587 -3.5001202 11.989717 25.125587 0.0015411377 11.989717 25.125587 -3.5001202 11.989717 25.125587 0.0015411377 10.564764 25.506115 -3.5001202 10.564764 25.506115 0.0015411377 10.564764 25.506115 -3.5001202 10.564764 25.506115 0.0015411377 9.1398106 25.125587 -3.5001202 9.1398106 25.125587 0.0015411377 9.1398106 25.125587 -3.5001202 9.1398106 25.125587 0.0015411377 8.0953846 24.081161 -3.5001202 8.0953846 24.081161 0.0015411377 8.0953846 24.081161 -3.5001202 8.0953846 24.081161 0.0015411377 7.7148571 22.656208 -3.5001202 7.7148571 22.656208 0.0015411377 7.7148571 22.656208 -3.5001202 7.7148571 22.656208 0.0015411377 8.0953846 21.231255 -3.5001202 8.0953846 21.231255 0.0015411377 8.0953846 21.231255 -3.5001202 8.0953846 21.231255 0.0015411377 9.1398106 20.190876 -3.5001202 9.1398106 20.190876 0.0015411377 9.1398106 20.190876 -3.5001202 9.1398106 20.190876 0.0015411377 10.564764 19.806301 -3.5001202 10.564764 19.806301 0.0015411377 10.564764 19.806301 -3.5001202 10.564764 19.806301 0.0015411377 11.989717 20.190876 -3.5001202 11.989717 20.190876 0.0015411377 11.989717 20.190876 -3.5001202 11.989717 20.190876 0.0015411377 13.034143 21.231255 -3.5001202 13.034143 21.231255 0.0015411377 13.034143 21.231255 -3.5001202 13.034143 21.231255 0.0015411377 13.414671 22.656208 -3.5001202 13.414671 22.656208 0.0015411377 -22.05533 -2.1792717 -3.5001202 -22.05533 -2.1792717 0.0015411377 -22.435858 -0.75431824 -3.5001202 -22.435858 -0.75431824 0.0015411377 -22.435858 -0.75431824 -3.5001202 -22.435858 -0.75431824 0.0015411377 -23.480284 0.29010773 -3.5001202 -23.480284 0.29010773 0.0015411377 -23.480284 0.29010773 -3.5001202 -23.480284 0.29010773 0.0015411377 -24.905237 0.67063522 -3.5001202 -24.905237 0.67063522 0.0015411377 -24.905237 0.67063522 -3.5001202 -24.905237 0.67063522 0.0015411377 -26.330191 0.29010773 -3.5001202 -26.330191 0.29010773 0.0015411377 -26.330191 0.29010773 -3.5001202 -26.330191 0.29010773 0.0015411377 -27.374617 -0.75431824 -3.5001202 -27.374617 -0.75431824 0.0015411377 -27.374617 -0.75431824 -3.5001202 -27.374617 -0.75431824 0.0015411377 -27.755144 -2.1792717 -3.5001202 -27.755144 -2.1792717 0.0015411377 -27.755144 -2.1792717 -3.5001202 -27.755144 -2.1792717 0.0015411377 -27.374617 -3.6042252 -3.5001202 -27.374617 -3.6042252 0.0015411377 -27.374617 -3.6042252 -3.5001202 -27.374617 -3.6042252 0.0015411377 -26.330191 -4.6486511 -3.5001202 -26.330191 -4.6486511 0.0015411377 -26.330191 -4.6486511 -3.5001202 -26.330191 -4.6486511 0.0015411377 -24.905237 -5.0291767 -3.5001202 -24.905237 -5.0291767 0.0015411377 -24.905237 -5.0291767 -3.5001202 -24.905237 -5.0291767 0.0015411377 -23.480284 -4.6486511 -3.5001202 -23.480284 -4.6486511 0.0015411377 -23.480284 -4.6486511 -3.5001202 -23.480284 -4.6486511 0.0015411377 -22.435858 -3.6042252 -3.5001202 -22.435858 -3.6042252 0.0015411377 -22.435858 -3.6042252 -3.5001202 -22.435858 -3.6042252 0.0015411377 -22.05533 -2.1792717 -3.5001202 -22.05533 -2.1792717 0.0015411377 1.6507092 24.498119 -4.5000153 1.6507092 24.498119 0.0015411377 1.4280605 25.323944 -4.5000153 1.4280605 25.323944 0.0015411377 1.4280605 25.323944 -4.5000153 1.4280605 25.323944 0.0015411377 0.82488441 25.92712 -4.5000153 0.82488441 25.92712 0.0015411377 0.82488441 25.92712 -4.5000153 0.82488441 25.92712 0.0015411377 -0.00094032288 26.149773 -4.5000153 -0.00094032288 26.149773 0.0015411377 -0.00094032288 26.149773 -4.5000153 -0.00094032288 26.149773 0.0015411377 -0.82676697 25.92712 -4.5000153 -0.82676697 25.92712 0.0015411377 -0.82676697 25.92712 -4.5000153 -0.82676697 25.92712 0.0015411377 -1.4299431 25.323944 -4.5000153 -1.4299431 25.323944 0.0015411377 -1.4299431 25.323944 -4.5000153 -1.4299431 25.323944 0.0015411377 -1.6485424 24.498119 -4.5000153 -1.6485424 24.498119 0.0015411377 -1.6485424 24.498119 -4.5000153 -1.6485424 24.498119 0.0015411377 -1.4299431 23.676342 -4.5000153 -1.4299431 23.676342 0.0015411377 -1.4299431 23.676342 -4.5000153 -1.4299431 23.676342 0.0015411377 -0.82676697 23.069118 -4.5000153 -0.82676697 23.069118 0.0015411377 -0.82676697 23.069118 -4.5000153 -0.82676697 23.069118 0.0015411377 -0.00094032288 22.850517 -4.5000153 -0.00094032288 22.850517 0.0015411377 -0.00094032288 22.850517 -4.5000153 -0.00094032288 22.850517 0.0015411377 0.82488441 23.069118 -4.5000153 0.82488441 23.069118 0.0015411377 0.82488441 23.069118 -4.5000153 0.82488441 23.069118 0.0015411377 1.4280605 23.676342 -4.5000153 1.4280605 23.676342 0.0015411377 1.4280605 23.676342 -4.5000153 1.4280605 23.676342 0.0015411377 1.6507092 24.498119 -4.5000153 1.6507092 24.498119 0.0015411377 22.867128 12.248379 -4.5000153 22.867128 12.248379 0.0015411377 22.648527 13.074207 -4.5000153 22.648527 13.074207 0.0015411377 22.648527 13.074207 -4.5000153 22.648527 13.074207 0.0015411377 22.041304 13.677383 -4.5000153 22.041304 13.677383 0.0015411377 22.041304 13.677383 -4.5000153 22.041304 13.677383 0.0015411377 21.219526 13.900032 -4.5000153 21.219526 13.900032 0.0015411377 21.219526 13.900032 -4.5000153 21.219526 13.900032 0.0015411377 20.393702 13.677383 -4.5000153 20.393702 13.677383 0.0015411377 20.393702 13.677383 -4.5000153 20.393702 13.677383 0.0015411377 19.790525 13.074207 -4.5000153 19.790525 13.074207 0.0015411377 19.790525 13.074207 -4.5000153 19.790525 13.074207 0.0015411377 19.567877 12.248379 -4.5000153 19.567877 12.248379 0.0015411377 19.567877 12.248379 -4.5000153 19.567877 12.248379 0.0015411377 19.790525 11.426605 -4.5000153 19.790525 11.426605 0.0015411377 19.790525 11.426605 -4.5000153 19.790525 11.426605 0.0015411377 20.393702 10.819378 -4.5000153 20.393702 10.819378 0.0015411377 20.393702 10.819378 -4.5000153 20.393702 10.819378 0.0015411377 21.219526 10.600777 -4.5000153 21.219526 10.600777 0.0015411377 21.219526 10.600777 -4.5000153 21.219526 10.600777 0.0015411377 22.041304 10.819378 -4.5000153 22.041304 10.819378 0.0015411377 22.041304 10.819378 -4.5000153 22.041304 10.819378 0.0015411377 22.648527 11.426605 -4.5000153 22.648527 11.426605 0.0015411377 22.648527 11.426605 -4.5000153 22.648527 11.426605 0.0015411377 22.867128 12.248379 -4.5000153 22.867128 12.248379 0.0015411377 -19.565712 12.248379 -4.5000153 -19.565712 12.248379 0.0015411377 -19.788361 13.074207 -4.5000153 -19.788361 13.074207 0.0015411377 -19.788361 13.074207 -4.5000153 -19.788361 13.074207 0.0015411377 -20.391537 13.677383 -4.5000153 -20.391537 13.677383 0.0015411377 -20.391537 13.677383 -4.5000153 -20.391537 13.677383 0.0015411377 -21.217361 13.900032 -4.5000153 -21.217361 13.900032 0.0015411377 -21.217361 13.900032 -4.5000153 -21.217361 13.900032 0.0015411377 -22.043186 13.677383 -4.5000153 -22.043186 13.677383 0.0015411377 -22.043186 13.677383 -4.5000153 -22.043186 13.677383 0.0015411377 -22.646362 13.074207 -4.5000153 -22.646362 13.074207 0.0015411377 -22.646362 13.074207 -4.5000153 -22.646362 13.074207 0.0015411377 -22.869011 12.248379 -4.5000153 -22.869011 12.248379 0.0015411377 -22.869011 12.248379 -4.5000153 -22.869011 12.248379 0.0015411377 -22.646362 11.426605 -4.5000153 -22.646362 11.426605 0.0015411377 -22.646362 11.426605 -4.5000153 -22.646362 11.426605 0.0015411377 -22.043186 10.819378 -4.5000153 -22.043186 10.819378 0.0015411377 -22.043186 10.819378 -4.5000153 -22.043186 10.819378 0.0015411377 -21.217361 10.600777 -4.5000153 -21.217361 10.600777 0.0015411377 -21.217361 10.600777 -4.5000153 -21.217361 10.600777 0.0015411377 -20.391537 10.819378 -4.5000153 -20.391537 10.819378 0.0015411377 -20.391537 10.819378 -4.5000153 -20.391537 10.819378 0.0015411377 -19.788361 11.426605 -4.5000153 -19.788361 11.426605 0.0015411377 -19.788361 11.426605 -4.5000153 -19.788361 11.426605 0.0015411377 -19.565712 12.248379 -4.5000153 -19.565712 12.248379 0.0015411377 23.846785 -14.6719 -18.247576 23.968229 -14.477589 -18.275913 23.235514 -14.052532 -18.275913 22.786165 -16.230444 -6.9248657 22.174894 -15.890398 -6.9289131 23.425776 -15.323654 -6.5079041 23.235514 -14.052532 -6.325737 23.968229 -14.477589 -6.325737 24.049192 -14.335903 -6.3135929 25.150293 -12.283485 -6.621254 25.020754 -12.550663 -6.5281448 24.332563 -12.153944 -6.5281448 24.62808 -13.311718 -6.3500271 24.247553 -13.999907 -6.3014488 25.587496 -11.303829 -7.1070328 25.320314 -10.44562 -7.5118484 25.818239 -10.728991 -7.5118484 26.405222 -9.0368576 -9.6411829 26.324259 -9.3080845 -9.1392107 26.06518 -9.1583023 -9.1432581 26.21496 -9.6359863 -8.6493826 25.939684 -10.409185 -7.791172 26.530718 -8.6239452 -10.746331 26.461897 -8.4660683 -11.195677 26.461897 -8.4660683 -11.195677 26.559053 -8.5227413 -11.195677 26.583342 -8.4336815 -11.904105 26.583342 -8.4336815 -11.904105 26.461897 -8.4660683 -11.195677 26.461897 -8.4660683 -13.401925 26.461897 -8.4660683 -13.401925 26.571199 -8.4741631 -13.086169 26.324259 -9.3080845 -15.458392 26.352598 -9.2149773 -15.300514 26.06518 -9.1583023 -15.458392 26.494284 -8.7372952 -14.231799 26.06518 -9.1583023 -15.458392 26.494284 -8.7372952 -14.231799 26.461897 -8.4660683 -13.401925 26.461897 -8.4660683 -13.401925 26.559053 -8.5227413 -13.401925 26.12995 -9.8788757 -16.259928 25.320314 -10.44562 -17.089802 25.834433 -10.692556 -17.057417 25.449858 -11.623634 -17.680834 24.332563 -12.153944 -18.069458 25.020754 -12.550663 -18.069458 24.247553 -13.999907 -18.300201 24.445913 -13.655811 -18.288057 24.98432 -12.623531 -18.093746 23.215273 -15.631315 -17.980398 22.174894 -15.890398 -17.672737 22.782118 -16.242588 -17.672737 21.296442 -17.416555 -16.340893 21.672922 -17.631107 -16.340893 21.984629 -17.258677 -16.810478 22.583757 -16.505718 -17.494617 20.733747 -18.65934 -13.863416 20.875433 -18.513607 -14.466593 20.713507 -18.4205 -14.466593 21.029264 -18.351681 -14.960468 21.454321 -17.882093 -15.956316 20.713507 -18.4205 -14.466593 20.596109 -18.805075 -12.693497 20.511099 -18.77269 -12.300825 20.511099 -18.77269 -12.300825 20.588015 -18.813171 -12.300825 20.624449 -18.776737 -11.51953 20.624449 -18.776737 -11.51953 20.511099 -18.77269 -12.300825 20.713507 -18.4205 -10.13101 20.713507 -18.4205 -10.13101 20.814711 -18.578377 -10.369852 21.296442 -17.416555 -8.256711 21.154757 -18.214043 -9.2970886 20.875433 -18.513607 -10.13101 22.782118 -16.242588 -6.9289131 22.178942 -17.023884 -7.5442333 21.620295 -17.69183 -8.3457708 5.0147343 -28.055126 -15.498874 5.0147343 -28.055126 -7.4997044 4.2658215 -28.354691 -15.498874 4.2658215 -28.354691 -7.4997044 3.9541149 -28.609726 -15.498874 3.9541149 -28.609726 -7.4997044 3.6950321 -28.92548 -15.498874 3.6950321 -28.92548 -7.4997044 1.5535526 -29.532705 -19.008631 0.019300461 -29.710825 -19.579422 -0.7862854 -29.791788 -19.623951 0.0031070709 -28.500423 -21.445625 0.57389832 -28.492329 -21.332275 0.217659 -28.634014 -20.676474 3.5047665 -28.281822 -19.522747 4.1281834 -28.200859 -18.672634 3.5169125 -28.391125 -18.494514 -0.75389862 -28.488279 -21.498251 -0.66888809 -28.492329 -21.498251 -0.75794792 -28.609726 -20.822208 -0.75794792 -28.609726 -20.822208 -0.46648026 -28.496376 -21.490154 0.019300461 -29.710825 -19.579422 -0.7862854 -29.791788 -19.623951 -0.7862854 -29.791788 -19.623951 0.096214294 -29.059071 -20.020672 -0.77009201 -29.067167 -20.093538 0.096214294 -29.059071 -20.020672 -0.77009201 -29.067167 -20.093538 -0.75794792 -28.609726 -20.822208 0.80869102 -29.633909 -19.364868 0.95037651 -29.010492 -19.785877 0.95037651 -29.010492 -19.785877 1.173027 -28.601627 -20.393103 1.5859394 -28.455894 -20.967941 1.7559624 -28.941673 -19.393206 2.0636215 -28.544954 -19.927563 2.5291615 -28.387075 -20.413343 2.2215004 -29.419357 -18.514755 2.4724865 -28.856663 -18.846704 2.853014 -28.468039 -19.287954 3.3549862 -28.302063 -19.688723 3.07971 -28.767603 -18.150421 2.7841949 -29.306007 -17.887289 3.2133007 -29.208853 -17.158621 3.5492992 -28.68664 -17.340788 4.0188847 -28.318256 -17.575581 4.6180134 -28.123945 -17.66464 3.488575 -29.140034 -16.353035 3.8488598 -28.629967 -16.450191 4.3427372 -28.265631 -16.567589 4.9135265 -28.07132 -16.599974 -6.7613716 -29.026686 -19.623951 -3.5754681 -29.58938 -19.623951 -3.5754681 -29.58938 -19.623951 -3.4864082 -28.868807 -20.093538 -3.4864082 -28.868807 -20.093538 -3.4337826 -28.411366 -20.822208 -3.1706524 -28.322304 -21.498251 -3.4337826 -28.411366 -20.822208 -3.4337826 -28.411366 -20.822208 -4.9477959 -28.06727 -21.498251 -5.5631161 -27.949875 -21.498251 -9.0728741 -27.140242 -20.822208 -9.0364399 -27.030941 -21.498251 -7.9191475 -27.379082 -21.498251 -9.4493523 -28.265631 -19.623951 -6.7613716 -29.026686 -19.623951 -9.2186069 -27.577442 -20.093538 -6.5953979 -28.322304 -20.093538 -6.5953979 -28.322304 -20.093538 -9.2186069 -27.577442 -20.093538 -9.0728741 -27.140242 -20.822208 -6.4901447 -27.872959 -20.822208 -6.4901447 -27.872959 -20.822208 -13.367974 -25.917696 -15.498874 -13.246529 -26.188923 -16.353035 -9.7489166 -26.779955 -21.445625 -9.9999027 -26.832581 -20.676474 -10.007999 -26.686848 -21.397047 -10.882402 -26.476343 -20.393103 -10.955269 -26.310368 -21.093435 -11.70013 -26.116056 -19.927563 -11.833721 -25.92984 -20.603607 -12.615016 -25.557411 -19.931612 -12.420704 -25.776011 -19.287954 -12.833616 -25.448109 -19.688723 -13.011736 -25.476448 -18.494514 -13.440841 -25.132353 -18.822414 -13.461082 -25.233557 -17.575581 -13.894235 -24.881367 -17.838711 -13.748501 -25.07568 -16.567589 -14.189751 -24.715393 -16.7619 -14.307148 -24.650621 -15.721522 -13.708019 -25.184978 -15.498874 -14.307148 -24.646572 -15.498874 -10.178022 -27.913441 -19.579422 -10.02824 -27.27383 -20.020672 -10.898594 -27.569347 -19.364868 -12.149477 -26.885208 -18.514755 -11.562494 -27.221205 -19.008631 -12.639304 -26.589691 -17.887289 -13.011736 -26.346802 -17.158621 -10.02824 -27.27383 -20.020672 -10.817631 -26.937834 -19.785877 -11.546301 -26.597788 -19.393206 -12.194006 -26.269886 -18.846704 -12.736461 -25.97842 -18.150421 -13.145325 -25.743626 -17.340788 -13.408456 -25.589794 -16.450191 -13.501563 -25.533121 -15.498874 -13.367974 -25.917696 -7.4997044 -13.501563 -25.533121 -7.4997044 -13.708019 -25.184978 -7.4997044 -14.307148 -24.646572 -7.4997044 -11.562494 -27.221205 -3.9899483 -10.178022 -27.913441 -3.4232044 -9.4493523 -28.26968 -3.3746262 -9.752964 -26.779955 -1.5570011 -10.283274 -26.581596 -1.670351 -9.9999027 -26.832581 -2.3261528 -12.967206 -25.379292 -3.4758301 -13.521804 -25.087822 -4.3259449 -13.011736 -25.476448 -4.5040646 -9.0769215 -27.148338 -2.192564 -9.0364399 -27.030941 -1.5003281 -9.3076668 -26.937834 -1.5084248 -10.178022 -27.913441 -3.4232044 -9.4493523 -28.26968 -3.3746262 -9.4493523 -28.26968 -3.3746262 -10.02824 -27.27383 -2.9819546 -9.2226562 -27.585541 -2.9131355 -10.02824 -27.27383 -2.9819546 -9.2226562 -27.585541 -2.9131355 -9.0769215 -27.148338 -2.192564 -10.898594 -27.569347 -3.633709 -10.817631 -26.937834 -3.2126999 -10.817631 -26.937834 -3.2126999 -10.882402 -26.476343 -2.6095238 -11.222448 -26.19702 -2.0346851 -11.546301 -26.597788 -3.6053715 -11.70013 -26.116056 -3.0750618 -12.088755 -25.808395 -2.589283 -12.149477 -26.885208 -4.4878712 -12.194006 -26.269886 -4.1559219 -12.420704 -25.776011 -3.7106247 -12.833616 -25.448109 -3.3098564 -12.736461 -25.97842 -4.8481579 -12.639304 -26.589691 -5.1112881 -13.011736 -26.346802 -5.8399582 -13.145325 -25.743626 -5.6577911 -13.461082 -25.233557 -5.4229965 -13.959005 -24.848982 -5.337986 -13.246529 -26.188923 -6.6455421 -13.408456 -25.589794 -6.5524349 -13.748501 -25.07568 -6.4309902 -14.218088 -24.6992 -6.4026527 -0.75794792 -28.613773 -2.192564 -3.4337826 -28.415413 -2.192564 -3.4904575 -28.876904 -2.9131355 -3.4175911 -28.293968 -1.5003281 -4.9477959 -28.06727 -1.5003281 -6.494194 -27.877007 -2.192564 -6.4658566 -27.755562 -1.5003281 -0.77009201 -29.075264 -2.9131355 -0.77009201 -29.075264 -2.9131355 -3.4904575 -28.876904 -2.9131355 -3.5754681 -29.593428 -3.3746262 -0.79033279 -29.795835 -3.3746262 -3.5754681 -29.593428 -3.3746262 -6.5994453 -28.326353 -2.9131355 -6.5994453 -28.326353 -2.9131355 -6.7613716 -29.030733 -3.3746262 -6.7613716 -29.030733 -3.3746262 -0.75794792 -28.613773 -2.192564 -0.75389862 -28.488279 -1.5003281 5.0106831 -28.055126 -7.2811031 4.8811436 -28.079414 -6.2407265 4.3427372 -28.261581 -6.4350376 4.5491924 -28.136089 -5.1639137 4.0229321 -28.314209 -5.4270458 4.035078 -28.213005 -4.180212 3.5169125 -28.387075 -4.508112 3.3549862 -28.302063 -3.3098564 2.8570614 -28.468039 -3.7106247 0.2217083 -28.629967 -2.3221054 0.0031070709 -28.500423 -1.5529537 -0.66888809 -28.492329 -1.5003281 2.0676708 -28.540905 -3.0710144 1.4118671 -28.463989 -1.953722 1.1770744 -28.59758 -2.6054764 0.39577866 -28.496376 -1.6258202 0.36339378 -28.496376 -1.6177235 3.2942638 -28.310162 -3.2491341 3.1728191 -28.322304 -3.1276894 2.3672333 -28.403267 -2.475935 3.8488598 -28.629967 -6.5564823 2.7841949 -29.306007 -5.1153374 3.2133007 -29.208853 -5.8480549 3.4926243 -29.140034 -6.6495895 3.5492992 -28.68664 -5.6618385 3.0837593 -28.767603 -4.8522053 2.4765339 -28.856663 -4.1559219 1.7559624 -28.941673 -3.6053715 0.95442581 -29.010492 -3.2126999 0.1002636 -29.059071 -2.9779072 0.1002636 -29.059071 -2.9779072 2.2255478 -29.419357 -4.4878712 1.5576019 -29.532705 -3.9899483 0.81274033 -29.633909 -3.633709 0.023347855 -29.710825 -3.4232044 14.191916 24.716721 -15.498874 14.191916 24.716721 -7.4997044 14.957022 24.461689 -15.498874 14.957022 24.461689 -7.4997044 15.361837 24.457638 -15.498874 15.361837 24.457638 -7.4997044 15.762606 24.534554 -15.498874 15.762606 24.534554 -7.4997044 18.041719 22.061127 -21.380854 18.021479 22.07732 -21.376806 18.231985 22.07732 -20.676474 17.835264 22.231148 -21.316084 17.483072 22.664303 -20.393103 18.316996 21.834431 -21.445625 18.972795 21.433662 -20.806015 18.891832 21.340553 -21.498251 15.552099 24.008293 -18.490467 14.54006 24.510265 -17.66464 15.118948 24.275471 -17.571533 14.280977 24.664097 -16.599974 14.839624 24.441448 -16.563541 17.078257 22.818134 -20.967941 16.305059 23.37273 -20.409294 16.762499 23.194611 -19.927563 15.62092 23.838268 -19.688723 16.110746 23.643959 -19.287954 15.495424 23.919235 -19.522747 14.965117 24.25523 -18.672634 16.054071 24.56694 -16.348988 15.454943 24.405014 -16.446144 19.758142 22.32021 -19.623951 19.758142 22.32021 -19.623951 19.082098 22.773602 -19.579422 18.426294 23.22295 -19.364868 17.790735 23.623718 -19.008631 17.2078 23.967812 -18.510708 16.705828 24.239037 -17.883242 16.313154 24.441448 -17.154572 15.722124 24.25523 -17.336739 16.130987 24.016388 -18.146372 16.649153 23.696583 -18.842655 17.256376 23.299866 -19.393206 18.426294 23.22295 -19.364868 17.916227 22.838375 -19.785877 19.082098 22.773602 -19.579422 18.600367 22.324257 -20.020672 19.758142 22.32021 -19.623951 19.280458 21.777756 -20.085442 17.483072 22.664303 -20.393103 18.600367 22.324257 -20.020672 18.231985 22.07732 -20.676474 19.280458 21.777756 -20.085442 21.830801 18.320625 -21.498251 20.806616 19.478397 -21.498251 20.895674 19.563412 -20.806015 23.83869 17.891518 -19.623951 21.76198 20.373043 -19.623951 21.76198 20.373043 -19.623951 21.231672 19.879166 -20.085442 21.231672 19.879166 -20.085442 24.401384 14.960651 -20.806015 24.296129 14.895878 -21.498251 22.794264 17.106174 -21.498251 25.409376 15.580017 -19.623951 23.83869 17.891518 -19.623951 24.794054 15.203541 -20.085442 23.263849 17.458366 -20.085442 23.263849 17.458366 -20.085442 24.794054 15.203541 -20.085442 23.263849 17.458366 -20.085442 22.89142 17.18309 -20.806015 22.89142 17.18309 -20.806015 20.895674 19.563412 -20.806015 26.899099 11.260628 -15.498874 26.980062 11.54805 -16.353035 24.680708 14.248173 -21.445625 24.907404 14.126728 -20.676474 24.818342 14.009331 -21.397047 25.356749 13.28471 -20.393103 25.304125 13.110638 -21.093435 25.749422 12.487221 -19.927563 25.729181 12.256477 -20.603607 26.089468 11.467087 -19.931612 26.081369 11.7626 -19.287954 26.186625 11.244438 -19.688723 26.3445 11.151329 -18.494514 26.449755 10.612923 -18.822414 26.534765 10.677692 -17.575581 26.640017 10.131191 -17.838711 26.648115 10.370033 -16.567589 26.757414 9.8113861 -16.7619 26.801943 9.685894 -15.721522 26.688597 10.483383 -15.498874 26.80599 9.6818466 -15.498874 25.741323 14.839203 -19.579422 25.215063 14.446533 -20.020672 26.069227 14.114582 -19.364868 26.59144 12.786785 -18.514755 26.356646 13.418301 -19.008631 26.773607 12.244331 -17.887289 26.903147 11.819275 -17.158621 25.215063 14.446533 -20.020672 25.599638 13.681431 -19.785877 25.939684 12.952763 -19.393206 26.227106 12.284813 -18.846704 26.453802 11.714024 -18.150421 26.619776 11.272774 -17.340788 26.72098 10.985355 -16.450191 26.753366 10.884151 -15.498874 26.899099 11.260628 -15.498874 26.899099 11.260628 -7.4997044 26.753366 10.884151 -15.498874 26.753366 10.8801 -7.4997044 26.688597 10.483383 -15.498874 26.688597 10.483383 -7.4997044 26.80599 9.6818466 -7.4997044 24.858824 13.936466 -1.6177235 24.87097 13.916225 -1.6258202 24.907404 14.122681 -2.3221054 24.988367 13.701672 -1.6824951 25.356749 13.280663 -2.6054764 24.684755 14.248173 -1.5570011 24.401384 14.960651 -2.192564 24.296129 14.895878 -1.5003281 26.3445 11.147282 -4.508112 26.664305 10.062374 -5.337986 26.534765 10.673645 -5.4270458 26.76956 9.7790031 -6.4026527 26.648115 10.370033 -6.4350376 25.433664 12.855606 -2.0306377 25.850626 12.001442 -2.589283 25.753469 12.479126 -3.0710144 26.186625 11.244438 -3.3098564 26.081369 11.758553 -3.7106247 26.247347 11.1068 -3.4758301 26.486185 10.527912 -4.3259449 26.980062 11.54805 -6.6495895 26.72098 10.981304 -6.5564823 25.409376 15.580017 -3.3746262 25.409376 15.580017 -3.3746262 25.741323 14.835155 -3.4232044 26.069227 14.110535 -3.633709 26.356646 13.418301 -3.9899483 26.59144 12.782738 -4.4878712 26.773607 12.240284 -5.1153374 26.903147 11.819275 -5.8480549 26.619776 11.268726 -5.6618385 26.453802 11.714024 -4.8522053 26.227106 12.284813 -4.1559219 25.939684 12.948711 -3.6053715 26.069227 14.110535 -3.633709 25.599638 13.677383 -3.2126999 25.741323 14.835155 -3.4232044 25.215063 14.442486 -2.9779072 25.409376 15.580017 -3.3746262 24.794054 15.203541 -2.9131355 25.356749 13.280663 -2.6054764 25.215063 14.442486 -2.9779072 24.907404 14.122681 -2.3221054 24.794054 15.203541 -2.9131355 18.972795 21.433662 -2.192564 20.895674 19.563412 -2.192564 21.231672 19.879166 -2.9131355 20.806616 19.478397 -1.5003281 21.830801 18.320625 -1.5003281 22.89142 17.18309 -2.192564 22.794264 17.106174 -1.5003281 19.280458 21.777756 -2.9131355 19.280458 21.777756 -2.9131355 21.231672 19.879166 -2.9131355 21.76198 20.373043 -3.3746262 19.758142 22.32021 -3.3746262 21.76198 20.373043 -3.3746262 23.263849 17.458366 -2.9131355 23.263849 17.458366 -2.9131355 23.83869 17.891518 -3.3746262 23.83869 17.891518 -3.3746262 18.972795 21.433662 -2.192564 18.891832 21.340553 -1.5003281 16.058119 24.56694 -6.6455421 18.316996 21.834431 -1.5529537 18.236032 22.073273 -2.3261528 18.106489 22.008499 -1.601532 17.48712 22.664303 -2.6095238 17.304953 22.644062 -1.9051437 16.76655 23.190563 -3.0750618 16.53985 23.210804 -2.3990192 15.823328 23.704681 -3.0710144 16.114794 23.643959 -3.7106247 15.62092 23.838268 -3.3098564 15.556147 24.008293 -4.5040646 15.04608 24.206654 -4.180212 15.122995 24.275471 -5.4229965 14.600782 24.473831 -5.1598663 14.839624 24.441448 -6.4309902 14.309313 24.647903 -6.2366772 14.195967 24.712673 -7.2811031 19.086145 22.773602 -3.4232044 18.604414 22.324257 -2.9819546 18.426294 23.22295 -3.633709 17.2078 23.967812 -4.4878712 17.794783 23.623718 -3.9899483 16.705828 24.239037 -5.1112881 16.313154 24.441448 -5.8399582 18.604414 22.324257 -2.9819546 17.920275 22.834328 -3.2126999 17.260424 23.295815 -3.6053715 16.6532 23.696583 -4.1559219 16.130987 24.016388 -4.8481579 15.722124 24.259277 -5.6577911 15.454943 24.405014 -6.5524349 -1.4299431 25.323944 0.0015411377 -0.82676697 25.92712 0.0015411377 -4.6846657 25.829967 0.0015411377 25.393183 12.936569 0.0015411377 25.31222 10.050228 0.0015411377 26.781702 9.7466164 0.0015411377 26.32831 -4.6486511 0.0015411377 24.903357 -5.0291767 0.0015411377 25.31222 -7.2637634 0.0015411377 -11.991598 25.125587 0.0015411377 -10.566645 25.506115 0.0015411377 -10.493778 25.829967 0.0015411377 -11.489626 -20.476965 0.0015411377 -11.870153 -21.90192 0.0015411377 -10.493778 -22.258158 0.0015411377 -1.4299431 -25.326664 0.0015411377 -1.6485424 -24.500839 0.0015411377 -4.6846657 -24.496792 0.0015411377 -22.043186 -10.822098 0.0015411377 -21.217361 -10.599449 0.0015411377 -20.812546 -10.048899 0.0015411377 -18.379601 -10.048899 0.0015411377 -20.391537 -10.822098 0.0015411377 -19.788361 -11.425274 0.0015411377 -19.565712 -12.251099 0.0015411377 -19.788361 -13.076925 0.0015411377 -18.379601 -15.764904 0.0015411377 -20.391537 -13.680101 0.0015411377 -20.812546 -15.764904 0.0015411377 -21.217361 -13.898701 0.0015411377 -24.682589 -14.250893 0.0015411377 -22.043186 -13.680101 0.0015411377 -22.646362 -13.076925 0.0015411377 -26.779537 -9.7493343 0.0015411377 -22.869011 -12.251099 0.0015411377 -22.646362 -11.425274 0.0015411377 3.0027962 -28.342545 0.0015411377 0.82488441 -25.92984 0.0015411377 -0.00094032288 -28.500423 0.0015411377 -0.00094032288 -26.148441 0.0015411377 -4.9477959 -28.06727 0.0015411377 -0.82676697 -25.92984 0.0015411377 2.9946995 -22.258158 0.0015411377 1.4280605 -23.675014 0.0015411377 2.9946995 -24.496792 0.0015411377 1.6507092 -24.500839 0.0015411377 1.4280605 -25.326664 0.0015411377 -1.4299431 -23.675014 0.0015411377 -0.82676697 -23.071838 0.0015411377 -4.6846657 -22.258158 0.0015411377 -0.00094032288 -22.84919 0.0015411377 0.82488441 -23.071838 0.0015411377 -12.914579 -22.946346 0.0015411377 -14.339533 -23.326872 0.0015411377 -14.529797 -24.517033 0.0015411377 -15.351574 -24.011013 0.0015411377 -10.493778 -24.496792 0.0015411377 -12.914579 -18.011635 0.0015411377 -11.870153 -19.052013 0.0015411377 -10.493778 -19.647093 0.0015411377 -10.493778 -15.764904 0.0015411377 -14.339533 -17.62706 0.0015411377 -15.302996 -15.764904 0.0015411377 -16.808912 -19.052013 0.0015411377 -15.764486 -18.011635 0.0015411377 -20.873268 -19.404203 0.0015411377 -20.577751 -19.719959 0.0015411377 -18.379601 -19.647093 0.0015411377 -18.383648 -21.776426 0.0015411377 -17.18944 -20.476965 0.0015411377 -18.318878 -21.833099 0.0015411377 -16.808912 -21.90192 0.0015411377 -15.764486 -22.946346 0.0015411377 -17.744038 -22.302689 0.0015411377 -11.833721 25.92712 0.0015411377 -14.250473 24.680286 0.0015411377 -13.031977 24.081161 0.0015411377 -15.302996 16.85519 0.0015411377 -13.031977 21.231255 0.0015411377 -13.416552 22.656208 0.0015411377 -8.0972652 24.081161 0.0015411377 -7.7167397 22.656208 0.0015411377 -4.6846657 16.85519 0.0015411377 -9.1416912 25.125587 0.0015411377 -8.0972652 21.231255 0.0015411377 -9.1416912 20.190876 0.0015411377 -10.493778 16.85519 0.0015411377 -10.566645 19.806301 0.0015411377 -11.991598 20.190876 0.0015411377 22.438025 -3.6042252 0.0015411377 22.05345 -2.1792717 0.0015411377 18.377718 -7.2637634 0.0015411377 23.478403 -4.6486511 0.0015411377 28.069017 4.949543 0.0015411377 27.372736 -3.6042252 0.0015411377 28.069017 -4.9482155 0.0015411377 27.753263 -2.1792717 0.0015411377 28.498125 -0.0013580322 0.0015411377 27.372736 -0.75431824 0.0015411377 26.32831 0.29010773 0.0015411377 24.903357 0.67063522 0.0015411377 23.478403 0.29010773 0.0015411377 -4.6846657 -10.048899 0.0015411377 2.9946995 -10.048899 0.0015411377 -0.00094032288 -9.4983482 0.0015411377 9.4717579 -0.70978928 0.0015411377 8.8442936 -3.4706345 0.0015411377 10.495943 -7.2637634 0.0015411377 7.4274387 -5.9238205 0.0015411377 5.350729 -7.8507462 0.0015411377 2.9946995 10.050228 0.0015411377 4.1200886 8.5605049 0.0015411377 10.495943 10.050228 0.0015411377 6.4599247 6.9655266 0.0015411377 8.2289753 4.7511826 0.0015411377 9.2612553 2.1158295 0.0015411377 -4.6846657 10.050228 0.0015411377 -1.4177971 9.3944244 0.0015411377 1.4159164 9.3944244 0.0015411377 -9.4736423 -0.70978928 0.0015411377 -10.493778 -7.2637634 0.0015411377 -8.8421288 -3.4706345 0.0015411377 -7.4293194 -5.9238205 0.0015411377 -9.2631378 2.1158295 0.0015411377 -8.2268066 4.7511826 0.0015411377 -10.493778 10.050228 0.0015411377 -6.4618092 6.9655266 0.0015411377 -4.1219711 8.5605049 0.0015411377 -2.7982216 -9.0773392 0.0015411377 -5.3526115 -7.8507462 0.0015411377 -10.493778 -10.048899 0.0015411377 -9.7489166 -26.779955 0.0015411377 -14.250473 -24.683006 0.0015411377 -21.832682 -18.319296 0.0015411377 -22.05533 -2.1792717 0.0015411377 -22.435858 -3.6042252 0.0015411377 -20.812546 -7.2637634 0.0015411377 -23.480284 -4.6486511 0.0015411377 -24.905237 0.67063522 0.0015411377 -23.480284 0.29010773 0.0015411377 -20.812546 10.050228 0.0015411377 -22.435858 -0.75431824 0.0015411377 -24.905237 -5.0291767 0.0015411377 -26.330191 -4.6486511 0.0015411377 -28.066853 -4.9482155 0.0015411377 -27.374617 -3.6042252 0.0015411377 -27.755144 -2.1792717 0.0015411377 -28.500006 -0.0013580322 0.0015411377 -27.374617 -0.75431824 0.0015411377 -28.066853 4.949543 0.0015411377 -26.330191 0.29010773 0.0015411377 -26.779537 9.7466164 0.0015411377 -26.666187 10.062374 0.0015411377 -22.646362 11.426605 0.0015411377 -22.869011 12.248379 0.0015411377 -21.832682 18.320625 0.0015411377 -20.812546 16.85519 0.0015411377 -20.873268 19.405533 0.0015411377 -18.379601 16.85519 0.0015411377 -18.318878 21.830383 0.0015411377 -9.7489166 26.781284 0.0015411377 -4.9477959 28.068604 0.0015411377 -0.00094032288 28.501755 0.0015411377 -0.00094032288 26.149773 0.0015411377 0.82488441 25.92712 0.0015411377 4.9499607 28.068604 0.0015411377 11.835886 25.92712 0.0015411377 9.7470341 26.781284 0.0015411377 10.495943 25.829967 0.0015411377 2.9946995 25.829967 0.0015411377 13.034143 24.081161 0.0015411377 13.414671 22.656208 0.0015411377 14.24859 24.680286 0.0015411377 15.301115 16.85519 0.0015411377 18.377718 16.85519 0.0015411377 19.790525 13.074207 0.0015411377 20.393702 13.677383 0.0015411377 22.438025 -0.75431824 0.0015411377 18.377718 10.050228 0.0015411377 21.219526 10.600777 0.0015411377 22.041304 10.819378 0.0015411377 21.830801 18.320625 0.0015411377 18.321043 21.830383 0.0015411377 20.393702 10.819378 0.0015411377 19.790525 11.426605 0.0015411377 19.567877 12.248379 0.0015411377 21.219526 13.900032 0.0015411377 22.041304 13.677383 0.0015411377 24.680708 14.248173 0.0015411377 22.648527 13.074207 0.0015411377 22.867128 12.248379 0.0015411377 22.648527 11.426605 0.0015411377 25.393183 -12.939287 0.0015411377 26.781702 -9.7493343 0.0015411377 25.31222 -10.048899 0.0015411377 19.790525 -11.425274 0.0015411377 20.393702 -10.822098 0.0015411377 18.377718 -10.048899 0.0015411377 21.219526 -10.599449 0.0015411377 21.219526 -13.898701 0.0015411377 18.377718 -15.764904 0.0015411377 21.830801 -18.319296 0.0015411377 18.377718 -19.647093 0.0015411377 18.321043 -21.833099 0.0015411377 20.393702 -13.680101 0.0015411377 19.790525 -13.076925 0.0015411377 19.567877 -12.251099 0.0015411377 22.041304 -10.822098 0.0015411377 22.648527 -11.425274 0.0015411377 22.867128 -12.251099 0.0015411377 24.680708 -14.250893 0.0015411377 22.648527 -13.076925 0.0015411377 22.041304 -13.680101 0.0015411377 17.187559 -20.476965 0.0015411377 16.807032 -21.90192 0.0015411377 17.742155 -22.302689 0.0015411377 15.762606 -22.946346 0.0015411377 15.349691 -24.011013 0.0015411377 14.527914 -24.517033 0.0015411377 10.495943 -24.496792 0.0015411377 14.24859 -24.683006 0.0015411377 9.7470341 -26.779955 0.0015411377 8.0710964 -24.666813 0.0015411377 7.3424244 -25.395483 0.0015411377 4.9499607 -28.06727 0.0015411377 6.3425312 -25.66671 0.0015411377 5.3426342 -25.395483 0.0015411377 2.9946995 -19.647093 0.0015411377 6.3425312 -21.667126 0.0015411377 10.495943 -19.647093 0.0015411377 7.3424244 -21.934303 0.0015411377 10.495943 -22.258158 0.0015411377 8.0710964 -22.667023 0.0015411377 8.3423214 -23.666918 0.0015411377 4.6099148 -24.666813 0.0015411377 4.3427372 -23.666918 0.0015411377 4.6099148 -22.667023 0.0015411377 5.3426342 -21.934303 0.0015411377 15.301115 -15.764904 0.0015411377 10.495943 -15.764904 0.0015411377 12.912699 -18.011635 0.0015411377 16.807032 -19.052013 0.0015411377 15.762606 -18.011635 0.0015411377 14.337652 -17.62706 0.0015411377 14.337652 -23.326872 0.0015411377 12.912699 -22.946346 0.0015411377 11.87232 -21.90192 0.0015411377 11.487745 -20.476965 0.0015411377 11.87232 -19.052013 0.0015411377 13.034143 21.231255 0.0015411377 11.989717 20.190876 0.0015411377 10.495943 16.85519 0.0015411377 10.564764 19.806301 0.0015411377 2.9946995 16.85519 0.0015411377 11.989717 25.125587 0.0015411377 10.564764 25.506115 0.0015411377 9.1398106 25.125587 0.0015411377 8.0953846 24.081161 0.0015411377 9.1398106 20.190876 0.0015411377 8.0953846 21.231255 0.0015411377 7.7148571 22.656208 0.0015411377 0.82488441 23.069118 0.0015411377 -0.00094032288 22.850517 0.0015411377 -0.82676697 23.069118 0.0015411377 -1.4299431 23.676342 0.0015411377 -1.6485424 24.498119 0.0015411377 1.4280605 25.323944 0.0015411377 1.6507092 24.498119 0.0015411377 1.4280605 23.676342 0.0015411377 -24.682589 14.248173 0.0015411377 -22.646362 13.074207 0.0015411377 -22.043186 13.677383 0.0015411377 -21.217361 13.900032 0.0015411377 -20.391537 13.677383 0.0015411377 -19.788361 13.074207 0.0015411377 -19.565712 12.248379 0.0015411377 -19.788361 11.426605 0.0015411377 -18.379601 10.050228 0.0015411377 -20.391537 10.819378 0.0015411377 -21.217361 10.600777 0.0015411377 -22.043186 10.819378 0.0015411377 15.301115 -7.2637634 0.0015411377 15.301115 -10.048899 0.0015411377 10.495943 -10.048899 0.0015411377 2.8003883 -9.0773392 0.0015411377 15.301115 10.050228 0.0015411377 -4.6846657 -19.647093 0.0015411377 -4.6846657 -15.764904 0.0015411377 2.9946995 -15.764904 0.0015411377 -15.302996 -10.048899 0.0015411377 -15.302996 10.050228 0.0015411377 -18.379601 -7.2637634 0.0015411377 -15.302996 -7.2637634 0.0015411377 25.154341 -12.700445 -18.126131 23.777967 -15.712278 -6.0221252 23.773916 -15.651556 -6.2042923 24.389238 -14.744768 -5.8237648 24.437819 -14.594986 -5.9978371 25.239351 -13.234802 -5.9006805 24.680708 -14.250893 -5.7994766 24.462107 -14.623323 -5.8156681 26.490236 -10.405138 -7.5604267 26.178526 -11.263348 -6.6860237 26.097563 -11.356455 -6.8398533 25.741323 -12.230858 -6.2002449 25.619879 -12.400881 -6.325737 25.061235 -13.497934 -6.0383186 27.008398 -8.9599438 -9.5116415 26.838377 -9.5914574 -8.1757479 26.793848 -9.5955048 -8.4672155 26.785749 -9.7371902 -7.9976292 26.54286 -10.372751 -7.3499222 27.146036 -8.530838 -10.669415 27.206758 -8.4863091 -10.183637 27.056978 -8.9558945 -9.1270657 27.21081 -8.3284302 -11.883864 27.291773 -8.2110329 -11.288785 27.24724 -8.3527184 -10.61679 27.279627 -8.2515144 -13.551707 27.316061 -8.134119 -12.430367 27.312014 -8.1462631 -11.87172 25.494387 -12.736879 -18.575478 25.664412 -12.396833 -18.466177 25.441759 -12.761168 -18.397358 25.947783 -11.696501 -17.956108 25.441759 -12.761168 -18.397358 25.947783 -11.696501 -17.956108 25.320314 -12.753071 -18.231384 25.320314 -12.753071 -18.231384 25.810144 -11.716742 -17.802279 26.113756 -11.417177 -18.004686 26.490236 -10.510389 -17.369125 26.368792 -10.70875 -17.300306 26.793848 -9.7129021 -16.575686 26.700739 -9.8505383 -16.458288 27.020544 -9.0570984 -15.652704 26.947676 -9.1502075 -15.450295 27.18247 -8.5672722 -14.640663 27.109606 -8.6482353 -14.328955 27.198664 -8.3689117 -13.122602 25.627977 -11.688404 -17.705122 26.020647 -10.753279 -17.073608 26.324259 -9.9395981 -16.268024 26.696692 -8.8020649 -14.231799 26.546911 -9.2756996 -15.304562 26.785749 -8.4984531 -11.904105 26.773607 -8.5389347 -13.086169 26.603582 -9.09758 -9.6371346 26.729078 -8.6887169 -10.746331 26.603582 -9.09758 -9.6371346 26.409273 -9.6967087 -8.6412859 26.12995 -10.46586 -7.7749786 25.769663 -11.368601 -7.0827446 25.320314 -12.356352 -6.5888672 24.794054 -13.396729 -6.3176403 24.207071 -14.43306 -6.2771587 25.810144 -11.716742 -17.802279 26.368792 -10.70875 -17.300306 26.21496 -10.761375 -17.158621 26.700739 -9.8505383 -16.458288 26.700739 -9.8505383 -16.458288 26.534765 -9.9315014 -16.336843 26.947676 -9.1502075 -15.450295 26.947676 -9.1502075 -15.450295 26.76956 -9.2554588 -15.357188 27.109606 -8.6482353 -14.328955 26.923388 -8.7737274 -14.268232 27.004351 -8.5065498 -13.098313 27.016497 -8.4660683 -11.896009 27.146036 -8.530838 -10.669415 26.959822 -8.6563301 -10.717994 27.008398 -8.9599438 -9.5116415 26.830282 -9.0732918 -9.5926046 26.793848 -9.5955048 -8.4672155 26.619776 -9.6845646 -8.5765162 26.490236 -10.405138 -7.5604267 26.332357 -10.469908 -7.6940155 26.097563 -11.356455 -6.8398533 26.097563 -11.356455 -6.8398533 25.955877 -11.388842 -6.9896355 25.494387 -12.400881 -6.4876633 24.951933 -13.465548 -6.2083397 24.437819 -14.594986 -5.9978371 24.348757 -14.526167 -6.1678581 23.773916 -15.651556 -6.2042923 23.705099 -15.554399 -6.3662186 25.627977 -11.688404 -17.705122 26.21496 -10.761375 -17.158621 26.020647 -10.753279 -17.073608 26.534765 -9.9315014 -16.336843 26.324259 -9.9395981 -16.268024 26.76956 -9.2554588 -15.357188 26.546911 -9.2756996 -15.304562 26.923388 -8.7737274 -14.268232 26.696692 -8.8020649 -14.231799 27.004351 -8.5065498 -13.098313 26.773607 -8.5389347 -13.086169 27.016497 -8.4660683 -11.896009 26.785749 -8.4984531 -11.904105 26.959822 -8.6563301 -10.717994 26.729078 -8.6887169 -10.746331 26.830282 -9.0732918 -9.5926046 26.603582 -9.09758 -9.6371346 26.619776 -9.6845646 -8.5765162 26.409273 -9.6967087 -8.6412859 26.332357 -10.469908 -7.6940155 26.12995 -10.46586 -7.7749786 25.955877 -11.388842 -6.9896355 25.769663 -11.368601 -7.0827446 25.494387 -12.400881 -6.4876633 25.320314 -12.356352 -6.5888672 24.951933 -13.465548 -6.2083397 24.794054 -13.396729 -6.3176403 24.348757 -14.526167 -6.1678581 24.207071 -14.43306 -6.2771587 23.705099 -15.554399 -6.3662186 23.57556 -15.432955 -6.4755192 23.57556 -15.432955 -6.4755192 24.000616 -14.773106 -18.28401 23.081682 -16.716223 -6.4755192 23.101923 -16.627163 -6.6455421 23.049295 -16.497622 -6.7993717 22.935949 -16.351889 -6.8965282 22.935949 -16.351889 -6.8965282 22.320627 -17.157473 -7.5239925 21.766027 -17.829468 -8.3376741 21.304541 -18.355728 -9.2930403 20.778276 -18.918423 -11.51953 20.968542 -18.720064 -10.369852 21.304541 -18.355728 -9.2930403 20.891626 -18.805075 -13.859368 20.753988 -18.94676 -12.693497 21.604101 -18.019732 -15.964413 21.179045 -18.493366 -14.960468 20.891626 -18.805075 -13.859368 23.101923 -16.627163 -6.6455421 22.417784 -17.598722 -7.1475143 22.458265 -17.481325 -7.2972965 21.814608 -18.339537 -8.017869 21.879377 -18.201899 -8.1474104 21.312635 -18.918423 -9.0461025 21.397646 -18.760546 -9.1513548 20.944254 -19.327288 -10.207925 21.045458 -19.153217 -10.276744 20.737795 -19.549936 -11.45476 20.847097 -19.367769 -11.483096 20.709459 -19.578274 -12.729931 20.818758 -19.400154 -12.713737 20.85924 -19.420395 -13.992957 20.960443 -19.246325 -13.936283 21.174997 -19.076302 -15.179069 21.264059 -18.910326 -15.09001 21.636488 -18.550041 -16.259928 21.709356 -18.404306 -16.138483 21.818655 -18.335487 -16.591877 22.259905 -17.736361 -17.041224 21.604101 -18.019732 -15.964413 22.130365 -17.392265 -16.826672 22.72949 -16.631212 -17.518908 22.211329 -17.857805 -17.186958 22.859034 -17.019835 -17.927773 22.883322 -16.92268 -17.761797 23.54722 -16.052324 -18.454033 23.551268 -15.983505 -18.279961 24.235407 -14.991705 -18.745501 24.219217 -14.955273 -18.559284 23.365053 -15.744663 -18.012783 24.858824 -13.862268 -18.603815 24.858824 -13.862268 -18.603815 24.680708 -14.250893 -18.798126 24.899305 -13.870365 -18.785982 23.049295 -16.497622 -6.7993717 22.458265 -17.481325 -7.2972965 22.42993 -17.323446 -7.438982 21.879377 -18.201899 -8.1474104 21.863184 -18.015682 -8.2648067 21.397646 -18.760546 -9.1513548 21.397646 -18.554089 -9.244463 21.045458 -19.153217 -10.276744 21.0576 -18.930569 -10.337466 20.847097 -19.367769 -11.483096 20.867338 -19.137024 -11.507385 20.818758 -19.400154 -12.713737 20.838999 -19.165361 -12.701593 20.960443 -19.246325 -13.936283 20.980684 -19.015579 -13.887705 21.264059 -18.910326 -15.09001 21.272154 -18.699823 -15.004998 21.709356 -18.404306 -16.138483 21.701258 -18.209995 -16.029182 22.259905 -17.736361 -17.041224 22.235617 -17.566338 -16.907635 22.883322 -16.92268 -17.761797 22.84284 -16.780993 -17.612015 23.551268 -15.983505 -18.279961 23.490545 -15.874205 -18.113987 24.138254 -14.878357 -18.393311 24.858824 -13.862268 -18.603815 24.75762 -13.817738 -18.433792 22.42993 -17.323446 -7.438982 22.320627 -17.157473 -7.5239925 21.863184 -18.015682 -8.2648067 21.766027 -17.829468 -8.3376741 21.397646 -18.554089 -9.244463 21.304541 -18.355728 -9.2930403 21.0576 -18.930569 -10.337466 20.968542 -18.720064 -10.369852 20.867338 -19.137024 -11.507385 20.778276 -18.918423 -11.51953 20.838999 -19.165361 -12.701593 20.753988 -18.94676 -12.693497 20.980684 -19.015579 -13.887705 20.891626 -18.805075 -13.859368 21.272154 -18.699823 -15.004998 21.179045 -18.493366 -14.960468 21.701258 -18.209995 -16.029182 21.604101 -18.019732 -15.964413 22.235617 -17.566338 -16.907635 22.130365 -17.392265 -16.826672 22.84284 -16.780993 -17.612015 22.72949 -16.631212 -17.518908 23.490545 -15.874205 -18.113987 23.365053 -15.744663 -18.012783 24.138254 -14.878357 -18.393311 24.000616 -14.773106 -18.28401 24.75762 -13.817738 -18.433792 24.60784 -13.740824 -18.320442 -17.744038 -22.302689 0.0015411377 -18.318878 -21.833099 0.0015411377 -0.00094032288 -28.500423 0.0015411377 -4.9477959 -28.06727 0.0015411377 -9.7489166 -26.779955 0.0015411377 -14.250473 -24.683006 0.0015411377 -14.529797 -24.517033 0.0015411377 -15.351574 -24.011013 0.0015411377 -9.7489166 -26.779955 -24.000015 -14.250473 -24.683006 -24.000015 -18.318878 -21.833099 -24.000015 -4.9477959 -28.06727 -24.000015 -0.00094032288 -28.500423 -24.000015 4.9499607 -28.06727 -24.000015 9.7470341 -26.779955 -24.000015 3.0027962 -28.342545 0.0015411377 4.9499607 -28.06727 0.0015411377 9.7470341 -26.779955 0.0015411377 18.321043 21.830383 0.0015411377 21.830801 18.320625 0.0015411377 24.680708 14.248173 0.0015411377 26.781702 9.7466164 0.0015411377 25.393183 12.936569 0.0015411377 28.069017 4.949543 0.0015411377 24.680708 14.248173 -24.000015 26.781702 9.7466164 -24.000015 28.069017 4.949543 -24.000015 21.830801 18.320625 -24.000015 18.321043 21.830383 -24.000015 14.24859 24.680286 -24.000015 9.7470341 26.781284 -24.000015 14.24859 24.680286 0.0015411377 11.835886 25.92712 0.0015411377 9.7470341 26.781284 0.0015411377 21.830801 -18.319296 0.0015411377 24.680708 -14.250893 0.0015411377 18.321043 -21.833099 -24.000015 18.321043 -21.833099 0.0015411377 21.830801 -18.319296 -24.000015 24.680708 -14.250893 -24.000015 26.781702 -9.7493343 -24.000015 28.069017 -4.9482155 -24.000015 28.069017 -4.9482155 0.0015411377 25.393183 -12.939287 0.0015411377 26.781702 -9.7493343 0.0015411377 -24.682589 14.248173 -24.000015 -21.832682 18.320625 0.0015411377 -21.832682 18.320625 -24.000015 -20.873268 19.405533 0.0015411377 -18.318878 21.830383 -24.000015 -18.318878 21.830383 0.0015411377 -14.250473 24.680286 0.0015411377 18.321043 -21.833099 -24.000015 17.742155 -22.302689 0.0015411377 14.24859 -24.683006 -24.000015 15.349691 -24.011013 0.0015411377 14.527914 -24.517033 0.0015411377 14.24859 -24.683006 0.0015411377 -20.577751 -19.719959 0.0015411377 -20.873268 -19.404203 0.0015411377 -21.832682 -18.319296 -24.000015 -18.383648 -21.776426 0.0015411377 -21.832682 -18.319296 0.0015411377 -24.682589 -14.250893 0.0015411377 -24.682589 -14.250893 -24.000015 -26.779537 -9.7493343 0.0015411377 -26.779537 -9.7493343 -24.000015 -28.066853 -4.9482155 0.0015411377 -28.066853 -4.9482155 -24.000015 -28.500006 -0.0013580322 0.0015411377 -28.500006 -0.0013580322 -24.000015 -28.066853 4.949543 0.0015411377 -28.066853 4.949543 -24.000015 -26.779537 9.7466164 0.0015411377 -26.779537 9.7466164 -24.000015 -26.666187 10.062374 0.0015411377 -24.682589 14.248173 0.0015411377 -11.833721 25.92712 0.0015411377 -9.7489166 26.781284 -24.000015 -14.250473 24.680286 -24.000015 -9.7489166 26.781284 0.0015411377 -4.9477959 28.068604 0.0015411377 -4.9477959 28.068604 -24.000015 -0.00094032288 28.501755 0.0015411377 -0.00094032288 28.501755 -24.000015 4.9499607 28.068604 0.0015411377 4.9499607 28.068604 -24.000015 28.069017 -4.9482155 -24.000015 28.498125 -0.0013580322 -24.000015 28.498125 -0.0013580322 0.0015411377 26.781702 9.7466164 -24.000015 28.069017 4.949543 -24.000015 -0.00094032288 -0.0013580322 -24.000015 28.498125 -0.0013580322 -24.000015 28.069017 -4.9482155 -24.000015 18.321043 21.830383 -24.000015 21.830801 18.320625 -24.000015 24.680708 14.248173 -24.000015 4.9499607 28.068604 -24.000015 9.7470341 26.781284 -24.000015 14.24859 24.680286 -24.000015 -9.7489166 26.781284 -24.000015 -4.9477959 28.068604 -24.000015 -0.00094032288 28.501755 -24.000015 -21.832682 18.320625 -24.000015 -18.318878 21.830383 -24.000015 -14.250473 24.680286 -24.000015 -28.066853 4.949543 -24.000015 -26.779537 9.7466164 -24.000015 -24.682589 14.248173 -24.000015 -26.779537 -9.7493343 -24.000015 -28.066853 -4.9482155 -24.000015 -28.500006 -0.0013580322 -24.000015 -18.318878 -21.833099 -24.000015 -21.832682 -18.319296 -24.000015 -24.682589 -14.250893 -24.000015 -4.9477959 -28.06727 -24.000015 -9.7489166 -26.779955 -24.000015 -14.250473 -24.683006 -24.000015 9.7470341 -26.779955 -24.000015 4.9499607 -28.06727 -24.000015 -0.00094032288 -28.500423 -24.000015 21.830801 -18.319296 -24.000015 18.321043 -21.833099 -24.000015 14.24859 -24.683006 -24.000015 26.781702 -9.7493343 -24.000015 24.680708 -14.250893 -24.000015 </float_array>
          <technique_common>
            <accessor count="4069" offset="0" source="#meshId13-positions-array" stride="3">
              <param name="X" type="float" />
              <param name="Y" type="float" />
              <param name="Z" type="float" />
            </accessor>
          </technique_common>
        </source>
        <source id="meshId13-normals" name="meshId13-normals">
          <float_array id="meshId13-normals-array" count="12207"> 0.86609656 -0.4998768 0 0.86609656 -0.4998768 0 0.86609656 -0.4998768 0 0.86609656 -0.4998768 0 0.86609656 -0.4998768 0 0.86609656 -0.4998768 0 0.86609656 -0.4998768 0 0.86609656 -0.4998768 0 0.86609656 -0.4998768 0 0.86609656 -0.4998768 0 0.86609656 -0.4998768 0 0.86609656 -0.4998768 0 0.86609656 -0.4998768 0 0.74749011 -0.59350073 -0.29835445 0.8602525 -0.35585979 -0.36514315 0.89543402 -0.40859616 -0.17676857 0.66056198 -0.52238327 -0.53923428 0.78541815 -0.29572433 -0.54375118 0.25447962 -0.160724 -0.95362878 0.31620577 -0.12432026 -0.94050968 0.48730457 -0.22537835 -0.84364611 0.077736877 -0.062189553 -0.99503231 0.063946649 -0.027710259 -0.99756849 -0.079260603 -0.33025244 -0.94055885 -0.16116519 -0.32788789 -0.93086809 -0.082051657 -0.16892993 -0.98220682 0.10128599 -0.1471059 -0.98392129 0.059512135 -0.11902434 -0.99110621 0.037404723 -0.17299682 -0.9842118 0.0086837728 -0.1063758 -0.99428815 -0.014853168 -0.072143905 -0.99728364 -0.016416034 -0.032832067 -0.99932611 -0.11711086 -0.55627662 -0.82270378 -0.33258653 -0.65865171 -0.67495501 -0.24032332 -0.5052951 -0.82880729 -0.20735337 -0.96327448 -0.17060718 -0.45059431 -0.88096952 -0.14442122 -0.41912773 -0.86862707 -0.26423272 0.77270788 -0.6114735 -0.17036079 0.55821478 -0.81167454 -0.17199048 0.4741033 -0.80405372 -0.35878092 0.21039447 -0.96255475 -0.1709455 0.13615049 -0.92248917 -0.36121559 -0.19186287 -0.89826721 -0.39535382 -0.37585363 -0.78086823 -0.49897802 0.42329723 -0.33863789 -0.84032357 0.40559822 -0.36157978 -0.83949405 0.3090567 -0.44641531 -0.83976024 0.2455733 -0.48193765 -0.84108853 0.1163238 -0.52927333 -0.84043944 0.082816191 -0.53687781 -0.83958542 -0.022012522 -0.54756147 -0.83647585 0.38612226 -0.75261116 -0.53337222 0.073766932 -0.84264559 -0.53339189 -0.21212706 -0.80546784 -0.55337477 0.036560815 -0.0020311493 -0.99932933 0.19520897 -0.01161961 -0.98069286 0.092273593 -0.0085836248 -0.99569672 0.36654618 -0.04189099 -0.92945629 0.10751949 -0.019748472 -0.99400687 0.086604975 -0.023816427 -0.99595797 0.32950112 -0.076444305 -0.94105542 0.5178951 -0.12219993 -0.84667104 0.81800723 -0.19461881 -0.54128355 0.81800723 -0.19461881 -0.54128355 0.95810771 -0.22621991 -0.17565307 0.95810771 -0.22621991 -0.17565307 0.97578353 -0.13043897 -0.17559089 0.95866418 -0.050456047 -0.28003088 0.98032159 -0.090228632 -0.17557999 0.98455471 -0.051818687 -0.16723299 0.35892123 -0.017946074 -0.93319535 0.53198332 -0.030320346 -0.84621179 0.70910609 -0.081707746 -0.70035172 0.7397806 -0.042679664 -0.67149323 0.82418507 -0.071296275 -0.56181479 0.81241584 -0.047955092 -0.58110303 0.55549836 0.60630602 -0.56904703 0.64972383 0.70733494 -0.27845311 0.66937083 0.65296453 -0.35437283 0.063756853 0.06375692 -0.99592674 0.024674982 0.026731288 -0.99933803 0.12703457 0.13924953 -0.98207521 0.26374829 0.25524038 -0.93020922 0.053631458 0.045050338 -0.99754405 0.30131999 0.22456869 -0.92670119 0.11593938 0.078838773 -0.9901225 0.30672467 0.16856043 -0.93675369 0.078798801 0.04377706 -0.99592888 0.10049979 0.046899848 -0.99383104 0.34865615 0.13835558 -0.92698258 0.10427235 0.035496969 -0.99391508 0.3469108 0.094123058 -0.93316329 0.056391068 0.012531292 -0.99833006 0.27354401 0.060787473 -0.95993674 0.081437021 0.017144553 -0.99653101 0.54482865 0.15183747 -0.82468605 0.70462054 0.15489501 -0.69247198 0.54506081 0.12307835 -0.82931322 0.95716113 0.21389075 -0.19517529 0.9059307 0.19970988 -0.37337074 0.94467413 0.24787375 -0.21482389 0.82212245 0.23093334 -0.52036965 0.82007211 0.1845919 -0.54167122 0.94994724 0.26717263 -0.16192287 0.96938455 0.21428496 -0.11989757 0.91707712 0.35774529 -0.17603341 0.90082788 0.3955557 -0.17901067 0.8623178 0.47412664 -0.17779753 0.84083879 0.51168495 -0.17654631 0.79389268 0.5809713 -0.1794624 0.76672405 0.61704493 -0.17717128 0.69202524 0.70121127 -0.17147526 0.66584522 0.72693193 -0.16798848 0.35956636 0.39083308 -0.84732604 0.46122426 0.5043602 -0.72999519 0.39707363 0.40025023 -0.82591307 0.58634651 0.56939983 -0.57617849 0.24247675 0.2650328 -0.93325382 0.41526213 0.33408317 -0.84613574 0.45775697 0.27836582 -0.84437615 0.48809627 0.21524732 -0.84583133 0.6543718 0.52619594 -0.54306114 0.67852134 0.49713433 -0.54080158 0.71716481 0.43494716 -0.54451406 0.73770064 0.4050768 -0.54010236 0.76857024 0.33907494 -0.54252011 0.78464615 0.30620337 -0.53904551 0.79210526 0.20958421 -0.57327455 0.15850344 0.9714731 -0.17639908 0.28179219 0.94386739 -0.17235839 0.27310693 0.91519898 -0.29635015 0.11544865 0.92358941 -0.3655875 0.24211349 0.81014884 -0.53389126 0.079856433 0.83849204 -0.53903067 0.085630029 0.52805233 -0.84488362 0.1540208 0.5183394 -0.84119081 0.16358393 0.5145461 -0.84171414 0.07493493 0.29198772 -0.95348203 0.035934687 0.33367902 -0.94200164 0.033469897 0.1137976 -0.99294007 0.012655063 0.06749358 -0.99763948 0.039527997 0.16276205 -0.98587322 0.041501679 0.07863465 -0.99603933 0.037052397 0.080643289 -0.99605405 0.066564709 0.16403432 -0.9842062 0.15459156 0.53215152 -0.83241588 0.21593331 0.49877521 -0.83940226 0.21593331 0.49877521 -0.83940226 0.10765409 0.55281866 -0.82631838 0.40453312 0.74328834 -0.5327996 0.33486938 0.77599537 -0.5345031 0.36896417 0.83568764 -0.40680647 0.43484271 0.78855801 -0.43484271 0.47032133 0.85264736 -0.22757496 0.39224753 0.90474617 -0.16606097 0.49613681 0.85347342 -0.15947257 -0.83930796 0.064996928 -0.53975701 -0.94316256 0.057161391 -0.32737878 -0.90456629 0.27696821 -0.32411173 -0.98179948 0.072191164 -0.17566518 -0.72299415 0.21191199 -0.65755057 -0.68624771 0.042712525 -0.72611278 -0.37716997 0.13410491 -0.91638356 -0.255043 0.019431848 -0.96673441 -0.50429672 0.041335814 -0.86254054 -0.11700644 0.040502224 -0.99230498 -0.069305241 0.0063004531 -0.99757558 -0.26191571 0.22290696 -0.93899554 -0.064610638 0.038766358 -0.99715734 -0.080176845 0.098502904 -0.99190158 -0.16116519 0.32788789 -0.93086809 -0.030745793 0.09662962 -0.99484545 -0.046338666 0.32437083 -0.94479436 0 0.073331416 -0.9973076 -0.14166513 0.97394723 -0.17708126 -0.93436849 0.30867532 -0.17797494 -0.80290866 0.56961077 -0.17573103 -0.72093964 0.5898596 -0.36374679 -0.53262299 0.82752156 -0.17754106 -0.44639224 0.81625998 -0.36667925 -0.130715 0.89511395 -0.42624485 -0.076634958 0.5279299 -0.84582329 -0.28809974 0.4491877 -0.84571201 -0.43541089 0.30789763 -0.84594107 -0.47733456 0.25560489 -0.84072465 -0.61925125 0.57187682 -0.53803796 -0.36082929 0.76066691 -0.53961837 -0.11989883 0.83051944 -0.54393178 -0.064582922 0.0020833118 -0.99791014 -0.30050358 0.014901022 -0.95366424 -0.53556514 0.01639487 -0.84433472 -0.69536763 0.031093642 -0.71798122 -0.86640781 0.02724551 -0.4985933 -0.95278698 0.053642191 -0.29886341 -0.98341513 0.054502536 -0.17298634 -0.58792084 0.1499798 -0.79489315 0.81276959 0.22166431 -0.53876764 0.84331083 0.033179484 -0.53640097 0.88836473 0.07773196 -0.45251077 0.47520262 0.13618614 -0.86927325 0.2368767 0.014356107 -0.97143358 0.4856945 0.027133834 -0.87370741 0.096221104 0.026242161 -0.99501401 0.049322508 0.0020550967 -0.99878079 0.16649939 0.046901178 -0.98492545 0.14854446 0.091043316 -0.98470592 0.08268591 0.064807929 -0.99446619 0.10328862 0.13931972 -0.984846 0.051171999 0.09121944 -0.99451518 0.044543538 0.16879605 -0.98464406 0.0084511042 0.073946856 -0.99722648 -0.023112359 0.17334339 -0.98459023 -0.019176751 0.072445273 -0.99718809 -0.086054206 0.15059493 -0.98484302 -0.062570304 0.084916905 -0.99442142 -0.13453564 0.10810908 -0.98499364 -0.08900214 0.053401284 -0.99459893 -0.37443182 0.07811892 -0.923958 -0.10294927 0.021904068 -0.99444538 -0.85018837 0.16292812 -0.50063372 -0.94999236 0.25982696 -0.17321798 0.98203838 0.074615672 -0.17330089 0.94999236 0.25982696 -0.17321798 0.92075378 0.25032982 -0.29924494 0.84215122 0.51066625 -0.1732084 0.76066703 0.53961837 -0.3608292 0.58900219 0.78938431 -0.17305732 0.50367421 0.78456932 -0.3616122 0.2502923 0.95272541 -0.17224415 0.17337596 0.91519755 -0.36380523 -0.12464029 0.97717941 -0.17200346 -0.18276392 0.91381961 -0.36267218 -0.48269448 0.85878164 -0.17175639 -0.51103801 0.77949458 -0.36225477 -0.76838911 0.61593097 -0.17380239 -0.76645601 0.52937418 -0.36374182 -0.87800092 0.26551229 -0.39826837 -0.72031045 0.4381611 -0.53774321 -0.50421667 0.6756503 -0.53783113 -0.21471891 0.81593174 -0.53679723 0.10720588 0.83736461 -0.53602928 0.41228542 0.73551714 -0.53762013 0.65751302 0.52938235 -0.53612602 -0.45775709 0.27836573 -0.84437615 -0.41894433 0.33453029 -0.84414172 -0.3216348 0.43092814 -0.8431204 -0.26181129 0.46818012 -0.84395623 -0.13805211 0.5198983 -0.84299898 -0.067854755 0.53435689 -0.84253103 0.067854755 0.53435689 -0.84253103 0.13483478 0.5188207 -0.84418279 0.26181141 0.46818006 -0.84395629 0.32163471 0.43092826 -0.8431204 0.41894433 0.33453029 -0.84414172 0.45775697 0.27836582 -0.84437615 0.53153908 0.11327872 -0.83942491 0.55124223 0.030470733 -0.83378863 0.10164093 0.0086502591 -0.99478358 0.39467528 0.031574067 -0.91827798 0.5468173 0.027617102 -0.83679628 0.84510368 0 -0.53460234 0.93023676 0.071966797 -0.35983375 0.98507851 0 -0.17210571 0.98381072 0.049544379 -0.17222583 0.86154574 0.28513795 -0.42004189 0.83912748 0.12572299 -0.52920592 0.93597209 0.30737546 -0.17168722 0.72683829 0.58278018 -0.36341915 0.72326988 0.66810536 -0.17468807 0.45623145 0.81355959 -0.36051854 0.42076737 0.8908661 -0.17120886 0.17001402 0.93089676 -0.32330549 0.084814958 0.98142964 -0.17205311 -0.021921428 0.84671521 -0.53159463 -0.13557053 0.83110666 -0.53933525 -0.10809193 0.93499517 -0.3377873 0.015205583 0.099922359 -0.99487901 -0.0084181111 0.069449671 -0.99754995 -0.023155691 0.17598395 -0.98412067 0.068056554 0.021267742 -0.99745482 0.16760074 0.054293107 -0.98435873 0.087328725 0.062697619 -0.99420464 0.13056093 0.12088972 -0.98404241 0.071283594 0.11267404 -0.99107176 0.076438524 0.16004314 -0.984146 0.025480213 0.17372894 -0.98446375 0.076771148 0.53455496 -0.84163964 -0.088755392 0.53253174 -0.84174371 -0.050395638 0.54035348 -0.83992773 0.076771148 0.53455496 -0.84163964 0.23258568 0.49271432 -0.83853239 0.29240391 0.45726988 -0.83988351 0.39940467 0.36795542 -0.83969331 0.44347939 0.31230935 -0.84011239 0.51313102 0.17004935 -0.84129649 0.51313102 0.17004935 -0.84129649 -0.12765932 0.97621799 -0.17521855 0.26255006 0.80952913 -0.52509999 0.45624873 0.71268028 -0.53284514 0.69038564 0.4893024 -0.53287047 0.80290252 0.26658863 -0.53317738 -0.042170066 0.097657084 -0.99432635 -0.01641597 0.032832064 -0.99932605 -0.087427884 0.17242715 -0.98113465 -0.15723319 0.35658261 -0.92093784 -0.023769498 0.08427377 -0.99615914 -0.054293178 0.16760066 -0.98435873 -0.15387237 0.51488084 -0.84333926 -0.15387237 0.51488084 -0.84333926 -0.24231903 0.80773002 -0.53745121 -0.26142228 0.86634153 -0.42557129 -0.28238687 0.94311726 -0.17546368 -0.44680524 0.87900925 -0.16645697 -0.41121423 0.89482552 -0.17375258 -0.42461863 0.83665591 -0.34598556 -0.36770213 0.87022865 -0.32786787 -0.30369231 0.68492299 -0.66230768 -0.16374181 0.32193291 -0.93249547 -0.24963523 0.49002475 -0.83519942 -0.35389307 0.69795561 -0.62258959 -0.84911513 0.49206662 -0.19202602 -0.84911513 0.49206662 -0.19202602 -0.82095754 0.47362936 -0.31891036 -0.77903092 0.44981691 -0.43677869 -0.72151804 0.41702428 -0.55272275 -0.72151804 0.41702428 -0.55272275 -0.47067851 0.27249807 -0.83917022 -0.48324132 0.28059173 -0.82930458 -0.37716565 0.21635853 -0.90051931 -0.25858954 0.14928876 -0.9543817 -0.076615319 0.04596927 -0.99600041 -0.069338664 0.041169807 -0.99674332 -0.1014208 -0.030867212 -0.99436462 -0.16760066 -0.054293178 -0.98435873 -0.17299682 -0.037404723 -0.9842118 -0.10512044 -0.019710073 -0.99426413 -0.35067275 -0.030941753 -0.93598682 -0.026147969 -0.0020113729 -0.99965614 -0.27341074 -0.012205864 -0.96181989 -0.082693785 -0.0042406903 -0.99656606 -0.56950241 -0.050747711 -0.8204217 -0.72075611 -0.031091405 -0.69249105 -0.56153029 -0.02489542 -0.8270815 -0.91298765 -0.084738381 -0.39909038 -0.97197175 -0.04141232 -0.23142186 -0.85053992 -0.035899445 -0.52468377 -0.9824751 -0.091955811 -0.16213256 -0.99187577 -0.042928539 -0.11974813 -0.91334301 -0.17981441 -0.36533722 -0.96192294 -0.21083242 -0.17393672 -0.90428376 -0.27099061 -0.32990158 -0.93436849 -0.30867532 -0.17797494 -0.80431616 -0.24940038 -0.53932834 -0.74605286 -0.40424898 -0.5291388 -0.84634215 -0.41224042 -0.33728769 -0.11374781 -0.056873869 -0.99188036 -0.14079784 -0.11652236 -0.98315746 -0.51350683 -0.1602854 -0.84298241 -0.51519501 -0.26540342 -0.8149448 -0.48913199 -0.23233773 -0.84069556 -0.51350683 -0.1602854 -0.84298241 -0.52588516 -0.11621771 -0.84257835 -0.53147972 -0.094804481 -0.84174901 -0.87931174 -0.44258696 -0.1758624 -0.82827252 -0.14843591 -0.54030681 -0.81960857 -0.065454863 -0.56917262 0.052971873 -0.079457842 -0.99542975 0.076210804 -0.20404823 -0.97598994 0 -0.06224912 -0.99806064 -0.033164702 -0.026946343 -0.99908662 -0.1627744 -0.14023641 -0.97664642 -0.020726383 -0.039380014 -0.99900937 -0.078393474 -0.19598369 -0.97746867 -0.0071414253 -0.23804596 -0.97122765 0.23419203 -0.42634958 -0.87371629 0.12249814 -0.4472608 -0.88597518 -0.035554077 -0.49228674 -0.86970669 -0.20595366 -0.45071012 -0.86858702 -0.34902859 -0.32171324 -0.8801589 0.35370308 -0.70413125 -0.61570549 0.27492312 -0.65214342 -0.70648867 0.178138 -0.70948076 -0.68183863 -0.060370043 -0.75031298 -0.65832055 -0.32169834 -0.68239027 -0.65639442 -0.48998827 -0.46350253 -0.73829323 0.40250567 -0.83960193 -0.36477089 0.27520865 -0.8623209 -0.42504472 0.22773062 -0.90508354 -0.35911384 -0.077651523 -0.92914027 -0.3614811 -0.40190217 -0.8414827 -0.36108395 -0.62215787 -0.58158249 -0.52410054 -0.67388654 -0.64430118 -0.36159766 -0.75125462 -0.63473344 -0.18091433 -0.47956401 -0.85785365 -0.18467684 -0.14537267 -0.97170168 -0.18617904 0.18865953 -0.9642598 -0.18603927 0.43739417 -0.88065958 -0.18200299 0.44424507 -0.87972218 -0.16951454 0.43028703 -0.85128713 -0.3002722 0.40918124 -0.76271373 -0.50083774 0.31334531 -0.60730857 -0.73006231 0.24388316 -0.4603295 -0.85359108 0.12506574 -0.24492045 -0.96144295 0.022982121 -0.045964304 -0.99867862 0.21900149 -0.70080465 -0.67890453 -0.65813774 0.6840741 -0.31447956 -0.51031822 0.79737204 -0.32213828 -0.54094064 0.82343191 -0.17129797 -0.58950549 0.58950549 -0.55223787 -0.37437463 0.58126593 -0.72247744 -0.46023279 0.7070241 -0.53693813 -0.36627433 0.36317015 -0.85670912 -0.14274172 0.21800536 -0.96545243 -0.27913439 0.42943779 -0.85887557 -0.07122428 0.07122428 -0.99491417 -0.031659111 0.048544064 -0.99831915 -0.12572822 0.12572822 -0.98406547 -0.15599555 0.086397506 -0.98397201 -0.099652469 0.037646469 -0.9943099 -0.17559266 0.020793863 -0.98424333 -0.10569503 -0.0021570334 -0.99439627 -0.1718466 -0.04708121 -0.983998 -0.070909381 -0.030082786 -0.99702901 -0.13991021 -0.10855106 -0.98419607 -0.076144218 -0.073904693 -0.99435419 -0.091225795 -0.15124275 -0.98427814 -0.034869313 -0.082814641 -0.99595481 -0.027858391 -0.17411521 -0.98433107 -0.0021570334 -0.10569503 -0.99439627 0.12148342 -0.36721143 -0.92216998 0.033142321 -0.10163644 -0.99426937 0.2502923 -0.95272541 -0.17224415 -0.69927794 0.6931439 -0.17481957 -0.86471313 0.47219834 -0.17117196 -0.84732604 0.39083308 -0.35956636 -0.9782474 0.11392249 -0.17336023 -0.93147451 0.044480518 -0.36107728 -0.94999236 -0.25982696 -0.17321798 -0.87973768 -0.309425 -0.36099583 -0.78322554 -0.59804422 -0.17000243 -0.70165443 -0.6164068 -0.3573848 -0.50367934 -0.84641981 -0.17286034 -0.41978404 -0.83325547 -0.35981485 -0.14958975 -0.97360069 -0.17240842 -0.077533118 -0.93039805 -0.35825673 0.20820221 -0.89438969 -0.39587742 -0.019154385 -0.84552884 -0.53358608 -0.33486938 -0.77599537 -0.5345031 -0.60240763 -0.59563905 -0.53133714 -0.78018975 -0.32748708 -0.53296918 -0.84595561 -0.010880415 -0.53314233 -0.78721118 0.30596066 -0.53543127 -0.01090765 -0.54265356 -0.83988583 -0.082816191 -0.53687781 -0.83958542 -0.21593331 -0.49877521 -0.83940226 -0.27576128 -0.46786466 -0.83967763 -0.38691694 -0.38062552 -0.83989269 -0.43232152 -0.3289403 -0.83958101 -0.50042522 -0.20926866 -0.8401078 -0.5254854 -0.14465609 -0.83841497 -0.54335588 -0.005433538 -0.83948487 -0.53857535 0.06203489 -0.84029055 -0.50715482 0.19622064 -0.83922076 -0.47457463 0.2588588 -0.84129125 -0.37510255 0.42596391 -0.82331818 -0.5547682 0.81406218 -0.17185766 -0.54474843 0.79833817 -0.25672048 -0.48723811 0.71083367 -0.50726169 -0.39746216 0.60612977 -0.68893439 -0.30504736 0.44200745 -0.84354937 -0.16678666 0.25556019 -0.95229793 -0.038766358 0.064610638 -0.99715734 -0.88594019 -0.35256791 -0.3013401 -0.73841619 -0.56851512 -0.36267346 -0.8029086 -0.56961066 -0.17573091 -0.78321147 -0.31328455 -0.53705925 -0.65129519 -0.53318471 -0.53993386 -0.12782423 -0.047934115 -0.99063778 -0.046529535 -0.035954621 -0.99826968 -0.13873015 -0.098067872 -0.98546267 -0.31849271 0.14826386 -0.93625855 -0.10400409 0.0086669745 -0.99453908 -0.36477339 0.0076525593 -0.93106496 -0.39317513 -0.15670025 -0.9060123 -0.41657999 -0.34140775 -0.84255672 -0.43980762 -0.31192023 -0.84218478 -0.092018232 0.092018232 -0.99149644 -0.095017418 0.067869663 -0.99315917 -0.082295574 0.02815379 -0.99621016 -0.11267404 0.071283594 -0.99107176 -0.2670874 0.25572202 -0.92912352 -0.50154483 0.46833006 -0.72740626 -0.73492146 0.65530509 -0.17454395 -0.91519755 -0.36380523 -0.17337596 -0.98171639 -0.082212687 -0.17167948 -0.93274152 -0.012777311 -0.36031938 -0.94072205 0.29156879 -0.17329091 -0.86876452 0.3376824 -0.36224121 -0.68360102 0.60727674 -0.40485123 -0.49753672 -0.19901465 -0.84430468 -0.53471935 -0.044559944 -0.84385395 -0.51350683 0.1602854 -0.84298241 -0.84359539 0.038849808 -0.53557205 -0.76781905 0.35313198 -0.53455746 -0.02948834 -0.048445113 -0.99839044 -0.034179844 -0.059814759 -0.99762416 -0.12057676 -0.18840124 -0.97466213 -0.061432283 -0.063626349 -0.99608111 -0.12064033 -0.1278788 -0.98442525 -0.3706131 -0.39259875 -0.84173167 -0.3706131 -0.39259875 -0.84173167 -0.57880372 -0.61265177 -0.53818583 -0.62072814 -0.65743768 -0.42716768 -0.67443746 -0.71735615 -0.17474058 -0.53641647 -0.82710016 -0.16781743 -0.56852621 -0.80440402 -0.17237228 -0.52416557 -0.80664998 -0.27306831 -0.54254305 -0.73983139 -0.39786488 -0.45792261 -0.69189769 -0.55819768 -0.41264379 -0.62894917 -0.65889907 -0.36801192 -0.53736234 -0.75882083 -0.29530606 -0.45073026 -0.84239936 -0.24368314 -0.32491079 -0.91381162 -0.057508525 -0.077415228 -0.99533898 -0.54014301 -0.6481716 -0.53676713 0.24735487 -0.7859 -0.56672466 0.28767034 -0.91531491 -0.28185883 0.23073687 -0.90542316 -0.35632777 0.023863278 -0.088945031 -0.99575061 0.012311004 -0.036932949 -0.99924195 0.054816406 -0.18113272 -0.98192984 0.088759296 -0.35503757 -0.93062878 0.012655063 -0.06749358 -0.99763948 0.042013858 -0.37287301 -0.92693073 0.008902383 -0.13798748 -0.99039394 -0.0050526089 -0.34862602 -0.93724817 -0.0021282511 -0.089384153 -0.99599499 -0.010919997 -0.11138369 -0.99371749 -0.055622306 -0.37081575 -0.92703933 -0.021989759 -0.10774957 -0.99393481 -0.091371179 -0.34936014 -0.93252283 -0.016744282 -0.054418899 -0.9983778 -0.08470425 -0.26694676 -0.95998162 -0.025831344 -0.077493899 -0.99665809 -0.14228047 -0.54837263 -0.82404107 -0.21557756 -0.68734896 -0.69359756 -0.16766992 -0.53295082 -0.82936734 -0.29315087 -0.93529087 -0.19822584 -0.27981976 -0.8845917 -0.37309313 -0.25760588 -0.9417848 -0.21605654 -0.21050379 -0.82676148 -0.52168351 -0.24960423 -0.80185354 -0.54288924 -0.24557438 -0.95560485 -0.16282655 -0.29945561 -0.94649363 -0.12031702 -0.14989355 -0.97303748 -0.17529914 -0.10622981 -0.97830272 -0.17787321 -0.020832712 -0.98376733 -0.17823552 0.020832712 -0.98376733 -0.17823552 0.10622981 -0.97830272 -0.17787321 0.14989348 -0.97303748 -0.17529921 0.26302335 -0.94905335 -0.17354117 0.29686794 -0.94008201 -0.16767547 0.16012739 -0.51003563 -0.84511715 0.20497188 -0.65218329 -0.72982424 0.14856166 -0.54373574 -0.82600296 0.19952077 -0.79194403 -0.57707554 0.10843931 -0.34429482 -0.93257809 0.07957463 -0.52576125 -0.84690195 0.010880415 -0.53314245 -0.84595555 -0.058982428 -0.53084236 -0.84541559 0.12616371 -0.83033347 -0.54279745 0.091974914 -0.83639681 -0.54035264 0.019186592 -0.84146863 -0.53996527 -0.019186676 -0.84146863 -0.53996515 -0.091974914 -0.83639681 -0.54035264 -0.1261638 -0.83033347 -0.54279751 -0.21637429 -0.79131162 -0.57184625 0.12305456 -0.12546745 -0.98443669 0.059116896 -0.063495979 -0.99622959 0.06787239 -0.054735783 -0.99619138 0.043426435 -0.069482349 -0.99663752 0.050251298 -0.06991484 -0.99628645 0.14942832 -0.22807483 -0.96210873 0.2067515 -0.28498185 -0.93596971 0.30794927 -0.471351 -0.82643539 0.42328867 -0.60993564 -0.66992927 0.39376569 -0.60553885 -0.69157165 0.46048898 -0.70408082 -0.54057389 0.54130381 -0.7447027 -0.39039484 0.50503427 -0.78021312 -0.36906344 0.53428346 -0.82267517 -0.1942849 0.58793902 -0.79296398 -0.15979886 0.54054993 -0.83273911 -0.11979754 0.74034947 -0.58123922 -0.33770326 0.78264594 -0.59688175 -0.17662825 0.69005746 -0.70232522 -0.17481455 0.14440237 -0.10108162 -0.98434258 0.3706131 -0.39259875 -0.84173167 0.43980753 -0.31192032 -0.84218478 0.41657999 -0.34140775 -0.84255672 0.36692619 -0.39201525 -0.84361678 0.5788036 -0.61265182 -0.53818583 0.68738949 -0.48955539 -0.53649908 0.64048523 -0.69575566 -0.3251195 0.34461761 -0.41354126 -0.84274691 0.05827624 0.04748426 -0.99717051 0.12305463 0.12546737 -0.98443669 0.15969633 0.073889367 -0.98439693 0.12700109 0.040821765 -0.99106216 0.17625864 0.0091562569 -0.98430133 0.1063758 -0.0086837728 -0.99428815 0.16760066 -0.054293178 -0.98435873 0.095448829 -0.044394851 -0.99444389 0.8421272 -0.33497259 -0.42262891 0.91519755 -0.36380523 -0.17337596 0.7059899 0.63474309 -0.31413308 0.51730734 0.74465889 -0.42175373 0.55605221 0.8145414 -0.16531284 0.9307881 -0.017998675 -0.36511582 0.98284119 0.049734086 -0.17762195 0.86869103 0.33458424 -0.36528 0.89150441 0.41816497 -0.17423545 0.6987794 0.70179123 -0.1385511 0.54066485 0.8391571 -0.059135258 0.057859462 0.084563702 -0.99473679 0.098664068 0.14679292 -0.98423427 0.40190217 0.36108395 -0.8414827 0.33541006 0.42631543 -0.84009236 0.31555867 0.44053254 -0.84044856 0.50107175 -0.19922125 -0.84216267 0.50107175 -0.19922125 -0.84216267 0.53676796 -0.041717727 -0.84269792 0.5404126 0.027572138 -0.84094828 0.5145461 0.16358393 -0.84171414 0.4882203 0.22885332 -0.84217995 0.40190217 0.36108395 -0.8414827 0.62578982 0.56490195 -0.5378409 0.45651716 0.70976734 -0.53649086 0.80329365 0.25630379 -0.53761292 0.83930796 -0.064996928 -0.53975701 0.78264374 -0.309863 -0.53986442 0.5472002 0.83490324 -0.05923304 0.54043931 0.82985508 -0.13880138 0.49042264 0.77947962 -0.38973981 0.47823411 0.6989575 -0.53174281 0.28914216 0.46014014 -0.83944494 0.26861712 0.46622029 -0.84290171 0.30580086 0.44934008 -0.83939224 0.096052527 0.14648025 -0.98453921 0.031659242 0.048544005 -0.99831921 0.13297483 0.11846848 -0.98401374 0.071664438 0.078382954 -0.99434412 0.078634709 0.041501608 -0.99603921 0.38691667 0.38062555 -0.83989263 0.63638657 0.66290247 -0.39442703 0.70113683 0.69811451 -0.14506277 -0.27490866 -0.901582 -0.33402872 -0.42906913 -0.8231768 -0.37185976 -0.44958597 -0.87566417 -0.17630827 0.84539866 0.39451939 -0.36007717 0.9193455 0.35359445 -0.17255412 0.9310149 0.047206368 -0.36191562 0.98482442 -0.018407933 -0.17257442 0.88123977 -0.30585989 -0.36036956 0.90589046 -0.38701022 -0.17200458 0.69915777 -0.61709708 -0.36106744 0.69202518 -0.70121139 -0.17147526 0.41608101 -0.83531404 -0.35934263 0.37670487 -0.91037023 -0.17122956 0.071966715 -0.93023688 -0.35983375 0.0068265707 -0.98530543 -0.17066497 -0.31780341 -0.93697226 -0.14520334 -0.45323417 -0.88688421 -0.089527741 -0.026500693 -0.10821102 -0.99377471 -0.029665761 -0.055093508 -0.99804038 -0.088971414 -0.19771416 -0.97621369 0.12203573 -0.11485718 -0.98585749 0.053508945 -0.091411106 -0.99437457 0.06909243 -0.16439247 -0.98397213 0.015264761 -0.10467259 -0.99438959 0.0022779666 -0.17768209 -0.98408526 -0.032646045 -0.17488985 -0.98404664 -0.15459156 -0.53215152 -0.83241588 -0.23387598 -0.4227758 -0.87553555 -0.30136102 -0.58028018 -0.75660855 0.16637214 0.064172179 -0.98397267 0.1066037 0.010877881 -0.99424207 0.17768209 -0.0022779666 -0.98408526 0.074723102 -0.019214492 -0.99701911 0.1549702 -0.058700804 -0.98617357 0.071649276 -0.041252594 -0.99657649 0.063626282 -0.06143235 -0.99608111 0.60240763 0.59563905 -0.53133714 0.74328834 0.40453312 -0.5327996 0.84174901 0.094804481 -0.53147972 0.8143301 -0.22825918 -0.53363299 0.66669691 -0.51854199 -0.5353778 0.42294931 -0.73355275 -0.53199095 0.11642823 -0.83828324 -0.53265917 -0.22288029 -0.79555881 -0.56339186 -0.38041788 -0.7378794 -0.55750889 0.38691667 0.38062555 -0.83989263 0.47819245 0.25914937 -0.83915049 0.50715494 0.19622064 -0.83922064 0.53739315 0.059085056 -0.84125948 0.54265356 -0.01090765 -0.83988583 0.52311713 -0.14777319 -0.83935189 0.4978275 -0.2124874 -0.8408429 0.42932364 -0.3321774 -0.83984488 0.38062537 -0.38691688 -0.83989263 0.27249807 -0.47067851 -0.83917022 0.20926866 -0.50042522 -0.8401078 0.073831141 -0.53669584 -0.8405394 0.0027106139 -0.54212487 -0.84029353 -0.14452139 -0.52204669 -0.84058368 0.48180968 0.83699 -0.25943607 0.48180968 0.83699 -0.25943607 0.48180968 0.83699 -0.25943607 0.48180968 0.83699 -0.25943607 0.3535969 0.61224663 -0.70719391 0.3535969 0.61224663 -0.70719391 0.3535969 0.61224663 -0.70719391 0.3535969 0.61224663 -0.70719391 0.12912318 0.22467415 -0.96584094 0.12912318 0.22467415 -0.96584094 0.12912318 0.22467415 -0.96584094 0.12912318 0.22467415 -0.96584094 -0.12912309 -0.22467422 -0.96584094 -0.12912309 -0.22467422 -0.96584094 -0.12912309 -0.22467422 -0.96584094 -0.12912309 -0.22467422 -0.96584094 -0.3535969 -0.61224663 -0.70719391 -0.3535969 -0.61224663 -0.70719391 -0.3535969 -0.61224663 -0.70719391 -0.3535969 -0.61224663 -0.70719391 -0.48180979 -0.83699 -0.25943595 -0.48180979 -0.83699 -0.25943595 -0.48180979 -0.83699 -0.25943595 -0.48180979 -0.83699 -0.25943595 -0.48180979 -0.83699 0.25943595 -0.48180979 -0.83699 0.25943595 -0.48180979 -0.83699 0.25943595 -0.48180979 -0.83699 0.25943595 -0.3535969 -0.61224663 0.70719391 -0.3535969 -0.61224663 0.70719391 -0.3535969 -0.61224663 0.70719391 -0.3535969 -0.61224663 0.70719391 -0.12912302 -0.22467431 0.96584094 -0.12912302 -0.22467431 0.96584094 -0.12912302 -0.22467431 0.96584094 -0.12912302 -0.22467431 0.96584094 0.12912327 0.22467418 0.96584094 0.12912327 0.22467418 0.96584094 0.12912327 0.22467418 0.96584094 0.12912327 0.22467418 0.96584094 0.35359704 0.61224669 0.70719391 0.35359704 0.61224669 0.70719391 0.35359704 0.61224669 0.70719391 0.35359704 0.61224669 0.70719391 0.48180979 0.83699 0.25943595 0.48180979 0.83699 0.25943595 0.48180979 0.83699 0.25943595 0.48180979 0.83699 0.25943595 -0.0021694545 0.11281203 -0.99361402 -0.03370503 0.60950005 -0.79206926 0.31746048 0.32045555 -0.89248365 0.31746048 0.32045555 -0.89248365 0.31746048 0.32045555 -0.89248365 -0.093233377 0.18155967 -0.97895026 0.4982641 0.8136211 -0.29958919 -0.061820149 0.91655082 -0.39511129 -0.061820149 0.91655082 -0.39511129 -0.061820149 0.91655082 -0.39511129 0.53613746 0.48587459 -0.69027704 0.53613746 0.48587459 -0.69027704 0.53613746 0.48587459 -0.69027704 0.49219173 0.85392296 -0.16900557 0 0 -1 0 0 -1 0 0 -1 0 0 -1 0 0 -1 0 0 -1 0 0 -1 0 0 -1 0 0 -1 0 0 -1 0 0 -1 0 0 -1 0 0 -1 0 0 -1 0 0 -1 0 0 -1 0 0 -1 0 0 -1 0 0 -1 0 0 -1 0 0 -1 0 0 -1 0 0 -1 0 0 -1 0 0 -1 0 0 -1 0 0 -1 0 0 -1 0 0 1 0 0 1 0 0 1 0 0 1 0 0 1 0 0 1 0 0 1 0 0 1 0 0 1 0 0 1 0 0 1 0 0 1 0 0 1 0 0 1 0 0 1 0 0 1 0 0 1 0 0 1 0 0 1 0 0 1 0 0 1 0 0 1 0 0 1 0 0 1 0 0 1 0 0 1 0 0 1 0 0 1 0 0 1 0 0 1 0 0 1 0 0 1 0 0 1 0 0 1 0 0 1 0 0 1 0 0 1 0 0 1 0 0 1 0 0 1 0 0 1 0 0 1 0 0 1 0 0 1 0 0 1 0 0 1 0 0 1 0 0 1 0 0 1 0 0 1 0 0 1 0 0 1 0 0 1 0 0 1 0 0 1 0 0 1 0 0 1 0 0 1 0 0 1 0 0 1 0 0 1 0 0 1 0 0 1 0 0 1 0 0 1 0 0 1 0 0 1 0 0 1 0 0 1 0 0 1 0 0 1 0 0 1 0 0 1 0 0 1 0 0 1 0 0 1 0 0 1 0 0 1 0 0 1 0 0 1 0 0 1 0 0 1 0 0 1 0 0 1 0 0 1 0 0 1 0 0 1 0 0 1 0 0 1 0 0 1 0 0 1 0 0 1 0 0 1 0 0 1 0 0 1 0 0 1 0 0 1 0 0 1 0 0 1 0 0 1 0 0 1 0 0 1 0 0 1 0 0 1 0 0 1 0 0 1 0 0 1 0 0 1 0 0 1 0 0 1 0 0 1 0 0 1 0 0 1 0 0 1 0 0 1 0 0 1 0 0 1 0 0 1 0 0 1 0 0 1 0 0 1 0 0 1 0 0 1 0 0 1 0 0 1 0 0 1 0 0 1 0 0 1 0 0 1 0 0 1 0 0 1 0 0 1 0 0 1 0 0 1 0 0 1 0 0 1 0 0 1 0 0 1 0.86609656 -0.4998768 0 0.86609656 -0.4998768 0 0.86609656 -0.4998768 0 0.86609656 -0.4998768 0 0.86609656 -0.4998768 0 0.86609656 -0.4998768 0 0.86609656 -0.4998768 0 0.86609656 -0.4998768 0 0.86609656 -0.4998768 0 0.86609656 -0.4998768 0 0.86609656 -0.4998768 0 0.86609656 -0.4998768 0 0.86609656 -0.4998768 0 0.86609656 -0.4998768 0 0.86609656 -0.4998768 0 0.86609656 -0.4998768 0 0.86609656 -0.4998768 0 0.86609656 -0.4998768 0 0.86609656 -0.4998768 0 0.86609656 -0.4998768 0 0.86609656 -0.4998768 0 0.86609656 -0.4998768 0 0.86609656 -0.4998768 0 0.86609656 -0.4998768 0 0.86609656 -0.4998768 0 -0.15993984 -0.98551142 0.056449343 -0.16944715 -0.98327118 0.066824287 -0.087087765 -0.99619842 0.0021240823 -0.12755147 -0.99182212 -0.0043983078 -0.17167948 -0.98171639 -0.082212687 -0.24533617 -0.96943516 -0.0023818954 -0.17836791 -0.97980183 -0.090405688 -0.25159776 -0.96768373 -0.016934475 -0.24959047 -0.9655875 0.073112398 -0.29039982 -0.95526296 0.056042109 -0.23074636 -0.97294122 0.011894174 -0.28454152 -0.95616198 -0.069212765 -0.24475993 -0.96642327 -0.07822226 -0.16077065 -0.98167497 -0.10230854 -0.14594053 -0.9826659 -0.11432005 -0.1169217 -0.98915774 -0.088860527 -0.059446275 -0.99784994 0.027600126 -0.098070458 -0.99407816 0.046806395 -0.12784693 -0.98726225 0.094701417 -0.084938183 -0.99171036 0.096416272 -0.21886604 -0.97106069 -0.095596671 -0.19202915 -0.97737902 -0.088628791 -0.17634299 -0.97968328 0.095519133 -0.26577106 -0.96402413 0.0048321825 -0.19413494 -0.97565281 0.10204531 -0.22669166 -0.96973634 0.090676606 -0.095216528 -0.99297261 -0.07027889 -0.079127721 -0.99569094 -0.048355866 -0.061819665 -0.99764103 -0.02984398 0.73426926 0.67885262 -0.0027708167 0.71262801 0.7015366 0.0027728612 0.7661491 0.6403634 0.054316506 0.76586109 0.63821769 -0.078326769 0.81611985 0.5778566 -0.0054772934 0.8132835 0.58170444 -0.013784498 0.80943525 0.58718342 0.0054876748 0.77474678 0.62620497 0.087377466 0.8289181 0.5590378 0.01927709 0.71260059 0.69811678 -0.069522008 0.68405205 0.72716469 -0.057483416 0.71400106 0.70005584 -0.01115631 0.68689901 0.72631109 0.025336338 0.75691998 0.650433 0.063316427 0.75948125 0.64127415 0.10934161 0.83071536 0.55286509 -0.065209746 0.80697495 0.58584666 -0.074666701 0.76002115 0.64264345 -0.096836664 0.74770266 0.65644765 -0.10008616 0.72724777 0.68032837 -0.090905972 0.81329548 0.58052474 0.039262563 0.79605097 0.59849089 0.090064175 0.82200187 0.56242228 0.089410737 0.79099566 0.60419226 -0.096320488 0.77439344 0.62479454 -0.099732451 0.70317876 0.70891881 0.054532189 0.71647072 0.69317096 0.078637093 0.72116828 0.68242759 0.11920125 -0.68159574 0.72566444 -0.094013207 -0.69073957 0.72200769 -0.039795719 -0.69126385 0.72006643 -0.060485527 0.81518704 -0.57913953 -0.0082341805 0.77561373 -0.63105482 -0.013899919 0.81358087 -0.58112913 -0.019370982 0.75677955 -0.65345538 -0.016755288 0.73175591 -0.68109584 -0.02533 0.7037819 -0.70945758 -0.036891825 0.68379867 -0.7290085 -0.031081812 0.55654466 -0.83070463 -0.013708029 0.61141002 -0.79123658 -0.011066288 0.36525998 -0.93090564 0 0.25885594 -0.96591592 0 0.25885594 -0.96591592 0 -0.25885594 -0.96591592 0 -0.25885594 -0.96591592 0 -0.25885594 -0.96591592 0 -0.25885594 -0.96591592 0 -0.70710409 -0.70710409 0.0027729466 -0.70710409 -0.70710409 0.0027729466 -0.70710409 -0.70710409 0.0027729466 -0.70710409 -0.70710409 0.0027729466 -0.96591592 -0.25885594 0 -0.96591592 -0.25885594 0 -0.96591592 -0.25885594 0 -0.96591592 -0.25885594 0 -0.96591592 0.25885594 0 -0.97701353 0.2115674 -0.026148828 -0.96591592 0.25885594 0 -0.90008086 0.43552288 -0.013197615 -0.96404016 0.26381668 -0.032052517 -0.92097527 0.38954416 -0.007739258 -0.75048536 0.65986073 -0.036816295 0.83157927 -0.55529809 -0.010941875 0.8857671 -0.46409953 -0.0053039743 0.96591592 -0.25885594 0 0.96591592 -0.25885594 0 0.96591592 0.25885594 0 0.96591592 0.25885594 0 0.96591592 0.25885594 0 0.96591592 0.25885594 0 0.70848918 0.70572162 0 0.70848918 0.70572162 0 0.70848918 0.70572162 0 0.70848918 0.70572162 0 0.25885594 0.96591592 0 0.25885594 0.96591592 0 0.25885594 0.96591592 0 0.25885594 0.96591592 0 -0.25885594 0.96591592 0 -0.25885594 0.96591592 0 -0.25885594 0.96591592 0 -0.25885594 0.96591592 0 -0.70572162 0.70848918 0 -0.89337373 0.4493145 0 -0.90901136 -0.41673872 -0.0052092141 -0.93392575 -0.35723943 -0.012758578 -0.9535107 -0.30031833 -0.025026508 -0.94441742 -0.32827342 -0.017676271 -0.9553737 -0.29434493 -0.024944464 -0.96667045 -0.2533513 -0.03689583 -0.97330219 -0.22702336 -0.033812005 -0.9976005 -0.067633934 -0.014794931 0.94934565 0.31221801 -0.035537023 0.96806252 0.22673051 -0.10699637 0.96985906 0.23564351 -0.062011439 0.97071141 0.23405479 -0.054202177 0.97100127 0.23730204 -0.029057432 0.8173961 0.57601732 -0.0082287882 0.80391991 0.59468031 -0.0082594184 0.83620048 0.54841727 -0.0027149264 -0.9910723 -0.13302988 -0.0088686226 -0.99678838 -0.080080271 0 -0.96591592 0.25885594 0 -0.96591592 0.25885594 0 -0.96591592 0.25885594 0 -0.70572162 0.70848918 0 -0.70572162 0.70848918 0 -0.70572162 0.70848918 0 -0.70572162 0.70848918 0 -0.25885594 0.96591592 0 -0.25885594 0.96591592 0 -0.25885594 0.96591592 0 -0.25885594 0.96591592 0 0.25885594 0.96591592 0 0.25885594 0.96591592 0 0.25885594 0.96591592 0 0.25885594 0.96591592 0 0.70848918 0.70572162 0 0.67231727 0.73983008 -0.025317371 0.71239614 0.70108813 -0.03109671 -0.89697915 -0.44187471 -0.013229812 -0.84432632 -0.53582245 -0.0027061638 -0.78113717 -0.62435955 0 -0.70710409 -0.70710409 0.0027729466 -0.70572162 -0.70848918 0 -0.25885594 -0.96591592 0 -0.25885594 -0.96591592 0 -0.25885594 -0.96591592 0 -0.25885594 -0.96591592 0 0.25885594 -0.96591592 0 0.25885594 -0.96591592 0 0.25885594 -0.96591592 0 0.25885594 -0.96591592 0 0.70848918 -0.70572162 0 0.70848918 -0.70572162 0 0.70848918 -0.70572162 0 0.70848918 -0.70572162 0 0.96591592 -0.25885594 0 0.96591592 -0.25885594 0 0.96591592 -0.25885594 0 0.96591592 -0.25885594 0 0.96651018 0.25661689 -0.0023982793 0.8548727 0.51883781 0 -0.28518879 -0.95576781 -0.07193955 -0.28082964 -0.95929414 -0.029822655 -0.27639851 -0.95985657 -0.047741529 -0.20149022 -0.97900563 -0.030816184 0.24930823 -0.96790278 -0.031774614 0.1132984 -0.99353951 -0.0065364195 0.0019684774 -0.99999028 -0.0039369548 0.055813402 -0.99843901 -0.0020671538 0.30402097 -0.95226431 -0.027638325 0.30402097 -0.95226431 -0.027638325 0.25885594 -0.96591592 0 0.70848918 -0.70572162 0 0.70848918 -0.70572162 0 0.70848918 -0.70572162 0 0.70848918 -0.70572162 0 0.96591592 -0.25885594 0 0.96591592 -0.25885594 0 0.96591592 -0.25885594 0 0.96591592 -0.25885594 0 0.96591592 0.25885594 0 0.96591592 0.25885594 0 0.96591592 0.25885594 0 0.96591592 0.25885594 0 0.73289204 0.68034494 0 0.72086132 0.69302899 -0.0083497139 0.66280305 0.74877334 -0.0055464478 0.49813864 0.8670305 -0.010770606 0.49671403 0.86791414 0 0.34822264 0.9371286 -0.023044135 0.25851119 0.96575892 -0.021949057 0.23163216 0.97237247 -0.028954057 0.18103422 0.98275703 -0.037617493 0.18579906 0.9824121 -0.018579898 -0.25885594 0.96591592 0 -0.25885594 0.96591592 0 -0.25885594 0.96591592 0 -0.25885594 0.96591592 0 -0.70572162 0.70848918 0 -0.70572162 0.70848918 0 -0.70572162 0.70848918 0 -0.70572162 0.70848918 0 -0.96591592 0.25885594 0 -0.96591592 0.25885594 0 -0.96591592 0.25885594 0 -0.96591592 0.25885594 0 -0.96591592 -0.25885594 0 -0.96591592 -0.25885594 0 -0.96591592 -0.25885594 0 -0.96591592 -0.25885594 0 -0.70710409 -0.70710409 0.0027729466 -0.70710409 -0.70710409 0.0027729466 -0.70710409 -0.70710409 0.0027729466 -0.70710409 -0.70710409 0.0027729466 -0.2594558 -0.96575195 -0.0024023589 0.021994654 -0.99975806 0 0 0 1 0 0 1 0 0 1 0 0 1 0 0 1 0 0 1 0 0 1 0 0 1 0 0 1 0 0 1 0 0 1 0 0 1 0 0 1 0 0 1 0 0 1 0 0 1 0 0 1 0 0 1 0 0 1 0 0 1 0 0 1 -0.76654381 -0.63438106 -0.09985625 -0.76093519 -0.64778489 -0.036773849 -0.75819594 -0.64864665 -0.066306114 -0.70619994 -0.70328182 -0.081709132 -0.68244869 -0.73038924 -0.028200336 -0.42616895 -0.90462846 -0.0052290461 -0.59568131 -0.80263156 -0.030762849 0.70848918 0.70572162 0 0.75180721 0.65818578 -0.039718132 0.89752263 0.44084191 -0.01055913 0.89442402 0.4472121 -0.0026306489 0.91281599 0.40829661 -0.0078018159 0.92700416 0.37491027 -0.010271554 0.96540534 0.26019749 -0.017022271 0.97704303 0.21240073 -0.016520062 0.98596376 0.1669596 0 0.96591592 -0.25885594 0 0.96591592 -0.25885594 0 0.96591592 -0.25885594 0 0.96591592 -0.25885594 0 0.70848918 -0.70572162 0 0.70848918 -0.70572162 0 0.70848918 -0.70572162 0 0.70848918 -0.70572162 0 0.25885594 -0.96591592 0 0.25885594 -0.96591592 0 0.25885594 -0.96591592 0 0.25885594 -0.96591592 0 -0.25885594 -0.96591592 0 -0.24139966 -0.97037876 -0.0095603447 -0.35333291 -0.93544245 -0.010167814 0.69093895 0.71984869 -0.066492051 0.69073957 0.72200769 -0.039795719 0.68108416 0.72531027 -0.10024612 0.25885594 0.96591592 0 0.25885594 0.96591592 0 0.25885594 0.96591592 0 0.25885594 0.96591592 0 -0.25885594 0.96591592 0 -0.25885594 0.96591592 0 -0.25885594 0.96591592 0 -0.25885594 0.96591592 0 -0.70710409 0.70710409 0.0027729466 -0.70710409 0.70710409 0.0027729466 -0.70710409 0.70710409 0.0027729466 -0.70710409 0.70710409 0.0027729466 -0.96591592 0.25885594 0 -0.96591592 0.25885594 0 -0.96591592 0.25885594 0 -0.96591592 0.25885594 0 -0.96591592 -0.25885594 0 -0.96591592 -0.25885594 0 -0.96591592 -0.25885594 0 -0.96591592 -0.25885594 0 0.9656195 -0.25798994 -0.031941641 0.99893886 0.045312643 -0.0082387021 0.98288053 -0.18210141 -0.028015634 0.96915376 -0.24290179 -0.041710403 0.92148459 -0.38785654 -0.020824511 0.95284843 -0.30261064 -0.022508221 0.94151878 -0.33661833 -0.015185807 0.90992928 -0.41408378 -0.023737274 0.88863617 -0.45654702 -0.043480668 0.84230691 -0.53874832 -0.016408598 0.89484406 -0.44609439 -0.015931962 0.89649874 -0.44297582 -0.0079102525 -0.96591592 0.25885594 0 -0.94833612 0.31526461 -0.035594407 -0.88021559 0.47457403 0 -0.85294908 0.52199405 0 -0.83204722 0.55469817 -0.0027190982 -0.79931068 0.60086107 -0.008268699 -0.7438041 0.66802043 -0.022454552 -0.70982683 0.70423764 -0.013972916 -0.67410815 0.738442 -0.016782708 -0.63638288 0.77137333 0 -0.25885594 0.96591592 0 -0.25885594 0.96591592 0 -0.25885594 0.96591592 0 -0.25885594 0.96591592 0 0.25885594 0.96591592 0 0.25885594 0.96591592 0 0.25885594 0.96591592 0 0.25885594 0.96591592 0 0.70848918 0.70572162 0 0.70848918 0.70572162 0 0.70848918 0.70572162 0 0.70848918 0.70572162 0 0.96591592 0.25885594 0 0.96591592 0.25885594 0 0.99580544 0.091494985 0 -0.96913928 0.23855738 -0.062124383 -0.97058481 0.23714539 -0.041561555 -0.96936017 0.22719374 -0.093401834 -0.96591592 -0.25885594 0 -0.96591592 -0.25885594 0 -0.96591592 -0.25885594 0 -0.96591592 -0.25885594 0 -0.70710409 -0.70710409 0.0027729466 -0.70710409 -0.70710409 0.0027729466 -0.70710409 -0.70710409 0.0027729466 -0.70710409 -0.70710409 0.0027729466 -0.25885594 -0.96591592 0 -0.25885594 -0.96591592 0 -0.25885594 -0.96591592 0 -0.25885594 -0.96591592 0 0.25885594 -0.96591592 0 0.25885594 -0.96591592 0 0.25885594 -0.96591592 0 0.25885594 -0.96591592 0 0.70848918 -0.70572162 0 0.70848918 -0.70572162 0 0.2000947 -0.97903496 -0.038113281 -0.06276688 -0.99799311 -0.0083688833 0.25661689 -0.96651018 0.0023982793 -0.030228125 -0.99954307 0 -0.064582922 -0.99791014 -0.0020833118 -0.10356066 -0.99461383 -0.0043150107 0.2778182 -0.95834523 -0.066268533 0.28044817 -0.9590326 -0.040064026 0.28856277 -0.95225745 -0.099685363 -0.25798994 0.9656195 -0.031941641 -0.5382641 0.84273672 -0.0081554856 -0.33442423 0.9420042 -0.028081475 -0.27450207 0.96075714 -0.039927568 -0.12428827 0.99208724 -0.017755544 -0.21384911 0.9765777 -0.023761069 -0.18008091 0.98351908 -0.01616119 -0.096017443 0.99509019 -0.024004411 -0.049041476 0.99788594 -0.042644668 0.045683987 0.99881774 -0.016612353 -0.061058551 0.9979921 -0.016843813 -0.064986095 0.99785095 -0.0083852699 -0.1407868 -0.98997688 -0.01117358 -0.16143329 -0.98678935 -0.013642266 -0.30418643 -0.95245266 -0.01745333 -0.30418643 -0.95245266 -0.01745333 -0.3500194 -0.93674237 0 -0.70710409 -0.70710409 0.0027729466 -0.70710409 -0.70710409 0.0027729466 -0.70710409 -0.70710409 0.0027729466 -0.70710409 -0.70710409 0.0027729466 -0.96591592 -0.25885594 0 -0.96591592 -0.25885594 0 -0.96591592 -0.25885594 0 -0.96591592 -0.25885594 0 -0.96591592 0.25885594 0 -0.96591592 0.25885594 0 -0.96591592 0.25885594 0 -0.96591592 0.25885594 0 -0.70572162 0.70848918 0 -0.70572162 0.70848918 0 -0.57529074 0.817949 0 0.70710409 -0.70710409 -0.0027729466 0.70710409 -0.70710409 -0.0027729466 0.70710409 -0.70710409 -0.0027729466 0.70710409 -0.70710409 -0.0027729466 0.96591592 -0.25885594 0 0.96591592 -0.25885594 0 0.96591592 -0.25885594 0 0.96591592 -0.25885594 0 0.96591592 0.25885594 0 0.96591592 0.25885594 0 0.96591592 0.25885594 0 0.96591592 0.25885594 0 0.70848918 0.70572162 0 0.70848918 0.70572162 0 0.70848918 0.70572162 0 0.70710409 0.70710409 -0.0027729466 0.25885594 0.96591592 0 0.25885594 0.96591592 0 -0.48465118 -0.84047097 0.24232559 -0.48465118 -0.84047097 0.24232559 -0.48465118 -0.84047097 0.24232559 -0.3725926 -0.64956385 0.66275305 -0.3725926 -0.64956385 0.66275305 -0.3725926 -0.64956385 0.66275305 -0.3725926 -0.64956385 0.66275305 -0.17797495 -0.30867532 0.93436855 -0.17797495 -0.30867532 0.93436855 -0.17797495 -0.30867532 0.93436855 -0.17797495 -0.30867532 0.93436855 0.061191823 0.10425268 0.9926666 0.061191823 0.10425268 0.9926666 0.061191823 0.10425268 0.9926666 0.061191823 0.10425268 0.9926666 0.28479394 0.49134773 0.82308555 0.28479394 0.49134773 0.82308555 0.28479394 0.49134773 0.82308555 0.28479394 0.49134773 0.82308555 0.44233763 0.7667188 0.4652738 0.44233763 0.7667188 0.4652738 0.44233763 0.7667188 0.4652738 0.44233763 0.7667188 0.4652738 0.4998768 0.86609656 0 0.4998768 0.86609656 0 0.4998768 0.86609656 0 0.4998768 0.86609656 0 0.44233763 0.7667188 -0.4652738 0.44233763 0.7667188 -0.4652738 0.44233763 0.7667188 -0.4652738 0.44233763 0.7667188 -0.4652738 0.28479382 0.49134767 -0.82308555 0.28479382 0.49134767 -0.82308555 0.28479382 0.49134767 -0.82308555 0.28479382 0.49134767 -0.82308555 0.061191749 0.10425267 -0.99266654 0.061191749 0.10425267 -0.99266654 0.061191749 0.10425267 -0.99266654 0.061191749 0.10425267 -0.99266654 -0.17797495 -0.30867532 -0.93436855 -0.17797495 -0.30867532 -0.93436855 -0.17797495 -0.30867532 -0.93436855 -0.17797495 -0.30867532 -0.93436855 -0.3725926 -0.64956385 -0.66275305 -0.3725926 -0.64956385 -0.66275305 -0.3725926 -0.64956385 -0.66275305 -0.3725926 -0.64956385 -0.66275305 -0.48465118 -0.84047097 -0.24232559 -0.48465118 -0.84047097 -0.24232559 -0.48465118 -0.84047097 -0.24232559 -0.48465118 -0.84047097 -0.24232559 -0.48465118 -0.84047097 0.24232559 0.97167158 -0.23064935 -0.05152807 0.95990103 -0.27747139 0.039995875 0.86412346 -0.50201464 -0.035662271 0.90785241 -0.41463104 0.062330086 0.78264952 -0.61983556 0.057127655 0.72766185 -0.68535596 0.028204015 0.73270714 -0.6781134 -0.057467278 0.38068721 -0.92452621 -0.018127974 0.38379475 -0.92268473 0.036802258 0.19609006 -0.98044968 0.016340766 0.19200805 -0.98111397 -0.023415592 -0.14474794 -0.92416024 -0.35351911 -0.0061543048 -0.99905264 -0.043080322 0.9466387 -0.25717932 -0.19425246 0.82212245 -0.52036965 -0.23093334 0.90443277 -0.2739813 -0.32700992 0.83098084 -0.2635574 -0.48990667 0.37736347 -0.4154169 -0.82766277 0.64559221 -0.17440166 -0.74350178 0.61293358 -0.48159069 -0.62640464 0.73299271 -0.53818828 -0.4160229 0.1540419 -0.1616177 -0.97475678 0.28922611 -0.14596461 -0.9460668 0.49063143 -0.1527715 -0.85787046 0.14988086 -0.43523085 -0.88775557 0.062975466 -0.19619262 -0.97854096 0.014999416 -0.083568133 -0.99638921 0.13996001 -0.97208577 -0.18830979 0.076621182 -0.96031857 -0.26817405 -0.0075165317 -0.9445715 -0.32821977 -0.14023641 -0.97664642 -0.1627744 -0.10444083 -0.82972473 -0.54831463 -0.044559948 -0.84385401 -0.53471941 -0.010822436 -0.85768133 -0.51406771 0.12295108 -0.88067245 -0.4574922 0.24129233 -0.90043241 -0.36193857 0.32644919 -0.91579115 -0.23400339 0.36022127 -0.92149657 -0.14520556 0.37053922 -0.92362344 -0.098083951 -0.064996928 -0.53975701 -0.83930796 -0.035247389 -0.46635079 -0.88389736 0.059462924 -0.56348169 -0.82398576 0.25911376 -0.59406579 -0.76154172 0.45997763 -0.63121021 -0.62449515 0.61184174 -0.65864933 -0.437985 0.70280236 -0.67456478 -0.22590075 -0.10173056 -0.32660854 -0.93966889 -0.054402735 -0.060931109 -0.99665827 -0.15060502 -0.51382905 -0.84456956 -0.16491552 -0.82157904 -0.54572046 -0.1845919 -0.82007211 -0.54167122 -0.17672835 -0.96680784 -0.18452516 -0.21039447 -0.96255475 -0.1709455 -0.17608018 -0.057107091 -0.98271793 -0.28987867 -0.31945819 -0.9021734 -0.33175647 -0.084929653 -0.93953425 -0.53233814 -0.038816344 -0.84564131 -0.87536806 -0.19222608 -0.44359869 -0.72977358 0.063458599 -0.6807375 -0.68268001 -0.24336281 -0.68900108 -0.48098144 -0.31959939 -0.81640249 -0.98035878 0.05513021 -0.18936026 -0.93400598 0.020527605 -0.35666716 -0.88347012 0.095662341 -0.45861658 -0.94577974 -0.23644497 -0.22269812 -0.97679156 -0.20461464 -0.063333094 -0.99748904 0.05791869 -0.040757589 -0.35862777 -0.93344951 -0.0076303487 -0.26173937 -0.95347923 -0.14956537 -0.30198252 -0.94603378 -0.11758617 -0.32950112 -0.94105542 -0.076444305 -0.34217146 -0.93904215 -0.033445366 -0.69416815 -0.71946168 -0.022483177 -0.68916786 -0.72334152 -0.042717028 -0.67624038 -0.72939461 -0.10335548 -0.66288823 -0.73520321 -0.14161703 -0.62731689 -0.74337053 -0.23210722 -0.60305876 -0.74664408 -0.28078926 -0.5432539 -0.75795305 -0.36108494 -0.50645757 -0.76458746 -0.39863104 -0.42359659 -0.7787661 -0.46269786 -0.37852588 -0.78616899 -0.48852482 -0.29063183 -0.80239648 -0.52124172 -0.24543741 -0.81087583 -0.53126353 -0.91739559 -0.39692473 -0.028915018 -0.90902853 -0.38633713 -0.15623929 -0.84548157 -0.39142668 -0.36324388 -0.71271414 -0.41768366 -0.56354141 -0.52825671 -0.44851986 -0.72095412 -0.3162705 -0.48389378 -0.81597775 -0.99763942 -0.012654996 0.067493573 -0.99248397 0.11077839 0.051998101 -0.95159769 -0.30631912 0.025108101 -0.91794628 -0.39187178 0.061733238 -0.69280696 -0.72085577 0.019634215 -0.53479284 -0.84469831 0.021940216 -0.54600334 -0.83200508 0.0982228 -0.9777444 0.080866069 0.1935885 -0.95081663 -0.20646308 0.23091257 -0.94466108 0.054350313 0.3235141 -0.87078851 0.03833662 0.49016079 -0.4962703 -0.2605418 0.82815087 -0.66912878 0.057435896 0.74092358 -0.73944354 -0.23913924 0.62931365 -0.87287289 -0.25370693 0.41680428 -0.19945155 -0.099725895 0.97481984 -0.32212427 -0.038348135 0.94592041 -0.51353651 0.024584275 0.85771555 -0.2916781 -0.35783213 0.88706261 -0.1267776 -0.35552841 0.92602754 -0.04133556 -0.073968805 0.99640357 -0.17768253 -0.90847355 0.37829176 -0.33517376 -0.94005799 0.062845096 -0.31804299 -0.94352728 0.092762493 -0.28609732 -0.94920117 0.13101649 -0.24505453 -0.95624596 0.15981829 -0.20432226 -0.96398187 0.17026852 -0.18504478 -0.81298393 0.55210102 -0.24585553 -0.8060326 0.53839248 -0.2836408 -0.80364901 0.52315974 -0.37479272 -0.78835696 0.48787668 -0.41984808 -0.78111273 0.46215838 -0.49966115 -0.76745367 0.40168855 -0.53667402 -0.76110148 0.36428785 -0.5995872 -0.74948412 0.28065786 -0.62494928 -0.74428648 0.23553374 -0.67317575 -0.73222643 0.10333836 -0.1227623 -0.53489345 0.83595353 -0.24737482 -0.50711811 0.82561308 -0.44982874 -0.46624589 0.7617538 -0.64803255 -0.43090823 0.62799037 -0.80208737 -0.40587556 0.43808788 -0.89226967 -0.38999861 0.22749925 -0.017812446 -0.34352714 0.9389739 0.028042413 -0.07765606 0.99658573 -0.036055129 -0.54082644 0.84036112 -0.12626918 -0.8280912 0.54618776 -0.12608282 -0.87971389 0.45848283 -0.16139475 -0.97093028 0.17676561 0.82063162 -0.5297361 0.21434399 -0.1326939 -0.97642601 0.17024861 0.14321616 -0.11408743 0.98309362 0.12982704 -0.4092373 0.90314442 0.33501041 -0.1495088 0.93027687 0.34161317 -0.44915804 0.82556504 0.51969773 -0.18024202 0.83512104 0.55227196 -0.46859452 0.68950331 0.70180577 -0.20184679 0.68317384 0.7356925 -0.48714769 0.4705781 0.8327499 -0.20666789 0.51363027 0.90411896 -0.26799625 0.33278647 0.95272917 -0.25763944 0.16102469 -0.080924608 -0.98537636 0.14994858 -0.042843975 -0.99217695 0.11725724 -0.014911624 -0.99694359 0.076687939 -0.0020391063 -0.99916595 0.04078225 0.37466538 -0.92162198 0.10118693 0.36615187 -0.91957211 0.14254762 0.33335286 -0.91309714 0.23479638 0.30783847 -0.90885645 0.28145233 0.24813326 -0.89800626 0.36333811 0.21186654 -0.89160466 0.40019211 0.12938143 -0.87691838 0.4628979 0.084527105 -0.87062985 0.48462245 -0.0026944485 -0.85414344 0.5200305 -0.047367718 -0.84704643 0.52940404 0.71769667 -0.67816246 0.15813649 0.65493488 -0.66151714 0.36531544 0.52013683 -0.63834965 0.56742179 0.33875501 -0.60585028 0.71985441 0.12695312 -0.5698126 0.81190914 -0.34607771 0.93750888 -0.036157388 -0.56591892 0.82186228 -0.06540782 -0.56970578 0.82104641 0.036304809 -0.49802926 0.86455643 0.067150101 -0.12943301 0.99158812 0 -0.12892786 0.98998231 0.057557169 -0.1231553 0.99196047 0.029109474 -0.11927825 0.99092734 -0.061933 0.28345859 0.95882928 -0.017254008 0.29777378 0.95388573 0.037852615 0.29001924 0.9568153 0.019830294 0.49310184 0.86970156 -0.021674806 0.64178312 0.76680565 0.011113083 -0.32191119 0.923002 -0.21080917 -0.4522931 0.74611837 -0.48860845 -0.49132109 0.80398023 -0.33499181 -0.5757063 0.79121125 -0.20626906 -0.022080077 0.56028414 -0.82800603 -0.38516226 0.57609749 -0.72094494 -0.1673899 0.76086313 -0.62695128 -0.2195536 0.88414836 -0.41240487 -0.014229584 0.22293103 -0.97473031 -0.11192797 0.3548933 -0.92818254 -0.26494724 0.42635202 -0.86488551 0.16213924 0.42851055 -0.88886994 0.24564122 0.28848544 -0.92543852 0.043601587 0.07412263 -0.99629551 0.70902544 0.61427093 -0.3463442 0.73383516 0.65739387 -0.17122819 0.70576727 0.69055676 -0.15818927 0.67993641 0.72187084 -0.12879859 0.65888971 0.74674171 -0.090780377 0.64606863 0.76224774 -0.039670907 -0.11215686 0.96862847 -0.22176501 -0.054320402 0.89900196 -0.43456289 0.04540528 0.77756542 -0.62716049 0.17732689 0.62370163 -0.7612828 0.31490016 0.46920109 -0.82503831 0.40428475 0.37585831 -0.83383709 0.29864207 0.94878292 -0.10307115 0.31193575 0.93854326 -0.14775904 0.33269656 0.91419244 -0.23144111 0.35169387 0.8941372 -0.27718255 0.39083308 0.84732604 -0.35956636 0.41458285 0.81959844 -0.39544833 0.46763945 0.75415087 -0.46105301 0.49619016 0.71930891 -0.48619959 0.55328107 0.65111732 -0.51954436 0.57848567 0.61908102 -0.53112429 0.61284155 0.56882507 -0.54850996 0.16213264 0.091955736 -0.9824751 0.10251148 0.017448684 -0.99457872 0.7321474 0.57852715 -0.35953668 0.65749055 0.52599251 -0.53947943 0.45225358 0.30254203 -0.83900839 0.43600672 0.32935745 -0.83750927 0.39251047 0.084498793 -0.91585779 0.16691172 -0.087084442 -0.98211855 0.29951033 -0.2147433 -0.92961228 0.56181479 -0.071296275 -0.82418507 0.41978404 -0.35981485 -0.83325547 0.68363672 -0.24686885 -0.68680173 0.52060634 -0.5138889 -0.68182647 0.79200983 -0.39115584 -0.46874046 0.61734885 -0.64083499 -0.45630133 0.68276954 -0.64683437 -0.33975136 0.90855318 -0.33596012 -0.24831842 0.75681812 -0.62812847 -0.18077849 0.6908989 -0.70312726 -0.16813913 0.88087618 -0.46943241 -0.060750101 0.71093404 -0.70243686 -0.033988923 0.95176643 0.30645889 -0.01494923 0.86378473 0.50296313 -0.030068506 0.85493338 0.51352423 -0.073360592 0.83726245 0.53491753 -0.11337928 0.81201261 0.56422937 -0.149267 0.78479451 0.59692854 -0.1666552 0.55929023 0.17534514 -0.81021523 0.69723415 0.011155703 -0.71675664 0.81532365 -0.12997918 -0.56422764 0.90279114 -0.23449121 -0.36053029 0.94710547 -0.28142563 -0.15424287 0.95663637 -0.28973851 -0.029972982 0.71315503 0.46655014 -0.5232026 0.73982209 0.43266377 -0.51523328 0.79721338 0.36324641 -0.48218554 0.82651496 0.32808214 -0.45742232 0.87973773 0.26512629 -0.39467674 0.90311706 0.23750803 -0.35772815 0.94252086 0.19291353 -0.27283493 0.95797217 0.1729672 -0.22884893 0.97908843 0.14872234 -0.13880748 0.98601162 0.13130899 -0.10265985 0.99259698 0.11453039 -0.040422484 0.87939322 -0.47498092 0.032570161 0.70684278 -0.7039457 0.069525421 0.95300382 -0.29717326 0.058922209 0.99261636 0.11964566 0.019940875 0.9908635 0.12924314 0.038546171 0.86953318 0.49380881 0.0080512017 0.85002172 -0.48097309 0.21477406 0.64467072 -0.56366509 0.51641184 0.67771596 -0.6382373 0.36517704 0.68001264 -0.70184785 0.21211398 0.54731023 -0.1199985 0.82828242 0.5002057 -0.45714161 0.73540181 0.71969199 -0.29237491 0.6297304 0.83147532 -0.36673442 0.41731837 0.21687652 -0.053609949 0.97472596 0.27000946 -0.17727895 0.94639695 0.37255809 -0.3356103 0.86519718 0.45222297 0.086536504 0.88769698 0.3280859 0.1923261 0.92486238 0.080138937 0.030322872 0.99632239 0.75610739 0.62701601 0.18749011 0.75853741 0.6270169 0.17739996 0.77638978 0.60588837 0.17354602 0.80292493 0.57437694 0.15938203 0.83011222 0.54163337 0.13246474 0.85111946 0.51695502 0.091395371 0.8628239 0.50331384 0.047012825 0.93386364 -0.27565849 0.2278402 0.87420672 -0.20517099 0.4400768 0.7735272 -0.084331937 0.62812722 0.64374298 0.069281645 0.76209903 0.51680559 0.23071687 0.82442814 0.43669888 0.33302233 0.83569747 0.98555291 0.13635084 0.10046905 0.97911239 0.14376847 0.14376847 0.95700675 0.17060843 0.23458651 0.94103801 0.1876556 0.28148341 0.90128595 0.23486279 0.36403736 0.8762449 0.26589486 0.40186393 0.82208949 0.32883567 0.46479666 0.79235792 0.36396921 0.48958683 0.73427463 0.43328813 0.52259183 0.7070241 0.46023279 0.53693813 0.66642511 0.50486732 0.54862255 0.65426755 0.51936716 0.54971963 0.26141328 0.26141328 0.92915356 0.03301172 0.096834384 0.99475288 0.37377599 0.38948098 0.84178144 0.62910771 0.55469698 0.54455012 0.61931515 0.56855142 0.54147762 0.74633086 0.64233398 0.17434788 0.12545925 0.38474166 0.91445822 -0.23157267 0.47838071 0.84706908 -0.093221337 0.32760659 0.94020408 -0.057216622 0.17880222 0.98221999 -0.2670055 0.85319042 0.44807833 -0.41560367 0.59846914 0.68491477 -0.12242177 0.71362996 0.68974286 0.039210171 0.57414865 0.81781167 -0.53778529 0.82035053 0.19445345 -0.51116425 0.7876429 0.34399107 -0.5223214 0.71860808 0.45911074 -0.26295894 0.93714088 0.22938968 0.64301819 0.76482344 0.039657533 0.65251386 0.75401598 0.075401671 0.67010313 0.73264587 0.11912933 0.69437003 0.70346636 0.15160912 0.72400594 0.66901821 0.16801818 0.26923305 0.51968205 0.81082934 0.13202745 0.68114138 0.72014946 0.010973698 0.82303053 0.56789106 -0.07502915 0.92714751 0.3671076 -0.1179532 0.98048598 0.15727094 0.58176875 0.61897475 0.52765077 0.55328101 0.65111732 0.51954448 0.49619016 0.71930891 0.48619959 0.46390373 0.75672227 0.46061364 0.41141471 0.81964016 0.39865771 0.38774055 0.84740067 0.36272496 0.34878781 0.89432788 0.28022274 0.33335286 0.91309714 0.23479638 0.3112607 0.9392423 0.1447088 0.30428725 0.94725895 0.10054699 0 0 1 0 0 1 0 0 1 0 0 1 0 0 1 0 0 1 0 0 1 0 0 1 0 0 1 0 0 1 0 0 1 0 0 1 0 0 1 0 0 1 0 0 1 0 0 1 0 0 1 0 0 1 0 0 1 0 0 1 0 0 1 0 0 1 0 0 1 0 0 1 0 0 1 0 0 1 0 0 1 0 0 1 0 0 1 0 0 1 0 0 1 0 0 1 0 0 1 0 0 1 0 0 1 0 0 1 0 0 1 0 0 1 0 0 1 0 0 1 0 0 1 0 0 1 0 0 1 0 0 1 0 0 1 0 0 1 0 0 1 0 0 1 0 0 1 0 0 1 0 0 1 0 0 1 0 0 1 0 0 1 0 0 1 0 0 1 0 0 1 0 0 1 0 0 1 0 0 1 0 0 1 0 0 1 0 0 1 0 0 1 0 0 1 0 0 1 0 0 1 0 0 1 0 0 1 0 0 1 0 0 1 0 0 1 0 0 1 0 0 1 0 0 1 0 0 1 0 0 1 0 0 1 0 0 1 0 0 1 0 0 1 0 0 1 0 0 1 0 0 1 0 0 1 0 0 1 0 0 1 0 0 1 0 0 1 0 0 1 0 0 1 0 0 1 0 0 1 0 0 1 0 0 1 0 0 1 0 0 1 0 0 1 0 0 1 0 0 1 0 0 1 0 0 1 0 0 1 0 0 1 0 0 1 0 0 1 0 0 1 0 0 1 0 0 1 0 0 1 0 0 1 -0.98761654 -0.15629706 0.01359107 -0.95121056 -0.30789191 0.020025486 -0.99856859 -0.052008841 0.012482124 -0.95135957 -0.30808279 0 -0.89059526 -0.45460245 0.013292498 -0.8090629 -0.58740175 0.019395353 -0.8090905 -0.58768404 0 -0.70703769 -0.70703781 0.01397311 -0.58740187 -0.80906284 0.019395353 -0.58768404 -0.8090905 0 -0.45460236 -0.89059538 0.013292498 -0.30789182 -0.95121062 0.020025486 -0.30808279 -0.95135957 0 -0.15629715 -0.9876166 0.013591072 6.066351e-08 -0.99983943 0.017925339 0 -1 0 0.15629722 -0.9876166 0.013591003 0.30789188 -0.95121056 0.020025408 0.30808279 -0.95135957 0 0.45460242 -0.89059526 0.013292416 0.58740193 -0.80906284 0.019395269 0.58768404 -0.8090905 0 0.70703775 -0.70703775 0.013973024 0.8090629 -0.58740187 0.019395269 0.8090905 -0.58768404 0 0.89059526 -0.45460242 0.013292416 0.95121056 -0.30789188 0.020025408 0.95135957 -0.30808279 0 0.98761654 -0.15629713 0.013591001 0.99983937 0 0.017925337 1 0 0 0.9876166 0.15629706 0.013591001 0.95121056 0.30789188 0.020025408 0.95135957 0.30808279 0 0.89059526 0.45460242 0.013292416 0.80906302 0.58740175 0.019395269 0.80909061 0.58768392 0 0.70703775 0.70703775 0.013973024 0.58740193 0.80906284 0.019395269 0.58768415 0.8090905 0 0.45460242 0.89059526 0.013292416 0.30789188 0.95121056 0.020025408 0.30808279 0.95135957 0 0.15629722 0.9876166 0.013591003 1.2132702e-07 0.99983937 0.017925339 0 1 0 -0.15629722 0.9876166 0.013591003 -0.30789176 0.95121062 0.020025562 -0.30808279 0.95135957 0 -0.45460242 0.89059526 0.013292416 -0.58740181 0.8090629 0.019395439 -0.80229419 0.59692889 0 -0.82024479 0.57168585 0.019332467 -0.70703775 0.70703775 0.013973024 -0.58768392 0.80909061 0 -0.85958189 0.51088357 0.01081231 -0.8984375 0.43858629 0.021264873 -0.88996637 0.45445102 0.037870932 -0.95135957 0.30808279 0 -0.96580166 0.2589995 0.012102732 -0.9876166 0.15629706 0.013591001 -0.98688036 0.15716124 0.036979124 -1 0 0 0 0 1 0 0 1 0 0 1 0 0 1 0 0 1 0 0 1 0 0 1 0 0 1 0 0 1 0 0 1 0 0 1 0 0 1 0 0 1 0 0 1 0 0 1 0 0 1 0 0 1 0 0 1 0 0 1 0 0 1 0 0 1 0 0 1 0 0 1 0 0 1 0 0 1 0 0 1 0 0 1 0 0 1 0 0 1 0 0 1 0 0 1 0 0 1 0 0 1 0 0 1 0 0 1 0 0 1 0 0 1 0 0 1 0 0 1 0 0 1 0 0 1 0 0 1 0 0 1 0 0 1 0 0 1 0 0 1 0 0 1 0 0 1 0 0 1 0 0 1 0 0 1 0 0 1 0 0 1 0 0 1 0 0 1 0 0 1 0 0 1 0 0 1 0 0 1 0 0 1 0 0 1 0 0 1 0 0 1 0 0 1 0 0 1 0 0 1 0 0 1 0 0 1 0 0 1 0 0 1 0 0 1 0 0 1 0 0 1 0 0 1 0 0 1 0 0 1 0 0 1 0 0 1 0 0 1 0 0 1 0 0 1 0 0 1 0 0 1 0 0 1 0 0 1 0 0 1 0 0 1 0 0 1 0 0 1 0 0 1 0 0 1 0 0 1 0 0 1 0 0 1 0 0 1 0 0 1 0 0 1 0 0 1 0 0 1 0 0 1 0 0 1 0 0 1 0 0 1 0 0 1 0 0 1 0 0 1 0 0 1 0 0 1 0 0 1 0 0 1 0 0 1 0 0 1 0 0 1 0 0 1 0 0 1 0 0 1 0 0 1 0 0 1 0 0 1 0 0 1 0 0 1 0 0 1 0 0 1 0 0 1 0.86609656 -0.4998768 0 0.86609656 -0.4998768 0 0.86609656 -0.4998768 0 0.86609656 -0.4998768 0 0.86609656 -0.4998768 0 0.86609656 -0.4998768 0 0.86609656 -0.4998768 0 0.86609656 -0.4998768 0 0.86609656 -0.4998768 0 0.86609656 -0.4998768 0 0.86609656 -0.4998768 0 0.86609656 -0.4998768 0 0.86609656 -0.4998768 0 0.86609656 -0.4998768 0 0.86609656 -0.4998768 0 0.86609656 -0.4998768 0 0.86609656 -0.4998768 0 0.86609656 -0.4998768 0 0.86609656 -0.4998768 0 0.86609656 -0.4998768 0 0.86609656 -0.4998768 0 0.86609656 -0.4998768 0 0.86609656 -0.4998768 0 0.86609656 -0.4998768 0 0.86609656 -0.4998768 0 0.86609656 -0.4998768 0 0.86609656 -0.4998768 0 0.86609656 -0.4998768 0 0.86609656 -0.4998768 0 0.86609656 -0.4998768 0 0.96614486 -0.25029665 0.062574223 0.95574874 -0.29175493 -0.037726935 0.055182051 -0.077254765 -0.9954831 0.15727094 -0.1179532 -0.98048598 0.95251846 -0.25292867 -0.16951601 0.93408537 -0.2335213 -0.27009696 0.90397447 -0.21870358 -0.36742195 0.64774871 -0.21176407 -0.73183161 0.728912 -0.22211483 -0.64757419 0.79790276 -0.20254451 -0.56773841 0.86408907 -0.20331512 -0.46044883 0.24906944 -0.13108915 -0.95957273 0.39149448 -0.15035662 -0.90781337 0.50717348 -0.17303565 -0.84429479 0.54967481 -0.18828644 -0.81388324 -0.010877947 -0.10660363 -0.99424207 -0.019404251 -0.086241148 -0.99608529 -0.078545101 -0.074056759 -0.994156 -0.99343723 0.096865736 -0.060822729 -0.39878079 -0.034332149 -0.91640347 -0.22441363 -0.048785526 -0.97327203 -0.43690273 0.080191039 -0.89592707 -0.5565784 0 -0.83079505 -0.67116839 0.048552591 -0.73971313 -0.72188842 0.045653019 -0.69050193 -0.84154207 0.070836864 -0.53552681 -0.76482344 0.039657533 -0.64301819 -0.98088175 0.097600169 -0.16836025 -0.95416117 0.099337347 -0.28232718 -0.9483006 0.16527528 -0.27094299 -0.94350302 0.10958532 -0.31271905 -0.93128937 0.091513954 -0.35259795 -0.99784064 0.05330351 0.03837847 -0.077254765 -0.055182051 0.9954831 -0.18978046 -0.057654914 0.98013228 -0.98163152 0.087256089 0.16966464 -0.95780843 0.098636039 0.26995152 -0.9236455 0.10384174 0.36891177 -0.68264621 0.022474036 0.73040336 -0.76224774 0.039670907 0.64606863 -0.81859726 0.080423631 0.56870961 -0.88084316 0.10479478 0.46166369 -0.27980334 -0.037473671 0.95932573 -0.41772041 -0.0078322273 0.90854192 -0.53753161 0.013642879 0.84313309 -0.58042204 0.01100322 0.81424147 -0.026397133 -0.10338864 0.99429071 -0.013005657 -0.099709928 0.99493146 0.059844352 -0.077575937 0.99518871 0.19418894 -0.12105282 0.97346646 0.64349425 -0.19799823 0.73939961 0.51066613 -0.1732084 0.84215134 0.36226916 -0.16698349 0.91699374 0.77174538 -0.19370502 0.60571241 0.72299409 -0.21191211 0.65755063 0.94486767 -0.23966032 0.223132 0.89063001 -0.22783561 0.39353412 0.82905644 -0.22026588 0.51395363 -0.56835097 0.81968218 0.071400963 -0.56083202 0.82736605 -0.030540412 -0.56634456 0.80734253 -0.16568606 -0.55198008 0.75653738 -0.35066974 -0.4784964 0.69599479 -0.5353806 0.0086002089 0.094602689 -0.99547797 -0.045309655 0.19316234 -0.98012006 -0.15080437 0.18403248 -0.9712826 -0.096507058 0.28169647 -0.95463789 -0.2033294 0.37761185 -0.90336388 -0.31479371 0.50875753 -0.80129319 -0.39789876 0.62337494 -0.67311233 0.076144218 0.073904693 -0.99435419 0.070204243 0.054847173 -0.9960236 0.10614841 0.0064988583 -0.99432909 0.70813942 -0.70233494 -0.072555251 0.32580537 -0.23065868 -0.91686827 0.20075868 -0.10790784 -0.9736796 0.42655998 -0.35704648 -0.83100206 0.4829964 -0.46645549 -0.74103564 0.52299243 -0.49952492 -0.69061834 0.59916061 -0.59577554 -0.53484398 0.56060278 -0.52345455 -0.6416539 0.68780971 -0.70615131 -0.16813128 0.66704708 -0.6894958 -0.28221223 0.65403682 -0.68965274 -0.3108294 0.65559667 -0.66870874 -0.35074434 0.71798116 -0.69536763 0.031093728 0.094602622 -0.0086002741 0.99547797 0.18197405 -0.07764224 0.98023325 0.69590831 -0.69896054 0.16482031 0.66009903 -0.66990244 0.33985281 0.61448282 -0.60773027 0.50306553 0.54256761 -0.51897758 0.66051692 0.44757035 -0.39605165 0.80176306 0.33917406 -0.26544052 0.90249777 0.26061532 -0.14360435 0.95470279 0.084916838 0.062570371 0.99442142 0.073449671 0.068998188 0.99490929 0.0042984355 0.098864406 0.99509162 -0.16990627 0.35963485 0.91749358 -0.069024675 0.21693513 0.9737426 -0.28534424 0.33587396 0.89764547 -0.2769978 0.48241216 0.83099383 -0.37669295 0.55685055 0.74028355 -0.40104708 0.60322815 0.68940341 -0.48218819 0.69314557 0.53576469 -0.41637766 0.63955605 0.64621806 -0.57659197 0.79998392 0.16603449 -0.5626424 0.77561998 0.28608945 -0.56583446 0.76194757 0.3150669 -0.54474002 0.76198769 0.3501901 -0.96591592 -0.25885594 0 -0.96591592 -0.25885594 0 -0.96591592 -0.25885594 0 -0.96591592 -0.25885594 0 -0.70710409 -0.70710409 0.0027729466 -0.70710409 -0.70710409 0.0027729466 -0.70710409 -0.70710409 0.0027729466 -0.70710409 -0.70710409 0.0027729466 -0.25885594 -0.96591592 0 -0.25885594 -0.96591592 0 -0.25885594 -0.96591592 0 -0.25885594 -0.96591592 0 0.25885594 -0.96591592 0 0.25885594 -0.96591592 0 0.25885594 -0.96591592 0 0.25885594 -0.96591592 0 0.70848918 -0.70572162 0 0.70848918 -0.70572162 0 0.70848918 -0.70572162 0 0.70848918 -0.70572162 0 0.96591592 -0.25885594 0 0.96591592 -0.25885594 0 0.96591592 -0.25885594 0 0.96591592 -0.25885594 0 0.96591592 0.25885594 0 0.96591592 0.25885594 0 0.96591592 0.25885594 0 0.96591592 0.25885594 0 0.70848918 0.70572162 0 0.70848918 0.70572162 0 0.70848918 0.70572162 0 0.70848918 0.70572162 0 0.25885594 0.96591592 0 0.25885594 0.96591592 0 0.25885594 0.96591592 0 0.25885594 0.96591592 0 -0.25885594 0.96591592 0 -0.25885594 0.96591592 0 -0.25885594 0.96591592 0 -0.25885594 0.96591592 0 -0.70572162 0.70848918 0 -0.70572162 0.70848918 0 -0.70572162 0.70848918 0 -0.70572162 0.70848918 0 -0.96591592 0.25885594 0 -0.96591592 0.25885594 0 -0.96591592 0.25885594 0 -0.96591592 0.25885594 0 -0.96591592 -0.25885594 0 -0.96591592 -0.25885594 0 -0.96591592 -0.25885594 0 -0.96591592 -0.25885594 0 -0.70710409 -0.70710409 0.0027729466 -0.70710409 -0.70710409 0.0027729466 -0.70710409 -0.70710409 0.0027729466 -0.70710409 -0.70710409 0.0027729466 -0.25885594 -0.96591592 0 -0.25885594 -0.96591592 0 -0.25885594 -0.96591592 0 -0.25885594 -0.96591592 0 0.25885594 -0.96591592 0 0.25885594 -0.96591592 0 0.25885594 -0.96591592 0 0.25885594 -0.96591592 0 0.70848918 -0.70572162 0 0.70848918 -0.70572162 0 0.70848918 -0.70572162 0 0.70848918 -0.70572162 0 0.96591592 -0.25885594 0 0.96591592 -0.25885594 0 0.96591592 -0.25885594 0 0.96591592 -0.25885594 0 0.96591592 0.25885594 0 0.96591592 0.25885594 0 0.96591592 0.25885594 0 0.96591592 0.25885594 0 0.70848918 0.70572162 0 0.70848918 0.70572162 0 0.70848918 0.70572162 0 0.70572162 0.70848918 0 0.25885594 0.96591592 0 0.25885594 0.96591592 0 0.25885594 0.96591592 0 0.25885594 0.96591592 0 -0.25885594 0.96591592 0 -0.25885594 0.96591592 0 -0.25885594 0.96591592 0 -0.25885594 0.96591592 0 -0.70572162 0.70848918 0 -0.70572162 0.70848918 0 -0.70572162 0.70848918 0 -0.70572162 0.70848918 0 -0.96591592 0.25885594 0 -0.96591592 0.25885594 0 -0.96591592 0.25885594 0 -0.96591592 0.25885594 0 -0.96591592 -0.25885594 0 -0.96591592 -0.25885594 0 -0.96591592 -0.25885594 0 -0.96591592 -0.25885594 0 -0.70710409 -0.70710409 0.0027729466 -0.70710409 -0.70710409 0.0027729466 -0.70710409 -0.70710409 0.0027729466 -0.70710409 -0.70710409 0.0027729466 -0.25885594 -0.96591592 0 -0.25885594 -0.96591592 0 -0.25885594 -0.96591592 0 -0.25885594 -0.96591592 0 0.25885594 -0.96591592 0 0.25885594 -0.96591592 0 0.25885594 -0.96591592 0 0.25885594 -0.96591592 0 0.70848918 -0.70572162 0 0.70848918 -0.70572162 0 0.70848918 -0.70572162 0 0.70848918 -0.70572162 0 0.96591592 -0.25885594 0 0.96591592 -0.25885594 0 0.96591592 -0.25885594 0 0.96591592 -0.25885594 0 0.96591592 0.25885594 0 0.96591592 0.25885594 0 0.96591592 0.25885594 0 0.96591592 0.25885594 0 0.70848918 0.70572162 0 0.70848918 0.70572162 0 0.70848918 0.70572162 0 0.70848918 0.70572162 0 0.25885594 0.96591592 0 0.25885594 0.96591592 0 0.25885594 0.96591592 0 0.25885594 0.96591592 0 -0.25885594 0.96591592 0 -0.25885594 0.96591592 0 -0.25885594 0.96591592 0 -0.25885594 0.96591592 0 -0.70572162 0.70848918 0 -0.70572162 0.70848918 0 -0.70572162 0.70848918 0 -0.70572162 0.70848918 0 -0.96591592 0.25885594 0 -0.96591592 0.25885594 0 -0.96591592 0.25885594 0 -0.96591592 0.25885594 0 -0.96591592 -0.25885594 0 -0.96591592 -0.25885594 0 -0.96591592 -0.25885594 0 -0.96591592 -0.25885594 0 -0.70572162 -0.70848918 0 -0.70572162 -0.70848918 0 -0.70572162 -0.70848918 0 -0.70710409 -0.70710409 0.0027729466 -0.25885594 -0.96591592 0 -0.25885594 -0.96591592 0 -0.25885594 -0.96591592 0 -0.25885594 -0.96591592 0 0.25885594 -0.96591592 0 0.25885594 -0.96591592 0 0.25885594 -0.96591592 0 0.25885594 -0.96591592 0 0.70572162 -0.70848918 0 0.70848918 -0.70572162 0 0.70848918 -0.70572162 0 0.70848918 -0.70572162 0 0.96591592 -0.25885594 0 0.96591592 -0.25885594 0 0.96591592 -0.25885594 0 0.96591592 -0.25885594 0 0.96591592 0.25885594 0 0.96591592 0.25885594 0 0.96591592 0.25885594 0 0.96591592 0.25885594 0 0.70848918 0.70572162 0 0.70848918 0.70572162 0 0.70848918 0.70572162 0 0.70848918 0.70572162 0 0.25885594 0.96591592 0 0.25885594 0.96591592 0 0.25885594 0.96591592 0 0.25885594 0.96591592 0 -0.25885594 0.96591592 0 -0.25885594 0.96591592 0 -0.25885594 0.96591592 0 -0.25885594 0.96591592 0 -0.70572162 0.70848918 0 -0.70572162 0.70848918 0 -0.70572162 0.70848918 0 -0.70572162 0.70848918 0 -0.96591592 0.25885594 0 -0.96591592 0.25885594 0 -0.96591592 0.25885594 0 -0.96591592 0.25885594 0 -0.96591592 -0.25885594 0 -0.96591592 -0.25885594 0 -0.96591592 -0.25885594 0 -0.96591592 -0.25885594 0 -0.70710409 -0.70710409 0.0027729466 -0.70710409 -0.70710409 0.0027729466 -0.70710409 -0.70710409 0.0027729466 -0.70710409 -0.70710409 0.0027729466 -0.25885594 -0.96591592 0 -0.25885594 -0.96591592 0 -0.25885594 -0.96591592 0 -0.25885594 -0.96591592 0 0.25885594 -0.96591592 0 0.25885594 -0.96591592 0 0.25885594 -0.96591592 0 0.25885594 -0.96591592 0 0.70848918 -0.70572162 0 0.70848918 -0.70572162 0 0.70848918 -0.70572162 0 0.70848918 -0.70572162 0 0.96591592 -0.25885594 0 0.96591592 -0.25885594 0 0.96591592 -0.25885594 0 0.96591592 -0.25885594 0 0.96591592 0.25885594 0 0.96591592 0.25885594 0 0.96591592 0.25885594 0 0.96591592 0.25885594 0 0.70848918 0.70572162 0 0.70848918 0.70572162 0 0.70848918 0.70572162 0 0.70848918 0.70572162 0 0.25885594 0.96591592 0 0.25885594 0.96591592 0 0.25885594 0.96591592 0 0.25885594 0.96591592 0 -0.25885594 0.96591592 0 -0.25885594 0.96591592 0 -0.25885594 0.96591592 0 -0.25885594 0.96591592 0 -0.70572162 0.70848918 0 -0.70572162 0.70848918 0 -0.70572162 0.70848918 0 -0.70572162 0.70848918 0 -0.96591592 0.25885594 0 -0.96591592 0.25885594 0 -0.96591592 0.25885594 0 -0.96591592 0.25885594 0 -0.96591592 -0.25885594 0 -0.96591592 -0.25885594 0 -0.96591592 -0.25885594 0 -0.96591592 -0.25885594 0 -0.70710409 -0.70710409 0.0027729466 -0.70710409 -0.70710409 0.0027729466 -0.70710409 -0.70710409 0.0027729466 -0.70710409 -0.70710409 0.0027729466 -0.25885594 -0.96591592 0 -0.25885594 -0.96591592 0 -0.25885594 -0.96591592 0 -0.25885594 -0.96591592 0 0.25885594 -0.96591592 0 0.25885594 -0.96591592 0 0.25885594 -0.96591592 0 0.25885594 -0.96591592 0 0.70848918 -0.70572162 0 0.70848918 -0.70572162 0 0.70848918 -0.70572162 0 0.70848918 -0.70572162 0 0.96591592 -0.25885594 0 0.96591592 -0.25885594 0 0.96591592 -0.25885594 0 0.96591592 -0.25885594 0 0.96591592 0.25885594 0 0.96591592 0.25885594 0 0.96591592 0.25885594 0 0.96591592 0.25885594 0 0.70848918 0.70572162 0 0.70848918 0.70572162 0 0.70848918 0.70572162 0 0.70848918 0.70572162 0 0.25885594 0.96591592 0 0.25885594 0.96591592 0 0.25885594 0.96591592 0 0.25885594 0.96591592 0 -0.25885594 0.96591592 0 -0.25885594 0.96591592 0 -0.25885594 0.96591592 0 -0.25885594 0.96591592 0 -0.70572162 0.70848918 0 -0.70572162 0.70848918 0 -0.70572162 0.70848918 0 -0.70572162 0.70848918 0 -0.96591592 0.25885594 0 -0.96591592 0.25885594 0 -0.96591592 0.25885594 0 -0.96591592 0.25885594 0 -0.7002548 0.25031734 0.66856897 -0.74649066 0.028169528 0.66479939 -0.72423983 0.13523154 0.67615753 -0.68522877 0.2190228 0.69461542 -0.67772758 0.34704897 0.64826107 -0.69418907 0.39006838 0.60493648 -0.66615105 0.39438811 0.63300931 -0.57178217 0.42551225 0.70143032 -0.56023538 0.47636792 0.67765021 -0.51077783 0.5275799 0.67879713 -0.50195092 0.56258953 0.65691572 -0.4182632 0.57428199 0.70374435 -0.35437256 0.65296465 0.66937077 -0.32529822 0.65384966 0.68312639 -0.22582085 0.71196264 0.66491663 -0.21896279 0.67252886 0.70693719 -0.11283331 0.72450781 0.67996842 -0.022470845 0.73310846 0.67974043 0.039670907 0.76224774 0.64606863 0.164618 0.73163587 0.66152084 0.11532065 0.77767432 0.61799979 0.26782981 0.70783609 0.65363246 0.37986514 0.64411885 0.66393781 0.34331152 0.68662286 0.64084798 0.46657175 0.58741039 0.66125619 0.55516559 0.49796653 0.66619843 0.52938235 0.53612602 0.65751302 0.61924028 0.41615608 0.66584957 0.67932707 0.30731466 0.66638756 0.66009909 0.33985284 0.6699025 0.71197379 0.20519762 0.67155582 0.73999077 0.087745957 0.66686904 0.72405827 0.11918643 0.67936313 0.73848158 -0.022463316 0.67389953 0.73234308 -0.14164662 0.66604048 0.71459901 -0.10971024 0.69087768 0.69526666 -0.24334335 0.67630476 0.65627402 -0.35438809 0.66611832 0.64048535 -0.3251195 0.69575554 0.5879451 -0.44095895 0.67814142 0.51854211 -0.5353778 0.66669679 0.50501668 -0.50167227 0.70234108 0.42299262 -0.59951729 0.6794529 0.33260766 -0.66847634 0.66521549 0.32126433 -0.62954837 0.70743072 0.22246335 -0.6987232 0.67992353 0.11275768 -0.73589206 0.66764402 0.10972173 -0.69688165 0.70874339 8.4235495e-08 -0.73289204 0.680345 -0.090892598 -0.73007351 0.67729706 -0.1545803 -0.74259126 0.65166181 -0.27504116 -0.69719768 0.66201788 -0.23561962 -0.74141657 0.62831908 -0.37260854 -0.65618706 0.65618694 -0.47351435 -0.57762045 0.66493517 -0.44540924 -0.6195544 0.64634579 -0.54862243 -0.50486749 0.66642499 -0.62502635 -0.4089269 0.6649217 -0.60237068 -0.4450849 0.66260773 -0.67445433 -0.31452918 0.66796923 -0.71890044 -0.19831736 0.66622239 -0.70168465 -0.23284613 0.67336565 -0.73413604 -0.093969405 0.67246854 -0.7289291 -0.0027715829 0.6845836 -0.96591592 -0.25885594 0 -0.96591592 -0.25885594 0 -0.96591592 -0.25885594 0 -0.96591592 -0.25885594 0 -0.70710409 -0.70710409 0.0027729466 -0.70572162 -0.70848918 0 -0.70572162 -0.70848918 0 -0.70572162 -0.70848918 0 -0.25885594 -0.96591592 0 -0.25885594 -0.96591592 0 -0.25885594 -0.96591592 0 -0.25885594 -0.96591592 0 0.25885594 -0.96591592 0 0.25885594 -0.96591592 0 0.25885594 -0.96591592 0 0.25885594 -0.96591592 0 0.70848918 -0.70572162 0 0.70848918 -0.70572162 0 0.70848918 -0.70572162 0 0.70572162 -0.70848918 0 0.96591592 -0.25885594 0 0.96591592 -0.25885594 0 0.96591592 -0.25885594 0 0.96591592 -0.25885594 0 0.96591592 0.25885594 0 0.96591592 0.25885594 0 0.96591592 0.25885594 0 0.96591592 0.25885594 0 0.70848918 0.70572162 0 0.70848918 0.70572162 0 0.70848918 0.70572162 0 0.70848918 0.70572162 0 0.25885594 0.96591592 0 0.25885594 0.96591592 0 0.25885594 0.96591592 0 0.25885594 0.96591592 0 -0.25885594 0.96591592 0 -0.25885594 0.96591592 0 -0.25885594 0.96591592 0 -0.25885594 0.96591592 0 -0.70572162 0.70848918 0 -0.70572162 0.70848918 0 -0.70572162 0.70848918 0 -0.70572162 0.70848918 0 -0.96591592 0.25885594 0 -0.96591592 0.25885594 0 -0.96591592 0.25885594 0 -0.96591592 0.25885594 0 -0.96591592 -0.25885594 0 -0.96591592 -0.25885594 0 -0.96591592 -0.25885594 0 -0.96591592 -0.25885594 0 -0.70572162 -0.70848918 0 -0.70572162 -0.70848918 0 -0.70572162 -0.70848918 0 -0.70710409 -0.70710409 0.0027729466 -0.25885594 -0.96591592 0 -0.25885594 -0.96591592 0 -0.25885594 -0.96591592 0 -0.25885594 -0.96591592 0 0.25885594 -0.96591592 0 0.25885594 -0.96591592 0 0.25885594 -0.96591592 0 0.25885594 -0.96591592 0 0.70572162 -0.70848918 0 0.70848918 -0.70572162 0 0.70848918 -0.70572162 0 0.70848918 -0.70572162 0 0.96591592 -0.25885594 0 0.96591592 -0.25885594 0 0.96591592 -0.25885594 0 0.96591592 -0.25885594 0 0.96591592 0.25885594 0 0.96591592 0.25885594 0 0.96591592 0.25885594 0 0.96591592 0.25885594 0 0.70848918 0.70572162 0 0.70848918 0.70572162 0 0.70848918 0.70572162 0 0.70848918 0.70572162 0 0.25885594 0.96591592 0 0.25885594 0.96591592 0 0.25885594 0.96591592 0 0.25885594 0.96591592 0 -0.25885594 0.96591592 0 -0.25885594 0.96591592 0 -0.25885594 0.96591592 0 -0.25885594 0.96591592 0 -0.70572162 0.70848918 0 -0.70572162 0.70848918 0 -0.70572162 0.70848918 0 -0.70572162 0.70848918 0 -0.96591592 0.25885594 0 -0.96591592 0.25885594 0 -0.96591592 0.25885594 0 -0.96591592 0.25885594 0 -0.96591592 -0.25885594 0 -0.96591592 -0.25885594 0 -0.96591592 -0.25885594 0 -0.96591592 -0.25885594 0 -0.70710409 -0.70710409 0.0027729466 -0.70710409 -0.70710409 0.0027729466 -0.70710409 -0.70710409 0.0027729466 -0.70710409 -0.70710409 0.0027729466 -0.25885594 -0.96591592 0 -0.25885594 -0.96591592 0 -0.25885594 -0.96591592 0 -0.25885594 -0.96591592 0 0.25885594 -0.96591592 0 0.25885594 -0.96591592 0 0.25885594 -0.96591592 0 0.25885594 -0.96591592 0 0.70848918 -0.70572162 0 0.70848918 -0.70572162 0 0.70848918 -0.70572162 0 0.70848918 -0.70572162 0 0.96591592 -0.25885594 0 0.96591592 -0.25885594 0 0.96591592 -0.25885594 0 0.96591592 -0.25885594 0 0.96591592 0.25885594 0 0.96591592 0.25885594 0 0.96591592 0.25885594 0 0.96591592 0.25885594 0 0.70848918 0.70572162 0 0.70848918 0.70572162 0 0.70848918 0.70572162 0 0.70848918 0.70572162 0 0.25885594 0.96591592 0 0.25885594 0.96591592 0 0.25885594 0.96591592 0 0.25885594 0.96591592 0 -0.25885594 0.96591592 0 -0.25885594 0.96591592 0 -0.25885594 0.96591592 0 -0.25885594 0.96591592 0 -0.70572162 0.70848918 0 -0.70572162 0.70848918 0 -0.70572162 0.70848918 0 -0.70572162 0.70848918 0 -0.96591592 0.25885594 0 -0.96591592 0.25885594 0 -0.96591592 0.25885594 0 -0.96591592 0.25885594 0 -0.96591592 -0.25885594 0 -0.96591592 -0.25885594 0 -0.96591592 -0.25885594 0 -0.96591592 -0.25885594 0 -0.70710409 -0.70710409 0.0027729466 -0.70710409 -0.70710409 0.0027729466 -0.70710409 -0.70710409 0.0027729466 -0.70710409 -0.70710409 0.0027729466 -0.25885594 -0.96591592 0 -0.25885594 -0.96591592 0 -0.25885594 -0.96591592 0 -0.25885594 -0.96591592 0 0.25885594 -0.96591592 0 0.25885594 -0.96591592 0 0.25885594 -0.96591592 0 0.25885594 -0.96591592 0 0.70848918 -0.70572162 0 0.70848918 -0.70572162 0 0.70848918 -0.70572162 0 0.70848918 -0.70572162 0 0.96591592 -0.25885594 0 0.96591592 -0.25885594 0 0.96591592 -0.25885594 0 0.96591592 -0.25885594 0 0.96591592 0.25885594 0 0.96591592 0.25885594 0 0.96591592 0.25885594 0 0.96591592 0.25885594 0 0.70848918 0.70572162 0 0.70848918 0.70572162 0 0.70848918 0.70572162 0 0.70848918 0.70572162 0 0.25885594 0.96591592 0 0.25885594 0.96591592 0 0.25885594 0.96591592 0 0.25885594 0.96591592 0 -0.25885594 0.96591592 0 -0.25885594 0.96591592 0 -0.25885594 0.96591592 0 -0.25885594 0.96591592 0 -0.70572162 0.70848918 0 -0.70572162 0.70848918 0 -0.70572162 0.70848918 0 -0.70572162 0.70848918 0 -0.96591592 0.25885594 0 -0.96591592 0.25885594 0 -0.96591592 0.25885594 0 -0.96591592 0.25885594 0 -0.96591592 -0.25885594 0 -0.96591592 -0.25885594 0 -0.96591592 -0.25885594 0 -0.96591592 -0.25885594 0 -0.70710409 -0.70710409 0.0027729466 -0.70710409 -0.70710409 0.0027729466 -0.70710409 -0.70710409 0.0027729466 -0.70710409 -0.70710409 0.0027729466 -0.25885594 -0.96591592 0 -0.25885594 -0.96591592 0 -0.25885594 -0.96591592 0 -0.25885594 -0.96591592 0 0.25885594 -0.96591592 0 0.25885594 -0.96591592 0 0.25885594 -0.96591592 0 0.25885594 -0.96591592 0 0.70848918 -0.70572162 0 0.70848918 -0.70572162 0 0.70848918 -0.70572162 0 0.70848918 -0.70572162 0 0.96591592 -0.25885594 0 0.96591592 -0.25885594 0 0.96591592 -0.25885594 0 0.96591592 -0.25885594 0 0.96591592 0.25885594 0 0.96591592 0.25885594 0 0.96591592 0.25885594 0 0.96591592 0.25885594 0 0.70848918 0.70572162 0 0.70848918 0.70572162 0 0.70848918 0.70572162 0 0.70848918 0.70572162 0 0.25885594 0.96591592 0 0.25885594 0.96591592 0 0.25885594 0.96591592 0 0.25885594 0.96591592 0 -0.25885594 0.96591592 0 -0.25885594 0.96591592 0 -0.25885594 0.96591592 0 -0.25885594 0.96591592 0 -0.70572162 0.70848918 0 -0.70572162 0.70848918 0 -0.70572162 0.70848918 0 -0.70572162 0.70848918 0 -0.96591592 0.25885594 0 -0.96591592 0.25885594 0 -0.96591592 0.25885594 0 -0.96591592 0.25885594 0 -0.96591592 -0.25885594 0 -0.96591592 -0.25885594 0 -0.96591592 -0.25885594 0 -0.96591592 -0.25885594 0 -0.70572162 -0.70848918 0 -0.70572162 -0.70848918 0 -0.70572162 -0.70848918 0 -0.70710409 -0.70710409 0.0027729466 -0.25885594 -0.96591592 0 -0.25885594 -0.96591592 0 -0.25885594 -0.96591592 0 -0.25885594 -0.96591592 0 0.25885594 -0.96591592 0 0.25885594 -0.96591592 0 0.25885594 -0.96591592 0 0.25885594 -0.96591592 0 0.70848918 -0.70572162 0 0.70848918 -0.70572162 0 0.70848918 -0.70572162 0 0.70848918 -0.70572162 0 0.96591592 -0.25885594 0 0.96591592 -0.25885594 0 0.96591592 -0.25885594 0 0.96591592 -0.25885594 0 0.96591592 0.25885594 0 0.96591592 0.25885594 0 0.96591592 0.25885594 0 0.96591592 0.25885594 0 0.70848918 0.70572162 0 0.70848918 0.70572162 0 0.70848918 0.70572162 0 0.70848918 0.70572162 0 0.25885594 0.96591592 0 0.25885594 0.96591592 0 0.25885594 0.96591592 0 0.25885594 0.96591592 0 -0.25885594 0.96591592 0 -0.25885594 0.96591592 0 -0.25885594 0.96591592 0 -0.25885594 0.96591592 0 -0.70572162 0.70848918 0 -0.70572162 0.70848918 0 -0.70572162 0.70848918 0 -0.70572162 0.70848918 0 -0.96591592 0.25885594 0 -0.96591592 0.25885594 0 -0.96591592 0.25885594 0 -0.96591592 0.25885594 0 -0.96591592 -0.25885594 0 -0.96591592 -0.25885594 0 -0.96591592 -0.25885594 0 -0.96591592 -0.25885594 0 -0.70572162 -0.70848918 0 -0.70572162 -0.70848918 0 -0.70572162 -0.70848918 0 -0.70710409 -0.70710409 0.0027729466 -0.25885594 -0.96591592 0 -0.25885594 -0.96591592 0 -0.25885594 -0.96591592 0 -0.25885594 -0.96591592 0 0.25885594 -0.96591592 0 0.25885594 -0.96591592 0 0.25885594 -0.96591592 0 0.25885594 -0.96591592 0 0.70572162 -0.70848918 0 0.70848918 -0.70572162 0 0.70848918 -0.70572162 0 0.70848918 -0.70572162 0 0.96591592 -0.25885594 0 0.96591592 -0.25885594 0 0.96591592 -0.25885594 0 0.96591592 -0.25885594 0 0.96591592 0.25885594 0 0.96591592 0.25885594 0 0.96591592 0.25885594 0 0.96591592 0.25885594 0 0.70848918 0.70572162 0 0.70848918 0.70572162 0 0.70848918 0.70572162 0 0.70848918 0.70572162 0 0.25885594 0.96591592 0 0.25885594 0.96591592 0 0.25885594 0.96591592 0 0.25885594 0.96591592 0 -0.25885594 0.96591592 0 -0.25885594 0.96591592 0 -0.25885594 0.96591592 0 -0.25885594 0.96591592 0 -0.70572162 0.70848918 0 -0.70572162 0.70848918 0 -0.70572162 0.70848918 0 -0.70572162 0.70848918 0 -0.96591592 0.25885594 0 -0.96591592 0.25885594 0 -0.96591592 0.25885594 0 -0.96591592 0.25885594 0 0.17003278 0.089874379 0.98133153 0.1014208 0.030867212 0.99436462 0.091219574 0.051171862 0.99451518 0.27552903 0.29003051 -0.91649657 0.27413878 0.35459241 -0.89393073 0.22789226 0.16694438 -0.95926774 0.080306746 0.032556813 -0.99623835 0.12542778 0.072004877 -0.98948634 0.11043124 -0.0021653108 -0.9938814 -0.080142625 -0.35262743 -0.93232566 -0.077936947 -0.23883902 -0.96792644 -0.093852803 -0.28416559 -0.95417058 0.013719079 -0.16920173 -0.98548591 0.078059465 -0.066908151 -0.99470097 -0.14816378 -0.4619225 -0.87445706 -0.23063701 -0.58282608 -0.77917916 -0.25920931 -0.52778751 -0.80885774 -0.28986257 -0.85416979 -0.43171039 -0.39676833 -0.75090843 -0.52793127 -0.25999707 -0.83260989 -0.48904222 -0.27812567 -0.72248733 -0.6329757 -0.22192584 -0.63764638 -0.73766929 -0.262297 -0.91221076 -0.31475648 -0.035765432 -0.94522876 -0.3244434 -0.49318993 -0.85268372 -0.17231934 -0.40165526 -0.89866757 -0.17626601 -0.31512266 -0.9479298 -0.046115488 0.26169512 -0.96515065 0 0.26169512 -0.96515065 0 0.26169512 -0.96515065 0 -0.14389603 -0.98899961 0.034260966 -0.31274116 -0.94610798 0.084098481 -0.3150669 -0.76194757 0.56583446 -0.31783795 -0.82763773 0.46259588 -0.35066965 -0.7565375 0.55198008 -0.3591949 -0.86882204 0.34077471 0.035536941 -0.94934559 0.31221798 0.035536941 -0.94934559 0.31221798 0.035536941 -0.94934559 0.31221798 -0.48882848 -0.84790629 0.20518722 -0.3939456 -0.8937273 0.21461213 -0.25384548 -0.69807512 0.6695174 -0.21622549 -0.56836444 0.79385668 -0.20321545 -0.58501428 0.78515071 -0.10985471 -0.43660244 0.89292228 -0.086998709 -0.2584371 0.96210271 -0.078354567 -0.30819497 0.94809097 0.075506628 -0.030202676 0.99668777 0.053665359 -0.15166274 0.98697436 -0.021567598 -0.23005448 0.97293878 0.23726863 0.20726925 0.94907486 0.29260039 0.36499643 0.88383412 0.2529752 0.34710529 0.90306222 0.48470566 0.58568603 0.6496402 0.39406341 0.61593127 0.68216038 0.41184169 0.4902876 0.76811743 0.35538167 0.38655558 0.85104561 0.67630482 0.69526678 0.2433434 0.54758012 0.75292242 0.36505333 0.5412659 0.73268926 0.4125503 0.58282208 0.64683139 0.49186134 0.52075493 0.61205602 0.59514844 0.87861633 0.45094553 0.15710351 0.72526336 0.67750919 0.12236941 0.89187682 0.42579916 0.15248209 0.50043708 0.86562085 -0.016230412 0.58740187 0.80906284 -0.019395353 0.61792696 0.77165508 -0.15071386 0.95247477 0.27403593 -0.13302717 0.95247477 0.27403593 -0.13302717 0.95247477 0.27403593 -0.13302717 0.5683015 0.72926563 -0.38105774 0.61251897 0.74012685 -0.27754763 0.48420107 0.57162648 -0.66241413 0.55658501 0.65103579 -0.51610607 0.54678386 0.73453492 -0.40185314 0.32016519 0.36285371 -0.87511796 0.4105562 0.44611633 -0.79525077 0.47753018 0.58850551 -0.65240031 0.31244043 -0.94981903 -0.014997161 0.31473947 -0.94917488 0.002478254 0.49952626 -0.86602652 -0.021718532 0.50567329 -0.8626191 0.013520624 0.71384388 -0.6997363 -0.028215151 0.70122486 -0.71248949 0.025345378 0.86552626 -0.49891803 -0.04410325 0.86740005 -0.49565724 0.044058416 0.53030866 -0.41173038 -0.74111462 0.24237861 -0.44234094 -0.86347383 0.025528062 -0.17637593 -0.9839918 0.01085695 -0.99449432 -0.10422648 0.048648659 -0.9950859 -0.086240783 0.076567307 -0.93992925 -0.33267161 0.20224719 -0.97712207 -0.065791309 0.21165283 -0.97648925 -0.040887471 0.3706412 -0.91234761 -0.1739163 -0.055518135 -0.99488515 -0.0843876 -0.021605715 -0.99602425 -0.086422928 -0.054293178 -0.98435873 -0.16760066 -0.0022612945 -0.98589814 -0.16733132 -0.0085172094 -0.99650961 -0.08304248 0.14479761 -0.2094394 -0.96704119 0.076066129 -0.20120713 -0.97659081 0.024819573 -0.54878855 -0.83559263 0.14261922 -0.55859196 -0.8170892 0.019202322 -0.54315108 -0.83941525 0.14128101 -0.84179938 -0.52097368 -0.0027061638 -0.84432632 -0.53582245 -0.0027039698 -0.84632003 -0.53266782 0.3959561 -0.41830838 -0.81745762 0.25463516 -0.5721432 -0.77962369 0.29913715 -0.78603053 -0.54099262 0.17722169 -0.92549098 -0.33475205 0.091827936 -0.99174172 -0.089532249 0.41352439 -0.7211864 -0.55577672 0.26290363 -0.91871834 -0.29468325 0.14080742 -0.98565215 -0.093076117 0.6557824 -0.44164947 -0.61228669 0.52232158 -0.71860802 -0.45911065 0.3290073 -0.9113211 -0.2474834 0.17919984 -0.98075604 -0.077491835 0.60529637 -0.7132681 -0.35336226 0.78265315 -0.39944544 -0.47738591 0.84071368 -0.45149437 -0.29892042 0.66111112 -0.70855927 -0.24673048 0.42965564 -0.89345634 -0.13088852 0.24179806 -0.96963477 -0.036636084 0.86932182 -0.46265608 -0.17386444 0.70299762 -0.70000607 -0.12564209 0.46041358 -0.88477063 -0.07211294 0.26886502 -0.96302593 -0.017109606 -0.042186562 -0.17108972 -0.98435187 -0.025528062 -0.17637593 -0.9839918 -0.067913502 -0.53764856 -0.84042954 -0.067913502 -0.53764856 -0.84042954 -0.10408759 -0.83848298 -0.53489435 -0.10408759 -0.83848298 -0.53489435 -0.098636925 -0.98871791 -0.11272793 -0.071350776 -0.98464042 -0.15934999 -0.16457418 -0.97747099 -0.1321581 -0.16403432 -0.9842062 -0.066564709 -0.21115489 -0.97379655 -0.084461927 -0.30870876 -0.93715131 -0.16262329 -0.31415918 -0.94511753 -0.089759745 -0.26734471 -0.95667493 -0.11532523 -0.16205791 -0.30214193 -0.93938667 -0.12254284 -0.52810091 -0.84029323 -0.20969355 -0.50751913 -0.83573496 -0.12254284 -0.52810091 -0.84029323 -0.18765751 -0.82327157 -0.53573185 -0.28437045 -0.79623735 -0.53398454 -0.2879934 -0.79435557 -0.53484493 -0.18765751 -0.82327157 -0.53573185 -0.22549821 -0.96230042 -0.15208015 -0.98435181 -0.17108971 -0.042186487 -0.97793549 -0.10893463 -0.1782566 -0.34600535 -0.93259251 -0.10272036 -0.40436882 -0.84321874 -0.35421455 -0.39364079 -0.91390729 -0.099098332 -0.48983762 -0.80791408 -0.32761869 -0.42930827 -0.89533371 -0.11862464 -0.55726272 -0.78709412 -0.26446357 -0.46122316 -0.88331234 -0.083858788 -0.49690366 -0.86393476 -0.081876203 -0.63067687 -0.74049628 -0.23218946 -0.52116811 -0.85077178 -0.067611001 -0.67555577 -0.7154749 -0.17810103 -0.54480416 -0.83686399 -0.053357068 -0.70947486 -0.69456989 -0.11923946 -0.56207258 -0.82641363 -0.033390492 -0.72453588 -0.6873067 -0.051547982 -0.56095415 -0.82768244 -0.016498674 -0.60038519 -0.7995913 -0.013833791 -0.77064955 -0.63710731 -0.013910674 -0.62133652 -0.78354388 0 -0.31283963 -0.31283963 -0.89680696 -0.40092841 -0.69251251 -0.59973568 -0.48157781 -0.27341193 -0.83266366 -0.74259132 -0.15458019 -0.65166175 -0.62004834 -0.26709765 -0.73769844 -0.84809738 -0.16309565 -0.50411379 -0.93675017 -0.093674988 -0.33723009 -0.35506776 -0.47342363 -0.80609983 -0.52410042 -0.58158249 -0.62215799 -0.64185894 -0.53713459 -0.54726917 -0.74063045 -0.4992643 -0.4496685 -0.81472081 -0.46464542 -0.34689286 -0.86624753 -0.44066945 -0.23542617 -0.89373815 -0.4341819 -0.11277453 -0.90250474 -0.43001691 -0.023889819 -0.98417842 -0.17146792 0.04462859 -0.91086107 -0.41186768 0.026401751 -0.76710993 -0.64112461 0.022397367 -0.59692883 -0.80229425 0 -0.63904625 -0.20474294 0.74141771 -0.37923783 -0.33298939 0.86330569 -0.083983146 -0.15836811 0.98380202 -0.35252094 -0.93011332 0.10304464 -0.38682339 -0.91802442 0.087171458 -0.39323032 -0.85767549 0.33130434 -0.52660596 -0.84763855 0.06476973 -0.53352892 -0.84475416 0.041681956 -0.66172737 -0.7291255 0.17462248 -0.33670017 -0.92592579 0.171156 -0.28671795 -0.95221949 0.10521762 -0.33250919 -0.93900579 0.087782405 -0.20688687 -0.14740703 0.96719652 -0.14023641 -0.1627744 0.97664642 -0.20948285 -0.50397289 0.83793086 -0.32624838 -0.47511923 0.81720483 -0.19922136 -0.50107169 0.84216273 -0.42175373 -0.74465889 0.51730734 -0.28483137 -0.79119867 0.5411799 -0.28552195 -0.85963625 0.4236778 -0.51701355 -0.25850672 0.81600934 -0.43677872 -0.44981706 0.77903086 -0.55099964 -0.63550884 0.54085857 -0.48395616 -0.80871624 0.33431181 -0.42509687 -0.90020496 0.094465934 -0.63547981 -0.53745359 0.55435461 -0.56081396 -0.77430558 0.29315278 -0.47103205 -0.87719166 0.093078196 -0.76806813 -0.19048093 0.61138231 -0.73549843 -0.49695864 0.46051496 -0.62114203 -0.74410939 0.24593447 -0.50247014 -0.86097407 0.079040289 -0.81102163 -0.46298477 0.35761583 -0.87261689 -0.10836411 0.47623205 -0.94449478 -0.13492781 0.29953977 -0.86398953 -0.43957359 0.24555489 -0.70837647 -0.69336873 0.13207026 -0.55813456 -0.82883006 0.039069448 -0.97497803 -0.13856286 0.17383325 -0.90010703 -0.41760448 0.12415273 -0.73513323 -0.67435467 0.069461413 -0.56095415 -0.82768244 0.016498674 -0.016078563 -0.88164473 0.47163969 -0.11544874 -0.92358941 0.36558741 -0.10417821 -0.83631915 0.53825384 -0.10992258 -0.98930389 0.095889956 -0.17336732 -0.98320651 0.056997478 -0.2053217 -0.92109555 0.33079588 -0.23569834 -0.96585107 0.10760142 -0.0027083233 -0.84231752 0.53897482 0.024799777 -0.54559535 0.83768171 -0.067854844 -0.53435689 0.84253091 -0.067854844 -0.53435689 0.84253091 0.038101975 -0.30989534 0.95000696 -0.020793863 -0.17559274 0.98424327 -0.18781932 -0.82095206 0.53922307 -0.11926426 -0.52359879 0.84357589 -0.11926426 -0.52359879 0.84357589 -0.037404653 -0.17299689 0.9842118 -0.023112359 -0.98459023 0.17334339 -0.049138803 -0.99394506 0.098277748 0.29094335 -0.95666087 0.012328058 0.24251056 -0.97004181 0.014406507 0.44436613 -0.89418453 0.054523405 0.24411669 -0.96914345 0.034176361 0.42930818 -0.89533371 0.11862472 0.22492008 -0.97302365 0.051340397 0.3912749 -0.90338492 0.17549837 0.1994331 -0.9777087 0.065667048 0.32597381 -0.92073309 0.21445651 0.090353645 -0.94074112 0.32686773 0.0086669745 -0.99453908 0.10400409 -0.01505816 -0.9959892 0.088197738 0.25808045 -0.93022412 0.26091656 0.10877736 -0.99056822 0.083318785 0.182696 -0.92753363 0.32604206 0.060699813 -0.99368 0.094422124 0.037348807 -0.99523431 0.09007632 0.17724605 -0.98203951 0.064670935 0.17167948 -0.98171639 0.082212687 0.13726173 -0.98686409 0.085196868 0.68909508 -0.71582711 0.11286894 0.76222372 -0.40237573 0.50705886 0.82869709 -0.4537352 0.32769755 0.86972713 -0.46424633 0.16748133 0.66143453 -0.71182954 0.23622668 0.60733408 -0.71508712 0.34611526 0.52506775 -0.72113717 0.45195684 0.42027411 -0.72472471 0.54602534 0.29219401 -0.72566843 0.62291896 0.19468848 -0.64896154 0.73548979 0.05614762 -0.842215 0.53621018 0.64265817 -0.4418276 0.62592244 0.51575106 -0.43640485 0.73725963 0.35981494 -0.41978404 0.83325535 0.18582298 -0.40068057 0.89717609 0.37045923 0.92872041 -0.015435818 0.37534818 0.92688036 -0.0025533796 0.17334332 0.98459023 -0.023112429 0.16660377 0.98592883 0.013693404 -0.096425131 0.99493241 -0.028489279 -0.079637274 0.99654263 0.023675999 -0.34303775 0.93815619 -0.046777852 -0.34456763 0.93784595 0.041451752 0.62745726 0.77337736 -0.090470582 0.62107038 0.77852499 -0.090390548 0.59915519 0.78163898 -0.1733596 0.59149092 0.79939121 -0.10541427 0.53667307 0.82886159 -0.15802042 0.63366711 0.76629508 -0.10610244 0.63144052 0.71520311 -0.29961213 0.67778033 0.73036695 -0.084722586 0.30141914 0.93744111 -0.17421474 0.43827179 0.89805394 -0.037643 0.24598819 0.96040058 -0.13084474 0.41531652 0.90949082 -0.018400112 0.2174191 0.973445 -0.071649529 0.56629473 0.82084137 -0.074361913 0.52478212 0.84596002 -0.094632812 0.3902348 0.8719309 -0.29572481 0.49470809 0.86573911 -0.075892769 0.33531126 0.90971375 -0.24492301 0.47379687 0.87832528 -0.063727081 0.46631417 0.88354248 -0.043631732 -0.36722046 0.91378111 -0.17364691 -0.089404926 0.9881587 -0.12469617 0.0938273 0.15156718 -0.98398364 0.070978969 0.20314659 -0.97657228 -0.0073382696 0.28374746 -0.95887101 -0.11109687 0.39717162 -0.91099513 -0.11586167 0.65952075 -0.74270356 -0.21456833 0.75565386 -0.61882776 -0.29110721 0.82636899 -0.48204866 -0.3441461 0.87711579 -0.33500952 -0.04940686 0.96837378 -0.24456374 -0.0050600297 0.93610901 -0.35167345 0.063360892 0.88705236 -0.45730031 0.14565484 0.82042271 -0.55289358 0.10023228 0.6780414 -0.72815758 0.2426656 0.73745155 -0.6303004 0.20944101 0.56980294 -0.794644 0.24808748 0.51788235 -0.81868833 0.33302215 0.43669906 -0.83569747 0.33541006 0.42631543 -0.84009236 0.37177527 0.78557712 -0.49462265 0.43298033 0.73705822 -0.51891547 0.46712106 0.70735461 -0.53051603 0.54371107 0.6450237 -0.53695691 0.76146859 0.64139092 -0.093719214 0.71413082 0.69032627 -0.11604626 0.66026044 0.6202448 -0.42350045 0.1420096 0.10349859 -0.98443961 0.13028856 0.11822478 -0.9844023 0.39570829 0.36744335 -0.84166527 0.39570829 0.36744335 -0.84166527 0.61602974 0.57202733 -0.54156446 0.79721344 0.48218542 -0.36324638 0.84174895 0.53147984 -0.094804488 0.80801332 0.58130437 -0.095915228 0.31366357 0.12708786 -0.94099092 0.43162748 0.32528433 -0.84136075 0.48369101 0.25262839 -0.83798689 0.43162748 0.32528433 -0.84136075 0.6958546 0.47505459 -0.53861821 0.72788256 0.42349526 -0.53929472 0.66361564 0.51876569 -0.53897721 0.73099107 0.53253192 -0.42668706 0.76678985 0.62545997 -0.14433691 0.76034063 0.63856721 -0.11880321 0.88071346 -0.46560016 -0.08694943 0.82061452 -0.54305381 -0.17800102 0.86406767 0.49211809 -0.10586264 0.85283798 0.38595593 -0.35171786 0.88870341 0.44716409 -0.10124474 0.8952831 0.30439618 -0.32528621 0.90490395 0.40902776 -0.11766551 0.93325382 0.24247675 -0.2650328 0.92078435 0.38026497 -0.086917698 0.93540817 0.34378248 -0.082614407 0.95893115 0.16158788 -0.23311034 0.94571984 0.31784531 -0.06773749 0.97755921 0.1116502 -0.17864026 0.95468688 0.29277062 -0.053462494 0.99003196 0.076512992 -0.11824735 0.96158391 0.27261403 -0.032218046 0.99665827 0.060931109 -0.054402735 0.96138227 0.27468064 -0.01716755 0.97359711 0.22796421 -0.011873162 0.99856204 0.046151977 -0.027271677 0.97959101 0.20100091 0 0.43827179 0.037643 -0.89805394 0.75076663 0.27358437 -0.60124958 0.54381388 -0.10124191 -0.83307654 0.66741294 -0.36165237 -0.65097421 0.64569247 -0.19463459 -0.7383756 0.75278056 -0.42076814 -0.50623667 0.77648664 -0.53161955 -0.3383033 0.57662296 0.13672507 -0.80548882 0.77534592 0.10907902 -0.62204546 0.83701742 0 -0.54717636 0.88695133 -0.095431447 -0.45189607 0.92242241 -0.16592361 -0.34872076 0.94664192 -0.21951117 -0.23597454 0.96418327 -0.23975685 -0.11343338 0.97666955 -0.20980309 -0.045819037 0.84310466 -0.53774947 0 0.86363637 -0.50217837 0.044147547 0.9559902 -0.29339853 0 0.96291697 -0.2684347 0.027089784 0.99819493 -0.060057398 0 0.99975812 0 0.021994717 0.97892272 0.20374699 0.014051467 0.87070632 0.4834117 0.090462998 0.87590307 0.47700465 0.072527081 0.87309521 0.45565584 0.17344323 0.88956225 0.44478112 0.10415754 0.90961605 0.38374412 0.1591827 0.86600065 0.48873308 0.1057492 0.81026727 0.48616046 0.32728434 0.83299756 0.54275459 0.10738987 0.975438 0.13575676 0.173467 0.96018934 0.27683383 0.037409984 0.98869836 0.077132478 0.12855409 0.96822798 0.2493186 0.019364484 0.99652618 0.045692205 0.069626279 0.90540183 0.41703346 0.079565637 0.92321455 0.37682232 0.0753645 0.92724085 0.23323232 0.29296249 0.93878889 0.33584845 0.076689832 0.95447844 0.17159164 0.24398191 0.94720238 0.31400418 0.064876951 0.95129687 0.30522883 0.043240752 0.83561015 -0.5211333 0.17371117 0.95776129 -0.25977629 0.12332817 0.16403432 0.066564709 0.9842062 0.21348706 0.035980962 0.97628313 0.27830264 -0.055660557 0.95887929 0.37142098 -0.17713927 0.91140997 0.62966716 -0.22868508 0.74244338 0.70533645 -0.34287187 0.62043488 0.76379496 -0.42942971 0.48187912 0.80398023 -0.49132115 0.3349916 0.94475299 -0.2175962 0.24514009 0.91974133 -0.16645633 0.35548291 0.88431871 -0.092642896 0.45759979 0.83204716 0.002719098 0.55469817 0.68418241 -0.019628193 0.7290467 0.76866251 0.1123429 0.62971181 0.59926176 0.10868957 0.79314053 0.55620611 0.15549842 0.81636691 0.48729935 0.25290215 0.8358109 0.47733456 0.25560489 0.84072465 0.83785778 0.2293407 0.49537578 0.80164915 0.30101451 0.51647747 0.77860218 0.33460572 0.53086495 0.72788256 0.42349526 0.53929472 0.58076918 0.6646952 0.46998662 0.68090999 0.63485813 0.36512566 0.61602974 0.57202733 0.54156446 0.72120315 0.68587869 0.097141623 0.76484203 0.64166522 0.057291493 0.74828643 0.57336223 0.33365139 0.80052465 0.58939701 0.10849594 0.54390335 0.6418736 0.54052508 0.33260217 0.43301061 0.83778137 0.39570829 0.36744335 0.84166527 0.39570829 0.36744335 0.84166527 0.17047025 0.26247004 0.94976276 0.12787887 0.12064033 0.98442519 0.67266911 0.50786501 0.53813517 0.43162748 0.32528433 0.84136075 0.43162748 0.32528433 0.84136075 0.13721791 0.10833002 0.98459929 0.64884007 0.74065709 0.17445238 0.66940504 0.73693281 0.09395159 -0.3947306 0.90183008 0.17575604 0.63366723 0.76629508 0.10610235 0.52725959 0.77309847 0.35258469 0.59477627 0.79694152 0.1054775 0.45670044 0.82835972 0.32441458 0.55633736 0.8212598 0.12657416 0.40186417 0.8762449 0.26589492 0.5325318 0.84174371 0.088755302 0.50024152 0.86199814 0.081960507 0.3258054 0.91686833 0.2306587 0.4759354 0.87672335 0.069581285 0.27972525 0.94338667 0.17825621 0.45315135 0.88992345 0.051866677 0.24690656 0.96163601 0.11955477 0.43403563 0.90022212 0.034830052 0.23405477 0.97071135 0.054202098 0.43756431 0.89899546 0.018563259 0.40392676 0.91469854 0.013029845 0.11233083 0.42404851 0.898646 0.40092841 0.69251251 0.59973568 -0.0054463362 0.5528053 0.8332926 -0.23955229 0.72180867 0.64931267 -0.078551851 0.66914487 0.73896879 -0.28259867 0.81325597 0.50867748 -0.38717139 0.85797167 0.33761346 0.23215148 0.54168665 0.8078869 0.24249236 0.74322325 0.62355161 0.1454187 0.82502759 0.54606134 0.060396604 0.8894757 0.45297369 -0.0050450037 0.93837422 0.34558412 -0.049141195 0.97053939 0.23587792 -0.071283594 0.99107176 0.11267404 0 0 1 0 0 1 0 0 1 0 0 1 0 0 1 0 0 1 0 0 1 0 0 1 0 0 1 0 0 1 0 0 1 0 0 1 0 0 1 0 0 1 0 0 1 0 0 1 0 0 1 0 0 1 0 0 1 0 0 1 0 0 1 0 0 1 0 0 1 0 0 1 0 0 1 0 0 1 0 0 1 0 0 1 0 0 1 0 0 1 0 0 1 0 0 1 0 0 1 0 0 1 0 0 1 0 0 1 0 0 1 0 0 1 0 0 1 0 0 1 0 0 1 0 0 1 0 0 1 0 0 1 0 0 1 0 0 1 0 0 1 0 0 1 0 0 1 0 0 1 0 0 1 0 0 1 0 0 1 0 0 1 0 0 1 0 0 1 0 0 1 0 0 1 0 0 1 0 0 1 0 0 1 0 0 1 0 0 1 0 0 1 0 0 1 0 0 1 0 0 1 0 0 1 0 0 1 0 0 1 0 0 1 0 0 1 0 0 1 0 0 1 0 0 1 0 0 1 0 0 1 0 0 1 0 0 1 0 0 1 0 0 1 0 0 1 0 0 1 0 0 1 0 0 1 0 0 1 0 0 1 0 0 1 0 0 1 0 0 1 0 0 1 0 0 1 0 0 1 0 0 1 0 0 1 0 0 1 0 0 1 0 0 1 0 0 1 0 0 1 0 0 1 0 0 1 0 0 1 0 0 1 0 0 1 0 0 1 0 0 1 0 0 1 0 0 1 0 0 1 0 0 1 0 0 1 0 0 1 0 0 1 0 0 1 0 0 1 0 0 1 0 0 1 0 0 1 0 0 1 0 0 1 0 0 1 0 0 1 0 0 1 0 0 1 0 0 1 0 0 1 0 0 1 0 0 1 0 0 1 0 0 1 0 0 1 0 0 1 0 0 1 0 0 1 0 0 1 0 0 1 0 0 1 0 0 1 0 0 1 0 0 1 0 0 1 0 0 1 0 0 1 0 0 1 0 0 1 0 0 1 0 0 1 0 0 1 0 0 1 0 0 1 0 0 1 0 0 1 0 0 1 0 0 1 0 0 1 0 0 1 0 0 1 0 0 1 0 0 1 0 0 1 0 0 1 0 0 1 0 0 1 0 0 1 0 0 1 0 0 1 0 0 1 0 0 1 0 0 1 0 0 1 0 0 1 0 0 1 0 0 1 0 0 1 0 0 1 0 0 1 0 0 1 0 0 1 0 0 1 0 0 1 0 0 1 0 0 1 0 0 1 0 0 1 0 0 1 0 0 1 0 0 1 0 0 1 0 0 1 0 0 1 0 0 1 0 0 1 0 0 1 0 0 1 0 0 1 0 0 1 0 0 1 0 0 1 0 0 1 0 0 1 0 0 1 0 0 1 0 0 1 0 0 1 0 0 1 0 0 1 0 0 1 0 0 1 0 0 1 0 0 1 0 0 1 0 0 1 0 0 1 0 0 1 0 0 1 0 0 1 0 0 1 0 0 1 0 0 1 0 0 1 0 0 1 0 0 1 0 0 1 0 0 1 0 0 1 0 0 1 0 0 1 0 0 1 0 0 1 0 0 1 0 0 1 0 0 1 0 0 1 0 0 1 0 0 1 0 0 1 0 0 1 0 0 1 0 0 1 0 0 1 0 0 1 0 0 1 0 0 1 0 0 1 0 0 1 0 0 1 0 0 1 0 0 1 0 0 1 0 0 1 0 0 1 0 0 1 0 0 1 0 0 1 0 0 1 0 0 1 0 0 1 0 0 1 0 0 1 0 0 1 0 0 1 0 0 1 0 0 1 0 0 1 0 0 1 0 0 1 0 0 1 0 0 1 0 0 1 0 0 1 0 0 1 0 0 1 0 0 1 0 0 1 0 0 1 0 0 1 0 0 1 0 0 1 0 0 1 0 0 1 0 0 1 0 0 1 0 0 1 0 0 1 0 0 1 0 0 1 0 0 1 0 0 1 0 0 1 0 0 1 0 0 1 0 0 1 0.16431656 -0.36829558 0.91507286 0.83930796 -0.53975701 -0.064996928 0.8467629 -0.49967989 -0.18251783 0.85309678 -0.5101288 -0.10951921 0.85043281 -0.49109507 -0.18865237 0.87723571 -0.46842691 -0.10504121 0.86763871 -0.4913812 -0.075813152 0.85818398 -0.50464636 -0.094086602 0.86688453 -0.47576481 -0.1488589 0.89036518 -0.44518259 -0.095196255 0.86077726 -0.47919554 -0.17156382 0.88260812 -0.4596329 -0.098694153 0.77653635 -0.5176909 -0.35914806 0.77302927 -0.48599738 -0.40771592 0.87261933 -0.47880733 -0.09632808 0.91142213 -0.40717381 -0.059323356 0.86857563 -0.47901517 -0.12696792 0.91794628 -0.39187178 -0.061733238 0.90370268 -0.4217279 -0.073939361 0.88137931 -0.46951988 -0.052168839 0.91676617 -0.39744201 -0.039744209 0.9235211 -0.38151154 -0.039466724 0.78295583 -0.62192237 -0.013882227 0.92192239 -0.38694775 -0.018178761 0.92750782 -0.37307575 -0.023317225 0.91093063 -0.41215017 0.018376052 0.94513124 -0.3266812 0.0024937403 0.9314183 -0.36391479 -0.0050896979 0.88155097 -0.4645634 0.083957255 0.88260812 -0.4596329 0.098694153 0.85709351 -0.48211506 0.1815372 0.86197215 -0.47821742 0.16826177 0.68437505 -0.48979777 0.54011947 0.65725154 -0.55276537 0.51231897 0.67577249 -0.51103193 0.53120428 0.3959561 -0.41830838 0.81745762 0.33512661 -0.53813601 0.77336907 0.89429086 -0.44022369 0.080292404 0.89536005 -0.4351283 0.094835624 0.86688453 -0.47576481 0.1488589 0.90159315 -0.42460346 0.08271499 0.87148517 -0.4745712 0.12367617 0.92097849 -0.38595915 0.053235706 0.87540334 -0.47311443 0.099155679 0.91483861 -0.4015716 0.042550635 0.87832528 -0.47379693 0.063726991 0.70813936 -0.70233494 0.072555341 -0.04353141 -0.45980147 0.88695419 -0.10514417 -0.57829261 0.80902565 -0.2017397 -0.71695238 0.66729325 -0.30240461 -0.89224356 0.33533984 -0.26182982 -0.81665915 0.51430821 -0.33363554 -0.94095647 -0.057343628 -0.33613926 -0.93127084 0.14051718 -0.26627451 -0.8744697 -0.40546349 -0.33312118 -0.90877807 -0.251302 -0.35438022 -0.75427711 -0.55270302 -0.20754969 -0.7620483 -0.61335593 -0.18054982 -0.61815339 -0.76504135 -0.070315011 -0.50908005 -0.85784221 -0.012625204 -0.33582962 -0.94183815 0.071490757 -0.16204588 -0.98419017 0.16476457 -0.0022570405 -0.98633039 0.6502372 -0.57611698 0.49525836 0.6318801 -0.61843586 0.46718803 0.62633657 -0.63973409 0.4454692 0.61730832 -0.66068679 0.42711064 0.61188215 -0.68795389 0.39028144 0.60938072 -0.69831741 0.37551025 0.59830433 -0.71927309 0.35309774 0.59519386 -0.74318802 0.3056401 0.59439474 -0.75098276 0.28761047 0.58571225 -0.78094965 0.21693037 0.58438623 -0.79135633 0.17957708 0.57767278 -0.81386405 0.062604859 0.57767272 -0.81386405 -0.062604949 0.58227634 -0.80025679 -0.14332956 0.58205479 -0.79232585 -0.18284447 0.58964145 -0.76621842 -0.25540614 0.59177345 -0.75171244 -0.29108867 0.60385007 -0.71809202 -0.34598973 0.60654759 -0.69884837 -0.37909222 0.62024474 -0.66026056 -0.42350045 0.62633646 -0.63973409 -0.44546932 0.63520521 -0.61504006 -0.46716163 0.64359397 -0.58631074 -0.49196187 0.64719868 -0.57641149 -0.49888244 0.67577249 -0.51103193 -0.53120428 0.70641166 -0.44983763 -0.54646945 0.72951591 -0.40932125 -0.54796225 0.74152589 -0.38716841 -0.54794168 0.76735997 -0.34968311 -0.53747582 0.78069687 -0.33091268 -0.53010285 0.31563506 -0.57651711 0.75365937 0.27850151 -0.65303826 0.70425695 0.26093361 -0.69051921 0.67460859 0.23140708 -0.76301807 0.60353476 0.21607317 -0.79638356 0.56487662 0.19118109 -0.85732776 0.47795275 0.1812827 -0.88594598 0.42689145 0.16374181 -0.93249547 0.32193291 0.15585943 -0.95127958 0.2660358 0.14466177 -0.97771418 0.15214433 0.14317691 -0.98553425 0.09067864 0.14072424 -0.989609 -0.029506719 0.14317685 -0.98553425 -0.090678714 0.15060674 -0.96596003 -0.21033001 0.156146 -0.95033699 -0.26921734 0.17122947 -0.91037023 -0.37670496 0.1812827 -0.88594598 -0.42689145 0.20363045 -0.82971823 -0.51971364 0.21607308 -0.79638356 -0.56487674 0.24635117 -0.72957838 -0.63798624 0.2644614 -0.691423 -0.67230529 0.29561222 -0.61692977 -0.72939086 0.31563517 -0.57651711 -0.75365925 0.35384405 -0.49859858 -0.79132414 0.37497491 -0.45509785 -0.80763841 0.4185333 -0.37414348 -0.82755464 0.44038883 -0.33343717 -0.83359301 0.48729935 -0.25290215 -0.8358109 0.50848269 -0.21313648 -0.83427697 0.5597378 -0.1362325 -0.81739485 0.53157949 -0.17418985 -0.8289035 0.45453259 0.029585019 -0.89023864 0.18602146 0.035320539 0.98191071 0.83526355 -0.5404647 -0.10115645 0.80781215 -0.29346305 -0.51119363 0.63505763 -0.022380885 -0.7721405 0.50999933 0.11880653 -0.85193056 0.41657999 0.34140775 -0.84255672 0.4599227 0.40486163 -0.79028988 0.52332211 0.50319421 -0.6876989 0.58580828 0.6027391 -0.54178798 0.64375818 0.7520541 -0.14138617 0.61549801 0.71319622 -0.33543018 0.54602534 0.72472471 -0.42027411 0.65962964 0.71902728 0.21883434 0.6403634 0.7661491 0.054316506 0.50661522 0.60456067 0.61469293 0.58040971 0.68715173 0.43697509 0.52797276 0.77090508 0.35630068 0.84472573 -0.50862014 -0.16656564 0.82647568 -0.55483681 -0.095362566 0.84456956 -0.51382905 -0.15060502 0.81974083 -0.56662792 -0.08341226 0.84650338 -0.51665896 -0.12843505 0.79484856 -0.60465264 -0.051097386 0.85010302 -0.5180763 -0.094455883 0.80298895 -0.59449351 -0.042262584 0.85262501 -0.51886719 -0.061703149 0.79984879 -0.5998866 -0.019440781 0.85540801 -0.51760364 -0.019069616 0.7800585 -0.62570059 0.0027563798 0.85656577 -0.51557618 0.021823248 0.80241525 -0.59623903 0.025075378 0.8546235 -0.51557606 0.061644904 0.80423492 -0.59259409 0.04515003 0.85214406 -0.51358169 0.10042097 0.80802882 -0.58610541 0.059748553 0.84667104 -0.51789504 0.12220002 0.797387 -0.60018367 0.062876321 0.84456956 -0.51382905 0.15060502 0.52663517 0.49980015 0.68764466 0.48441058 0.4481619 0.75133038 0.36831126 0.33148026 0.86860102 0.81628388 -0.5728308 0.074468069 0.83092403 -0.54817909 0.095210038 0.84557897 -0.50615638 0.16971135 0.84067512 -0.53261948 0.097886801 0.8467629 -0.49967989 0.18251783 0.84802681 -0.52031481 0.10061332 0.80666542 -0.42743632 0.40815344 0.31665078 0.16943598 0.93328655 0.84965605 -0.49363825 0.18548833 0.85250288 -0.48757175 0.188448 0.86115408 -0.49901313 0.096951097 0.869793 -0.48447761 0.09349566 0.82370996 -0.27456999 -0.49609804 0.85038453 -0.23774193 -0.46938786 0.86591184 -0.22249122 -0.44798914 0.89448887 -0.18938689 -0.40499666 0.90995044 -0.17741174 -0.37485376 0.93509334 -0.14851485 -0.32178217 0.94835949 -0.13970172 -0.28477648 0.96844834 -0.11754256 -0.21975347 0.97739077 -0.10915028 -0.18109016 0.98991245 -0.097826622 -0.10248509 0.99368 -0.094422065 -0.060699955 0.99545085 -0.093255781 0.019518569 0.99351293 -0.094620265 0.063080221 0.98443961 -0.1034986 0.14200969 0.97739071 -0.10915027 0.18109006 0.95842135 -0.12866476 0.25470373 0.94798326 -0.13696073 0.2873491 0.92194134 -0.1630262 0.35134965 0.90942937 -0.17445031 0.37749892 0.88023669 -0.20746322 0.42678142 0.86591196 -0.22249122 0.44798905 0.83640784 -0.25616917 0.48456106 0.82370996 -0.27456999 0.49609804 0.79586768 -0.3119801 0.51890564 0.78069699 -0.33091268 0.53010279 0.74152589 -0.38716838 0.54794157 0.71661216 -0.42797664 0.55072957 0.70641166 -0.44983757 0.54646927 0.70747828 0.084780492 -0.70163137 0.72979724 0.11915046 -0.67320055 0.77577233 0.18019916 -0.60473597 0.79803455 0.21260372 -0.5638622 0.83971018 0.26240936 -0.47542408 0.85575742 0.28627861 -0.43095705 0.88803464 0.32511106 -0.32511106 0.90123558 0.3398101 -0.2688933 0.91987967 0.36178192 -0.15144363 0.92489398 0.36887255 -0.092218138 0.92748278 0.37255633 0.031263508 0.92489398 0.36887255 0.092218138 0.91090304 0.35279432 0.21399002 0.90123558 0.3398101 0.2688933 0.8728075 0.30822915 0.37842005 0.85770667 0.28590229 0.42731631 0.81892002 0.23795034 0.52225447 0.79716474 0.20929413 0.56632531 0.75266451 0.15113741 0.64082265 0.72979724 0.11915046 0.67320055 0.68141162 0.051535308 0.73008388 0.65804577 0.013941593 0.75284892 0.60720247 -0.057014357 0.79249889 0.58130461 -0.095915236 0.8080132 0.53505594 -0.17434402 0.82663119 0.50848269 -0.21313648 0.83427697 0.46458036 -0.29309103 0.83562118 0.27620539 -0.23111063 0.93289793 -0.60690099 -0.79428524 -0.027967768 -0.62801766 -0.77807498 -0.013894227 -0.014137672 -0.99973488 0.01817699 -0.19417053 -0.98032457 0.035519015 -0.34578297 -0.93819052 0.01525515 -0.46416503 -0.88564837 0.013338109 -0.50936139 -0.86055267 0 -0.5528053 -0.8332926 -0.0054463362 -0.31544095 -0.94882631 -0.015021017 -0.46416503 -0.88564837 -0.013338109 -0.60918021 -0.79303181 0 -0.14931169 -0.98862451 -0.018098388 0 -0.99995118 -0.0098809628 0.14297929 -0.9896853 -0.0089362441 0.2904816 -0.95688051 0 0.077985719 -0.99695224 -0.0021077134 0.14735629 -0.9890734 0.0044653253 0.32591394 -0.94539934 0 0.65480494 0.75554407 0.019588105 0.77868909 0.62633693 0.03667742 0.85841608 0.5128901 0.0080982335 0.93261117 0.36084685 0.0050823302 0.89173728 0.45248395 0.0079382835 0.97414994 0.22588985 0.0023530102 0.85768133 0.51406771 -0.01082252 0.92494112 0.37979421 -0.015501826 0.98171079 0.19037846 0 0.7529521 0.65778351 -0.019593561 0.63743228 0.77046144 -0.0083143013 0.52679074 0.84992552 -0.010861709 0.39298916 0.91954303 0 0.53677696 0.8435064 0.019170528 0.43133861 0.90212876 -0.010520493 0.33123526 0.94351822 -0.0075280429 0.78030181 -0.62534821 0.0083010504 0.85340285 -0.52122384 0.005401263 0.71812648 -0.69577235 -0.013971364 0.69165337 -0.7222082 0.0055554272 0.79123652 -0.61141014 -0.011066289 0.86953318 -0.49380895 -0.0080512017 0.92825091 -0.37181321 -0.010256955 0.96521932 -0.26126242 -0.0096764211 0.97257763 -0.23246975 0.0071163946 0.89178103 -0.45246714 0 0.9277578 -0.37314773 0.0051115938 -0.8654232 0.50103456 -0.0026793187 -0.79769146 0.60306573 0 -0.76022851 0.64964986 -0.0027644569 -0.71537346 0.69873691 -0.0027727548 -0.63773483 0.77025115 -0.0027607463 -0.63338768 0.77383471 0 -0.50737023 0.86172402 -0.0026844882 0.63173199 -0.77518201 -0.0027586443 0.59515971 -0.80360276 -0.0027426609 0.50620061 -0.86241585 0 0.55344743 -0.83288401 0 0.51568019 -0.85678113 0 0.46509284 -0.88526195 0 -0.70570529 -0.70848364 -0.0055567133 -0.73818624 -0.67459702 0 -0.73956114 -0.67308366 -0.0027698812 -0.66395277 -0.74764442 -0.013948621 -0.78593671 -0.61830688 0 -0.85101044 -0.52514875 0 -0.88021559 -0.47457403 0 -0.92969793 -0.36832294 0 -0.94942248 -0.31400171 0 -0.97959107 -0.201001 0 -0.98954624 -0.14421637 0 -0.99960351 -0.02815786 0 -0.99960351 0.02815786 0 -0.98954624 0.14421637 0 -0.97959101 0.20100108 0 -0.95775914 0.28757155 0 -0.93898451 0.34395966 0 -0.91686523 0.39919701 0 -0.86426377 0.503039 0 -0.41889176 0.90803248 -0.0026018023 -0.35694146 0.93412334 -0.0025314898 -0.4998768 0.86609656 0 -0.31994563 0.94743592 0 -0.20100091 0.97959101 0 -0.14421637 0.98954624 0 -0.02815786 0.99960351 0 0.02815786 0.99960351 0 0.14421637 0.98954624 0 0.20100108 0.97959101 0 0.98722976 -0.15930299 0 0.99960351 -0.02815786 0 0.99960351 0.02815786 0 0 0 -1 0 0 -1 0 0 -1 0 0 -1 0 0 -1 0 0 -1 0 0 -1 0 0 -1 0 0 -1 0 0 -1 0 0 -1 0 0 -1 0 0 -1 0 0 -1 0 0 -1 0 0 -1 0 0 -1 0 0 -1 0 0 -1 0 0 -1 0 0 -1 0 0 -1 0 0 -1 0 0 -1 0 0 -1 0 0 -1 0 0 -1 0 0 -1 0 0 -1 0 0 -1 0 0 -1 0 0 -1 0 0 -1 0 0 -1 0 0 -1 0 0 -1 0 0 -1 </float_array>
          <technique_common>
            <accessor count="4069" offset="0" source="#meshId13-normals-array" stride="3">
              <param name="X" type="float" />
              <param name="Y" type="float" />
              <param name="Z" type="float" />
            </accessor>
          </technique_common>
        </source>
        <vertices id="meshId13-vertices">
          <input semantic="POSITION" source="#meshId13-positions" />
        </vertices>
        <polylist count="4556" material="defaultMaterial">
          <input offset="0" semantic="VERTEX" source="#meshId13-vertices" />
          <input offset="1" semantic="NORMAL" source="#meshId13-normals" />
          <vcount>3 3 3 3 3 3 3 3 3 3 3 3 3 3 3 3 3 3 3 3 3 3 3 3 3 3 3 3 3 3 3 3 3 3 3 3 3 3 3 3 3 3 3 3 3 3 3 3 3 3 3 3 3 3 3 3 3 3 3 3 3 3 3 3 3 3 3 3 3 3 3 3 3 3 3 3 3 3 3 3 3 3 3 3 3 3 3 3 3 3 3 3 3 3 3 3 3 3 3 3 3 3 3 3 3 3 3 3 3 3 3 3 3 3 3 3 3 3 3 3 3 3 3 3 3 3 3 3 3 3 3 3 3 3 3 3 3 3 3 3 3 3 3 3 3 3 3 3 3 3 3 3 3 3 3 3 3 3 3 3 3 3 3 3 3 3 3 3 3 3 3 3 3 3 3 3 3 3 3 3 3 3 3 3 3 3 3 3 3 3 3 3 3 3 3 3 3 3 3 3 3 3 3 3 3 3 3 3 3 3 3 3 3 3 3 3 3 3 3 3 3 3 3 3 3 3 3 3 3 3 3 3 3 3 3 3 3 3 3 3 3 3 3 3 3 3 3 3 3 3 3 3 3 3 3 3 3 3 3 3 3 3 3 3 3 3 3 3 3 3 3 3 3 3 3 3 3 3 3 3 3 3 3 3 3 3 3 3 3 3 3 3 3 3 3 3 3 3 3 3 3 3 3 3 3 3 3 3 3 3 3 3 3 3 3 3 3 3 3 3 3 3 3 3 3 3 3 3 3 3 3 3 3 3 3 3 3 3 3 3 3 3 3 3 3 3 3 3 3 3 3 3 3 3 3 3 3 3 3 3 3 3 3 3 3 3 3 3 3 3 3 3 3 3 3 3 3 3 3 3 3 3 3 3 3 3 3 3 3 3 3 3 3 3 3 3 3 3 3 3 3 3 3 3 3 3 3 3 3 3 3 3 3 3 3 3 3 3 3 3 3 3 3 3 3 3 3 3 3 3 3 3 3 3 3 3 3 3 3 3 3 3 3 3 3 3 3 3 3 3 3 3 3 3 3 3 3 3 3 3 3 3 3 3 3 3 3 3 3 3 3 3 3 3 3 3 3 3 3 3 3 3 3 3 3 3 3 3 3 3 3 3 3 3 3 3 3 3 3 3 3 3 3 3 3 3 3 3 3 3 3 3 3 3 3 3 3 3 3 3 3 3 3 3 3 3 3 3 3 3 3 3 3 3 3 3 3 3 3 3 3 3 3 3 3 3 3 3 3 3 3 3 3 3 3 3 3 3 3 3 3 3 3 3 3 3 3 3 3 3 3 3 3 3 3 3 3 3 3 3 3 3 3 3 3 3 3 3 3 3 3 3 3 3 3 3 3 3 3 3 3 3 3 3 3 3 3 3 3 3 3 3 3 3 3 3 3 3 3 3 3 3 3 3 3 3 3 3 3 3 3 3 3 3 3 3 3 3 3 3 3 3 3 3 3 3 3 3 3 3 3 3 3 3 3 3 3 3 3 3 3 3 3 3 3 3 3 3 3 3 3 3 3 3 3 3 3 3 3 3 3 3 3 3 3 3 3 3 3 3 3 3 3 3 3 3 3 3 3 3 3 3 3 3 3 3 3 3 3 3 3 3 3 3 3 3 3 3 3 3 3 3 3 3 3 3 3 3 3 3 3 3 3 3 3 3 3 3 3 3 3 3 3 3 3 3 3 3 3 3 3 3 3 3 3 3 3 3 3 3 3 3 3 3 3 3 3 3 3 3 3 3 3 3 3 3 3 3 3 3 3 3 3 3 3 3 3 3 3 3 3 3 3 3 3 3 3 3 3 3 3 3 3 3 3 3 3 3 3 3 3 3 3 3 3 3 3 3 3 3 3 3 3 3 3 3 3 3 3 3 3 3 3 3 3 3 3 3 3 3 3 3 3 3 3 3 3 3 3 3 3 3 3 3 3 3 3 3 3 3 3 3 3 3 3 3 3 3 3 3 3 3 3 3 3 3 3 3 3 3 3 3 3 3 3 3 3 3 3 3 3 3 3 3 3 3 3 3 3 3 3 3 3 3 3 3 3 3 3 3 3 3 3 3 3 3 3 3 3 3 3 3 3 3 3 3 3 3 3 3 3 3 3 3 3 3 3 3 3 3 3 3 3 3 3 3 3 3 3 3 3 3 3 3 3 3 3 3 3 3 3 3 3 3 3 3 3 3 3 3 3 3 3 3 3 3 3 3 3 3 3 3 3 3 3 3 3 3 3 3 3 3 3 3 3 3 3 3 3 3 3 3 3 3 3 3 3 3 3 3 3 3 3 3 3 3 3 3 3 3 3 3 3 3 3 3 3 3 3 3 3 3 3 3 3 3 3 3 3 3 3 3 3 3 3 3 3 3 3 3 3 3 3 3 3 3 3 3 3 3 3 3 3 3 3 3 3 3 3 3 3 3 3 3 3 3 3 3 3 3 3 3 3 3 3 3 3 3 3 3 3 3 3 3 3 3 3 3 3 3 3 3 3 3 3 3 3 3 3 3 3 3 3 3 3 3 3 3 3 3 3 3 3 3 3 3 3 3 3 3 3 3 3 3 3 3 3 3 3 3 3 3 3 3 3 3 3 3 3 3 3 3 3 3 3 3 3 3 3 3 3 3 3 3 3 3 3 3 3 3 3 3 3 3 3 3 3 3 3 3 3 3 3 3 3 3 3 3 3 3 3 3 3 3 3 3 3 3 3 3 3 3 3 3 3 3 3 3 3 3 3 3 3 3 3 3 3 3 3 3 3 3 3 3 3 3 3 3 3 3 3 3 3 3 3 3 3 3 3 3 3 3 3 3 3 3 3 3 3 3 3 3 3 3 3 3 3 3 3 3 3 3 3 3 3 3 3 3 3 3 3 3 3 3 3 3 3 3 3 3 3 3 3 3 3 3 3 3 3 3 3 3 3 3 3 3 3 3 3 3 3 3 3 3 3 3 3 3 3 3 3 3 3 3 3 3 3 3 3 3 3 3 3 3 3 3 3 3 3 3 3 3 3 3 3 3 3 3 3 3 3 3 3 3 3 3 3 3 3 3 3 3 3 3 3 3 3 3 3 3 3 3 3 3 3 3 3 3 3 3 3 3 3 3 3 3 3 3 3 3 3 3 3 3 3 3 3 3 3 3 3 3 3 3 3 3 3 3 3 3 3 3 3 3 3 3 3 3 3 3 3 3 3 3 3 3 3 3 3 3 3 3 3 3 3 3 3 3 3 3 3 3 3 3 3 3 3 3 3 3 3 3 3 3 3 3 3 3 3 3 3 3 3 3 3 3 3 3 3 3 3 3 3 3 3 3 3 3 3 3 3 3 3 3 3 3 3 3 3 3 3 3 3 3 3 3 3 3 3 3 3 3 3 3 3 3 3 3 3 3 3 3 3 3 3 3 3 3 3 3 3 3 3 3 3 3 3 3 3 3 3 3 3 3 3 3 3 3 3 3 3 3 3 3 3 3 3 3 3 3 3 3 3 3 3 3 3 3 3 3 3 3 3 3 3 3 3 3 3 3 3 3 3 3 3 3 3 3 3 3 3 3 3 3 3 3 3 3 3 3 3 3 3 3 3 3 3 3 3 3 3 3 3 3 3 3 3 3 3 3 3 3 3 3 3 3 3 3 3 3 3 3 3 3 3 3 3 3 3 3 3 3 3 3 3 3 3 3 3 3 3 3 3 3 3 3 3 3 3 3 3 3 3 3 3 3 3 3 3 3 3 3 3 3 3 3 3 3 3 3 3 3 3 3 3 3 3 3 3 3 3 3 3 3 3 3 3 3 3 3 3 3 3 3 3 3 3 3 3 3 3 3 3 3 3 3 3 3 3 3 3 3 3 3 3 3 3 3 3 3 3 3 3 3 3 3 3 3 3 3 3 3 3 3 3 3 3 3 3 3 3 3 3 3 3 3 3 3 3 3 3 3 3 3 3 3 3 3 3 3 3 3 3 3 3 3 3 3 3 3 3 3 3 3 3 3 3 3 3 3 3 3 3 3 3 3 3 3 3 3 3 3 3 3 3 3 3 3 3 3 3 3 3 3 3 3 3 3 3 3 3 3 3 3 3 3 3 3 3 3 3 3 3 3 3 3 3 3 3 3 3 3 3 3 3 3 3 3 3 3 3 3 3 3 3 3 3 3 3 3 3 3 3 3 3 3 3 3 3 3 3 3 3 3 3 3 3 3 3 3 3 3 3 3 3 3 3 3 3 3 3 3 3 3 3 3 3 3 3 3 3 3 3 3 3 3 3 3 3 3 3 3 3 3 3 3 3 3 3 3 3 3 3 3 3 3 3 3 3 3 3 3 3 3 3 3 3 3 3 3 3 3 3 3 3 3 3 3 3 3 3 3 3 3 3 3 3 3 3 3 3 3 3 3 3 3 3 3 3 3 3 3 3 3 3 3 3 3 3 3 3 3 3 3 3 3 3 3 3 3 3 3 3 3 3 3 3 3 3 3 3 3 3 3 3 3 3 3 3 3 3 3 3 3 3 3 3 3 3 3 3 3 3 3 3 3 3 3 3 3 3 3 3 3 3 3 3 3 3 3 3 3 3 3 3 3 3 3 3 3 3 3 3 3 3 3 3 3 3 3 3 3 3 3 3 3 3 3 3 3 3 3 3 3 3 3 3 3 3 3 3 3 3 3 3 3 3 3 3 3 3 3 3 3 3 3 3 3 3 3 3 3 3 3 3 3 3 3 3 3 3 3 3 3 3 3 3 3 3 3 3 3 3 3 3 3 3 3 3 3 3 3 3 3 3 3 3 3 3 3 3 3 3 3 3 3 3 3 3 3 3 3 3 3 3 3 3 3 3 3 3 3 3 3 3 3 3 3 3 3 3 3 3 3 3 3 3 3 3 3 3 3 3 3 3 3 3 3 3 3 3 3 3 3 3 3 3 3 3 3 3 3 3 3 3 3 3 3 3 3 3 3 3 3 3 3 3 3 3 3 3 3 3 3 3 3 3 3 3 3 3 3 3 3 3 3 3 3 3 3 3 3 3 3 3 3 3 3 3 3 3 3 3 3 3 3 3 3 3 3 3 3 3 3 3 3 3 3 3 3 3 3 3 3 3 3 3 3 3 3 3 3 3 3 3 3 3 3 3 3 3 3 3 3 3 3 3 3 3 3 3 3 3 3 3 3 3 3 3 3 3 3 3 3 3 3 3 3 3 3 3 3 3 3 3 3 3 3 3 3 3 3 3 3 3 3 3 3 3 3 3 3 3 3 3 3 3 3 3 3 3 3 3 3 3 3 3 3 3 3 3 3 3 3 3 3 3 3 3 3 3 3 3 3 3 3 3 3 3 3 3 3 3 3 3 3 3 3 3 3 3 3 3 3 3 3 3 3 3 3 3 3 3 3 3 3 3 3 3 3 3 3 3 3 3 3 3 3 3 3 3 3 3 3 3 3 3 3 3 3 3 3 3 3 3 3 3 3 3 3 3 3 3 3 3 3 3 3 3 3 3 3 3 3 3 3 3 3 3 3 3 3 3 3 3 3 3 3 3 3 3 3 3 3 3 3 3 3 3 3 3 3 3 3 3 3 3 3 3 3 3 3 3 3 3 3 3 3 3 3 3 3 3 3 3 3 3 3 3 3 3 3 3 3 3 3 3 3 3 3 3 3 3 3 3 3 3 3 3 3 3 3 3 3 3 3 3 3 3 3 3 3 3 3 3 3 3 3 3 3 3 3 3 3 3 3 3 3 3 3 3 3 3 3 3 3 3 3 3 3 3 3 3 3 3 3 3 3 3 3 3 3 3 3 3 3 3 3 3 3 3 3 3 3 3 3 3 3 3 3 3 3 3 3 3 3 3 3 3 3 3 3 3 3 3 3 3 3 3 3 3 3 3 3 3 3 3 3 3 3 3 3 3 3 3 3 3 3 3 3 3 3 3 3 3 3 3 3 3 3 3 3 3 3 3 3 3 3 3 3 3 3 3 3 3 3 3 3 3 3 3 3 3 3 3 3 3 3 3 3 3 3 3 3 3 3 3 3 3 3 3 3 3 3 3 3 3 3 3 3 3 3 3 3 3 3 3 3 3 3 3 3 3 3 3 3 3 3 3 3 3 3 3 3 3 3 3 3 3 3 3 3 3 3 3 3 3 3 3 3 3 3 3 3 3 3 3 3 3 3 3 3 3 3 3 3 3 3 3 3 3 3 3 3 3 3 3 3 3 3 3 3 3 3 3 3 3 3 3 3 3 3 3 3 3 3 3 3 3 3 3 3 3 3 3 3 3 3 3 3 3 3 3 3 3 3 3 3 3 3 3 3 3 3 3 3 3 3 3 3 3 3 3 3 3 3 3 3 3 3 3 3 3 3 3 3 3 3 3 3 3 3 3 3 3 3 3 3 3 3 3 3 3 3 3 3 3 3 3 3 3 3 3 3 3 3 3 3 3 3 3 3 3 3 3 3 3 3 3 3 3 3 3 3 3 3 3 3 3 3 3 3 3 3 3 3 3 3 3 3 3 3 3 3 3 3 3 3 3 3 3 3 3 3 3 3 3 3 3 3 3 3 3 3 3 3 3 3 3 3 3 3 3 3 3 3 3 3 3 3 3 3 3 3 3 3 3 3 3 3 3 3 3 3 3 3 3 3 3 3 3 3 3 3 3 3 3 3 3 3 3 3 3 3 3 3 3 3 3 3 3 3 3 3 3 3 3 3 3 3 3 3 3 3 3 3 3 3 3 3 3 3 3 3 3 3 3 3 3 3 3 3 3 3 3 3 3 3 3 3 3 3 3 3 3 3 3 3 3 3 3 3 3 3 3 3 3 3 3 3 3 3 3 3 3 3 3 3 3 3 3 3 3 3 3 3 3 3 3 3 3 3 3 3 3 3 3 3 3 3 3 3 3 3 3 3 3 3 3 3 3 3 3 3 3 3 3 3 3 3 3 3 3 3 3 3 3 3 3 3 3 3 3 3 3 3 3 3 3 3 3 3 3 3 3 3 3 3 3 3 3 3 3 3 3 3 3 3 3 3 3 3 3 3 3 3 3 3 3 3 3 3 3 3 3 3 3 3 3 3 3 3 3 3 3 3 3 3 3 3 3 3 3 3 3 3 3 3 3 3 3 3 3 3 3 3 3 3 3 3 3 3 3 3 3 3 3 3 3 3 3 3 3 3 3 3 3 3 3 3 3 3 3 3 3 3 3 3 3 3 3 3 3 3 3 3 3 3 3 3 3 3 3 3 3 3 3 3 3 3 3 3 3 3 3 3 3 3 3 3 3 3 3 3 3 3 3 3 3 3 3 3 3 3 3 3 3 3 3 3 3 3 3 3 3 3 3 3 3 3 3 3 3 3 3 3 3 3 3 3 3 3 3 3 3 3 3 3 3 3 3 3 3 3 3 3 3 3 3 3 3 3 3 3 3 3 3 3 3 3 3 3 3 3 3 3 3 3 3 3 3 3 3 3 3 3 3 3 3 3 3 3 3 3 3 3 3 3 3 3 3 3 3 3 3 3 3 3 3 3 3 3 3 3 3 3 3 3 3 3 3 3 3 3 3 3 3 3 3 3 3 3 3 3 3 3 3 3 3 3 3 3 3 3 3 3 3 3 3 3 3 3 3 3 3 3 3 3 3 3 3 3 3 3 3 3 3 3 3 3 3 3 3 3 3 3 3 3 3 3 3 3 3 3 3 3 3 3 3 3 3 3 3 3 3 3 3 3 3 3 3 3 3 3 3 3 3 3 3 3 3 3 3 3 3 3 3 3 3 3 3 3 3 3 3 3 3 3 3 3 3 3 3 3 3 3 3 3 3 3 3 3 3 3 3 3 3 3 3 3 3 3 3 3 3 3 3 3 3 3 3 3 3 3 3 3 3 3 3 3 3 3 3 3 3 3 3 3 3 3 3 3 3 3 3 3 3 3 3 3 3 3 3 3 3 3 3 3 3 3 3 3 3 3 3 3 3 3 3 3 3 3 3 3 3 3 3 3 3 3 3 3 3 3 3 3 3 3 3 3 3 3 3 3 3 3 3 3 3 3 3 3 3 3 3 3 3 3 3 3 3 3 3 3 3 3 3 3 3 3 3 3 3 3 3 3 3 3 3 3 3 3 3 3 3 3 3 3 3 3 3 3 3 3 3 3 3 3 3 3 3 3 3 3 3 3 3 3 3 3 3 3 3 3 3 3 3 3 3 3 3 3 3 3 3 3 3 3 3 3 3 3 3 3 3 3 3 3 3 3 3 3 3 3 3 3 3 3 3 3 3 3 3 3 3 3 3 3 3 3 3 3 3 3 3 3 3 3 3 3 3 3 3 3 3 3 3 3 3 3 3 3 3 3 3 3 3 3 3 3 3 3 3 3 3 3 3 3 3 3 3 3 3 3 3 3 3 3 3 3 3 3 3 3 3 3 3 3 3 3 3 3 3 3 3 3 3 3 3 3 3 3 3 3 3 3 3 3 3 3 3 3 3 3 3 3 3 3 3 3 3 3 3 3 3 3 3 3 3 3 3 3 3 3 3 3 3 3 3 3 3 3 3 3 3 3 3 3 3 3 3 3 3 3 3 3 3 3 3 3 3 3 3 3 3 3 3 3 3 3 3 3 3 3 3 3 3 3 3 3 3 3 3 3 3 3 3 3 3 3 3 3 3 3 3 3 3 3 3 3 3 3 3 3 3 3 3 3 3 3 3 3 3 3 3 3 3 3 3 3 3 3 3 3 3 3 3 3 3 3 3 3 3 3 3 3 3 3 3 3 3 3 3 3 3 3 3 3 3 3 3 3 3 3 3 3 3 3 3 3 3 3 3 3 3 3 3 3 3 3 3 3 3 3 3 3 3 3 3 3 3 3 3 3 3 3 3 3 3 3 3 3 3 3 3 3 3 3 3 3 3 3 3 3 3 3 3 3 3 3 3 3 3 3 3 3 3 3 3 3 3 3 3 3 3 3 3 3 3 3 3 3 3 3 3 3 3 3 3 3 3 3 3 3 3 3 3 3 3 3 3 3 3 3 3 3 3 3 3 3 3 3 3 3 3 3 3 3 3 3 3 3 3 3 3 3 3 3 3 3 3 3 3 3 3 3 3 3 3 3 3 3 3 3 3 3 3 3 3 3 3 3 3 3 3 3 3 3 3 3 3 3 3 3 3 3 3 3 3 3 3 3 3 3 3 3 3 3 3 3 3 3 3 3 3 3 3 3 3 3 3 3 3 3 3 3 3 3 3 3 3 3 3 3 3 3 3 3 3 3 3 3 3 3 3 3 3 3 3 3 3 3 3 3 3 3 3 3 3 3 3 3 3 3 3 3 3 3 3 3 3 3 3 3 3 3 3 3 3 3 3 3 3 3 3 3 3 3 3 3 3 3 3 3 3 3 3 3 3 3 3 3 3 3 3 3 3 3 3 3 3 3 3 3 3 3 3 3 3 3 3 3 3 3 3 3 3 3 3 3 3 3 3 3 3 3 3 3 3 3 3 3 3 3 3 3 3 3 3 3 3 3 3 3 3 3 3 3 3 3 3 3 3 3 3 3 3 3 3 3 3 3 3 3 3 3 3 3 3 3 3 3 3 3 3 3 3 3 3 3 3 3 3 3 3 3 3 3 3 3 3 3 3 3 3 3 3 3 3 3 3 3 3 3 3 3 3 3 3 3 3 3 3 3 3 3 3 3 3 3 3 3 3 3 3 3 3 3 3 3 3 3 3 3 3 3 3 3 3 3 3 3 3 3 3 3 3 3 3 3 3 3 3 3 3 3 3 3 3 3 3 3 3 3 3 3 3 3 3 3 3 3 3 3 3 3 3 3 3 3 3 3 3 3 3 3 3 3 3 3 3 3 3 3 3 3 3 3 3 3 3 3 3 3 3 3 3 3 3 3 3 3 3 3 3 3 3 3 3 3 3 3 3 3 3 3 3 3 3 3 3 3 3 3 3 3 3 3 3 3 3 3 3 3 3 3 3 3 3 3 3 3 3 3 3 3 3 3 3 3 3 3 3 3 3 3 3 3 3 3 3 3 3 3 3 3 3 3 3 3 3 3 3 3 3 3 3 3 3 3 3 3 3 3 3 3 3 3 3 3 3 3 3 3 3 3 3 3 3 3 3 3 3 3 3 3 3 3 3 3 3 3 3 3 3 3 3 3 3 3 3 3 3 3 3 3 3 3 3 3 3 3 3 3 3 3 3 3 3 3 3 3 3 3 3 3 3 3 3 3 3 3 3 3 3 3 3 3 3 3 3 3 3 3 3 3 3 3 3 3 3 3 3 3 3 3 </vcount>
          <p>0 0 1 1 2 2 2 2 1 1 3 3 2 2 3 3 4 4 5 5 6 6 2 2 2 2 6 6 7 7 2 2 7 7 0 0 8 8 9 9 2 2 2 2 9 9 10 10 2 2 10 10 5 5 4 4 11 11 2 2 2 2 11 11 12 12 2 2 12 12 8 8 13 13 14 14 15 15 16 16 17 17 14 14 18 18 19 19 20 20 21 21 22 22 19 19 23 23 24 24 25 25 19 19 18 18 21 21 21 21 18 18 26 26 21 21 26 26 27 27 27 27 26 26 28 28 27 27 28 28 29 29 29 29 28 28 23 23 29 29 23 23 30 30 30 30 23 23 25 25 30 30 25 25 31 31 32 32 33 33 34 34 35 35 36 36 37 37 15 15 38 38 13 13 13 13 38 38 39 39 13 13 39 39 40 40 40 40 39 39 41 41 40 40 41 41 42 42 42 42 41 41 35 35 42 42 35 35 43 43 43 43 35 35 37 37 43 43 37 37 44 44 20 20 45 45 46 46 46 46 45 45 47 47 46 46 47 47 48 48 48 48 47 47 49 49 48 48 49 49 50 50 50 50 49 49 32 32 51 51 32 32 23 23 23 23 32 32 34 34 23 23 34 34 24 24 14 14 13 13 16 16 16 16 13 13 40 40 16 16 40 40 52 52 52 52 40 40 42 42 52 52 42 42 53 53 53 53 42 42 43 43 53 53 43 43 54 54 54 54 43 43 44 44 54 54 44 44 33 33 55 55 56 56 57 57 57 57 56 56 58 58 57 57 58 58 59 59 19 19 22 22 60 60 60 60 61 61 19 19 19 19 61 61 62 62 19 19 62 62 20 20 17 17 63 63 64 64 17 17 64 64 14 14 14 14 65 65 66 66 14 14 66 66 15 15 67 67 68 68 69 69 69 69 68 68 70 70 56 56 71 71 58 58 58 58 71 71 72 72 58 58 72 72 73 73 73 73 72 72 74 74 73 73 74 74 75 75 75 75 74 74 76 76 75 75 76 76 68 68 60 60 59 59 61 61 61 61 59 59 58 58 61 61 58 58 62 62 62 62 58 58 73 73 63 63 73 73 64 64 64 64 73 73 75 75 65 65 67 67 66 66 66 66 67 67 69 69 77 77 78 78 79 79 80 80 81 81 82 82 80 80 83 83 84 84 84 84 83 83 85 85 84 84 85 85 86 86 86 86 85 85 87 87 86 86 87 87 88 88 88 88 87 87 89 89 89 89 87 87 90 90 89 89 90 90 91 91 91 91 90 90 92 92 91 91 92 92 93 93 93 93 92 92 94 94 93 93 94 94 95 95 96 96 97 97 98 98 99 99 100 100 101 101 102 102 100 100 103 103 104 104 105 105 99 99 99 99 101 101 104 104 104 104 101 101 106 106 104 104 106 106 107 107 107 107 106 106 108 108 107 107 108 108 109 109 109 109 108 108 110 110 109 109 110 110 111 111 111 111 110 110 79 79 111 111 79 79 112 112 112 112 79 79 78 78 112 112 78 78 113 113 114 114 115 115 116 116 117 117 115 115 77 77 80 80 82 82 83 83 83 83 82 82 118 118 83 83 118 118 114 114 114 114 116 116 83 83 83 83 116 116 119 119 83 83 119 119 85 85 85 85 119 119 120 120 85 85 120 120 87 87 87 87 120 120 121 121 87 87 121 121 90 90 90 90 121 121 96 96 90 90 96 96 92 92 92 92 96 96 98 98 92 92 98 98 94 94 77 77 79 79 117 117 117 117 79 79 122 122 117 117 122 122 123 123 123 123 122 122 124 124 123 123 124 124 125 125 125 125 124 124 126 126 125 125 126 126 127 127 127 127 126 126 102 102 127 127 102 102 128 128 128 128 102 102 103 103 128 128 103 103 97 97 129 129 130 130 131 131 129 129 131 131 132 132 132 132 131 131 133 133 132 132 133 133 134 134 135 135 136 136 137 137 135 135 138 138 139 139 139 139 138 138 140 140 139 139 140 140 141 141 142 142 143 143 144 144 144 144 145 145 142 142 146 146 147 147 148 148 146 146 148 148 149 149 150 150 151 151 152 152 150 150 152 152 153 153 153 153 152 152 154 154 154 154 152 152 155 155 154 154 155 155 156 156 144 144 140 140 145 145 145 145 140 140 138 138 147 147 137 137 148 148 148 148 137 137 136 136 151 151 133 133 152 152 152 152 133 133 131 131 152 152 131 131 155 155 155 155 131 131 130 130 157 157 158 158 159 159 159 159 158 158 160 160 161 161 162 162 157 157 163 163 164 164 165 165 166 166 167 167 164 164 164 164 163 163 166 166 166 166 163 163 168 168 166 166 168 168 169 169 169 169 168 168 170 170 170 170 168 168 171 171 170 170 171 171 172 172 172 172 171 171 173 173 172 172 173 173 174 174 175 175 129 129 132 132 160 160 176 176 159 159 159 159 176 176 177 177 159 159 177 177 178 178 178 178 177 177 179 179 178 178 179 179 180 180 180 180 179 179 175 175 180 180 175 175 181 181 181 181 175 175 132 132 181 181 132 132 134 134 141 141 174 174 139 139 139 139 174 174 173 173 139 139 173 173 182 182 182 182 173 173 171 171 182 182 171 171 183 183 183 183 171 171 168 168 183 183 168 168 184 184 184 184 168 168 163 163 184 184 163 163 185 185 161 161 163 163 165 165 161 161 165 165 162 162 157 157 159 159 161 161 161 161 159 159 178 178 161 161 178 178 186 186 186 186 178 178 180 180 186 186 180 180 187 187 187 187 180 180 181 181 187 187 181 181 188 188 188 188 181 181 134 134 182 182 135 135 139 139 167 167 189 189 164 164 164 164 189 189 190 190 164 164 190 190 165 165 165 165 190 190 191 191 165 165 191 191 162 162 162 162 191 191 192 192 162 162 192 192 157 157 157 157 192 192 193 193 157 157 193 193 158 158 158 158 193 193 194 194 158 158 194 194 160 160 160 160 194 194 195 195 193 193 192 192 196 196 197 197 198 198 199 199 200 200 201 201 202 202 203 203 204 204 201 201 201 201 205 205 203 203 203 203 205 205 206 206 203 203 206 206 207 207 207 207 206 206 208 208 207 207 208 208 209 209 209 209 208 208 210 210 209 209 210 210 211 211 211 211 210 210 212 212 211 211 212 212 213 213 213 213 212 212 214 214 213 213 214 214 215 215 215 215 214 214 216 216 215 215 216 216 217 217 217 217 216 216 218 218 217 217 218 218 219 219 189 189 219 219 190 190 190 190 219 219 218 218 190 190 218 218 191 191 191 191 218 218 192 192 193 193 220 220 194 194 221 221 195 195 194 194 222 222 223 223 224 224 224 224 223 223 225 225 224 224 225 225 226 226 226 226 225 225 227 227 226 226 227 227 228 228 228 228 227 227 229 229 228 228 229 229 230 230 230 230 229 229 231 231 230 230 231 231 232 232 232 232 231 231 233 233 232 232 233 233 234 234 234 234 233 233 235 235 234 234 235 235 236 236 236 236 235 235 221 221 236 236 221 221 237 237 237 237 221 221 194 194 194 194 220 220 237 237 237 237 220 220 238 238 237 237 238 238 236 236 236 236 238 238 239 239 236 236 239 239 234 234 234 234 239 239 240 240 234 234 240 240 232 232 232 232 240 240 241 241 232 232 241 241 230 230 230 230 241 241 242 242 230 230 242 242 228 228 228 228 242 242 243 243 228 228 243 243 226 226 226 226 243 243 197 197 226 226 197 197 224 224 224 224 197 197 199 199 224 224 199 199 222 222 192 192 218 218 196 196 196 196 218 218 244 244 196 196 244 244 245 245 245 245 244 244 246 246 245 245 246 246 247 247 247 247 246 246 248 248 247 247 248 248 249 249 249 249 248 248 250 250 249 249 250 250 251 251 251 251 250 250 252 252 251 251 252 252 253 253 253 253 252 252 254 254 253 253 254 254 255 255 255 255 254 254 200 200 255 255 200 200 256 256 256 256 200 200 202 202 256 256 202 202 257 257 204 204 258 258 201 201 201 201 258 258 259 259 201 201 259 259 202 202 202 202 259 259 260 260 202 202 260 260 257 257 198 198 261 261 262 262 198 198 262 262 199 199 263 263 262 262 264 264 263 263 264 264 222 222 265 265 262 262 266 266 267 267 264 264 262 262 262 262 265 265 267 267 267 267 265 265 268 268 267 267 268 268 269 269 269 269 268 268 270 270 269 269 270 270 271 271 271 271 270 270 272 272 271 271 272 272 273 273 274 274 275 275 276 276 277 277 278 278 279 279 258 258 280 280 281 281 281 281 280 280 282 282 281 281 282 282 283 283 283 283 282 282 284 284 283 283 284 284 285 285 285 285 284 284 277 277 285 285 277 277 286 286 286 286 277 277 279 279 287 287 288 288 289 289 289 289 290 290 287 287 287 287 290 290 291 291 287 287 291 291 292 292 292 292 291 291 293 293 292 292 293 293 294 294 294 294 293 293 295 295 294 294 295 295 296 296 296 296 295 295 259 259 281 281 259 259 258 258 297 297 273 273 276 276 276 276 273 273 272 272 276 276 272 272 274 274 298 298 272 272 270 270 298 298 270 270 299 299 299 299 270 270 268 268 299 299 268 268 300 300 300 300 268 268 265 265 300 300 265 265 301 301 301 301 265 265 266 266 295 295 260 260 259 259 302 302 303 303 304 304 302 302 304 304 305 305 279 279 278 278 306 306 306 306 307 307 279 279 288 288 308 308 309 309 288 288 309 309 289 289 275 275 310 310 311 311 275 275 311 311 276 276 276 276 311 311 312 312 276 276 312 312 297 297 313 313 314 314 315 315 315 315 314 314 316 316 315 315 316 316 317 317 304 304 318 318 305 305 305 305 318 318 319 319 305 305 319 319 317 317 317 317 319 319 320 320 317 317 320 320 315 315 306 306 302 302 307 307 307 307 302 302 305 305 308 308 305 305 309 309 309 309 305 305 317 317 310 310 317 317 311 311 311 311 317 317 316 316 311 311 316 316 312 312 312 312 316 316 314 314 321 321 322 322 323 323 321 321 323 323 324 324 324 324 323 323 325 325 324 324 325 325 326 326 327 327 328 328 329 329 327 327 329 329 330 330 330 330 329 329 331 331 330 330 331 331 332 332 333 333 334 334 335 335 333 333 335 335 336 336 336 336 335 335 337 337 336 336 337 337 338 338 338 338 337 337 339 339 338 338 339 339 340 340 341 341 342 342 343 343 344 344 345 345 346 346 347 347 348 348 345 345 345 345 344 344 347 347 347 347 344 344 349 349 347 347 349 349 350 350 350 350 349 349 351 351 350 350 351 351 352 352 353 353 354 354 355 355 333 333 356 356 334 334 334 334 356 356 357 357 358 358 359 359 360 360 360 360 361 361 358 358 358 358 361 361 362 362 358 358 362 362 363 363 363 363 362 362 341 341 363 363 341 341 337 337 337 337 341 341 343 343 337 337 343 343 339 339 364 364 352 352 355 355 355 355 352 352 351 351 355 355 351 351 353 353 353 353 351 351 349 349 353 353 349 349 365 365 365 365 349 349 344 344 365 365 344 344 366 366 366 366 344 344 346 346 366 366 346 346 342 342 367 367 368 368 369 369 356 356 370 370 371 371 371 371 370 370 372 372 371 371 372 372 373 373 373 373 372 372 369 369 373 373 369 369 374 374 374 374 369 369 368 368 367 367 375 375 368 368 368 368 375 375 376 376 368 368 376 376 374 374 374 374 376 376 377 377 374 374 377 377 373 373 373 373 377 377 378 378 373 373 378 378 371 371 371 371 378 378 379 379 371 371 379 379 356 356 356 356 379 379 357 357 375 375 380 380 381 381 376 376 380 380 382 382 376 376 382 382 377 377 377 377 382 382 383 383 377 377 383 383 378 378 378 378 383 383 384 384 378 378 384 384 379 379 379 379 384 384 385 385 379 379 385 385 359 359 359 359 385 385 360 360 380 380 386 386 387 387 382 382 386 386 388 388 382 382 388 388 383 383 383 383 388 388 389 389 383 383 389 389 384 384 384 384 389 389 390 390 384 384 390 390 385 385 391 391 390 390 392 392 391 391 392 392 354 354 354 354 392 392 355 355 364 364 355 355 393 393 393 393 355 355 392 392 393 393 392 392 394 394 394 394 392 392 390 390 394 394 390 390 395 395 395 395 390 390 389 389 395 395 389 389 396 396 396 396 389 389 388 388 396 396 388 388 397 397 397 397 388 388 386 386 398 398 397 397 399 399 399 399 397 397 386 386 399 399 386 386 400 400 400 400 386 386 380 380 400 400 380 380 401 401 401 401 380 380 375 375 401 401 375 375 402 402 402 402 375 375 403 403 403 403 375 375 367 367 403 403 367 367 404 404 400 400 401 401 405 405 406 406 407 407 408 408 409 409 410 410 411 411 412 412 413 413 414 414 415 415 416 416 413 413 413 413 417 417 415 415 415 415 417 417 418 418 415 415 418 418 419 419 419 419 418 418 420 420 419 419 420 420 421 421 421 421 420 420 422 422 421 421 422 422 423 423 423 423 422 422 424 424 423 423 424 424 425 425 425 425 424 424 426 426 425 425 426 426 427 427 427 427 426 426 428 428 427 427 428 428 429 429 429 429 428 428 430 430 429 429 430 430 431 431 404 404 431 431 403 403 403 403 431 431 430 430 403 403 430 430 402 402 402 402 430 430 401 401 400 400 405 405 399 399 432 432 398 398 399 399 408 408 433 433 406 406 406 406 433 433 434 434 406 406 434 434 435 435 435 435 434 434 436 436 435 435 436 436 437 437 437 437 436 436 438 438 437 437 438 438 439 439 439 439 438 438 440 440 439 439 440 440 441 441 441 441 440 440 442 442 441 441 442 442 443 443 443 443 442 442 444 444 443 443 444 444 445 445 445 445 444 444 432 432 445 445 432 432 446 446 446 446 432 432 399 399 399 399 405 405 446 446 446 446 405 405 447 447 446 446 447 447 445 445 445 445 447 447 448 448 445 445 448 448 443 443 443 443 448 448 449 449 443 443 449 449 441 441 441 441 449 449 450 450 441 441 450 450 439 439 439 439 450 450 451 451 439 439 451 451 437 437 437 437 451 451 452 452 437 437 452 452 435 435 435 435 452 452 409 409 435 435 409 409 406 406 406 406 409 409 411 411 406 406 411 411 407 407 401 401 430 430 405 405 405 405 430 430 453 453 405 405 453 453 454 454 454 454 453 453 455 455 454 454 455 455 456 456 456 456 455 455 457 457 456 456 457 457 458 458 458 458 457 457 459 459 458 458 459 459 460 460 460 460 459 459 461 461 460 460 461 461 462 462 462 462 461 461 463 463 462 462 463 463 464 464 464 464 463 463 412 412 464 464 412 412 465 465 465 465 412 412 414 414 465 465 414 414 410 410 466 466 408 408 467 467 467 467 408 408 407 407 467 467 407 407 468 468 468 468 407 407 411 411 468 468 411 411 469 469 469 469 411 411 410 410 469 469 410 410 470 470 470 470 410 410 414 414 470 470 414 414 471 471 471 471 414 414 413 413 471 471 413 413 472 472 472 472 413 413 416 416 473 473 474 474 475 475 476 476 477 477 474 474 478 478 479 479 480 480 481 481 482 482 483 483 483 483 482 482 478 478 483 483 478 478 484 484 484 484 478 478 480 480 484 484 485 485 486 486 487 487 488 488 481 481 481 481 488 488 489 489 481 481 489 489 482 482 490 490 491 491 487 487 487 487 491 491 471 471 487 487 471 471 472 472 492 492 469 469 470 470 493 493 466 466 467 467 475 475 494 494 473 473 473 473 494 494 495 495 473 473 495 495 496 496 496 496 495 495 497 497 496 496 497 497 498 498 498 498 497 497 493 493 498 498 493 493 499 499 499 499 493 493 467 467 499 499 467 467 468 468 486 486 500 500 484 484 484 484 500 500 501 501 484 484 501 501 483 483 483 483 501 501 502 502 483 483 502 502 481 481 481 481 502 502 492 492 481 481 492 492 491 491 491 491 492 492 470 470 491 491 470 470 471 471 474 474 473 473 476 476 476 476 473 473 496 496 476 476 496 496 503 503 503 503 496 496 498 498 503 503 498 498 504 504 504 504 498 498 499 499 504 504 499 499 492 492 492 492 499 499 468 468 492 492 468 468 469 469 505 505 506 506 507 507 479 479 508 508 509 509 479 479 509 509 480 480 485 485 510 510 511 511 485 485 511 511 486 486 477 477 512 512 513 513 477 477 513 513 474 474 474 474 513 513 514 514 474 474 514 514 475 475 515 515 516 516 517 517 517 517 516 516 518 518 517 517 518 518 519 519 519 519 518 518 520 520 520 520 518 518 521 521 520 520 521 521 522 522 522 522 521 521 523 523 522 522 523 523 507 507 507 507 523 523 524 524 507 507 524 524 505 505 508 508 524 524 509 509 509 509 524 524 523 523 510 510 523 523 511 511 511 511 523 523 521 521 512 512 525 525 513 513 513 513 525 525 518 518 513 513 518 518 514 514 514 514 518 518 516 516 526 526 527 527 528 528 529 529 530 530 531 531 529 529 532 532 533 533 533 533 532 532 534 534 533 533 534 534 535 535 535 535 534 534 536 536 535 535 536 536 537 537 537 537 536 536 538 538 538 538 536 536 539 539 538 538 539 539 540 540 540 540 539 539 541 541 540 540 541 541 542 542 542 542 541 541 543 543 542 542 543 543 544 544 545 545 546 546 547 547 548 548 549 549 550 550 551 551 549 549 552 552 553 553 554 554 548 548 548 548 550 550 553 553 553 553 550 550 555 555 553 553 555 555 556 556 556 556 555 555 557 557 556 556 557 557 558 558 558 558 557 557 559 559 558 558 559 559 560 560 560 560 559 559 528 528 560 560 528 528 561 561 561 561 528 528 527 527 561 561 527 527 562 562 563 563 564 564 565 565 566 566 564 564 526 526 529 529 531 531 532 532 532 532 531 531 567 567 532 532 567 567 563 563 563 563 565 565 532 532 532 532 565 565 568 568 532 532 568 568 534 534 534 534 568 568 569 569 534 534 569 569 536 536 536 536 569 569 570 570 536 536 570 570 539 539 539 539 570 570 545 545 539 539 545 545 541 541 541 541 545 545 547 547 541 541 547 547 543 543 526 526 528 528 566 566 566 566 528 528 571 571 566 566 571 571 572 572 572 572 571 571 573 573 572 572 573 573 574 574 574 574 573 573 575 575 574 574 575 575 576 576 576 576 575 575 551 551 576 576 551 551 577 577 577 577 551 551 552 552 577 577 552 552 546 546 578 578 579 579 580 580 581 581 582 582 583 583 583 583 582 582 584 584 583 583 584 584 585 585 585 585 584 584 586 586 585 585 586 586 587 587 587 587 586 586 588 588 588 588 586 586 589 589 588 588 589 589 590 590 590 590 589 589 591 591 591 591 589 589 592 592 591 591 592 592 593 593 594 594 595 595 596 596 580 580 597 597 578 578 598 598 599 599 600 600 598 598 600 600 601 601 602 602 603 603 594 594 602 602 594 594 604 604 604 604 594 594 596 596 582 582 579 579 584 584 584 584 579 579 578 578 584 584 598 598 605 605 605 605 598 598 601 601 586 586 602 602 589 589 589 589 602 602 604 604 589 589 604 604 592 592 592 592 604 604 596 596 606 606 607 607 608 608 606 606 608 608 609 609 609 609 608 608 610 610 609 609 610 610 611 611 611 611 610 610 612 612 611 611 612 612 613 613 614 614 594 594 603 603 615 615 595 595 594 594 616 616 617 617 618 618 594 594 614 614 615 615 615 615 614 614 619 619 615 615 619 619 620 620 620 620 619 619 621 621 620 620 621 621 622 622 622 622 621 621 616 616 622 622 616 616 623 623 623 623 616 616 618 618 623 623 618 618 624 624 606 606 625 625 607 607 607 607 625 625 626 626 627 627 628 628 629 629 580 580 613 613 597 597 597 597 613 613 612 612 599 599 630 630 631 631 631 631 630 630 632 632 631 631 632 632 633 633 633 633 632 632 634 634 633 633 634 634 635 635 635 635 634 634 627 627 635 635 627 627 636 636 636 636 627 627 629 629 637 637 638 638 617 617 617 617 616 616 637 637 637 637 616 616 621 621 637 637 621 621 639 639 639 639 621 621 619 619 639 639 619 619 640 640 640 640 619 619 614 614 640 640 614 614 641 641 641 641 614 614 603 603 631 631 600 600 599 599 642 642 624 624 643 643 643 643 624 624 618 618 643 643 618 618 644 644 618 618 617 617 644 644 644 644 617 617 638 638 644 644 638 638 645 645 646 646 629 629 647 647 646 646 647 647 648 648 649 649 626 626 625 625 649 649 625 625 650 650 651 651 652 652 653 653 654 654 646 646 648 648 643 643 644 644 655 655 655 655 644 644 645 645 656 656 642 642 643 643 657 657 658 658 659 659 643 643 655 655 656 656 656 656 655 655 660 660 656 656 660 660 661 661 661 661 660 660 662 662 661 661 662 662 663 663 663 663 662 662 664 664 663 663 664 664 665 665 665 665 664 664 666 666 665 665 666 666 667 667 667 667 666 666 668 668 667 667 668 668 669 669 669 669 668 668 670 670 669 669 670 670 671 671 671 671 670 670 657 657 671 671 657 657 672 672 672 672 657 657 659 659 672 672 659 659 673 673 674 674 675 675 676 676 677 677 678 678 679 679 679 679 678 678 680 680 679 679 680 680 681 681 681 681 680 680 674 674 681 681 674 674 682 682 682 682 674 674 676 676 683 683 684 684 685 685 651 651 653 653 686 686 686 686 653 653 687 687 686 686 687 687 688 688 688 688 687 687 689 689 688 688 689 689 690 690 690 690 689 689 691 691 690 690 691 691 677 677 677 677 691 691 692 692 677 677 692 692 678 678 645 645 693 693 655 655 655 655 693 693 694 694 655 655 694 694 660 660 660 660 694 694 695 695 660 660 695 695 662 662 662 662 695 695 696 696 662 662 696 696 664 664 664 664 696 696 697 697 664 664 697 697 666 666 666 666 697 697 698 698 666 666 698 698 668 668 668 668 698 698 699 699 668 668 699 699 670 670 670 670 699 699 700 700 670 670 700 700 657 657 657 657 700 700 701 701 657 657 701 701 658 658 650 650 652 652 649 649 649 649 652 652 651 651 648 648 702 702 654 654 654 654 702 702 703 703 654 654 703 703 704 704 704 704 703 703 705 705 704 704 705 705 706 706 706 706 705 705 707 707 706 706 707 707 708 708 708 708 707 707 709 709 708 708 709 709 710 710 710 710 709 709 711 711 710 710 711 711 712 712 712 712 711 711 713 713 712 712 713 713 714 714 714 714 713 713 683 683 714 714 683 683 715 715 715 715 683 683 685 685 700 700 685 685 701 701 675 675 31 31 25 25 675 675 25 25 676 676 25 25 24 24 684 684 684 684 24 24 34 34 684 684 34 34 685 685 685 685 34 34 33 33 685 685 33 33 701 701 701 701 33 33 44 44 701 701 44 44 658 658 658 658 44 44 37 37 658 658 37 37 659 659 659 659 37 37 36 36 659 659 36 36 673 673 716 716 717 717 718 718 718 718 717 717 719 719 720 720 721 721 722 722 722 722 721 721 723 723 724 724 725 725 726 726 726 726 725 725 727 727 728 728 729 729 730 730 730 730 729 729 731 731 732 732 733 733 734 734 734 734 733 733 735 735 736 736 737 737 738 738 738 738 737 737 739 739 740 740 741 741 742 742 742 742 741 741 743 743 744 744 745 745 746 746 746 746 745 745 747 747 748 748 749 749 750 750 750 750 749 749 751 751 752 752 753 753 754 754 754 754 753 753 755 755 756 756 757 757 758 758 758 758 757 757 759 759 760 760 761 761 762 762 762 762 761 761 763 763 764 764 143 143 142 142 149 149 765 765 146 146 766 766 767 767 768 768 142 142 769 769 764 764 153 153 770 770 150 150 771 771 772 772 773 773 774 774 775 775 776 776 153 153 154 154 770 770 770 770 154 154 156 156 770 770 156 156 777 777 778 778 779 779 780 780 338 338 340 340 781 781 782 782 213 213 215 215 93 93 95 95 783 783 332 332 331 331 784 784 784 784 331 331 785 785 784 784 785 785 786 786 786 786 785 785 787 787 786 786 787 787 788 788 782 782 789 789 213 213 213 213 789 789 338 338 213 213 338 338 211 211 207 207 790 790 203 203 203 203 790 790 791 791 203 203 791 791 204 204 204 204 791 791 303 303 524 524 472 472 416 416 207 207 209 209 790 790 790 790 209 209 211 211 790 790 211 211 787 787 787 787 211 211 338 338 787 787 338 338 788 788 788 788 338 338 781 781 91 91 93 93 84 84 789 789 792 792 338 338 338 338 792 792 793 793 338 338 793 793 794 794 794 794 680 680 678 678 542 542 544 544 778 778 336 336 338 338 404 404 404 404 338 338 431 431 795 795 506 506 505 505 215 215 217 217 782 782 782 782 217 217 219 219 782 782 219 219 189 189 84 84 93 93 80 80 540 540 542 542 533 533 423 423 425 425 796 796 796 796 425 425 427 427 796 796 427 427 338 338 338 338 427 427 429 429 338 338 429 429 431 431 797 797 796 796 689 689 689 689 796 796 338 338 689 689 338 338 691 691 691 691 338 338 794 794 691 691 794 794 692 692 692 692 794 794 678 678 533 533 542 542 529 529 419 419 421 421 798 798 798 798 421 421 423 423 798 798 423 423 799 799 799 799 423 423 796 796 799 799 796 796 779 779 779 779 796 796 800 800 779 779 800 800 780 780 789 789 801 801 792 792 792 792 801 801 802 802 792 792 802 802 783 783 783 783 802 802 803 803 783 783 803 803 93 93 93 93 803 803 81 81 93 93 81 81 80 80 689 689 687 687 797 797 797 797 687 687 653 653 797 797 653 653 804 804 804 804 653 653 652 652 804 804 652 652 650 650 680 680 794 794 674 674 674 674 794 794 805 805 674 674 805 805 675 675 675 675 805 805 55 55 675 675 55 55 57 57 419 419 798 798 415 415 415 415 798 798 795 795 415 415 795 795 416 416 416 416 795 795 505 505 416 416 505 505 524 524 174 174 141 141 167 167 167 167 141 141 189 189 86 86 88 88 84 84 84 84 88 88 89 89 84 84 89 89 91 91 778 778 780 780 542 542 542 542 780 780 530 530 542 542 530 530 529 529 367 367 369 369 372 372 284 284 282 282 277 277 277 277 282 282 280 280 277 277 280 280 278 278 278 278 280 280 258 258 278 278 258 258 306 306 306 306 258 258 204 204 306 306 204 204 302 302 302 302 204 204 303 303 27 27 29 29 21 21 21 21 29 29 30 30 21 21 30 30 22 22 22 22 30 30 31 31 22 22 31 31 60 60 60 60 31 31 675 675 60 60 675 675 59 59 59 59 675 675 57 57 535 535 537 537 533 533 533 533 537 537 538 538 533 533 538 538 540 540 372 372 370 370 367 367 367 367 370 370 356 356 367 367 356 356 404 404 404 404 356 356 333 333 404 404 333 333 336 336 478 478 482 482 479 479 479 479 482 482 489 489 479 479 489 489 488 488 141 141 140 140 189 189 189 189 140 140 144 144 189 189 144 144 782 782 782 782 144 144 143 143 782 782 143 143 764 764 524 524 508 508 472 472 472 472 508 508 479 479 472 472 479 479 487 487 487 487 479 479 488 488 170 170 172 172 169 169 169 169 172 172 174 174 169 169 174 174 166 166 166 166 174 174 167 167 606 606 609 609 611 611 581 581 804 804 582 582 582 582 804 804 650 650 582 582 650 650 579 579 579 579 650 650 625 625 579 579 625 625 580 580 580 580 625 625 606 606 580 580 606 606 613 613 613 613 606 606 611 611 806 806 807 807 808 808 809 809 810 810 811 811 811 811 810 810 812 812 813 813 814 814 815 815 816 816 817 817 818 818 815 815 806 806 813 813 813 813 806 806 808 808 813 813 808 808 819 819 819 819 808 808 811 811 819 819 811 811 820 820 820 820 811 811 812 812 821 821 822 822 823 823 824 824 825 825 826 826 827 827 828 828 829 829 830 830 831 831 832 832 833 833 827 827 834 834 834 834 827 827 835 835 836 836 837 837 838 838 838 838 837 837 839 839 838 838 839 839 840 840 841 841 842 842 843 843 827 827 829 829 844 844 844 844 829 829 845 845 844 844 845 845 846 846 835 835 827 827 847 847 847 847 827 827 844 844 847 847 844 844 848 848 818 818 849 849 850 850 850 850 849 849 851 851 850 850 851 851 852 852 852 852 851 851 853 853 854 854 855 855 856 856 856 856 855 855 857 857 856 856 857 857 858 858 859 859 860 860 861 861 825 825 862 862 826 826 826 826 862 862 863 863 826 826 863 863 864 864 864 864 863 863 865 865 843 843 821 821 841 841 841 841 821 821 823 823 841 841 823 823 866 866 866 866 823 823 838 838 866 866 838 838 867 867 867 867 838 838 840 840 868 868 869 869 870 870 870 870 869 869 830 830 871 871 872 872 827 827 827 827 872 872 873 873 827 827 873 873 828 828 873 873 874 874 828 828 828 828 874 874 875 875 828 828 875 875 876 876 876 876 875 875 849 849 876 876 849 849 877 877 877 877 849 849 818 818 877 877 818 818 878 878 878 878 818 818 817 817 879 879 880 880 881 881 881 881 880 880 853 853 881 881 853 853 811 811 811 811 853 853 851 851 811 811 851 851 809 809 856 856 882 882 854 854 854 854 882 882 859 859 854 854 859 859 818 818 818 818 859 859 861 861 818 818 861 861 816 816 830 830 832 832 870 870 870 870 832 832 883 883 870 870 883 883 826 826 826 826 883 883 884 884 826 826 884 884 824 824 885 885 886 886 887 887 887 887 886 886 833 833 887 887 833 833 888 888 888 888 833 833 834 834 860 860 889 889 861 861 861 861 889 889 890 890 861 861 890 890 891 891 892 892 893 893 846 846 846 846 893 893 894 894 846 846 894 894 844 844 895 895 896 896 897 897 863 863 836 836 865 865 865 865 836 836 838 838 865 865 838 838 898 898 898 898 838 838 879 879 898 898 879 879 899 899 899 899 879 879 881 881 900 900 901 901 902 902 844 844 903 903 848 848 848 848 903 903 895 895 848 848 895 895 904 904 904 904 895 895 897 897 902 902 905 905 900 900 900 900 905 905 906 906 900 900 906 906 907 907 907 907 906 906 908 908 907 907 908 908 820 820 820 820 908 908 909 909 820 820 909 909 819 819 910 910 911 911 912 912 913 913 914 914 915 915 916 916 917 917 918 918 912 912 919 919 910 910 910 910 919 919 920 920 910 910 920 920 921 921 921 921 920 920 922 922 921 921 922 922 867 867 867 867 922 922 923 923 867 867 923 923 866 866 924 924 925 925 926 926 926 926 925 925 927 927 926 926 927 927 928 928 928 928 927 927 929 929 928 928 929 929 930 930 930 930 929 929 884 884 930 930 884 884 931 931 931 931 884 884 883 883 932 932 933 933 934 934 934 934 933 933 935 935 934 934 935 935 892 892 892 892 935 935 936 936 892 892 936 936 893 893 871 871 937 937 872 872 872 872 937 937 938 938 872 872 938 938 939 939 939 939 938 938 913 913 939 939 913 913 940 940 940 940 913 913 915 915 940 940 915 915 941 941 890 890 942 942 891 891 891 891 942 942 916 916 891 891 916 916 943 943 943 943 916 916 918 918 944 944 945 945 946 946 946 946 945 945 947 947 946 946 947 947 948 948 948 948 947 947 949 949 948 948 949 949 950 950 950 950 949 949 951 951 950 950 951 951 952 952 952 952 951 951 953 953 952 952 953 953 954 954 954 954 953 953 955 955 954 954 955 955 956 956 956 956 955 955 957 957 956 956 957 957 958 958 958 958 957 957 959 959 958 958 959 959 960 960 960 960 959 959 961 961 960 960 961 961 962 962 962 962 961 961 963 963 962 962 963 963 964 964 964 964 963 963 965 965 964 964 965 965 966 966 966 966 965 965 967 967 966 966 967 967 968 968 968 968 967 967 944 944 968 968 944 944 946 946 969 969 970 970 971 971 971 971 970 970 972 972 973 973 974 974 975 975 975 975 974 974 976 976 977 977 978 978 979 979 976 976 980 980 981 981 982 982 983 983 972 972 972 972 983 983 984 984 971 971 985 985 969 969 969 969 985 985 986 986 969 969 986 986 987 987 987 987 986 986 988 988 981 981 989 989 976 976 976 976 989 989 990 990 976 976 990 990 975 975 982 982 972 972 973 973 973 973 972 972 970 970 973 973 970 970 974 974 974 974 970 970 991 991 974 974 991 991 992 992 992 992 991 991 993 993 992 992 993 993 979 979 979 979 993 993 994 994 979 979 994 994 977 977 984 984 995 995 972 972 972 972 995 995 996 996 972 972 996 996 997 997 998 998 999 999 1000 1000 1001 1001 1002 1002 1003 1003 1001 1001 998 998 1002 1002 1002 1002 998 998 1000 1000 1002 1002 1000 1000 1004 1004 1004 1004 1000 1000 1005 1005 1004 1004 1005 1005 1006 1006 1007 1007 1008 1008 1009 1009 1010 1010 1011 1011 999 999 999 999 1011 1011 1012 1012 999 999 1012 1012 1000 1000 1003 1003 1013 1013 1014 1014 1001 1001 1015 1015 998 998 998 998 1015 1015 1016 1016 998 998 1016 1016 1009 1009 1009 1009 1016 1016 1017 1017 1009 1009 1017 1017 1007 1007 1006 1006 1005 1005 1018 1018 1018 1018 1005 1005 1019 1019 1018 1018 1019 1019 1020 1020 1014 1014 1021 1021 1003 1003 1003 1003 1021 1021 1022 1022 1003 1003 1022 1022 1001 1001 1010 1010 1023 1023 1011 1011 1011 1011 1023 1023 1024 1024 1011 1011 1024 1024 1025 1025 1026 1026 1027 1027 1028 1028 1029 1029 1030 1030 1031 1031 1031 1031 1030 1030 1032 1032 1031 1031 1032 1032 1033 1033 1033 1033 1034 1034 1031 1031 1031 1031 1034 1034 1035 1035 1031 1031 1035 1035 1036 1036 1035 1035 1037 1037 1036 1036 1036 1036 1037 1037 1038 1038 1036 1036 1038 1038 1039 1039 1039 1039 1038 1038 1040 1040 1041 1041 1042 1042 1043 1043 1043 1043 1042 1042 1044 1044 1045 1045 1046 1046 1047 1047 1047 1047 1046 1046 1048 1048 1049 1049 1050 1050 1051 1051 1051 1051 1050 1050 1052 1052 1053 1053 1054 1054 1055 1055 1056 1056 1054 1054 1057 1057 1056 1056 1057 1057 1058 1058 1026 1026 1028 1028 1059 1059 1060 1060 1029 1029 1061 1061 1061 1061 1029 1029 1031 1031 1061 1061 1031 1031 1062 1062 1062 1062 1031 1031 1063 1063 1064 1064 1065 1065 1066 1066 1066 1066 1065 1065 1067 1067 1068 1068 1069 1069 1070 1070 1070 1070 1069 1069 1071 1071 1072 1072 1073 1073 1074 1074 1074 1074 1073 1073 1075 1075 1076 1076 1077 1077 1078 1078 1078 1078 1077 1077 1079 1079 1028 1028 1080 1080 1059 1059 1059 1059 1080 1080 1056 1056 1059 1059 1056 1056 1081 1081 1081 1081 1056 1056 1058 1058 1082 1082 1083 1083 1084 1084 1084 1084 1083 1083 1085 1085 1084 1084 1085 1085 1086 1086 1086 1086 1087 1087 1084 1084 1084 1084 1087 1087 1088 1088 1084 1084 1088 1088 1089 1089 1090 1090 1091 1091 1092 1092 1092 1092 1091 1091 1093 1093 1092 1092 1093 1093 1094 1094 1095 1095 1096 1096 1097 1097 1088 1088 1098 1098 1089 1089 1089 1089 1098 1098 1099 1099 1089 1089 1100 1100 1101 1101 1101 1101 1100 1100 1102 1102 1103 1103 1104 1104 1105 1105 1105 1105 1104 1104 1106 1106 1107 1107 1108 1108 1109 1109 1109 1109 1108 1108 1110 1110 1111 1111 1112 1112 1113 1113 1113 1113 1112 1112 1114 1114 1115 1115 1116 1116 1095 1095 1095 1095 1116 1116 1117 1117 1095 1095 1117 1117 1096 1096 1118 1118 1082 1082 1119 1119 1119 1119 1082 1082 1120 1120 1119 1119 1120 1120 1121 1121 1121 1121 1120 1120 1122 1122 1123 1123 1124 1124 1125 1125 1125 1125 1124 1124 1126 1126 1127 1127 1128 1128 1129 1129 1129 1129 1128 1128 1130 1130 1131 1131 1132 1132 1133 1133 1133 1133 1132 1132 1134 1134 1135 1135 1136 1136 1137 1137 1137 1137 1136 1136 1138 1138 1092 1092 1139 1139 1090 1090 1090 1090 1139 1139 1095 1095 1090 1090 1095 1095 1140 1140 1140 1140 1095 1095 1097 1097 1141 1141 1142 1142 1143 1143 1141 1141 1143 1143 1144 1144 1145 1145 1146 1146 1147 1147 1147 1147 1146 1146 1148 1148 1145 1145 1149 1149 1150 1150 1150 1150 1149 1149 1151 1151 1152 1152 1153 1153 1154 1154 1154 1154 1153 1153 1155 1155 1156 1156 1157 1157 1158 1158 1158 1158 1157 1157 1159 1159 1160 1160 1161 1161 1162 1162 1162 1162 1161 1161 1163 1163 1164 1164 1165 1165 1166 1166 1166 1166 1165 1165 1167 1167 1166 1166 1167 1167 1168 1168 1168 1168 1167 1167 1169 1169 1169 1169 1167 1167 1170 1170 1169 1169 1170 1170 1171 1171 1172 1172 1171 1171 1173 1173 1173 1173 1171 1171 1170 1170 1174 1174 1175 1175 1176 1176 1176 1176 1175 1175 1177 1177 1178 1178 1179 1179 1180 1180 1180 1180 1179 1179 1181 1181 1182 1182 1183 1183 1184 1184 1184 1184 1183 1183 1185 1185 1186 1186 1187 1187 1188 1188 1188 1188 1187 1187 1189 1189 1190 1190 1191 1191 1192 1192 1192 1192 1191 1191 1193 1193 1143 1143 1194 1194 1144 1144 1144 1144 1194 1194 1147 1147 1144 1144 1147 1147 1195 1195 1195 1195 1147 1147 1148 1148 1196 1196 1197 1197 1198 1198 1196 1196 1198 1198 1199 1199 1200 1200 1201 1201 1198 1198 1198 1198 1201 1201 1202 1202 1198 1198 1202 1202 1199 1199 1203 1203 1204 1204 1198 1198 1198 1198 1204 1204 1205 1205 1198 1198 1205 1205 1200 1200 1206 1206 1207 1207 1198 1198 1198 1198 1207 1207 1208 1208 1198 1198 1208 1208 1203 1203 1209 1209 1210 1210 1198 1198 1198 1198 1210 1210 1211 1211 1198 1198 1211 1211 1206 1206 1212 1212 1213 1213 1198 1198 1198 1198 1213 1213 1214 1214 1198 1198 1214 1214 1209 1209 1197 1197 1215 1215 1198 1198 1198 1198 1215 1215 1216 1216 1198 1198 1216 1216 1212 1212 1217 1217 1218 1218 1219 1219 1217 1217 1219 1219 1220 1220 1221 1221 1222 1222 1223 1223 1224 1224 1225 1225 1226 1226 1226 1226 1225 1225 1227 1227 1226 1226 1227 1227 1228 1228 1228 1228 1229 1229 1226 1226 1226 1226 1229 1229 1230 1230 1226 1226 1230 1230 1231 1231 1231 1231 1230 1230 1232 1232 1233 1233 1234 1234 1235 1235 1235 1235 1234 1234 1236 1236 1237 1237 1238 1238 1239 1239 1239 1239 1238 1238 1240 1240 1241 1241 1242 1242 1243 1243 1243 1243 1242 1242 1244 1244 1245 1245 1246 1246 1222 1222 1222 1222 1246 1246 1247 1247 1222 1222 1247 1247 1223 1223 1248 1248 1249 1249 1250 1250 1250 1250 1225 1225 1248 1248 1248 1248 1225 1225 1224 1224 1251 1251 1252 1252 1253 1253 1253 1253 1252 1252 1254 1254 1255 1255 1256 1256 1257 1257 1257 1257 1256 1256 1258 1258 1259 1259 1260 1260 1261 1261 1261 1261 1260 1260 1262 1262 1263 1263 1264 1264 1265 1265 1265 1265 1264 1264 1266 1266 1267 1267 1268 1268 1269 1269 1269 1269 1268 1268 1270 1270 1219 1219 1221 1221 1220 1220 1220 1220 1221 1221 1223 1223 1271 1271 1272 1272 1273 1273 1273 1273 1274 1274 1275 1275 1275 1275 1274 1274 1276 1276 1275 1275 1276 1276 1277 1277 1278 1278 1279 1279 1280 1280 1280 1280 1279 1279 1281 1281 1280 1280 1281 1281 1282 1282 1283 1283 1284 1284 1285 1285 1285 1285 1284 1284 1286 1286 1285 1285 1286 1286 1287 1287 1287 1287 1288 1288 1285 1285 1289 1289 1288 1288 1290 1290 1289 1289 1290 1290 1291 1291 1291 1291 1290 1290 1292 1292 1293 1293 1294 1294 1295 1295 1295 1295 1294 1294 1296 1296 1297 1297 1298 1298 1299 1299 1299 1299 1298 1298 1300 1300 1301 1301 1302 1302 1303 1303 1303 1303 1302 1302 1304 1304 1305 1305 1306 1306 1272 1272 1272 1272 1306 1306 1307 1307 1272 1272 1307 1307 1273 1273 1308 1308 1309 1309 1310 1310 1310 1310 1284 1284 1308 1308 1308 1308 1284 1284 1283 1283 1311 1311 1312 1312 1313 1313 1313 1313 1312 1312 1314 1314 1315 1315 1316 1316 1317 1317 1317 1317 1316 1316 1318 1318 1319 1319 1320 1320 1321 1321 1321 1321 1320 1320 1322 1322 1323 1323 1324 1324 1325 1325 1325 1325 1324 1324 1326 1326 1327 1327 1328 1328 1280 1280 1280 1280 1328 1328 1275 1275 1280 1280 1275 1275 1278 1278 1278 1278 1275 1275 1277 1277 1329 1329 1330 1330 1331 1331 1329 1329 1332 1332 1330 1330 1330 1330 1332 1332 1333 1333 1330 1330 1333 1333 1334 1334 1335 1335 1336 1336 1337 1337 1338 1338 1339 1339 1340 1340 1340 1340 1341 1341 1342 1342 1342 1342 1341 1341 1343 1343 1342 1342 1343 1343 1344 1344 1345 1345 1346 1346 1347 1347 1347 1347 1346 1346 1348 1348 1347 1347 1348 1348 1349 1349 1334 1334 1350 1350 1330 1330 1330 1330 1350 1350 1351 1351 1330 1330 1352 1352 1353 1353 1353 1353 1352 1352 1354 1354 1355 1355 1356 1356 1357 1357 1357 1357 1356 1356 1358 1358 1359 1359 1360 1360 1361 1361 1361 1361 1360 1360 1362 1362 1363 1363 1364 1364 1365 1365 1365 1365 1364 1364 1366 1366 1367 1367 1368 1368 1339 1339 1339 1339 1368 1368 1369 1369 1339 1339 1369 1369 1340 1340 1337 1337 1329 1329 1335 1335 1335 1335 1329 1329 1331 1331 1370 1370 1371 1371 1372 1372 1372 1372 1371 1371 1373 1373 1374 1374 1375 1375 1376 1376 1376 1376 1375 1375 1377 1377 1378 1378 1379 1379 1380 1380 1380 1380 1379 1379 1381 1381 1382 1382 1383 1383 1384 1384 1384 1384 1383 1383 1385 1385 1386 1386 1387 1387 1347 1347 1347 1347 1387 1387 1342 1342 1347 1347 1342 1342 1345 1345 1345 1345 1342 1342 1344 1344 1388 1388 1389 1389 1390 1390 1391 1391 1392 1392 1393 1393 1391 1391 1393 1393 1394 1394 1395 1395 1396 1396 1397 1397 1395 1395 1397 1397 1398 1398 1399 1399 1400 1400 1401 1401 1399 1399 1401 1401 1402 1402 1403 1403 1404 1404 1405 1405 1403 1403 1405 1405 1406 1406 1407 1407 1408 1408 1409 1409 1407 1407 1409 1409 1410 1410 1411 1411 1412 1412 1413 1413 1411 1411 1413 1413 1414 1414 1415 1415 1416 1416 1417 1417 1415 1415 1417 1417 1418 1418 1419 1419 1420 1420 1421 1421 1419 1419 1421 1421 1422 1422 1423 1423 1424 1424 1425 1425 1423 1423 1425 1425 1426 1426 1427 1427 1428 1428 1429 1429 1427 1427 1429 1429 1430 1430 1431 1431 1432 1432 1433 1433 1431 1431 1433 1433 1434 1434 1435 1435 1436 1436 1437 1437 1435 1435 1437 1437 1438 1438 1388 1388 1439 1439 1389 1389 1440 1440 1441 1441 1442 1442 1442 1442 1441 1441 1443 1443 1443 1443 1444 1444 1442 1442 1442 1442 1444 1444 1445 1445 1442 1442 1445 1445 1446 1446 1447 1447 1448 1448 1449 1449 1447 1447 1449 1449 1450 1450 1450 1450 1449 1449 971 971 1450 1450 971 971 972 972 982 982 973 973 1451 1451 1452 1452 1450 1450 972 972 1440 1440 1442 1442 1453 1453 1453 1453 1442 1442 1454 1454 1453 1453 1454 1454 1455 1455 1455 1455 1454 1454 1456 1456 1457 1457 1458 1458 1459 1459 1459 1459 1458 1458 1456 1456 1459 1459 1456 1456 1460 1460 1460 1460 1456 1456 1454 1454 1461 1461 1462 1462 1457 1457 1457 1457 1462 1462 1463 1463 1457 1457 1463 1463 1458 1458 1457 1457 1464 1464 1461 1461 1461 1461 1464 1464 1465 1465 1461 1461 1465 1465 1466 1466 982 982 1451 1451 983 983 972 972 997 997 1452 1452 1452 1452 997 997 996 996 1452 1452 996 996 1467 1467 1467 1467 996 996 995 995 1467 1467 995 995 1468 1468 1468 1468 995 995 984 984 1468 1468 984 984 1469 1469 1469 1469 984 984 983 983 1469 1469 983 983 1470 1470 1470 1470 983 983 1451 1451 1451 1451 1471 1471 1472 1472 1472 1472 1471 1471 1473 1473 1472 1472 1473 1473 1469 1469 1469 1469 1473 1473 1474 1474 1469 1469 1474 1474 1468 1468 1468 1468 1474 1474 1475 1475 1468 1468 1475 1475 1467 1467 1467 1467 1475 1475 1476 1476 1467 1467 1476 1476 1477 1477 1477 1477 1476 1476 1478 1478 1477 1477 1478 1478 1450 1450 1450 1450 1478 1478 1447 1447 1479 1479 1480 1480 1481 1481 1481 1481 1480 1480 1464 1464 1481 1481 1464 1464 1482 1482 1482 1482 1464 1464 1457 1457 1482 1482 1457 1457 1483 1483 1483 1483 1457 1457 1459 1459 1483 1483 1459 1459 1484 1484 1484 1484 1459 1459 1460 1460 1484 1484 1460 1460 1485 1485 1485 1485 1460 1460 1454 1454 1485 1485 1454 1454 1446 1446 1446 1446 1454 1454 1442 1442 1486 1486 1487 1487 1466 1466 1466 1466 1480 1480 1486 1486 1486 1486 1480 1480 1479 1479 1486 1486 1479 1479 1488 1488 1489 1489 1471 1471 1451 1451 1489 1489 1451 1451 1490 1490 1491 1491 1451 1451 973 973 1491 1491 973 973 975 975 1492 1492 1491 1491 975 975 1487 1487 1486 1486 1493 1493 1493 1493 1486 1486 1494 1494 1493 1493 1494 1494 1495 1495 1495 1495 1494 1494 1496 1496 1497 1497 1498 1498 1499 1499 1499 1499 1498 1498 1496 1496 1499 1499 1496 1496 1500 1500 1500 1500 1496 1496 1494 1494 1501 1501 1502 1502 1497 1497 1497 1497 1502 1502 1503 1503 1497 1497 1503 1503 1498 1498 1497 1497 1504 1504 1501 1501 1501 1501 1504 1504 1505 1505 1501 1501 1505 1505 1506 1506 976 976 974 974 1507 1507 975 975 990 990 1492 1492 1492 1492 990 990 989 989 1492 1492 989 989 1508 1508 1508 1508 989 989 981 981 1508 1508 981 981 1509 1509 1509 1509 981 981 980 980 1509 1509 980 980 1510 1510 1510 1510 980 980 976 976 1510 1510 976 976 1511 1511 1511 1511 976 976 1507 1507 1512 1512 1513 1513 1514 1514 1514 1514 1513 1513 1515 1515 1514 1514 1515 1515 1516 1516 1516 1516 1515 1515 1517 1517 1516 1516 1517 1517 1518 1518 1518 1518 1517 1517 1519 1519 1518 1518 1519 1519 1520 1520 1520 1520 1519 1519 1521 1521 1520 1520 1521 1521 1522 1522 1522 1522 1521 1521 1523 1523 1522 1522 1523 1523 1490 1490 1490 1490 1523 1523 1489 1489 1524 1524 1505 1505 1525 1525 1525 1525 1505 1505 1504 1504 1525 1525 1504 1504 1526 1526 1526 1526 1504 1504 1497 1497 1526 1526 1497 1497 1527 1527 1527 1527 1497 1497 1499 1499 1527 1527 1499 1499 1528 1528 1528 1528 1499 1499 1500 1500 1528 1528 1500 1500 1529 1529 1529 1529 1500 1500 1494 1494 1529 1529 1494 1494 1488 1488 1488 1488 1494 1494 1486 1486 1530 1530 1531 1531 1506 1506 1506 1506 1505 1505 1532 1532 1532 1532 1505 1505 1524 1524 1532 1532 1524 1524 1533 1533 1534 1534 1513 1513 1512 1512 1534 1534 1512 1512 1535 1535 1535 1535 1507 1507 974 974 1535 1535 974 974 992 992 1536 1536 1535 1535 992 992 1531 1531 1530 1530 1537 1537 1537 1537 1530 1530 1538 1538 1537 1537 1538 1538 1539 1539 1539 1539 1538 1538 1540 1540 1541 1541 1542 1542 1543 1543 1543 1543 1542 1542 1540 1540 1543 1543 1540 1540 1544 1544 1544 1544 1540 1540 1538 1538 1545 1545 1546 1546 1541 1541 1541 1541 1546 1546 1547 1547 1541 1541 1547 1547 1542 1542 1541 1541 1548 1548 1545 1545 1545 1545 1548 1548 1549 1549 1545 1545 1549 1549 1550 1550 993 993 991 991 1551 1551 992 992 979 979 1536 1536 1552 1552 979 979 978 978 1552 1552 978 978 1553 1553 1553 1553 978 978 977 977 1553 1553 977 977 1554 1554 1554 1554 977 977 994 994 1554 1554 994 994 1555 1555 1555 1555 994 994 993 993 1555 1555 993 993 1556 1556 1556 1556 993 993 1551 1551 1551 1551 1557 1557 1558 1558 1558 1558 1557 1557 1559 1559 1558 1558 1559 1559 1560 1560 1560 1560 1559 1559 1561 1561 1560 1560 1561 1561 1562 1562 1562 1562 1561 1561 1563 1563 1562 1562 1563 1563 1564 1564 1564 1564 1563 1563 1565 1565 1564 1564 1565 1565 1536 1536 1536 1536 1565 1565 1566 1566 1536 1536 1566 1566 1535 1535 1535 1535 1566 1566 1534 1534 1567 1567 1549 1549 1568 1568 1568 1568 1549 1549 1548 1548 1568 1568 1548 1548 1569 1569 1569 1569 1548 1548 1541 1541 1569 1569 1541 1541 1570 1570 1570 1570 1541 1541 1543 1543 1570 1570 1543 1543 1571 1571 1571 1571 1543 1543 1544 1544 1571 1571 1544 1544 1572 1572 1572 1572 1544 1544 1538 1538 1572 1572 1538 1538 1533 1533 1533 1533 1538 1538 1532 1532 1573 1573 1574 1574 1550 1550 1550 1550 1549 1549 1573 1573 1573 1573 1549 1549 1567 1567 1573 1573 1567 1567 1575 1575 1576 1576 1557 1557 1551 1551 1576 1576 1551 1551 1577 1577 1577 1577 1551 1551 991 991 1578 1578 991 991 970 970 1444 1444 1443 1443 1579 1579 1580 1580 1578 1578 970 970 1574 1574 1573 1573 1581 1581 1581 1581 1573 1573 1582 1582 1581 1581 1582 1582 1583 1583 1583 1583 1582 1582 1584 1584 1583 1583 1584 1584 1585 1585 1585 1585 1584 1584 1586 1586 1585 1585 1586 1586 1587 1587 1587 1587 1586 1586 1588 1588 1587 1587 1588 1588 1589 1589 1589 1589 1588 1588 1590 1590 1590 1590 1588 1588 1579 1579 1590 1590 1579 1579 1591 1591 1591 1591 1579 1579 1443 1443 1591 1591 1443 1443 1441 1441 985 985 971 971 1449 1449 970 970 969 969 1580 1580 1580 1580 969 969 987 987 1580 1580 987 987 1592 1592 1592 1592 987 987 988 988 1592 1592 988 988 1593 1593 1593 1593 988 988 986 986 1593 1593 986 986 1594 1594 1594 1594 986 986 985 985 1594 1594 985 985 1595 1595 1595 1595 985 985 1449 1449 1449 1449 1448 1448 1596 1596 1596 1596 1448 1448 1597 1597 1596 1596 1597 1597 1598 1598 1598 1598 1597 1597 1599 1599 1598 1598 1599 1599 1600 1600 1600 1600 1599 1599 1601 1601 1600 1600 1601 1601 1602 1602 1602 1602 1601 1601 1603 1603 1602 1602 1603 1603 1604 1604 1604 1604 1603 1603 1605 1605 1604 1604 1605 1605 1577 1577 1577 1577 1605 1605 1576 1576 1445 1445 1444 1444 1606 1606 1606 1606 1444 1444 1579 1579 1606 1606 1579 1579 1607 1607 1607 1607 1579 1579 1588 1588 1607 1607 1588 1588 1608 1608 1608 1608 1588 1588 1586 1586 1608 1608 1586 1586 1609 1609 1609 1609 1586 1586 1584 1584 1609 1609 1584 1584 1610 1610 1610 1610 1584 1584 1582 1582 1610 1610 1582 1582 1575 1575 1575 1575 1582 1582 1573 1573 1611 1611 1612 1612 1613 1613 1613 1613 1614 1614 1611 1611 1615 1615 1616 1616 1617 1617 1611 1611 1617 1617 1618 1618 1619 1619 1620 1620 1621 1621 1619 1619 1621 1621 1622 1622 1622 1622 1623 1623 999 999 1622 1622 999 999 998 998 1612 1612 1611 1611 1624 1624 1625 1625 1626 1626 1624 1624 1624 1624 1626 1626 1627 1627 1624 1624 1627 1627 1612 1612 1628 1628 1629 1629 1630 1630 1630 1630 1629 1629 1625 1625 1630 1630 1625 1625 1631 1631 1631 1631 1625 1625 1624 1624 1632 1632 1633 1633 1628 1628 1628 1628 1633 1633 1634 1634 1628 1628 1634 1634 1629 1629 1628 1628 1635 1635 1632 1632 1632 1632 1635 1635 1636 1636 1632 1632 1636 1636 1637 1637 1016 1016 1015 1015 1638 1638 1638 1638 1639 1639 1016 1016 1016 1016 1639 1639 1640 1640 1016 1016 1640 1640 1017 1017 1017 1017 1640 1640 1641 1641 1017 1017 1641 1641 1007 1007 1007 1007 1641 1641 1642 1642 1007 1007 1642 1642 1008 1008 1008 1008 1642 1642 1643 1643 1008 1008 1643 1643 1009 1009 1009 1009 1643 1643 1622 1622 1009 1009 1622 1622 998 998 1611 1611 1618 1618 1624 1624 1624 1624 1618 1618 1644 1644 1624 1624 1644 1644 1631 1631 1631 1631 1644 1644 1645 1645 1631 1631 1645 1645 1630 1630 1630 1630 1645 1645 1646 1646 1630 1630 1646 1646 1628 1628 1628 1628 1646 1646 1647 1647 1628 1628 1647 1647 1635 1635 1635 1635 1647 1647 1648 1648 1635 1635 1648 1648 1636 1636 1636 1636 1648 1648 1649 1649 1619 1619 1622 1622 1650 1650 1650 1650 1622 1622 1651 1651 1650 1650 1651 1651 1652 1652 1652 1652 1651 1651 1653 1653 1652 1652 1653 1653 1654 1654 1654 1654 1653 1653 1655 1655 1654 1654 1655 1655 1656 1656 1656 1656 1655 1655 1657 1657 1656 1656 1657 1657 1658 1658 1658 1658 1657 1657 1659 1659 1658 1658 1659 1659 1660 1660 1660 1660 1659 1659 1638 1638 1661 1661 1662 1662 1637 1637 1638 1638 1015 1015 1001 1001 1001 1001 1663 1663 1638 1638 1638 1638 1663 1663 1664 1664 1638 1638 1664 1664 1660 1660 1649 1649 1665 1665 1666 1666 1649 1649 1666 1666 1636 1636 1636 1636 1661 1661 1637 1637 1661 1661 1667 1667 1662 1662 1662 1662 1667 1667 1668 1668 1668 1668 1667 1667 1669 1669 1669 1669 1667 1667 1670 1670 1669 1669 1670 1670 1671 1671 1671 1671 1670 1670 1672 1672 1671 1671 1672 1672 1673 1673 1673 1673 1672 1672 1674 1674 1673 1673 1674 1674 1675 1675 1675 1675 1674 1674 1676 1676 1676 1676 1674 1674 1677 1677 1676 1676 1678 1678 1679 1679 1679 1679 1678 1678 1680 1680 1679 1679 1680 1680 1681 1681 1003 1003 1002 1002 1682 1682 1682 1682 1683 1683 1003 1003 1003 1003 1683 1683 1684 1684 1003 1003 1684 1684 1013 1013 1013 1013 1684 1684 1685 1685 1013 1013 1685 1685 1014 1014 1014 1014 1685 1685 1686 1686 1014 1014 1686 1686 1021 1021 1021 1021 1686 1686 1687 1687 1021 1021 1687 1687 1022 1022 1022 1022 1687 1687 1663 1663 1022 1022 1663 1663 1001 1001 1666 1666 1665 1665 1667 1667 1667 1667 1665 1665 1688 1688 1667 1667 1688 1688 1670 1670 1670 1670 1688 1688 1689 1689 1670 1670 1689 1689 1672 1672 1672 1672 1689 1689 1690 1690 1672 1672 1690 1690 1674 1674 1674 1674 1690 1690 1691 1691 1674 1674 1691 1691 1677 1677 1677 1677 1691 1691 1692 1692 1677 1677 1692 1692 1680 1680 1680 1680 1692 1692 1693 1693 1664 1664 1663 1663 1694 1694 1694 1694 1663 1663 1695 1695 1694 1694 1695 1695 1696 1696 1696 1696 1695 1695 1697 1697 1696 1696 1697 1697 1698 1698 1698 1698 1697 1697 1699 1699 1698 1698 1699 1699 1700 1700 1700 1700 1699 1699 1701 1701 1700 1700 1701 1701 1702 1702 1702 1702 1701 1701 1703 1703 1702 1702 1703 1703 1704 1704 1704 1704 1703 1703 1682 1682 1705 1705 1706 1706 1681 1681 1681 1681 1680 1680 1705 1705 1705 1705 1680 1680 1693 1693 1705 1705 1693 1693 1707 1707 1708 1708 1704 1704 1682 1682 1708 1708 1682 1682 1709 1709 1710 1710 1682 1682 1002 1002 1710 1710 1002 1002 1004 1004 1706 1706 1705 1705 1711 1711 1712 1712 1713 1713 1711 1711 1711 1711 1713 1713 1714 1714 1711 1711 1714 1714 1706 1706 1715 1715 1716 1716 1717 1717 1717 1717 1716 1716 1712 1712 1717 1717 1712 1712 1718 1718 1718 1718 1712 1712 1711 1711 1719 1719 1720 1720 1715 1715 1715 1715 1720 1720 1721 1721 1715 1715 1721 1721 1716 1716 1715 1715 1722 1722 1719 1719 1719 1719 1722 1722 1723 1723 1719 1719 1723 1723 1724 1724 1005 1005 1000 1000 1725 1725 1726 1726 1727 1727 1005 1005 1005 1005 1727 1727 1728 1728 1005 1005 1728 1728 1019 1019 1019 1019 1728 1728 1729 1729 1019 1019 1729 1729 1020 1020 1020 1020 1729 1729 1730 1730 1020 1020 1730 1730 1018 1018 1018 1018 1730 1730 1731 1731 1018 1018 1731 1731 1006 1006 1006 1006 1731 1731 1710 1710 1006 1006 1710 1710 1004 1004 1705 1705 1707 1707 1711 1711 1711 1711 1707 1707 1732 1732 1711 1711 1732 1732 1718 1718 1718 1718 1732 1732 1733 1733 1718 1718 1733 1733 1717 1717 1717 1717 1733 1733 1734 1734 1717 1717 1734 1734 1715 1715 1715 1715 1734 1734 1735 1735 1715 1715 1735 1735 1722 1722 1722 1722 1735 1735 1736 1736 1722 1722 1736 1736 1723 1723 1723 1723 1736 1736 1737 1737 1708 1708 1709 1709 1738 1738 1738 1738 1709 1709 1739 1739 1738 1738 1739 1739 1740 1740 1740 1740 1739 1739 1741 1741 1740 1740 1741 1741 1742 1742 1742 1742 1741 1741 1743 1743 1742 1742 1743 1743 1744 1744 1744 1744 1743 1743 1745 1745 1744 1744 1745 1745 1746 1746 1746 1746 1745 1745 1747 1747 1746 1746 1747 1747 1748 1748 1748 1748 1747 1747 1749 1749 1750 1750 1751 1751 1724 1724 1725 1725 1000 1000 1012 1012 1724 1724 1723 1723 1750 1750 1750 1750 1723 1723 1737 1737 1750 1750 1737 1737 1752 1752 1753 1753 1748 1748 1749 1749 1753 1753 1749 1749 1754 1754 1755 1755 1725 1725 1012 1012 1751 1751 1750 1750 1756 1756 1757 1757 1758 1758 1756 1756 1756 1756 1758 1758 1759 1759 1756 1756 1759 1759 1751 1751 1760 1760 1761 1761 1762 1762 1762 1762 1761 1761 1757 1757 1762 1762 1757 1757 1763 1763 1763 1763 1757 1757 1756 1756 1764 1764 1765 1765 1760 1760 1760 1760 1765 1765 1766 1766 1760 1760 1766 1766 1761 1761 1760 1760 1767 1767 1764 1764 1764 1764 1767 1767 1614 1614 1764 1764 1614 1614 1613 1613 1010 1010 999 999 1623 1623 1623 1623 1768 1768 1010 1010 1010 1010 1768 1768 1769 1769 1010 1010 1769 1769 1023 1023 1023 1023 1769 1769 1770 1770 1023 1023 1770 1770 1024 1024 1024 1024 1770 1770 1771 1771 1024 1024 1771 1771 1025 1025 1025 1025 1771 1771 1772 1772 1025 1025 1772 1772 1011 1011 1011 1011 1772 1772 1755 1755 1011 1011 1755 1755 1012 1012 1750 1750 1752 1752 1756 1756 1756 1756 1752 1752 1773 1773 1756 1756 1773 1773 1763 1763 1763 1763 1773 1773 1774 1774 1763 1763 1774 1774 1762 1762 1762 1762 1774 1774 1775 1775 1762 1762 1775 1775 1760 1760 1760 1760 1775 1775 1776 1776 1760 1760 1776 1776 1767 1767 1767 1767 1776 1776 1777 1777 1767 1767 1777 1777 1616 1616 1616 1616 1777 1777 1617 1617 1753 1753 1754 1754 1778 1778 1778 1778 1754 1754 1779 1779 1778 1778 1779 1779 1780 1780 1780 1780 1779 1779 1781 1781 1780 1780 1781 1781 1782 1782 1782 1782 1781 1781 1783 1783 1782 1782 1783 1783 1784 1784 1784 1784 1783 1783 1785 1785 1784 1784 1785 1785 1786 1786 1786 1786 1785 1785 1787 1787 1786 1786 1787 1787 1620 1620 1620 1620 1787 1787 1621 1621 1788 1788 1789 1789 1790 1790 1790 1790 1789 1789 1791 1791 1790 1790 1791 1791 1792 1792 1793 1793 1794 1794 1790 1790 1790 1790 1794 1794 1795 1795 1790 1790 1795 1795 1788 1788 1796 1796 1797 1797 1790 1790 1790 1790 1797 1797 1798 1798 1790 1790 1798 1798 1793 1793 1792 1792 1799 1799 1790 1790 1790 1790 1799 1799 1800 1800 1790 1790 1800 1800 1796 1796 1801 1801 1802 1802 1803 1803 1803 1803 1802 1802 1804 1804 1803 1803 1804 1804 1805 1805 1806 1806 1807 1807 1803 1803 1803 1803 1807 1807 1808 1808 1803 1803 1808 1808 1801 1801 1809 1809 1810 1810 1803 1803 1803 1803 1810 1810 1811 1811 1803 1803 1811 1811 1806 1806 1805 1805 1812 1812 1803 1803 1803 1803 1812 1812 1813 1813 1803 1803 1813 1813 1809 1809 1814 1814 1815 1815 1816 1816 1816 1816 1815 1815 1817 1817 1816 1816 1817 1817 1818 1818 1819 1819 1820 1820 1816 1816 1816 1816 1820 1820 1821 1821 1816 1816 1821 1821 1814 1814 1822 1822 1823 1823 1816 1816 1816 1816 1823 1823 1824 1824 1816 1816 1824 1824 1819 1819 1818 1818 1825 1825 1816 1816 1816 1816 1825 1825 1826 1826 1816 1816 1826 1826 1822 1822 1827 1827 1828 1828 1829 1829 1829 1829 1828 1828 1830 1830 1829 1829 1830 1830 1831 1831 1831 1831 1830 1830 1832 1832 1831 1831 1832 1832 1833 1833 1833 1833 1832 1832 1834 1834 1833 1833 1834 1834 1835 1835 1835 1835 1834 1834 1836 1836 1835 1835 1836 1836 1837 1837 1837 1837 1836 1836 1838 1838 1837 1837 1838 1838 1839 1839 1839 1839 1838 1838 1840 1840 1839 1839 1840 1840 1841 1841 1841 1841 1840 1840 1842 1842 1841 1841 1842 1842 1843 1843 1843 1843 1842 1842 1844 1844 1843 1843 1844 1844 1845 1845 1845 1845 1844 1844 1846 1846 1845 1845 1846 1846 1847 1847 1847 1847 1846 1846 1848 1848 1847 1847 1848 1848 1849 1849 1849 1849 1848 1848 1850 1850 1849 1849 1850 1850 1827 1827 1827 1827 1850 1850 1828 1828 1851 1851 1852 1852 1853 1853 1853 1853 1852 1852 1854 1854 1853 1853 1854 1854 1855 1855 1855 1855 1854 1854 1856 1856 1855 1855 1856 1856 1857 1857 1857 1857 1856 1856 1858 1858 1857 1857 1858 1858 1859 1859 1859 1859 1858 1858 1860 1860 1859 1859 1860 1860 1861 1861 1861 1861 1860 1860 1862 1862 1861 1861 1862 1862 1863 1863 1863 1863 1862 1862 1864 1864 1863 1863 1864 1864 1865 1865 1865 1865 1864 1864 1866 1866 1865 1865 1866 1866 1867 1867 1867 1867 1866 1866 1868 1868 1867 1867 1868 1868 1869 1869 1869 1869 1868 1868 1870 1870 1869 1869 1870 1870 1871 1871 1871 1871 1870 1870 1872 1872 1871 1871 1872 1872 1873 1873 1873 1873 1872 1872 1874 1874 1873 1873 1874 1874 1851 1851 1851 1851 1874 1874 1852 1852 1875 1875 1876 1876 1877 1877 1877 1877 1876 1876 1878 1878 1877 1877 1878 1878 1879 1879 1879 1879 1878 1878 1880 1880 1879 1879 1880 1880 1881 1881 1881 1881 1880 1880 1882 1882 1881 1881 1882 1882 1883 1883 1883 1883 1882 1882 1884 1884 1883 1883 1884 1884 1885 1885 1885 1885 1884 1884 1886 1886 1885 1885 1886 1886 1887 1887 1887 1887 1886 1886 1888 1888 1887 1887 1888 1888 1889 1889 1889 1889 1888 1888 1890 1890 1889 1889 1890 1890 1891 1891 1891 1891 1890 1890 1892 1892 1891 1891 1892 1892 1893 1893 1893 1893 1892 1892 1894 1894 1893 1893 1894 1894 1895 1895 1895 1895 1894 1894 1896 1896 1895 1895 1896 1896 1897 1897 1897 1897 1896 1896 1898 1898 1897 1897 1898 1898 1875 1875 1875 1875 1898 1898 1876 1876 1899 1899 1900 1900 1901 1901 1899 1899 1902 1902 1900 1900 1900 1900 1902 1902 1903 1903 1900 1900 1903 1903 1904 1904 1903 1903 1905 1905 1904 1904 1904 1904 1905 1905 1906 1906 1904 1904 1906 1906 1907 1907 1906 1906 1908 1908 1907 1907 1907 1907 1908 1908 1909 1909 1907 1907 1909 1909 1910 1910 1909 1909 1911 1911 1910 1910 1910 1910 1911 1911 1912 1912 1910 1910 1912 1912 1913 1913 1912 1912 1914 1914 1913 1913 1913 1913 1914 1914 1915 1915 1913 1913 1915 1915 1916 1916 1915 1915 1917 1917 1916 1916 1916 1916 1917 1917 1918 1918 1916 1916 1918 1918 1919 1919 1918 1918 1920 1920 1919 1919 1919 1919 1920 1920 1921 1921 1919 1919 1921 1921 1922 1922 1921 1921 1923 1923 1922 1922 1922 1922 1923 1923 1924 1924 1922 1922 1924 1924 1925 1925 1924 1924 1926 1926 1925 1925 1925 1925 1926 1926 1927 1927 1925 1925 1927 1927 1928 1928 1927 1927 1929 1929 1928 1928 1928 1928 1929 1929 1930 1930 1928 1928 1930 1930 1931 1931 1930 1930 1932 1932 1931 1931 1931 1931 1932 1932 1933 1933 1931 1931 1933 1933 1934 1934 1933 1933 1935 1935 1934 1934 1934 1934 1935 1935 1936 1936 1934 1934 1936 1936 1937 1937 1936 1936 1938 1938 1937 1937 1937 1937 1938 1938 1939 1939 1937 1937 1939 1939 1940 1940 1939 1939 1941 1941 1940 1940 1940 1940 1941 1941 1942 1942 1940 1940 1942 1942 1943 1943 1942 1942 1944 1944 1943 1943 1943 1943 1944 1944 1945 1945 1943 1943 1945 1945 1946 1946 1945 1945 1947 1947 1946 1946 1946 1946 1947 1947 1948 1948 1946 1946 1948 1948 1949 1949 1950 1950 1951 1951 1952 1952 1952 1952 1951 1951 1949 1949 1952 1952 1949 1949 1953 1953 1953 1953 1949 1949 1948 1948 1950 1950 1954 1954 1951 1951 1951 1951 1954 1954 1955 1955 1951 1951 1955 1955 1956 1956 1955 1955 1957 1957 1958 1958 1958 1958 1957 1957 1959 1959 1958 1958 1959 1959 1960 1960 1901 1901 1959 1959 1961 1961 1901 1901 1961 1961 1899 1899 1962 1962 1963 1963 1964 1964 1964 1964 1963 1963 1965 1965 1964 1964 1965 1965 1966 1966 1967 1967 1968 1968 1964 1964 1964 1964 1968 1968 1969 1969 1964 1964 1969 1969 1962 1962 1970 1970 1971 1971 1964 1964 1964 1964 1971 1971 1972 1972 1964 1964 1972 1972 1967 1967 1966 1966 1973 1973 1964 1964 1964 1964 1973 1973 1974 1974 1964 1964 1974 1974 1970 1970 1975 1975 1976 1976 1977 1977 1977 1977 1976 1976 1978 1978 1977 1977 1978 1978 1979 1979 1979 1979 1978 1978 1980 1980 1979 1979 1980 1980 1981 1981 1981 1981 1980 1980 1982 1982 1981 1981 1982 1982 1983 1983 1983 1983 1982 1982 1984 1984 1983 1983 1984 1984 1985 1985 1985 1985 1984 1984 1986 1986 1985 1985 1986 1986 1987 1987 1987 1987 1986 1986 1988 1988 1987 1987 1988 1988 1989 1989 1989 1989 1988 1988 1990 1990 1989 1989 1990 1990 1991 1991 1991 1991 1990 1990 1992 1992 1991 1991 1992 1992 1993 1993 1993 1993 1992 1992 1994 1994 1993 1993 1994 1994 1995 1995 1995 1995 1994 1994 1996 1996 1995 1995 1996 1996 1997 1997 1997 1997 1996 1996 1998 1998 1997 1997 1998 1998 1975 1975 1975 1975 1998 1998 1976 1976 1999 1999 2000 2000 2001 2001 2001 2001 2000 2000 2002 2002 2001 2001 2002 2002 2003 2003 2003 2003 2002 2002 2004 2004 2003 2003 2004 2004 2005 2005 2005 2005 2004 2004 2006 2006 2005 2005 2006 2006 2007 2007 2007 2007 2006 2006 2008 2008 2007 2007 2008 2008 2009 2009 2009 2009 2008 2008 2010 2010 2009 2009 2010 2010 2011 2011 2011 2011 2010 2010 2012 2012 2011 2011 2012 2012 2013 2013 2013 2013 2012 2012 2014 2014 2013 2013 2014 2014 2015 2015 2015 2015 2014 2014 2016 2016 2015 2015 2016 2016 2017 2017 2017 2017 2016 2016 2018 2018 2017 2017 2018 2018 2019 2019 2019 2019 2018 2018 2020 2020 2019 2019 2020 2020 2021 2021 2021 2021 2020 2020 2022 2022 2021 2021 2022 2022 1999 1999 1999 1999 2022 2022 2000 2000 2023 2023 2024 2024 2025 2025 2025 2025 2024 2024 2026 2026 2025 2025 2026 2026 2027 2027 2027 2027 2026 2026 2028 2028 2027 2027 2028 2028 2029 2029 2029 2029 2028 2028 2030 2030 2029 2029 2030 2030 2031 2031 2031 2031 2030 2030 2032 2032 2031 2031 2032 2032 2033 2033 2033 2033 2032 2032 2034 2034 2033 2033 2034 2034 2035 2035 2035 2035 2034 2034 2036 2036 2035 2035 2036 2036 2037 2037 2037 2037 2036 2036 2038 2038 2037 2037 2038 2038 2039 2039 2039 2039 2038 2038 2040 2040 2039 2039 2040 2040 2041 2041 2041 2041 2040 2040 2042 2042 2041 2041 2042 2042 2043 2043 2043 2043 2042 2042 2044 2044 2043 2043 2044 2044 2045 2045 2045 2045 2044 2044 2046 2046 2045 2045 2046 2046 2023 2023 2023 2023 2046 2046 2024 2024 2047 2047 2048 2048 2049 2049 2049 2049 2048 2048 2050 2050 2049 2049 2050 2050 2051 2051 2052 2052 2053 2053 2049 2049 2049 2049 2053 2053 2054 2054 2049 2049 2054 2054 2047 2047 2055 2055 2056 2056 2049 2049 2049 2049 2056 2056 2057 2057 2049 2049 2057 2057 2052 2052 2051 2051 2058 2058 2049 2049 2049 2049 2058 2058 2059 2059 2049 2049 2059 2059 2055 2055 2060 2060 2061 2061 2062 2062 2062 2062 2061 2061 2063 2063 2062 2062 2063 2063 2064 2064 2065 2065 2066 2066 2062 2062 2062 2062 2066 2066 2067 2067 2062 2062 2067 2067 2060 2060 2068 2068 2069 2069 2062 2062 2062 2062 2069 2069 2070 2070 2062 2062 2070 2070 2065 2065 2064 2064 2071 2071 2062 2062 2062 2062 2071 2071 2072 2072 2062 2062 2072 2072 2068 2068 2073 2073 2074 2074 2075 2075 2075 2075 2074 2074 2076 2076 2075 2075 2076 2076 2077 2077 2078 2078 2079 2079 2075 2075 2075 2075 2079 2079 2080 2080 2075 2075 2080 2080 2073 2073 2081 2081 2082 2082 2075 2075 2075 2075 2082 2082 2083 2083 2075 2075 2083 2083 2078 2078 2077 2077 2084 2084 2075 2075 2075 2075 2084 2084 2085 2085 2075 2075 2085 2085 2081 2081 2086 2086 2087 2087 2088 2088 2088 2088 2087 2087 2089 2089 2088 2088 2089 2089 2090 2090 2090 2090 2089 2089 2091 2091 2090 2090 2091 2091 2092 2092 2092 2092 2091 2091 2093 2093 2092 2092 2093 2093 2094 2094 2093 2093 2095 2095 2094 2094 2094 2094 2095 2095 2096 2096 2094 2094 2096 2096 2097 2097 2097 2097 2096 2096 2098 2098 2097 2097 2098 2098 2099 2099 2099 2099 2098 2098 2100 2100 2099 2099 2100 2100 2101 2101 2102 2102 2103 2103 2104 2104 2104 2104 2103 2103 2105 2105 2104 2104 2105 2105 2086 2086 2086 2086 2105 2105 2106 2106 2086 2086 2106 2106 2087 2087 2100 2100 2107 2107 2101 2101 2101 2101 2107 2107 2108 2108 2101 2101 2108 2108 2109 2109 2109 2109 2108 2108 2110 2110 2109 2109 2110 2110 2111 2111 2111 2111 2110 2110 2112 2112 2111 2111 2112 2112 2113 2113 2113 2113 2112 2112 2114 2114 2113 2113 2114 2114 2102 2102 2102 2102 2114 2114 2115 2115 2102 2102 2115 2115 2103 2103 1441 1441 1440 1440 2116 2116 2116 2116 1440 1440 2117 2117 1466 1466 2118 2118 1461 1461 1461 1461 2118 2118 2119 2119 1461 1461 2119 2119 1462 1462 2117 2117 1440 1440 2120 2120 2120 2120 1440 1440 1453 1453 2120 2120 1453 1453 2121 2121 2121 2121 1453 1453 1455 1455 2121 2121 1455 1455 2122 2122 2122 2122 1455 1455 1456 1456 2123 2123 2124 2124 1458 1458 1458 1458 2124 2124 2125 2125 1458 1458 2125 2125 1456 1456 1456 1456 2125 2125 2126 2126 1456 1456 2126 2126 2122 2122 2119 2119 2127 2127 1462 1462 1462 1462 2127 2127 2128 2128 1462 1462 2128 2128 1463 1463 1463 1463 2128 2128 2129 2129 1463 1463 2129 2129 1458 1458 1458 1458 2129 2129 2130 2130 1458 1458 2130 2130 2123 2123 2131 2131 2118 2118 1466 1466 2131 2131 1466 1466 2132 2132 2132 2132 1466 1466 1487 1487 2132 2132 1487 1487 2133 2133 1501 1501 1506 1506 2134 2134 1495 1495 2135 2135 2136 2136 1495 1495 2136 2136 1493 1493 1493 1493 2136 2136 2133 2133 1493 1493 2133 2133 1487 1487 2135 2135 2137 2137 2138 2138 2138 2138 2137 2137 1496 1496 2138 2138 1496 1496 2139 2139 2139 2139 1496 1496 1498 1498 2139 2139 1498 1498 2140 2140 1503 1503 2141 2141 1498 1498 1498 1498 2141 2141 2142 2142 1498 1498 2142 2142 2140 2140 2134 2134 2143 2143 1501 1501 1501 1501 2143 2143 2144 2144 1501 1501 2144 2144 2145 2145 1502 1502 2144 2144 2146 2146 1502 1502 2146 2146 1503 1503 1503 1503 2146 2146 2147 2147 1503 1503 2147 2147 2141 2141 1506 1506 1531 1531 2134 2134 2134 2134 1531 1531 2148 2148 1550 1550 2149 2149 1545 1545 1545 1545 2149 2149 2150 2150 1545 1545 2150 2150 1546 1546 2148 2148 1531 1531 2151 2151 2151 2151 1531 1531 1537 1537 2151 2151 1537 1537 2152 2152 2152 2152 1537 1537 1539 1539 2152 2152 1539 1539 2153 2153 2153 2153 1539 1539 1540 1540 2154 2154 2155 2155 1542 1542 1542 1542 2155 2155 2156 2156 1542 1542 2156 2156 1540 1540 1540 1540 2156 2156 2157 2157 1540 1540 2157 2157 2153 2153 2150 2150 2158 2158 1546 1546 1546 1546 2158 2158 2159 2159 1546 1546 2159 2159 1547 1547 1547 1547 2159 2159 2160 2160 1547 1547 2160 2160 1542 1542 1542 1542 2160 2160 2161 2161 1542 1542 2161 2161 2154 2154 2162 2162 2149 2149 1550 1550 2162 2162 1550 1550 2163 2163 2163 2163 1550 1550 1574 1574 2163 2163 1574 1574 2164 2164 1583 1583 2165 2165 1581 1581 1581 1581 2165 2165 2164 2164 1581 1581 2164 2164 1574 1574 1587 1587 2166 2166 1585 1585 1585 1585 2166 2166 2167 2167 1585 1585 2167 2167 1583 1583 1583 1583 2167 2167 2168 2168 1583 1583 2168 2168 2165 2165 1589 1589 2169 2169 1587 1587 1587 1587 2169 2169 2170 2170 1587 1587 2170 2170 2166 2166 1441 1441 2116 2116 1591 1591 1591 1591 2116 2116 2171 2171 1591 1591 2171 2171 1590 1590 1590 1590 2171 2171 2172 2172 1590 1590 2172 2172 1589 1589 1589 1589 2172 2172 2173 2173 1589 1589 2173 2173 2169 2169 2174 2174 1613 1613 2175 2175 2175 2175 1613 1613 1612 1612 2175 2175 1612 1612 2176 2176 2176 2176 1612 1612 1627 1627 2176 2176 1627 1627 2177 2177 1627 1627 1626 1626 2177 2177 2177 2177 1626 1626 1625 1625 2177 2177 1625 1625 2178 2178 2178 2178 1625 1625 1629 1629 1637 1637 2179 2179 1632 1632 1632 1632 2179 2179 2180 2180 1632 1632 2180 2180 2181 2181 2180 2180 2182 2182 2181 2181 1633 1633 2182 2182 2183 2183 1633 1633 2183 2183 1634 1634 1634 1634 2183 2183 2184 2184 1634 1634 2184 2184 1629 1629 1629 1629 2184 2184 2185 2185 1629 1629 2185 2185 2178 2178 2186 2186 2179 2179 1637 1637 2186 2186 1637 1637 2187 2187 2187 2187 1637 1637 1662 1662 2187 2187 1662 1662 2188 2188 1679 1679 1681 1681 2189 2189 1669 1669 2190 2190 2191 2191 1669 1669 2191 2191 1668 1668 1668 1668 2191 2191 2188 2188 1668 1668 2188 2188 1662 1662 2190 2190 1669 1669 2192 2192 2192 2192 1669 1669 1671 1671 2192 2192 1671 1671 2193 2193 2193 2193 1671 1671 1673 1673 2193 2193 1673 1673 2194 2194 1675 1675 2195 2195 1673 1673 1673 1673 2195 2195 2196 2196 1673 1673 2196 2196 2194 2194 2189 2189 2197 2197 1679 1679 1679 1679 2197 2197 2198 2198 1679 1679 2198 2198 1676 1676 1676 1676 2198 2198 2199 2199 1676 1676 2199 2199 1675 1675 1675 1675 2199 2199 2200 2200 1675 1675 2200 2200 2195 2195 2189 2189 1681 1681 2201 2201 2201 2201 1681 1681 1706 1706 1724 1724 2202 2202 1719 1719 1719 1719 2202 2202 2203 2203 1719 1719 2203 2203 1720 1720 2201 2201 1706 1706 2204 2204 2204 2204 1706 1706 1714 1714 2204 2204 1714 1714 2205 2205 2205 2205 1714 1714 1713 1713 2205 2205 1713 1713 2206 2206 2206 2206 1713 1713 1712 1712 2206 2206 1712 1712 2207 2207 2207 2207 1712 1712 1716 1716 2207 2207 1716 1716 2208 2208 2208 2208 1716 1716 1721 1721 2208 2208 1721 1721 2209 2209 2209 2209 1721 1721 1720 1720 2209 2209 1720 1720 2210 2210 2210 2210 1720 1720 2203 2203 2211 2211 2202 2202 1724 1724 2211 2211 1724 1724 2212 2212 2212 2212 1724 1724 1751 1751 2212 2212 1751 1751 2213 2213 1764 1764 1613 1613 2174 2174 1758 1758 2214 2214 2215 2215 1758 1758 2215 2215 1759 1759 1759 1759 2215 2215 2213 2213 1759 1759 2213 2213 1751 1751 2214 2214 2216 2216 2217 2217 2217 2217 2216 2216 1757 1757 2217 2217 1757 1757 2218 2218 2218 2218 1757 1757 1761 1761 2218 2218 1761 1761 2219 2219 1766 1766 2220 2220 1761 1761 1761 1761 2220 2220 2221 2221 1761 1761 2221 2221 2219 2219 2174 2174 2222 2222 1764 1764 1764 1764 2222 2222 2223 2223 1764 1764 2223 2223 1765 1765 1765 1765 2223 2223 2224 2224 1765 1765 2224 2224 1766 1766 1766 1766 2224 2224 2225 2225 1766 1766 2225 2225 2220 2220 2226 2226 2227 2227 2228 2228 2228 2228 2227 2227 2229 2229 2230 2230 2231 2231 2232 2232 2232 2232 2231 2231 2233 2233 2234 2234 2235 2235 2236 2236 2236 2236 2235 2235 2237 2237 2238 2238 2239 2239 2240 2240 2240 2240 2239 2239 2241 2241 2242 2242 2243 2243 2244 2244 2244 2244 2243 2243 2245 2245 2246 2246 2247 2247 2248 2248 2248 2248 2247 2247 2249 2249 2250 2250 2251 2251 2252 2252 2252 2252 2251 2251 2253 2253 2254 2254 2255 2255 2256 2256 2256 2256 2255 2255 2257 2257 2258 2258 2259 2259 2260 2260 2260 2260 2259 2259 2261 2261 2262 2262 2263 2263 2264 2264 2264 2264 2263 2263 2265 2265 2266 2266 2267 2267 2268 2268 2268 2268 2267 2267 2269 2269 2270 2270 2271 2271 2272 2272 2272 2272 2271 2271 2273 2273 2274 2274 2275 2275 2276 2276 2276 2276 2275 2275 2277 2277 2278 2278 2279 2279 2280 2280 2280 2280 2279 2279 2281 2281 2282 2282 2283 2283 2284 2284 2284 2284 2283 2283 2285 2285 2286 2286 2287 2287 2288 2288 2288 2288 2287 2287 2289 2289 2290 2290 2291 2291 2292 2292 2292 2292 2291 2291 2293 2293 2294 2294 2295 2295 2296 2296 2296 2296 2295 2295 2297 2297 2298 2298 2299 2299 2300 2300 2300 2300 2299 2299 2301 2301 2302 2302 2303 2303 2304 2304 2304 2304 2303 2303 2305 2305 2306 2306 2307 2307 2308 2308 2308 2308 2307 2307 2309 2309 2310 2310 2311 2311 2312 2312 2312 2312 2311 2311 2313 2313 2314 2314 2315 2315 2316 2316 2316 2316 2315 2315 2317 2317 2318 2318 2319 2319 2320 2320 2320 2320 2319 2319 2321 2321 2322 2322 2323 2323 2324 2324 2324 2324 2323 2323 2325 2325 2326 2326 2327 2327 2328 2328 2328 2328 2327 2327 2329 2329 2330 2330 2331 2331 2332 2332 2332 2332 2331 2331 2333 2333 2334 2334 2335 2335 2336 2336 2336 2336 2335 2335 2337 2337 2338 2338 2339 2339 2340 2340 2340 2340 2339 2339 2341 2341 2342 2342 2343 2343 2344 2344 2344 2344 2343 2343 2345 2345 2346 2346 2347 2347 2348 2348 2348 2348 2347 2347 2349 2349 2350 2350 2351 2351 2352 2352 2352 2352 2351 2351 2353 2353 2354 2354 2355 2355 2356 2356 2356 2356 2355 2355 2357 2357 2358 2358 2359 2359 2360 2360 2360 2360 2359 2359 2361 2361 2362 2362 2363 2363 2364 2364 2364 2364 2363 2363 2365 2365 2366 2366 2367 2367 2368 2368 2368 2368 2367 2367 2369 2369 2370 2370 2371 2371 2372 2372 2372 2372 2371 2371 2373 2373 2374 2374 2375 2375 2376 2376 2376 2376 2375 2375 2377 2377 2378 2378 2379 2379 2380 2380 2380 2380 2379 2379 2381 2381 2382 2382 2383 2383 2384 2384 2384 2384 2383 2383 2385 2385 2386 2386 2387 2387 2388 2388 2388 2388 2387 2387 2389 2389 2390 2390 2391 2391 2392 2392 2392 2392 2391 2391 2393 2393 2394 2394 2395 2395 2396 2396 2396 2396 2395 2395 2397 2397 2398 2398 2399 2399 2400 2400 2400 2400 2399 2399 2401 2401 2402 2402 2403 2403 2404 2404 2404 2404 2403 2403 2405 2405 2406 2406 2407 2407 2408 2408 2408 2408 2407 2407 2409 2409 2410 2410 2411 2411 2412 2412 2412 2412 2411 2411 2413 2413 2414 2414 2415 2415 2416 2416 2416 2416 2415 2415 2417 2417 2418 2418 2419 2419 2420 2420 2420 2420 2419 2419 2421 2421 2422 2422 2423 2423 2424 2424 2424 2424 2423 2423 2425 2425 2426 2426 2427 2427 2428 2428 2428 2428 2427 2427 2429 2429 2430 2430 2431 2431 2432 2432 2432 2432 2431 2431 2433 2433 2434 2434 2435 2435 2436 2436 2436 2436 2435 2435 2437 2437 2438 2438 2439 2439 2440 2440 2440 2440 2439 2439 2441 2441 2442 2442 2443 2443 2444 2444 2444 2444 2443 2443 2445 2445 2446 2446 2447 2447 2448 2448 2448 2448 2447 2447 2449 2449 2450 2450 2451 2451 2452 2452 2452 2452 2451 2451 2453 2453 2454 2454 2455 2455 2456 2456 2456 2456 2455 2455 2457 2457 2458 2458 2459 2459 2460 2460 2460 2460 2459 2459 2461 2461 2462 2462 2463 2463 2464 2464 2464 2464 2463 2463 2465 2465 2466 2466 2467 2467 2468 2468 2468 2468 2467 2467 2469 2469 2470 2470 2471 2471 2472 2472 2472 2472 2471 2471 2473 2473 2474 2474 2475 2475 2476 2476 2476 2476 2475 2475 2477 2477 2478 2478 2479 2479 2480 2480 2480 2480 2479 2479 2481 2481 2482 2482 2483 2483 2484 2484 2484 2484 2483 2483 2485 2485 2486 2486 2487 2487 2488 2488 2488 2488 2487 2487 2489 2489 2490 2490 2491 2491 2492 2492 2492 2492 2491 2491 2493 2493 2494 2494 2495 2495 2496 2496 2496 2496 2495 2495 2497 2497 2498 2498 2499 2499 2500 2500 2500 2500 2499 2499 2501 2501 2502 2502 2503 2503 2504 2504 2504 2504 2503 2503 2505 2505 2506 2506 2507 2507 2508 2508 2508 2508 2507 2507 2509 2509 2510 2510 2511 2511 2512 2512 2512 2512 2511 2511 2513 2513 2514 2514 2515 2515 2516 2516 2516 2516 2517 2517 2514 2514 2514 2514 2517 2517 2518 2518 2514 2514 2518 2518 2519 2519 2519 2519 2518 2518 2520 2520 2520 2520 2521 2521 2522 2522 2522 2522 2521 2521 2523 2523 2522 2522 2523 2523 2524 2524 2523 2523 2525 2525 2524 2524 2526 2526 2525 2525 2527 2527 2526 2526 2527 2527 2528 2528 2527 2527 2529 2529 2528 2528 2528 2528 2529 2529 2530 2530 2528 2528 2530 2530 2531 2531 2531 2531 2530 2530 2532 2532 2531 2531 2532 2532 2533 2533 2532 2532 2534 2534 2533 2533 2533 2533 2534 2534 2535 2535 2533 2533 2535 2535 2536 2536 2535 2535 2537 2537 2536 2536 2536 2536 2537 2537 2538 2538 2536 2536 2538 2538 2539 2539 2538 2538 2540 2540 2539 2539 2539 2539 2540 2540 2541 2541 2539 2539 2541 2541 2542 2542 2541 2541 2543 2543 2542 2542 2542 2542 2543 2543 2544 2544 2542 2542 2544 2544 2545 2545 2544 2544 2546 2546 2545 2545 2545 2545 2546 2546 2547 2547 2545 2545 2547 2547 2548 2548 2547 2547 2549 2549 2548 2548 2548 2548 2549 2549 2550 2550 2548 2548 2550 2550 2551 2551 2550 2550 2552 2552 2551 2551 2551 2551 2552 2552 2553 2553 2551 2551 2553 2553 2554 2554 2553 2553 2555 2555 2554 2554 2554 2554 2555 2555 2556 2556 2554 2554 2556 2556 2557 2557 2556 2556 2558 2558 2557 2557 2557 2557 2558 2558 2559 2559 2557 2557 2559 2559 2560 2560 2559 2559 2561 2561 2560 2560 2560 2560 2561 2561 2562 2562 2560 2560 2562 2562 2563 2563 2563 2563 2562 2562 2564 2564 2563 2563 2564 2564 2565 2565 2564 2564 2566 2566 2565 2565 2565 2565 2566 2566 2567 2567 2565 2565 2567 2567 2568 2568 2567 2567 2569 2569 2568 2568 2568 2568 2569 2569 2570 2570 2568 2568 2570 2570 2571 2571 2570 2570 2572 2572 2571 2571 2571 2571 2572 2572 2573 2573 2571 2571 2573 2573 2574 2574 2573 2573 2575 2575 2574 2574 2574 2574 2575 2575 2576 2576 2574 2574 2576 2576 2515 2515 2515 2515 2576 2576 2577 2577 2515 2515 2577 2577 2516 2516 2578 2578 2579 2579 2580 2580 2580 2580 2579 2579 2581 2581 2582 2582 2583 2583 2584 2584 2584 2584 2583 2583 2585 2585 2586 2586 2587 2587 2588 2588 2588 2588 2587 2587 2589 2589 2590 2590 2591 2591 2592 2592 2592 2592 2591 2591 2593 2593 2594 2594 2595 2595 2596 2596 2596 2596 2595 2595 2597 2597 2598 2598 2599 2599 2600 2600 2600 2600 2599 2599 2601 2601 2602 2602 2603 2603 2604 2604 2604 2604 2603 2603 2605 2605 2606 2606 2607 2607 2608 2608 2608 2608 2607 2607 2609 2609 2610 2610 2611 2611 2612 2612 2612 2612 2611 2611 2613 2613 2614 2614 2615 2615 2616 2616 2616 2616 2615 2615 2617 2617 2618 2618 2619 2619 2620 2620 2620 2620 2619 2619 2621 2621 2622 2622 2623 2623 2624 2624 2624 2624 2623 2623 2625 2625 2626 2626 2627 2627 2628 2628 2628 2628 2627 2627 2629 2629 2630 2630 2631 2631 2632 2632 2632 2632 2631 2631 2633 2633 2634 2634 2635 2635 2636 2636 2636 2636 2635 2635 2637 2637 2638 2638 2639 2639 2640 2640 2640 2640 2639 2639 2641 2641 2642 2642 2643 2643 2644 2644 2644 2644 2643 2643 2645 2645 2646 2646 2647 2647 2648 2648 2648 2648 2647 2647 2649 2649 2650 2650 2651 2651 2652 2652 2652 2652 2651 2651 2653 2653 2654 2654 2655 2655 2656 2656 2656 2656 2655 2655 2657 2657 2658 2658 2659 2659 2660 2660 2660 2660 2659 2659 2661 2661 2662 2662 2663 2663 2664 2664 2664 2664 2663 2663 2665 2665 2666 2666 2667 2667 2668 2668 2668 2668 2667 2667 2669 2669 2670 2670 2671 2671 2672 2672 2672 2672 2671 2671 2673 2673 2674 2674 2675 2675 2676 2676 2676 2676 2675 2675 2677 2677 2678 2678 2679 2679 2680 2680 2680 2680 2679 2679 2681 2681 2682 2682 2683 2683 2684 2684 2684 2684 2683 2683 2685 2685 2686 2686 2687 2687 2688 2688 2688 2688 2687 2687 2689 2689 2690 2690 2691 2691 2692 2692 2692 2692 2691 2691 2693 2693 2694 2694 2695 2695 2696 2696 2696 2696 2695 2695 2697 2697 2698 2698 2699 2699 2700 2700 2700 2700 2699 2699 2701 2701 2702 2702 2703 2703 2704 2704 2704 2704 2703 2703 2705 2705 2706 2706 2707 2707 2708 2708 2708 2708 2707 2707 2709 2709 2710 2710 2711 2711 2712 2712 2712 2712 2711 2711 2713 2713 2714 2714 2715 2715 2716 2716 2716 2716 2715 2715 2717 2717 2718 2718 2719 2719 2720 2720 2720 2720 2719 2719 2721 2721 2722 2722 2723 2723 2724 2724 2724 2724 2723 2723 2725 2725 2726 2726 2727 2727 2728 2728 2728 2728 2727 2727 2729 2729 2730 2730 2731 2731 2732 2732 2732 2732 2731 2731 2733 2733 2734 2734 2735 2735 2736 2736 2736 2736 2735 2735 2737 2737 2738 2738 2739 2739 2740 2740 2740 2740 2739 2739 2741 2741 2742 2742 2743 2743 2744 2744 2744 2744 2743 2743 2745 2745 2746 2746 2747 2747 2748 2748 2748 2748 2747 2747 2749 2749 2750 2750 2751 2751 2752 2752 2752 2752 2751 2751 2753 2753 2754 2754 2755 2755 2756 2756 2756 2756 2755 2755 2757 2757 2758 2758 2759 2759 2760 2760 2760 2760 2759 2759 2761 2761 2762 2762 2763 2763 2764 2764 2764 2764 2763 2763 2765 2765 2766 2766 2767 2767 2768 2768 2768 2768 2767 2767 2769 2769 2770 2770 2771 2771 2772 2772 2772 2772 2771 2771 2773 2773 2774 2774 2775 2775 2776 2776 2776 2776 2775 2775 2777 2777 2778 2778 2779 2779 2780 2780 2780 2780 2779 2779 2781 2781 2782 2782 2783 2783 2784 2784 2784 2784 2783 2783 2785 2785 2786 2786 2787 2787 2788 2788 2788 2788 2787 2787 2789 2789 2790 2790 2791 2791 2792 2792 2792 2792 2791 2791 2793 2793 2794 2794 2795 2795 2796 2796 2796 2796 2795 2795 2797 2797 2798 2798 2799 2799 2800 2800 2800 2800 2799 2799 2801 2801 2802 2802 2803 2803 2804 2804 2804 2804 2803 2803 2805 2805 2806 2806 2807 2807 2808 2808 2808 2808 2807 2807 2809 2809 2810 2810 2811 2811 2812 2812 2812 2812 2811 2811 2813 2813 2814 2814 2815 2815 2816 2816 2816 2816 2815 2815 2817 2817 2818 2818 2819 2819 2820 2820 2820 2820 2819 2819 2821 2821 2822 2822 2823 2823 2824 2824 2824 2824 2823 2823 2825 2825 2826 2826 2827 2827 2828 2828 2828 2828 2827 2827 2829 2829 2830 2830 2831 2831 2832 2832 2832 2832 2831 2831 2833 2833 2834 2834 2835 2835 2836 2836 2836 2836 2835 2835 2837 2837 2838 2838 2839 2839 2840 2840 2840 2840 2839 2839 2841 2841 2842 2842 2843 2843 2844 2844 2844 2844 2843 2843 2845 2845 2846 2846 2847 2847 2848 2848 2848 2848 2847 2847 2849 2849 2850 2850 2851 2851 2852 2852 2852 2852 2851 2851 2853 2853 2854 2854 2855 2855 2856 2856 2856 2856 2855 2855 2857 2857 2858 2858 2859 2859 2860 2860 2860 2860 2859 2859 2861 2861 2862 2862 2863 2863 2864 2864 2864 2864 2863 2863 2865 2865 2866 2866 2867 2867 2868 2868 2868 2868 2867 2867 2869 2869 2870 2870 2871 2871 2872 2872 2872 2872 2871 2871 2873 2873 2874 2874 2875 2875 2876 2876 2876 2876 2875 2875 2877 2877 2878 2878 2879 2879 2880 2880 2880 2880 2879 2879 2881 2881 2882 2882 2883 2883 2884 2884 2884 2884 2883 2883 2885 2885 2886 2886 2887 2887 2888 2888 2888 2888 2887 2887 2889 2889 2890 2890 2891 2891 2892 2892 2892 2892 2891 2891 2893 2893 2894 2894 2895 2895 2896 2896 2896 2896 2895 2895 2897 2897 2898 2898 2899 2899 2900 2900 2900 2900 2899 2899 2901 2901 2902 2902 2903 2903 2904 2904 2904 2904 2903 2903 2905 2905 2906 2906 2907 2907 2908 2908 2908 2908 2907 2907 2909 2909 2910 2910 2911 2911 2912 2912 2912 2912 2911 2911 2913 2913 2914 2914 2915 2915 2916 2916 2917 2917 2918 2918 2919 2919 2919 2919 2918 2918 2920 2920 2919 2919 2920 2920 2921 2921 2921 2921 2920 2920 2922 2922 2923 2923 2924 2924 2925 2925 2925 2925 2924 2924 2926 2926 2925 2925 2926 2926 2920 2920 2920 2920 2926 2926 2927 2927 2920 2920 2927 2927 2922 2922 2923 2923 2925 2925 2928 2928 2928 2928 2925 2925 2929 2929 2928 2928 2929 2929 2930 2930 2931 2931 2932 2932 2933 2933 2933 2933 2932 2932 2934 2934 2933 2933 2934 2934 2929 2929 2929 2929 2934 2934 2935 2935 2929 2929 2935 2935 2930 2930 2931 2931 2933 2933 2936 2936 2936 2936 2933 2933 2937 2937 2936 2936 2938 2938 2939 2939 2939 2939 2938 2938 2940 2940 2941 2941 2942 2942 2943 2943 2940 2940 2944 2944 2945 2945 2946 2946 2947 2947 2948 2948 2948 2948 2947 2947 2949 2949 2950 2950 2951 2951 2952 2952 2953 2953 2949 2949 2954 2954 2953 2953 2954 2954 2945 2945 2946 2946 2948 2948 2955 2955 2955 2955 2948 2948 2956 2956 2955 2955 2956 2956 2957 2957 2957 2957 2956 2956 2958 2958 2958 2958 2956 2956 2959 2959 2958 2958 2959 2959 2960 2960 2915 2915 2961 2961 2916 2916 2916 2916 2961 2961 2962 2962 2916 2916 2962 2962 2959 2959 2959 2959 2962 2962 2963 2963 2959 2959 2963 2963 2960 2960 2914 2914 2916 2916 2964 2964 2964 2964 2916 2916 2965 2965 2964 2964 2965 2965 2966 2966 2967 2967 2968 2968 2969 2969 2967 2967 2969 2969 2965 2965 2965 2965 2969 2969 2970 2970 2965 2965 2970 2970 2966 2966 2971 2971 2972 2972 2973 2973 2973 2973 2972 2972 2974 2974 2973 2973 2974 2974 2967 2967 2967 2967 2974 2974 2975 2975 2967 2967 2975 2975 2968 2968 2971 2971 2976 2976 2977 2977 2977 2977 2976 2976 2978 2978 2977 2977 2979 2979 2980 2980 2980 2980 2979 2979 2981 2981 2982 2982 2983 2983 2984 2984 2981 2981 2985 2985 2986 2986 2987 2987 2988 2988 2985 2985 2985 2985 2988 2988 2989 2989 2985 2985 2989 2989 2986 2986 2917 2917 2990 2990 2918 2918 2918 2918 2990 2990 2991 2991 2918 2918 2991 2991 2987 2987 2987 2987 2991 2991 2992 2992 2987 2987 2992 2992 2988 2988 2993 2993 2994 2994 2995 2995 2995 2995 2994 2994 2996 2996 2995 2995 2996 2996 2997 2997 2997 2997 2996 2996 2998 2998 2997 2997 2998 2998 2999 2999 2999 2999 2998 2998 3000 3000 2999 2999 3000 3000 2117 2117 2117 2117 3000 3000 2116 2116 2123 2123 2130 2130 3001 3001 2128 2128 2127 2127 3002 3002 2119 2119 2118 2118 3003 3003 3004 3004 3005 3005 3006 3006 3007 3007 3008 3008 3009 3009 3010 3010 3011 3011 3012 3012 3013 3013 3011 3011 3014 3014 2127 2127 2119 2119 3015 3015 3015 3015 2119 2119 3016 3016 3002 3002 3017 3017 3018 3018 3018 3018 3017 3017 3019 3019 3020 3020 3021 3021 3006 3006 3006 3006 3021 3021 3022 3022 3006 3006 3013 3013 3004 3004 3004 3004 3013 3013 3014 3014 2129 2129 2128 2128 3023 3023 3023 3023 2128 2128 3002 3002 3023 3023 3002 3002 3024 3024 3024 3024 3002 3002 3018 3018 3025 3025 3020 3020 3026 3026 3026 3026 3020 3020 3006 3006 3026 3026 3006 3006 3027 3027 3027 3027 3006 3006 3005 3005 2130 2130 2129 2129 3001 3001 3001 3001 2129 2129 3023 3023 3001 3001 3023 3023 3028 3028 3028 3028 3023 3023 3025 3025 3028 3028 3025 3025 3029 3029 3029 3029 3025 3025 3026 3026 3029 3029 3026 3026 3030 3030 3030 3030 3026 3026 3027 3027 2124 2124 2123 2123 3031 3031 3031 3031 2123 2123 3001 3001 3031 3031 3001 3001 3032 3032 3032 3032 3001 3001 3028 3028 3032 3032 3028 3028 3033 3033 3033 3033 3028 3028 3029 3029 3033 3033 3029 3029 3034 3034 3034 3034 3029 3029 3030 3030 3034 3034 3007 3007 3033 3033 3033 3033 3007 3007 3009 3009 3033 3033 3009 3009 3032 3032 3032 3032 3009 3009 3035 3035 3032 3032 3035 3035 3031 3031 3031 3031 3035 3035 3036 3036 3031 3031 3036 3036 2124 2124 2122 2122 2126 2126 3036 3036 3036 3036 2126 2126 2125 2125 3036 3036 2125 2125 2124 2124 2121 2121 2122 2122 3037 3037 3037 3037 2122 2122 3036 3036 3037 3037 3036 3036 3038 3038 3038 3038 3036 3036 3035 3035 3038 3038 3035 3035 3039 3039 3039 3039 3035 3035 3009 3009 3039 3039 3009 3009 3040 3040 3040 3040 3009 3009 3008 3008 2120 2120 2121 2121 3041 3041 3041 3041 2121 2121 3037 3037 3041 3041 3037 3037 3042 3042 3042 3042 3037 3037 3038 3038 3042 3042 3038 3038 3043 3043 3043 3043 3038 3038 3039 3039 3043 3043 3039 3039 3044 3044 3044 3044 3039 3039 3040 3040 2117 2117 2120 2120 2999 2999 2999 2999 2120 2120 3041 3041 2999 2999 3041 3041 2997 2997 2997 2997 3041 3041 3042 3042 2997 2997 3042 3042 2995 2995 2995 2995 3042 3042 3043 3043 2995 2995 3043 3043 2993 2993 2993 2993 3043 3043 3044 3044 3045 3045 2132 2132 2133 2133 3003 3003 2118 2118 2131 2131 2131 2131 3046 3046 3003 3003 3017 3017 3047 3047 3048 3048 3017 3017 3048 3048 3019 3019 3021 3021 3049 3049 3050 3050 3021 3021 3050 3050 3022 3022 3010 3010 3012 3012 3051 3051 3051 3051 3012 3012 3052 3052 3051 3051 3053 3053 3054 3054 3054 3054 3053 3053 3055 3055 3056 3056 3057 3057 3058 3058 2133 2133 3059 3059 3045 3045 3060 3060 3059 3059 3061 3061 3060 3060 3061 3061 3062 3062 3063 3063 3064 3064 3065 3065 3063 3063 3065 3065 3066 3066 3067 3067 3056 3056 3058 3058 3058 3058 3055 3055 3067 3067 3067 3067 3055 3055 3053 3053 3066 3066 3050 3050 3063 3063 3063 3063 3050 3050 3049 3049 3062 3062 3048 3048 3060 3060 3060 3060 3048 3048 3047 3047 3045 3045 3046 3046 2132 2132 2132 2132 3046 3046 2131 2131 2134 2134 3068 3068 3069 3069 3057 3057 3056 3056 3070 3070 3070 3070 3056 3056 3071 3071 3070 3070 3071 3071 3072 3072 3072 3072 3071 3071 3073 3073 3072 3072 3073 3073 3074 3074 3074 3074 3073 3073 3075 3075 3074 3074 3075 3075 3076 3076 3076 3076 3075 3075 3077 3077 3077 3077 3075 3075 3078 3078 3077 3077 3078 3078 3079 3079 3079 3079 3078 3078 3080 3080 3079 3079 3080 3080 3081 3081 3081 3081 3080 3080 3082 3082 3081 3081 3082 3082 3083 3083 3083 3083 3082 3082 3084 3084 3083 3083 3084 3084 3085 3085 3085 3085 3084 3084 3086 3086 3086 3086 3084 3084 3087 3087 3086 3086 3087 3087 3088 3088 3061 3061 3059 3059 3089 3089 3065 3065 3064 3064 3090 3090 2138 2138 3091 3091 2135 2135 2135 2135 3091 3091 3089 3089 2135 2135 3089 3089 2136 2136 2136 2136 3089 3089 3059 3059 2136 2136 3059 3059 2133 2133 2139 2139 3092 3092 2138 2138 2138 2138 3092 3092 3093 3093 2138 2138 3093 3093 3091 3091 2139 2139 2140 2140 3092 3092 3092 3092 2140 2140 2142 2142 3092 3092 2142 2142 3094 3094 3094 3094 2142 2142 2141 2141 3094 3094 2141 2141 3095 3095 3095 3095 2141 2141 2147 2147 2147 2147 2146 2146 3095 3095 3095 3095 2146 2146 2144 2144 3095 3095 2144 2144 3069 3069 3069 3069 2144 2144 2143 2143 3069 3069 2143 2143 2134 2134 3061 3061 3089 3089 3096 3096 3096 3096 3089 3089 3091 3091 3090 3090 3091 3091 3097 3097 3097 3097 3091 3091 3093 3093 3097 3097 3093 3093 3098 3098 3098 3098 3093 3093 3092 3092 3098 3098 3092 3092 3099 3099 3099 3099 3092 3092 3094 3094 3099 3099 3094 3094 3100 3100 3100 3100 3094 3094 3095 3095 3100 3100 3095 3095 3101 3101 3101 3101 3095 3095 3069 3069 3101 3101 3069 3069 3102 3102 3102 3102 3069 3069 3068 3068 3102 3102 3068 3068 3103 3103 3065 3065 3090 3090 3071 3071 3071 3071 3090 3090 3097 3097 3071 3071 3097 3097 3073 3073 3073 3073 3097 3097 3098 3098 3073 3073 3098 3098 3075 3075 3075 3075 3098 3098 3099 3099 3075 3075 3099 3099 3078 3078 3078 3078 3099 3099 3100 3100 3078 3078 3100 3100 3080 3080 3080 3080 3100 3100 3101 3101 3080 3080 3101 3101 3082 3082 3082 3082 3101 3101 3102 3102 3082 3082 3102 3102 3084 3084 3084 3084 3102 3102 3103 3103 3084 3084 3103 3103 3087 3087 2134 2134 2148 2148 3068 3068 3068 3068 2148 2148 3104 3104 3068 3068 3104 3104 3103 3103 3103 3103 3104 3104 3105 3105 3103 3103 3105 3105 3087 3087 3087 3087 3105 3105 3106 3106 3087 3087 3106 3106 3088 3088 3088 3088 3106 3106 3107 3107 2154 2154 2161 2161 3108 3108 2159 2159 2158 2158 3109 3109 2150 2150 2149 2149 3110 3110 3111 3111 3112 3112 3113 3113 3114 3114 3115 3115 3116 3116 3117 3117 3118 3118 3119 3119 2158 2158 2150 2150 3120 3120 3120 3120 2150 2150 3121 3121 3109 3109 3122 3122 3123 3123 3123 3123 3122 3122 3124 3124 3125 3125 3126 3126 3113 3113 3113 3113 3126 3126 3127 3127 3113 3113 3117 3117 3111 3111 3111 3111 3117 3117 3119 3119 2160 2160 2159 2159 3128 3128 3128 3128 2159 2159 3109 3109 3128 3128 3109 3109 3129 3129 3129 3129 3109 3109 3123 3123 3130 3130 3125 3125 3131 3131 3131 3131 3125 3125 3113 3113 3131 3131 3113 3113 3132 3132 3132 3132 3113 3113 3112 3112 2161 2161 2160 2160 3108 3108 3108 3108 2160 2160 3128 3128 3108 3108 3128 3128 3133 3133 3133 3133 3128 3128 3130 3130 3133 3133 3130 3130 3134 3134 3134 3134 3130 3130 3131 3131 3134 3134 3131 3131 3135 3135 3135 3135 3131 3131 3132 3132 2155 2155 2154 2154 3136 3136 3136 3136 2154 2154 3108 3108 3136 3136 3108 3108 3137 3137 3137 3137 3108 3108 3133 3133 3137 3137 3133 3133 3138 3138 3138 3138 3133 3133 3134 3134 3138 3138 3134 3134 3139 3139 3139 3139 3134 3134 3135 3135 3139 3139 3114 3114 3138 3138 3138 3138 3114 3114 3116 3116 3138 3138 3116 3116 3137 3137 3137 3137 3116 3116 3140 3140 3137 3137 3140 3140 3136 3136 3136 3136 3140 3140 3141 3141 3136 3136 3141 3141 2155 2155 2153 2153 2157 2157 3141 3141 3141 3141 2157 2157 2156 2156 3141 3141 2156 2156 2155 2155 2152 2152 2153 2153 3142 3142 3142 3142 2153 2153 3141 3141 3142 3142 3141 3141 3143 3143 3143 3143 3141 3141 3140 3140 3143 3143 3140 3140 3144 3144 3144 3144 3140 3140 3116 3116 3144 3144 3116 3116 3145 3145 3145 3145 3116 3116 3115 3115 2151 2151 2152 2152 3146 3146 3146 3146 2152 2152 3142 3142 3146 3146 3142 3142 3147 3147 3147 3147 3142 3142 3143 3143 3147 3147 3143 3143 3148 3148 3148 3148 3143 3143 3144 3144 3148 3148 3144 3144 3149 3149 3149 3149 3144 3144 3145 3145 2148 2148 2151 2151 3104 3104 3104 3104 2151 2151 3146 3146 3104 3104 3146 3146 3105 3105 3105 3105 3146 3146 3147 3147 3105 3105 3147 3147 3106 3106 3106 3106 3147 3147 3148 3148 3106 3106 3148 3148 3107 3107 3107 3107 3148 3148 3149 3149 3150 3150 3151 3151 3152 3152 3153 3153 3154 3154 3155 3155 3155 3155 3154 3154 3156 3156 3155 3155 3156 3156 3118 3118 3150 3150 3152 3152 3157 3157 3158 3158 3159 3159 3160 3160 3158 3158 3160 3160 3161 3161 3161 3161 3162 3162 2163 2163 3161 3161 2163 2163 2164 2164 3110 3110 2149 2149 2162 2162 3118 3118 3127 3127 3155 3155 3155 3155 3127 3127 3126 3126 3155 3155 3126 3126 3163 3163 3164 3164 3124 3124 3122 3122 3164 3164 3122 3122 3165 3165 3166 3166 3110 3110 2162 2162 2162 2162 2163 2163 3166 3166 3166 3166 2163 2163 3162 3162 3165 3165 3160 3160 3164 3164 3164 3164 3160 3160 3159 3159 3163 3163 3152 3152 3155 3155 3155 3155 3152 3152 3151 3151 3155 3155 3151 3151 3153 3153 3153 3153 3151 3151 3150 3150 3153 3153 3167 3167 3168 3168 3169 3169 3170 3170 3171 3171 3171 3171 3170 3170 3172 3172 3171 3171 3172 3172 3173 3173 3173 3173 3172 3172 3174 3174 3173 3173 3174 3174 3175 3175 3175 3175 3174 3174 3176 3176 3175 3175 3176 3176 3177 3177 3178 3178 3179 3179 3167 3167 3167 3167 3179 3179 3180 3180 3167 3167 3180 3180 3168 3168 3181 3181 3182 3182 3183 3183 3183 3183 3182 3182 3184 3184 3183 3183 3184 3184 3178 3178 3178 3178 3184 3184 3185 3185 3178 3178 3185 3185 3179 3179 3176 3176 3186 3186 3177 3177 3177 3177 3186 3186 3187 3187 3177 3177 3187 3187 3181 3181 3181 3181 3187 3187 3188 3188 3181 3181 3188 3188 3182 3182 2994 2994 3169 3169 2996 2996 2996 2996 3169 3169 3171 3171 2996 2996 3171 3171 2998 2998 3000 3000 2998 2998 3189 3189 2169 2169 2173 2173 3190 3190 3190 3190 2173 2173 2172 2172 3190 3190 2172 2172 3191 3191 3191 3191 2172 2172 2171 2171 3191 3191 2171 2171 3192 3192 3192 3192 2171 2171 2116 2116 3192 3192 2116 2116 3000 3000 2998 2998 3171 3171 3189 3189 3189 3189 3171 3171 3173 3173 3189 3189 3173 3173 3193 3193 3193 3193 3173 3173 3175 3175 3193 3193 3175 3175 3194 3194 3194 3194 3175 3175 3177 3177 3194 3194 3177 3177 3195 3195 3195 3195 3177 3177 3181 3181 3195 3195 3181 3181 3196 3196 3196 3196 3181 3181 3183 3183 3196 3196 3183 3183 3197 3197 3197 3197 3183 3183 3178 3178 3197 3197 3178 3178 3198 3198 3199 3199 3178 3178 3150 3150 3199 3199 3150 3150 3157 3157 3000 3000 3189 3189 3192 3192 3192 3192 3189 3189 3193 3193 3192 3192 3193 3193 3191 3191 3191 3191 3193 3193 3194 3194 3191 3191 3194 3194 3190 3190 3190 3190 3194 3194 3195 3195 3190 3190 3195 3195 3200 3200 3200 3200 3195 3195 3196 3196 3200 3200 3196 3196 3201 3201 3201 3201 3196 3196 3197 3197 3201 3201 3197 3197 3202 3202 3202 3202 3197 3197 3198 3198 3202 3202 3198 3198 3203 3203 3203 3203 3198 3198 3158 3158 3203 3203 3158 3158 3161 3161 2169 2169 3190 3190 2170 2170 2170 2170 3190 3190 3200 3200 2170 2170 3200 3200 2166 2166 2166 2166 3200 3200 3201 3201 2166 2166 3201 3201 2167 2167 2167 2167 3201 3201 3202 3202 2167 2167 3202 3202 2168 2168 2168 2168 3202 3202 3203 3203 2168 2168 3203 3203 2165 2165 2165 2165 3203 3203 3161 3161 2165 2165 3161 3161 2164 2164 3204 3204 3205 3205 3206 3206 3206 3206 3205 3205 3207 3207 3206 3206 3207 3207 3208 3208 3208 3208 3207 3207 3209 3209 3208 3208 3209 3209 3210 3210 3210 3210 3209 3209 3211 3211 3210 3210 3211 3211 2175 2175 2175 2175 3211 3211 2174 2174 3212 3212 3213 3213 3214 3214 3214 3214 3213 3213 3215 3215 3214 3214 3215 3215 3216 3216 3212 3212 3214 3214 3217 3217 3217 3217 3214 3214 3218 3218 3217 3217 3218 3218 3219 3219 3220 3220 3221 3221 3222 3222 3222 3222 3221 3221 3223 3223 3222 3222 3223 3223 3224 3224 3224 3224 3223 3223 3204 3204 3224 3224 3204 3204 3206 3206 3215 3215 3225 3225 3216 3216 3216 3216 3225 3225 3226 3226 3216 3216 3226 3226 3227 3227 3227 3227 3226 3226 3228 3228 3227 3227 3228 3228 3229 3229 3229 3229 3228 3228 3230 3230 3229 3229 3230 3230 3220 3220 3220 3220 3230 3230 3231 3231 3220 3220 3231 3231 3221 3221 3208 3208 3210 3210 3232 3232 3206 3206 3208 3208 3233 3233 2179 2179 3234 3234 2180 2180 2180 2180 3235 3235 3236 3236 2180 2180 3236 3236 2182 2182 2182 2182 3236 3236 3237 3237 2182 2182 3237 3237 2183 2183 2183 2183 3237 3237 3238 3238 2183 2183 3238 3238 2184 2184 2184 2184 3238 3238 3239 3239 2184 2184 3239 3239 2185 2185 2185 2185 3239 3239 3240 3240 2185 2185 3240 3240 2178 2178 2178 2178 3240 3240 3241 3241 2178 2178 3241 3241 2177 2177 2177 2177 3241 3241 3232 3232 2177 2177 3232 3232 2176 2176 2176 2176 3232 3232 3210 3210 2176 2176 3210 3210 2175 2175 3208 3208 3232 3232 3233 3233 3233 3233 3232 3232 3241 3241 3233 3233 3241 3241 3242 3242 3242 3242 3241 3241 3240 3240 3242 3242 3240 3240 3243 3243 3243 3243 3240 3240 3239 3239 3243 3243 3239 3239 3244 3244 3244 3244 3239 3239 3238 3238 3244 3244 3238 3238 3245 3245 3245 3245 3238 3238 3246 3246 3245 3245 3246 3246 3247 3247 3247 3247 3246 3246 3248 3248 3247 3247 3248 3248 3249 3249 3249 3249 3248 3248 3250 3250 3249 3249 3250 3250 3251 3251 3206 3206 3233 3233 3224 3224 3224 3224 3233 3233 3242 3242 3224 3224 3242 3242 3222 3222 3222 3222 3242 3242 3243 3243 3222 3222 3243 3243 3220 3220 3220 3220 3243 3243 3244 3244 3220 3220 3244 3244 3229 3229 3229 3229 3244 3244 3245 3245 3229 3229 3245 3245 3227 3227 3227 3227 3245 3245 3247 3247 3227 3227 3247 3247 3252 3252 3252 3252 3247 3247 3253 3253 3252 3252 3253 3253 3254 3254 3254 3254 3253 3253 3255 3255 3254 3254 3255 3255 3218 3218 3256 3256 3257 3257 3258 3258 3259 3259 2187 2187 2188 2188 3234 3234 2179 2179 2186 2186 2186 2186 3260 3260 3234 3234 3250 3250 3261 3261 3262 3262 3250 3250 3262 3262 3251 3251 3255 3255 3263 3263 3258 3258 3255 3255 3258 3258 3218 3218 3218 3218 3258 3258 3257 3257 3218 3218 3257 3257 3219 3219 3264 3264 3265 3265 3266 3266 2188 2188 3267 3267 3259 3259 3268 3268 3267 3267 3269 3269 3268 3268 3269 3269 3270 3270 3271 3271 3272 3272 3264 3264 3273 3273 3264 3264 3274 3274 3274 3274 3264 3264 3266 3266 3266 3266 3256 3256 3275 3275 3275 3275 3256 3256 3276 3276 3274 3274 3258 3258 3273 3273 3273 3273 3258 3258 3263 3263 3270 3270 3262 3262 3268 3268 3268 3268 3262 3262 3261 3261 3259 3259 3260 3260 2187 2187 2187 2187 3260 3260 2186 2186 2189 2189 3277 3277 3278 3278 3265 3265 3264 3264 3279 3279 3279 3279 3264 3264 3280 3280 3279 3279 3280 3280 3281 3281 3281 3281 3280 3280 3282 3282 3281 3281 3282 3282 3283 3283 3283 3283 3282 3282 3284 3284 3283 3283 3284 3284 3285 3285 3285 3285 3284 3284 3286 3286 3286 3286 3284 3284 3287 3287 3286 3286 3287 3287 3288 3288 3288 3288 3287 3287 3289 3289 3288 3288 3289 3289 3290 3290 3290 3290 3289 3289 3291 3291 3290 3290 3291 3291 3292 3292 3292 3292 3291 3291 3293 3293 3292 3292 3293 3293 3294 3294 3294 3294 3293 3293 3295 3295 3295 3295 3293 3293 3296 3296 3295 3295 3296 3296 3297 3297 3269 3269 3267 3267 3298 3298 3264 3264 3272 3272 3299 3299 2192 2192 3300 3300 2190 2190 2190 2190 3300 3300 3298 3298 2190 2190 3298 3298 2191 2191 2191 2191 3298 3298 3267 3267 2191 2191 3267 3267 2188 2188 2193 2193 3301 3301 2192 2192 2192 2192 3301 3301 3302 3302 2192 2192 3302 3302 3300 3300 2193 2193 2194 2194 3301 3301 3301 3301 2194 2194 2196 2196 3301 3301 2196 2196 3303 3303 3303 3303 2196 2196 2195 2195 3303 3303 2195 2195 3304 3304 3304 3304 2195 2195 2200 2200 2200 2200 2199 2199 3304 3304 3304 3304 2199 2199 2198 2198 3304 3304 2198 2198 3278 3278 3278 3278 2198 2198 2197 2197 3278 3278 2197 2197 2189 2189 3269 3269 3298 3298 3305 3305 3305 3305 3298 3298 3300 3300 3299 3299 3300 3300 3306 3306 3306 3306 3300 3300 3302 3302 3306 3306 3302 3302 3307 3307 3307 3307 3302 3302 3301 3301 3307 3307 3301 3301 3308 3308 3308 3308 3301 3301 3303 3303 3308 3308 3303 3303 3309 3309 3309 3309 3303 3303 3304 3304 3309 3309 3304 3304 3310 3310 3310 3310 3304 3304 3278 3278 3310 3310 3278 3278 3311 3311 3311 3311 3278 3278 3277 3277 3311 3311 3277 3277 3312 3312 3264 3264 3299 3299 3280 3280 3280 3280 3299 3299 3306 3306 3280 3280 3306 3306 3282 3282 3282 3282 3306 3306 3307 3307 3282 3282 3307 3307 3284 3284 3284 3284 3307 3307 3308 3308 3284 3284 3308 3308 3287 3287 3287 3287 3308 3308 3309 3309 3287 3287 3309 3309 3289 3289 3289 3289 3309 3309 3310 3310 3289 3289 3310 3310 3291 3291 3291 3291 3310 3310 3311 3311 3291 3291 3311 3311 3293 3293 3293 3293 3311 3311 3312 3312 3293 3293 3312 3312 3296 3296 2189 2189 2201 2201 3313 3313 3313 3313 2201 2201 3314 3314 3313 3313 3314 3314 3315 3315 3315 3315 3314 3314 3316 3316 3315 3315 3316 3316 3317 3317 3317 3317 3316 3316 3318 3318 3317 3317 3318 3318 3297 3297 3297 3297 3318 3318 3319 3319 3320 3320 3321 3321 3322 3322 3322 3322 3321 3321 3323 3323 3322 3322 3323 3323 3324 3324 3320 3320 3322 3322 3325 3325 3325 3325 3322 3322 3326 3326 3325 3325 3326 3326 3327 3327 3328 3328 3329 3329 3330 3330 3330 3330 3329 3329 3331 3331 3330 3330 3331 3331 3332 3332 3332 3332 3331 3331 3319 3319 3332 3332 3319 3319 3318 3318 3323 3323 3333 3333 3324 3324 3324 3324 3333 3333 3334 3334 3324 3324 3334 3334 3335 3335 3335 3335 3334 3334 3336 3336 3335 3335 3336 3336 3337 3337 3337 3337 3336 3336 3338 3338 3337 3337 3338 3338 3328 3328 3328 3328 3338 3338 3339 3339 3328 3328 3339 3339 3329 3329 3316 3316 3314 3314 3340 3340 3318 3318 3316 3316 3341 3341 2202 2202 3342 3342 2203 2203 2203 2203 3343 3343 3344 3344 2203 2203 3344 3344 2210 2210 2210 2210 3344 3344 3345 3345 2210 2210 3345 3345 2209 2209 2209 2209 3345 3345 3346 3346 2209 2209 3346 3346 2208 2208 2208 2208 3346 3346 3347 3347 2208 2208 3347 3347 2207 2207 2207 2207 3347 3347 3348 3348 2207 2207 3348 3348 2206 2206 2206 2206 3348 3348 3349 3349 2206 2206 3349 3349 2205 2205 2205 2205 3349 3349 3340 3340 2205 2205 3340 3340 2204 2204 2204 2204 3340 3340 3314 3314 2204 2204 3314 3314 2201 2201 3316 3316 3340 3340 3341 3341 3341 3341 3340 3340 3349 3349 3341 3341 3349 3349 3350 3350 3350 3350 3349 3349 3348 3348 3350 3350 3348 3348 3351 3351 3351 3351 3348 3348 3347 3347 3351 3351 3347 3347 3352 3352 3352 3352 3347 3347 3346 3346 3352 3352 3346 3346 3353 3353 3353 3353 3346 3346 3354 3354 3353 3353 3354 3354 3355 3355 3355 3355 3354 3354 3356 3356 3355 3355 3356 3356 3357 3357 3357 3357 3356 3356 3358 3358 3357 3357 3358 3358 3359 3359 3318 3318 3341 3341 3332 3332 3332 3332 3341 3341 3350 3350 3332 3332 3350 3350 3330 3330 3330 3330 3350 3350 3351 3351 3330 3330 3351 3351 3328 3328 3328 3328 3351 3351 3352 3352 3328 3328 3352 3352 3337 3337 3337 3337 3352 3352 3353 3353 3337 3337 3353 3353 3335 3335 3335 3335 3353 3353 3355 3355 3335 3335 3355 3355 3360 3360 3360 3360 3355 3355 3361 3361 3360 3360 3361 3361 3362 3362 3362 3362 3361 3361 3363 3363 3362 3362 3363 3363 3326 3326 3364 3364 3365 3365 3366 3366 3367 3367 3368 3368 3369 3369 3369 3369 3368 3368 3370 3370 3369 3369 3370 3370 3327 3327 3364 3364 3366 3366 3371 3371 3372 3372 3373 3373 3374 3374 3372 3372 3374 3374 3375 3375 3375 3375 3376 3376 2212 2212 3375 3375 2212 2212 2213 2213 3342 3342 2202 2202 2211 2211 3327 3327 3326 3326 3369 3369 3369 3369 3326 3326 3363 3363 3369 3369 3363 3363 3377 3377 3378 3378 3359 3359 3358 3358 3378 3378 3358 3358 3379 3379 3380 3380 3342 3342 2211 2211 2211 2211 2212 2212 3380 3380 3380 3380 2212 2212 3376 3376 3379 3379 3374 3374 3378 3378 3378 3378 3374 3374 3373 3373 3377 3377 3366 3366 3369 3369 3369 3369 3366 3366 3365 3365 3369 3369 3365 3365 3367 3367 3367 3367 3365 3365 3364 3364 3367 3367 3381 3381 3382 3382 2174 2174 3211 3211 3383 3383 3382 3382 3381 3381 3384 3384 3384 3384 3381 3381 3385 3385 3384 3384 3385 3385 3386 3386 3386 3386 3385 3385 3387 3387 3386 3386 3387 3387 3388 3388 3388 3388 3387 3387 3389 3389 3388 3388 3389 3389 3390 3390 3390 3390 3389 3389 3391 3391 3391 3391 3389 3389 3392 3392 3391 3391 3392 3392 3393 3393 3393 3393 3392 3392 3394 3394 3393 3393 3394 3394 3395 3395 3395 3395 3394 3394 3396 3396 3395 3395 3396 3396 3397 3397 3397 3397 3396 3396 3398 3398 3397 3397 3398 3398 3399 3399 3399 3399 3398 3398 3400 3400 3400 3400 3398 3398 3207 3207 3400 3400 3207 3207 3205 3205 3372 3372 3375 3375 3401 3401 3364 3364 3371 3371 3402 3402 2217 2217 3403 3403 2214 2214 2214 2214 3403 3403 3401 3401 2214 2214 3401 3401 2215 2215 2215 2215 3401 3401 3375 3375 2215 2215 3375 3375 2213 2213 2218 2218 3404 3404 2217 2217 2217 2217 3404 3404 3405 3405 2217 2217 3405 3405 3403 3403 2218 2218 2219 2219 3404 3404 3404 3404 2219 2219 2221 2221 3404 3404 2221 2221 3406 3406 3406 3406 2221 2221 2220 2220 3406 3406 2220 2220 3407 3407 3407 3407 2220 2220 2225 2225 2225 2225 2224 2224 3407 3407 3407 3407 2224 2224 2223 2223 3407 3407 2223 2223 3383 3383 3383 3383 2223 2223 2222 2222 3383 3383 2222 2222 2174 2174 3372 3372 3401 3401 3408 3408 3408 3408 3401 3401 3403 3403 3402 3402 3403 3403 3409 3409 3409 3409 3403 3403 3405 3405 3409 3409 3405 3405 3410 3410 3410 3410 3405 3405 3404 3404 3410 3410 3404 3404 3411 3411 3411 3411 3404 3404 3406 3406 3411 3411 3406 3406 3412 3412 3412 3412 3406 3406 3407 3407 3412 3412 3407 3407 3413 3413 3413 3413 3407 3407 3383 3383 3413 3413 3383 3383 3414 3414 3414 3414 3383 3383 3211 3211 3414 3414 3211 3211 3209 3209 3364 3364 3402 3402 3385 3385 3385 3385 3402 3402 3409 3409 3385 3385 3409 3409 3387 3387 3387 3387 3409 3409 3410 3410 3387 3387 3410 3410 3389 3389 3389 3389 3410 3410 3411 3411 3389 3389 3411 3411 3392 3392 3392 3392 3411 3411 3412 3412 3392 3392 3412 3412 3394 3394 3394 3394 3412 3412 3413 3413 3394 3394 3413 3413 3396 3396 3396 3396 3413 3413 3414 3414 3396 3396 3414 3414 3398 3398 3398 3398 3414 3414 3209 3209 3398 3398 3209 3209 3207 3207 3415 3415 3416 3416 3417 3417 3418 3418 3419 3419 3420 3420 3421 3421 3422 3422 3423 3423 3424 3424 3425 3425 3426 3426 3427 3427 3428 3428 3429 3429 3430 3430 3431 3431 3432 3432 3433 3433 3434 3434 3435 3435 3435 3435 3434 3434 3436 3436 3434 3434 3437 3437 3436 3436 3436 3436 3437 3437 3438 3438 3436 3436 3438 3438 3439 3439 3439 3439 3440 3440 3441 3441 3441 3441 3440 3440 3442 3442 3441 3441 3442 3442 3443 3443 3443 3443 3442 3442 3444 3444 3443 3443 3444 3444 3445 3445 3444 3444 3446 3446 3445 3445 3445 3445 3446 3446 3447 3447 3445 3445 3447 3447 3448 3448 3448 3448 3447 3447 3449 3449 3448 3448 3449 3449 3450 3450 3451 3451 3452 3452 3453 3453 3453 3453 3452 3452 3454 3454 3453 3453 3454 3454 3455 3455 3455 3455 3454 3454 3456 3456 3455 3455 3456 3456 3430 3430 3457 3457 3458 3458 3459 3459 3459 3459 3458 3458 3460 3460 3459 3459 3460 3460 3451 3451 3451 3451 3460 3460 3461 3461 3451 3451 3461 3461 3452 3452 3462 3462 3463 3463 3464 3464 3464 3464 3463 3463 3465 3465 3464 3464 3465 3465 3457 3457 3457 3457 3465 3465 3466 3466 3457 3457 3466 3466 3458 3458 3467 3467 3468 3468 3469 3469 3469 3469 3468 3468 3470 3470 3428 3428 3467 3467 3471 3471 3472 3472 3473 3473 3474 3474 3474 3474 3473 3473 3427 3427 3472 3472 3475 3475 3476 3476 3476 3476 3475 3475 3477 3477 3441 3441 3478 3478 3477 3477 3477 3477 3478 3478 3479 3479 3477 3477 3479 3479 3476 3476 3480 3480 3481 3481 3482 3482 3482 3482 3481 3481 3483 3483 3482 3482 3483 3483 3484 3484 3484 3484 3483 3483 3485 3485 3484 3484 3485 3485 3486 3486 3468 3468 3487 3487 3470 3470 3470 3470 3487 3487 3486 3486 3470 3470 3486 3486 3488 3488 3488 3488 3486 3486 3485 3485 3489 3489 3490 3490 3491 3491 3492 3492 3493 3493 3494 3494 3495 3495 3496 3496 3417 3417 3417 3417 3496 3496 3497 3497 3426 3426 3425 3425 3417 3417 3417 3417 3425 3425 3498 3498 3417 3417 3498 3498 3495 3495 3496 3496 3499 3499 3497 3497 3497 3497 3499 3499 3500 3500 3497 3497 3500 3500 3501 3501 3501 3501 3500 3500 3502 3502 3501 3501 3502 3502 3492 3492 3492 3492 3502 3502 3503 3503 3492 3492 3503 3503 3493 3493 3504 3504 3505 3505 3506 3506 3423 3423 3422 3422 3506 3506 3506 3506 3422 3422 3507 3507 3506 3506 3507 3507 3504 3504 3420 3420 3419 3419 3508 3508 3509 3509 3510 3510 3511 3511 3511 3511 3510 3510 3512 3512 3511 3511 3512 3512 3513 3513 3513 3513 3512 3512 3514 3514 3514 3514 3512 3512 3508 3508 3514 3514 3508 3508 3515 3515 3515 3515 3508 3508 3419 3419 3515 3515 3419 3419 3516 3516 3517 3517 3518 3518 3519 3519 3520 3520 3521 3521 3522 3522 3522 3522 3521 3521 3523 3523 3522 3522 3523 3523 3524 3524 3525 3525 3526 3526 3527 3527 3527 3527 3526 3526 3528 3528 3528 3528 3529 3529 3527 3527 3527 3527 3529 3529 3530 3530 3527 3527 3530 3530 3520 3520 3531 3531 3532 3532 3525 3525 3525 3525 3532 3532 3533 3533 3525 3525 3533 3533 3526 3526 3534 3534 3535 3535 3536 3536 3536 3536 3535 3535 3537 3537 3538 3538 3539 3539 3540 3540 3540 3540 3539 3539 3541 3541 3540 3540 3541 3541 3531 3531 3531 3531 3541 3541 3542 3542 3531 3531 3542 3542 3532 3532 3519 3519 3543 3543 3517 3517 3517 3517 3543 3543 3544 3544 3517 3517 3544 3544 3545 3545 3430 3430 3432 3432 3455 3455 3455 3455 3432 3432 3471 3471 3455 3455 3471 3471 3546 3546 3467 3467 3469 3469 3471 3471 3471 3471 3469 3469 3547 3547 3471 3471 3547 3547 3546 3546 3484 3484 3478 3478 3482 3482 3482 3482 3478 3478 3441 3441 3482 3482 3441 3441 3480 3480 3480 3480 3441 3441 3443 3443 3480 3480 3443 3443 3548 3548 3548 3548 3443 3443 3445 3445 3549 3549 3550 3550 3551 3551 3551 3551 3550 3550 3552 3552 3551 3551 3552 3552 3448 3448 3553 3553 3554 3554 3555 3555 3555 3555 3554 3554 3556 3556 3555 3555 3556 3556 3549 3549 3552 3552 3557 3557 3448 3448 3448 3448 3557 3557 3558 3558 3448 3448 3558 3558 3559 3559 3558 3558 3560 3560 3559 3559 3559 3559 3560 3560 3561 3561 3559 3559 3561 3561 3562 3562 3562 3562 3561 3561 3563 3563 3562 3562 3563 3563 3564 3564 3564 3564 3563 3563 3565 3565 3564 3564 3565 3565 3566 3566 3566 3566 3565 3565 3553 3553 3566 3566 3553 3553 3567 3567 3567 3567 3553 3553 3555 3555 3567 3567 3568 3568 3569 3569 3570 3570 3571 3571 3572 3572 3572 3572 3571 3571 3573 3573 3572 3572 3573 3573 3574 3574 3574 3574 3573 3573 3492 3492 3574 3574 3492 3492 3490 3490 3490 3490 3492 3492 3494 3494 3490 3490 3494 3494 3491 3491 3491 3491 3424 3424 3489 3489 3489 3489 3424 3424 3426 3426 3489 3489 3426 3426 3575 3575 3575 3575 3426 3426 3417 3417 3575 3575 3417 3417 3576 3576 3576 3576 3417 3417 3416 3416 3576 3576 3416 3416 3577 3577 3416 3416 3578 3578 3577 3577 3577 3577 3578 3578 3579 3579 3577 3577 3579 3579 3580 3580 3581 3581 3582 3582 3583 3583 3583 3583 3582 3582 3580 3580 3583 3583 3580 3580 3584 3584 3584 3584 3580 3580 3579 3579 3585 3585 3586 3586 3587 3587 3587 3587 3586 3586 3588 3588 3587 3587 3588 3588 3589 3589 3590 3590 3591 3591 3589 3589 3592 3592 3516 3516 3593 3593 3593 3593 3516 3516 3419 3419 3593 3593 3419 3419 3594 3594 3594 3594 3419 3419 3595 3595 3591 3591 3596 3596 3589 3589 3589 3589 3596 3596 3597 3597 3589 3589 3597 3597 3587 3587 3594 3594 3598 3598 3593 3593 3593 3593 3598 3598 3599 3599 3593 3593 3599 3599 3600 3600 3591 3591 3601 3601 3596 3596 3596 3596 3601 3601 3602 3602 3596 3596 3602 3602 3603 3603 3603 3603 3602 3602 3604 3604 3603 3603 3604 3604 3418 3418 3418 3418 3604 3604 3605 3605 3418 3418 3605 3605 3419 3419 3419 3419 3605 3605 3606 3606 3419 3419 3606 3606 3595 3595 3607 3607 3608 3608 3609 3609 3609 3609 3608 3608 3510 3510 3610 3610 3611 3611 3612 3612 3612 3612 3611 3611 3613 3613 3612 3612 3613 3613 3609 3609 3614 3614 3615 3615 3616 3616 3616 3616 3615 3615 3617 3617 3616 3616 3617 3617 3618 3618 3614 3614 3619 3619 3615 3615 3615 3615 3619 3619 3620 3620 3615 3615 3620 3620 3621 3621 3613 3613 3622 3622 3609 3609 3609 3609 3622 3622 3623 3623 3609 3609 3623 3623 3607 3607 3607 3607 3623 3623 3624 3624 3607 3607 3624 3624 3625 3625 3625 3625 3624 3624 3626 3626 3625 3625 3626 3626 3616 3616 3616 3616 3626 3626 3627 3627 3616 3616 3627 3627 3614 3614 3628 3628 3629 3629 3630 3630 3630 3630 3629 3629 3631 3631 3630 3630 3631 3631 3632 3632 3633 3633 3634 3634 3635 3635 3635 3635 3634 3634 3636 3636 3634 3634 3637 3637 3636 3636 3636 3636 3637 3637 3638 3638 3636 3636 3638 3638 3639 3639 3639 3639 3638 3638 3640 3640 3639 3639 3640 3640 3451 3451 3451 3451 3640 3640 3641 3641 3451 3451 3641 3641 3459 3459 3642 3642 3643 3643 3644 3644 3644 3644 3643 3643 3645 3645 3644 3644 3645 3645 3646 3646 3646 3646 3645 3645 3647 3647 3646 3646 3647 3647 3634 3634 3634 3634 3647 3647 3648 3648 3634 3634 3648 3648 3637 3637 3641 3641 3649 3649 3459 3459 3459 3459 3649 3649 3650 3650 3459 3459 3650 3650 3457 3457 3457 3457 3650 3650 3651 3651 3457 3457 3651 3651 3652 3652 3653 3653 3654 3654 3655 3655 3630 3630 3618 3618 3628 3628 3628 3628 3618 3618 3617 3617 3628 3628 3617 3617 3656 3656 3656 3656 3617 3617 3615 3615 3656 3656 3615 3615 3657 3657 3657 3657 3615 3615 3653 3653 3657 3657 3653 3653 3658 3658 3658 3658 3653 3653 3655 3655 3632 3632 3631 3631 3633 3633 3633 3633 3631 3631 3659 3659 3633 3633 3659 3659 3634 3634 3634 3634 3659 3659 3660 3660 3634 3634 3660 3660 3646 3646 3646 3646 3660 3660 3661 3661 3646 3646 3661 3661 3644 3644 3644 3644 3661 3661 3662 3662 3644 3644 3662 3662 3663 3663 3586 3586 3664 3664 3588 3588 3588 3588 3664 3664 3665 3665 3588 3588 3665 3665 3666 3666 3666 3666 3665 3665 3667 3667 3666 3666 3667 3667 3668 3668 3585 3585 3587 3587 3669 3669 3669 3669 3587 3587 3581 3581 3669 3669 3581 3581 3670 3670 3670 3670 3581 3581 3583 3583 3670 3670 3583 3583 3671 3671 3671 3671 3583 3583 3584 3584 3671 3671 3584 3584 3672 3672 3667 3667 3673 3673 3668 3668 3668 3668 3673 3673 3674 3674 3668 3668 3674 3674 3584 3584 3584 3584 3674 3674 3675 3675 3584 3584 3675 3675 3672 3672 3676 3676 3677 3677 3668 3668 3668 3668 3677 3677 3497 3497 3677 3677 3678 3678 3497 3497 3497 3497 3678 3678 3679 3679 3497 3497 3679 3679 3417 3417 3417 3417 3679 3679 3680 3680 3417 3417 3680 3680 3415 3415 3579 3579 3681 3681 3584 3584 3584 3584 3681 3681 3682 3682 3584 3584 3682 3682 3668 3668 3668 3668 3682 3682 3683 3683 3668 3668 3683 3683 3676 3676 3567 3567 3569 3569 3684 3684 3684 3684 3569 3569 3685 3685 3684 3684 3685 3685 3570 3570 3570 3570 3685 3685 3686 3686 3570 3570 3686 3686 3571 3571 3571 3571 3686 3686 3687 3687 3571 3571 3687 3687 3573 3573 3687 3687 3688 3688 3573 3573 3573 3573 3688 3688 3689 3689 3573 3573 3689 3689 3690 3690 3690 3690 3691 3691 3692 3692 3692 3692 3691 3691 3693 3693 3692 3692 3693 3693 3555 3555 3555 3555 3693 3693 3694 3694 3555 3555 3694 3694 3567 3567 3567 3567 3694 3694 3695 3695 3567 3567 3695 3695 3568 3568 3509 3509 3421 3421 3510 3510 3510 3510 3421 3421 3423 3423 3510 3510 3423 3423 3609 3609 3609 3609 3423 3423 3506 3506 3609 3609 3506 3506 3612 3612 3612 3612 3506 3506 3696 3696 3612 3612 3696 3696 3697 3697 3697 3697 3696 3696 3522 3522 3697 3697 3522 3522 3698 3698 3698 3698 3522 3522 3524 3524 3698 3698 3524 3524 3518 3518 3518 3518 3524 3524 3699 3699 3518 3518 3699 3699 3519 3519 3520 3520 3522 3522 3527 3527 3527 3527 3522 3522 3696 3696 3527 3527 3696 3696 3700 3700 3700 3700 3696 3696 3506 3506 3700 3700 3506 3506 3593 3593 3593 3593 3506 3506 3505 3505 3593 3593 3505 3505 3592 3592 3428 3428 3471 3471 3429 3429 3429 3429 3471 3471 3432 3432 3429 3429 3432 3432 3464 3464 3464 3464 3432 3432 3431 3431 3464 3464 3431 3431 3462 3462 3427 3427 3429 3429 3474 3474 3474 3474 3429 3429 3464 3464 3474 3474 3464 3464 3701 3701 3701 3701 3464 3464 3457 3457 3701 3701 3457 3457 3642 3642 3642 3642 3457 3457 3652 3652 3642 3642 3652 3652 3643 3643 3472 3472 3474 3474 3475 3475 3475 3475 3474 3474 3701 3701 3475 3475 3701 3701 3702 3702 3702 3702 3701 3701 3642 3642 3702 3702 3642 3642 3703 3703 3703 3703 3642 3642 3644 3644 3703 3703 3644 3644 3654 3654 3654 3654 3644 3644 3663 3663 3654 3654 3663 3663 3655 3655 3439 3439 3441 3441 3436 3436 3436 3436 3441 3441 3477 3477 3436 3436 3477 3477 3704 3704 3704 3704 3477 3477 3475 3475 3704 3704 3475 3475 3545 3545 3545 3545 3475 3475 3702 3702 3545 3545 3702 3702 3517 3517 3517 3517 3702 3702 3703 3703 3517 3517 3703 3703 3518 3518 3518 3518 3703 3703 3654 3654 3518 3518 3654 3654 3698 3698 3698 3698 3654 3654 3653 3653 3698 3698 3653 3653 3697 3697 3697 3697 3653 3653 3615 3615 3697 3697 3615 3615 3612 3612 3612 3612 3615 3615 3621 3621 3612 3612 3621 3621 3610 3610 3690 3690 3692 3692 3573 3573 3573 3573 3692 3692 3705 3705 3573 3573 3705 3705 3492 3492 3492 3492 3705 3705 3540 3540 3492 3492 3540 3540 3501 3501 3501 3501 3540 3540 3531 3531 3501 3501 3531 3531 3497 3497 3497 3497 3531 3531 3525 3525 3497 3497 3525 3525 3668 3668 3668 3668 3525 3525 3527 3527 3668 3668 3527 3527 3666 3666 3666 3666 3527 3527 3700 3700 3666 3666 3700 3700 3588 3588 3588 3588 3700 3700 3593 3593 3588 3588 3593 3593 3589 3589 3589 3589 3593 3593 3600 3600 3589 3589 3600 3600 3590 3590 3450 3450 3433 3433 3448 3448 3448 3448 3433 3433 3435 3435 3448 3448 3435 3435 3551 3551 3551 3551 3435 3435 3436 3436 3551 3551 3436 3436 3706 3706 3706 3706 3436 3436 3704 3704 3706 3706 3704 3704 3707 3707 3707 3707 3704 3704 3545 3545 3707 3707 3545 3545 3535 3535 3535 3535 3545 3545 3544 3544 3535 3535 3544 3544 3537 3537 3549 3549 3551 3551 3555 3555 3555 3555 3551 3551 3706 3706 3555 3555 3706 3706 3692 3692 3692 3692 3706 3706 3707 3707 3692 3692 3707 3707 3705 3705 3705 3705 3707 3707 3535 3535 3705 3705 3535 3535 3540 3540 3540 3540 3535 3535 3534 3534 3540 3540 3534 3534 3538 3538 2960 2960 2963 2963 3708 3708 3709 3709 3710 3710 3711 3711 3711 3711 3710 3710 3712 3712 3713 3713 3714 3714 3712 3712 3712 3712 3714 3714 3715 3715 3712 3712 3715 3715 3711 3711 3716 3716 3717 3717 3718 3718 3718 3718 3717 3717 3719 3719 3718 3718 3719 3719 3720 3720 3720 3720 3719 3719 3713 3713 3720 3720 3713 3713 3721 3721 3721 3721 3713 3713 3712 3712 3722 3722 3723 3723 3724 3724 3724 3724 3723 3723 3725 3725 3724 3724 3725 3725 3716 3716 3716 3716 3725 3725 3726 3726 3716 3716 3726 3726 3717 3717 3727 3727 3728 3728 3722 3722 3722 3722 3728 3728 3729 3729 3722 3722 3729 3729 3723 3723 3730 3730 3731 3731 3727 3727 3727 3727 3731 3731 3732 3732 3727 3727 3732 3732 3728 3728 3733 3733 3734 3734 3730 3730 3730 3730 3734 3734 3735 3735 3730 3730 3735 3735 3731 3731 3736 3736 3737 3737 3738 3738 3738 3738 3737 3737 3739 3739 3740 3740 3741 3741 3742 3742 3708 3708 3743 3743 3744 3744 2960 2960 3708 3708 2958 2958 3737 3737 3745 3745 3739 3739 3739 3739 3745 3745 3746 3746 3739 3739 3746 3746 3747 3747 3747 3747 3746 3746 3748 3748 3747 3747 3748 3748 3749 3749 3749 3749 3748 3748 3750 3750 3749 3749 3750 3750 3751 3751 3751 3751 3750 3750 3752 3752 3751 3751 3752 3752 3753 3753 3753 3753 3752 3752 3733 3733 3753 3753 3733 3733 3754 3754 3754 3754 3733 3733 3730 3730 3708 3708 3755 3755 2958 2958 2958 2958 3755 3755 3756 3756 2958 2958 3756 3756 2957 2957 2957 2957 3756 3756 3757 3757 3758 3758 2947 2947 3759 3759 3759 3759 2947 2947 2946 2946 3759 3759 2946 2946 3757 3757 3757 3757 2946 2946 2955 2955 3757 3757 2955 2955 2957 2957 3760 3760 2945 2945 3761 3761 3761 3761 2945 2945 2954 2954 3761 3761 2954 2954 3758 3758 3758 3758 2954 2954 2949 2949 3758 3758 2949 2949 2947 2947 2932 2932 2931 2931 3762 3762 3762 3762 2931 2931 2936 2936 3762 3762 2936 2936 3763 3763 3763 3763 2936 2936 2939 2939 3763 3763 2939 2939 3760 3760 3760 3760 2939 2939 2940 2940 3760 3760 2940 2940 2945 2945 2932 2932 3764 3764 2934 2934 2934 2934 3764 3764 3765 3765 2934 2934 3765 3765 3766 3766 2928 2928 2930 2930 3766 3766 3766 3766 2930 2930 2935 2935 3766 3766 2935 2935 2934 2934 3766 3766 3767 3767 2928 2928 2928 2928 3767 3767 3768 3768 2928 2928 3768 3768 2923 2923 2923 2923 3768 3768 2924 2924 2924 2924 3768 3768 2926 2926 2926 2926 3768 3768 3769 3769 2926 2926 3769 3769 2927 2927 2927 2927 3769 3769 3770 3770 2927 2927 3770 3770 2922 2922 3742 3742 3741 3741 3771 3771 3771 3771 3741 3741 3772 3772 3771 3771 3772 3772 3773 3773 3773 3773 3772 3772 3774 3774 3773 3773 3775 3775 3776 3776 3776 3776 3775 3775 3777 3777 3776 3776 3778 3778 3779 3779 3779 3779 3778 3778 3780 3780 3779 3779 3780 3780 3781 3781 3781 3781 3780 3780 3754 3754 3781 3781 3754 3754 3782 3782 3782 3782 3754 3754 3730 3730 3782 3782 3730 3730 3783 3783 3783 3783 3730 3730 3784 3784 3783 3783 3784 3784 3785 3785 3785 3785 3784 3784 3786 3786 3785 3785 3786 3786 3787 3787 3787 3787 3786 3786 3788 3788 3787 3787 3788 3788 3789 3789 3789 3789 3788 3788 3790 3790 3789 3789 3790 3790 3791 3791 3791 3791 3790 3790 3792 3792 3791 3791 3793 3793 3794 3794 3794 3794 3793 3793 3720 3720 3794 3794 3720 3720 3795 3795 3795 3795 3720 3720 3721 3721 3795 3795 3721 3721 3796 3796 3796 3796 3721 3721 3797 3797 3796 3796 3797 3797 3798 3798 3798 3798 3797 3797 3799 3799 3798 3798 3799 3799 3800 3800 3708 3708 3744 3744 3801 3801 3801 3801 3744 3744 3802 3802 3801 3801 3802 3802 3803 3803 3803 3803 3802 3802 3804 3804 3803 3803 3804 3804 3805 3805 3805 3805 3804 3804 3806 3806 3805 3805 3806 3806 3807 3807 3807 3807 3806 3806 3808 3808 3807 3807 3808 3808 3809 3809 3809 3809 3808 3808 3810 3810 3809 3809 3810 3810 3811 3811 3811 3811 3810 3810 3812 3812 3811 3811 3812 3812 3813 3813 3813 3813 3812 3812 3814 3814 3813 3813 3814 3814 3815 3815 3815 3815 3814 3814 3816 3816 3815 3815 3816 3816 3817 3817 3817 3817 3816 3816 3818 3818 3817 3817 3818 3818 3819 3819 3819 3819 3818 3818 3820 3820 3819 3819 3820 3820 3821 3821 3821 3821 3820 3820 3822 3822 3821 3821 3822 3822 3823 3823 3823 3823 3822 3822 3824 3824 3823 3823 3824 3824 3825 3825 3825 3825 3824 3824 3826 3826 3825 3825 3826 3826 3827 3827 3827 3827 3826 3826 3828 3828 3827 3827 3828 3828 3829 3829 3829 3829 3828 3828 3830 3830 3829 3829 3830 3830 3831 3831 3832 3832 2919 2919 3770 3770 3770 3770 2919 2919 2921 2921 3770 3770 2921 2921 2922 2922 3833 3833 2914 2914 2964 2964 3710 3710 3709 3709 3834 3834 3800 3800 3799 3799 3835 3835 3832 3832 3830 3830 3836 3836 2919 2919 3832 3832 3837 3837 2991 2991 2990 2990 3838 3838 3837 3837 2990 2990 2917 2917 3837 3837 2917 2917 2919 2919 3838 3838 3839 3839 2991 2991 2991 2991 3839 3839 3840 3840 2991 2991 3840 3840 2992 2992 2992 2992 3840 3840 3841 3841 3842 3842 2986 2986 3843 3843 3843 3843 2986 2986 2989 2989 3843 3843 2989 2989 3844 3844 3841 3841 2989 2989 2988 2988 3841 3841 2988 2988 2992 2992 3845 3845 2977 2977 3846 3846 3846 3846 2977 2977 2980 2980 3846 3846 2980 2980 3842 3842 3842 3842 2980 2980 2981 2981 3842 3842 2981 2981 2986 2986 3847 3847 2974 2974 3848 3848 3848 3848 2974 2974 2972 2972 3848 3848 2972 2972 3849 3849 3845 3845 2972 2972 2971 2971 3845 3845 2971 2971 2977 2977 3710 3710 3834 3834 3850 3850 3850 3850 3834 3834 3851 3851 3850 3850 3851 3851 3852 3852 3852 3852 3851 3851 3853 3853 3852 3852 3853 3853 3854 3854 3854 3854 3853 3853 3855 3855 3854 3854 3855 3855 3856 3856 3856 3856 3855 3855 3857 3857 3856 3856 3857 3857 3858 3858 3858 3858 3857 3857 3859 3859 3858 3858 3859 3859 3860 3860 3860 3860 3859 3859 3861 3861 3860 3860 3861 3861 3862 3862 3862 3862 3861 3861 3863 3863 3862 3862 3863 3863 3864 3864 3864 3864 3863 3863 3865 3865 3864 3864 3865 3865 3866 3866 3866 3866 3865 3865 3867 3867 3866 3866 3867 3867 3868 3868 3868 3868 3867 3867 3869 3869 3868 3868 3869 3869 3870 3870 2969 2969 2968 2968 3847 3847 3847 3847 2968 2968 2975 2975 3847 3847 2975 2975 2974 2974 3871 3871 3872 3872 2969 2969 2969 2969 3872 3872 3873 3873 2969 2969 3873 3873 2970 2970 2970 2970 3873 3873 2966 2966 3869 3869 3874 3874 3870 3870 3870 3870 3874 3874 3875 3875 3870 3870 3875 3875 3876 3876 3876 3876 3875 3875 3877 3877 3876 3876 3877 3877 3878 3878 3878 3878 3877 3877 3879 3879 3878 3878 3879 3879 3880 3880 2966 2966 3873 3873 2964 2964 2964 2964 3873 3873 3881 3881 2964 2964 3881 3881 3833 3833 3880 3880 3879 3879 3882 3882 3883 3883 3879 3879 3884 3884 3883 3883 3884 3884 3885 3885 3800 3800 3835 3835 3886 3886 3886 3886 3835 3835 3887 3887 3886 3886 3887 3887 3888 3888 3888 3888 3887 3887 3889 3889 3888 3888 3889 3889 3890 3890 3890 3890 3889 3889 3891 3891 3890 3890 3891 3891 3892 3892 3892 3892 3891 3891 3893 3893 3892 3892 3893 3893 3894 3894 3894 3894 3893 3893 3895 3895 3894 3894 3895 3895 3896 3896 3896 3896 3895 3895 3897 3897 3896 3896 3897 3897 3898 3898 3898 3898 3897 3897 3899 3899 3898 3898 3899 3899 3900 3900 3900 3900 3899 3899 3901 3901 3900 3900 3901 3901 3902 3902 3902 3902 3901 3901 3903 3903 3902 3902 3903 3903 3904 3904 3904 3904 3903 3903 3905 3905 3904 3904 3905 3905 3906 3906 3906 3906 3905 3905 3907 3907 3906 3906 3907 3907 3908 3908 3908 3908 3907 3907 3909 3909 3908 3908 3909 3909 3910 3910 3910 3910 3909 3909 3880 3880 3910 3910 3880 3880 3911 3911 3911 3911 3880 3880 3912 3912 3911 3911 3912 3912 3913 3913 3832 3832 3836 3836 3837 3837 3837 3837 3836 3836 3914 3914 3837 3837 3914 3914 3915 3915 3915 3915 3914 3914 3916 3916 3915 3915 3916 3916 3917 3917 3917 3917 3916 3916 3918 3918 3917 3917 3918 3918 3919 3919 3919 3919 3918 3918 3920 3920 3919 3919 3920 3920 3921 3921 3921 3921 3920 3920 3922 3922 3921 3921 3922 3922 3923 3923 3923 3923 3922 3922 3924 3924 3923 3923 3924 3924 3925 3925 3925 3925 3924 3924 3926 3926 3925 3925 3926 3926 3927 3927 3927 3927 3926 3926 3928 3928 3927 3927 3928 3928 3929 3929 3929 3929 3928 3928 3930 3930 3929 3929 3930 3930 3931 3931 3931 3931 3930 3930 3932 3932 3931 3931 3932 3932 3933 3933 3933 3933 3932 3932 3934 3934 3933 3933 3934 3934 3935 3935 3935 3935 3934 3934 3936 3936 3935 3935 3936 3936 3937 3937 3937 3937 3936 3936 3938 3938 3937 3937 3938 3938 3939 3939 3939 3939 3938 3938 3940 3940 3939 3939 3940 3940 3941 3941 3941 3941 2962 2962 2961 2961 3941 3941 2961 2961 3833 3833 3833 3833 2961 2961 2915 2915 3833 3833 2915 2915 2914 2914 2963 2963 2962 2962 3708 3708 3708 3708 2962 2962 3941 3941 3708 3708 3941 3941 3743 3743 3743 3743 3941 3941 3940 3940 3742 3742 3913 3913 3740 3740 3740 3740 3913 3913 3912 3912 3738 3738 3883 3883 3736 3736 3736 3736 3883 3883 3885 3885 3942 3942 3943 3943 3107 3107 3180 3180 3179 3179 3944 3944 3180 3180 3944 3944 3168 3168 3168 3168 3944 3944 3153 3153 3153 3153 3944 3944 3945 3945 3153 3153 3945 3945 3154 3154 3111 3111 3119 3119 3946 3946 3946 3946 3119 3119 3118 3118 3946 3946 3118 3118 3945 3945 3945 3945 3118 3118 3156 3156 3945 3945 3156 3156 3154 3154 3145 3145 3115 3115 3947 3947 3947 3947 3115 3115 3114 3114 3947 3947 3114 3114 3139 3139 3139 3139 3135 3135 3947 3947 3947 3947 3135 3135 3132 3132 3947 3947 3132 3132 3946 3946 3946 3946 3132 3132 3112 3112 3946 3946 3112 3112 3111 3111 3107 3107 3943 3943 3088 3088 3145 3145 3947 3947 3149 3149 3149 3149 3947 3947 3948 3948 3149 3149 3948 3948 3107 3107 3107 3107 3948 3948 3949 3949 3107 3107 3949 3949 3942 3942 3057 3057 3070 3070 3950 3950 3950 3950 3070 3070 3072 3072 3950 3950 3072 3072 3951 3951 3072 3072 3074 3074 3951 3951 3951 3951 3074 3074 3076 3076 3951 3951 3076 3076 3077 3077 3077 3077 3079 3079 3951 3951 3951 3951 3079 3079 3081 3081 3951 3951 3081 3081 3083 3083 3083 3083 3085 3085 3951 3951 3951 3951 3085 3085 3086 3086 3951 3951 3086 3086 3952 3952 3953 3953 3054 3054 3055 3055 3953 3953 3055 3055 3950 3950 3950 3950 3055 3055 3058 3058 3950 3950 3058 3058 3057 3057 3954 3954 3004 3004 3014 3014 3014 3014 3011 3011 3954 3954 3954 3954 3011 3011 3010 3010 3954 3954 3010 3010 3953 3953 3953 3953 3010 3010 3051 3051 3953 3953 3051 3051 3054 3054 3040 3040 3008 3008 3955 3955 3955 3955 3008 3008 3007 3007 3955 3955 3007 3007 3034 3034 3034 3034 3030 3030 3955 3955 3955 3955 3030 3030 3027 3027 3955 3955 3027 3027 3954 3954 3954 3954 3027 3027 3005 3005 3954 3954 3005 3005 3004 3004 3040 3040 3955 3955 3044 3044 3044 3044 3955 3955 3956 3956 3044 3044 3956 3956 2993 2993 3179 3179 3185 3185 3944 3944 3944 3944 3185 3185 3184 3184 3944 3944 3184 3184 3957 3957 3957 3957 3184 3184 3182 3182 3957 3957 3182 3182 3958 3958 3182 3182 3188 3188 3958 3958 3958 3958 3188 3188 3187 3187 3958 3958 3187 3187 3186 3186 3186 3186 3176 3176 3958 3958 3958 3958 3176 3176 3174 3174 3958 3958 3174 3174 3172 3172 2994 2994 3959 3959 3169 3169 3169 3169 3959 3959 3958 3958 3169 3169 3958 3958 3170 3170 3170 3170 3958 3958 3172 3172 3382 3382 3960 3960 3367 3367 3367 3367 3960 3960 3961 3961 3367 3367 3961 3961 3368 3368 3962 3962 3325 3325 3327 3327 3962 3962 3327 3327 3961 3961 3961 3961 3327 3327 3370 3370 3961 3961 3370 3370 3368 3368 3329 3329 3339 3339 3963 3963 3963 3963 3339 3339 3338 3338 3338 3338 3336 3336 3963 3963 3963 3963 3336 3336 3334 3334 3963 3963 3334 3334 3964 3964 3964 3964 3334 3334 3333 3333 3333 3333 3323 3323 3964 3964 3964 3964 3323 3323 3321 3321 3964 3964 3321 3321 3962 3962 3962 3962 3321 3321 3320 3320 3962 3962 3320 3320 3325 3325 3329 3329 3963 3963 3331 3331 3331 3331 3963 3963 3965 3965 3331 3331 3965 3965 3319 3319 3265 3265 3279 3279 3966 3966 3966 3966 3279 3279 3281 3281 3966 3966 3281 3281 3967 3967 3281 3281 3283 3283 3967 3967 3967 3967 3283 3283 3285 3285 3967 3967 3285 3285 3286 3286 3286 3286 3288 3288 3967 3967 3967 3967 3288 3288 3290 3290 3967 3967 3290 3290 3292 3292 3297 3297 3968 3968 3295 3295 3295 3295 3968 3968 3967 3967 3295 3295 3967 3967 3294 3294 3294 3294 3967 3967 3292 3292 3265 3265 3966 3966 3266 3266 3266 3266 3966 3966 3969 3969 3266 3266 3969 3969 3256 3256 3970 3970 3219 3219 3969 3969 3969 3969 3219 3219 3257 3257 3969 3969 3257 3257 3256 3256 3221 3221 3231 3231 3971 3971 3971 3971 3231 3231 3230 3230 3971 3971 3230 3230 3228 3228 3213 3213 3212 3212 3970 3970 3970 3970 3212 3212 3217 3217 3970 3970 3217 3217 3219 3219 3228 3228 3226 3226 3971 3971 3971 3971 3226 3226 3225 3225 3971 3971 3225 3225 3970 3970 3970 3970 3225 3225 3215 3215 3970 3970 3215 3215 3213 3213 3221 3221 3971 3971 3223 3223 3223 3223 3971 3971 3972 3972 3223 3223 3972 3972 3204 3204 3382 3382 3384 3384 3960 3960 3960 3960 3384 3384 3386 3386 3960 3960 3386 3386 3973 3973 3386 3386 3388 3388 3973 3973 3973 3973 3388 3388 3390 3390 3973 3973 3390 3390 3391 3391 3391 3391 3393 3393 3973 3973 3973 3973 3393 3393 3395 3395 3973 3973 3395 3395 3397 3397 3397 3397 3399 3399 3973 3973 3973 3973 3399 3399 3400 3400 3973 3973 3400 3400 3974 3974 3974 3974 3400 3400 3205 3205 3974 3974 3205 3205 3975 3975 3851 3851 3834 3834 3976 3976 3976 3976 3834 3834 3709 3709 3976 3976 3709 3709 3977 3977 3977 3977 3709 3709 3711 3711 3863 3863 3861 3861 3978 3978 3863 3863 3978 3978 3865 3865 3861 3861 3859 3859 3979 3979 3859 3859 3857 3857 3979 3979 3979 3979 3857 3857 3855 3855 3979 3979 3855 3855 3976 3976 3976 3976 3855 3855 3853 3853 3976 3976 3853 3853 3851 3851 3877 3877 3875 3875 3980 3980 3877 3877 3980 3980 3879 3879 3879 3879 3980 3980 3981 3981 3879 3879 3981 3981 3884 3884 3875 3875 3874 3874 3980 3980 3980 3980 3874 3874 3869 3869 3980 3980 3869 3869 3978 3978 3978 3978 3869 3869 3867 3867 3978 3978 3867 3867 3865 3865 3982 3982 3746 3746 3745 3745 3745 3745 3737 3737 3982 3982 3982 3982 3737 3737 3736 3736 3982 3982 3736 3736 3981 3981 3981 3981 3736 3736 3885 3885 3981 3981 3885 3885 3884 3884 3734 3734 3733 3733 3983 3983 3729 3729 3728 3728 3984 3984 3984 3984 3728 3728 3732 3732 3732 3732 3731 3731 3984 3984 3984 3984 3731 3731 3735 3735 3984 3984 3735 3735 3734 3734 3733 3733 3752 3752 3983 3983 3983 3983 3752 3752 3750 3750 3983 3983 3750 3750 3982 3982 3982 3982 3750 3750 3748 3748 3982 3982 3748 3748 3746 3746 3711 3711 3715 3715 3977 3977 3977 3977 3715 3715 3714 3714 3977 3977 3714 3714 3985 3985 3985 3985 3714 3714 3713 3713 3985 3985 3713 3713 3986 3986 3986 3986 3713 3713 3719 3719 3986 3986 3719 3719 3717 3717 3717 3717 3726 3726 3986 3986 3986 3986 3726 3726 3725 3725 3986 3986 3725 3725 3984 3984 3984 3984 3725 3725 3723 3723 3984 3984 3723 3723 3729 3729 3987 3987 3988 3988 3989 3989 3989 3989 3988 3988 3990 3990 3989 3989 3990 3990 3991 3991 3991 3991 3990 3990 3992 3992 3991 3991 3992 3992 3993 3993 3861 3861 3979 3979 3994 3994 3994 3994 3979 3979 3995 3995 3994 3994 3995 3995 3996 3996 3996 3996 3995 3995 3997 3997 3996 3996 3997 3997 3998 3998 3998 3998 3999 3999 3996 3996 3996 3996 3999 3999 3959 3959 3996 3996 3959 3959 3956 3956 3956 3956 3959 3959 2994 2994 3956 3956 2994 2994 2993 2993 4000 4000 4001 4001 4002 4002 3086 3086 3088 3088 3952 3952 3952 3952 3088 3088 3943 3943 3952 3952 3943 3943 4002 4002 4002 4002 3943 3943 4003 4003 4002 4002 4003 4003 4000 4000 4001 4001 4004 4004 4002 4002 4002 4002 4004 4004 4005 4005 4002 4002 4005 4005 4006 4006 4006 4006 4005 4005 4007 4007 4006 4006 4007 4007 4008 4008 4008 4008 4007 4007 4009 4009 4008 4008 4009 4009 4010 4010 4010 4010 4009 4009 4011 4011 4010 4010 4011 4011 4012 4012 4012 4012 4011 4011 4013 4013 4012 4012 4013 4013 4014 4014 4014 4014 4013 4013 4015 4015 4014 4014 4015 4015 4016 4016 4016 4016 4015 4015 4017 4017 4016 4016 4017 4017 3987 3987 3987 3987 4017 4017 4018 4018 3987 3987 4018 4018 3988 3988 4019 4019 4020 4020 3993 3993 3993 3993 4020 4020 4021 4021 3993 3993 4021 4021 3991 3991 4019 4019 4022 4022 4020 4020 4020 4020 4022 4022 4023 4023 4020 4020 4023 4023 4024 4024 4024 4024 4023 4023 4025 4025 4024 4024 4025 4025 4026 4026 4026 4026 4025 4025 4027 4027 4026 4026 4027 4027 4028 4028 4028 4028 4027 4027 3975 3975 4028 4028 3975 3975 3972 3972 3972 3972 3975 3975 3205 3205 3972 3972 3205 3205 3204 3204 3734 3734 4029 4029 3984 3984 3984 3984 4029 4029 4030 4030 3984 3984 4030 4030 4031 4031 4031 4031 4030 4030 3968 3968 4031 4031 3968 3968 3965 3965 3965 3965 3968 3968 3297 3297 3965 3965 3297 3297 3319 3319 4032 4032 4033 4033 4034 4034 4034 4034 4033 4033 4035 4035 4034 4034 4035 4035 4036 4036 4037 4037 4038 4038 4034 4034 4034 4034 4038 4038 4039 4039 4034 4034 4039 4039 4032 4032 4040 4040 4041 4041 4034 4034 4034 4034 4041 4041 4042 4042 4034 4034 4042 4042 4037 4037 4043 4043 4044 4044 4034 4034 4034 4034 4044 4044 4045 4045 4034 4034 4045 4045 4040 4040 4046 4046 4047 4047 4034 4034 4034 4034 4047 4047 4048 4048 4034 4034 4048 4048 4043 4043 4049 4049 4050 4050 4034 4034 4034 4034 4050 4050 4051 4051 4034 4034 4051 4051 4046 4046 4052 4052 4053 4053 4034 4034 4034 4034 4053 4053 4054 4054 4034 4034 4054 4054 4049 4049 4055 4055 4056 4056 4034 4034 4034 4034 4056 4056 4057 4057 4034 4034 4057 4057 4052 4052 4058 4058 4059 4059 4034 4034 4034 4034 4059 4059 4060 4060 4034 4034 4060 4060 4055 4055 4061 4061 4062 4062 4034 4034 4034 4034 4062 4062 4063 4063 4034 4034 4063 4063 4058 4058 4064 4064 4065 4065 4034 4034 4034 4034 4065 4065 4066 4066 4034 4034 4066 4066 4061 4061 4036 4036 4067 4067 4034 4034 4034 4034 4067 4067 4068 4068 4034 4034 4068 4068 4064 4064</p>
        </polylist>
      </mesh>
    </geometry>
  </library_geometries>
  <library_controllers>
  </library_controllers>
  <library_visual_scenes>
    <visual_scene id="null" name="null">
      <node id="rm_dae_node_394" name="Brep" type="NODE">
        <matrix sid="matrix">1 0 0 0 0 1 0 0 0 0 1 0 0 0 0 1</matrix>
        <instance_geometry url="#meshId0">
          <bind_material>
            <technique_common>
              <instance_material symbol="defaultMaterial" target="#rm_dae_material_0">
                <bind_vertex_input semantic="CHANNEL0" input_semantic="TEXCOORD" input_set="0" />
              </instance_material>
            </technique_common>
          </bind_material>
        </instance_geometry>
      </node>
      <node id="rm_dae_node_401" name="Brep" type="NODE">
        <matrix sid="matrix">1 0 0 0 0 1 0 0 0 0 1 0 0 0 0 1</matrix>
        <instance_geometry url="#meshId1">
          <bind_material>
            <technique_common>
              <instance_material symbol="defaultMaterial" target="#rm_dae_material_0">
                <bind_vertex_input semantic="CHANNEL0" input_semantic="TEXCOORD" input_set="0" />
              </instance_material>
            </technique_common>
          </bind_material>
        </instance_geometry>
      </node>
      <node id="rm_dae_node_408" name="Brep" type="NODE">
        <matrix sid="matrix">1 0 0 0 0 1 0 0 0 0 1 0 0 0 0 1</matrix>
        <instance_geometry url="#meshId2">
          <bind_material>
            <technique_common>
              <instance_material symbol="defaultMaterial" target="#rm_dae_material_1">
                <bind_vertex_input semantic="CHANNEL0" input_semantic="TEXCOORD" input_set="0" />
              </instance_material>
            </technique_common>
          </bind_material>
        </instance_geometry>
      </node>
      <node id="rm_dae_node_415" name="Mesh" type="NODE">
        <matrix sid="matrix">1 0 0 0 0 1 0 0 0 0 1 0 0 0 0 1</matrix>
        <instance_geometry url="#meshId3">
          <bind_material>
            <technique_common>
              <instance_material symbol="defaultMaterial" target="#rm_dae_material_0">
              </instance_material>
            </technique_common>
          </bind_material>
        </instance_geometry>
      </node>
      <node id="rm_dae_node_421" name="Mesh" type="NODE">
        <matrix sid="matrix">1 0 0 0 0 1 0 0 0 0 1 0 0 0 0 1</matrix>
        <instance_geometry url="#meshId4">
          <bind_material>
            <technique_common>
              <instance_material symbol="defaultMaterial" target="#rm_dae_material_0">
              </instance_material>
            </technique_common>
          </bind_material>
        </instance_geometry>
      </node>
      <node id="rm_dae_node_427" name="Mesh" type="NODE">
        <matrix sid="matrix">1 0 0 0 0 1 0 0 0 0 1 0 0 0 0 1</matrix>
        <instance_geometry url="#meshId5">
          <bind_material>
            <technique_common>
              <instance_material symbol="defaultMaterial" target="#rm_dae_material_0">
              </instance_material>
            </technique_common>
          </bind_material>
        </instance_geometry>
      </node>
      <node id="rm_dae_node_433" name="Mesh" type="NODE">
        <matrix sid="matrix">1 0 0 0 0 1 0 0 0 0 1 0 0 0 0 1</matrix>
        <instance_geometry url="#meshId6">
          <bind_material>
            <technique_common>
              <instance_material symbol="defaultMaterial" target="#rm_dae_material_0">
              </instance_material>
            </technique_common>
          </bind_material>
        </instance_geometry>
      </node>
      <node id="rm_dae_node_439" name="Mesh" type="NODE">
        <matrix sid="matrix">1 0 0 0 0 1 0 0 0 0 1 0 0 0 0 1</matrix>
        <instance_geometry url="#meshId7">
          <bind_material>
            <technique_common>
              <instance_material symbol="defaultMaterial" target="#rm_dae_material_0">
              </instance_material>
            </technique_common>
          </bind_material>
        </instance_geometry>
      </node>
      <node id="rm_dae_node_445" name="Mesh" type="NODE">
        <matrix sid="matrix">1 0 0 0 0 1 0 0 0 0 1 0 0 0 0 1</matrix>
        <instance_geometry url="#meshId8">
          <bind_material>
            <technique_common>
              <instance_material symbol="defaultMaterial" target="#rm_dae_material_0">
              </instance_material>
            </technique_common>
          </bind_material>
        </instance_geometry>
      </node>
      <node id="rm_dae_node_451" name="Mesh" type="NODE">
        <matrix sid="matrix">1 0 0 0 0 1 0 0 0 0 1 0 0 0 0 1</matrix>
        <instance_geometry url="#meshId9">
          <bind_material>
            <technique_common>
              <instance_material symbol="defaultMaterial" target="#rm_dae_material_0">
              </instance_material>
            </technique_common>
          </bind_material>
        </instance_geometry>
      </node>
      <node id="rm_dae_node_457" name="Mesh" type="NODE">
        <matrix sid="matrix">1 0 0 0 0 1 0 0 0 0 1 0 0 0 0 1</matrix>
        <instance_geometry url="#meshId10">
          <bind_material>
            <technique_common>
              <instance_material symbol="defaultMaterial" target="#rm_dae_material_0">
              </instance_material>
            </technique_common>
          </bind_material>
        </instance_geometry>
      </node>
      <node id="rm_dae_node_463" name="Mesh" type="NODE">
        <matrix sid="matrix">1 0 0 0 0 1 0 0 0 0 1 0 0 0 0 1</matrix>
        <instance_geometry url="#meshId11">
          <bind_material>
            <technique_common>
              <instance_material symbol="defaultMaterial" target="#rm_dae_material_0">
              </instance_material>
            </technique_common>
          </bind_material>
        </instance_geometry>
      </node>
      <node id="rm_dae_node_469" name="Mesh" type="NODE">
        <matrix sid="matrix">1 0 0 0 0 1 0 0 0 0 1 0 0 0 0 1</matrix>
        <instance_geometry url="#meshId12">
          <bind_material>
            <technique_common>
              <instance_material symbol="defaultMaterial" target="#rm_dae_material_0">
              </instance_material>
            </technique_common>
          </bind_material>
        </instance_geometry>
      </node>
      <node id="rm_dae_node_475" name="Mesh" type="NODE">
        <matrix sid="matrix">1 0 0 0 0 1 0 0 0 0 1 0 0 0 0 1</matrix>
        <instance_geometry url="#meshId13">
          <bind_material>
            <technique_common>
              <instance_material symbol="defaultMaterial" target="#rm_dae_material_0">
              </instance_material>
            </technique_common>
          </bind_material>
        </instance_geometry>
      </node>
    </visual_scene>
  </library_visual_scenes>
  <scene>
    <instance_visual_scene url="#null" />
  </scene>
</COLLADA>