<?xml version='1.0' encoding='utf-8'?>
<COLLADA xmlns="http://www.collada.org/2005/11/COLLADASchema" version="1.4.1">
  <asset>
    <contributor>
      <author>Assimp</author>
      <authoring_tool>Assimp Exporter</authoring_tool>
    </contributor>
    <created>2026-10-09T10:33:49</created>
    <modified>2026-10-09T10:33:49</modified>
    <unit name="meter" meter="1" />
    <up_axis>Y_UP</up_axis>
  </asset>
  <library_effects>
    <effect id="m0mat-fx" name="m0mat">
      <profile_COMMON>
        <technique sid="standard">
          <phong>
            <emission>
              <color sid="emission">0   0   0   1</color>
            </emission>
            <diffuse>
              <color sid="diffuse">0.9254902   0.9254902   0.90588236   1</color>
            </diffuse>
            <shininess>
              <float sid="shininess">0</float>
            </shininess>
          </phong>
        </technique>
      </profile_COMMON>
    </effect>
    <effect id="m1mat-fx" name="m1mat">
      <profile_COMMON>
        <technique sid="standard">
          <phong>
            <emission>
              <color sid="emission">0   0   0   1</color>
            </emission>
            <diffuse>
              <color sid="diffuse">1   1   1   1</color>
            </diffuse>
            <shininess>
              <float sid="shininess">0</float>
            </shininess>
          </phong>
        </technique>
      </profile_COMMON>
    </effect>
  </library_effects>
  <library_materials>
    <material id="m0mat" name="m0mat">
      <instance_effect url="#m0mat-fx" />
    </material>
    <material id="m1mat" name="m1mat">
      <instance_effect url="#m1mat-fx" />
    </material>
  </library_materials>
  <library_geometries>
    <geometry id="meshId0" name="meshId0_name">
      <mesh>
        <source id="meshId0-positions" name="meshId0-positions">
          <float_array id="meshId0-positions-array" count="8643"> 0.017260883 -0.037217416 0.03275346 0.017434798 -0.036695678 0.032579541 0.015217405 -0.033956546 0.036275193 0.012043491 -0.027826108 -0.024724821 0.011565231 -0.028086979 -0.025116125 0.011956535 -0.02778263 -0.024290038 0.011347838 -0.028043501 -0.024681343 0.011913057 -0.027826108 -0.023898734 0.0088260993 -0.028956544 -0.025724821 -0.02521739 -0.044913072 -0.010681339 -0.024608694 -0.044260897 -0.007985685 -0.024608694 -0.044260897 -0.007985685 -0.024608694 -0.044260897 -0.007985685 -0.02421739 -0.043869592 -0.012681339 -0.023086954 -0.042565241 -0.014507426 -0.021782605 -0.041086983 -0.016246557 -0.021782605 -0.041086983 -0.016246557 -0.027608695 -0.047347855 0.000840405 -0.027608695 -0.047347855 0.000840405 -0.027608695 -0.047347855 0.000840405 -0.027608695 -0.047347855 0.0013186652 -0.027434781 -0.04717394 0.0036230143 -0.027086955 -0.046826117 0.0061447527 -0.026521737 -0.046260897 0.008927362 -0.026130432 -0.045869593 0.010362146 -0.026130432 -0.045826115 0.01049258 -0.026043477 -0.045782637 0.010709973 -0.025043476 -0.044739157 0.013970843 -0.024782605 -0.044434808 0.014709974 -0.023782607 -0.043391332 0.017318672 -0.023130432 -0.042652201 0.018927367 -0.022521736 -0.041956548 0.020275192 -0.020999998 -0.040130459 0.023579543 -0.021521736 -0.040826112 -0.016507426 -0.019304344 -0.038043506 0.026883891 -0.012347819 -0.027608719 -0.023637865 -0.012826081 -0.027521763 -0.023550907 -0.012739124 -0.027478281 -0.022855256 -0.012869559 -0.027478281 -0.022855256 0.027652193 -0.0086521916 0.042709984 0.028304365 -0.0057826228 0.043101288 0.027608715 -0.0086087137 0.043231718 0.0274348 -0.0085217543 0.043623023 0.028130453 -0.0056956671 0.043536067 0.028434802 -0.0043043643 0.043536067 0.028434802 -0.0043043643 0.043536067 0.028608713 -0.0028695799 0.043492593 0.028608713 -0.0028695799 0.043492593 0.028695669 -1.4901161e-08 0.043492593 0.028565235 -1.4901161e-08 0.043623023 0.028434802 0.0035217255 0.043492593 0.019869581 0.020608686 0.043536067 0.020086974 0.020782605 0.042970851 0.018260885 0.022086948 0.043536067 0.018478278 0.02226086 0.042970851 0.016565233 0.023391299 0.043492593 0.016739145 0.02356521 0.042970851 0.014739145 0.024565212 0.043492593 0.014913056 0.024782605 0.042970851 0.012869578 0.025608689 0.043492593 0.013000015 0.025826082 0.042970851 0.010913055 0.026521735 0.043492593 0.011043493 0.026739128 0.042970851 0.0088695772 0.027260862 0.043492593 0.0090000108 0.027478255 0.042970851 0.006826099 0.027826078 0.043492593 0.0069130547 0.028086953 0.042970851 0.004739143 0.028260864 0.043492593 0.0047826208 0.028521731 0.042970851 -0.028913043 0.00099998713 0.024666497 -0.028913043 0.00099998713 0.024666497 -0.028913043 0.00099998713 0.024666497 -0.028913043 0.0025217235 0.024927368 -0.028869564 0.0025217235 0.024753457 -0.028173912 0.0066956431 0.024753457 -0.028304346 0.006260857 0.024927368 -0.028304346 0.006260857 0.024927368 -0.02821739 0.0066956431 0.024927368 -0.026956521 0.010739118 0.024927368 -0.027434781 0.0093478188 0.042188242 -0.028086955 0.007260859 0.042188242 -0.028304346 0.006260857 0.042188242 -0.028434781 -0.0056956671 0.042231716 -0.028434781 -0.0056956671 0.024927368 -0.028347826 -0.0060434937 0.042231716 -0.02821739 -0.006739147 0.042231716 -0.028304346 -0.0062174052 0.024927368 -0.028304346 -0.0062174052 0.024753457 -0.026652172 -0.011478279 0.024927368 -0.02721739 -0.010000017 0.024927368 -0.027173912 -0.010000017 0.024753457 -0.027086955 -0.0099565387 0.024536064 -0.027086955 -0.0099565387 0.024536064 -0.026913041 -0.0099130608 0.024449108 -0.026913041 -0.0099130608 0.024449108 -0.028173912 -0.0062174052 0.024536064 -0.028173912 -0.0062174052 0.024536064 -0.028869564 -0.0023478419 0.024753457 -0.028913043 -0.0023478419 0.024927368 -0.028999999 -0.0010000132 0.02592737 -0.028999999 -0.0010000132 0.02592737 -0.028999999 -0.00091305748 0.026318675 -0.028999999 -0.00091305748 0.026318675 -0.028999999 -0.00091305748 0.026318675 -0.028999999 -0.00069566444 0.026666498 -0.028999999 -0.00069566444 0.026666498 -0.028521739 -0.00069566444 0.026666498 -0.028521739 -0.00069566444 0.026666498 -0.028999999 -0.00060870871 0.026709979 -0.028999999 -0.00060870871 0.026709979 -0.028999999 -0.00026088208 0.026883891 -0.028999999 -0.00026088208 0.026883891 -0.028999999 -0.00026088208 0.026883891 -0.028826086 -0.0033043623 0.042188242 -0.028999999 -0.00052175298 0.042188242 -0.028999999 -1.4901161e-08 0.042623021 -0.028999999 -1.4901161e-08 0.042188242 -0.028999999 0.00030433387 0.042188242 -0.028999999 0.00099998713 0.042188242 -0.028913043 -1.4901161e-08 0.042970851 -0.028826086 -0.0029130578 0.042579547 -0.028391303 -0.0058261044 0.042623021 -0.027652172 -0.0086521916 0.042709984 -0.027434781 -0.0094348006 0.042231716 -0.026652172 -0.011478279 0.042231716 -0.026434781 -0.011956539 0.042231716 -0.025608694 -0.013608713 0.024927368 -0.02521739 -0.014260888 0.042188242 -0.02369565 -0.016695671 0.042231716 -0.023652172 -0.016826104 0.042231716 -0.02369565 -0.016695671 0.024927368 -0.025565216 -0.013608713 0.024753457 -0.025478259 -0.013565235 0.024536064 -0.025478259 -0.013565235 0.024536064 -0.025304345 -0.013478279 0.024449108 -0.025304345 -0.013478279 0.024449108 -0.025173912 -0.013391323 0.02440563 -0.026739128 -0.0098261051 0.02440563 -0.027999999 -0.0061739273 0.024449108 -0.027999999 -0.0061739273 0.024449108 -0.02873913 -0.002304364 0.024536064 -0.028826086 -0.0010000132 0.024536064 -0.028826086 -0.0010000132 0.024536064 -0.028913043 -0.0010000132 0.02462302 -0.028913043 -0.0010000132 0.02462302 -0.028956521 -0.0010000132 0.024753457 -0.028956521 -0.0010000132 0.024753457 -0.028999999 -0.0010000132 0.024883891 -0.028999999 -0.0010000132 0.024883891 -0.028999999 -0.0010000132 0.024927368 -0.028999999 -0.0010000132 0.024927368 -0.028521739 -0.0010000132 0.02592737 -0.028521739 -0.0010000132 0.02592737 -0.028521739 -0.00095653534 0.026231715 -0.028521739 -0.00095653534 0.026231715 -0.028521739 -0.00095653534 0.026231715 -0.028521739 -0.00026088208 0.026883891 -0.028521739 -0.00026088208 0.026883891 -0.028521739 -0.00026088208 0.026883891 -0.028999999 0.00021737814 0.026883891 -0.028999999 0.00021737814 0.026883891 -0.028999999 0.00030433387 0.026883891 -0.028999999 0.00030433387 0.026883891 -0.028999999 0.00060868263 0.026709979 -0.028999999 0.00060868263 0.026709979 -0.028999999 0.00069563836 0.026666498 -0.028999999 0.00069563836 0.026666498 -0.028521739 0.0051304251 0.042188242 -0.028999999 0.0009130314 0.026362153 -0.028999999 0.0009130314 0.026362153 -0.028999999 0.0009130314 0.026362153 -0.028999999 0.0009130314 0.026362153 -0.028999999 0.00099998713 0.025970848 -0.028999999 0.00099998713 0.025970848 -0.028999999 0.00099998713 0.02592737 -0.028999999 0.00099998713 0.02592737 -0.028999999 0.00099998713 0.024927368 -0.028999999 0.00099998713 0.024927368 -0.028999999 0.00099998713 0.024927368 -0.028826086 0.00099998713 0.024536064 -0.028826086 0.00099998713 0.024536064 -0.028782608 0.00099998713 0.024492586 -0.028782608 0.00099998713 0.024492586 -0.02873913 0.0024782494 0.024536064 -0.028086955 0.0066521615 0.024536064 -0.028086955 0.0066521615 0.024536064 -0.026913041 0.010739118 0.024753457 -0.026391303 0.011999987 0.024927368 -0.026652172 0.011391297 0.042188242 -0.026391303 0.011999987 0.042188242 -0.025086954 0.014565207 0.024927368 -0.02573913 0.013347819 0.042188242 -0.024652172 0.01526086 0.042188242 -0.023347823 0.017173901 0.024927368 -0.023434781 0.017043471 0.042188242 -0.023347823 0.017173901 0.042188242 -0.022695649 0.018043473 0.024927368 -0.022086954 0.018782601 0.042188242 -0.020608693 0.0203913 0.042188242 -0.019826084 0.021173909 0.024927368 -0.020478256 0.020565212 0.042188242 -0.019304344 0.02165217 0.024927368 -0.019304344 0.02165217 0.042188242 -0.01886956 0.022043474 0.042188242 -0.016521733 0.023826078 0.024927368 -0.017130431 0.023391299 0.042188242 -0.014434777 0.02517391 0.024927368 -0.015347821 0.024608687 0.042188242 -0.014434777 0.02517391 0.042188242 -0.012869559 0.025999993 0.024927368 -0.013434777 0.025695644 0.042188242 -0.011434777 0.026652165 0.042188242 -0.0072608627 0.027999997 0.042970851 -0.0089130364 0.027608693 0.042188242 -0.0093478188 0.0273913 0.042970851 -0.0093912967 0.027434774 0.042188242 -0.011347819 0.026608691 0.042970851 -0.013347821 0.02565217 0.042970851 -0.015217386 0.024565212 0.042970851 -0.017043475 0.023347817 0.042970851 -0.018739127 0.021999992 0.042970851 -0.020347822 0.02052173 0.042970851 -0.020521736 0.0203913 0.042970851 -0.021999996 0.018782601 0.042970851 -0.023347823 0.017086945 0.042970851 -0.024565216 0.01526086 0.042970851 -0.025652172 0.013347819 0.042970851 -0.026565216 0.011391297 0.042970851 -0.027347825 0.0093478188 0.042970851 -0.027999999 0.007260859 0.042970851 -0.028478259 0.0051304251 0.042970851 -0.028913043 0.00099998713 0.042970851 -0.028826086 -1.4901161e-08 0.043231718 -0.028782608 -0.0028695799 0.043057807 -0.028304346 -0.0057826228 0.043101288 -0.027608695 -0.0086087137 0.043231718 -0.026652172 -0.011217408 0.0432752 -0.02669565 -0.011347845 0.04279694 -0.025434781 -0.013913061 0.042709984 -0.023913041 -0.016391322 0.042623021 -0.021869563 -0.019043498 0.042188242 -0.020999998 -0.020000018 0.024927368 -0.023521736 -0.016956542 0.024927368 -0.023478258 -0.016956542 0.024753457 -0.023391303 -0.016869586 0.024536064 -0.023391303 -0.016869586 0.024536064 -0.023260867 -0.016782627 0.024449108 -0.023260867 -0.016782627 0.024449108 -0.020652171 -0.019652195 0.02440563 -0.023130432 -0.016652193 0.02440563 -0.027826086 -0.0061304495 0.02440563 -0.028565217 -0.002304364 0.024449108 -0.028565217 -0.002304364 0.024449108 -0.02873913 -0.0010000132 0.024492586 -0.02873913 -0.0010000132 0.024492586 -0.02873913 -0.0010000132 0.024492586 -0.028478259 -0.0010000132 0.02440563 -0.028478259 -0.0010000132 0.02440563 -0.028478259 -0.0010000132 0.02440563 -0.028521739 0.000260856 0.026883891 -0.028521739 0.000260856 0.026883891 -0.028521739 0.00069563836 0.026666498 -0.028521739 0.00069563836 0.026666498 -0.028521739 0.00095650926 0.026231715 -0.028521739 0.00095650926 0.026231715 -0.028521739 0.00095650926 0.026231715 -0.028521739 0.00099998713 0.02592737 -0.028521739 0.00099998713 0.02592737 -0.028521739 0.00099998713 0.02592737 -0.028652173 0.00099998713 0.024449108 -0.028652173 0.00099998713 0.024449108 -0.028521739 0.00099998713 0.02440563 -0.028521739 0.00099998713 0.02440563 -0.028521739 0.00099998713 0.02440563 -0.028521739 0.00099998713 0.02440563 -0.028521739 0.00099998713 0.02440563 -0.028565217 0.0024782494 0.024449108 -0.027913041 0.0066086873 0.024449108 -0.027913041 0.0066086873 0.024449108 -0.026782608 0.010695644 0.024536064 -0.026782608 0.010695644 0.024536064 -0.025043476 0.014521733 0.024753457 -0.022652172 0.018043473 0.024753457 -0.019782605 0.021130428 0.024753457 -0.016521733 0.023826078 0.024753457 -0.012869559 0.025956519 0.024753457 -0.0089565143 0.027608693 0.024927368 -0.0048260782 0.028608687 0.024927368 -0.0051739048 0.028521731 0.042188242 -0.005130427 0.028478257 0.042970851 -0.0029999912 0.02882608 0.042188242 -0.0029999912 0.028782606 0.042970851 -0.00082607754 0.028999992 0.042188242 -0.00082607754 0.028913036 0.042970851 9.3132257e-09 0.028956518 0.04279694 9.3132257e-09 0.028956518 0.04279694 -0.00078259967 0.028652169 0.043492593 -0.0029565133 0.028521731 0.043492593 -0.0050869491 0.028217383 0.043492593 -0.0071739051 0.027739123 0.043492593 -0.0092173852 0.027130432 0.043492593 -0.011260863 0.026347823 0.043492593 -0.013173908 0.025434777 0.043492593 -0.015086952 0.024391301 0.043492593 -0.01686956 0.023173906 0.043492593 -0.018565213 0.021826081 0.043536067 -0.020130431 0.020347819 0.043536067 -0.020304345 0.020217381 0.043536067 -0.021782605 0.018608689 0.043536067 -0.023130432 0.016913034 0.043536067 -0.024304345 0.015130423 0.043536067 -0.025391303 0.013260856 0.043536067 -0.026304346 0.011304334 0.043536067 -0.027086955 0.0093043372 0.043536067 -0.02773913 0.0072173774 0.043536067 -0.02821739 0.0050869435 0.043492593 -0.028652173 0.00099998713 0.043492593 -0.02869565 -1.4901161e-08 0.043492593 -0.028608695 -0.0028695799 0.043492593 -0.028434781 -0.0043043643 0.043536067 -0.028130434 -0.0056956671 0.043536067 -0.027434781 -0.0085217543 0.043623023 -0.026478259 -0.011086974 0.043623023 -0.025304345 -0.013652191 0.043623023 -0.025391303 -0.013782628 0.043188244 -0.023913041 -0.016260888 0.043144763 -0.022173909 -0.018565238 0.043188244 -0.022173909 -0.018695671 0.042666502 -0.021217387 -0.019782629 0.042666502 -0.020173909 -0.020826109 0.042536065 -0.019826084 -0.021173932 0.042231716 -0.019739127 -0.021260891 0.024927368 -0.020999998 -0.01995654 0.024753457 -0.02091304 -0.019913062 0.024536064 -0.02091304 -0.019913062 0.024536064 -0.020782605 -0.019782629 0.024449108 -0.020782605 -0.019782629 0.024449108 -0.017782604 -0.022260889 0.02440563 -0.028391303 -0.002304364 0.02440563 -0.028521739 -1.4901161e-08 0.02440563 -0.028521739 -1.4901161e-08 0.02440563 -0.028391303 0.0024782494 0.02440563 -0.02773913 0.0065652058 0.02440563 -0.026652172 0.010608688 0.024449108 -0.026652172 0.010608688 0.024449108 -0.024956521 0.014478251 0.024536064 -0.024956521 0.014478251 0.024536064 -0.022565214 0.01795651 0.024536064 -0.022565214 0.01795651 0.024536064 -0.019739127 0.021043472 0.024536064 -0.019739127 0.021043472 0.024536064 -0.016434778 0.023695648 0.024536064 -0.016434778 0.023695648 0.024536064 -0.012782604 0.025869556 0.024536064 -0.012782604 0.025869556 0.024536064 -0.0089130364 0.027565211 0.024753457 -0.0048260782 0.028565213 0.024753457 -0.0029999912 0.02882608 0.024927368 -0.00060868636 0.028999992 0.024927368 9.3132257e-09 0.028999992 0.042188242 0.0030000098 0.02882608 0.042188242 0.0026087053 0.028782606 0.042970851 0.0069565326 0.028173909 0.042188242 0.0089130551 0.027608693 0.042188242 0.0090434924 0.027565211 0.042188242 0.011086971 0.026782602 0.042188242 0.013086971 0.025869556 0.042188242 0.014434796 0.02517391 0.042188242 0.015000015 0.02482608 0.042188242 0.016826101 0.023608692 0.042188242 0.018565234 0.02226086 0.042188242 0.019304365 0.02165217 0.042188242 0.020217407 0.020826079 0.042188242 0.02169567 0.019217387 0.042188242 0.02160871 0.019217387 0.042970851 0.021391321 0.01908695 0.043536067 0.023000017 0.017565206 0.042970851 0.022739146 0.017391294 0.043536067 0.024260886 0.015739121 0.042970851 0.024000019 0.015652165 0.043536067 0.025347844 0.013869554 0.042970851 0.025130451 0.013782598 0.043536067 0.026347842 0.011956513 0.042970851 0.026086975 0.011826076 0.043536067 0.027173933 0.0099130347 0.042970851 0.026913062 0.009826079 0.043536067 0.027826104 0.007826075 0.042970851 0.027565237 0.0077826008 0.043536067 0.028347846 0.005695641 0.042970851 0.028086975 0.0056521595 0.043492593 0.028695669 0.0035652071 0.042970851 0.028913062 -1.4901161e-08 0.043014325 0.028826106 -0.0029130578 0.042579547 0.028826106 -0.0029130578 0.042579547 0.028391324 -0.0058261044 0.042623021 0.028434802 -0.0056956671 0.042231716 0.028260887 -0.0064347982 0.042231716 0.027608715 -0.0088695809 0.024927368 0.027478278 -0.0092174076 0.042231716 0.026652191 -0.011478279 0.042231716 0.026521757 -0.011782628 0.042231716 0.026695669 -0.011347845 0.04279694 0.026652191 -0.011217408 0.0432752 0.026478279 -0.011086974 0.043623023 0.027130451 -0.0083913207 0.043927372 0.027869582 -0.0056521893 0.043883897 0.028130453 -0.0042174049 0.043840416 0.028304365 -0.0028261021 0.043840416 0.028347846 -1.4901161e-08 0.043796934 0.028086975 -1.4901161e-08 0.044014327 0.028043497 0.0034782514 0.043883897 0.027695671 0.0056086853 0.043883897 0.027173933 0.0076521635 0.043927372 0.026521757 0.0096956417 0.043927372 0.026521757 0.0096956417 0.043927372 0.02569567 0.011652164 0.043927372 0.024782628 0.013565205 0.043927372 0.023652192 0.015391298 0.043927372 0.022434801 0.017130427 0.043927372 0.021086972 0.018782601 0.043927372 0.01960871 0.020347819 0.043927372 0.018043492 0.021739125 0.043883897 0.01634784 0.023043469 0.043883897 0.014565233 0.024217382 0.043883897 0.012695666 0.025260866 0.043883897 0.010782622 0.02613043 0.043883897 0.0087826215 0.026869558 0.043883897 0.0067391433 0.027478255 0.043883897 0.0046521835 0.027913041 0.043883897 0.0025652274 0.028173909 0.043883897 0.0026087053 0.028565213 0.043492593 9.3132257e-09 0.028652169 0.043536067 9.3132257e-09 0.028652169 0.043536067 -0.00078259967 0.028260864 0.043883897 -0.0029130355 0.028130427 0.043883897 -0.0049999915 0.027826078 0.043883897 -0.0070869494 0.0273913 0.043883897 -0.0091304276 0.026782602 0.043883897 -0.01108695 0.025999993 0.043883897 -0.012999995 0.025086947 0.043883897 -0.01486956 0.024043471 0.043883897 -0.016608691 0.022826083 0.043883897 -0.018304344 0.021521732 0.043883897 -0.019869562 0.020086952 0.043927372 -0.020043474 0.019913033 0.043927372 -0.021478258 0.018347815 0.043927372 -0.022782605 0.016695641 0.043927372 -0.023999996 0.014913037 0.043927372 -0.025043476 0.013043471 0.043927372 -0.025956519 0.011130422 0.043927372 -0.02669565 0.0091304258 0.043927372 -0.027347825 0.0070869476 0.043883897 -0.027782608 0.0049999878 0.043883897 -0.028260868 0.00099998713 0.043883897 -0.028304346 -1.4901161e-08 0.043840416 -0.028304346 -0.0028261021 0.043840416 -0.028130434 -0.0042174049 0.043840416 -0.028130434 -0.0042174049 0.043840416 -0.027869564 -0.0056521893 0.043883897 -0.027869564 -0.0056521893 0.043883897 -0.027130432 -0.0083913207 0.043927372 -0.027130432 -0.0083913207 0.043927372 -0.02621739 -0.010956541 0.043927372 -0.025043476 -0.013478279 0.043927372 -0.023565214 -0.015913062 0.043883897 -0.023565214 -0.015913062 0.043883897 -0.023782607 -0.016086977 0.043579549 -0.022086954 -0.018391322 0.043623023 -0.020130431 -0.020565238 0.043579549 -0.020217389 -0.020739149 0.043101288 -0.018434778 -0.022391327 0.042188242 -0.017956518 -0.022782631 0.042188242 -0.018086951 -0.022652194 0.024927368 -0.018086951 -0.022652194 0.024753457 -0.017999995 -0.02252176 0.024536064 -0.017999995 -0.02252176 0.024536064 -0.01791304 -0.022391327 0.024449108 -0.01791304 -0.022391327 0.024449108 -0.015913039 -0.023869585 0.024449108 -0.015913039 -0.023869585 0.024449108 -0.013565212 -0.02778263 0.024449108 -0.013565212 -0.02778263 0.024449108 -0.01360869 -0.027260892 0.024449108 -0.013478255 -0.027695674 0.02440563 -0.013478255 -0.027695674 0.02440563 -0.013391299 -0.027652197 0.02440563 -0.013391299 -0.027652197 0.02440563 -0.013434777 -0.027260892 0.02440563 -0.014086952 -0.025869586 0.024449108 -0.014086952 -0.025869586 0.024449108 -0.013956516 -0.02578263 0.02440563 -0.014956516 -0.024652194 0.024449108 -0.014956516 -0.024652194 0.024449108 -0.014826082 -0.024521761 0.02440563 -0.015782604 -0.023739152 0.02440563 -0.026478259 0.010565206 0.02440563 -0.024782605 0.014391296 0.024449108 -0.024782605 0.014391296 0.024449108 -0.02243478 0.017869554 0.024449108 -0.02243478 0.017869554 0.024449108 -0.019608691 0.020913035 0.024449108 -0.019608691 0.020913035 0.024449108 -0.016347822 0.02356521 0.024449108 -0.016347822 0.02356521 0.024449108 -0.012739124 0.025695644 0.024449108 -0.012739124 0.025695644 0.024449108 -0.0089130364 0.027434774 0.024536064 -0.0089130364 0.027434774 0.024536064 -0.0047826003 0.028434776 0.024536064 -0.0047826003 0.028434776 0.024536064 -0.00060868636 0.028956518 0.024753457 0.0030000098 0.02882608 0.024927368 0.0036521852 0.028782606 0.024927368 0.0077826194 0.027913041 0.024927368 0.0089130551 0.027608693 0.024927368 0.011782624 0.026478253 0.024927368 0.014434796 0.02517391 0.024927368 0.015521754 0.024478257 0.024927368 0.01891306 0.021956518 0.024927368 0.019304365 0.02165217 0.024927368 0.021913059 0.018956512 0.024927368 0.023086973 0.017521732 0.042188242 0.023347843 0.017173901 0.042188242 0.025478277 0.013869554 0.042188242 0.026391324 0.011999987 0.042188242 0.027260888 0.0099130347 0.042188242 0.02791306 0.007826075 0.042188242 0.028304365 0.006260857 0.042188242 0.028782628 0.0035652071 0.042188242 0.029000018 0.00030433387 0.042188242 0.029000018 -1.4901161e-08 0.042188242 0.02895654 -0.0016521886 0.042188242 0.028869584 -0.0029130578 0.042188242 0.028652191 -0.0044782758 0.042231716 0.028434802 -0.0056956671 0.024927368 0.027565237 -0.0088695809 0.024753457 0.026652191 -0.011478279 0.024927368 0.026000019 -0.012826104 0.024927368 0.025347844 -0.014043495 0.042231716 0.025434799 -0.013913061 0.042709984 0.025391322 -0.013782628 0.043188244 0.025304366 -0.013652191 0.043623023 0.025304366 -0.013652191 0.043623023 0.023913059 -0.016260888 0.043144763 0.023782626 -0.016086977 0.043579549 0.023782626 -0.016086977 0.043579549 0.025043495 -0.013478279 0.043927372 0.025043495 -0.013478279 0.043927372 0.026217408 -0.010956541 0.043927372 0.026739147 -0.0082174093 0.044101283 0.027478278 -0.0055217557 0.044101283 0.027739149 -0.004173927 0.044101283 0.02791306 -0.0027826242 0.044057809 0.02791306 -0.0027826242 0.044057809 0.027956542 -1.4901161e-08 0.044057809 0.0274348 -1.4901161e-08 0.044188239 0.027521756 0.0033912882 0.044144765 0.027173933 0.005478248 0.044144765 0.026652191 0.0075217262 0.044144765 0.02521741 0.011434771 0.044144765 0.024304364 0.013304338 0.044144765 0.02321741 0.015086949 0.044144765 0.022043496 0.016782597 0.044144765 0.020695668 0.018391296 0.044144765 0.019260883 0.019913033 0.044144765 0.017695669 0.021304339 0.044144765 0.016043492 0.02260869 0.044144765 0.014304362 0.023739122 0.044144765 0.012478273 0.024739124 0.044144765 0.010565229 0.025608689 0.044144765 0.0086087063 0.026347823 0.044144765 0.006608706 0.026913039 0.044144765 0.0045652278 0.027347818 0.044144765 0.0025217496 0.027608693 0.044144765 9.3132257e-09 0.027999997 0.044057809 -0.00078259967 0.027739123 0.044144765 -0.0028695557 0.027608693 0.044144765 -0.0049130358 0.027304344 0.044144765 -0.006956514 0.026826084 0.044144765 -0.0089565143 0.02626086 0.044144765 -0.010913037 0.025478251 0.044144765 -0.012782604 0.024608687 0.044144765 -0.014608691 0.02356521 0.044144765 -0.016347822 0.022391297 0.044144765 -0.017999995 0.021086946 0.044144765 -0.019521736 0.019652165 0.044144765 -0.019652169 0.019521728 0.044144765 -0.021086954 0.01795651 0.044144765 -0.022391301 0.016347818 0.044144765 -0.023521736 0.014608689 0.044144765 -0.024565216 0.012782596 0.044144765 -0.025478259 0.010913029 0.044144765 -0.02621739 0.0089565143 0.044144765 -0.027260868 0.0049130321 0.044144765 -0.02769565 0.00095650926 0.044144765 -0.027565217 -1.4901161e-08 0.044188239 -0.027956521 -1.4901161e-08 0.044057809 -0.027956521 -1.4901161e-08 0.044057809 -0.027913041 -0.0027826242 0.044057809 -0.027913041 -0.0027826242 0.044057809 -0.02773913 -0.004173927 0.044101283 -0.02773913 -0.004173927 0.044101283 -0.027478259 -0.0055217557 0.044101283 -0.027478259 -0.0055217557 0.044101283 -0.026739128 -0.0082174093 0.044101283 -0.025826085 -0.010782626 0.044101283 -0.024652172 -0.013260886 0.044101283 -0.023260867 -0.015652191 0.044101283 -0.021608692 -0.017826106 0.044144765 -0.02191304 -0.018130455 0.043927372 -0.020086953 -0.020434804 0.04375346 -0.017999995 -0.022565238 0.043362156 -0.017521735 -0.023086976 0.042188242 -0.016782604 -0.023652196 0.042188242 -0.015652169 -0.024434805 0.042188242 -0.016086951 -0.024130456 0.042188242 -0.016086951 -0.024130456 0.024927368 -0.016043473 -0.024086978 0.024709979 -0.015999995 -0.024000023 0.024536064 -0.015999995 -0.024000023 0.024536064 -0.015086952 -0.024782632 0.024536064 -0.015086952 -0.024782632 0.024536064 -0.014260864 -0.025956545 0.024536064 -0.014260864 -0.025956545 0.024536064 -0.013782604 -0.02730437 0.024536064 -0.013782604 -0.02730437 0.024536064 -0.013695647 -0.027956545 0.024536064 -0.013695647 -0.027956545 0.024536064 -0.013565212 -0.02778263 -0.022855256 -0.013347821 -0.027652197 -0.023594385 -0.013521734 -0.027826108 -0.023637865 -0.013173908 -0.027565241 -0.022855256 -0.013173908 -0.027565241 0.02440563 -0.013173908 -0.027565241 0.02440563 -0.024652172 0.01430434 0.02440563 -0.022304345 0.017739125 0.02440563 -0.019478258 0.020826079 0.02440563 -0.016217386 0.023434773 0.02440563 -0.012652168 0.025521733 0.02440563 -0.0088260807 0.027260862 0.024449108 -0.0088260807 0.027260862 0.024449108 -0.0047826003 0.028260864 0.024449108 -0.0047826003 0.028260864 0.024449108 -0.00060868636 0.02882608 0.024536064 -0.00060868636 0.02882608 0.024536064 0.0036521852 0.028739125 0.024753457 0.0077826194 0.027913041 0.024753457 0.011782624 0.026478253 0.024753457 0.015521754 0.024478257 0.024753457 0.01891306 0.021956518 0.024753457 0.021913059 0.018956512 0.024753457 0.023347843 0.017173901 0.024927368 0.024478279 0.015565209 0.024927368 0.026391324 0.011999987 0.024927368 0.026478279 0.011826076 0.024927368 0.02791306 0.0078695565 0.024927368 0.028304365 0.006260857 0.024927368 0.028782628 0.003695637 0.024927368 0.029000018 0.00030433387 0.024927368 0.029000018 -0.00052175298 0.024927368 0.028608713 -0.0047826245 0.024927368 0.028565235 -0.0047391467 0.024753457 0.02847828 -0.0047391467 0.024536064 0.02847828 -0.0047391467 0.024536064 0.027478278 -0.0088261031 0.024536064 0.027478278 -0.0088261031 0.024536064 0.025739148 -0.012652192 0.024449108 0.025739148 -0.012652192 0.024449108 0.027304366 -0.0087826252 0.024449108 0.027304366 -0.0087826252 0.024449108 0.025869582 -0.012739148 0.024536064 0.025869582 -0.012739148 0.024536064 0.026000019 -0.012782626 0.024753457 0.023869582 -0.016478281 0.024927368 0.023913059 -0.016391322 0.042188242 0.02369567 -0.016695671 0.042188242 0.023913059 -0.016391322 0.042623021 0.02217393 -0.018695671 0.042666502 0.021217406 -0.019782629 0.042666502 0.022086974 -0.018391322 0.043623023 0.021913059 -0.018130455 0.043927372 0.023565233 -0.015913062 0.043883897 0.023565233 -0.015913062 0.043883897 0.024652191 -0.013260886 0.044101283 0.025826104 -0.010782626 0.044101283 0.025391322 -0.0091739297 0.044188239 0.026217408 -0.006521754 0.044188239 0.026739147 -0.003869582 0.044188239 0.026869584 -0.002608709 0.044188239 0.02695654 -0.001304362 0.044188239 0.027000017 -0.00039131939 0.044188239 0.027000017 -1.4901161e-08 0.044188239 0.026782628 0.0033043325 0.044188239 0.026565235 0.0047825947 0.044188239 0.026000019 0.0073043332 0.044188239 0.025304366 0.0093912929 0.044188239 0.024608713 0.011086948 0.044188239 0.02321741 0.013782598 0.044188239 0.022695668 0.014652163 0.044188239 0.020434797 0.017652169 0.044188239 0.020217407 0.017913036 0.044188239 0.017304365 0.020739123 0.044188239 0.016956538 0.02099999 0.044188239 0.013956536 0.02308695 0.044188239 0.012956534 0.023695648 0.044188239 0.010347839 0.024956517 0.044188239 0.0085217506 0.025608689 0.044188239 0.0064782724 0.026217386 0.044188239 0.0038260967 0.026739128 0.044188239 9.3132257e-09 0.026999995 0.044188239 -0.00078259967 0.026999995 0.044188239 -0.0047826003 0.026565209 0.044188239 -0.0048260782 0.026565209 0.044188239 -0.0087391231 0.025521733 0.044188239 -0.0093912967 0.02530434 0.044188239 -0.012478255 0.023913033 0.044188239 -0.013739125 0.023260862 0.044188239 -0.015956517 0.021782599 0.044188239 -0.017652169 0.020434774 0.044188239 -0.019217387 0.018999994 0.044188239 -0.020999998 0.01699999 0.044188239 -0.021826085 0.015869558 0.044188239 -0.023652172 0.012999989 0.044188239 -0.023956519 0.012434773 0.044188239 -0.025565216 0.0086956397 0.044188239 -0.025565216 0.0086521655 0.044188239 -0.026565216 0.0047825947 0.044188239 -0.02669565 0.0039565116 0.044188239 -0.026999999 -1.4901161e-08 0.044188239 -0.026999999 -0.00039131939 0.044188239 -0.026826086 -0.0029565357 0.044188239 -0.026478259 -0.0053913184 0.044188239 -0.025782607 -0.0079565383 0.044188239 -0.024913041 -0.010391321 0.044188239 -0.023739127 -0.012869582 0.044188239 -0.022304345 -0.015217409 0.044188239 -0.020826083 -0.017173931 0.044188239 -0.01743478 -0.021391325 0.044188239 -0.01943478 -0.01947828 0.044188239 -0.019739127 -0.019913062 0.044101283 -0.019999996 -0.020260889 0.043883897 -0.01791304 -0.022260889 0.043796934 -0.017956518 -0.022434805 0.043579549 -0.017956518 -0.022434805 0.043579549 -0.01686956 -0.023434803 0.043318674 -0.015695646 -0.024217412 0.04340563 -0.015695646 -0.024391327 0.042840414 -0.015608691 -0.024478283 0.042188242 -0.015217386 -0.024869587 0.024927368 -0.015173908 -0.024869587 0.024753457 -0.014347821 -0.026000023 0.024753457 -0.013913038 -0.027347848 0.024753457 -0.013826082 -0.02826089 0.024753457 -0.013826082 -0.02826089 0.024753457 -0.013826082 -0.028434806 0.024927368 -0.013826082 -0.028434806 0.024666497 -0.013826082 -0.028434806 0.02440563 -0.013826082 -0.028434806 -0.022855256 -0.013782604 -0.028130457 -0.022855256 -0.013695647 -0.028043501 -0.023637865 -0.013391299 -0.027869586 -0.024072647 -0.013217386 -0.027695674 -0.024029167 -0.013217386 -0.027695674 -0.024029167 -0.01308695 -0.027565241 -0.023594385 -0.012782604 -0.027695674 -0.024376994 -0.012565212 -0.027608719 -0.024246559 -0.012217386 -0.027695674 -0.02398569 -0.011347819 -0.028043501 -0.024681343 -0.01156521 -0.027956545 -0.024550907 -0.011913037 -0.027826108 -0.023768298 -0.01208695 -0.027739152 -0.024159603 -0.012434777 -0.027565241 -0.022855256 -0.012739124 -0.027478281 0.02440563 -0.012739124 -0.027478281 0.02440563 -0.008782601 0.027130432 0.02440563 -0.0047391225 0.028086953 0.02440563 -0.00060868636 0.028652169 0.024449108 -0.00060868636 0.028652169 0.024449108 0.0036087073 0.028608687 0.024536064 0.0036087073 0.028608687 0.024536064 0.0077391416 0.027782604 0.024536064 0.0077391416 0.027782604 0.024536064 0.011739142 0.026347823 0.024536064 0.011739142 0.026347823 0.024536064 0.015434798 0.024391301 0.024536064 0.015434798 0.024391301 0.024536064 0.018826101 0.021869555 0.024536064 0.018826101 0.021869555 0.024536064 0.021826103 0.018869556 0.024536064 0.021826103 0.018869556 0.024536064 0.024434801 0.015565209 0.024753457 0.026434802 0.011826076 0.024753457 0.027869582 0.007826075 0.024753457 0.028739151 0.003695637 0.024753457 0.02895654 -0.00052175298 0.024753457 0.028869584 -0.00052175298 0.024536064 0.028869584 -0.00052175298 0.024536064 0.028652191 -0.00052175298 0.024449108 0.028652191 -0.00052175298 0.024449108 0.028304365 -0.0046956688 0.024449108 0.028304365 -0.0046956688 0.024449108 0.028130453 -0.0046956688 0.02440563 0.027130451 -0.0087391473 0.02440563 0.025565233 -0.012608714 0.02440563 0.023434799 -0.016173933 0.02440563 0.023608714 -0.016304366 0.024449108 0.023608714 -0.016304366 0.024449108 0.023739148 -0.016391322 0.024536064 0.023739148 -0.016391322 0.024536064 0.023826104 -0.0164348 0.024753457 0.02369567 -0.016695671 0.024927368 0.021217406 -0.019782629 0.024927368 0.02217393 -0.018695671 0.042188242 0.020478278 -0.020565238 0.042231716 0.02017393 -0.020826109 0.042536065 0.018391319 -0.022434805 0.042188242 0.020130452 -0.020565238 0.043579549 0.020086974 -0.020434804 0.04375346 0.020000014 -0.020260889 0.043883897 0.02160871 -0.017826106 0.044144765 0.023260888 -0.015652191 0.044101283 0.022739146 -0.014565237 0.044188239 0.023173928 -0.013869584 0.044188239 0.023173928 -0.013869584 0.044188239 0.024391323 -0.011608712 0.044188239 0.025130451 -0.0065652318 0.044188239 0.025130451 -0.0065652318 0.044188239 0.026000019 -0.0010434911 0.044188239 0.026000019 -0.0010434911 0.044188239 0.025608715 0.0045652017 0.044188239 0.025608715 0.0045652017 0.044188239 0.024000019 0.0099999905 0.044188239 0.024000019 0.0099999905 0.044188239 0.021304365 0.014913037 0.044188239 0.021304365 0.014913037 0.044188239 0.01760871 0.019130424 0.044188239 0.01760871 0.019130424 0.044188239 0.013086971 0.022478253 0.044188239 0.013086971 0.022478253 0.044188239 0.0079565346 0.024739124 0.044188239 0.0079565346 0.024739124 0.044188239 0.0024347939 0.025869556 0.044188239 0.0024347939 0.025869556 0.044188239 -0.0031739045 0.0257826 0.044188239 -0.0031739045 0.0257826 0.044188239 -0.0086521674 0.024521731 0.044188239 -0.0086521674 0.024521731 0.044188239 -0.0086521674 0.024521731 0.044188239 -0.013739125 0.022086948 0.044188239 -0.013739125 0.022086948 0.044188239 -0.018173909 0.018608689 0.044188239 -0.018173909 0.018608689 0.044188239 -0.021739127 0.014260858 0.044188239 -0.021739127 0.014260858 0.044188239 -0.024304345 0.0092608556 0.044188239 -0.024304345 0.0092608556 0.044188239 -0.02569565 0.0038260743 0.044188239 -0.02569565 0.0038260743 0.044188239 -0.025956519 -0.0017826222 0.044188239 -0.025956519 -0.0017826222 0.044188239 -0.024956521 -0.007304363 0.044188239 -0.024956521 -0.007304363 0.044188239 -0.022782605 -0.012521755 0.044188239 -0.022782605 -0.012521755 0.044188239 -0.019565213 -0.017130453 0.044188239 -0.019565213 -0.017130453 0.044188239 -0.018956518 -0.019217409 0.044188239 -0.01686956 -0.021086976 0.044188239 -0.015260865 -0.022956543 0.044188239 -0.017739126 -0.021869585 0.044057809 -0.016782604 -0.023173936 0.04375346 -0.015565213 -0.023739152 0.043970853 -0.015608691 -0.023913063 0.043796934 -0.015652169 -0.024086978 0.043623023 -0.015173908 -0.024565239 0.043492593 -0.015173908 -0.024782632 0.043014325 -0.015173908 -0.024782632 0.043014325 -0.01513043 -0.024956543 0.042405635 -0.01513043 -0.024956543 0.042231716 -0.014695647 -0.025521759 0.024927368 -0.014391299 -0.026000023 0.024927368 -0.013956516 -0.027347848 0.024927368 -0.013956516 -0.029434806 0.037840411 -0.013999995 -0.029565241 0.037623025 -0.014565212 -0.031130457 -0.022376994 -0.013999995 -0.029565241 -0.02272482 -0.013913038 -0.029000023 -0.022811776 -0.013826082 -0.028434806 -0.022942211 -0.013739125 -0.028478283 -0.023855254 -0.013565212 -0.028086979 -0.024116125 -0.013391299 -0.02834785 -0.024594385 -0.013304342 -0.028173935 -0.024594385 -0.013173908 -0.027956545 -0.024550907 -0.012956517 -0.02778263 -0.024463952 -0.012956517 -0.02778263 -0.024463952 -0.012652168 -0.027913067 -0.024811776 -0.012652168 -0.027913067 -0.024811776 -0.012304341 -0.027739152 -0.024550907 -0.012304341 -0.027739152 -0.024550907 -0.012043472 -0.027826108 -0.024768298 -0.011521732 -0.028043501 -0.025029168 -0.011478255 -0.028043501 -0.024898734 -0.008782601 -0.028956544 -0.025724821 0.0060000122 -0.029652197 -0.026594386 0.0084347948 -0.029043501 0.02440563 0.0084347948 -0.029043501 0.02440563 0.0028695762 -0.030130457 0.02440563 0.0028695762 -0.030130457 0.02440563 0.0030000098 -0.030086979 -0.027116125 9.3132257e-09 -0.030260893 -0.027290039 -0.0028695557 -0.030130457 0.02440563 -0.0028695557 -0.030130457 0.02440563 -0.003043469 -0.030086979 -0.027116125 -0.0059999917 -0.029652197 -0.026594386 -0.0084347762 -0.029043501 0.02440563 -0.0084347762 -0.029043501 0.02440563 -0.012434777 -0.027565241 0.02440563 -0.012434777 -0.027565241 0.02440563 -0.00060868636 0.028478257 0.02440563 0.0036087073 0.028434776 0.024449108 0.0036087073 0.028434776 0.024449108 0.0076956637 0.027608693 0.024449108 0.0076956637 0.027608693 0.024449108 0.011652187 0.026217386 0.024449108 0.011652187 0.026217386 0.024449108 0.015347842 0.024217382 0.024449108 0.015347842 0.024217382 0.024449108 0.018695667 0.021739125 0.024449108 0.018695667 0.021739125 0.024449108 0.02169567 0.018739119 0.024449108 0.02169567 0.018739119 0.024449108 0.024347842 0.015478253 0.024536064 0.024347842 0.015478253 0.024536064 0.026347842 0.011782601 0.024536064 0.026347842 0.011782601 0.024536064 0.027782626 0.007826075 0.024536064 0.027782626 0.007826075 0.024536064 0.028608713 0.003695637 0.024536064 0.028608713 0.003695637 0.024536064 0.028434802 0.0036521628 0.024449108 0.028434802 0.0036521628 0.024449108 0.028260887 0.0036521628 0.02440563 0.02847828 -0.00052175298 0.02440563 0.020826101 -0.019434802 0.02440563 0.020956539 -0.019565236 0.024449108 0.020956539 -0.019565236 0.024449108 0.021086972 -0.019695673 0.024536064 0.021086972 -0.019695673 0.024536064 0.021173928 -0.019739151 0.024753457 0.019739147 -0.021260891 0.024927368 0.018086974 -0.022652194 0.024927368 0.017521754 -0.023086976 0.042188242 0.016782623 -0.023652196 0.042188242 0.018000014 -0.022565238 0.043362156 0.017956536 -0.022434805 0.043579549 0.017913058 -0.022260889 0.043796934 0.019739147 -0.019913062 0.044101283 0.019739147 -0.019913062 0.044101283 0.019434799 -0.01947828 0.044188239 0.019434799 -0.018739149 0.044188239 0.021260887 -0.016652193 0.044188239 0.02313045 -0.011826105 0.044188239 0.02313045 -0.011826105 0.044188239 0.02313045 -0.011826105 0.038709983 0.02313045 -0.011826105 0.038709983 0.025130451 -0.0065652318 0.038709983 0.025130451 -0.0065652318 0.038709983 0.026000019 -0.0010434911 0.038709983 0.026000019 -0.0010434911 0.038709983 0.025608715 0.0045652017 0.038709983 0.025608715 0.0045652017 0.038709983 0.024000019 0.0099999905 0.038709983 0.024000019 0.0099999905 0.038709983 0.021304365 0.014913037 0.038709983 0.021304365 0.014913037 0.038709983 0.01760871 0.019130424 0.038709983 0.01760871 0.019130424 0.038709983 0.013086971 0.022478253 0.038709983 0.013086971 0.022478253 0.038709983 0.0079565346 0.024739124 0.038709983 0.0079565346 0.024739124 0.038709983 0.0024347939 0.025869556 0.038709983 0.0024347939 0.025869556 0.038709983 -0.0031739045 0.0257826 0.038709983 -0.0031739045 0.0257826 0.038709983 -0.0086521674 0.024521731 0.038709983 -0.0086521674 0.024521731 0.038709983 -0.0086521674 0.024521731 0.038709983 -0.013739125 0.022086948 0.038709983 -0.013739125 0.022086948 0.038709983 -0.018173909 0.018608689 0.038709983 -0.018173909 0.018608689 0.038709983 -0.021739127 0.014260858 0.038709983 -0.021739127 0.014260858 0.038709983 -0.024304345 0.0092608556 0.038709983 -0.024304345 0.0092608556 0.038709983 -0.02569565 0.0038260743 0.038709983 -0.02569565 0.0038260743 0.038709983 -0.025956519 -0.0017826222 0.038709983 -0.025956519 -0.0017826222 0.038709983 -0.024956521 -0.007304363 0.038709983 -0.024956521 -0.007304363 0.038709983 -0.022782605 -0.012521755 0.038709983 -0.022782605 -0.012521755 0.038709983 -0.019565213 -0.017130453 0.038709983 -0.019565213 -0.017130453 0.038709983 -0.015434777 -0.020913064 0.038709983 -0.015434777 -0.020913064 0.038709983 -0.01056521 -0.023739152 0.038709983 -0.01056521 -0.023739152 0.038709983 -0.015434777 -0.020913064 0.044188239 -0.015434777 -0.020913064 0.044188239 -0.014652168 -0.022695672 0.044188239 -0.012304341 -0.0240435 0.044188239 -0.012869559 -0.024217412 0.044188239 -0.015478256 -0.023521759 0.044057809 -0.014391299 -0.024347849 0.044057809 -0.014478256 -0.024565239 0.043927372 -0.014565212 -0.024739154 0.043796934 -0.014652168 -0.024913065 0.043623023 -0.014652168 -0.024913065 0.043623023 -0.014695647 -0.025173936 0.043231718 -0.014695647 -0.025173936 0.043231718 -0.014695647 -0.025173936 0.043231718 -0.014695647 -0.025434803 0.042709984 -0.014130429 -0.026391327 0.042449109 -0.014217386 -0.02626089 0.042492591 -0.014217386 -0.026217412 0.042405635 -0.014782604 -0.025391325 0.042231716 -0.014260864 -0.02626089 0.041492589 -0.013956516 -0.027260892 0.040449113 -0.013826082 -0.028304372 0.039231718 -0.013782604 -0.028869588 0.039927371 -0.013999995 -0.029913066 0.038796939 -0.014565212 -0.031173937 0.035753459 -0.015347821 -0.032608718 0.033840418 -0.015347821 -0.032608718 -0.021811776 -0.015565213 -0.032913066 -0.021681342 -0.017260864 -0.035347849 -0.020507429 -0.01886956 -0.037521765 -0.019246558 -0.019478258 -0.038304374 -0.01868134 -0.0203913 -0.039391331 -0.017811775 -0.01743478 -0.035565242 0.030275198 -0.017565213 -0.035913069 0.031666502 -0.019608691 -0.0386522 0.027883893 -0.021652171 -0.041086983 0.023840411 -0.023565214 -0.043260895 0.019623021 -0.025260868 -0.045086984 0.015188234 -0.025999999 -0.045826115 0.012883889 -0.026652172 -0.046521768 0.010536062 -0.02721739 -0.047043506 0.0081012752 -0.027652172 -0.047478288 0.0056230146 -0.027913041 -0.047695681 0.0031012762 -0.027956521 -0.047739159 0.00097084045 -0.027608695 -0.047347855 0.00066649169 -0.027608695 -0.047347855 0.00023170933 -0.027521737 -0.047260899 -0.0019856822 -0.02721739 -0.04695655 -0.0042465534 -0.026739128 -0.04647829 -0.0064639449 -0.026086954 -0.045826115 -0.0085943807 -0.02621739 -0.046000026 -0.0094204675 -0.025478259 -0.045217417 -0.011203077 -0.024652172 -0.044347852 -0.012855251 -0.023739127 -0.043391332 -0.014376991 -0.022782605 -0.042304374 -0.015768297 -0.021782605 -0.041130461 -0.017072644 -0.019695649 -0.038608722 -0.019290037 -0.017565213 -0.035826109 -0.021116123 -0.015434777 -0.032826111 -0.022594385 -0.014565212 -0.031347848 -0.023203081 -0.013956516 -0.029652197 -0.023550907 -0.013826082 -0.029086979 -0.023637865 -0.013695647 -0.028521761 -0.024072647 -0.013434777 -0.028565239 -0.024550907 -0.012913037 -0.028695676 -0.025116125 -0.012695646 -0.028565239 -0.025246561 -0.012695646 -0.028565239 -0.025246561 -0.01260869 -0.028391328 -0.025246561 -0.012478255 -0.028173935 -0.025159603 -0.012347819 -0.028043501 -0.025072647 -0.011695646 -0.028173935 -0.025290038 -0.0089565143 -0.029000023 -0.026116125 -0.0089565143 -0.029000023 -0.026116125 -0.0060869493 -0.029695675 -0.026942212 -0.0030869469 -0.030173937 -0.027463952 9.3132257e-09 -0.03030437 -0.027637865 9.3132257e-09 -0.03030437 -0.027637865 0.0030869655 -0.030173937 -0.027463952 0.0030869655 -0.030173937 -0.027463952 0.0060869679 -0.029695675 -0.026942212 0.0060869679 -0.029695675 -0.026942212 0.0089565329 -0.029000023 -0.026116125 0.0089565329 -0.029000023 -0.026116125 0.011782624 -0.02826089 -0.025376994 0.01234784 -0.028043501 -0.025072647 0.012217406 -0.027913067 -0.024898734 0.012565229 -0.027608719 -0.024246559 0.012217406 -0.027695674 -0.02398569 0.012304362 -0.027608719 -0.023768298 0.012391318 -0.027608719 -0.02346395 0.012434795 -0.027565241 -0.023116125 0.012739144 -0.027478281 -0.022855256 0.012434795 -0.027565241 -0.022855256 0.012434795 -0.027565241 0.02440563 0.012434795 -0.027565241 0.02440563 0.0035652295 0.028260864 0.02440563 0.0076521859 0.027434774 0.02440563 0.011565231 0.026043475 0.02440563 0.015260883 0.024086952 0.02440563 0.018608712 0.021608688 0.02440563 0.021565232 0.018652163 0.02440563 0.02417393 0.015391298 0.024449108 0.02417393 0.015391298 0.024449108 0.026173931 0.011695638 0.024449108 0.026173931 0.011695638 0.024449108 0.027608715 0.0077826008 0.024449108 0.027608715 0.0077826008 0.024449108 0.0274348 0.0076956376 0.02440563 0.017782625 -0.022260889 0.02440563 0.015782624 -0.023739152 0.02440563 0.015913058 -0.023869585 0.024449108 0.015913058 -0.023869585 0.024449108 0.017913058 -0.022391327 0.024449108 0.017913058 -0.022391327 0.024449108 0.018000014 -0.022565238 0.024536064 0.018000014 -0.022565238 0.024536064 0.018086974 -0.022652194 0.024753457 0.01608697 -0.024130456 0.024927368 0.01608697 -0.024130456 0.042188242 0.015695665 -0.024391327 0.042840414 0.015695665 -0.024217412 0.04340563 0.016869579 -0.023434803 0.043318674 0.016782623 -0.023173936 0.04375346 0.017739147 -0.021869585 0.044057809 0.017434798 -0.021391325 0.044188239 0.015086971 -0.022391327 0.044188239 0.017347842 -0.020695671 0.044188239 0.020043492 -0.016521759 0.044188239 0.020043492 -0.016521759 0.044188239 0.020043492 -0.016521759 0.044188239 0.020043492 -0.016521759 0.038709983 0.020043492 -0.016521759 0.038709983 0.020043492 -0.016521759 0.038709983 9.3132257e-09 -1.4901161e-08 0.038709983 -0.0052173827 -0.025478281 0.038709983 -0.0052173827 -0.025478281 0.038709983 -0.0052173827 -0.025478281 0.038709983 -0.01056521 -0.023739152 0.044188239 -0.01056521 -0.023739152 0.044188239 -0.010043472 -0.025086977 0.044188239 -0.010434777 -0.025347847 0.044188239 -0.01056521 -0.025826108 0.044188239 -0.01308695 -0.024739154 0.044144765 -0.013173908 -0.024956543 0.044101283 -0.013304342 -0.025173936 0.044057809 -0.011999995 -0.02578263 0.044101283 -0.013391299 -0.025391325 0.043970853 -0.014086952 -0.025260892 0.04375346 -0.014217386 -0.025608718 0.043449111 -0.014260864 -0.025913063 0.043014325 -0.013739125 -0.026739154 0.042840414 -0.01360869 -0.027043499 0.042666502 -0.014043473 -0.026695672 0.042014331 -0.013782604 -0.027826108 0.041014329 -0.013652168 -0.029086979 0.040405631 -0.013869559 -0.030173937 0.039318673 -0.014652168 -0.031652197 0.036927372 -0.015478256 -0.032869589 0.034883894 -0.017565213 -0.036260895 0.032188237 -0.019695649 -0.039000027 0.028318675 -0.021739127 -0.041521765 0.024231715 -0.02369565 -0.043652199 0.019927366 -0.025521737 -0.04591307 0.015623016 -0.026304346 -0.046652202 0.013275189 -0.026999999 -0.047260899 0.010840407 -0.027565217 -0.047782637 0.0083621461 -0.027999999 -0.048130464 0.0057969298 -0.028260868 -0.048347853 0.003188232 -0.028304346 -0.048304375 0.0010577962 -0.028347826 -0.048434813 0.0010577962 -0.028304346 -0.048260897 0.00066649169 -0.028304346 -0.048260897 0.00023170933 -0.028304346 -0.048260897 0.00023170933 -0.027608695 -0.047347855 0.00023170933 -0.027913041 -0.047695681 -0.0016378574 -0.02769565 -0.047478288 -0.0036813356 -0.027304346 -0.047130462 -0.0056813359 -0.026826086 -0.046608724 -0.0075943805 -0.026478259 -0.046521768 -0.0097682942 -0.02569565 -0.045782637 -0.011594381 -0.024826085 -0.044869594 -0.013290035 -0.023913041 -0.04391307 -0.014855253 -0.022913041 -0.042826116 -0.016290035 -0.021869563 -0.041652203 -0.017637862 -0.019695649 -0.039086983 -0.019985689 -0.019695649 -0.039086983 -0.019985689 -0.017521735 -0.036260895 -0.021855254 -0.017521735 -0.036260895 -0.021855254 -0.015304343 -0.033217415 -0.023376994 -0.015304343 -0.033217415 -0.023376994 -0.014347821 -0.031608719 -0.02398569 -0.013695647 -0.02982611 -0.024420472 -0.013521734 -0.029173937 -0.024507429 -0.012913037 -0.02930437 -0.025116125 -0.012173908 -0.028956544 -0.025550907 -0.011999995 -0.028608717 -0.025550907 -0.011956515 -0.028521761 -0.025550907 -0.011782603 -0.02826089 -0.025376994 -0.0091304276 -0.029173937 -0.026463952 -0.0062173828 -0.029913066 -0.027290039 -0.0062173828 -0.029913066 -0.027290039 -0.0031304266 -0.030391328 -0.027811779 -0.0031304266 -0.030391328 -0.027811779 -0.0031304266 -0.030391328 -0.027811779 9.3132257e-09 -0.030521762 -0.02798569 9.3132257e-09 -0.030521762 -0.02798569 9.3132257e-09 -0.030521762 -0.02798569 0.0031304471 -0.030391328 -0.027811779 0.0031304471 -0.030391328 -0.027811779 0.0062174015 -0.029913066 -0.027290039 0.0062174015 -0.029913066 -0.027290039 0.0091304481 -0.029173937 -0.026463952 0.0091304481 -0.029173937 -0.026463952 0.011826102 -0.02834785 -0.025420472 0.012608711 -0.02834785 -0.025203081 0.012000013 -0.028608717 -0.025550907 0.012043491 -0.028739154 -0.025594385 0.012173928 -0.028956544 -0.025550907 0.013000015 -0.028695676 -0.025029168 0.012956534 -0.02826089 -0.024942212 0.0128261 -0.028043501 -0.024898734 0.012695666 -0.027913067 -0.024811776 0.012782622 -0.027695674 -0.024376994 0.012739144 -0.027565241 -0.023898734 0.012739144 -0.027565241 -0.023898734 0.0128261 -0.027521763 -0.023550907 0.012869578 -0.027478281 -0.022855256 0.012739144 -0.027478281 0.02440563 0.012739144 -0.027478281 0.02440563 0.024043497 0.015304342 0.02440563 0.026000019 0.011652164 0.02440563 0.0148261 -0.024521761 0.02440563 0.013956536 -0.02578263 0.02440563 0.014086969 -0.025869586 0.024449108 0.014086969 -0.025869586 0.024449108 0.014956538 -0.024652194 0.024449108 0.014956538 -0.024652194 0.024449108 0.016000014 -0.024000023 0.024536064 0.016000014 -0.024000023 0.024536064 0.016043492 -0.024130456 0.024753457 0.015217405 -0.024869587 0.024927368 0.015521754 -0.024565239 0.042188242 0.015130449 -0.024956543 0.042405635 0.014695667 -0.025434803 0.042709984 0.015173927 -0.024782632 0.043014325 0.015173927 -0.024565239 0.043492593 0.015652187 -0.024086978 0.043623023 0.015608709 -0.023913063 0.043796934 0.015565231 -0.023739152 0.043970853 0.015478276 -0.023521759 0.044057809 0.015260883 -0.022956543 0.044188239 0.012869578 -0.023739152 0.044188239 0.016043492 -0.020478282 0.044188239 0.016043492 -0.020478282 0.044188239 0.016043492 -0.020478282 0.038709983 0.016043492 -0.020478282 0.038709983 0.011260882 -0.023434803 0.038709983 0.011260882 -0.023434803 0.038709983 0.0059565343 -0.02530437 0.038709983 0.0059565343 -0.02530437 0.038709983 0.00039131381 -0.026000023 0.038709983 0.00039131381 -0.026000023 0.038709983 0.00039131381 -0.026000023 0.038709983 -0.0052173827 -0.025478281 0.044188239 -0.0052173827 -0.025478281 0.044188239 -0.0052173827 -0.025478281 0.044188239 -0.0075652096 -0.025913063 0.044188239 -0.0080434717 -0.026869588 0.044144765 -0.010739123 -0.02634785 0.044101283 -0.012173908 -0.026217412 0.043970853 -0.013478255 -0.025565241 0.043883897 -0.01360869 -0.025956545 0.043623023 -0.013695647 -0.02634785 0.0432752 -0.013695647 -0.02634785 0.0432752 -0.013695647 -0.02634785 0.0432752 -0.01308695 -0.026695672 0.043449111 -0.013130428 -0.027130459 0.043101288 -0.013434777 -0.027173936 0.042709984 -0.013347821 -0.028173935 0.041796938 -0.013347821 -0.028173935 0.041796938 -0.013391299 -0.029347848 0.040796936 -0.013391299 -0.029347848 0.040796936 -0.013652168 -0.030521762 0.039709978 -0.014391299 -0.032347851 0.037840411 -0.014608691 -0.031956546 0.037449107 -0.015434777 -0.033434808 0.035883889 -0.017478257 -0.036739156 0.032579541 -0.019608691 -0.039478287 0.028666502 -0.021739127 -0.041956548 0.024536064 -0.023739127 -0.044130459 0.020188237 -0.023521736 -0.045086984 0.020492585 -0.025391303 -0.046826117 0.015927365 -0.02621739 -0.047521766 0.01353606 -0.026956521 -0.048130464 0.011101278 -0.027608695 -0.048608724 0.0085360575 -0.028086955 -0.048913073 0.0059273634 -0.028391303 -0.049043506 0.0032317098 -0.028521739 -0.049478289 0.000840405 -0.028521739 -0.049217422 0.00092736073 -0.028521739 -0.049347855 0.00062301382 -0.028478259 -0.049347855 0.00018823147 -0.02821739 -0.04821742 -0.0016813353 -0.02821739 -0.04821742 -0.0016813353 -0.027999999 -0.048043508 -0.0038117711 -0.027999999 -0.048043508 -0.0038117711 -0.027608695 -0.047652204 -0.0058987271 -0.027130432 -0.04717394 -0.0078552496 -0.02721739 -0.047782637 -0.0080726407 -0.026565216 -0.047130462 -0.010029163 -0.02573913 -0.046347853 -0.01189873 -0.024869563 -0.045478288 -0.01363786 -0.023869563 -0.04447829 -0.015246557 -0.022826085 -0.043391332 -0.016768295 -0.021739127 -0.042217419 -0.018159602 -0.019478258 -0.039608721 -0.020507429 -0.017217387 -0.036782634 -0.022463951 -0.014913038 -0.033739157 -0.02398569 -0.013869559 -0.032000024 -0.024637863 -0.01308695 -0.030086979 -0.025029168 -0.012391299 -0.03030437 -0.025463952 -0.012217386 -0.029434806 -0.025550907 -0.012217386 -0.029434806 -0.025550907 -0.0094347764 -0.029913066 -0.026681343 -0.0094347764 -0.029913066 -0.026681343 -0.0094347764 -0.029913066 -0.026681343 -0.0093043409 -0.029521761 -0.026637865 -0.0093043409 -0.029521761 -0.026637865 -0.0063043404 -0.030260893 -0.02750743 -0.0063043404 -0.030260893 -0.02750743 -0.0031739045 -0.030739153 -0.02802917 9.3132257e-09 -0.030869588 -0.028203083 9.3132257e-09 -0.030869588 -0.028203083 0.003173925 -0.030739153 -0.02802917 0.0063043609 -0.030260893 -0.02750743 0.0093043596 -0.029521761 -0.026637865 0.0094347969 -0.029913066 -0.026681343 0.0094347969 -0.029913066 -0.026681343 0.0094347969 -0.029913066 -0.026681343 0.012217406 -0.029434806 -0.025550907 0.012217406 -0.029434806 -0.025550907 0.012913056 -0.02930437 -0.025116125 0.013130449 -0.028652195 -0.024942212 0.013521753 -0.028565239 -0.024463952 0.013434798 -0.028565239 -0.024550907 0.01339132 -0.02834785 -0.024594385 0.01330436 -0.028130457 -0.024594385 0.013173927 -0.027956545 -0.024550907 0.013000015 -0.02778263 -0.024463952 0.013000015 -0.02778263 -0.024463952 0.013217404 -0.027695674 -0.024029167 0.013217404 -0.027695674 -0.024029167 0.013217404 -0.027695674 -0.024029167 0.013347838 -0.027652197 -0.023594385 0.013347838 -0.027652197 -0.023594385 0.013173927 -0.027565241 -0.022855256 0.013173927 -0.027565241 0.02440563 0.013173927 -0.027565241 0.02440563 0.013173927 -0.027565241 0.02440563 0.01339132 -0.027652197 0.02440563 0.01339132 -0.027652197 0.02440563 0.013434798 -0.027260892 0.02440563 0.013608709 -0.027260892 0.024449108 0.013608709 -0.027260892 0.024449108 0.013608709 -0.027260892 0.024449108 0.013782624 -0.02730437 0.024536064 0.013782624 -0.02730437 0.024536064 0.014260884 -0.025956545 0.024536064 0.014260884 -0.025956545 0.024536064 0.015086971 -0.024782632 0.024536064 0.015086971 -0.024782632 0.024536064 0.015173927 -0.024869587 0.024753457 0.014695667 -0.025521759 0.024927368 0.014782622 -0.025391325 0.042231716 0.014260884 -0.025913063 0.043014325 0.014695667 -0.025173936 0.043231718 0.014652189 -0.024913065 0.043623023 0.014565233 -0.024739154 0.043796934 0.014478274 -0.024565239 0.043927372 0.014391318 -0.024347849 0.044057809 0.013086971 -0.024739154 0.044144765 0.012869578 -0.024217412 0.044188239 0.010304362 -0.024956543 0.044188239 0.011260882 -0.023434803 0.044188239 0.011260882 -0.023434803 0.044188239 0.0059565343 -0.02530437 0.044188239 0.0059565343 -0.02530437 0.044188239 0.00039131381 -0.026000023 0.044188239 0.00039131381 -0.026000023 0.044188239 0.00039131381 -0.026000023 0.044188239 -0.0020434689 -0.026913065 0.044188239 -0.0047391225 -0.026565239 0.044188239 -0.0054347739 -0.027565241 0.044144765 -0.0082608629 -0.027913067 0.043883897 -0.010826081 -0.026782632 0.043970853 -0.012304341 -0.026652195 0.043796934 -0.012391299 -0.027043499 0.043536067 -0.01260869 -0.02778263 0.042883895 -0.01260869 -0.028521761 0.042318679 -0.013043473 -0.029608719 0.04105781 -0.013304342 -0.030869588 0.039927371 -0.014086952 -0.032782633 0.038057804 -0.015217386 -0.033956546 0.036275193 -0.017260864 -0.037217416 0.03275346 -0.019478258 -0.039956547 0.028883891 -0.021652171 -0.042434812 0.024753457 -0.02143478 -0.042956546 0.024840413 -0.022999998 -0.045956548 0.020579541 -0.024391301 -0.04717394 0.017492583 -0.025130432 -0.047782637 0.015709976 -0.025608694 -0.048130464 0.014492584 -0.026608694 -0.048826117 0.011709975 -0.027347825 -0.049304377 0.0089708436 -0.027956521 -0.049565248 0.0064056236 -0.028304346 -0.049652204 0.0039708409 -0.028478259 -0.049608726 0.0017099697 -0.028521739 -0.049521767 0.00079692714 -0.028521739 -0.049782638 0.00053605624 -0.028521739 -0.049478289 0.00062301382 -0.028478259 -0.049478289 0.00018823147 -0.028391303 -0.049391333 -0.0022900309 -0.028086955 -0.049086984 -0.0047248136 -0.027521737 -0.048608724 -0.0071161203 -0.026826086 -0.04800003 -0.0094204675 -0.025913041 -0.04717394 -0.011594381 -0.025869563 -0.047086984 -0.011811772 -0.024826085 -0.046130463 -0.013768296 -0.023565214 -0.044869594 -0.015811775 -0.022869563 -0.044173941 -0.016768295 -0.022304345 -0.043565243 -0.017550904 -0.020739127 -0.04191307 -0.019333515 -0.019086953 -0.040043503 -0.020985689 -0.018999996 -0.039956547 -0.021029167 -0.017260864 -0.037956547 -0.022463951 -0.016782604 -0.037304372 -0.022855256 -0.0153913 -0.035565242 -0.023768298 -0.014391299 -0.034260891 -0.024376994 -0.014304343 -0.034130462 -0.024463952 -0.013217386 -0.032391328 -0.025029168 -0.0090434719 -0.030000024 -0.026811779 -0.0090434719 -0.030000024 -0.026811779 -0.0063912962 -0.030652197 -0.027550908 -0.0033912957 -0.031086979 -0.028072648 -0.0032608602 -0.031086979 -0.028116126 9.3132257e-09 -0.031260893 -0.028290039 0.002391316 -0.031173937 -0.028203083 0.0032174028 -0.031086979 -0.028116126 0.0063913167 -0.030652197 -0.027550908 0.0080869682 -0.030260893 -0.027116125 0.0080869682 -0.030260893 -0.027116125 0.012391318 -0.03030437 -0.025463952 0.013217404 -0.032391328 -0.025029168 0.013086971 -0.030086979 -0.025029168 0.013521753 -0.029173937 -0.024507429 0.013782624 -0.028478283 -0.02372482 0.013782624 -0.02826089 -0.023637865 0.013695665 -0.028043501 -0.023637865 0.013521753 -0.027826108 -0.023637865 0.013521753 -0.027826108 -0.023637865 0.013521753 -0.027826108 -0.023637865 0.013565231 -0.02778263 -0.022855256 0.013565231 -0.02778263 -0.022855256 0.013608709 -0.027826108 0.024492586 0.013608709 -0.027826108 0.024492586 0.013608709 -0.027826108 0.024492586 0.013695665 -0.028000023 0.024579542 0.013695665 -0.028000023 0.024579542 0.013913058 -0.027347848 0.024753457 0.013913058 -0.027347848 0.024753457 0.01434784 -0.026000023 0.024753457 0.01434784 -0.026000023 0.024753457 0.014391318 -0.026000023 0.024927368 0.014260884 -0.02626089 0.041492589 0.014217407 -0.026217412 0.042405635 0.014130447 -0.026391327 0.042449109 0.014217407 -0.02626089 0.042492591 0.013739143 -0.026739154 0.042840414 0.013695665 -0.02634785 0.0432752 0.014217407 -0.025608718 0.043449111 0.014086969 -0.025260892 0.04375346 0.013478275 -0.025565241 0.043883897 0.01339132 -0.025391325 0.043970853 0.01330436 -0.025173936 0.044057809 0.013173927 -0.024956543 0.044101283 0.010565229 -0.025826108 0.044188239 0.010434795 -0.025347847 0.044188239 0.0078260973 -0.025826108 0.044188239 0.0051304474 -0.026521761 0.044188239 0.0025217496 -0.026869588 0.044188239 9.3132257e-09 -0.027000021 0.044188239 -0.0027391221 -0.027956545 0.044144765 -0.0056086872 -0.028695676 0.043840416 -0.006956514 -0.02834785 0.043840416 -0.0084782541 -0.028913066 0.043318674 -0.011043472 -0.027652197 0.043536067 -0.011869559 -0.028130457 0.042927369 -0.011695646 -0.029173937 0.042231716 -0.01260869 -0.029913066 0.041231722 -0.012869559 -0.031260893 0.040057808 -0.013695647 -0.033260893 0.03814476 -0.014782604 -0.034782633 0.03640563 -0.016956517 -0.037782632 0.032796934 -0.019217387 -0.040521763 0.028927369 -0.019608691 -0.042652201 0.027014324 -0.020869561 -0.04391307 0.024796935 -0.021391302 -0.04447829 0.023753455 -0.022173909 -0.050000027 0.018275192 -0.02369565 -0.049956553 0.016231714 -0.023739127 -0.049956553 0.016188236 -0.024956521 -0.049956553 0.014188236 -0.026347823 -0.049913071 0.011318671 -0.026391303 -0.049913071 0.011231711 -0.026956521 -0.049913071 0.009709971 -0.027260868 -0.049913071 0.0087099727 -0.027304346 -0.049913071 0.0085795391 -0.028173912 -0.049869593 0.0049273614 -0.028391303 -0.049826115 0.0030577984 -0.028478259 -0.049956553 0.00057953596 -0.028521739 -0.049782638 0.00057953596 -0.028478259 -0.049782638 0.00018823147 -0.028260868 -0.049782638 -0.0035074223 -0.02773913 -0.049782638 -0.0063335113 -0.027434781 -0.049782638 -0.0075074248 -0.026043477 -0.049782638 -0.011333512 -0.025869563 -0.049782638 -0.011768294 -0.024130432 -0.049782638 -0.014942208 -0.022913041 -0.049782638 -0.016768295 -0.022913041 -0.049782638 -0.016768295 -0.021739127 -0.049782638 -0.01820308 -0.01886956 -0.049782638 -0.021116123 -0.015652169 -0.049782638 -0.023594385 -0.014304343 -0.049782638 -0.024420472 -0.014304343 -0.049782638 -0.024420472 -0.01208695 -0.049782638 -0.025594385 -0.0090434719 -0.049782638 -0.026811779 -0.0082608629 -0.049782638 -0.027072648 -0.0043043401 -0.049782638 -0.027942212 -0.0033912957 -0.049782638 -0.028072648 -0.00021738186 -0.049782638 -0.028290039 0.002391316 -0.049782638 -0.028203083 0.002391316 -0.049782638 -0.028203083 0.0038260967 -0.049782638 -0.02802917 0.0078260973 -0.049782638 -0.027203083 0.0080869682 -0.049782638 -0.027116125 0.011652187 -0.049782638 -0.025811777 0.013434798 -0.049782638 -0.024942212 0.013434798 -0.049782638 -0.024942212 0.013434798 -0.049782638 -0.024942212 0.014391318 -0.034260891 -0.024376994 0.013434798 -0.032739155 -0.024942212 0.01386958 -0.032000024 -0.024637863 0.013695665 -0.02982611 -0.024420472 0.013826102 -0.029043501 -0.023637865 0.013826102 -0.028434806 -0.022855256 0.013782624 -0.028130457 -0.022855256 0.013826102 -0.028217413 0.024753457 0.013826102 -0.028217413 0.024753457 0.013826102 -0.028434806 0.024666497 0.013826102 -0.028434806 0.024927368 0.013956536 -0.027347848 0.024927368 0.013956536 -0.027347848 0.024927368 0.013956536 -0.02730437 0.040405631 0.013782624 -0.027826108 0.041014329 0.014043491 -0.026695672 0.042014331 0.013608709 -0.027043499 0.042666502 0.013130449 -0.027130459 0.043101288 0.013086971 -0.026695672 0.043449111 0.013608709 -0.025956545 0.043623023 0.012173928 -0.026217412 0.043970853 0.012000013 -0.02578263 0.044101283 0.010739144 -0.02634785 0.044101283 0.0080434904 -0.026869588 0.044144765 0.0054347925 -0.027565241 0.044144765 0.0028695762 -0.029130457 0.043840416 0.0027391426 -0.027956545 0.044144765 9.3132257e-09 -0.028478283 0.044101283 -0.0028695557 -0.029130457 0.043840416 -0.0029565133 -0.030130457 0.0432752 -0.0057826005 -0.029695675 0.0432752 -0.0071304273 -0.029347848 0.0432752 -0.007217383 -0.029739153 0.043014325 -0.0092173852 -0.029173937 0.042970851 -0.01108695 -0.028478283 0.042927369 -0.011695646 -0.030652197 0.041101284 -0.011956515 -0.032043502 0.039927371 -0.012782604 -0.034130462 0.03801433 -0.013956516 -0.035956547 0.036057808 -0.015652169 -0.038173936 0.033449113 -0.017695647 -0.040565245 0.03023172 -0.018565213 -0.041565243 0.028796935 -0.020173909 -0.050000027 0.020536063 -0.020173909 -0.050000027 0.020492585 -0.021999996 -0.050086986 0.018362148 -0.02369565 -0.050043508 0.016144758 -0.025130432 -0.050043508 0.013709975 -0.026347823 -0.050043508 0.011188233 -0.027260868 -0.050000027 0.0085795391 -0.027956521 -0.050000027 0.0058404077 -0.027956521 -0.050000027 0.0058404077 -0.028347826 -0.049956553 0.0030577984 -0.028434781 -0.050000027 0.00057953596 -0.028304346 -0.050130464 0.00057953596 -0.028391303 -0.050086986 0.00018823147 -0.028391303 -0.050086986 0.00018823147 -0.028434781 -0.050000027 0.00018823147 -0.028434781 -0.050000027 0.00018823147 -0.02821739 -0.049956553 -0.0035074223 -0.02821739 -0.049956553 -0.0035074223 -0.027434781 -0.049956553 -0.0074639451 -0.027434781 -0.049956553 -0.0074639451 -0.026043477 -0.049956553 -0.011333512 -0.026043477 -0.049956553 -0.011333512 -0.024130432 -0.049956553 -0.01489873 -0.021739127 -0.049956553 -0.01820308 -0.021739127 -0.049956553 -0.01820308 -0.01886956 -0.049956553 -0.021116123 -0.01886956 -0.049956553 -0.021116123 -0.015652169 -0.049956553 -0.023594385 -0.015652169 -0.049956553 -0.023594385 -0.01208695 -0.049956553 -0.025594385 -0.01208695 -0.049956553 -0.025594385 -0.0082608629 -0.049956553 -0.02702917 -0.0043043401 -0.049956553 -0.027942212 -0.0043043401 -0.049956553 -0.027942212 -0.00021738186 -0.049956553 -0.028246561 0.0038260967 -0.049956553 -0.02798569 0.0038260967 -0.049956553 -0.02798569 0.0078260973 -0.049956553 -0.027159603 0.0078260973 -0.049956553 -0.027159603 0.011652187 -0.049956553 -0.025768299 0.015217405 -0.049956553 -0.023855254 0.015217405 -0.049956553 -0.023855254 0.015260883 -0.049782638 -0.023855254 0.016782623 -0.037304372 -0.022855256 0.016391318 -0.036826111 -0.023116125 0.014913056 -0.033739157 -0.02398569 0.01434784 -0.031608719 -0.02398569 0.013956536 -0.029652197 -0.023550907 0.013913058 -0.029000023 -0.022811776 0.013826102 -0.028434806 0.02440563 0.014000013 -0.029565241 0.037623025 0.013826102 -0.028391328 0.039144762 0.013782624 -0.028869588 0.039927371 0.013652187 -0.029086979 0.040405631 0.01339132 -0.029347848 0.040796936 0.01330436 -0.030869588 0.039927371 0.013043493 -0.029608719 0.04105781 0.013347838 -0.028173935 0.041796938 0.013347838 -0.027260892 0.042753458 0.012782622 -0.027695674 0.042883895 0.012521751 -0.027826108 0.042883895 0.012391318 -0.027043499 0.043536067 0.012304362 -0.026652195 0.043796934 0.0108261 -0.026782632 0.043970853 0.0082608834 -0.027913067 0.043883897 0.0069565326 -0.02834785 0.043840416 0.0056087077 -0.028695676 0.043840416 0.0029565319 -0.030130457 0.0432752 9.3132257e-09 -0.029478284 0.04375346 9.3132257e-09 -0.030608719 0.043014325 -0.00091303326 -0.030608719 0.043014325 -0.0029999912 -0.030478284 0.043014325 -0.0038695559 -0.030347848 0.043014325 -0.0066521671 -0.029869588 0.043014325 -0.0055652093 -0.050043508 0.028275197 -0.0082608629 -0.050043508 0.027623022 -0.010304341 -0.050043508 0.026883891 -0.013434777 -0.050043508 0.025492588 -0.013434777 -0.050043508 0.025449106 -0.014739125 -0.050043508 0.024753457 -0.015826082 -0.050000027 0.024057804 -0.015869562 -0.050000027 0.024014326 -0.018739127 -0.050000027 0.021796932 -0.020130431 -0.050086986 0.020449108 -0.020086953 -0.050130464 0.020362148 -0.021956518 -0.050130464 0.01831867 -0.023608694 -0.050130464 0.01610128 -0.025043476 -0.050130464 0.013666494 -0.026260868 -0.050130464 0.011144755 -0.027173912 -0.050130464 0.0085360575 -0.027869564 -0.050086986 0.0058404077 -0.028260868 -0.050086986 0.0030577984 -0.028260868 -0.050173942 0.00057953596 -0.02821739 -0.050173942 0.00018823147 -0.028347826 -0.050130464 0.00018823147 -0.028130434 -0.050086986 -0.0034639444 -0.028130434 -0.050086986 -0.0034639444 -0.027347825 -0.050086986 -0.0074639451 -0.027347825 -0.050086986 -0.0074639451 -0.025956519 -0.050086986 -0.011290034 -0.025956519 -0.050086986 -0.011290034 -0.024043476 -0.050086986 -0.014855253 -0.024043476 -0.050086986 -0.014855253 -0.021652171 -0.050086986 -0.018159602 -0.021652171 -0.050086986 -0.018159602 -0.018826082 -0.050086986 -0.021029167 -0.018826082 -0.050086986 -0.021029167 -0.015565213 -0.050086986 -0.023507429 -0.015565213 -0.050086986 -0.023507429 -0.012043472 -0.050086986 -0.02550743 -0.012043472 -0.050086986 -0.02550743 -0.0082608629 -0.050086986 -0.026942212 -0.0082608629 -0.050086986 -0.026942212 -0.0042608604 -0.050086986 -0.027855257 -0.0042608604 -0.050086986 -0.027855257 -0.00021738186 -0.050086986 -0.028159603 -0.00021738186 -0.050086986 -0.028159603 0.0038260967 -0.050086986 -0.027898734 0.0038260967 -0.050086986 -0.027898734 0.0077826194 -0.050086986 -0.027072648 0.0077826194 -0.050086986 -0.027072648 0.011608709 -0.050086986 -0.025681343 0.011608709 -0.050086986 -0.025681343 0.015173927 -0.050086986 -0.023768298 0.015173927 -0.050086986 -0.023768298 0.018521756 -0.049956553 -0.021420471 0.018521756 -0.049956553 -0.021420471 0.021434799 -0.049782638 -0.018594384 0.018521756 -0.049782638 -0.021420471 0.018260885 -0.049782638 -0.021681342 0.020086974 -0.041217417 -0.019985689 0.01913045 -0.04017394 -0.020898733 0.018304363 -0.039173938 -0.021637863 0.018217407 -0.039086983 -0.021681342 0.017217405 -0.036782634 -0.022463951 0.015304361 -0.033217415 -0.023376994 0.014565233 -0.031347848 -0.023203081 0.014565233 -0.031130457 -0.022376994 0.014000013 -0.029565241 -0.02272482 0.014260884 -0.030391328 0.036666498 0.014000013 -0.029913066 0.038753457 0.01386958 -0.030173937 0.039275199 0.013652187 -0.030478284 0.039709978 0.014434796 -0.032347851 0.037840411 0.014130447 -0.032782633 0.038057804 0.013695665 -0.033260893 0.03814476 0.012869578 -0.031260893 0.040057808 0.012608711 -0.029913066 0.041231722 0.012608711 -0.028521761 0.042318679 0.011695664 -0.029173937 0.042231716 0.01186958 -0.028130457 0.042927369 0.011043493 -0.027652197 0.043536067 0.0084782727 -0.028913066 0.043318674 0.0071304478 -0.029347848 0.0432752 0.0057826191 -0.029695675 0.0432752 0.006608706 -0.029869588 0.043014325 0.0037826188 -0.030391328 0.043014325 0.0030000098 -0.030478284 0.043014325 0.0011304449 -0.030608719 0.043014325 9.3132257e-09 -0.050043508 0.028840413 -0.00095651299 -0.050043508 0.028796935 -0.0027826 -0.050043508 0.02870998 -0.0055217315 -0.050173942 0.02814476 -0.0055217315 -0.050173942 0.02814476 -0.008217385 -0.050173942 0.027449107 -0.008217385 -0.050173942 0.027449107 -0.008217385 -0.050173942 0.027449107 -0.010869559 -0.050173942 0.026536064 -0.010869559 -0.050173942 0.026536064 -0.013391299 -0.050173942 0.025318673 -0.013391299 -0.050173942 0.025318673 -0.015782604 -0.050173942 0.02392737 -0.017999995 -0.050130464 0.022231715 -0.017999995 -0.050130464 0.022231715 -0.019999996 -0.050173942 0.02031867 -0.021869563 -0.050173942 0.018275192 -0.023521736 -0.050173942 0.016014321 -0.024956521 -0.050173942 0.013623016 -0.026130432 -0.050173942 0.011101278 -0.027086955 -0.050173942 0.0084925797 -0.02773913 -0.050173942 0.0057969298 -0.028130434 -0.050173942 0.0030577984 -0.028173912 -0.050173942 0.00057953596 -0.028173912 -0.050173942 0.00018823147 -0.027999999 -0.050173942 -0.0034639444 -0.027173912 -0.050173942 -0.0074204672 -0.025826085 -0.050173942 -0.011203077 -0.023913041 -0.050173942 -0.014768296 -0.021521736 -0.050173942 -0.018029166 -0.018695649 -0.050173942 -0.020942211 -0.015521734 -0.050173942 -0.023376994 -0.011956515 -0.050173942 -0.025376994 -0.008217385 -0.050173942 -0.026811779 -0.0042608604 -0.050173942 -0.027681343 -0.00021738186 -0.050173942 -0.02802917 0.0037826188 -0.050173942 -0.027768299 0.0077391416 -0.050173942 -0.026942212 0.011565231 -0.050173942 -0.025550907 0.015130449 -0.050173942 -0.023637865 0.018434796 -0.050086986 -0.021333516 0.018434796 -0.050086986 -0.021333516 0.021347843 -0.050086986 -0.018507428 0.021347843 -0.050086986 -0.018507428 0.021434799 -0.049956553 -0.018550906 0.021434799 -0.049956553 -0.018550906 0.022304364 -0.049782638 -0.017550904 0.022304364 -0.049782638 -0.017550904 0.024521757 -0.045826115 -0.014290035 0.023913059 -0.049782638 -0.015333513 0.023260888 -0.044565246 -0.016246557 0.022260886 -0.043565243 -0.017550904 0.021782625 -0.043000028 -0.01820308 0.021521755 -0.042739157 -0.018507428 0.019478276 -0.039608721 -0.020507429 0.017521754 -0.036260895 -0.021855254 0.015434798 -0.032826111 -0.022594385 0.015347842 -0.032608718 -0.021811776 0.015347842 -0.032608718 0.033840418 0.014565233 -0.031130457 0.035753459 0.014652189 -0.031608719 0.036883891 0.014608711 -0.031956546 0.037405632 0.015434798 -0.033434808 0.035883889 0.017565232 -0.036260895 0.032188237 0.01960871 -0.039434809 0.02870998 0.019434799 -0.039956547 0.028883891 0.019173928 -0.040521763 0.028970847 0.016956538 -0.037782632 0.032796934 0.014782622 -0.034782633 0.03640563 0.013956536 -0.035956547 0.036057808 0.012782622 -0.034130462 0.03801433 0.011956535 -0.032043502 0.039927371 0.011695664 -0.030608719 0.041101284 0.011043493 -0.028478283 0.042927369 0.0090434924 -0.029217415 0.042970851 0.0072174035 -0.029739153 0.043014325 0.0049130544 -0.050043508 0.028405631 0.0027826205 -0.050043508 0.02870998 0.0027826205 -0.050043508 0.02870998 9.3132257e-09 -0.050173942 0.028666502 -0.0027826 -0.050173942 0.028536065 -0.0027826 -0.050173942 0.028536065 -0.0048695579 -0.05021742 0.028101282 -0.0081739053 -0.05021742 0.027275195 -0.0096086897 -0.05021742 0.026796935 -0.013304342 -0.05021742 0.025188239 -0.014043473 -0.05021742 0.024753457 -0.015652169 -0.05021742 0.023753455 -0.018086951 -0.05021742 0.021927366 -0.019956518 -0.05021742 0.020231714 -0.02143478 -0.05021742 0.018623019 -0.023434781 -0.05021742 0.015970843 -0.024260867 -0.05021742 0.014623018 -0.026043477 -0.05021742 0.0110578 -0.026347823 -0.05021742 0.010231713 -0.026956521 -0.05021742 0.0084925797 -0.027652172 -0.05021742 0.0054925811 -0.027999999 -0.05021742 0.0030577984 -0.028086955 -0.05021742 0.00057953596 -0.028086955 -0.05021742 0.00018823147 -0.027869564 -0.05021742 -0.0034204666 -0.027043477 -0.05021742 -0.0073769893 -0.02569565 -0.05021742 -0.011159599 -0.023826085 -0.05021742 -0.014724817 -0.02143478 -0.05021742 -0.017942209 -0.018608693 -0.05021742 -0.020855254 -0.015434777 -0.05021742 -0.023290038 -0.011913037 -0.05021742 -0.025246561 -0.0081739053 -0.05021742 -0.026681343 -0.0042608604 -0.05021742 -0.027550908 -0.00021738186 -0.05021742 -0.027898734 0.0037826188 -0.05021742 -0.027637865 0.0077391416 -0.05021742 -0.026811779 0.011478275 -0.05021742 -0.025420472 0.015043493 -0.05021742 -0.023507429 0.018347841 -0.050173942 -0.021246558 0.021217406 -0.050173942 -0.018420471 0.023782626 -0.050086986 -0.015246557 0.023782626 -0.050086986 -0.015246557 0.023869582 -0.049956553 -0.015290035 0.025434799 -0.049782638 -0.012681339 0.025391322 -0.046652202 -0.012681339 0.025869582 -0.049782638 -0.011768294 0.025739148 -0.04695655 -0.012072643 0.026565235 -0.047130462 -0.010029163 0.025739148 -0.046347853 -0.01189873 0.024869584 -0.045478288 -0.01363786 0.023869582 -0.04447829 -0.015246557 0.022826105 -0.043391332 -0.016768295 0.021739148 -0.042217419 -0.018159602 0.019695669 -0.039043505 -0.019985689 0.017565232 -0.035826109 -0.021116123 0.017173927 -0.035217416 -0.020594385 0.018782623 -0.037391327 -0.019333515 0.015608709 -0.032956548 0.033449113 0.015478276 -0.032869589 0.034883894 0.017565232 -0.035913069 0.031623021 0.019652188 -0.039000027 0.028318675 0.021739148 -0.041956548 0.024536064 0.02160871 -0.042434812 0.024753457 0.021434799 -0.042956546 0.024840413 0.020826101 -0.04391307 0.024796935 0.021565232 -0.044608723 0.023449106 0.019956537 -0.050000027 0.020709975 0.019782625 -0.04286959 0.026666498 0.018565234 -0.041521765 0.028796935 0.017869581 -0.040782634 0.029927371 0.01586958 -0.038434811 0.033101283 0.013260882 -0.050043508 0.025579544 0.009695664 -0.050043508 0.027144762 0.0082174018 -0.050043508 0.027623022 0.0081739239 -0.050043508 0.027623022 0.0054347925 -0.050173942 0.02814476 0.0027391426 -0.050173942 0.028536065 0.0027391426 -0.050173942 0.028536065 0.0027391426 -0.05021742 0.028362153 9.3132257e-09 -0.05021742 0.028492587 -0.0027826 -0.05021742 0.028362153 -0.0055652093 -0.05021742 0.024579542 -0.0055652093 -0.05021742 0.024579542 -0.010826081 -0.05021742 0.022753457 -0.010826081 -0.05021742 0.022753457 -0.015608691 -0.05021742 0.019753454 -0.015608691 -0.05021742 0.019753454 -0.019565213 -0.05021742 0.015796931 -0.019565213 -0.05021742 0.015796931 -0.022521736 -0.05021742 0.0110578 -0.022521736 -0.05021742 0.0110578 -0.024391301 -0.05021742 0.0057534482 -0.024391301 -0.05021742 0.0057534482 -0.024999999 -0.05021742 0.00018823147 -0.024999999 -0.05021742 0.00018823147 -0.024999999 -0.05021742 0.00018823147 -0.024999999 -0.05021742 0.00018823147 -0.024999999 -0.05021742 0.00018823147 -0.024391301 -0.05021742 -0.0053335093 -0.024391301 -0.05021742 -0.0053335093 -0.022521736 -0.05021742 -0.010637859 -0.022521736 -0.05021742 -0.010637859 -0.019565213 -0.05021742 -0.015376992 -0.019565213 -0.05021742 -0.015376992 -0.015608691 -0.05021742 -0.019333515 -0.015608691 -0.05021742 -0.019333515 -0.010826081 -0.05021742 -0.022333516 -0.010826081 -0.05021742 -0.022333516 -0.0055652093 -0.05021742 -0.024159603 -0.0055652093 -0.05021742 -0.024159603 9.3132257e-09 -0.05021742 -0.024811776 9.3132257e-09 -0.05021742 -0.024811776 0.0055652298 -0.05021742 -0.024159603 0.0055652298 -0.05021742 -0.024159603 0.0108261 -0.05021742 -0.022333516 0.0108261 -0.05021742 -0.022333516 0.015608709 -0.05021742 -0.019333515 0.015608709 -0.05021742 -0.019333515 0.018260885 -0.05021742 -0.021116123 0.02113045 -0.05021742 -0.018290035 0.02369567 -0.050173942 -0.0151596 0.025608715 -0.050173942 -0.011637859 0.025739148 -0.050086986 -0.011681339 0.025739148 -0.050086986 -0.011681339 0.025826104 -0.049956553 -0.011724817 0.027304366 -0.049782638 -0.0079422072 0.026695669 -0.047869593 -0.0097682942 0.027217411 -0.047782637 -0.0080726407 0.026478279 -0.046521768 -0.0097682942 0.02569567 -0.045739159 -0.011550903 0.024826106 -0.044869594 -0.013246556 0.023913059 -0.04391307 -0.014855253 0.022913061 -0.042826116 -0.016290035 0.021869581 -0.041608721 -0.017637862 0.019652188 -0.038608722 -0.019290037 0.019478276 -0.038304374 -0.01868134 0.017521754 -0.035695679 0.030101283 0.01960871 -0.038608722 0.027840411 0.021739148 -0.041478287 0.024231715 0.023739148 -0.044130459 0.020188237 0.023739148 -0.044130459 0.020188237 0.025521755 -0.04591307 0.015666498 0.025521755 -0.04591307 0.015666498 0.023652192 -0.044608723 0.020362148 0.023521755 -0.045086984 0.020492585 0.02313045 -0.046086986 0.02031867 0.023652192 -0.046521768 0.019188238 0.021347843 -0.050000027 0.019231716 0.021347843 -0.050000027 0.019231716 0.019913059 -0.050086986 0.020666497 0.018217407 -0.050000027 0.022275193 0.015652187 -0.050000027 0.024188237 0.014173929 -0.050043508 0.025057802 0.013217404 -0.050173942 0.025449106 0.013217404 -0.050173942 0.025449106 0.010739144 -0.050173942 0.026579542 0.0081304461 -0.050173942 0.027492588 0.0081304461 -0.050173942 0.027492588 0.0054347925 -0.05021742 0.027970849 0.004739143 -0.05021742 0.028101282 9.3132257e-09 -0.05021742 0.025188239 9.3132257e-09 -0.05021742 0.025188239 0.0055652298 -0.059478294 0.024579542 0.0055652298 -0.059478294 0.024579542 9.3132257e-09 -0.059478294 0.025188239 9.3132257e-09 -0.059478294 0.025188239 -0.0055652093 -0.059478294 0.024579542 -0.0055652093 -0.059478294 0.024579542 -0.010826081 -0.059478294 0.022753457 -0.010826081 -0.059478294 0.022753457 -0.015608691 -0.059478294 0.019753454 -0.015608691 -0.059478294 0.019753454 -0.019565213 -0.059478294 0.015796931 -0.019565213 -0.059478294 0.015796931 -0.022521736 -0.059478294 0.0110578 -0.022521736 -0.059478294 0.0110578 -0.024391301 -0.059478294 0.0057534482 -0.024391301 -0.059478294 0.0057534482 -0.024999999 -0.059478294 0.00018823147 -0.024999999 -0.059478294 0.00018823147 -0.024391301 -0.059478294 -0.0053335093 -0.024391301 -0.059478294 -0.0053335093 -0.024391301 -0.059478294 -0.0053335093 -0.022521736 -0.059478294 -0.010637859 -0.022521736 -0.059478294 -0.010637859 -0.019565213 -0.059478294 -0.015376992 -0.019565213 -0.059478294 -0.015376992 -0.015608691 -0.059478294 -0.019333515 -0.015608691 -0.059478294 -0.019333515 -0.010826081 -0.059478294 -0.022333516 -0.010826081 -0.059478294 -0.022333516 -0.0055652093 -0.059478294 -0.024159603 -0.0055652093 -0.059478294 -0.024159603 9.3132257e-09 -0.059478294 -0.024811776 9.3132257e-09 -0.059478294 -0.024811776 0.0055652298 -0.059478294 -0.024159603 0.0055652298 -0.059478294 -0.024159603 0.0108261 -0.059478294 -0.022333516 0.0108261 -0.059478294 -0.022333516 0.015608709 -0.059478294 -0.019333515 0.015608709 -0.059478294 -0.019333515 0.019565232 -0.059478294 -0.015376992 0.019565232 -0.059478294 -0.015376992 0.019565232 -0.05021742 -0.015376992 0.019565232 -0.05021742 -0.015376992 0.023565233 -0.05021742 -0.015116122 0.025521755 -0.05021742 -0.011594381 0.027043495 -0.050173942 -0.0078552496 0.027217411 -0.050086986 -0.0078987274 0.027217411 -0.050086986 -0.0078987274 0.027304366 -0.049956553 -0.0079422072 0.027304366 -0.049956553 -0.0079422072 0.027478278 -0.049782638 -0.0072900318 0.027478278 -0.048565246 -0.0072900318 0.027782626 -0.048260897 -0.0060726404 0.028043497 -0.049086984 -0.0048552491 0.028173931 -0.048652202 -0.0039422046 0.027608715 -0.047652204 -0.0058987271 0.027086973 -0.04717394 -0.0078552496 0.026826106 -0.046608724 -0.0075943805 0.026217408 -0.046000026 -0.0094204675 0.025478277 -0.045217417 -0.011203077 0.024652191 -0.044347852 -0.012811773 0.023739148 -0.043391332 -0.014333513 0.022782624 -0.042304374 -0.015768297 0.021739148 -0.041130461 -0.017072644 0.020304363 -0.039304376 -0.017898731 0.019391321 -0.038130462 0.026753457 0.021652192 -0.041086983 0.023840411 0.023565233 -0.043260895 0.019623021 0.025260888 -0.045043506 0.015188234 0.026000019 -0.045826115 0.012927366 0.026652191 -0.04647829 0.010579539 0.026304364 -0.046652202 0.013318671 0.026304364 -0.046652202 0.013318671 0.025391322 -0.046826117 0.015927365 0.024521757 -0.047260899 0.017188234 0.023521755 -0.049956553 0.016492585 0.021782625 -0.050086986 0.018666497 0.019869581 -0.050130464 0.020623019 0.017782625 -0.050130464 0.022449108 0.017782625 -0.050130464 0.022449108 0.015565231 -0.050173942 0.024057804 0.013913058 -0.05021742 0.024840413 0.010652188 -0.05021742 0.026405631 0.0094782747 -0.05021742 0.026883891 0.0055652298 -0.05021742 0.024579542 0.0055652298 -0.05021742 0.024579542 0.0108261 -0.059478294 0.022753457 0.0108261 -0.059478294 0.022753457 0.015260883 -0.060000032 0.01936215 0.015260883 -0.060000032 0.01936215 0.01060871 -0.060000032 0.022275193 0.01060871 -0.060000032 0.022275193 0.0054347925 -0.060000032 0.024101282 0.0054347925 -0.060000032 0.024101282 9.3132257e-09 -0.060000032 0.024709979 9.3132257e-09 -0.060000032 0.024709979 -0.0054347739 -0.060000032 0.024101282 -0.0054347739 -0.060000032 0.024101282 -0.01060869 -0.060000032 0.022275193 -0.01060869 -0.060000032 0.022275193 -0.015260865 -0.060000032 0.01936215 -0.015260865 -0.060000032 0.01936215 -0.019173909 -0.060000032 0.015492583 -0.019173909 -0.060000032 0.015492583 -0.022086954 -0.060000032 0.010840407 -0.022086954 -0.060000032 0.010840407 -0.023869563 -0.060000032 0.0056664925 -0.023869563 -0.060000032 0.0056664925 -0.024521736 -0.060000032 0.00018823147 -0.024521736 -0.060000032 0.00018823147 -0.023869563 -0.060000032 -0.0052465536 -0.023869563 -0.060000032 -0.0052465536 -0.022086954 -0.060000032 -0.010420468 -0.022086954 -0.060000032 -0.010420468 -0.019173909 -0.060000032 -0.015072644 -0.019173909 -0.060000032 -0.015072644 -0.015260865 -0.060000032 -0.018942211 -0.015260865 -0.060000032 -0.018942211 -0.01060869 -0.060000032 -0.021855254 -0.01060869 -0.060000032 -0.021855254 -0.0054347739 -0.060000032 -0.023681343 -0.0054347739 -0.060000032 -0.023681343 9.3132257e-09 -0.060000032 -0.024290038 9.3132257e-09 -0.060000032 -0.024290038 0.0054347925 -0.060000032 -0.023681343 0.0054347925 -0.060000032 -0.023681343 0.01060871 -0.060000032 -0.021855254 0.01060871 -0.060000032 -0.021855254 0.015260883 -0.060000032 -0.018942211 0.015260883 -0.060000032 -0.018942211 0.019173928 -0.060000032 -0.015072644 0.019173928 -0.060000032 -0.015072644 0.022086974 -0.060000032 -0.010420468 0.022086974 -0.060000032 -0.010420468 0.022521757 -0.059478294 -0.010637859 0.022521757 -0.059478294 -0.010637859 0.022521757 -0.05021742 -0.010637859 0.022521757 -0.05021742 -0.010637859 0.026913062 -0.05021742 -0.0078117717 0.02791306 -0.050173942 -0.0038987268 0.028260887 -0.050173942 -0.00081177056 0.028260887 -0.050173942 -0.00081177056 0.028260887 -0.050173942 -0.00081177056 0.028086975 -0.050086986 -0.0039422046 0.028173931 -0.049956553 -0.0039422046 0.028173931 -0.049782638 -0.0039422046 0.028391324 -0.049391333 -0.0023769867 0.028391324 -0.048869595 -0.001768291 0.028391324 -0.048565246 -0.00081177056 0.028391324 -0.048565246 -0.00081177056 0.028217409 -0.04821742 -0.0016813353 0.028000019 -0.04800003 -0.0038117711 0.027304366 -0.047043506 -0.0037682932 0.026826106 -0.046565246 -0.0060726404 0.026173931 -0.04591307 -0.0083335117 0.025304366 -0.045000028 -0.010550903 0.024217408 -0.043869592 -0.012681339 0.022956539 -0.042478286 -0.01463786 0.02169567 -0.041000027 -0.016333513 0.021086972 -0.040260896 0.023405628 0.022608712 -0.042086981 0.020101281 0.02313045 -0.042652201 0.018970845 0.023956537 -0.043608725 0.016840411 0.024782628 -0.044434808 0.014753452 0.025130451 -0.044826113 0.013753453 0.026043497 -0.045739159 0.010840407 0.026739147 -0.04647829 0.0080577973 0.027217411 -0.047043506 0.0081447531 0.02695654 -0.047260899 0.010883885 0.02695654 -0.047260899 0.010883885 0.026217408 -0.047521766 0.013579538 0.025739148 -0.04821742 0.014231713 0.025086973 -0.049956553 0.013970843 0.024304364 -0.049956553 0.015275193 0.023478277 -0.050043508 0.016492585 0.021739148 -0.050130464 0.018623019 0.021652192 -0.050173942 0.018536063 0.019782625 -0.050173942 0.020536063 0.019695669 -0.05021742 0.020449108 0.017956536 -0.05021742 0.022057803 0.015478276 -0.05021742 0.023883888 0.0108261 -0.05021742 0.022753457 0.0108261 -0.05021742 0.022753457 0.015608709 -0.059478294 0.019753454 0.015608709 -0.059478294 0.019753454 0.019173928 -0.060000032 0.015492583 0.019173928 -0.060000032 0.015492583 9.3132257e-09 -0.060000032 0.00018823147 0.023869582 -0.060000032 -0.0052465536 0.023869582 -0.060000032 -0.0052465536 0.024391323 -0.059478294 -0.0053335093 0.024391323 -0.059478294 -0.0053335093 0.024391323 -0.05021742 -0.0053335093 0.024391323 -0.05021742 -0.0053335093 0.027782626 -0.05021742 -0.0038987268 0.028086975 -0.05021742 -0.00081177056 0.028086975 -0.05021742 -0.00081177056 0.028347846 -0.050086986 -0.00081177056 0.028347846 -0.050086986 -0.00081177056 0.028391324 -0.050043508 -0.00081177056 0.028391324 -0.050043508 -0.00081177056 0.02847828 -0.049956553 -0.00081177056 0.02847828 -0.049956553 -0.00081177056 0.02847828 -0.049826115 -0.00081177056 0.02847828 -0.049826115 -0.00081177056 0.02847828 -0.049782638 -0.00081177056 0.02847828 -0.049782638 -0.00081177056 0.02847828 -0.049478289 -0.00081177056 0.02847828 -0.049478289 -0.00081177056 0.028000019 -0.047782637 -0.00081177056 0.028000019 -0.047782637 -0.00081177056 0.028000019 -0.047782637 -0.00081177056 0.027521756 -0.047260899 -0.001768291 0.024565235 -0.044217419 -0.0080291629 0.027217411 -0.04695655 0.0054925811 0.027521756 -0.047217421 0.0031447541 0.02791306 -0.047695681 0.0031447541 0.027652193 -0.047434811 0.0056664925 0.027565237 -0.047782637 0.008405624 0.02695654 -0.048130464 0.011101278 0.026652191 -0.048869595 0.011449104 0.026304364 -0.048608724 0.012623018 0.026173931 -0.049913071 0.011666493 0.024913061 -0.050043508 0.01410128 0.023391321 -0.050130464 0.016405625 0.023304366 -0.050173942 0.016362147 0.021565232 -0.05021742 0.018492585 0.02113045 -0.05021742 0.019014323 0.015608709 -0.05021742 0.019753454 0.015608709 -0.05021742 0.019753454 0.019565232 -0.059478294 0.015796931 0.019565232 -0.059478294 0.015796931 0.022086974 -0.060000032 0.010840407 0.022086974 -0.060000032 0.010840407 0.023869582 -0.060000032 0.0056664925 0.023869582 -0.060000032 0.0056664925 0.024478279 -0.060000032 0.00018823147 0.024478279 -0.060000032 0.00018823147 0.025000017 -0.059478294 0.00018823147 0.025000017 -0.059478294 0.00018823147 0.025000017 -0.05021742 0.00018823147 0.025000017 -0.05021742 0.00018823147 0.025000017 -0.05021742 0.00018823147 0.025000017 -0.05021742 0.00018823147 0.028000019 -0.05021742 -0.00081177056 0.028000019 -0.05021742 -0.00081177056 0.028000019 -0.05021742 -0.00081177056 0.028000019 -0.047782637 -0.00029003061 0.028000019 -0.047782637 -0.00029003061 0.027608715 -0.047347855 0.00023170933 0.027608715 -0.047304377 0.000840405 0.028000019 -0.047782637 0.0017969273 0.028086975 -0.047869593 0.0013186652 0.028043497 -0.047826115 0.001623014 0.028434802 -0.048652202 0.0011882316 0.028434802 -0.048652202 0.0011882316 0.028260887 -0.048347853 0.0032317098 0.028000019 -0.048130464 0.0057969298 0.027608715 -0.048608724 0.0085795391 0.0274348 -0.049347855 0.0087099727 0.027173933 -0.049913071 0.0091012772 0.026521757 -0.049913071 0.010883885 0.026130453 -0.050043508 0.011666493 0.024826106 -0.050130464 0.014057798 0.024739146 -0.050173942 0.01401432 0.024652191 -0.05021742 0.013970843 0.024000019 -0.05021742 0.0150578 0.019565232 -0.05021742 0.015796931 0.019565232 -0.05021742 0.015796931 0.022521757 -0.059478294 0.0110578 0.022521757 -0.059478294 0.0110578 0.024391323 -0.059478294 0.0057534482 0.024391323 -0.059478294 0.0057534482 0.024391323 -0.05021742 0.0057534482 0.024391323 -0.05021742 0.0057534482 0.028000019 -0.05021742 0.00018823147 0.028000019 -0.05021742 0.00018823147 0.028000019 -0.047782637 0.00023170933 0.028000019 -0.047782637 0.00023170933 0.028000019 -0.047782637 0.0011882316 0.028000019 -0.047782637 0.0011882316 0.028000019 -0.047782637 0.0011882316 0.028086975 -0.047869593 0.0011882316 0.028086975 -0.047869593 0.0011882316 0.028521758 -0.049521767 0.0011882316 0.028521758 -0.049521767 0.0011882316 0.028391324 -0.049043506 0.0032751877 0.028086975 -0.048913073 0.0059708413 0.028000019 -0.049565248 0.0061447527 0.02791306 -0.049869593 0.0061447527 0.027130451 -0.050000027 0.0091012772 0.027130451 -0.050000027 0.0091012772 0.026043497 -0.050130464 0.011623016 0.025956538 -0.050173942 0.011579538 0.026173931 -0.05021742 0.010709973 0.026782628 -0.05021742 0.0089708436 0.022521757 -0.05021742 0.0110578 0.022521757 -0.05021742 0.0110578 0.028086975 -0.05021742 0.0011882316 0.028086975 -0.05021742 0.0011882316 0.028000019 -0.05021742 0.0011882316 0.028000019 -0.05021742 0.0011882316 0.028000019 -0.05021742 0.0011882316 0.028521758 -0.049565248 0.0011882316 0.028521758 -0.049565248 0.0011882316 0.028347846 -0.049652204 0.00370997 0.028347846 -0.049826115 0.0034491029 0.028347846 -0.049826115 0.0036664922 0.027826104 -0.050000027 0.0064056236 0.027826104 -0.050000027 0.0064056236 0.027043495 -0.050130464 0.0090577994 0.026913062 -0.050173942 0.0090143215 0.027565237 -0.05021742 0.006057797 0.02791306 -0.05021742 0.0036230143 0.028130453 -0.05021742 0.0011882316 0.028130453 -0.05021742 0.0011882316 0.028217409 -0.050173942 0.0011882316 0.028217409 -0.050173942 0.0011882316 0.02847828 -0.049695682 0.0011882316 0.02847828 -0.049695682 0.0011882316 0.02847828 -0.049826115 0.0011882316 0.02847828 -0.049826115 0.0011882316 0.028434802 -0.050000027 0.0011882316 0.028434802 -0.050000027 0.0011882316 0.028304365 -0.050000027 0.0036664922 0.027739149 -0.050130464 0.0064056236 0.027608715 -0.050173942 0.0063621458 0.028086975 -0.050173942 0.0036664922 0.028304365 -0.050130464 0.0011882316 0.028304365 -0.050130464 0.0011882316 0.028391324 -0.050086986 0.0011882316 0.028391324 -0.050086986 0.0011882316 0.028173931 -0.050086986 0.0036664922 0.028173931 -0.050086986 0.0036664922 -0.023652172 0.0097825974 0.044188239 -0.022782605 0.011652164 0.044188239 -0.023782607 0.0098695531 0.044188239 -0.023782607 0.0098695531 0.044188239 -0.022913041 0.01173912 0.044188239 -0.022913041 0.01173912 0.044188239 -0.021782605 0.013478249 0.044188239 -0.02191304 0.013565205 0.044188239 -0.02191304 0.013565205 0.044188239 -0.020608693 0.015173905 0.044188239 -0.020739127 0.01526086 0.044188239 -0.020739127 0.01526086 0.044188239 -0.019347822 0.016782597 0.044188239 -0.01943478 0.01686956 0.044188239 -0.01943478 0.01686956 0.044188239 -0.01791304 0.018304341 0.044188239 -0.017999995 0.018391296 0.044188239 -0.017999995 0.018391296 0.044188239 -0.0163913 0.019652165 0.044188239 -0.016478255 0.019782603 0.044188239 -0.016478255 0.019782603 0.044188239 -0.014739125 0.020913035 0.044188239 -0.014826082 0.021043472 0.044188239 -0.014826082 0.021043472 0.044188239 -0.012999995 0.022043474 0.044188239 -0.01308695 0.022173904 0.044188239 -0.01308695 0.022173904 0.044188239 -0.011217386 0.022999994 0.044188239 -0.011260863 0.023173906 0.044188239 -0.011260863 0.023173906 0.044188239 -0.0093043409 0.023826078 0.044188239 -0.0093912967 0.023999996 0.044188239 -0.0093912967 0.023999996 0.044188239 -0.0073478185 0.024521731 0.044188239 -0.0073912963 0.024652168 0.044188239 -0.0073912963 0.024652168 0.044188239 -0.005391296 0.025043473 0.044188239 -0.005391296 0.02517391 0.044188239 -0.005391296 0.02517391 0.044188239 -0.0033478178 0.025391296 0.044188239 -0.0033478178 0.025521733 0.044188239 -0.0033478178 0.025521733 0.044188239 -0.0013043378 0.025565214 0.044188239 -0.0013043378 0.025739126 0.044188239 -0.0013043378 0.025739126 0.044188239 0.0007826183 0.025608689 0.044188239 0.0007826183 0.025739126 0.044188239 0.0007826183 0.025739126 0.044188239 0.0028260984 0.025434777 0.044188239 0.0028695762 0.025608689 0.044188239 0.0028695762 0.025608689 0.044188239 0.0048695765 0.025130428 0.044188239 0.0049130544 0.025260866 0.044188239 0.0049130544 0.025260866 0.044188239 0.0068695769 0.024652168 0.044188239 0.0069130547 0.024782605 0.044188239 0.0069130547 0.024782605 0.044188239 0.0088260993 0.024043471 0.044188239 0.0088695772 0.024173908 0.044188239 0.0088695772 0.024173908 0.044188239 0.010739144 0.023217387 0.044188239 0.0108261 0.023391299 0.044188239 0.0108261 0.023391299 0.044188239 0.012565229 0.022304341 0.044188239 0.012652189 0.022434779 0.044188239 0.012652189 0.022434779 0.044188239 0.01434784 0.021217383 0.044188239 0.014434796 0.021347821 0.044188239 0.014434796 0.021347821 0.044188239 0.016000014 0.019999996 0.044188239 0.01608697 0.020086952 0.044188239 0.01608697 0.020086952 0.044188239 0.017565232 0.018652163 0.044188239 0.017652187 0.018739119 0.044188239 0.017652187 0.018739119 0.044188239 0.019000016 0.017173901 0.044188239 0.019086972 0.017260864 0.044188239 0.019086972 0.017260864 0.044188239 0.020304363 0.015565209 0.044188239 0.020434797 0.015652165 0.044188239 0.020434797 0.015652165 0.044188239 0.021478277 0.013913035 0.044188239 0.02160871 0.013999991 0.044188239 0.02160871 0.013999991 0.044188239 0.022565234 0.012130424 0.044188239 0.022695668 0.012173906 0.044188239 0.022695668 0.012173906 0.044188239 0.023434799 0.010260858 0.044188239 0.023608714 0.010347813 0.044188239 0.023608714 0.010347813 0.044188239 0.024217408 0.0083478168 0.044188239 0.024347842 0.0083912909 0.044188239 0.024347842 0.0083912909 0.044188239 0.024782628 0.0063912943 0.044188239 0.024956539 0.0063912943 0.044188239 0.024956539 0.0063912943 0.044188239 0.02521741 0.0043478161 0.044188239 0.025391322 0.0043912902 0.044188239 0.025391322 0.0043912902 0.044188239 0.025478277 0.0023043342 0.044188239 0.025652193 0.0023478121 0.044188239 0.025652193 0.0023478121 0.044188239 0.025608715 0.000260856 0.044188239 0.025739148 0.000260856 0.044188239 0.025739148 0.000260856 0.044188239 0.025521755 -0.0018261001 0.044188239 0.02569567 -0.0018261001 0.044188239 0.02569567 -0.0018261001 0.044188239 0.025304366 -0.003869582 0.044188239 0.025434799 -0.003869582 0.044188239 0.025434799 -0.003869582 0.044188239 0.024913061 -0.0058695823 0.044188239 0.025043495 -0.0059130602 0.044188239 0.025043495 -0.0059130602 0.044188239 0.024347842 -0.0078695826 0.044188239 0.024521757 -0.0079130605 0.044188239 0.024521757 -0.0079130605 0.044188239 0.023652192 -0.0097826272 0.044188239 0.023782626 -0.009869583 0.044188239 0.023782626 -0.009869583 0.044188239 0.022782624 -0.01165219 0.044188239 0.022913061 -0.01173915 0.044188239 0.022913061 -0.01173915 0.044188239 0.021782625 -0.013478279 0.044188239 0.021913059 -0.013565235 0.044188239 0.021913059 -0.013565235 0.044188239 0.020608712 -0.015173931 0.044188239 0.020739146 -0.015260886 0.044188239 0.020739146 -0.015260886 0.044188239 0.019347843 -0.016782627 0.044188239 0.019434799 -0.016869586 0.044188239 0.019434799 -0.016869586 0.044188239 0.017913058 -0.018304367 0.044188239 0.018000014 -0.018391322 0.044188239 0.018000014 -0.018391322 0.044188239 0.016391318 -0.019652195 0.044188239 0.016478274 -0.019782629 0.044188239 0.016478274 -0.019782629 0.044188239 0.014739145 -0.020913064 0.044188239 0.0148261 -0.021043498 0.044188239 0.0148261 -0.021043498 0.044188239 0.013000015 -0.0220435 0.044188239 0.013086971 -0.022173934 0.044188239 0.013086971 -0.022173934 0.044188239 0.011217404 -0.023000021 0.044188239 0.011260882 -0.023173936 0.044188239 0.011260882 -0.023173936 0.044188239 0.0093043596 -0.023826107 0.044188239 0.0093913153 -0.024000023 0.044188239 0.0093913153 -0.024000023 0.044188239 0.0073478371 -0.024521761 0.044188239 0.007391315 -0.024652194 0.044188239 0.007391315 -0.024652194 0.044188239 0.0053913146 -0.025043499 0.044188239 0.0053913146 -0.025173936 0.044188239 0.0053913146 -0.025173936 0.044188239 0.0033478364 -0.025391325 0.044188239 0.0033478364 -0.025521759 0.044188239 0.0033478364 -0.025521759 0.044188239 0.0013043582 -0.025565241 0.044188239 0.0013043582 -0.025739152 0.044188239 0.0013043582 -0.025739152 0.044188239 -0.00078259967 -0.025608718 0.044188239 -0.00078259967 -0.025739152 0.044188239 -0.00078259967 -0.025739152 0.044188239 -0.0028260779 -0.025434803 0.044188239 -0.0028695557 -0.025608718 0.044188239 -0.0028695557 -0.025608718 0.044188239 -0.0048695579 -0.025130454 0.044188239 -0.0049130358 -0.025260892 0.044188239 -0.0049130358 -0.025260892 0.044188239 -0.0068695582 -0.024652194 0.044188239 -0.0069130361 -0.024782632 0.044188239 -0.0069130361 -0.024782632 0.044188239 -0.0088260807 -0.0240435 0.044188239 -0.0088695586 -0.024173934 0.044188239 -0.0088695586 -0.024173934 0.044188239 -0.010739123 -0.023217414 0.044188239 -0.010826081 -0.023391325 0.044188239 -0.010826081 -0.023391325 0.044188239 -0.012565212 -0.022304367 0.044188239 -0.012652168 -0.022434805 0.044188239 -0.012652168 -0.022434805 0.044188239 -0.014347821 -0.021217413 0.044188239 -0.014434777 -0.021347847 0.044188239 -0.014434777 -0.021347847 0.044188239 -0.015999995 -0.020000018 0.044188239 -0.016086951 -0.020086978 0.044188239 -0.016086951 -0.020086978 0.044188239 -0.017565213 -0.018652193 0.044188239 -0.017652169 -0.018739149 0.044188239 -0.017652169 -0.018739149 0.044188239 -0.018999996 -0.017173931 0.044188239 -0.019086953 -0.01726089 0.044188239 -0.019086953 -0.01726089 0.044188239 -0.020304345 -0.015565235 0.044188239 -0.020434778 -0.015652191 0.044188239 -0.020434778 -0.015652191 0.044188239 -0.021478258 -0.013913061 0.044188239 -0.021608692 -0.014000017 0.044188239 -0.021608692 -0.014000017 0.044188239 -0.022565214 -0.012130454 0.044188239 -0.023434781 -0.010260887 0.044188239 9.3132257e-09 -1.4901161e-08 0.044188239 -0.024347823 0.0078695565 0.044188239 -0.025304345 0.0038695559 0.044188239 -0.024913041 0.0058695525 0.044188239 -0.025043476 0.0059130341 0.044188239 -0.025043476 0.0059130341 0.044188239 -0.024521736 0.0079130307 0.044188239 -0.024521736 0.0079130307 0.044188239 -0.024608694 0.0079565123 0.044057809 -0.024608694 0.0079565123 0.044057809 -0.023869563 0.0099130347 0.044057809 -0.023869563 0.0099130347 0.044057809 -0.022999998 0.011782601 0.044057809 -0.022999998 0.011782601 0.044057809 -0.021999996 0.013608687 0.044057809 -0.021999996 0.013608687 0.044057809 -0.020826083 0.015347816 0.044057809 -0.020826083 0.015347816 0.044057809 -0.019521736 0.016956516 0.044057809 -0.019521736 0.016956516 0.044057809 -0.018086951 0.018478252 0.044057809 -0.018086951 0.018478252 0.044057809 -0.016565213 0.019869559 0.044057809 -0.016565213 0.019869559 0.044057809 -0.014913038 0.021130428 0.044057809 -0.014913038 0.021130428 0.044057809 -0.013130428 0.02226086 0.044057809 -0.013130428 0.02226086 0.044057809 -0.011304341 0.023260862 0.044057809 -0.011304341 0.023260862 0.044057809 -0.0093912967 0.024086952 0.044057809 -0.0093912967 0.024086952 0.044057809 -0.0074347761 0.024782605 0.044057809 -0.0074347761 0.024782605 0.044057809 -0.0054347739 0.02530434 0.044057809 -0.0054347739 0.02530434 0.044057809 -0.0033912957 0.02565217 0.044057809 -0.0033912957 0.02565217 0.044057809 -0.0013043378 0.025826082 0.044057809 -0.0013043378 0.025826082 0.044057809 0.0007826183 0.025869556 0.044057809 0.0007826183 0.025869556 0.044057809 0.0028695762 0.025695644 0.044057809 0.0028695762 0.025695644 0.044057809 0.0049130544 0.025391296 0.044057809 0.0049130544 0.025391296 0.044057809 0.0069565326 0.024913035 0.044057809 0.0069565326 0.024913035 0.044057809 0.0089130551 0.024260864 0.044057809 0.0089130551 0.024260864 0.044057809 0.010869578 0.023478255 0.044057809 0.010869578 0.023478255 0.044057809 0.012695666 0.022521734 0.044057809 0.012695666 0.022521734 0.044057809 0.014478274 0.021434776 0.044057809 0.014478274 0.021434776 0.044057809 0.016173929 0.020173907 0.044057809 0.016173929 0.020173907 0.044057809 0.017739147 0.018826082 0.044057809 0.017739147 0.018826082 0.044057809 0.019173928 0.01734782 0.044057809 0.019173928 0.01734782 0.044057809 0.020521756 0.015739121 0.044057809 0.020521756 0.015739121 0.044057809 0.021739148 0.014043465 0.044057809 0.021739148 0.014043465 0.044057809 0.022782624 0.012260862 0.044057809 0.022782624 0.012260862 0.044057809 0.02369567 0.010391295 0.044057809 0.02369567 0.010391295 0.044057809 0.024434801 0.0084347725 0.044057809 0.024434801 0.0084347725 0.044057809 0.025043495 0.0064347684 0.044057809 0.025043495 0.0064347684 0.044057809 0.025478277 0.0043912902 0.044057809 0.025478277 0.0043912902 0.044057809 0.025739148 0.0023478121 0.044057809 0.025739148 0.0023478121 0.044057809 0.025869582 0.000260856 0.044057809 0.025869582 0.000260856 0.044057809 0.025782626 -0.0018261001 0.044057809 0.025782626 -0.0018261001 0.044057809 0.025565233 -0.0039130598 0.044057809 0.025565233 -0.0039130598 0.044057809 0.025173929 -0.005956538 0.044057809 0.025173929 -0.005956538 0.044057809 0.024608713 -0.0079565383 0.044057809 0.024608713 -0.0079565383 0.044057809 0.023869582 -0.0099130608 0.044057809 0.023869582 -0.0099130608 0.044057809 0.023000017 -0.011782628 0.044057809 0.023000017 -0.011782628 0.044057809 0.022000015 -0.013608713 0.044057809 0.022000015 -0.013608713 0.044057809 0.020826101 -0.015347846 0.044057809 0.020826101 -0.015347846 0.044057809 0.019521754 -0.016956542 0.044057809 0.019521754 -0.016956542 0.044057809 0.018086974 -0.018478282 0.044057809 0.018086974 -0.018478282 0.044057809 0.016565233 -0.019869585 0.044057809 0.016565233 -0.019869585 0.044057809 0.014913056 -0.021130454 0.044057809 0.014913056 -0.021130454 0.044057809 0.013130449 -0.022260889 0.044057809 0.013130449 -0.022260889 0.044057809 0.01130436 -0.023260891 0.044057809 0.01130436 -0.023260891 0.044057809 0.0093913153 -0.024086978 0.044057809 0.0093913153 -0.024086978 0.044057809 0.0074347928 -0.024782632 0.044057809 0.0074347928 -0.024782632 0.044057809 0.0054347925 -0.02530437 0.044057809 0.0054347925 -0.02530437 0.044057809 0.0033913143 -0.025652196 0.044057809 0.0033913143 -0.025652196 0.044057809 0.0013043582 -0.025826108 0.044057809 0.0013043582 -0.025826108 0.044057809 -0.00078259967 -0.025869586 0.044057809 -0.00078259967 -0.025869586 0.044057809 -0.0028695557 -0.025695674 0.044057809 -0.0028695557 -0.025695674 0.044057809 -0.0049130358 -0.025391325 0.044057809 -0.0049130358 -0.025391325 0.044057809 -0.006956514 -0.024913065 0.044057809 -0.006956514 -0.024913065 0.044057809 -0.0089130364 -0.02426089 0.044057809 -0.0089130364 -0.02426089 0.044057809 -0.010869559 -0.023478281 0.044057809 -0.010869559 -0.023478281 0.044057809 -0.012695646 -0.02252176 0.044057809 -0.012695646 -0.02252176 0.044057809 -0.014478256 -0.021434803 0.044057809 -0.014478256 -0.021434803 0.044057809 -0.016173908 -0.020173933 0.044057809 -0.016173908 -0.020173933 0.044057809 -0.017739126 -0.018826105 0.044057809 -0.017739126 -0.018826105 0.044057809 -0.019173909 -0.017347846 0.044057809 -0.019173909 -0.017347846 0.044057809 -0.020521736 -0.01573915 0.044057809 -0.020521736 -0.01573915 0.044057809 -0.021739127 -0.014043495 0.044057809 -0.021739127 -0.014043495 0.044057809 -0.022695649 -0.012173932 0.044188239 -0.022695649 -0.012173932 0.044188239 -0.023608694 -0.010347843 0.044188239 -0.023608694 -0.010347843 0.044188239 -0.02421739 -0.0083478428 0.044188239 -0.024782605 -0.0063913204 0.044188239 -0.02521739 -0.0043478422 0.044188239 -0.025478259 -0.002304364 0.044188239 -0.025608694 -0.00026088208 0.044188239 -0.025521737 0.001826074 0.044188239 -0.02569565 0.001826074 0.044188239 -0.02569565 0.001826074 0.044188239 -0.025434781 0.0038695559 0.044188239 -0.025434781 0.0038695559 0.044188239 -0.025565216 0.00391303 0.044057809 -0.025565216 0.00391303 0.044057809 -0.025173912 0.0059565082 0.044057809 -0.025173912 0.0059565082 0.044057809 -0.02521739 0.0059565082 0.043927372 -0.024652172 0.0079565123 0.043927372 -0.023913041 0.0099130347 0.043927372 -0.023043476 0.011826076 0.043927372 -0.022043476 0.013608687 0.043927372 -0.020869561 0.015347816 0.043927372 -0.019565213 0.01699999 0.043927372 -0.018130431 0.018478252 0.043927372 -0.016565213 0.019913033 0.043927372 -0.014913038 0.021173909 0.043927372 -0.013173908 0.022304341 0.043927372 -0.011347819 0.023304343 0.043927372 -0.0094347764 0.024130426 0.043927372 -0.0074347761 0.02482608 0.043927372 -0.0054347739 0.02530434 0.043927372 -0.0033912957 0.025695644 0.043927372 -0.0013043378 0.025869556 0.043927372 0.0007826183 0.025869556 0.043927372 0.0028695762 0.025739126 0.043927372 0.0049130544 0.025434777 0.043927372 0.0069565326 0.024956517 0.043927372 0.0089565329 0.024304338 0.043927372 0.010869578 0.023521729 0.043927372 0.012739144 0.022565208 0.043927372 0.014521752 0.021478251 0.043927372 0.016173929 0.020217381 0.043927372 0.017739147 0.018869556 0.043927372 0.019217405 0.01734782 0.043927372 0.020565234 0.015782602 0.043927372 0.021739148 0.014043465 0.043927372 0.022826105 0.012260862 0.043927372 0.023739148 0.010391295 0.043927372 0.024478279 0.0084347725 0.043927372 0.025086973 0.0064347684 0.043927372 0.025521755 0.0043912902 0.043927372 0.025782626 0.0023478121 0.043927372 0.02591306 0.000260856 0.043927372 0.025826104 -0.0018261001 0.043927372 0.025608715 -0.0039130598 0.043927372 0.02521741 -0.005956538 0.043927372 0.024652191 -0.0079565383 0.043927372 0.023913059 -0.0099130608 0.043927372 0.023043495 -0.011826105 0.043927372 0.022043496 -0.013608713 0.043927372 0.020869583 -0.015347846 0.043927372 0.019565232 -0.01700002 0.043927372 0.018130451 -0.018478282 0.043927372 0.016565233 -0.019913062 0.043927372 0.014913056 -0.021173932 0.043927372 0.013173927 -0.022304367 0.043927372 0.011347838 -0.023304369 0.043927372 0.0094347969 -0.024130456 0.043927372 0.0074347928 -0.024826109 0.043927372 0.0054347925 -0.02530437 0.043927372 0.0033913143 -0.025695674 0.043927372 0.0013043582 -0.025869586 0.043927372 -0.00078259967 -0.025869586 0.043927372 -0.0028695557 -0.025739152 0.043927372 -0.0049130358 -0.025434803 0.043927372 -0.006956514 -0.024956543 0.043927372 -0.0089565143 -0.024304368 0.043927372 -0.010869559 -0.023521759 0.043927372 -0.012739124 -0.022565238 0.043927372 -0.014521734 -0.02147828 0.043927372 -0.016173908 -0.020217411 0.043927372 -0.017739126 -0.018869586 0.043927372 -0.019217387 -0.017347846 0.043927372 -0.020565214 -0.015782628 0.043927372 -0.021739127 -0.014043495 0.043927372 -0.022782605 -0.012260888 0.044057809 -0.022782605 -0.012260888 0.044057809 -0.02369565 -0.010391321 0.044057809 -0.02369565 -0.010391321 0.044057809 -0.024347823 -0.0083913207 0.044188239 -0.024347823 -0.0083913207 0.044188239 -0.024956521 -0.0063913204 0.044188239 -0.024956521 -0.0063913204 0.044188239 -0.025391303 -0.00439132 0.044188239 -0.025391303 -0.00439132 0.044188239 -0.025652172 -0.0023478419 0.044188239 -0.025652172 -0.0023478419 0.044188239 -0.02573913 -0.00026088208 0.044188239 -0.02573913 -0.00026088208 0.044188239 -0.025869563 -0.00026088208 0.044057809 -0.025869563 -0.00026088208 0.044057809 -0.025782607 0.001826074 0.044057809 -0.025782607 0.001826074 0.044057809 -0.025826085 0.001826074 0.043927372 -0.025608694 0.00391303 0.043927372 -0.02521739 0.0059565082 0.038709983 -0.02521739 0.0059565082 0.038709983 -0.023913041 0.0099130347 0.038709983 -0.023913041 0.0099130347 0.038709983 -0.022043476 0.013608687 0.038709983 -0.022043476 0.013608687 0.038709983 -0.019565213 0.01699999 0.038709983 -0.019565213 0.01699999 0.038709983 -0.016565213 0.019913033 0.038709983 -0.016565213 0.019913033 0.038709983 -0.013173908 0.022304341 0.038709983 -0.013173908 0.022304341 0.038709983 -0.0094347764 0.024130426 0.038709983 -0.0094347764 0.024130426 0.038709983 -0.0054347739 0.02530434 0.038709983 -0.0054347739 0.02530434 0.038709983 -0.0013043378 0.025869556 0.038709983 -0.0013043378 0.025869556 0.038709983 0.0028695762 0.025739126 0.038709983 0.0028695762 0.025739126 0.038709983 0.0069565326 0.024956517 0.038709983 0.0069565326 0.024956517 0.038709983 0.010869578 0.023521729 0.038709983 0.010869578 0.023521729 0.038709983 0.014521752 0.021478251 0.038709983 0.014521752 0.021478251 0.038709983 0.017739147 0.018869556 0.038709983 0.017739147 0.018869556 0.038709983 0.020565234 0.015782602 0.038709983 0.020565234 0.015782602 0.038709983 0.022826105 0.012260862 0.038709983 0.022826105 0.012260862 0.038709983 0.024478279 0.0084347725 0.038709983 0.024478279 0.0084347725 0.038709983 0.025521755 0.0043912902 0.038709983 0.025521755 0.0043912902 0.038709983 0.025782626 0.0023478121 0.038709983 0.025782626 0.0023478121 0.038709983 0.02591306 0.000260856 0.038709983 0.02591306 0.000260856 0.038709983 0.025608715 -0.0039130598 0.038709983 0.025608715 -0.0039130598 0.038709983 0.024652191 -0.0079565383 0.038709983 0.024652191 -0.0079565383 0.038709983 0.023043495 -0.011826105 0.038709983 0.023043495 -0.011826105 0.038709983 0.020869583 -0.015347846 0.038709983 0.020869583 -0.015347846 0.038709983 0.018130451 -0.018478282 0.038709983 0.018130451 -0.018478282 0.038709983 0.014913056 -0.021173932 0.038709983 0.014913056 -0.021173932 0.038709983 0.011347838 -0.023304369 0.038709983 0.011347838 -0.023304369 0.038709983 0.0074347928 -0.024826109 0.038709983 0.0074347928 -0.024826109 0.038709983 0.0033913143 -0.025695674 0.038709983 0.0033913143 -0.025695674 0.038709983 -0.00078259967 -0.025869586 0.038709983 -0.00078259967 -0.025869586 0.038709983 -0.0049130358 -0.025434803 0.038709983 -0.0049130358 -0.025434803 0.038709983 -0.0089565143 -0.024304368 0.038709983 -0.0089565143 -0.024304368 0.038709983 -0.012739124 -0.022565238 0.038709983 -0.012739124 -0.022565238 0.038709983 -0.016173908 -0.020217411 0.038709983 -0.016173908 -0.020217411 0.038709983 -0.019217387 -0.017347846 0.038709983 -0.019217387 -0.017347846 0.038709983 -0.021739127 -0.014043495 0.038709983 -0.021739127 -0.014043495 0.038709983 -0.022826085 -0.012260888 0.043927372 -0.023739127 -0.010391321 0.043927372 -0.024434781 -0.0084347986 0.044057809 -0.024434781 -0.0084347986 0.044057809 -0.025043476 -0.0064347982 0.044057809 -0.025043476 -0.0064347982 0.044057809 -0.025478259 -0.00439132 0.044057809 -0.025478259 -0.00439132 0.044057809 -0.02573913 -0.0023478419 0.044057809 -0.02573913 -0.0023478419 0.044057809 -0.025782607 -0.0023478419 0.043927372 -0.025913041 -0.00026088208 0.043927372 -0.025826085 0.001826074 0.038709983 -0.025826085 0.001826074 0.038709983 9.3132257e-09 -1.4901161e-08 0.038709983 -0.023739127 -0.010391321 0.038709983 -0.023739127 -0.010391321 0.038709983 -0.024478259 -0.0084347986 0.043927372 -0.025086954 -0.0064347982 0.043927372 -0.025521737 -0.00439132 0.043927372 -0.025782607 -0.0023478419 0.038709983 -0.025782607 -0.0023478419 0.038709983 -0.025086954 -0.0064347982 0.038709983 -0.025086954 -0.0064347982 0.038709983 </float_array>
          <technique_common>
            <accessor count="2881" offset="0" source="#meshId0-positions-array" stride="3">
              <param name="X" type="float" />
              <param name="Y" type="float" />
              <param name="Z" type="float" />
            </accessor>
          </technique_common>
        </source>
        <source id="meshId0-normals" name="meshId0-normals">
          <float_array id="meshId0-normals-array" count="8643"> 0.77276951 -0.21188839 0.59827298 0.87136877 0.021784207 0.49014482 0.77577031 -0.18470724 0.60337704 -0.18843578 0.94217891 -0.2771115 -0.19514464 0.91832775 -0.34437293 -0.32408303 0.9398405 -0.10802759 -0.30107525 0.94623649 -0.1182795 -0.37489828 0.92683196 -0.020827673 -0.28317699 0.95441133 -0.094392277 -0.74534643 0.66629457 -0.022586245 -0.94953591 0.14027236 -0.28054473 -0.71819502 0.69575143 -0.011221793 -0.73437679 0.67874217 0 -0.75586885 0.65433425 -0.022563238 -0.771483 0.63533902 -0.034035999 -0.94953591 0.14027236 -0.28054473 -0.74495041 0.66711986 0 -0.7236082 0.69021088 0 -0.94953591 0.14027236 -0.28054473 -0.73437679 0.67874217 0 -0.73437679 0.67874217 0 -0.73989362 0.67263055 0.011210504 -0.73989362 0.67263055 0.011210504 -0.74534643 0.66629457 0.022586245 -0.73989362 0.67263055 0.011210504 -0.74534643 0.66629457 0.022586245 -0.74534643 0.66629457 0.022586245 -0.75586885 0.65433425 0.022563238 -0.75586885 0.65433425 0.022563238 -0.76617587 0.6422357 0.022534573 -0.76617587 0.6422357 0.022534573 -0.77626151 0.63000941 0.022500323 -0.79132676 0.61045218 0.033913989 -0.79050076 0.61235982 -0.01113381 -0.8151871 0.57742429 0.045288153 0.26108578 0.96400893 -0.050208773 0.053758219 0.99452621 -0.089596987 0.15546691 0.98767167 -0.018290209 -0.096030533 0.99522525 -0.017460084 0.95053333 -0.2957215 0.095053285 0.94688618 -0.19818549 0.25323707 0.91386032 -0.28118786 0.29290402 0.79028326 -0.23833935 0.56448793 0.8255322 -0.18210268 0.53416777 0.7657665 -0.094248235 0.63617533 0.96352237 -0.13614993 0.2304076 0.96782708 -0.091688916 0.23431608 0.78668559 -0.045604944 0.6156671 0.88110942 -0.010745231 0.47279033 0.73989362 0.011210504 0.67263055 0.8015132 0.081312895 0.59242284 0.55892366 0.57255572 0.59982026 0.66793031 0.69362015 0.26974121 0.51668429 0.62545967 0.58466882 0.62406445 0.73868871 0.2547203 0.47301614 0.66222274 0.58113408 0.56147844 0.77841336 0.28073931 0.41421798 0.6948173 0.58792222 0.49655923 0.8317368 0.24827972 0.36941376 0.72563416 0.58050722 0.43362153 0.85485387 0.28495136 0.3107464 0.75097042 0.58264935 0.36102679 0.89053261 0.27678725 0.2532458 0.77239943 0.58246505 0.30222347 0.91829425 0.25572759 0.19753096 0.79012346 0.58024681 0.22551757 0.93589842 0.27062124 0.1313719 0.80017465 0.58520246 0.15127394 0.95086527 0.27013221 0 -1 0 -0.82003701 0.056946993 -0.56947029 -0.97697067 0.058618214 -0.2051639 -0.98510498 0.10623683 -0.13521042 -0.92240888 0.098829471 -0.37335595 -0.91978329 0.20695123 -0.33342147 -0.98858398 0.13989404 0.055957559 -0.97428042 0.18267755 -0.13193373 -0.96462852 0.25384966 -0.071077861 -0.93973982 0.3310447 -0.085430846 -0.94361198 0.32502189 0.062907435 -0.96187747 0.27052805 0.040078208 -0.98228973 0.18119915 0.047683947 -0.98923457 -0.14520882 0.018151086 -0.98723435 -0.15685031 -0.027679455 -0.97776496 -0.20884305 0.018985718 -0.96914542 -0.24473372 0.029368028 -0.96462852 -0.25384966 -0.071077861 -0.8963536 -0.21229425 -0.38920614 -0.90762711 -0.39708683 -0.13614409 -0.94175935 -0.32802853 -0.074070923 -0.86578244 -0.32157639 -0.38341796 -0.79900616 -0.2790181 -0.53267074 -0.49585089 -0.19350277 -0.8465746 -0.16248061 -0.066903718 -0.98444092 -0.50602412 -0.18072289 -0.84337348 -0.53080952 -0.12975346 -0.83749938 -0.82737142 -0.1558816 -0.53959012 -0.92240888 -0.098829471 -0.37335595 -0.99452615 -0.089596979 -0.053758144 -6.5974085e-08 0.99356067 -0.11330073 -0.99356955 -0.10741287 0.035804287 0.018847032 0.9800424 -0.19789316 -0.057244789 0.80142742 -0.59534615 -0.99001956 -0.1295352 0.055515084 -0.98048639 -0.14855865 0.12875077 -0.022534573 0.76617587 -0.6422357 -1 0 0 -0.011200654 0.66083896 -0.75044417 -0.010918124 0.52406621 -0.85160756 -0.9921627 -0.10105356 0.073493496 0 0.44298962 -0.89652675 0 0.0079362541 -0.99996853 -0.99823928 -0.058719929 0.0083885612 -0.99494809 -0.096853301 0.026414536 -0.99880171 -0.041966438 0.025179863 -0.99395669 0.026623825 0.1064953 -0.99987203 0 0.015997944 -0.99774098 0.043006055 0.051607266 -0.99552602 0.062220342 0.071108967 -0.97776496 0.018985718 0.20884305 -0.98779196 -0.094979949 0.123474 -0.97444385 -0.20091633 0.10045817 -0.94847375 -0.29839629 0.10657012 -0.94660199 -0.32224748 0.010070229 -0.92489082 -0.38023287 0 -0.90461367 -0.42570049 0.021285016 -0.87376112 -0.48168871 -0.067212351 -0.87136877 -0.49014482 0.021784207 -0.83536655 -0.54958338 0.010991661 -0.80513543 -0.59266919 0.022364862 -0.82923329 -0.54892904 -0.10511402 -0.80303067 -0.44037163 -0.40151533 -0.7503249 -0.38174424 -0.5397073 -0.4710061 -0.26029277 -0.84285289 -0.48206967 -0.24721517 -0.84053165 -0.15438242 -0.086840026 -0.98418742 -0.11932635 -0.055073667 -0.99132651 -0.097682327 -0.035520822 -0.99458349 -0.16884482 -0.037521057 -0.98492819 -0.53542703 -0.1047574 -0.83805948 -0.67565304 -0.069895104 -0.733899 0 1 0 -0.70059425 -0.045940585 -0.71207941 0 1 0 -0.8460142 -0.056400921 -0.53016889 0 1 0 -0.94092655 -0.052273672 -0.33455166 0 1 0 -0.9885841 -0.055957559 -0.13989398 -0.99810225 -0.059209425 -0.016916979 0 1 0 -1 0 0 0.0087233298 0.99446762 -0.10468081 -0.022309054 0.81428397 -0.58003795 0.04731961 0.98424679 -0.1703504 -1 0 0 -0.010697169 0.45997843 -0.88786554 -1 0 0 0 0 -1 0 -0.08515963 -0.99636734 -0.99987203 -0.015997944 0 -0.021062039 -0.40017736 -0.91619557 -0.99996853 0.0079362541 0 -0.022182539 -0.5545637 -0.83184564 -0.99987203 0.015997944 0 0 -0.73437679 -0.67874217 -0.99636734 0.085159555 0 -0.98772532 0.14909069 0.046590798 -0.99425459 0.1055845 0.017597416 -0.02224832 -0.82318825 -0.56733239 0.00940686 -0.97830641 -0.20694941 -0.99425459 0.1055845 0.017597416 -0.018012162 -0.99066937 -0.13509129 -0.99198127 0.12511468 0.017873526 0 -0.99987203 -0.015997944 -0.99250984 0.10926708 0.054633539 -0.99001956 0.055515084 -0.1295352 0 -1 0 0 -1 0 0 -1 0 -0.72337383 0.045928475 -0.68892747 0 -1 0 -0.54664224 0.033467874 -0.83669716 -0.7278018 0.082171135 -0.68084687 -0.52636087 0.11696911 -0.84217727 -0.8135758 0.20955738 -0.54238373 -0.85073137 0.32527968 -0.41285494 -0.90483612 0.4071762 -0.1244149 -0.92430383 0.37617013 0.06448628 -0.90372348 0.42464107 0.054441143 -0.86962414 0.49055722 -0.05574511 -0.88795757 0.45507818 0.066596784 -0.84965271 0.52544326 0.044718545 -0.81515646 0.56706536 -0.11813856 -0.82003701 0.56947029 0.056946993 -0.79174477 0.60815185 0.057372786 -0.76124007 0.64590073 -0.057669677 -0.76124007 0.64590073 0.057669677 -0.72264212 0.6876756 0.069933079 -0.70982313 0.69799274 -0.094643034 -0.68892747 0.72337383 0.045928475 -0.65388215 0.74899226 -0.10699884 -0.67565298 0.73389894 0.069895104 -0.63533902 0.771483 0.034035999 -0.58745009 0.80630392 -0.069111735 -0.58244848 0.8108595 0.057102758 -0.5033114 0.85445893 -0.12875402 -0.54331893 0.8376165 0.056595687 -0.49055734 0.86962414 0.055745114 -0.43776673 0.89742172 -0.054720812 -0.45922697 0.88485217 0.078404576 -0.39854118 0.9155677 0.053856898 -0.25011292 0.93223959 0.26148188 -0.27052805 0.96187747 0.040078208 -0.31848574 0.90827394 0.27130267 -0.33766621 0.93913418 0.063312389 -0.37540615 0.88402086 0.2785272 -0.4451234 0.85315317 0.27201992 -0.50011718 0.82519341 0.26256159 -0.56147844 0.77841336 0.28073931 -0.62406445 0.73868871 0.2547203 -0.67813283 0.70324904 0.2134864 -0.68109274 0.65489703 0.32744852 -0.73868859 0.62406468 0.25472033 -0.77841336 0.56147844 0.28073931 -0.81833869 0.50359303 0.27697623 -0.85315317 0.4451234 0.27201992 -0.88285637 0.38700554 0.26606637 -0.90865344 0.3068181 0.28321671 -0.93625563 0.23688403 0.25944442 -0.96206105 0.1585816 0.22201417 -0.94786525 0.062496576 0.31248304 -0.91245908 -0.010488031 0.40903333 -0.95620877 -0.083148547 0.28062651 -0.94217891 -0.18843588 0.2771115 -0.9136095 -0.26939774 0.30453655 -0.87902981 -0.36626247 0.30521873 -0.91385531 -0.39637092 0.088082388 -0.86671972 -0.49038076 0.091233604 -0.81566095 -0.57440925 0.068929069 -0.76078629 -0.64890599 0.011188028 -0.73389894 -0.67565298 -0.069895104 -0.78649557 -0.61041439 -0.093909867 -0.7486403 -0.5516296 -0.36775312 -0.69932663 -0.47070053 -0.53794342 -0.42764759 -0.32702467 -0.84271729 -0.43664801 -0.29941583 -0.84834468 -0.1352105 -0.10623685 -0.98510504 -0.081332348 -0.07229536 -0.99406165 -0.060700014 -0.043357108 -0.9972139 -0.10558458 -0.017597418 -0.99425465 -0.17640296 -0.018568724 -0.9841429 -0.53016889 -0.056400921 -0.8460142 -0.5723837 -0.033669613 -0.81929439 -0.22902893 -0.0095428666 -0.97337276 0 1 0 0 1 0 -0.14393403 -0.008995872 -0.98954642 -1 0 0 -1 0 0 -0.0096777678 -0.25162211 -0.96777725 -1 0 0 -0.022563238 -0.65433425 -0.75586885 -0.045023445 -0.8329342 -0.55153745 -1 0 0 0.04731961 -0.98424679 -0.1703504 0.008791226 -0.99340898 -0.114286 -1 0 0 0 -1 0 -0.34992093 0.020583576 -0.93655312 0 -1 0 -1 0 0 -0.040949211 0 -0.99916124 0 -1 0 0 -1 0 -0.15409409 0.0090643503 -0.98801458 -0.38200715 0.042445224 -0.9231841 -0.16884491 0.037521061 -0.98492825 -0.52141345 0.14220367 -0.8413716 -0.50602412 0.18072289 -0.84337348 -0.77738738 0.3368679 -0.53121465 -0.78479999 0.44471997 -0.43164 -0.72563404 0.58050728 -0.36941376 -0.6275599 0.6676169 -0.40057015 -0.52995235 0.74193347 -0.41071314 -0.40808228 0.82891715 -0.38257715 -0.32802853 0.94175935 -0.074070923 -0.19915545 0.97586143 -0.089619882 -0.19047625 0.98095244 0.038095225 -0.17456384 0.94919139 0.26184592 -0.099357434 0.99357486 0.054194964 -0.093724534 0.9580735 0.27075991 -0.043357108 0.99721396 0.060699951 -0.0397995 0.96513832 0.25869688 0.017051708 0.99752539 0.068206832 0.02117498 0.91052461 0.41291228 -0.02224832 0.82318819 0.56733251 -0.081105232 0.81105268 0.57932341 -0.14407717 0.80443126 0.57630903 -0.19753078 0.79012346 0.58024704 -0.26698038 0.7755143 0.57210064 -0.3107464 0.75097042 0.58264935 -0.37005845 0.7136842 0.5947367 -0.42911485 0.68390185 0.59003282 -0.47344872 0.64930123 0.59519261 -0.51687539 0.61208904 0.59848702 -0.58597046 0.59959745 0.54508859 -0.55737185 0.53018302 0.63893867 -0.61208922 0.51687521 0.59848702 -0.64930123 0.47344872 0.59519261 -0.68390185 0.42911485 0.59003282 -0.7136842 0.37005845 0.5947367 -0.73951161 0.31137341 0.59679908 -0.76465684 0.26763004 0.58623719 -0.77968132 0.19801445 0.59404314 -0.82859087 0.13020708 0.54450268 -0.80142742 0.057244789 0.59534615 -0.78516573 0 0.61928576 -0.8460142 -0.056400921 0.53016889 -0.85445893 -0.128754 0.50331128 -0.80267268 -0.17026381 0.5716002 -0.78694683 -0.22484206 0.57459617 -0.7509703 -0.3107464 0.58264941 -0.72919679 -0.39774367 0.55684108 -0.84493238 -0.45974258 0.27336052 -0.79632097 -0.54352051 0.26544026 -0.73868859 -0.62406468 0.25472021 -0.75991493 -0.64117825 0.10686298 -0.7286768 -0.68241161 0.057831462 -0.68241161 -0.7286768 0.057831462 -0.69575143 -0.71819502 -0.011221793 -0.66849846 -0.72927111 -0.14585423 -0.66548461 -0.63886523 -0.38598111 -0.62592286 -0.57149464 -0.53067362 -0.37829489 -0.37829489 -0.84485853 -0.40571389 -0.36767823 -0.8367849 -0.12663206 -0.12663206 -0.98383361 -0.072893091 -0.091116436 -0.99316889 -0.067638956 -0.0084548611 -0.99767411 -1 0 0 0 0 -1 -0.08588513 0.0085885124 -0.99626797 -0.1064953 0.026623825 -0.99395669 -0.16105975 0.056844566 -0.98530626 -0.49973997 0.20720924 -0.84102571 -0.4710061 0.26029277 -0.84285289 -0.7212835 0.44078431 -0.534284 -0.42764759 0.32702467 -0.84271729 -0.65169054 0.54307532 -0.5294984 -0.37829489 0.37829489 -0.84485853 -0.55809444 0.62615466 -0.54448229 -0.31400004 0.43959996 -0.84151995 -0.45675671 0.69856894 -0.55079472 -0.24721526 0.48206958 -0.84053165 -0.35177851 0.7687012 -0.53418207 -0.29093578 0.88492984 -0.36366978 -0.16251628 0.89383948 -0.41789895 -0.10710949 0.98346037 -0.14605854 -0.016917044 0.99810231 -0.059209432 0.0082571302 0.9991132 0.041285649 0.10741301 0.99356949 0.03580429 0.073095307 0.95023948 0.30282357 0.22397763 0.97381562 0.038952608 0.28774381 0.95572042 0.061659351 0.33145055 0.94256252 0.041431297 0.37617013 0.92430383 0.06448628 0.43776664 0.89742178 0.054720812 0.48603874 0.87034816 0.079122528 0.52544326 0.84965271 0.044718545 0.57742429 0.8151871 0.045288153 0.63344055 0.77164572 0.057585474 0.66346383 0.74494183 0.069838263 0.69425666 0.71739852 0.05785469 0.73974848 0.6703971 0.057792824 0.71836197 0.64139479 0.26938584 0.59915274 0.53106701 0.59915251 0.7565968 0.58988893 0.28212091 0.63717479 0.48804864 0.59650385 0.80626023 0.52910823 0.2645542 0.67267287 0.44396403 0.59195197 0.84493238 0.45974258 0.27336052 0.70354676 0.38495952 0.5973509 0.8772012 0.38986722 0.28021711 0.73048317 0.32610857 0.6000396 0.90265352 0.33255661 0.27317151 0.75350547 0.26819691 0.60025001 0.92345262 0.26549271 0.27703583 0.77276957 0.21188827 0.59827298 0.94217896 0.1884357 0.2771115 0.78853071 0.15770607 0.59443092 0.95244765 0.10582746 0.2857343 0.97066039 -0.0096104946 0.24026251 0.9962889 -0.078654416 0.034957491 0.95620096 -0.10507707 0.27320033 0.97651559 -0.17114189 0.13087314 0.98161268 -0.18877165 0.028315736 0.96995986 -0.24249001 0.019399188 0.95414943 -0.29039332 -0.072598293 0.94660199 -0.32224748 0.010070229 0.92683196 -0.37489828 0.020827673 0.90461367 -0.4257006 0.021285018 0.91686136 -0.38662824 0.099418648 0.87902981 -0.36626247 0.30521873 0.75097042 -0.3107464 0.58264935 0.54390842 -0.16921596 0.82190597 0.59859848 -0.13169169 0.79015005 0.63617522 -0.094248228 0.7657665 0.68354154 -0.034177061 0.72911096 0.59996301 0.011110419 0.79995054 0.47721907 0.02169176 0.87851661 0.55642325 0.056777846 0.8289569 0.54892921 0.10511404 0.82923329 0.52141351 0.14220358 0.8413716 0.3083885 0.095706731 0.94643372 0.58444881 0.21139625 0.78341001 0.50356996 0.22107959 0.83518922 0.48556912 0.26146039 0.83418292 0.46611917 0.30234763 0.83145583 0.44247115 0.32869291 0.83437419 0.42062968 0.36964428 0.82851297 0.38047916 0.39316177 0.83705407 0.35660836 0.43302438 0.82784075 0.3302803 0.45731112 0.8257007 0.28910819 0.47765687 0.82961458 0.26256159 0.50011718 0.82519341 0.22276624 0.5321635 0.81680924 0.18272322 0.54816931 0.8161633 0.14366378 0.56268263 0.81409407 0.093218774 0.57096535 0.81566465 0.057372786 0.60815185 0.79174477 0.069111735 0.80630392 0.58745009 0.045688163 0.62821263 0.77669913 0.010791597 0.87410647 0.48561469 -0.022248322 0.56733251 0.82318825 -0.056946993 0.56947029 0.82003701 -0.10544538 0.56237566 0.82013106 -0.14321269 0.54898232 0.82347333 -0.18210278 0.53416783 0.82553214 -0.22195184 0.51788735 0.82615376 -0.26256159 0.50011718 0.82519341 -0.28910819 0.47765687 0.82961458 -0.3302803 0.45731112 0.8257007 -0.35477164 0.41812366 0.83624732 -0.41656923 0.44260481 0.79408514 -0.35901102 0.34663132 0.86657822 -0.41812366 0.35477164 0.83624732 -0.44247115 0.32869291 0.83437419 -0.46297041 0.2877925 0.83835185 -0.48556912 0.26146039 0.83418292 -0.50356996 0.22107959 0.83518922 -0.55236554 0.19639675 0.8101362 -0.53522158 0.14272566 0.83256668 -0.59736013 0.093703493 0.79648006 -0.55954188 0.033572491 0.82812178 -0.59470075 0 0.80394715 -0.64760184 -0.03408429 0.76121616 -0.63617533 -0.094248138 0.7657665 -0.63617533 -0.094248138 0.7657665 -0.43644264 -0.089526646 0.89526689 -0.74528921 -0.15883204 0.64754641 -0.71474338 -0.17252417 0.67777389 -0.46993828 -0.15272985 0.86938572 -0.51399457 -0.20804553 0.83218175 -0.50359303 -0.27697623 0.81833869 -0.41898745 -0.28343275 0.86262125 -0.61596709 -0.41510826 0.66952944 -0.69932663 -0.47070053 0.53794342 -0.6640445 -0.542077 0.51497316 -0.63334489 -0.63334507 0.44468901 -0.6865887 -0.69907224 0.19973491 -0.64590073 -0.76124007 0.057669677 -0.62085378 -0.78181577 0.057486426 -0.61326003 -0.78682411 -0.06942562 -0.58562642 -0.70541376 -0.3992908 -0.52949852 -0.65169042 -0.54307532 -0.33997923 -0.41553012 -0.84365207 -0.33997923 -0.41553012 -0.84365207 -0.10623685 -0.1352105 -0.98510504 -0.3417722 -0.43037975 -0.83544302 -0.11784548 -0.14730683 -0.98204547 -0.7236082 0.69021088 0 -0.38558403 -0.053553302 -0.92111719 -0.35365495 -0.075017668 -0.93236285 -0.59470075 0.80394715 0 -0.19789323 -0.018846961 -0.9800424 -0.51926029 0.85461617 0 -0.095214032 -0.0086558154 -0.9954192 -0.10649537 -0.026623825 -0.99395663 -0.47437036 -0.27463555 -0.8363899 -0.16390927 -0.077133708 -0.98345518 -0.07931751 -0.044065248 -0.99587506 -0.39084256 -0.36562693 -0.84472418 -0.13636006 -0.11688007 -0.98374039 -0.08201161 -0.082011536 -0.99325132 -0.024978315 -0.033304419 -0.99913311 -0.09851706 0.044780485 -0.99412727 -0.15438242 0.086840026 -0.98418742 -0.46297041 0.2877925 -0.83835185 -0.1352105 0.10623685 -0.98510504 -0.41553012 0.33997923 -0.84365207 -0.12663206 0.12663206 -0.98383361 -0.35285088 0.40325814 -0.84432173 -0.10710957 0.14605848 -0.98346037 -0.30091831 0.45137739 -0.84006351 -0.086840101 0.15438235 -0.98418742 -0.23414013 0.49292639 -0.83797491 -0.18072298 0.50602406 -0.84337348 -0.23685332 0.81028742 -0.53603625 -0.10475748 0.53542697 -0.83805948 -0.11738733 0.83345038 -0.53998208 -0.02117506 0.91052455 -0.41291228 0.065329365 0.98927259 -0.13065866 0.16248061 0.98444092 -0.066903718 0.23641089 0.96620113 -0.10278738 0.31397703 0.94193137 -0.11909479 0.39854118 0.9155677 -0.053856898 0.48533031 0.86666119 -0.11555486 0.55289423 0.82934117 -0.080630355 0.61833084 0.78166336 -0.081666283 0.67881191 0.72644788 -0.10718087 0.75060534 0.65822321 -0.057738848 0.78181577 0.62085378 0.057486426 0.82418817 0.56451255 0.045160979 0.86844659 0.49468464 0.032978963 0.90977103 0.41156304 0.05415301 0.93632346 0.3471761 0.052602418 0.9606747 0.27303389 0.050561804 0.97791296 0.20332851 0.048411511 0.9919343 0.11830403 0.045501549 0.9965933 0.043710209 0.069936335 0.99871773 -0.0083226431 0.049935859 0.99618453 -0.06171051 0.06171051 0.99452615 -0.089596979 0.053758144 0.98669779 -0.15824398 0.037233859 0.97024685 -0.21447559 -0.11234439 0.86863554 -0.26915464 -0.4159663 0.91673058 -0.38010779 -0.12297608 0.88485211 -0.45922709 -0.078404583 0.86685538 -0.49844187 0.010835688 0.87800974 -0.46751168 0.10262446 0.83835185 -0.46297041 0.2877925 0.62783992 -0.32700005 0.70632005 0.80249232 -0.45301983 0.38830274 0.78886533 -0.54711634 0.27992004 0.72283268 -0.49527419 0.48188838 0.62522322 -0.3857761 0.6784339 0.37206796 -0.19766106 0.90691537 0.56836915 -0.31001964 0.76213151 0.51788747 -0.22195174 0.82615376 0.2419311 -0.07056319 0.9677242 0.31248304 -0.062496576 0.94786525 0.29455671 -0.040628489 0.95476997 0.12402995 -0.0088592721 0.99223894 0.40017736 -0.021061959 0.91619569 0.30389977 -0.030389961 0.95221919 0.13868105 -0.046226971 0.98925757 0.23327374 0.029159199 0.97197378 0.24926576 0.049853124 0.96715105 0.2419311 0.07056319 0.9677242 0.22244938 0.09100195 0.97068793 0.21447566 0.11234432 0.97024685 0.20622946 0.13404904 0.96927822 0.22389898 0.17058958 0.95956683 0.17405947 0.15358175 0.97268486 0.19204429 0.20271356 0.96022189 0.16654915 0.18736796 0.96806741 0.14560436 0.20800638 0.96722937 0.13510178 0.2182415 0.96649784 0.11320966 0.22641948 0.96742851 0.10278731 0.23641096 0.96620113 0.081374593 0.24412394 0.96632379 0.060372408 0.25155187 0.96595901 0.051258441 0.29729912 0.95340747 0.019805854 0.27728209 0.96058434 0.021285016 0.42570049 0.90461367 0 0.22693074 0.97391093 -0.030189261 0.29182968 0.95599371 -0.0397995 0.25869688 0.96513832 -0.060372408 0.25155187 0.96595901 -0.081374593 0.24412394 0.96632379 -0.10278731 0.23641096 0.96620113 -0.11320966 0.22641948 0.96742851 -0.13510178 0.2182415 0.96649784 -0.1719237 0.23639525 0.95632607 -0.15608911 0.19771303 0.96775299 -0.20602323 0.21686673 0.95421338 -0.13866834 0.13866819 0.98058265 -0.1873678 0.16654931 0.96806741 -0.1960431 0.14445271 0.96989715 -0.23240449 0.14789367 0.96130931 -0.21447566 0.11234432 0.97024685 -0.22443143 0.10201421 0.96913546 -0.23222853 0.08077509 0.96930152 -0.27303389 0.050561804 0.9606747 -0.27728209 0.019805854 0.96058434 -0.16105975 -0.056844566 0.98530626 -0.1240298 0.0088592712 0.99223894 -0.35989413 -0.052925583 0.93149072 -0.12295368 0 0.99241239 -0.51598525 -0.021956809 0.85631597 -0.114286 -0.008791226 0.99340898 -0.4950074 -0.067500971 0.86626291 -0.47687265 -0.090832837 0.87426651 -0.24926576 -0.049853124 0.96715105 -0.25384966 -0.071077861 0.96462852 -0.23431604 -0.091688827 0.96782696 -0.22641948 -0.11320966 0.96742851 -0.22012776 -0.14675173 0.964369 -0.19771288 -0.15608928 0.96775299 -0.46549559 -0.3749826 0.80168688 -0.54448235 -0.55809432 0.62615466 -0.60390556 -0.74524528 0.28267929 -0.60040432 -0.79669023 0.069277376 -0.57440925 -0.81566095 0.068929069 -0.63000941 -0.77626151 0.022500323 -0.61833084 -0.78166336 0.081666283 -0.60542941 -0.79171526 -0.081500061 -0.56613261 -0.73728907 -0.36864454 -0.52949852 -0.65169042 -0.54307532 -0.34348258 -0.44525513 -0.82690245 -0.62592286 -0.57149464 -0.53067362 -0.40571389 -0.36767823 -0.8367849 -0.73061085 -0.41179883 -0.54463708 -0.4892258 -0.22015159 -0.84391439 -0.79900616 -0.2790181 -0.53267074 -0.67881197 -0.10718078 -0.72644788 -0.60542941 -0.081500061 -0.79171526 -0.88957191 0.4556343 -0.032545295 -0.72368377 0.6897611 -0.022615107 -0.51707494 0.84612238 -0.12926865 -0.6731891 0.72214824 -0.15911733 -0.44718826 0.89437646 -0.010647334 -0.24929802 0.96842676 0 0 0 -1 -0.0511849 0.034123264 -0.99810606 -0.081332266 0.072295353 -0.99406159 -0.072295353 0.081332266 -0.99406159 -0.053758077 0.089596979 -0.99452621 -0.044780415 0.098517135 -0.99412727 -0.056844641 0.16105968 -0.98530626 -0.15472913 0.51179588 -0.84505844 -0.037521131 0.16884483 -0.98492825 -0.080364317 0.53958869 -0.83808452 -0.022112012 0.5417425 -0.84025365 8.2450974e-08 0.83869231 -0.54460543 0.12222969 0.92227906 -0.36668923 0.24103393 0.87977356 -0.40975755 0.35660836 0.82784075 -0.43302438 0.49534789 0.78212833 -0.37802869 0.5973509 0.70354676 -0.38495952 0.68230867 0.60203689 -0.4147366 0.79448891 0.58984798 -0.14445257 0.85079956 0.51737803 -0.091978371 0.89170051 0.44585016 -0.078023754 0.92430383 0.37617013 -0.06448628 0.94841987 0.30560198 -0.084304027 0.96722949 0.20800641 -0.14560446 0.98927265 0.13065858 -0.065329291 0.99356955 0.03580429 -0.10741294 0.99659336 -0.043710213 -0.06993641 0.98979002 -0.12138936 -0.074701175 0.90140134 -0.13692175 -0.41076514 0.53958875 -0.080364235 -0.83808452 0.82737142 -0.1558816 -0.53959012 0.79900616 -0.27901798 -0.5326708 0.511796 -0.15472902 -0.84505844 0.1639092 -0.077133775 -0.98345518 0.48206967 -0.24721517 -0.84053165 0.17035048 -0.047319539 -0.98424679 0.50602412 -0.18072289 -0.84337348 0.4892258 -0.22015159 -0.84391439 0.75175911 -0.39566272 -0.52755034 0.82891715 -0.40808228 -0.38257715 0.84242612 -0.53084391 -0.092320718 0.83536667 -0.54958332 0.010991661 0.79995066 -0.59996289 0.011110419 0.82475793 -0.56129354 0.068729796 0.76303411 -0.6298058 0.14533974 0.72457641 -0.67627132 0.13283893 0.66404444 -0.54207712 0.51497316 0.43037975 -0.3417722 0.83544302 0.50177634 -0.3345176 0.79769576 0.50177634 -0.3345176 0.79769576 0.20268302 -0.11147569 0.97287858 0.23641089 -0.10278738 0.96620113 0.050349079 -0.016783027 0.99859059 0.058719929 -0.0083885612 0.99823928 0.067638882 -0.0084548602 0.99767405 0.058719929 -0.0083885612 0.99823928 0.067075454 0 0.99774796 0.097682409 -0.035520826 0.99458355 0.024186457 0 0.9997074 0.049935859 0.0083226431 0.99871773 0.058719929 0.0083885612 0.99823928 0.041285649 0.0082571302 0.9991132 0.050349079 0.016783027 0.99859059 0.033035278 0.016517639 0.99931765 0.050765466 0.025382733 0.99838799 0.041966438 0.025179863 0.99880171 0.042310614 0.033848491 0.99853098 0.033575516 0.033575516 0.9988721 0.042657189 0.042657189 0.99817872 0.024978315 0.033304419 0.99913311 0.025179863 0.041966438 0.99880171 0.025179863 0.041966438 0.99880171 0.025382733 0.050765466 0.99838799 0.016783027 0.050349079 0.99859059 0.0083226431 0.049935859 0.99871773 0.0083885612 0.058719929 0.99823928 0 0.067075454 0.99774796 0.017187171 0.077342264 0.99685639 -0.0083885612 0.058719929 0.99823928 -0.0083226431 0.049935859 0.99871773 -0.016783027 0.050349079 0.99859059 -0.016649902 0.041624751 0.99899459 -0.025382733 0.050765466 0.99838799 -0.025382733 0.050765466 0.99838799 -0.033848491 0.042310614 0.99853098 -0.042657189 0.042657189 0.99817872 -0.024778148 0.024778148 0.99938577 -0.042310614 0.033848491 0.99853098 -0.042310614 0.033848491 0.99853098 -0.0511849 0.034123264 0.99810606 -0.041624751 0.016649902 0.99899459 -0.050349079 0.016783027 0.99859059 -0.032768164 0.008192041 0.99942946 -0.049935859 0.0083226431 0.99871773 -0.049935859 0.0083226431 0.99871773 -0.032503128 0 0.99947166 -0.10020312 -0.063765578 0.99292159 -0.076693743 -0.0085215196 0.99701828 -0.058719993 -0.0083885612 0.99823922 -0.041624751 -0.016649902 0.99899459 -0.050765529 -0.025382733 0.99838793 -0.050765529 -0.025382733 0.99838793 -0.041966505 -0.025179865 0.99880177 -0.051184967 -0.034123268 0.99810606 -0.072295427 -0.081332274 0.99406165 -0.071109042 -0.06222035 0.99552608 -0.20271342 -0.19204445 0.96022189 -0.41656923 -0.44260481 0.79408514 -0.44078431 -0.534284 0.7212835 -0.48804873 -0.59650385 0.63717467 -0.54891562 -0.70957404 0.44181019 -0.55722111 -0.76455933 0.32396585 -0.58988893 -0.7565968 0.28212091 -0.64754635 -0.74528927 0.15883215 -0.67171347 -0.74002326 0.034154903 -0.70592207 -0.70592207 -0.057862435 -0.69383371 -0.64146894 -0.3272801 -0.8496682 -0.4248341 -0.31237805 -0.91680902 -0.23210353 -0.32494497 -0.88516426 -0.10213428 -0.45393032 -0.98633486 0.13406494 -0.095760614 -0.99698913 0.034677863 -0.069355726 -0.98977041 0.14266968 0 -0.98216659 0.18707933 -0.018707925 -0.98977041 0.14266968 0 -0.94684488 0.31904557 -0.041167151 -0.86787993 0.46366188 -0.1783316 -0.66058791 0.66058791 -0.3567175 -0.56033486 0.7558006 -0.3388072 -0.3954151 0.88668865 -0.23964565 -0.24694084 0.95555413 -0.16104853 -0.15871222 0.91826349 -0.36277077 0.028738804 0.9771173 -0.21075076 0.30005533 0.95189959 -0.06208038 0.32502189 0.94361198 -0.062907435 0.33406794 0.93754578 -0.096987523 0.38023287 0.92489082 0 0.32117257 0.94210643 -0.096351825 0.3312445 0.94354498 0 0.10378428 0.99459988 0 0 0 -1 -0.026206041 0.087353759 -0.99583262 -0.017597351 0.10558457 -0.99425459 -0.0092015248 0.17482771 -0.98455608 -8.2178452e-08 0.53194928 -0.84677631 0.056595862 0.54331881 -0.83761656 0.12975346 0.83749938 -0.53080952 0.12926884 0.51707482 -0.84612244 0.25108117 0.80345982 -0.5398246 0.20720933 0.49973989 -0.84102571 0.36674219 0.75968045 -0.5370155 0.27336052 0.45974258 -0.84493238 0.47070044 0.69932663 -0.53794354 0.33997923 0.41553012 -0.84365207 0.57149482 0.62592268 -0.53067362 0.40571389 0.36767823 -0.8367849 0.65169042 0.5294984 -0.54307538 0.75386012 0.50257337 -0.42321968 0.85841876 0.39810726 -0.32346219 0.87435061 0.25501901 -0.41288781 0.89848179 0.12510498 -0.42080784 0.92683196 -0.020827673 -0.37489828 0.83669722 -0.033467874 -0.54664218 0.53194916 0 -0.84677625 0.17326507 0 -0.9848752 0.54174244 -0.022111928 -0.84025365 0.53542697 -0.10475748 -0.83805948 0.17799041 -0.028103724 -0.98363078 0.12620811 -0.027044581 -0.99163508 0.097682327 -0.035520822 -0.99458349 0.088844173 -0.044422053 -0.99505448 0.090354502 -0.063248105 -0.99389923 0.14481437 -0.09654294 -0.98473763 0.43959996 -0.31400004 -0.84151995 0.45137739 -0.30091831 -0.84006351 0.67610794 -0.50031984 -0.5408864 0.76256406 -0.51275849 -0.39442968 0.79119754 -0.60225487 -0.10628031 0.75004005 -0.65628511 -0.082035594 0.76078629 -0.64890599 0.011188028 0.70706224 -0.70706224 -0.011223204 0.67881197 -0.72644788 0.10718078 0.65111876 -0.75576282 0.069762692 0.644458 -0.6839146 0.34195733 0.53018308 -0.55737197 0.63893843 0.41035759 -0.39753392 0.82071519 0.19938235 -0.16790093 0.96543044 0.20622939 -0.13404913 0.96927822 0.041966438 -0.025179863 0.99880171 0.0511849 -0.034123264 0.99810606 0.041966438 -0.025179863 0.99880171 0.041624751 -0.016649902 0.99899459 -0.97640753 0.21593632 0 0 0 1 -1 0 0 0 0 1 -0.97640753 -0.21593632 0 0 0 1 -0.90856975 -0.41773316 0 0 0 1 -0.794671 -0.60704046 0 0 0 1 -0.65535331 -0.75532246 0 0 0 1 -0.46837676 -0.88352883 0 0 0 1 -0.27215269 -0.96225405 0 0 0 1 -0.058234312 -0.99830294 0 0 0 1 0.16293095 -0.98663747 0 0 0 1 0.22693074 -0.97391093 0 0.43034092 -0.90266645 0 0 0 1 0.55721897 -0.8303656 0 0 0 1 0.7236082 -0.69021088 0 0 0 1 0.85461605 -0.51926041 0 0 0 1 0.94768107 -0.31921887 0 0 0 1 0.99356067 -0.11330079 0 0 0 1 0.99459988 0.10378428 0 0 0 1 0.94768107 0.31921887 0 0 0 1 0.86221117 0.50654894 0 0 0 1 0.7236082 0.69021088 0 0 0 1 -0.0079994835 -0.0079994835 0.99993598 -0.0080632018 -0.016126404 0.99983752 -0.063248172 -0.090354435 0.99389923 -0.24393877 -0.31363562 0.91767454 -0.41355398 -0.57363933 0.70704395 -0.31400004 -0.43959996 0.84151995 -0.38062465 -0.52499944 0.7612493 -0.50031984 -0.676108 0.54088628 -0.56524974 -0.68637484 0.45758316 -0.6432097 -0.64320993 0.41540635 -0.67881197 -0.72644788 0.10718078 -0.7440657 -0.66139179 0.094484486 -0.75044417 -0.66083896 0.011200654 -0.82418823 -0.56451243 -0.045160975 -0.91953051 -0.38313767 -0.087574288 -0.99316889 -0.091116436 -0.072893091 -0.99029541 0.13627927 0.027255826 -0.98216659 0.18707941 0.018707927 -0.90842873 0.41680843 -0.032062173 -0.96821123 0.24699269 -0.039518807 -0.99119586 0.12730956 -0.036374141 -0.9885841 0.13989398 -0.055957559 -0.96022189 0.19204438 -0.20271359 -0.82071519 0.41035759 -0.39753392 -0.75020874 0.25430804 -0.61033946 -0.62133789 0.45924979 -0.63484544 -0.55861223 0.6131109 -0.55861211 -0.50114536 0.66367888 -0.55532312 -0.2489263 0.90087628 -0.35560906 -0.57954842 0.45824763 -0.67389369 -0.14321272 0.82347345 -0.54898244 0.021061959 0.91619569 -0.40017736 0.2469409 0.95555407 -0.16104844 0.17968448 0.93211371 -0.314448 0.16066512 0.90660971 -0.39018649 0.25323698 0.9468863 -0.19818549 0.26079893 0.95974022 -0.10431962 -0.16678701 0.98109967 -0.098109923 0 0 -1 -0.26066589 0.96542907 0 0 0 -1 -0.094404034 0.995534 0 -0.074701175 0.98979008 -0.12138929 0.0086557483 0.99541914 -0.095214024 0 0 -1 0.094404034 0.995534 0 0.094201423 0.98911464 -0.11304169 0.17800854 0.97904706 -0.098893672 0 0 -1 0.2954697 0.95535201 0 0.3312445 0.94354498 0 0 0 -1 6.5468804e-08 0.10378429 -0.99459988 0.018568654 0.17640303 -0.9841429 0.080364414 0.53958863 -0.83808458 0.047319539 0.17035048 -0.98424679 0.15472913 0.51179588 -0.84505844 0.066903867 0.16248046 -0.98444092 0.23414013 0.49292639 -0.83797491 0.086840175 0.15438227 -0.98418742 0.30091831 0.45137739 -0.84006351 0.10623691 0.13521044 -0.98510504 0.36767823 0.40571389 -0.8367849 0.12557612 0.11591628 -0.98528886 0.41553012 0.33997923 -0.84365207 0.45137739 0.30091831 -0.84006351 0.72128338 0.44078431 -0.53428406 0.49292639 0.23414013 -0.83797491 0.77530766 0.32304493 -0.54271543 0.51179606 0.15472893 -0.84505844 0.8135758 0.20955728 -0.54238385 0.84242612 0.092320621 -0.53084385 0.52623874 0.080079749 -0.84655774 0.53016889 0.056400921 -0.8460142 0.17799041 0.028103724 -0.98363078 0.10468081 0.0087233959 -0.99446756 0.058234312 0 -0.99830294 0.071700558 -0.071700625 -0.99484569 0.13636006 -0.11688007 -0.98374039 0.37829489 -0.37829489 -0.84485853 0.40325814 -0.35285088 -0.84432173 0.59959745 -0.58597034 -0.54508871 0.68048406 -0.61376995 -0.40028474 0.68377572 -0.71976399 -0.1199607 0.61833084 -0.78166336 -0.081666283 0.60301298 -0.79643214 0.045510385 0.58420628 -0.8062045 0.09347295 0.60024995 -0.75350535 0.26819688 0.54207712 -0.66404444 0.51497316 0.42321968 -0.50257337 0.75386012 0.33207047 -0.35666826 0.87322223 0.13065873 -0.065329298 0.98927259 0.10020319 -0.063765585 0.99292159 0.059702687 -0.025586866 0.99788827 0.033304419 -0.024978315 0.99913311 0 0 1 -0.90856975 0.41773316 0 0 0 1 -0.87666696 0.48109764 0 0 0 1 -0.95889676 0.28375518 0 0 0 1 -0.99710393 0.076050259 0 0 0 1 -0.98977029 -0.14266959 0 0 0 1 -0.93464863 -0.35557282 0 0 0 1 -0.83869237 -0.54460543 0 0 0 1 -0.70151722 -0.71265244 0 0 0 1 -0.53194916 -0.84677625 0 0 0 1 -0.34336427 -0.93920231 0 0 0 1 -0.13274337 -0.9911505 0 0 0 1 0.08515963 -0.99636734 0 0.2954697 -0.95535201 0 0 0 1 0.2954697 -0.95535201 0 0 0 1 0.49382499 -0.86956137 0 0 0 1 0.66711986 -0.74495041 0 0 0 1 0.81299055 -0.58227694 0 0 0 1 0.91967863 -0.39267173 0 0 0 1 0.98297596 -0.18373381 0 0 0 1 0.99947166 0.032503128 0 0 0 1 0.96842676 0.24929802 0 0 0 1 0.89652675 0.44298962 0 0 0 1 0.77543586 0.63142639 0 0 0 1 0.61928576 0.78516573 0 0 0 1 0.44298962 0.89652675 0 0.56977969 0.82179743 0 0 0 1 -0.0079994835 -0.0079994835 0.99993598 0 -0.0079362541 0.99996853 -0.034399826 -0.060199581 0.99759346 -0.18562891 -0.25114504 0.94998318 -0.23210353 -0.32494497 0.91680902 -0.27500075 -0.34674016 0.89674175 -0.43960941 -0.51953834 0.73268241 -0.51573163 -0.55644715 0.6514504 -0.63334489 -0.63334507 0.44468901 -0.61299723 -0.54488629 0.57213056 -0.61299723 -0.54488629 0.57213056 -0.71944684 -0.65633762 0.22719376 -0.77982789 -0.57858217 0.23897952 -0.80626029 -0.52910817 0.26455408 -0.81028748 -0.53603619 0.23685321 -0.83791941 -0.51003778 0.19430013 -0.82475793 -0.56129372 0.068729796 -0.89846003 -0.43853399 0.021391895 -0.96294808 -0.26803711 0.029781885 -0.99859059 -0.016783027 0.050349079 -0.98525125 -0.076524332 0.15304874 -0.98510498 0.10623675 0.13521041 -0.9231841 0.38200715 0.042445224 -0.83036548 0.55721909 0 -0.86089361 0.50770646 -0.033111274 -0.8329342 0.55153745 -0.045023445 -0.82418823 0.56451243 -0.045160975 -0.80593407 0.59026152 -0.045404714 -0.80089343 0.59785008 -0.033840552 -0.79132676 0.61045218 -0.033913989 -0.83669716 0.54664224 0.033467874 -0.87690824 0.45599216 0.15199733 -0.86604518 0.47983575 0.14043967 -0.86250842 0.48953167 0.12821063 -0.82032967 0.56614316 0.080877542 -0.84660804 0.52188152 0.10437627 -0.85878319 0.49902251 0.11605171 -0.81566095 0.57440925 0.068929069 -0.8289569 0.55642325 0.056777846 -0.82418817 0.56451255 0.045160979 -0.81428391 0.58003795 0.022309139 -0.79050076 0.61235982 -0.01113381 -0.75072747 0.6597302 -0.034123961 -0.70151722 0.71265244 0 -0.7236082 0.69021088 0 -0.72914135 0.68427116 -0.011217554 -0.73989362 0.67263055 -0.011210504 -0.73989362 0.67263055 -0.011210504 -0.81105274 0.57932335 -0.081105232 -0.81075543 0.57575381 -0.10575065 -0.81515646 0.56706536 -0.11813856 -0.82737148 0.53959006 -0.15588149 -0.82737148 0.53959006 -0.15588149 -0.82347345 0.54898226 -0.14321269 -0.82347345 0.54898226 -0.14321269 -0.83791935 0.51003784 -0.19430023 -0.86157066 0.48389575 -0.1534303 -0.90863681 0.36112493 -0.20968552 -0.94757569 0.23138474 -0.22036651 -0.96620107 0.10278738 -0.23641096 -0.91357899 0.13534506 -0.3834776 -0.77985644 0.13197574 -0.61188751 -0.63111514 0.081811175 -0.77136284 -0.44037578 0.10162514 -0.89204341 -0.58623701 0.26762992 -0.76465702 -0.44037163 0.40151533 -0.80303067 -0.35449675 0.57769853 -0.73525268 -0.081500061 0.79171526 -0.60542941 0.045161065 0.82418817 -0.56451249 0.13767673 0.894898 -0.42450291 0.19048952 0.9630304 -0.19048952 0.098829471 0.92240888 -0.37335595 0.042445224 0.9231841 -0.38200715 8.2706492e-08 0.8303656 -0.55721903 -0.0092699202 0.98261946 -0.18539995 -0.022111844 0.84025365 -0.54174256 -0.088925995 0.97818637 -0.1877328 -0.033467785 0.83669716 -0.54664224 -0.16654915 0.96806741 -0.18736796 -0.22578023 0.9568786 -0.18277463 -0.056777757 0.8289569 -0.55642319 0 0.77543586 -0.63142639 0.17257659 0.69030672 -0.70263362 0.010835771 0.86685538 -0.4984419 -0.071588986 0.96133822 -0.2659021 -0.28317699 0.95441133 -0.094392277 -0.28510639 0.95714283 -0.050911829 -0.27728209 0.96058434 -0.019805854 -0.25384966 0.96462852 -0.071077861 -0.14234173 0.98690206 -0.075915508 -0.2954697 0.95535201 0 -0.31921887 0.94768107 0 0 0 -1 0.0083226431 0.049935859 -0.99871773 0.026414603 0.096853301 -0.99494803 0.044780552 0.09851706 -0.99412721 0.063248172 0.090354435 -0.99389923 0.072295427 0.081332274 -0.99406165 0.080656715 0.06273295 -0.99476582 0.14481445 0.096542865 -0.98473763 0.45974258 0.27336052 -0.84493238 0.16390927 0.077133708 -0.98345518 0.49974006 0.20720914 -0.84102571 0.51707494 0.12926865 -0.84612238 0.17035048 0.047319539 -0.98424679 0.10649537 0.026623825 -0.99395663 0.043006126 -0.05160727 -0.99774104 0.06273295 -0.080656715 -0.99476582 0.3417722 -0.43037975 -0.83544302 0.10623685 -0.1352105 -0.98510504 0.11688007 -0.13636006 -0.98374039 0.3417722 -0.43037975 -0.83544302 0.35285088 -0.40325814 -0.84432173 0.52862233 -0.66416645 -0.52862221 0.58315247 -0.71568704 -0.38435048 0.60040432 -0.79669023 -0.069277376 0.60521537 -0.79574603 0.022415372 0.63809127 -0.75848579 0.13243397 0.58264923 -0.7509703 0.31074637 0.54879689 -0.75786251 0.35279807 0.44460839 -0.619757 0.64670289 0.24393886 -0.31363562 0.91767442 0.072893165 -0.091116436 0.99316883 0.0080632018 -0.016126404 0.99983752 0.0079994835 -0.0079994835 0.99993598 0 0 1 -0.70151722 0.71265244 0 -0.83869231 0.54460549 0 -0.74495041 0.66711986 0 -0.74495041 0.66711986 0 0 0 1 0 0 1 0 0 1 0.23805209 0.97125238 0 0.23805209 0.97125238 0 0.3678644 0.92987955 0 0 0 1 0 -0.015997944 0.99987203 -0.016517639 -0.033035278 0.99931765 -0.044780552 -0.09851706 0.99412721 -0.074701175 -0.12138929 0.98979008 -0.13193375 -0.18267764 0.97428042 -0.18420669 -0.23838529 0.95354098 -0.11147562 -0.20268309 0.97287858 -0.25932646 -0.33005193 0.90764278 -0.46534488 -0.47864044 0.7445519 -0.59915262 -0.53106701 0.59915262 -0.71046603 -0.53620064 0.45577058 -0.70957404 -0.54891562 0.44181019 -0.76256406 -0.51275849 0.39442968 -0.87544852 -0.44955459 0.17745578 -0.95632607 -0.23639527 0.1719238 -0.92864573 -0.19252421 0.31709859 -0.94092655 -0.052273672 0.33455166 -0.94998318 0.25114506 0.185629 -0.89489812 0.42450288 0.13767655 -0.91310859 0.25754353 0.3160761 -0.91386032 0.28118786 0.29290402 -0.91310859 0.3160761 0.25754353 -0.90863681 0.36112493 0.20968552 -0.94414318 0.16467625 0.28543872 -0.95089066 0.20766586 0.22952542 -0.95055002 0.24036905 0.19666561 -0.94953591 0.2805447 0.14027227 -0.94643372 0.3083885 0.095706731 -0.93016672 0.36579588 0.031353917 -0.89652675 0.44298962 0 -0.95889676 0.28375518 0 -0.91208231 0.40775439 -0.042921495 -0.9800424 0.19789314 -0.018846959 -0.80916536 0.58747631 -0.011084452 -0.78082019 0.6246562 0.01115457 -0.80916536 0.58747631 -0.011084452 -0.8102172 0.5851568 -0.033759031 -0.82003713 0.56947017 -0.056946993 -0.80630398 0.58744997 -0.069111735 -0.90078503 0.38605076 -0.19887471 -0.89330035 0.38114151 -0.23821351 -0.88402086 0.37540615 -0.2785272 -0.87902981 0.36626247 -0.30521873 -0.86631268 0.37127692 -0.33414924 -0.85233372 0.36349529 -0.37602961 -0.77982789 0.23897952 -0.57858217 -0.84432173 0.40325814 -0.35285088 -0.75064528 0.21268284 -0.62553787 -0.84151995 0.43959996 -0.31400004 -0.73514891 0.19936243 -0.647928 -0.85153145 0.40072069 -0.33810812 -0.81982845 0.23601118 -0.52170891 -0.83636147 0.15532428 -0.52571285 -0.82475793 0.068729796 -0.56129372 -0.58515692 0.033759031 -0.81021714 -0.42857137 0.065934032 -0.90109897 -0.32086068 0.28520951 -0.90316325 -0.22107959 0.50356996 -0.83518922 -0.10699884 0.65388215 -0.74899226 -0.011210504 0.73989362 -0.67263055 -0.092941657 0.55764967 -0.82485676 0.03346796 0.83669722 -0.54664224 -0.045023534 0.55153751 -0.83293414 -0.045023534 0.55153751 -0.83293414 0.022112012 0.84025365 -0.5417425 -0.010991745 0.54958338 -0.83536667 -0.010991745 0.54958338 -0.83536667 8.2706492e-08 0.8303656 -0.55721903 0.033467785 0.54664224 -0.83669716 -0.022182453 0.83184552 -0.55456376 0.068514548 0.54811519 -0.83359194 -0.045023356 0.83293408 -0.55153751 0.10511421 0.54892904 -0.82923335 0.022586245 0.74534643 -0.66629457 0.15770607 0.59443092 -0.78853071 0.36964428 0.42062968 -0.82851297 0.25642198 0.42736986 -0.86695027 0.37206793 0.19766095 -0.90691537 0.42857146 0.065934032 -0.90109885 0.55355453 0.11777748 -0.82444274 0.58050722 0.36941376 -0.72563416 0.38577625 0.62522328 -0.6784339 0.22421312 0.79720229 -0.56053287 0.17150989 0.91471881 -0.36588755 0.13299277 0.97187018 -0.19437402 -0.20886482 0.9747023 -0.079567499 0.025998564 0.99661463 -0.077995956 -0.0084549254 0.99767411 -0.067638889 -0.049525902 0.9987728 0 0 0 -1 0.07931751 0.044065248 -0.99587506 0.050765466 0.025382733 -0.99838799 0.081332274 -0.072295427 -0.99406165 0.078654416 -0.034957491 -0.9962889 0.4892258 -0.22015159 -0.84391439 0.15438235 -0.086840101 -0.98418742 0.12663206 -0.12663206 -0.98383361 0.40571389 -0.36767823 -0.8367849 0.3417722 -0.43037975 -0.83544302 0.51497316 -0.66404444 -0.54207712 0.57130569 -0.71745354 -0.39858535 0.68597025 -0.72145158 -0.094616644 0.70059425 -0.71207941 0.045940585 0.73286867 -0.67376643 0.094563656 0.75649148 -0.6344766 0.15861908 0.67720914 -0.68998665 0.25555068 0.59003294 -0.68390179 0.42911485 0.48769036 -0.65025371 0.58251888 0.39858523 -0.57130569 0.71745366 0.31237805 -0.4248341 0.8496682 0.17324899 -0.24904558 0.95286995 0.052890547 -0.070520885 0.9961071 0.0079994835 -0.0079994835 0.99993598 0 0 1 -0.64345229 0.76548624 0 -0.58227706 0.81299043 0 0 0 1 -0.40517423 0.91423941 0 0 0 1 -0.19433622 0.98093492 0 0 0 1 0 0 1 0.024186457 0.9997074 0 0.024186457 0.9997074 0 0.3072924 0.95161515 0 0.094404034 0.995534 0 0 0 1 -0.008192041 -0.032768164 0.99942946 -0.036088847 -0.11728854 0.99244195 -0.067954727 -0.18444869 0.98049003 -0.16585982 -0.29854769 0.93987221 -0.33810812 -0.40072069 0.85153145 -0.48188838 -0.49527419 0.72283268 -0.38435048 -0.58315235 0.71568716 -0.36588746 -0.17150989 0.91471887 -0.6120891 -0.51687521 0.59848714 -0.40334642 -0.45539111 0.79368168 -0.54448235 -0.55809432 0.62615466 -0.61311102 -0.55861211 0.55861211 -0.6126563 -0.53096861 0.58542693 -0.86657822 -0.35901102 0.34663132 -0.6963107 -0.42849883 0.57579523 -0.88668871 -0.23964567 0.39541525 -0.83518922 -0.22107959 0.50356996 -0.82737148 -0.15588149 0.53959006 -0.91775447 0.042686231 0.39484781 -0.91663826 0.18332775 0.35519737 -0.87136877 0.021784207 0.49014482 -0.88690275 0.043797642 0.4598754 -0.91065943 0.076802559 0.40595657 -0.92430383 0.06448628 0.37617013 -0.83797491 -0.23414013 0.49292639 -0.88289392 -0.21475807 0.41758499 -0.932603 -0.12068973 0.3401258 -0.94623649 -0.1182795 0.30107525 -0.96898305 -0.059937067 0.23974842 -0.98663741 0 0.16293103 -0.9953689 0.053323302 0.079984955 -0.99983752 0.0080632018 0.016126404 -0.99340898 0.114286 -0.008791226 -0.99198121 0.12511475 -0.017873526 -0.99494803 0.096853368 -0.026414536 -0.98254228 0.17338979 -0.067429334 -0.84677625 0.53194928 0 -0.98019809 0.15841584 -0.11881183 -0.86201835 0.50377697 -0.055975188 -0.92983866 0.34315473 -0.13283402 -0.92368358 0.34919742 -0.15770198 -0.96206105 0.15858151 -0.22201416 -0.94548464 0.14127932 -0.29342631 -0.92368352 0.15770207 -0.34919742 -0.90036637 0.16160423 -0.40401053 -0.87690818 0.15199743 -0.45599222 -0.8374995 0.12975346 -0.5308094 -0.81809038 0.15639967 -0.55341423 -0.75848579 0.13243407 -0.63809139 -0.70083278 0.1329166 -0.7008329 -0.66371125 0.13274229 -0.73611617 -0.63617533 0.094248138 -0.7657665 -0.62085372 0.057486422 -0.78181571 -0.45567113 0 -0.89014822 -0.40334642 -0.45539111 -0.79368168 -0.44298971 0 -0.89652669 -0.40334642 -0.45539111 -0.79368168 -0.26405525 0.18703917 -0.94619823 -0.34012571 0.12068982 -0.932603 -0.18674226 0.3968271 -0.8986966 -0.18674226 0.3968271 -0.8986966 -0.080630451 0.55289418 -0.82934123 -0.14127924 0.29342628 -0.94548464 -0.06448628 0.37617013 -0.92430383 -0.022182625 0.55456376 -0.83184558 0 0.31921887 -0.94768107 0.064861991 0.38917211 -0.91887867 0.13368869 0.3565031 -0.92467993 0.21100673 0.37512308 -0.90263993 0.2771115 0.1884357 -0.94217896 0.38543528 -0.61138004 -0.69112527 0.35989413 0.052925583 -0.93149072 0.38543528 -0.61138004 -0.69112527 0.44718814 0.010647333 -0.89437646 0.60521543 0.022415373 -0.79574609 0.70982313 0.094643034 -0.69799274 0.88494056 0.12642001 -0.44821656 0.8015132 0.081312887 -0.59242272 0.8226254 0.24928053 -0.51102501 0.72283262 0.48188835 -0.49527416 0.57149482 0.62592268 -0.53067362 0.77304375 0.39307308 -0.49789253 0.39000529 0.79301071 -0.46800631 0.77304375 0.39307308 -0.49789253 0.60642999 0.75803751 -0.24004519 0.27491948 0.92785269 -0.25200936 0.62125862 0.76743716 -0.15836006 0.34012571 0.932603 -0.12068982 0.31313133 0.94949502 -0.020202011 0.12295368 0.99241239 0 0.48109764 0.87666696 0 0 0 -1 0.55721909 0.83036548 0 0.12511475 -0.017873526 -0.99198121 0.1172886 -0.03608878 -0.99244195 0.17186569 -0.057288516 -0.98345327 0.52636087 -0.11696911 -0.84217727 0.52636087 -0.11696911 -0.84217727 0.70083278 -0.1329166 -0.7008329 0.52011478 -0.18143539 -0.83460277 0.76870108 -0.35177851 -0.53418219 0.47437045 -0.27463546 -0.8363899 0.40571389 -0.36767823 -0.8367849 0.6259228 -0.57149476 -0.53067362 0.71836209 -0.64139467 -0.26938573 0.8102172 -0.5851568 -0.033759031 0.81105274 -0.57932335 0.081105232 0.73951173 -0.59679896 0.31137341 0.68048406 -0.61376995 0.40028474 0.54508871 -0.58597034 0.59959745 0.36964428 -0.42062968 0.82851297 0.34510607 -0.46014136 0.81802917 0.20118316 -0.27942121 0.93885523 0.095760696 -0.13406494 0.98633486 0.016517639 -0.033035278 0.99931765 0 -0.0079362541 0.99996853 0 0 1 -0.46837664 0.88352883 0 0 0 1 -0.26066589 0.96542907 0 0.094404034 0.995534 0 -0.12295368 0.99241239 0 0 0 1 0 -0.024186457 0.9997074 -0.0081273913 -0.024382176 0.99966967 -0.037520986 -0.16884489 0.98492819 -0.10874066 -0.33709595 0.9351694 -0.13283412 -0.34315476 0.92983866 -0.26915476 -0.41596636 0.86863559 -0.29259631 -0.52158457 0.80145931 -0.44340271 -0.57776701 0.68525857 -0.54207712 -0.51497316 0.66404444 -0.66952944 -0.41510826 0.61596709 -0.67616421 -0.37122744 0.63638985 -0.6810928 -0.32744852 0.65489697 -0.81515646 -0.11813856 0.56706536 -0.76895612 -0.1984404 0.60772347 -0.80649883 -0.18329531 0.5621053 -0.85346162 -0.15409714 0.49785247 -0.74671066 -0.35370508 0.56330794 -0.75175911 -0.39566267 0.52755016 -0.8006168 -0.3615689 0.47778738 -0.82690245 -0.34348258 0.44525513 -0.86498886 -0.30892465 0.3954235 -0.90764284 -0.25932661 0.33005199 -0.9429903 -0.19969216 0.26625615 -0.97428042 -0.13193373 0.18267755 -0.99193436 -0.045501553 0.11830411 -0.99880171 -0.025179863 0.041966438 -0.99987203 -0.015997944 0 -0.99996853 -0.0079362541 0 -0.99993598 0.0079994835 -0.0079994835 -0.99947166 0 -0.032503128 -0.99505442 0.044422049 -0.088844098 -0.98473758 0.09654294 -0.14481445 -0.96772426 0.070563197 -0.24193111 -0.93655312 0.020583576 -0.34992093 -0.91977268 0.031716283 -0.39116764 -0.89846003 0.021391895 -0.43853399 -0.86396855 0.021872614 -0.50307041 -0.84501845 0.033355977 -0.533696 -0.80513543 0.022364862 -0.59266919 -0.771483 0.034035999 -0.63533902 -0.74534643 0.022586245 -0.66629457 -0.70124799 0.022620892 -0.71255845 -0.65433425 0.022563238 -0.75586885 -0.6229521 0.033979189 -0.78152168 -0.60521543 0.022415373 -0.79574609 -0.57238376 0.033669613 -0.81929427 -0.52887958 0.022036636 -0.84841079 -0.51598531 0.021956809 -0.85631585 -0.45997843 0.010697169 -0.88786554 -0.40334642 -0.45539111 -0.79368168 -0.32502189 0.062907435 -0.94361198 -0.22244938 0.09100195 -0.97068793 -0.13406494 0.095760696 -0.98633486 -0.072893165 0.091116436 -0.99316883 0 0.076050259 -0.99710393 0.063765645 0.10020304 -0.99292159 0.14481445 0.096542865 -0.98473763 0.20700967 0.069003172 -0.9759025 0.38543528 -0.61138004 -0.69112527 0.27320033 0.10507699 -0.95620108 0.44298962 0 -0.89652675 0.45997855 0.01069717 -0.88786554 0.62085372 0.057486422 -0.78181571 0.83761656 0.056595687 -0.54331887 0.95193976 0.12835136 -0.2780948 0.95055002 0.24036904 -0.19666553 0.85717148 0.45307627 -0.2449061 0.77304375 0.39307308 -0.49789253 0.74671566 0.62015384 -0.24046776 0.62125862 0.76743716 -0.15836006 0.65433425 0.75586885 -0.022563238 0.65433425 0.75586885 -0.022563238 0.20332852 -0.048411518 -0.97791308 0.77543586 0.63142639 0 0.56129372 -0.068729796 -0.82475793 0.87666696 0.48109764 0 0.75503409 -0.094379321 -0.64885753 0.97904706 -0.098893672 -0.17800854 0.8523286 -0.21917018 -0.47486871 0.79368162 -0.40334639 -0.45539108 0.87773526 -0.47262672 -0.078771077 0.89828277 -0.43250644 -0.077629328 0.91977268 -0.39116764 0.031716283 0.8581112 -0.49370784 0.14105929 0.81982827 -0.52170897 0.23601127 0.79376358 -0.52490824 0.3072634 0.66416651 -0.52862221 0.52862221 0.62615466 -0.55809444 0.54448229 0.58542711 -0.53096861 0.61265606 0.45030147 -0.47678977 0.75491726 0.32346219 -0.39810726 0.85841876 0.22719929 -0.28399926 0.93151754 0.22885941 -0.29751718 0.92688024 0.09654294 -0.14481437 0.98473763 0.045140453 -0.10833699 0.99308884 0.008192041 -0.032768164 0.99942946 0.0080632018 -0.016126404 0.99983752 0.008192041 -0.032768164 0.99942946 0 -0.032503128 0.99947166 0 -0.040949211 0.99916124 -0.018151017 -0.14520882 0.98923463 -0.075930171 -0.37965062 0.92200869 -0.09941873 -0.38662824 0.91686124 -0.15472913 -0.51179588 0.84505844 -0.19350286 -0.4958508 0.8465746 -0.28073931 -0.56147844 0.77841336 -0.3107464 -0.58264935 0.75097042 -0.47070068 -0.53794348 0.69932657 -0.48188838 -0.49527419 0.72283268 -0.46691576 -0.49359664 0.73372483 -0.5973509 -0.38495952 0.70354676 -0.60203701 -0.4147366 0.68230855 -0.67843378 -0.3857761 0.62522334 -0.59650397 -0.48804864 0.63717467 -0.63484532 -0.45924979 0.62133801 -0.67389369 -0.45824763 0.57954842 -0.6640445 -0.51497316 0.542077 -0.72283262 -0.48188835 0.49527416 -0.7445519 -0.47864044 0.46534488 -0.78479999 -0.44471997 0.43164 -0.84485853 -0.37829489 0.37829489 -0.85908389 -0.38596523 0.33616328 -0.87216741 -0.38080552 0.30710125 -0.90265352 -0.33255661 0.27317151 -0.93199867 -0.27278015 0.23868257 -0.96206105 -0.22201416 0.15858151 -0.98150808 -0.1749223 0.07774318 -0.95061815 -0.3102017 0.010006502 -0.99095297 -0.13391264 0.0089275008 -0.99548852 -0.088096358 -0.035238516 -0.98797023 -0.10449687 -0.11399659 -0.97287858 -0.11147569 -0.20268302 -0.9524228 -0.083729431 -0.29305318 -0.93012387 -0.086523108 -0.35690796 -0.89864951 -0.10109801 -0.42685843 -0.85849679 -0.067776032 -0.50832051 -0.66307098 -0.56834644 -0.4871541 -0.8108595 -0.057102751 -0.58244836 -0.75576282 -0.069762692 -0.65111876 -0.6876756 -0.069933079 -0.72264212 -0.58420628 -0.09347295 -0.8062045 -0.39774367 -0.55684108 -0.72919679 -0.52544314 -0.044718545 -0.84965277 -0.42857146 -0.065934032 -0.90109885 -0.34012583 -0.12068983 -0.932603 -0.25847477 -0.09305086 -0.96152604 -0.1877328 -0.088925995 -0.97818637 -0.09654294 -0.14481437 -0.98473763 -0.025792254 -0.068779171 -0.99729842 0.056777935 -0.55642319 -0.82895696 0.071700558 -0.071700625 -0.99484569 0.14111446 -0.06585335 -0.9878006 0.22244929 -0.091002032 -0.97068793 0.33104461 -0.085430928 -0.93973982 0.39637101 -0.088082492 -0.91385537 0.38360986 -0.56880099 -0.72753614 0.52544314 -0.044718545 -0.84965277 0.45987549 -0.043797642 -0.88690263 0.54174244 0.022111928 -0.84025365 0.51598525 0.021956809 -0.85631597 0.63617533 0.094248138 -0.7657665 0.83636141 0.15532418 -0.52571291 0.96845478 0.12363246 -0.21635687 0.99132639 0.11932626 -0.055073656 0.91619569 0.40017736 -0.021061959 0.81105274 -0.081105232 -0.57932335 0.99129331 0.10190861 -0.083379842 0.98977035 0.14266951 0 0.99674571 0.052460272 -0.061203651 0.97444385 -0.20091623 -0.10045816 0.97444385 -0.20091623 -0.10045816 0.98161268 -0.18877165 0.028315736 0.93447369 -0.29272676 0.20265704 0.86822635 -0.44617188 0.21705668 0.74297744 -0.5174306 0.42455849 0.5149731 -0.54207712 0.6640445 0.43960941 -0.51953834 0.73268241 0.40334642 -0.45539111 0.79368168 0.20695132 -0.33342147 0.91978317 0.11234439 -0.21447559 0.97024685 0.067954801 -0.18444861 0.98049003 0.036660291 -0.13747591 0.98982638 0.037808321 -0.17958926 0.98301494 0.04194751 -0.356554 0.93333256 0.018847032 -0.19789316 0.9800424 6.9541329e-08 -0.18373382 0.98297602 -0.042445306 -0.38200721 0.9231841 -0.06851428 -0.54811525 0.83359188 -0.1047574 -0.53542703 0.83805948 -0.12926884 -0.51707482 0.84612244 -0.15731299 -0.58084834 0.79866636 -0.19699106 -0.56634963 0.80027652 -0.25324559 -0.58246523 0.77239943 -0.31001964 -0.56836915 0.76213151 -0.3388072 -0.56033486 0.7558006 -0.35370508 -0.56330794 0.74671066 -0.41071314 -0.52995235 0.74193347 -0.45577058 -0.53620064 0.71046603 -0.52755725 -0.51403004 0.67635536 -0.56959957 -0.50179005 0.65097088 -0.57213068 -0.54488629 0.61299711 -0.6126563 -0.53096861 0.58542693 -0.56524974 -0.68637484 0.45758316 -0.62969637 -0.65649211 0.41533172 -0.69912565 -0.61997956 0.35615844 -0.74821573 -0.5934127 0.29670635 -0.80043799 -0.55030096 0.23762998 -0.97591978 0.0094749453 0.21792388 -0.81809038 -0.55341423 0.15639967 -0.89170051 -0.44585016 0.078023754 -0.81814164 -0.57491046 0.011055964 -0.61235982 -0.79050076 0.01113381 -0.72914135 -0.68427116 -0.011217554 -0.72914135 -0.68427116 -0.011217554 -0.82003713 -0.56947017 -0.056946993 -0.94823933 -0.31607977 -0.030588351 -0.8334505 -0.53998202 -0.11738743 -0.94548464 -0.29342631 -0.14127932 -0.88668865 -0.39541519 -0.23964554 -0.88668865 -0.39541519 -0.23964554 -0.90888691 -0.17257348 -0.37966162 -0.78941679 -0.50470901 -0.34941399 -0.77464122 -0.42014435 -0.47266239 -0.6514504 -0.55644703 -0.51573145 -0.72662514 -0.17241955 -0.66504687 -0.57213068 -0.54488629 -0.61299711 -0.63905984 -0.1720546 -0.74966645 -0.5621053 -0.18329521 -0.80649883 -0.45675671 -0.55079472 -0.69856894 -0.40744528 -0.17461942 -0.89637965 -0.36561504 -0.52230716 -0.77040315 -0.26444674 -0.37262952 -0.88950276 -0.17697775 -0.17697775 -0.96817243 -0.12975346 -0.53080952 -0.83749938 -0.021391975 -0.43853399 -0.89845997 0.080364317 -0.53958869 -0.83808452 0.16519444 -0.17551909 -0.97051734 0.23639517 -0.17192379 -0.95632607 0.24721526 -0.48206958 -0.84053165 0.35477164 -0.41812366 -0.83624732 0.42681846 -0.54686117 -0.72025609 0.54816943 -0.18272313 -0.8161633 0.54898232 -0.14321281 -0.82347345 0.58747631 0.011084452 -0.80916536 0.58515692 0.033759031 -0.81021714 0.64117825 0.10686298 -0.75991493 0.81982827 0.23601127 -0.52170897 0.94757569 0.23138483 -0.22036642 0.98772526 0.14909053 -0.04659079 0.9882676 0.15273218 0 0.98597616 0.16586521 0.018429453 0.99966967 0.0081273913 0.024382176 0.98345524 -0.077133775 0.16390912 0.92362058 -0.19384629 0.330679 0.81669599 -0.33178279 0.47215232 0.69912577 -0.35615841 0.61997932 0.63484544 -0.45924979 0.62133789 0.75504971 -0.46362698 0.46362698 0.59959757 -0.54508871 0.58597022 0.47241241 -0.56689507 0.67487514 0.35370496 -0.56330806 0.74671066 0.30726328 -0.52490824 0.79376358 0.24103393 -0.40975755 0.87977356 0.13368858 -0.35650307 0.92467993 0.11012971 -0.36342818 0.92509001 0.087054238 -0.36998069 0.92495179 0.076371677 -0.39276877 0.91646057 0.056401007 -0.53016889 0.84601414 -8.0579859e-08 -0.46837673 0.88352889 8.2944467e-08 -0.56977963 0.82179755 -0.033669528 -0.57238376 0.81929439 -0.045288153 -0.57742429 0.8151871 -0.093218774 -0.57096535 0.81566465 -0.1313719 -0.58520246 0.80017465 -0.14598359 -0.69342244 0.70558774 -0.19954829 -0.66100413 0.72336292 -0.2835229 -0.6314832 0.72169501 -0.32744843 -0.65489703 0.6810928 -0.37122735 -0.63638997 0.67616421 -0.37096658 -0.6889382 0.62269408 -0.4154062 -0.64320982 0.6432097 -0.45924971 -0.62133807 0.63484532 -0.51687533 -0.59848702 0.6120891 -0.49678969 -0.71161783 0.49678969 -0.34215108 -0.87981695 0.32993141 -0.39810726 -0.85841876 0.32346219 -0.43664801 -0.84834468 0.29941583 -0.48556918 -0.83418286 0.26146027 -0.53216356 -0.81680912 0.22276612 -0.58532238 -0.792624 0.17071903 -0.62505603 -0.76929975 0.13222341 -0.6703971 -0.73974848 0.057792824 -0.3964144 -0.91801244 0.010431954 -0.3375617 -0.94108117 -0.020458275 -0.52887946 -0.84841084 -0.022036634 -0.56947029 -0.82003701 -0.056946993 -0.82444274 -0.55355442 -0.11777757 -0.51707488 -0.84612244 -0.12926875 -0.80345988 -0.53982449 -0.25108114 -0.49585089 -0.8465746 -0.19350277 -0.75968051 -0.53701544 -0.36674234 -0.45974258 -0.84493238 -0.27336052 -0.69932663 -0.53794342 -0.47070053 -0.41553012 -0.84365207 -0.33997923 -0.62615478 -0.54448229 -0.55809432 -0.36562693 -0.84472418 -0.39084256 -0.54387802 -0.54387796 -0.63905662 -0.29941583 -0.84834468 -0.43664801 -0.44078431 -0.534284 -0.7212835 -0.23311578 -0.846578 -0.4785006 -0.33789042 -0.54582286 -0.76675129 -0.16732016 -0.84855169 -0.5019601 -0.22352058 -0.54638368 -0.80715764 -0.092320621 -0.84242612 -0.53084385 -0.10475748 -0.53542697 -0.83805948 -0.022036634 -0.84841084 -0.52887946 0.01095598 -0.53684324 -0.84361088 0.056400921 -0.8460142 -0.53016889 0.13020718 -0.54450268 -0.82859093 0.12926875 -0.84612244 -0.51707488 0.25108117 -0.5398246 -0.80345982 0.20632221 -0.84956205 -0.4854641 0.36674219 -0.5370155 -0.75968045 0.27336052 -0.84493238 -0.45974258 0.47070056 -0.5379436 -0.69932657 0.5294984 -0.54307538 -0.65169042 0.63894922 -0.21298307 -0.73917663 0.72644782 -0.10718087 -0.67881197 0.6876756 -0.069933079 -0.72264212 0.64590073 -0.057669677 -0.76124007 0.72368377 0.022615107 -0.6897611 0.6897611 0.022615107 -0.72368377 0.67708826 0.045904264 -0.73446858 0.66508693 0.045868039 -0.74535602 0.70083278 0.1329165 -0.70083278 0.81326002 0.30497256 -0.49558026 0.90863681 0.3611249 -0.20968542 0.90616411 0.420719 -0.043150648 0.96294808 0.26803711 -0.029781885 0.95221919 0.30389977 0.030389961 0.98383367 0.12663198 0.12663198 0.9533906 -0.020071371 0.30107072 0.8629719 -0.19177152 0.46744305 0.84217733 -0.1169691 0.52636075 0.68391448 -0.34195733 0.64445812 0.52326602 -0.4695977 0.71110517 0.5101245 -0.48327589 0.71148962 0.44078422 -0.53428406 0.7212835 0.47163969 -0.55249244 0.68724668 0.31074625 -0.58264935 0.7509703 0.26624969 -0.55785662 0.78607064 0.20720924 -0.49973997 0.84102571 0.16732006 -0.50196022 0.84855169 0.14220367 -0.52141345 0.8413716 0.10437638 -0.5218817 0.84660798 0.131372 -0.5852024 0.80017471 0.093473047 -0.58420628 0.80620468 0.057102844 -0.58244836 0.8108595 0.033669703 -0.57238376 0.81929433 0.011200654 -0.66083896 0.75044417 -0.022615107 -0.6897611 0.72368377 -0.082035594 -0.65628511 0.75004005 -0.038952608 -0.97381562 0.22397763 -0.11948014 -0.76467323 0.63324511 -0.048774082 -0.97548211 0.21460611 -0.081374593 -0.96632379 0.24412394 -0.18507239 -0.76496583 0.61690789 -0.090312153 -0.973364 0.21072826 -0.25430804 -0.75020885 0.61033934 -0.28267917 -0.74524522 0.60390556 -0.22588664 -0.89165747 0.39232931 -0.26915476 -0.86863559 0.41596636 -0.14445278 -0.96989715 0.19604303 -0.33810812 -0.85153145 0.40072069 -0.16519444 -0.97051734 0.17551909 -0.19938236 -0.9654305 0.16790095 -0.23440091 -0.95891297 0.15981883 -0.25518918 -0.95695955 0.13822751 -0.27809471 -0.95193976 0.12835145 -0.3083885 -0.94643372 0.095706731 -0.32502189 -0.94361198 0.062907435 -0.33145055 -0.94256252 0.041431297 -0.18539995 -0.9826194 0.009269991 -0.16293095 -0.98663747 0 -0.38558403 -0.92111719 -0.053553302 -0.34706843 -0.93274611 -0.097612925 -0.32236156 -0.93373686 -0.15562283 -0.30363926 -0.93340945 -0.19118024 -0.27278015 -0.93199867 -0.23868257 -0.23868257 -0.93199867 -0.27278015 -0.19118024 -0.93340945 -0.30363926 -0.14422207 -0.93189633 -0.33282015 -0.097613007 -0.93274611 -0.34706834 -0.052925583 -0.93149072 -0.35989413 0 -0.93464863 -0.35557282 0.052925583 -0.93149072 -0.35989413 0.097612917 -0.93274611 -0.34706831 0.15562272 -0.93373686 -0.32236153 0.19118024 -0.93340945 -0.30363926 0.33997923 -0.84365207 -0.41553012 0.55809432 -0.54448235 -0.62615466 0.39084256 -0.84472418 -0.36562693 0.6390565 -0.54387802 -0.54387802 0.6261546 -0.54448235 -0.55809444 0.72662526 -0.17241955 -0.66504675 0.77164572 -0.057585474 -0.63344055 0.78629774 -0.18428853 -0.58972329 0.86844659 0.032978967 -0.49468476 0.83359188 -0.068514362 -0.54811519 0.83669722 0.033467874 -0.54664218 0.80593407 0.045404714 -0.59026152 0.76078629 0.011188028 -0.64890599 0.74002326 0.034154903 -0.67171347 0.75848585 0.13243397 -0.63809121 0.81802917 0.34510607 -0.46014136 0.86001194 0.47778434 -0.17916915 0.85631603 0.51598519 -0.021956809 0.85935593 0.51126224 0.010877917 0.91052461 0.41291228 0.02117498 0.95456427 0.25741062 0.1501561 0.93754566 0.096987434 0.33406797 0.91020817 0.14790875 0.38683844 0.91310859 0.25754353 0.3160761 0.88690275 0.043797642 0.4598754 0.80649894 -0.18329521 0.56210518 0.66548473 -0.38598111 0.63886517 0.62755978 -0.40057015 0.66761696 0.56139892 -0.42773253 0.70843208 0.39676836 -0.54225028 0.7406345 0.36775303 -0.55162966 0.7486403 0.33880708 -0.56033492 0.7558006 0.31001952 -0.56836921 0.76213145 0.23833938 -0.56448805 0.79028326 0.21139637 -0.58444881 0.78341007 0.15731309 -0.58084828 0.79866636 0.13274218 -0.66371125 0.73611611 0.08211457 -0.66864759 0.73903149 0.045904264 -0.67708826 0.73446858 8.0579859e-08 -0.88352889 0.46837673 -0.044875953 -0.84142286 0.53851068 -0.029368028 -0.96914542 0.24473372 -0.027679527 -0.98723441 0.15685032 -0.026206041 -0.99583262 0.087353759 -0.046227042 -0.98925757 0.13868098 -0.055073738 -0.99132645 0.11932635 -0.064285189 -0.99182796 0.11020313 -0.084758721 -0.98885137 0.12242924 -0.082694225 -0.99233025 0.09188246 -0.033575516 -0.9988721 0.033575516 -0.061203651 -0.99674571 0.052460272 -0.0511849 -0.99810606 0.034123264 -0.069936335 -0.9965933 0.043710209 -0.069355726 -0.99698913 0.034677863 -0.077995889 -0.99661463 0.02599863 -0.087353691 -0.99583262 0.026206108 -0.08588513 -0.99626797 0.0085885124 -0.08588513 -0.99626797 0.0085885124 -0.040949211 -0.99916124 0 -0.040949211 -0.99916124 0 -0.10468082 -0.99446768 -0.0087233968 -0.077995956 -0.99661458 -0.02599863 -0.097682327 -0.99458349 -0.035520822 -0.070520893 -0.9961071 -0.052890617 -0.061710585 -0.99618453 -0.061710518 -0.062733024 -0.99476588 -0.080656655 -0.044065315 -0.99587506 -0.079317443 -0.034957554 -0.9962889 -0.078654349 -0.026414536 -0.99494803 -0.096853368 -0.0085885134 -0.99626803 -0.085885204 0 -0.99636734 -0.08515963 0.017597418 -0.99425465 -0.10558458 0.02599863 -0.99661458 -0.077995956 0.034957491 -0.9962889 -0.078654416 0.053758144 -0.99452615 -0.089596979 0.23868257 -0.93199867 -0.27278015 0.27278015 -0.93199867 -0.23868257 0.43664801 -0.84834468 -0.29941583 0.70957392 -0.54891574 -0.44181019 0.75452036 -0.43682754 -0.48977631 0.87774795 -0.1270425 -0.46197268 0.89610678 0.032389387 -0.44265518 0.91646069 -0.076371685 -0.3927688 0.91052461 0.02117498 -0.41291228 0.93838191 0.15455693 -0.30911404 0.91826349 0.15871212 -0.36277074 0.89489812 0.13767655 -0.42450288 0.86604512 0.14043967 -0.47983584 0.84855169 0.16731997 -0.50196016 0.81409407 0.14366357 -0.56268263 0.83624732 0.35477164 -0.41812366 0.84102577 0.49973986 -0.20720921 0.81929427 0.57238376 -0.033669613 0.80513543 0.59266919 -0.022364862 0.82687628 0.56227595 0.011025012 0.89848179 0.42080784 0.12510498 0.88702524 0.43184116 0.16339929 0.91386032 0.28118786 0.29290402 0.91065943 0.076802559 0.40595657 0.85811126 -0.1410594 0.49370778 0.73525268 -0.35449684 0.57769841 0.64811641 -0.45908237 0.60760897 0.68525869 -0.44340262 0.57776701 0.59959757 -0.54508871 0.58597022 0.62270296 -0.47379562 0.62270278 0.59519285 -0.47344872 0.64930105 0.54088634 -0.50031984 0.67610806 0.4695977 -0.52326602 0.71110517 0.34136721 -0.61708701 0.70899367 0.26907599 -0.62784404 0.73034924 0.22741126 -0.68223375 0.69486779 0.18598057 -0.66953003 0.71912491 0.090414286 -0.88153887 0.46337295 0.056946993 -0.82003701 0.56947029 0.019261952 -0.97272903 0.23114356 0.00899594 -0.98954642 0.14393395 6.7498682e-08 -0.98977035 0.14266953 -0.0086557483 -0.99541914 0.095214024 -0.1837339 0 0.98297602 0 -1 0 -0.40517423 0 0.91423941 0 -1 0 -0.59470075 0 0.80394715 0 -1 0 -0.75532246 0 0.65535331 0 -1 0 -0.88352883 0 0.46837664 0 -1 0 -0.96542907 0 0.26066589 0 -1 0 -0.99931765 -0.016517639 0.033035278 0 -1 0 -0.99810606 -0.034123264 -0.0511849 -0.99810606 -0.034123264 -0.0511849 0 -1 0 -0.97391093 0 -0.22693074 0 -1 0 -0.91423941 0 -0.40517423 0 -1 0 -0.80394715 0 -0.59470075 0 -1 0 -0.65535331 0 -0.75532246 0 -1 0 -0.46837676 0 -0.88352883 0 -1 0 -0.26066589 0 -0.96542907 0 -1 0 -0.040949211 0 -0.99916124 0 -1 0 0.18373381 0 -0.98297596 0 -1 0 0.40517423 0 -0.91423941 0 -1 0 0.59470075 0 -0.80394715 0 -1 0 0.061710585 -0.99618453 -0.061710518 0.080656722 -0.99476588 -0.062732957 0.30363926 -0.93340945 -0.19118024 0.33282003 -0.93189633 -0.14422205 0.47850066 -0.84657794 -0.23311566 0.76675117 -0.54582298 -0.33789042 0.83705407 -0.38047916 -0.39316177 0.94643372 -0.09570682 -0.30838853 0.94108117 0.020458275 -0.3375617 0.95555413 0.16104837 -0.246941 0.90078503 0.38605073 -0.19887461 0.89330035 0.38114148 -0.23821341 0.88402086 0.37540615 -0.2785272 0.8782447 0.37813315 -0.2927483 0.86631268 0.37127692 -0.33414924 0.85233372 0.36349529 -0.37602961 0.82859105 0.54450256 -0.13020718 0.80513543 0.59266919 -0.022364862 0.82812178 0.55954188 0.033572491 0.86604518 0.47983575 0.14043967 0.9123587 0.32751343 0.24563512 0.90863681 0.36112493 0.20968552 0.92111731 0.053553302 0.38558394 0.90496022 0.38286772 0.18563275 0.93794578 -0.010195058 0.34663212 0.89864945 -0.10109811 0.42685848 0.80367345 -0.30616134 0.51026881 0.73177391 -0.42575935 0.53219914 0.77304375 -0.39307308 0.49789253 0.71897823 -0.41274673 0.55920517 0.59982038 -0.57255584 0.55892342 0.49678981 -0.71161771 0.49678969 0.48822823 -0.62384713 0.6102851 0.43004394 -0.64506572 0.63162678 0.37096682 -0.68893814 0.62269402 0.089619882 -0.97586143 0.19915545 0.26256159 -0.82519341 0.50011718 0.19084176 -0.87071508 0.45324895 0.16921607 -0.82190609 0.54390836 0.048048031 -0.98018026 0.19219227 0.027044648 -0.99163508 0.12620804 0.017873595 -0.99198121 0.12511468 0 -1 0 0.040949211 0 0.99916124 0.18606633 -0.70705241 0.68224359 0.1837339 0 0.98297602 0.022620892 -0.70124799 0.71255845 -0.040949211 0 0.99916124 -0.13289709 -0.71281207 0.68864894 -0.26066589 0 0.96542907 -0.283806 -0.70951509 0.64501369 -0.46837664 0 0.88352883 -0.41355398 -0.70704395 0.57363933 -0.65535331 0 0.75532246 -0.53620064 -0.71046603 0.45577058 -0.80394715 0 0.59470075 -0.62783992 -0.70632005 0.32700005 -0.91423941 0 0.40517423 -0.68224347 -0.70705241 0.18606642 -0.98297602 0 0.1837339 -0.70669329 -0.70669329 0.03419482 -1 0 0 -0.99810606 -0.034123264 -0.0511849 -0.69597214 -0.70797175 -0.11999524 -0.96542907 0 -0.26066589 -0.64501357 -0.70951509 -0.28380609 -0.88352883 0 -0.46837676 -0.57363933 -0.70704395 -0.41355398 -0.75532246 0 -0.65535331 -0.45577058 -0.71046603 -0.53620064 -0.59470063 0 -0.80394727 -0.32699993 -0.70632005 -0.62783998 -0.40517423 0 -0.91423941 -0.18606633 -0.70705241 -0.68224359 -0.18373381 0 -0.98297596 -0.022620892 -0.70124799 -0.71255845 0.040949211 0 -0.99916124 0.13289709 -0.71281207 -0.68864894 0.26066589 0 -0.96542907 0.283806 -0.70951509 -0.64501369 0.46837676 0 -0.88352883 0.41355398 -0.70704383 -0.57363939 0.65535331 0 -0.75532246 0.53620076 -0.71046591 -0.45577058 0.80394727 0 -0.59470063 0.75532246 0 -0.65535331 0 -1 0 0.070520893 -0.9961071 -0.052890617 0.097682327 -0.99458349 -0.035520822 0.34706825 -0.93274617 -0.097613007 0.50196022 -0.84855169 -0.16732006 0.80715764 -0.54638368 -0.22352058 0.82262552 -0.51102501 -0.24928044 0.93675125 -0.17842881 -0.30109864 0.95891297 -0.15981883 -0.23440091 0.97066039 0.0096104946 -0.24026251 0.96775305 0.15608911 -0.19771296 0.98550302 0.027891582 -0.16734956 0.98058265 0.13866818 -0.13866825 0.89864945 0.42685848 -0.10109811 0.90140134 0.41076514 -0.13692175 0.8151871 0.57742429 -0.045288153 0.81566453 0.57096535 -0.093218863 0.80620456 0.58420634 -0.093473047 0.81075531 0.57575393 -0.10575075 0.81515646 0.56706524 -0.11813865 0.81939894 0.55814117 -0.13062884 0.82347345 0.54898214 -0.14321278 0.79132676 0.61045218 -0.033913989 0.79574603 0.60521537 0.022415372 0.8380596 0.5354268 0.10475738 0.85062176 0.51270342 0.11652346 0.84660804 0.52188152 0.10437627 0.84660804 0.52188152 0.10437627 0.85487747 0.50830537 0.10397152 0.90036637 0.4040105 0.16160412 0.95161515 0 0.3072924 0.89637965 -0.17461942 0.40744528 0.8006168 -0.3615689 0.47778738 0.73333335 -0.45333329 0.5066666 0.56689507 -0.67487502 0.4724125 0.38047916 -0.83705407 0.39316177 0.15608911 -0.96775299 0.19771303 0.30892465 -0.86498886 0.3954235 0.26763681 -0.87590206 0.40145513 0.074701175 -0.98979008 0.12138929 0.055073738 -0.99132651 0.11932628 0.035804361 -0.99356955 0.10741287 0 -1 0 0.26066589 0 0.96542907 0.40517423 0 0.91423941 0.32700014 -0.70631993 0.62783992 0 -1 0 0.41355407 -0.70704383 0.57363933 0 -1 0 0.28380585 -0.70951498 0.64501369 0 -1 0 0.13289709 -0.71281207 0.68864894 0 -1 0 -0.022620892 -0.70124799 0.71255845 0 -1 0 -0.18606633 -0.70705241 0.68224359 0 -1 0 -0.32699993 -0.70632005 0.62783998 0 -1 0 -0.45577058 -0.71046603 0.53620064 0 -1 0 -0.57363933 -0.70704395 0.41355398 0 -1 0 -0.64501357 -0.70951509 0.28380609 0 -1 0 -0.69597214 -0.70797175 0.11999524 0 -1 0 -0.70669329 -0.70669329 -0.03419482 0 -1 0 -0.68224347 -0.70705241 -0.18606642 0 -1 0 -0.62783992 -0.70632005 -0.32700005 0 -1 0 -0.53620064 -0.71046603 -0.45577058 0 -1 0 -0.41355398 -0.70704395 -0.57363933 0 -1 0 -0.283806 -0.70951509 -0.64501369 0 -1 0 -0.13289709 -0.71281207 -0.68864894 0 -1 0 0.022620892 -0.70124799 -0.71255845 0 -1 0 0.18606633 -0.70705241 -0.68224359 0 -1 0 0.32700005 -0.70631993 -0.62783998 0 -1 0 0.45577058 -0.71046591 -0.53620076 0 -1 0 0.57363939 -0.70704383 -0.41355398 0 -1 0 0.64501369 -0.70951509 -0.283806 0.62783998 -0.70631993 -0.32700005 0.91423941 0 -0.40517423 0.88352883 0 -0.46837676 0 -1 0 0.086616643 -0.99609107 -0.017323315 0.32202685 -0.94530469 -0.051939793 0.24249001 -0.96995986 -0.019399188 0 0 1 0.44265515 -0.89610666 -0.032389384 0.67376637 -0.73286873 -0.094563752 0.90762711 -0.39708683 -0.13614409 0.98690206 -0.075915582 -0.14234166 0.99459988 0 -0.10378435 0.98254216 0.17338987 -0.067429334 0 0 1 0.96058434 0.27728209 -0.019805854 0.8999967 0.43373328 -0.043373313 0.90109897 0.42857137 -0.065934032 0.77626151 0.63000941 -0.022500323 0.78611994 0.61766577 -0.022460561 0.74534643 0.66629457 -0.022586245 0.74534643 0.66629457 -0.022586245 0.75586885 0.65433425 -0.022563238 0.771483 0.63533902 -0.034035999 0.77626151 0.63000941 -0.022500323 0.78611994 0.61766577 0.022460561 0.78152168 0.6229521 0.033979189 0.76617587 0.6422357 0.022534573 0.76617587 0.6422357 0.022534573 0.75586885 0.65433425 0.022563238 0.75586885 0.65433425 0.022563238 0.74534643 0.66629457 0.022586245 0.73989362 0.67263055 0.011210504 0.83359194 0.54811507 0.068514362 0.89848179 0.42080784 0.12510498 0.96513832 0.0397995 0.25869688 0.93738884 -0.1198986 0.32699612 0.84365207 -0.33997923 0.41553012 0.8033002 -0.42756301 0.41460657 0.7442888 -0.49176219 0.4518896 0.59978676 -0.69308686 0.39985785 0.39810726 -0.85841876 0.32346219 0.21156034 -0.96259928 0.16924813 0.18893024 -0.96564311 0.17843397 0.072295427 -0.99406165 0.081332274 0.09420149 -0.98911464 0.11304162 0.053323369 -0.99536878 0.079984955 0 -1 0 0.46837664 0 0.88352883 0.59470075 0 0.80394715 0.4557707 -0.71046591 0.53620064 0.53620076 -0.71046591 0.45577058 0 -1 0 0 -1 0 0 -1 0 0.69597214 -0.70797175 -0.11999524 0.68224347 -0.70705241 -0.18606642 0.97391093 0 -0.22693074 0.97391093 0 -0.22693074 0 -1 0 0.096030533 -0.99522525 -0.017460084 0.12402988 -0.992239 -0.0088592721 0 0 1 0 0 1 0.68241161 -0.7286768 -0.057831462 0 0 1 0.83359188 -0.54811519 -0.068514362 0 0 1 0.9350515 -0.343927 -0.085981794 0 0 1 0.98418742 -0.15438235 -0.086840101 0 0 1 0.99583262 -0.02620611 -0.087353766 0.99830294 0 -0.058234312 0 0 1 0 0 1 1 0 0 0.82812178 0.55954188 -0.033572491 0.76617587 0.6422357 -0.022534573 0.73437679 0.67874217 0 0.72914135 0.68427116 0.011217554 0.72914135 0.68427116 0.011217554 0.81929427 0.57238376 0.033669613 0.82418817 0.56451255 0.045160979 0.95086527 0.27013221 0.15127394 0.95441133 -0.094392367 0.28317702 0.90764278 -0.25932646 0.33005193 0.8782447 -0.2927483 0.37813315 0.81990659 -0.43557537 0.37152019 0.67368197 -0.64726311 0.35665521 0.43664801 -0.84834468 0.29941583 0.23240449 -0.96130931 0.14789367 0.051607337 -0.99774104 0.043006059 0.052032508 -0.99728894 0.052032441 0 -1 0 0.65535331 0 0.75532246 0.75532246 0 0.65535331 0.57363939 -0.70704383 0.41355398 0.62783998 -0.70631993 0.32700005 0 -1 0 0.68224359 -0.70705241 0.18606633 0 -1 0 0 -1 0 0.70669329 -0.70669329 0.03419482 0.70669329 -0.70669329 -0.03419482 1 0 0 0 -0.99996853 -0.0079362541 0.99830294 0 0.058234312 0.99830294 0 -0.058234312 0 -1 0 0 0 1 0 -1 0 1 0 0 1 0 0 0.74495041 0.66711986 0 0.75044417 0.66083896 -0.011200654 0.75044417 0.66083896 -0.011200654 0.83184552 0.55456382 0.022182539 0.86396873 0.50307029 0.021872614 0.86844659 0.49468464 0.032978963 0 0 -1 0.94684488 0.31904557 0.041167151 0.94361198 0.32502189 0.062907435 0.94847375 0.29839626 0.10657004 0.97830641 -0.0094067883 0.20694949 0.9395597 -0.21251945 0.26844567 0.90265352 -0.33255661 0.27317151 0.86631268 -0.37127692 0.33414924 0.71573579 -0.62464219 0.31232113 0.48556909 -0.83418286 0.26146036 0.25741062 -0.95456427 0.1501561 0.069355793 -0.99698907 0.034677863 0.060199644 -0.99759346 0.034399759 0 -1 0 0.80394715 0 0.59470075 0.88352883 0 0.46837664 0.64501357 -0.70951509 0.28380609 0.69597214 -0.70797163 0.11999513 0.96542907 0 0.26066589 0.98297602 0 0.1837339 0 -1 0 0 -1 0 1 0 0 1 0 0 0.74495041 0.66711986 0 1 0 0 0 0 -1 0.78516573 0.61928576 0 0.86221117 0.50654894 0 0 0 -1 0 0 -1 0.99871773 0.0083226431 0.049935859 0.99389929 0.090354435 0.063248105 0.98925775 0.046226971 0.13868091 0.96989709 -0.14445278 0.1960431 0.9429903 -0.26625615 0.19969216 0.86695021 -0.42736983 0.25642198 0.68223363 -0.69486779 0.22741134 0.5321635 -0.81680924 0.22276624 0.27564594 -0.9541589 0.11661936 0.088096358 -0.99548852 0.035238516 0.077342339 -0.99685645 0.017187173 0.91423941 0 0.40517423 0 -1 0 0 0 -1 0.0079994835 -0.99993598 0.0079994835 1 0 0 0 -1 0 0 0 -1 0 0 -1 0.99788827 -0.025586866 0.059702687 0.99316889 -0.072893165 0.091116369 0.97713763 -0.19740151 0.078960575 0.96034527 -0.24272467 0.13719212 0.92864573 -0.31709856 0.19252402 0.73383862 -0.66045463 0.15899827 0.57596147 -0.79654229 0.18381737 0.28317699 -0.95441133 0.094392277 0.096030533 -0.99522525 0.017460084 0.095214032 -0.9954192 0.0086558154 0.14393403 -0.98954642 0.008995872 0 0 -1 0.3375617 -0.94108117 0.020458275 0 0 -1 0 0 -1 0.99729848 -0.025792189 0.068779171 0 0 -1 0.98254228 -0.17338979 0.067429334 0 0 -1 0.86201835 -0.50377697 0.055975188 0.89204341 -0.44037578 0.10162514 0.62505603 -0.76929969 0.13222332 0.32502189 -0.94361198 0.062907435 0.34074983 -0.9396435 0.030977244 0.52544314 -0.84965277 0.044718545 0 0 -1 0 0 -1 0.70592207 -0.70592207 0.057862435 0.48603866 -0.87034827 0.079122528 0.70592207 -0.70592207 0.057862435 -0.15040232 0.056400817 0.98701471 -0.14111446 0.06585335 0.9878006 -0.65101659 0.25530076 0.71484196 -0.23641096 0.10278731 0.96620113 -0.63830435 0.31263897 0.70343763 -0.22841203 0.1245883 0.96555978 -0.13292411 0.085451126 0.98743564 -0.60880435 0.37057665 0.70144868 -0.2182415 0.13510178 0.96649784 -0.12347408 0.094979957 0.98779196 -0.57363933 0.41355398 0.70704395 -0.20978369 0.15733793 0.96500546 -0.12452322 0.10536568 0.98660636 -0.53620064 0.45577058 0.71046603 -0.1873678 0.16654931 0.96806741 -0.11495507 0.11495493 0.98669684 -0.49678969 0.49678969 0.71161783 -0.17843397 0.18893024 0.96564311 -0.10449695 0.11399651 0.98797023 -0.45577058 0.53620064 0.71046603 -0.16790086 0.19938244 0.96543044 -0.094980098 0.12347394 0.98779196 -0.41355398 0.57363933 0.70704395 -0.14560436 0.20800638 0.96722937 -0.085451275 0.13292399 0.98743576 -0.37057644 0.60880452 0.70144868 -0.1245883 0.22841203 0.96555978 -0.06585335 0.14111446 0.9878006 -0.31232095 0.62464225 0.71573591 -0.11407077 0.23851176 0.96441692 -0.055957559 0.13989404 0.98858398 -0.26960757 0.65476167 0.70611548 -0.092372037 0.2463256 0.96477515 -0.046590798 0.14909069 0.98772532 -0.21348621 0.67813301 0.70324904 -0.071077861 0.25384966 0.96462852 -0.036946852 0.14778756 0.98832875 -0.1591889 0.68573719 0.71022779 -0.049853124 0.24926576 0.96715105 -0.018290209 0.15546691 0.98767167 -0.10724164 0.70302886 0.70302886 -0.029575661 0.25632256 0.96613872 -0.0090643503 0.15409409 0.98801458 -0.045940585 0.70059425 0.71207941 -0.0097446218 0.26310495 0.96471798 1.360178e-07 0.15273221 0.98826766 0.011223204 0.70706224 0.70706224 0.0097446218 0.26310495 0.96471798 0.018290348 0.15546679 0.98767179 0.069952086 0.69952118 0.71117985 0.029575661 0.25632256 0.96613872 0.0276796 0.15685028 0.98723447 0.11999515 0.6959722 0.70797175 0.049853124 0.24926576 0.96715105 0.036946997 0.14778742 0.98832887 0.18606633 0.68224359 0.70705241 0.071077861 0.25384966 0.96462852 0.056400958 0.15040217 0.98701471 0.2413975 0.67337233 0.69878262 0.092372037 0.2463256 0.96477515 0.065853491 0.14111431 0.9878006 0.28380585 0.64501369 0.70951498 0.11407077 0.23851176 0.96441692 0.075915657 0.14234158 0.98690206 0.34136733 0.61708695 0.70899367 0.13614985 0.2304076 0.96352249 0.085451275 0.13292399 0.98743576 0.38495952 0.5973509 0.70354676 0.14560436 0.20800638 0.96722937 0.094980098 0.12347394 0.98779196 0.42773253 0.56139892 0.70843208 0.16790086 0.19938244 0.96543044 0.10449695 0.11399651 0.98797023 0.48449981 0.52487481 0.69983315 0.17843397 0.18893024 0.96564311 0.11399666 0.10449681 0.98797023 0.52487481 0.48449981 0.69983315 0.19938244 0.16790086 0.96543044 0.12347408 0.094979957 0.98779196 0.54891562 0.44181019 0.70957404 0.20978385 0.15733777 0.96500546 0.13292411 0.085451126 0.98743564 0.58315235 0.38435048 0.71568716 0.2182415 0.13510178 0.96649784 0.13178851 0.075307637 0.98841316 0.61708695 0.34136733 0.70899367 0.22841203 0.1245883 0.96555978 0.14111446 0.06585335 0.9878006 0.64847618 0.29829913 0.70035446 0.23641096 0.10278731 0.96620113 0.15040232 0.056400817 0.98701471 0.66034734 0.24128087 0.71114343 0.24412394 0.081374593 0.96632379 0.14778756 0.036946852 0.98832875 0.68224359 0.18606633 0.70705241 0.25155187 0.060372408 0.96595901 0.1568504 0.027679458 0.98723441 0.70083278 0.1329165 0.70083278 0.25869688 0.0397995 0.96513832 0.15546691 0.018290209 0.98767167 0.69952118 0.069952086 0.71117985 0.25396392 0.019535676 0.96701634 0.15273234 0 0.9882676 0.70706224 0.011223204 0.70706224 0.26066589 0 0.96542907 0.15409409 -0.0090643503 0.98801458 0.71207941 -0.045940585 0.70059425 0.25396392 -0.019535676 0.96701634 0.15546691 -0.018290209 0.98767167 0.69799274 -0.094643131 0.70982319 0.25869688 -0.0397995 0.96513832 0.15824404 -0.037233859 0.98669773 0.6980871 -0.15921287 0.69808716 0.25155187 -0.060372408 0.96595901 0.14909069 -0.046590798 0.98772532 0.67813295 -0.2134863 0.70324904 0.24412386 -0.081374675 0.96632379 0.15040232 -0.056400817 0.98701471 0.65101665 -0.25530064 0.7148419 0.23641089 -0.10278738 0.96620113 0.14111446 -0.06585335 0.9878006 0.63830435 -0.31263897 0.70343763 0.22841196 -0.12458838 0.96555978 0.13292405 -0.085451201 0.98743564 0.60880435 -0.37057665 0.70144868 0.21824144 -0.13510187 0.96649796 0.12347402 -0.094980031 0.98779196 0.57363933 -0.41355398 0.70704395 0.20978378 -0.15733784 0.96500546 0.12452315 -0.10536575 0.98660636 0.53620064 -0.45577058 0.71046603 0.18736787 -0.16654924 0.96806741 0.11495499 -0.11495499 0.98669684 0.49678969 -0.49678969 0.71161783 0.17843404 -0.18893017 0.96564311 0.10449687 -0.11399659 0.98797023 0.45577049 -0.53620076 0.71046603 0.16790093 -0.19938235 0.96543044 0.094980031 -0.12347402 0.98779196 0.41355386 -0.57363939 0.70704395 0.14560443 -0.20800629 0.96722937 0.085451201 -0.13292405 0.98743564 0.37057653 -0.60880446 0.70144868 0.12458838 -0.22841196 0.96555978 0.065853417 -0.14111438 0.9878006 0.31232104 -0.62464219 0.71573591 0.11407077 -0.23851176 0.96441692 0.05595763 -0.13989398 0.98858398 0.26960766 -0.65476155 0.70611548 0.092372037 -0.2463256 0.96477515 0.046590868 -0.14909062 0.98772532 0.2134863 -0.67813295 0.70324904 0.071077861 -0.25384966 0.96462852 0.036946923 -0.14778748 0.98832875 0.1591889 -0.68573719 0.71022779 0.049853124 -0.24926576 0.96715105 0.018290278 -0.15546684 0.98767167 0.10724164 -0.70302886 0.70302886 0.029575661 -0.25632256 0.96613872 0.0090644183 -0.15409403 0.98801458 0.045940585 -0.70059425 0.71207941 0.0097446218 -0.26310495 0.96471798 6.8008895e-08 -0.15273227 0.9882676 -0.011223204 -0.70706224 0.70706224 -0.0097446218 -0.26310495 0.96471798 -0.01829014 -0.15546691 0.98767173 -0.069952086 -0.69952118 0.71117985 -0.029575661 -0.25632256 0.96613872 -0.027679386 -0.15685038 0.98723435 -0.11999515 -0.6959722 0.70797175 -0.049853124 -0.24926576 0.96715105 -0.036946781 -0.14778754 0.9883287 -0.18606633 -0.68224359 0.70705241 -0.071077861 -0.25384966 0.96462852 -0.056400746 -0.15040232 0.98701477 -0.2413975 -0.67337233 0.69878262 -0.092372037 -0.2463256 0.96477515 -0.065853268 -0.14111444 0.9878006 -0.28380585 -0.64501369 0.70951498 -0.11407077 -0.23851176 0.96441692 -0.075915508 -0.14234173 0.98690206 -0.3413671 -0.61708707 0.70899361 -0.13614985 -0.2304076 0.96352249 -0.085451275 -0.13292399 0.98743576 -0.38495952 -0.5973509 0.70354676 -0.14560436 -0.20800638 0.96722937 -0.094980098 -0.12347394 0.98779196 -0.42773253 -0.56139892 0.70843208 -0.16790086 -0.19938244 0.96543044 -0.10449695 -0.11399651 0.98797023 -0.4844999 -0.52487481 0.6998331 -0.17843397 -0.18893024 0.96564311 -0.11399666 -0.10449681 0.98797023 -0.52487487 -0.48449981 0.6998331 -0.19938228 -0.16790102 0.96543044 -0.12347408 -0.094979957 0.98779196 -0.54891562 -0.44181019 0.70957404 -0.20978369 -0.15733793 0.96500546 -0.13292411 -0.085451126 0.98743564 -0.58315235 -0.38435048 0.71568716 -0.2182415 -0.13510178 0.96649784 -0.13178842 -0.07530763 0.98841316 -0.14111437 -0.065853342 0.9878006 0 0 1 -0.14909069 0.046590798 0.98772532 -0.15546691 0.018290209 0.98767167 -0.15824404 0.037233859 0.98669773 -0.6980871 0.15921277 0.6980871 -0.25155187 0.060372408 0.96595901 -0.24412394 0.081374593 0.96632379 -0.67813283 0.2134864 0.70324904 -0.92320669 0.28850216 0.2538819 -0.66938609 0.22733879 0.70727605 -0.89584577 0.35833836 0.2627815 -0.64501357 0.28380609 0.70951509 -0.86695021 0.42736983 0.25642198 -0.62783992 0.32700005 0.70632005 -0.82519341 0.50011718 0.26256159 -0.5973509 0.38495952 0.70354676 -0.78607064 0.5578565 0.26624981 -0.56139892 0.42773253 0.70843208 -0.73868859 0.62406468 0.25472033 -0.52326602 0.4695977 0.71110517 -0.68998653 0.6772092 0.25555068 -0.48327589 0.5101245 0.71148962 -0.62784392 0.73034924 0.26907608 -0.44181019 0.54891562 0.70957404 -0.56834668 0.7830556 0.25259864 -0.3992908 0.58562642 0.70541376 -0.50011718 0.82519341 0.26256159 -0.35615823 0.6199795 0.69912577 -0.43052673 0.86105347 0.27061689 -0.29804838 0.63497299 0.71272475 -0.35833836 0.89584577 0.2627815 -0.25546709 0.66421485 0.70253491 -0.28850192 0.92320669 0.25388187 -0.19973481 0.68658876 0.69907224 -0.21251935 0.9395597 0.26844567 -0.13289709 0.68864894 0.71281207 -0.13822742 0.95695955 0.25518924 -0.082216464 0.70471287 0.70471287 -0.060804881 0.96274441 0.26348796 -0.022620892 0.70124799 0.71255845 0.019535676 0.96701634 0.25396392 0.034194816 0.70669317 0.70669317 0.09305086 0.96152604 0.25847477 0.082216464 0.70471287 0.70471287 0.17456384 0.94919139 0.26184592 0.14598359 0.69342244 0.70558774 0.25011292 0.93223959 0.26148188 0.19967258 0.6738953 0.71133393 0.3160761 0.91310859 0.25754353 0.25546709 0.66421485 0.70253491 0.39845896 0.88143945 0.25356486 0.31263873 0.63830447 0.70343757 0.45644239 0.85120338 0.25906196 0.35572538 0.60605049 0.71145076 0.52910823 0.80626023 0.2645542 0.3992908 0.58562642 0.70541376 0.59646773 0.76144832 0.25381619 0.45675662 0.55079472 0.69856906 0.65101659 0.71484196 0.25530076 0.49813861 0.51160181 0.70008677 0.70611531 0.65476167 0.26960778 0.53794342 0.47070053 0.69932663 0.76144832 0.59646773 0.25381619 0.56139892 0.42773253 0.70843208 0.80345982 0.53982449 0.25108126 0.5947367 0.37005845 0.7136842 0.84285289 0.47100601 0.26029289 0.62783992 0.32700005 0.70632005 0.88143945 0.39845896 0.25356486 0.65476149 0.26960778 0.70611554 0.90764284 0.33005199 0.25932661 0.66938609 0.22733879 0.70727605 0.93223953 0.25011313 0.26148188 0.69030672 0.17257659 0.70263362 0.94919139 0.17456384 0.26184592 0.69101506 0.10722642 0.71484315 0.95974022 0.10431954 0.26079902 0.70592207 0.057862435 0.70592207 0.963893 0.019671276 0.26556239 0.70151722 0 0.71265244 0.96400893 -0.050208773 0.26108578 0.70592207 -0.057862435 0.70592207 0.95566392 -0.12742189 0.26546225 0.69597214 -0.11999524 0.70797175 0.94357115 -0.21091589 0.2553193 0.69030666 -0.17257668 0.70263362 0.92320669 -0.28850216 0.2538819 0.66938615 -0.22733869 0.70727599 0.89584577 -0.35833836 0.2627815 0.64501369 -0.283806 0.70951509 0.86695021 -0.42736983 0.25642198 0.62783992 -0.32700005 0.70632005 0.82519335 -0.5001173 0.26256162 0.5973509 -0.38495952 0.70354676 0.78607059 -0.55785662 0.26624981 0.56139892 -0.42773253 0.70843208 0.73868865 -0.62406462 0.25472033 0.52326602 -0.4695977 0.71110517 0.68998665 -0.67720914 0.25555068 0.48327589 -0.5101245 0.71148962 0.62784392 -0.73034924 0.26907608 0.4418101 -0.54891574 0.70957404 0.56834668 -0.7830556 0.25259864 0.39929068 -0.58562648 0.70541376 0.50011718 -0.82519341 0.26256159 0.35615832 -0.61997944 0.69912577 0.43052673 -0.86105347 0.27061689 0.2980485 -0.63497293 0.7127248 0.35833821 -0.89584571 0.26278147 0.25546721 -0.66421479 0.70253497 0.28850204 -0.92320669 0.2538819 0.19973481 -0.68658876 0.69907224 0.21251935 -0.9395597 0.26844567 0.13289709 -0.68864894 0.71281207 0.13822742 -0.95695955 0.25518924 0.082216464 -0.70471287 0.70471287 0.060804881 -0.96274441 0.26348796 0.022620892 -0.70124799 0.71255845 -0.019535676 -0.96701634 0.25396392 -0.034194816 -0.70669317 0.70669317 -0.09305086 -0.96152604 0.25847477 -0.082216464 -0.70471287 0.70471287 -0.17456384 -0.94919139 0.26184592 -0.14598359 -0.69342244 0.70558774 -0.25011292 -0.93223959 0.26148188 -0.19967258 -0.6738953 0.71133393 -0.3160761 -0.91310859 0.25754353 -0.25546709 -0.66421485 0.70253491 -0.39845899 -0.88143933 0.25356472 -0.31263873 -0.63830447 0.70343757 -0.45644251 -0.85120344 0.2590619 -0.35572517 -0.60605067 0.71145076 -0.52910829 -0.80626023 0.26455411 -0.3992908 -0.58562642 0.70541376 -0.59646785 -0.76144832 0.25381607 -0.45675671 -0.55079472 0.69856894 -0.65101665 -0.7148419 0.25530064 -0.4981387 -0.51160181 0.70008671 -0.70611537 -0.65476167 0.26960766 -0.5379436 -0.47070056 0.69932657 -0.7614482 -0.59646791 0.25381607 -0.56139892 -0.42773253 0.70843208 -0.80345988 -0.53982449 0.25108114 -0.5947367 -0.37005845 0.7136842 -0.61708695 -0.34136733 0.70899367 -0.22841203 -0.1245883 0.96555978 -0.64847618 -0.29829913 0.70035446 -0.23641096 -0.10278731 0.96620113 -0.15040225 -0.056400817 0.98701477 -0.14778747 -0.036946848 0.9883287 -0.15685032 -0.027679458 0.98723447 -0.15546684 -0.018290209 0.98767173 -0.15273218 0 0.9882676 -0.15409409 0.0090643503 0.98801458 -0.71207941 0.045940585 0.70059425 -0.25396392 0.019535676 0.96701634 -0.25869688 0.0397995 0.96513832 -0.69799274 0.094643034 0.70982313 -0.95566392 0.1274218 0.26546222 -0.6959722 0.11999515 0.70797175 -0.69030672 0.17257659 0.70263362 -0.94357115 0.210916 0.25531933 -0.95891291 0.23440102 0.15981892 -0.94193137 0.31397712 0.11909471 -0.91020817 0.38683844 0.14790875 -0.87774801 0.46197253 0.1270424 -0.83636153 0.52571279 0.15532418 -0.79576027 0.59385103 0.11877014 -0.74076927 0.65576303 0.14572503 -0.68864894 0.71281207 0.13289709 -0.62125868 0.7674371 0.15835996 -0.56706542 0.8151564 0.11813856 -0.49785277 0.85346168 0.15409718 -0.42450303 0.89489794 0.13767655 -0.34919742 0.92368358 0.15770198 -0.2780948 0.95193976 0.12835136 -0.19771288 0.96775299 0.15608928 -0.12663214 0.98383361 0.12663199 -0.037233859 0.98669773 0.15824404 0.036374282 0.99119592 0.12730952 0.11881198 0.98019803 0.15841576 0.1943741 0.97187018 0.1329927 0.27246442 0.94817609 0.16347855 0.35335931 0.92756826 0.1214672 0.41789913 0.89383942 0.16251619 0.4895319 0.8625083 0.12821063 0.55341417 0.81809032 0.15639955 0.62505603 0.76929969 0.13222332 0.68573719 0.71022779 0.1591889 0.74268806 0.65883619 0.11978833 0.78853071 0.59443092 0.15770607 0.8374995 0.5308094 0.12975337 0.87252265 0.45984292 0.16507176 0.9109177 0.39360636 0.12370481 0.93535632 0.31178543 0.16702782 0.96246737 0.24061689 0.12553915 0.97858214 0.15976842 0.12981184 0.98841321 0.07530763 0.13178836 0.98663741 0 0.16293103 0.98841316 -0.075307705 0.13178836 0.97488308 -0.15232547 0.16248041 0.96352249 -0.23040749 0.13614984 0.93838191 -0.30911404 0.15455693 0.91357911 -0.3834776 0.13534497 0.87690824 -0.45599216 0.15199733 0.8374995 -0.53080952 0.12975337 0.78853077 -0.5944308 0.15770607 0.7474221 -0.65098041 0.13260706 0.68573719 -0.71022779 0.1591889 0.62505603 -0.76929969 0.13222332 0.56717151 -0.80852091 0.15687712 0.50331151 -0.85445881 0.12875402 0.42818227 -0.89108193 0.15044233 0.35650319 -0.92467993 0.1336886 0.27246442 -0.94817609 0.16347855 0.20445457 -0.97115898 0.12267265 0.11881198 -0.98019803 0.15841576 0.045863889 -0.990659 0.1284187 -0.03723393 -0.98669773 0.15824398 -0.11591636 -0.98528886 0.12557605 -0.19771296 -0.96775299 0.15608919 -0.27809471 -0.95193976 0.12835145 -0.34919736 -0.92368358 0.15770207 -0.42080778 -0.89848185 0.12510508 -0.49785268 -0.85346168 0.15409727 -0.55814129 -0.81939882 0.13062884 -0.62125862 -0.76743716 0.15836006 -0.68377572 -0.71976399 0.1199607 -0.73383856 -0.66045481 0.15899839 -0.79015005 -0.59859866 0.13169172 -0.83636147 -0.52571285 0.15532428 -0.84285283 -0.47100592 0.26029274 -0.62783992 -0.32700005 0.70632005 -0.88143939 -0.39845887 0.25356472 -0.65476149 -0.26960778 0.70611554 -0.66034734 -0.24128087 0.71114343 -0.24412394 -0.081374593 0.96632379 -0.68224347 -0.18606652 0.70705247 -0.25155187 -0.060372408 0.96595901 -0.70083278 -0.1329165 0.70083278 -0.25869688 -0.0397995 0.96513832 -0.69952118 -0.069952086 0.71117985 -0.25396392 -0.019535676 0.96701634 -0.26066589 0 0.96542907 -0.70706224 -0.011223204 0.70706224 -0.963893 -0.019671276 0.26556239 -0.70151722 0 0.71265244 -0.70592207 0.057862435 0.70592207 -0.96400893 0.050208773 0.26108578 -0.98525131 0.07652434 0.15304881 -0.97858208 0.15976858 0.12981185 0 0 -1 -0.97337276 0.22902893 -0.0095428666 0 0 -1 -0.92333388 0.38385788 -0.010374533 0 0 -1 -0.8516075 0.52406615 -0.01091804 0 0 -1 -0.75532246 0.65535331 0 0 0 -1 -0.63684177 0.7709136 -0.011172656 0 0 -1 -0.51126236 0.85935581 -0.010877917 0 0 -1 -0.35896018 0.93329656 -0.010256001 0 0 -1 -0.20694949 0.97830641 -0.0094067883 0 0 -1 -0.049935859 0.99871773 -0.0083226431 0 0 -1 0.11428592 0.99340892 -0.008791225 0 0 -1 0.27215269 0.96225405 0 0 0 -1 0.42170727 0.90667075 -0.010542678 0 0 -1 0.56227595 0.82687628 -0.011025012 0 0 -1 0.68427116 0.72914135 -0.011217554 0 0 -1 0.79050076 0.61235982 -0.01113381 0 0 -1 0.88110942 0.47279033 -0.010745231 0 0 -1 0.94660199 0.32224748 -0.010070229 0 0 -1 0.98053783 0.19610763 -0.0093384515 0 0 -1 0.99459988 0.10378428 0 0 0 -1 0.99996853 0 -0.0079362541 0 0 -1 0.98801464 -0.15409403 -0.0090643503 0 0 -1 0.95061815 -0.3102017 -0.010006502 0 0 -1 0.88786554 -0.45997855 -0.01069717 0 0 -1 0.80394727 -0.59470063 0 0 0 -1 0.69575143 -0.71819502 -0.011221793 0 0 -1 0.57491046 -0.81814164 -0.011055964 0 0 -1 0.43442827 -0.90064412 -0.010595808 0 0 -1 0.28642762 -0.95805097 -0.00987681 0 0 -1 0.13391256 -0.99095291 -0.0089274999 0 0 -1 -0.032768164 -0.99942946 -0.008192041 0 0 -1 -0.18539988 -0.98261946 -0.009269991 0 0 -1 -0.34663212 -0.93794578 -0.010195058 0 0 -1 -0.49382499 -0.86956137 0 0 0 -1 -0.6246562 -0.78082019 -0.01115457 0 0 -1 -0.73989362 -0.67263055 -0.011210504 0 0 -1 -0.83869237 -0.54460543 0 -0.87774801 -0.46197259 0.1270425 -0.90660983 -0.39018649 0.16066504 -0.90764284 -0.33005199 0.25932661 -0.66938609 -0.22733879 0.70727605 -0.93223953 -0.25011313 0.26148188 -0.69030672 -0.17257659 0.70263362 -0.94919133 -0.17456402 0.26184595 -0.69101506 -0.10722642 0.71484315 -0.70592207 -0.057862435 0.70592207 -0.95974022 -0.10431954 0.26079902 -0.98345524 -0.077133708 0.1639092 -0.99115044 0 0.13274343 -0.99767405 0.067638882 -0.0084548602 0 0 -1 0 0 -1 0 0 -1 -0.91801244 -0.3964144 -0.010431954 -0.93940002 -0.31677443 0.13107909 -0.95891291 -0.23440099 0.15981883 -0.97858196 -0.15976858 0.12981193 -0.99626803 -0.085885204 -0.0085885134 0 0 -1 0 0 -1 -0.96777725 -0.25162211 -0.0096777678 </float_array>
          <technique_common>
            <accessor count="2881" offset="0" source="#meshId0-normals-array" stride="3">
              <param name="X" type="float" />
              <param name="Y" type="float" />
              <param name="Z" type="float" />
            </accessor>
          </technique_common>
        </source>
        <vertices id="meshId0-vertices">
          <input semantic="POSITION" source="#meshId0-positions" />
        </vertices>
        <polylist count="4400" material="defaultMaterial">
          <input offset="0" semantic="VERTEX" source="#meshId0-vertices" />
          <input offset="1" semantic="NORMAL" source="#meshId0-normals" />
          <vcount>3 3 3 3 3 3 3 3 3 3 3 3 3 3 3 3 3 3 3 3 3 3 3 3 3 3 3 3 3 3 3 3 3 3 3 3 3 3 3 3 3 3 3 3 3 3 3 3 3 3 3 3 3 3 3 3 3 3 3 3 3 3 3 3 3 3 3 3 3 3 3 3 3 3 3 3 3 3 3 3 3 3 3 3 3 3 3 3 3 3 3 3 3 3 3 3 3 3 3 3 3 3 3 3 3 3 3 3 3 3 3 3 3 3 3 3 3 3 3 3 3 3 3 3 3 3 3 3 3 3 3 3 3 3 3 3 3 3 3 3 3 3 3 3 3 3 3 3 3 3 3 3 3 3 3 3 3 3 3 3 3 3 3 3 3 3 3 3 3 3 3 3 3 3 3 3 3 3 3 3 3 3 3 3 3 3 3 3 3 3 3 3 3 3 3 3 3 3 3 3 3 3 3 3 3 3 3 3 3 3 3 3 3 3 3 3 3 3 3 3 3 3 3 3 3 3 3 3 3 3 3 3 3 3 3 3 3 3 3 3 3 3 3 3 3 3 3 3 3 3 3 3 3 3 3 3 3 3 3 3 3 3 3 3 3 3 3 3 3 3 3 3 3 3 3 3 3 3 3 3 3 3 3 3 3 3 3 3 3 3 3 3 3 3 3 3 3 3 3 3 3 3 3 3 3 3 3 3 3 3 3 3 3 3 3 3 3 3 3 3 3 3 3 3 3 3 3 3 3 3 3 3 3 3 3 3 3 3 3 3 3 3 3 3 3 3 3 3 3 3 3 3 3 3 3 3 3 3 3 3 3 3 3 3 3 3 3 3 3 3 3 3 3 3 3 3 3 3 3 3 3 3 3 3 3 3 3 3 3 3 3 3 3 3 3 3 3 3 3 3 3 3 3 3 3 3 3 3 3 3 3 3 3 3 3 3 3 3 3 3 3 3 3 3 3 3 3 3 3 3 3 3 3 3 3 3 3 3 3 3 3 3 3 3 3 3 3 3 3 3 3 3 3 3 3 3 3 3 3 3 3 3 3 3 3 3 3 3 3 3 3 3 3 3 3 3 3 3 3 3 3 3 3 3 3 3 3 3 3 3 3 3 3 3 3 3 3 3 3 3 3 3 3 3 3 3 3 3 3 3 3 3 3 3 3 3 3 3 3 3 3 3 3 3 3 3 3 3 3 3 3 3 3 3 3 3 3 3 3 3 3 3 3 3 3 3 3 3 3 3 3 3 3 3 3 3 3 3 3 3 3 3 3 3 3 3 3 3 3 3 3 3 3 3 3 3 3 3 3 3 3 3 3 3 3 3 3 3 3 3 3 3 3 3 3 3 3 3 3 3 3 3 3 3 3 3 3 3 3 3 3 3 3 3 3 3 3 3 3 3 3 3 3 3 3 3 3 3 3 3 3 3 3 3 3 3 3 3 3 3 3 3 3 3 3 3 3 3 3 3 3 3 3 3 3 3 3 3 3 3 3 3 3 3 3 3 3 3 3 3 3 3 3 3 3 3 3 3 3 3 3 3 3 3 3 3 3 3 3 3 3 3 3 3 3 3 3 3 3 3 3 3 3 3 3 3 3 3 3 3 3 3 3 3 3 3 3 3 3 3 3 3 3 3 3 3 3 3 3 3 3 3 3 3 3 3 3 3 3 3 3 3 3 3 3 3 3 3 3 3 3 3 3 3 3 3 3 3 3 3 3 3 3 3 3 3 3 3 3 3 3 3 3 3 3 3 3 3 3 3 3 3 3 3 3 3 3 3 3 3 3 3 3 3 3 3 3 3 3 3 3 3 3 3 3 3 3 3 3 3 3 3 3 3 3 3 3 3 3 3 3 3 3 3 3 3 3 3 3 3 3 3 3 3 3 3 3 3 3 3 3 3 3 3 3 3 3 3 3 3 3 3 3 3 3 3 3 3 3 3 3 3 3 3 3 3 3 3 3 3 3 3 3 3 3 3 3 3 3 3 3 3 3 3 3 3 3 3 3 3 3 3 3 3 3 3 3 3 3 3 3 3 3 3 3 3 3 3 3 3 3 3 3 3 3 3 3 3 3 3 3 3 3 3 3 3 3 3 3 3 3 3 3 3 3 3 3 3 3 3 3 3 3 3 3 3 3 3 3 3 3 3 3 3 3 3 3 3 3 3 3 3 3 3 3 3 3 3 3 3 3 3 3 3 3 3 3 3 3 3 3 3 3 3 3 3 3 3 3 3 3 3 3 3 3 3 3 3 3 3 3 3 3 3 3 3 3 3 3 3 3 3 3 3 3 3 3 3 3 3 3 3 3 3 3 3 3 3 3 3 3 3 3 3 3 3 3 3 3 3 3 3 3 3 3 3 3 3 3 3 3 3 3 3 3 3 3 3 3 3 3 3 3 3 3 3 3 3 3 3 3 3 3 3 3 3 3 3 3 3 3 3 3 3 3 3 3 3 3 3 3 3 3 3 3 3 3 3 3 3 3 3 3 3 3 3 3 3 3 3 3 3 3 3 3 3 3 3 3 3 3 3 3 3 3 3 3 3 3 3 3 3 3 3 3 3 3 3 3 3 3 3 3 3 3 3 3 3 3 3 3 3 3 3 3 3 3 3 3 3 3 3 3 3 3 3 3 3 3 3 3 3 3 3 3 3 3 3 3 3 3 3 3 3 3 3 3 3 3 3 3 3 3 3 3 3 3 3 3 3 3 3 3 3 3 3 3 3 3 3 3 3 3 3 3 3 3 3 3 3 3 3 3 3 3 3 3 3 3 3 3 3 3 3 3 3 3 3 3 3 3 3 3 3 3 3 3 3 3 3 3 3 3 3 3 3 3 3 3 3 3 3 3 3 3 3 3 3 3 3 3 3 3 3 3 3 3 3 3 3 3 3 3 3 3 3 3 3 3 3 3 3 3 3 3 3 3 3 3 3 3 3 3 3 3 3 3 3 3 3 3 3 3 3 3 3 3 3 3 3 3 3 3 3 3 3 3 3 3 3 3 3 3 3 3 3 3 3 3 3 3 3 3 3 3 3 3 3 3 3 3 3 3 3 3 3 3 3 3 3 3 3 3 3 3 3 3 3 3 3 3 3 3 3 3 3 3 3 3 3 3 3 3 3 3 3 3 3 3 3 3 3 3 3 3 3 3 3 3 3 3 3 3 3 3 3 3 3 3 3 3 3 3 3 3 3 3 3 3 3 3 3 3 3 3 3 3 3 3 3 3 3 3 3 3 3 3 3 3 3 3 3 3 3 3 3 3 3 3 3 3 3 3 3 3 3 3 3 3 3 3 3 3 3 3 3 3 3 3 3 3 3 3 3 3 3 3 3 3 3 3 3 3 3 3 3 3 3 3 3 3 3 3 3 3 3 3 3 3 3 3 3 3 3 3 3 3 3 3 3 3 3 3 3 3 3 3 3 3 3 3 3 3 3 3 3 3 3 3 3 3 3 3 3 3 3 3 3 3 3 3 3 3 3 3 3 3 3 3 3 3 3 3 3 3 3 3 3 3 3 3 3 3 3 3 3 3 3 3 3 3 3 3 3 3 3 3 3 3 3 3 3 3 3 3 3 3 3 3 3 3 3 3 3 3 3 3 3 3 3 3 3 3 3 3 3 3 3 3 3 3 3 3 3 3 3 3 3 3 3 3 3 3 3 3 3 3 3 3 3 3 3 3 3 3 3 3 3 3 3 3 3 3 3 3 3 3 3 3 3 3 3 3 3 3 3 3 3 3 3 3 3 3 3 3 3 3 3 3 3 3 3 3 3 3 3 3 3 3 3 3 3 3 3 3 3 3 3 3 3 3 3 3 3 3 3 3 3 3 3 3 3 3 3 3 3 3 3 3 3 3 3 3 3 3 3 3 3 3 3 3 3 3 3 3 3 3 3 3 3 3 3 3 3 3 3 3 3 3 3 3 3 3 3 3 3 3 3 3 3 3 3 3 3 3 3 3 3 3 3 3 3 3 3 3 3 3 3 3 3 3 3 3 3 3 3 3 3 3 3 3 3 3 3 3 3 3 3 3 3 3 3 3 3 3 3 3 3 3 3 3 3 3 3 3 3 3 3 3 3 3 3 3 3 3 3 3 3 3 3 3 3 3 3 3 3 3 3 3 3 3 3 3 3 3 3 3 3 3 3 3 3 3 3 3 3 3 3 3 3 3 3 3 3 3 3 3 3 3 3 3 3 3 3 3 3 3 3 3 3 3 3 3 3 3 3 3 3 3 3 3 3 3 3 3 3 3 3 3 3 3 3 3 3 3 3 3 3 3 3 3 3 3 3 3 3 3 3 3 3 3 3 3 3 3 3 3 3 3 3 3 3 3 3 3 3 3 3 3 3 3 3 3 3 3 3 3 3 3 3 3 3 3 3 3 3 3 3 3 3 3 3 3 3 3 3 3 3 3 3 3 3 3 3 3 3 3 3 3 3 3 3 3 3 3 3 3 3 3 3 3 3 3 3 3 3 3 3 3 3 3 3 3 3 3 3 3 3 3 3 3 3 3 3 3 3 3 3 3 3 3 3 3 3 3 3 3 3 3 3 3 3 3 3 3 3 3 3 3 3 3 3 3 3 3 3 3 3 3 3 3 3 3 3 3 3 3 3 3 3 3 3 3 3 3 3 3 3 3 3 3 3 3 3 3 3 3 3 3 3 3 3 3 3 3 3 3 3 3 3 3 3 3 3 3 3 3 3 3 3 3 3 3 3 3 3 3 3 3 3 3 3 3 3 3 3 3 3 3 3 3 3 3 3 3 3 3 3 3 3 3 3 3 3 3 3 3 3 3 3 3 3 3 3 3 3 3 3 3 3 3 3 3 3 3 3 3 3 3 3 3 3 3 3 3 3 3 3 3 3 3 3 3 3 3 3 3 3 3 3 3 3 3 3 3 3 3 3 3 3 3 3 3 3 3 3 3 3 3 3 3 3 3 3 3 3 3 3 3 3 3 3 3 3 3 3 3 3 3 3 3 3 3 3 3 3 3 3 3 3 3 3 3 3 3 3 3 3 3 3 3 3 3 3 3 3 3 3 3 3 3 3 3 3 3 3 3 3 3 3 3 3 3 3 3 3 3 3 3 3 3 3 3 3 3 3 3 3 3 3 3 3 3 3 3 3 3 3 3 3 3 3 3 3 3 3 3 3 3 3 3 3 3 3 3 3 3 3 3 3 3 3 3 3 3 3 3 3 3 3 3 3 3 3 3 3 3 3 3 3 3 3 3 3 3 3 3 3 3 3 3 3 3 3 3 3 3 3 3 3 3 3 3 3 3 3 3 3 3 3 3 3 3 3 3 3 3 3 3 3 3 3 3 3 3 3 3 3 3 3 3 3 3 3 3 3 3 3 3 3 3 3 3 3 3 3 3 3 3 3 3 3 3 3 3 3 3 3 3 3 3 3 3 3 3 3 3 3 3 3 3 3 3 3 3 3 3 3 3 3 3 3 3 3 3 3 3 3 3 3 3 3 3 3 3 3 3 3 3 3 3 3 3 3 3 3 3 3 3 3 3 3 3 3 3 3 3 3 3 3 3 3 3 3 3 3 3 3 3 3 3 3 3 3 3 3 3 3 3 3 3 3 3 3 3 3 3 3 3 3 3 3 3 3 3 3 3 3 3 3 3 3 3 3 3 3 3 3 3 3 3 3 3 3 3 3 3 3 3 3 3 3 3 3 3 3 3 3 3 3 3 3 3 3 3 3 3 3 3 3 3 3 3 3 3 3 3 3 3 3 3 3 3 3 3 3 3 3 3 3 3 3 3 3 3 3 3 3 3 3 3 3 3 3 3 3 3 3 3 3 3 3 3 3 3 3 3 3 3 3 3 3 3 3 3 3 3 3 3 3 3 3 3 3 3 3 3 3 3 3 3 3 3 3 3 3 3 3 3 3 3 3 3 3 3 3 3 3 3 3 3 3 3 3 3 3 3 3 3 3 3 3 3 3 3 3 3 3 3 3 3 3 3 3 3 3 3 3 3 3 3 3 3 3 3 3 3 3 3 3 3 3 3 3 3 3 3 3 3 3 3 3 3 3 3 3 3 3 3 3 3 3 3 3 3 3 3 3 3 3 3 3 3 3 3 3 3 3 3 3 3 3 3 3 3 3 3 3 3 3 3 3 3 3 3 3 3 3 3 3 3 3 3 3 3 3 3 3 3 3 3 3 3 3 3 3 3 3 3 3 3 3 3 3 3 3 3 3 3 3 3 3 3 3 3 3 3 3 3 3 3 3 3 3 3 3 3 3 3 3 3 3 3 3 3 3 3 3 3 3 3 3 3 3 3 3 3 3 3 3 3 3 3 3 3 3 3 3 3 3 3 3 3 3 3 3 3 3 3 3 3 3 3 3 3 3 3 3 3 3 3 3 3 3 3 3 3 3 3 3 3 3 3 3 3 3 3 3 3 3 3 3 3 3 3 3 3 3 3 3 3 3 3 3 3 3 3 3 3 3 3 3 3 3 3 3 3 3 3 3 3 3 3 3 3 3 3 3 3 3 3 3 3 3 3 3 3 3 3 3 3 3 3 3 3 3 3 3 3 3 3 3 3 3 3 3 3 3 3 3 3 3 3 3 3 3 3 3 3 3 3 3 3 3 3 3 3 3 3 3 3 3 3 3 3 3 3 3 3 3 3 3 3 3 3 3 3 3 3 3 3 3 3 3 3 3 3 3 3 3 3 3 3 3 3 3 3 3 3 3 3 3 3 3 3 3 3 3 3 3 3 3 3 3 3 3 3 3 3 3 3 3 3 3 3 3 3 3 3 3 3 3 3 3 3 3 3 3 3 3 3 3 3 3 3 3 3 3 3 3 3 3 3 3 3 3 3 3 3 3 3 3 3 3 3 3 3 3 3 3 3 3 3 3 3 3 3 3 3 3 3 3 3 3 3 3 3 3 3 3 3 3 3 3 3 3 3 3 3 3 3 3 3 3 3 3 3 3 3 3 3 3 3 3 3 3 3 3 3 3 3 3 3 3 3 3 3 3 3 3 3 3 3 3 3 3 3 3 3 3 3 3 3 3 3 3 3 3 3 3 3 3 3 3 3 3 3 3 3 3 3 3 3 3 3 3 3 3 3 3 3 3 3 3 3 3 3 3 3 3 3 3 3 3 3 3 3 3 3 3 3 3 3 3 3 3 3 3 3 3 3 3 3 3 3 3 3 3 3 3 3 3 3 3 3 3 3 3 3 3 3 3 3 3 3 3 3 3 3 3 3 3 3 3 3 3 3 3 3 3 3 3 3 3 3 3 3 3 3 3 3 3 3 3 3 3 3 3 3 3 3 3 3 3 3 3 3 3 3 3 3 3 3 3 3 3 3 3 3 3 3 3 3 3 3 3 3 3 3 3 3 3 3 3 3 3 3 3 3 3 3 3 3 3 3 3 3 3 3 3 3 3 3 3 3 3 3 3 3 3 3 3 3 3 3 3 3 3 3 3 3 3 3 3 3 3 3 3 3 3 3 3 3 3 3 3 3 3 3 3 3 3 3 3 3 3 3 3 3 3 3 3 3 3 3 3 3 3 3 3 3 3 3 3 3 3 3 3 3 3 3 3 3 3 3 3 3 3 3 3 3 3 3 3 3 3 3 3 3 3 3 3 3 3 3 3 3 3 3 3 3 3 3 3 3 3 3 3 3 3 3 3 3 3 3 3 3 3 3 3 3 3 3 3 3 3 3 3 3 3 3 3 3 3 3 3 3 3 3 3 3 3 3 3 3 3 3 3 3 3 3 3 3 3 3 3 3 3 3 3 3 3 3 3 3 3 3 3 3 3 3 3 3 3 3 3 3 3 3 3 3 3 3 3 3 3 3 3 3 3 3 3 3 3 3 3 3 3 3 3 3 3 3 3 3 3 3 3 3 3 3 3 3 3 3 3 3 3 3 3 3 3 3 3 3 3 3 3 3 3 3 3 3 3 3 3 3 3 3 3 3 3 3 3 3 3 3 3 3 3 3 3 3 3 3 3 3 3 3 3 3 3 3 3 3 3 3 3 3 3 3 3 3 3 3 3 3 3 3 3 3 3 3 3 3 3 3 3 3 3 3 3 3 3 3 3 3 3 3 3 3 3 3 3 3 3 3 3 3 3 3 3 3 3 3 3 3 3 3 3 3 3 3 3 3 3 3 3 3 3 3 3 3 3 3 3 3 3 3 3 3 3 3 3 3 3 3 3 3 3 3 3 3 3 3 3 3 3 3 3 3 3 3 3 3 3 3 3 3 3 3 3 3 3 3 3 3 3 3 3 3 3 3 3 3 3 3 3 3 3 3 3 3 3 3 3 3 3 3 3 3 3 3 3 3 3 3 3 3 3 3 3 3 3 3 3 3 3 3 3 3 3 3 3 3 3 3 3 3 3 3 3 3 3 3 3 3 3 3 3 3 3 3 3 3 3 3 3 3 3 3 3 3 3 3 3 3 3 3 3 3 3 3 3 3 3 3 3 3 3 3 3 3 3 3 3 3 3 3 3 3 3 3 3 3 3 3 3 3 3 3 3 3 3 3 3 3 3 3 3 3 3 3 3 3 3 3 3 3 3 3 3 3 3 3 3 3 3 3 3 3 3 3 3 3 3 3 3 3 3 3 3 3 3 3 3 3 3 3 3 3 3 3 3 3 3 3 3 3 3 3 3 3 3 3 3 3 3 3 3 3 3 3 3 3 3 3 3 3 3 3 3 3 3 3 3 3 3 3 3 3 3 3 3 3 3 3 3 3 3 3 3 3 3 3 3 3 3 3 3 3 3 3 3 3 3 3 3 3 3 3 3 3 3 3 3 3 3 3 3 3 3 3 3 3 3 3 3 3 3 3 3 3 3 3 3 3 3 3 3 3 3 3 3 3 3 3 3 3 3 3 3 3 3 3 3 3 3 3 3 3 3 3 3 3 3 3 3 3 3 3 3 3 3 3 3 3 3 3 3 3 3 3 3 3 3 3 3 3 3 3 3 3 3 3 3 3 3 3 3 3 3 3 3 3 3 3 3 3 3 3 3 3 3 3 3 3 3 3 3 3 3 3 3 3 3 3 3 3 3 3 3 3 3 3 3 3 3 3 3 3 3 3 3 3 3 3 3 3 3 3 3 3 3 3 3 3 3 3 3 3 3 3 3 3 3 3 3 3 3 3 3 3 3 3 3 3 3 3 3 3 3 3 3 3 3 3 3 3 3 3 3 3 3 3 3 3 3 3 3 3 3 3 3 3 3 3 3 3 3 3 3 3 3 3 3 3 3 3 3 3 3 3 3 3 3 3 3 3 3 3 3 3 3 3 3 3 3 3 3 3 3 3 3 3 3 3 3 3 3 3 3 3 3 3 3 3 3 3 3 3 3 3 3 3 3 3 3 3 3 3 3 3 3 3 3 3 3 3 3 3 3 3 3 3 3 3 3 3 3 3 3 3 3 3 3 3 3 3 3 3 3 3 3 3 3 3 3 3 3 3 3 3 3 3 3 3 3 3 3 3 3 3 3 3 3 3 3 3 3 3 3 3 3 3 3 3 3 3 3 3 3 3 3 3 3 3 3 3 3 3 3 3 3 3 3 3 3 3 3 3 3 3 3 3 3 3 3 3 3 3 3 3 3 3 3 3 3 3 3 3 3 3 3 3 3 3 3 3 3 3 3 3 3 3 3 3 3 3 3 3 3 3 3 3 3 3 3 3 3 3 3 3 3 3 3 3 3 3 3 3 3 3 3 3 3 3 3 3 3 3 3 3 3 3 3 3 3 3 3 3 3 3 3 3 3 3 3 3 3 3 3 3 3 3 3 3 3 3 3 3 3 3 3 3 3 3 3 3 3 3 3 3 3 3 3 3 3 3 3 3 3 3 3 3 3 3 3 3 3 3 3 3 3 3 3 3 3 3 3 3 3 3 3 3 3 3 3 3 3 </vcount>
          <p>0 0 1 1 2 2 3 3 4 4 5 5 4 4 6 6 5 5 5 5 6 6 7 7 7 7 6 6 8 8 6 6 4 4 8 8 9 9 12 12 13 13 13 13 12 12 14 14 14 14 12 12 16 16 10 10 18 18 15 15 17 17 19 19 16 16 19 19 20 20 16 16 20 20 21 21 16 16 21 21 22 22 16 16 22 22 23 23 16 16 23 23 24 24 16 16 24 24 25 25 16 16 25 25 26 26 16 16 26 26 27 27 16 16 27 27 28 28 16 16 28 28 29 29 16 16 29 29 30 30 16 16 30 30 31 31 16 16 31 31 32 32 16 16 16 16 32 32 33 33 32 32 34 34 33 33 35 35 36 36 37 37 37 37 36 36 38 38 39 39 40 40 41 41 42 42 41 41 43 43 41 41 40 40 43 43 43 43 40 40 45 45 47 47 48 48 49 49 49 49 48 48 50 50 51 51 52 52 53 53 52 52 54 54 53 53 53 53 54 54 55 55 54 54 56 56 55 55 55 55 56 56 57 57 56 56 58 58 57 57 57 57 58 58 59 59 58 58 60 60 59 59 59 59 60 60 61 61 60 60 62 62 61 61 61 61 62 62 63 63 62 62 64 64 63 63 63 63 64 64 65 65 64 64 66 66 65 65 65 65 66 66 67 67 67 67 66 66 68 68 71 71 72 72 73 73 73 73 72 72 74 74 72 72 76 76 74 74 76 76 77 77 74 74 74 74 77 77 78 78 79 79 78 78 80 80 78 78 77 77 80 80 80 80 77 77 81 81 77 77 76 76 81 81 82 82 83 83 84 84 85 85 84 84 86 86 84 84 83 83 86 86 83 83 87 87 86 86 88 88 89 89 90 90 89 89 86 86 90 90 86 86 87 87 90 90 90 90 87 87 91 91 94 94 92 92 95 95 91 91 87 87 96 96 96 96 87 87 97 97 87 87 83 83 97 97 97 97 83 83 98 98 98 98 83 83 100 100 100 100 83 83 103 103 103 103 83 83 104 104 107 107 105 105 108 108 104 104 83 83 109 109 83 83 82 82 109 109 109 109 82 82 112 112 112 112 82 82 113 113 114 114 115 115 116 116 116 116 115 115 117 117 118 118 117 117 119 119 117 117 115 115 119 119 119 119 115 115 120 120 115 115 114 114 120 120 114 114 113 113 120 120 120 120 113 113 121 121 113 113 82 82 121 121 82 82 84 84 121 121 84 84 85 85 121 121 121 121 85 85 122 122 122 122 85 85 123 123 85 85 86 86 123 123 86 86 89 89 123 123 123 123 89 89 124 124 89 89 88 88 124 124 124 124 88 88 125 125 88 88 126 126 125 125 125 125 126 126 127 127 127 127 126 126 128 128 129 129 128 128 130 130 128 128 126 126 130 130 130 130 126 126 131 131 126 126 88 88 131 131 88 88 90 90 131 131 131 131 90 90 132 132 90 90 91 91 132 132 133 133 92 92 134 134 92 92 94 94 134 134 135 135 93 93 136 136 136 136 93 93 137 137 137 137 93 93 138 138 94 94 95 95 139 139 139 139 95 95 140 140 96 96 97 97 140 140 142 142 140 140 144 144 140 140 97 97 144 144 144 144 97 97 146 146 146 146 97 97 148 148 97 97 98 98 148 148 148 148 98 98 149 149 98 98 100 100 149 149 150 150 99 99 152 152 99 99 101 101 152 152 152 152 101 101 154 154 102 102 105 105 153 153 105 105 107 107 153 153 155 155 106 106 157 157 107 107 108 108 156 156 108 108 110 110 156 156 158 158 111 111 159 159 112 112 113 113 160 160 113 113 114 114 160 160 114 114 116 116 160 160 160 160 116 116 162 162 116 116 117 117 162 162 162 162 117 117 164 164 164 164 117 117 166 166 117 117 118 118 166 166 118 118 167 167 166 166 167 167 81 81 166 166 166 166 81 81 168 168 81 81 76 76 168 168 171 171 75 75 173 173 173 173 75 75 175 175 75 75 72 72 175 175 175 175 72 72 176 176 72 72 71 71 176 176 178 178 69 69 179 179 182 182 180 180 183 183 180 180 70 70 183 183 70 70 73 73 183 183 73 73 74 74 183 183 183 183 74 74 185 185 185 185 74 74 186 186 74 74 78 78 186 186 186 186 78 78 187 187 78 78 79 79 187 187 79 79 188 188 187 187 188 188 189 189 187 187 187 187 189 189 190 190 189 189 191 191 190 190 191 191 192 192 190 190 190 190 192 192 193 193 192 192 194 194 193 193 194 194 195 195 193 193 193 193 195 195 196 196 195 195 197 197 196 196 197 197 198 198 196 196 196 196 198 198 199 199 198 198 200 200 199 199 199 199 200 200 201 201 200 200 202 202 201 201 202 202 203 203 201 201 201 201 203 203 204 204 203 203 205 205 204 204 204 204 205 205 206 206 205 205 207 207 206 206 207 207 208 208 206 206 206 206 208 208 209 209 208 208 210 210 209 209 209 209 210 210 211 211 212 212 213 213 214 214 213 213 215 215 214 214 214 214 215 215 216 216 215 215 211 211 216 216 216 216 211 211 217 217 211 211 210 210 217 217 217 217 210 210 218 218 210 210 208 208 218 218 208 208 207 207 218 218 218 218 207 207 219 219 207 207 205 205 219 219 219 219 205 205 220 220 205 205 203 203 220 220 203 203 202 202 220 220 220 220 202 202 221 221 202 202 200 200 221 221 200 200 198 198 221 221 221 221 198 198 222 222 222 222 198 198 223 223 198 198 197 197 223 223 197 197 195 195 223 223 223 223 195 195 224 224 195 195 194 194 224 224 224 224 194 194 225 225 194 194 192 192 225 225 225 225 192 192 226 226 192 192 191 191 226 226 226 226 191 191 227 227 191 191 189 189 227 227 189 189 188 188 227 227 227 227 188 188 228 228 188 188 79 79 228 228 228 228 79 79 229 229 79 79 80 80 229 229 80 80 81 81 229 229 229 229 81 81 230 230 81 81 167 167 230 230 167 167 118 118 230 230 230 230 118 118 231 231 118 118 119 119 231 231 231 231 119 119 232 232 232 232 119 119 233 233 119 119 120 120 233 233 233 233 120 120 234 234 120 120 121 121 234 234 234 234 121 121 235 235 121 121 122 122 235 235 235 235 122 122 236 236 236 236 122 122 237 237 122 122 123 123 237 237 123 123 124 124 237 237 124 124 125 125 237 237 125 125 127 127 237 237 237 237 127 127 238 238 238 238 127 127 239 239 127 127 128 128 239 239 128 128 129 129 239 239 239 239 129 129 240 240 241 241 240 240 242 242 240 240 129 129 242 242 129 129 130 130 242 242 242 242 130 130 243 243 130 130 131 131 243 243 243 243 131 131 244 244 131 131 132 132 244 244 245 245 133 133 246 246 133 133 134 134 246 246 248 248 247 247 249 249 247 247 135 135 249 249 135 135 136 136 249 249 136 136 137 137 249 249 249 249 137 137 250 250 137 137 138 138 250 250 250 250 138 138 251 251 139 139 140 140 252 252 252 252 140 140 253 253 140 140 142 142 253 253 255 255 141 141 256 256 141 141 143 143 256 256 143 143 145 145 256 256 145 145 147 147 256 256 147 147 150 150 256 256 150 150 152 152 256 256 258 258 151 151 259 259 151 151 155 155 259 259 155 155 157 157 259 259 158 158 159 159 260 260 159 159 161 161 260 260 260 260 161 161 262 262 161 161 163 163 262 262 163 163 165 165 262 262 165 165 169 169 262 262 262 262 169 169 263 263 265 265 170 170 266 266 170 170 172 172 266 266 172 172 174 174 266 266 174 174 177 177 266 266 178 178 179 179 268 268 179 179 181 181 268 268 181 181 270 270 268 268 273 273 268 268 274 274 268 268 270 270 274 274 275 275 269 269 276 276 269 269 182 182 276 276 182 182 183 183 276 276 183 183 184 184 276 276 276 276 184 184 278 278 278 278 184 184 279 279 185 185 186 186 280 280 280 280 186 186 281 281 186 186 187 187 281 281 187 187 190 190 281 281 190 190 193 193 281 281 281 281 193 193 282 282 193 193 196 196 282 282 196 196 199 199 282 282 282 282 199 199 283 283 199 199 201 201 283 283 283 283 201 201 284 284 201 201 204 204 284 284 204 204 206 206 284 284 284 284 206 206 285 285 206 206 209 209 285 285 285 285 209 209 286 286 209 209 211 211 286 286 211 211 215 215 286 286 215 215 213 213 286 286 286 286 213 213 287 287 287 287 213 213 288 288 213 213 212 212 288 288 212 212 289 289 288 288 288 288 289 289 290 290 289 289 291 291 290 290 290 290 291 291 292 292 292 292 291 291 293 293 295 295 293 293 296 296 296 296 293 293 297 297 293 293 291 291 297 297 297 297 291 291 298 298 291 291 289 289 298 298 298 298 289 289 299 299 289 289 212 212 299 299 299 299 212 212 300 300 212 212 214 214 300 300 300 300 214 214 301 301 214 214 216 216 301 301 301 301 216 216 302 302 216 216 217 217 302 302 302 302 217 217 303 303 217 217 218 218 303 303 303 303 218 218 304 304 218 218 219 219 304 304 304 304 219 219 305 305 219 219 220 220 305 305 305 305 220 220 306 306 220 220 221 221 306 306 221 221 222 222 306 306 306 306 222 222 307 307 307 307 222 222 308 308 222 222 223 223 308 308 308 308 223 223 309 309 223 223 224 224 309 309 309 309 224 224 310 310 224 224 225 225 310 310 310 310 225 225 311 311 225 225 226 226 311 311 311 311 226 226 312 312 226 226 227 227 312 312 312 312 227 227 313 313 227 227 228 228 313 313 313 313 228 228 314 314 228 228 229 229 314 314 314 314 229 229 315 315 229 229 230 230 315 315 230 230 231 231 315 315 315 315 231 231 316 316 231 231 232 232 316 316 316 316 232 232 317 317 317 317 232 232 318 318 232 232 233 233 318 318 318 318 233 233 319 319 233 233 234 234 319 319 319 319 234 234 320 320 320 320 234 234 321 321 234 234 235 235 321 321 321 321 235 235 322 322 235 235 236 236 322 322 322 322 236 236 323 323 323 323 236 236 324 324 236 236 237 237 324 324 237 237 238 238 324 324 324 324 238 238 325 325 238 238 239 239 325 325 325 325 239 239 326 326 326 326 239 239 327 327 239 239 240 240 327 327 327 327 240 240 328 328 329 329 328 328 330 330 328 328 240 240 330 330 240 240 241 241 330 330 330 330 241 241 331 331 331 331 241 241 332 332 241 241 242 242 332 332 242 242 243 243 332 332 332 332 243 243 333 333 243 243 244 244 333 333 334 334 245 245 335 335 245 245 246 246 335 335 247 247 248 248 336 336 336 336 248 248 337 337 337 337 248 248 338 338 248 248 249 249 338 338 249 249 250 250 338 338 250 250 251 251 338 338 251 251 254 254 338 338 254 254 257 257 338 338 338 338 257 257 340 340 258 258 259 259 339 339 259 259 261 261 339 339 261 261 264 264 339 339 264 264 267 267 339 339 267 267 271 271 339 339 340 340 272 272 341 341 272 272 275 275 341 341 275 275 276 276 341 341 276 276 277 277 341 341 341 341 277 277 342 342 342 342 277 277 343 343 278 278 279 279 344 344 344 344 279 279 345 345 280 280 281 281 346 346 281 281 282 282 346 346 346 346 282 282 348 348 282 282 283 283 348 348 348 348 283 283 350 350 283 283 284 284 350 350 350 350 284 284 352 352 284 284 285 285 352 352 352 352 285 285 354 354 354 354 285 285 355 355 285 285 286 286 355 355 286 286 287 287 355 355 355 355 287 287 356 356 356 356 287 287 357 357 287 287 288 288 357 357 288 288 290 290 357 357 357 357 290 290 358 358 290 290 292 292 358 358 358 358 292 292 359 359 292 292 293 293 359 359 293 293 294 294 359 359 359 359 294 294 360 360 294 294 361 361 360 360 361 361 68 68 360 360 360 360 68 68 362 362 68 68 66 66 362 362 362 362 66 66 363 363 66 66 64 64 363 363 363 363 64 64 364 364 364 364 64 64 365 365 64 64 62 62 365 365 365 365 62 62 366 366 62 62 60 60 366 366 366 366 60 60 367 367 60 60 58 58 367 367 367 367 58 58 368 368 368 368 58 58 369 369 58 58 56 56 369 369 369 369 56 56 370 370 56 56 54 54 370 370 370 370 54 54 371 371 371 371 54 54 372 372 54 54 52 52 372 372 372 372 52 52 373 373 373 373 52 52 374 374 52 52 51 51 374 374 51 51 375 375 374 374 374 374 375 375 376 376 375 375 377 377 376 376 376 376 377 377 378 378 377 377 379 379 378 378 378 378 379 379 380 380 379 379 381 381 380 380 380 380 381 381 382 382 381 381 383 383 382 382 382 382 383 383 384 384 383 383 385 385 384 384 384 384 385 385 386 386 385 385 387 387 386 386 386 386 387 387 388 388 387 387 389 389 388 388 388 388 389 389 390 390 389 389 50 50 390 390 390 390 50 50 391 391 50 50 48 48 391 391 391 391 48 48 393 393 48 48 46 46 393 393 393 393 46 46 394 394 46 46 45 45 394 394 45 45 40 40 394 394 40 40 39 39 394 394 395 395 394 394 396 396 394 394 39 39 396 396 397 397 396 396 398 398 396 396 39 39 398 398 398 398 39 39 399 399 400 400 399 399 401 401 399 399 39 39 401 401 39 39 41 41 401 401 401 401 41 41 402 402 41 41 42 42 402 402 402 402 42 42 403 403 403 403 42 42 404 404 404 404 42 42 405 405 42 42 43 43 405 405 405 405 43 43 406 406 43 43 44 44 406 406 406 406 44 44 407 407 44 44 47 47 407 407 47 47 49 49 407 407 407 407 49 49 408 408 409 409 408 408 410 410 408 408 49 49 410 410 49 49 50 50 410 410 410 410 50 50 411 411 50 50 389 389 411 411 411 411 389 389 412 412 389 389 387 387 412 412 412 412 387 387 414 414 387 387 385 385 414 414 414 414 385 385 415 415 385 385 383 383 415 415 415 415 383 383 416 416 383 383 381 381 416 416 416 416 381 381 417 417 381 381 379 379 417 417 417 417 379 379 418 418 379 379 377 377 418 418 418 418 377 377 419 419 377 377 375 375 419 419 419 419 375 375 420 420 375 375 51 51 420 420 420 420 51 51 421 421 51 51 53 53 421 421 421 421 53 53 422 422 53 53 55 55 422 422 422 422 55 55 423 423 55 55 57 57 423 423 423 423 57 57 424 424 57 57 59 59 424 424 424 424 59 59 425 425 59 59 61 61 425 425 425 425 61 61 426 426 61 61 63 63 426 426 426 426 63 63 427 427 63 63 65 65 427 427 427 427 65 65 428 428 65 65 67 67 428 428 428 428 67 67 429 429 429 429 67 67 430 430 67 67 68 68 430 430 68 68 361 361 430 430 430 430 361 361 432 432 361 361 295 295 432 432 295 295 296 296 432 432 432 432 296 296 433 433 433 433 296 296 434 434 296 296 297 297 434 434 434 434 297 297 435 435 297 297 298 298 435 435 435 435 298 298 436 436 298 298 299 299 436 436 436 436 299 299 437 437 299 299 300 300 437 437 437 437 300 300 438 438 300 300 301 301 438 438 438 438 301 301 439 439 301 301 302 302 439 439 439 439 302 302 440 440 302 302 303 303 440 440 440 440 303 303 441 441 303 303 304 304 441 441 441 441 304 304 442 442 304 304 305 305 442 442 442 442 305 305 443 443 305 305 306 306 443 443 306 306 307 307 443 443 443 443 307 307 444 444 444 444 307 307 445 445 307 307 308 308 445 445 445 445 308 308 446 446 308 308 309 309 446 446 446 446 309 309 447 447 309 309 310 310 447 447 447 447 310 310 448 448 310 310 311 311 448 448 448 448 311 311 449 449 311 311 312 312 449 449 449 449 312 312 450 450 312 312 313 313 450 450 450 450 313 313 451 451 313 313 314 314 451 451 451 451 314 314 452 452 314 314 315 315 452 452 315 315 316 316 452 452 452 452 316 316 453 453 316 316 317 317 453 453 453 453 317 317 454 454 454 454 317 317 455 455 317 317 318 318 455 455 455 455 318 318 457 457 318 318 319 319 457 457 457 457 319 319 459 459 319 319 320 320 459 459 459 459 320 320 460 460 320 320 321 321 460 460 461 461 321 321 462 462 321 321 322 322 462 462 462 462 322 322 463 463 322 322 323 323 463 463 463 463 323 323 464 464 465 465 323 323 466 466 323 323 324 324 466 466 324 324 325 325 466 466 466 466 325 325 467 467 325 325 326 326 467 467 467 467 326 326 468 468 468 468 326 326 469 469 326 326 327 327 469 469 327 327 328 328 469 469 328 328 329 329 469 469 469 469 329 329 470 470 329 329 330 330 470 470 330 330 331 331 470 470 471 471 470 470 472 472 470 470 331 331 472 472 472 472 331 331 473 473 331 331 332 332 473 473 473 473 332 332 474 474 332 332 333 333 474 474 475 475 334 334 476 476 334 334 335 335 476 476 336 336 337 337 477 477 477 477 337 337 479 479 481 481 482 482 484 484 484 484 482 482 486 486 486 486 482 482 487 487 482 482 489 489 487 487 487 487 489 489 490 490 489 489 492 492 490 490 490 490 492 492 493 493 492 492 479 479 493 493 493 493 479 479 494 494 479 479 337 337 494 494 337 337 338 338 494 494 338 338 340 340 494 494 340 340 341 341 494 494 341 341 342 342 494 494 494 494 342 342 495 495 342 342 343 343 495 495 495 495 343 343 496 496 344 344 345 345 497 497 345 345 347 347 497 497 497 497 347 347 499 499 347 347 349 349 499 499 499 499 349 349 501 501 349 349 351 351 501 501 501 501 351 351 503 503 351 351 353 353 503 503 503 503 353 353 505 505 505 505 353 353 506 506 354 354 355 355 507 507 355 355 356 356 507 507 507 507 356 356 509 509 509 509 356 356 510 510 356 356 357 357 510 510 357 357 358 358 510 510 510 510 358 358 511 511 358 358 359 359 511 511 359 359 360 360 511 511 511 511 360 360 512 512 360 360 362 362 512 512 512 512 362 362 513 513 513 513 362 362 514 514 362 362 363 363 514 514 363 363 364 364 514 514 514 514 364 364 515 515 364 364 365 365 515 515 365 365 366 366 515 515 515 515 366 366 516 516 366 366 367 367 516 516 367 367 368 368 516 516 516 516 368 368 517 517 368 368 369 369 517 517 517 517 369 369 518 518 369 369 370 370 518 518 518 518 370 370 519 519 370 370 371 371 519 519 371 371 372 372 519 519 519 519 372 372 520 520 372 372 373 373 520 520 520 520 373 373 521 521 373 373 374 374 521 521 374 374 376 376 521 521 521 521 376 376 522 522 376 376 378 378 522 522 522 522 378 378 523 523 378 378 380 380 523 523 523 523 380 380 524 524 380 380 382 382 524 524 524 524 382 382 525 525 382 382 384 384 525 525 525 525 384 384 526 526 384 384 386 386 526 526 526 526 386 386 527 527 386 386 388 388 527 527 527 527 388 388 528 528 388 388 390 390 528 528 528 528 390 390 529 529 390 390 391 391 529 529 529 529 391 391 530 530 530 530 391 391 531 531 531 531 391 391 532 532 391 391 392 392 532 532 532 532 392 392 533 533 393 393 394 394 533 533 394 394 395 395 533 533 533 533 395 395 534 534 395 395 396 396 534 534 396 396 397 397 534 534 534 534 397 397 535 535 535 535 397 397 536 536 397 397 398 398 536 536 398 398 399 399 536 536 399 399 400 400 536 536 536 536 400 400 537 537 537 537 400 400 538 538 538 538 400 400 539 539 400 400 401 401 539 539 401 401 402 402 539 539 539 539 402 402 540 540 402 402 403 403 540 540 403 403 542 542 540 540 540 540 542 542 543 543 543 543 542 542 544 544 545 545 541 541 547 547 547 547 541 541 548 548 541 541 403 403 548 548 403 403 404 404 548 548 548 548 404 404 549 549 549 549 404 404 550 550 404 404 405 405 550 550 550 550 405 405 551 551 405 405 406 406 551 551 551 551 406 406 553 553 406 406 407 407 553 553 407 407 408 408 553 553 408 408 409 409 553 553 553 553 409 409 554 554 555 555 554 554 556 556 554 554 409 409 556 556 409 409 410 410 556 556 556 556 410 410 557 557 410 410 411 411 557 557 557 557 411 411 558 558 411 411 412 412 558 558 558 558 412 412 559 559 412 412 413 413 559 559 414 414 415 415 559 559 559 559 415 415 560 560 415 415 416 416 560 560 560 560 416 416 561 561 416 416 417 417 561 561 561 561 417 417 562 562 417 417 418 418 562 562 562 562 418 418 563 563 418 418 419 419 563 563 563 563 419 419 564 564 419 419 420 420 564 564 564 564 420 420 565 565 420 420 421 421 565 565 565 565 421 421 566 566 421 421 422 422 566 566 566 566 422 422 567 567 422 422 423 423 567 567 567 567 423 423 568 568 423 423 424 424 568 568 568 568 424 424 569 569 424 424 425 425 569 569 569 569 425 425 570 570 425 425 426 426 570 570 570 570 426 426 571 571 426 426 427 427 571 571 571 571 427 427 572 572 427 427 428 428 572 572 572 572 428 428 573 573 428 428 429 429 573 573 573 573 429 429 574 574 429 429 430 430 574 574 430 430 431 431 574 574 431 431 433 433 574 574 574 574 433 433 575 575 575 575 433 433 576 576 433 433 434 434 576 576 576 576 434 434 577 577 434 434 435 435 577 577 577 577 435 435 578 578 435 435 436 436 578 578 578 578 436 436 579 579 436 436 437 437 579 579 579 579 437 437 580 580 437 437 438 438 580 580 580 580 438 438 581 581 438 438 439 439 581 581 581 581 439 439 582 582 439 439 440 440 582 582 582 582 440 440 583 583 440 440 441 441 583 583 583 583 441 441 584 584 441 441 442 442 584 584 584 584 442 442 585 585 442 442 443 443 585 585 443 443 444 444 585 585 585 585 444 444 586 586 586 586 444 444 587 587 444 444 445 445 587 587 587 587 445 445 588 588 445 445 446 446 588 588 588 588 446 446 589 589 446 446 447 447 589 589 589 589 447 447 590 590 447 447 448 448 590 590 590 590 448 448 591 591 448 448 449 449 591 591 591 591 449 449 592 592 449 449 450 450 592 592 450 450 451 451 592 592 592 592 451 451 593 593 451 451 452 452 593 593 452 452 453 453 593 593 593 593 453 453 594 594 595 595 594 594 597 597 594 594 453 453 597 597 453 453 454 454 597 597 597 597 454 454 599 599 454 454 455 455 599 599 599 599 455 455 601 601 455 455 457 457 601 601 601 601 457 457 602 602 456 456 458 458 603 603 603 603 458 458 604 604 458 458 461 461 604 604 604 604 461 461 605 605 461 461 462 462 605 605 605 605 462 462 606 606 462 462 463 463 606 606 606 606 463 463 607 607 463 463 464 464 607 607 607 607 464 464 608 608 608 608 464 464 609 609 465 465 466 466 609 609 466 466 467 467 609 609 609 609 467 467 610 610 467 467 468 468 610 610 610 610 468 468 611 611 468 468 469 469 611 611 469 469 470 470 611 611 470 470 471 471 611 611 611 611 471 471 612 612 471 471 472 472 612 612 612 612 472 472 613 613 614 614 615 615 616 616 615 615 613 613 616 616 613 613 472 472 616 616 616 616 472 472 617 617 472 472 473 473 617 617 473 473 474 474 617 617 617 617 474 474 618 618 475 475 476 476 619 619 476 476 478 478 619 619 619 619 478 478 621 621 478 478 491 491 621 621 491 491 488 488 621 621 621 621 488 488 623 623 488 488 482 482 623 623 623 623 482 482 625 625 625 625 482 482 626 626 482 482 481 481 626 626 627 627 480 480 628 628 480 480 483 483 628 628 629 629 630 630 631 631 630 630 628 628 631 631 628 628 483 483 631 631 483 483 485 485 631 631 38 38 631 631 632 632 631 631 485 485 632 632 486 486 487 487 633 633 487 487 490 490 633 633 633 633 490 490 634 634 490 490 493 493 634 634 493 493 494 494 634 634 494 494 495 495 634 634 495 495 496 496 634 634 496 496 498 498 634 634 634 634 498 498 635 635 498 498 500 500 635 635 635 635 500 500 636 636 500 500 502 502 636 636 636 636 502 502 637 637 502 502 504 504 637 637 637 637 504 504 638 638 638 638 504 504 639 639 505 505 506 506 640 640 506 506 508 508 640 640 640 640 508 508 642 642 642 642 508 508 643 643 509 509 510 510 644 644 644 644 510 510 645 645 510 510 511 511 645 645 511 511 512 512 645 645 512 512 513 513 645 645 645 645 513 513 646 646 513 513 514 514 646 646 646 646 514 514 647 647 514 514 515 515 647 647 515 515 516 516 647 647 647 647 516 516 648 648 516 516 517 517 648 648 517 517 518 518 648 648 648 648 518 518 649 649 518 518 519 519 649 649 649 649 519 519 650 650 519 519 520 520 650 650 650 650 520 520 651 651 520 520 521 521 651 651 521 521 522 522 651 651 651 651 522 522 652 652 522 522 523 523 652 652 652 652 523 523 653 653 523 523 524 524 653 653 653 653 524 524 654 654 524 524 525 525 654 654 654 654 525 525 655 655 525 525 526 526 655 655 655 655 526 526 656 656 526 526 527 527 656 656 656 656 527 527 657 657 527 527 528 528 657 657 657 657 528 528 658 658 528 528 529 529 658 658 529 529 530 530 658 658 658 658 530 530 659 659 530 530 531 531 659 659 659 659 531 531 660 660 531 531 532 532 660 660 532 532 533 533 660 660 533 533 534 534 660 660 660 660 534 534 661 661 534 534 535 535 661 661 661 661 535 535 663 663 663 663 535 535 664 664 667 667 669 669 670 670 669 669 665 665 670 670 671 671 664 664 672 672 664 664 535 535 672 672 535 535 536 536 672 672 536 536 537 537 672 672 672 672 537 537 673 673 537 537 538 538 673 673 673 673 538 538 674 674 675 675 674 674 676 676 674 674 538 538 676 676 538 538 539 539 676 676 539 539 540 540 676 676 540 540 543 543 676 676 676 676 543 543 677 677 678 678 677 677 679 679 677 677 543 543 679 679 543 543 544 544 679 679 680 680 679 679 682 682 679 679 544 544 682 682 545 545 547 547 681 681 682 682 546 546 683 683 683 683 546 546 684 684 547 547 548 548 684 684 548 548 549 549 684 684 684 684 549 549 685 685 685 685 549 549 686 686 549 549 550 550 686 686 550 550 551 551 686 686 686 686 551 551 687 687 551 551 552 552 687 687 687 687 552 552 688 688 688 688 552 552 689 689 689 689 553 553 690 690 553 553 554 554 690 690 554 554 555 555 690 690 690 690 555 555 691 691 555 555 556 556 691 691 691 691 556 556 692 692 692 692 556 556 693 693 556 556 557 557 693 693 693 693 557 557 694 694 557 557 558 558 694 694 694 694 558 558 695 695 558 558 559 559 695 695 695 695 559 559 696 696 696 696 559 559 697 697 559 559 560 560 697 697 697 697 560 560 698 698 560 560 561 561 698 698 698 698 561 561 699 699 561 561 562 562 699 699 562 562 563 563 699 699 699 699 563 563 700 700 700 700 563 563 701 701 563 563 564 564 701 701 564 564 565 565 701 701 701 701 565 565 702 702 565 565 566 566 702 702 702 702 566 566 703 703 566 566 567 567 703 703 703 703 567 567 704 704 567 567 568 568 704 704 704 704 568 568 705 705 568 568 569 569 705 705 705 705 569 569 706 706 569 569 570 570 706 706 706 706 570 570 707 707 570 570 571 571 707 707 707 707 571 571 708 708 571 571 572 572 708 708 572 572 573 573 708 708 708 708 573 573 709 709 573 573 574 574 709 709 709 709 574 574 710 710 574 574 575 575 710 710 710 710 575 575 711 711 575 575 576 576 711 711 576 576 577 577 711 711 711 711 577 577 712 712 577 577 578 578 712 712 712 712 578 578 713 713 578 578 579 579 713 713 713 713 579 579 714 714 579 579 580 580 714 714 714 714 580 580 715 715 580 580 581 581 715 715 715 715 581 581 716 716 581 581 582 582 716 716 716 716 582 582 717 717 582 582 583 583 717 717 583 583 584 584 717 717 717 717 584 584 718 718 584 584 585 585 718 718 585 585 586 586 718 718 718 718 586 586 719 719 719 719 586 586 720 720 586 586 587 587 720 720 720 720 587 587 721 721 587 587 588 588 721 721 721 721 588 588 722 722 588 588 589 589 722 722 589 589 590 590 722 722 722 722 590 590 723 723 590 590 591 591 723 723 723 723 591 591 724 724 591 591 592 592 724 724 724 724 592 592 725 725 725 725 592 592 726 726 592 592 593 593 726 726 726 726 593 593 727 727 593 593 594 594 727 727 594 594 595 595 727 727 727 727 595 595 728 728 728 728 595 595 729 729 595 595 597 597 729 729 729 729 597 597 730 730 596 596 598 598 730 730 598 598 600 600 730 730 600 600 603 603 730 730 730 730 603 603 731 731 603 603 604 604 731 731 731 731 604 604 732 732 604 604 605 605 732 732 732 732 605 605 733 733 605 605 606 606 733 733 733 733 606 606 734 734 606 606 607 607 734 734 734 734 607 607 735 735 607 607 608 608 735 735 735 735 608 608 736 736 737 737 738 738 739 739 738 738 736 736 739 739 736 736 608 608 739 739 608 608 609 609 739 739 739 739 609 609 740 740 609 609 610 610 740 740 741 741 740 740 742 742 740 740 610 610 742 742 610 610 611 611 743 743 743 743 611 611 744 744 611 611 612 612 744 744 612 612 613 613 744 744 744 744 613 613 745 745 613 613 615 615 745 745 745 745 615 615 746 746 615 615 614 614 746 746 746 746 614 614 747 747 747 747 614 614 748 748 614 614 616 616 748 748 748 748 616 616 749 749 616 616 617 617 749 749 617 617 618 618 749 749 618 618 620 620 749 749 620 620 622 622 749 749 749 749 622 622 750 750 622 622 624 624 750 750 750 750 624 624 751 751 751 751 625 625 752 752 625 625 626 626 752 752 754 754 753 753 755 755 755 755 753 753 756 756 753 753 627 627 756 756 757 757 756 756 758 758 756 756 627 627 758 758 627 627 628 628 758 758 758 758 628 628 759 759 628 628 630 630 759 759 759 759 630 630 760 760 760 760 630 630 761 761 630 630 629 629 762 762 762 762 629 629 763 763 629 629 631 631 763 763 631 631 38 38 763 763 38 38 36 36 763 763 764 764 763 763 765 765 763 763 36 36 765 765 765 765 36 36 766 766 36 36 35 35 766 766 767 767 768 768 769 769 768 768 770 770 769 769 770 770 766 766 769 769 769 769 766 766 771 771 766 766 35 35 771 771 35 35 37 37 771 771 771 771 37 37 772 772 37 37 38 38 772 772 38 38 632 632 772 772 633 633 634 634 773 773 634 634 635 635 773 773 635 635 636 636 773 773 636 636 637 637 773 773 637 637 638 638 773 773 773 773 638 638 774 774 638 638 639 639 774 774 639 639 641 641 774 774 774 774 641 641 775 775 775 775 641 641 776 776 642 642 643 643 777 777 777 777 643 643 778 778 644 644 645 645 779 779 645 645 646 646 779 779 779 779 646 646 781 781 646 646 647 647 781 781 781 781 647 647 783 783 647 647 648 648 783 783 783 783 648 648 785 785 648 648 649 649 785 785 785 785 649 649 787 787 649 649 650 650 787 787 787 787 650 650 789 789 789 789 650 650 790 790 650 650 651 651 790 790 651 651 652 652 790 790 790 790 652 652 791 791 652 652 653 653 791 791 653 653 654 654 791 791 654 654 655 655 791 791 791 791 655 655 792 792 655 655 656 656 792 792 792 792 656 656 793 793 656 656 657 657 793 793 657 657 658 658 793 793 793 793 658 658 794 794 658 658 659 659 794 794 659 659 660 660 794 794 660 660 661 661 794 794 794 794 661 661 795 795 661 661 663 663 795 795 796 796 662 662 798 798 798 798 662 662 799 799 662 662 665 665 799 799 665 665 669 669 799 799 800 800 668 668 801 801 801 801 668 668 802 802 668 668 666 666 802 802 802 802 666 666 803 803 804 804 803 803 805 805 803 803 666 666 805 805 806 806 667 667 807 807 667 667 670 670 807 807 808 808 671 671 809 809 671 671 672 672 809 809 672 672 673 673 809 809 809 809 673 673 810 810 673 673 674 674 810 810 674 674 675 675 810 810 810 810 675 675 811 811 811 811 675 675 812 812 675 675 676 676 812 812 676 676 677 677 812 812 677 677 678 678 812 812 812 812 678 678 813 813 678 678 814 814 813 813 813 813 814 814 815 815 815 815 814 814 816 816 814 814 678 678 816 816 678 678 679 679 816 816 816 816 679 679 817 817 817 817 679 679 818 818 679 679 680 680 818 818 818 818 680 680 819 819 819 819 680 680 820 820 680 680 682 682 820 820 682 682 683 683 820 820 821 821 820 820 822 822 820 820 683 683 822 822 822 822 683 683 823 823 823 823 683 683 824 824 683 683 684 684 824 824 684 684 685 685 824 824 824 824 685 685 826 826 685 685 686 686 826 826 826 826 686 686 828 828 686 686 687 687 828 828 687 687 688 688 828 828 688 688 689 689 828 828 689 689 690 690 828 828 690 690 691 691 828 828 828 828 691 691 830 830 691 691 692 692 830 830 692 692 693 693 830 830 693 693 694 694 830 830 830 830 694 694 832 832 694 694 695 695 832 832 695 695 696 696 832 832 832 832 696 696 834 834 696 696 697 697 834 834 697 697 698 698 834 834 834 834 698 698 836 836 698 698 699 699 836 836 699 699 700 700 836 836 700 700 701 701 836 836 701 701 702 702 836 836 836 836 702 702 838 838 702 702 703 703 838 838 703 703 704 704 838 838 838 838 704 704 840 840 704 704 705 705 840 840 705 705 706 706 840 840 706 706 707 707 840 840 840 840 707 707 842 842 707 707 708 708 842 842 708 708 709 709 842 842 842 842 709 709 844 844 709 709 710 710 844 844 710 710 711 711 844 844 711 711 712 712 844 844 844 844 712 712 847 847 712 712 713 713 847 847 713 713 714 714 847 847 847 847 714 714 849 849 714 714 715 715 849 849 715 715 716 716 849 849 716 716 717 717 849 849 849 849 717 717 851 851 717 717 718 718 851 851 718 718 719 719 851 851 851 851 719 719 853 853 719 719 720 720 853 853 720 720 721 721 853 853 721 721 722 722 853 853 722 722 723 723 853 853 853 853 723 723 855 855 723 723 724 724 855 855 724 724 725 725 855 855 855 855 725 725 857 857 725 725 726 726 857 857 726 726 727 727 857 857 857 857 727 727 859 859 727 727 728 728 859 859 728 728 729 729 859 859 729 729 730 730 859 859 859 859 730 730 861 861 730 730 731 731 861 861 731 731 732 732 861 861 861 861 732 732 863 863 732 732 733 733 863 863 733 733 734 734 863 863 734 734 735 735 863 863 863 863 735 735 865 865 735 735 736 736 865 865 865 865 736 736 866 866 736 736 738 738 866 866 738 738 737 737 866 866 866 866 737 737 867 867 867 867 737 737 868 868 868 868 737 737 869 869 737 737 739 739 869 869 739 739 740 740 869 869 740 740 741 741 869 869 869 869 741 741 870 870 741 741 742 742 870 870 743 743 744 744 870 870 871 871 870 870 872 872 872 872 870 870 873 873 870 870 744 744 873 873 744 744 745 745 873 873 873 873 745 745 874 874 745 745 746 746 874 874 874 874 746 746 875 875 746 746 747 747 876 876 876 876 747 747 877 877 877 877 747 747 878 878 747 747 748 748 878 878 878 878 748 748 879 879 748 748 749 749 879 879 749 749 750 750 879 879 879 879 750 750 880 880 750 750 751 751 880 880 880 880 751 751 881 881 751 751 752 752 881 881 753 753 754 754 881 881 882 882 881 881 883 883 881 881 754 754 883 883 754 754 755 755 883 883 884 884 883 883 885 885 883 883 755 755 885 885 885 885 755 755 886 886 755 755 756 756 886 886 756 756 757 757 886 886 886 886 757 757 887 887 757 757 758 758 887 887 887 887 758 758 888 888 758 758 759 759 888 888 888 888 759 759 889 889 759 759 760 760 889 889 890 890 889 889 891 891 891 891 889 889 892 892 889 889 760 760 892 892 892 892 760 760 893 893 760 760 761 761 893 893 762 762 763 763 894 894 763 763 764 764 894 894 894 894 764 764 896 896 896 896 764 764 897 897 764 764 765 765 897 897 765 765 766 766 897 897 766 766 770 770 898 898 898 898 770 770 899 899 770 770 768 768 899 899 768 768 767 767 899 899 900 900 899 899 901 901 899 899 767 767 901 901 901 901 767 767 902 902 8 8 903 903 905 905 905 905 903 903 907 907 903 903 908 908 907 907 908 908 909 909 907 907 907 907 909 909 911 911 909 909 912 912 911 911 912 912 913 913 911 911 911 911 913 913 915 915 913 913 902 902 915 915 902 902 767 767 915 915 767 767 769 769 915 915 915 915 769 769 916 916 769 769 771 771 916 916 771 771 772 772 916 916 773 773 774 774 917 917 774 774 775 775 917 917 917 917 775 775 918 918 775 775 776 776 918 918 918 918 776 776 919 919 777 777 778 778 920 920 778 778 780 780 920 920 920 920 780 780 922 922 780 780 782 782 922 922 922 922 782 782 924 924 782 782 784 784 924 924 924 924 784 784 926 926 784 784 786 786 926 926 926 926 786 786 928 928 786 786 788 788 928 928 928 928 788 788 930 930 930 930 788 788 931 931 789 789 790 790 932 932 790 790 791 791 932 932 932 932 791 791 934 934 791 791 792 792 934 934 934 934 792 792 936 936 792 792 793 793 936 936 936 936 793 793 937 937 793 793 794 794 937 937 794 794 795 795 937 937 938 938 796 796 939 939 796 796 798 798 939 939 940 940 797 797 941 941 941 941 797 797 942 942 797 797 800 800 942 942 800 800 801 801 942 942 801 801 802 802 942 942 802 802 803 803 942 942 803 803 804 804 942 942 942 942 804 804 943 943 943 943 804 804 944 944 804 804 805 805 944 944 945 945 806 806 946 946 806 806 807 807 946 946 947 947 808 808 948 948 808 808 809 809 948 948 809 809 810 810 948 948 810 810 811 811 948 948 948 948 811 811 949 949 811 811 812 812 949 949 812 812 813 813 949 949 813 813 815 815 949 949 949 949 815 815 950 950 950 950 815 815 951 951 952 952 951 951 953 953 951 951 815 815 953 953 815 815 816 816 953 953 953 953 816 816 954 954 816 816 817 817 954 954 954 954 817 817 955 955 817 817 818 818 955 955 955 955 818 818 956 956 818 818 819 819 956 956 958 958 957 957 959 959 957 957 819 819 959 959 959 959 819 819 960 960 819 819 820 820 960 960 820 820 821 821 960 960 960 960 821 821 961 961 821 821 822 822 961 961 822 822 823 823 961 961 823 823 824 824 961 961 824 824 826 826 961 961 964 964 962 962 966 966 962 962 825 825 966 966 966 966 825 825 968 968 825 825 827 827 968 968 968 968 827 827 970 970 827 827 829 829 970 970 970 970 829 829 972 972 829 829 831 831 972 972 972 972 831 831 974 974 831 831 833 833 974 974 974 974 833 833 976 976 833 833 835 835 976 976 976 976 835 835 978 978 835 835 837 837 978 978 978 978 837 837 980 980 837 837 839 839 980 980 980 980 839 839 982 982 839 839 841 841 982 982 982 982 841 841 984 984 841 841 843 843 984 984 984 984 843 843 985 985 843 843 845 845 985 985 987 987 846 846 989 989 846 846 848 848 989 989 989 989 848 848 991 991 848 848 850 850 991 991 991 991 850 850 993 993 850 850 852 852 993 993 993 993 852 852 995 995 852 852 854 854 995 995 995 995 854 854 997 997 854 854 856 856 997 997 997 997 856 856 999 999 856 856 858 858 999 999 999 999 858 858 1001 1001 858 858 860 860 1001 1001 1001 1001 860 860 1003 1003 860 860 862 862 1003 1003 1003 1003 862 862 1005 1005 862 862 864 864 1005 1005 1005 1005 864 864 1007 1007 1009 1009 1007 1007 1010 1010 1007 1007 864 864 1010 1010 865 865 866 866 1011 1011 866 866 867 867 1011 1011 1011 1011 867 867 1012 1012 867 867 868 868 1012 1012 1013 1013 1012 1012 1014 1014 1012 1012 868 868 1014 1014 1014 1014 868 868 1015 1015 868 868 869 869 1015 1015 869 869 870 870 1015 1015 870 870 871 871 1015 1015 1015 1015 871 871 1016 1016 871 871 872 872 1016 1016 1016 1016 872 872 1017 1017 1017 1017 872 872 1018 1018 872 872 873 873 1018 1018 873 873 874 874 1018 1018 1018 1018 874 874 1019 1019 874 874 875 875 1020 1020 1020 1020 875 875 1021 1021 876 876 877 877 1023 1023 1023 1023 877 877 1024 1024 1025 1025 1026 1026 1027 1027 1027 1027 1026 1026 1028 1028 1026 1026 1024 1024 1028 1028 1024 1024 877 877 1028 1028 877 877 878 878 1028 1028 878 878 879 879 1028 1028 1028 1028 879 879 1029 1029 879 879 880 880 1029 1029 1029 1029 880 880 1030 1030 880 880 881 881 1030 1030 1030 1030 881 881 1031 1031 881 881 882 882 1031 1031 1032 1032 1031 1031 1033 1033 1031 1031 882 882 1033 1033 882 882 883 883 1033 1033 1033 1033 883 883 1034 1034 883 883 884 884 1034 1034 1034 1034 884 884 1035 1035 884 884 1036 1036 1035 1035 1036 1036 1037 1037 1035 1035 1037 1037 1038 1038 1035 1035 1038 1038 1039 1039 1035 1035 1039 1039 1040 1040 1035 1035 1040 1040 1041 1041 1035 1035 1041 1041 33 33 1035 1035 1035 1035 33 33 1042 1042 33 33 34 34 1042 1042 1042 1042 34 34 1043 1043 1043 1043 34 34 1044 1044 34 34 32 32 1044 1044 1044 1044 32 32 1045 1045 1045 1045 32 32 1046 1046 32 32 31 31 1046 1046 31 31 30 30 1046 1046 30 30 29 29 1046 1046 1046 1046 29 29 1047 1047 29 29 28 28 1047 1047 28 28 27 27 1047 1047 1047 1047 27 27 1048 1048 1048 1048 27 27 1049 1049 27 27 26 26 1049 1049 26 26 25 25 1049 1049 25 25 24 24 1049 1049 24 24 23 23 1049 1049 1049 1049 23 23 1050 1050 23 23 22 22 1050 1050 1050 1050 22 22 1051 1051 22 22 21 21 1051 1051 1051 1051 21 21 1052 1052 1052 1052 21 21 1053 1053 21 21 20 20 1053 1053 20 20 19 19 1053 1053 19 19 17 17 1053 1053 1053 1053 17 17 1054 1054 1054 1054 17 17 1055 1055 17 17 11 11 1055 1055 1055 1055 11 11 1056 1056 1056 1056 11 11 1057 1057 1057 1057 12 12 1058 1058 1058 1058 12 12 1059 1059 12 12 9 9 1059 1059 1059 1059 9 9 1060 1060 1060 1060 9 9 1061 1061 9 9 13 13 1061 1061 1061 1061 13 13 1062 1062 13 13 14 14 1062 1062 1062 1062 14 14 1063 1063 1063 1063 14 14 1064 1064 1064 1064 14 14 1065 1065 14 14 16 16 1065 1065 16 16 33 33 1065 1065 1065 1065 33 33 1066 1066 33 33 1041 1041 1066 1066 1041 1041 1040 1040 1066 1066 1040 1040 1039 1039 1066 1066 1066 1066 1039 1039 1067 1067 1039 1039 1038 1038 1067 1067 1067 1067 1038 1038 1068 1068 1038 1038 1037 1037 1068 1068 1037 1037 1036 1036 1068 1068 1036 1036 884 884 1068 1068 1068 1068 884 884 1069 1069 884 884 885 885 1069 1069 1069 1069 885 885 1070 1070 885 885 886 886 1070 1070 1070 1070 886 886 1071 1071 886 886 887 887 1071 1071 887 887 888 888 1071 1071 1071 1071 888 888 1072 1072 888 888 889 889 1072 1072 889 889 890 890 1072 1072 1072 1072 890 890 1073 1073 1074 1074 1073 1073 1076 1076 1073 1073 890 890 1076 1076 1076 1076 890 890 1077 1077 890 890 891 891 1077 1077 1077 1077 891 891 1078 1078 891 891 892 892 1078 1078 892 892 893 893 1078 1078 893 893 895 895 1078 1078 1078 1078 896 896 1079 1079 896 896 897 897 1079 1079 897 897 899 899 1079 1079 1079 1079 899 899 1080 1080 899 899 900 900 1080 1080 1080 1080 900 900 1081 1081 900 900 901 901 1081 1081 901 901 902 902 1081 1081 902 902 913 913 1082 1082 1082 1082 913 913 1083 1083 913 913 912 912 1083 1083 1083 1083 912 912 1084 1084 912 912 909 909 1084 1084 1084 1084 909 909 1086 1086 909 909 908 908 1086 1086 1086 1086 908 908 1088 1088 908 908 903 903 1088 1088 1088 1088 903 903 1090 1090 903 903 8 8 1090 1090 1090 1090 8 8 1091 1091 8 8 4 4 1091 1091 1092 1092 4 4 1093 1093 1094 1094 1093 1093 1095 1095 1093 1093 4 4 1095 1095 4 4 3 3 1095 1095 1095 1095 3 3 1096 1096 1096 1096 3 3 1097 1097 3 3 5 5 1097 1097 5 5 7 7 1097 1097 1097 1097 7 7 1098 1098 1098 1098 7 7 1099 1099 1099 1099 7 7 1100 1100 7 7 8 8 1100 1100 1101 1101 1100 1100 1102 1102 1100 1100 8 8 1102 1102 1102 1102 8 8 1103 1103 8 8 905 905 1103 1103 1104 1104 904 904 1105 1105 904 904 906 906 1105 1105 906 906 910 910 1105 1105 910 910 914 914 1105 1105 914 914 917 917 1105 1105 917 917 918 918 1105 1105 918 918 919 919 1105 1105 919 919 921 921 1105 1105 1105 1105 921 921 1106 1106 921 921 923 923 1106 1106 1106 1106 923 923 1107 1107 923 923 925 925 1107 1107 1107 1107 925 925 1108 1108 925 925 927 927 1108 1108 1108 1108 927 927 1109 1109 927 927 929 929 1109 1109 1109 1109 929 929 1110 1110 1110 1110 929 929 1111 1111 930 930 931 931 1112 1112 931 931 933 933 1112 1112 1112 1112 933 933 1114 1114 933 933 935 935 1114 1114 1114 1114 935 935 1115 1115 935 935 938 938 1115 1115 938 938 939 939 1115 1115 1116 1116 940 940 1117 1117 940 940 941 941 1117 1117 1117 1117 941 941 1118 1118 941 941 942 942 1118 1118 942 942 943 943 1118 1118 1119 1119 1118 1118 1121 1121 1121 1121 1118 1118 1122 1122 1118 1118 943 943 1122 1122 943 943 944 944 1122 1122 1123 1123 945 945 1124 1124 945 945 946 946 1124 1124 1125 1125 947 947 1126 1126 947 947 948 948 1126 1126 948 948 949 949 1126 1126 949 949 950 950 1126 1126 1126 1126 950 950 1127 1127 950 950 951 951 1127 1127 951 951 952 952 1127 1127 1127 1127 952 952 1128 1128 1128 1128 952 952 1129 1129 1129 1129 952 952 1130 1130 1130 1130 952 952 1131 1131 952 952 953 953 1131 1131 1131 1131 953 953 1132 1132 953 953 954 954 1132 1132 954 954 955 955 1132 1132 1132 1132 955 955 1133 1133 955 955 956 956 1133 1133 957 957 958 958 1133 1133 1133 1133 958 958 1134 1134 1135 1135 1134 1134 1136 1136 1134 1134 958 958 1136 1136 958 958 959 959 1136 1136 1136 1136 959 959 1137 1137 959 959 960 960 1137 1137 960 960 961 961 1137 1137 962 962 964 964 1139 1139 1139 1139 964 964 1140 1140 1142 1142 963 963 1143 1143 963 963 965 965 1143 1143 965 965 967 967 1143 1143 967 967 969 969 1143 1143 969 969 971 971 1143 1143 971 971 973 973 1143 1143 973 973 975 975 1143 1143 975 975 977 977 1143 1143 977 977 979 979 1143 1143 979 979 981 981 1143 1143 981 981 983 983 1143 1143 983 983 986 986 1143 1143 986 986 988 988 1143 1143 988 988 990 990 1143 1143 990 990 992 992 1143 1143 992 992 994 994 1143 1143 994 994 996 996 1143 1143 996 996 998 998 1143 1143 998 998 1000 1000 1143 1143 1000 1000 1002 1002 1143 1143 1002 1002 1004 1004 1143 1143 1004 1004 1006 1006 1143 1143 1006 1006 1008 1008 1143 1143 1143 1143 1008 1008 1144 1144 1146 1146 1009 1009 1147 1147 1009 1009 1010 1010 1147 1147 1011 1011 1012 1012 1148 1148 1012 1012 1013 1013 1148 1148 1148 1148 1013 1013 1149 1149 1149 1149 1013 1013 1150 1150 1013 1013 1014 1014 1150 1150 1151 1151 1150 1150 1152 1152 1150 1150 1014 1014 1152 1152 1014 1014 1015 1015 1152 1152 1015 1015 1016 1016 1152 1152 1152 1152 1016 1016 1153 1153 1016 1016 1017 1017 1153 1153 1017 1017 1154 1154 1153 1153 1153 1153 1154 1154 1155 1155 1155 1155 1154 1154 1156 1156 1154 1154 1017 1017 1156 1156 1017 1017 1018 1018 1156 1156 1156 1156 1018 1018 1157 1157 1018 1018 1019 1019 1157 1157 1019 1019 1022 1022 1157 1157 1157 1157 1022 1022 1158 1158 1023 1023 1024 1024 1158 1158 1158 1158 1024 1024 1159 1159 1024 1024 1026 1026 1159 1159 1159 1159 1026 1026 1160 1160 1026 1026 1025 1025 1160 1160 1160 1160 1025 1025 1161 1161 1161 1161 1025 1025 1162 1162 1025 1025 1027 1027 1162 1162 1027 1027 1028 1028 1162 1162 1028 1028 1029 1029 1162 1162 1029 1029 1030 1030 1162 1162 1162 1162 1030 1030 1163 1163 1030 1030 1031 1031 1163 1163 1031 1031 1032 1032 1163 1163 1163 1163 1032 1032 1164 1164 1032 1032 1033 1033 1164 1164 1164 1164 1033 1033 1165 1165 1165 1165 1033 1033 1166 1166 1033 1033 1034 1034 1166 1166 1166 1166 1034 1034 1167 1167 1034 1034 1035 1035 1167 1167 1035 1035 1042 1042 1167 1167 1042 1042 1043 1043 1167 1167 1167 1167 1043 1043 1168 1168 1168 1168 1043 1043 1169 1169 1043 1043 1044 1044 1169 1169 1169 1169 1044 1044 1170 1170 1044 1044 1045 1045 1170 1170 1170 1170 1045 1045 1171 1171 1045 1045 1046 1046 1171 1171 1046 1046 1047 1047 1171 1171 1171 1171 1047 1047 1172 1172 1172 1172 1047 1047 1173 1173 1047 1047 1048 1048 1173 1173 1173 1173 1048 1048 1174 1174 1048 1048 1049 1049 1174 1174 1174 1174 1049 1049 1175 1175 1049 1049 1050 1050 1175 1175 1175 1175 1050 1050 1176 1176 1050 1050 1051 1051 1176 1176 1176 1176 1051 1051 1177 1177 1051 1051 1052 1052 1177 1177 1052 1052 1053 1053 1177 1177 1053 1053 1178 1178 1177 1177 1177 1177 1178 1178 1179 1179 1179 1179 1178 1178 1180 1180 1178 1178 1053 1053 1180 1180 1053 1053 1054 1054 1180 1180 1182 1182 1180 1180 1183 1183 1180 1180 1054 1054 1183 1183 1054 1054 1055 1055 1183 1183 1055 1055 1056 1056 1183 1183 1183 1183 1056 1056 1184 1184 1056 1056 1057 1057 1184 1184 1184 1184 1057 1057 1185 1185 1057 1057 1058 1058 1185 1185 1185 1185 1058 1058 1186 1186 1186 1186 1058 1058 1187 1187 1058 1058 1059 1059 1187 1187 1059 1059 1060 1060 1187 1187 1187 1187 1060 1060 1188 1188 1188 1188 1060 1060 1189 1189 1060 1060 1061 1061 1189 1189 1189 1189 1061 1061 1190 1190 1061 1061 1062 1062 1190 1190 1190 1190 1062 1062 1191 1191 1062 1062 1063 1063 1191 1191 1191 1191 1063 1063 1192 1192 1063 1063 1064 1064 1192 1192 1192 1192 1064 1064 1193 1193 1064 1064 1065 1065 1193 1193 1193 1193 1065 1065 1195 1195 1065 1065 1066 1066 1195 1195 1195 1195 1066 1066 1197 1197 1066 1066 1067 1067 1197 1197 1197 1197 1067 1067 1199 1199 1067 1067 1068 1068 1199 1199 1068 1068 1069 1069 1199 1199 1199 1199 1069 1069 1200 1200 1069 1069 1070 1070 1200 1200 1200 1200 1070 1070 1201 1201 1070 1070 1071 1071 1201 1201 1201 1201 1071 1071 1202 1202 1071 1071 1072 1072 1202 1202 1072 1072 1073 1073 1202 1202 1073 1073 1074 1074 1202 1202 1202 1202 1074 1074 1203 1203 1203 1203 1074 1074 1204 1204 1074 1074 1075 1075 1204 1204 1204 1204 1075 1075 1205 1205 1076 1076 1077 1077 1205 1205 1205 1205 1077 1077 1206 1206 1077 1077 1078 1078 1206 1206 1206 1206 1078 1078 1207 1207 1078 1078 1079 1079 1207 1207 1079 1079 1080 1080 1207 1207 1207 1207 1080 1080 1208 1208 1080 1080 1081 1081 1208 1208 1081 1081 1083 1083 1208 1208 1208 1208 1083 1083 1210 1210 1083 1083 1084 1084 1210 1210 1210 1210 1084 1084 1213 1213 1084 1084 1085 1085 1213 1213 1213 1213 1085 1085 1216 1216 1085 1085 1087 1087 1216 1216 1216 1216 1087 1087 1218 1218 1087 1087 1089 1089 1218 1218 1218 1218 1089 1089 1220 1220 1089 1089 1092 1092 1220 1220 1220 1220 1092 1092 1222 1222 1092 1092 1093 1093 1222 1222 1222 1222 1093 1093 1223 1223 1093 1093 1094 1094 1223 1223 1094 1094 1224 1224 1223 1223 1223 1223 1224 1224 1225 1225 1225 1225 1224 1224 1226 1226 1227 1227 1226 1226 1228 1228 1226 1226 1224 1224 1228 1228 1228 1228 1224 1224 1229 1229 1229 1229 1224 1224 1230 1230 1224 1224 1094 1094 1230 1230 1230 1230 1094 1094 1231 1231 1094 1094 1095 1095 1231 1231 1231 1231 1095 1095 1232 1232 1095 1095 1096 1096 1232 1232 1232 1232 1096 1096 1233 1233 1096 1096 1097 1097 1233 1233 1097 1097 1098 1098 1234 1234 1234 1234 1098 1098 1235 1235 1098 1098 1099 1099 1235 1235 1235 1235 1099 1099 1236 1236 1099 1099 1100 1100 1236 1236 1100 1100 1101 1101 1236 1236 1236 1236 1101 1101 1237 1237 1101 1101 1102 1102 1237 1237 1102 1102 1103 1103 1237 1237 1104 1104 1105 1105 1238 1238 1105 1105 1106 1106 1238 1238 1106 1106 1107 1107 1238 1238 1107 1107 1108 1108 1238 1238 1108 1108 1109 1109 1238 1238 1109 1109 1110 1110 1238 1238 1238 1238 1110 1110 1239 1239 1110 1110 1111 1111 1239 1239 1111 1111 1113 1113 1239 1239 1239 1239 1113 1113 1240 1240 1113 1113 1116 1116 1240 1240 1116 1116 1117 1117 1240 1240 1117 1117 1118 1118 1240 1240 1118 1118 1119 1119 1240 1240 1119 1119 1241 1241 1240 1240 1240 1240 1241 1241 1242 1242 1242 1242 1241 1241 1244 1244 1244 1244 1241 1241 1245 1245 1241 1241 1119 1119 1245 1245 1119 1119 1121 1121 1245 1245 1246 1246 1120 1120 1247 1247 1120 1120 1123 1123 1247 1247 1123 1123 1124 1124 1247 1247 1248 1248 1125 1125 1249 1249 1125 1125 1126 1126 1249 1249 1126 1126 1127 1127 1249 1249 1249 1249 1127 1127 1250 1250 1127 1127 1128 1128 1250 1250 1250 1250 1128 1128 1251 1251 1128 1128 1129 1129 1251 1251 1251 1251 1129 1129 1252 1252 1253 1253 1252 1252 1254 1254 1252 1252 1129 1129 1254 1254 1129 1129 1130 1130 1254 1254 1254 1254 1130 1130 1255 1255 1255 1255 1130 1130 1256 1256 1130 1130 1131 1131 1256 1256 1131 1131 1132 1132 1256 1256 1256 1256 1132 1132 1257 1257 1257 1257 1132 1132 1258 1258 1132 1132 1133 1133 1258 1258 1258 1258 1133 1133 1259 1259 1133 1133 1134 1134 1259 1259 1259 1259 1134 1134 1260 1260 1134 1134 1135 1135 1260 1260 1260 1260 1135 1135 1261 1261 1261 1261 1135 1135 1262 1262 1135 1135 1136 1136 1262 1262 1136 1136 1137 1137 1262 1262 1138 1138 1141 1141 1263 1263 1263 1263 1141 1141 1264 1264 1142 1142 1143 1143 1265 1265 1265 1265 1143 1143 1267 1267 1267 1267 1143 1143 1269 1269 1269 1269 1143 1143 1270 1270 1143 1143 1144 1144 1270 1270 1272 1272 1145 1145 1274 1274 1146 1146 1147 1147 1273 1273 1148 1148 1149 1149 1275 1275 1275 1275 1149 1149 1276 1276 1276 1276 1149 1149 1277 1277 1149 1149 1150 1150 1277 1277 1150 1150 1151 1151 1277 1277 1277 1277 1151 1151 1278 1278 1151 1151 1152 1152 1278 1278 1152 1152 1153 1153 1278 1278 1153 1153 1155 1155 1278 1278 1278 1278 1155 1155 1279 1279 1155 1155 1156 1156 1279 1279 1279 1279 1156 1156 1280 1280 1156 1156 1157 1157 1280 1280 1157 1157 1158 1158 1280 1280 1280 1280 1158 1158 1281 1281 1158 1158 1159 1159 1281 1281 1281 1281 1159 1159 1284 1284 1159 1159 1160 1160 1284 1284 1285 1285 1284 1284 1286 1286 1284 1284 1160 1160 1286 1286 1286 1286 1160 1160 1287 1287 1160 1160 1161 1161 1287 1287 1287 1287 1161 1161 1288 1288 1161 1161 1162 1162 1289 1289 1162 1162 1163 1163 1289 1289 1163 1163 1164 1164 1289 1289 1289 1289 1164 1164 1291 1291 1164 1164 1165 1165 1291 1291 1291 1291 1165 1165 1292 1292 1293 1293 1292 1292 1294 1294 1292 1292 1165 1165 1294 1294 1165 1165 1166 1166 1294 1294 1294 1294 1166 1166 1295 1295 1166 1166 1167 1167 1295 1295 1167 1167 1168 1168 1295 1295 1295 1295 1168 1168 1296 1296 1296 1296 1168 1168 1297 1297 1168 1168 1169 1169 1297 1297 1297 1297 1169 1169 1298 1298 1169 1169 1170 1170 1298 1298 1298 1298 1170 1170 1299 1299 1170 1170 1171 1171 1299 1299 1171 1171 1172 1172 1299 1299 1300 1300 1299 1299 1301 1301 1299 1299 1172 1172 1301 1301 1301 1301 1172 1172 1302 1302 1172 1172 1173 1173 1302 1302 1302 1302 1173 1173 1303 1303 1173 1173 1174 1174 1303 1303 1303 1303 1174 1174 1304 1304 1174 1174 1175 1175 1304 1304 1304 1304 1175 1175 1305 1305 1175 1175 1176 1176 1305 1305 1305 1305 1176 1176 1306 1306 1176 1176 1177 1177 1306 1306 1307 1307 1306 1306 1308 1308 1306 1306 1177 1177 1308 1308 1177 1177 1179 1179 1308 1308 1179 1179 1180 1180 1308 1308 1308 1308 1180 1180 1309 1309 1180 1180 1181 1181 1309 1309 1309 1309 1181 1181 1310 1310 1310 1310 1181 1181 1311 1311 1182 1182 1183 1183 1312 1312 1183 1183 1184 1184 1312 1312 1312 1312 1184 1184 1314 1314 1184 1184 1185 1185 1314 1314 1314 1314 1185 1185 1315 1315 1185 1185 1186 1186 1315 1315 1315 1315 1186 1186 1316 1316 1186 1186 1187 1187 1316 1316 1187 1187 1188 1188 1316 1316 1317 1317 1316 1316 1318 1318 1316 1316 1188 1188 1318 1318 1318 1318 1188 1188 1319 1319 1188 1188 1189 1189 1319 1319 1319 1319 1189 1189 1320 1320 1189 1189 1190 1190 1320 1320 1320 1320 1190 1190 1321 1321 1190 1190 1191 1191 1321 1321 1321 1321 1191 1191 1322 1322 1191 1191 1192 1192 1322 1322 1322 1322 1192 1192 1323 1323 1192 1192 1193 1193 1323 1323 1323 1323 1193 1193 1324 1324 1193 1193 1195 1195 1324 1324 1324 1324 1194 1194 1325 1325 1194 1194 1196 1196 1325 1325 1325 1325 1196 1196 1326 1326 1196 1196 1198 1198 1326 1326 1198 1198 1200 1200 1326 1326 1326 1326 1200 1200 1327 1327 1200 1200 1201 1201 1327 1327 1327 1327 1201 1201 1328 1328 1201 1201 1202 1202 1328 1328 1202 1202 1203 1203 1328 1328 1328 1328 1203 1203 1329 1329 1329 1329 1203 1203 1331 1331 1203 1203 1204 1204 1331 1331 1331 1331 1204 1204 1334 1334 1204 1204 1205 1205 1334 1334 1334 1334 1205 1205 1336 1336 1205 1205 1206 1206 1336 1336 1206 1206 1207 1207 1336 1336 1207 1207 1208 1208 1336 1336 1208 1208 1209 1209 1336 1336 1336 1336 1209 1209 1337 1337 1209 1209 1211 1211 1337 1337 1338 1338 1212 1212 1339 1339 1212 1212 1214 1214 1339 1339 1339 1339 1214 1214 1340 1340 1215 1215 1217 1217 1341 1341 1341 1341 1217 1217 1342 1342 1217 1217 1219 1219 1342 1342 1342 1342 1219 1219 1343 1343 1219 1219 1221 1221 1343 1343 1343 1343 1221 1221 1344 1344 1222 1222 1223 1223 1344 1344 1223 1223 1225 1225 1344 1344 1225 1225 1226 1226 1344 1344 1344 1344 1226 1226 1345 1345 1226 1226 1227 1227 1347 1347 1347 1347 1227 1227 1349 1349 1227 1227 1228 1228 1349 1349 1349 1349 1228 1228 1350 1350 1350 1350 1228 1228 1351 1351 1228 1228 1229 1229 1351 1351 1352 1352 1353 1353 1354 1354 1353 1353 1351 1351 1354 1354 1351 1351 1229 1229 1354 1354 1354 1354 1229 1229 1355 1355 1355 1355 1229 1229 1356 1356 1229 1229 1230 1230 1356 1356 1356 1356 1230 1230 1358 1358 1230 1230 1231 1231 1358 1358 1231 1231 1232 1232 1358 1358 1358 1358 1232 1232 1361 1361 1232 1232 1233 1233 1361 1361 1361 1361 1233 1233 1363 1363 1233 1233 1235 1235 1363 1363 1363 1363 1235 1235 1364 1364 1235 1235 1236 1236 1364 1364 1236 1236 1237 1237 1364 1364 1364 1364 1237 1237 1365 1365 1238 1238 1239 1239 1367 1367 1239 1239 1240 1240 1367 1367 1240 1240 1242 1242 1367 1367 1369 1369 1367 1367 1370 1370 1367 1367 1242 1242 1370 1370 1370 1370 1242 1242 1371 1371 1242 1242 1244 1244 1371 1371 1373 1373 1243 1243 1375 1375 1375 1375 1243 1243 1377 1377 1243 1243 1246 1246 1377 1377 1377 1377 1246 1246 1378 1378 1246 1246 1247 1247 1378 1378 1248 1248 1249 1249 1379 1379 1379 1379 1249 1249 1380 1380 1249 1249 1250 1250 1380 1380 1380 1380 1250 1250 1381 1381 1250 1250 1251 1251 1381 1381 1381 1381 1251 1251 1382 1382 1251 1251 1252 1252 1382 1382 1252 1252 1253 1253 1382 1382 1382 1382 1253 1253 1383 1383 1383 1383 1253 1253 1384 1384 1253 1253 1254 1254 1384 1384 1254 1254 1255 1255 1384 1384 1384 1384 1255 1255 1385 1385 1255 1255 1256 1256 1385 1385 1385 1385 1256 1256 1386 1386 1386 1386 1256 1256 1387 1387 1256 1256 1257 1257 1387 1387 1257 1257 1258 1258 1387 1387 1387 1387 1258 1258 1388 1388 1258 1258 1259 1259 1388 1388 1388 1388 1259 1259 1389 1389 1259 1259 1260 1260 1389 1389 1389 1389 1260 1260 1390 1390 1260 1260 1261 1261 1390 1390 1390 1390 1261 1261 1391 1391 1391 1391 1261 1261 1392 1392 1261 1261 1262 1262 1392 1392 1263 1263 1264 1264 1393 1393 1264 1264 1266 1266 1393 1393 1393 1393 1266 1266 1395 1395 1266 1266 1268 1268 1395 1395 1395 1395 1268 1268 1397 1397 1268 1268 1271 1271 1397 1397 1272 1272 1274 1274 1396 1396 1399 1399 1398 1398 1400 1400 1398 1398 1275 1275 1400 1400 1275 1275 1276 1276 1400 1400 1400 1400 1276 1276 1401 1401 1276 1276 1277 1277 1401 1401 1401 1401 1277 1277 1402 1402 1277 1277 1278 1278 1402 1402 1402 1402 1278 1278 1403 1403 1278 1278 1279 1279 1403 1403 1403 1403 1279 1279 1404 1404 1279 1279 1280 1280 1404 1404 1280 1280 1281 1281 1404 1404 1281 1281 1282 1282 1404 1404 1283 1283 1285 1285 1404 1404 1404 1404 1285 1285 1405 1405 1405 1405 1285 1285 1406 1406 1285 1285 1286 1286 1406 1406 1286 1286 1287 1287 1406 1406 1287 1287 1288 1288 1406 1406 1406 1406 1288 1288 1407 1407 1288 1288 1290 1290 1407 1407 1407 1407 1290 1290 1408 1408 1290 1290 1292 1292 1408 1408 1408 1408 1292 1292 1409 1409 1292 1292 1293 1293 1409 1409 1409 1409 1293 1293 1410 1410 1410 1410 1293 1293 1411 1411 1293 1293 1294 1294 1411 1411 1294 1294 1295 1295 1411 1411 1295 1295 1296 1296 1411 1411 1411 1411 1296 1296 1412 1412 1296 1296 1297 1297 1412 1412 1412 1412 1297 1297 1413 1413 1297 1297 1298 1298 1413 1413 1413 1413 1298 1298 1414 1414 1298 1298 1299 1299 1414 1414 1299 1299 1300 1300 1414 1414 1414 1414 1300 1300 1415 1415 1415 1415 1300 1300 1416 1416 1300 1300 1301 1301 1416 1416 1416 1416 1301 1301 1417 1417 1417 1417 1301 1301 1418 1418 1418 1418 1301 1301 1419 1419 1301 1301 1302 1302 1419 1419 1302 1302 1303 1303 1419 1419 1419 1419 1303 1303 1420 1420 1303 1303 1304 1304 1420 1420 1420 1420 1304 1304 1421 1421 1304 1304 1305 1305 1421 1421 1421 1421 1305 1305 1422 1422 1305 1305 1306 1306 1422 1422 1422 1422 1306 1306 1423 1423 1423 1423 1306 1306 1424 1424 1306 1306 1307 1307 1424 1424 1307 1307 1425 1425 1424 1424 1424 1424 1425 1425 1426 1426 1426 1426 1425 1425 1427 1427 1425 1425 1307 1307 1427 1427 1307 1307 1308 1308 1427 1427 1308 1308 1309 1309 1427 1427 1309 1309 1310 1310 1427 1427 1427 1427 1310 1310 1428 1428 1428 1428 1310 1310 1429 1429 1310 1310 1311 1311 1429 1429 1429 1429 1311 1311 1430 1430 1311 1311 1313 1313 1430 1430 1313 1313 1315 1315 1430 1430 1430 1430 1315 1315 1431 1431 1315 1315 1316 1316 1431 1431 1316 1316 1317 1317 1431 1431 1317 1317 1318 1318 1431 1431 1431 1431 1318 1318 1432 1432 1432 1432 1318 1318 1433 1433 1318 1318 1319 1319 1433 1433 1433 1433 1319 1319 1434 1434 1319 1319 1320 1320 1434 1434 1434 1434 1320 1320 1435 1435 1320 1320 1321 1321 1435 1435 1435 1435 1321 1321 1436 1436 1321 1321 1322 1322 1436 1436 1436 1436 1322 1322 1437 1437 1437 1437 1322 1322 1438 1438 1438 1438 1322 1322 1439 1439 1322 1322 1323 1323 1439 1439 1323 1323 1324 1324 1439 1439 1439 1439 1324 1324 1440 1440 1440 1440 1324 1324 1441 1441 1441 1441 1324 1324 1442 1442 1324 1324 1325 1325 1442 1442 1442 1442 1325 1325 1443 1443 1443 1443 1325 1325 1444 1444 1325 1325 1326 1326 1444 1444 1444 1444 1326 1326 1445 1445 1445 1445 1326 1326 1446 1446 1326 1326 1327 1327 1446 1446 1446 1446 1327 1327 1447 1447 1327 1327 1328 1328 1447 1447 1328 1328 1329 1329 1447 1447 1447 1447 1329 1329 1449 1449 1329 1329 1331 1331 1449 1449 1330 1330 1332 1332 1448 1448 1333 1333 1335 1335 1449 1449 1449 1449 1335 1335 1450 1450 1335 1335 1338 1338 1450 1450 1450 1450 1338 1338 1451 1451 1338 1338 1339 1339 1451 1451 1451 1451 1339 1339 1452 1452 1339 1339 1341 1341 1452 1452 1452 1452 1341 1341 1453 1453 1453 1453 1341 1341 1454 1454 1341 1341 1342 1342 1454 1454 1454 1454 1342 1342 1455 1455 1342 1342 1343 1343 1455 1455 1455 1455 1343 1343 1456 1456 1456 1456 1343 1343 1458 1458 1343 1343 1344 1344 1458 1458 1344 1344 1345 1345 1458 1458 1346 1346 1348 1348 1457 1457 1458 1458 1349 1349 1459 1459 1349 1349 1350 1350 1459 1459 1460 1460 1459 1459 1461 1461 1459 1459 1350 1350 1461 1461 1461 1461 1350 1350 1462 1462 1350 1350 1351 1351 1462 1462 1351 1351 1353 1353 1462 1462 1353 1353 1352 1352 1462 1462 1462 1462 1352 1352 1463 1463 1352 1352 1354 1354 1463 1463 1463 1463 1354 1354 1464 1464 1464 1464 1354 1354 1465 1465 1354 1354 1355 1355 1465 1465 1465 1465 1355 1355 1467 1467 1355 1355 1356 1356 1467 1467 1356 1356 1358 1358 1467 1467 1357 1357 1359 1359 1466 1466 1360 1360 1362 1362 1468 1468 1468 1468 1362 1362 1469 1469 1363 1363 1364 1364 1470 1470 1364 1364 1366 1366 1470 1470 1366 1366 1368 1368 1470 1470 1470 1470 1368 1368 1472 1472 1369 1369 1370 1370 1471 1471 1370 1370 1371 1371 1471 1471 1372 1372 1374 1374 1473 1473 1473 1473 1374 1374 1475 1475 1475 1475 1374 1374 1477 1477 1374 1374 1376 1376 1477 1477 1477 1477 1376 1376 1478 1478 1376 1376 1379 1379 1478 1478 1379 1379 1380 1380 1478 1478 1380 1380 1381 1381 1479 1479 1479 1479 1381 1381 1480 1480 1381 1381 1382 1382 1480 1480 1480 1480 1382 1382 1481 1481 1481 1481 1382 1382 1482 1482 1483 1483 1482 1482 1484 1484 1482 1482 1382 1382 1484 1484 1382 1382 1383 1383 1484 1484 1485 1485 1484 1484 1486 1486 1484 1484 1383 1383 1486 1486 1486 1486 1383 1383 1487 1487 1383 1383 1384 1384 1487 1487 1384 1384 1385 1385 1487 1487 1487 1487 1385 1385 1488 1488 1385 1385 1386 1386 1488 1488 1488 1488 1386 1386 1489 1489 1489 1489 1386 1386 1490 1490 1490 1490 1386 1386 1491 1491 1386 1386 1387 1387 1491 1491 1387 1387 1388 1388 1491 1491 1491 1491 1388 1388 1492 1492 1388 1388 1389 1389 1492 1492 1492 1492 1389 1389 1493 1493 1389 1389 1390 1390 1493 1493 1493 1493 1390 1390 1494 1494 1390 1390 1391 1391 1494 1494 1494 1494 1391 1391 1495 1495 1391 1391 1392 1392 1495 1495 1392 1392 1394 1394 1495 1495 1495 1495 1394 1394 1496 1496 1496 1496 1394 1394 1497 1497 1394 1394 1398 1398 1497 1497 1497 1497 1398 1398 1498 1498 1398 1398 1399 1399 1498 1498 1498 1498 1399 1399 1499 1499 1399 1399 1400 1400 1499 1499 1400 1400 1401 1401 1499 1499 1499 1499 1401 1401 1500 1500 1500 1500 1401 1401 1501 1501 1401 1401 1402 1402 1501 1501 1501 1501 1402 1402 1502 1502 1502 1502 1402 1402 1503 1503 1402 1402 1403 1403 1503 1503 1403 1403 1404 1404 1503 1503 1404 1404 1405 1405 1503 1503 1503 1503 1405 1405 1504 1504 1405 1405 1406 1406 1504 1504 1504 1504 1406 1406 1505 1505 1406 1406 1407 1407 1505 1505 1505 1505 1407 1407 1506 1506 1407 1407 1408 1408 1506 1506 1408 1408 1409 1409 1506 1506 1506 1506 1409 1409 1507 1507 1409 1409 1410 1410 1507 1507 1507 1507 1410 1410 1508 1508 1508 1508 1410 1410 1509 1509 1410 1410 1411 1411 1509 1509 1411 1411 1412 1412 1509 1509 1509 1509 1412 1412 1510 1510 1412 1412 1413 1413 1510 1510 1510 1510 1413 1413 1511 1511 1413 1413 1414 1414 1511 1511 1414 1414 1415 1415 1511 1511 1512 1512 1511 1511 1513 1513 1511 1511 1415 1415 1513 1513 1513 1513 1415 1415 1514 1514 1415 1415 1416 1416 1514 1514 1514 1514 1416 1416 1515 1515 1515 1515 1416 1416 1516 1516 1416 1416 1417 1417 1516 1516 1516 1516 1417 1417 1517 1517 1517 1517 1417 1417 1518 1518 1417 1417 1418 1418 1518 1518 1418 1418 1419 1419 1518 1518 1518 1518 1419 1419 1519 1519 1419 1419 1420 1420 1519 1519 1519 1519 1420 1420 1520 1520 1520 1520 1420 1420 1521 1521 1420 1420 1421 1421 1521 1521 1521 1521 1421 1421 1522 1522 1522 1522 1421 1421 1523 1523 1421 1421 1422 1422 1523 1523 1523 1523 1422 1422 1524 1524 1422 1422 1423 1423 1524 1524 1524 1524 1423 1423 1525 1525 1423 1423 1424 1424 1525 1525 1526 1526 1525 1525 1527 1527 1525 1525 1424 1424 1527 1527 1424 1424 1426 1426 1527 1527 1527 1527 1426 1426 1528 1528 1426 1426 1427 1427 1528 1528 1427 1427 1428 1428 1528 1528 1428 1428 1429 1429 1528 1528 1528 1528 1429 1429 1529 1529 1529 1529 1429 1429 1530 1530 1429 1429 1430 1430 1530 1530 1430 1430 1431 1431 1530 1530 1530 1530 1431 1431 1531 1531 1531 1531 1431 1431 1532 1532 1431 1431 1432 1432 1532 1532 1532 1532 1432 1432 1533 1533 1432 1432 1433 1433 1533 1533 1433 1433 1434 1434 1533 1533 1533 1533 1434 1434 1534 1534 1434 1434 1435 1435 1534 1534 1534 1534 1435 1435 1536 1536 1435 1435 1436 1436 1536 1536 1436 1436 1437 1437 1536 1536 1536 1536 1437 1437 1537 1537 1437 1437 1438 1438 1537 1537 1537 1537 1438 1438 1538 1538 1438 1438 1439 1439 1538 1538 1439 1439 1440 1440 1538 1538 1440 1440 1441 1441 1538 1538 1538 1538 1441 1441 1539 1539 1441 1441 1442 1442 1539 1539 1539 1539 1442 1442 1541 1541 1442 1442 1443 1443 1541 1541 1443 1443 1444 1444 1541 1541 1444 1444 1445 1445 1541 1541 1445 1445 1446 1446 1541 1541 1541 1541 1446 1446 1542 1542 1446 1446 1447 1447 1542 1542 1542 1542 1447 1447 1543 1543 1447 1447 1449 1449 1543 1543 1449 1449 1450 1450 1543 1543 1543 1543 1450 1450 1544 1544 1544 1544 1450 1450 1545 1545 1450 1450 1451 1451 1545 1545 1545 1545 1451 1451 1546 1546 1451 1451 1452 1452 1546 1546 1546 1546 1452 1452 1547 1547 1452 1452 1453 1453 1547 1547 1547 1547 1453 1453 1549 1549 1453 1453 1454 1454 1549 1549 1549 1549 1454 1454 1550 1550 1454 1454 1455 1455 1550 1550 1550 1550 1455 1455 1551 1551 1455 1455 1456 1456 1551 1551 1551 1551 1456 1456 1552 1552 1456 1456 1458 1458 1552 1552 1458 1458 1459 1459 1552 1552 1459 1459 1460 1460 1552 1552 1552 1552 1460 1460 1553 1553 1553 1553 1460 1460 1556 1556 1557 1557 1556 1556 1558 1558 1556 1556 1460 1460 1558 1558 1558 1558 1460 1460 1559 1559 1460 1460 1461 1461 1559 1559 1559 1559 1461 1461 1560 1560 1461 1461 1462 1462 1560 1560 1560 1560 1462 1462 1561 1561 1462 1462 1463 1463 1561 1561 1561 1561 1463 1463 1562 1562 1463 1463 1464 1464 1562 1562 1562 1562 1464 1464 1563 1563 1464 1464 1465 1465 1563 1563 1465 1465 1467 1467 1563 1563 1467 1467 1470 1470 1563 1563 1470 1470 1472 1472 1563 1563 1472 1472 1474 1474 1563 1563 1563 1563 1474 1474 1565 1565 1475 1475 1477 1477 1564 1564 1566 1566 1565 1565 1567 1567 1567 1567 1565 1565 1569 1569 1565 1565 1476 1476 1569 1569 1477 1477 1478 1478 1568 1568 1479 1479 1480 1480 1569 1569 1480 1480 1481 1481 1569 1569 1569 1569 1481 1481 1570 1570 1570 1570 1481 1481 1571 1571 1571 1571 1481 1481 1572 1572 1481 1481 1482 1482 1572 1572 1482 1482 1483 1483 1572 1572 1572 1572 1483 1483 1573 1573 1483 1483 1484 1484 1573 1573 1484 1484 1485 1485 1573 1573 1573 1573 1485 1485 1574 1574 1574 1574 1485 1485 1575 1575 1485 1485 1486 1486 1575 1575 1575 1575 1486 1486 1576 1576 1486 1486 1487 1487 1576 1576 1487 1487 1488 1488 1576 1576 1488 1488 1489 1489 1576 1576 1576 1576 1489 1489 1577 1577 1489 1489 1490 1490 1577 1577 1577 1577 1490 1490 1578 1578 1490 1490 1491 1491 1578 1578 1491 1491 1492 1492 1578 1578 1578 1578 1492 1492 1579 1579 1492 1492 1493 1493 1579 1579 1579 1579 1493 1493 1580 1580 1493 1493 1494 1494 1580 1580 1494 1494 1495 1495 1580 1580 1495 1495 1496 1496 1580 1580 1580 1580 1496 1496 1581 1581 1496 1496 1497 1497 1581 1581 1582 1582 1581 1581 1583 1583 1581 1581 1497 1497 1583 1583 1583 1583 1497 1497 1584 1584 1497 1497 1498 1498 1584 1584 1498 1498 1499 1499 1584 1584 1584 1584 1499 1499 1585 1585 1499 1499 1500 1500 1585 1585 1586 1586 1585 1585 1587 1587 1585 1585 1500 1500 1587 1587 1587 1587 1500 1500 1588 1588 1500 1500 1501 1501 1588 1588 1501 1501 1502 1502 1588 1588 1588 1588 1502 1502 1589 1589 1589 1589 1502 1502 1590 1590 1502 1502 1503 1503 1590 1590 1590 1590 1503 1503 1591 1591 1503 1503 1504 1504 1591 1591 1504 1504 1505 1505 1591 1591 1591 1591 1505 1505 1592 1592 1505 1505 1506 1506 1592 1592 1506 1506 1507 1507 1592 1592 1592 1592 1507 1507 1593 1593 1507 1507 1508 1508 1593 1593 1593 1593 1508 1508 1594 1594 1594 1594 1508 1508 1595 1595 1508 1508 1509 1509 1595 1595 1509 1509 1510 1510 1595 1595 1595 1595 1510 1510 1596 1596 1596 1596 1510 1510 1597 1597 1510 1510 1511 1511 1597 1597 1597 1597 1511 1511 1598 1598 1511 1511 1512 1512 1598 1598 1598 1598 1512 1512 1599 1599 1512 1512 1513 1513 1599 1599 1599 1599 1513 1513 1600 1600 1513 1513 1514 1514 1600 1600 1514 1514 1515 1515 1600 1600 1600 1600 1515 1515 1601 1601 1601 1601 1515 1515 1602 1602 1515 1515 1516 1516 1602 1602 1516 1516 1517 1517 1602 1602 1517 1517 1518 1518 1602 1602 1602 1602 1518 1518 1603 1603 1518 1518 1519 1519 1603 1603 1603 1603 1519 1519 1604 1604 1519 1519 1520 1520 1604 1604 1520 1520 1521 1521 1604 1604 1604 1604 1521 1521 1605 1605 1521 1521 1522 1522 1605 1605 1522 1522 1523 1523 1605 1605 1605 1605 1523 1523 1607 1607 1523 1523 1524 1524 1606 1606 1607 1607 1524 1524 1608 1608 1524 1524 1525 1525 1608 1608 1525 1525 1526 1526 1608 1608 1608 1608 1526 1526 1609 1609 1610 1610 1609 1609 1612 1612 1612 1612 1609 1609 1614 1614 1609 1609 1526 1526 1614 1614 1526 1526 1527 1527 1614 1614 1527 1527 1528 1528 1614 1614 1528 1528 1529 1529 1614 1614 1614 1614 1529 1529 1616 1616 1529 1529 1530 1530 1616 1616 1616 1616 1530 1530 1618 1618 1530 1530 1531 1531 1618 1618 1531 1531 1532 1532 1618 1618 1618 1618 1532 1532 1619 1619 1532 1532 1533 1533 1619 1619 1620 1620 1533 1533 1621 1621 1533 1533 1534 1534 1621 1621 1534 1534 1536 1536 1621 1621 1621 1621 1535 1535 1622 1622 1536 1536 1537 1537 1623 1623 1537 1537 1538 1538 1623 1623 1623 1623 1538 1538 1625 1625 1538 1538 1539 1539 1625 1625 1625 1625 1539 1539 1626 1626 1539 1539 1541 1541 1626 1626 1627 1627 1540 1540 1629 1629 1541 1541 1542 1542 1628 1628 1542 1542 1543 1543 1628 1628 1629 1629 1543 1543 1630 1630 1543 1543 1544 1544 1630 1630 1544 1544 1545 1545 1630 1630 1630 1630 1545 1545 1631 1631 1545 1545 1546 1546 1631 1631 1632 1632 1546 1546 1633 1633 1546 1546 1547 1547 1633 1633 1547 1547 1549 1549 1633 1633 1633 1633 1548 1548 1634 1634 1549 1549 1550 1550 1635 1635 1550 1550 1551 1551 1635 1635 1635 1635 1551 1551 1636 1636 1551 1551 1552 1552 1636 1636 1637 1637 1552 1552 1638 1638 1552 1552 1553 1553 1638 1638 1553 1553 1556 1556 1638 1638 1638 1638 1554 1554 1639 1639 1640 1640 1555 1555 1641 1641 1641 1641 1555 1555 1642 1642 1642 1642 1555 1555 1643 1643 1555 1555 1557 1557 1643 1643 1643 1643 1557 1557 1644 1644 1557 1557 1558 1558 1644 1644 1558 1558 1559 1559 1644 1644 1644 1644 1559 1559 1645 1645 1559 1559 1560 1560 1645 1645 1645 1645 1560 1560 1646 1646 1560 1560 1561 1561 1646 1646 1646 1646 1561 1561 1647 1647 1561 1561 1562 1562 1647 1647 1647 1647 1562 1562 1648 1648 1562 1562 1563 1563 1648 1648 1563 1563 1565 1565 1648 1648 1565 1565 1566 1566 1648 1648 1648 1648 1566 1566 1649 1649 1566 1566 1567 1567 1649 1649 1649 1649 1567 1567 1650 1650 1567 1567 1569 1569 1650 1650 1569 1569 1570 1570 1650 1650 1650 1650 1570 1570 1651 1651 1570 1570 1571 1571 1651 1651 1651 1651 1571 1571 1652 1652 1652 1652 1571 1571 1653 1653 1654 1654 1653 1653 1655 1655 1655 1655 1653 1653 1656 1656 1653 1653 1571 1571 1656 1656 1571 1571 1572 1572 1656 1656 1572 1572 1573 1573 1656 1656 1656 1656 1573 1573 1657 1657 1573 1573 1574 1574 1657 1657 1657 1657 1574 1574 1658 1658 1658 1658 1574 1574 1659 1659 1659 1659 1574 1574 1660 1660 1574 1574 1575 1575 1660 1660 1660 1660 1575 1575 1661 1661 1575 1575 1576 1576 1661 1661 1576 1576 1577 1577 1661 1661 1661 1661 1577 1577 1662 1662 1577 1577 1578 1578 1662 1662 1578 1578 1579 1579 1662 1662 1662 1662 1579 1579 1663 1663 1579 1579 1580 1580 1663 1663 1663 1663 1580 1580 1664 1664 1580 1580 1581 1581 1664 1664 1664 1664 1581 1581 1665 1665 1581 1581 1582 1582 1665 1665 1665 1665 1582 1582 1666 1666 1666 1666 1582 1582 1667 1667 1582 1582 1583 1583 1667 1667 1583 1583 1584 1584 1667 1667 1584 1584 1585 1585 1667 1667 1585 1585 1586 1586 1667 1667 1668 1668 1667 1667 1669 1669 1669 1669 1667 1667 1670 1670 1667 1667 1586 1586 1670 1670 1670 1670 1586 1586 1671 1671 1671 1671 1586 1586 1672 1672 1586 1586 1587 1587 1672 1672 1587 1587 1588 1588 1672 1672 1588 1588 1589 1589 1672 1672 1673 1673 1672 1672 1674 1674 1672 1672 1589 1589 1674 1674 1589 1589 1590 1590 1674 1674 1590 1590 1591 1591 1674 1674 1674 1674 1591 1591 1675 1675 1591 1591 1592 1592 1675 1675 1592 1592 1593 1593 1675 1675 1593 1593 1594 1594 1675 1675 1675 1675 1594 1594 1676 1676 1594 1594 1595 1595 1676 1676 1676 1676 1595 1595 1677 1677 1595 1595 1596 1596 1677 1677 1677 1677 1596 1596 1678 1678 1678 1678 1596 1596 1679 1679 1679 1679 1596 1596 1680 1680 1596 1596 1597 1597 1680 1680 1680 1680 1597 1597 1681 1681 1597 1597 1598 1598 1681 1681 1598 1598 1599 1599 1681 1681 1681 1681 1599 1599 1682 1682 1599 1599 1600 1600 1682 1682 1600 1600 1601 1601 1682 1682 1683 1683 1682 1682 1684 1684 1682 1682 1601 1601 1684 1684 1684 1684 1601 1601 1685 1685 1601 1601 1602 1602 1685 1685 1685 1685 1602 1602 1686 1686 1602 1602 1603 1603 1686 1686 1686 1686 1603 1603 1687 1687 1603 1603 1604 1604 1687 1687 1687 1687 1604 1604 1688 1688 1604 1604 1605 1605 1688 1688 1688 1688 1605 1605 1689 1689 1605 1605 1607 1607 1689 1689 1689 1689 1607 1607 1690 1690 1607 1607 1608 1608 1690 1690 1608 1608 1609 1609 1690 1690 1609 1609 1610 1610 1690 1690 1690 1690 1610 1610 1691 1691 1692 1692 1691 1691 1693 1693 1691 1691 1610 1610 1693 1693 1610 1610 1612 1612 1693 1693 1693 1693 1612 1612 1694 1694 1611 1611 1613 1613 1695 1695 1613 1613 1615 1615 1695 1695 1615 1615 1617 1617 1695 1695 1695 1695 1617 1617 1697 1697 1617 1617 1620 1620 1697 1697 1697 1697 1620 1620 1699 1699 1620 1620 1621 1621 1699 1699 1699 1699 1621 1621 1701 1701 1621 1621 1622 1622 1701 1701 1701 1701 1622 1622 1703 1703 1622 1622 1624 1624 1703 1703 1703 1703 1624 1624 1705 1705 1624 1624 1627 1627 1705 1705 1705 1705 1627 1627 1707 1707 1627 1627 1629 1629 1707 1707 1707 1707 1629 1629 1709 1709 1629 1629 1630 1630 1709 1709 1709 1709 1630 1630 1711 1711 1630 1630 1632 1632 1711 1711 1711 1711 1632 1632 1713 1713 1632 1632 1633 1633 1713 1713 1713 1713 1633 1633 1715 1715 1633 1633 1634 1634 1715 1715 1715 1715 1634 1634 1717 1717 1634 1634 1637 1637 1717 1717 1717 1717 1637 1637 1719 1719 1637 1637 1638 1638 1719 1719 1719 1719 1638 1638 1721 1721 1638 1638 1639 1639 1721 1721 1721 1721 1639 1639 1723 1723 1723 1723 1639 1639 1724 1724 1640 1640 1641 1641 1725 1725 1726 1726 1725 1725 1727 1727 1727 1727 1725 1725 1728 1728 1725 1725 1641 1641 1728 1728 1641 1641 1642 1642 1728 1728 1729 1729 1728 1728 1730 1730 1730 1730 1728 1728 1731 1731 1731 1731 1728 1728 1732 1732 1728 1728 1642 1642 1732 1732 1732 1732 1642 1642 1733 1733 1642 1642 1643 1643 1733 1733 1643 1643 1644 1644 1733 1733 1733 1733 1644 1644 1734 1734 1644 1644 1645 1645 1734 1734 1734 1734 1645 1645 1735 1735 1645 1645 1646 1646 1735 1735 1736 1736 1735 1735 1737 1737 1735 1735 1646 1646 1737 1737 1646 1646 1647 1647 1737 1737 1647 1647 1648 1648 1737 1737 1648 1648 1649 1649 1737 1737 1737 1737 1649 1649 1738 1738 1738 1738 1649 1649 1739 1739 1649 1649 1650 1650 1739 1739 1650 1650 1651 1651 1739 1739 1739 1739 1651 1651 1740 1740 1651 1651 1652 1652 1740 1740 1740 1740 1652 1652 1741 1741 1652 1652 1653 1653 1741 1741 1653 1653 1654 1654 1741 1741 1741 1741 1654 1654 1742 1742 1654 1654 1743 1743 1742 1742 1742 1742 1743 1743 2 2 2 2 1743 1743 1744 1744 1744 1744 1743 1743 1745 1745 1743 1743 1654 1654 1745 1745 1654 1654 1655 1655 1745 1745 1745 1745 1655 1655 1746 1746 1746 1746 1655 1655 1747 1747 1655 1655 1656 1656 1747 1747 1656 1656 1657 1657 1747 1747 1657 1657 1658 1658 1747 1747 1658 1658 1659 1659 1747 1747 1747 1747 1659 1659 1748 1748 1748 1748 1659 1659 1749 1749 1659 1659 1660 1660 1749 1749 1749 1749 1660 1660 1750 1750 1660 1660 1661 1661 1750 1750 1661 1661 1662 1662 1750 1750 1750 1750 1662 1662 1751 1751 1662 1662 1663 1663 1751 1751 1751 1751 1663 1663 1752 1752 1663 1663 1664 1664 1752 1752 1752 1752 1664 1664 1753 1753 1664 1664 1665 1665 1753 1753 1665 1665 1666 1666 1753 1753 1754 1754 1753 1753 1755 1755 1753 1753 1666 1666 1755 1755 1755 1755 1666 1666 1756 1756 1756 1756 1666 1666 1757 1757 1666 1666 1667 1667 1757 1757 1667 1667 1668 1668 1757 1757 1757 1757 1668 1668 1758 1758 1758 1758 1668 1668 1759 1759 1668 1668 1669 1669 1759 1759 1759 1759 1669 1669 1760 1760 1669 1669 1670 1670 1760 1760 1670 1670 1671 1671 1760 1760 1671 1671 1672 1672 1760 1760 1672 1672 1673 1673 1760 1760 1760 1760 1673 1673 1762 1762 1762 1762 1673 1673 1765 1765 1673 1673 1674 1674 1765 1765 1765 1765 1674 1674 1767 1767 1674 1674 1675 1675 1767 1767 1675 1675 1676 1676 1767 1767 1767 1767 1676 1676 1768 1768 1676 1676 1677 1677 1769 1769 1677 1677 1678 1678 1769 1769 1769 1769 1678 1678 1770 1770 1678 1678 1679 1679 1770 1770 1679 1679 1680 1680 1770 1770 1770 1770 1680 1680 1772 1772 1680 1680 1681 1681 1772 1772 1681 1681 1682 1682 1772 1772 1682 1682 1683 1683 1772 1772 1772 1772 1683 1683 1773 1773 1773 1773 1683 1683 1774 1774 1683 1683 1684 1684 1774 1774 1774 1774 1684 1684 1775 1775 1684 1684 1685 1685 1775 1775 1775 1775 1685 1685 1776 1776 1685 1685 1686 1686 1776 1776 1776 1776 1686 1686 1777 1777 1686 1686 1687 1687 1777 1777 1777 1777 1687 1687 1778 1778 1687 1687 1688 1688 1778 1778 1778 1778 1688 1688 1779 1779 1688 1688 1689 1689 1779 1779 1779 1779 1689 1689 1780 1780 1689 1689 1690 1690 1780 1780 1690 1690 1691 1691 1780 1780 1780 1780 1691 1691 1781 1781 1691 1691 1692 1692 1781 1781 1781 1781 1692 1692 1782 1782 1782 1782 1692 1692 1783 1783 1692 1692 1693 1693 1783 1783 1693 1693 1694 1694 1783 1783 1694 1694 1696 1696 1783 1783 1783 1783 1696 1696 1784 1784 1696 1696 1698 1698 1784 1784 1784 1784 1698 1698 1785 1785 1698 1698 1700 1700 1785 1785 1785 1785 1700 1700 1786 1786 1700 1700 1702 1702 1786 1786 1786 1786 1702 1702 1787 1787 1702 1702 1704 1704 1787 1787 1787 1787 1704 1704 1788 1788 1704 1704 1706 1706 1788 1788 1788 1788 1706 1706 1789 1789 1706 1706 1708 1708 1789 1789 1789 1789 1708 1708 1790 1790 1708 1708 1710 1710 1790 1790 1790 1790 1710 1710 1791 1791 1710 1710 1712 1712 1791 1791 1791 1791 1712 1712 1792 1792 1712 1712 1714 1714 1792 1792 1792 1792 1714 1714 1793 1793 1714 1714 1716 1716 1793 1793 1793 1793 1716 1716 1794 1794 1716 1716 1718 1718 1794 1794 1794 1794 1718 1718 1795 1795 1718 1718 1720 1720 1795 1795 1795 1795 1720 1720 1796 1796 1720 1720 1722 1722 1796 1796 1796 1796 1722 1722 1797 1797 1797 1797 1722 1722 1798 1798 1723 1723 1724 1724 1799 1799 1801 1801 1799 1799 1802 1802 1799 1799 1724 1724 1802 1802 1725 1725 1726 1726 1803 1803 1803 1803 1726 1726 1804 1804 1806 1806 1807 1807 1808 1808 1807 1807 1805 1805 1808 1808 1808 1808 1805 1805 1809 1809 1809 1809 1804 1804 1810 1810 1804 1804 1726 1726 1810 1810 1726 1726 1727 1727 1810 1810 1810 1810 1727 1727 1811 1811 1727 1727 1728 1728 1811 1811 1728 1728 1729 1729 1811 1811 1811 1811 1729 1729 1812 1812 1729 1729 1730 1730 1812 1812 1730 1730 1731 1731 1812 1812 1731 1731 1732 1732 1812 1812 1732 1732 1733 1733 1812 1812 1812 1812 1733 1733 1813 1813 1733 1733 1734 1734 1813 1813 1813 1813 1734 1734 1814 1814 1734 1734 1735 1735 1814 1814 1735 1735 1736 1736 1814 1814 1814 1814 1736 1736 1815 1815 1816 1816 1815 1815 1817 1817 1815 1815 1736 1736 1817 1817 1736 1736 1737 1737 1817 1817 1737 1737 1738 1738 1817 1817 1817 1817 1738 1738 1818 1818 1738 1738 1739 1739 1818 1818 1739 1739 1740 1740 1818 1818 1818 1818 1740 1740 1819 1819 1740 1740 1741 1741 1819 1819 1741 1741 1742 1742 1819 1819 1819 1819 1742 1742 1820 1820 1742 1742 2 2 1820 1820 2 2 1 1 1820 1820 1820 1820 1 1 1821 1821 1821 1821 1 1 1822 1822 1 1 0 0 1822 1822 1822 1822 0 0 1823 1823 1824 1824 1823 1823 1825 1825 1823 1823 0 0 1825 1825 1825 1825 0 0 1826 1826 0 0 2 2 1826 1826 2 2 1744 1744 1826 1826 1827 1827 1826 1826 1828 1828 1826 1826 1744 1744 1828 1828 1828 1828 1744 1744 1829 1829 1744 1744 1745 1745 1829 1829 1745 1745 1746 1746 1829 1829 1829 1829 1746 1746 1830 1830 1746 1746 1747 1747 1830 1830 1747 1747 1748 1748 1830 1830 1830 1830 1748 1748 1831 1831 1748 1748 1749 1749 1831 1831 1749 1749 1750 1750 1831 1831 1750 1750 1751 1751 1831 1831 1831 1831 1751 1751 1832 1832 1751 1751 1752 1752 1832 1832 1832 1832 1752 1752 1833 1833 1752 1752 1753 1753 1833 1833 1753 1753 1754 1754 1833 1833 1833 1833 1754 1754 1834 1834 1754 1754 1755 1755 1834 1834 1834 1834 1755 1755 1835 1835 1755 1755 1756 1756 1835 1835 1835 1835 1756 1756 1836 1836 1756 1756 1757 1757 1836 1836 1757 1757 1758 1758 1836 1836 1836 1836 1758 1758 1837 1837 1758 1758 1759 1759 1837 1837 1837 1837 1759 1759 1838 1838 1759 1759 1760 1760 1838 1838 1760 1760 1762 1762 1838 1838 1839 1839 1761 1761 1840 1840 1761 1761 1763 1763 1840 1840 1840 1840 1763 1763 1841 1841 1841 1841 1764 1764 1842 1842 1764 1764 1766 1766 1842 1842 1842 1842 1766 1766 1843 1843 1766 1766 1769 1769 1843 1843 1843 1843 1769 1769 1844 1844 1769 1769 1770 1770 1844 1844 1844 1844 1770 1770 1845 1845 1770 1770 1771 1771 1845 1845 1845 1845 1772 1772 1846 1846 1772 1772 1773 1773 1846 1846 1846 1846 1773 1773 1847 1847 1847 1847 1773 1773 1848 1848 1773 1773 1774 1774 1848 1848 1848 1848 1774 1774 1849 1849 1774 1774 1775 1775 1849 1849 1849 1849 1775 1775 1850 1850 1775 1775 1776 1776 1850 1850 1850 1850 1776 1776 1851 1851 1776 1776 1777 1777 1851 1851 1851 1851 1777 1777 1852 1852 1777 1777 1778 1778 1852 1852 1852 1852 1778 1778 1853 1853 1778 1778 1779 1779 1853 1853 1853 1853 1779 1779 1854 1854 1779 1779 1780 1780 1854 1854 1854 1854 1780 1780 1855 1855 1780 1780 1781 1781 1855 1855 1855 1855 1781 1781 1856 1856 1781 1781 1782 1782 1856 1856 1856 1856 1782 1782 1857 1857 1857 1857 1782 1782 1858 1858 1782 1782 1783 1783 1858 1858 1783 1783 1784 1784 1858 1858 1858 1858 1784 1784 1859 1859 1784 1784 1785 1785 1859 1859 1859 1859 1785 1785 1860 1860 1785 1785 1786 1786 1860 1860 1860 1860 1786 1786 1861 1861 1786 1786 1787 1787 1861 1861 1861 1861 1787 1787 1862 1862 1787 1787 1788 1788 1862 1862 1862 1862 1788 1788 1863 1863 1788 1788 1789 1789 1863 1863 1863 1863 1789 1789 1864 1864 1789 1789 1790 1790 1864 1864 1864 1864 1790 1790 1865 1865 1790 1790 1791 1791 1865 1865 1865 1865 1791 1791 1866 1866 1791 1791 1792 1792 1866 1866 1866 1866 1792 1792 1867 1867 1792 1792 1793 1793 1867 1867 1867 1867 1793 1793 1868 1868 1793 1793 1794 1794 1868 1868 1868 1868 1794 1794 1869 1869 1794 1794 1795 1795 1869 1869 1869 1869 1795 1795 1870 1870 1795 1795 1796 1796 1870 1870 1870 1870 1796 1796 1871 1871 1796 1796 1797 1797 1871 1871 1871 1871 1797 1797 1872 1872 1872 1872 1797 1797 1873 1873 1797 1797 1798 1798 1873 1873 1798 1798 1800 1800 1873 1873 1873 1873 1800 1800 1874 1874 1874 1874 1800 1800 1875 1875 1876 1876 1801 1801 1877 1877 1801 1801 1802 1802 1877 1877 1802 1802 1805 1805 1877 1877 1805 1805 1807 1807 1877 1877 1877 1877 1807 1807 1878 1878 1807 1807 1806 1806 1878 1878 1806 1806 1879 1879 1878 1878 1880 1880 1878 1878 1881 1881 1878 1878 1879 1879 1881 1881 1882 1882 1881 1881 1883 1883 1881 1881 1879 1879 1883 1883 1883 1883 1879 1879 1884 1884 1879 1879 1806 1806 1884 1884 1806 1806 1808 1808 1884 1884 1884 1884 1808 1808 1885 1885 1808 1808 1809 1809 1885 1885 1885 1885 1809 1809 1886 1886 1886 1886 1809 1809 1887 1887 1809 1809 1810 1810 1887 1887 1810 1810 1811 1811 1887 1887 1811 1811 1812 1812 1887 1887 1887 1887 1812 1812 1888 1888 1812 1812 1813 1813 1888 1888 1888 1888 1813 1813 1889 1889 1813 1813 1814 1814 1889 1889 1889 1889 1814 1814 1890 1890 1814 1814 1815 1815 1890 1890 1891 1891 1890 1890 1892 1892 1890 1890 1815 1815 1892 1892 1815 1815 1816 1816 1892 1892 1892 1892 1816 1816 1893 1893 1816 1816 1817 1817 1893 1893 1817 1817 1818 1818 1893 1893 1818 1818 1819 1819 1893 1893 1819 1819 1820 1820 1893 1893 1820 1820 1821 1821 1893 1893 1893 1893 1821 1821 1894 1894 1894 1894 1821 1821 1895 1895 1821 1821 1822 1822 1895 1895 1895 1895 1822 1822 1896 1896 1822 1822 1823 1823 1896 1896 1896 1896 1823 1823 1897 1897 1823 1823 1824 1824 1897 1897 1897 1897 1824 1824 1898 1898 1898 1898 1899 1899 1900 1900 1900 1900 1899 1899 1901 1901 1901 1901 1899 1899 1902 1902 1899 1899 1898 1898 1902 1902 1902 1902 1898 1898 1903 1903 1898 1898 1824 1824 1903 1903 1903 1903 1824 1824 1904 1904 1904 1904 1824 1824 1905 1905 1824 1824 1825 1825 1905 1905 1825 1825 1826 1826 1905 1905 1826 1826 1827 1827 1905 1905 1905 1905 1827 1827 1906 1906 1827 1827 1828 1828 1906 1906 1906 1906 1828 1828 1907 1907 1828 1828 1829 1829 1907 1907 1829 1829 1830 1830 1907 1907 1830 1830 1831 1831 1907 1907 1831 1831 1832 1832 1907 1907 1907 1907 1832 1832 1908 1908 1908 1908 1832 1832 1909 1909 1832 1832 1833 1833 1909 1909 1833 1833 1834 1834 1909 1909 1909 1909 1834 1834 1910 1910 1910 1910 1834 1834 1911 1911 1834 1834 1835 1835 1911 1911 1835 1835 1836 1836 1911 1911 1836 1836 1837 1837 1911 1911 1912 1912 1837 1837 1913 1913 1913 1913 1837 1837 1914 1914 1837 1837 1838 1838 1914 1914 1914 1914 1839 1839 1915 1915 1839 1839 1840 1840 1915 1915 1915 1915 1840 1840 1917 1917 1840 1840 1841 1841 1917 1917 1917 1917 1841 1841 1919 1919 1841 1841 1842 1842 1919 1919 1842 1842 1843 1843 1919 1919 1843 1843 1844 1844 1919 1919 1919 1919 1844 1844 1921 1921 1844 1844 1845 1845 1921 1921 1845 1845 1846 1846 1921 1921 1846 1846 1847 1847 1921 1921 1921 1921 1847 1847 1923 1923 1847 1847 1848 1848 1923 1923 1848 1848 1849 1849 1923 1923 1923 1923 1849 1849 1925 1925 1849 1849 1850 1850 1925 1925 1850 1850 1851 1851 1925 1925 1851 1851 1852 1852 1925 1925 1925 1925 1852 1852 1927 1927 1852 1852 1853 1853 1927 1927 1853 1853 1854 1854 1927 1927 1927 1927 1854 1854 1929 1929 1854 1854 1855 1855 1929 1929 1855 1855 1856 1856 1929 1929 1929 1929 1856 1856 1932 1932 1856 1856 1857 1857 1932 1932 1932 1932 1857 1857 1934 1934 1857 1857 1858 1858 1934 1934 1858 1858 1859 1859 1934 1934 1934 1934 1859 1859 1936 1936 1859 1859 1860 1860 1936 1936 1860 1860 1861 1861 1936 1936 1936 1936 1861 1861 1938 1938 1861 1861 1862 1862 1938 1938 1938 1938 1862 1862 1940 1940 1862 1862 1863 1863 1940 1940 1863 1863 1864 1864 1940 1940 1940 1940 1864 1864 1942 1942 1864 1864 1865 1865 1942 1942 1942 1942 1865 1865 1944 1944 1865 1865 1866 1866 1944 1944 1866 1866 1867 1867 1944 1944 1944 1944 1867 1867 1946 1946 1867 1867 1868 1868 1946 1946 1946 1946 1868 1868 1948 1948 1868 1868 1869 1869 1948 1948 1869 1869 1870 1870 1948 1948 1948 1948 1870 1870 1950 1950 1870 1870 1871 1871 1950 1950 1950 1950 1871 1871 1952 1952 1871 1871 1872 1872 1952 1952 1952 1952 1872 1872 1953 1953 1872 1872 1873 1873 1953 1953 1873 1873 1874 1874 1953 1953 1953 1953 1874 1874 1954 1954 1954 1954 1874 1874 1955 1955 1874 1874 1875 1875 1955 1955 1956 1956 1955 1955 1957 1957 1955 1955 1875 1875 1957 1957 1958 1958 1876 1876 1959 1959 1876 1876 1877 1877 1959 1959 1877 1877 1878 1878 1959 1959 1878 1878 1880 1880 1959 1959 1959 1959 1880 1880 1960 1960 1960 1960 1880 1880 1961 1961 1880 1880 1881 1881 1961 1961 1881 1881 1882 1882 1961 1961 1961 1961 1882 1882 1962 1962 1962 1962 1882 1882 1963 1963 1963 1963 1882 1882 1964 1964 1882 1882 1883 1883 1964 1964 1964 1964 1883 1883 1965 1965 1883 1883 1884 1884 1965 1965 1965 1965 1884 1884 1966 1966 1884 1884 1885 1885 1966 1966 1966 1966 1885 1885 1967 1967 1885 1885 1886 1886 1967 1967 1967 1967 1886 1886 1968 1968 1886 1886 1887 1887 1968 1968 1887 1887 1888 1888 1968 1968 1968 1968 1888 1888 1969 1969 1888 1888 1889 1889 1969 1969 1889 1889 1890 1890 1969 1969 1890 1890 1891 1891 1969 1969 1969 1969 1891 1891 1970 1970 1891 1891 1892 1892 1970 1970 1970 1970 1892 1892 1971 1971 1892 1892 1893 1893 1971 1971 1893 1893 1894 1894 1971 1971 1971 1971 1894 1894 1972 1972 1894 1894 1895 1895 1972 1972 1972 1972 1895 1895 1973 1973 1895 1895 1896 1896 1973 1973 1973 1973 1896 1896 1975 1975 1896 1896 1897 1897 1975 1975 1977 1977 1975 1975 1978 1978 1975 1975 1897 1897 1978 1978 1897 1897 1898 1898 1978 1978 1978 1978 1898 1898 1979 1979 1898 1898 1900 1900 1979 1979 1900 1900 1980 1980 1979 1979 1979 1979 1980 1980 1981 1981 1981 1981 1980 1980 1982 1982 1980 1980 1900 1900 1983 1983 1900 1900 1901 1901 1983 1983 1983 1983 1901 1901 1984 1984 1984 1984 1901 1901 1985 1985 1901 1901 1902 1902 1985 1985 1902 1902 1903 1903 1985 1985 1903 1903 1904 1904 1985 1985 1904 1904 1905 1905 1985 1985 1985 1985 1905 1905 1986 1986 1986 1986 1905 1905 1987 1987 1905 1905 1906 1906 1987 1987 1987 1987 1906 1906 1989 1989 1989 1989 1906 1906 1990 1990 1906 1906 1907 1907 1990 1990 1990 1990 1907 1907 1991 1991 1907 1907 1908 1908 1991 1991 1908 1908 1909 1909 1991 1991 1909 1909 1910 1910 1991 1991 1992 1992 1910 1910 1993 1993 1993 1993 1910 1910 1994 1994 1910 1910 1911 1911 1994 1994 1912 1912 1913 1913 1994 1994 1994 1994 1913 1913 1995 1995 1913 1913 1914 1914 1995 1995 1914 1914 1915 1915 1995 1995 1915 1915 1917 1917 1995 1995 1998 1998 1996 1996 2000 2000 1996 1996 1916 1916 2000 2000 2000 2000 1916 1916 2002 2002 1916 1916 1918 1918 2002 2002 2002 2002 1918 1918 2004 2004 1918 1918 1920 1920 2004 2004 2004 2004 1920 1920 2006 2006 1920 1920 1922 1922 2006 2006 2006 2006 1922 1922 2008 2008 1922 1922 1924 1924 2008 2008 2008 2008 1924 1924 2010 2010 1924 1924 1926 1926 2010 2010 2010 2010 1926 1926 2012 2012 1926 1926 1928 1928 2012 2012 2012 2012 1928 1928 2014 2014 2014 2014 1928 1928 2015 2015 1928 1928 1930 1930 2015 2015 1931 1931 1933 1933 2017 2017 1933 1933 1935 1935 2017 2017 2017 2017 1935 1935 2019 2019 1935 1935 1937 1937 2019 2019 2019 2019 1937 1937 2021 2021 1937 1937 1939 1939 2021 2021 2021 2021 1939 1939 2023 2023 1939 1939 1941 1941 2023 2023 2023 2023 1941 1941 2025 2025 1941 1941 1943 1943 2025 2025 2025 2025 1943 1943 2027 2027 1943 1943 1945 1945 2027 2027 2027 2027 1945 1945 2029 2029 1945 1945 1947 1947 2029 2029 2029 2029 1947 1947 2031 2031 1947 1947 1949 1949 2031 2031 2031 2031 1949 1949 2033 2033 1949 1949 1951 1951 2033 2033 2033 2033 1951 1951 2035 2035 2037 2037 2035 2035 2038 2038 2035 2035 1951 1951 2038 2038 1952 1952 1953 1953 2039 2039 1953 1953 1954 1954 2039 2039 2039 2039 1954 1954 2040 2040 1954 1954 1955 1955 2040 2040 1955 1955 1956 1956 2040 2040 2040 2040 1956 1956 2041 2041 2041 2041 1956 1956 2042 2042 2042 2042 1956 1956 2043 2043 1956 1956 1957 1957 2043 2043 2044 2044 1958 1958 2045 2045 1958 1958 1959 1959 2045 2045 1959 1959 1960 1960 2046 2046 2046 2046 1960 1960 2047 2047 2047 2047 1960 1960 2048 2048 1960 1960 1961 1961 2048 2048 1961 1961 1962 1962 2048 2048 1962 1962 2049 2049 2048 2048 2050 2050 2048 2048 2051 2051 2048 2048 2049 2049 2051 2051 2051 2051 2049 2049 2052 2052 2052 2052 2049 2049 2053 2053 2049 2049 1962 1962 2053 2053 1962 1962 1963 1963 2053 2053 2054 2054 2053 2053 2055 2055 2053 2053 1963 1963 2055 2055 2055 2055 1963 1963 2056 2056 1963 1963 1964 1964 2056 2056 2056 2056 1964 1964 2057 2057 1964 1964 1965 1965 2057 2057 2057 2057 1965 1965 2058 2058 1965 1965 1966 1966 2058 2058 2058 2058 1966 1966 2059 2059 1966 1966 1967 1967 2059 2059 2059 2059 1967 1967 2060 2060 1967 1967 1968 1968 2060 2060 1968 1968 1969 1969 2060 2060 2060 2060 1969 1969 2061 2061 1969 1969 1970 1970 2061 2061 2061 2061 1970 1970 2062 2062 1970 1970 1971 1971 2062 2062 1971 1971 1972 1972 2062 2062 2062 2062 1972 1972 2063 2063 1972 1972 1973 1973 2063 2063 2063 2063 1973 1973 2064 2064 1973 1973 1974 1974 2064 2064 2064 2064 1974 1974 2065 2065 1974 1974 1976 1976 2065 2065 2065 2065 1976 1976 2066 2066 2067 2067 2066 2066 2068 2068 2066 2066 1976 1976 2068 2068 2069 2069 1977 1977 2070 2070 1977 1977 1978 1978 2070 2070 1978 1978 1979 1979 2070 2070 1979 1979 1981 1981 2070 2070 2070 2070 1981 1981 2071 2071 2071 2071 1981 1981 2072 2072 1981 1981 1982 1982 2072 2072 2072 2072 1982 1982 2073 2073 1983 1983 1984 1984 2073 2073 2073 2073 1984 1984 2074 2074 1984 1984 1985 1985 2074 2074 2074 2074 1985 1985 2076 2076 2076 2076 1985 1985 2077 2077 1985 1985 1986 1986 2077 2077 1986 1986 1987 1987 2077 2077 1987 1987 1989 1989 2077 2077 2077 2077 1989 1989 2078 2078 2078 2078 1988 1988 2079 2079 1988 1988 1990 1990 2079 2079 2079 2079 1990 1990 2080 2080 1990 1990 1991 1991 2080 2080 1992 1992 1993 1993 2080 2080 2080 2080 1993 1993 2081 2081 1993 1993 1994 1994 2081 2081 1994 1994 1995 1995 2081 2081 1996 1996 1998 1998 2082 2082 2082 2082 1998 1998 2083 2083 2086 2086 2084 2084 2088 2088 2084 2084 1997 1997 2088 2088 2088 2088 1997 1997 2090 2090 1997 1997 1999 1999 2090 2090 2090 2090 1999 1999 2092 2092 1999 1999 2001 2001 2092 2092 2092 2092 2001 2001 2094 2094 2001 2001 2003 2003 2094 2094 2094 2094 2003 2003 2096 2096 2003 2003 2005 2005 2096 2096 2096 2096 2005 2005 2098 2098 2005 2005 2007 2007 2098 2098 2098 2098 2007 2007 2100 2100 2007 2007 2009 2009 2100 2100 2100 2100 2009 2009 2102 2102 2009 2009 2011 2011 2102 2102 2102 2102 2011 2011 2104 2104 2011 2011 2013 2013 2104 2104 2104 2104 2013 2013 2106 2106 2013 2013 2016 2016 2106 2106 2106 2106 2016 2016 2108 2108 2016 2016 2018 2018 2108 2108 2108 2108 2018 2018 2110 2110 2018 2018 2020 2020 2110 2110 2110 2110 2020 2020 2112 2112 2020 2020 2022 2022 2112 2112 2112 2112 2022 2022 2114 2114 2022 2022 2024 2024 2114 2114 2114 2114 2024 2024 2116 2116 2024 2024 2026 2026 2116 2116 2116 2116 2026 2026 2118 2118 2026 2026 2028 2028 2118 2118 2118 2118 2028 2028 2120 2120 2028 2028 2030 2030 2120 2120 2120 2120 2030 2030 2122 2122 2030 2030 2032 2032 2122 2122 2122 2122 2032 2032 2124 2124 2032 2032 2034 2034 2124 2124 2124 2124 2034 2034 2126 2126 2034 2034 2036 2036 2126 2126 2126 2126 2036 2036 2128 2128 2130 2130 2128 2128 2131 2131 2128 2128 2036 2036 2131 2131 2132 2132 2037 2037 2133 2133 2037 2037 2038 2038 2133 2133 2039 2039 2040 2040 2134 2134 2040 2040 2041 2041 2134 2134 2134 2134 2041 2041 2135 2135 2041 2041 2042 2042 2135 2135 2135 2135 2042 2042 2136 2136 2139 2139 2136 2136 2140 2140 2136 2136 2042 2042 2140 2140 2042 2042 2043 2043 2140 2140 2140 2140 2044 2044 2141 2141 2044 2044 2045 2045 2141 2141 2045 2045 2047 2047 2141 2141 2141 2141 2047 2047 2142 2142 2047 2047 2048 2048 2142 2142 2048 2048 2050 2050 2142 2142 2142 2142 2050 2050 2143 2143 2050 2050 2051 2051 2143 2143 2143 2143 2051 2051 2144 2144 2146 2146 2144 2144 2147 2147 2147 2147 2144 2144 2148 2148 2144 2144 2051 2051 2148 2148 2051 2051 2052 2052 2148 2148 2148 2148 2052 2052 2149 2149 2149 2149 2052 2052 2150 2150 2052 2052 2053 2053 2150 2150 2053 2053 2054 2054 2150 2150 2150 2150 2054 2054 2151 2151 2054 2054 2055 2055 2151 2151 2055 2055 2056 2056 2151 2151 2151 2151 2056 2056 2152 2152 2056 2056 2057 2057 2152 2152 2152 2152 2057 2057 2153 2153 2057 2057 2058 2058 2153 2153 2153 2153 2058 2058 2154 2154 2058 2058 2059 2059 2154 2154 2154 2154 2059 2059 2155 2155 2059 2059 2060 2060 2155 2155 2060 2060 2061 2061 2155 2155 2061 2061 2062 2062 2155 2155 2155 2155 2062 2062 2156 2156 2062 2062 2063 2063 2156 2156 2156 2156 2063 2063 2157 2157 2063 2063 2064 2064 2157 2157 2157 2157 2064 2064 2158 2158 2158 2158 2064 2064 2159 2159 2064 2064 2065 2065 2159 2159 2159 2159 2065 2065 2160 2160 2160 2160 2065 2065 2161 2161 2065 2065 2066 2066 2161 2161 2161 2161 2066 2066 2162 2162 2066 2066 2067 2067 2162 2162 2163 2163 2162 2162 2164 2164 2162 2162 2067 2067 2164 2164 2164 2164 2067 2067 2165 2165 2067 2067 2068 2068 2165 2165 2166 2166 2069 2069 2167 2167 2069 2069 2070 2070 2167 2167 2167 2167 2070 2070 2168 2168 2070 2070 2071 2071 2168 2168 2169 2169 2168 2168 2170 2170 2168 2168 2071 2071 2170 2170 2071 2071 2072 2072 2170 2170 2170 2170 2072 2072 2171 2171 2072 2072 2073 2073 2171 2171 2171 2171 2073 2073 2172 2172 2073 2073 2074 2074 2172 2172 2173 2173 2172 2172 2174 2174 2172 2172 2074 2074 2174 2174 2074 2074 2076 2076 2174 2174 2174 2174 2076 2076 2175 2175 2175 2175 2075 2075 2176 2176 2075 2075 2077 2077 2176 2176 2176 2176 2077 2077 2177 2177 2077 2077 2078 2078 2177 2177 2177 2177 2078 2078 2178 2178 2078 2078 2079 2079 2178 2178 2079 2079 2080 2080 2178 2178 2080 2080 2081 2081 2178 2178 2082 2082 2083 2083 2179 2179 2179 2179 2083 2083 2180 2180 2084 2084 2086 2086 2181 2181 2181 2181 2086 2086 2182 2182 2183 2183 2085 2085 2184 2184 2085 2085 2087 2087 2184 2184 2087 2087 2089 2089 2184 2184 2089 2089 2091 2091 2184 2184 2091 2091 2093 2093 2184 2184 2093 2093 2095 2095 2184 2184 2095 2095 2097 2097 2184 2184 2097 2097 2099 2099 2184 2184 2099 2099 2101 2101 2184 2184 2101 2101 2103 2103 2184 2184 2103 2103 2105 2105 2184 2184 2105 2105 2107 2107 2184 2184 2107 2107 2109 2109 2184 2184 2109 2109 2111 2111 2184 2184 2111 2111 2113 2113 2184 2184 2113 2113 2115 2115 2184 2184 2115 2115 2117 2117 2184 2184 2117 2117 2119 2119 2184 2184 2119 2119 2121 2121 2184 2184 2121 2121 2123 2123 2184 2184 2123 2123 2125 2125 2184 2184 2125 2125 2127 2127 2184 2184 2127 2127 2129 2129 2184 2184 2184 2184 2129 2129 2185 2185 2186 2186 2130 2130 2187 2187 2130 2130 2131 2131 2187 2187 2188 2188 2132 2132 2189 2189 2132 2132 2133 2133 2189 2189 2134 2134 2135 2135 2190 2190 2190 2190 2135 2135 2191 2191 2135 2135 2136 2136 2191 2191 2136 2136 2139 2139 2191 2191 2191 2191 2137 2137 2192 2192 2193 2193 2138 2138 2194 2194 2139 2139 2140 2140 2195 2195 2195 2195 2140 2140 2197 2197 2140 2140 2141 2141 2197 2197 2197 2197 2141 2141 2199 2199 2199 2199 2141 2141 2201 2201 2141 2141 2142 2142 2201 2201 2201 2201 2142 2142 2203 2203 2203 2203 2142 2142 2204 2204 2142 2142 2143 2143 2204 2204 2143 2143 2144 2144 2204 2204 2144 2144 2146 2146 2204 2204 2205 2205 2145 2145 2206 2206 2146 2146 2147 2147 2208 2208 2208 2208 2147 2147 2209 2209 2147 2147 2148 2148 2209 2209 2148 2148 2149 2149 2209 2209 2209 2209 2149 2149 2210 2210 2149 2149 2150 2150 2210 2210 2150 2150 2151 2151 2210 2210 2151 2151 2152 2152 2210 2210 2152 2152 2153 2153 2210 2210 2153 2153 2154 2154 2210 2210 2154 2154 2155 2155 2210 2210 2155 2155 2156 2156 2210 2210 2156 2156 2157 2157 2210 2210 2157 2157 2158 2158 2210 2210 2158 2158 2159 2159 2210 2210 2159 2159 2160 2160 2210 2210 2160 2160 2161 2161 2210 2210 2161 2161 2162 2162 2210 2210 2162 2162 2163 2163 2210 2210 2163 2163 2211 2211 2210 2210 2210 2210 2211 2211 2212 2212 2212 2212 2211 2211 2213 2213 2213 2213 2211 2211 2214 2214 2211 2211 2163 2163 2214 2214 2163 2163 2164 2164 2214 2214 2214 2214 2164 2164 2215 2215 2164 2164 2165 2165 2215 2215 2215 2215 2166 2166 2216 2216 2166 2166 2167 2167 2216 2216 2217 2217 2216 2216 2218 2218 2216 2216 2167 2167 2218 2218 2167 2167 2168 2168 2218 2218 2168 2168 2169 2169 2218 2218 2218 2218 2169 2169 2219 2219 2219 2219 2169 2169 2220 2220 2169 2169 2170 2170 2220 2220 2170 2170 2171 2171 2220 2220 2220 2220 2171 2171 2221 2221 2171 2171 2172 2172 2221 2221 2172 2172 2173 2173 2221 2221 2221 2221 2173 2173 2222 2222 2222 2222 2173 2173 2223 2223 2223 2223 2173 2173 2224 2224 2173 2173 2174 2174 2224 2224 2174 2174 2175 2175 2224 2224 2224 2224 2175 2175 2225 2225 2175 2175 2176 2176 2225 2225 2176 2176 2177 2177 2225 2225 2177 2177 2178 2178 2225 2225 2179 2179 2180 2180 2226 2226 2226 2226 2180 2180 2227 2227 2181 2181 2182 2182 2228 2228 2228 2228 2182 2182 2229 2229 2183 2183 2184 2184 2230 2230 2230 2230 2184 2184 2232 2232 2232 2232 2184 2184 2233 2233 2184 2184 2185 2185 2233 2233 2234 2234 2186 2186 2235 2235 2186 2186 2187 2187 2235 2235 2188 2188 2189 2189 2236 2236 2238 2238 2236 2236 2239 2239 2236 2236 2189 2189 2239 2239 2240 2240 2190 2190 2242 2242 2190 2190 2191 2191 2242 2242 2191 2191 2192 2192 2242 2242 2193 2193 2194 2194 2241 2241 2194 2194 2196 2196 2241 2241 2196 2196 2198 2198 2241 2241 2198 2198 2200 2200 2241 2241 2200 2200 2202 2202 2241 2241 2202 2202 2205 2205 2241 2241 2205 2205 2206 2206 2241 2241 2243 2243 2207 2207 2244 2244 2208 2208 2209 2209 2245 2245 2245 2245 2209 2209 2246 2246 2209 2209 2210 2210 2246 2246 2246 2246 2210 2210 2247 2247 2210 2210 2212 2212 2247 2247 2247 2247 2212 2212 2248 2248 2212 2212 2213 2213 2248 2248 2249 2249 2250 2250 2252 2252 2250 2250 2248 2248 2252 2252 2252 2252 2248 2248 2253 2253 2248 2248 2213 2213 2253 2253 2253 2253 2213 2213 2254 2254 2213 2213 2214 2214 2254 2254 2214 2214 2215 2215 2254 2254 2254 2254 2215 2215 2255 2255 2215 2215 2216 2216 2255 2255 2255 2255 2216 2216 2256 2256 2216 2216 2217 2217 2256 2256 2257 2257 2256 2256 2258 2258 2256 2256 2217 2217 2258 2258 2217 2217 2218 2218 2258 2258 2218 2218 2219 2219 2258 2258 2258 2258 2219 2219 2259 2259 2219 2219 2220 2220 2259 2259 2259 2259 2220 2220 2260 2260 2220 2220 2221 2221 2260 2260 2221 2221 2222 2222 2260 2260 2260 2260 2222 2222 2261 2261 2262 2262 2261 2261 2263 2263 2261 2261 2222 2222 2263 2263 2222 2222 2223 2223 2263 2263 2263 2263 2223 2223 2264 2264 2223 2223 2224 2224 2264 2264 2224 2224 2225 2225 2264 2264 2226 2226 2227 2227 2265 2265 2265 2265 2227 2227 2266 2266 2228 2228 2229 2229 2267 2267 2229 2229 2231 2231 2267 2267 2267 2267 2231 2231 2268 2268 2231 2231 2234 2234 2268 2268 2234 2234 2235 2235 2268 2268 2269 2269 2236 2236 2270 2270 2236 2236 2238 2238 2270 2270 2271 2271 2237 2237 2272 2272 2237 2237 2240 2240 2272 2272 2240 2240 2242 2242 2272 2272 2243 2243 2244 2244 2273 2273 2273 2273 2244 2244 2274 2274 2245 2245 2246 2246 2275 2275 2275 2275 2246 2246 2278 2278 2246 2246 2247 2247 2278 2278 2247 2247 2248 2248 2278 2278 2248 2248 2250 2250 2278 2278 2250 2250 2249 2249 2278 2278 2278 2278 2249 2249 2279 2279 2249 2249 2252 2252 2279 2279 2280 2280 2251 2251 2281 2281 2282 2282 2252 2252 2283 2283 2252 2252 2253 2253 2283 2283 2283 2283 2253 2253 2284 2284 2253 2253 2254 2254 2284 2284 2254 2254 2255 2255 2284 2284 2284 2284 2255 2255 2285 2285 2255 2255 2256 2256 2285 2285 2285 2285 2256 2256 2286 2286 2256 2256 2257 2257 2286 2286 2286 2286 2257 2257 2287 2287 2257 2257 2258 2258 2287 2287 2258 2258 2259 2259 2287 2287 2288 2288 2259 2259 2289 2289 2259 2259 2260 2260 2289 2289 2260 2260 2261 2261 2289 2289 2289 2289 2261 2261 2290 2290 2261 2261 2262 2262 2290 2290 2290 2290 2262 2262 2291 2291 2292 2292 2291 2291 2294 2294 2291 2291 2262 2262 2294 2294 2262 2262 2263 2263 2294 2294 2263 2263 2264 2264 2294 2294 2265 2265 2266 2266 2293 2293 2266 2266 2269 2269 2293 2293 2269 2269 2270 2270 2293 2293 2296 2296 2294 2294 2298 2298 2294 2294 2271 2271 2298 2298 2271 2271 2272 2272 2298 2298 2273 2273 2274 2274 2297 2297 2274 2274 2276 2276 2297 2297 2277 2277 2280 2280 2299 2299 2280 2280 2281 2281 2299 2299 2299 2299 2281 2281 2300 2300 2301 2301 2282 2282 2302 2302 2282 2282 2283 2283 2302 2302 2283 2283 2284 2284 2302 2302 2284 2284 2285 2285 2302 2302 2285 2285 2286 2286 2302 2302 2303 2303 2302 2302 2304 2304 2302 2302 2286 2286 2304 2304 2304 2304 2286 2286 2305 2305 2286 2286 2287 2287 2305 2305 2306 2306 2288 2288 2307 2307 2288 2288 2289 2289 2307 2307 2289 2289 2290 2290 2307 2307 2307 2307 2290 2290 2308 2308 2290 2290 2291 2291 2308 2308 2291 2291 2292 2292 2308 2308 2308 2308 2292 2292 2309 2309 2292 2292 2294 2294 2309 2309 2309 2309 2294 2294 2310 2310 2294 2294 2296 2296 2310 2310 2310 2310 2296 2296 2311 2311 2314 2314 2312 2312 2315 2315 2312 2312 2295 2295 2315 2315 2295 2295 2299 2299 2315 2315 2299 2299 2300 2300 2315 2315 2301 2301 2302 2302 2316 2316 2316 2316 2302 2302 2318 2318 2302 2302 2303 2303 2318 2318 2320 2320 2318 2318 2321 2321 2318 2318 2303 2303 2321 2321 2303 2303 2304 2304 2321 2321 2304 2304 2305 2305 2321 2321 2321 2321 2306 2306 2322 2322 2306 2306 2307 2307 2322 2322 2307 2307 2308 2308 2322 2322 2322 2322 2308 2308 2323 2323 2308 2308 2309 2309 2323 2323 2309 2309 2310 2310 2323 2323 2323 2323 2310 2310 2324 2324 2310 2310 2311 2311 2324 2324 2311 2311 2313 2313 2324 2324 2324 2324 2313 2313 2325 2325 2314 2314 2315 2315 2326 2326 2326 2326 2315 2315 2327 2327 2315 2315 2317 2317 2327 2327 2317 2317 2319 2319 2327 2327 2328 2328 2320 2320 2330 2330 2320 2320 2321 2321 2330 2330 2321 2321 2322 2322 2330 2330 2322 2322 2323 2323 2329 2329 2323 2323 2324 2324 2329 2329 2324 2324 2325 2325 2330 2330 2331 2331 2332 2332 2334 2334 2334 2334 2332 2332 2336 2336 2332 2332 2337 2337 2336 2336 2336 2336 2337 2337 2339 2339 2337 2337 2340 2340 2339 2339 2339 2339 2340 2340 2342 2342 2340 2340 2343 2343 2342 2342 2342 2342 2343 2343 2345 2345 2343 2343 2346 2346 2345 2345 2345 2345 2346 2346 2348 2348 2346 2346 2349 2349 2348 2348 2348 2348 2349 2349 2351 2351 2349 2349 2352 2352 2351 2351 2351 2351 2352 2352 2354 2354 2352 2352 2355 2355 2354 2354 2354 2354 2355 2355 2357 2357 2355 2355 2358 2358 2357 2357 2357 2357 2358 2358 2360 2360 2358 2358 2361 2361 2360 2360 2360 2360 2361 2361 2363 2363 2361 2361 2364 2364 2363 2363 2363 2363 2364 2364 2366 2366 2364 2364 2367 2367 2366 2366 2366 2366 2367 2367 2369 2369 2367 2367 2370 2370 2369 2369 2369 2369 2370 2370 2372 2372 2370 2370 2373 2373 2372 2372 2372 2372 2373 2373 2375 2375 2373 2373 2376 2376 2375 2375 2375 2375 2376 2376 2378 2378 2376 2376 2379 2379 2378 2378 2378 2378 2379 2379 2381 2381 2379 2379 2382 2382 2381 2381 2381 2381 2382 2382 2384 2384 2382 2382 2385 2385 2384 2384 2384 2384 2385 2385 2387 2387 2385 2385 2388 2388 2387 2387 2387 2387 2388 2388 2390 2390 2388 2388 2391 2391 2390 2390 2390 2390 2391 2391 2393 2393 2391 2391 2394 2394 2393 2393 2393 2393 2394 2394 2396 2396 2394 2394 2397 2397 2396 2396 2396 2396 2397 2397 2399 2399 2397 2397 2400 2400 2399 2399 2399 2399 2400 2400 2402 2402 2400 2400 2403 2403 2402 2402 2402 2402 2403 2403 2405 2405 2403 2403 2406 2406 2405 2405 2405 2405 2406 2406 2408 2408 2406 2406 2409 2409 2408 2408 2408 2408 2409 2409 2411 2411 2409 2409 2412 2412 2411 2411 2411 2411 2412 2412 2414 2414 2412 2412 2415 2415 2414 2414 2414 2414 2415 2415 2417 2417 2415 2415 2418 2418 2417 2417 2417 2417 2418 2418 2420 2420 2418 2418 2421 2421 2420 2420 2420 2420 2421 2421 2423 2423 2421 2421 2424 2424 2423 2423 2423 2423 2424 2424 2426 2426 2424 2424 2427 2427 2426 2426 2426 2426 2427 2427 2429 2429 2427 2427 2430 2430 2429 2429 2429 2429 2430 2430 2432 2432 2430 2430 2433 2433 2432 2432 2432 2432 2433 2433 2435 2435 2433 2433 2436 2436 2435 2435 2435 2435 2436 2436 2438 2438 2436 2436 2439 2439 2438 2438 2438 2438 2439 2439 2441 2441 2439 2439 2442 2442 2441 2441 2441 2441 2442 2442 2444 2444 2442 2442 2445 2445 2444 2444 2444 2444 2445 2445 2447 2447 2445 2445 2448 2448 2447 2447 2447 2447 2448 2448 2450 2450 2448 2448 2451 2451 2450 2450 2450 2450 2451 2451 2453 2453 2451 2451 2454 2454 2453 2453 2453 2453 2454 2454 2456 2456 2454 2454 2457 2457 2456 2456 2456 2456 2457 2457 2459 2459 2457 2457 2460 2460 2459 2459 2459 2459 2460 2460 2462 2462 2460 2460 2463 2463 2462 2462 2462 2462 2463 2463 2465 2465 2463 2463 2466 2466 2465 2465 2465 2465 2466 2466 2468 2468 2466 2466 2469 2469 2468 2468 2468 2468 2469 2469 2471 2471 2469 2469 2472 2472 2471 2471 2471 2471 2472 2472 2474 2474 2472 2472 2475 2475 2474 2474 2474 2474 2475 2475 2477 2477 2475 2475 2478 2478 2477 2477 2477 2477 2478 2478 2480 2480 2478 2478 2481 2481 2480 2480 2480 2480 2481 2481 2483 2483 2481 2481 2484 2484 2483 2483 2483 2483 2484 2484 2486 2486 2484 2484 2487 2487 2486 2486 2486 2486 2487 2487 2489 2489 2487 2487 2490 2490 2489 2489 2489 2489 2490 2490 2492 2492 2490 2490 2493 2493 2492 2492 2492 2492 2493 2493 2495 2495 2493 2493 2496 2496 2495 2495 2495 2495 2496 2496 2498 2498 2496 2496 2499 2499 2498 2498 2498 2498 2499 2499 2501 2501 2499 2499 2502 2502 2501 2501 2501 2501 2502 2502 2504 2504 2502 2502 2505 2505 2504 2504 2504 2504 2505 2505 2507 2507 2505 2505 2508 2508 2507 2507 2507 2507 2508 2508 2510 2510 2508 2508 2511 2511 2510 2510 2510 2510 2511 2511 2513 2513 2511 2511 2514 2514 2513 2513 2513 2513 2514 2514 2516 2516 2514 2514 2517 2517 2516 2516 2516 2516 2517 2517 2519 2519 2517 2517 2520 2520 2519 2519 2519 2519 2520 2520 2522 2522 2520 2520 2523 2523 2522 2522 2522 2522 2523 2523 2525 2525 2523 2523 2526 2526 2525 2525 2525 2525 2526 2526 2528 2528 2526 2526 2529 2529 2528 2528 2528 2528 2529 2529 2531 2531 2531 2531 2529 2529 2532 2532 2533 2533 2532 2532 2534 2534 2532 2532 2529 2529 2534 2534 2529 2529 2526 2526 2534 2534 2526 2526 2523 2523 2534 2534 2523 2523 2520 2520 2534 2534 2520 2520 2517 2517 2534 2534 2517 2517 2514 2514 2534 2534 2514 2514 2511 2511 2534 2534 2511 2511 2508 2508 2534 2534 2508 2508 2505 2505 2534 2534 2505 2505 2502 2502 2534 2534 2502 2502 2499 2499 2534 2534 2499 2499 2496 2496 2534 2534 2496 2496 2493 2493 2534 2534 2493 2493 2490 2490 2534 2534 2490 2490 2487 2487 2534 2534 2487 2487 2484 2484 2534 2534 2484 2484 2481 2481 2534 2534 2481 2481 2478 2478 2534 2534 2478 2478 2475 2475 2534 2534 2475 2475 2472 2472 2534 2534 2472 2472 2469 2469 2534 2534 2469 2469 2466 2466 2534 2534 2466 2466 2463 2463 2534 2534 2463 2463 2460 2460 2534 2534 2460 2460 2457 2457 2534 2534 2457 2457 2454 2454 2534 2534 2454 2454 2451 2451 2534 2534 2451 2451 2448 2448 2534 2534 2448 2448 2445 2445 2534 2534 2445 2445 2442 2442 2534 2534 2442 2442 2439 2439 2534 2534 2439 2439 2436 2436 2534 2534 2436 2436 2433 2433 2534 2534 2433 2433 2430 2430 2534 2534 2430 2430 2427 2427 2534 2534 2427 2427 2424 2424 2534 2534 2424 2424 2421 2421 2534 2534 2421 2421 2418 2418 2534 2534 2418 2418 2415 2415 2534 2534 2415 2415 2412 2412 2534 2534 2412 2412 2409 2409 2534 2534 2409 2409 2406 2406 2534 2534 2406 2406 2403 2403 2534 2534 2403 2403 2400 2400 2534 2534 2400 2400 2397 2397 2534 2534 2397 2397 2394 2394 2534 2534 2394 2394 2391 2391 2534 2534 2391 2391 2388 2388 2534 2534 2388 2388 2385 2385 2534 2534 2385 2385 2382 2382 2534 2534 2382 2382 2379 2379 2534 2534 2379 2379 2376 2376 2534 2534 2376 2376 2373 2373 2534 2534 2373 2373 2370 2370 2534 2534 2370 2370 2367 2367 2534 2534 2367 2367 2364 2364 2534 2534 2364 2364 2361 2361 2534 2534 2361 2361 2358 2358 2534 2534 2358 2358 2355 2355 2534 2534 2355 2355 2352 2352 2534 2534 2352 2352 2349 2349 2534 2534 2349 2349 2346 2346 2534 2534 2346 2346 2343 2343 2534 2534 2343 2343 2340 2340 2534 2534 2340 2340 2337 2337 2534 2534 2337 2337 2332 2332 2534 2534 2332 2332 2331 2331 2534 2534 2331 2331 2535 2535 2534 2534 2536 2536 2534 2534 2537 2537 2534 2534 2535 2535 2537 2537 2537 2537 2535 2535 2539 2539 2539 2539 2535 2535 2540 2540 2535 2535 2331 2331 2540 2540 2331 2331 2334 2334 2540 2540 2541 2541 2333 2333 2543 2543 2543 2543 2333 2333 2545 2545 2333 2333 2335 2335 2545 2545 2545 2545 2335 2335 2547 2547 2335 2335 2338 2338 2547 2547 2547 2547 2338 2338 2549 2549 2338 2338 2341 2341 2549 2549 2549 2549 2341 2341 2551 2551 2341 2341 2344 2344 2551 2551 2551 2551 2344 2344 2553 2553 2344 2344 2347 2347 2553 2553 2553 2553 2347 2347 2555 2555 2347 2347 2350 2350 2555 2555 2555 2555 2350 2350 2557 2557 2350 2350 2353 2353 2557 2557 2557 2557 2353 2353 2559 2559 2353 2353 2356 2356 2559 2559 2559 2559 2356 2356 2561 2561 2356 2356 2359 2359 2561 2561 2561 2561 2359 2359 2563 2563 2359 2359 2362 2362 2563 2563 2563 2563 2362 2362 2565 2565 2362 2362 2365 2365 2565 2565 2565 2565 2365 2365 2567 2567 2365 2365 2368 2368 2567 2567 2567 2567 2368 2368 2569 2569 2368 2368 2371 2371 2569 2569 2569 2569 2371 2371 2571 2571 2371 2371 2374 2374 2571 2571 2571 2571 2374 2374 2573 2573 2374 2374 2377 2377 2573 2573 2573 2573 2377 2377 2575 2575 2377 2377 2380 2380 2575 2575 2575 2575 2380 2380 2577 2577 2380 2380 2383 2383 2577 2577 2577 2577 2383 2383 2579 2579 2383 2383 2386 2386 2579 2579 2579 2579 2386 2386 2581 2581 2386 2386 2389 2389 2581 2581 2581 2581 2389 2389 2583 2583 2389 2389 2392 2392 2583 2583 2583 2583 2392 2392 2585 2585 2392 2392 2395 2395 2585 2585 2585 2585 2395 2395 2587 2587 2395 2395 2398 2398 2587 2587 2587 2587 2398 2398 2589 2589 2398 2398 2401 2401 2589 2589 2589 2589 2401 2401 2591 2591 2401 2401 2404 2404 2591 2591 2591 2591 2404 2404 2593 2593 2404 2404 2407 2407 2593 2593 2593 2593 2407 2407 2595 2595 2407 2407 2410 2410 2595 2595 2595 2595 2410 2410 2597 2597 2410 2410 2413 2413 2597 2597 2597 2597 2413 2413 2599 2599 2413 2413 2416 2416 2599 2599 2599 2599 2416 2416 2601 2601 2416 2416 2419 2419 2601 2601 2601 2601 2419 2419 2603 2603 2419 2419 2422 2422 2603 2603 2603 2603 2422 2422 2605 2605 2422 2422 2425 2425 2605 2605 2605 2605 2425 2425 2607 2607 2425 2425 2428 2428 2607 2607 2607 2607 2428 2428 2609 2609 2428 2428 2431 2431 2609 2609 2609 2609 2431 2431 2611 2611 2431 2431 2434 2434 2611 2611 2611 2611 2434 2434 2613 2613 2434 2434 2437 2437 2613 2613 2613 2613 2437 2437 2615 2615 2437 2437 2440 2440 2615 2615 2615 2615 2440 2440 2617 2617 2440 2440 2443 2443 2617 2617 2617 2617 2443 2443 2619 2619 2443 2443 2446 2446 2619 2619 2619 2619 2446 2446 2621 2621 2446 2446 2449 2449 2621 2621 2621 2621 2449 2449 2623 2623 2449 2449 2452 2452 2623 2623 2623 2623 2452 2452 2625 2625 2452 2452 2455 2455 2625 2625 2625 2625 2455 2455 2627 2627 2455 2455 2458 2458 2627 2627 2627 2627 2458 2458 2629 2629 2458 2458 2461 2461 2629 2629 2629 2629 2461 2461 2631 2631 2461 2461 2464 2464 2631 2631 2631 2631 2464 2464 2633 2633 2464 2464 2467 2467 2633 2633 2633 2633 2467 2467 2635 2635 2467 2467 2470 2470 2635 2635 2635 2635 2470 2470 2637 2637 2470 2470 2473 2473 2637 2637 2637 2637 2473 2473 2639 2639 2473 2473 2476 2476 2639 2639 2639 2639 2476 2476 2641 2641 2476 2476 2479 2479 2641 2641 2641 2641 2479 2479 2643 2643 2479 2479 2482 2482 2643 2643 2643 2643 2482 2482 2645 2645 2482 2482 2485 2485 2645 2645 2645 2645 2485 2485 2647 2647 2485 2485 2488 2488 2647 2647 2647 2647 2488 2488 2649 2649 2488 2488 2491 2491 2649 2649 2649 2649 2491 2491 2651 2651 2491 2491 2494 2494 2651 2651 2651 2651 2494 2494 2653 2653 2494 2494 2497 2497 2653 2653 2653 2653 2497 2497 2655 2655 2497 2497 2500 2500 2655 2655 2655 2655 2500 2500 2657 2657 2500 2500 2503 2503 2657 2657 2657 2657 2503 2503 2659 2659 2503 2503 2506 2506 2659 2659 2659 2659 2506 2506 2661 2661 2506 2506 2509 2509 2661 2661 2661 2661 2509 2509 2663 2663 2509 2509 2512 2512 2663 2663 2663 2663 2512 2512 2665 2665 2512 2512 2515 2515 2665 2665 2665 2665 2515 2515 2667 2667 2515 2515 2518 2518 2667 2667 2667 2667 2518 2518 2669 2669 2518 2518 2521 2521 2669 2669 2669 2669 2521 2521 2671 2671 2521 2521 2524 2524 2671 2671 2671 2671 2524 2524 2673 2673 2524 2524 2527 2527 2673 2673 2673 2673 2527 2527 2675 2675 2527 2527 2530 2530 2675 2675 2675 2675 2530 2530 2677 2677 2677 2677 2530 2530 2678 2678 2531 2531 2532 2532 2679 2679 2532 2532 2533 2533 2679 2679 2679 2679 2533 2533 2681 2681 2681 2681 2533 2533 2682 2682 2533 2533 2534 2534 2682 2682 2682 2682 2534 2534 2683 2683 2683 2683 2534 2534 2684 2684 2684 2684 2534 2534 2685 2685 2685 2685 2534 2534 2686 2686 2686 2686 2534 2534 2687 2687 2534 2534 2536 2536 2687 2687 2687 2687 2536 2536 2689 2689 2689 2689 2536 2536 2690 2690 2536 2536 2537 2537 2690 2690 2537 2537 2539 2539 2690 2690 2691 2691 2538 2538 2693 2693 2693 2693 2538 2538 2694 2694 2538 2538 2541 2541 2694 2694 2541 2541 2543 2543 2694 2694 2695 2695 2542 2542 2696 2696 2696 2696 2542 2542 2697 2697 2542 2542 2544 2544 2697 2697 2697 2697 2544 2544 2698 2698 2544 2544 2546 2546 2698 2698 2698 2698 2546 2546 2699 2699 2546 2546 2548 2548 2699 2699 2699 2699 2548 2548 2700 2700 2548 2548 2550 2550 2700 2700 2700 2700 2550 2550 2701 2701 2550 2550 2552 2552 2701 2701 2701 2701 2552 2552 2702 2702 2552 2552 2554 2554 2702 2702 2702 2702 2554 2554 2703 2703 2554 2554 2556 2556 2703 2703 2703 2703 2556 2556 2704 2704 2556 2556 2558 2558 2704 2704 2704 2704 2558 2558 2705 2705 2558 2558 2560 2560 2705 2705 2705 2705 2560 2560 2706 2706 2560 2560 2562 2562 2706 2706 2706 2706 2562 2562 2707 2707 2562 2562 2564 2564 2707 2707 2707 2707 2564 2564 2708 2708 2564 2564 2566 2566 2708 2708 2708 2708 2566 2566 2709 2709 2566 2566 2568 2568 2709 2709 2709 2709 2568 2568 2710 2710 2568 2568 2570 2570 2710 2710 2710 2710 2570 2570 2711 2711 2570 2570 2572 2572 2711 2711 2711 2711 2572 2572 2712 2712 2572 2572 2574 2574 2712 2712 2712 2712 2574 2574 2713 2713 2574 2574 2576 2576 2713 2713 2713 2713 2576 2576 2714 2714 2576 2576 2578 2578 2714 2714 2714 2714 2578 2578 2715 2715 2578 2578 2580 2580 2715 2715 2715 2715 2580 2580 2716 2716 2580 2580 2582 2582 2716 2716 2716 2716 2582 2582 2717 2717 2582 2582 2584 2584 2717 2717 2717 2717 2584 2584 2718 2718 2584 2584 2586 2586 2718 2718 2718 2718 2586 2586 2719 2719 2586 2586 2588 2588 2719 2719 2719 2719 2588 2588 2720 2720 2588 2588 2590 2590 2720 2720 2720 2720 2590 2590 2721 2721 2590 2590 2592 2592 2721 2721 2721 2721 2592 2592 2722 2722 2592 2592 2594 2594 2722 2722 2722 2722 2594 2594 2723 2723 2594 2594 2596 2596 2723 2723 2723 2723 2596 2596 2724 2724 2596 2596 2598 2598 2724 2724 2724 2724 2598 2598 2725 2725 2598 2598 2600 2600 2725 2725 2725 2725 2600 2600 2726 2726 2600 2600 2602 2602 2726 2726 2726 2726 2602 2602 2727 2727 2602 2602 2604 2604 2727 2727 2727 2727 2604 2604 2728 2728 2604 2604 2606 2606 2728 2728 2728 2728 2606 2606 2729 2729 2606 2606 2608 2608 2729 2729 2729 2729 2608 2608 2730 2730 2608 2608 2610 2610 2730 2730 2730 2730 2610 2610 2731 2731 2610 2610 2612 2612 2731 2731 2731 2731 2612 2612 2732 2732 2612 2612 2614 2614 2732 2732 2732 2732 2614 2614 2733 2733 2614 2614 2616 2616 2733 2733 2733 2733 2616 2616 2734 2734 2616 2616 2618 2618 2734 2734 2734 2734 2618 2618 2735 2735 2618 2618 2620 2620 2735 2735 2735 2735 2620 2620 2736 2736 2620 2620 2622 2622 2736 2736 2736 2736 2622 2622 2737 2737 2622 2622 2624 2624 2737 2737 2737 2737 2624 2624 2738 2738 2624 2624 2626 2626 2738 2738 2738 2738 2626 2626 2739 2739 2626 2626 2628 2628 2739 2739 2739 2739 2628 2628 2740 2740 2628 2628 2630 2630 2740 2740 2740 2740 2630 2630 2741 2741 2630 2630 2632 2632 2741 2741 2741 2741 2632 2632 2742 2742 2632 2632 2634 2634 2742 2742 2742 2742 2634 2634 2743 2743 2634 2634 2636 2636 2743 2743 2743 2743 2636 2636 2744 2744 2636 2636 2638 2638 2744 2744 2744 2744 2638 2638 2745 2745 2638 2638 2640 2640 2745 2745 2745 2745 2640 2640 2746 2746 2640 2640 2642 2642 2746 2746 2746 2746 2642 2642 2747 2747 2642 2642 2644 2644 2747 2747 2747 2747 2644 2644 2748 2748 2644 2644 2646 2646 2748 2748 2748 2748 2646 2646 2749 2749 2646 2646 2648 2648 2749 2749 2749 2749 2648 2648 2750 2750 2648 2648 2650 2650 2750 2750 2750 2750 2650 2650 2751 2751 2650 2650 2652 2652 2751 2751 2751 2751 2652 2652 2752 2752 2652 2652 2654 2654 2752 2752 2752 2752 2654 2654 2753 2753 2654 2654 2656 2656 2753 2753 2753 2753 2656 2656 2754 2754 2656 2656 2658 2658 2754 2754 2754 2754 2658 2658 2755 2755 2658 2658 2660 2660 2755 2755 2755 2755 2660 2660 2756 2756 2660 2660 2662 2662 2756 2756 2756 2756 2662 2662 2757 2757 2662 2662 2664 2664 2757 2757 2757 2757 2664 2664 2758 2758 2664 2664 2666 2666 2758 2758 2758 2758 2666 2666 2759 2759 2666 2666 2668 2668 2759 2759 2759 2759 2668 2668 2760 2760 2668 2668 2670 2670 2760 2760 2760 2760 2670 2670 2761 2761 2670 2670 2672 2672 2761 2761 2761 2761 2672 2672 2762 2762 2672 2672 2674 2674 2762 2762 2762 2762 2674 2674 2763 2763 2674 2674 2676 2676 2763 2763 2763 2763 2676 2676 2764 2764 2764 2764 2676 2676 2765 2765 2677 2677 2678 2678 2766 2766 2678 2678 2680 2680 2766 2766 2766 2766 2680 2680 2768 2768 2768 2768 2680 2680 2769 2769 2681 2681 2682 2682 2770 2770 2682 2682 2683 2683 2770 2770 2770 2770 2683 2683 2772 2772 2683 2683 2684 2684 2772 2772 2772 2772 2684 2684 2774 2774 2684 2684 2685 2685 2774 2774 2774 2774 2685 2685 2776 2776 2685 2685 2686 2686 2776 2776 2776 2776 2686 2686 2777 2777 2686 2686 2687 2687 2777 2777 2687 2687 2689 2689 2777 2777 2778 2778 2688 2688 2780 2780 2780 2780 2688 2688 2781 2781 2688 2688 2691 2691 2781 2781 2691 2691 2693 2693 2781 2781 2782 2782 2692 2692 2783 2783 2783 2783 2692 2692 2784 2784 2692 2692 2695 2695 2784 2784 2695 2695 2696 2696 2784 2784 2784 2784 2696 2696 2786 2786 2696 2696 2697 2697 2786 2786 2786 2786 2697 2697 2788 2788 2697 2697 2698 2698 2788 2788 2698 2698 2699 2699 2788 2788 2788 2788 2699 2699 2790 2790 2699 2699 2700 2700 2790 2790 2700 2700 2701 2701 2790 2790 2790 2790 2701 2701 2792 2792 2701 2701 2702 2702 2792 2792 2702 2702 2703 2703 2792 2792 2792 2792 2703 2703 2794 2794 2703 2703 2704 2704 2794 2794 2704 2704 2705 2705 2794 2794 2794 2794 2705 2705 2796 2796 2705 2705 2706 2706 2796 2796 2706 2706 2707 2707 2796 2796 2796 2796 2707 2707 2798 2798 2707 2707 2708 2708 2798 2798 2708 2708 2709 2709 2798 2798 2798 2798 2709 2709 2800 2800 2709 2709 2710 2710 2800 2800 2710 2710 2711 2711 2800 2800 2800 2800 2711 2711 2802 2802 2711 2711 2712 2712 2802 2802 2712 2712 2713 2713 2802 2802 2802 2802 2713 2713 2804 2804 2713 2713 2714 2714 2804 2804 2714 2714 2715 2715 2804 2804 2804 2804 2715 2715 2806 2806 2715 2715 2716 2716 2806 2806 2716 2716 2717 2717 2806 2806 2806 2806 2717 2717 2808 2808 2717 2717 2718 2718 2808 2808 2718 2718 2719 2719 2808 2808 2808 2808 2719 2719 2810 2810 2719 2719 2720 2720 2810 2810 2720 2720 2721 2721 2810 2810 2810 2810 2721 2721 2812 2812 2721 2721 2722 2722 2812 2812 2722 2722 2723 2723 2812 2812 2812 2812 2723 2723 2814 2814 2723 2723 2724 2724 2814 2814 2724 2724 2725 2725 2814 2814 2814 2814 2725 2725 2816 2816 2725 2725 2726 2726 2816 2816 2726 2726 2727 2727 2816 2816 2816 2816 2727 2727 2818 2818 2727 2727 2728 2728 2818 2818 2728 2728 2729 2729 2818 2818 2818 2818 2729 2729 2820 2820 2729 2729 2730 2730 2820 2820 2820 2820 2730 2730 2822 2822 2730 2730 2731 2731 2822 2822 2822 2822 2731 2731 2824 2824 2731 2731 2732 2732 2824 2824 2732 2732 2733 2733 2824 2824 2824 2824 2733 2733 2826 2826 2733 2733 2734 2734 2826 2826 2734 2734 2735 2735 2826 2826 2826 2826 2735 2735 2828 2828 2735 2735 2736 2736 2828 2828 2736 2736 2737 2737 2828 2828 2828 2828 2737 2737 2830 2830 2737 2737 2738 2738 2830 2830 2738 2738 2739 2739 2830 2830 2830 2830 2739 2739 2832 2832 2739 2739 2740 2740 2832 2832 2740 2740 2741 2741 2832 2832 2832 2832 2741 2741 2834 2834 2741 2741 2742 2742 2834 2834 2742 2742 2743 2743 2834 2834 2834 2834 2743 2743 2836 2836 2743 2743 2744 2744 2836 2836 2744 2744 2745 2745 2836 2836 2836 2836 2745 2745 2838 2838 2745 2745 2746 2746 2838 2838 2746 2746 2747 2747 2838 2838 2838 2838 2747 2747 2840 2840 2747 2747 2748 2748 2840 2840 2748 2748 2749 2749 2840 2840 2840 2840 2749 2749 2842 2842 2749 2749 2750 2750 2842 2842 2750 2750 2751 2751 2842 2842 2842 2842 2751 2751 2844 2844 2751 2751 2752 2752 2844 2844 2752 2752 2753 2753 2844 2844 2844 2844 2753 2753 2846 2846 2753 2753 2754 2754 2846 2846 2754 2754 2755 2755 2846 2846 2846 2846 2755 2755 2848 2848 2755 2755 2756 2756 2848 2848 2756 2756 2757 2757 2848 2848 2848 2848 2757 2757 2850 2850 2757 2757 2758 2758 2850 2850 2758 2758 2759 2759 2850 2850 2850 2850 2759 2759 2852 2852 2759 2759 2760 2760 2852 2852 2760 2760 2761 2761 2852 2852 2852 2852 2761 2761 2854 2854 2761 2761 2762 2762 2854 2854 2762 2762 2763 2763 2854 2854 2854 2854 2763 2763 2856 2856 2763 2763 2764 2764 2856 2856 2856 2856 2764 2764 2857 2857 2764 2764 2765 2765 2857 2857 2765 2765 2767 2767 2857 2857 2857 2857 2767 2767 2858 2858 2858 2858 2767 2767 2859 2859 2768 2768 2769 2769 2860 2860 2769 2769 2771 2771 2860 2860 2860 2860 2771 2771 2862 2862 2771 2771 2773 2773 2862 2862 2862 2862 2773 2773 2864 2864 2773 2773 2775 2775 2864 2864 2864 2864 2775 2775 2865 2865 2775 2775 2778 2778 2865 2865 2778 2778 2780 2780 2865 2865 2866 2866 2779 2779 2867 2867 2867 2867 2779 2779 2868 2868 2779 2779 2782 2782 2868 2868 2782 2782 2783 2783 2868 2868 2868 2868 2783 2783 2869 2869 2783 2783 2784 2784 2869 2869 2784 2784 2786 2786 2869 2869 2870 2870 2785 2785 2871 2871 2785 2785 2787 2787 2871 2871 2787 2787 2789 2789 2871 2871 2789 2789 2791 2791 2871 2871 2791 2791 2793 2793 2871 2871 2793 2793 2795 2795 2871 2871 2795 2795 2797 2797 2871 2871 2797 2797 2799 2799 2871 2871 2799 2799 2801 2801 2871 2871 2801 2801 2803 2803 2871 2871 2803 2803 2805 2805 2871 2871 2805 2805 2807 2807 2871 2871 2807 2807 2809 2809 2871 2871 2809 2809 2811 2811 2871 2871 2811 2811 2813 2813 2871 2871 2813 2813 2815 2815 2871 2871 2815 2815 2817 2817 2871 2871 2817 2817 2819 2819 2871 2871 2819 2819 2821 2821 2871 2871 2821 2821 2823 2823 2871 2871 2823 2823 2825 2825 2871 2871 2825 2825 2827 2827 2871 2871 2827 2827 2829 2829 2871 2871 2829 2829 2831 2831 2871 2871 2831 2831 2833 2833 2871 2871 2833 2833 2835 2835 2871 2871 2835 2835 2837 2837 2871 2871 2837 2837 2839 2839 2871 2871 2839 2839 2841 2841 2871 2871 2841 2841 2843 2843 2871 2871 2843 2843 2845 2845 2871 2871 2845 2845 2847 2847 2871 2871 2847 2847 2849 2849 2871 2871 2849 2849 2851 2851 2871 2871 2851 2851 2853 2853 2871 2871 2853 2853 2855 2855 2871 2871 2871 2871 2855 2855 2872 2872 2856 2856 2857 2857 2873 2873 2857 2857 2858 2858 2873 2873 2873 2873 2858 2858 2874 2874 2858 2858 2859 2859 2874 2874 2859 2859 2861 2861 2874 2874 2874 2874 2861 2861 2875 2875 2861 2861 2863 2863 2875 2875 2875 2875 2863 2863 2876 2876 2863 2863 2866 2866 2876 2876 2866 2866 2867 2867 2876 2876 2876 2876 2867 2867 2877 2877 2867 2867 2868 2868 2877 2877 2868 2868 2869 2869 2877 2877 2870 2870 2871 2871 2878 2878 2878 2878 2871 2871 2879 2879 2871 2871 2872 2872 2879 2879 2873 2873 2874 2874 2880 2880 2874 2874 2875 2875 2880 2880 2875 2875 2876 2876 2880 2880 2877 2877 2880 2880 2876 2876 2328 2328 2330 2330 2325 2325</p>
        </polylist>
      </mesh>
    </geometry>
  </library_geometries>
  <library_controllers>
  </library_controllers>
  <library_visual_scenes>
    <visual_scene id="Scene" name="Scene">
      <node id="mesh-a3284808-f792-4f1c-90fa-b52b4b842b75" name="mesh-a3284808-f792-4f1c-90fa-b52b4b842b75" type="NODE">
        <matrix sid="matrix">1 0 0 0 0 1 0 0 0 0 1 0 0 0 0 1</matrix>
        <instance_geometry url="#meshId0">
          <bind_material>
            <technique_common>
              <instance_material symbol="defaultMaterial" target="#m0mat">
              </instance_material>
            </technique_common>
          </bind_material>
        </instance_geometry>
      </node>
    </visual_scene>
  </library_visual_scenes>
  <scene>
    <instance_visual_scene url="#Scene" />
  </scene>
</COLLADA>