<?xml version='1.0' encoding='utf-8'?>
<COLLADA xmlns="http://www.collada.org/2005/11/COLLADASchema" version="1.4.1">
  <asset>
    <contributor>
      <author>Assimp</author>
      <authoring_tool>Assimp Exporter</authoring_tool>
    </contributor>
    <created>2026-10-09T10:33:49</created>
    <modified>2026-10-09T10:33:49</modified>
    <unit name="meter" meter="1" />
    <up_axis>Y_UP</up_axis>
  </asset>
  <library_effects>
    <effect id="m0mat-fx" name="m0mat">
      <profile_COMMON>
        <technique sid="standard">
          <phong>
            <emission>
              <color sid="emission">0   0   0   1</color>
            </emission>
            <diffuse>
              <color sid="diffuse">0.9254902   0.9254902   0.90588236   1</color>
            </diffuse>
            <shininess>
              <float sid="shininess">0</float>
            </shininess>
          </phong>
        </technique>
      </profile_COMMON>
    </effect>
    <effect id="m1mat-fx" name="m1mat">
      <profile_COMMON>
        <technique sid="standard">
          <phong>
            <emission>
              <color sid="emission">0   0   0   1</color>
            </emission>
            <diffuse>
              <color sid="diffuse">0   0   0   1</color>
            </diffuse>
            <shininess>
              <float sid="shininess">0</float>
            </shininess>
          </phong>
        </technique>
      </profile_COMMON>
    </effect>
    <effect id="m2mat-fx" name="m2mat">
      <profile_COMMON>
        <technique sid="standard">
          <phong>
            <emission>
              <color sid="emission">0   0   0   1</color>
            </emission>
            <diffuse>
              <color sid="diffuse">1   1   1   1</color>
            </diffuse>
            <shininess>
              <float sid="shininess">0</float>
            </shininess>
          </phong>
        </technique>
      </profile_COMMON>
    </effect>
  </library_effects>
  <library_materials>
    <material id="m0mat" name="m0mat">
      <instance_effect url="#m0mat-fx" />
    </material>
    <material id="m1mat" name="m1mat">
      <instance_effect url="#m1mat-fx" />
    </material>
    <material id="m2mat" name="m2mat">
      <instance_effect url="#m2mat-fx" />
    </material>
  </library_materials>
  <library_geometries>
    <geometry id="meshId0" name="meshId0_name">
      <mesh>
        <source id="meshId0-positions" name="meshId0-positions">
          <float_array id="meshId0-positions-array" count="11832"> -0.040473945 -0.028785974 4.7385693e-06 -0.040473945 -0.039870158 4.7385693e-06 -0.040404234 -0.055973593 0.0020263866 -0.040473945 -0.056182727 4.7385693e-06 -0.040404234 -0.057367828 4.7385693e-06 -0.0401951 -0.058204371 0.0018172488 -0.034130167 -0.061201978 0.018826939 -0.0319691 -0.061689962 0.021824546 -0.034827288 -0.059389472 0.01952406 -0.032735933 -0.059877455 0.022591375 -0.029668611 -0.061899099 0.024613015 -0.030435441 -0.060156301 0.025379844 -0.027158985 -0.062038522 0.027192362 -0.027995527 -0.060226016 0.028028898 -0.025346477 -0.060226016 0.030468814 -0.024509935 -0.061968811 0.029701985 -0.022488292 -0.059947167 0.0327693 -0.021721462 -0.061759673 0.032002471 -0.01942097 -0.059528895 0.034860663 -0.018723853 -0.061341405 0.034163542 0.030980691 -0.063153908 0.020709157 0.032026365 -0.061689962 0.021824546 0.028610483 -0.063432761 0.023497634 0.029725872 -0.061899099 0.024613015 0.026100859 -0.063502468 0.026076965 0.027216248 -0.062038522 0.027192362 0.024567202 -0.061968811 0.029701985 0.02352152 -0.063432761 0.028586589 0.021778725 -0.061759673 0.032002471 0.020733047 -0.063223623 0.030956797 0.017805152 -0.062944777 0.033117868 0.014668118 -0.062387079 0.035139509 0.016480625 -0.064199589 0.031793334 0.013483018 -0.063711606 0.033884697 0.00044690445 -0.063641891 0.036254905 0.0019108504 -0.062526502 0.03771884 2.8632581e-05 -0.062596217 0.037579425 2.8632581e-05 -0.061341405 0.038764529 0.0030262396 -0.061132267 0.038903944 -0.015586819 -0.06078371 0.036115475 -0.014610855 -0.062387079 0.035139509 -0.012170941 -0.059947167 0.03785827 -0.011334397 -0.061689962 0.036952011 -0.0077790953 -0.060713999 0.038555391 -0.0081973635 -0.059807744 0.038973667 -0.0084762126 -0.058831777 0.039252512 -0.0042935014 -0.057298116 0.040228479 -0.0041540787 -0.058413506 0.040019341 -0.0038752295 -0.059389472 0.039740495 -0.0034569614 -0.060295727 0.039391927 -0.0034569614 -0.060295727 0.039391927 -0.0030386895 -0.061132267 0.038903944 -0.0030386895 -0.061132267 0.038903944 2.8632581e-05 -0.058064945 0.040298186 2.8632581e-05 -0.059807744 0.039740495 2.8632581e-05 -0.059807744 0.039740495 0.001004599 -0.060365438 0.039391927 0.0039324947 -0.059389472 0.039740495 0.0059541389 -0.060086589 0.03918279 0.0067906789 -0.062247656 0.037509717 0.0078363568 -0.060713999 0.038555391 0.010276273 -0.0630842 0.03583663 0.011391662 -0.061689962 0.036952011 0.012228202 -0.059947167 0.03785827 0.015644085 -0.06078371 0.036115475 0.018781114 -0.061341405 0.034163542 0.019478235 -0.059528895 0.034860663 0.022545554 -0.059947167 0.0327693 0.02533403 -0.060226016 0.030538522 0.028052792 -0.060226016 0.028028898 0.030492708 -0.060156301 0.025379844 0.032793194 -0.059877455 0.022591375 0.03488455 -0.059389472 0.01952406 0.034187429 -0.061201978 0.018826939 0.03321147 -0.062805355 0.017781258 0.036139362 -0.060574573 0.015689902 0.03523311 -0.062247656 0.014713943 0.037882157 -0.059738033 0.012274027 0.03704562 -0.061480828 0.011437483 0.038648993 -0.06043515 0.0078821778 0.038997546 -0.059528895 0.0083004534 0.03983409 -0.059110627 0.0039783195 0.039485529 -0.060016878 0.0035600439 0.038997546 -0.06078371 0.0030720606 0.037603311 -0.061968811 0.0068365037 0.035930231 -0.062875062 0.010252379 0.033978298 -0.063572183 0.013459124 0.031886943 -0.064060166 0.016456738 0.029656164 -0.064408727 0.01938463 0.027285963 -0.064617857 0.022103392 0.024776332 -0.064687572 0.024682738 0.022127286 -0.064617857 0.027192362 0.019408524 -0.064478435 0.029562555 0.017805152 -0.065454401 0.02795919 0.014946964 -0.065175556 0.030259676 0.011949357 -0.064826995 0.032420747 0.0088123232 -0.064269304 0.03437268 0.0054661557 -0.063502468 0.036185183 0.0039324947 -0.064478435 0.034581818 2.8632581e-05 -0.063851029 0.03583663 -0.00038963929 -0.063641891 0.036254905 -0.001853589 -0.062526502 0.037649132 -0.0054088905 -0.063502468 0.036185183 -0.0067334175 -0.062247656 0.037509717 -0.010219008 -0.0630842 0.03583663 -0.013425753 -0.063711606 0.033884697 -0.016423361 -0.064199589 0.031793334 -0.017747886 -0.062944777 0.033117868 -0.020675784 -0.063223623 0.030956797 -0.023464257 -0.063432761 0.028586589 -0.026113307 -0.063502468 0.026076965 -0.028553221 -0.063432761 0.023497634 -0.030923424 -0.063153908 0.020709157 -0.033154204 -0.062805355 0.017781258 -0.036151811 -0.060574573 0.015689902 -0.035175845 -0.062247656 0.014713943 -0.037824895 -0.059738033 0.012274027 -0.036988355 -0.061480828 0.011437483 -0.038591728 -0.06043515 0.0078821778 -0.039219134 -0.058552928 0.0085792989 -0.039497979 -0.056252439 0.0087884367 -0.038312878 -0.057646677 0.01276201 -0.036709506 -0.058622643 0.0162476 -0.03691864 -0.05632215 0.016526446 -0.035175845 -0.057158694 0.019872613 -0.033154204 -0.057716388 0.02300965 -0.030923424 -0.058064945 0.025867827 -0.028413799 -0.058204371 0.028516881 -0.025764748 -0.058064945 0.030956797 -0.022906562 -0.0577861 0.033257283 -0.019769531 -0.057298116 0.035278939 -0.016423361 -0.056531288 0.037021734 -0.016214225 -0.058831777 0.036742873 -0.012658922 -0.057855811 0.038346253 -0.0087550581 -0.056531288 0.039531358 -0.0086156353 -0.0577861 0.039461635 -0.0043632127 -0.056043305 0.040298186 -0.0019930117 -0.056252439 0.040437602 -0.0017141625 -0.058552928 0.040158756 -0.0017141625 -0.058552928 0.040158756 2.8632581e-05 -0.0577861 0.040367894 2.8632581e-05 -0.0577861 0.040367894 2.8632581e-05 -0.0577861 0.040367894 0.0017714277 -0.058552928 0.040158756 0.0020502768 -0.056252439 0.040437602 0.0043507665 -0.057298116 0.040228479 0.0065118335 -0.05813466 0.039810203 0.0085334778 -0.058831777 0.039252512 0.0088123232 -0.056531288 0.039531358 0.012716185 -0.057855811 0.038346253 0.016201779 -0.058831777 0.036742873 0.016480625 -0.056531288 0.037021734 0.019826792 -0.057298116 0.035278939 0.022963829 -0.0577861 0.033257283 0.025822014 -0.058064945 0.030956797 0.02847106 -0.058204371 0.028516881 0.030980691 -0.058064945 0.025867827 0.03321147 -0.057716388 0.02300965 0.03523311 -0.057158694 0.019872613 0.036975905 -0.05632215 0.016526446 0.036766768 -0.058622643 0.016317315 0.03837014 -0.057646677 0.01276201 0.039555244 -0.056252439 0.0087884367 0.039485529 -0.057437539 0.0087187216 0.039276399 -0.058552928 0.0085792989 0.040252365 -0.056949556 0.0043965876 0.040112935 -0.058064945 0.0042571649 0.040252365 -0.058204371 0.0018172488 0.040252365 -0.058204371 0.0018172488 0.040461496 -0.057367828 4.7385693e-06 0.040461496 -0.057367828 4.7385693e-06 0.040461496 -0.057367828 4.7385693e-06 0.040322073 -0.057855811 4.7385693e-06 0.039764382 -0.05959861 4.7385693e-06 0.035511956 -0.063851029 4.7385693e-06 0.037324466 -0.062596217 4.7385693e-06 0.037324466 -0.062596217 4.7385693e-06 0.036418214 -0.063293338 0.00042301416 0.036418214 -0.063293338 0.00042301416 0.036418214 -0.063293338 0.00042301416 0.038788415 -0.061132267 4.7385693e-06 0.038788415 -0.061132267 4.7385693e-06 0.037812449 -0.062177945 0.0018869638 0.036278784 -0.063223623 0.0055119768 0.034466282 -0.063990451 0.0087884367 0.032514349 -0.064617857 0.011925466 0.030353278 -0.065036133 0.014923073 0.028052792 -0.065384693 0.017781258 0.02317296 -0.065663539 0.023079358 0.020523913 -0.065593824 0.025588982 0.015992641 -0.06622123 0.026146688 0.013204169 -0.066012099 0.028447174 0.010206562 -0.065663539 0.030677952 0.0071392395 -0.065175556 0.032699592 0.005326733 -0.065872669 0.030817367 0.0021199882 -0.065314978 0.0327693 2.8632581e-05 -0.06489671 0.033814989 0.00023776665 -0.065942384 0.03088709 2.8632581e-05 -0.065872669 0.031026505 2.8632581e-05 -0.065872669 0.030956797 2.8632581e-05 -0.066709213 0.027471207 2.8632581e-05 -0.066012099 0.030677952 -0.0021324344 -0.065314978 0.0327693 -0.0038752295 -0.064478435 0.034581818 -0.0070819743 -0.065175556 0.032699592 -0.0087550581 -0.064269304 0.03437268 -0.011892091 -0.064826995 0.032420747 -0.014889702 -0.065175556 0.030259676 -0.017747886 -0.065454401 0.02795919 -0.019351259 -0.064478435 0.029562555 -0.02207002 -0.064617857 0.027192362 -0.024719071 -0.064687572 0.024682738 -0.027228696 -0.064617857 0.022103392 -0.029598899 -0.064408727 0.01938463 -0.031829678 -0.064060166 0.016456738 -0.033921033 -0.063572183 0.013459124 -0.035872966 -0.062875062 0.010252379 -0.03754605 -0.061968811 0.0068365037 -0.039219134 -0.059807744 0.00599996 -0.039776828 -0.0577861 0.0065576583 -0.0401951 -0.056949556 0.0043965876 -0.040264811 -0.055973593 0.0043965876 -0.039916251 -0.055973593 0.006697081 -0.039637405 -0.055973593 0.0082307383 -0.039637405 -0.055973593 0.0083004534 -0.039358556 -0.055973593 0.0094158426 -0.038591728 -0.055973593 0.012274027 -0.037127778 -0.055973593 0.016177885 -0.036639795 -0.055973593 0.017223567 -0.035245556 -0.055973593 0.019942328 -0.033014778 -0.055973593 0.023427926 -0.032317661 -0.055973593 0.02433417 -0.030435441 -0.055973593 0.026704378 -0.027507544 -0.055973593 0.029701985 -0.026671002 -0.055973593 0.030468814 -0.025904171 -0.055973593 0.031096227 -0.024300799 -0.055973593 0.032351039 -0.02088492 -0.055973593 0.034721233 -0.019908953 -0.055973593 0.035278939 -0.017190192 -0.055973593 0.036673166 -0.013356041 -0.055973593 0.038206823 -0.012240652 -0.055973593 0.038625099 -0.0093824677 -0.055973593 0.039391927 -0.0052694678 -0.055973593 0.040158756 -0.0043632127 -0.055973593 0.040298186 -0.0019930117 -0.055973593 0.040437602 -0.0015050285 -0.055973593 0.040507324 -0.0010867566 -0.055973593 0.040507324 2.8632581e-05 -0.055973593 0.040507324 0.0011440217 -0.055973593 0.040507324 0.0015622936 -0.055973593 0.040507324 0.0020502768 -0.055973593 0.040437602 0.0044204779 -0.055973593 0.040298186 0.0052570179 -0.055973593 0.040158756 0.0066512562 -0.055973593 0.039949618 0.0074878 -0.055973593 0.039810203 0.0088123232 -0.055973593 0.039531358 0.0093700178 -0.055973593 0.039391927 0.012297913 -0.055973593 0.038625099 0.013343591 -0.055973593 0.038276546 0.017247457 -0.055973593 0.036673166 0.019966219 -0.055973593 0.035278939 0.02087247 -0.055973593 0.034721233 0.024358064 -0.055973593 0.032420747 0.025961436 -0.055973593 0.031096227 0.026728265 -0.055973593 0.030468814 0.027564809 -0.055973593 0.029701985 0.030422993 -0.055973593 0.026774086 0.032374926 -0.055973593 0.02433417 0.033002332 -0.055973593 0.023497634 0.03523311 -0.055973593 0.019942328 0.03669706 -0.055973593 0.017223567 0.036975905 -0.055973593 0.016526446 0.037115328 -0.055973593 0.0162476 0.038579278 -0.055973593 0.012343735 0.039415821 -0.055973593 0.0094158426 0.039694667 -0.055973593 0.0083004534 0.039694667 -0.055973593 0.0082307383 0.04018265 -0.055973593 0.0052331313 0.040252365 -0.055973593 0.0043965876 0.040322073 -0.055973593 0.0041874498 0.040461496 -0.055973593 0.0024446547 0.040461496 -0.055973593 0.0020263866 0.040531211 -0.055973593 4.7385693e-06 0.040531211 -0.055973593 4.7385693e-06 0.040531211 -0.054091372 4.7385693e-06 0.040531211 -0.044471137 4.7385693e-06 0.040531211 -0.027531162 -0.00076209009 0.040531211 -0.024324417 4.7385693e-06 0.040531211 -0.028646551 4.7385693e-06 0.040531211 -0.017074388 4.7385693e-06 0.040461496 -0.01372822 -0.0025745928 0.040531211 -0.0050839484 4.7385693e-06 0.040252365 0.0005627051 -0.0046659485 0.039346106 0.0056516752 -0.0096154884 0.03983409 -0.008708965 -0.00738471 0.040112935 -0.022721045 -0.0053630695 0.040322073 -0.035896584 -0.0037596971 0.040531211 -0.03966102 4.7385693e-06 0.040531211 -0.042449497 4.7385693e-06 0.040461496 -0.048026443 -0.0022260398 0.040391788 -0.055834167 -0.0032019988 0.040112935 -0.055555321 -0.0055722073 0.039694667 -0.057507254 -0.0066178814 0.04018265 -0.057925522 -0.0032019988 0.039415821 -0.059807744 -0.0032019988 0.038230717 -0.061480828 -0.0032019988 0.036766768 -0.062875062 -0.0031322911 0.035023972 -0.063920744 -0.0031322911 0.033141755 -0.06475728 -0.0031322911 0.033072039 -0.064966418 4.7385693e-06 0.032932617 -0.065036133 0.0020960942 0.034745127 -0.064199589 0.0039086044 0.032862909 -0.06489671 0.0071153492 0.030771554 -0.065454401 0.010182671 0.026240282 -0.066151522 0.015968755 0.021360453 -0.066360652 0.021266855 0.019338813 -0.066918351 0.019245207 0.014040712 -0.066778928 0.024194755 0.011252239 -0.06656979 0.026495241 0.00832434 -0.066290945 0.028726019 0.0012137331 -0.066848636 0.026634671 2.8632581e-05 -0.066778928 0.027122654 2.8632581e-05 -0.067406334 0.02287022 -0.0011564679 -0.066848636 0.026634671 -0.0052694678 -0.065872669 0.030817367 -0.0082670785 -0.066290945 0.028726019 -0.010219008 -0.065663539 0.030677952 -0.013146905 -0.066012099 0.028447174 -0.015935378 -0.06622123 0.026146688 -0.023115698 -0.065663539 0.023079358 -0.025625326 -0.065524116 0.020500019 -0.027995527 -0.065384693 0.017781258 -0.030296016 -0.065036133 0.014923073 -0.032457083 -0.064617857 0.011925466 -0.034409016 -0.063990451 0.0087884367 -0.036221523 -0.063223623 0.0055119768 -0.038940284 -0.06078371 0.0030720606 -0.039776828 -0.059110627 0.0039783195 -0.040404234 -0.055973593 0.0024446547 -0.040264811 -0.055973593 0.0041874498 -0.039358556 0.0064882115 0.0094158426 -0.039358556 0.0064882115 0.0094158426 -0.039358556 0.0064882115 0.0094158426 -0.036639795 0.0064882115 0.017223567 -0.036639795 0.0064882115 0.017223567 -0.032317661 0.0064882115 0.02433417 -0.032317661 0.0064882115 0.02433417 -0.026671002 0.0064882115 0.030468814 -0.026671002 0.0064882115 0.030468814 -0.019908953 0.0064882115 0.035278939 -0.019908953 0.0064882115 0.035278939 -0.012240652 0.0064882115 0.038625099 -0.012240652 0.0064882115 0.038625099 -0.0041540787 0.0064882115 0.040298186 -0.0041540787 0.0064882115 0.040298186 -0.0041540787 0.0064882115 0.040298186 0.0042113438 0.0064882115 0.040298186 0.0042113438 0.0064882115 0.040298186 0.0042113438 0.0064882115 0.040298186 0.012297913 0.0064882115 0.038625099 0.012297913 0.0064882115 0.038625099 0.019966219 0.0064882115 0.035278939 0.019966219 0.0064882115 0.035278939 0.026728265 0.0064882115 0.030468814 0.026728265 0.0064882115 0.030468814 0.032374926 0.0064882115 0.02433417 0.032374926 0.0064882115 0.02433417 0.03669706 0.0064882115 0.017223567 0.03669706 0.0064882115 0.017223567 0.039415821 0.0064882115 0.0094158426 0.039415821 0.0064882115 0.0094158426 0.040531211 0.0064882115 0.0011201352 0.040531211 0.0064882115 0.0011201352 0.040531211 -0.0049445257 4.7385693e-06 0.040531211 0.0064882115 4.7385693e-06 0.040531211 0.0064882115 4.7385693e-06 0.040461496 0.0064882115 -0.0025745928 0.040461496 0.0064882115 -0.0025745928 0.040391788 0.0064882115 -0.0029231533 0.040391788 0.0064882115 -0.0029231533 0.039973512 0.0064882115 -0.0066875964 0.039973512 0.0064882115 -0.0066875964 0.039067261 0.0064882115 -0.010730878 0.039067261 0.0064882115 -0.010730878 0.038579278 -0.004177697 -0.012194827 0.039136976 -0.018189777 -0.010033764 0.039555244 -0.031644162 -0.0083606765 0.039903805 -0.04412258 -0.0068967268 0.039136976 -0.051930305 -0.010312609 0.040112935 -0.055206761 -0.0055024922 0.040112935 -0.055206761 -0.0055024922 0.039206684 -0.054579355 -0.010033764 0.039206684 -0.054579355 -0.010033764 0.038997546 -0.05667071 -0.0099640489 0.038230717 -0.058692355 -0.0098943412 0.038927838 -0.059459183 -0.0066178814 0.037742734 -0.061132267 -0.0065481737 0.036209077 -0.062456794 -0.0065481737 0.034466282 -0.063572183 -0.0064784586 0.032653771 -0.064408727 -0.0064087436 0.029307604 -0.066012099 -0.0030625761 0.029795587 -0.066012099 4.7385693e-06 0.030980691 -0.065663539 0.005302839 0.028889336 -0.066151522 0.0083004534 0.024288349 -0.066709213 0.013947107 0.019966219 -0.067476042 0.0095552653 0.014877252 -0.067615472 0.014783651 0.009648867 -0.067545757 0.019733191 0.0040719174 -0.067197196 0.0244736 2.8632581e-05 -0.067824602 0.016665868 -0.0040146559 -0.067197196 0.0244736 -0.0095916018 -0.067545757 0.019733191 -0.013983447 -0.066778928 0.024194755 -0.02130319 -0.066360652 0.021266855 -0.02618302 -0.066151522 0.015968755 -0.030714288 -0.065454401 0.010182671 -0.032805644 -0.06489671 0.0071153492 -0.034687862 -0.064199589 0.0039086044 -0.036360949 -0.063293338 0.00042301416 -0.037755184 -0.062177945 0.0018869638 -0.039497979 -0.060016878 0.0010504201 -0.040264811 -0.058064945 4.7385693e-06 -0.040125385 -0.057716388 -0.0034808517 -0.040055674 -0.055555321 -0.0055722073 -0.040334523 -0.055834167 -0.0035505593 -0.040473945 -0.055973593 4.7385693e-06 -0.040473945 -0.050048083 4.7385693e-06 -0.040473945 0.0064882115 0.0011201352 -0.040473945 0.0064882115 0.0011201352 -0.040473945 0.0064882115 0.0011201352 -0.040473945 0.0064882115 4.7385693e-06 -0.040473945 0.0064882115 4.7385693e-06 -0.040473945 -0.0048051029 4.7385693e-06 -0.040404234 0.0064882115 -0.0019471869 -0.040404234 0.0064882115 -0.0019471869 -0.03691864 0.0064882115 -0.015331864 -0.039219134 0.0064882115 -0.010103472 -0.039219134 0.0064882115 -0.010103472 -0.039219134 0.0064882115 -0.0078029856 -0.040055674 0.0064882115 -0.0060601905 -0.040055674 0.0064882115 -0.0060601905 -0.040404234 0.0064882115 -0.0029231533 -0.040404234 0.0064882115 -0.0029231533 -0.039985962 0.0064882115 4.7385693e-06 -0.039079711 0.0064882115 0.0083004534 -0.036500372 0.0064882115 0.0162476 -0.032317661 0.0064882115 0.023497634 -0.026740715 0.0064882115 0.029701985 -0.019978665 0.0064882115 0.034651525 -0.012310363 0.0064882115 0.038067408 -0.0041540787 0.0064882115 0.039810203 0.0042113438 0.0064882115 0.039810203 0.012367629 0.0064882115 0.038067408 0.02003593 0.0064882115 0.034651525 0.02679798 0.0064882115 0.029701985 0.032374926 0.0064882115 0.023497634 0.036557637 0.0064882115 0.0162476 0.039136976 0.0064882115 0.0083004534 0.040043227 0.0064882115 4.7385693e-06 0.039276399 0.0064882115 -0.0078029856 0.036975905 0.0064882115 -0.015331864 -0.029459476 0.0063487887 -0.027949706 -0.029529188 0.0064882115 -0.027949706 -0.029529188 0.0064882115 -0.027949706 -0.029110916 0.0064882115 -0.028367974 -0.029110916 0.0064882115 -0.028367974 0.0051873066 0.0013992488 -0.040776681 0.0017714277 7.4721873e-05 -0.041264664 0.0014228672 0.0022357926 -0.040637258 2.8632581e-05 0.0016083866 -0.040776681 2.8632581e-05 0.0036300272 -0.040497836 -0.0013656057 0.0022357926 -0.040637258 -0.0017838776 7.4721873e-05 -0.041264664 2.8632581e-05 -6.4700842e-05 -0.041334376 2.8632581e-05 -0.0018772036 -0.042449769 0.0023291223 -0.001807496 -0.042310342 0.0055358671 -0.0006223917 -0.041543514 0.0086729005 0.00035357475 -0.040776681 0.0083940513 0.0025843531 -0.040218987 0.011670507 0.0011901185 -0.040009852 0.011531085 0.0034906045 -0.039452158 0.011531085 0.0059305206 -0.039103597 0.0082546286 0.0049545541 -0.03987043 0.0049084611 0.0037694499 -0.040358413 0.0048387498 0.006209366 -0.040218987 0.0012137331 0.0046757087 -0.040497836 2.8632581e-05 0.0039785877 -0.040497836 2.8632581e-05 0.0043968558 -0.040497836 -0.0011564679 0.0046757087 -0.040497836 -0.0047814846 0.006209366 -0.040218987 -0.004851196 0.0037694499 -0.040358413 -0.0051300451 0.0013992488 -0.040776681 -0.0083367899 0.0025843531 -0.040218987 -0.0082670785 0.0049545541 -0.03987043 -0.011473821 0.0059305206 -0.039103597 -0.011473821 0.0034906045 -0.039452158 -0.01447143 0.0041877255 -0.038476191 -0.01447143 0.0018175244 -0.038964175 -0.017259903 0.0022357926 -0.037709363 -0.017259903 5.0142407e-06 -0.038336769 -0.014610855 -0.00034354627 -0.039661296 -0.011613244 0.0011901185 -0.040009852 -0.0086156353 0.00035357475 -0.040776681 -0.0054786019 -0.0006223917 -0.041543514 -0.0022718571 -0.001807496 -0.042310342 2.8632581e-05 -0.0026440397 -0.043077175 2.8632581e-05 -0.0033411533 -0.043704581 0.0030262396 -0.0034108683 -0.043704581 0.0060935616 -0.0025046095 -0.042658903 0.0090214573 -0.0015983582 -0.041682936 0.011879645 -0.00090123713 -0.04070697 0.014668118 -0.00034354627 -0.039661296 0.014528695 0.0018175244 -0.038964175 0.014528695 0.0041877255 -0.038476191 0.01738688 0.0046757087 -0.03722138 0.015713796 0.0064882115 -0.037709363 0.015713796 0.0064882115 -0.037709363 0.013692152 0.0064882115 -0.038406484 0.013692152 0.0064882115 -0.038406484 0.012297913 0.0064882115 -0.03889446 0.012297913 0.0064882115 -0.03889446 0.0083940513 0.0064882115 -0.039731003 0.0083940513 0.0064882115 -0.039731003 0.0082546286 0.0064882115 -0.039731003 0.0082546286 0.0064882115 -0.039731003 0.0056055784 0.0064882115 -0.040149275 0.0056055784 0.0064882115 -0.040149275 0.0048387498 0.0064882115 -0.040218987 0.0048387498 0.0064882115 -0.040218987 0.0041416287 0.0064882115 -0.040288702 0.0041416287 0.0064882115 -0.040288702 2.8632581e-05 0.0064882115 -0.040497836 2.8632581e-05 0.0064882115 -0.040497836 -0.0041540787 0.0064882115 -0.040288702 -0.0041540787 0.0064882115 -0.040288702 -0.0047814846 0.0064882115 -0.040218987 -0.0047814846 0.0064882115 -0.040218987 -0.0056180283 0.0064882115 -0.040149275 -0.0056180283 0.0064882115 -0.040149275 -0.0081973635 0.0064882115 -0.039731003 -0.0081973635 0.0064882115 -0.039731003 -0.0084762126 0.0064882115 -0.039731003 -0.0084762126 0.0064882115 -0.039731003 -0.012380075 0.0064882115 -0.038824752 -0.012380075 0.0064882115 -0.038824752 -0.0137046 0.0064882115 -0.038406484 -0.0137046 0.0064882115 -0.038406484 -0.016144514 0.0064882115 -0.03756994 -0.016144514 0.0064882115 -0.03756994 -0.019839242 0.0024449304 -0.036315128 -0.019630106 0.0064882115 -0.035896853 -0.019630106 0.0064882115 -0.035896853 -0.028971493 0.0064882115 -0.028507397 -0.028971493 0.0064882115 -0.028507397 -0.025973883 0.0064882115 -0.031365588 -0.025973883 0.0064882115 -0.031365588 -0.026810426 0.0017478094 -0.031017028 -0.024649359 0.0022357926 -0.032899246 -0.022906562 0.0064882115 -0.033805497 -0.022906562 0.0064882115 -0.033805497 -0.022348868 0.0024449304 -0.034642041 -0.019699818 -0.0020863414 -0.03756994 -0.017259903 -0.0021560565 -0.039103597 -0.015029125 -0.004177697 -0.041473802 -0.017399328 -0.0041079819 -0.040009852 -0.014750278 -0.0023651868 -0.040497836 -0.01182238 -0.00090123713 -0.04070697 -0.0089641958 -0.0015983582 -0.041682936 -0.0060362965 -0.0025046095 -0.042658903 -0.0029689781 -0.0034108683 -0.043704581 2.8632581e-05 -0.0045262575 -0.045238242 0.0038627833 -0.0046656802 -0.045447376 0.00086517259 -0.0053628013 -0.046911325 0.0047690384 -0.0055719316 -0.047329597 0.0083940513 -0.0059902035 -0.047538731 0.0074878 -0.0051536635 -0.045726225 0.010136846 -0.0047353879 -0.044262275 0.0067209676 -0.0039685592 -0.044053137 0.012228202 -0.0027834624 -0.041752648 0.014807541 -0.0023651868 -0.040497836 0.017317168 -0.0021560565 -0.039103597 0.017317168 5.0142407e-06 -0.038336769 0.017317168 0.0022357926 -0.037709363 0.019269098 0.0064882115 -0.03610599 0.019269098 0.0064882115 -0.03610599 0.029516742 0.0063487887 -0.027949706 0.02847106 0.0064882115 -0.029065095 0.02847106 0.0064882115 -0.029065095 0.031329244 0.0064882115 -0.02585835 0.031329244 0.0064882115 -0.02585835 0.033281177 0.0064882115 -0.022233337 0.028331637 0.0064882115 -0.028298266 0.022266708 0.0064882115 -0.033247806 0.025543161 0.0064882115 -0.031783856 0.025543161 0.0064882115 -0.031783856 0.022475846 0.0064882115 -0.034154058 0.022475846 0.0064882115 -0.034154058 0.015365236 0.0064882115 -0.036942534 0.0078363568 0.0064882115 -0.03924302 2.8632581e-05 0.0064882115 -0.040009852 -0.0077790953 0.0064882115 -0.03924302 -0.015307972 0.0064882115 -0.036942534 -0.022209445 0.0064882115 -0.033247806 -0.028274374 0.0064882115 -0.028298266 -0.031411406 0.0064882115 -0.025649212 -0.031411406 0.0064882115 -0.025649212 -0.033223916 0.0064882115 -0.022233337 -0.031620543 0.0064882115 -0.025370367 -0.031620543 0.0064882115 -0.025370367 -0.031271983 0.0054425374 -0.02585835 -0.028762357 0.0011204034 -0.02899538 -0.026252732 -0.0032017305 -0.032132417 -0.024161376 -0.0026440397 -0.03408435 -0.022000309 -0.0022954792 -0.035896853 -0.019769531 -0.0061296299 -0.03924302 -0.017608464 -0.0058507808 -0.040985819 -0.015377684 -0.0057810694 -0.042658903 -0.017887311 -0.0074541532 -0.042101208 -0.0137046 -0.0068964586 -0.04565651 -0.013146905 -0.0057810694 -0.044262275 -0.012589211 -0.0043868348 -0.042868037 -0.012170941 -0.0027834624 -0.041752648 -0.0094521791 -0.0033411533 -0.042868037 -0.0066637062 -0.0039685592 -0.044053137 -0.0038055182 -0.0046656802 -0.045447376 -0.00080791116 -0.0053628013 -0.046911325 2.8632581e-05 -0.0053628013 -0.047050748 2.8632581e-05 -0.0059204921 -0.049072392 0.0019805618 -0.0059204921 -0.049072392 0.003165666 -0.0059902035 -0.051233459 0.0058147125 -0.0060599148 -0.049351238 0.0093700178 -0.0064781867 -0.049351238 0.011600796 -0.0066873245 -0.04746902 0.010833967 -0.0058507808 -0.045865647 0.013204169 -0.0057810694 -0.044262275 0.012646474 -0.0043868348 -0.042868037 0.01508639 -0.004177697 -0.041473802 0.017456591 -0.0041079819 -0.040009852 0.019757081 -0.0020863414 -0.03756994 0.019896507 0.0024449304 -0.036315128 0.022406131 0.0024449304 -0.034642041 0.024706624 0.0022357926 -0.032899246 0.026867688 0.0017478094 -0.031017028 0.028819621 0.0011204034 -0.02899538 0.02993501 -0.004874818 -0.028019413 0.030632131 0.00021415204 -0.026904024 0.031329244 0.0054425374 -0.02585835 0.033769161 0.0064882115 -0.022442468 0.033769161 0.0064882115 -0.022442468 0.035999939 0.0064882115 -0.018678032 0.035999939 0.0064882115 -0.018678032 0.037742734 0.0064882115 -0.014774166 0.037742734 0.0064882115 -0.014774166 0.036766768 -0.00020412356 -0.016935237 0.037742734 -0.0020863414 -0.014565028 0.037673026 -0.014076777 -0.014704458 0.038300432 -0.027600873 -0.012961663 0.038788415 -0.040358141 -0.011567421 0.037742734 -0.048723564 -0.014983304 0.037115328 -0.052209154 -0.016516961 0.038997546 -0.054300509 -0.010940015 0.038997546 -0.054300509 -0.010940015 0.038997546 -0.054300509 -0.010940015 0.038021587 -0.055625033 -0.013170794 0.037394173 -0.057576966 -0.013101086 0.036209077 -0.059250049 -0.013031371 0.03704562 -0.060365438 -0.0098246261 0.035581671 -0.061689962 -0.0098246261 0.033838876 -0.062875062 -0.0097549185 0.032026365 -0.063781321 -0.0096852034 0.028749906 -0.065733247 -0.0063390359 0.02533403 -0.066848636 -0.0029928684 0.025752299 -0.066848636 4.7385693e-06 0.026867688 -0.066709213 0.0011201352 0.024636909 -0.067057773 0.0040480271 0.015156101 -0.067894317 0.0047451481 0.010067135 -0.067964025 0.0099038258 0.0048387498 -0.067894317 0.014923073 2.8632581e-05 -0.06803374 0.0078124702 -0.0047814846 -0.067894317 0.014923073 -0.014889702 -0.067615472 0.014783651 -0.019281548 -0.066918351 0.019245207 -0.024231087 -0.066709213 0.013947107 -0.028832069 -0.066151522 0.0083004534 -0.026880138 -0.066709213 0.0011201352 -0.030923424 -0.065663539 0.005302839 -0.032945067 -0.065036133 0.0020960942 -0.032875355 -0.065036133 4.7385693e-06 -0.035454694 -0.063851029 4.7385693e-06 -0.037267201 -0.062665932 4.7385693e-06 -0.038522013 -0.061480828 4.7385693e-06 -0.03956769 -0.059807744 4.7385693e-06 -0.039428268 -0.059668317 -0.0034808517 -0.038940284 -0.059250049 -0.0068967268 -0.039637405 -0.057228405 -0.0068967268 -0.039079711 -0.054509643 -0.010312609 -0.040055674 -0.055206761 -0.0055024922 -0.040404234 -0.048026443 -0.0022260398 -0.040473945 -0.041822091 4.7385693e-06 -0.040264811 -0.035896584 -0.0037596971 -0.040473945 -0.027531162 -0.00076209009 -0.040473945 -0.02397586 4.7385693e-06 -0.040473945 -0.017144099 4.7385693e-06 -0.040473945 -0.0051536635 4.7385693e-06 -0.0401951 0.0005627051 -0.0046659485 -0.039288845 0.0056516752 -0.0096154884 -0.037894607 0.0064882115 -0.01414676 -0.037894607 0.0064882115 -0.01414676 -0.036221523 0.0064882115 -0.018050626 -0.036221523 0.0064882115 -0.018050626 -0.034130167 0.0064882115 -0.021815062 -0.034130167 0.0064882115 -0.021815062 -0.032875355 0.0043271482 -0.023697279 -0.030574866 0.00021415204 -0.026904024 -0.02813495 -0.0038988516 -0.030110769 -0.02583446 -0.0077329986 -0.033456936 -0.023882529 -0.0070358813 -0.035478584 -0.021930598 -0.0064781867 -0.037430517 -0.020118089 -0.0094757974 -0.041334376 -0.01823587 -0.0088483915 -0.043286309 -0.014401719 -0.0078027137 -0.047190171 -0.014401719 -0.0078027137 -0.047190171 -0.012380075 -0.0072450191 -0.049142104 -0.011543533 -0.0066873245 -0.04746902 -0.010776702 -0.0058507808 -0.045865647 -0.010079585 -0.0047353879 -0.044262275 -0.0074305348 -0.0051536635 -0.045726225 -0.0047117732 -0.0055719316 -0.047329597 -0.0019233003 -0.0059204921 -0.049072392 2.8632581e-05 -0.0059902035 -0.050257493 2.8632581e-05 -0.0059902035 -0.051163748 0.00037718937 -0.005711358 -0.053045966 0.0044901893 -0.005711358 -0.053324815 0.0069998167 -0.0061993413 -0.051303171 0.010415696 -0.0066873245 -0.051163748 0.01243734 -0.0072450191 -0.049142104 0.01445898 -0.0078027137 -0.047190171 0.016410913 -0.0082906969 -0.045238242 0.013761863 -0.0068964586 -0.04565651 0.017665725 -0.0058507808 -0.040985819 0.019826792 -0.0061296299 -0.03924302 0.021918148 -0.0064781867 -0.037430517 0.022057571 -0.0022954792 -0.035896853 0.024218641 -0.0026440397 -0.03408435 0.026309997 -0.0032017305 -0.032132417 0.028192215 -0.0038988516 -0.030110769 0.029377319 -0.0096849315 -0.029274233 0.031608097 -0.0059902035 -0.025928058 0.032932617 0.0043271482 -0.023697279 0.034396566 0.0030026212 -0.021536216 0.035651378 0.0014689639 -0.019235723 0.035651378 -0.010382049 -0.019305438 0.036557637 -0.023766723 -0.01742322 0.037254751 -0.036733124 -0.016098693 0.035999939 -0.045447104 -0.019514576 0.03704562 -0.052139439 -0.016726099 0.036975905 -0.054300509 -0.016377538 0.036348499 -0.056182727 -0.016238116 0.035302825 -0.057925522 -0.016098693 0.033908583 -0.059319761 -0.016028978 0.034814842 -0.060644284 -0.012961663 0.033141755 -0.061829388 -0.012891948 0.031398959 -0.06273564 -0.012752526 0.02826193 -0.065105841 -0.0094760656 0.024846047 -0.06656979 -0.0061996132 0.021221031 -0.067406334 -0.0029231533 0.020733047 -0.067476042 4.7385693e-06 0.013413306 -0.067964025 4.7385693e-06 0.013204169 -0.067894317 -0.0018774793 0.012855612 -0.067685179 -0.0059904754 0.0067209676 -0.06803374 4.7385693e-06 2.8632581e-05 -0.06803374 4.7385693e-06 -0.010009874 -0.067964025 0.0099038258 -0.015168549 -0.067894317 0.0047451481 -0.019908953 -0.067476042 0.0095552653 -0.024579646 -0.067057773 0.0040480271 -0.025207054 -0.066988066 4.7385693e-06 -0.029250339 -0.066151522 4.7385693e-06 -0.029320052 -0.066012099 -0.0033414289 -0.033154204 -0.06475728 -0.0034111366 -0.035036422 -0.063851029 -0.0034808517 -0.036779217 -0.06273564 -0.0034808517 -0.038243167 -0.061341405 -0.0034808517 -0.037755184 -0.060923133 -0.0068270192 -0.037058067 -0.060156301 -0.010103472 -0.038243167 -0.058413506 -0.010173187 -0.038870573 -0.056461573 -0.010242894 -0.038940284 -0.054300509 -0.010940015 -0.037964318 -0.055346183 -0.013449639 -0.038103744 -0.053394254 -0.013589069 -0.039079711 -0.051930305 -0.010312609 -0.039846539 -0.04412258 -0.0068967268 -0.03873115 -0.040358141 -0.011567421 -0.039497979 -0.031644162 -0.0083606765 -0.040055674 -0.022721045 -0.0053630695 -0.040404234 -0.01372822 -0.0025745928 -0.039776828 -0.008708965 -0.00738471 -0.038522013 -0.004177697 -0.012194827 -0.037755184 -0.0020863414 -0.014565028 -0.036709506 -0.00020412356 -0.016935237 -0.035594117 0.0014689639 -0.019235723 -0.034339305 0.0030026212 -0.021536216 -0.031550832 -0.0059902035 -0.025928058 -0.02994746 -0.004874818 -0.028019413 -0.027646968 -0.0086392537 -0.031365588 -0.025625326 -0.01191571 -0.034990601 -0.022000309 -0.010172915 -0.03924302 -0.022139732 -0.011776287 -0.040218987 -0.018654142 -0.010033492 -0.044541121 -0.015168549 -0.0084301196 -0.048723832 -0.015168549 -0.0084301196 -0.048723832 -0.013356041 -0.0075935759 -0.050815187 -0.011473821 -0.0066176094 -0.052836832 -0.010358432 -0.0066873245 -0.051163748 -0.0093127526 -0.0064781867 -0.049351238 -0.0083367899 -0.0059902035 -0.047538731 -0.0057574511 -0.0060599148 -0.049351238 -0.0031084009 -0.0059902035 -0.051233459 -0.00031992793 -0.005711358 -0.053045966 2.8632581e-05 -0.0056416467 -0.053115677 0.0019108504 -0.0049445257 -0.055137321 0.0035142228 -0.0039685592 -0.057019539 0.0059541389 -0.0050839484 -0.055207033 0.0082546286 -0.0059902035 -0.053185388 0.0095791519 -0.005502224 -0.054928187 0.011531085 -0.0066176094 -0.052836832 0.013413306 -0.0075935759 -0.050815187 0.015225813 -0.0084301196 -0.048723832 0.016968608 -0.0092666596 -0.046632476 0.018293135 -0.0088483915 -0.043286309 0.018293135 -0.0088483915 -0.043286309 0.017944574 -0.0074541532 -0.042101208 0.021987863 -0.0083604082 -0.038267054 0.023939796 -0.0070358813 -0.035478584 0.025891721 -0.0077329986 -0.033456936 0.027704231 -0.0086392537 -0.031365588 0.028959043 -0.0142162 -0.030598752 0.033072039 -0.0073147304 -0.023766994 0.034396566 -0.0087786764 -0.021536216 0.034466282 -0.020211421 -0.021884777 0.035442248 -0.033108108 -0.020490535 0.034117721 -0.041961513 -0.023906417 0.035163395 -0.049560104 -0.021396793 0.033560023 -0.04788702 -0.025021806 0.035093687 -0.049838953 -0.021466501 0.035721093 -0.052766848 -0.019514576 0.035163395 -0.054649066 -0.019305438 0.034257144 -0.05632215 -0.019166015 0.033002332 -0.057716388 -0.019026592 0.032374926 -0.060504861 -0.015889555 0.030701838 -0.061550539 -0.015819848 0.027773947 -0.064269304 -0.012613103 0.024427772 -0.066081807 -0.0093366429 0.020802759 -0.067127489 -0.0061298981 0.016759474 -0.067476042 -0.0060601905 0.012785897 -0.067615472 -0.0067573041 0.0079060681 -0.067824602 -0.0056419149 -0.00011079013 -0.067824602 -0.0056419149 -0.0081973635 -0.06803374 4.7385693e-06 -0.013425753 -0.067964025 4.7385693e-06 -0.020118089 -0.067545757 4.7385693e-06 -0.021163767 -0.067336619 -0.0032717139 -0.025276765 -0.066848636 -0.0032717139 -0.024858493 -0.066500083 -0.0064784586 -0.028762357 -0.065663539 -0.0066178814 -0.032666221 -0.064339012 -0.0066875964 -0.034478728 -0.063432761 -0.0067573041 -0.036221523 -0.062317368 -0.0068270192 -0.035594117 -0.061550539 -0.010033764 -0.034757577 -0.060504861 -0.013170794 -0.036221523 -0.059040911 -0.013240509 -0.037336912 -0.057298116 -0.013379931 -0.036291234 -0.055973593 -0.016447254 -0.036848929 -0.05402166 -0.016586676 -0.036988355 -0.052139439 -0.016726099 -0.037685473 -0.048723564 -0.014983304 -0.035942677 -0.045447104 -0.019514576 -0.037197489 -0.036733124 -0.016098693 -0.038243167 -0.027600873 -0.012961663 -0.039079711 -0.018189777 -0.010033764 -0.037615761 -0.014076777 -0.014704458 -0.035594117 -0.010382049 -0.019305438 -0.034339305 -0.0087786764 -0.021536216 -0.033014778 -0.0073147304 -0.023766994 -0.029389763 -0.0096849315 -0.029274233 -0.028901782 -0.0142162 -0.030598752 -0.025555613 -0.015749861 -0.036663681 -0.022348868 -0.013309948 -0.041264664 -0.022558004 -0.014704183 -0.042310342 -0.019142123 -0.01107917 -0.045795936 -0.015935378 -0.0089181028 -0.050187781 -0.014332008 -0.0077329986 -0.052348848 -0.012658922 -0.0064084753 -0.054509915 -0.010916127 -0.0049445257 -0.05653156 -0.0095218904 -0.005502224 -0.054928187 -0.0081973635 -0.0059902035 -0.053185388 -0.0069425516 -0.0061993413 -0.051303171 -0.0044329241 -0.005711358 -0.053324815 -0.001853589 -0.0049445257 -0.055137321 2.8632581e-05 -0.0049445257 -0.055207033 2.8632581e-05 -0.0037594289 -0.057298388 0.00093488395 -0.00285317 -0.058483489 0.0028171055 -0.0014589354 -0.060156573 0.0052570179 -0.00285317 -0.058692627 0.0074878 -0.0042474121 -0.056949828 0.0090911724 -0.0032714456 -0.058483489 0.010764256 -0.0022257641 -0.059877727 0.01097339 -0.0049445257 -0.05653156 0.012716185 -0.0064084753 -0.054509915 0.014389269 -0.0077329986 -0.052348848 0.015992641 -0.0089181028 -0.050187781 0.017596014 -0.010033492 -0.048026714 0.019199386 -0.01107917 -0.045795936 0.018711403 -0.010033492 -0.044541121 0.020175353 -0.0094757974 -0.041334376 0.022057571 -0.010172915 -0.03924302 0.025682591 -0.01191571 -0.034990601 0.025612876 -0.015749861 -0.036663681 0.028610483 -0.018468622 -0.032062702 0.025682591 -0.019165743 -0.038476191 0.02847106 -0.022442199 -0.033666074 0.031886943 -0.017004676 -0.026276618 0.033350892 -0.029552806 -0.024812669 0.032165788 -0.038197074 -0.028158844 0.033281177 -0.046144225 -0.025718927 0.030910976 -0.044331715 -0.030947313 0.033072039 -0.049211543 -0.025579505 0.032723486 -0.050954342 -0.025300652 0.03195665 -0.052627422 -0.025091521 0.031050399 -0.054091372 -0.024882384 0.032026365 -0.055973593 -0.021954484 0.030074432 -0.060086589 -0.018747739 0.027285963 -0.063153908 -0.01561071 0.024009503 -0.065314978 -0.012403965 0.020175353 -0.066081807 -0.012264542 0.016201779 -0.06656979 -0.01212512 0.01243734 -0.066918351 -0.011567421 0.0079757795 -0.067057773 -0.011288576 -0.00011079013 -0.067127489 -0.011288576 -0.0081973635 -0.067824602 -0.0056419149 -0.01328633 -0.067964025 -0.0012500733 -0.020745495 -0.067127489 -0.0064087436 -0.024370512 -0.066012099 -0.0096154884 -0.028274374 -0.065036133 -0.0097549185 -0.032038815 -0.063641891 -0.0098943412 -0.033851322 -0.06273564 -0.0099640489 -0.033154204 -0.06162025 -0.013101086 -0.032387372 -0.060365438 -0.016098693 -0.033921033 -0.059110627 -0.016238116 -0.035245556 -0.057646677 -0.016307831 -0.034199879 -0.056113016 -0.019375145 -0.035106134 -0.054370221 -0.019514576 -0.035663828 -0.052487999 -0.019653998 -0.03573354 -0.050675493 -0.019863129 -0.035106134 -0.049560104 -0.021396793 -0.033223916 -0.046144225 -0.025718927 -0.034060456 -0.041961513 -0.023906417 -0.035384983 -0.033108108 -0.020490535 -0.036500372 -0.023766723 -0.01742322 -0.034409016 -0.020211421 -0.021884777 -0.031829678 -0.017004676 -0.026276618 -0.028622933 -0.018468622 -0.032062702 -0.025625326 -0.019165743 -0.038476191 -0.022906562 -0.015958998 -0.043425731 -0.019699818 -0.011985421 -0.047120459 -0.016841633 -0.0091969483 -0.051651731 -0.015447397 -0.0076632872 -0.053882509 -0.013983447 -0.0059902035 -0.056043576 -0.012449788 -0.004177697 -0.058065217 -0.0090339072 -0.0032714456 -0.058483489 -0.0074305348 -0.0042474121 -0.056949828 -0.0058968738 -0.0050839484 -0.055207033 -0.0034569614 -0.0039685592 -0.057019539 -0.00087762251 -0.00285317 -0.058483489 2.8632581e-05 -0.0021560565 -0.059320033 0.00023776665 -6.4700842e-05 -0.061411388 2.8632581e-05 -0.00013440847 -0.061341673 0.002468545 0.0017478094 -0.062805623 0.0048387498 0.00014443696 -0.061620522 0.0070695281 -0.0015983582 -0.060156573 0.0089517459 -0.00020412356 -0.061550811 0.010903679 0.0011901185 -0.062735915 0.012576763 -0.00118009 -0.06120225 0.012507051 -0.004177697 -0.058065217 0.014040712 -0.0059902035 -0.056043576 0.015504658 -0.0076632872 -0.053882509 0.016898897 -0.0091969483 -0.051651731 0.018293135 -0.010660898 -0.049420949 0.020314775 -0.012752254 -0.048375271 0.019059964 -0.011148881 -0.050745476 0.019687369 -0.011985421 -0.047120459 0.020802759 -0.012194559 -0.043565158 0.022406131 -0.013309948 -0.041264664 0.024288349 -0.017562371 -0.040916108 0.025961436 -0.022233061 -0.040288702 0.028331637 -0.026206639 -0.035339162 0.030980691 -0.02592779 -0.029134803 0.030213855 -0.034153786 -0.032480977 0.031398959 -0.042310074 -0.029971346 0.029516742 -0.042170648 -0.034572326 0.030492708 -0.045377392 -0.031644434 0.030213855 -0.047050476 -0.031295873 0.029725872 -0.048584137 -0.031017028 0.029028758 -0.050117798 -0.030738175 0.028610483 -0.05667071 -0.024603538 0.029307604 -0.058413506 -0.021675639 0.02679798 -0.061899099 -0.018538609 0.023312382 -0.063293338 -0.018329471 0.019617658 -0.064339012 -0.018120334 0.015853219 -0.065036133 -0.017980911 0.012158491 -0.065872669 -0.016307831 0.0079757795 -0.065872669 -0.016865522 -0.00011079013 -0.066012099 -0.016865522 -0.0081973635 -0.067057773 -0.011288576 -0.012380075 -0.066988066 -0.011288576 -0.012798347 -0.067685179 -0.0059904754 -0.016702209 -0.067476042 -0.0063390359 -0.020118089 -0.066012099 -0.01247368 -0.024021951 -0.065245263 -0.012613103 -0.027786393 -0.064129874 -0.012822233 -0.029598899 -0.063432761 -0.012891948 -0.031411406 -0.062665932 -0.012961663 -0.030714288 -0.061411116 -0.016028978 -0.030017171 -0.059947167 -0.018956877 -0.031550832 -0.058831777 -0.0190963 -0.032945067 -0.057507254 -0.019235723 -0.0319691 -0.052418288 -0.025230944 -0.032666221 -0.050745204 -0.02550979 -0.033014778 -0.048932694 -0.025788635 -0.033502761 -0.04788702 -0.025021806 -0.030853711 -0.044331715 -0.030947313 -0.031341694 -0.042310074 -0.029971346 -0.032108527 -0.038197074 -0.028158844 -0.033293627 -0.029552806 -0.024812669 -0.030923424 -0.02592779 -0.029134803 -0.028413799 -0.022442199 -0.033666074 -0.025764748 -0.020769116 -0.039382443 -0.025904171 -0.022233061 -0.040288702 -0.023255123 -0.017144099 -0.044471409 -0.020257512 -0.012752254 -0.048375271 -0.0190027 -0.011148881 -0.050745476 -0.018793564 -0.0094757974 -0.054440204 -0.017817598 -0.0094060861 -0.053115677 -0.016562786 -0.0075238645 -0.055346455 -0.015307972 -0.0055719316 -0.057437811 -0.013983447 -0.0034108683 -0.059389744 -0.010706991 -0.0022257641 -0.059877727 -0.0070122629 -0.0015983582 -0.060156573 -0.0051997565 -0.00285317 -0.058692627 -0.0027598403 -0.0014589354 -0.060156573 -0.0024112836 0.0017478094 -0.062805623 -0.00025021657 -6.4700842e-05 -0.061411388 2.8632581e-05 0.0026540607 -0.063433029 0.003793072 0.0025843531 -0.063433029 0.0048387498 0.002514638 -0.063363314 0.0072786622 0.0023752153 -0.063293606 0.0076272227 0.0023055077 -0.063293606 0.010415696 0.0018175244 -0.063154183 0.010555118 0.0018175244 -0.063154183 0.012925323 0.0010506883 -0.06287533 0.014389269 5.0142407e-06 -0.062387351 0.014040712 -0.0034108683 -0.059389744 0.015365236 -0.0055719316 -0.057437811 0.016620047 -0.0075238645 -0.055346455 0.017874863 -0.0094060861 -0.053115677 0.018850829 -0.0094757974 -0.054440204 0.019896507 -0.011497438 -0.052069999 0.020942181 -0.013449371 -0.049630087 0.021569587 -0.014355626 -0.045935359 0.022963829 -0.015958998 -0.043425731 0.024776332 -0.020281132 -0.042937748 0.026309997 -0.025160961 -0.042240631 0.02826193 -0.02976194 -0.037081957 0.029725872 -0.03798794 -0.03429348 0.028680198 -0.040846124 -0.036872819 0.02826193 -0.041612953 -0.03777907 0.028052792 -0.043146614 -0.037360802 0.027216248 -0.046144225 -0.036663681 0.027146533 -0.052906271 -0.030319907 0.025752299 -0.058831777 -0.024324693 0.022615269 -0.060644284 -0.02404584 0.019199386 -0.062038522 -0.02383671 0.015504658 -0.063014485 -0.023627572 0.012019068 -0.064478435 -0.02090881 0.011879645 -0.063572183 -0.023418434 0.0079757795 -0.064199589 -0.022303045 -0.00011079013 -0.064339012 -0.02237276 -0.0081276521 -0.065872669 -0.016865522 -0.012031516 -0.065384693 -0.017980911 -0.012170941 -0.065942384 -0.016028978 -0.016144514 -0.066500083 -0.01233425 -0.019630106 -0.064269304 -0.018329471 -0.023324834 -0.063223623 -0.018538609 -0.026740715 -0.061759673 -0.018747739 -0.028413799 -0.060923133 -0.018817455 -0.028622933 -0.056531288 -0.024742961 -0.030993136 -0.053882238 -0.025091521 -0.029668611 -0.048444714 -0.031156451 -0.030156594 -0.046841342 -0.031435296 -0.03036573 -0.045168258 -0.031783856 -0.029459476 -0.042170648 -0.034572326 -0.029668611 -0.03798794 -0.03429348 -0.030156594 -0.034153786 -0.032480977 -0.028274374 -0.026206639 -0.035339162 -0.026043596 -0.023697011 -0.041264664 -0.023603681 -0.018259488 -0.045586798 -0.02088492 -0.013449371 -0.049630087 -0.019839242 -0.011497438 -0.052069999 -0.019908953 -0.0094757974 -0.055764727 -0.019072412 -0.0069661699 -0.057925794 -0.017817598 -0.0073147304 -0.056670982 -0.016702209 -0.0050142407 -0.058762338 -0.015586819 -0.0025743246 -0.060644556 -0.014332008 5.0142407e-06 -0.062387351 -0.012519499 -0.00118009 -0.06120225 -0.010846416 0.0011901185 -0.062735915 -0.0088944845 -0.00020412356 -0.061550811 -0.0047814846 0.00014443696 -0.061620522 -0.0047814846 0.002514638 -0.063363314 -0.0035266727 0.0025843531 -0.063433029 -0.00094733387 0.0026540607 -0.063433029 -0.00066848472 0.0026540607 -0.063433029 2.8632581e-05 0.0053031147 -0.064966694 0.0050478838 0.0052333996 -0.064966694 0.009858001 0.0046059936 -0.064827263 0.012158491 0.0040483028 -0.064618133 0.014319558 0.003211759 -0.064408995 0.015434947 -6.4700842e-05 -0.062526777 0.015644085 -0.0025743246 -0.060644556 0.016759474 -0.0050142407 -0.058762338 0.017874863 -0.0073147304 -0.056670982 0.019129675 -0.0069661699 -0.057925794 0.019966219 -0.0094757974 -0.055764727 0.020802759 -0.011776287 -0.053324815 0.02170901 -0.014007065 -0.050815187 0.022615269 -0.016168132 -0.048235849 0.023660943 -0.018259488 -0.045586798 0.025403738 -0.022721045 -0.044959392 0.026100859 -0.025091249 -0.046981037 0.026658557 -0.027879722 -0.044192564 0.0281225 -0.033177823 -0.038964175 0.027704231 -0.03652399 -0.040916108 0.027564809 -0.038685054 -0.040776681 0.027355671 -0.038127363 -0.04189207 0.027216248 -0.041334108 -0.040497836 0.026379704 -0.044331715 -0.039731003 0.025752299 -0.04907212 -0.03610599 0.024776332 -0.055415899 -0.029971346 0.021987863 -0.057576966 -0.029692501 0.018781114 -0.059319761 -0.029413655 0.015225813 -0.060574573 -0.029134803 0.011809934 -0.062456794 -0.026206911 0.0079757795 -0.062177945 -0.027601145 -4.1078776e-05 -0.062387079 -0.027740568 -0.0081276521 -0.064199589 -0.022303045 -0.011961805 -0.064408727 -0.020978518 -0.01182238 -0.063502468 -0.023557857 -0.015795955 -0.064966418 -0.018120334 -0.019211836 -0.061968811 -0.023976132 -0.022627715 -0.060574573 -0.024185263 -0.025764748 -0.058762066 -0.024464116 -0.027158985 -0.052766848 -0.030459329 -0.028971493 -0.04990866 -0.030877605 -0.027646968 -0.044471137 -0.037081957 -0.027995527 -0.04293748 -0.037500225 -0.028204663 -0.041403819 -0.037918501 -0.027507544 -0.038685054 -0.040776681 -0.028204663 -0.040009581 -0.038336769 -0.028622933 -0.040846124 -0.036872819 -0.028065238 -0.033177823 -0.038964175 -0.028204663 -0.02976194 -0.037081957 -0.026252732 -0.025160961 -0.042240631 -0.024091665 -0.019305166 -0.046632476 -0.02165175 -0.014007065 -0.050815187 -0.020745495 -0.011776287 -0.053324815 -0.021024343 -0.0094060861 -0.056949828 -0.020396937 -0.0066176094 -0.059180606 -0.01823587 -0.0043868348 -0.06001715 -0.017259903 -0.0016680732 -0.061829656 -0.017608464 -0.0014589354 -0.062038794 -0.017050769 -0.0010406673 -0.062178217 -0.016771922 -0.00090123713 -0.062247928 -0.013774311 0.00070213526 -0.062805623 -0.012519499 0.0011901185 -0.062945046 -0.0094521791 0.0020266548 -0.063223898 -0.007709384 0.0023055077 -0.063293606 -0.0075699575 0.0023055077 -0.063293606 -0.0049906187 0.005512245 -0.065106109 2.8632581e-05 0.0055819601 -0.065175831 0.0052570179 0.0083704367 -0.066500351 0.0077666454 0.0081612989 -0.066430643 0.010276273 0.0076733157 -0.066360928 0.012646474 0.0069761947 -0.066221505 0.014946964 0.0060699433 -0.066012368 0.017108031 0.0048848391 -0.065733522 0.016410913 0.0020963699 -0.064060435 0.018362846 0.0007718429 -0.063711882 0.017596014 -0.0013892204 -0.062108506 0.017317168 -0.0016680732 -0.061829656 0.018293135 -0.0043868348 -0.06001715 0.020454202 -0.0066176094 -0.059180606 0.021081608 -0.0094060861 -0.056949828 0.021778725 -0.012055133 -0.054579627 0.023312382 -0.014983032 -0.053185388 0.023870081 -0.017701793 -0.050466627 0.024567202 -0.020281132 -0.047747865 0.025612876 -0.02216335 -0.049839221 0.026728265 -0.027391739 -0.049072392 0.026937403 -0.030598484 -0.046214204 0.026867688 -0.036733124 -0.044680547 0.026519127 -0.03966102 -0.043704581 0.025752299 -0.042588919 -0.042868037 0.024497487 -0.045586526 -0.042170919 0.022684976 -0.048375003 -0.041543514 0.023800366 -0.051860593 -0.035687722 0.021290742 -0.054300509 -0.035269447 0.018293135 -0.056252439 -0.034920886 0.014946964 -0.057716388 -0.034642041 0.011670507 -0.060016878 -0.031574719 0.0080454946 -0.059738033 -0.032829531 -4.1078776e-05 -0.060016878 -0.032968953 -0.0081276521 -0.062108234 -0.02767086 -0.011752669 -0.062456794 -0.026137196 -0.015517108 -0.062944777 -0.023766994 -0.015238261 -0.060504861 -0.029274233 -0.018723853 -0.059250049 -0.029483363 -0.022000309 -0.057507254 -0.029762216 -0.024788782 -0.055346183 -0.030110769 -0.025764748 -0.049002409 -0.036245413 -0.027158985 -0.046004802 -0.036733396 -0.026392154 -0.044192292 -0.039800718 -0.027158985 -0.04112497 -0.040567547 -0.027298409 -0.038127363 -0.04189207 -0.027646968 -0.03652399 -0.040916108 -0.026880138 -0.030598484 -0.046214204 -0.026740715 -0.029273957 -0.04516853 -0.02660129 -0.027879722 -0.044192564 -0.026461866 -0.026555195 -0.043216597 -0.024509935 -0.020281132 -0.047747865 -0.023255123 -0.014983032 -0.053185388 -0.022418579 -0.01456476 -0.052000288 -0.021721462 -0.012055133 -0.054579627 -0.022279156 -0.0092666596 -0.058134932 -0.021791173 -0.0061993413 -0.060295999 -0.023255123 -0.007872425 -0.059947439 -0.021024343 -0.0046656802 -0.060993116 -0.020606073 -0.004177697 -0.06120225 -0.020048378 -0.0035502911 -0.061341673 -0.017678175 -0.0015286505 -0.062038794 -0.018375292 0.0010506883 -0.063851297 -0.016423361 0.0023752153 -0.064269572 -0.014332008 0.0034906045 -0.064548418 -0.012170941 0.0043271482 -0.064757556 -0.0098007377 0.0048848391 -0.064966694 -0.0077790953 0.0084401444 -0.066570058 -0.0051997565 0.0087189898 -0.066639774 2.8632581e-05 0.0085098594 -0.066570058 2.8632581e-05 0.015411332 -0.069009975 2.8632581e-05 0.015132479 -0.068940267 0.0028868169 0.015132479 -0.068940267 0.0056752898 0.014993057 -0.069009975 0.0084637627 0.014644496 -0.069009975 0.011182524 0.01401709 -0.068940267 0.013831574 0.013180554 -0.068870552 0.016341202 0.012065165 -0.068800837 0.018711403 0.010670923 -0.068591706 0.02087247 0.0090675503 -0.068382569 0.019129675 0.0034906045 -0.065384962 0.021011896 0.0018175244 -0.064966694 0.019826792 -0.0032714456 -0.0614811 0.020105641 -0.0035502911 -0.061341673 0.021778725 -0.0055719316 -0.060714267 0.021778725 -0.0055719316 -0.060714267 0.02184844 -0.0061993413 -0.060295999 0.022336423 -0.0092666596 -0.058134932 0.022754692 -0.012194559 -0.055764727 0.02498547 -0.012473404 -0.057925794 0.025055185 -0.015819572 -0.055416171 0.025264315 -0.019096032 -0.052697405 0.026728265 -0.020420555 -0.054788761 0.026658557 -0.02397586 -0.051930577 0.027564809 -0.025788367 -0.054021932 0.027076825 -0.029622518 -0.051094037 0.02679798 -0.033247534 -0.048235849 0.026658557 -0.035896584 -0.046493053 0.026031144 -0.038197074 -0.046981037 0.025194608 -0.04112497 -0.046074782 0.023870081 -0.043983154 -0.045238242 0.022127286 -0.046771631 -0.044541121 0.020454202 -0.050884627 -0.040985819 0.017665725 -0.053045694 -0.040497836 0.014528695 -0.054579355 -0.040149275 0.011321951 -0.056531288 -0.038197346 0.0080454946 -0.057158694 -0.037848786 -4.1078776e-05 -0.057437539 -0.037988208 -0.0081276521 -0.057088982 -0.037918501 -0.0081276521 -0.059738033 -0.032829531 -0.011613244 -0.059947167 -0.031644434 -0.014889702 -0.057646677 -0.034711756 -0.018305581 -0.056252439 -0.034990601 -0.021233479 -0.054230794 -0.035408869 -0.023743104 -0.051721171 -0.03575743 -0.024440223 -0.045447104 -0.042170919 -0.025695037 -0.042519208 -0.042937748 -0.026461866 -0.039521597 -0.043774292 -0.026810426 -0.036733124 -0.044680547 -0.026880138 -0.031923007 -0.047190171 -0.027507544 -0.025788367 -0.054021932 -0.026740715 -0.033247534 -0.048235849 -0.027089272 -0.024882112 -0.052976254 -0.027089272 -0.024882112 -0.052976254 -0.02660129 -0.02397586 -0.051930577 -0.026043596 -0.023069605 -0.050884899 -0.025555613 -0.02216335 -0.049839221 -0.025067629 -0.021187384 -0.048793543 -0.024509935 -0.018398911 -0.051582016 -0.024091665 -0.015471015 -0.054300778 -0.022697426 -0.012194559 -0.055764727 -0.025625326 -0.01310081 -0.058274355 -0.024928207 -0.012473404 -0.057925794 -0.025416188 -0.012543116 -0.058413778 -0.024858493 -0.011148881 -0.058901761 -0.02395224 -0.0090575255 -0.059529167 -0.023743104 -0.0087786764 -0.059668589 -0.024300799 -0.0020166263 -0.06413015 -0.02276714 0.00014443696 -0.064687848 -0.021094056 0.0020266548 -0.065175831 -0.019211836 0.0036997423 -0.065594092 -0.017190192 0.0051636919 -0.065872945 -0.014959414 0.0063487887 -0.06615179 -0.012658922 0.0072550476 -0.066360928 -0.010288721 0.0079521611 -0.066500351 -0.0084762126 0.014993057 -0.06907969 -0.0056877397 0.015341617 -0.06907969 -0.0028295517 0.01548104 -0.06907969 2.8632581e-05 0.016666144 -0.069358535 0.0030959509 0.021824822 -0.070822485 0.006163273 0.021615684 -0.0708922 0.0092305951 0.021127701 -0.071031623 0.012158491 0.020360872 -0.071031623 0.015016679 0.019315191 -0.07110133 0.01773544 0.017990671 -0.071031623 0.020245064 0.016457006 -0.070961908 0.022615269 0.014574789 -0.0708922 0.022894114 0.0071156174 -0.068034008 0.024706624 0.0050242692 -0.067685455 0.022754692 -0.00013440847 -0.06447871 0.024218641 -0.0022257641 -0.063990727 0.025543161 -0.0045262575 -0.063363314 0.02352152 -0.0082209818 -0.059877727 0.024009503 -0.0090575255 -0.059529167 0.024915755 -0.01107917 -0.058901761 0.026170574 -0.014704183 -0.05771666 0.026658557 -0.016516693 -0.057089254 0.02700711 -0.018329199 -0.056461845 0.027076825 -0.019026317 -0.056252711 0.027495094 -0.022511911 -0.055137321 0.027564809 -0.024742689 -0.054370493 0.027564809 -0.026764333 -0.053743083 0.027216248 -0.030598484 -0.052488271 0.026658557 -0.034014363 -0.051303171 0.025612876 -0.037709091 -0.05011807 0.024148926 -0.04112497 -0.049002681 0.023382097 -0.042658631 -0.048514698 0.022475846 -0.044052869 -0.048026714 0.021569587 -0.04523797 -0.047608443 0.020523913 -0.046492781 -0.047190171 0.019478235 -0.047677882 -0.046841614 0.018432558 -0.048514426 -0.046562765 0.016829185 -0.049699526 -0.046144493 0.016132068 -0.050117798 -0.04600507 0.013692152 -0.05137261 -0.04565651 0.010833967 -0.052278865 -0.045307953 0.0080454946 -0.054300509 -0.042798325 0.004002206 -0.054579355 -0.042937748 -4.1078776e-05 -0.054718778 -0.043007463 -0.0040843673 -0.054579355 -0.042937748 -0.0080579408 -0.054230794 -0.042798325 -0.010776702 -0.052278865 -0.045307953 -0.011334397 -0.056740422 -0.03777907 -0.01447143 -0.054579355 -0.040149275 -0.017678175 -0.052975982 -0.040567547 -0.020466648 -0.050814915 -0.04105553 -0.022697426 -0.048305288 -0.041613225 -0.022139732 -0.046701916 -0.044610836 -0.023882529 -0.043913446 -0.045307953 -0.025137341 -0.040985547 -0.046144493 -0.025973883 -0.038057648 -0.047050748 -0.02660129 -0.035896584 -0.046493053 -0.026531577 -0.034572057 -0.049281526 -0.02660129 -0.034014363 -0.051303171 -0.02660129 -0.034014363 -0.051303171 -0.02660129 -0.034014363 -0.051303171 -0.027228696 -0.030459061 -0.052488271 -0.027507544 -0.027043179 -0.05360366 -0.027507544 -0.025858078 -0.054021932 -0.027507544 -0.025788367 -0.054091644 -0.027507544 -0.024742689 -0.054370493 -0.027298409 -0.02097825 -0.055625305 -0.027158985 -0.019932572 -0.055973865 -0.026671002 -0.020420555 -0.054788761 -0.025207054 -0.019096032 -0.052697405 -0.024997918 -0.015819572 -0.055416171 -0.025764748 -0.013658505 -0.058065217 -0.026671002 -0.0068267472 -0.06287533 -0.025555613 -0.0043171197 -0.063502744 -0.026392154 0.0029329136 -0.06740661 -0.024719071 0.0052333996 -0.06782487 -0.022906562 0.0073944703 -0.068173438 -0.02088492 0.0092766881 -0.068521991 -0.018723853 0.010949776 -0.068731129 -0.01635365 0.01234401 -0.068870552 -0.013844024 0.013459399 -0.069009975 -0.011194974 0.014365651 -0.06907969 -0.0098704491 0.027401768 -0.072844125 -0.0065939911 0.028029174 -0.072704703 -0.0033175349 0.028308019 -0.07256528 2.8632581e-05 0.028098881 -0.07235615 2.8632581e-05 0.030190237 -0.073053263 0.0033050887 0.028029174 -0.072495565 0.0066512562 0.027750328 -0.072634995 0.009858001 0.027122915 -0.072774418 0.013064746 0.026216663 -0.07291384 0.016062353 0.025031567 -0.073053263 0.018990252 0.023567617 -0.073122978 0.02170901 0.021755107 -0.073122978 0.024288349 0.019733466 -0.073122978 0.026588842 0.017432973 -0.073053263 0.028680198 0.014923349 -0.072983548 0.030562416 0.012134872 -0.072844125 0.026309997 0.0026540607 -0.067267179 0.027704231 0.00014443696 -0.066779196 0.028889336 -0.0025743246 -0.066291213 0.026658557 -0.0071055926 -0.0626662 0.027564809 -0.0097546428 -0.061969083 0.02826193 -0.012543116 -0.06120225 0.028749906 -0.015401304 -0.06036571 0.029028758 -0.018329199 -0.059598878 0.029028758 -0.021257099 -0.058762338 0.028889336 -0.024254706 -0.057925794 0.02847106 -0.02711289 -0.057019539 0.027076825 -0.03268984 -0.055416171 0.026100859 -0.035269175 -0.054579627 0.02498547 -0.03763938 -0.053882509 0.023660943 -0.039939869 -0.053185388 0.022127286 -0.041961513 -0.052557983 0.020523913 -0.04377402 -0.051930577 0.018781114 -0.045377392 -0.051442593 0.016829185 -0.046701916 -0.05095461 0.014877252 -0.04788702 -0.050606053 0.012716185 -0.048793271 -0.050327204 0.010833967 -0.050884627 -0.047538731 0.0080454946 -0.05137261 -0.047678154 0.004002206 -0.051790882 -0.047817577 -4.1078776e-05 -0.051930305 -0.047887292 -0.0040146559 -0.051790882 -0.047887292 -0.0080579408 -0.05137261 -0.047678154 -0.010846416 -0.049838953 -0.049420949 -0.012240652 -0.051860593 -0.045447376 -0.013844024 -0.051233187 -0.04565651 -0.014819989 -0.050814915 -0.045795936 -0.017259903 -0.049350969 -0.046283919 -0.019351259 -0.047747597 -0.046841614 -0.021163767 -0.045725953 -0.04746902 -0.022906562 -0.043355748 -0.048235849 -0.024370512 -0.040567275 -0.049142104 -0.025625326 -0.037430242 -0.050187781 -0.026113307 -0.035060041 -0.054858472 -0.027089272 -0.032480702 -0.055625305 -0.02848351 -0.026973467 -0.057298388 -0.028901782 -0.024045572 -0.058134932 -0.029041205 -0.021117672 -0.058971472 -0.029041205 -0.018120065 -0.059808016 -0.027089272 -0.019026317 -0.056252711 -0.026531577 -0.016237844 -0.057158966 -0.027646968 -0.0095455088 -0.062108506 -0.028901782 -0.0023651868 -0.066430643 -0.027786393 0.00035357475 -0.066918626 -0.030574866 0.01234401 -0.072983548 -0.028692644 0.015132479 -0.073122978 -0.02660129 0.017642111 -0.073192686 -0.024300799 0.019942597 -0.073262401 -0.021721462 0.022033952 -0.073262401 -0.0190027 0.023776747 -0.073192686 -0.016074803 0.025310412 -0.073122978 -0.013007483 0.026495509 -0.072983548 -0.013425753 0.029074848 -0.073959514 -0.010149296 0.030050814 -0.073820092 -0.0068031289 0.030747935 -0.073610961 -0.00338725 0.031096496 -0.073471531 2.8632581e-05 0.033466697 -0.074238367 2.8632581e-05 0.033675835 -0.074308075 0.0035142228 0.033327274 -0.07437779 0.0069998167 0.032978714 -0.074517213 0.010415696 0.032281592 -0.074726343 0.013761863 0.031235918 -0.074935481 0.016968608 0.029911391 -0.075074911 0.019966219 0.028308019 -0.075214326 0.022894114 0.026356086 -0.075353757 0.025543161 0.024195023 -0.075423464 0.028052792 0.021755107 -0.075493179 0.03028357 0.01910606 -0.075493179 0.032235503 0.016247869 -0.075493179 0.033908583 0.013180554 -0.075423464 0.032165788 0.009206973 -0.072704703 0.0334206 0.0061396584 -0.072495565 0.034466282 0.0028631985 -0.072216719 0.029795587 -0.0054325089 -0.065663807 0.030492708 -0.0084301196 -0.065106109 0.033350892 -0.0075238645 -0.068173438 0.030910976 -0.011427727 -0.064408995 0.031120114 -0.01456476 -0.063781589 0.031050399 -0.017632082 -0.063084468 0.030771554 -0.0206994 -0.062387351 0.03028357 -0.023697011 -0.061690234 0.029516742 -0.026624907 -0.060923405 0.028610483 -0.029413383 -0.060226284 0.027495094 -0.03206243 -0.059529167 0.026170574 -0.034502346 -0.058901761 0.024636909 -0.036802836 -0.058274355 0.023033537 -0.038894191 -0.057646949 0.021290742 -0.040776409 -0.057089254 0.019408524 -0.042379782 -0.056601271 0.01738688 -0.043843731 -0.056113288 0.015295524 -0.045028836 -0.055764727 0.013134457 -0.046004802 -0.055416171 0.011112813 -0.047817305 -0.052976254 0.0079757795 -0.048653848 -0.052697405 0.004002206 -0.049141832 -0.052836832 2.8632581e-05 -0.049281254 -0.052906543 -0.0040146559 -0.049141832 -0.052906543 -0.0079882294 -0.048653848 -0.052697405 -0.01105555 -0.048096154 -0.052488271 -0.013077194 -0.045865376 -0.055695016 -0.011194974 -0.046562493 -0.055485882 -0.012728635 -0.048653848 -0.050536338 -0.014819989 -0.047747597 -0.050884899 -0.016841633 -0.046562493 -0.051233459 -0.018723853 -0.04523797 -0.051651731 -0.020466648 -0.043634597 -0.052209426 -0.022139732 -0.041822091 -0.05276712 -0.023603681 -0.039730735 -0.053394526 -0.024928207 -0.037499957 -0.054091644 -0.027507544 -0.031923007 -0.059808016 -0.028622933 -0.029273957 -0.060505133 -0.029598899 -0.026485484 -0.06120225 -0.030296016 -0.023557588 -0.061899368 -0.030853711 -0.020559978 -0.062596485 -0.03113256 -0.017492659 -0.063293606 -0.031202272 -0.014355626 -0.063990727 -0.030993136 -0.011288304 -0.064618133 -0.028762357 -0.015192166 -0.060574844 -0.028274374 -0.012333982 -0.061411388 -0.029877746 -0.0052233711 -0.065872945 -0.034548439 0.0030723363 -0.07235615 -0.033502761 0.0062790811 -0.072634995 -0.032178238 0.0094161108 -0.072844125 -0.032247949 0.016387299 -0.075632602 -0.030296016 0.019315191 -0.075632602 -0.028065238 0.021964245 -0.075632602 -0.025555613 0.024404153 -0.075562894 -0.022906562 0.026565224 -0.075423464 -0.019978665 0.028517157 -0.075353757 -0.016911345 0.030120529 -0.075214326 -0.0137046 0.031445049 -0.075005196 -0.010358432 0.03249073 -0.074865773 -0.0069425516 0.033187851 -0.074656636 -0.0034569614 0.033606119 -0.074447498 2.8632581e-05 0.034791224 -0.074865773 2.8632581e-05 0.035836898 -0.075493179 0.0035839342 0.035558052 -0.075493179 0.0071392395 0.035139777 -0.07570231 0.01062483 0.034372948 -0.075911447 0.013971001 0.033327274 -0.07605087 0.017247457 0.032002747 -0.076260008 0.020384487 0.03032966 -0.076399431 0.023312382 0.028377734 -0.076538853 0.026031144 0.026146956 -0.076678276 0.028540775 0.023637325 -0.076747991 0.030841261 0.020918563 -0.076817706 0.032862909 0.018060379 -0.076817706 0.034605704 0.014923349 -0.076817706 0.035372533 0.0099738091 -0.075353757 0.036487922 0.0066276416 -0.075284041 0.037254751 0.0031420439 -0.075144619 0.03523311 -0.0004132539 -0.072007582 0.035721093 -0.0038291365 -0.071659029 0.035860516 -0.0072450191 -0.071380183 0.033490315 -0.010800321 -0.067685455 0.033350892 -0.014076777 -0.067197472 0.033002332 -0.017283522 -0.066639774 0.032374926 -0.020420555 -0.066082075 0.031538382 -0.023418166 -0.065524384 0.030492708 -0.026346061 -0.064966694 0.029168181 -0.029064823 -0.06433928 0.027704231 -0.03157445 -0.063781589 0.026100859 -0.033944651 -0.063223898 0.024288349 -0.036105718 -0.0626662 0.022406131 -0.038057648 -0.062178217 0.020314775 -0.039730735 -0.061690234 0.01822342 -0.041264392 -0.061271962 0.015992641 -0.042519208 -0.060923405 0.011531085 -0.045168258 -0.058413778 0.0079757795 -0.046283647 -0.057856083 0.004002206 -0.046771631 -0.057995506 2.8632581e-05 -0.046980765 -0.058065217 -0.0040146559 -0.046771631 -0.057995506 -0.0079882294 -0.046283647 -0.057856083 -0.011543533 -0.044889409 -0.059041183 -0.015935378 -0.042379782 -0.061132539 -0.011682957 -0.044192292 -0.060574844 -0.015238261 -0.044889409 -0.055973865 -0.017399328 -0.043704309 -0.056392133 -0.019351259 -0.042240359 -0.056810405 -0.02130319 -0.040636986 -0.0573681 -0.023045987 -0.038754769 -0.057856083 -0.024649359 -0.036663413 -0.058483489 -0.02618302 -0.034362923 -0.059110895 -0.029250339 -0.0289254 -0.064548418 -0.030505154 -0.026136927 -0.065175831 -0.031620543 -0.023278739 -0.065733522 -0.032457083 -0.020211421 -0.066291213 -0.033084489 -0.017074388 -0.066848911 -0.03343305 -0.013867643 -0.067336895 -0.033572473 -0.010660898 -0.067894593 -0.033363339 -0.0073844418 -0.068382569 -0.030505154 -0.0082209818 -0.065245539 -0.035315268 -0.00027383119 -0.072147012 -0.036500372 0.0067670643 -0.075423464 -0.035384983 0.010113232 -0.075493179 -0.033921033 0.013319977 -0.075562894 -0.03461815 0.015062772 -0.076957129 -0.032875355 0.018199801 -0.076957129 -0.030853711 0.021127701 -0.076957129 -0.028553221 0.023846462 -0.076887414 -0.026043596 0.026286379 -0.076817706 -0.023255123 0.028517157 -0.076678276 -0.020327225 0.03046909 -0.076538853 -0.017190192 0.03214217 -0.076399431 -0.013913736 0.033536404 -0.076190293 -0.010567568 0.034582086 -0.075981162 -0.0070819743 0.035348915 -0.07584174 -0.0035266727 0.035767183 -0.075632602 2.8632581e-05 0.037579693 -0.076678276 2.8632581e-05 0.038137391 -0.077305689 0.0036536455 0.03744027 -0.076817706 0.0072089508 0.036952287 -0.077026837 0.010694545 0.036185458 -0.077235974 0.014180135 0.035139777 -0.077375397 0.017456591 0.033745542 -0.077584535 0.020593625 0.032002747 -0.077723958 0.023591235 0.030050814 -0.07786338 0.026379704 0.027820036 -0.078002803 0.028959043 0.025310412 -0.078142226 0.031259537 0.02259165 -0.078211941 0.033350892 0.019663751 -0.078281656 0.035163395 0.016526721 -0.078281656 0.03669706 0.013250262 -0.078351364 0.037882157 0.009834379 -0.078351364 0.038788415 0.0063487887 -0.078281656 0.039346106 0.0027934834 -0.078281656 0.037812449 -0.00034354627 -0.075005196 0.037951872 -0.0038988516 -0.074865773 0.037882157 -0.0073844418 -0.074656636 0.035721093 -0.010591187 -0.071031623 0.035302825 -0.013937354 -0.070683062 0.034605704 -0.01721381 -0.070264786 0.033699453 -0.020420555 -0.069846518 0.032514349 -0.023418166 -0.06942825 0.031120114 -0.02627635 -0.068940267 0.029516742 -0.0289254 -0.068521991 0.027704231 -0.031365313 -0.068034008 0.025752299 -0.033596091 -0.06761574 0.023730658 -0.035617735 -0.067127757 0.02149988 -0.037430242 -0.066709489 0.019199386 -0.039033614 -0.066360928 0.016829185 -0.040358141 -0.06594266 0.012158491 -0.042867765 -0.063990727 0.012158491 -0.042867765 -0.063990727 0.011879645 -0.043286037 -0.06287533 0.0079757795 -0.044192292 -0.063154183 0.004002206 -0.044749986 -0.063293606 2.8632581e-05 -0.04495912 -0.063293606 -0.0040146559 -0.044749986 -0.063293606 -0.0079882294 -0.044192292 -0.063154183 -0.011892091 -0.043286037 -0.06287533 -0.01182238 -0.043704309 -0.061759945 -0.01182238 -0.043704309 -0.061759945 -0.016841633 -0.040288426 -0.066221505 -0.016841633 -0.040288426 -0.066221505 -0.018166158 -0.04112497 -0.061550811 -0.020327225 -0.03966102 -0.061969083 -0.022348868 -0.037918225 -0.062457066 -0.024300799 -0.035966296 -0.062945046 -0.026113307 -0.033805229 -0.063433029 -0.027716679 -0.031504735 -0.063990727 -0.03113256 -0.026136927 -0.069149405 -0.032526799 -0.023278739 -0.069637388 -0.033711899 -0.020281132 -0.070055656 -0.034687862 -0.017074388 -0.070473924 -0.035384983 -0.013797931 -0.070822485 -0.035803251 -0.010451764 -0.071171045 -0.035942677 -0.0070358813 -0.071519606 -0.03573354 -0.0036199987 -0.071868166 -0.037336912 0.0033511817 -0.075284041 -0.037894607 0.0099738091 -0.078490786 -0.036639795 0.013389684 -0.078490786 -0.035175845 0.016666144 -0.078421071 -0.033363339 0.019803174 -0.078421071 -0.031271983 0.022731073 -0.078351364 -0.028971493 0.025449835 -0.078281656 -0.026392154 0.027959459 -0.078142226 -0.023603681 0.030190237 -0.078002803 -0.020606073 0.03214217 -0.07786338 -0.017399328 0.033884965 -0.077723958 -0.014122872 0.035279207 -0.07751482 -0.010706991 0.036324881 -0.077375397 -0.0071516857 0.037161425 -0.077166259 -0.0035963841 0.037579693 -0.077026837 2.8632581e-05 0.039043643 -0.078281656 0.0036536455 0.03890422 -0.078421071 0.0072089508 0.038416237 -0.078560501 0.010764256 0.037649408 -0.078769632 0.014249846 0.036534019 -0.078909054 0.017526302 0.035139777 -0.079118192 0.020733047 0.033466697 -0.079257615 0.023730658 0.031445049 -0.079397038 0.026588842 0.02921427 -0.079536468 0.029168181 0.026704647 -0.079606175 0.031538382 0.023985885 -0.079675891 0.033699453 0.021057986 -0.079745598 0.035511956 0.017920956 -0.079815313 0.03704562 0.014644496 -0.079885021 0.038300432 0.011228621 -0.079885021 0.039276399 0.0077430308 -0.079885021 0.039903805 0.0041877255 -0.079885021 0.039624959 -0.0008315295 -0.078211941 0.039555244 -0.0043868348 -0.078142226 0.039206684 -0.0079421364 -0.078072518 0.037463889 -0.010870032 -0.074447498 0.036766768 -0.014285915 -0.074238367 0.035790801 -0.017562371 -0.073959514 0.034535989 -0.0206994 -0.073680669 0.033002332 -0.0236273 -0.073332109 0.031329244 -0.026415773 -0.072983548 0.029447027 -0.028995112 -0.072634995 0.027355671 -0.031365313 -0.072286434 0.025194608 -0.03352638 -0.071937874 0.022824399 -0.035408601 -0.071589313 0.020384487 -0.037081685 -0.071240753 0.017874863 -0.038545631 -0.070961908 0.015225813 -0.039800446 -0.070683062 0.012855612 -0.041055258 -0.069219112 0.011879645 -0.041612953 -0.068312854 0.0079757795 -0.042519208 -0.068521991 0.004002206 -0.043076903 -0.068661422 2.8632581e-05 -0.043286037 -0.068661422 -0.0040146559 -0.043076903 -0.068661422 -0.0079882294 -0.042519208 -0.068521991 -0.01182238 -0.041612953 -0.068312854 -0.012589211 -0.04147353 -0.067964301 -0.012589211 -0.04147353 -0.067964301 -0.012589211 -0.04147353 -0.067964301 -0.013007483 -0.040636986 -0.070683062 -0.015238261 -0.039730735 -0.0708922 -0.017887311 -0.038475923 -0.071171045 -0.020396937 -0.037011974 -0.071519606 -0.019211836 -0.038894191 -0.066570058 -0.021512326 -0.037360534 -0.066988334 -0.023743104 -0.035548024 -0.06740661 -0.025764748 -0.03352638 -0.06782487 -0.027716679 -0.03122589 -0.068312854 -0.029529188 -0.028785974 -0.068731129 -0.033084489 -0.023487877 -0.073541246 -0.034548439 -0.020559978 -0.073889807 -0.035803251 -0.017422944 -0.074168652 -0.036779217 -0.014146488 -0.07437779 -0.037476338 -0.010730609 -0.074656636 -0.037894607 -0.0072450191 -0.074796058 -0.038034033 -0.0036897138 -0.075005196 -0.037824895 -0.00020412356 -0.075144619 -0.038800862 0.0064882115 -0.078490786 -0.039288845 0.0078824535 -0.080094159 -0.038312878 0.011368044 -0.080024451 -0.037058067 0.014783926 -0.080024451 -0.035454694 0.018060379 -0.079954736 -0.033642188 0.021127701 -0.079954736 -0.031550832 0.0240556 -0.079815313 -0.029180627 0.026844069 -0.079745598 -0.026531577 0.029283985 -0.079675891 -0.023743104 0.031584479 -0.079536468 -0.020675784 0.033536404 -0.079397038 -0.017538751 0.035279207 -0.079257615 -0.014192583 0.036673442 -0.079118192 -0.010706991 0.037788831 -0.078909054 -0.0072214007 0.038555659 -0.078769632 -0.0035963841 0.039043643 -0.078630209 2.8632581e-05 0.040019609 -0.079954736 0.0036536455 0.039949894 -0.080303296 0.0072089508 0.039531626 -0.080442719 0.010764256 0.038695082 -0.080582142 0.014249846 0.037579693 -0.080721565 0.017526302 0.036185458 -0.08079128 0.020733047 0.034512371 -0.080930702 0.023800366 0.032560445 -0.081070125 0.026588842 0.03032966 -0.081139833 0.029237889 0.027820036 -0.081209548 0.031608097 0.025101274 -0.081348971 0.033769161 0.02224309 -0.081418686 0.035651378 0.01910606 -0.081418686 0.037254751 0.015899315 -0.081488393 0.038579278 0.012483433 -0.081558108 0.039555244 0.0089978427 -0.081558108 0.040252365 0.005512245 -0.081558108 0.040600918 0.0018872321 -0.081558108 0.040670633 -0.0017377809 -0.081558108 0.040391788 -0.0052930862 -0.081558108 0.03983409 -0.0088483915 -0.081558108 0.038509563 -0.011427727 -0.077933088 0.037603311 -0.014843609 -0.07786338 0.036348499 -0.018050354 -0.077654243 0.034814842 -0.021187384 -0.077445105 0.033072039 -0.024045572 -0.077235974 0.031189822 -0.026764333 -0.077026837 0.029028758 -0.029273957 -0.076817706 0.026728265 -0.03157445 -0.076538853 0.024288349 -0.033665802 -0.076260008 0.02170901 -0.035478313 -0.07605087 0.018990252 -0.037081685 -0.075772025 0.016201779 -0.038406208 -0.075562894 0.013831574 -0.039451886 -0.075005196 0.011879645 -0.040288426 -0.073889807 0.0079757795 -0.041264392 -0.07402923 0.004002206 -0.041822091 -0.074168652 2.8632581e-05 -0.042031225 -0.074168652 -0.0040146559 -0.041822091 -0.074168652 -0.0079882294 -0.041264392 -0.07402923 -0.011892091 -0.040288426 -0.073889807 -0.013565177 -0.039730735 -0.073750384 -0.014053158 -0.039103329 -0.076608568 -0.016214225 -0.038406208 -0.075772025 -0.0190027 -0.037011974 -0.075981162 -0.021721462 -0.035408601 -0.076260008 -0.024300799 -0.03352638 -0.076469146 -0.022836851 -0.03533889 -0.071798451 -0.025207054 -0.033386957 -0.072147012 -0.027437832 -0.03122589 -0.072495565 -0.029459476 -0.028855689 -0.07291384 -0.031341694 -0.02627635 -0.073192686 -0.034897 -0.021047961 -0.077654243 -0.036360949 -0.017980639 -0.07786338 -0.037615761 -0.014704183 -0.078002803 -0.038591728 -0.011288304 -0.078142226 -0.039219134 -0.0078027137 -0.078211941 -0.03956769 -0.0042474121 -0.078351364 -0.039637405 -0.00069210678 -0.078421071 -0.039358556 0.0029329136 -0.078421071 -0.039916251 0.0043271482 -0.080094159 -0.039497979 0.0091372654 -0.081697531 -0.038522013 0.012622856 -0.081697531 -0.037197489 0.015969023 -0.081627816 -0.035594117 0.019245483 -0.081627816 -0.033711899 0.022312805 -0.081558108 -0.031550832 0.025240697 -0.081488393 -0.029180627 0.027889751 -0.081418686 -0.026531577 0.030399375 -0.081348971 -0.023743104 0.032630153 -0.081209548 -0.020675784 0.034582086 -0.081139833 -0.017469039 0.036255166 -0.081000417 -0.014192583 0.037719116 -0.080860987 -0.010706991 0.038764797 -0.080721565 -0.0071516857 0.039601341 -0.08065185 -0.0035963841 0.040019609 -0.080512434 2.8632581e-05 0.040786438 -0.082394652 2.8632581e-05 0.040786438 -0.082673497 0.0035839342 0.040647015 -0.08246436 0.0072089508 0.040159032 -0.082534075 0.010694545 0.039392203 -0.082603782 0.014110424 0.038276814 -0.082673497 0.017456591 0.036882579 -0.082743213 0.020593625 0.035209492 -0.082882635 0.023660943 0.033327274 -0.082882635 0.02644942 0.031096496 -0.082952343 0.029098466 0.02865658 -0.083022058 0.031538382 0.026007526 -0.083091766 0.033699453 0.023149341 -0.083091766 0.035581671 0.020151734 -0.083161481 0.037254751 0.01694499 -0.083161481 0.038579278 0.013598822 -0.083231196 0.039624959 0.010182939 -0.083231196 0.040391788 0.0066973493 -0.083300903 0.040810056 0.0031420439 -0.083300903 0.040949479 -0.00048296899 -0.083300903 0.040740348 -0.0040382743 -0.083300903 0.040252365 -0.0075238645 -0.083300903 0.038997546 -0.01226427 -0.081488393 0.037812449 -0.015610438 -0.081418686 0.036348499 -0.018817183 -0.081348971 0.034675412 -0.021814793 -0.081279263 0.032723486 -0.024672978 -0.081139833 0.030632131 -0.027391739 -0.081000417 0.02826193 -0.029831652 -0.080860987 0.025752299 -0.03206243 -0.080721565 0.023033537 -0.034084074 -0.080582142 0.020245064 -0.035826869 -0.080442719 0.017317168 -0.037360534 -0.080373004 0.01473783 -0.038475923 -0.079815313 0.011949357 -0.039521597 -0.079536468 0.0080454946 -0.040497564 -0.079675891 0.0040719174 -0.041055258 -0.079745598 2.8632581e-05 -0.041264392 -0.079815313 -0.0040146559 -0.041055258 -0.079745598 -0.0079882294 -0.040427852 -0.079675891 -0.011892091 -0.039521597 -0.079536468 -0.014610855 -0.038545631 -0.079397038 -0.017259903 -0.037360534 -0.080582142 -0.020257512 -0.035826869 -0.080721565 -0.023045987 -0.034014363 -0.08079128 -0.025764748 -0.031992719 -0.080930702 -0.026740715 -0.031504735 -0.076747991 -0.029041205 -0.029204246 -0.077026837 -0.031202272 -0.026694622 -0.077235974 -0.033154204 -0.02397586 -0.077445105 -0.034687862 -0.021745078 -0.081418686 -0.036360949 -0.01867776 -0.081558108 -0.037824895 -0.015471015 -0.081627816 -0.038940284 -0.012124848 -0.081697531 -0.039846539 -0.008708965 -0.081697531 -0.040404234 -0.0051536635 -0.081767246 -0.04068308 -0.0015983582 -0.081767246 -0.040613368 0.0020266548 -0.081767246 -0.0401951 0.0055819601 -0.081767246 -0.040334523 0.0067670643 -0.083440326 -0.03956769 0.010252655 -0.083440326 -0.038522013 0.013668537 -0.083370611 -0.037127778 0.017014705 -0.083370611 -0.035524406 0.020221449 -0.083300903 -0.033572473 0.023219056 -0.083300903 -0.031411406 0.026077241 -0.083231196 -0.029041205 0.028726287 -0.083231196 -0.026392154 0.031166203 -0.083161481 -0.02353397 0.033327274 -0.083091766 -0.020536359 0.035279207 -0.083022058 -0.017329616 0.036952287 -0.082952343 -0.014053158 0.038346522 -0.082882635 -0.01063728 0.039392203 -0.08281292 -0.0071516857 0.040228747 -0.082743213 -0.0035266727 0.040647015 -0.082743213 2.8632581e-05 0.04092586 -0.083510041 2.8632581e-05 0.040995575 -0.084973991 2.8632581e-05 0.040995575 -0.084834561 0.0046993233 0.04071673 -0.084973991 2.8632581e-05 0.040995575 -0.08462543 0.010555118 0.039601341 -0.084973991 0.012367629 0.039113358 -0.084973991 0.017177746 0.037231132 -0.084973991 0.019617658 0.036046036 -0.084973991 0.023312382 0.033745542 -0.084973991 0.026100859 0.031654187 -0.084973991 0.028749906 0.02921427 -0.084973991 0.031189822 0.026634939 -0.084973991 0.031677805 0.026077241 -0.084973991 0.033350892 0.023846462 -0.084973991 0.036069654 0.019594043 -0.084973991 0.03837014 0.014574789 -0.084973991 0.039136976 0.01234401 -0.084973991 0.040322073 0.0077430308 -0.084973991 0.040740348 0.0046757087 -0.084973991 0.041019194 5.0142407e-06 -0.084973991 0.040740348 -0.0046656802 -0.084973991 0.03983409 -0.0098243542 -0.084973991 0.039136976 -0.012403693 -0.084973991 0.037533604 -0.016516693 -0.084973991 0.035999939 -0.019653726 -0.084973991 0.034187429 -0.022721045 -0.084973991 0.03209608 -0.025579229 -0.084973991 0.031538382 -0.026206639 -0.084973991 0.027216248 -0.030668195 -0.084973991 0.025961436 -0.031783585 -0.084973991 0.021569587 -0.034920618 -0.084973991 0.019338813 -0.03617543 -0.084973991 0.015853219 -0.037848514 -0.084973991 0.012088779 -0.039173037 -0.084973991 0.0081152059 -0.040218718 -0.084973991 0.0042810552 -0.040776409 -0.084973991 2.8632581e-05 -0.040985547 -0.084973991 -0.0041540787 -0.040776409 -0.084973991 -0.0082670785 -0.040149003 -0.084973991 -0.0093824677 -0.039870158 -0.084973991 -0.012380075 -0.039103329 -0.084973991 -0.015795955 -0.037848514 -0.084973991 -0.017329616 -0.037151396 -0.084973991 -0.019560395 -0.036036007 -0.084973991 -0.023115698 -0.033805229 -0.084973991 -0.024509935 -0.032829262 -0.084973991 -0.026461866 -0.031295601 -0.084973991 -0.029529188 -0.028437417 -0.084973991 -0.030644577 -0.027182601 -0.084973991 -0.032247949 -0.025230672 -0.084973991 -0.034687862 -0.021814793 -0.084973991 -0.035524406 -0.020420555 -0.084973991 -0.036709506 -0.018189777 -0.084973991 -0.03838259 -0.014355626 -0.084973991 -0.038940284 -0.012752254 -0.084973991 -0.039637405 -0.010312337 -0.084973991 -0.040473945 -0.0061993413 -0.084973991 -0.040752795 -0.0045959651 -0.084973991 -0.040892217 -0.0020863414 -0.084973991 -0.040892217 0.0020963699 -0.084973991 -0.040822506 0.0037694499 -0.084973991 -0.040473945 0.0062790811 -0.084973991 -0.039637405 0.010392077 -0.084973991 -0.039149422 0.01199545 -0.084973991 -0.03838259 0.014365651 -0.084973991 -0.036709506 0.018199801 -0.084973991 -0.035942677 0.019733466 -0.084973991 -0.03461815 0.021894529 -0.084973991 -0.032247949 0.025310412 -0.084973991 -0.03113256 0.026634939 -0.084973991 -0.029459476 0.028447442 -0.084973991 -0.026392154 0.031305626 -0.084973991 -0.025137341 0.032421015 -0.084973991 -0.023115698 0.033884965 -0.084973991 -0.019490683 0.036046036 -0.084973991 -0.018026734 0.036812864 -0.084973991 -0.015726244 0.037858538 -0.084973991 -0.01182238 0.03925278 -0.084973991 -0.010149296 0.039740764 -0.084973991 -0.007709384 0.040228747 -0.084973991 -0.0035963841 0.040856153 -0.084973991 2.8632581e-05 0.040995575 -0.090969205 2.8632581e-05 0.040995575 -0.090969205 0.0046993233 0.04071673 -0.090969205 0.0046993233 0.04071673 -0.090969205 0.012367629 0.039113358 -0.090969205 0.012367629 0.039113358 -0.090969205 0.019617658 0.036046036 -0.090969205 0.019617658 0.036046036 -0.090969205 0.026100859 0.031654187 -0.090969205 0.026100859 0.031654187 -0.090969205 0.031677805 0.026077241 -0.090969205 0.031677805 0.026077241 -0.090969205 0.036069654 0.019594043 -0.090969205 0.036069654 0.019594043 -0.090969205 0.039136976 0.01234401 -0.090969205 0.039136976 0.01234401 -0.090969205 0.040740348 0.0046757087 -0.090969205 0.040740348 0.0046757087 -0.090969205 0.041019194 5.0142407e-06 -0.090969205 0.041019194 5.0142407e-06 -0.090969205 0.040740348 -0.0046656802 -0.090969205 0.040740348 -0.0046656802 -0.090969205 0.039136976 -0.012403693 -0.090969205 0.039136976 -0.012403693 -0.090969205 0.035999939 -0.019653726 -0.090969205 0.035999939 -0.019653726 -0.090969205 0.031538382 -0.026206639 -0.090969205 0.031538382 -0.026206639 -0.090969205 0.025961436 -0.031783585 -0.090969205 0.025961436 -0.031783585 -0.090969205 0.019338813 -0.03617543 -0.090969205 0.019338813 -0.03617543 -0.090969205 0.019338813 -0.03617543 -0.090969205 0.012088779 -0.039173037 -0.090969205 0.012088779 -0.039173037 -0.090969205 0.0042810552 -0.040776409 -0.090969205 0.0042810552 -0.040776409 -0.090969205 2.8632581e-05 -0.040985547 -0.090969205 2.8632581e-05 -0.040985547 -0.090969205 -0.0010867566 -0.040985547 -0.090969205 -0.0010867566 -0.040985547 -0.090969205 -0.0093824677 -0.039870158 -0.090969205 -0.0093824677 -0.039870158 -0.090969205 -0.017329616 -0.037151396 -0.090969205 -0.017329616 -0.037151396 -0.090969205 -0.024509935 -0.032829262 -0.090969205 -0.024509935 -0.032829262 -0.090969205 -0.030644577 -0.027182601 -0.090969205 -0.030644577 -0.027182601 -0.090969205 -0.035524406 -0.020420555 -0.090969205 -0.035524406 -0.020420555 -0.090969205 -0.038940284 -0.012752254 -0.090969205 -0.038940284 -0.012752254 -0.090969205 -0.040752795 -0.0045959651 -0.090969205 -0.040752795 -0.0045959651 -0.090969205 -0.040822506 0.0037694499 -0.090969205 -0.040822506 0.0037694499 -0.090969205 -0.039149422 0.01199545 -0.090969205 -0.039149422 0.01199545 -0.090969205 -0.035942677 0.019733466 -0.090969205 -0.035942677 0.019733466 -0.090969205 -0.03113256 0.026634939 -0.090969205 -0.03113256 0.026634939 -0.090969205 -0.025137341 0.032421015 -0.090969205 -0.025137341 0.032421015 -0.090969205 -0.018026734 0.036812864 -0.090969205 -0.018026734 0.036812864 -0.090969205 -0.010149296 0.039740764 -0.090969205 -0.010149296 0.039740764 -0.090969205 -0.001853589 0.04092586 -0.090969205 -0.001853589 0.04092586 -0.090969205 2.8632581e-05 0.040507592 -0.090969205 0.0079060681 0.039740764 -0.090969205 0.015504658 0.03744027 -0.090969205 0.022545554 0.033675835 -0.090969205 0.028680198 0.02865658 -0.090969205 0.033699453 0.022521935 -0.090969205 0.037463889 0.01548104 -0.090969205 0.039764382 0.0078824535 -0.090969205 0.040531211 5.0142407e-06 -0.090969205 0.039764382 -0.007872425 -0.090969205 0.037463889 -0.015471015 -0.090969205 0.033699453 -0.022511911 -0.090969205 0.028680198 -0.028646551 -0.090969205 0.022545554 -0.033665802 -0.090969205 0.015504658 -0.037430242 -0.090969205 0.0079060681 -0.039730735 -0.090969205 2.8632581e-05 -0.040497564 -0.090969205 -0.0078488067 -0.039730735 -0.090969205 -0.015447397 -0.037430242 -0.090969205 -0.022488292 -0.033665802 -0.090969205 -0.028622933 -0.028646551 -0.090969205 -0.033642188 -0.022511911 -0.090969205 -0.037406623 -0.015471015 -0.090969205 -0.039707117 -0.007872425 -0.090969205 -0.040473945 5.0142407e-06 -0.090969205 -0.039707117 0.0078824535 -0.090969205 -0.037406623 0.01548104 -0.090969205 -0.033642188 0.022521935 -0.090969205 -0.028622933 0.02865658 -0.090969205 -0.022488292 0.033675835 -0.090969205 -0.015447397 0.03744027 -0.090969205 -0.0078488067 0.039740764 -0.090969205 -0.03378161 0.016038738 -0.022233337 -0.03378161 0.016038738 -0.022233337 -0.033711899 0.016108446 -0.022163622 -0.033711899 0.016108446 -0.022163622 -0.030296016 0.016038738 -0.026764601 -0.030296016 0.016038738 -0.026764601 -0.030296016 0.016108446 -0.026694894 -0.030296016 0.016108446 -0.026694894 -0.026252732 0.016038738 -0.03080789 -0.026252732 0.016038738 -0.03080789 -0.02618302 0.016108446 -0.030738175 -0.02618302 0.016108446 -0.030738175 -0.02165175 0.016038738 -0.034154058 -0.02165175 0.016038738 -0.034154058 -0.02165175 0.016108446 -0.03408435 -0.02165175 0.016108446 -0.03408435 -0.016632497 0.016038738 -0.036872819 -0.016632497 0.016038738 -0.036872819 -0.016632497 0.016108446 -0.036803111 -0.016632497 0.016108446 -0.036803111 -0.011264686 0.016038738 -0.03889446 -0.011264686 0.016038738 -0.03889446 -0.011264686 0.016108446 -0.038824752 -0.011264686 0.016108446 -0.038824752 -0.0056877397 0.016038738 -0.040079564 -0.0056877397 0.016038738 -0.040079564 -0.0056877397 0.016108446 -0.040009852 -0.0056877397 0.016108446 -0.040009852 2.8632581e-05 0.016038738 -0.040497836 2.8632581e-05 0.016038738 -0.040497836 0.037533604 0.016178161 0.014713943 0.039346106 0.016178161 0.008997567 0.04018265 0.016178161 0.003002353 0.031538382 0.016178161 -0.025161229 0.031538382 0.016178161 -0.025091521 0.034954265 0.016178161 -0.020141982 0.034954265 0.016178161 -0.020141982 0.037533604 0.016178161 -0.014704458 0.037533604 0.016178161 -0.014704458 0.039346106 0.016178161 -0.0089880824 0.039346106 0.016178161 -0.0089880824 0.040252365 0.016178161 -0.0029928684 0.04018265 0.016178161 -0.0029928684 0.040252365 0.016178161 0.003002353 0.039346106 0.016178161 0.008997567 0.037533604 0.016178161 0.014713943 0.034954265 0.016178161 0.020151466 0.022754692 0.016178161 0.033327006 0.027425386 0.016178161 0.029562555 0.027425386 0.016178161 0.029562555 0.031538382 0.016178161 0.025100999 0.031538382 0.016178161 0.025170721 0.034954265 0.016178161 0.020151466 0.027425386 0.016178161 -0.029553078 0.027425386 0.016178161 -0.029553078 0.027495094 0.016108446 -0.029622786 0.027495094 0.016108446 -0.029622786 0.031608097 0.016108446 -0.025161229 0.031608097 0.016108446 -0.025161229 0.035023972 0.016108446 -0.020211689 0.035023972 0.016108446 -0.020211689 0.037673026 0.016108446 -0.014774166 0.037673026 0.016108446 -0.014774166 0.039415821 0.016108446 -0.0089880824 0.039415821 0.016108446 -0.0089880824 0.040322073 0.016108446 -0.0029928684 0.040322073 0.016108446 -0.0029928684 0.040322073 0.016108446 0.003002353 0.040322073 0.016108446 0.003002353 0.039415821 0.016108446 0.008997567 0.039415821 0.016108446 0.008997567 0.037673026 0.016108446 0.014783651 0.037673026 0.016108446 0.014783651 0.035023972 0.016108446 0.020221174 0.035023972 0.016108446 0.020221174 0.031608097 0.016108446 0.025170721 0.031608097 0.016108446 0.025170721 0.027495094 0.016108446 0.029632278 0.027495094 0.016108446 0.029632278 0.022824399 0.016108446 0.033396713 0.022824399 0.016108446 0.033396713 0.017526302 0.016108446 0.03639432 0.017526302 0.016108446 0.03639432 0.011949357 0.016108446 0.038625099 0.011949357 0.016108446 0.038625099 0.017526302 0.016178161 0.036324613 0.022754692 0.016178161 0.033327006 0.022754692 0.016178161 -0.033317514 0.022754692 0.016178161 -0.033317514 0.022824399 0.016108446 -0.033387229 0.022824399 0.016108446 -0.033387229 0.017596014 0.016038738 -0.036454551 0.017596014 0.016038738 -0.036454551 0.017526302 0.016108446 -0.036384836 0.017526302 0.016108446 -0.036384836 0.022824399 0.016038738 -0.033456936 0.022824399 0.016038738 -0.033456936 0.027564809 0.016038738 -0.029692501 0.027564809 0.016038738 -0.029692501 0.031677805 0.016038738 -0.025230944 0.031677805 0.016038738 -0.025230944 0.035093687 0.016038738 -0.020211689 0.035093687 0.016038738 -0.020211689 0.037673026 0.016038738 -0.014774166 0.037673026 0.016038738 -0.014774166 0.039485529 0.016038738 -0.0089880824 0.039485529 0.016038738 -0.0089880824 0.040391788 0.016038738 -0.0029928684 0.040391788 0.016038738 -0.0029928684 0.040391788 0.016038738 0.003002353 0.040391788 0.016038738 0.003002353 0.039485529 0.016038738 0.008997567 0.039485529 0.016038738 0.008997567 0.037673026 0.016038738 0.014783651 0.037673026 0.016038738 0.014783651 0.035093687 0.016038738 0.020221174 0.035093687 0.016038738 0.020221174 0.031677805 0.016038738 0.025240429 0.031677805 0.016038738 0.025240429 0.027564809 0.016038738 0.029701985 0.027564809 0.016038738 0.029701985 0.022824399 0.016038738 0.033466421 0.022824399 0.016038738 0.033466421 0.017596014 0.016038738 0.036464028 0.017596014 0.016038738 0.036464028 0.011949357 0.016038738 0.038694806 0.011949357 0.016038738 0.038694806 0.0060238503 0.016038738 0.040019341 0.0060238503 0.016038738 0.040019341 -0.033642188 0.016178161 0.022173107 -0.030226305 0.016178161 0.026704378 -0.030226305 0.016178161 0.026634671 -0.026113307 0.016178161 0.030677952 -0.02618302 0.016178161 0.030677952 -0.02165175 0.016108446 0.034163542 -0.02165175 0.016108446 0.034163542 -0.021582037 0.016178161 0.034093834 -0.02618302 0.016108446 0.03074766 -0.02618302 0.016108446 0.03074766 -0.030296016 0.016108446 0.026774086 -0.030296016 0.016108446 0.026774086 -0.033711899 0.016108446 0.022173107 -0.033711899 0.016108446 0.022173107 -0.036500372 0.016108446 0.017223567 -0.036500372 0.016108446 0.017223567 -0.038522013 0.016178161 0.011855751 -0.038591728 0.016108446 0.011925466 -0.038591728 0.016108446 0.011925466 -0.036430661 0.016178161 0.017223567 -0.033642188 0.016178161 0.022173107 -0.021582037 0.016178161 0.034024112 -0.016562786 0.016178161 0.036742873 -0.016562786 0.016178161 0.036742873 -0.016632497 0.016108446 0.036812596 -0.016632497 0.016108446 0.036812596 -0.016632497 0.016038738 0.036882304 -0.016632497 0.016038738 0.036882304 -0.02165175 0.016038738 0.034163542 -0.02165175 0.016038738 0.034163542 -0.026252732 0.016038738 0.030817367 -0.030296016 0.016038738 0.026774086 -0.030296016 0.016038738 0.026774086 -0.03378161 0.016038738 0.022242822 -0.03378161 0.016038738 0.022242822 -0.036570083 0.016038738 0.017223567 -0.036570083 0.016038738 0.017223567 -0.038661439 0.016038738 0.011925466 -0.038661439 0.016038738 0.011925466 -0.039916251 0.016038738 0.0063485205 -0.039916251 0.016038738 0.0063485205 -0.039916251 0.016108446 0.0063485205 -0.039916251 0.016108446 0.0063485205 -0.039916251 0.016108446 0.0063485205 -0.039776828 0.016178161 0.0063485205 -0.039776828 0.016178161 0.0063485205 -0.038452301 0.016178161 0.011855751 -0.036430661 0.016178161 0.017153852 -0.011194974 0.016178161 0.038694806 -0.011194974 0.016178161 0.038764529 -0.011264686 0.016108446 0.038834237 -0.011264686 0.016108446 0.038834237 -0.011264686 0.016038738 0.038903944 -0.011264686 0.016038738 0.038903944 -0.011264686 0.016038738 0.038903944 -0.0056877397 0.016108446 0.040019341 -0.0056877397 0.016108446 0.040019341 -0.0056877397 0.016108446 0.040019341 -0.0056877397 0.016038738 0.040089048 -0.0056877397 0.016038738 0.040089048 2.8632581e-05 0.016108446 0.040437602 2.8632581e-05 0.016108446 0.040437602 2.8632581e-05 0.016038738 0.040507324 2.8632581e-05 0.016038738 0.040507324 0.0060238503 0.016108446 0.039949618 0.0060238503 0.016108446 0.039949618 0.011879645 0.016178161 0.038555391 0.017526302 0.016178161 0.036324613 0.017526302 0.016178161 -0.036315128 0.017526302 0.016178161 -0.036315128 0.011879645 0.016178161 -0.038545907 0.011949357 0.016108446 -0.038615614 0.011949357 0.016108446 -0.038615614 0.011949357 0.016038738 -0.038685329 0.011949357 0.016038738 -0.038685329 0.0060238503 0.016108446 -0.039940141 0.0060238503 0.016108446 -0.039940141 0.0060238503 0.016038738 -0.040009852 0.0060238503 0.016038738 -0.040009852 2.8632581e-05 0.016108446 -0.040428124 2.8632581e-05 0.016108446 -0.040428124 -0.0056877397 0.016178161 -0.039940141 -0.011194974 0.016178161 -0.038685329 -0.016562786 0.016178161 -0.036733396 -0.021582037 0.016178161 -0.034014635 -0.02618302 0.016178161 -0.030668467 -0.030226305 0.016178161 -0.026694894 -0.033642188 0.016178161 -0.022163622 -0.036430661 0.016178161 -0.017144367 -0.036500372 0.016108446 -0.017214082 -0.036500372 0.016108446 -0.017214082 -0.036570083 0.016038738 -0.017214082 -0.036570083 0.016038738 -0.017214082 -0.038661439 0.015969023 -0.011915982 -0.038661439 0.016038738 -0.011915982 -0.038661439 0.016038738 -0.011915982 -0.037127778 0.015969023 -0.016168401 -0.037127778 0.015969023 -0.016168401 -0.036639795 0.015969023 -0.01728379 -0.03378161 0.015969023 -0.022233337 -0.033293627 0.015969023 -0.023000166 -0.033293627 0.015969023 -0.023000166 -0.03036573 0.015969023 -0.026764601 -0.028274374 0.015969023 -0.02899538 -0.028274374 0.015969023 -0.02899538 -0.026252732 0.015969023 -0.03080789 -0.02165175 0.015969023 -0.034223773 -0.016632497 0.015969023 -0.036872819 -0.015238261 0.015969023 -0.037500225 -0.015238261 0.015969023 -0.037500225 -0.011264686 0.015969023 -0.03889446 -0.0077790953 0.015969023 -0.039731003 -0.0077790953 0.015969023 -0.039731003 -0.0077790953 0.015969023 -0.039731003 -0.0056877397 0.015969023 -0.040079564 2.8632581e-05 0.015969023 -0.040497836 0.0060935616 0.015969023 -0.040009852 0.0084637627 0.015969023 -0.039591581 0.0084637627 0.015969023 -0.039591581 0.011949357 0.015969023 -0.038685329 0.016480625 0.015969023 -0.037012242 0.016480625 0.015969023 -0.037012242 0.017596014 0.015969023 -0.036454551 0.022824399 0.015969023 -0.033456936 0.023800366 0.015969023 -0.032759823 0.023800366 0.015969023 -0.032759823 0.027564809 0.015969023 -0.029692501 0.030144148 0.015969023 -0.027113162 0.030144148 0.015969023 -0.027113162 0.031677805 0.015969023 -0.025230944 0.035093687 0.015969023 -0.020211689 0.037742734 0.015969023 -0.014774166 0.038509563 0.015969023 -0.01247368 0.038509563 0.015969023 -0.01247368 0.039485529 0.015969023 -0.0089880824 0.040322073 0.015969023 -0.0042476803 0.040322073 0.015969023 -0.0042476803 0.040391788 0.015969023 -0.0029928684 0.040391788 0.015969023 0.003002353 0.040322073 0.015969023 0.0042571649 0.040322073 0.015969023 0.0042571649 0.039485529 0.015969023 0.008997567 0.038509563 0.015969023 0.012552872 0.038509563 0.015969023 0.012552872 0.037742734 0.015969023 0.014783651 0.035093687 0.015969023 0.020290889 0.031677805 0.015969023 0.025240429 0.030144148 0.015969023 0.027122654 0.030144148 0.015969023 0.027122654 0.027564809 0.015969023 0.029701985 0.023800366 0.015969023 0.0327693 0.023800366 0.015969023 0.0327693 0.022824399 0.015969023 0.033466421 0.017596014 0.015969023 0.036464028 0.016480625 0.015969023 0.037021734 0.016480625 0.015969023 0.037021734 0.011949357 0.015969023 0.038694806 0.0084637627 0.015969023 0.039601065 0.0084637627 0.015969023 0.039601065 0.0060935616 0.015969023 0.040089048 2.8632581e-05 0.015969023 0.040507324 -0.0056877397 0.015969023 0.040089048 -0.0077790953 0.015969023 0.039740495 -0.0077790953 0.015969023 0.039740495 -0.011264686 0.015969023 0.038903944 -0.015238261 0.015969023 0.037509717 -0.015238261 0.015969023 0.037509717 -0.016632497 0.015969023 0.036952011 -0.02165175 0.015969023 0.03423325 -0.022139732 0.015969023 0.033884697 -0.026252732 0.015969023 0.030817367 -0.028274374 0.015969023 0.029004864 -0.028274374 0.015969023 0.029004864 -0.03036573 0.015969023 0.026774086 -0.03378161 0.015969023 0.022242822 -0.036639795 0.015969023 0.017293274 -0.037127778 0.015969023 0.016177885 -0.037127778 0.015969023 0.016177885 -0.038661439 0.015969023 0.011925466 -0.039497979 0.015969023 0.0087884367 -0.039497979 0.015969023 0.0087884367 -0.039985962 0.015969023 0.0063485205 -0.040473945 0.015969023 0.00098070502 -0.040473945 0.015969023 0.00098070502 -0.040473945 0.015969023 0.00098070502 -0.040473945 0.015969023 0.00098070502 -0.040404234 0.016038738 0.00098070502 -0.040404234 0.016038738 0.00098070502 -0.040404234 0.016108446 0.00098070502 -0.040404234 0.016108446 0.00098070502 -0.040404234 0.016108446 0.00098070502 -0.040404234 0.016108446 0.00098070502 -0.040404234 0.016108446 0.00098070502 -0.040404234 0.016108446 0.00098070502 -0.040334523 0.016178161 0.00098070502 -0.040334523 0.016178161 0.00098070502 -0.040334523 0.016178161 0.00098070502 -0.040264811 0.016178161 0.00098070502 -0.040264811 0.016178161 0.00098070502 -0.039776828 0.016178161 0.0063485205 -0.0056180283 0.016178161 0.039879911 -0.0056877397 0.016178161 0.039949618 2.8632581e-05 0.016178161 0.040298186 0.0060238503 0.016178161 0.039879911 0.011879645 0.016178161 0.038485684 0.011879645 0.016178161 -0.038476191 0.0060238503 0.016178161 -0.03987043 0.0060238503 0.016178161 -0.03987043 2.8632581e-05 0.016178161 -0.040288702 -0.0056180283 0.016178161 -0.03987043 -0.011194974 0.016178161 -0.038685329 -0.016562786 0.016178161 -0.036733396 -0.021582037 0.016178161 -0.034014635 -0.026113307 0.016178161 -0.030668467 -0.030226305 0.016178161 -0.026625179 -0.033642188 0.016178161 -0.022163622 -0.036430661 0.016178161 -0.017144367 -0.038452301 0.016178161 -0.011846267 -0.038522013 0.016178161 -0.011846267 -0.038591728 0.016108446 -0.011915982 -0.038591728 0.016108446 -0.011915982 -0.039916251 0.016108446 -0.0063390359 -0.039916251 0.016108446 -0.0063390359 -0.040404234 0.016108446 -0.00097122043 -0.040404234 0.016108446 -0.00097122043 -0.040404234 0.016108446 -0.00097122043 -0.039916251 0.016038738 -0.0063390359 -0.039916251 0.016038738 -0.0063390359 -0.039497979 0.015969023 -0.0087789521 -0.039497979 0.015969023 -0.0087789521 -0.039497979 0.013459399 -0.0087789521 -0.039497979 0.013459399 -0.0087789521 -0.038243167 0.013459399 -0.013310216 -0.038243167 0.013459399 -0.013310216 -0.037127778 0.013459399 -0.016168401 -0.037127778 0.013459399 -0.016168401 -0.035384983 0.013459399 -0.019653998 -0.035384983 0.013459399 -0.019653998 -0.033293627 0.013459399 -0.023000166 -0.033293627 0.013459399 -0.023000166 -0.031341694 0.013459399 -0.025579505 -0.031341694 0.013459399 -0.025579505 -0.028274374 0.013459399 -0.02899538 -0.028274374 0.013459399 -0.02899538 -0.026322443 0.013459399 -0.030738175 -0.026322443 0.013459399 -0.030738175 -0.022139732 0.013459399 -0.033875212 -0.022139732 0.013459399 -0.033875212 -0.020396937 0.013459399 -0.034990601 -0.020396937 0.013459399 -0.034990601 -0.015238261 0.013459399 -0.037500225 -0.015238261 0.013459399 -0.037500225 -0.013634888 0.013459399 -0.038127631 -0.013634888 0.013459399 -0.038127631 -0.0071516857 0.013459399 -0.03987043 -0.0071516857 0.013459399 -0.03987043 2.8632581e-05 0.013459399 -0.040497836 2.8632581e-05 0.013459399 -0.040497836 0.0026776828 0.013459399 -0.040428124 0.0026776828 0.013459399 -0.040428124 0.0084637627 0.013459399 -0.039591581 0.0084637627 0.013459399 -0.039591581 0.0094397292 0.013459399 -0.039382443 0.0094397292 0.013459399 -0.039382443 0.015992641 0.013459399 -0.03722138 0.015992641 0.013459399 -0.03722138 0.016480625 0.013459399 -0.037012242 0.016480625 0.013459399 -0.037012242 0.022196993 0.013459399 -0.033875212 0.022196993 0.013459399 -0.033875212 0.023800366 0.013459399 -0.032759823 0.023800366 0.013459399 -0.032759823 0.027843654 0.013459399 -0.029413655 0.027843654 0.013459399 -0.029413655 0.028959043 0.013459399 -0.028367974 0.028959043 0.013459399 -0.028367974 0.030144148 0.013459399 -0.027113162 0.030144148 0.013459399 -0.027113162 0.033560023 0.013459399 -0.02272132 0.033560023 0.013459399 -0.02272132 0.035093687 0.013459399 -0.020211689 0.035093687 0.013459399 -0.020211689 0.037115328 0.013459399 -0.016238116 0.037115328 0.013459399 -0.016238116 0.038509563 0.013459399 -0.01247368 0.038509563 0.013459399 -0.01247368 0.039485529 0.013459399 -0.0091972202 0.039485529 0.013459399 -0.0091972202 0.040322073 0.013459399 -0.0042476803 0.040322073 0.013459399 -0.0042476803 0.040461496 0.013459399 -0.0025048852 0.040461496 0.013459399 -0.0025048852 0.040531211 0.013459399 0.00084128231 0.040531211 0.013459399 0.00084128231 0.040322073 0.013459399 0.0042571649 0.040322073 0.013459399 0.0042571649 0.03983409 0.013459399 0.0076033324 0.03983409 0.013459399 0.0076033324 0.038509563 0.013459399 0.012552872 0.038509563 0.013459399 0.012552872 0.037951872 0.013459399 0.01422596 0.037951872 0.013459399 0.01422596 0.035093687 0.013459399 0.020290889 0.035093687 0.013459399 0.020290889 0.034954265 0.013459399 0.020569734 0.034954265 0.013459399 0.020569734 0.030771554 0.013459399 0.02635581 0.030771554 0.013459399 0.02635581 0.030144148 0.013459399 0.027122654 0.030144148 0.013459399 0.027122654 0.026379704 0.013459399 0.03074766 0.026379704 0.013459399 0.03074766 0.023800366 0.013459399 0.0327693 0.023800366 0.013459399 0.0327693 0.020454202 0.013459399 0.035000078 0.020454202 0.013459399 0.035000078 0.016480625 0.013459399 0.037021734 0.016480625 0.013459399 0.037021734 0.013692152 0.013459399 0.038137116 0.013692152 0.013459399 0.038137116 0.0084637627 0.013459399 0.039601065 0.0084637627 0.013459399 0.039601065 0.0072089508 0.013459399 0.039879911 0.0072089508 0.013459399 0.039879911 2.8632581e-05 0.013459399 0.040507324 2.8632581e-05 0.013459399 0.040507324 -0.0056180283 0.013459399 0.040089048 -0.0056180283 0.013459399 0.040089048 -0.0077790953 0.013459399 0.039740495 -0.0077790953 0.013459399 0.039740495 -0.012310363 0.013459399 0.038555391 -0.012310363 0.013459399 0.038555391 -0.015238261 0.013459399 0.037509717 -0.015238261 0.013459399 0.037509717 -0.018793564 0.013459399 0.035906337 -0.018793564 0.013459399 0.035906337 -0.022139732 0.013459399 0.033884697 -0.022139732 0.013459399 0.033884697 -0.024788782 0.013459399 0.032002471 -0.024788782 0.013459399 0.032002471 -0.028274374 0.013459399 0.029004864 -0.028274374 0.013459399 0.029004864 -0.030086882 0.013459399 0.027122654 -0.030086882 0.013459399 0.027122654 -0.033293627 0.013459399 0.02300965 -0.033293627 0.013459399 0.02300965 -0.034478728 0.013459399 0.021266855 -0.034478728 0.013459399 0.021266855 -0.037127778 0.013459399 0.016177885 -0.037127778 0.013459399 0.016177885 -0.037755184 0.013459399 0.014644228 -0.037755184 0.013459399 0.014644228 -0.039637405 0.013459399 0.0081610307 -0.039637405 0.013459399 0.0081610307 -0.040473945 0.013459399 0.00098070502 -0.040473945 0.013459399 0.00098070502 -0.040473945 0.013459399 0.00098070502 -0.0401951 0.016178161 0.00098070502 -0.0401951 0.016178161 0.00098070502 -0.0401951 0.016178161 0.00098070502 2.8632581e-05 0.016178161 0.040298186 0.0060238503 0.016178161 0.039879911 2.8632581e-05 0.016178161 -0.040288702 -0.039776828 0.016178161 -0.0063390359 -0.039776828 0.016178161 -0.0063390359 -0.040264811 0.016178161 -0.00097122043 -0.040264811 0.016178161 -0.00097122043 -0.040404234 0.016038738 -0.00097122043 -0.040404234 0.016038738 -0.00097122043 -0.040404234 0.016038738 -0.00097122043 -0.039985962 0.015969023 -0.0063390359 -0.039916251 0.013459399 -0.0066178814 -0.039916251 0.013459399 -0.0066178814 -0.039219134 0.013459399 -0.0078029856 -0.03691864 0.013459399 -0.015331864 -0.033223916 0.013459399 -0.022233337 -0.028274374 0.013459399 -0.028298266 -0.022209445 0.013459399 -0.033247806 -0.015307972 0.013459399 -0.036942534 -0.0077790953 0.013459399 -0.03924302 2.8632581e-05 0.013459399 -0.040009852 0.0078363568 0.013459399 -0.03924302 0.015365236 0.013459399 -0.036942534 0.022266708 0.013459399 -0.033247806 0.028331637 0.013459399 -0.028298266 0.033281177 0.013459399 -0.022233337 0.036975905 0.013459399 -0.015331864 0.039276399 0.013459399 -0.0078029856 0.040043227 0.013459399 4.7385693e-06 0.039136976 0.013459399 0.0083004534 0.036557637 0.013459399 0.0162476 0.032374926 0.013459399 0.023497634 0.02679798 0.013459399 0.029701985 0.02003593 0.013459399 0.034651525 0.012367629 0.013459399 0.038067408 0.0042113438 0.013459399 0.039810203 -0.0041540787 0.013459399 0.039810203 -0.012310363 0.013459399 0.038067408 -0.019978665 0.013459399 0.034651525 -0.026740715 0.013459399 0.029701985 -0.032317661 0.013459399 0.023497634 -0.036500372 0.013459399 0.0162476 -0.039079711 0.013459399 0.0083004534 -0.039985962 0.013459399 4.7385693e-06 -0.0401951 0.013459399 0.00098070502 -0.0401951 0.013459399 0.00098070502 -0.0401951 0.013459399 0.00098070502 -0.0401951 0.016178161 -0.00097122043 -0.0401951 0.016178161 -0.00097122043 -0.0401951 0.016178161 -0.00097122043 -0.040264811 0.016178161 -0.00097122043 -0.040264811 0.016178161 -0.00097122043 -0.040473945 0.015969023 -0.00097122043 -0.040473945 0.015969023 -0.00097122043 -0.040473945 0.013459399 -0.00097122043 -0.040473945 0.013459399 -0.00097122043 -0.040473945 0.013459399 -0.00097122043 -0.0401951 0.013459399 -0.00097122043 -0.0401951 0.013459399 -0.00097122043 -0.0401951 0.013459399 -0.00097122043 -0.040961929 -0.00097095221 -0.10107742 -0.040961929 -0.00097095221 -0.10107742 -0.040961929 -0.00097095221 -0.10107742 -0.040473945 -0.0064084753 -0.10100771 -0.040473945 -0.0064084753 -0.10100771 -0.040473945 -0.0064084753 -0.10100771 -0.040961929 -0.00097095221 -0.10107742 -0.040961929 -0.00097095221 -0.10107742 -0.040961929 -0.00097095221 -0.10107742 -0.040961929 -0.00097095221 -0.10100771 -0.040961929 -0.00097095221 -0.10100771 -0.040473945 -0.0064084753 -0.10100771 -0.039985962 -0.0088483915 -0.10100771 -0.039985962 -0.0088483915 -0.10100771 -0.03754605 -0.016377266 -0.10100771 -0.03754605 -0.016377266 -0.10100771 -0.039149422 -0.012055133 -0.10100771 -0.039149422 -0.012055133 -0.10100771 -0.039149422 -0.012055133 -0.10100771 -0.039149422 -0.012055133 -0.10100771 -0.039149422 -0.012055133 -0.10100771 -0.040404234 -0.0064084753 -0.10107742 -0.040404234 -0.0064084753 -0.10107742 -0.040892217 -0.00097095221 -0.10114714 -0.040892217 -0.00097095221 -0.10114714 -0.040822506 -0.00097095221 -0.10121685 -0.040822506 -0.00097095221 -0.10121685 -0.040752795 -0.00097095221 -0.10121685 -0.040752795 -0.00097095221 -0.10121685 -0.040264811 -0.0064084753 -0.10121685 -0.039916251 -0.0081512704 -0.10121685 -0.040055674 -0.0078027137 -0.10121685 -0.040055674 -0.0078027137 -0.10121685 -0.040264811 -0.0064084753 -0.10121685 -0.04068308 -0.00097095221 -0.10121685 -0.04068308 -0.00097095221 -0.10121685 -0.04068308 -0.00097095221 -0.10121685 -0.021721462 0.029911391 -0.1021231 -0.021721462 0.029911391 -0.1021231 -0.021721462 0.029911391 -0.10198367 -0.021721462 0.029911391 -0.10198367 -0.016771922 0.032908998 -0.1021231 -0.016771922 0.032908998 -0.1021231 -0.016771922 0.032978714 -0.10198367 -0.016771922 0.032978714 -0.10198367 0.03523311 0.011437751 -0.10198367 0.033350892 0.016038738 -0.10198367 0.033350892 0.016038738 -0.10198367 0.033350892 0.016038738 -0.10121685 0.033350892 0.016038738 -0.10121685 0.033002332 0.016805567 -0.10198367 0.028959043 0.023079634 -0.10121685 0.028959043 0.023079634 -0.10121685 0.028959043 0.023079634 -0.10121685 0.02993501 0.021755107 -0.10198367 0.028959043 0.023079634 -0.10198367 0.028959043 0.023079634 -0.10198367 0.028959043 0.023079634 -0.10198367 0.026170574 0.026146956 -0.10198367 0.023103252 0.028935425 -0.10121685 0.023103252 0.028935425 -0.10121685 0.023103252 0.028935425 -0.10198367 0.023103252 0.028935425 -0.10198367 0.021778725 0.029911391 -0.10198367 0.016062353 0.033327274 -0.10121685 0.016062353 0.033327274 -0.10121685 0.016062353 0.033327274 -0.10121685 0.016829185 0.032978714 -0.10198367 0.016062353 0.033327274 -0.10198367 0.016062353 0.033327274 -0.10198367 0.016062353 0.033327274 -0.10198367 0.011461373 0.035209492 -0.10198367 0.0082546286 0.036046036 -0.10121685 0.0082546286 0.036046036 -0.10121685 0.0082546286 0.036046036 -0.10198367 0.0082546286 0.036046036 -0.10198367 0.0058147125 0.036534019 -0.10198367 2.8632581e-05 0.037022002 -0.10198367 0.0058147125 0.036534019 -0.10198367 0.0058147125 0.036534019 -0.10198367 0.0058147125 0.036534019 -0.10198367 0.011461373 0.035209492 -0.10198367 0.011461373 0.035209492 -0.10198367 0.011461373 0.035209492 -0.10198367 0.011461373 0.035209492 -0.10198367 0.016829185 0.032978714 -0.10198367 0.016829185 0.032978714 -0.10198367 0.016829185 0.032978714 -0.10198367 0.021778725 0.029911391 -0.10198367 0.021778725 0.029911391 -0.10198367 0.021778725 0.029911391 -0.10198367 0.026170574 0.026146956 -0.10198367 0.026170574 0.026146956 -0.10198367 0.026170574 0.026146956 -0.10198367 0.026170574 0.026146956 -0.10198367 0.02993501 0.021755107 -0.10198367 0.02993501 0.021755107 -0.10198367 0.02993501 0.021755107 -0.10198367 0.033002332 0.016805567 -0.10198367 0.033002332 0.016805567 -0.10198367 0.033002332 0.016805567 -0.10198367 0.03523311 0.011437751 -0.10198367 0.03523311 0.011437751 -0.10198367 0.03523311 0.011437751 -0.10198367 0.03523311 0.011437751 -0.10198367 0.036069654 0.008231014 -0.10198367 0.036069654 0.008231014 -0.10198367 0.036557637 0.0057910979 -0.10198367 0.036557637 0.0057910979 -0.10198367 0.036557637 -0.0057810694 -0.10198367 0.036557637 -0.0057810694 -0.10198367 0.036557637 -0.0057810694 -0.10198367 0.03704562 5.0142407e-06 -0.10198367 0.03704562 5.0142407e-06 -0.10198367 0.036557637 0.0057910979 -0.10198367 0.036069654 0.008231014 -0.10121685 0.036069654 0.008231014 -0.10121685 0.03983409 0.0090675503 -0.10121685 0.039624959 0.009834379 -0.10121685 0.038021587 0.014923349 -0.10121685 0.037185043 0.016875282 -0.10121685 0.037185043 0.016875282 -0.10121685 0.035372533 0.02043058 -0.10121685 0.033490315 0.023288764 -0.10121685 0.03195665 0.025449835 -0.10121685 0.028889336 0.028865717 -0.10121685 0.027773947 0.029911391 -0.10121685 0.023312382 0.033466697 -0.10121685 0.023033537 0.033675835 -0.10121685 0.01773544 0.036743149 -0.10121685 0.017177746 0.037022002 -0.10121685 0.012019068 0.038973927 -0.10121685 0.01062483 0.039392203 -0.10121685 0.0060935616 0.04036817 -0.10121685 0.0039324947 0.040647015 -0.10121685 2.8632581e-05 0.037022002 -0.10121685 2.8632581e-05 0.037022002 -0.10121685 -0.0057574511 0.036534019 -0.10198367 -0.0081973635 0.036046036 -0.10121685 -0.0081973635 0.036046036 -0.10121685 -0.0081973635 0.036046036 -0.10198367 -0.0081973635 0.036046036 -0.10198367 -0.01140411 0.035209492 -0.10198367 -0.016005091 0.033327274 -0.10198367 -0.016005091 0.033327274 -0.10198367 -0.016005091 0.033327274 -0.10198367 -0.01140411 0.035209492 -0.10198367 -0.01140411 0.035209492 -0.10198367 -0.01140411 0.035209492 -0.10198367 -0.01140411 0.035209492 -0.10198367 -0.0057574511 0.036534019 -0.10198367 -0.0057574511 0.036534019 -0.10198367 2.8632581e-05 0.037022002 -0.10198367 0.0058147125 0.036534019 -0.1021231 0.0058147125 0.036534019 -0.1021231 0.011461373 0.035139777 -0.1021231 0.011461373 0.035139777 -0.1021231 0.016829185 0.032908998 -0.1021231 0.016829185 0.032908998 -0.1021231 0.021778725 0.029911391 -0.1021231 0.021778725 0.029911391 -0.1021231 0.026170574 0.026146956 -0.1021231 0.026170574 0.026146956 -0.1021231 0.02993501 0.021755107 -0.1021231 0.02993501 0.021755107 -0.1021231 0.032932617 0.016805567 -0.1021231 0.032932617 0.016805567 -0.1021231 0.035163395 0.011437751 -0.1021231 0.035163395 0.011437751 -0.1021231 0.036557637 0.0057910979 -0.1021231 0.036557637 0.0057910979 -0.1021231 0.036975905 5.0142407e-06 -0.1021231 0.036975905 5.0142407e-06 -0.1021231 0.036557637 -0.0057810694 -0.1021231 0.036557637 -0.0057810694 -0.1021231 0.035163395 -0.011427727 -0.1021231 0.035163395 -0.011427727 -0.1021231 0.02993501 -0.021745078 -0.1021231 0.02993501 -0.021745078 -0.1021231 0.032932617 -0.016795538 -0.1021231 0.032932617 -0.016795538 -0.1021231 0.033002332 -0.016795538 -0.10198367 0.033002332 -0.016795538 -0.10198367 0.03523311 -0.011427727 -0.10198367 0.03523311 -0.011427727 -0.10198367 0.03523311 -0.011427727 -0.10198367 0.03523311 -0.011427727 -0.10198367 0.036069654 -0.0082209818 -0.10198367 0.036069654 -0.0082209818 -0.10198367 0.036069654 -0.0082209818 -0.10198367 0.036557637 -0.0057810694 -0.10198367 0.03704562 5.0142407e-06 -0.10121685 0.03704562 5.0142407e-06 -0.10121685 0.040740348 0.0030723363 -0.10121685 0.040740348 0.0025843531 -0.10121685 0.040810056 -0.0008315295 -0.10121685 0.040810056 -0.0008315295 -0.10121685 0.040740348 -0.0030623078 -0.10121685 0.03983409 -0.0090575255 -0.10121685 0.040112935 -0.0076632872 -0.10121685 0.040112935 -0.0075935759 -0.10121685 0.040391788 -0.0060599148 -0.10121685 0.040391788 -0.0060599148 -0.10121685 0.040391788 -0.0060599148 -0.10121685 0.040740348 -0.0030623078 -0.10121685 0.040810056 -0.0015286505 -0.10121685 0.040810056 5.0142407e-06 -0.10121685 0.040810056 5.0142407e-06 -0.10121685 0.040810056 5.0142407e-06 -0.10121685 0.040810056 0.0015386716 -0.10121685 0.040810056 0.0015386716 -0.10121685 0.040810056 0.0015386716 -0.10121685 0.040740348 0.0030723363 -0.10121685 0.03983409 0.0090675503 -0.10121685 0.039624959 0.009834379 -0.10121685 0.039624959 0.009834379 -0.10121685 0.039415821 0.010601215 -0.10121685 0.039415821 0.010601215 -0.10121685 0.038997546 0.012065165 -0.10121685 0.038997546 0.012065165 -0.10121685 0.038997546 0.012065165 -0.10121685 0.038021587 0.014923349 -0.10121685 0.037394173 0.016317584 -0.10121685 0.037394173 0.016317584 -0.10121685 0.037394173 0.016317584 -0.10121685 0.036766768 0.017711818 -0.10121685 0.036766768 0.017711818 -0.10121685 0.036766768 0.017711818 -0.10121685 0.036766768 0.017711818 -0.10121685 0.035372533 0.02043058 -0.10121685 0.033699453 0.023009919 -0.10121685 0.033699453 0.023009919 -0.10121685 0.033699453 0.023009919 -0.10121685 0.032862909 0.024264731 -0.10121685 0.03195665 0.025449835 -0.10121685 0.02993501 0.027820036 -0.10121685 0.02993501 0.027820036 -0.10121685 0.02993501 0.027820036 -0.10121685 0.028889336 0.028865717 -0.10121685 0.027773947 0.029911391 -0.10121685 0.025403738 0.031933032 -0.10121685 0.025403738 0.031933032 -0.10121685 0.025403738 0.031933032 -0.10121685 0.024218641 0.032839291 -0.10121685 0.023033537 0.033745542 -0.10121685 0.01773544 0.036743149 -0.10121685 0.017038319 0.03709171 -0.10121685 0.016271491 0.03744027 -0.10121685 0.016271491 0.03744027 -0.10121685 0.014877252 0.037997968 -0.10121685 0.014877252 0.037997968 -0.10121685 0.014877252 0.037997968 -0.10121685 0.012088779 0.038973927 -0.10121685 0.010555118 0.039461911 -0.10121685 0.010555118 0.039461911 -0.10121685 0.0090214573 0.039810471 -0.10121685 0.0090214573 0.039810471 -0.10121685 0.0090214573 0.039810471 -0.10121685 0.0060935616 0.04036817 -0.10121685 0.0029565282 0.04071673 -0.10121685 0.0029565282 0.04071673 -0.10121685 2.8632581e-05 0.040786438 -0.10121685 -0.0056877397 0.04036817 -0.10121685 -0.011334397 0.039183065 -0.10121685 -0.016771922 0.037161425 -0.10121685 -0.021860885 0.034442663 -0.10121685 -0.016005091 0.033327274 -0.10121685 -0.016005091 0.033327274 -0.10121685 -0.016771922 0.032978714 -0.10198367 -0.021721462 0.029911391 -0.10198367 -0.023045987 0.028935425 -0.10198367 -0.023045987 0.028935425 -0.10198367 -0.026113307 0.026146956 -0.10198367 -0.026113307 0.026146956 -0.10198367 -0.026113307 0.026146956 -0.10198367 -0.026113307 0.026146956 -0.10198367 -0.026113307 0.026146956 -0.1021231 -0.026113307 0.026146956 -0.1021231 -0.032875355 0.016735852 -0.10219281 -0.032875355 0.016735852 -0.10219281 -0.032945067 0.016805567 -0.1021231 -0.032945067 0.016805567 -0.1021231 -0.029808035 0.021685392 -0.10219281 -0.029808035 0.021685392 -0.10219281 -0.029877746 0.021755107 -0.1021231 -0.029877746 0.021755107 -0.1021231 -0.026043596 0.026077241 -0.10219281 -0.026043596 0.026077241 -0.10219281 -0.02165175 0.029841676 -0.10219281 -0.02165175 0.029841676 -0.10219281 -0.016702209 0.032839291 -0.10219281 -0.016702209 0.032839291 -0.10219281 -0.01140411 0.035070069 -0.10219281 -0.01140411 0.035070069 -0.10219281 -0.01140411 0.035139777 -0.1021231 -0.01140411 0.035139777 -0.1021231 -0.0057574511 0.036534019 -0.1021231 -0.0057574511 0.036534019 -0.1021231 2.8632581e-05 0.036952287 -0.1021231 2.8632581e-05 0.036952287 -0.1021231 0.0058147125 0.036464304 -0.10219281 0.0058147125 0.036464304 -0.10219281 0.011461373 0.035070069 -0.10219281 0.011461373 0.035070069 -0.10219281 0.016759474 0.032839291 -0.10219281 0.016759474 0.032839291 -0.10219281 0.02170901 0.029841676 -0.10219281 0.02170901 0.029841676 -0.10219281 0.026100859 0.026077241 -0.10219281 0.026100859 0.026077241 -0.10219281 0.029865295 0.021685392 -0.10219281 0.029865295 0.021685392 -0.10219281 0.032932617 0.016735852 -0.10219281 0.032932617 0.016735852 -0.10219281 0.035093687 0.011368044 -0.10219281 0.035093687 0.011368044 -0.10219281 0.036487922 0.0057910979 -0.10219281 0.036487922 0.0057910979 -0.10219281 0.03690619 5.0142407e-06 -0.10219281 0.03690619 5.0142407e-06 -0.10219281 0.036487922 -0.0057810694 -0.10219281 0.036487922 -0.0057810694 -0.10219281 0.035093687 -0.011427727 -0.10219281 0.035093687 -0.011427727 -0.10219281 0.032932617 -0.016725827 -0.10219281 0.032932617 -0.016725827 -0.10219281 0.029865295 -0.021675367 -0.10219281 0.029865295 -0.021675367 -0.10219281 0.026100859 -0.026067212 -0.10219281 0.026100859 -0.026067212 -0.10219281 0.016759474 -0.032898974 -0.10219281 0.016759474 -0.032898974 -0.10219281 0.02170901 -0.029831652 -0.10219281 0.02170901 -0.029831652 -0.10219281 0.021778725 -0.029901363 -0.1021231 0.021778725 -0.029901363 -0.1021231 0.026170574 -0.026136927 -0.1021231 0.026170574 -0.026136927 -0.1021231 0.02993501 -0.021745078 -0.10198367 0.02993501 -0.021745078 -0.10198367 0.033002332 -0.016795538 -0.10198367 0.033350892 -0.01602871 -0.10198367 0.033350892 -0.01602871 -0.10198367 0.03523311 -0.011427727 -0.10198367 0.036069654 -0.0082209818 -0.10121685 0.036069654 -0.0082209818 -0.10121685 0.036069654 -0.0082209818 -0.10121685 0.03983409 -0.0090575255 -0.10121685 0.038997546 -0.012055133 -0.10121685 0.038997546 -0.012055133 -0.10121685 0.038997546 -0.012055133 -0.10121685 0.038230717 -0.014355626 -0.10121685 0.038509563 -0.013519082 -0.10121685 0.038021587 -0.014913321 -0.10121685 0.038021587 -0.014913321 -0.10121685 0.035372533 -0.020420555 -0.10121685 0.035372533 -0.020420555 -0.10121685 0.033699453 -0.022999894 -0.10121685 0.033699453 -0.022999894 -0.10121685 0.033699453 -0.022999894 -0.10121685 0.034535989 -0.021745078 -0.10121685 0.034535989 -0.021745078 -0.10121685 0.035442248 -0.020420555 -0.10114714 0.035442248 -0.020420555 -0.10114714 0.035442248 -0.020420555 -0.10114714 0.035442248 -0.020420555 -0.10114714 0.038091294 -0.014913321 -0.10114714 0.038091294 -0.014913321 -0.10114714 0.038091294 -0.014913321 -0.10114714 0.039903805 -0.0091272369 -0.10114714 0.039903805 -0.0091272369 -0.10114714 0.039903805 -0.0091272369 -0.10114714 0.039903805 -0.0091272369 -0.10114714 0.040810056 -0.0030623078 -0.10114714 0.040810056 -0.0030623078 -0.10114714 0.040810056 -0.0030623078 -0.10114714 0.040810056 -0.0030623078 -0.10114714 0.040810056 -0.0030623078 -0.10114714 0.040810056 0.0030723363 -0.10114714 0.040810056 0.0030723363 -0.10114714 0.040810056 0.0030723363 -0.10114714 0.039903805 0.0090675503 -0.10114714 0.039903805 0.0090675503 -0.10114714 0.039903805 0.0090675503 -0.10114714 0.039903805 0.0090675503 -0.10114714 0.038091294 0.014923349 -0.10114714 0.038091294 0.014923349 -0.10114714 0.038091294 0.014923349 -0.10114714 0.038091294 0.014923349 -0.10114714 0.038091294 0.014923349 -0.10114714 0.035442248 0.02043058 -0.10114714 0.035442248 0.02043058 -0.10114714 0.035442248 0.02043058 -0.10114714 0.035442248 0.02043058 -0.10114714 0.032026365 0.025519542 -0.10114714 0.032026365 0.025519542 -0.10114714 0.032026365 0.025519542 -0.10114714 0.032026365 0.025519542 -0.10114714 0.027843654 0.029981107 -0.10114714 0.027843654 0.029981107 -0.10114714 0.027843654 0.029981107 -0.10114714 0.027843654 0.029981107 -0.10114714 0.023033537 0.033815257 -0.10114714 0.023033537 0.033815257 -0.10114714 0.023033537 0.033815257 -0.10114714 0.017805152 0.036882579 -0.10114714 0.017805152 0.036882579 -0.10114714 0.017805152 0.036882579 -0.10114714 0.012088779 0.039113358 -0.10114714 0.012088779 0.039113358 -0.10114714 0.012088779 0.039113358 -0.10114714 0.012088779 0.039113358 -0.10114714 0.012088779 0.039113358 -0.10114714 0.0060935616 0.040437877 -0.10114714 0.0060935616 0.040437877 -0.10114714 0.0060935616 0.040437877 -0.10114714 0.0060935616 0.040437877 -0.10114714 2.8632581e-05 0.04092586 -0.10114714 2.8632581e-05 0.04092586 -0.10114714 2.8632581e-05 0.04092586 -0.10114714 -0.0057574511 0.040507592 -0.10114714 -0.0057574511 0.040507592 -0.10114714 -0.01140411 0.03925278 -0.10114714 -0.01140411 0.03925278 -0.10114714 -0.016771922 0.037300847 -0.10114714 -0.016771922 0.037300847 -0.10114714 -0.021860885 0.034512371 -0.10114714 -0.021860885 0.034512371 -0.10114714 -0.026531577 0.031096496 -0.10114714 -0.026531577 0.031096496 -0.10114714 -0.026461866 0.031026781 -0.10121685 -0.030644577 0.027053207 -0.10114714 -0.030644577 0.027053207 -0.10114714 -0.036988355 0.017432973 -0.10114714 -0.036988355 0.017432973 -0.10114714 -0.034130167 0.022452228 -0.10114714 -0.034130167 0.022452228 -0.10114714 -0.034060456 0.022382513 -0.10121685 -0.030574866 0.026983492 -0.10121685 -0.023045987 0.028935425 -0.10121685 -0.023045987 0.028935425 -0.10121685 -0.023045987 0.028935425 -0.10121685 -0.026113307 0.026146956 -0.10198367 -0.028901782 0.023079634 -0.10198367 -0.028901782 0.023079634 -0.10198367 -0.028901782 0.023079634 -0.10198367 -0.029877746 0.021755107 -0.10198367 -0.029877746 0.021755107 -0.10198367 -0.032945067 0.016805567 -0.10198367 -0.032945067 0.016805567 -0.10198367 -0.035175845 0.011437751 -0.10198367 -0.035175845 0.011437751 -0.10198367 -0.035175845 0.011437751 -0.10198367 -0.035175845 0.011437751 -0.10198367 -0.035106134 0.011437751 -0.1021231 -0.035106134 0.011437751 -0.1021231 -0.035036422 0.011368044 -0.10219281 -0.035036422 0.011368044 -0.10219281 -0.036291234 0.0057910979 -0.10219281 -0.036430661 0.0057910979 -0.10219281 -0.036430661 0.0057910979 -0.10219281 -0.034966711 0.011368044 -0.10219281 -0.032735933 0.016735852 -0.10219281 -0.029738322 0.021615684 -0.10219281 -0.025973883 0.026007526 -0.10219281 -0.021582037 0.029771969 -0.10219281 -0.016702209 0.032769576 -0.10219281 -0.011334397 0.035000354 -0.10219281 -0.0057574511 0.036324881 -0.10219281 -0.0057574511 0.036464304 -0.10219281 -0.0057574511 0.036464304 -0.10219281 2.8632581e-05 0.036882579 -0.10219281 2.8632581e-05 0.036882579 -0.10219281 0.0058147125 0.036324881 -0.10219281 0.011391662 0.035000354 -0.10219281 0.016759474 0.032769576 -0.10219281 0.021639302 0.029771969 -0.10219281 0.026031144 0.026007526 -0.10219281 0.029795587 0.021615684 -0.10219281 0.032793194 0.016735852 -0.10219281 0.035023972 0.011368044 -0.10219281 0.036348499 0.0057910979 -0.10219281 0.036836483 5.0142407e-06 -0.10219281 0.036348499 -0.0057810694 -0.10219281 0.035023972 -0.011358015 -0.10219281 0.032793194 -0.016725827 -0.10219281 0.029795587 -0.021605656 -0.10219281 0.026031144 -0.025997501 -0.10219281 0.021639302 -0.02976194 -0.10219281 0.016759474 -0.032759551 -0.10219281 0.011391662 -0.034990329 -0.10219281 0.0058147125 -0.036314853 -0.10219281 0.011461373 -0.035060041 -0.10219281 0.011461373 -0.035060041 -0.10219281 0.016829185 -0.032968685 -0.1021231 0.016829185 -0.032968685 -0.1021231 0.021778725 -0.029901363 -0.10198367 0.021778725 -0.029901363 -0.10198367 0.026170574 -0.026136927 -0.10198367 0.026170574 -0.026136927 -0.10198367 0.026170574 -0.026136927 -0.10198367 0.026170574 -0.026136927 -0.10198367 0.028959043 -0.023069605 -0.10198367 0.028959043 -0.023069605 -0.10198367 0.02993501 -0.021745078 -0.10198367 0.033350892 -0.01602871 -0.10121685 0.033350892 -0.01602871 -0.10121685 0.035163395 -0.0206994 -0.10121685 0.03195665 -0.025439806 -0.10121685 0.03195665 -0.025439806 -0.10121685 0.02993501 -0.027810011 -0.10121685 0.02993501 -0.027810011 -0.10121685 0.02993501 -0.027810011 -0.10121685 0.02993501 -0.027810011 -0.10121685 0.030910976 -0.026624907 -0.10121685 0.030910976 -0.026624907 -0.10121685 0.032026365 -0.025509518 -0.10114714 0.032026365 -0.025509518 -0.10114714 0.032026365 -0.025509518 -0.10114714 0.032026365 -0.025509518 -0.10114714 0.032026365 -0.025509518 -0.10114714 0.032026365 -0.025509518 -0.10107742 0.032026365 -0.025509518 -0.10107742 0.035511956 -0.020490266 -0.10107742 0.035511956 -0.020490266 -0.10107742 0.03816101 -0.014983032 -0.10107742 0.03816101 -0.014983032 -0.10107742 0.039973512 -0.0091272369 -0.10107742 0.039973512 -0.0091272369 -0.10107742 0.040879771 -0.0030623078 -0.10107742 0.040879771 -0.0030623078 -0.10107742 0.040879771 0.0030723363 -0.10107742 0.040879771 0.0030723363 -0.10107742 0.039973512 0.0091372654 -0.10107742 0.039973512 0.0091372654 -0.10107742 0.03816101 0.014993057 -0.10107742 0.03816101 0.014993057 -0.10107742 0.035511956 0.020500295 -0.10107742 0.035511956 0.020500295 -0.10107742 0.032026365 0.025519542 -0.10107742 0.032026365 0.025519542 -0.10107742 0.027913369 0.030050814 -0.10107742 0.027913369 0.030050814 -0.10107742 0.023103252 0.033815257 -0.10107742 0.023103252 0.033815257 -0.10107742 0.017805152 0.036882579 -0.10107742 0.017805152 0.036882579 -0.10107742 0.012088779 0.039113358 -0.10107742 0.012088779 0.039113358 -0.10107742 0.006163273 0.040507592 -0.10107742 0.006163273 0.040507592 -0.10107742 0.006163273 0.040507592 -0.10107742 2.8632581e-05 0.040995575 -0.10107742 2.8632581e-05 0.040995575 -0.10107742 -0.0057574511 0.0405773 -0.10107742 -0.0057574511 0.0405773 -0.10107742 -0.01140411 0.039322488 -0.10107742 -0.01140411 0.039322488 -0.10107742 -0.016841633 0.037370555 -0.10107742 -0.016841633 0.037370555 -0.10107742 -0.021930598 0.034582086 -0.10107742 -0.021930598 0.034582086 -0.10107742 -0.02660129 0.031166203 -0.10107742 -0.02660129 0.031166203 -0.10107742 -0.02660129 0.031166203 -0.10107742 -0.030714288 0.027122915 -0.10107742 -0.030714288 0.027122915 -0.10107742 -0.034199879 0.022521935 -0.10107742 -0.034199879 0.022521935 -0.10107742 -0.037058067 0.017432973 -0.10107742 -0.037058067 0.017432973 -0.10107742 -0.039149422 0.012065165 -0.10107742 -0.039149422 0.012065165 -0.10107742 -0.039149422 0.012065165 -0.10107742 -0.039079711 0.012065165 -0.10114714 -0.039079711 0.012065165 -0.10114714 -0.040404234 0.0064185038 -0.10107742 -0.040404234 0.0064185038 -0.10107742 -0.040404234 0.0064185038 -0.10107742 -0.040334523 0.0064185038 -0.10114714 -0.040334523 0.0064185038 -0.10114714 -0.040961929 0.00098098069 -0.10107742 -0.040961929 0.00098098069 -0.10107742 -0.040961929 0.00098098069 -0.10107742 -0.040961929 0.00098098069 -0.10100771 -0.040961929 0.00098098069 -0.10100771 -0.040822506 0.00098098069 -0.10114714 -0.040822506 0.00098098069 -0.10114714 -0.040822506 0.00098098069 -0.10114714 -0.040264811 0.0064185038 -0.10121685 -0.038940284 0.01199545 -0.10121685 -0.03691864 0.017363258 -0.10121685 -0.028901782 0.023079634 -0.10121685 -0.028901782 0.023079634 -0.10121685 -0.029877746 0.021755107 -0.10198367 -0.032945067 0.016805567 -0.10198367 -0.033293627 0.016038738 -0.10198367 -0.033293627 0.016038738 -0.10198367 -0.035175845 0.011437751 -0.10198367 -0.035175845 0.011437751 -0.10198367 -0.036012389 0.008231014 -0.10198367 -0.036012389 0.008231014 -0.10198367 -0.036012389 0.008231014 -0.10198367 -0.036500372 0.0057910979 -0.10198367 -0.036500372 0.0057910979 -0.10198367 -0.036500372 0.0057910979 -0.1021231 -0.036500372 0.0057910979 -0.1021231 -0.03691864 5.0142407e-06 -0.1021231 -0.03691864 5.0142407e-06 -0.1021231 -0.036848929 5.0142407e-06 -0.10219281 -0.036848929 5.0142407e-06 -0.10219281 -0.036779217 5.0142407e-06 -0.10219281 -0.036291234 -0.0057810694 -0.10219281 2.8632581e-05 0.036812864 -0.10219281 2.8632581e-05 -0.036802836 -0.10219281 -0.0057574511 -0.036314853 -0.10219281 2.8632581e-05 -0.036872551 -0.10219281 2.8632581e-05 -0.036872551 -0.10219281 0.0058147125 -0.036454279 -0.10219281 0.0058147125 -0.036454279 -0.10219281 0.011461373 -0.035129752 -0.1021231 0.011461373 -0.035129752 -0.1021231 0.016829185 -0.032968685 -0.10198367 0.016829185 -0.032968685 -0.10198367 0.021778725 -0.029901363 -0.10198367 0.023103252 -0.0289254 -0.10198367 0.023103252 -0.0289254 -0.10198367 0.026170574 -0.026136927 -0.10198367 0.028959043 -0.023069605 -0.10121685 0.028959043 -0.023069605 -0.10121685 0.030980691 -0.026555195 -0.10121685 0.027773947 -0.029901363 -0.10121685 0.027773947 -0.029901363 -0.10121685 0.026588842 -0.030947041 -0.10121685 0.026588842 -0.030947041 -0.10121685 0.026588842 -0.030947041 -0.10121685 0.025403738 -0.031923007 -0.10121685 0.025403738 -0.031923007 -0.10121685 0.025403738 -0.031923007 -0.10121685 0.027843654 -0.029971078 -0.10114714 0.027843654 -0.029971078 -0.10114714 0.027843654 -0.029971078 -0.10114714 0.027843654 -0.029971078 -0.10114714 0.027843654 -0.029971078 -0.10114714 0.027913369 -0.030040789 -0.10107742 0.027913369 -0.030040789 -0.10107742 0.027913369 -0.030040789 -0.10100771 0.027913369 -0.030040789 -0.10100771 0.03209608 -0.025579229 -0.10100771 0.03209608 -0.025579229 -0.10100771 0.03209608 -0.025579229 -0.10100771 0.03209608 -0.025579229 -0.10100771 0.035511956 -0.020490266 -0.10100771 0.035511956 -0.020490266 -0.10100771 0.03816101 -0.014983032 -0.10100771 0.039973512 -0.0091272369 -0.10100771 0.039973512 -0.0091272369 -0.10100771 0.040879771 -0.0030623078 -0.10100771 0.040879771 -0.0030623078 -0.10100771 0.040879771 -0.0030623078 -0.10100771 0.040879771 -0.0030623078 -0.10100771 0.040879771 0.0030723363 -0.10100771 0.040879771 0.0030723363 -0.10100771 0.040879771 0.0030723363 -0.10100771 0.040879771 0.0030723363 -0.10100771 0.039973512 0.0091372654 -0.10100771 0.039973512 0.0091372654 -0.10100771 0.03816101 0.014993057 -0.10100771 0.035511956 0.020500295 -0.10100771 0.035511956 0.020500295 -0.10100771 0.03209608 0.025589257 -0.10100771 0.03209608 0.025589257 -0.10100771 0.03209608 0.025589257 -0.10100771 0.03209608 0.025589257 -0.10100771 0.027913369 0.030050814 -0.10100771 0.027913369 0.030050814 -0.10100771 0.023103252 0.033884965 -0.10100771 0.017805152 0.036952287 -0.10100771 0.017805152 0.036952287 -0.10100771 0.012088779 0.039183065 -0.10100771 0.012088779 0.039183065 -0.10100771 0.012088779 0.039183065 -0.10100771 0.012088779 0.039183065 -0.10100771 0.006163273 0.040507592 -0.10100771 0.006163273 0.040507592 -0.10100771 0.006163273 0.040507592 -0.10100771 2.8632581e-05 0.040995575 -0.10100771 -0.0057574511 0.0405773 -0.10100771 -0.0057574511 0.0405773 -0.10100771 -0.01140411 0.039392203 -0.10100771 -0.01140411 0.039392203 -0.10100771 -0.01140411 0.039392203 -0.10100771 -0.01140411 0.039392203 -0.10100771 -0.016841633 0.037370555 -0.10100771 -0.016841633 0.037370555 -0.10100771 -0.021930598 0.034651794 -0.10100771 -0.02660129 0.031166203 -0.10100771 -0.02660129 0.031166203 -0.10100771 -0.02660129 0.031166203 -0.10100771 -0.030714288 0.027122915 -0.10100771 -0.030714288 0.027122915 -0.10100771 -0.030714288 0.027122915 -0.10100771 -0.030714288 0.027122915 -0.10100771 -0.034269594 0.022521935 -0.10100771 -0.034269594 0.022521935 -0.10100771 -0.037058067 0.017432973 -0.10100771 -0.037058067 0.017432973 -0.10100771 -0.039149422 0.012065165 -0.10100771 -0.039149422 0.012065165 -0.10100771 -0.039149422 0.012065165 -0.10100771 -0.039149422 0.012065165 -0.10100771 -0.039149422 0.012065165 -0.10100771 -0.040473945 0.0064185038 -0.10100771 -0.040473945 0.0064185038 -0.10100771 -0.040473945 0.0064185038 -0.10100771 -0.040961929 0.00098098069 -0.10100771 -0.040961929 0.00098098069 -0.10100771 -0.040752795 0.00098098069 -0.10121685 -0.040752795 0.00098098069 -0.10121685 -0.033293627 0.016038738 -0.10121685 -0.033293627 0.016038738 -0.10121685 -0.033293627 0.016038738 -0.10121685 -0.036012389 0.008231014 -0.10121685 -0.036012389 0.008231014 -0.10121685 -0.036012389 0.008231014 -0.10121685 -0.036500372 0.0057910979 -0.10198367 -0.036988355 5.0142407e-06 -0.10198367 -0.036988355 5.0142407e-06 -0.10198367 -0.036500372 -0.0057810694 -0.10198367 -0.036500372 -0.0057810694 -0.10198367 -0.036500372 -0.0057810694 -0.10198367 -0.036500372 -0.0057810694 -0.1021231 -0.036500372 -0.0057810694 -0.1021231 -0.036500372 -0.0057810694 -0.1021231 -0.036430661 -0.0057810694 -0.10219281 -0.036430661 -0.0057810694 -0.10219281 -0.035036422 -0.011427727 -0.10219281 -0.035036422 -0.011427727 -0.10219281 -0.034966711 -0.011358015 -0.10219281 -0.032735933 -0.016725827 -0.10219281 -0.029738322 -0.021605656 -0.10219281 -0.025973883 -0.025997501 -0.10219281 -0.021582037 -0.02976194 -0.10219281 -0.016702209 -0.032759551 -0.10219281 -0.011334397 -0.034990329 -0.10219281 -0.0057574511 -0.036454279 -0.10219281 -0.0057574511 -0.036454279 -0.10219281 2.8632581e-05 -0.036942258 -0.1021231 2.8632581e-05 -0.036942258 -0.1021231 0.0058147125 -0.03652399 -0.1021231 0.0058147125 -0.03652399 -0.1021231 0.011461373 -0.035199463 -0.10198367 0.011461373 -0.035199463 -0.10198367 0.011461373 -0.035199463 -0.10198367 0.011461373 -0.035199463 -0.10198367 0.016062353 -0.033317246 -0.10198367 0.016062353 -0.033317246 -0.10198367 0.016829185 -0.032968685 -0.10198367 0.023103252 -0.0289254 -0.10121685 0.023103252 -0.0289254 -0.10121685 0.023033537 -0.033735517 -0.10121685 0.023033537 -0.033735517 -0.10121685 0.02170901 -0.034572057 -0.10121685 0.02170901 -0.034572057 -0.10121685 0.020593625 -0.035199463 -0.10121685 0.01773544 -0.036733124 -0.10121685 0.01773544 -0.036733124 -0.10121685 0.020384487 -0.03533889 -0.10121685 0.020384487 -0.03533889 -0.10121685 0.020384487 -0.03533889 -0.10121685 0.023033537 -0.033805229 -0.10114714 0.023033537 -0.033805229 -0.10114714 0.023033537 -0.033805229 -0.10114714 0.023033537 -0.033805229 -0.10114714 0.023033537 -0.033805229 -0.10114714 0.023103252 -0.03387494 -0.10107742 0.023103252 -0.03387494 -0.10107742 0.023103252 -0.03387494 -0.10100771 0.023103252 -0.03387494 -0.10100771 0.027913369 -0.030040789 -0.10100771 0.029028758 -0.028995112 -0.10100771 0.029028758 -0.028995112 -0.10100771 0.03209608 -0.025579229 -0.10100771 0.034117721 -0.022790756 -0.10100771 0.034117721 -0.022790756 -0.10100771 0.035511956 -0.020490266 -0.10100771 0.03816101 -0.014983032 -0.10100771 0.039973512 -0.0091272369 -0.10100771 0.040252365 -0.0080118477 -0.10100771 0.040252365 -0.0080118477 -0.10100771 0.040879771 -0.0030623078 -0.10100771 0.041019194 5.0142407e-06 -0.10100771 0.041019194 5.0142407e-06 -0.10100771 0.040879771 0.0030723363 -0.10100771 0.040252365 0.0080218762 -0.10100771 0.040252365 0.0080218762 -0.10100771 0.040252365 0.0080218762 -0.10100771 0.039973512 0.0091372654 -0.10100771 0.03816101 0.014993057 -0.10100771 0.035511956 0.020500295 -0.10100771 0.034117721 0.022800781 -0.10100771 0.034117721 0.022800781 -0.10100771 0.03209608 0.025589257 -0.10100771 0.029028758 0.02900514 -0.10100771 0.029028758 0.02900514 -0.10100771 0.029028758 0.02900514 -0.10100771 0.027913369 0.030050814 -0.10100771 0.023103252 0.033884965 -0.10100771 0.017805152 0.036952287 -0.10100771 0.015713796 0.037858538 -0.10100771 0.015713796 0.037858538 -0.10100771 0.012088779 0.039183065 -0.10100771 0.0080454946 0.040228747 -0.10100771 0.0080454946 0.040228747 -0.10100771 0.006163273 0.040507592 -0.10100771 2.8632581e-05 0.040995575 -0.10100771 -0.0057574511 0.0405773 -0.10100771 -0.0078488067 0.040228747 -0.10100771 -0.0078488067 0.040228747 -0.10100771 -0.01140411 0.039392203 -0.10100771 -0.015447397 0.037997968 -0.10100771 -0.015447397 0.037997968 -0.10100771 -0.016841633 0.037370555 -0.10100771 -0.021930598 0.034651794 -0.10100771 -0.02660129 0.031166203 -0.10100771 -0.028622933 0.029353701 -0.10100771 -0.028622933 0.029353701 -0.10100771 -0.030714288 0.027122915 -0.10100771 -0.033711899 0.023288764 -0.10100771 -0.033711899 0.023288764 -0.10100771 -0.034269594 0.022521935 -0.10100771 -0.037058067 0.017432973 -0.10100771 -0.03754605 0.016387299 -0.10100771 -0.03754605 0.016387299 -0.10100771 -0.039149422 0.012065165 -0.10100771 -0.039985962 0.00885842 -0.10100771 -0.039985962 0.00885842 -0.10100771 -0.040473945 0.0064185038 -0.10100771 -0.040961929 0.00098098069 -0.0980101 -0.040961929 0.00098098069 -0.0980101 -0.040961929 0.00098098069 -0.0980101 -0.04068308 0.00098098069 -0.10121685 -0.04068308 0.00098098069 -0.10121685 -0.04068308 0.00098098069 -0.10121685 -0.036988355 5.0142407e-06 -0.10121685 -0.036988355 5.0142407e-06 -0.10121685 -0.036500372 -0.0057810694 -0.10198367 -0.036012389 -0.0082209818 -0.10198367 -0.036012389 -0.0082209818 -0.10198367 -0.035175845 -0.011427727 -0.10198367 -0.035175845 -0.011427727 -0.10198367 -0.035175845 -0.011427727 -0.10198367 -0.035175845 -0.011427727 -0.10198367 -0.035106134 -0.011427727 -0.1021231 -0.035106134 -0.011427727 -0.1021231 -0.032945067 -0.016795538 -0.1021231 -0.032945067 -0.016795538 -0.1021231 -0.032875355 -0.016725827 -0.10219281 -0.032875355 -0.016725827 -0.10219281 -0.029808035 -0.021675367 -0.10219281 -0.029808035 -0.021675367 -0.10219281 -0.026043596 -0.026067212 -0.10219281 -0.026043596 -0.026067212 -0.10219281 -0.02165175 -0.029831652 -0.10219281 -0.02165175 -0.029831652 -0.10219281 -0.016702209 -0.032898974 -0.10219281 -0.016702209 -0.032898974 -0.10219281 -0.01140411 -0.035060041 -0.10219281 -0.01140411 -0.035060041 -0.10219281 -0.0057574511 -0.03652399 -0.1021231 -0.0057574511 -0.03652399 -0.1021231 -0.0057574511 -0.03652399 -0.1021231 2.8632581e-05 -0.037011974 -0.10198367 0.0058147125 -0.03652399 -0.10198367 0.0058147125 -0.03652399 -0.10198367 0.0082546286 -0.036105718 -0.10198367 0.0082546286 -0.036105718 -0.10198367 0.011461373 -0.035199463 -0.10198367 0.016062353 -0.033317246 -0.10121685 0.016062353 -0.033317246 -0.10121685 0.013831574 -0.038406208 -0.10121685 0.012088779 -0.038963903 -0.10121685 0.012019068 -0.038963903 -0.10121685 0.013483018 -0.038545631 -0.10121685 0.013483018 -0.038545631 -0.10121685 0.014877252 -0.03798794 -0.10121685 0.014877252 -0.03798794 -0.10121685 0.014877252 -0.03798794 -0.10121685 0.017805152 -0.036872551 -0.10114714 0.017805152 -0.036872551 -0.10114714 0.017805152 -0.036872551 -0.10114714 0.017805152 -0.036872551 -0.10114714 0.017805152 -0.036942258 -0.10107742 0.017805152 -0.036942258 -0.10107742 0.017805152 -0.036942258 -0.10100771 0.017805152 -0.036942258 -0.10100771 0.015713796 -0.037848514 -0.10100771 0.015713796 -0.037848514 -0.10100771 0.017805152 -0.036942258 -0.10100771 0.022824399 -0.034084074 -0.0980101 0.022824399 -0.034084074 -0.0980101 0.029028758 -0.028995112 -0.0980101 0.029028758 -0.028995112 -0.0980101 0.034117721 -0.022790756 -0.0980101 0.034117721 -0.022790756 -0.0980101 0.037882157 -0.015680149 -0.0980101 0.037882157 -0.015680149 -0.0980101 0.040252365 -0.0080118477 -0.0980101 0.040252365 -0.0080118477 -0.0980101 0.040252365 -0.0080118477 -0.0980101 0.041019194 5.0142407e-06 -0.0980101 0.041019194 5.0142407e-06 -0.0980101 0.040252365 0.0080218762 -0.0980101 0.040252365 0.0080218762 -0.0980101 0.040252365 0.0080218762 -0.0980101 0.037882157 0.015690178 -0.0980101 0.037882157 0.015690178 -0.0980101 0.034117721 0.022800781 -0.0980101 0.034117721 0.022800781 -0.0980101 0.029028758 0.02900514 -0.0980101 0.029028758 0.02900514 -0.0980101 0.029028758 0.02900514 -0.0980101 0.022824399 0.034094103 -0.0980101 0.022824399 0.034094103 -0.0980101 0.015713796 0.037858538 -0.0980101 0.015713796 0.037858538 -0.0980101 0.0080454946 0.040228747 -0.0980101 0.0080454946 0.040228747 -0.0980101 2.8632581e-05 0.040995575 -0.0980101 2.8632581e-05 0.040995575 -0.0980101 -0.0078488067 0.040228747 -0.0980101 -0.0078488067 0.040228747 -0.0980101 -0.015447397 0.037997968 -0.0980101 -0.015447397 0.037997968 -0.0980101 -0.022418579 0.03430324 -0.0980101 -0.022418579 0.03430324 -0.0980101 -0.028622933 0.029353701 -0.0980101 -0.028622933 0.029353701 -0.0980101 -0.033711899 0.023288764 -0.0980101 -0.033711899 0.023288764 -0.0980101 -0.03754605 0.016387299 -0.0980101 -0.03754605 0.016387299 -0.0980101 -0.039985962 0.00885842 -0.0980101 -0.039985962 0.00885842 -0.0980101 -0.04068308 0.00098098069 -0.0980101 -0.04068308 0.00098098069 -0.0980101 -0.04068308 0.00098098069 -0.0980101 -0.04068308 -0.00097095221 -0.0980101 -0.04068308 -0.00097095221 -0.0980101 -0.04068308 -0.00097095221 -0.0980101 -0.040892217 -0.00097095221 -0.10114714 -0.040892217 -0.00097095221 -0.10114714 -0.040892217 -0.00097095221 -0.10114714 -0.040961929 -0.00097095221 -0.0980101 -0.040961929 -0.00097095221 -0.0980101 -0.040961929 -0.00097095221 -0.0980101 -0.039985962 -0.0088483915 -0.0980101 -0.039985962 -0.0088483915 -0.0980101 -0.03754605 -0.016377266 -0.0980101 -0.03754605 -0.016377266 -0.0980101 -0.037058067 -0.017492659 -0.10100771 -0.033711899 -0.023278739 -0.0980101 -0.033711899 -0.023278739 -0.0980101 -0.034269594 -0.022511911 -0.10100771 -0.037058067 -0.017492659 -0.10100771 -0.037058067 -0.017492659 -0.10100771 -0.039149422 -0.012055133 -0.10107742 -0.039149422 -0.012055133 -0.10107742 -0.040334523 -0.0064084753 -0.10114714 -0.040334523 -0.0064084753 -0.10114714 -0.040334523 -0.0064084753 -0.10114714 -0.040334523 -0.0064084753 -0.10114714 -0.039707117 -0.0091969483 -0.10121685 -0.039707117 -0.0091969483 -0.10121685 -0.039707117 -0.0091969483 -0.10121685 -0.038940284 -0.011985421 -0.10121685 -0.038940284 -0.011985421 -0.10121685 -0.038034033 -0.014704183 -0.10121685 -0.036012389 -0.0082209818 -0.10121685 -0.036012389 -0.0082209818 -0.10121685 -0.036012389 -0.0082209818 -0.10121685 -0.035175845 -0.011427727 -0.10198367 -0.035175845 -0.011427727 -0.10198367 -0.033293627 -0.01602871 -0.10198367 -0.033293627 -0.01602871 -0.10198367 -0.033293627 -0.01602871 -0.10198367 -0.032945067 -0.016795538 -0.10198367 -0.032945067 -0.016795538 -0.10198367 -0.029877746 -0.021745078 -0.10198367 -0.029877746 -0.021745078 -0.10198367 -0.029877746 -0.021745078 -0.1021231 -0.029877746 -0.021745078 -0.1021231 -0.026113307 -0.026136927 -0.1021231 -0.026113307 -0.026136927 -0.1021231 -0.021721462 -0.029901363 -0.1021231 -0.021721462 -0.029901363 -0.1021231 -0.016771922 -0.032968685 -0.1021231 -0.016771922 -0.032968685 -0.1021231 -0.01140411 -0.035129752 -0.1021231 -0.01140411 -0.035129752 -0.1021231 -0.01140411 -0.035129752 -0.1021231 -0.0057574511 -0.03652399 -0.10198367 -0.0057574511 -0.03652399 -0.10198367 -0.0057574511 -0.03652399 -0.10198367 2.8632581e-05 -0.037011974 -0.10198367 0.0058147125 -0.03652399 -0.10198367 0.0082546286 -0.036105718 -0.10121685 0.0082546286 -0.036105718 -0.10121685 0.0072089508 -0.040149003 -0.10121685 0.0060935616 -0.040358141 -0.10121685 0.0060935616 -0.040358141 -0.10121685 0.0075575113 -0.040079296 -0.10121685 0.0075575113 -0.040079296 -0.10121685 0.0090214573 -0.039800446 -0.10121685 0.0090214573 -0.039800446 -0.10121685 0.0090214573 -0.039800446 -0.10121685 0.012088779 -0.039103329 -0.10114714 0.012088779 -0.039103329 -0.10114714 0.012088779 -0.039103329 -0.10114714 0.012088779 -0.039103329 -0.10114714 0.012088779 -0.039173037 -0.10107742 0.012088779 -0.039173037 -0.10107742 0.012088779 -0.039173037 -0.10100771 0.012088779 -0.039173037 -0.10100771 0.012088779 -0.039173037 -0.10100771 0.012088779 -0.039173037 -0.10100771 0.012088779 -0.039173037 -0.10100771 0.0080454946 -0.040218718 -0.10100771 0.0080454946 -0.040218718 -0.10100771 0.015713796 -0.037848514 -0.0980101 0.015713796 -0.037848514 -0.0980101 0.015504658 -0.037430242 -0.0980101 0.022545554 -0.033665802 -0.0980101 0.028680198 -0.028646551 -0.0980101 0.033699453 -0.022511911 -0.0980101 0.037463889 -0.015471015 -0.0980101 0.039764382 -0.007872425 -0.0980101 0.040531211 5.0142407e-06 -0.0980101 0.039764382 0.0078824535 -0.0980101 0.037463889 0.01548104 -0.0980101 0.033699453 0.022521935 -0.0980101 0.028680198 0.02865658 -0.0980101 0.022545554 0.033675835 -0.0980101 0.015504658 0.03744027 -0.0980101 0.0079060681 0.039740764 -0.0980101 2.8632581e-05 0.040507592 -0.0980101 -0.0078488067 0.039740764 -0.0980101 -0.015447397 0.03744027 -0.0980101 -0.022488292 0.033675835 -0.0980101 -0.028622933 0.02865658 -0.0980101 -0.033642188 0.022521935 -0.0980101 -0.037406623 0.01548104 -0.0980101 -0.039707117 0.0078824535 -0.0980101 -0.040473945 5.0142407e-06 -0.0980101 -0.039707117 -0.007872425 -0.0980101 -0.037406623 -0.015471015 -0.0980101 -0.033642188 -0.022511911 -0.0980101 -0.028622933 -0.028646551 -0.0980101 -0.022488292 -0.033665802 -0.0980101 -0.028622933 -0.029343668 -0.0980101 -0.028622933 -0.029343668 -0.0980101 -0.030714288 -0.02711289 -0.10100771 -0.033711899 -0.023278739 -0.10100771 -0.033711899 -0.023278739 -0.10100771 -0.034269594 -0.022511911 -0.10100771 -0.034269594 -0.022511911 -0.10100771 -0.037058067 -0.017422944 -0.10107742 -0.037058067 -0.017422944 -0.10107742 -0.039079711 -0.012055133 -0.10114714 -0.039079711 -0.012055133 -0.10114714 -0.039079711 -0.012055133 -0.10114714 -0.039079711 -0.012055133 -0.10114714 -0.038034033 -0.014704183 -0.10121685 -0.038034033 -0.014704183 -0.10121685 -0.038034033 -0.014704183 -0.10121685 -0.03691864 -0.017353233 -0.10121685 -0.03691864 -0.017353233 -0.10121685 -0.033293627 -0.01602871 -0.10121685 -0.033293627 -0.01602871 -0.10121685 -0.033293627 -0.01602871 -0.10121685 -0.032945067 -0.016795538 -0.10198367 -0.029877746 -0.021745078 -0.10198367 -0.028901782 -0.023069605 -0.10198367 -0.028901782 -0.023069605 -0.10198367 -0.026113307 -0.026136927 -0.10198367 -0.026113307 -0.026136927 -0.10198367 -0.026113307 -0.026136927 -0.10198367 -0.026113307 -0.026136927 -0.10198367 -0.021721462 -0.029901363 -0.10198367 -0.021721462 -0.029901363 -0.10198367 -0.016771922 -0.032968685 -0.10198367 -0.016771922 -0.032968685 -0.10198367 -0.01140411 -0.035199463 -0.10198367 -0.01140411 -0.035199463 -0.10198367 -0.01140411 -0.035199463 -0.10198367 -0.01140411 -0.035199463 -0.10198367 -0.01140411 -0.035199463 -0.10198367 -0.0081973635 -0.036105718 -0.10198367 -0.0081973635 -0.036105718 -0.10198367 -0.0057574511 -0.03652399 -0.10198367 2.8632581e-05 -0.037011974 -0.10121685 2.8632581e-05 -0.037011974 -0.10121685 2.8632581e-05 -0.040776409 -0.10121685 2.8632581e-05 -0.040776409 -0.10121685 0.0060935616 -0.040427852 -0.10114714 0.0060935616 -0.040427852 -0.10114714 0.0060935616 -0.040427852 -0.10114714 0.006163273 -0.040497564 -0.10107742 0.006163273 -0.040497564 -0.10107742 0.006163273 -0.040567275 -0.10100771 0.006163273 -0.040567275 -0.10100771 0.006163273 -0.040567275 -0.10100771 0.0080454946 -0.040218718 -0.0980101 0.0080454946 -0.040218718 -0.0980101 0.0079060681 -0.039730735 -0.0980101 2.8632581e-05 -0.040985547 -0.0980101 2.8632581e-05 -0.040985547 -0.0980101 2.8632581e-05 -0.040497564 -0.0980101 -0.0078488067 -0.040218718 -0.0980101 -0.0078488067 -0.040218718 -0.0980101 -0.0078488067 -0.039730735 -0.0980101 -0.015447397 -0.03798794 -0.0980101 -0.015447397 -0.03798794 -0.0980101 -0.015447397 -0.037430242 -0.0980101 -0.022418579 -0.034293212 -0.0980101 -0.022418579 -0.034293212 -0.0980101 -0.02660129 -0.031156179 -0.10100771 -0.028622933 -0.029343668 -0.10100771 -0.028622933 -0.029343668 -0.10100771 -0.030714288 -0.02711289 -0.10100771 -0.030714288 -0.02711289 -0.10100771 -0.030714288 -0.02711289 -0.10100771 -0.030714288 -0.02711289 -0.10100771 -0.034199879 -0.022511911 -0.10107742 -0.034199879 -0.022511911 -0.10107742 -0.036988355 -0.017422944 -0.10114714 -0.036988355 -0.017422944 -0.10114714 -0.036988355 -0.017422944 -0.10114714 -0.036988355 -0.017422944 -0.10114714 -0.035594117 -0.019932572 -0.10121685 -0.035594117 -0.019932572 -0.10121685 -0.035594117 -0.019932572 -0.10121685 -0.034827288 -0.021187384 -0.10121685 -0.034687862 -0.021466233 -0.10121685 -0.034060456 -0.022372488 -0.10121685 -0.028901782 -0.023069605 -0.10121685 -0.028901782 -0.023069605 -0.10121685 -0.028901782 -0.023069605 -0.10121685 -0.026113307 -0.026136927 -0.10198367 -0.026113307 -0.026136927 -0.10198367 -0.023045987 -0.0289254 -0.10198367 -0.023045987 -0.0289254 -0.10198367 -0.023045987 -0.0289254 -0.10198367 -0.021721462 -0.029901363 -0.10198367 -0.016771922 -0.032968685 -0.10198367 -0.016005091 -0.033317246 -0.10198367 -0.016005091 -0.033317246 -0.10198367 -0.01140411 -0.035199463 -0.10198367 -0.0081973635 -0.036105718 -0.10121685 -0.0081973635 -0.036105718 -0.10121685 -0.012449788 -0.03882448 -0.10121685 -0.011334397 -0.039173037 -0.10121685 -0.0057574511 -0.040358141 -0.10121685 -0.0057574511 -0.040427852 -0.10121685 2.8632581e-05 -0.040915836 -0.10114714 2.8632581e-05 -0.040915836 -0.10114714 2.8632581e-05 -0.040985547 -0.10107742 2.8632581e-05 -0.040985547 -0.10107742 2.8632581e-05 -0.040985547 -0.10100771 2.8632581e-05 -0.040985547 -0.10100771 -0.0057574511 -0.040567275 -0.10100771 -0.0078488067 -0.040218718 -0.10100771 -0.0078488067 -0.040218718 -0.10100771 -0.01140411 -0.039382175 -0.10100771 -0.015447397 -0.03798794 -0.10100771 -0.015447397 -0.03798794 -0.10100771 -0.016841633 -0.037360534 -0.10100771 -0.021930598 -0.034641769 -0.10100771 -0.02660129 -0.031156179 -0.10100771 -0.02660129 -0.031156179 -0.10100771 -0.030714288 -0.02711289 -0.10107742 -0.030714288 -0.02711289 -0.10107742 -0.034130167 -0.022442199 -0.10114714 -0.034130167 -0.022442199 -0.10114714 -0.034130167 -0.022442199 -0.10114714 -0.034060456 -0.022442199 -0.10121685 -0.030574866 -0.026973467 -0.10121685 -0.029598899 -0.028088856 -0.10121685 -0.030296016 -0.027322028 -0.10121685 -0.026461866 -0.031016756 -0.10121685 -0.023045987 -0.0289254 -0.10121685 -0.023045987 -0.0289254 -0.10121685 -0.023045987 -0.0289254 -0.10121685 -0.016005091 -0.033317246 -0.10121685 -0.016005091 -0.033317246 -0.10121685 -0.016005091 -0.033317246 -0.10121685 -0.016771922 -0.037221108 -0.10121685 -0.012728635 -0.038754769 -0.10121685 -0.011334397 -0.039173037 -0.10121685 -0.0057574511 -0.040497564 -0.10114714 -0.0057574511 -0.040497564 -0.10114714 -0.0057574511 -0.040497564 -0.10114714 -0.0057574511 -0.040567275 -0.10107742 -0.0057574511 -0.040567275 -0.10107742 -0.0057574511 -0.040567275 -0.10107742 -0.0057574511 -0.040567275 -0.10107742 -0.0057574511 -0.040567275 -0.10100771 -0.0057574511 -0.040567275 -0.10100771 -0.0057574511 -0.040567275 -0.10100771 -0.01140411 -0.039382175 -0.10100771 -0.01140411 -0.039382175 -0.10100771 -0.01140411 -0.039382175 -0.10100771 -0.01140411 -0.039382175 -0.10100771 -0.016841633 -0.037360534 -0.10100771 -0.016841633 -0.037360534 -0.10100771 -0.021930598 -0.034641769 -0.10100771 -0.02660129 -0.031156179 -0.10107742 -0.02660129 -0.031156179 -0.10107742 -0.030644577 -0.027043179 -0.10114714 -0.030644577 -0.027043179 -0.10114714 -0.030644577 -0.027043179 -0.10114714 -0.028622933 -0.029064823 -0.10121685 -0.028622933 -0.029064823 -0.10121685 -0.028622933 -0.029064823 -0.10121685 -0.026461866 -0.031016756 -0.10121685 -0.025346477 -0.031923007 -0.10121685 -0.024997918 -0.032271568 -0.10121685 -0.021860885 -0.034432635 -0.10121685 -0.018932989 -0.036105718 -0.10121685 -0.018026734 -0.036593702 -0.10121685 -0.016771922 -0.037221108 -0.10121685 -0.014053158 -0.038266785 -0.10121685 -0.014053158 -0.038266785 -0.10121685 -0.014053158 -0.038266785 -0.10121685 -0.01140411 -0.039242752 -0.10114714 -0.01140411 -0.039242752 -0.10114714 -0.01140411 -0.039242752 -0.10114714 -0.01140411 -0.039312463 -0.10107742 -0.01140411 -0.039312463 -0.10107742 -0.016841633 -0.037360534 -0.10107742 -0.016841633 -0.037360534 -0.10107742 -0.021930598 -0.034572057 -0.10107742 -0.021930598 -0.034572057 -0.10107742 -0.026531577 -0.031086467 -0.10114714 -0.026531577 -0.031086467 -0.10114714 -0.026531577 -0.031086467 -0.10114714 -0.026531577 -0.031086467 -0.10114714 -0.024231087 -0.032829262 -0.10121685 -0.024231087 -0.032829262 -0.10121685 -0.024231087 -0.032829262 -0.10121685 -0.021860885 -0.034432635 -0.10121685 -0.019351259 -0.035896584 -0.10121685 -0.019351259 -0.035896584 -0.10121685 -0.016771922 -0.037290819 -0.10114714 -0.016771922 -0.037290819 -0.10114714 -0.016771922 -0.037290819 -0.10114714 -0.016771922 -0.037290819 -0.10114714 -0.021860885 -0.034502346 -0.10114714 -0.021860885 -0.034502346 -0.10114714 -0.021860885 -0.034502346 -0.10114714 -0.021860885 -0.034502346 -0.10114714 </float_array>
          <technique_common>
            <accessor count="3944" offset="0" source="#meshId0-positions-array" stride="3">
              <param name="X" type="float" />
              <param name="Y" type="float" />
              <param name="Z" type="float" />
            </accessor>
          </technique_common>
        </source>
        <source id="meshId0-normals" name="meshId0-normals">
          <float_array id="meshId0-normals-array" count="11832"> -0.99996853 0 -0.0079362541 -0.99987203 0 -0.015997944 -0.99938577 -0.024778148 0.024778148 -0.99830294 -0.058234312 0 -0.99198121 -0.12511475 -0.017873526 -0.98018026 -0.19219227 0.048048031 -0.72919685 -0.55684114 0.39774373 -0.6598168 -0.60595405 0.44436637 -0.82570052 -0.33028024 0.45731106 -0.7612493 -0.38062465 0.52499944 -0.5976032 -0.62476718 0.50252998 -0.70704395 -0.41355398 0.57363933 -0.55892366 -0.59982026 0.57255572 -0.65229052 -0.38604951 0.65229052 -0.57363933 -0.41355398 0.70704395 -0.48804855 -0.63717479 0.59650397 -0.52755016 -0.39566267 0.75175911 -0.44436646 -0.60595405 0.65981674 -0.45731112 -0.3302803 0.8257007 -0.39774367 -0.55684108 0.72919679 0.53418207 -0.7687012 0.35177851 0.65981674 -0.60595417 0.44436637 0.48043838 -0.79207414 0.37655985 0.59760332 -0.62476707 0.50252998 0.44671151 -0.77517587 0.44671151 0.55892354 -0.59982038 0.57255572 0.48804873 -0.63717467 0.59650385 0.39000529 -0.79301071 0.46800631 0.44436628 -0.60595417 0.6598168 0.35177851 -0.7687012 0.53418207 0.31137341 -0.73951179 0.5967989 0.26974109 -0.69361997 0.66793042 0.23203547 -0.85486722 0.46407074 0.19504954 -0.82896012 0.52419531 0.011024927 -0.82687622 0.56227589 0.03408429 -0.76121616 0.64760184 0 -0.76548624 0.64345229 -0.033913985 -0.61045212 0.7913267 0.057372876 -0.60815185 0.79174483 -0.33319649 -0.4869794 0.80736065 -0.26974109 -0.69362009 0.66793036 -0.27061689 -0.43052673 0.86105347 -0.22719365 -0.65633762 0.71944696 -0.15639956 -0.55341423 0.81809038 -0.17257346 -0.37966159 0.90888685 -0.19818549 -0.25323707 0.94688618 -0.11591643 -0.12557597 0.98528886 -0.10278731 -0.23641096 0.96620113 -0.098829553 -0.37335595 0.92240882 0.12926875 -0.51707488 0.84612244 -0.065586552 -0.41538113 0.90727991 -0.022615107 -0.6897611 0.72368377 -0.067501061 -0.49500731 0.86626291 -0.010006502 -0.3102017 0.95061815 -0.056946993 -0.56947029 0.82003701 -0.02094613 -0.38750356 0.9216302 0.021391811 -0.43853402 0.89845997 0.075017668 -0.35365489 0.93236291 0.1270425 -0.46197268 0.87774795 0.10724164 -0.70302886 0.70302886 0.16976248 -0.55779094 0.81243461 0.15805537 -0.77811915 0.60790563 0.22633007 -0.61612076 0.75443363 0.2818535 -0.40439844 0.87006932 0.33319649 -0.4869794 0.80736065 0.39774358 -0.55684114 0.72919679 0.45731112 -0.3302803 0.8257007 0.52755016 -0.39566267 0.75175911 0.57363933 -0.41355398 0.70704395 0.6522904 -0.38604951 0.65229064 0.70704395 -0.41355398 0.57363933 0.7612493 -0.38062465 0.52499944 0.82570052 -0.33028024 0.45731106 0.72919679 -0.55684125 0.39774373 0.5967989 -0.73951179 0.31137341 0.80736065 -0.4869794 0.33319649 0.68088752 -0.68088752 0.2697857 0.86262125 -0.41898745 0.28343275 0.73137003 -0.64310127 0.22697701 0.82737148 -0.53959006 0.15588149 0.91471893 -0.36588752 0.1715097 0.92770219 -0.3601667 0.09822724 0.90842873 -0.41680843 0.032062173 0.81518722 -0.57742423 0.045288153 0.67881197 -0.72644788 0.10718078 0.62125868 -0.7674371 0.15835996 0.53830945 -0.81969827 0.19574876 0.46407074 -0.85486722 0.23203547 0.39845896 -0.88143945 0.25356486 0.37540615 -0.88402086 0.2785272 0.34215108 -0.87981695 0.32993141 0.29093587 -0.88492972 0.36366978 0.25501901 -0.87435061 0.41288781 0.19252412 -0.92864573 0.31709856 0.15770207 -0.92368352 0.34919742 0.13614409 -0.90762711 0.39708683 0.10309479 -0.87057787 0.48110875 0.068929069 -0.81566095 0.57440925 0.03254538 -0.88957191 0.45563433 8.1264162e-08 -0.86956137 0.49382493 -0.011025096 -0.82687628 0.56227589 -0.045928475 -0.72337383 0.68892747 -0.068929158 -0.81566101 0.57440919 -0.10718078 -0.72644788 0.67881197 -0.15805547 -0.77811915 0.60790557 -0.19504954 -0.82896012 0.52419531 -0.23203547 -0.85486722 0.46407074 -0.31137329 -0.73951173 0.59679896 -0.35177851 -0.7687012 0.53418207 -0.39000529 -0.79301071 0.46800631 -0.44671151 -0.77517587 0.44671151 -0.48043838 -0.79207414 0.37655985 -0.53418207 -0.7687012 0.35177851 -0.5967989 -0.73951179 0.31137341 -0.80736065 -0.4869794 0.33319649 -0.68088752 -0.68088758 0.26978558 -0.88285637 -0.38700554 0.26606637 -0.76555628 -0.60240507 0.22590187 -0.82190609 -0.5439083 0.16921596 -0.93530399 -0.28171811 0.21410571 -0.96620113 -0.10278731 0.23641096 -0.93675119 -0.1784289 0.30109864 -0.88950276 -0.26444682 0.37262955 -0.90184152 -0.11273012 0.41710165 -0.86157066 -0.1534303 0.48389575 -0.80852103 -0.15687712 0.56717139 -0.73917651 -0.21298318 0.63894922 -0.69030672 -0.17257659 0.70263362 -0.63467985 -0.19911538 0.74668235 -0.57596135 -0.18381757 0.79654235 -0.48953182 -0.12821063 0.86250842 -0.41710177 -0.11273014 0.90184152 -0.38700545 -0.26606637 0.88285643 -0.30109856 -0.1784289 0.93675125 -0.21655184 -0.059059549 0.97448301 -0.19270733 -0.12170979 0.97367883 -0.1162802 -0.026833877 0.99285388 -0.04371028 -0.069936343 0.99659336 -0.038381763 -0.20150439 0.97873533 0.12926875 -0.51707488 0.84612244 -0.1329927 -0.1943741 0.97187018 0.12926875 -0.51707488 0.84612244 0.0088593392 -0.12402988 0.99223894 0.028738804 -0.21075076 0.9771173 0.043710142 -0.069936402 0.9965933 0.10449687 -0.11399659 0.98797023 0.15358183 -0.17405939 0.97268486 0.21567239 -0.29513082 0.93079716 0.23851167 -0.11407084 0.96441692 0.30616647 -0.20411101 0.92983919 0.38700563 -0.26606628 0.88285637 0.41338858 -0.100554 0.90498555 0.49785268 -0.15409727 0.85346168 0.5621053 -0.18329521 0.80649883 0.63905984 -0.1720546 0.74966645 0.69907212 -0.19973491 0.68658876 0.74255371 -0.18563846 0.6435467 0.80649894 -0.18329521 0.56210518 0.86250842 -0.12821072 0.48953173 0.91105485 -0.099993862 0.39997527 0.89330035 -0.23821341 0.38114148 0.93675125 -0.17842881 0.30109864 0.97288191 -0.049135428 0.22602311 0.97367883 -0.12170988 0.19270734 0.95721048 -0.21510348 0.19359322 0.99013555 -0.084068142 0.11209076 0.97188091 -0.2125989 0.10123754 0.99250996 -0.10926717 0.05463355 0.9216302 -0.38750356 -0.02094613 0.85445881 -0.5033114 -0.12875411 0.9954192 -0.095214032 -0.0086558154 0.98424679 -0.17035039 0.047319531 0.95708537 -0.28911954 0.019939268 0.89437646 -0.44718826 0.010647334 0.49923015 -0.86533225 -0.044375993 0.65229052 -0.65229052 0.38604951 0.62600541 -0.77671039 -0.069556117 0.65229052 -0.65229052 0.38604951 0.53851062 -0.84142286 -0.044875864 0.61928576 -0.78516573 0 0.78611994 -0.61766577 -0.022460561 0.65229052 -0.65229052 0.38604951 0.69520468 -0.71799827 0.034190375 0.58244848 -0.8108595 0.057102758 0.49038085 -0.86671966 0.091233604 0.4035784 -0.90805125 0.11210504 0.35964146 -0.92158097 0.14610423 0.31709865 -0.92864573 0.19252403 0.25738907 -0.94003022 0.22381677 0.19969197 -0.9429903 0.26625612 0.13510178 -0.96649784 0.2182415 0.10431954 -0.95974022 0.26079902 0.084303953 -0.94841993 0.30560198 0.064102381 -0.92948502 0.36324701 0.030189261 -0.95599371 0.29182968 0.020583576 -0.93655312 0.34992093 0.010374533 -0.92333388 0.38385788 0.029781885 -0.96294808 0.26803711 0.010006502 -0.95061815 0.3102017 -0.019805854 -0.96058434 0.27728209 0.0094067883 -0.97830641 0.20694949 0 -0.96542907 0.26066589 -0.020583576 -0.93655312 0.34992093 -0.032545298 -0.88957196 0.45563433 -0.064102381 -0.92948502 0.36324701 -0.10309487 -0.87057781 0.48110875 -0.13614398 -0.90762711 0.3970868 -0.15770198 -0.92368358 0.34919742 -0.19252402 -0.92864573 0.31709856 -0.25356486 -0.88143945 0.39845896 -0.29093587 -0.88492972 0.36366978 -0.34215108 -0.87981695 0.32993141 -0.36366978 -0.88492972 0.29093587 -0.4128879 -0.87435061 0.25501892 -0.4640708 -0.85486716 0.23203535 -0.53830934 -0.81969827 0.19574885 -0.62125862 -0.76743716 0.15836006 -0.70302886 -0.70302886 0.10724164 -0.89185095 -0.43449146 0.12577388 -0.97488302 -0.16248059 0.15232548 -0.99030834 -0.1027678 0.093425341 -0.99029541 -0.027255824 0.13627918 -0.98669779 -0.037233859 0.15824398 -0.97929102 -0.058175676 0.19391899 -0.97830641 -0.0094067883 0.20694949 -0.96821123 -0.039518807 0.24699269 -0.94823933 -0.030588351 0.31607977 -0.92837548 -0.042198863 0.36924022 -0.89610678 -0.032389384 0.44265506 -0.86533225 -0.044375993 0.49923015 -0.83184564 -0.022182539 0.5545637 -0.78668559 -0.045604944 0.6156671 -0.75060534 -0.057738848 0.65822321 -0.69520468 -0.034190375 0.71799827 -0.65822321 -0.057738848 0.75060534 -0.63344049 -0.05758547 0.77164567 -0.57742429 -0.045288153 0.8151871 -0.54664218 -0.033467874 0.83669722 -0.47721899 -0.02169176 0.87851673 -0.42170736 -0.010542678 0.90667069 -0.356554 -0.04194751 0.93333256 -0.29455671 -0.040628489 0.95476997 -0.23327374 -0.029159199 0.97197378 -0.15824398 -0.037233859 0.98669779 -0.1172886 -0.03608878 0.99244195 -0.067075454 0 0.99774796 -0.041285649 -0.0082571302 0.9991132 -0.016783092 -0.050349087 0.99859065 -0.016917044 -0.059209432 0.99810231 0.034399755 -0.060199574 0.99759346 0.025382733 -0.050765466 0.99838799 0.068206832 -0.017051708 0.99752539 0.096853301 -0.026414536 0.99494809 0.13868105 -0.046226971 0.98925757 0.15964735 -0.04695506 0.98605675 0.18281919 -0.057732329 0.98145002 0.20694949 -0.0094067883 0.97830641 0.24249001 -0.019399188 0.96995986 0.28510642 -0.050911833 0.95714289 0.356554 -0.04194751 0.93333256 0.42170727 -0.010542678 0.90667075 0.4729847 -0.043998547 0.87997127 0.533696 -0.033355977 0.84501845 0.58515692 -0.033759031 0.81021714 0.64063835 -0.04575986 0.766478 0.65293342 -0.045819864 0.75602812 0.70592207 -0.057862435 0.70592207 0.74535602 -0.045868039 0.66508693 0.78668559 -0.045604944 0.6156671 0.83669716 -0.033467874 0.54664224 0.86396873 -0.021872614 0.50307029 0.89610678 -0.032389384 0.44265506 0.91245908 -0.010488031 0.40903333 0.93333256 -0.04194751 0.356554 0.94530469 -0.051939793 0.32202685 0.96821123 -0.039518807 0.24699269 0.97830641 -0.0094067883 0.20694949 0.98363078 -0.028103724 0.17799041 0.98780066 -0.065853342 0.14111429 0.99317479 -0.017735256 0.11527916 0.99522525 -0.017460082 0.096030451 0.99552602 -0.062220342 0.071108967 0.99938577 -0.024778148 0.024778148 0.99942946 -0.032768164 -0.008192041 0.99987203 0 -0.015997944 1 0 0 1 0 0 0.9987728 0 -0.049525902 0.9997074 0 -0.024186457 0.99996853 0 0.0079362541 0.9997074 0 -0.024186457 0.99636734 0 -0.08515963 0.99947166 0 -0.032503128 0.99241233 0 -0.12295375 0.97391093 0 -0.22693074 0.98093498 0 -0.19433615 0.99241233 0 -0.12295375 0.99356067 0 -0.11330079 0.99966967 -0.0081273913 -0.024382176 0.99942946 0.008192041 -0.032768164 0.99823928 0.0083885612 -0.058719929 0.99452615 -0.053758144 -0.089596979 0.98049015 -0.067954727 -0.18444861 0.95089066 -0.22952528 -0.20766574 0.96307153 -0.24853465 -0.10355612 0.85878307 -0.49902266 -0.11605181 0.71976393 -0.68377584 -0.1199607 0.58050191 -0.80559444 -0.11846981 0.45795849 -0.88157022 -0.11448967 0.34706825 -0.93274617 -0.097613007 0.37844449 -0.92508662 -0.031537026 0.34663212 -0.93794578 0.010195058 0.45563442 -0.88957191 0.032545298 0.38558394 -0.92111731 0.053553302 0.3310447 -0.93973982 0.085430846 0.25074938 -0.96120578 0.11492673 0.17405947 -0.97268486 0.15358175 0.10363082 -0.98920232 0.10363068 0.086840175 -0.98418742 0.15438227 0.057732325 -0.98144996 0.18281917 0.049135428 -0.97288191 0.22602311 0.018846961 -0.9800424 0.19789323 -6.8519618e-08 -0.98663741 0.16293095 6.5974085e-08 -0.99356067 0.11330073 -0.0092015248 -0.98455608 0.17482771 -0.029781885 -0.96294808 0.26803711 -0.049495224 -0.97010684 0.23757721 -0.083729431 -0.9524228 0.29305318 -0.093724534 -0.9580735 0.27075991 -0.13614985 -0.96352249 0.2304076 -0.23506632 -0.94026577 0.24626012 -0.26625603 -0.9429903 0.19969204 -0.3279191 -0.92721981 0.18092093 -0.35964128 -0.92158109 0.14610432 -0.43449152 -0.89185083 0.12577388 -0.49038094 -0.86671954 0.091233604 -0.58244848 -0.8108595 0.057102758 -0.79643214 -0.60301298 0.045510385 -0.95023948 -0.30282357 0.073095307 -0.99476588 -0.080656648 0.06273295 -0.99522525 -0.017460084 0.096030533 -0.99115044 0 0.13274343 0 1 0 -0.97391093 0 0.22693074 0 1 0 -0.89014822 0 0.45567101 0 1 0 -0.77543586 0 0.63142639 0 1 0 -0.63142639 0 0.77543586 0 1 0 -0.46837664 0 0.88352883 0 1 0 -0.27215269 0 0.96225405 -0.11330073 0 0.99356073 0 1 0 -0.015997944 0 0.99987203 0 0 1 0 1 0 0.12295368 0 0.99241239 0 1 0 0.28375518 0 0.95889676 0 1 0 0.48109764 0 0.87666696 0 1 0 0.65535331 0 0.75532246 0 1 0 0.77543586 0 0.63142639 0 1 0 0.89652675 0 0.44298962 0 1 0 0.96842676 0 0.24929802 0 1 0 0.99710393 0 0.076050259 0.99996853 0 -0.0079362541 0 1 0 0.99996853 0 -0.0079362541 0 1 0 0.9987728 0 -0.049525902 0 1 0 0.99636734 0 -0.08515963 0 1 0 0.98455602 0.009201454 -0.17482769 0 1 0 0.95443273 0.0099420035 -0.29826024 0.95535201 0 -0.2954697 0.96542907 0 -0.26066589 0.97640753 0 -0.21593632 0.98826754 0 -0.15273225 0.96777725 -0.0096777678 -0.25162211 0.91357899 0.3834776 -0.13534506 0.98801464 -0.0090643503 -0.15409403 0.91357899 0.3834776 -0.13534506 0.9615261 -0.093050949 -0.2584748 0.93079704 -0.21567248 -0.29513082 0.83437419 -0.44247115 -0.32869291 0.85486722 -0.46407071 -0.23203535 0.72325945 -0.64712679 -0.24108645 0.57858205 -0.77982801 -0.23897952 0.4640708 -0.85486716 -0.23203535 0.35817215 -0.91276127 -0.19641697 0.25615773 -0.96315318 -0.08197052 0.26556239 -0.963893 -0.019671276 0.27987409 -0.95956826 0.029986493 0.24699269 -0.96821123 0.039518807 0.16390927 -0.98345518 0.077133708 0.097682327 -0.99458349 0.035520822 0.051607337 -0.99774104 0.043006059 0.035520889 -0.99458349 0.09768226 0.017873595 -0.99198121 0.12511468 0 -0.99830294 0.058234312 -0.018012092 -0.99066937 0.13509127 -0.035238445 -0.99548852 0.08809635 -0.077133775 -0.98345518 0.1639092 -0.16383781 -0.97278696 0.16383781 -0.2264194 -0.96742851 0.11320974 -0.30560198 -0.94841993 0.084303953 -0.38558394 -0.92111731 0.053553302 -0.46863866 -0.88278466 0.032695711 -0.56227595 -0.82687628 0.011025012 -0.67810678 -0.73461562 0.022603547 -0.87851673 -0.47721887 0.021691758 -0.95708537 -0.28911954 -0.019939268 -0.9684549 -0.21635692 -0.12363256 -0.98444098 -0.066903718 -0.16248053 -0.9965933 -0.043710209 -0.069936335 -0.99993598 -0.0079994835 -0.0079994835 -0.99987203 0 -0.015997944 0 1 0 -0.9987728 0 0.049525902 -0.99987203 0 0.015997944 0 1 0 -0.99996853 0 -0.0079362541 -0.9997074 0 -0.024186457 -0.99871773 -0.0083226431 -0.049935859 0 1 0 0 1 0 -0.96777725 -0.0096777678 -0.25162211 0 1 0 0 1 0 -0.9848752 0 -0.17326507 0 1 0 -0.99636734 0 -0.08515963 0 1 0 0 1 0 0 1 0 0 1 0 0 1 0 0 1 0 0 1 0 0 1 0 0 1 0 0 1 0 0 1 0 0 1 0 0 1 0 0 1 0 0 1 0 0 1 0 0 1 0 0 1 0 0 1 0 -0.74534643 0.022586245 -0.66629457 0 1 0 -0.75586885 0.022563238 -0.65433425 -0.74002326 0.034154903 -0.67171347 0 1 0 0.050561804 0.27303389 -0.9606747 0.010431954 0.3964144 -0.91801244 0.028103724 0.17799041 -0.98363078 -0.0094749453 0.21792388 -0.97591978 -0.017187171 0.077342264 -0.99685639 0.0093384515 0.19610763 -0.98053783 0 0.34336427 -0.93920231 0.010488031 0.40903333 -0.91245908 -8.2706492e-08 0.55721903 -0.8303656 0.011110419 0.59996301 -0.79995054 0.054991622 0.45093077 -0.89086336 0.13368869 0.3565031 -0.92467993 0.13404904 0.20622946 -0.96927822 0.22885929 0.29751712 -0.92688018 0.23639525 0.1719237 -0.95632607 0.22443143 0.10201421 -0.96913546 0.15572198 0.097326145 -0.9829945 0.07349357 0.10105357 -0.99216276 0.086616643 0.017323315 -0.99609107 0.025179863 0.041966438 -0.99880171 0 0.0079362541 -0.99996853 0 0 -1 -0.033035278 0.016517639 -0.99931765 -0.077995889 0.02599863 -0.99661463 -0.074701175 0.12138936 -0.98979002 -0.062496576 0.31248304 -0.94786525 -0.13404913 0.20622939 -0.96927822 -0.1557219 0.097326219 -0.9829945 -0.23641089 0.10278738 -0.96620113 -0.23639517 0.17192379 -0.95632607 -0.2854386 0.16467614 -0.9441433 -0.31116804 0.23049487 -0.92197967 -0.42841971 0.20230928 -0.88064033 -0.41596636 0.26915476 -0.86863559 -0.34442142 0.34442142 -0.87335426 -0.22885919 0.29751712 -0.92688018 -0.13368858 0.35650307 -0.92467993 -0.079122707 0.4860386 -0.87034822 -8.2450974e-08 0.54460543 -0.83869231 -0.011200654 0.66083896 -0.75044417 -0.011210504 0.73989362 -0.67263055 0.034154903 0.74002326 -0.67171347 0.081500061 0.60542941 -0.79171526 0.1397903 0.46596757 -0.87368929 0.228485 0.42089325 -0.87786311 0.34442142 0.34442142 -0.87335426 0.32751331 0.24563509 -0.9123587 0.33572516 0.15667163 -0.92883939 0.38683856 0.14790876 -0.91020817 0 1 0 0.36668935 0.1222297 -0.92227906 0 1 0 0.2857343 0.10582746 -0.95244765 0 1 0 0.2463256 0.092372037 -0.96477515 0 1 0 0.19915545 0.089619882 -0.97586143 0 1 0 0.16248061 0.066903718 -0.98444092 0 1 0 0.11830411 0.045501553 -0.99193436 0 1 0 0.10468081 0.0087233959 -0.99446756 0 1 0 0.076050259 0 -0.99710393 0 1 0 0 0.015997944 -0.99987203 0 1 0 -0.077342339 -0.017187173 -0.99685645 0 1 0 -0.096030533 -0.017460084 -0.99522525 0 1 0 -0.11830418 0.045501553 -0.9919343 0 1 0 -0.16248061 0.066903718 -0.98444092 0 1 0 -0.20091623 0.10045816 -0.97444385 0 1 0 -0.24853455 0.1035561 -0.96307153 0 1 0 -0.29839617 0.10657011 -0.94847375 0 1 0 -0.37319705 0.14701708 -0.91602939 -0.48792243 0.16660765 -0.85683924 0 1 0 -0.49902266 0.11605181 -0.85878307 0 1 0 -0.71207941 0.045940585 -0.70059425 0 1 0 -0.66346383 0.069838263 -0.74494183 -0.69952118 0.069952086 -0.71117985 -0.64117825 0.10686298 -0.75991493 0 1 0 -0.58420628 0.09347295 -0.8062045 -0.57630903 0.14407727 -0.80443132 -0.51463538 0.26359367 -0.81588525 -0.46287176 0.36001143 -0.81002563 -0.41179883 0.54463708 -0.73061085 -0.48977631 0.43682754 -0.75452036 -0.37330118 0.45053586 -0.81096458 -0.228485 0.42089325 -0.87786311 -0.14164789 0.50757116 -0.84988666 -0.094379224 0.64885753 -0.75503415 -0.011223204 0.70706224 -0.70706224 8.1889425e-08 0.85461605 -0.51926041 0.044376083 0.86533231 -0.49923024 0.010133107 0.94237942 -0.33439267 0.06208038 0.95189959 -0.30005533 0.15127394 0.95086527 -0.27013221 0.1264202 0.88494056 -0.44821665 0.20882882 0.82303125 -0.52821416 0.11927608 0.7752943 -0.62023544 0.23763007 0.55030096 -0.80043787 0.37330118 0.45053586 -0.81096458 0.44794551 0.35835645 -0.81910038 0.43052673 0.27061689 -0.86105347 0.41085592 0.18781973 -0.89214414 0.45211509 0.13911225 -0.88104469 0 1 0 0.75503415 0.094379224 -0.64885753 0 1 0 0.70302886 0.10724164 -0.70302886 0.76929975 0.13222332 -0.62505597 0 1 0 0 1 0 0 1 0 0 1 0 0.62600547 0.069556125 -0.77671045 0 1 0 0.54892921 0.10511404 -0.82923329 0 1 0 0 1 0 0 1 0 0 1 0 0 1 0 0 1 0 0 1 0 0 1 0 -0.7709136 0.011172656 -0.63684177 0 1 0 0 1 0 0 1 0 -0.80916536 -0.011084452 -0.58747631 -0.78082019 0.01115457 -0.6246562 -0.74535602 0.045868039 -0.66508693 -0.72644788 0.10718078 -0.67881197 -0.68573707 0.15918899 -0.71022779 -0.62553775 0.21268284 -0.7506454 -0.58315235 0.38435048 -0.71568716 -0.55644703 0.51573145 -0.6514504 -0.44436646 0.65981674 -0.60595405 -0.58629715 0.58629692 -0.55902731 -0.45301983 0.80249232 -0.38830274 -0.34807578 0.79928505 -0.48988435 -0.32744843 0.6810928 -0.65489703 -0.26698026 0.57210064 -0.77551425 -0.14598359 0.69342244 -0.70558774 -0.09347295 0.8062045 -0.58420628 -0.02187253 0.86396861 -0.50307041 0.010256001 0.93329656 -0.35896018 0 0.94354498 -0.3312445 6.9541329e-08 0.98297602 -0.18373382 0.008791158 0.99340892 -0.11428599 0.025792189 0.99729848 0.068779171 0.074096352 0.9910382 -0.1111445 0.17646211 0.98034507 -0.088231094 0.28626177 0.92748767 -0.24045976 0.24237536 0.87255102 -0.42415676 0.32304481 0.77530766 -0.54271537 0.31295764 0.66503519 -0.67807502 0.40814215 0.50030321 -0.76362085 0.48764476 0.42174685 -0.76441622 0.55060369 0.29450902 -0.78108907 0.51597953 0.1679932 -0.83996642 0.59385109 0.11877014 -0.79576033 0.66139179 0.094484486 -0.7440657 0.69952118 0.069952086 -0.71117985 0.74535602 0.045868039 -0.66508693 0.78668571 0.045604944 -0.61566699 0.78152168 0.033979189 -0.6229521 0.79574615 0.022415372 -0.60521531 0.82687628 0.011025012 -0.56227583 0 1 0 0.88352883 0 -0.46837676 0 1 0 0 1 0 0.92333388 -0.010374533 -0.38385788 0.91967863 0 -0.39267173 0.92987955 0 -0.3678644 0.93464863 0 -0.35557282 0.94768107 0 -0.31921887 0.96225405 0 -0.27215269 0.94354498 0 -0.3312445 0.94092655 -0.052273672 -0.33455166 0.91357899 0.3834776 -0.13534506 0.95476997 -0.040628489 -0.29455671 0.9398405 -0.10802767 -0.32408294 0.90863681 -0.20968542 -0.3611249 0.81204188 -0.42535526 -0.39957616 0.68390179 -0.59003294 -0.42911485 0.69658494 -0.63086939 -0.34172097 0.57473385 -0.7445417 -0.33961552 0.46918207 -0.82423884 -0.31701496 0.36366978 -0.88492972 -0.29093587 0.26184586 -0.94919139 -0.17456393 0.1639092 -0.98345518 -0.077133775 0.17482769 -0.98455602 -0.009201454 0.17640296 -0.9841429 0.018568724 0.14520873 -0.98923451 0.018151084 0.050349079 -0.99859059 0.016783027 0.016255857 -0.99973571 0.016255857 0.0082571302 -0.9991132 0.041285649 0 -0.99987203 0.015997944 -0.0083226431 -0.99871773 0.049935859 -0.051607266 -0.99774098 0.043006055 -0.11399659 -0.98797023 0.10449687 -0.17338987 -0.98254216 0.067429334 -0.23757721 -0.97010684 0.049495224 -0.19610763 -0.98053783 0.0093384515 -0.30107072 -0.9533906 0.020071371 -0.35896018 -0.93329656 0.010256001 -0.34992093 -0.93655312 -0.020583576 -0.47298464 -0.87997139 -0.043998547 -0.60301298 -0.79643214 -0.045510385 -0.75586885 -0.65433425 -0.022563238 -0.87574327 -0.48165882 -0.032840356 -0.88494056 -0.44821662 -0.12642011 -0.86501789 -0.43860057 -0.24366698 -0.95100433 -0.21862166 -0.21862166 -0.97010684 -0.049495224 -0.23757721 -0.98663747 0 -0.16293095 -0.99541914 0.0086558145 -0.095213957 -0.99947166 0 -0.032503128 -0.99459988 0 -0.10378435 -0.99710393 0 -0.076050259 -0.9997074 0 -0.024186457 -1 0 0 -0.99916124 0 -0.040949211 -0.992239 -0.0088592721 -0.12402988 -0.97066039 -0.0096104946 -0.24026251 -0.93794578 -0.010195058 -0.34663212 0 1 0 -0.89652675 0 -0.44298962 0 1 0 0 1 0 -0.84361076 0.01095598 -0.53684336 -0.82318819 0.02224832 -0.56733251 -0.78152168 0.033979189 -0.6229521 -0.75576282 0.069762692 -0.65111876 -0.75202626 0.1455535 -0.64286131 -0.73514891 0.19936243 -0.647928 -0.6877318 0.29844978 -0.66177988 -0.68787152 0.48555627 -0.53950697 -0.60409492 0.67121655 -0.42957857 -0.44585028 0.89170051 -0.078023754 -0.53121459 0.77738732 -0.33686787 -0.32802853 0.94175935 -0.074070923 -0.28626159 0.92748767 -0.24045983 -0.25501901 0.87435061 -0.41288781 -0.21139625 0.78341001 -0.58444881 -0.12642011 0.88494056 -0.44821662 -0.06208038 0.95189959 -0.30005533 7.056105e-08 0.97874713 -0.20507081 -0.0082571302 0.9991132 -0.041285649 -0.0085885124 0.99626797 0.08588513 0.0095428666 0.97337276 0.22902893 0.039518807 0.96821123 0.24699269 0.091882534 0.99233025 0.082694151 0.17260002 0.97468203 0.14214106 0.27987409 0.95956826 -0.029986493 0.40744537 0.89637959 -0.17461942 0.51102501 0.82262552 -0.24928044 0.44260481 0.79408514 -0.41656923 0.52862233 0.52862221 -0.66416645 0.61708701 0.34136733 -0.70899355 0.65835232 0.28399518 -0.69707888 0.62127382 0.19880751 -0.757954 0.68105561 0.14594041 -0.71754068 0.72644788 0.10718078 -0.67881197 0.75576282 0.069762692 -0.65111876 0.80630398 0.069111735 -0.58744997 0.81428397 0.022309139 -0.58003783 0.81428397 0.022309139 -0.58003783 0.85461605 0 -0.51926041 0.89014822 0 -0.45567113 0.90266633 0 -0.43034098 0.92333388 0.010374533 -0.38385788 0.93794578 0.010195058 -0.34663212 0.92489082 0 -0.38023287 0.9231841 -0.042445224 -0.38200715 0.89637965 -0.17461942 -0.40744528 0.79301071 -0.39000529 -0.46800631 0.675614 -0.55400354 -0.48644206 0.56834656 -0.66307098 -0.48715416 0.56139898 -0.70843202 -0.42773253 0.47039735 -0.78399569 -0.40506443 0.37602961 -0.85233372 -0.36349529 0.27491936 -0.92785269 -0.25200933 0.17405939 -0.97268486 -0.15358183 0.11020312 -0.99182791 -0.064285114 0.095214032 -0.9954192 -0.0086558154 0.032768164 -0.99942946 -0.008192041 0.033848491 -0.99853098 -0.042310614 0.025792189 -0.99729842 -0.068779238 0.0080632018 -0.99983752 -0.016126404 0 -0.99987203 -0.015997944 -0.016255857 -0.99973571 0.016255857 -0.049935859 -0.99871773 0.0083226431 -0.09768226 -0.99458355 0.035520822 -0.14520882 -0.98923457 0.018151086 -0.15546684 -0.98767173 -0.018290209 -0.24249001 -0.96995986 -0.019399188 -0.25847477 -0.96152604 -0.09305086 -0.36342818 -0.92508996 -0.11012979 -0.48533019 -0.86666119 -0.11555485 -0.60709977 -0.78565854 -0.11903921 -0.74742198 -0.65098053 -0.13260716 -0.72689658 -0.63762856 -0.2550514 -0.71145076 -0.60605067 -0.35572541 -0.84271729 -0.42764759 -0.32702467 -0.92494446 -0.20554321 -0.31973392 -0.95414943 -0.072598293 -0.29039332 -0.91093898 -0.18449397 -0.36898795 -0.94684488 -0.041167151 -0.31904557 -0.97125238 0 -0.23805209 -0.98297596 0 -0.18373381 -0.96225405 0 -0.27215269 -0.97640753 0 -0.21593632 -0.98826754 0 -0.15273225 -0.99459988 0 -0.10378435 -0.98093498 0 -0.19433615 -0.9614777 -0.0098109925 -0.27470791 -0.92842728 -0.010315853 -0.37137088 -0.90266645 0 -0.43034092 -0.8766669 0 -0.4810977 -0.84677625 0 -0.53194916 -0.81428391 0.022309139 -0.58003795 -0.79174477 0.057372786 -0.60815185 -0.79119748 0.10628022 -0.60225493 -0.78629762 0.18428853 -0.58972335 -0.77298796 0.30919522 -0.55397463 -0.80303067 0.40151533 -0.44037163 -0.69658494 0.63086939 -0.34172097 -0.4683755 0.88099223 0.066910766 -0.57596135 0.79654235 -0.18381757 -0.35690796 0.93012387 0.086523108 -0.23506632 0.94026577 0.24626012 -0.21072832 0.97336388 0.090312071 -0.18608688 0.97940427 -0.078352302 -0.15127394 0.95086527 -0.27013221 -0.074096344 0.9910382 -0.11114442 -0.0080632018 0.99983752 0.016126404 -0.0096104946 0.97066039 0.24026251 0 0.96542907 0.26066589 0.010431954 0.91801244 0.3964144 0.011025012 0.82687628 0.56227595 0.032389384 0.89610678 0.44265506 0.083729431 0.9524228 0.29305318 0.13614418 0.90762711 0.39708686 0.23506632 0.94026577 0.24626012 0.35690796 0.93012387 0.086523108 0.48168892 0.873761 -0.067212358 0.5982731 0.77276945 -0.21188839 0.60312623 0.72112936 -0.34089753 0.62476718 0.5976032 -0.50252998 0.65169042 0.5294984 -0.54307538 0.69383383 0.32728016 -0.641469 0.71546876 0.21338528 -0.66526026 0.74528933 0.15883204 -0.64754635 0.78102416 0.10650323 -0.61535227 0.82923329 0.10511402 -0.54892904 0.84501851 0.033355977 -0.53369588 0.87410641 0.010791432 -0.48561469 0.89206064 0.021495428 -0.45140421 0.91619569 0.021061959 -0.40017736 0.91801244 0.010431954 -0.3964144 0.91245908 -0.010488031 -0.40903333 0.90372348 -0.054441143 -0.42464107 0.90460134 -0.077222019 -0.41920543 0.85779083 -0.20538652 -0.4711808 0.78080273 -0.36437464 -0.50752175 0.67635542 -0.51403004 -0.52755713 0.55737197 -0.63893855 -0.53018302 0.48034164 -0.73385543 -0.48034164 0.39957616 -0.81204188 -0.42535526 0.30129236 -0.8918252 -0.33744743 0.18277457 -0.95687866 -0.22578032 0.11881191 -0.98019803 -0.15841584 0.064285114 -0.99182791 -0.11020312 0.036374141 -0.99119586 -0.12730956 0.0085215196 -0.99701828 -0.076693743 -6.3964983e-08 -0.99710399 -0.076050274 -0.0080632018 -0.99983752 -0.016126404 -0.032503128 -0.99947166 0 -0.085885204 -0.99626803 -0.0085885134 -0.099357501 -0.9935748 -0.054194964 -0.16390927 -0.98345518 -0.077133708 -0.17405939 -0.97268486 -0.15358183 -0.26184592 -0.94919133 -0.17456393 -0.36405146 -0.90425682 -0.22312829 -0.47850066 -0.84657794 -0.23311566 -0.59256774 -0.7690773 -0.23954864 -0.57769841 -0.73525268 -0.35449684 -0.57579535 -0.69631058 -0.42849883 -0.6963107 -0.57579523 -0.42849883 -0.82071519 -0.39753392 -0.41035759 -0.80168688 -0.3749826 -0.46549559 -0.88529867 -0.18886371 -0.42494333 -0.92430383 -0.06448628 -0.37617013 -0.94768107 0 -0.31921887 -0.92987955 0 -0.3678644 -0.94237942 0.010133107 -0.33439267 -0.95443273 0.0099420035 -0.29826024 -0.96842676 0 -0.24929802 -0.93464863 0 -0.35557282 -0.90266645 0 -0.43034092 -0.87410641 0.010791431 -0.48561454 -0.84841073 0.022036634 -0.52887952 -0.82003701 0.056946993 -0.56947029 -0.83345038 0.11738743 -0.53998214 -0.84285283 0.26029274 -0.47100592 -0.82851297 0.42062968 -0.36964428 -0.85120338 0.45644239 -0.25906196 -0.72336286 0.66100419 -0.19954851 -0.55289423 0.82934117 0.080630355 -0.38114151 0.89330035 0.23821351 -0.27317151 0.90265352 0.33255661 -0.19265936 0.85492545 0.48164815 -0.13614398 0.90762711 0.3970868 -0.11492673 0.96120578 0.25074938 -0.10190876 0.99129331 0.083379775 -0.018985718 0.97776496 0.20884305 -0.02094613 0.9216302 0.38750356 0 0.91423941 0.40517423 0 0.83036548 0.55721909 0 0.77543586 0.63142639 0.011221793 0.71819502 0.69575143 0.033979189 0.78152168 0.6229521 0.079777725 0.85475981 0.51285589 0.094091557 0.77625573 0.62335694 0.10722642 0.71484315 0.69101506 0.16732016 0.84855169 0.5019601 0.26444682 0.88950276 0.37262955 0.38114151 0.89330035 0.23821351 0.51285601 0.85475975 0.079777546 0.63862896 0.76635468 -0.069668576 0.72214818 0.6731891 -0.15911743 0.70343739 0.63830453 -0.31263897 0.7212835 0.534284 -0.44078431 0.74297744 0.42455849 -0.5174306 0.79720223 0.22421324 -0.56053293 0.86284333 0.23090182 -0.44965073 0.86938572 0.15272985 -0.46993828 0.89810419 0.22452614 -0.37814915 0.89773864 0.14962302 -0.41434082 0.86626291 0.067500971 -0.4950074 0.90239143 0.03222825 -0.42971027 0.91619569 0.021061959 -0.40017736 0.91245908 -0.010488031 -0.40903333 0.90727997 -0.06558647 -0.41538113 0.86482936 -0.1658577 -0.47387916 0.78574061 -0.32202491 -0.52812082 0.68637472 -0.45758316 -0.56524986 0.59982026 -0.57255584 -0.55892354 0.58597022 -0.59959757 -0.54508871 0.4518896 -0.7442888 -0.49176219 0.32527968 -0.85073137 -0.41285494 0.20265694 -0.93447369 -0.29272673 0.1490289 -0.95804334 -0.24483334 0.091002032 -0.97068793 -0.22244929 0.038095295 -0.98095244 -0.19047619 0.0091328919 -0.98635274 -0.16439211 0 -0.98663747 -0.16293095 -0.0086558154 -0.9954192 -0.095214032 -0.042657252 -0.99817866 -0.042657189 -0.10536575 -0.98660636 -0.12452315 -0.18277457 -0.95687866 -0.22578032 -0.2929039 -0.91386038 -0.28118783 -0.38080552 -0.87216741 -0.30710125 -0.47215232 -0.81669599 -0.33178279 -0.47266239 -0.77464122 -0.42014435 -0.49359664 -0.73372483 -0.46691576 -0.56959957 -0.65097088 -0.50179005 -0.68787152 -0.53950697 -0.48555627 -0.69983315 -0.48449978 -0.52487475 -0.80564243 -0.31969941 -0.49873096 -0.87252265 -0.16507186 -0.45984295 -0.9155677 -0.053856898 -0.39854118 -0.91052461 -0.02117498 -0.41291228 -0.91245908 -0.010488031 -0.40903333 -0.91423941 0 -0.40517423 -0.9216302 0.02094613 -0.38750356 -0.92333388 0.010374533 -0.38385788 -0.89206064 0.021495426 -0.45140409 -0.85414821 0.056193937 -0.51698458 -0.87027109 0.12763979 -0.47574815 -0.89053261 0.27678725 -0.36102679 -0.88064033 0.42841962 -0.20230937 -0.74535602 0.66508693 -0.045868039 -0.55030102 0.80043793 0.23763008 -0.40325814 0.84432173 0.35285088 -0.26029289 0.84285289 0.47100601 -0.18470712 0.77577025 0.60337698 -0.11877014 0.79576027 0.59385103 -0.079777725 0.85475981 0.51285589 -0.042686231 0.91775447 0.39484781 -0.010991661 0.83536655 0.54958338 0 0.77543586 0.63142639 0 0.73437679 0.67874217 0 0.66711986 0.74495041 0 0.64345229 0.76548624 0.011110419 0.59996301 0.79995054 0.022500323 0.63000941 0.77626151 0.057862435 0.70592207 0.70592207 0.069668576 0.63862896 0.76635468 0.09347295 0.58420628 0.8062045 0.13274218 0.66371125 0.73611611 0.18470712 0.77577025 0.60337698 0.2758418 0.82752526 0.48899215 0.40325814 0.84432173 0.35285088 0.53830945 0.81969827 0.19574876 0.65822321 0.75060534 0.057738848 0.76124007 0.64590073 0.057669677 0.6731891 0.72214824 0.15911733 0.76081955 0.64377046 -0.08193437 0.79632097 0.54352051 -0.26544026 0.82891715 0.38257715 -0.40808228 0.89789784 0.31127131 -0.31127131 0.92785263 0.25200942 -0.27491936 0.9305892 0.16817868 -0.3251456 0.90792215 0.088577725 -0.40967214 0.93333256 0.04194751 -0.356554 0.91967863 0 -0.39267173 0.92111731 -0.053553302 -0.38558394 0.87992054 -0.16425183 -0.44582635 0.811167 -0.29151323 -0.50697947 0.75175911 -0.39566272 -0.52755034 0.66367888 -0.50114524 -0.55532318 0.55809432 -0.62615466 -0.54448235 0.49931663 -0.68824714 -0.52630663 0.3749826 -0.80168688 -0.46549559 0.28021711 -0.8772012 -0.38986722 0.20695123 -0.91978329 -0.33342147 0.14227411 -0.94119847 -0.30643672 0.071588986 -0.96133822 -0.2659021 0.019399188 -0.96995986 -0.24249001 0 -0.96842676 -0.24929802 -0.018707925 -0.98216659 -0.18707933 -0.037521057 -0.98492819 -0.16884482 -0.045140378 -0.99308878 -0.10833698 -0.074701101 -0.98979008 -0.12138936 -0.1490289 -0.95804334 -0.24483334 -0.23210353 -0.91680902 -0.32494497 -0.30521873 -0.87902981 -0.36626247 -0.34663132 -0.86657822 -0.35901102 -0.37829489 -0.84485853 -0.37829489 -0.41841686 -0.78453165 -0.45764342 -0.45333329 -0.73333335 -0.5066666 -0.51403016 -0.67635536 -0.52755713 -0.59959763 -0.58597022 -0.54508859 -0.69756258 -0.44268391 -0.56341583 -0.78574067 -0.32202491 -0.5281207 -0.85492545 -0.19265924 -0.48164806 -0.90109897 -0.065934032 -0.42857137 -0.90977103 -0.05415301 -0.41156304 -0.91967863 0 -0.39267173 -0.91619569 0.021061959 -0.40017736 -0.91208231 0.042921495 -0.40775439 -0.89526689 0.089526638 -0.43644252 -0.90660983 0.16066504 -0.39018649 -0.91866672 0.26745999 -0.29071736 -0.93530399 0.28171813 -0.21410581 -0.89536017 0.4306795 -0.11333667 -0.79132676 0.61045218 0.033913989 -0.65662676 0.73096204 0.18583789 -0.54686111 0.72025621 0.42681846 -0.52230716 0.77040315 0.36561504 -0.41841686 0.78453165 0.45764342 -0.28073931 0.77841336 0.56147844 -0.19967258 0.71133393 0.6738953 -0.10724164 0.70302886 0.70302886 -0.069933079 0.72264212 0.6876756 -0.033979189 0.78152168 0.6229521 -0.011221793 0.71819502 0.69575143 -0.011110419 0.59996301 0.79995054 0 0.63142639 0.77543586 0 0.55721909 0.83036548 0.01095598 0.53684336 0.84361076 0.010991661 0.54958338 0.83536655 0.033467874 0.54664224 0.83669716 0.045160979 0.56451255 0.82418817 0.068729796 0.56129372 0.82475793 0.068283439 0.53488576 0.8421607 0.10511421 0.54892904 0.82923335 0.14478856 0.60328603 0.78427178 0.19967258 0.71133393 0.6738953 0.29606652 0.75947493 0.57926041 0.41841686 0.78453165 0.45764342 0.54271531 0.77530771 0.32304493 0.54686111 0.72025621 0.42681846 0.6808874 0.68088758 0.2697857 0.77985644 0.61188745 0.13197565 0.83808458 0.53958857 -0.080364227 0.88289404 0.41758499 -0.21475798 0.93373686 0.32236156 -0.15562283 0.9568786 0.22578041 -0.18277457 0.95244765 0.10582746 -0.2857343 0.94108117 0.020458275 -0.3375617 0.93913418 -0.063312389 -0.33766621 0.90762711 -0.13614409 -0.39708683 0.85315323 -0.2720198 -0.44512337 0.77397436 -0.40666449 -0.48537371 0.6259228 -0.57149476 -0.53067362 0.45333329 -0.73333335 -0.5066666 0.35660836 -0.82784075 -0.43302438 0.25356486 -0.88143945 -0.39845896 0.14610432 -0.92158097 -0.35964137 0.095706731 -0.94643372 -0.3083885 0.086523108 -0.93012387 -0.35690796 0.041167151 -0.94684488 -0.31904557 0 -0.94768107 -0.31921887 -0.029575661 -0.96613872 -0.25632256 -0.061659351 -0.95572042 -0.28774381 -0.059937067 -0.96898305 -0.23974842 -0.09100195 -0.97068793 -0.22244938 -0.20833276 -0.91434938 -0.34722131 -0.29450628 -0.87124759 -0.39267498 -0.33997923 -0.84365207 -0.41553012 -0.39000529 -0.79301071 -0.46800631 -0.52949852 -0.65169042 -0.54307532 -0.62615478 -0.54448229 -0.55809432 -0.75175911 -0.39566267 -0.52755016 -0.82055271 -0.29034948 -0.49233159 -0.88413942 -0.15123439 -0.44206965 -0.92111731 -0.053553302 -0.38558394 -0.93794578 0.010195058 -0.34663212 -0.92642355 0.053242706 -0.37269911 -0.93373686 0.15562283 -0.32236156 -0.94998318 0.25114506 -0.185629 -0.90616411 0.420719 -0.043150648 -0.80017465 0.58520246 0.1313719 -0.6808874 0.68088758 0.2697857 -0.56689495 0.67487514 0.4724125 -0.45874792 0.66113681 0.59367371 -0.42681846 0.72025621 0.54686111 -0.29804838 0.71272475 0.63497299 -0.21268275 0.62553787 0.7506454 -0.14445248 0.58984798 0.79448903 -0.11948014 0.63324511 0.76467323 -0.068929069 0.57440925 0.81566095 -0.057486422 0.62085372 0.78181571 -0.022500323 0.63000941 0.77626151 -0.022111928 0.54174256 0.84025359 0 0.54460549 0.83869231 0 0.53194928 0.84677625 0.033467874 0.54664224 0.83669716 0.055745281 0.49055716 0.86962414 0.021691926 0.47721893 0.87851673 0.044191625 0.48610622 0.87278163 0.079458423 0.49945205 0.86268997 0.1160519 0.4990226 0.85878313 0.15687731 0.56717134 0.80852097 0.21321736 0.65219468 0.72744787 0.31285119 0.69088006 0.65177369 0.42681846 0.72025621 0.54686111 0.44396403 0.67267287 0.59195197 0.542077 0.6640445 0.51497316 0.67368186 0.64726317 0.35665521 0.7830556 0.56834668 0.25259864 0.86269003 0.49945202 0.079458244 0.90977103 0.41156304 -0.05415301 0.95476997 0.29455671 -0.040628489 0.97288191 0.22602311 0.049135428 0.97904694 0.17800862 -0.098893672 0.97548205 0.048774078 -0.21460602 0.96821123 -0.039518807 -0.24699269 0.94193137 -0.1190948 -0.31397715 0.95917094 -0.12648411 -0.25296822 0.90425682 -0.22312829 -0.36405146 0.82891715 -0.38257715 -0.40808228 0.71148962 -0.5101245 -0.48327589 0.56959957 -0.65097088 -0.50179005 0.43682754 -0.75452036 -0.48977631 0.31701499 -0.8242389 -0.4691821 0.20230937 -0.88064033 -0.42841962 0.09941873 -0.91686124 -0.38662824 0.042445224 -0.9231841 -0.38200715 0 -0.92489082 -0.38023287 -0.041431297 -0.94256252 -0.33145055 -0.074070923 -0.94175935 -0.32802853 -0.086523198 -0.93012387 -0.35690799 -0.13107908 -0.9393999 -0.31677443 -0.25356472 -0.88143939 -0.39845887 -0.35660836 -0.82784075 -0.43302438 -0.4518896 -0.7442888 -0.49176219 -0.62592286 -0.57149464 -0.53067362 -0.69932663 -0.47070053 -0.53794342 -0.81802917 -0.34510607 -0.46014136 -0.85315317 -0.27201992 -0.4451234 -0.91020823 -0.14790885 -0.3868385 -0.94623661 -0.11827961 -0.30107531 -0.93754566 -0.096987434 -0.33406797 -0.94361198 -0.062907435 -0.32502189 -0.97713757 0.078960575 -0.19740158 -0.96034527 0.1371922 -0.24272469 -0.95974022 0.26079902 -0.10431954 -0.91422135 0.4039582 0.031891424 -0.79720229 0.56053275 0.22421323 -0.67368186 0.64726317 0.35665521 -0.53018302 0.63893867 0.55737185 -0.4147366 0.60203689 0.68230867 -0.31189865 0.61080194 0.72776395 -0.21084273 0.57051599 0.79376125 -0.2102294 0.55648929 0.80381793 -0.19639675 0.55236554 0.8101362 -0.1832951 0.56210536 0.80649883 -0.11738733 0.53998208 0.83345038 -0.09294156 0.55764973 0.8248567 -0.056400921 0.53016901 0.84601414 -0.045023445 0.55153757 0.83293408 -0.033467874 0.54664224 0.83669716 -0.021691758 0.47721887 0.87851673 0.021595439 0.46430212 0.88541353 0.02094613 0.38750356 0.9216302 0.042686231 0.39484781 0.91775447 0.05415301 0.41156304 0.90977103 0.089059614 0.42303252 0.9017272 0.11333687 0.43067962 0.89536023 0.15123449 0.44206971 0.88413942 0.16732016 0.5019601 0.84855169 0.20804553 0.51399457 0.83218175 0.20955749 0.54238379 0.8135758 0.23954874 0.59256762 0.7690773 0.34136733 0.61708695 0.70899367 0.41510826 0.61596698 0.66952956 0.54488647 0.61299706 0.57213056 0.66113681 0.59367371 0.45874792 0.7503249 0.5397073 0.38174424 0.8363899 0.47437036 0.27463555 0.91967118 0.37673274 0.11080369 0.93530399 0.28171813 0.21410581 0.9866063 0.12452305 0.10536566 0.99458349 0.035520822 -0.097682327 0.97237909 -0.14329799 -0.18424024 0.91829431 -0.2557275 -0.30222347 0.85948366 -0.37368858 -0.34877601 0.76441622 -0.48764476 -0.42174685 0.67267275 -0.59195209 -0.44396403 0.63612336 -0.60905427 -0.47370887 0.49678981 -0.71161771 -0.49678969 0.37655985 -0.79207414 -0.48043838 0.23311578 -0.846578 -0.4785006 0.12642011 -0.88494056 -0.44821662 0.065934114 -0.90109885 -0.42857137 -7.9453436e-08 -0.90266645 -0.43034095 -0.053856984 -0.9155677 -0.39854124 -0.099993862 -0.91105485 -0.39997527 -0.15970044 -0.91257387 -0.37643671 -0.21592918 -0.87571287 -0.43185836 -0.33028024 -0.82570052 -0.45731106 -0.43682754 -0.75452036 -0.48977631 -0.56959957 -0.65097088 -0.50179005 -0.69983315 -0.52487475 -0.48449978 -0.77464122 -0.42014435 -0.47266239 -0.82851297 -0.36964428 -0.42062968 -0.90087628 -0.2489263 -0.35560906 -0.95335865 -0.13925466 -0.26779741 -0.97381562 -0.038952608 -0.22397763 -0.99767405 0.067638882 -0.0084548602 -0.99029541 0.13627918 -0.027255824 -0.97944331 0.19969229 -0.028527461 -0.973364 0.21072824 -0.090312071 -0.91673058 0.38010776 0.12297599 -0.79928505 0.48988435 0.34807578 -0.79376358 0.52490813 0.30726337 -0.6598168 0.60595405 0.44436637 -0.53018302 0.55737185 0.63893867 -0.45758316 0.56524974 0.68637484 -0.43960941 0.51953834 0.73268241 -0.36674234 0.53701544 0.75968051 -0.29259631 0.52158457 0.80145931 -0.27992004 0.54711628 0.78886539 -0.22421323 0.56053275 0.79720229 -0.19430023 0.51003784 0.83791935 -0.15409736 0.49785259 0.85346168 -0.1160519 0.4990226 0.85878313 -0.079122707 0.4860386 0.87034822 -0.044191457 0.48610619 0.87278175 -0.031716283 0.39116764 0.91977268 -0.010431954 0.3964144 0.91801244 0 0.3678644 0.92987955 0 0.28375518 0.95889676 -0.0098768091 0.28642762 0.95805091 0.0099420035 0.29826024 0.95443273 0.040899433 0.30674592 0.9509123 0.051939793 0.32202685 0.94530469 0.074548244 0.34079215 0.93717843 0.097612925 0.34706834 0.93274617 0.13368858 0.35650307 0.92467993 0.15970054 0.37643674 0.91257387 0.18563294 0.38286775 0.9049601 0.19084178 0.45324898 0.87071514 0.24490619 0.45307627 0.85717136 0.26544034 0.54352051 0.79632086 0.30827564 0.53948224 0.78353381 0.35279807 0.54879689 0.75786251 0.37938493 0.51020724 0.77185214 0.44181019 0.54891562 0.70957404 0.55809456 0.54448229 0.6261546 0.6640445 0.51497316 0.542077 0.67267287 0.44396403 0.59195197 0.75452036 0.43682754 0.48977631 0.86631268 0.37127692 0.33414924 0.88143945 0.25356486 0.39845896 0.95197743 0.16226879 0.25963023 0.97335517 0.069525339 0.21850836 0.98424673 0.047319531 0.17035046 0.99823928 -0.058719929 -0.0083885612 0.97428048 -0.18267758 -0.13193384 0.93530399 -0.28171811 -0.21410571 0.8574903 -0.41010407 -0.31068492 0.75032479 -0.53970736 -0.38174424 0.64506572 -0.6316269 -0.43004382 0.5379436 -0.69932657 -0.47070056 0.39307308 -0.77304375 -0.49789253 0.27697614 -0.81833869 -0.50359309 0.16660765 -0.85683924 -0.48792243 0.067212351 -0.873761 -0.48168877 -0.010745231 -0.88110936 -0.47279042 -0.091233693 -0.86671972 -0.49038082 -0.066596866 -0.88795751 -0.45507818 -0.1384073 -0.88811344 -0.43828973 -0.23311578 -0.846578 -0.4785006 -0.37655985 -0.79207414 -0.48043838 -0.49678969 -0.71161783 -0.49678969 -0.63612336 -0.60905427 -0.47370887 -0.76441622 -0.48764476 -0.42174685 -0.85233372 -0.37602961 -0.36349529 -0.92785263 -0.25200942 -0.27491936 -0.97971791 -0.10885756 -0.16823438 -0.99987203 0 0.015997944 -0.94427341 0.10730374 0.31118101 -0.99609107 -0.017323315 0.086616643 -0.9541589 0.11661936 0.27564594 -0.94217891 0.18843588 0.2771115 -0.96259922 0.16924831 0.21156035 -0.94392014 0.24430883 0.22209895 -0.95086527 0.27013221 0.15127394 -0.93667114 0.31957015 0.1432555 -0.8496682 0.4248341 0.31237805 -0.75386012 0.50257337 0.42321968 -0.68824726 0.52630663 0.49931654 -0.63162678 0.43004382 0.64506584 -0.64811641 0.45908237 0.60760897 -0.59195197 0.44396403 0.67267287 -0.56689495 0.4724125 0.67487514 -0.50847775 0.46833479 0.72257382 -0.48188838 0.49527419 0.72283268 -0.38830274 0.45301983 0.80249232 -0.31554696 0.45438755 0.83304387 -0.23311578 0.4785006 0.846578 -0.18987177 0.43907824 0.87815648 -0.15123449 0.44206971 0.88413942 -0.11333667 0.4306795 0.89536017 -0.089059427 0.42303243 0.9017272 -0.053856898 0.39854118 0.9155677 -0.062907435 0.32502189 0.94361198 -0.030189261 0.29182968 0.95599371 -0.0096777678 0.25162211 0.96777725 0 0.26066589 0.96542907 0.029781885 0.26803711 0.96294808 0.061234023 0.27555326 0.95933348 0.083148547 0.28062651 0.95620877 0.10657004 0.29839626 0.94847375 0.13018118 0.30375624 0.94381404 0.15455693 0.30911404 0.93838191 0.19384639 0.33067903 0.92362058 0.22023165 0.33614296 0.91569966 0.2505154 0.36980835 0.89469755 0.30710125 0.38080552 0.87216741 0.31701499 0.4691821 0.8242389 0.38830274 0.45301983 0.80249232 0.45764342 0.41841686 0.78453165 0.46691576 0.49359664 0.73372483 0.5101245 0.48327589 0.71148962 0.58113402 0.47301608 0.66222262 0.6784339 0.3857761 0.62522322 0.73525268 0.35449684 0.57769841 0.79769576 0.3345176 0.50177634 0.8317368 0.24827972 0.49655923 0.86043227 0.21813785 0.46051303 0.93738884 0.11989851 0.32699609 0.97591978 0.0094749453 0.21792388 0.98927265 -0.065329291 0.13065858 0.97776484 -0.20884293 -0.018985715 0.92158097 -0.35964137 -0.14610432 0.83418292 -0.48556909 -0.26146027 0.77298784 -0.55397469 -0.30919522 0.69912571 -0.61997944 -0.35615841 0.6784339 -0.6252234 -0.38577616 0.58792228 -0.69481719 -0.41421798 0.55079478 -0.69856894 -0.45675662 0.46534488 -0.7445519 -0.47864044 0.42174685 -0.76441622 -0.48764476 0.34941396 -0.78941667 -0.50470895 0.27697614 -0.81833869 -0.50359309 0.18072289 -0.84337348 -0.50602412 0.11605181 -0.85878307 -0.49902266 0.067500971 -0.86626291 -0.4950074 0.010791432 -0.87410641 -0.48561469 -0.05574511 -0.86962414 -0.49055722 -0.11605181 -0.85878313 -0.49902257 -0.16732016 -0.84855169 -0.5019601 -0.15409736 -0.85346168 -0.49785259 -0.26256159 -0.82519341 -0.50011718 -0.40814209 -0.76362073 -0.50030315 -0.53950715 -0.68787152 -0.48555633 -0.64811629 -0.60760903 -0.45908237 -0.67121655 -0.60409492 -0.42957857 -0.77185214 -0.51020724 -0.37938493 -0.8574903 -0.41010407 -0.31068492 -0.92197967 -0.31116816 -0.23049489 -0.98660636 -0.12452315 -0.10536575 -0.99838799 -0.050765466 0.025382733 -0.9759025 0.20700967 0.069003172 -0.94786525 -0.31248304 -0.062496576 -0.98254216 -0.17338987 0.067429334 -0.98525125 -0.076524332 0.15304874 -0.98597622 -0.018429453 0.16586514 -0.96133822 0.071588986 0.2659021 -0.95023948 0.073095307 0.30282357 -0.92756826 0.1214672 0.35335931 -0.87786311 0.228485 0.42089325 -0.84900969 0.24608985 0.46757054 -0.88143945 0.25356486 0.39845896 -0.87981695 0.34215108 0.32993141 -0.75452036 0.43682754 0.48977631 -0.6544978 0.40071303 0.64114094 -0.52995235 0.41071314 0.74193347 -0.44471997 0.43164 0.78479999 -0.37829489 0.37829489 0.84485853 -0.30710125 0.38080552 0.87216741 -0.25206259 0.38409528 0.88822031 -0.21100682 0.37512308 0.90263987 -0.1715097 0.36588752 0.91471893 -0.13368858 0.35650307 0.92467993 -0.10874058 0.33709595 0.93516946 -0.085430846 0.3310447 0.93973982 -0.10657004 0.29839626 0.94847375 -0.072598293 0.29039332 0.95414943 -0.040354643 0.28248265 0.9584232 0 0.27215269 0.96225405 0 0.31921887 0.94768107 0.051258441 0.29729912 0.95340747 0.084303953 0.30560198 0.94841993 0.11909471 0.31397712 0.94193137 0.1432555 0.31957015 0.93667114 0.18092084 0.32791919 0.92721981 0.20695132 0.33342147 0.91978317 0.2472986 0.34150752 0.90676123 0.28716275 0.33502319 0.89738345 0.34442142 0.34442142 0.87335426 0.38596523 0.33616328 0.85908389 0.44247115 0.32869291 0.83437419 0.37829489 0.37829489 0.84485853 0.43302438 0.35660836 0.82784075 0.50177634 0.3345176 0.79769576 0.53219914 0.42575935 0.73177391 0.61997932 0.35615841 0.69912577 0.6877318 0.29844978 0.66177988 0.7565968 0.28212091 0.58988893 0.82553214 0.18210256 0.53416771 0.88494056 0.12642001 0.44821656 0.93329656 0.010256001 0.35896018 0.96649784 -0.13510187 0.21824153 0.95221919 -0.30389977 0.030389961 0.90172714 -0.42303243 -0.089059509 0.83996642 -0.51597941 -0.16799331 0.77239943 -0.58246517 -0.25324568 0.67807502 -0.66503513 -0.31295776 0.60880446 -0.70144856 -0.37057665 0.51516855 -0.75293875 -0.40949297 0.40334639 -0.79368162 -0.45539108 0.33028024 -0.82570052 -0.45731106 0.26029289 -0.84285289 -0.47100601 0.20632221 -0.84956205 -0.4854641 0.12821072 -0.8625083 -0.48953182 0.067212351 -0.873761 -0.48168877 0 -0.8766669 -0.4810977 -0.06721244 -0.87376106 -0.48168874 -0.15343042 -0.86157072 -0.48389581 -0.19350286 -0.8465746 -0.4958508 -0.20804553 -0.83218175 -0.51399457 -0.27697623 -0.81833869 -0.50359303 -0.3345176 -0.79769576 -0.50177634 -0.42174685 -0.76441622 -0.48764476 -0.53620064 -0.71046603 -0.45577058 -0.65449792 -0.64114082 -0.40071303 -0.76455933 -0.55722111 -0.32396585 -0.85486722 -0.46407071 -0.23203535 -0.92467993 -0.3565031 -0.13368869 -0.92508662 -0.37844449 -0.031537026 -0.95620877 -0.28062651 0.083148547 -0.96462852 -0.071077861 0.25384966 -0.92508662 0.031537026 0.37844449 -0.87368929 0.13979021 0.46596751 -0.8135758 0.20955749 0.54238379 -0.80367345 0.30616134 0.51026881 -0.71145064 0.35572541 0.60605079 -0.60880435 0.37057665 0.70144868 -0.50177634 0.3345176 0.79769576 -0.43302438 0.35660836 0.82784075 -0.44247115 0.32869291 0.83437419 -0.38596523 0.33616328 0.85908389 -0.32993141 0.34215108 0.87981695 -0.28907275 0.34929621 0.89130747 -0.23368259 0.33883965 0.91136175 -0.20695113 0.33342144 0.91978329 -0.16817868 0.3251456 0.9305892 -0.14227413 0.30643675 0.94119853 -0.18332757 0.35519734 0.91663837 -0.13283402 0.34315473 0.92983866 -0.097612925 0.34706834 0.93274617 -0.063312389 0.33766621 0.93913418 0.010315853 0.37137088 0.92842728 0.010542678 0.42170727 0.90667075 0.076802559 0.40595657 0.91065943 0.1114625 0.39011893 0.913993 0.14877814 0.40055624 0.90411258 0.18674226 0.3968271 0.8986966 0.22588664 0.39232931 0.89165747 0.26763681 0.40145513 0.87590206 0.32346219 0.39810726 0.85841876 0.36562693 0.39084256 0.84472418 0.42062968 0.36964428 0.82851297 0.47778738 0.3615689 0.8006168 0.53121459 0.33686787 0.77738732 0.56836915 0.31001964 0.76213151 0.49558035 0.30497259 0.81326014 0.56147844 0.28073931 0.77841336 0.63372415 0.2408153 0.73512018 0.58264935 0.3107464 0.75097042 0.65476149 0.26960778 0.70611554 0.73383856 0.15899827 0.66045475 0.72744787 0.21321736 0.65219468 0.80443144 0.14407717 0.57630885 0.85849684 0.067776024 0.50832033 0.91052461 -0.02117498 0.41291228 0.94193137 -0.1190948 0.31397715 0.94403654 -0.23323254 0.23323262 0.93940002 -0.31677443 0.131079 0.90461367 -0.4257006 0.021285018 0.8507995 -0.51737809 -0.091978371 0.78229326 -0.59894323 -0.17112666 0.69878262 -0.67337227 -0.24139759 0.62128431 -0.72483182 -0.29769883 0.53121459 -0.77738732 -0.33686787 0.45053586 -0.81096458 -0.37330118 0.35477164 -0.83624732 -0.41812366 0.29784384 -0.85630089 -0.42194536 0.22971745 -0.8705079 -0.43525395 0.15199743 -0.87690818 -0.45599222 0.078023754 -0.89170051 -0.44585028 -7.9841406e-08 -0.89652675 -0.44298968 -0.078023843 -0.89170051 -0.44585019 -0.15123439 -0.88413942 -0.44206965 -0.21705668 -0.86822635 -0.44617188 -0.29784384 -0.85630089 -0.42194536 -0.24237536 -0.87255102 -0.42415676 -0.26029289 -0.84285289 -0.47100601 -0.34510607 -0.81802917 -0.46014136 -0.44471997 -0.78479999 -0.43164 -0.51516855 -0.75293875 -0.40949297 -0.60605055 -0.71145082 -0.35572541 -0.70035428 -0.64847624 -0.29829913 -0.78694689 -0.57459617 -0.22484195 -0.86604518 -0.47983578 -0.14043978 -0.90461367 -0.42570049 0.021285016 -0.93738884 -0.32699612 0.1198986 -0.94757575 -0.22036652 0.23138475 -0.932603 -0.12068973 0.3401258 -0.90461367 -0.021285016 0.42570049 -0.85849684 0.067776024 0.50832033 -0.79448903 0.14445248 0.58984798 -0.73917651 0.21298321 0.63894939 -0.75020868 0.25430816 0.61033952 -0.6780749 0.31295776 0.66503519 -0.58264935 0.3107464 0.75097042 -0.63372415 0.2408153 0.73512018 -0.57574135 0.28147367 0.76765525 -0.51026881 0.30616134 0.80367345 -0.53121459 0.33686787 0.77738732 -0.47778738 0.3615689 0.8006168 -0.42304215 0.38458377 0.82044536 -0.36562693 0.39084256 0.84472418 -0.32346219 0.39810726 0.85841876 -0.2818535 0.40439844 0.87006932 -0.22588664 0.39232931 0.89165747 -0.20230937 0.42841962 0.88064033 -0.16251637 0.41789895 0.89383942 -0.11273012 0.41710165 0.90184152 -0.06558647 0.41538113 0.90727997 -0.010745231 0.47279033 0.88110942 0.010991661 0.54958338 0.83536655 0.079777725 0.51285589 0.85475981 0.12926884 0.51707482 0.84612244 0.1814355 0.52011478 0.83460283 0.23510611 0.50733405 0.82905811 0.27697623 0.50359303 0.81833869 0.33319649 0.4869794 0.80736065 0.39159685 0.48296943 0.78319371 0.43349811 0.45977074 0.77504212 0.48977631 0.43682754 0.75452036 0.54463708 0.41179883 0.73061085 0.60880435 0.37057665 0.70144868 0.65489686 0.32744852 0.68109292 0.65476149 0.26960778 0.70611554 0.71944684 0.22719386 0.65633768 0.77168572 0.17148563 0.61244905 0.6947549 0.18609497 0.6947549 0.7752943 0.11927599 0.6202355 0.8108595 0.057102758 0.58244848 0.80110949 0.10602915 0.58905119 0.84841084 0.022036633 0.52887934 0.89465904 -0.066271 0.44180685 0.92368352 -0.15770207 0.34919742 0.93223959 -0.25011304 0.26148188 0.92027628 -0.35220447 0.17042144 0.89170051 -0.44585028 0.078023754 0.84361088 -0.53684324 -0.01095598 0.78649551 -0.61041445 -0.093909964 0.71022767 -0.68573719 -0.15918899 0.62969095 -0.74303538 -0.22668874 0.54711634 -0.78886533 -0.27991992 0.46611917 -0.83145583 -0.30234763 0.37368858 -0.85948366 -0.34877601 0.23821341 -0.89330035 -0.38114148 0.17361066 -0.90277535 -0.39351746 0.088082492 -0.91385537 -0.39637101 0 -0.91967863 -0.39267173 -0.087574378 -0.91953051 -0.3831377 -0.18674216 -0.8986966 -0.39682707 -0.26444674 -0.88950276 -0.37262952 -0.37127692 -0.86631268 -0.33414924 -0.28907266 -0.89130753 -0.34929621 -0.35085079 -0.8520661 -0.38844192 -0.45053586 -0.81096458 -0.37330118 -0.53121459 -0.77738732 -0.33686787 -0.61777538 -0.73360842 -0.28314716 -0.6987825 -0.67337233 -0.24139759 -0.77811915 -0.60790557 -0.15805547 -0.8465578 -0.52623862 -0.080079749 -0.89170051 -0.44585016 0.078023754 -0.92027628 -0.3522045 0.17042154 -0.93223953 -0.25011313 0.26148188 -0.92368358 -0.15770198 0.34919742 -0.89465904 -0.066271 0.44180685 -0.84841073 0.022036634 0.52887952 -0.79648006 0.093703493 0.59736013 -0.73096186 0.18583789 0.65662694 -0.67337215 0.24139769 0.69878262 -0.70705229 0.18606652 0.68224365 -0.71944684 0.22719386 0.65633768 -0.66793031 0.26974121 0.69362015 -0.61080176 0.31189886 0.72776395 -0.67099446 0.34207571 0.65783793 -0.61137998 0.38543528 0.69112533 -0.55920517 0.41274673 0.71897823 -0.50469655 0.43828914 0.74376345 -0.44857377 0.46176711 0.76521415 -0.39159685 0.48296943 0.78319371 -0.3345176 0.50177634 0.79769576 -0.29259631 0.52158457 0.80145931 -0.23601127 0.52170891 0.81982833 -0.18210278 0.53416783 0.82553214 -0.12975354 0.5308094 0.83749938 -0.080079749 0.52623874 0.84655774 -0.011172656 0.63684177 0.7709136 0.011217554 0.72914135 0.68427116 0.082035594 0.65628511 0.75004005 0.14572503 0.65576303 0.74076927 0.21298297 0.63894928 0.73917657 0.26907587 0.6278441 0.73034918 0.32660913 0.614025 0.71854007 0.38435048 0.58315235 0.71568716 0.44268391 0.56341583 0.69756258 0.50031984 0.54088634 0.67610806 0.55532312 0.50114524 0.663679 0.62133807 0.45924979 0.63484526 0.66952956 0.41510826 0.61596698 0.72563416 0.36941376 0.58050722 0.76213151 0.31001964 0.56836915 0.80345982 0.25108126 0.53982449 0.8433736 0.18072279 0.506024 0.87425655 0.11503369 0.47163829 0.82013124 0.10544538 0.56237549 0.86089367 0.033111274 0.5077064 0.8935771 -0.0435891 0.44678846 0.85935593 -0.010877917 0.51126224 0.89864945 -0.10109811 0.42685848 0.91663831 -0.18332766 0.35519737 0.92345262 -0.27703583 0.26549271 0.91093904 -0.36898792 0.18449387 0.87800974 -0.46751168 0.10262446 0.84025365 -0.54174244 0.022111928 0.77669913 -0.62821263 -0.045688163 0.71484309 -0.69101506 -0.10722651 0.63905984 -0.74966645 -0.1720546 0.56634963 -0.80027658 -0.19699116 0.49292648 -0.83797491 -0.23414004 0.39845899 -0.88143933 -0.25356472 0.34674007 -0.89674175 -0.27500084 0.23368245 -0.91136169 -0.33883962 0.22023155 -0.91569966 -0.33614293 0.19384629 -0.92362058 -0.330679 0.096351743 -0.94210643 -0.32117265 0 -0.94354498 -0.3312445 -0.096351743 -0.94210643 -0.32117265 -0.20695123 -0.91978329 -0.33342147 -0.17968456 -0.93211371 -0.31444803 -0.36102667 -0.89053273 -0.27678725 -0.20833276 -0.91434938 -0.34722131 -0.40145513 -0.87590206 -0.26763681 -0.40145513 -0.87590206 -0.26763681 -0.45438755 -0.83304387 -0.31554696 -0.54352063 -0.79632086 -0.26544026 -0.62969095 -0.74303538 -0.22668874 -0.71022767 -0.68573719 -0.15918899 -0.78102416 -0.61535227 -0.10650323 -0.84361088 -0.53684324 -0.01095598 -0.87800974 -0.46751156 0.10262445 -0.91093898 -0.36898795 0.18449397 -0.92345262 -0.27703583 0.26549271 -0.91832775 -0.19514474 0.34437296 -0.89864951 -0.10109801 0.42685843 -0.85935581 -0.010877917 0.51126236 -0.82003701 0.056946993 0.56947029 -0.75202632 0.14555341 0.64286131 -0.77168572 0.17148563 0.61244905 -0.8131991 0.25021517 0.52545166 -0.75097042 0.3107464 0.58264935 -0.72753614 0.38360998 0.56880087 -0.68390185 0.42911485 0.59003282 -0.62270278 0.47379562 0.62270296 -0.57064998 0.51630241 0.63858467 -0.51497316 0.542077 0.6640445 -0.45824763 0.57954842 0.67389369 -0.39985785 0.59978664 0.69308698 -0.34172076 0.63086951 0.696585 -0.26938564 0.64139479 0.71836209 -0.21321736 0.65219468 0.72744787 -0.14585415 0.66849858 0.72927111 -0.082171135 0.68084687 0.7278018 0 0.81299043 0.58227706 0.09347295 0.8062045 0.58420628 0.17071912 0.792624 0.58532226 0.23897962 0.77982801 0.57858199 0.3107464 0.75097042 0.58264935 0.36941376 0.72563416 0.58050722 0.44268391 0.69756258 0.56341583 0.50114524 0.663679 0.55532312 0.57149482 0.62592268 0.53067362 0.62592286 0.57149464 0.53067362 0.68824726 0.52630663 0.49931654 0.73372483 0.46691576 0.49359664 0.78399569 0.40506443 0.47039735 0.82690245 0.34348258 0.44525513 0.86863559 0.26915476 0.41596636 0.90078515 0.19887452 0.38605073 0.92756826 0.1214672 0.35335931 0.9231841 0.042445224 0.38200715 0.93805999 -0.041691534 0.34395531 0.94799191 -0.12927164 0.29086119 0.91673058 -0.12297608 0.38010779 0.92494446 -0.20554321 0.31973392 0.92271519 -0.2998825 0.24221282 0.90888697 -0.37966159 0.17257337 0.87800974 -0.46751168 0.10262446 0.8329342 -0.55153745 0.045023445 0.78082019 -0.6246562 -0.01115457 0.72264212 -0.6876756 -0.069933079 0.65388209 -0.74899226 -0.10699894 0.58084828 -0.79866636 -0.15731309 0.50602412 -0.84337348 -0.18072289 0.43907833 -0.87815648 -0.18987168 0.37206784 -0.90691537 -0.19766104 0.32494497 -0.91680902 -0.23210353 0.27703577 -0.92345268 -0.26549271 0.18703908 -0.94619823 -0.26405534 0.09305086 -0.96152604 -0.25847477 0 -0.96542907 -0.26066589 -0.09305086 -0.96152604 -0.25847477 -0.18703918 -0.94619817 -0.26405537 -0.26148182 -0.93223959 -0.25011313 -0.36102667 -0.89053273 -0.27678725 0.10944162 -0.93025428 -0.35021335 -0.32494497 -0.91680902 -0.23210353 -0.33614293 -0.91569966 -0.22023155 -0.36898795 -0.91093898 -0.18449397 -0.45324895 -0.8707152 -0.19084167 -0.50602412 -0.84337348 -0.18072289 -0.50733411 -0.82905811 -0.23510602 -0.57596135 -0.79654229 -0.18381746 -0.63905984 -0.74966645 -0.1720546 -0.71484309 -0.69101501 -0.10722641 -0.77669913 -0.62821263 -0.045688163 -0.84025359 -0.54174256 0.022111928 -0.87800974 -0.46751156 0.10262445 -0.90660983 -0.39018649 0.16066504 -0.92271525 -0.2998825 0.24221273 -0.93079704 -0.21567258 0.29513082 -0.91673058 -0.12297599 0.38010776 -0.8999967 -0.043373313 0.43373328 -0.86089361 0.033111278 0.50770658 -0.82013106 0.10544538 0.56237566 -0.85184324 0.17996699 0.49190944 -0.90863681 0.20968552 0.36112493 -0.8772012 0.28021711 0.38986722 -0.83624732 0.35477164 0.41812366 -0.79408514 0.41656923 0.44260481 -0.7445519 0.47864044 0.46534488 -0.68787152 0.53950697 0.48555627 -0.63799614 0.58369839 0.50225216 -0.57064998 0.63858467 0.51630241 -0.51403004 0.67635542 0.52755713 -0.44181019 0.70957404 0.54891562 -0.38274035 0.73908478 0.55431348 -0.31001964 0.76213151 0.56836915 -0.23833947 0.79028326 0.56448793 -0.17026383 0.80267268 0.57160032 -0.09347295 0.8062045 0.58420628 0 0.91967863 0.39267173 0.088082388 0.91385531 0.39637092 0.17361075 0.90277535 0.39351749 0.25356486 0.88143945 0.39845896 0.33616328 0.85908389 0.38596523 0.40808228 0.82891715 0.38257715 0.48043838 0.79207414 0.37655985 0.5516296 0.7486403 0.36775312 0.61997932 0.69912577 0.35615841 0.67368186 0.64726317 0.35665521 0.7329818 0.58900315 0.34031302 0.78770363 0.51652688 0.33574256 0.83304387 0.45438755 0.31554696 0.87216741 0.38080552 0.30710125 0.90865344 0.3068181 0.28321671 0.94003028 0.22381681 0.25738931 0.96034527 0.13719212 0.24272467 0.97010684 0.049495224 0.23757721 0.9771173 -0.028738732 0.21075083 0.97533005 -0.11060447 0.19104411 0.96775305 -0.19771296 0.15608911 0.94734579 -0.20929731 0.24234433 0.93340945 -0.30363923 0.19118015 0.91357911 -0.3834776 0.13534497 0.88153881 -0.46337298 0.090414189 0.84142286 -0.53851062 0.044875864 0.79050076 -0.61235982 0.01113381 0.72911102 -0.6835416 -0.034177061 0.67565298 -0.73389894 -0.069895104 0.60225487 -0.79119754 -0.10628031 0.53998202 -0.8334505 -0.11738743 0.46197259 -0.87774801 -0.1270425 0.39708683 -0.90762711 -0.13614409 0.3357251 -0.92883939 -0.15667172 0.27711141 -0.94217896 -0.18843578 0.18893017 -0.96564311 -0.17843404 0.098893672 -0.97904706 -0.17800854 0 -0.98297596 -0.18373381 -0.098893672 -0.97904706 -0.17800854 -0.18893017 -0.96564311 -0.17843404 -0.28787777 -0.94113874 -0.17715552 -0.32514563 -0.9305892 -0.16817878 -0.34617969 -0.9268682 -0.14517215 -0.41076514 -0.90140134 -0.13692175 -0.46596757 -0.87368929 -0.1397903 -0.53998202 -0.8334505 -0.11738743 -0.58905125 -0.80110955 -0.10602916 -0.58084828 -0.79866636 -0.15731309 -0.65388215 -0.74899226 -0.10699884 -0.72264212 -0.6876756 -0.069933079 -0.78082019 -0.6246562 -0.01115457 -0.83293408 -0.55153757 0.045023445 -0.88153887 -0.46337292 0.090414189 -0.91357899 -0.3834776 0.13534506 -0.93675119 -0.30109861 0.1784288 -0.94757575 -0.22036652 0.23138475 -0.95193976 -0.12835136 0.2780948 -0.94256252 -0.041431297 0.33145055 -0.9216302 0.02094613 0.38750356 -0.89864951 0.10109801 0.42685843 -0.93940002 0.131079 0.31677443 -0.94003028 0.22381681 0.25738931 -0.91360945 0.30453655 0.26939774 -0.8782447 0.37813315 0.2927483 -0.84006345 0.45137736 0.30091828 -0.79376358 0.52490813 0.30726337 -0.74213976 0.58589971 0.32549992 -0.68109274 0.65489703 0.32744852 -0.61708695 0.70899367 0.34136733 -0.54879689 0.75786251 0.35279807 -0.47778738 0.8006168 0.3615689 -0.40571389 0.8367849 0.36767823 -0.33414924 0.8663128 0.37127692 -0.2505154 0.89469755 0.36980835 -0.17257336 0.90888685 0.37966156 -0.087574288 0.91953051 0.38313767 -0.0096104946 0.97066039 0.24026251 1.360178e-07 0.98826766 0.15273221 0.068479486 0.97827882 0.19565582 0.16654915 0.96806741 0.18736796 0.25323689 0.9468863 0.19818556 0.34150517 0.92206335 0.18213591 0.42494351 0.88529855 0.18886362 0.49190959 0.85184318 0.17996679 0.57596147 0.79654229 0.18381737 0.6390599 0.74966639 0.17205448 0.70263362 0.69030672 0.17257659 0.76080775 0.62582582 0.17179522 0.81409407 0.56268245 0.14366357 0.85683936 0.48792231 0.16660756 0.89773864 0.41434082 0.14962302 0.93189633 0.33282012 0.14422198 0.95917094 0.25296819 0.12648402 0.97819209 0.16968627 0.11977855 0.99103814 0.07409627 0.1111444 0.99541914 -0.0086558145 0.095213957 0.99233025 -0.091882452 0.082694143 0.98049015 -0.18444861 0.067954727 0.95620108 -0.27320033 0.10507699 0.92730796 -0.36661008 0.075478517 0.89742172 -0.43776673 0.054720812 0.85308415 -0.52071369 0.033237029 0.80916548 -0.58747625 0.011084452 0.75586885 -0.65433425 -0.022563238 0.69520468 -0.71799827 -0.034190375 0.63344055 -0.77164572 -0.057585474 0.56947029 -0.82003701 -0.056946993 0.4950074 -0.86626291 -0.067500971 0.42857146 -0.90109885 -0.065934032 0.3569079 -0.93012387 -0.08652319 0.28573424 -0.95244765 -0.10582754 0.19915538 -0.97586143 -0.089619957 0.10190861 -0.99129331 -0.083379842 0 -0.99553394 -0.094404101 -0.10190868 -0.99129331 -0.083379768 -0.20886482 -0.9747023 -0.079567499 -0.29839617 -0.94847375 -0.10657011 -0.36324707 -0.92948496 -0.064102381 -0.41920552 -0.90460122 -0.077222019 -0.49055722 -0.86962414 -0.05574511 -0.55642313 -0.82895696 -0.056777846 -0.60301298 -0.79643214 -0.045510385 -0.66508693 -0.74535602 -0.045868039 -0.72911102 -0.6835416 -0.034177061 -0.78516573 -0.61928576 0 -0.83669716 -0.54664224 0.033467874 -0.86089361 -0.50770658 0.033111278 -0.8935771 -0.44678846 0.0435891 -0.92730796 -0.36661008 0.075478517 -0.95053333 -0.2957215 0.095053285 -0.97115898 -0.2044546 0.12267274 -0.98019803 -0.11881182 0.15841582 -0.98301488 -0.037808247 0.17958924 -0.97288191 0.049135428 0.22602311 -0.96989715 0.14445271 0.1960431 -0.98166668 0.15706675 0.10798329 -0.96120578 0.25074938 0.11492673 -0.93667114 0.31957015 0.1432555 -0.90140134 0.41076511 0.13692164 -0.86157066 0.48389575 0.1534303 -0.81809032 0.55341417 0.15639955 -0.7674371 0.62125868 0.15835996 -0.71474338 0.67777389 0.17252417 -0.64286131 0.75202632 0.14555341 -0.57596135 0.79654235 0.18381757 -0.50602406 0.84337348 0.18072298 -0.43547499 0.88271958 0.17654403 -0.35220429 0.92027628 0.17042162 -0.26405516 0.94619823 0.18703924 -0.18893008 0.96564311 0.17843413 -0.087535515 0.98234349 0.16534501 0 0.995534 0.094404034 0.0079362541 0.99996853 0 0.0079994835 0.99993598 0.0079994835 0.096853301 0.99494809 0.026414536 0.008192041 0.99942946 0.032768164 0.22397763 0.97381562 0.038952608 0.31904557 0.94684488 0.041167151 0.4039582 0.91422135 0.031891424 0.49468485 0.86844647 0.032978967 0.55954188 0.82812178 0.033572491 0.62821263 0.77669913 0.045688163 0.69520468 0.71799827 0.034190375 0.74535602 0.66508693 0.045868039 0.78181577 0.62085378 0.057486426 0.82318825 0.56733251 0.022248322 0.87574339 0.48165873 0.032840356 0.92683196 0.37489828 0.020827673 0.95599371 0.29182968 0.030189261 0.9800424 0.19789323 0.018846961 0.99395669 0.1064953 0.026623825 0.99983752 0.0080632018 0.016126404 0.99425465 -0.10558458 0.017597418 0.97337276 -0.22902893 0.0095428666 0.94539344 -0.32529667 0.020331031 0.91801244 -0.3964144 0.010431954 0.8766669 -0.4810977 0 0.8303656 -0.55721897 0 0.79050076 -0.61235982 -0.01113381 0.73989362 -0.67263055 -0.011210504 0.68427116 -0.72914135 -0.011217554 0.61235982 -0.79050076 -0.01113381 0.54174244 -0.84025365 -0.022111928 0.46430224 -0.88541353 -0.021595441 0.38750356 -0.9216302 -0.02094613 0.27987409 -0.95956826 -0.029986493 0.19047625 -0.98095244 -0.038095225 0.086616643 -0.99609107 -0.017323315 -0.008192041 -0.99942946 -0.032768164 -0.096853368 -0.99494803 -0.026414536 -0.17799033 -0.9836309 -0.028103724 -0.24249001 -0.96995986 -0.019399188 -0.30389977 -0.95221919 -0.030389961 -0.37489828 -0.92683196 -0.020827673 -0.4257006 -0.90461367 -0.021285018 -0.49014491 -0.87136871 -0.021784207 -0.54664218 -0.83669722 -0.033467874 -0.59996307 -0.7999506 -0.01111042 -0.64760184 -0.76121616 -0.03408429 -0.71255845 -0.70124799 -0.022620892 -0.73989362 -0.67263055 -0.011210504 -0.79050076 -0.61235982 -0.01113381 -0.8303656 -0.55721897 0 -0.87410641 -0.48561454 0.010791431 -0.90266645 -0.43034092 0 -0.92842728 -0.37137088 0.010315853 -0.94949502 -0.31313133 0.020202011 -0.97066039 -0.24026251 0.0096104946 -0.98550296 -0.16734962 0.027891582 -0.9919343 -0.11830403 0.045501549 -0.99853098 -0.042310614 0.033848491 -0.99810606 0.034123264 0.0511849 -0.99292153 0.10020304 0.063765571 -0.98414284 0.17640303 0.018568724 -0.96995986 0.24249001 0.019399188 -0.95340747 0.29729912 0.051258441 -0.93501759 0.35322884 0.031167237 -0.90239149 0.42971018 0.03222825 -0.87696618 0.47733593 0.055504158 -0.84025359 0.54174256 0.022111928 -0.79643214 0.60301298 0.045510385 -0.75602812 0.65293342 0.045819864 -0.70124799 0.71255845 0.022620892 -0.6597302 0.75072747 0.034123961 -0.60815185 0.79174477 0.057372786 -0.55954188 0.82812178 0.033572491 -0.48610619 0.87278175 0.044191457 -0.42464107 0.90372348 0.054441143 -0.36579588 0.93016672 0.031353917 -0.30674592 0.9509123 0.040899433 -0.23757721 0.97010684 0.049495224 -0.16734962 0.98550296 0.027891582 -0.068779171 0.99729848 0.025792189 0 0 -1 0.0079994835 0.99993598 0.0079994835 0 0 -1 0.15273234 0.9882676 0 0 0 -1 0.3102017 0.95061815 -0.010006502 0 0 -1 0.47279033 0.88110942 -0.010745231 0 0 -1 0.61235982 0.79050076 -0.01113381 0 0 -1 0.76617587 0.6422357 -0.022534573 0 0 -1 0.88110942 0.47279033 -0.010745231 0 0 -1 0.95443273 0.29826024 -0.0099420035 0 0 -1 0.99340892 0.11428592 -0.008791225 0 0 -1 1 0 0 0 0 -1 0.992239 -0.12402988 -0.0088592721 0 0 -1 0.95805097 -0.28642762 -0.00987681 0 0 -1 0.89206058 -0.45140418 -0.021495426 0 0 -1 0.7709136 -0.63684177 -0.011172656 0 0 -1 0.6246562 -0.78082019 -0.01115457 0.55456364 -0.83184552 -0.022182537 0 0 -1 0.43442827 -0.90064412 -0.010595808 0 0 -1 0.3102017 -0.95061815 -0.010006502 0 0 -1 0.16439211 -0.98635274 -0.0091328919 0 0 -1 0.0079994835 -0.99993598 0.0079994835 0 0 -1 -0.096030533 -0.99522525 -0.017460084 0 0 -1 -0.24026251 -0.97066039 -0.0096104946 0 0 -1 -0.40903345 -0.91245908 -0.010488031 0 0 -1 -0.58747625 -0.80916548 -0.011084452 0 0 -1 -0.73989362 -0.67263055 -0.011210504 0 0 -1 -0.85935581 -0.51126236 -0.010877917 0 0 -1 -0.94539344 -0.32529667 -0.020331031 0 0 -1 -0.99198121 -0.12511475 -0.017873526 0 0 -1 -0.99685639 0.077342264 -0.017187171 0 0 -1 -0.96058434 0.27728209 -0.019805854 0 0 -1 -0.88541353 0.46430212 -0.021595439 0 0 -1 -0.7709136 0.63684177 -0.011172656 0 0 -1 -0.6246562 0.78082019 -0.01115457 0 0 -1 -0.45140418 0.89206058 -0.021495426 0 0 -1 -0.26556239 0.963893 -0.019671276 -0.10468082 0.99446768 -0.0087233968 0 0 -1 0 0 -1 0 0 -1 0 0 -1 0 0 -1 0 0 -1 0 0 -1 0 0 -1 0 0 -1 0 0 -1 0 0 -1 0 0 -1 0 0 -1 0 0 -1 0 0 -1 0 0 -1 0 0 -1 0 0 -1 0 0 -1 0 0 -1 0 0 -1 0 0 -1 0 0 -1 0 0 -1 0 0 -1 0 0 -1 0 0 -1 0 0 -1 0 0 -1 0 0 -1 0 0 -1 0 0 -1 0 0 -1 -0.82262558 0.24928044 -0.51102489 -0.6275599 0.6676169 -0.40057015 -0.30109856 0.93675125 -0.1784289 -0.60409492 0.67121655 -0.42957857 -0.73512012 0.24081521 -0.63372439 -0.55249244 0.68724662 -0.47163984 -0.27062118 0.93589842 -0.22551775 -0.5408864 0.67610794 -0.50031984 -0.60643005 0.2400452 -0.75803757 -0.4844999 0.6998331 -0.52487481 -0.23688395 0.93625569 -0.25944442 -0.47241262 0.67487502 -0.56689495 -0.49655929 0.2482796 -0.83173674 -0.41510817 0.66952944 -0.61596721 -0.1898168 0.93791837 -0.29030809 -0.38598099 0.66548461 -0.63886535 -0.42415681 0.24237525 -0.87255096 -0.29844955 0.68773198 -0.66177982 -0.15455703 0.93838191 -0.30911407 -0.28408977 0.67148501 -0.68439829 -0.27278006 0.23868257 -0.93199879 -0.21348621 0.70324904 -0.67813301 -0.10874066 0.9351694 -0.33709595 -0.18598048 0.66953009 -0.71912491 -0.10355603 0.24853462 -0.96307153 -0.11999515 0.6959722 -0.70797175 -0.052602421 0.93632358 -0.34717613 -0.08211457 0.66864759 -0.73903149 0.029368032 0.24473375 -0.96914548 -0.011210504 0.67263055 -0.73989362 0.033035278 0.99931765 0.016517639 0.041624751 0.99899459 0.016649902 0.032503128 0.99947166 0 0.15976851 0.97858208 -0.12981193 0.033035278 0.99931765 -0.016517639 0.17956062 0.97760785 -0.10973152 0.033035278 0.99931765 -0.016517639 0.19565582 0.97827882 -0.068479486 0.033035278 0.99931765 -0.016517639 0.20332851 0.97791296 -0.048411511 0.032768164 0.99942946 -0.008192041 0.20694949 0.97830641 -0.0094067883 0.032768164 0.99942946 -0.008192041 0.20884305 0.97776496 0.018985718 0.20332851 0.97791296 0.048411511 0.19740158 0.97713757 0.078960575 0.17956069 0.97760785 0.10973144 0.10973144 0.97760785 0.17956069 0.13982542 0.97877735 0.14981279 0.024778148 0.99938577 0.024778148 0.024778148 0.99938577 0.024778148 0.15976858 0.97858208 0.12981185 0.016126404 0.99983752 0.0080632018 0.024778148 0.99938577 -0.024778148 0.13982533 0.97877729 -0.14981285 0.51403004 0.67635542 -0.52755713 0.23688382 0.93625563 -0.25944436 0.59195197 0.67267287 -0.44396403 0.27062118 0.93589842 -0.22551765 0.64726299 0.67368209 -0.35665521 0.30109856 0.93675125 -0.1784288 0.6987825 0.67337233 -0.24139759 0.31957006 0.93667114 -0.14325559 0.72927099 0.66849858 -0.14585423 0.34392694 0.93505162 -0.085981794 0.74002326 0.67171347 -0.034154903 0.35322884 0.93501759 -0.031167237 0.73903149 0.66864759 0.08211457 0.34992093 0.93655312 0.020583576 0.71912491 0.66953009 0.18598048 0.34079215 0.93717843 0.074548244 0.68439806 0.67148513 0.28408989 0.32699609 0.93738884 0.11989851 0.63886517 0.66548473 0.38598111 0.31178543 0.93535632 0.16702782 0.56689495 0.67487514 0.4724125 0.28171793 0.93530405 0.2141058 0.48644206 0.67561412 0.55400342 0.2481956 0.93637484 0.24819577 0.40057015 0.66761696 0.62755978 0.20265685 0.93447375 0.29272673 0.29849982 0.67486954 0.67486954 0.15562272 0.93373686 0.32236153 0.19967258 0.6738953 0.71133393 0.10874058 0.93516946 0.33709595 0.088925995 0.97818637 0.1877328 0.016517639 0.99931765 0.033035278 0.0081273913 0.99966967 -0.024382176 0.11977863 0.97819203 -0.16968638 0.18981671 0.93791837 -0.29030809 0.42957848 0.67121661 -0.60409492 0.45307627 0.24490619 -0.85717136 0.29844967 0.68773198 -0.66177976 0.1432555 0.93667114 -0.31957015 0.34207559 0.67099464 -0.65783775 0.52545166 0.25021517 -0.8131991 0.41473648 0.68230867 -0.60203701 0.64712679 0.24108657 -0.72325951 0.4695977 0.71110517 -0.52326602 0.77982789 0.23897962 -0.57858205 0.53620064 0.71046603 -0.45577058 0.84900969 0.24608985 -0.46757054 0.63886517 0.66548473 -0.38598111 0.89469755 0.2505154 -0.36980835 0.65476155 0.70611548 -0.26960766 0.94734579 0.24234433 -0.20929731 0.68573707 0.71022779 -0.15918899 0.96914542 0.24473372 -0.029368028 0.7278018 0.68084687 -0.082171135 0.96821123 0.24699269 0.039518807 0.7286768 0.68241161 0.057831462 0.94734567 0.24234433 0.2092974 0.69342244 0.70558774 0.14598359 0.88668871 0.23964567 0.39541525 0.66034734 0.71114343 0.24128087 0.8317368 0.24827972 0.49655923 0.64726299 0.67368209 0.35665521 0.7690773 0.23954874 0.59256762 0.54891562 0.70957404 0.44181019 0.64712679 0.24108657 0.72325951 0.48327589 0.71148962 0.5101245 0.51102489 0.24928053 0.82262552 0.42911485 0.68390185 0.59003282 0.45307627 0.24490619 0.85717136 0.31295756 0.67807508 0.66503519 0.28626168 0.24045984 0.92748767 0.21348621 0.70324904 0.67813301 0.10355603 0.24853462 0.96307153 0.13289709 0.71281207 0.68864894 -0.17956069 0.97760785 0.10973144 -0.15976858 0.97858208 0.12981185 -0.024778148 0.99938577 0.024778148 -0.033575516 0.9988721 0.033575516 -0.13982525 0.97877729 0.14981292 -0.41510805 0.66952956 0.61596721 -0.17842871 0.93675125 0.30109861 -0.10973144 0.97760785 0.17956069 -0.50031984 0.676108 0.54088628 -0.22551757 0.93589842 0.27062124 -0.56689495 0.67487514 0.4724125 -0.25944418 0.93625563 0.236884 -0.62755978 0.66761696 0.40057015 -0.29272658 0.93447375 0.20265703 -0.67486942 0.6748696 0.29850003 -0.30911404 0.93838191 0.15455693 -0.20332851 0.97791296 0.048411511 -0.71133381 0.67389536 0.19967277 -0.33709595 0.93516946 0.10874058 -0.1877328 0.97818637 0.088925995 -0.033035278 0.99931765 0.016517639 -0.016255857 0.99973571 0.016255857 -0.016517639 0.99931765 0.033035278 -0.088925995 0.97818637 0.1877328 -0.13196371 0.9347434 0.32990944 -0.32750449 0.66810954 0.66810954 -0.4386006 0.24366708 0.86501789 -0.26978549 0.68088758 0.68088758 -0.49655923 0.24827972 0.8317368 -0.41540608 0.64320982 0.64320982 -0.53067362 0.57149464 0.62592286 -0.74671572 0.24046791 0.62015396 -0.51160181 0.70008677 0.49813861 -0.82262552 0.24928053 0.51102489 -0.6040948 0.67121661 0.42957857 -0.86501789 0.24366708 0.4386006 -0.66503501 0.67807508 0.31295776 -0.92271519 0.24221282 0.2998825 -0.67813283 0.70324904 0.2134864 -0.93516946 0.33709595 0.10874058 -0.70083278 0.70083278 0.1329165 -0.72145158 0.68597037 0.094616555 -0.35041007 0.93442696 0.063710898 -0.35041007 0.93442696 0.063710898 -0.43373328 0.8999967 0.043373313 -0.13627927 0.99029541 0.027255826 -0.033035278 0.99931765 0.016517639 -0.024382176 0.99966967 0.0081273913 -0.0082571302 0.9991132 0.041285649 -0.058618214 0.97697067 0.2051639 -0.085981704 0.9350515 0.34392697 -0.22733858 0.66938621 0.70727599 -0.18606633 0.70705241 0.68224359 -0.27277997 0.23868266 0.93199879 -0.18606633 0.70705241 0.68224359 -0.15911733 0.6731891 0.72214824 -0.041691534 0.93805999 0.34395531 -0.10710486 0.66643059 0.73783386 -0.11492673 0.25074938 0.96120578 -0.094643034 0.69799274 0.70982313 0.010195058 0.93794578 0.34663212 -0.011210504 0.67263055 0.73989362 -0.019399188 0.24249001 0.96995986 0.022603547 0.67810678 0.73461562 0.094563656 0.67376643 0.73286867 0.063312389 0.93913418 0.33766621 0.058175679 0.97929108 0.19391908 0.0081273913 0.99966967 0.024382176 0.016517639 0.99931765 -0.033035278 0.088926069 0.97818637 -0.18773273 0.06847956 0.97827882 -0.19565575 0.096987434 0.93754566 -0.33406797 0.2413975 0.67337233 -0.69878262 0.28626159 0.24045983 -0.92748767 0.19967267 0.71133393 -0.67389524 0.041691534 0.93805999 -0.34395531 0.13283893 0.67627132 -0.72457641 0.12553915 0.24061689 -0.96246737 0.10722642 0.71484315 -0.69101506 0.022586247 0.66629463 -0.74534649 -0.010195058 0.93794578 -0.34663212 -0.028527463 0.97944331 -0.19969238 -0.058175679 0.97929108 -0.19391908 -0.078960575 0.97713757 -0.19740158 -0.10973144 0.97760785 -0.17956069 -0.12981185 0.97858208 -0.15976858 -0.14981292 0.97877729 -0.13982525 -0.16968645 0.97819203 -0.11977856 -0.1877328 0.97818637 -0.088925995 -0.31957027 0.93667114 -0.14325552 -0.66810948 0.66810948 -0.32750469 -0.85717148 0.2449061 -0.45307627 -0.67486948 0.67486948 -0.29850003 -0.94210643 0.096351743 -0.32117265 -0.68658864 0.69907224 -0.19973502 -0.92271525 0.24221273 -0.2998825 -0.67720902 0.68998677 -0.25555068 -0.91673058 0.12297608 -0.38010779 -0.88153887 0.090414189 -0.46337292 -0.84988666 0.14164779 -0.5075711 -0.60905427 0.63612336 -0.47370887 -0.80110949 0.10602915 -0.58905119 -0.7440657 0.094484486 -0.66139179 -0.42965981 0.79421967 -0.42965981 -0.68597037 0.094616555 -0.72145158 -0.62833089 0.10669764 -0.77059442 -0.52188176 0.10437628 -0.84660792 -0.43828979 0.1384073 -0.88811338 -0.24081509 0.73512012 -0.63372433 -0.3601667 0.09822724 -0.92770219 -0.28317699 0.094392277 -0.95441133 -0.13197565 0.77985644 -0.61188745 -0.20886482 0.079567499 -0.9747023 -0.16104837 0.246941 -0.95555413 -0.11304169 0.094201423 -0.98911464 0.017597485 0.10558452 -0.99425465 0.11591643 0.12557597 -0.98528886 0.13101742 0.80992562 -0.5717122 0.21259901 0.10123755 -0.97188091 0.3083885 0.095706731 -0.94643372 0.25530064 0.7148419 -0.65101665 0.3866283 0.099418648 -0.91686124 0.46337298 0.090414189 -0.88153881 0.53080958 0.12975337 -0.83749938 0.4418101 0.70957404 -0.54891574 0.61041451 0.093909867 -0.78649545 0.67376643 0.094563656 -0.73286867 0.42535526 0.81204188 -0.39957616 0.73783386 0.10710486 -0.66643059 0.78649557 0.093909867 -0.61041439 0.85878313 0.11605172 -0.49902266 0.9109177 0.12370481 -0.39360636 0.55779094 0.81243461 -0.16976248 0.95053333 0.095053285 -0.2957215 0.97444379 0.10045807 -0.20091622 0.69101501 0.71484315 -0.10722651 0.98779196 0.094979949 -0.123474 0.99356955 0.10741287 -0.035804287 0.9911958 0.12730949 0.036374137 0.69101501 0.71484309 0.10722641 0.9866063 0.10536566 0.12452305 0.97188091 0.10123755 0.21259901 0.55779105 0.81243461 0.16976237 0.94643372 0.095706731 0.3083885 0.91686124 0.099418633 0.38662821 0.8628673 0.10354401 0.49471048 0.79448903 0.14445248 0.58984798 0.42535526 0.81204188 0.39957616 0.73903149 0.08211457 0.66864759 0.66139179 0.094484486 0.7440657 0.44181019 0.70957404 0.54891562 0.59242284 0.081312895 0.8015132 0.52188176 0.10437628 0.84660792 0.46596771 0.13979021 0.87368917 0.25530052 0.71484184 0.65101671 0.37335595 0.098829471 0.92240888 0.2957215 0.095053285 0.95053333 0.13101751 0.80992568 0.5717122 0.21259901 0.10123755 0.97188091 0.12347408 0.094979957 0.98779196 0 0.12295368 0.99241239 -0.11591643 0.12557597 0.98528886 -0.13197565 0.77985644 0.61188745 -0.21072832 0.090312071 0.97336388 -0.2957215 0.095053285 0.95053333 -0.24081509 0.73512012 0.63372433 -0.36998069 0.087054238 0.92495179 -0.45393053 0.10213429 0.8851642 -0.49370795 0.14105931 0.8581112 -0.56210524 0.18329531 0.80649889 -0.63617533 0.094248138 0.7657665 -0.42965981 0.79421967 0.42965981 -0.69799274 0.094643034 0.70982313 -0.75991493 0.10686298 0.64117825 -0.81939882 0.13062875 0.55814135 -0.88494056 0.12642001 0.44821656 -0.67720902 0.68998677 0.25555068 -0.91686124 0.099418633 0.38662821 -0.95053333 0.095053285 0.2957215 -0.5985986 0.79015005 0.1316916 -0.96845484 0.12363247 0.21635698 -0.9874357 0.085451119 0.13292396 -0.0079994835 0.0079994835 -0.99993598 -0.99548852 0.035238512 0.088096283 -0.0080632018 0.016126404 -0.99983752 -0.97336388 0.21072832 0.090312071 -0.0079994835 0.0079994835 -0.99993598 -0.90460134 0.41920543 0.077222019 -0.76635468 0.63862896 0.069668576 -0.0079362541 0 -0.99996853 -0.76635468 0.63862896 0.069668576 -0.43373328 0.8999967 0.043373313 -0.70592207 0.70592207 0.057862435 -0.0079994835 -0.0079994835 -0.99993598 -0.0079994835 0.0079994835 -0.99993598 -0.15409409 0.98801458 0.0090643503 -0.51698458 0.85414827 0.05619394 -0.0079994835 -0.0079994835 -0.99993598 -0.085159555 0.99636734 0 -0.058719929 0.99823928 0.0083885612 -0.0081273913 0.99966967 0.024382176 -0.028738732 0.9771173 0.21075083 0 0.97640753 0.21593632 0.028738732 0.9771173 0.21075083 0.008192041 0.99942946 0.032768164 0.0081273913 0.99966967 -0.024382176 0.008192041 0.99942946 -0.032768164 0.038381834 0.97873533 -0.20150432 0 0.97640753 -0.21593632 -0.0082571302 0.9991132 -0.041285649 -0.008192041 0.99942946 -0.032768164 -0.016517639 0.99931765 -0.033035278 -0.016517639 0.99931765 -0.033035278 -0.024778148 0.99938577 -0.024778148 -0.024778148 0.99938577 -0.024778148 -0.033035278 0.99931765 -0.016517639 -0.033035278 0.99931765 -0.016517639 -0.033035278 0.99931765 -0.016517639 -0.19565582 0.97827882 -0.068479486 -0.33406809 0.93754566 -0.096987441 -0.70727587 0.66938627 -0.22733879 -0.3471761 0.93632346 -0.052602418 -0.72457641 0.67627132 -0.13283893 -0.36579588 0.93016672 -0.031353917 -0.0079994835 0.0079994835 0.99993598 -0.73974848 0.6703971 -0.057792824 -0.96034527 0.24272467 -0.13719212 -0.70302886 0.70302886 -0.10724164 -0.5985986 0.79015005 -0.1316916 -0.96782702 0.091688834 -0.23431607 0 -1 0 -0.97640753 0 -0.21593632 0 -1 0 -0.95535201 0 -0.2954697 0 -1 0 -0.91967863 0 -0.39267173 0 -1 0 -0.86844665 0.032978967 -0.49468467 0 -1 0 -0.83536655 0.010991661 -0.54958338 0 -1 0 -0.77543586 0 -0.63142639 0 -1 0 -0.71819502 -0.011221793 -0.69575143 0 -1 0 -0.65535331 0 -0.75532246 0 -1 0 -0.56977957 0 -0.82179755 0 -1 0 -0.47721887 0.021691758 -0.87851673 0 -1 0 -0.41773322 0 -0.90856963 0 -1 0 -0.3102017 -0.010006502 -0.95061815 0 -1 0 -0.18877174 -0.02831574 -0.98161274 0 -1 0 -0.041624751 -0.016649902 -0.99899459 0 -1 0 0.089596979 0.053758144 -0.99452615 0 -1 0 0.15273225 0 -0.98826754 0 -1 0 0.26310495 -0.0097446218 -0.96471798 0 -1 0 0.35896018 -0.010256001 -0.93329656 0 -1 0 0.43442827 -0.010595808 -0.90064412 0 -1 0 0.52406615 -0.01091804 -0.8516075 0 -1 0 0.59470075 0 -0.80394715 0 -1 0 0.65535331 0 -0.75532246 0 -1 0 0.71819502 0.011221793 -0.69575143 0 -1 0 0.76078629 -0.011188028 -0.64890599 0 -1 0 0.82179755 0 -0.56977957 0 -1 0 0.86956137 0 -0.49382499 0 -1 0 0.91245908 0.010488031 -0.40903333 0 -1 0 0.94660199 -0.010070229 -0.32224748 0 -1 0 0.97125238 0 -0.23805209 0 -1 0 0.98977029 0 -0.14266959 0 -1 0 0.9977479 0 -0.067075521 0 -1 0 0.99983752 0.016126404 0.0080632018 0 -1 0 0.99541914 -0.0086558145 0.095213957 0 -1 0 0.98297602 0 0.1837339 0 -1 0 0.95805097 -0.00987681 0.28642762 0 -1 0 0.92987955 0 0.3678644 0 -1 0 0.89437646 -0.010647333 0.44718814 0 -1 0 0.84361076 0.01095598 0.53684336 0 -1 0 0.79050076 -0.01113381 0.61235982 0 -1 0 0.7236082 0 0.69021088 0 -1 0 0.67874217 0 0.73437679 0 -1 0 0.59996301 0.011110419 0.79995054 0 -1 0 0.52406627 0.010918041 0.8516075 0 -1 0 0.43442827 0.010595808 0.90064412 0 -1 0 0.3312445 0 0.94354498 0 -1 0 0.24026251 -0.0096104946 0.97066039 0 -1 0 0.15409409 -0.0090643503 0.98801458 0 -1 0 0.032768164 -0.008192041 0.99942946 0 -1 0 -0.10378428 0 0.99459988 0 -1 0 -0.19433622 0 0.98093492 0 -1 0 -0.27215269 0 0.96225405 0 -1 0 -0.35896018 0.010256001 0.93329656 0 -1 0 -0.44718814 0.010647333 0.89437646 0 -1 0 -0.52406627 0.010918041 0.8516075 0 -1 0 -0.60704046 0 0.794671 0 -1 0 -0.68427116 -0.011217554 0.72914135 0 -1 0 -0.74495041 0 0.66711986 0 -1 0 -0.80394715 0 0.59470075 0 -1 0 -0.86221111 0 0.50654912 0 -1 0 -0.90667075 -0.010542678 0.42170727 0 -1 0 -0.94237942 -0.010133107 0.33439267 0 -1 0 -0.9771173 -0.028738732 0.21075083 -0.99494803 -0.026414536 0.096853368 0 -1 0 0 0 -1 -0.0079362541 0 -0.99996853 -1 0 0 0 1 0 0 0.9997074 0.024186457 0 0.9997074 0.024186457 0 0.99987203 -0.015997944 -0.032503128 0.99947166 0 -0.21075083 0.9771173 -0.028738732 -0.26556239 0.963893 -0.019671276 -0.0079994835 0.0079994835 0.99993598 -0.73974848 0.6703971 -0.057792824 -0.016126404 0.0080632018 0.99983752 -0.96632379 0.24412394 -0.081374593 -0.98204535 0.11784548 -0.1473069 -0.99241233 0 -0.12295375 0 -1 0 0 -1 0 0 -1 0 0 -1 0 0 -1 0 0 -1 0 0 -1 0 0 -1 0 0 -1 0 0 -1 0 0 -1 0 0 -1 0 0 -1 0 0 -1 0 0 -1 0 0 -1 0 0 -1 0 0 -1 0 0 -1 0 0 -1 0 0 -1 0 0 -1 0 0 -1 0 0 -1 0 0 -1 0 0 -1 0 0 -1 0 0 -1 0 0 -1 0 0 -1 0 0 -1 0 0 -1 0 0 0 -1 0 -1 0 -1 0 0 -1 0 0 0 0 1 0 1 0 -0.049525902 0.9987728 0 0 0 1 -0.0079994835 0.0079994835 0.99993598 -0.99233019 0.082694136 -0.091882378 -0.99553394 0 -0.094404101 0 0 1 0 -1 0 -1 0 0 0 -1 0 0 0 1 -0.71117985 -0.069952086 -0.69952118 0 1 0 -0.9017272 -0.089059427 -0.42303243 -0.98925763 -0.13868098 -0.046226971 -0.17958932 -0.037808247 -0.98301482 -0.9109177 -0.1237049 -0.39360639 -0.85475987 -0.079777546 -0.51285589 0.015997944 0.99987203 0 -0.985883 -0.086145073 -0.14357519 0.015997944 0.99987203 0 -0.9935748 -0.099357501 -0.054194964 -0.99001944 -0.12953526 -0.055515084 -0.17958932 -0.037808247 -0.98301482 -0.9753288 -0.21992713 -0.019124085 -0.2463256 -0.092372037 -0.96477515 -0.92508662 -0.37844449 -0.031537026 -0.95443273 -0.29826024 -0.0099420035 -0.17958932 -0.037808247 -0.98301482 -0.95340747 -0.29729912 -0.051258441 -0.2463256 -0.092372037 -0.96477515 -0.90764284 -0.25932661 -0.33005199 -0.92556447 -0.16931058 -0.33862117 -0.68597037 -0.094616555 -0.72145158 -0.64590073 -0.057669677 -0.76124007 -0.0079362541 0.99996853 0 -0.0079362541 0.99996853 0 -0.21992713 -0.019124085 -0.9753288 0 1 0 -0.032503128 0 -0.99947166 -0.13509129 -0.018012162 -0.99066937 -0.015997944 0 -0.99987203 -0.50830549 -0.10397153 -0.85487747 -0.096030533 -0.017460084 -0.99522525 -0.0079362541 0 -0.99996853 -1 0 0 0 1 0 0 0 -1 -0.38274035 0.55431348 -0.73908478 -0.57473385 0.7445417 -0.33961552 -0.16654924 0.18736787 -0.96806741 -0.55030102 0.80043793 -0.23763008 -0.28267917 0.60390556 -0.74524522 -0.44525513 0.82690245 -0.34348258 -0.45690373 0.86571234 -0.2044044 -0.14610423 0.35964137 -0.92158109 0.94823933 0.31607977 0.030588351 0.35964146 0.14610423 -0.92158097 0.91422135 0.4039582 -0.031891424 0 0 -1 0.9017272 0.42303243 0.089059427 0.86844659 0.49468464 0.032978963 0.78565854 0.60709989 0.11903912 0 0 -1 0.78565854 0.60709989 0.11903912 0.83036548 0.55721909 0 0.74534643 0.66629457 -0.022586245 0.18736796 0.16654915 -0.96806741 0.79574603 0.60521537 -0.022415372 0.70669329 0.70669329 0.03419482 0 0 -1 0.6202355 0.7752943 0.11927599 0.16654915 0.18736796 -0.96806741 0.63533902 0.771483 -0.034035999 0.55954188 0.82812178 0.033572491 0.44037598 0.89204335 0.10162515 0 0 -1 0.44037598 0.89204335 0.10162515 0.490145 0.87136859 -0.021784207 0.37489828 0.92683196 -0.020827673 0.14610432 0.35964137 -0.92158097 0.44265506 0.89610678 -0.032389384 0.31607977 0.94823933 0.030588351 0 0 -1 0.22841203 0.96555978 0.1245883 0.048411518 0.20332852 -0.97791308 0.22397763 0.97381562 -0.038952608 0.12620819 0.99163502 0.027044581 0.016517639 0.99931765 -0.033035278 0.11932642 0.99132645 -0.055073667 0.17042165 0.92027628 -0.35220453 0.048411518 0.20332852 -0.97791308 0.32202685 0.94530469 -0.051939793 0.048411518 0.20332852 -0.97791308 0.3155517 0.8859719 -0.33982489 0.14610432 0.35964137 -0.92158097 0.14610432 0.35964137 -0.92158097 0.4640708 0.85486716 -0.23203535 0.4640708 0.85486716 -0.23203535 0.54811531 0.83359188 -0.068514369 0.57473385 0.7445417 -0.33961552 0.16654915 0.18736796 -0.96806741 0.70592207 0.70592207 -0.057862435 0.16654915 0.18736796 -0.96806741 0.68391448 0.64445812 -0.34195733 0.18736796 0.16654915 -0.96806741 0.18736796 0.16654915 -0.96806741 0.80043799 0.55030096 -0.23762998 0.80043799 0.55030096 -0.23762998 0.86626291 0.49500725 -0.067500964 0.84432173 0.40325814 -0.35285088 0.35964146 0.14610423 -0.92158097 0.94530469 0.32202685 -0.051939793 0.35964146 0.14610423 -0.92158097 0.89584577 0.2627815 -0.35833836 0.20332852 0.048411518 -0.97791308 0.20332852 0.048411518 -0.97791308 0.97381562 0.22397763 -0.038952608 0.20332852 0.048411518 -0.97791308 0.96246737 0.12553915 -0.24061689 0.92027628 -0.17042154 -0.3522045 0.20332852 -0.048411518 -0.97791308 0.99132651 -0.11932635 -0.055073667 0.97874707 0 -0.20507078 0.99931765 -0.016517639 -0.033035278 0.99223894 0.1240298 0.0088592712 0.96555978 0.22841203 0.1245883 0 0 -1 0.0079362541 0 -0.99996853 0.0079362541 0 -0.99996853 0.0079362541 0 -0.99996853 0.89773858 0.41434085 -0.14962311 0 0 -1 0.0079362541 0 -0.99996853 0.0079994835 0.0079994835 -0.99993598 0.0079994835 0.0079994835 -0.99993598 0.0079994835 0.0079994835 -0.99993598 0.0079994835 0.0079994835 -0.99993598 0.0080632018 0.016126404 -0.99983752 0.0079994835 0.0079994835 -0.99993598 0.0079994835 0.0079994835 -0.99993598 0 0.0079362541 -0.99996853 0 0.0079362541 -0.99996853 0 0.0079362541 -0.99996853 0 0.0079362541 -0.99996853 0.0085215848 0.076693676 -0.99701828 0 0 -1 0 0.99241239 0.12295368 -0.1240298 0.99223894 0.0088592712 0 0 -1 -0.22841203 0.96555978 0.1245883 -0.048411589 0.20332845 -0.97791308 -0.22397763 0.97381562 -0.038952608 -0.31607977 0.94823933 0.030588351 -0.40017745 0.91619557 -0.021061959 -0.44180697 0.89465904 -0.066271007 -0.14610423 0.35964137 -0.92158109 -0.32202685 0.94530469 -0.051939793 -0.14610423 0.35964137 -0.92158109 -0.26278138 0.89584571 -0.3583383 -0.048411589 0.20332845 -0.97791308 -0.048411589 0.20332845 -0.97791308 -0.12553915 0.96246737 -0.24061689 7.056105e-08 0.97874713 -0.20507081 0.11978833 0.65883619 -0.74268806 0.1214672 0.92756826 -0.35335931 0.22668864 0.62969106 -0.74303538 0.2627815 0.89584577 -0.35833836 0.32549992 0.58589971 -0.74213976 0.40325814 0.84432173 -0.35285088 0.41071314 0.52995235 -0.74193347 0.53418207 0.7687012 -0.35177851 0.49359664 0.46691576 -0.73372483 0.64445788 0.68391466 -0.34195733 0.55431348 0.38274035 -0.73908478 0.7445417 0.57473385 -0.33961552 0.60390556 0.28267929 -0.74524528 0.82690245 0.44525513 -0.34348258 0.6435467 0.18563835 -0.74255383 0.8859719 0.3155517 -0.33982489 0.66864759 0.08211457 -0.73903149 0.92027628 0.17042144 -0.35220447 0.67810678 -0.022603547 -0.73461562 0.93655312 0.020583576 -0.34992093 0.65883619 -0.11978844 -0.74268812 0.92756826 -0.1214673 -0.35335934 0.62969095 -0.22668874 -0.74303538 0.89584571 -0.26278138 -0.3583383 0.52995235 -0.41071314 -0.74193347 0.76870108 -0.53418219 -0.35177851 0.58589971 -0.32549992 -0.74213976 0.84432173 -0.40325814 -0.35285088 0.35964137 -0.14610432 -0.92158097 0.85486722 -0.46407071 -0.23203535 0.8859719 -0.3155517 -0.33982489 0.35964137 -0.14610432 -0.92158097 0.94530469 -0.32202685 -0.051939793 0.20332852 -0.048411518 -0.97791308 0.20332852 -0.048411518 -0.97791308 0.97381562 -0.22397763 -0.038952608 0.97381562 -0.22397763 -0.038952608 0.99163508 -0.12620811 0.027044581 0.99241239 0 0.12295368 0 0 -1 0.0079362541 0 -0.99996853 0.032503128 0 -0.99947166 0.51126236 -0.010877917 -0.85935581 0 0 -1 0.0079362541 0 -0.99996853 0.1162802 -0.026833877 -0.99285388 0.0079362541 0 -0.99996853 0.23541863 -0.039236415 -0.9711017 0.58905113 -0.10602925 -0.80110955 0.7378338 -0.10710496 0.66643059 0.076693743 -0.0085215196 -0.99701828 0.14393403 -0.008995872 -0.98954642 0.28642762 -0.0098768091 -0.95805091 0.56227583 -0.011025012 -0.82687628 0.3102017 0.010006502 0.95061815 0 0 -1 0.3102017 0.010006502 0.95061815 0.97874707 0 -0.20507078 0.10468081 0.0087233959 -0.99446756 0.14520875 0.018151086 -0.98923463 0.14649338 0.027467495 -0.98883027 0.12620811 0.027044581 -0.99163508 0.12620811 0.027044581 -0.99163508 0.46197268 0.12704241 -0.87774801 0.0079362541 0 -0.99996853 0.58532238 0.17071892 -0.79262394 0.71944684 0.22719386 0.65633768 0.088096358 0.035238516 -0.99548852 0.13989398 0.055957559 -0.9885841 0.088096358 0.035238516 -0.99548852 0.55412805 0.25187647 -0.79341066 0.89773858 0.41434085 -0.14962311 0.89773858 0.41434085 -0.14962311 0.55412805 0.25187647 -0.79341066 0.66810942 0.32750469 0.6681096 0.088844173 0.044422053 -0.99505448 0.13178851 0.075307637 -0.98841316 0.61596698 0.41510826 0.66952956 0.47215232 0.33178279 -0.81669599 0.07931751 0.044065248 -0.99587506 0.15841593 0.11881183 -0.98019803 0.11304177 0.094201349 -0.98911464 0.542077 0.51497316 0.6640445 0.41035759 0.39753392 -0.82071519 0.061203722 0.052460279 -0.99674577 0.12663214 0.12663199 -0.98383361 0.093425341 0.1027678 -0.99030834 0.47301608 0.58113402 0.66222262 0.34510607 0.46014136 -0.81802917 0.062220417 0.071108975 -0.99552608 0.10710964 0.14605841 -0.98346037 0.074096344 0.11114442 -0.9910382 0.054633617 0.1092671 -0.99250996 0.055073738 0.11932628 -0.99132651 0.19084178 0.45324898 -0.87071514 0 0 -1 0.23954874 0.59256762 -0.7690773 0.269741 0.69362009 0.66793042 0.035238583 0.088096291 -0.99548852 0.036088847 0.11728854 -0.99244195 0.15861911 0.63447678 -0.75649148 0.026414603 0.096853301 -0.99494803 0.15861911 0.63447678 -0.75649148 0.14572503 0.65576303 0.74076927 0.017051773 0.068206839 -0.99752545 0.02831574 0.18877174 -0.98161274 0.019261952 0.23114356 0.97272903 0.019399188 0.24249001 -0.96995986 6.6989294e-08 0.1327433 -0.9911505 -0.017873459 0.12511475 -0.99198127 -0.046227042 0.13868098 -0.98925757 -0.054633617 0.10926717 -0.9925099 -0.063765652 0.10020313 -0.99292159 0 0 -1 -0.42303243 0.9017272 0.089059427 -0.49468464 0.86844659 0.032978963 -0.55721909 0.83036548 0 -0.63533902 0.771483 -0.034035999 -0.16654924 0.18736787 -0.96806741 -0.16654924 0.18736787 -0.96806741 -0.70592207 0.70592207 -0.057862435 -0.18736787 0.16654924 -0.96806741 -0.644458 0.6839146 -0.34195733 -0.6839146 0.644458 -0.34195733 -0.46691576 0.49359664 -0.73372483 -0.21447559 0.11234439 -0.97024685 -0.60390556 0.28267929 -0.74524528 -0.84432173 0.40325814 -0.35285088 -0.58589971 0.32549992 -0.74213976 -0.19604303 0.14445278 -0.96989715 -0.55431348 0.38274035 -0.73908478 -0.7687012 0.53418207 -0.35177851 -0.52995235 0.41071314 -0.74193347 -0.16519444 0.17551909 -0.97051734 -0.49359664 0.46691576 -0.73372483 -0.13404913 0.20622939 -0.96927822 -0.41071314 0.52995235 -0.74193347 -0.10201421 0.22443143 -0.96913546 -0.3254998 0.58589977 -0.7421397 -0.070045516 0.2301497 -0.97063112 -0.22668874 0.62969095 -0.74303538 -0.18563846 0.64354658 -0.74255383 -0.31555158 0.8859719 -0.33982486 -0.08211457 0.66864759 -0.73903149 -0.17042154 0.92027628 -0.3522045 -0.020583576 0.93655312 -0.34992093 0.022603547 0.67810678 -0.73461562 0.049495224 0.23757721 -0.97010684 0.08211457 0.66864759 -0.73903149 0.08077509 0.23222853 -0.96930152 0.18563835 0.6435467 -0.74255383 0.11234432 0.21447566 -0.97024685 0.28267929 0.60390556 -0.74524528 0.14445271 0.1960431 -0.96989715 0.38274035 0.55431348 -0.73908478 0.17551917 0.16519436 -0.97051734 0.46691576 0.49359664 -0.73372483 0.20622946 0.13404904 -0.96927822 0.52995235 0.41071314 -0.74193347 0.22443143 0.10201421 -0.96913546 0.58589971 0.32549992 -0.74213976 0.2301497 0.070045516 -0.97063112 0.62969089 0.22668885 -0.74303544 0.24473375 0.029368032 -0.96914548 0.65883619 0.11978833 -0.74268806 0.24026251 -0.0096104946 -0.97066039 0.67810678 0.022603547 -0.73461562 0.23757721 -0.049495224 -0.97010684 0.66864759 -0.08211457 -0.73903149 0.23222846 -0.080775164 -0.96930152 0.64354658 -0.18563846 -0.74255383 0.21447559 -0.11234439 -0.97024685 0.60390556 -0.28267917 -0.74524522 0.19604303 -0.14445278 -0.96989715 0.55431348 -0.38274035 -0.73908478 0.16519444 -0.17551909 -0.97051734 0.49359664 -0.46691576 -0.73372483 0.10201429 -0.22443134 -0.96913546 0.3254998 -0.58589977 -0.7421397 0.13404913 -0.20622939 -0.96927822 0.41071305 -0.52995247 -0.74193347 0.57473385 -0.7445417 -0.33961552 0.38274023 -0.5543136 -0.73908478 0.46691576 -0.49359664 -0.73372483 0.6839146 -0.644458 -0.34195733 0.18736787 -0.16654924 -0.96806741 0.79376125 -0.57051593 -0.21084282 0.87136871 -0.49014491 -0.021784207 0.35964137 -0.14610432 -0.92158097 0.91422135 -0.4039582 -0.031891424 0.94823933 -0.31607977 0.030588351 0.98204541 -0.14730681 0.11784539 0.94548464 -0.29342628 0.14127924 0 0 -1 0.0079362541 0 -0.99996853 0.5621053 -0.18329521 -0.80649883 0.7194469 -0.22719377 0.65633768 0.068206899 -0.01705171 -0.99752545 0.041624751 -0.016649902 -0.99899459 0.27075985 -0.093724608 -0.9580735 0.15172191 -0.066378273 -0.98619187 0.0079994835 -0.0079994835 -0.99993598 0.0079994835 -0.0079994835 -0.99993598 0.12035491 -0.064806446 -0.99061334 0.080656715 -0.06273295 -0.99476582 0.61596698 -0.41510826 0.66952956 0.51652688 -0.33574256 -0.78770363 0.06993641 -0.043710213 -0.99659336 0.51652688 -0.33574256 -0.78770363 0.51652688 -0.33574256 -0.78770363 0.61596698 -0.41510826 0.66952956 0.6000396 -0.32610857 -0.73048317 0.2406168 -0.12553924 -0.96246737 0.32990935 -0.13196379 -0.9347434 0.64712679 -0.24108645 -0.72325945 0.7194469 -0.22719377 0.65633768 0.37965059 -0.075930089 -0.92200869 0.7194469 -0.22719377 0.65633768 0.6762712 -0.13283902 -0.72457641 0.7378338 -0.10710496 0.66643059 0.3102017 0.010006502 0.95061815 0.38750356 -0.02094613 -0.9216302 0.7378338 -0.10710496 0.66643059 0.68354154 -0.034177061 -0.72911096 0.97874707 0 -0.20507078 0.97874707 0 -0.20507078 0.6876756 0.069933079 -0.72264212 0.26803711 0.029781885 -0.96294808 0.46197268 0.12704241 -0.87774801 0.27303389 0.050561804 -0.9606747 0.66504681 0.17241944 -0.7266252 0.71944684 0.22719386 0.65633768 0.36277086 0.15871213 -0.91826349 0.36277086 0.15871213 -0.91826349 0.71944684 0.22719386 0.65633768 0.62784392 0.26907608 -0.73034924 0.66810942 0.32750469 0.6681096 0.2304076 0.13614985 -0.96352249 0.66810942 0.32750469 0.6681096 0.59195143 0.35517094 -0.72349638 0.61596698 0.41510826 0.66952956 0.29751703 0.22885936 -0.92688018 0.61596698 0.41510826 0.66952956 0.51953834 0.43960941 -0.73268241 0.542077 0.51497316 0.6640445 0.26549262 0.27703583 -0.92345268 0.542077 0.51497316 0.6640445 0.45462838 0.52148539 -0.72205669 0.47301608 0.58113402 0.66222262 0.47301608 0.58113402 0.66222262 0.36941376 0.58050722 -0.72563416 0.21721733 0.30867732 -0.92603183 0.15562272 0.32236153 -0.93373686 0.2835229 0.6314832 -0.72169501 0.269741 0.69362009 0.66793042 0.15861911 0.63447678 -0.75649148 0.081970446 0.25615779 -0.96315318 0.269741 0.69362009 0.66793042 0.1858377 0.65662694 -0.73096198 0.14572503 0.65576303 0.74076927 0.039518807 0.24699269 -0.96821123 0.14572503 0.65576303 0.74076927 0.08211457 0.66864759 -0.73903149 0.019261952 0.23114356 0.97272903 0.019261952 0.23114356 0.97272903 -0.011210504 0.67263055 -0.73989362 -0.0096104946 0.24026251 -0.97066039 -0.10710486 0.66643059 -0.73783386 -0.029368032 0.24473375 -0.96914548 -0.19911528 0.63467991 -0.74668229 -0.059937067 0.23974842 -0.96898305 -0.29725087 0.60742581 -0.73666537 -0.09100195 0.22244938 -0.97068793 -0.36775312 0.5516296 -0.7486403 -0.12267273 0.2044545 -0.97115898 -0.45333329 0.5066666 -0.73333335 -0.15483677 0.18580411 -0.97031045 -0.094201423 0.11304169 -0.98911464 -0.51953834 0.43960941 -0.73268241 -0.17551909 0.16519444 -0.97051734 -0.61412412 0.26867926 -0.74206668 -0.21447559 0.11234439 -0.97024685 -0.56330794 0.35370508 -0.74671066 -0.19437402 0.13299277 -0.97187018 -0.12138943 0.074701101 -0.98979002 -0.091882534 0.082694151 -0.99233025 -0.52571297 0.83636135 0.15532418 0 0 -1 -0.66139179 0.7440657 0.094484486 -0.70669329 0.70669329 0.03419482 -0.76617587 0.6422357 -0.022534573 -0.79174477 0.60815185 -0.057372786 -0.18736787 0.16654924 -0.96806741 -0.18736787 0.16654924 -0.96806741 -0.79376113 0.57051593 -0.21084292 -0.35964128 0.14610432 -0.92158109 -0.85486722 0.46407074 -0.23203547 -0.35964128 0.14610432 -0.92158109 -0.94530469 0.32202685 -0.051939793 -0.20332852 0.048411518 -0.97791308 -0.8859719 0.3155517 -0.33982489 -0.89584577 0.2627815 -0.35833836 -0.62969095 0.22668874 -0.74303538 -0.64354658 0.18563846 -0.74255383 -0.23222853 0.08077509 -0.96930152 -0.14520882 0.018151086 -0.98923457 -0.66864759 0.08211457 -0.73903149 -0.23757721 0.049495224 -0.97010684 -0.13868105 0.046226971 -0.98925757 -0.13065873 0.065329298 -0.98927259 -0.1224293 0.084758654 -0.98885137 -0.10363074 0.10363074 -0.98920232 -0.094201423 0.11304169 -0.98911464 -0.075307712 0.13178843 -0.98841316 -0.046227042 0.13868098 -0.98925757 -0.037808321 0.17958926 -0.98301494 -0.029368032 0.24473375 -0.96914548 -0.11978833 0.65883619 -0.74268806 -0.022603547 0.67810678 -0.73461562 0.0096104946 0.24026251 -0.97066039 0.02831574 0.18877174 -0.98161274 0.046227042 0.13868091 -0.98925763 0.065329365 0.1306586 -0.98927271 0.084758796 0.12242916 -0.98885137 0.10363082 0.10363068 -0.98920232 0.11304177 0.094201349 -0.98911464 0.13178851 0.075307637 -0.98841316 0.13868098 0.046226971 -0.98925763 0.14649338 0.027467495 -0.98883027 0.14266959 0 -0.98977029 0.14520875 -0.018151086 -0.98923463 0.13868098 -0.046226971 -0.98925763 0.13065866 -0.065329298 -0.98927271 0.12242924 -0.084758721 -0.98885137 0.10363074 -0.10363074 -0.98920232 0.094201423 -0.11304169 -0.98911464 0.075307712 -0.13178843 -0.98841316 0.046226971 -0.13868098 -0.98925763 0.027467495 -0.14649338 -0.98883027 0.070045516 -0.2301497 -0.97063112 0.22668874 -0.62969095 -0.74303538 0.28267917 -0.60390556 -0.74524522 0.44794551 -0.81910038 -0.35835645 0.16654924 -0.18736787 -0.96806741 0.55030107 -0.80043787 -0.23762998 0.644458 -0.6839146 -0.34195733 0.16654924 -0.18736787 -0.96806741 0.70592207 -0.70592207 -0.057862435 0.18736787 -0.16654924 -0.96806741 0.18736787 -0.16654924 -0.96806741 0.771483 -0.63533902 -0.034035999 0.8281219 -0.55954176 0.033572491 0.89204341 -0.44037578 0.10162514 0 0 -1 0.016126404 -0.0080632018 -0.99983752 0.0079362541 0 -0.99996853 0.091116369 -0.072893165 -0.99316889 0.0079994835 -0.0079994835 -0.99993598 0.10363074 -0.10363074 -0.98920232 0.542077 -0.51497316 0.6640445 0.47266239 -0.42014435 -0.77464122 0.080656715 -0.06273295 -0.99476582 0.47266239 -0.42014435 -0.77464122 0.61596698 -0.41510826 0.66952956 0.21156025 -0.16924822 -0.96259928 0.47266239 -0.42014435 -0.77464122 0.542077 -0.51497316 0.6640445 0.54463708 -0.41179883 -0.73061085 0.75350094 -0.57162148 -0.32478496 0.51953834 -0.43960941 -0.73268241 0.83304387 -0.45438755 -0.31554696 0.59195143 -0.35517094 -0.72349638 0.8861025 -0.32773659 -0.32773659 0.62784404 -0.26907599 -0.73034924 0.92864573 -0.19252412 -0.31709856 0.66504675 -0.17241955 -0.72662526 0.94530469 -0.051939793 -0.32202685 0.6876756 -0.069933079 -0.72264212 0.94210643 0.096351743 -0.32117265 0.68354154 0.034177061 -0.72911096 0.91680902 0.23210363 -0.324945 0.67627132 0.13283893 -0.72457641 0.87282622 0.36879984 -0.31962654 0.64712679 0.24108657 -0.72325951 0.80564243 0.49873096 -0.31969941 0.6000396 0.32610857 -0.73048317 0.71854007 0.614025 -0.32660913 0.54463708 0.41179883 -0.73061085 0.62783992 0.70632005 -0.32700005 0.4818885 0.49527419 -0.72283262 0.51345378 0.7958535 -0.3209087 0.39774367 0.55684108 -0.72919679 0.38596523 0.85908389 -0.33616328 0.31189886 0.61080176 -0.72776395 0.25932661 0.90764284 -0.33005199 0.21321736 0.65219468 -0.72744787 0.11989851 0.93738884 -0.32699609 0.11989851 0.93738884 -0.32699609 0.1198916 0.67139333 -0.7313391 -0.020583576 0.93655312 -0.34992093 0.022603547 0.67810678 -0.73461562 -0.15770207 0.92368352 -0.34919742 -0.08211457 0.66864759 -0.73903149 -0.28907266 0.89130753 -0.34929621 -0.17226276 0.65213794 -0.73826933 -0.40325814 0.84432173 -0.35285088 -0.25430804 0.61033934 -0.75020885 -0.51948047 0.77922082 -0.35064939 -0.33961543 0.57473391 -0.7445417 -0.61997932 0.69912577 -0.35615841 -0.61997932 0.69912577 -0.35615841 -0.42455849 0.5174306 -0.74297744 -0.7211293 0.60312635 -0.34089753 -0.49176219 0.4518896 -0.7442888 -0.79087502 0.4926762 -0.36302462 -0.55431348 0.38274035 -0.73908478 -0.85948366 0.37368858 -0.34877601 -0.59341252 0.29670635 -0.74821591 -0.90087628 0.2489263 -0.35560906 -0.90087628 0.2489263 -0.35560906 -0.63894922 0.21298307 -0.73917663 -0.23222853 0.08077509 -0.96930152 -0.64354658 0.18563846 -0.74255383 -0.65883619 0.11978844 -0.74268812 -0.92756826 0.1214673 -0.35335934 -0.92756826 0.1214673 -0.35335934 -0.23541863 0.039236415 -0.9711017 -0.66139179 0.094484486 -0.7440657 -0.93012387 0.086523108 -0.35690796 -0.016255857 -0.99973571 -0.016255857 -0.6703971 0.057792824 -0.73974848 -0.95978349 0.082561977 -0.26832658 -0.016126404 -0.99983752 -0.0080632018 -0.6703971 0.057792824 -0.73974848 -0.016126404 -0.99983752 -0.0080632018 -0.24249001 0.019399188 -0.96995986 -0.14520882 0.018151086 -0.98923457 -0.13747597 0.03666022 -0.98982638 -0.10833691 0.045140378 -0.99308884 0 0 -1 -0.7752943 0.6202355 0.11927599 -0.82812178 0.55954188 0.033572491 -0.87136871 0.49014491 -0.021784207 -0.35964128 0.14610432 -0.92158109 -0.91422135 0.4039582 -0.031891424 -0.94823933 0.31607977 0.030588351 -0.94823933 0.31607977 0.030588351 -0.96274441 0.26348796 -0.060804881 -0.9753288 0.21992713 -0.019124085 -0.20332852 0.048411518 -0.97791308 -0.20332852 0.048411518 -0.97791308 -0.96722949 0.14560446 -0.20800641 -0.92756826 0.1214673 -0.35335934 -0.65883619 0.11978844 -0.74268812 -0.93655312 -0.020583576 -0.34992093 -0.67810678 0.022603547 -0.73461562 -0.67810678 -0.022603547 -0.73461562 -0.24026251 0.0096104946 -0.97066039 -0.14266959 0 -0.98977029 -0.14649338 -0.027467495 -0.98883027 0 0.015997944 -0.99987203 0 -0.14266959 -0.98977029 -0.018151086 -0.14520875 -0.98923463 0.022603547 -0.67810678 -0.73461562 -0.0096104946 -0.24026251 -0.97066039 0.029368032 -0.24473375 -0.96914548 0.11978833 -0.65883619 -0.74268806 0.18563846 -0.64354658 -0.74255383 0.3155517 -0.8859719 -0.33982489 0.14610432 -0.35964137 -0.92158097 0.45690382 -0.86571234 -0.20440431 0.55721897 -0.8303656 0 0.16654924 -0.18736787 -0.96806741 0.63533902 -0.771483 -0.034035999 0.70669329 -0.70669329 0.03419482 0.77529436 -0.62023544 0.11927599 0 0 -1 0.0079994835 -0.0079994835 -0.99993598 0.0079994835 -0.0079994835 -0.99993598 0.082694143 -0.091882452 -0.99233025 0.0079994835 -0.0079994835 -0.99993598 0.40666449 -0.48537371 -0.77397436 0.07229536 -0.081332348 -0.99406165 0.043357171 -0.060699951 -0.9972139 0.47301599 -0.58113408 0.66222262 0.40666449 -0.48537371 -0.77397436 0.542077 -0.51497316 0.6640445 0.19204436 -0.20271349 -0.96022189 0.40666449 -0.48537371 -0.77397436 0.47301599 -0.58113408 0.66222262 0.4818885 -0.49527419 -0.72283262 0.45462838 -0.52148539 -0.72205669 0.65489697 -0.6810928 -0.32744852 0.14981285 -0.13982533 -0.97877729 0.64310127 -0.73137015 -0.22697692 0.14981285 -0.13982533 -0.97877729 0.77669913 -0.62821263 -0.045688163 0.13292405 -0.085451201 -0.98743564 0.71853995 -0.61402512 -0.32660913 0.13292405 -0.085451201 -0.98743564 0.85492533 -0.48164815 -0.19265924 0.91663831 -0.35519737 -0.18332766 0.24699269 -0.039518807 -0.96821123 0.94734579 -0.24234423 -0.2092973 0.24699269 -0.039518807 -0.96821123 0.99505448 -0.088844173 -0.044422053 0.15273225 0 -0.98826754 0.94210637 -0.096351825 -0.32117265 0.15273225 0 -0.98826754 0.99505442 0.088844098 -0.044422049 0.24699269 0.039518807 -0.96821123 0.94530469 0.051939793 -0.32202685 0.24699269 0.039518807 -0.96821123 0.95398909 0.22765656 -0.19513413 0.91276127 0.35817215 -0.19641697 0.13292411 0.085451126 -0.98743564 0.85779083 0.4711808 -0.20538652 0.13292411 0.085451126 -0.98743564 0.77669913 0.62821263 -0.045688163 0.14981292 0.13982525 -0.97877729 0.75350106 0.57162136 -0.32478496 0.14981292 0.13982525 -0.97877729 0.65662688 0.73096204 -0.18583781 0.5523656 0.8101362 -0.19639665 0.056400958 0.15040217 -0.98701471 0.44617197 0.86822635 -0.21705659 0.056400958 0.15040217 -0.98701471 0.29455671 0.95476997 -0.040628489 0.037808247 0.17958932 -0.98301482 0.29925641 0.89776909 -0.32319692 0.20695132 0.91978317 -0.33342147 0.037808247 0.17958932 -0.98301482 0.094980031 0.98779196 -0.12347402 7.056105e-08 0.97874713 -0.20507081 -0.049495224 0.23757721 -0.97010684 -0.11407077 0.96441692 -0.23851176 -0.049495224 0.23757721 -0.97010684 -0.28774381 0.95572042 -0.061659351 -0.10507699 0.27320033 -0.95620108 -0.23522899 0.90563172 -0.35284352 -0.10507699 0.27320033 -0.95620108 -0.41423732 0.88765168 -0.20120113 -0.52821404 0.82303125 -0.20882891 -0.59827298 0.77276945 -0.21188848 -0.16383779 0.16383779 -0.9727869 -0.65783781 0.67099458 -0.34207571 -0.16383779 0.16383779 -0.9727869 -0.75576282 0.65111876 -0.069762692 -0.3136355 0.24393876 -0.91767454 -0.6865322 0.63372207 -0.35646871 -0.3136355 0.24393876 -0.91767454 -0.82303125 0.52821404 -0.20882891 -0.31397703 0.11909479 -0.94193137 -0.8705079 0.43525395 -0.22971745 -0.87335438 0.34442148 -0.34442148 -0.31397703 0.11909479 -0.94193137 -0.95189959 0.30005533 -0.06208038 -0.22602311 0.049135428 -0.97288191 -0.91434938 0.20833276 -0.34722131 -0.91434938 0.20833276 -0.34722131 -0.22602311 0.049135428 -0.97288191 -0.98374033 0.11688005 -0.13635997 -0.99505448 0.088844173 -0.044422053 -0.0079362541 -0.99996853 0 -0.0079994835 -0.99993598 -0.0079994835 -0.08588513 0.0085885124 -0.99626797 -0.84137177 0.52141333 0.14220358 0 0 -1 -0.91953051 0.38313767 0.087574288 -0.90827394 0.31848574 0.27130267 0 0 -1 -0.97940427 0.18608688 0.078352302 -0.99163508 0.12620804 0.027044578 -0.99931765 0.016517639 -0.033035278 -0.97874713 0 -0.20507087 -0.20332852 -0.048411518 -0.97791308 -0.91012001 -0.22169589 -0.35004616 -0.97188103 -0.10123763 -0.21259895 -0.92027628 -0.17042154 -0.3522045 -0.92027628 -0.17042154 -0.3522045 -0.66864759 -0.08211457 -0.73903149 -0.65883619 -0.11978844 -0.74268812 -0.24473375 -0.029368032 -0.96914548 -0.62969095 -0.22668874 -0.74303538 -0.2301497 -0.070045516 -0.97063112 -0.13868098 -0.046226971 -0.98925763 -0.13178842 -0.07530763 -0.98841316 -0.11304161 -0.094201416 -0.98911458 -0.10363068 -0.10363074 -0.98920238 -0.084758654 -0.12242924 -0.98885143 -0.065329298 -0.13065866 -0.98927271 -0.046226971 -0.13868098 -0.98925763 -0.049495224 -0.23757721 -0.97010684 -0.08211457 -0.66864759 -0.73903149 0.020583576 -0.93655312 -0.34992093 -0.022603547 -0.67810678 -0.73461562 0.08211457 -0.66864759 -0.73903149 0.17042154 -0.92027628 -0.3522045 0.26278138 -0.89584571 -0.3583383 0.048411589 -0.20332845 -0.97791308 0.32202685 -0.94530469 -0.051939793 0.14610432 -0.35964137 -0.92158097 0.14610432 -0.35964137 -0.92158097 0.4039582 -0.91422135 -0.031891424 0.49468476 -0.86844659 0.032978967 0.60709989 -0.78565854 0.11903912 0 0 -1 0.0079994835 -0.0079994835 -0.99993598 0.084758721 -0.12242924 -0.98885137 0.32304481 -0.54271537 -0.77530766 0.053323302 -0.079985023 -0.99536878 0.0080632018 -0.016126404 -0.99983752 0.065329298 -0.13065866 -0.98927271 0.0079994835 -0.0079994835 -0.99993598 0.044065248 -0.07931751 -0.99587506 0.37135795 -0.64987653 0.6631394 0.32304481 -0.54271537 -0.77530766 0.47301599 -0.58113408 0.66222262 0.15858151 -0.22201408 -0.96206117 0.32304481 -0.54271537 -0.77530766 0.37135795 -0.64987653 0.6631394 0.39774358 -0.55684114 -0.72919679 0.36941361 -0.58050728 -0.7256341 0.55722111 -0.76455933 -0.32396585 0.5523656 -0.8101362 -0.19639665 0.55456364 -0.83184552 -0.022182537 0.64890599 -0.76078629 -0.011188028 0.14981285 -0.13982533 -0.97877729 0.73437679 -0.67874217 0 0.77543586 -0.63142639 0 0.13292405 -0.085451201 -0.98743564 0.83184552 -0.55456364 -0.022182537 0.8766669 -0.4810977 0 0.92508662 -0.37844449 -0.031537026 0.963893 -0.26556239 -0.019671276 0.24699269 -0.039518807 -0.96821123 0.98801464 -0.15409403 0.0090643503 0.99636734 -0.08515963 0 0.15273225 0 -0.98826754 0.9997074 0 -0.024186457 0.99626797 0.08588513 -0.0085885124 0.24699269 0.039518807 -0.96821123 0.99066949 0.13509122 -0.018012162 0.97776496 0.20884305 -0.018985718 0.96471798 0.26310495 -0.0097446218 0.92842728 0.37137088 -0.010315853 0.88110942 0.47279033 -0.010745231 0.13292411 0.085451126 -0.98743564 0.83184552 0.55456382 -0.022182539 0.77543586 0.63142639 0 0.14981292 0.13982525 -0.97877729 0.74534643 0.66629457 -0.022586245 0.6897611 0.72368377 -0.022615107 0.65535331 0.75532246 0 0.56227595 0.82687628 -0.011025012 0.45997846 0.8878656 -0.01069717 0.056400958 0.15040217 -0.98701471 0.37489828 0.92683196 -0.020827673 0.2954697 0.95535201 0 0.037808247 0.17958932 -0.98301482 0.20884305 0.97776496 -0.018985718 0.11428592 0.99340892 -0.008791225 0 0.99987203 -0.015997944 -0.10649537 0.99395663 -0.026623825 -0.049495224 0.23757721 -0.97010684 -0.19969238 0.97944331 -0.028527463 -0.28642762 0.95805097 -0.00987681 -0.10507699 0.27320033 -0.95620108 -0.36579588 0.93016672 -0.031353917 -0.43853408 0.89845997 -0.021391895 -0.54174244 0.84025365 -0.022111928 -0.63000941 0.77626151 -0.022500323 -0.16383779 0.16383779 -0.9727869 -0.70124799 0.71255845 -0.022620892 -0.76078629 0.64890599 -0.011188028 -0.3136355 0.24393876 -0.91767454 -0.8102172 0.5851568 -0.033759031 -0.85631597 0.51598525 -0.021956809 -0.88957191 0.4556343 -0.032545295 -0.31397703 0.11909479 -0.94193137 -0.92987955 0.3678644 0 -0.95443273 0.29826024 -0.0099420035 -0.22602311 0.049135428 -0.97288191 -0.97462928 0.22194532 -0.028949371 -0.99066937 0.13509129 -0.018012162 -0.99395669 0.1064953 0.026623825 0 0 1 0 -1 0 0 -1 0 -1 0 0 0 0 -1 0 0 -1 -0.99241239 0 0.12295368 -0.99223894 -0.1240298 0.0088592712 -0.97381562 -0.22397763 -0.038952608 -0.20332852 -0.048411518 -0.97791308 -0.20332852 -0.048411518 -0.97791308 -0.94530469 -0.32202685 -0.051939793 -0.35964137 -0.14610432 -0.92158097 -0.89584577 -0.2627815 -0.35833836 -0.8859719 -0.3155517 -0.33982489 -0.64354658 -0.18563846 -0.74255383 -0.81910038 -0.44794551 -0.35835645 -0.60390556 -0.28267929 -0.74524528 -0.58589971 -0.32549992 -0.74213976 -0.22443134 -0.10201429 -0.96913546 -0.52995235 -0.41071314 -0.74193347 -0.20622939 -0.13404913 -0.96927822 -0.46691576 -0.49359664 -0.73372483 -0.17551909 -0.16519444 -0.97051734 -0.38274035 -0.55431348 -0.73908478 -0.14445278 -0.19604303 -0.96989715 -0.28267917 -0.60390556 -0.74524522 -0.11234439 -0.21447559 -0.97024685 -0.08077509 -0.23222853 -0.96930152 -0.18563846 -0.64354658 -0.74255383 -0.11978833 -0.65883619 -0.74268806 -0.1214673 -0.92756826 -0.35335934 -0.1214673 -0.92756826 -0.35335934 7.056105e-08 -0.97874713 -0.20507081 0.12553915 -0.96246737 -0.24061689 0.048411589 -0.20332845 -0.97791308 0.048411589 -0.20332845 -0.97791308 0.22397763 -0.97381562 -0.038952608 0.31607977 -0.94823933 0.030588351 0.42303252 -0.90172714 0.089059427 0 0 -1 0.0080632018 -0.016126404 -0.99983752 0.046590798 -0.14909062 -0.98772544 0 -0.0079362541 -0.99996853 0.094392277 -0.28317699 -0.95441133 0.016916979 -0.059209425 -0.99810225 0.19504945 -0.52419543 -0.82896012 0.26974109 -0.69361997 0.66793042 0.035520822 -0.097682327 -0.99458349 0.37135795 -0.64987653 0.6631394 0.11492673 -0.25074938 -0.96120578 0.26974109 -0.69361997 0.66793042 0.31189877 -0.61080182 -0.72776395 0.28352299 -0.63148308 -0.72169501 0.42764759 -0.84271729 -0.32702467 0.056400888 -0.15040225 -0.98701471 0.43907833 -0.87815648 -0.18987168 0.056400888 -0.15040225 -0.98701471 0.37489828 -0.92683196 -0.020827673 0.45997855 -0.88786554 -0.01069717 0 0 1 0.55456364 -0.83184552 0.022182537 0 0 1 0.70706224 -0.70706224 0.011223204 0 0 1 0.8102172 -0.5851568 0.033759031 0 0 1 0.92683196 -0.37489828 0.020827673 0.95599371 -0.29182968 0.030189261 0 0 1 0.98826754 -0.15273225 0 0 0 1 0.99913311 -0.024978315 0.033304419 0.98216659 0.18707941 0.018707927 0 0 1 0.98216659 0.18707941 0.018707927 0 0 1 0.93464863 0.35557282 0 0 0 1 0.84501845 0.5336957 0.033355974 0.71255845 0.70124799 0.022620892 0 0 1 0.71255845 0.70124799 0.022620892 0 0 1 0.57491046 0.81814164 0.011055964 0 0 1 0.4039582 0.91422135 0.031891424 0 0 1 0.19969238 0.97944331 0.028527463 0 0 1 0.024579419 0.99956357 0.01638628 0 0 1 -0.16734962 0.98550296 0.027891582 0 0 1 -0.36579588 0.93016672 0.031353917 0 0 1 -0.52406627 0.8516075 0.010918041 0 0 1 -0.67810678 0.73461562 0.022603547 0 0 1 -0.81428391 0.58003795 0.022309139 0 0 1 -0.90461367 0.42570049 0.021285016 -0.96914542 0.24473372 0.029368028 0 0 1 0 -1 0 0 0 1 -1 0 0 -1 0 0 0 0 1 0 1 0 -0.42071912 -0.043150652 -0.90616411 -0.42071912 -0.043150652 -0.90616411 -0.0079362541 0.99996853 0 0 1 0 0 0 1 -0.99241233 -0.12295375 0 0 0 1 -0.98161274 -0.18877174 0.02831574 0 0 1 -0.9216302 -0.38750356 0.02094613 -0.8878656 -0.45997846 -0.01069717 0 0 1 -0.83536655 -0.54958338 0.010991661 -0.85631597 -0.51598525 -0.021956809 -0.2463256 -0.092372037 -0.96477515 -0.88529867 -0.42494333 -0.18886371 -0.89776909 -0.29925641 -0.32319692 -0.65662688 -0.18583781 -0.73096204 -0.34717613 -0.052602421 -0.93632358 -0.64117825 -0.10686298 -0.75991493 -0.90263987 -0.21100682 0.37512308 -0.34717613 -0.052602421 -0.93632358 -0.50830549 -0.10397153 -0.85487747 -0.90263987 -0.21100682 0.37512308 -0.087353766 -0.02620611 -0.99583262 -0.13868098 -0.046226971 -0.98925763 -0.0079362541 0 -0.99996853 -0.0079362541 0 -0.99996853 -0.96441692 -0.11407077 0.23851176 0 0 -1 -0.96152604 -0.25847477 0.09305086 -0.94823933 -0.31607977 0.030588351 -0.94823933 -0.31607977 0.030588351 -0.92642355 -0.37269911 -0.053242706 -0.90461367 -0.42570049 -0.021285016 -0.35964137 -0.14610432 -0.92158097 -0.35964137 -0.14610432 -0.92158097 -0.86571229 -0.45690364 -0.20440428 -0.18736787 -0.16654924 -0.96806741 -0.80043787 -0.55030107 -0.23762998 -0.74454159 -0.57473391 -0.33961552 -0.55431348 -0.38274035 -0.73908478 -0.644458 -0.6839146 -0.34195733 -0.49359664 -0.46691576 -0.73372483 -0.53418207 -0.7687012 -0.35177851 -0.41071314 -0.52995235 -0.74193347 -0.40325814 -0.84432173 -0.35285088 -0.3254998 -0.58589977 -0.7421397 -0.22668874 -0.62969095 -0.74303538 -0.26278138 -0.89584571 -0.3583383 -0.26278138 -0.89584571 -0.3583383 -0.22169589 -0.91012001 -0.35004616 -0.048411589 -0.20332845 -0.97791308 -0.10623685 -0.98510504 -0.1352105 -0.016517639 -0.99931765 -0.033035278 0.12402988 -0.992239 0.0088592721 0.22841203 -0.96555978 0.1245883 0 0 -1 0 -0.015997944 -0.99987203 0 -0.015997944 -0.99987203 0.018012162 -0.13509129 -0.99066937 0.076802649 -0.4059566 -0.91065943 0.0081273913 -0.024382176 -0.99966967 0.11777757 -0.55355442 -0.82444274 0.17241944 -0.7266252 0.66504681 0.026414536 -0.096853368 -0.99494803 0.26974109 -0.69361997 0.66793042 0.1214672 -0.35335931 -0.92756826 0.17241944 -0.7266252 0.66504681 0.21321748 -0.65219468 -0.72744793 0.18583781 -0.65662688 -0.73096204 0.29925632 -0.89776915 -0.32319692 0.056400888 -0.15040225 -0.98701471 0.25932646 -0.90764278 -0.33005193 0.037808321 -0.17958926 -0.98301494 0.29455671 -0.95476997 -0.040628489 0.2954697 -0.95535201 0 0.037808321 -0.17958926 -0.98301494 0.22693074 -0.97391093 0 0.35322884 -0.93501759 0.031167237 0 0 1 0 0 1 0 0 1 0 0 1 0 0 1 0 0 1 0 0 1 0 0 1 0 0 1 0 0 1 0 0 1 0 0 1 0 0 1 0 0 1 0 0 1 0 0 1 0 0 1 0 0 1 0 0 1 0 0 1 0 0 1 0 0 1 0 0 1 0 0 1 0 0 1 0 0 1 0 0 1 0 0 1 0 0 1 0 0 1 -0.71799827 -0.69520468 0.034190375 -0.75532246 -0.65535331 0 -0.25323707 -0.19818549 -0.94688618 -0.80394715 -0.59470075 0 -0.25323707 -0.19818549 -0.94688618 -0.82615376 -0.51788735 -0.22195172 -0.84271729 -0.42764759 -0.32702467 -0.63148302 -0.28352311 -0.72169507 -0.90263987 -0.21100682 0.37512308 -0.65219468 -0.21321748 -0.72744793 -0.85908389 -0.33616328 0.38596523 -0.25615779 -0.081970446 -0.96315318 -0.13868098 -0.046226971 -0.98925763 -0.85908389 -0.33616328 0.38596523 -0.098517135 -0.044780485 -0.99412721 -0.10926717 -0.05463355 -0.99250996 -0.0079362541 0 -0.99996853 -0.90827394 -0.31848574 0.27130267 0 0 -1 -0.88957191 -0.4556343 0.032545295 -0.86844659 -0.49468464 0.032978963 -0.8303656 -0.55721897 0 -0.771483 -0.63533902 -0.034035999 -0.18736787 -0.16654924 -0.96806741 -0.18736787 -0.16654924 -0.96806741 -0.70592207 -0.70592207 -0.057862435 -0.16654924 -0.18736787 -0.96806741 -0.6839146 -0.644458 -0.34195733 -0.16654924 -0.18736787 -0.96806741 -0.57051593 -0.79376125 -0.21084282 -0.14610432 -0.35964137 -0.92158097 -0.4640708 -0.85486716 -0.23203535 -0.22169589 -0.91012001 -0.35004616 -0.35901102 -0.86657822 -0.34663132 -0.14610432 -0.35964137 -0.92158097 -0.32202685 -0.94530469 -0.051939793 -0.048411589 -0.20332845 -0.97791308 -0.048411589 -0.20332845 -0.97791308 -0.22397763 -0.97381562 -0.038952608 -0.12620804 -0.99163508 0.027044578 6.6481e-08 -0.99241233 0.12295368 0 0 -1 0 -0.0079362541 -0.99996853 0 -0.15273225 -0.98826754 0.17241944 -0.7266252 0.66504681 0.052602421 -0.34717613 -0.93632358 0.1198916 -0.67139333 -0.7313391 0.082171135 -0.68084687 -0.7278018 0.16817878 -0.9305892 -0.32514563 0.037808321 -0.17958926 -0.98301494 0.12363256 -0.9684549 -0.21635692 0.11527923 -0.99317473 -0.017735256 0.15546684 -0.98767173 0.018290209 0 0 1 0 0 1 -0.024579419 -0.99956357 0.01638628 0 0 1 0 0 1 -0.22194532 -0.97462928 0.028949371 0 0 1 0 0 1 -0.38385788 -0.92333388 0.010374533 0 0 1 0 0 1 0 0 1 -0.54174256 -0.84025359 0.022111928 -0.63684177 -0.7709136 -0.011172656 -0.12663206 -0.12663206 -0.98383361 -0.70124799 -0.71255845 -0.022620892 -0.25323707 -0.19818549 -0.94688618 -0.75602812 -0.65293342 -0.045819864 -0.12663206 -0.12663206 -0.98383361 -0.7211293 -0.60312635 -0.34089753 -0.77530771 -0.54271531 -0.32304493 -0.57769841 -0.35449684 -0.73525268 -0.85908389 -0.33616328 0.38596523 -0.61080176 -0.31189886 -0.72776395 -0.80249232 -0.45301983 0.38830274 -0.23851167 -0.11407084 -0.96441692 -0.80249232 -0.45301983 0.38830274 -0.47437036 -0.27463555 -0.8363899 -0.088844173 -0.044422053 -0.99505448 -0.1557219 -0.097326219 -0.9829945 -0.016126404 -0.0080632018 -0.99983752 -0.0079362541 0 -0.99996853 -0.83636147 -0.52571285 0.15532428 0 0 -1 -0.7440657 -0.66139179 0.094484486 -0.70669329 -0.70669329 0.03419482 -0.70669329 -0.70669329 0.03419482 -0.16654924 -0.18736787 -0.96806741 -0.66346383 -0.74494183 -0.069838263 -0.63000941 -0.77626151 -0.022500323 -0.55954188 -0.82812178 0.033572491 -0.49014491 -0.87136871 -0.021784207 -0.14610432 -0.35964137 -0.92158097 -0.40395829 -0.91422123 -0.031891424 -0.31607977 -0.94823933 0.030588351 -0.22841196 -0.96555978 0.12458838 0 0 -1 0 -0.0079362541 -0.99996853 0 -0.0079362541 -0.99996853 0 -0.0079362541 -0.99996853 -0.018151086 -0.14520875 -0.98923463 -0.0098109925 -0.27470791 -0.9614777 0.022615107 -0.6897611 -0.72368377 -0.011217554 -0.68427116 -0.72914135 0.020331031 -0.94539344 -0.32529667 0 -0.98093498 -0.19433615 0.0079994835 -0.99993598 -0.0079994835 -0.114286 -0.99340898 -0.008791226 -0.038095295 -0.19047619 -0.98095244 -0.19969238 -0.97944331 -0.028527463 -0.28375518 -0.95889676 0 -0.079567574 -0.20886475 -0.9747023 -0.34663212 -0.93794578 0.010195058 -0.44718826 -0.89437646 -0.010647334 -0.54664218 -0.83669722 -0.033467874 -0.12663206 -0.12663206 -0.98383361 -0.63030243 -0.75389117 -0.18538307 -0.69383371 -0.64146894 -0.3272801 -0.51953834 -0.43960941 -0.73268241 -0.80249232 -0.45301983 0.38830274 -0.55431348 -0.38274035 -0.73908478 -0.30363926 -0.19118024 -0.93340945 -0.12242924 -0.084758654 -0.98885143 -0.11304161 -0.094201416 -0.98911458 -0.17551909 -0.16519444 -0.97051734 -0.024579419 -0.01638628 -0.99956357 -0.0079994835 -0.0079994835 -0.99993598 -0.68088752 -0.68088758 0.26978558 0 0 -1 -0.60040432 -0.79669023 0.069277376 -0.38313767 -0.91953051 0.087574288 -0.52141345 -0.8413716 0.14220367 0 0 -1 0 -0.0079362541 -0.99996853 -0.056844641 -0.16105968 -0.98530626 -0.036374141 -0.12730956 -0.99119586 -0.040078208 -0.27052805 -0.96187747 -0.082171135 -0.68084687 -0.7278018 -0.082171135 -0.68084687 -0.7278018 -0.045904264 -0.67708826 -0.73446858 -0.14585415 -0.66849858 -0.72927111 -0.10802767 -0.9398405 -0.32408294 -0.10802767 -0.9398405 -0.32408294 -0.094201341 -0.98911458 -0.11304168 -0.19384629 -0.92362058 -0.330679 -0.038095295 -0.19047619 -0.98095244 -0.28510639 -0.95714283 -0.050911829 -0.038095295 -0.19047619 -0.98095244 -0.28520942 -0.90316331 -0.32086065 -0.079567574 -0.20886475 -0.9747023 -0.079567574 -0.20886475 -0.9747023 -0.42089319 -0.87786305 -0.22848487 -0.52419543 -0.82896012 -0.19504945 -0.6000396 -0.73048317 -0.32610857 -0.45333329 -0.5066666 -0.73333335 -0.50847775 -0.46833479 -0.72257382 -0.65229034 -0.65229058 0.38604948 -0.25738928 -0.22381669 -0.94003022 -0.37829489 -0.37829489 -0.84485853 -0.65229034 -0.65229058 0.38604948 -0.052032508 -0.052032441 -0.99728894 -0.094201341 -0.11304168 -0.98911458 -0.14329799 -0.18424024 -0.97237909 -0.043006126 -0.05160727 -0.99774104 -0.0079994835 -0.0079994835 -0.99993598 -0.01638628 -0.024579419 -0.99956357 -0.088231079 -0.17646208 -0.98034495 -0.055515084 -0.12953526 -0.99001944 -0.035238516 -0.088096358 -0.99548852 -0.32157639 -0.86578244 0.38341796 -0.16660775 -0.48792234 -0.85683924 -0.10944171 -0.35021338 -0.93025428 -0.32157639 -0.86578244 0.38341796 -0.17241944 -0.66504681 -0.7266252 -0.19936244 -0.64792794 -0.73514903 -0.245635 -0.9123587 -0.3275134 -0.29769874 -0.62128437 -0.72483182 -0.37127692 -0.86631268 -0.33414924 -0.4869794 -0.80736065 -0.33319649 -0.38360998 -0.56880087 -0.72753614 -0.65229034 -0.65229058 0.38604948 -0.42575935 -0.53219914 -0.73177391 -0.55431348 -0.73908478 0.38274035 -0.22719936 -0.28399926 -0.93151748 -0.32702467 -0.42764759 -0.84271729 -0.55431348 -0.73908478 0.38274035 -0.094980031 -0.12347402 -0.98779196 -0.074701101 -0.12138936 -0.98979008 -0.43802646 -0.81163734 0.38649398 -0.098893672 -0.17800854 -0.97904706 -0.32157639 -0.86578244 0.38341796 -0.15562283 -0.32236156 -0.93373686 -0.43802646 -0.81163734 0.38649398 -0.26907599 -0.62784404 -0.73034924 -0.55431348 -0.73908478 0.38274035 -0.35517085 -0.59195155 -0.72349638 -0.43802646 -0.81163734 0.38649398 -0.14789367 -0.23240449 -0.96130931 </float_array>
          <technique_common>
            <accessor count="3944" offset="0" source="#meshId0-normals-array" stride="3">
              <param name="X" type="float" />
              <param name="Y" type="float" />
              <param name="Z" type="float" />
            </accessor>
          </technique_common>
        </source>
        <vertices id="meshId0-vertices">
          <input semantic="POSITION" source="#meshId0-positions" />
        </vertices>
        <polylist count="5910" material="defaultMaterial">
          <input offset="0" semantic="VERTEX" source="#meshId0-vertices" />
          <input offset="1" semantic="NORMAL" source="#meshId0-normals" />
          <vcount>3 3 3 3 3 3 3 3 3 3 3 3 3 3 3 3 3 3 3 3 3 3 3 3 3 3 3 3 3 3 3 3 3 3 3 3 3 3 3 3 3 3 3 3 3 3 3 3 3 3 3 3 3 3 3 3 3 3 3 3 3 3 3 3 3 3 3 3 3 3 3 3 3 3 3 3 3 3 3 3 3 3 3 3 3 3 3 3 3 3 3 3 3 3 3 3 3 3 3 3 3 3 3 3 3 3 3 3 3 3 3 3 3 3 3 3 3 3 3 3 3 3 3 3 3 3 3 3 3 3 3 3 3 3 3 3 3 3 3 3 3 3 3 3 3 3 3 3 3 3 3 3 3 3 3 3 3 3 3 3 3 3 3 3 3 3 3 3 3 3 3 3 3 3 3 3 3 3 3 3 3 3 3 3 3 3 3 3 3 3 3 3 3 3 3 3 3 3 3 3 3 3 3 3 3 3 3 3 3 3 3 3 3 3 3 3 3 3 3 3 3 3 3 3 3 3 3 3 3 3 3 3 3 3 3 3 3 3 3 3 3 3 3 3 3 3 3 3 3 3 3 3 3 3 3 3 3 3 3 3 3 3 3 3 3 3 3 3 3 3 3 3 3 3 3 3 3 3 3 3 3 3 3 3 3 3 3 3 3 3 3 3 3 3 3 3 3 3 3 3 3 3 3 3 3 3 3 3 3 3 3 3 3 3 3 3 3 3 3 3 3 3 3 3 3 3 3 3 3 3 3 3 3 3 3 3 3 3 3 3 3 3 3 3 3 3 3 3 3 3 3 3 3 3 3 3 3 3 3 3 3 3 3 3 3 3 3 3 3 3 3 3 3 3 3 3 3 3 3 3 3 3 3 3 3 3 3 3 3 3 3 3 3 3 3 3 3 3 3 3 3 3 3 3 3 3 3 3 3 3 3 3 3 3 3 3 3 3 3 3 3 3 3 3 3 3 3 3 3 3 3 3 3 3 3 3 3 3 3 3 3 3 3 3 3 3 3 3 3 3 3 3 3 3 3 3 3 3 3 3 3 3 3 3 3 3 3 3 3 3 3 3 3 3 3 3 3 3 3 3 3 3 3 3 3 3 3 3 3 3 3 3 3 3 3 3 3 3 3 3 3 3 3 3 3 3 3 3 3 3 3 3 3 3 3 3 3 3 3 3 3 3 3 3 3 3 3 3 3 3 3 3 3 3 3 3 3 3 3 3 3 3 3 3 3 3 3 3 3 3 3 3 3 3 3 3 3 3 3 3 3 3 3 3 3 3 3 3 3 3 3 3 3 3 3 3 3 3 3 3 3 3 3 3 3 3 3 3 3 3 3 3 3 3 3 3 3 3 3 3 3 3 3 3 3 3 3 3 3 3 3 3 3 3 3 3 3 3 3 3 3 3 3 3 3 3 3 3 3 3 3 3 3 3 3 3 3 3 3 3 3 3 3 3 3 3 3 3 3 3 3 3 3 3 3 3 3 3 3 3 3 3 3 3 3 3 3 3 3 3 3 3 3 3 3 3 3 3 3 3 3 3 3 3 3 3 3 3 3 3 3 3 3 3 3 3 3 3 3 3 3 3 3 3 3 3 3 3 3 3 3 3 3 3 3 3 3 3 3 3 3 3 3 3 3 3 3 3 3 3 3 3 3 3 3 3 3 3 3 3 3 3 3 3 3 3 3 3 3 3 3 3 3 3 3 3 3 3 3 3 3 3 3 3 3 3 3 3 3 3 3 3 3 3 3 3 3 3 3 3 3 3 3 3 3 3 3 3 3 3 3 3 3 3 3 3 3 3 3 3 3 3 3 3 3 3 3 3 3 3 3 3 3 3 3 3 3 3 3 3 3 3 3 3 3 3 3 3 3 3 3 3 3 3 3 3 3 3 3 3 3 3 3 3 3 3 3 3 3 3 3 3 3 3 3 3 3 3 3 3 3 3 3 3 3 3 3 3 3 3 3 3 3 3 3 3 3 3 3 3 3 3 3 3 3 3 3 3 3 3 3 3 3 3 3 3 3 3 3 3 3 3 3 3 3 3 3 3 3 3 3 3 3 3 3 3 3 3 3 3 3 3 3 3 3 3 3 3 3 3 3 3 3 3 3 3 3 3 3 3 3 3 3 3 3 3 3 3 3 3 3 3 3 3 3 3 3 3 3 3 3 3 3 3 3 3 3 3 3 3 3 3 3 3 3 3 3 3 3 3 3 3 3 3 3 3 3 3 3 3 3 3 3 3 3 3 3 3 3 3 3 3 3 3 3 3 3 3 3 3 3 3 3 3 3 3 3 3 3 3 3 3 3 3 3 3 3 3 3 3 3 3 3 3 3 3 3 3 3 3 3 3 3 3 3 3 3 3 3 3 3 3 3 3 3 3 3 3 3 3 3 3 3 3 3 3 3 3 3 3 3 3 3 3 3 3 3 3 3 3 3 3 3 3 3 3 3 3 3 3 3 3 3 3 3 3 3 3 3 3 3 3 3 3 3 3 3 3 3 3 3 3 3 3 3 3 3 3 3 3 3 3 3 3 3 3 3 3 3 3 3 3 3 3 3 3 3 3 3 3 3 3 3 3 3 3 3 3 3 3 3 3 3 3 3 3 3 3 3 3 3 3 3 3 3 3 3 3 3 3 3 3 3 3 3 3 3 3 3 3 3 3 3 3 3 3 3 3 3 3 3 3 3 3 3 3 3 3 3 3 3 3 3 3 3 3 3 3 3 3 3 3 3 3 3 3 3 3 3 3 3 3 3 3 3 3 3 3 3 3 3 3 3 3 3 3 3 3 3 3 3 3 3 3 3 3 3 3 3 3 3 3 3 3 3 3 3 3 3 3 3 3 3 3 3 3 3 3 3 3 3 3 3 3 3 3 3 3 3 3 3 3 3 3 3 3 3 3 3 3 3 3 3 3 3 3 3 3 3 3 3 3 3 3 3 3 3 3 3 3 3 3 3 3 3 3 3 3 3 3 3 3 3 3 3 3 3 3 3 3 3 3 3 3 3 3 3 3 3 3 3 3 3 3 3 3 3 3 3 3 3 3 3 3 3 3 3 3 3 3 3 3 3 3 3 3 3 3 3 3 3 3 3 3 3 3 3 3 3 3 3 3 3 3 3 3 3 3 3 3 3 3 3 3 3 3 3 3 3 3 3 3 3 3 3 3 3 3 3 3 3 3 3 3 3 3 3 3 3 3 3 3 3 3 3 3 3 3 3 3 3 3 3 3 3 3 3 3 3 3 3 3 3 3 3 3 3 3 3 3 3 3 3 3 3 3 3 3 3 3 3 3 3 3 3 3 3 3 3 3 3 3 3 3 3 3 3 3 3 3 3 3 3 3 3 3 3 3 3 3 3 3 3 3 3 3 3 3 3 3 3 3 3 3 3 3 3 3 3 3 3 3 3 3 3 3 3 3 3 3 3 3 3 3 3 3 3 3 3 3 3 3 3 3 3 3 3 3 3 3 3 3 3 3 3 3 3 3 3 3 3 3 3 3 3 3 3 3 3 3 3 3 3 3 3 3 3 3 3 3 3 3 3 3 3 3 3 3 3 3 3 3 3 3 3 3 3 3 3 3 3 3 3 3 3 3 3 3 3 3 3 3 3 3 3 3 3 3 3 3 3 3 3 3 3 3 3 3 3 3 3 3 3 3 3 3 3 3 3 3 3 3 3 3 3 3 3 3 3 3 3 3 3 3 3 3 3 3 3 3 3 3 3 3 3 3 3 3 3 3 3 3 3 3 3 3 3 3 3 3 3 3 3 3 3 3 3 3 3 3 3 3 3 3 3 3 3 3 3 3 3 3 3 3 3 3 3 3 3 3 3 3 3 3 3 3 3 3 3 3 3 3 3 3 3 3 3 3 3 3 3 3 3 3 3 3 3 3 3 3 3 3 3 3 3 3 3 3 3 3 3 3 3 3 3 3 3 3 3 3 3 3 3 3 3 3 3 3 3 3 3 3 3 3 3 3 3 3 3 3 3 3 3 3 3 3 3 3 3 3 3 3 3 3 3 3 3 3 3 3 3 3 3 3 3 3 3 3 3 3 3 3 3 3 3 3 3 3 3 3 3 3 3 3 3 3 3 3 3 3 3 3 3 3 3 3 3 3 3 3 3 3 3 3 3 3 3 3 3 3 3 3 3 3 3 3 3 3 3 3 3 3 3 3 3 3 3 3 3 3 3 3 3 3 3 3 3 3 3 3 3 3 3 3 3 3 3 3 3 3 3 3 3 3 3 3 3 3 3 3 3 3 3 3 3 3 3 3 3 3 3 3 3 3 3 3 3 3 3 3 3 3 3 3 3 3 3 3 3 3 3 3 3 3 3 3 3 3 3 3 3 3 3 3 3 3 3 3 3 3 3 3 3 3 3 3 3 3 3 3 3 3 3 3 3 3 3 3 3 3 3 3 3 3 3 3 3 3 3 3 3 3 3 3 3 3 3 3 3 3 3 3 3 3 3 3 3 3 3 3 3 3 3 3 3 3 3 3 3 3 3 3 3 3 3 3 3 3 3 3 3 3 3 3 3 3 3 3 3 3 3 3 3 3 3 3 3 3 3 3 3 3 3 3 3 3 3 3 3 3 3 3 3 3 3 3 3 3 3 3 3 3 3 3 3 3 3 3 3 3 3 3 3 3 3 3 3 3 3 3 3 3 3 3 3 3 3 3 3 3 3 3 3 3 3 3 3 3 3 3 3 3 3 3 3 3 3 3 3 3 3 3 3 3 3 3 3 3 3 3 3 3 3 3 3 3 3 3 3 3 3 3 3 3 3 3 3 3 3 3 3 3 3 3 3 3 3 3 3 3 3 3 3 3 3 3 3 3 3 3 3 3 3 3 3 3 3 3 3 3 3 3 3 3 3 3 3 3 3 3 3 3 3 3 3 3 3 3 3 3 3 3 3 3 3 3 3 3 3 3 3 3 3 3 3 3 3 3 3 3 3 3 3 3 3 3 3 3 3 3 3 3 3 3 3 3 3 3 3 3 3 3 3 3 3 3 3 3 3 3 3 3 3 3 3 3 3 3 3 3 3 3 3 3 3 3 3 3 3 3 3 3 3 3 3 3 3 3 3 3 3 3 3 3 3 3 3 3 3 3 3 3 3 3 3 3 3 3 3 3 3 3 3 3 3 3 3 3 3 3 3 3 3 3 3 3 3 3 3 3 3 3 3 3 3 3 3 3 3 3 3 3 3 3 3 3 3 3 3 3 3 3 3 3 3 3 3 3 3 3 3 3 3 3 3 3 3 3 3 3 3 3 3 3 3 3 3 3 3 3 3 3 3 3 3 3 3 3 3 3 3 3 3 3 3 3 3 3 3 3 3 3 3 3 3 3 3 3 3 3 3 3 3 3 3 3 3 3 3 3 3 3 3 3 3 3 3 3 3 3 3 3 3 3 3 3 3 3 3 3 3 3 3 3 3 3 3 3 3 3 3 3 3 3 3 3 3 3 3 3 3 3 3 3 3 3 3 3 3 3 3 3 3 3 3 3 3 3 3 3 3 3 3 3 3 3 3 3 3 3 3 3 3 3 3 3 3 3 3 3 3 3 3 3 3 3 3 3 3 3 3 3 3 3 3 3 3 3 3 3 3 3 3 3 3 3 3 3 3 3 3 3 3 3 3 3 3 3 3 3 3 3 3 3 3 3 3 3 3 3 3 3 3 3 3 3 3 3 3 3 3 3 3 3 3 3 3 3 3 3 3 3 3 3 3 3 3 3 3 3 3 3 3 3 3 3 3 3 3 3 3 3 3 3 3 3 3 3 3 3 3 3 3 3 3 3 3 3 3 3 3 3 3 3 3 3 3 3 3 3 3 3 3 3 3 3 3 3 3 3 3 3 3 3 3 3 3 3 3 3 3 3 3 3 3 3 3 3 3 3 3 3 3 3 3 3 3 3 3 3 3 3 3 3 3 3 3 3 3 3 3 3 3 3 3 3 3 3 3 3 3 3 3 3 3 3 3 3 3 3 3 3 3 3 3 3 3 3 3 3 3 3 3 3 3 3 3 3 3 3 3 3 3 3 3 3 3 3 3 3 3 3 3 3 3 3 3 3 3 3 3 3 3 3 3 3 3 3 3 3 3 3 3 3 3 3 3 3 3 3 3 3 3 3 3 3 3 3 3 3 3 3 3 3 3 3 3 3 3 3 3 3 3 3 3 3 3 3 3 3 3 3 3 3 3 3 3 3 3 3 3 3 3 3 3 3 3 3 3 3 3 3 3 3 3 3 3 3 3 3 3 3 3 3 3 3 3 3 3 3 3 3 3 3 3 3 3 3 3 3 3 3 3 3 3 3 3 3 3 3 3 3 3 3 3 3 3 3 3 3 3 3 3 3 3 3 3 3 3 3 3 3 3 3 3 3 3 3 3 3 3 3 3 3 3 3 3 3 3 3 3 3 3 3 3 3 3 3 3 3 3 3 3 3 3 3 3 3 3 3 3 3 3 3 3 3 3 3 3 3 3 3 3 3 3 3 3 3 3 3 3 3 3 3 3 3 3 3 3 3 3 3 3 3 3 3 3 3 3 3 3 3 3 3 3 3 3 3 3 3 3 3 3 3 3 3 3 3 3 3 3 3 3 3 3 3 3 3 3 3 3 3 3 3 3 3 3 3 3 3 3 3 3 3 3 3 3 3 3 3 3 3 3 3 3 3 3 3 3 3 3 3 3 3 3 3 3 3 3 3 3 3 3 3 3 3 3 3 3 3 3 3 3 3 3 3 3 3 3 3 3 3 3 3 3 3 3 3 3 3 3 3 3 3 3 3 3 3 3 3 3 3 3 3 3 3 3 3 3 3 3 3 3 3 3 3 3 3 3 3 3 3 3 3 3 3 3 3 3 3 3 3 3 3 3 3 3 3 3 3 3 3 3 3 3 3 3 3 3 3 3 3 3 3 3 3 3 3 3 3 3 3 3 3 3 3 3 3 3 3 3 3 3 3 3 3 3 3 3 3 3 3 3 3 3 3 3 3 3 3 3 3 3 3 3 3 3 3 3 3 3 3 3 3 3 3 3 3 3 3 3 3 3 3 3 3 3 3 3 3 3 3 3 3 3 3 3 3 3 3 3 3 3 3 3 3 3 3 3 3 3 3 3 3 3 3 3 3 3 3 3 3 3 3 3 3 3 3 3 3 3 3 3 3 3 3 3 3 3 3 3 3 3 3 3 3 3 3 3 3 3 3 3 3 3 3 3 3 3 3 3 3 3 3 3 3 3 3 3 3 3 3 3 3 3 3 3 3 3 3 3 3 3 3 3 3 3 3 3 3 3 3 3 3 3 3 3 3 3 3 3 3 3 3 3 3 3 3 3 3 3 3 3 3 3 3 3 3 3 3 3 3 3 3 3 3 3 3 3 3 3 3 3 3 3 3 3 3 3 3 3 3 3 3 3 3 3 3 3 3 3 3 3 3 3 3 3 3 3 3 3 3 3 3 3 3 3 3 3 3 3 3 3 3 3 3 3 3 3 3 3 3 3 3 3 3 3 3 3 3 3 3 3 3 3 3 3 3 3 3 3 3 3 3 3 3 3 3 3 3 3 3 3 3 3 3 3 3 3 3 3 3 3 3 3 3 3 3 3 3 3 3 3 3 3 3 3 3 3 3 3 3 3 3 3 3 3 3 3 3 3 3 3 3 3 3 3 3 3 3 3 3 3 3 3 3 3 3 3 3 3 3 3 3 3 3 3 3 3 3 3 3 3 3 3 3 3 3 3 3 3 3 3 3 3 3 3 3 3 3 3 3 3 3 3 3 3 3 3 3 3 3 3 3 3 3 3 3 3 3 3 3 3 3 3 3 3 3 3 3 3 3 3 3 3 3 3 3 3 3 3 3 3 3 3 3 3 3 3 3 3 3 3 3 3 3 3 3 3 3 3 3 3 3 3 3 3 3 3 3 3 3 3 3 3 3 3 3 3 3 3 3 3 3 3 3 3 3 3 3 3 3 3 3 3 3 3 3 3 3 3 3 3 3 3 3 3 3 3 3 3 3 3 3 3 3 3 3 3 3 3 3 3 3 3 3 3 3 3 3 3 3 3 3 3 3 3 3 3 3 3 3 3 3 3 3 3 3 3 3 3 3 3 3 3 3 3 3 3 3 3 3 3 3 3 3 3 3 3 3 3 3 3 3 3 3 3 3 3 3 3 3 3 3 3 3 3 3 3 3 3 3 3 3 3 3 3 3 3 3 3 3 3 3 3 3 3 3 3 3 3 3 3 3 3 3 3 3 3 3 3 3 3 3 3 3 3 3 3 3 3 3 3 3 3 3 3 3 3 3 3 3 3 3 3 3 3 3 3 3 3 3 3 3 3 3 3 3 3 3 3 3 3 3 3 3 3 3 3 3 3 3 3 3 3 3 3 3 3 3 3 3 3 3 3 3 3 3 3 3 3 3 3 3 3 3 3 3 3 3 3 3 3 3 3 3 3 3 3 3 3 3 3 3 3 3 3 3 3 3 3 3 3 3 3 3 3 3 3 3 3 3 3 3 3 3 3 3 3 3 3 3 3 3 3 3 3 3 3 3 3 3 3 3 3 3 3 3 3 3 3 3 3 3 3 3 3 3 3 3 3 3 3 3 3 3 3 3 3 3 3 3 3 3 3 3 3 3 3 3 3 3 3 3 3 3 3 3 3 3 3 3 3 3 3 3 3 3 3 3 3 3 3 3 3 3 3 3 3 3 3 3 3 3 3 3 3 3 3 3 3 3 3 3 3 3 3 3 3 3 3 3 3 3 3 3 3 3 3 3 3 3 3 3 3 3 3 3 3 3 3 3 3 3 3 3 3 3 3 3 3 3 3 3 3 3 3 3 3 3 3 3 3 3 3 3 3 3 3 3 3 3 3 3 3 3 3 3 3 3 3 3 3 3 3 3 3 3 3 3 3 3 3 3 3 3 3 3 3 3 3 3 3 3 3 3 3 3 3 3 3 3 3 3 3 3 3 3 3 3 3 3 3 3 3 3 3 3 3 3 3 3 3 3 3 3 3 3 3 3 3 3 3 3 3 3 3 3 3 3 3 3 3 3 3 3 3 3 3 3 3 3 3 3 3 3 3 3 3 3 3 3 3 3 3 3 3 3 3 3 3 3 3 3 3 3 3 3 3 3 3 3 3 3 3 3 3 3 3 3 3 3 3 3 3 3 3 3 3 3 3 3 3 3 3 3 3 3 3 3 3 3 3 3 3 3 3 3 3 3 3 3 3 3 3 3 3 3 3 3 3 3 3 3 3 3 3 3 3 3 3 3 3 3 3 3 3 3 3 3 3 3 3 3 3 3 3 3 3 3 3 3 3 3 3 3 3 3 3 3 3 3 3 3 3 3 3 3 3 3 3 3 3 3 3 3 3 3 3 3 3 3 3 3 3 3 3 3 3 3 3 3 3 3 3 3 3 3 3 3 3 3 3 3 3 3 3 3 3 3 3 3 3 3 3 3 3 3 3 3 3 3 3 3 3 3 3 3 3 3 3 3 3 3 3 3 3 3 3 3 3 3 3 3 3 3 3 3 3 3 3 3 3 3 3 3 3 3 3 3 3 3 3 3 3 3 3 3 3 3 3 3 3 3 3 3 3 3 3 3 3 3 3 3 3 3 3 3 3 3 3 3 3 3 3 3 3 3 3 3 3 3 3 3 3 3 3 3 3 3 3 3 3 3 3 3 3 3 3 3 3 3 3 3 3 3 3 3 3 3 3 3 3 3 3 3 3 3 3 3 3 3 3 3 3 3 3 3 3 3 3 3 3 3 3 3 3 3 3 3 3 3 3 3 3 3 3 3 3 3 3 3 3 3 3 3 3 3 3 3 3 3 3 3 3 3 3 3 3 3 3 3 3 3 3 3 3 3 3 3 3 3 3 3 3 3 3 3 3 3 3 3 3 3 3 3 3 3 3 3 3 3 3 3 3 3 3 3 3 3 3 3 3 3 3 3 3 3 3 3 3 3 3 3 3 3 3 3 3 3 3 3 3 3 3 3 3 3 3 3 3 3 3 3 3 3 3 3 3 3 3 3 3 3 3 3 3 3 3 3 3 3 3 3 3 3 3 3 3 3 3 3 3 3 3 3 3 3 3 3 3 3 3 3 3 3 3 3 3 3 3 3 3 3 3 3 3 3 3 3 3 3 3 3 3 3 3 3 3 3 3 3 3 3 3 3 3 3 3 3 3 3 3 3 3 3 3 3 3 3 3 3 3 3 3 3 3 3 3 3 3 3 3 3 3 3 3 3 3 3 3 3 3 3 3 3 3 3 3 3 3 3 3 3 3 3 3 3 3 3 3 3 3 3 3 3 3 3 3 3 3 3 3 3 3 3 3 3 3 3 3 3 3 3 3 3 3 3 3 3 3 3 3 3 3 3 3 3 3 3 3 3 3 3 3 3 3 3 3 3 3 3 3 3 3 3 3 3 3 3 3 3 3 3 3 3 3 3 3 3 3 3 3 3 3 3 3 3 3 3 3 3 3 3 3 3 3 3 3 3 3 3 3 3 3 3 3 3 3 3 3 3 3 3 3 3 3 3 3 3 3 3 3 3 3 3 3 3 3 3 3 3 3 3 3 3 3 3 3 3 3 3 3 3 3 3 3 3 3 3 3 3 3 3 3 3 3 3 3 3 3 3 3 3 3 3 3 3 3 3 3 3 3 3 3 3 3 3 3 3 3 3 3 3 3 3 3 3 3 3 3 3 3 3 3 3 3 3 3 3 3 3 3 3 3 3 3 3 3 3 3 3 3 3 3 3 3 3 3 3 3 3 3 3 3 3 3 3 3 3 3 3 3 3 3 3 3 3 3 3 3 3 3 3 3 3 3 3 3 3 3 3 3 3 3 3 3 3 3 3 3 3 3 3 3 3 3 3 3 3 3 3 3 3 3 3 3 3 3 3 3 3 3 3 3 3 3 3 3 3 3 3 3 3 3 3 3 3 3 3 3 3 3 3 3 3 3 3 3 3 3 3 3 3 3 3 3 3 3 3 3 3 3 3 3 3 3 3 3 3 3 3 3 3 3 3 3 3 3 3 3 3 3 3 3 3 3 3 3 3 3 3 3 3 3 3 3 3 3 3 3 3 3 3 3 3 3 3 3 3 3 3 3 3 3 3 3 3 3 3 3 3 3 3 3 3 3 3 3 3 3 3 3 3 3 3 3 3 3 3 3 3 3 3 3 3 3 3 3 3 3 3 3 3 3 3 3 3 3 3 3 3 3 3 3 3 3 3 3 3 3 3 3 3 3 3 3 3 3 3 3 3 3 3 3 3 3 3 3 3 3 3 3 3 3 3 3 3 3 3 3 3 3 3 3 3 3 3 3 3 3 3 3 3 3 3 3 3 3 3 3 3 3 3 3 3 3 3 3 3 3 3 3 3 3 3 3 3 3 3 3 3 3 3 3 3 3 3 3 3 3 3 3 3 3 3 3 3 3 3 3 3 3 3 3 3 3 3 3 3 3 3 3 3 3 3 3 3 3 3 3 3 3 3 3 3 3 3 3 3 3 3 3 3 3 3 3 3 3 3 3 3 3 3 3 3 3 3 3 3 3 3 3 3 3 3 3 3 3 3 3 3 3 3 3 3 3 3 3 3 3 3 3 3 3 3 3 3 3 3 3 3 3 3 3 3 3 3 3 3 3 3 3 3 3 3 3 3 3 3 3 3 3 3 3 3 3 3 3 3 3 3 3 3 3 3 3 3 3 3 3 3 3 3 3 3 3 3 3 3 3 3 3 3 3 3 3 3 3 3 3 3 3 3 3 3 3 3 3 3 3 3 3 3 3 3 3 3 3 3 3 3 3 3 3 3 3 3 3 3 3 3 3 3 3 3 3 3 3 3 3 3 3 3 3 3 3 3 3 3 3 3 3 3 3 3 3 3 3 3 3 3 3 3 3 3 3 3 3 3 3 3 3 3 3 3 3 3 3 3 3 3 3 3 3 3 3 3 3 3 3 3 3 3 3 3 3 3 3 3 3 3 3 3 3 3 3 3 3 3 3 3 3 3 3 3 3 3 3 3 3 3 3 3 3 3 3 3 3 3 3 3 3 3 3 3 3 3 3 3 3 3 3 3 3 3 3 3 3 3 3 3 3 3 3 3 3 3 3 3 3 3 3 3 3 3 3 3 3 3 3 3 3 3 3 3 3 3 3 3 3 3 3 3 3 3 3 3 3 3 3 3 3 3 3 3 3 3 3 3 3 3 3 3 3 3 3 3 3 3 3 3 3 3 3 3 3 3 3 3 3 3 3 3 3 3 3 3 3 3 3 3 3 3 3 3 3 3 3 3 3 3 3 3 3 3 3 3 3 3 3 3 3 3 3 3 3 3 3 3 3 3 3 3 3 3 3 3 3 3 3 3 3 3 3 3 3 3 3 3 3 3 3 3 3 3 3 3 3 3 3 3 3 3 3 3 3 3 3 3 3 3 3 3 3 3 3 3 3 3 3 3 3 3 3 3 3 3 3 3 3 3 3 3 3 3 3 3 3 3 3 3 3 3 3 3 3 3 3 3 3 3 3 3 3 3 3 3 3 3 3 3 3 3 3 3 3 3 3 3 3 3 3 3 3 3 3 3 3 3 3 3 3 3 3 3 3 3 3 3 3 3 3 3 3 3 3 3 3 3 3 3 3 3 3 3 3 3 3 3 3 3 3 3 3 3 3 3 3 3 3 3 3 3 3 3 3 3 3 3 3 3 3 3 3 3 3 3 3 3 3 3 3 3 3 3 3 3 3 3 3 3 3 3 3 3 3 3 3 3 3 3 3 3 3 3 3 3 3 3 3 3 3 3 3 3 3 3 3 3 3 3 3 3 3 3 3 3 3 3 3 3 3 3 3 3 3 3 3 3 3 3 3 3 3 3 3 3 3 3 3 3 3 3 3 3 3 3 3 3 3 3 3 3 3 3 3 3 3 3 3 3 3 3 3 3 3 3 3 3 3 3 3 3 3 3 3 3 3 3 3 3 3 3 3 3 3 3 3 3 3 3 3 3 3 3 3 3 3 3 3 3 3 3 3 3 3 3 3 3 3 3 3 3 3 3 3 3 3 3 3 3 3 3 3 3 3 3 3 3 3 3 3 3 3 3 3 3 3 3 3 3 3 3 3 3 3 3 3 3 3 3 3 3 3 3 3 3 3 3 3 3 3 3 3 3 3 3 3 3 3 3 3 3 3 3 3 3 3 3 3 3 3 3 3 3 3 3 3 3 3 3 3 3 3 3 3 3 3 3 3 3 3 3 3 3 3 3 3 3 3 3 3 3 3 3 3 3 3 3 </vcount>
          <p>0 0 1 1 2 2 3 3 4 4 5 5 6 6 7 7 8 8 8 8 7 7 9 9 7 7 10 10 9 9 9 9 10 10 11 11 10 10 12 12 11 11 11 11 12 12 13 13 13 13 12 12 14 14 12 12 15 15 14 14 14 14 15 15 16 16 15 15 17 17 16 16 16 16 17 17 18 18 18 18 17 17 19 19 20 20 21 21 22 22 21 21 23 23 22 22 22 22 23 23 24 24 23 23 25 25 24 24 25 25 26 26 24 24 24 24 26 26 27 27 26 26 28 28 27 27 27 27 28 28 29 29 30 30 31 31 32 32 32 32 31 31 33 33 34 34 35 35 36 36 36 36 35 35 37 37 35 35 38 38 37 37 39 39 40 40 41 41 40 40 42 42 41 41 42 42 43 43 41 41 43 43 44 44 41 41 41 41 44 44 45 45 46 46 45 45 47 47 45 45 44 44 47 47 47 47 44 44 48 48 44 44 43 43 48 48 48 48 43 43 50 50 43 43 52 52 50 50 50 50 52 52 53 53 52 52 55 55 53 53 53 53 55 55 56 56 55 55 37 37 56 56 37 37 38 38 56 56 56 56 38 38 57 57 57 57 38 38 58 58 38 38 59 59 58 58 58 58 59 59 60 60 59 59 61 61 60 60 60 60 61 61 62 62 61 61 33 33 62 62 33 33 31 31 62 62 62 62 31 31 63 63 63 63 31 31 64 64 31 31 30 30 64 64 64 64 30 30 65 65 30 30 29 29 65 65 29 29 28 28 65 65 65 65 28 28 66 66 66 66 28 28 67 67 28 28 26 26 67 67 67 67 26 26 68 68 26 26 25 25 68 68 68 68 25 25 69 69 69 69 25 25 70 70 25 25 23 23 70 70 70 70 23 23 71 71 23 23 21 21 71 71 71 71 21 21 72 72 72 72 21 21 73 73 21 21 20 20 73 73 20 20 74 74 73 73 73 73 74 74 75 75 74 74 76 76 75 75 75 75 76 76 77 77 76 76 78 78 77 77 78 78 79 79 77 77 77 77 79 79 80 80 80 80 79 79 81 81 81 81 79 79 82 82 82 82 79 79 83 83 83 83 79 79 84 84 84 84 79 79 85 85 79 79 78 78 85 85 85 85 78 78 86 86 78 78 76 76 86 86 86 86 76 76 87 87 76 76 74 74 87 87 87 87 74 74 88 88 74 74 20 20 88 88 88 88 20 20 89 89 20 20 22 22 89 89 89 89 22 22 90 90 22 22 24 24 90 90 24 24 27 27 90 90 90 90 27 27 91 91 27 27 29 29 91 91 91 91 29 29 92 92 29 29 30 30 92 92 30 30 32 32 92 92 92 92 32 32 93 93 93 93 32 32 94 94 32 32 33 33 94 94 94 94 33 33 95 95 33 33 61 61 95 95 95 95 61 61 96 96 61 61 59 59 96 96 96 96 59 59 97 97 59 59 38 38 97 97 38 38 35 35 97 97 97 97 35 35 98 98 35 35 34 34 98 98 98 98 34 34 99 99 34 34 36 36 99 99 99 99 36 36 100 100 100 100 36 36 101 101 36 36 37 37 101 101 37 37 54 54 101 101 54 54 51 51 101 101 101 101 51 51 102 102 102 102 51 51 103 103 52 52 43 43 103 103 103 103 43 43 104 104 43 43 42 42 104 104 104 104 42 42 105 105 42 42 40 40 105 105 105 105 40 40 106 106 106 106 40 40 107 107 40 40 39 39 107 107 39 39 19 19 107 107 107 107 19 19 108 108 19 19 17 17 108 108 108 108 17 17 109 109 17 17 15 15 109 109 109 109 15 15 110 110 15 15 12 12 110 110 12 12 10 10 110 110 110 110 10 10 111 111 10 10 7 7 111 111 111 111 7 7 112 112 7 7 6 6 112 112 112 112 6 6 113 113 6 6 114 114 113 113 113 113 114 114 115 115 114 114 116 116 115 115 115 115 116 116 117 117 118 118 117 117 119 119 117 117 116 116 119 119 119 119 116 116 120 120 120 120 116 116 121 121 116 116 114 114 121 121 121 121 114 114 122 122 114 114 6 6 122 122 6 6 8 8 122 122 122 122 8 8 123 123 123 123 8 8 124 124 8 8 9 9 124 124 124 124 9 9 125 125 9 9 11 11 125 125 125 125 11 11 126 126 11 11 13 13 126 126 126 126 13 13 127 127 127 127 13 13 128 128 13 13 14 14 128 128 128 128 14 14 129 129 14 14 16 16 129 129 129 129 16 16 130 130 16 16 18 18 130 130 130 130 18 18 131 131 131 131 18 18 132 132 18 18 19 19 132 132 19 19 39 39 132 132 132 132 39 39 133 133 39 39 41 41 133 133 41 41 45 45 133 133 134 134 133 133 135 135 133 133 45 45 135 135 45 45 46 46 135 135 135 135 46 46 136 136 136 136 46 46 137 137 46 46 47 47 137 137 137 137 47 47 138 138 47 47 48 48 138 138 48 48 50 50 138 138 139 139 49 49 141 141 50 50 53 53 140 140 142 142 53 53 143 143 53 53 56 56 143 143 56 56 57 57 143 143 144 144 143 143 145 145 143 143 57 57 145 145 145 145 57 57 146 146 57 57 58 58 146 146 146 146 58 58 147 147 58 58 60 60 147 147 60 60 62 62 147 147 62 62 63 63 147 147 147 147 63 63 148 148 148 148 63 63 149 149 63 63 64 64 149 149 149 149 64 64 150 150 64 64 65 65 150 150 65 65 66 66 150 150 150 150 66 66 151 151 151 151 66 66 152 152 66 66 67 67 152 152 152 152 67 67 153 153 67 67 68 68 153 153 153 153 68 68 154 154 68 68 69 69 154 154 154 154 69 69 155 155 155 155 69 69 156 156 69 69 70 70 156 156 156 156 70 70 157 157 70 70 71 71 157 157 157 157 71 71 158 158 71 71 72 72 158 158 158 158 72 72 159 159 159 159 72 72 160 160 72 72 73 73 160 160 73 73 75 75 160 160 160 160 75 75 161 161 75 75 77 77 161 161 162 162 161 161 163 163 163 163 161 161 164 164 161 161 77 77 164 164 77 77 80 80 164 164 165 165 164 164 166 166 164 164 80 80 166 166 80 80 81 81 166 166 166 166 81 81 168 168 81 81 82 82 168 168 168 168 82 82 169 169 171 171 82 82 172 172 82 82 83 83 172 172 172 172 83 83 173 173 174 174 176 176 178 178 175 175 181 181 177 177 179 179 180 180 182 182 180 180 173 173 182 182 173 173 83 83 182 182 182 182 83 83 183 183 83 83 84 84 183 183 183 183 84 84 184 184 84 84 85 85 184 184 184 184 85 85 185 185 85 85 86 86 185 185 185 185 86 86 186 186 86 86 87 87 186 186 186 186 87 87 187 187 87 87 88 88 187 187 187 187 88 88 188 188 88 88 89 89 188 188 89 89 90 90 188 188 90 90 91 91 188 188 188 188 91 91 189 189 91 91 92 92 189 189 92 92 93 93 189 189 189 189 93 93 190 190 93 93 94 94 190 190 190 190 94 94 191 191 94 94 95 95 191 191 191 191 95 95 192 192 95 95 96 96 192 192 192 192 96 96 193 193 96 96 97 97 193 193 97 97 98 98 193 193 193 193 98 98 194 194 194 194 98 98 195 195 98 98 99 99 195 195 99 99 196 196 195 195 195 195 196 196 197 197 196 196 198 198 197 197 198 198 199 199 197 197 200 200 197 197 201 201 197 197 199 199 201 201 201 201 199 199 202 202 199 199 198 198 202 202 198 198 196 196 202 202 196 196 99 99 202 202 202 202 99 99 203 203 99 99 100 100 203 203 100 100 101 101 203 203 101 101 102 102 203 203 203 203 102 102 204 204 204 204 102 102 205 205 102 102 103 103 205 205 103 103 104 104 205 205 205 205 104 104 206 206 104 104 105 105 206 206 206 206 105 105 207 207 105 105 106 106 207 207 207 207 106 106 208 208 208 208 106 106 209 209 106 106 107 107 209 209 107 107 108 108 209 209 209 209 108 108 210 210 108 108 109 109 210 210 210 210 109 109 211 211 109 109 110 110 211 211 110 110 111 111 211 211 211 211 111 111 212 212 111 111 112 112 212 212 212 212 112 112 213 213 112 112 113 113 213 213 213 213 113 113 214 214 113 113 115 115 214 214 214 214 115 115 215 215 115 115 117 117 215 215 215 215 117 117 216 216 117 117 118 118 216 216 216 216 118 118 217 217 217 217 118 118 218 218 118 118 119 119 218 218 218 218 119 119 219 219 220 220 219 219 221 221 221 221 219 219 222 222 222 222 219 219 223 223 219 219 119 119 223 223 119 119 120 120 223 223 223 223 120 120 224 224 224 224 120 120 225 225 120 120 121 121 225 225 225 225 121 121 226 226 226 226 121 121 227 227 121 121 122 122 227 227 122 122 123 123 227 227 227 227 123 123 228 228 228 228 123 123 229 229 123 123 124 124 229 229 124 124 125 125 229 229 229 229 125 125 230 230 230 230 125 125 231 231 231 231 125 125 232 232 125 125 126 126 232 232 126 126 127 127 232 232 232 232 127 127 233 233 233 233 127 127 234 234 127 127 128 128 234 234 234 234 128 128 235 235 128 128 129 129 235 235 235 235 129 129 236 236 129 129 130 130 236 236 236 236 130 130 237 237 237 237 130 130 238 238 238 238 130 130 239 239 130 130 131 131 239 239 239 239 131 131 240 240 131 131 132 132 240 240 132 132 133 133 240 240 240 240 133 133 241 241 241 241 133 133 242 242 133 133 134 134 242 242 242 242 134 134 243 243 134 134 135 135 243 243 243 243 135 135 244 244 135 135 136 136 244 244 244 244 136 136 245 245 136 136 137 137 245 245 245 245 137 137 246 246 246 246 137 137 247 247 137 137 138 138 247 247 247 247 138 138 248 248 138 138 142 142 248 248 248 248 142 142 249 249 142 142 143 143 249 249 249 249 143 143 250 250 143 143 144 144 250 250 250 250 144 144 251 251 144 144 145 145 251 251 251 251 145 145 252 252 252 252 145 145 253 253 145 145 146 146 253 253 253 253 146 146 254 254 254 254 146 146 255 255 146 146 147 147 255 255 147 147 148 148 255 255 255 255 148 148 256 256 256 256 148 148 257 257 257 257 148 148 258 258 148 148 149 149 258 258 258 258 149 149 259 259 149 149 150 150 259 259 150 150 151 151 259 259 259 259 151 151 260 260 260 260 151 151 261 261 151 151 152 152 261 261 261 261 152 152 262 262 152 152 153 153 262 262 262 262 153 153 263 263 153 153 154 154 263 263 263 263 154 154 264 264 264 264 154 154 265 265 265 265 154 154 266 266 154 154 155 155 266 266 155 155 156 156 266 266 266 266 156 156 267 267 267 267 156 156 268 268 156 156 157 157 268 268 268 268 157 157 269 269 157 157 158 158 269 269 269 269 158 158 270 270 270 270 158 158 271 271 158 158 159 159 271 271 271 271 159 159 272 272 272 272 159 159 273 273 159 159 160 160 273 273 273 273 160 160 274 274 160 160 161 161 274 274 274 274 161 161 275 275 161 161 162 162 275 275 275 275 162 162 276 276 276 276 162 162 277 277 162 162 163 163 277 277 277 277 163 163 278 278 163 163 164 164 278 278 164 164 165 165 278 278 278 278 165 165 279 279 279 279 165 165 280 280 280 280 165 165 281 281 165 165 166 166 281 281 166 166 167 167 281 281 281 281 167 167 282 282 167 167 170 170 282 282 170 170 283 283 282 282 283 283 284 284 282 282 284 284 285 285 282 282 285 285 286 286 282 282 287 287 288 288 289 289 289 289 288 288 282 282 282 282 288 288 290 290 290 290 291 291 292 292 292 292 291 291 293 293 294 294 293 293 295 295 293 293 291 291 295 295 295 295 291 291 296 296 291 291 290 290 296 296 290 290 288 288 296 296 288 288 287 287 296 296 296 296 287 287 297 297 297 297 287 287 298 298 287 287 289 289 298 298 289 289 282 282 298 298 298 298 282 282 299 299 282 282 286 286 299 299 299 299 286 286 300 300 286 286 285 285 300 300 285 285 284 284 300 300 300 300 284 284 301 301 284 284 283 283 301 301 283 283 170 170 301 301 302 302 301 301 303 303 303 303 301 301 304 304 301 301 170 170 304 304 171 171 172 172 304 304 172 172 173 173 304 304 304 304 173 173 305 305 173 173 180 180 305 305 305 305 180 180 306 306 180 180 176 176 306 306 306 306 176 176 307 307 176 176 174 174 307 307 307 307 174 174 308 308 309 309 308 308 310 310 308 308 174 174 310 310 311 311 310 310 312 312 310 310 174 174 312 312 174 174 178 178 312 312 179 179 182 182 312 312 182 182 183 183 312 312 312 312 183 183 313 313 183 183 184 184 313 313 313 313 184 184 314 314 184 184 185 185 314 314 314 314 185 185 315 315 185 185 186 186 315 315 186 186 187 187 315 315 187 187 188 188 315 315 315 315 188 188 316 316 188 188 189 189 316 316 189 189 190 190 316 316 316 316 190 190 317 317 317 317 190 190 318 318 190 190 191 191 318 318 318 318 191 191 319 319 191 191 192 192 319 319 319 319 192 192 320 320 192 192 193 193 320 320 193 193 194 194 320 320 320 320 194 194 321 321 194 194 195 195 321 321 195 195 197 197 321 321 197 197 200 200 321 321 200 200 322 322 321 321 321 321 322 322 323 323 323 323 322 322 324 324 322 322 200 200 324 324 324 324 200 200 325 325 200 200 201 201 325 325 201 201 202 202 325 325 202 202 203 203 325 325 203 203 204 204 325 325 325 325 204 204 326 326 326 326 204 204 327 327 204 204 205 205 327 327 205 205 206 206 327 327 327 327 206 206 328 328 206 206 207 207 328 328 328 328 207 207 329 329 207 207 208 208 329 329 329 329 208 208 330 330 208 208 209 209 330 330 209 209 210 210 330 330 210 210 211 211 330 330 211 211 212 212 330 330 330 330 212 212 331 331 212 212 213 213 331 331 331 331 213 213 332 332 213 213 214 214 332 332 332 332 214 214 333 333 214 214 215 215 333 333 333 333 215 215 334 334 215 215 216 216 334 334 334 334 216 216 335 335 216 216 217 217 335 335 335 335 217 217 336 336 336 336 217 217 337 337 217 217 218 218 337 337 337 337 218 218 338 338 218 218 219 219 338 338 219 219 220 220 338 338 5 5 338 338 339 339 338 338 220 220 339 339 339 339 220 220 340 340 220 220 221 221 340 340 340 340 221 221 343 343 221 221 222 222 343 343 222 222 223 223 343 343 223 223 224 224 343 343 224 224 225 225 343 343 225 225 226 226 343 343 226 226 227 227 343 343 343 343 227 227 345 345 227 227 228 228 345 345 228 228 229 229 345 345 229 229 230 230 345 345 345 345 230 230 347 347 230 230 231 231 347 347 231 231 232 232 347 347 232 232 233 233 347 347 347 347 233 233 349 349 233 233 234 234 349 349 234 234 235 235 349 349 235 235 236 236 349 349 236 236 237 237 349 349 349 349 237 237 351 351 237 237 238 238 351 351 238 238 239 239 351 351 239 239 240 240 351 351 351 351 240 240 353 353 240 240 241 241 353 353 241 241 242 242 353 353 242 242 243 243 353 353 353 353 243 243 354 354 243 243 244 244 354 354 244 244 245 245 354 354 245 245 246 246 354 354 246 246 247 247 356 356 356 356 247 247 357 357 247 247 248 248 357 357 248 248 249 249 357 357 249 249 250 250 359 359 250 250 251 251 359 359 251 251 252 252 359 359 252 252 253 253 359 359 253 253 254 254 359 359 254 254 255 255 359 359 255 255 256 256 359 359 359 359 256 256 361 361 256 256 257 257 361 361 257 257 258 258 361 361 258 258 259 259 361 361 361 361 259 259 363 363 259 259 260 260 363 363 260 260 261 261 363 363 261 261 262 262 363 363 262 262 263 263 363 363 363 363 263 263 365 365 263 263 264 264 365 365 264 264 265 265 365 365 265 265 266 266 365 365 365 365 266 266 367 367 266 266 267 267 367 367 267 267 268 268 367 367 268 268 269 269 367 367 367 367 269 269 369 369 269 269 270 270 369 369 270 270 271 271 369 369 271 271 272 272 369 369 272 272 273 273 369 369 369 369 273 273 371 371 273 273 274 274 371 371 274 274 275 275 371 371 275 275 276 276 371 371 276 276 277 277 371 371 371 371 277 277 373 373 277 277 278 278 373 373 278 278 279 279 373 373 279 279 280 280 373 373 280 280 281 281 373 373 281 281 282 282 373 373 282 282 290 290 373 373 290 290 292 292 373 373 292 292 374 374 373 373 373 373 374 374 376 376 376 376 374 374 378 378 374 374 292 292 378 378 378 378 292 292 380 380 292 292 293 293 380 380 380 380 293 293 382 382 293 293 294 294 382 382 382 382 294 294 384 384 384 384 294 294 385 385 294 294 295 295 385 385 385 385 295 295 386 386 295 295 296 296 386 386 386 386 296 296 387 387 296 296 297 297 387 387 387 387 297 297 388 388 297 297 298 298 388 388 298 298 299 299 388 388 299 299 300 300 388 388 389 389 388 388 391 391 388 388 300 300 391 391 300 300 301 301 391 391 301 301 302 302 391 391 391 391 302 302 393 393 393 393 302 302 394 394 302 302 303 303 394 394 394 394 303 303 395 395 395 395 303 303 396 396 303 303 304 304 396 396 304 304 305 305 396 396 396 396 305 305 397 397 305 305 306 306 397 397 397 397 306 306 398 398 306 306 307 307 398 398 398 398 307 307 399 399 307 307 308 308 399 399 399 399 308 308 400 400 308 308 309 309 400 400 400 400 309 309 401 401 401 401 309 309 402 402 309 309 310 310 402 402 310 310 311 311 402 402 402 402 311 311 403 403 311 311 312 312 403 403 312 312 313 313 403 403 403 403 313 313 404 404 313 313 314 314 404 404 314 314 315 315 404 404 404 404 315 315 405 405 315 315 316 316 405 405 316 316 317 317 405 405 405 405 317 317 406 406 406 406 317 317 407 407 407 407 317 317 408 408 317 317 318 318 408 408 318 318 319 319 408 408 408 408 319 319 409 409 319 319 320 320 409 409 320 320 321 321 409 409 321 321 323 323 409 409 409 409 323 323 410 410 410 410 323 323 411 411 323 323 324 324 411 411 324 324 325 325 411 411 325 325 326 326 411 411 412 412 411 411 413 413 411 411 326 326 413 413 326 326 327 327 413 413 327 327 328 328 413 413 328 328 329 329 413 413 413 413 329 329 414 414 329 329 330 330 414 414 330 330 331 331 414 414 414 414 331 331 415 415 331 331 332 332 415 415 332 332 333 333 415 415 415 415 333 333 416 416 333 333 334 334 416 416 334 334 335 335 416 416 416 416 335 335 417 417 335 335 336 336 417 417 417 417 336 336 418 418 419 419 418 418 420 420 418 418 336 336 420 420 336 336 337 337 420 420 420 420 337 337 421 421 337 337 338 338 421 421 338 338 5 5 421 421 421 421 5 5 422 422 5 5 4 4 422 422 422 422 4 4 423 423 424 424 423 423 425 425 423 423 4 4 425 425 4 4 3 3 425 425 3 3 426 426 425 425 425 425 426 426 427 427 427 427 426 426 2 2 426 426 3 3 2 2 3 3 5 5 2 2 5 5 339 339 2 2 2 2 339 339 429 429 339 339 340 340 429 429 340 340 341 341 429 429 430 430 432 432 433 433 433 433 432 432 434 434 436 436 438 438 439 439 438 438 441 441 439 439 441 441 443 443 439 439 439 439 443 443 444 444 443 443 435 435 444 444 435 435 431 431 444 444 431 431 428 428 444 444 444 444 428 428 445 445 428 428 342 342 445 445 445 445 342 342 446 446 342 342 344 344 446 446 446 446 344 344 447 447 344 344 346 346 447 447 447 447 346 346 448 448 346 346 348 348 448 448 448 448 348 348 449 449 348 348 350 350 449 449 449 449 350 350 450 450 350 350 352 352 450 450 450 450 352 352 451 451 352 352 355 355 451 451 451 451 355 355 452 452 355 355 358 358 452 452 452 452 358 358 453 453 358 358 360 360 453 453 453 453 360 360 454 454 360 360 362 362 454 454 454 454 362 362 455 455 362 362 364 364 455 455 455 455 364 364 456 456 364 364 366 366 456 456 456 456 366 366 457 457 366 366 368 368 457 457 457 457 368 368 458 458 368 368 370 370 458 458 458 458 370 370 459 459 370 370 372 372 459 459 372 372 375 375 459 459 375 375 377 377 459 459 377 377 379 379 459 459 459 459 379 379 460 460 379 379 381 381 460 460 381 381 383 383 460 460 460 460 383 383 461 461 462 462 464 464 465 465 467 467 468 468 469 469 469 469 468 468 470 470 471 471 470 470 472 472 473 473 472 472 474 474 472 472 470 470 474 474 470 470 468 468 474 474 474 474 468 468 475 475 475 475 468 468 476 476 476 476 468 468 477 477 468 468 467 467 477 477 477 477 467 467 478 478 467 467 479 479 478 478 478 478 479 479 480 480 480 480 479 479 481 481 482 482 481 481 483 483 481 481 479 479 483 483 483 483 479 479 484 484 479 479 467 467 484 484 467 467 469 469 484 484 485 485 484 484 486 486 484 484 469 469 486 486 469 469 470 470 486 486 470 470 471 471 486 486 471 471 487 487 486 486 486 486 487 487 488 488 488 488 487 487 489 489 487 487 471 471 489 489 471 471 472 472 489 489 490 490 489 489 491 491 489 489 472 472 491 491 472 472 473 473 491 491 473 473 492 492 491 491 492 492 493 493 491 491 491 491 493 493 494 494 495 495 494 494 496 496 494 494 493 493 496 496 497 497 496 496 498 498 499 499 498 498 500 500 500 500 498 498 501 501 501 501 498 498 502 502 498 498 496 496 502 502 496 496 493 493 502 502 502 502 493 493 503 503 493 493 492 492 503 503 503 503 492 492 504 504 504 504 492 492 505 505 492 492 473 473 505 505 473 473 474 474 505 505 474 474 475 475 505 505 505 505 475 475 506 506 475 475 476 476 506 506 506 506 476 476 507 507 507 507 476 476 508 508 508 508 476 476 509 509 476 476 477 477 509 509 509 509 477 477 510 510 477 477 478 478 510 510 510 510 478 478 511 511 478 478 480 480 511 511 511 511 480 480 512 512 512 512 480 480 513 513 480 480 481 481 513 513 513 513 481 481 514 514 515 515 514 514 517 517 517 517 514 514 519 519 514 514 481 481 519 519 481 481 482 482 519 519 519 519 482 482 521 521 521 521 482 482 523 523 482 482 483 483 523 523 523 523 483 483 525 525 525 525 483 483 527 527 483 483 484 484 527 527 484 484 485 485 527 527 527 527 485 485 529 529 529 529 485 485 531 531 485 485 486 486 531 531 531 531 486 486 533 533 486 486 488 488 533 533 488 488 489 489 533 533 533 533 489 489 535 535 535 535 489 489 537 537 489 489 490 490 537 537 537 537 490 490 539 539 490 490 491 491 539 539 491 491 494 494 539 539 539 539 494 494 541 541 541 541 494 494 543 543 494 494 495 495 543 543 543 543 495 495 545 545 545 545 495 495 547 547 495 495 496 496 547 547 496 496 497 497 547 547 547 547 497 497 549 549 497 497 498 498 549 549 498 498 499 499 549 549 499 499 550 550 549 549 549 549 550 550 552 552 554 554 556 556 557 557 557 557 556 556 558 558 556 556 560 560 558 558 558 558 560 560 561 561 560 560 552 552 561 561 552 552 550 550 561 561 561 561 550 550 562 562 550 550 499 499 562 562 499 499 500 500 562 562 562 562 500 500 563 563 500 500 501 501 563 563 564 564 565 565 566 566 565 565 563 563 566 566 563 563 501 501 566 566 566 566 501 501 567 567 501 501 502 502 567 567 502 502 503 503 567 567 567 567 503 503 568 568 503 503 504 504 568 568 568 568 504 504 569 569 569 569 504 504 570 570 504 504 505 505 570 570 505 505 506 506 570 570 506 506 507 507 570 570 570 570 507 507 571 571 507 507 508 508 571 571 508 508 572 572 571 571 571 571 572 572 573 573 573 573 572 572 574 574 575 575 574 574 576 576 574 574 572 572 576 576 577 577 576 576 578 578 576 576 572 572 578 578 572 572 508 508 578 578 508 508 509 509 578 578 578 578 509 509 579 579 509 509 510 510 579 579 510 510 511 511 579 579 579 579 511 511 580 580 511 511 512 512 580 580 580 580 512 512 581 581 581 581 512 512 582 582 512 512 513 513 582 582 582 582 513 513 583 583 513 513 514 514 583 583 514 514 515 515 583 583 583 583 515 515 584 584 515 515 517 517 584 584 586 586 588 588 589 589 591 591 590 590 592 592 590 590 587 587 592 592 592 592 587 587 593 593 587 587 595 595 593 593 595 595 597 597 593 593 593 593 597 597 598 598 597 597 585 585 598 598 585 585 516 516 598 598 516 516 518 518 598 598 518 518 520 520 598 598 598 598 520 520 599 599 520 520 522 522 599 599 522 522 524 524 599 599 524 524 526 526 599 599 526 526 528 528 599 599 528 528 530 530 599 599 599 599 530 530 600 600 530 530 532 532 600 600 532 532 534 534 600 600 600 600 534 534 601 601 534 534 536 536 601 601 536 536 538 538 601 601 538 538 540 540 601 601 540 540 542 542 601 601 601 601 542 542 602 602 542 542 544 544 602 602 544 544 546 546 602 602 546 546 548 548 602 602 602 602 548 548 603 603 548 548 551 551 603 603 551 551 559 559 603 603 559 559 555 555 603 603 603 603 555 555 604 604 555 555 553 553 604 604 553 553 466 466 604 604 466 466 463 463 604 604 463 463 606 606 604 604 607 607 604 604 608 608 604 604 606 606 608 608 609 609 605 605 610 610 605 605 464 464 610 610 464 464 462 462 610 610 610 610 462 462 611 611 462 462 465 465 611 611 465 465 554 554 611 611 554 554 557 557 611 611 611 611 557 557 612 612 612 612 557 557 613 613 557 557 558 558 613 613 613 613 558 558 614 614 558 558 561 561 614 614 561 561 562 562 614 614 614 614 562 562 615 615 562 562 563 563 615 615 563 563 565 565 615 615 615 615 565 565 616 616 565 565 564 564 616 616 564 564 617 617 616 616 616 616 617 617 618 618 618 618 617 617 619 619 619 619 617 617 620 620 620 620 617 617 621 621 617 617 564 564 621 621 621 621 564 564 622 622 564 564 566 566 622 622 566 566 567 567 622 622 567 567 568 568 622 622 622 622 568 568 623 623 568 568 569 569 623 623 623 623 569 569 624 624 624 624 569 569 625 625 569 569 570 570 625 625 570 570 571 571 625 625 625 625 571 571 626 626 626 626 571 571 627 627 571 571 573 573 627 627 627 627 573 573 628 628 628 628 573 573 629 629 573 573 574 574 629 629 630 630 629 629 631 631 629 629 574 574 631 631 574 574 575 575 631 631 631 631 575 575 632 632 632 632 575 575 633 633 633 633 575 575 634 634 575 575 576 576 634 634 576 576 577 577 634 634 634 634 577 577 635 635 635 635 577 577 636 636 577 577 578 578 636 636 578 578 579 579 636 636 636 636 579 579 637 637 579 579 580 580 637 637 637 637 580 580 638 638 580 580 581 581 638 638 638 638 581 581 639 639 581 581 582 582 639 639 639 639 582 582 640 640 582 582 583 583 640 640 583 583 584 584 640 640 584 584 596 596 640 640 640 640 596 596 641 641 596 596 594 594 641 641 641 641 594 594 642 642 594 594 588 588 642 642 642 642 588 588 643 643 643 643 588 588 644 644 588 588 586 586 644 644 645 645 644 644 646 646 644 644 586 586 646 646 646 646 586 586 647 647 586 586 589 589 647 647 647 647 589 589 648 648 590 590 591 591 649 649 649 649 591 591 651 651 591 591 461 461 651 651 651 651 461 461 652 652 461 461 383 383 652 652 653 653 384 384 654 654 654 654 384 384 655 655 384 384 385 385 655 655 655 655 385 385 656 656 385 385 386 386 656 656 656 656 386 386 657 657 386 386 387 387 657 657 657 657 387 387 658 658 387 387 388 388 658 658 388 388 389 389 658 658 658 658 389 389 659 659 659 659 389 389 660 660 660 660 389 389 662 662 389 389 391 391 662 662 390 390 392 392 661 661 663 663 393 393 664 664 393 393 394 394 664 664 664 664 394 394 665 665 394 394 395 395 665 665 665 665 395 395 666 666 666 666 395 395 667 667 395 395 396 396 667 667 396 396 397 397 667 667 667 667 397 397 668 668 397 397 398 398 668 668 668 668 398 398 669 669 398 398 399 399 669 669 669 669 399 399 670 670 399 399 400 400 670 670 670 670 400 400 671 671 400 400 401 401 671 671 671 671 401 401 672 672 672 672 401 401 673 673 401 401 402 402 673 673 673 673 402 402 674 674 402 402 403 403 674 674 674 674 403 403 675 675 403 403 404 404 675 675 404 404 405 405 675 675 405 405 406 406 675 675 675 675 406 406 676 676 406 406 407 407 676 676 676 676 407 407 677 677 677 677 407 407 678 678 407 407 408 408 678 678 408 408 409 409 678 678 409 409 410 410 678 678 678 678 410 410 679 679 679 679 410 410 680 680 410 410 411 411 680 680 411 411 412 412 680 680 680 680 412 412 681 681 681 681 412 412 682 682 412 412 413 413 682 682 413 413 414 414 682 682 414 414 415 415 682 682 682 682 415 415 683 683 415 415 416 416 683 683 683 683 416 416 684 684 416 416 417 417 684 684 685 685 684 684 686 686 684 684 417 417 686 686 417 417 418 418 686 686 686 686 418 418 687 687 688 688 687 687 689 689 687 687 418 418 689 689 418 418 419 419 689 689 689 689 419 419 690 690 419 419 420 420 690 690 690 690 420 420 691 691 420 420 421 421 691 691 691 691 421 421 692 692 421 421 422 422 692 692 692 692 422 422 693 693 422 422 423 423 693 693 693 693 423 423 694 694 694 694 423 423 695 695 423 423 424 424 695 695 695 695 424 424 696 696 696 696 424 424 697 697 424 424 425 425 697 697 697 697 425 425 698 698 425 425 427 427 698 698 698 698 427 427 699 699 427 427 2 2 699 699 2 2 1 1 699 699 699 699 1 1 700 700 1 1 0 0 700 700 700 700 0 0 701 701 701 701 0 0 702 702 0 0 2 2 702 702 702 702 2 2 703 703 2 2 429 429 703 703 703 703 429 429 704 704 429 429 433 433 704 704 704 704 433 433 705 705 433 433 434 434 705 705 434 434 442 442 705 705 442 442 440 440 705 705 705 705 440 440 706 706 440 440 437 437 706 706 706 706 437 437 707 707 438 438 436 436 708 708 708 708 436 436 710 710 436 436 607 607 710 710 710 710 607 607 711 711 607 607 608 608 711 711 609 609 610 610 712 712 712 712 610 610 713 713 713 713 610 610 714 714 610 610 611 611 714 714 714 714 611 611 715 715 611 611 612 612 715 715 715 715 612 612 716 716 716 716 612 612 717 717 612 612 613 613 717 717 717 717 613 613 718 718 613 613 614 614 718 718 614 614 615 615 718 718 718 718 615 615 719 719 615 615 616 616 719 719 616 616 618 618 719 719 719 719 618 618 720 720 618 618 619 619 720 720 720 720 619 619 722 722 722 722 619 619 723 723 723 723 619 619 724 724 619 619 620 620 724 724 724 724 620 620 725 725 620 620 621 621 725 725 725 725 621 621 726 726 621 621 622 622 726 726 622 622 623 623 726 726 726 726 623 623 727 727 623 623 624 624 727 727 727 727 624 624 728 728 624 624 625 625 728 728 728 728 625 625 729 729 625 625 626 626 729 729 626 626 627 627 729 729 627 627 628 628 729 729 729 729 628 628 730 730 628 628 629 629 730 730 730 730 629 629 731 731 629 629 630 630 731 731 731 731 630 630 732 732 732 732 630 630 733 733 733 733 630 630 734 734 630 630 631 631 734 734 631 631 632 632 734 734 734 734 632 632 735 735 735 735 632 632 736 736 632 632 633 633 736 736 736 736 633 633 737 737 738 738 737 737 739 739 737 737 633 633 739 739 633 633 634 634 739 739 634 634 635 635 739 739 739 739 635 635 740 740 635 635 636 636 740 740 636 636 637 637 740 740 637 637 638 638 740 740 740 740 638 638 741 741 638 638 639 639 741 741 741 741 639 639 742 742 742 742 639 639 743 743 639 639 640 640 743 743 640 640 641 641 743 743 743 743 641 641 744 744 641 641 642 642 744 744 744 744 642 642 745 745 642 642 643 643 745 745 745 745 643 643 746 746 643 643 644 644 746 746 644 644 645 645 746 746 746 746 645 645 747 747 747 747 645 645 748 748 748 748 645 645 749 749 645 645 646 646 749 749 646 646 647 647 749 749 647 647 648 648 749 749 749 749 648 648 750 750 648 648 650 650 750 750 750 750 650 650 751 751 650 650 653 653 751 751 653 653 654 654 751 751 751 751 654 654 752 752 654 654 655 655 752 752 655 655 656 656 752 752 752 752 656 656 753 753 656 656 657 657 753 753 753 753 657 657 754 754 657 657 658 658 754 754 658 658 659 659 754 754 754 754 659 659 755 755 755 755 659 659 756 756 659 659 660 660 756 756 756 756 660 660 757 757 660 660 662 662 757 757 663 663 664 664 757 757 757 757 664 664 758 758 664 664 665 665 758 758 758 758 665 665 759 759 665 665 666 666 759 759 759 759 666 666 760 760 760 760 666 666 761 761 666 666 667 667 761 761 667 667 668 668 761 761 761 761 668 668 762 762 668 668 669 669 762 762 762 762 669 669 763 763 669 669 670 670 763 763 763 763 670 670 764 764 670 670 671 671 764 764 764 764 671 671 765 765 671 671 672 672 765 765 765 765 672 672 766 766 766 766 672 672 767 767 672 672 673 673 767 767 673 673 674 674 767 767 674 674 675 675 767 767 675 675 676 676 767 767 676 676 768 768 767 767 767 767 768 768 769 769 770 770 769 769 771 771 769 769 768 768 771 771 768 768 676 676 771 771 676 676 677 677 771 771 771 771 677 677 772 772 677 677 678 678 772 772 678 678 679 679 772 772 772 772 679 679 773 773 679 679 680 680 773 773 680 680 681 681 773 773 773 773 681 681 774 774 774 774 681 681 775 775 681 681 682 682 775 775 682 682 683 683 775 775 775 775 683 683 776 776 683 683 684 684 776 776 684 684 685 685 776 776 776 776 685 685 777 777 777 777 685 685 778 778 685 685 686 686 778 778 686 686 687 687 778 778 687 687 688 688 778 778 778 778 688 688 779 779 779 779 688 688 780 780 688 688 689 689 780 780 780 780 689 689 781 781 689 689 690 690 781 781 781 781 690 690 782 782 690 690 691 691 782 782 782 782 691 691 783 783 691 691 692 692 783 783 692 692 693 693 783 783 783 783 693 693 784 784 693 693 694 694 784 784 784 784 694 694 785 785 785 785 694 694 786 786 694 694 695 695 786 786 786 786 695 695 787 787 695 695 696 696 787 787 696 696 788 788 787 787 787 787 788 788 789 789 789 789 788 788 790 790 790 790 788 788 791 791 788 788 696 696 791 791 696 696 697 697 791 791 697 697 698 698 791 791 791 791 698 698 792 792 698 698 699 699 792 792 699 699 700 700 792 792 792 792 700 700 793 793 793 793 700 700 794 794 700 700 701 701 794 794 794 794 701 701 795 795 701 701 702 702 795 795 795 795 702 702 796 796 702 702 703 703 796 796 703 703 704 704 796 796 796 796 704 704 797 797 704 704 705 705 797 797 797 797 705 705 798 798 705 705 706 706 798 798 706 706 707 707 798 798 798 798 707 707 799 799 799 799 707 707 800 800 707 707 709 709 800 800 800 800 709 709 801 801 709 709 712 712 801 801 801 801 712 712 802 802 712 712 713 713 802 802 802 802 713 713 803 803 713 713 714 714 803 803 803 803 714 714 804 804 714 714 715 715 804 804 804 804 715 715 805 805 715 715 716 716 805 805 805 805 716 716 806 806 716 716 717 717 806 806 806 806 717 717 807 807 717 717 718 718 807 807 718 718 719 719 807 807 807 807 719 719 808 808 808 808 719 719 809 809 719 719 720 720 809 809 720 720 722 722 809 809 809 809 721 721 811 811 811 811 721 721 812 812 721 721 723 723 812 812 812 812 723 723 813 813 813 813 723 723 814 814 723 723 724 724 814 814 814 814 724 724 815 815 724 724 725 725 815 815 815 815 725 725 816 816 725 725 726 726 816 816 726 726 727 727 816 816 816 816 727 727 817 817 727 727 728 728 817 817 817 817 728 728 818 818 728 728 729 729 818 818 729 729 730 730 818 818 730 730 731 731 818 818 818 818 731 731 819 819 819 819 731 731 820 820 731 731 732 732 820 820 820 820 732 732 821 821 732 732 733 733 821 821 822 822 821 821 823 823 821 821 733 733 823 823 823 823 733 733 824 824 733 733 734 734 824 824 734 734 735 735 824 824 824 824 735 735 825 825 825 825 735 735 826 826 735 735 736 736 826 826 826 826 736 736 827 827 736 736 737 737 827 827 827 827 737 737 828 828 737 737 738 738 828 828 828 828 738 738 829 829 829 829 738 738 830 830 738 738 739 739 830 830 831 831 739 739 832 832 739 739 740 740 832 832 832 832 740 740 833 833 740 740 741 741 833 833 741 741 742 742 833 833 833 833 742 742 834 834 742 742 743 743 834 834 743 743 744 744 834 834 834 834 744 744 835 835 744 744 745 745 835 835 835 835 745 745 836 836 745 745 746 746 836 836 746 746 747 747 836 836 836 836 747 747 837 837 837 837 747 747 838 838 747 747 748 748 838 838 748 748 749 749 838 838 749 749 750 750 838 838 838 838 750 750 839 839 750 750 751 751 839 839 751 751 752 752 839 839 839 839 752 752 840 840 752 752 753 753 840 840 840 840 753 753 841 841 753 753 754 754 841 841 754 754 755 755 841 841 841 841 755 755 842 842 842 842 755 755 843 843 755 755 756 756 843 843 844 844 843 843 845 845 843 843 756 756 845 845 756 756 757 757 845 845 845 845 757 757 846 846 846 846 757 757 847 847 757 757 758 758 847 847 847 847 758 758 848 848 758 758 759 759 848 848 848 848 759 759 849 849 759 759 760 760 849 849 849 849 760 760 850 850 760 760 761 761 850 850 761 761 762 762 850 850 850 850 762 762 851 851 762 762 763 763 851 851 851 851 763 763 852 852 763 763 764 764 852 852 852 852 764 764 853 853 764 764 765 765 853 853 853 853 765 765 854 854 765 765 766 766 854 854 854 854 766 766 855 855 766 766 767 767 855 855 767 767 769 769 855 855 769 769 770 770 855 855 855 855 770 770 856 856 856 856 770 770 857 857 770 770 771 771 857 857 771 771 772 772 857 857 857 857 772 772 858 858 858 858 772 772 859 859 772 772 773 773 859 859 859 859 773 773 860 860 773 773 774 774 860 860 860 860 774 774 861 861 774 774 775 775 861 861 775 775 776 776 861 861 776 776 777 777 861 861 861 861 777 777 862 862 862 862 777 777 863 863 777 777 778 778 863 863 778 778 779 779 863 863 863 863 779 779 864 864 864 864 779 779 865 865 779 779 780 780 865 865 865 865 780 780 866 866 780 780 781 781 866 866 866 866 781 781 867 867 781 781 782 782 867 867 867 867 782 782 868 868 782 782 783 783 868 868 783 783 784 784 868 868 868 868 784 784 869 869 784 784 785 785 869 869 869 869 785 785 870 870 870 870 785 785 871 871 785 785 786 786 871 871 871 871 786 786 872 872 786 786 787 787 872 872 787 787 789 789 872 872 872 872 789 789 873 873 873 873 789 789 874 874 874 874 789 789 875 875 789 789 790 790 875 875 875 875 790 790 876 876 790 790 791 791 876 876 791 791 792 792 876 876 792 792 793 793 876 876 876 876 793 793 877 877 877 877 793 793 878 878 793 793 794 794 878 878 878 878 794 794 879 879 794 794 795 795 879 879 879 879 795 795 880 880 795 795 796 796 880 880 796 796 797 797 880 880 880 880 797 797 881 881 797 797 798 798 881 881 798 798 799 799 881 881 881 881 799 799 882 882 799 799 800 800 882 882 882 882 800 800 883 883 800 800 801 801 883 883 883 883 801 801 884 884 801 801 802 802 884 884 802 802 803 803 884 884 884 884 803 803 885 885 803 803 804 804 885 885 804 804 805 805 885 885 885 885 805 805 886 886 805 805 806 806 886 886 886 886 806 806 887 887 806 806 807 807 887 887 807 807 808 808 887 887 887 887 808 808 888 888 808 808 809 809 888 888 889 889 888 888 890 890 888 888 809 809 890 890 809 809 811 811 890 890 890 890 810 810 891 891 891 891 810 810 892 892 810 810 812 812 892 892 892 892 812 812 893 893 812 812 813 813 893 893 893 893 813 813 894 894 894 894 813 813 895 895 813 813 814 814 895 895 895 895 814 814 896 896 814 814 815 815 896 896 896 896 815 815 897 897 815 815 816 816 897 897 816 816 817 817 897 897 897 897 817 817 898 898 817 817 818 818 898 898 818 818 819 819 898 898 898 898 819 819 899 899 899 899 819 819 900 900 819 819 820 820 900 900 820 820 821 821 900 900 900 900 821 821 901 901 821 821 822 822 901 901 901 901 822 822 902 902 902 902 822 822 903 903 903 903 822 822 904 904 822 822 823 823 904 904 904 904 823 823 905 905 823 823 824 824 905 905 824 824 825 825 905 905 905 905 825 825 906 906 907 907 906 906 908 908 906 906 825 825 908 908 825 825 826 826 908 908 908 908 826 826 909 909 826 826 827 827 909 909 909 909 827 827 910 910 827 827 828 828 910 910 910 910 828 828 911 911 828 828 829 829 911 911 911 911 829 829 912 912 913 913 912 912 914 914 912 912 829 829 914 914 829 829 830 830 914 914 914 914 830 830 915 915 831 831 832 832 915 915 915 915 832 832 916 916 832 832 833 833 916 916 916 916 833 833 917 917 833 833 834 834 917 917 834 834 835 835 917 917 835 835 836 836 917 917 836 836 837 837 917 917 917 917 837 837 918 918 837 837 919 919 918 918 918 918 919 919 920 920 920 920 919 919 921 921 921 921 919 919 922 922 919 919 837 837 922 922 837 837 838 838 922 922 838 838 839 839 922 922 839 839 840 840 922 922 922 922 840 840 923 923 840 840 841 841 923 923 841 841 842 842 923 923 923 923 842 842 924 924 924 924 842 842 925 925 842 842 843 843 925 925 843 843 844 844 925 925 925 925 844 844 926 926 926 926 844 844 927 927 844 844 845 845 927 927 845 845 846 846 927 927 927 927 846 846 928 928 846 846 847 847 928 928 928 928 847 847 929 929 847 847 848 848 929 929 930 930 929 929 931 931 929 929 848 848 931 931 848 848 849 849 931 931 931 931 849 849 932 932 849 849 850 850 932 932 850 850 851 851 932 932 932 932 851 851 933 933 851 851 852 852 933 933 933 933 852 852 934 934 852 852 853 853 934 934 853 853 854 854 934 934 934 934 854 854 935 935 854 854 855 855 935 935 935 935 855 855 936 936 855 855 856 856 936 936 936 936 856 856 937 937 937 937 856 856 938 938 856 856 857 857 938 938 857 857 858 858 938 938 938 938 858 858 939 939 939 939 858 858 940 940 858 858 859 859 940 940 940 940 859 859 941 941 859 859 860 860 941 941 860 860 861 861 941 941 861 861 862 862 941 941 941 941 862 862 942 942 862 862 863 863 942 942 863 863 864 864 942 942 942 942 864 864 943 943 864 864 865 865 943 943 943 943 865 865 944 944 865 865 866 866 944 944 944 944 866 866 945 945 866 866 867 867 945 945 945 945 867 867 946 946 867 867 868 868 946 946 868 868 869 869 946 946 946 946 869 869 947 947 869 869 870 870 947 947 947 947 870 870 948 948 948 948 870 870 949 949 870 870 871 871 949 949 949 949 871 871 950 950 871 871 872 872 950 950 872 872 873 873 950 950 950 950 873 873 951 951 951 951 873 873 952 952 873 873 874 874 952 952 952 952 874 874 953 953 953 953 874 874 954 954 874 874 875 875 954 954 875 875 876 876 954 954 876 876 877 877 954 954 954 954 877 877 955 955 956 956 955 955 957 957 955 955 877 877 957 957 877 877 878 878 957 957 957 957 878 878 958 958 878 878 879 879 958 958 958 958 879 879 959 959 879 879 880 880 959 959 880 880 881 881 959 959 959 959 881 881 960 960 881 881 882 882 960 960 882 882 883 883 960 960 960 960 883 883 961 961 883 883 884 884 961 961 884 884 885 885 961 961 885 885 886 886 961 961 961 961 886 886 962 962 886 886 887 887 962 962 962 962 887 887 963 963 887 887 888 888 963 963 888 888 889 889 963 963 963 963 889 889 964 964 964 964 889 889 965 965 889 889 890 890 965 965 890 890 891 891 965 965 965 965 891 891 966 966 966 966 891 891 967 967 891 891 892 892 967 967 967 967 892 892 968 968 892 892 893 893 968 968 893 893 894 894 968 968 968 968 894 894 969 969 969 969 894 894 970 970 894 894 895 895 970 970 970 970 895 895 971 971 895 895 896 896 971 971 971 971 896 896 972 972 896 896 897 897 972 972 897 897 898 898 972 972 898 898 899 899 972 972 972 972 899 899 973 973 899 899 900 900 973 973 900 900 901 901 973 973 973 973 901 901 974 974 974 974 901 901 975 975 901 901 902 902 975 975 902 902 903 903 975 975 903 903 976 976 975 975 975 975 976 976 977 977 977 977 976 976 978 978 976 976 903 903 978 978 978 978 903 903 979 979 903 903 904 904 979 979 979 979 904 904 980 980 904 904 905 905 980 980 905 905 906 906 980 980 980 980 906 906 981 981 906 906 907 907 981 981 981 981 907 907 982 982 982 982 907 907 983 983 983 983 907 907 984 984 907 907 908 908 984 984 908 908 909 909 984 984 984 984 909 909 985 985 909 909 910 910 985 985 985 985 910 910 986 986 910 910 911 911 986 986 986 986 911 911 987 987 911 911 912 912 987 987 987 987 912 912 988 988 912 912 913 913 988 988 989 989 990 990 991 991 990 990 988 988 991 991 988 988 913 913 991 991 991 991 913 913 992 992 913 913 914 914 992 992 914 914 915 915 992 992 992 992 915 915 993 993 915 915 916 916 993 993 916 916 917 917 993 993 917 917 918 918 993 993 993 993 918 918 994 994 918 918 920 920 994 994 994 994 920 920 995 995 920 920 921 921 995 995 995 995 921 921 996 996 996 996 921 921 997 997 921 921 922 922 997 997 922 922 923 923 997 997 923 923 924 924 997 997 997 997 924 924 998 998 998 998 924 924 999 999 924 924 925 925 999 999 925 925 926 926 999 999 999 999 926 926 1000 1000 1000 1000 926 926 1001 1001 926 926 927 927 1001 1001 1001 1001 927 927 1002 1002 927 927 928 928 1002 1002 1002 1002 928 928 1003 1003 928 928 929 929 1003 1003 1003 1003 929 929 1004 1004 929 929 930 930 1004 1004 1004 1004 930 930 1005 1005 1005 1005 930 930 1006 1006 930 930 931 931 1006 1006 931 931 932 932 1006 1006 1006 1006 932 932 1007 1007 932 932 933 933 1007 1007 1007 1007 933 933 1008 1008 933 933 934 934 1008 1008 934 934 935 935 1008 1008 1008 1008 935 935 1009 1009 935 935 936 936 1009 1009 1009 1009 936 936 1010 1010 1010 1010 936 936 1011 1011 936 936 937 937 1011 1011 1011 1011 937 937 1012 1012 937 937 938 938 1012 1012 938 938 939 939 1012 1012 1012 1012 939 939 1013 1013 1013 1013 939 939 1014 1014 939 939 940 940 1014 1014 1014 1014 940 940 1015 1015 1015 1015 940 940 1016 1016 940 940 941 941 1016 1016 1016 1016 941 941 1017 1017 941 941 942 942 1017 1017 1017 1017 942 942 1018 1018 942 942 943 943 1018 1018 1018 1018 943 943 1019 1019 943 943 944 944 1019 1019 1019 1019 944 944 1020 1020 1020 1020 944 944 1021 1021 1021 1021 944 944 1022 1022 944 944 945 945 1022 1022 945 945 946 946 1022 1022 946 946 947 947 1022 1022 1022 1022 947 947 1023 1023 947 947 948 948 1023 1023 1023 1023 948 948 1024 1024 1024 1024 948 948 1025 1025 948 948 949 949 1025 1025 1025 1025 949 949 1026 1026 949 949 950 950 1026 1026 950 950 951 951 1026 1026 1026 1026 951 951 1027 1027 1027 1027 951 951 1028 1028 951 951 952 952 1028 1028 1028 1028 952 952 1029 1029 952 952 953 953 1029 1029 1029 1029 953 953 1030 1030 953 953 954 954 1030 1030 954 954 955 955 1030 1030 955 955 956 956 1030 1030 1031 1031 1030 1030 1032 1032 1030 1030 956 956 1032 1032 1032 1032 956 956 1033 1033 956 956 957 957 1033 1033 957 957 958 958 1033 1033 1033 1033 958 958 1034 1034 958 958 959 959 1034 1034 959 959 960 960 1034 1034 1034 1034 960 960 1035 1035 960 960 961 961 1035 1035 961 961 962 962 1035 1035 1035 1035 962 962 1036 1036 962 962 963 963 1036 1036 1036 1036 963 963 1037 1037 963 963 964 964 1037 1037 1038 1038 1037 1037 1039 1039 1037 1037 964 964 1039 1039 1039 1039 964 964 1040 1040 964 964 965 965 1040 1040 1040 1040 965 965 1041 1041 965 965 966 966 1041 1041 1042 1042 1041 1041 1043 1043 1041 1041 966 966 1043 1043 1043 1043 966 966 1044 1044 966 966 967 967 1044 1044 1044 1044 967 967 1045 1045 967 967 968 968 1045 1045 968 968 969 969 1045 1045 1045 1045 969 969 1046 1046 1046 1046 969 969 1047 1047 969 969 970 970 1047 1047 1047 1047 970 970 1048 1048 970 970 971 971 1048 1048 1048 1048 971 971 1049 1049 971 971 972 972 1049 1049 972 972 973 973 1049 1049 1049 1049 973 973 1050 1050 973 973 974 974 1050 1050 974 974 975 975 1050 1050 1051 1051 1050 1050 1052 1052 1050 1050 975 975 1052 1052 975 975 977 977 1052 1052 1052 1052 977 977 1053 1053 977 977 978 978 1053 1053 1053 1053 978 978 1054 1054 1054 1054 978 978 1055 1055 978 978 979 979 1055 1055 1055 1055 979 979 1056 1056 1056 1056 979 979 1057 1057 979 979 980 980 1057 1057 980 980 981 981 1057 1057 1057 1057 981 981 1058 1058 981 981 982 982 1058 1058 1058 1058 982 982 1059 1059 1059 1059 982 982 1060 1060 1060 1060 982 982 1061 1061 982 982 983 983 1061 1061 1061 1061 983 983 1062 1062 983 983 984 984 1062 1062 984 984 985 985 1062 1062 1062 1062 985 985 1063 1063 985 985 986 986 1063 1063 1063 1063 986 986 1064 1064 986 986 987 987 1064 1064 1064 1064 987 987 1065 1065 987 987 988 988 1065 1065 988 988 990 990 1065 1065 1065 1065 990 990 1066 1066 1066 1066 990 990 1067 1067 990 990 989 989 1067 1067 1067 1067 989 989 1068 1068 1068 1068 989 989 1069 1069 989 989 991 991 1069 1069 991 991 992 992 1069 1069 1069 1069 992 992 1070 1070 992 992 993 993 1070 1070 993 993 994 994 1070 1070 1070 1070 994 994 1071 1071 994 994 995 995 1071 1071 1071 1071 995 995 1072 1072 995 995 996 996 1072 1072 1072 1072 996 996 1073 1073 996 996 997 997 1073 1073 997 997 998 998 1073 1073 1073 1073 998 998 1074 1074 998 998 999 999 1074 1074 999 999 1000 1000 1074 1074 1074 1074 1000 1000 1075 1075 1075 1075 1000 1000 1076 1076 1000 1000 1001 1001 1076 1076 1076 1076 1001 1001 1077 1077 1001 1001 1002 1002 1077 1077 1077 1077 1002 1002 1078 1078 1002 1002 1003 1003 1078 1078 1003 1003 1004 1004 1078 1078 1078 1078 1004 1004 1079 1079 1004 1004 1005 1005 1079 1079 1079 1079 1005 1005 1080 1080 1005 1005 1006 1006 1080 1080 1006 1006 1007 1007 1080 1080 1007 1007 1008 1008 1080 1080 1080 1080 1008 1008 1081 1081 1008 1008 1009 1009 1081 1081 1081 1081 1009 1009 1082 1082 1009 1009 1010 1010 1082 1082 1082 1082 1010 1010 1083 1083 1010 1010 1011 1011 1083 1083 1011 1011 1084 1084 1083 1083 1083 1083 1084 1084 1085 1085 1085 1085 1084 1084 1086 1086 1084 1084 1011 1011 1086 1086 1011 1011 1012 1012 1086 1086 1012 1012 1013 1013 1086 1086 1086 1086 1013 1013 1087 1087 1087 1087 1013 1013 1088 1088 1013 1013 1014 1014 1088 1088 1089 1089 1088 1088 1090 1090 1088 1088 1014 1014 1090 1090 1014 1014 1015 1015 1090 1090 1090 1090 1015 1015 1091 1091 1015 1015 1016 1016 1091 1091 1016 1016 1017 1017 1091 1091 1017 1017 1018 1018 1091 1091 1091 1091 1018 1018 1092 1092 1092 1092 1018 1018 1093 1093 1018 1018 1019 1019 1093 1093 1093 1093 1019 1019 1094 1094 1019 1019 1020 1020 1094 1094 1094 1094 1020 1020 1095 1095 1020 1020 1021 1021 1095 1095 1021 1021 1022 1022 1095 1095 1022 1022 1023 1023 1095 1095 1023 1023 1024 1024 1095 1095 1095 1095 1024 1024 1096 1096 1024 1024 1025 1025 1096 1096 1096 1096 1025 1025 1097 1097 1025 1025 1026 1026 1097 1097 1026 1026 1027 1027 1097 1097 1097 1097 1027 1027 1098 1098 1098 1098 1027 1027 1099 1099 1027 1027 1028 1028 1099 1099 1099 1099 1028 1028 1100 1100 1028 1028 1029 1029 1100 1100 1029 1029 1030 1030 1100 1100 1030 1030 1031 1031 1100 1100 1100 1100 1031 1031 1101 1101 1101 1101 1031 1031 1102 1102 1031 1031 1032 1032 1102 1102 1102 1102 1032 1032 1103 1103 1032 1032 1033 1033 1103 1103 1033 1033 1034 1034 1103 1103 1034 1034 1035 1035 1103 1103 1103 1103 1035 1035 1104 1104 1035 1035 1036 1036 1104 1104 1036 1036 1037 1037 1104 1104 1037 1037 1038 1038 1104 1104 1104 1104 1038 1038 1105 1105 1105 1105 1038 1038 1106 1106 1038 1038 1039 1039 1106 1106 1106 1106 1039 1039 1107 1107 1039 1039 1040 1040 1107 1107 1107 1107 1040 1040 1108 1108 1040 1040 1041 1041 1108 1108 1041 1041 1042 1042 1108 1108 1108 1108 1042 1042 1109 1109 1109 1109 1042 1042 1110 1110 1110 1110 1042 1042 1111 1111 1042 1042 1043 1043 1111 1111 1043 1043 1044 1044 1111 1111 1111 1111 1044 1044 1112 1112 1044 1044 1045 1045 1112 1112 1045 1045 1046 1046 1112 1112 1112 1112 1046 1046 1113 1113 1114 1114 1113 1113 1115 1115 1113 1113 1046 1046 1115 1115 1046 1046 1047 1047 1115 1115 1116 1116 1115 1115 1117 1117 1115 1115 1047 1047 1117 1117 1047 1047 1048 1048 1117 1117 1117 1117 1048 1048 1118 1118 1048 1048 1049 1049 1118 1118 1049 1049 1050 1050 1118 1118 1050 1050 1051 1051 1118 1118 1119 1119 1118 1118 1120 1120 1118 1118 1051 1051 1120 1120 1120 1120 1051 1051 1121 1121 1121 1121 1051 1051 1122 1122 1051 1051 1052 1052 1122 1122 1052 1052 1053 1053 1122 1122 1122 1122 1053 1053 1123 1123 1123 1123 1053 1053 1124 1124 1053 1053 1054 1054 1124 1124 1054 1054 1055 1055 1124 1124 1055 1055 1056 1056 1124 1124 1124 1124 1056 1056 1125 1125 1056 1056 1057 1057 1125 1125 1125 1125 1057 1057 1126 1126 1057 1057 1058 1058 1126 1126 1058 1058 1059 1059 1126 1126 1059 1059 1060 1060 1126 1126 1126 1126 1060 1060 1127 1127 1127 1127 1060 1060 1128 1128 1060 1060 1061 1061 1128 1128 1128 1128 1061 1061 1129 1129 1061 1061 1062 1062 1129 1129 1062 1062 1063 1063 1129 1129 1129 1129 1063 1063 1130 1130 1063 1063 1064 1064 1130 1130 1130 1130 1064 1064 1131 1131 1064 1064 1065 1065 1131 1131 1065 1065 1066 1066 1131 1131 1131 1131 1066 1066 1132 1132 1132 1132 1066 1066 1133 1133 1066 1066 1067 1067 1133 1133 1133 1133 1067 1067 1134 1134 1067 1067 1068 1068 1134 1134 1134 1134 1068 1068 1135 1135 1135 1135 1068 1068 1136 1136 1068 1068 1069 1069 1136 1136 1136 1136 1069 1069 1137 1137 1069 1069 1070 1070 1137 1137 1070 1070 1071 1071 1137 1137 1137 1137 1071 1071 1138 1138 1071 1071 1072 1072 1138 1138 1139 1139 1138 1138 1140 1140 1138 1138 1072 1072 1140 1140 1072 1072 1073 1073 1140 1140 1140 1140 1073 1073 1141 1141 1073 1073 1074 1074 1141 1141 1074 1074 1075 1075 1141 1141 1141 1141 1075 1075 1142 1142 1075 1075 1143 1143 1142 1142 1142 1142 1143 1143 1144 1144 1144 1144 1143 1143 1145 1145 1143 1143 1075 1075 1145 1145 1075 1075 1076 1076 1145 1145 1076 1076 1077 1077 1145 1145 1077 1077 1078 1078 1145 1145 1145 1145 1078 1078 1146 1146 1146 1146 1078 1078 1147 1147 1078 1078 1079 1079 1147 1147 1147 1147 1079 1079 1148 1148 1079 1079 1080 1080 1148 1148 1148 1148 1080 1080 1149 1149 1080 1080 1081 1081 1149 1149 1149 1149 1081 1081 1150 1150 1081 1081 1082 1082 1150 1150 1150 1150 1082 1082 1151 1151 1082 1082 1083 1083 1151 1151 1151 1151 1083 1083 1152 1152 1083 1083 1085 1085 1152 1152 1085 1085 1086 1086 1152 1152 1152 1152 1086 1086 1153 1153 1086 1086 1087 1087 1153 1153 1153 1153 1087 1087 1154 1154 1154 1154 1087 1087 1155 1155 1087 1087 1088 1088 1155 1155 1088 1088 1089 1089 1155 1155 1089 1089 1156 1156 1155 1155 1155 1155 1156 1156 1157 1157 1157 1157 1156 1156 1158 1158 1156 1156 1089 1089 1158 1158 1089 1089 1090 1090 1158 1158 1090 1090 1091 1091 1158 1158 1091 1091 1092 1092 1158 1158 1158 1158 1092 1092 1159 1159 1159 1159 1092 1092 1160 1160 1092 1092 1093 1093 1160 1160 1160 1160 1093 1093 1161 1161 1093 1093 1094 1094 1161 1161 1094 1094 1095 1095 1161 1161 1095 1095 1096 1096 1161 1161 1161 1161 1096 1096 1162 1162 1162 1162 1096 1096 1163 1163 1096 1096 1097 1097 1163 1163 1097 1097 1098 1098 1163 1163 1163 1163 1098 1098 1164 1164 1164 1164 1098 1098 1165 1165 1098 1098 1099 1099 1165 1165 1165 1165 1099 1099 1166 1166 1099 1099 1100 1100 1166 1166 1100 1100 1101 1101 1166 1166 1167 1167 1166 1166 1168 1168 1168 1168 1166 1166 1169 1169 1166 1166 1101 1101 1169 1169 1101 1101 1102 1102 1169 1169 1169 1169 1102 1102 1170 1170 1170 1170 1102 1102 1171 1171 1102 1102 1103 1103 1171 1171 1103 1103 1104 1104 1171 1171 1104 1104 1105 1105 1171 1171 1171 1171 1105 1105 1172 1172 1172 1172 1105 1105 1173 1173 1105 1105 1106 1106 1173 1173 1173 1173 1106 1106 1174 1174 1106 1106 1107 1107 1174 1174 1174 1174 1107 1107 1175 1175 1107 1107 1108 1108 1175 1175 1108 1108 1109 1109 1175 1175 1175 1175 1109 1109 1176 1176 1109 1109 1110 1110 1176 1176 1176 1176 1110 1110 1177 1177 1177 1177 1110 1110 1178 1178 1110 1110 1111 1111 1178 1178 1111 1111 1112 1112 1178 1178 1112 1112 1113 1113 1178 1178 1178 1178 1113 1113 1179 1179 1180 1180 1179 1179 1181 1181 1181 1181 1179 1179 1182 1182 1179 1179 1113 1113 1182 1182 1113 1113 1114 1114 1182 1182 1182 1182 1114 1114 1183 1183 1183 1183 1114 1114 1184 1184 1114 1114 1115 1115 1184 1184 1115 1115 1116 1116 1184 1184 1184 1184 1116 1116 1185 1185 1185 1185 1116 1116 1186 1186 1116 1116 1117 1117 1186 1186 1186 1186 1117 1117 1187 1187 1117 1117 1118 1118 1187 1187 1118 1118 1119 1119 1187 1187 1187 1187 1119 1119 1188 1188 1119 1119 1120 1120 1188 1188 1188 1188 1120 1120 1189 1189 1120 1120 1121 1121 1189 1189 1121 1121 1122 1122 1189 1189 1122 1122 1123 1123 1189 1189 1123 1123 1124 1124 1189 1189 1189 1189 1124 1124 1190 1190 1190 1190 1124 1124 1191 1191 1191 1191 1124 1124 1192 1192 1124 1124 1125 1125 1192 1192 1192 1192 1125 1125 1193 1193 1125 1125 1126 1126 1193 1193 1193 1193 1126 1126 1194 1194 1126 1126 1127 1127 1194 1194 1194 1194 1127 1127 1195 1195 1195 1195 1127 1127 1196 1196 1127 1127 1128 1128 1196 1196 1197 1197 1196 1196 1198 1198 1196 1196 1128 1128 1198 1198 1198 1198 1128 1128 1199 1199 1128 1128 1129 1129 1199 1199 1129 1129 1130 1130 1199 1199 1199 1199 1130 1130 1200 1200 1130 1130 1131 1131 1200 1200 1131 1131 1132 1132 1200 1200 1200 1200 1132 1132 1201 1201 1132 1132 1133 1133 1201 1201 1201 1201 1133 1133 1202 1202 1133 1133 1134 1134 1202 1202 1202 1202 1134 1134 1203 1203 1134 1134 1135 1135 1203 1203 1203 1203 1135 1135 1204 1204 1204 1204 1135 1135 1205 1205 1135 1135 1136 1136 1205 1205 1205 1205 1136 1136 1206 1206 1136 1136 1137 1137 1206 1206 1137 1137 1138 1138 1206 1206 1138 1138 1139 1139 1206 1206 1206 1206 1139 1139 1207 1207 1207 1207 1139 1139 1208 1208 1208 1208 1139 1139 1209 1209 1139 1139 1140 1140 1209 1209 1140 1140 1141 1141 1209 1209 1141 1141 1142 1142 1209 1209 1142 1142 1144 1144 1209 1209 1209 1209 1144 1144 1210 1210 1210 1210 1144 1144 1211 1211 1144 1144 1145 1145 1211 1211 1145 1145 1146 1146 1211 1211 1211 1211 1146 1146 1212 1212 1212 1212 1146 1146 1213 1213 1146 1146 1147 1147 1213 1213 1214 1214 1213 1213 1215 1215 1213 1213 1147 1147 1215 1215 1147 1147 1148 1148 1215 1215 1215 1215 1148 1148 1216 1216 1148 1148 1149 1149 1216 1216 1216 1216 1149 1149 1217 1217 1149 1149 1150 1150 1217 1217 1217 1217 1150 1150 1218 1218 1150 1150 1151 1151 1218 1218 1218 1218 1151 1151 1219 1219 1151 1151 1152 1152 1219 1219 1219 1219 1152 1152 1220 1220 1152 1152 1153 1153 1220 1220 1153 1153 1154 1154 1220 1220 1220 1220 1154 1154 1221 1221 1221 1221 1154 1154 1222 1222 1154 1154 1155 1155 1222 1222 1155 1155 1157 1157 1222 1222 1222 1222 1157 1157 1223 1223 1223 1223 1157 1157 1224 1224 1157 1157 1158 1158 1224 1224 1158 1158 1159 1159 1224 1224 1224 1224 1159 1159 1225 1225 1225 1225 1159 1159 1226 1226 1159 1159 1160 1160 1226 1226 1226 1226 1160 1160 1227 1227 1160 1160 1161 1161 1227 1227 1227 1227 1161 1161 1228 1228 1161 1161 1162 1162 1228 1228 1228 1228 1162 1162 1229 1229 1229 1229 1162 1162 1230 1230 1162 1162 1163 1163 1230 1230 1163 1163 1164 1164 1230 1230 1230 1230 1164 1164 1231 1231 1231 1231 1164 1164 1232 1232 1164 1164 1165 1165 1232 1232 1165 1165 1166 1166 1232 1232 1166 1166 1167 1167 1232 1232 1232 1232 1167 1167 1233 1233 1233 1233 1167 1167 1234 1234 1167 1167 1168 1168 1234 1234 1168 1168 1169 1169 1234 1234 1169 1169 1170 1170 1234 1234 1235 1235 1234 1234 1236 1236 1234 1234 1170 1170 1236 1236 1236 1236 1170 1170 1237 1237 1237 1237 1170 1170 1238 1238 1170 1170 1171 1171 1238 1238 1171 1171 1172 1172 1238 1238 1238 1238 1172 1172 1239 1239 1172 1172 1173 1173 1239 1239 1240 1240 1239 1239 1241 1241 1239 1239 1173 1173 1241 1241 1173 1173 1174 1174 1241 1241 1241 1241 1174 1174 1242 1242 1174 1174 1175 1175 1242 1242 1175 1175 1176 1176 1242 1242 1242 1242 1176 1176 1243 1243 1176 1176 1177 1177 1243 1243 1177 1177 1244 1244 1243 1243 1243 1243 1244 1244 1245 1245 1245 1245 1244 1244 1246 1246 1244 1244 1177 1177 1246 1246 1177 1177 1178 1178 1246 1246 1246 1246 1178 1178 1247 1247 1247 1247 1178 1178 1248 1248 1248 1248 1178 1178 1249 1249 1178 1178 1179 1179 1249 1249 1179 1179 1180 1180 1249 1249 1249 1249 1180 1180 1250 1250 1180 1180 1181 1181 1250 1250 1250 1250 1181 1181 1251 1251 1181 1181 1182 1182 1251 1251 1251 1251 1182 1182 1252 1252 1182 1182 1183 1183 1252 1252 1252 1252 1183 1183 1253 1253 1183 1183 1184 1184 1253 1253 1253 1253 1184 1184 1254 1254 1184 1184 1185 1185 1254 1254 1185 1185 1186 1186 1254 1254 1186 1186 1187 1187 1254 1254 1187 1187 1188 1188 1254 1254 1254 1254 1188 1188 1255 1255 1255 1255 1188 1188 1256 1256 1188 1188 1189 1189 1256 1256 1256 1256 1189 1189 1257 1257 1189 1189 1190 1190 1257 1257 1258 1258 1259 1259 1260 1260 1259 1259 1257 1257 1260 1260 1257 1257 1190 1190 1260 1260 1260 1260 1190 1190 1261 1261 1261 1261 1190 1190 1262 1262 1190 1190 1191 1191 1262 1262 1262 1262 1191 1191 1263 1263 1191 1191 1192 1192 1263 1263 1263 1263 1192 1192 1264 1264 1192 1192 1193 1193 1264 1264 1264 1264 1193 1193 1265 1265 1193 1193 1194 1194 1265 1265 1265 1265 1194 1194 1266 1266 1194 1194 1195 1195 1266 1266 1266 1266 1195 1195 1267 1267 1267 1267 1195 1195 1268 1268 1195 1195 1196 1196 1268 1268 1196 1196 1197 1197 1268 1268 1268 1268 1197 1197 1269 1269 1269 1269 1197 1197 1270 1270 1197 1197 1198 1198 1270 1270 1198 1198 1199 1199 1270 1270 1199 1199 1200 1200 1270 1270 1270 1270 1200 1200 1271 1271 1271 1271 1200 1200 1272 1272 1200 1200 1201 1201 1272 1272 1273 1273 1272 1272 1274 1274 1272 1272 1201 1201 1274 1274 1201 1201 1202 1202 1274 1274 1274 1274 1202 1202 1275 1275 1202 1202 1203 1203 1275 1275 1275 1275 1203 1203 1276 1276 1203 1203 1204 1204 1276 1276 1277 1277 1276 1276 1278 1278 1276 1276 1204 1204 1278 1278 1204 1204 1205 1205 1278 1278 1278 1278 1205 1205 1279 1279 1205 1205 1206 1206 1279 1279 1206 1206 1207 1207 1279 1279 1279 1279 1207 1207 1280 1280 1280 1280 1207 1207 1281 1281 1207 1207 1208 1208 1281 1281 1282 1282 1281 1281 1283 1283 1281 1281 1208 1208 1283 1283 1283 1283 1208 1208 1284 1284 1208 1208 1209 1209 1284 1284 1209 1209 1210 1210 1284 1284 1284 1284 1210 1210 1285 1285 1285 1285 1210 1210 1286 1286 1210 1210 1211 1211 1286 1286 1211 1211 1212 1212 1286 1286 1286 1286 1212 1212 1287 1287 1212 1212 1213 1213 1287 1287 1287 1287 1213 1213 1288 1288 1213 1213 1214 1214 1288 1288 1288 1288 1214 1214 1289 1289 1289 1289 1214 1214 1290 1290 1214 1214 1215 1215 1290 1290 1215 1215 1216 1216 1290 1290 1290 1290 1216 1216 1291 1291 1216 1216 1217 1217 1291 1291 1291 1291 1217 1217 1292 1292 1217 1217 1218 1218 1292 1292 1292 1292 1218 1218 1293 1293 1218 1218 1219 1219 1293 1293 1293 1293 1219 1219 1294 1294 1219 1219 1220 1220 1294 1294 1220 1220 1221 1221 1294 1294 1294 1294 1221 1221 1295 1295 1296 1296 1295 1295 1297 1297 1295 1295 1221 1221 1297 1297 1221 1221 1222 1222 1297 1297 1297 1297 1222 1222 1298 1298 1222 1222 1223 1223 1298 1298 1223 1223 1224 1224 1298 1298 1224 1224 1225 1225 1298 1298 1298 1298 1225 1225 1299 1299 1225 1225 1226 1226 1299 1299 1299 1299 1226 1226 1300 1300 1226 1226 1227 1227 1300 1300 1300 1300 1227 1227 1301 1301 1227 1227 1228 1228 1301 1301 1301 1301 1228 1228 1302 1302 1228 1228 1229 1229 1302 1302 1302 1302 1229 1229 1303 1303 1229 1229 1230 1230 1303 1303 1230 1230 1231 1231 1303 1303 1303 1303 1231 1231 1304 1304 1231 1231 1232 1232 1304 1304 1304 1304 1232 1232 1305 1305 1232 1232 1233 1233 1305 1305 1305 1305 1233 1233 1306 1306 1233 1233 1234 1234 1306 1306 1234 1234 1235 1235 1306 1306 1306 1306 1235 1235 1307 1307 1308 1308 1309 1309 1310 1310 1309 1309 1307 1307 1310 1310 1311 1311 1307 1307 1312 1312 1307 1307 1235 1235 1312 1312 1312 1312 1235 1235 1313 1313 1235 1235 1236 1236 1313 1313 1313 1313 1236 1236 1314 1314 1236 1236 1237 1237 1314 1314 1314 1314 1237 1237 1315 1315 1237 1237 1238 1238 1315 1315 1238 1238 1239 1239 1315 1315 1315 1315 1239 1239 1316 1316 1239 1239 1240 1240 1316 1316 1316 1316 1240 1240 1317 1317 1317 1317 1240 1240 1318 1318 1240 1240 1241 1241 1318 1318 1241 1241 1242 1242 1318 1318 1242 1242 1243 1243 1318 1318 1319 1319 1320 1320 1321 1321 1321 1321 1320 1320 1322 1322 1320 1320 1318 1318 1322 1322 1318 1318 1243 1243 1322 1322 1322 1322 1243 1243 1323 1323 1323 1323 1243 1243 1324 1324 1243 1243 1245 1245 1324 1324 1324 1324 1245 1245 1325 1325 1325 1325 1245 1245 1326 1326 1245 1245 1246 1246 1326 1326 1326 1326 1246 1246 1327 1327 1246 1246 1247 1247 1327 1327 1247 1247 1248 1248 1327 1327 1248 1248 1249 1249 1327 1327 1249 1249 1250 1250 1327 1327 1327 1327 1250 1250 1328 1328 1328 1328 1250 1250 1329 1329 1250 1250 1251 1251 1329 1329 1329 1329 1251 1251 1330 1330 1251 1251 1252 1252 1330 1330 1330 1330 1252 1252 1331 1331 1252 1252 1253 1253 1331 1331 1331 1331 1253 1253 1332 1332 1253 1253 1254 1254 1332 1332 1254 1254 1255 1255 1332 1332 1332 1332 1255 1255 1333 1333 1333 1333 1255 1255 1334 1334 1255 1255 1256 1256 1334 1334 1256 1256 1257 1257 1334 1334 1257 1257 1259 1259 1334 1334 1334 1334 1259 1259 1335 1335 1259 1259 1258 1258 1335 1335 1335 1335 1258 1258 1336 1336 1258 1258 1260 1260 1336 1336 1336 1336 1260 1260 1337 1337 1337 1337 1260 1260 1338 1338 1260 1260 1261 1261 1338 1338 1338 1338 1261 1261 1339 1339 1261 1261 1262 1262 1339 1339 1339 1339 1262 1262 1340 1340 1262 1262 1263 1263 1340 1340 1340 1340 1263 1263 1341 1341 1263 1263 1264 1264 1341 1341 1341 1341 1264 1264 1342 1342 1264 1264 1265 1265 1342 1342 1342 1342 1265 1265 1343 1343 1265 1265 1266 1266 1343 1343 1343 1343 1266 1266 1344 1344 1266 1266 1267 1267 1344 1344 1344 1344 1267 1267 1345 1345 1267 1267 1268 1268 1345 1345 1268 1268 1269 1269 1345 1345 1345 1345 1269 1269 1346 1346 1346 1346 1269 1269 1347 1347 1269 1269 1270 1270 1347 1347 1270 1270 1271 1271 1347 1347 1271 1271 1272 1272 1347 1347 1272 1272 1273 1273 1347 1347 1347 1347 1273 1273 1348 1348 1349 1349 1348 1348 1350 1350 1348 1348 1273 1273 1350 1350 1273 1273 1274 1274 1350 1350 1274 1274 1275 1275 1350 1350 1350 1350 1275 1275 1351 1351 1351 1351 1275 1275 1352 1352 1275 1275 1276 1276 1352 1352 1276 1276 1277 1277 1352 1352 1352 1352 1277 1277 1353 1353 1277 1277 1278 1278 1353 1353 1353 1353 1278 1278 1354 1354 1354 1354 1278 1278 1355 1355 1278 1278 1279 1279 1355 1355 1279 1279 1280 1280 1355 1355 1355 1355 1280 1280 1356 1356 1356 1356 1280 1280 1357 1357 1357 1357 1280 1280 1358 1358 1280 1280 1281 1281 1358 1358 1281 1281 1282 1282 1358 1358 1358 1358 1282 1282 1359 1359 1282 1282 1283 1283 1359 1359 1359 1359 1283 1283 1360 1360 1283 1283 1284 1284 1360 1360 1360 1360 1284 1284 1361 1361 1284 1284 1285 1285 1361 1361 1285 1285 1286 1286 1361 1361 1361 1361 1286 1286 1362 1362 1286 1286 1287 1287 1362 1362 1362 1362 1287 1287 1363 1363 1287 1287 1288 1288 1363 1363 1363 1363 1288 1288 1364 1364 1364 1364 1288 1288 1365 1365 1365 1365 1288 1288 1366 1366 1288 1288 1289 1289 1366 1366 1366 1366 1289 1289 1367 1367 1367 1367 1289 1289 1368 1368 1289 1289 1290 1290 1368 1368 1368 1368 1290 1290 1369 1369 1369 1369 1290 1290 1370 1370 1290 1290 1291 1291 1370 1370 1370 1370 1291 1291 1371 1371 1371 1371 1291 1291 1372 1372 1291 1291 1292 1292 1372 1372 1292 1292 1293 1293 1372 1372 1372 1372 1293 1293 1373 1373 1373 1373 1293 1293 1374 1374 1293 1293 1294 1294 1374 1374 1374 1374 1294 1294 1375 1375 1375 1375 1294 1294 1376 1376 1294 1294 1295 1295 1376 1376 1376 1376 1295 1295 1377 1377 1295 1295 1296 1296 1377 1377 1377 1377 1296 1296 1378 1378 1378 1378 1296 1296 1379 1379 1379 1379 1296 1296 1380 1380 1296 1296 1297 1297 1380 1380 1297 1297 1298 1298 1380 1380 1380 1380 1298 1298 1381 1381 1298 1298 1299 1299 1381 1381 1299 1299 1300 1300 1381 1381 1381 1381 1300 1300 1382 1382 1300 1300 1301 1301 1382 1382 1382 1382 1301 1301 1383 1383 1301 1301 1302 1302 1383 1383 1383 1383 1302 1302 1384 1384 1302 1302 1303 1303 1384 1384 1384 1384 1303 1303 1385 1385 1385 1385 1303 1303 1386 1386 1303 1303 1304 1304 1386 1386 1386 1386 1304 1304 1387 1387 1304 1304 1305 1305 1387 1387 1387 1387 1305 1305 1388 1388 1388 1388 1305 1305 1389 1389 1305 1305 1306 1306 1389 1389 1306 1306 1307 1307 1389 1389 1307 1307 1309 1309 1389 1389 1309 1309 1390 1390 1389 1389 1389 1389 1390 1390 1391 1391 1393 1393 1390 1390 1394 1394 1394 1394 1390 1390 1395 1395 1390 1390 1309 1309 1395 1395 1395 1395 1309 1309 1396 1396 1309 1309 1308 1308 1396 1396 1396 1396 1308 1308 1397 1397 1397 1397 1308 1308 1398 1398 1308 1308 1310 1310 1398 1398 1398 1398 1310 1310 1399 1399 1400 1400 1399 1399 1401 1401 1399 1399 1310 1310 1401 1401 1311 1311 1312 1312 1401 1401 1312 1312 1313 1313 1401 1401 1401 1401 1313 1313 1402 1402 1313 1313 1314 1314 1402 1402 1314 1314 1315 1315 1402 1402 1315 1315 1316 1316 1402 1402 1402 1402 1316 1316 1403 1403 1316 1316 1317 1317 1403 1403 1317 1317 1318 1318 1403 1403 1318 1318 1320 1320 1403 1403 1320 1320 1319 1319 1403 1403 1403 1403 1319 1319 1404 1404 1404 1404 1319 1319 1405 1405 1319 1319 1321 1321 1405 1405 1321 1321 1322 1322 1405 1405 1322 1322 1323 1323 1405 1405 1405 1405 1323 1323 1406 1406 1323 1323 1324 1324 1406 1406 1324 1324 1325 1325 1406 1406 1406 1406 1325 1325 1407 1407 1407 1407 1325 1325 1408 1408 1325 1325 1326 1326 1408 1408 1408 1408 1326 1326 1409 1409 1326 1326 1327 1327 1409 1409 1409 1409 1327 1327 1410 1410 1327 1327 1328 1328 1410 1410 1410 1410 1328 1328 1411 1411 1328 1328 1329 1329 1411 1411 1411 1411 1329 1329 1412 1412 1329 1329 1330 1330 1412 1412 1412 1412 1330 1330 1413 1413 1330 1330 1331 1331 1413 1413 1413 1413 1331 1331 1414 1414 1331 1331 1332 1332 1414 1414 1332 1332 1333 1333 1414 1414 1414 1414 1333 1333 1415 1415 1415 1415 1333 1333 1416 1416 1333 1333 1334 1334 1416 1416 1416 1416 1334 1334 1417 1417 1334 1334 1335 1335 1417 1417 1335 1335 1336 1336 1417 1417 1336 1336 1418 1418 1417 1417 1417 1417 1418 1418 1419 1419 1419 1419 1418 1418 1420 1420 1418 1418 1336 1336 1420 1420 1336 1336 1337 1337 1420 1420 1420 1420 1337 1337 1421 1421 1337 1337 1338 1338 1421 1421 1421 1421 1338 1338 1422 1422 1338 1338 1339 1339 1422 1422 1422 1422 1339 1339 1423 1423 1339 1339 1340 1340 1423 1423 1423 1423 1340 1340 1424 1424 1340 1340 1341 1341 1424 1424 1424 1424 1341 1341 1425 1425 1341 1341 1342 1342 1425 1425 1425 1425 1342 1342 1426 1426 1342 1342 1343 1343 1426 1426 1426 1426 1343 1343 1427 1427 1343 1343 1344 1344 1427 1427 1427 1427 1344 1344 1428 1428 1344 1344 1345 1345 1428 1428 1428 1428 1345 1345 1429 1429 1345 1345 1346 1346 1429 1429 1429 1429 1346 1346 1430 1430 1430 1430 1346 1346 1431 1431 1346 1346 1347 1347 1431 1431 1347 1347 1348 1348 1431 1431 1431 1431 1348 1348 1432 1432 1348 1348 1349 1349 1432 1432 1432 1432 1349 1349 1433 1433 1433 1433 1349 1349 1434 1434 1349 1349 1350 1350 1434 1434 1350 1350 1351 1351 1434 1434 1351 1351 1352 1352 1434 1434 1352 1352 1353 1353 1434 1434 1434 1434 1353 1353 1435 1435 1435 1435 1353 1353 1436 1436 1436 1436 1353 1353 1437 1437 1353 1353 1354 1354 1437 1437 1354 1354 1355 1355 1437 1437 1355 1355 1356 1356 1437 1437 1437 1437 1356 1356 1438 1438 1438 1438 1356 1356 1439 1439 1356 1356 1357 1357 1439 1439 1357 1357 1358 1358 1439 1439 1439 1439 1358 1358 1440 1440 1358 1358 1359 1359 1440 1440 1440 1440 1359 1359 1441 1441 1359 1359 1360 1360 1441 1441 1360 1360 1361 1361 1441 1441 1441 1441 1361 1361 1442 1442 1361 1361 1362 1362 1442 1442 1442 1442 1362 1362 1443 1443 1362 1362 1363 1363 1443 1443 1443 1443 1363 1363 1444 1444 1444 1444 1363 1363 1445 1445 1363 1363 1364 1364 1445 1445 1364 1364 1365 1365 1445 1445 1445 1445 1365 1365 1446 1446 1446 1446 1365 1365 1447 1447 1365 1365 1366 1366 1447 1447 1366 1366 1367 1367 1447 1447 1447 1447 1367 1367 1448 1448 1367 1367 1368 1368 1448 1448 1368 1368 1369 1369 1448 1448 1448 1448 1369 1369 1449 1449 1369 1369 1370 1370 1449 1449 1370 1370 1371 1371 1449 1449 1371 1371 1372 1372 1449 1449 1449 1449 1372 1372 1450 1450 1450 1450 1372 1372 1451 1451 1451 1451 1372 1372 1452 1452 1372 1372 1373 1373 1452 1452 1452 1452 1373 1373 1453 1453 1373 1373 1374 1374 1453 1453 1374 1374 1375 1375 1453 1453 1453 1453 1375 1375 1454 1454 1375 1375 1376 1376 1454 1454 1454 1454 1376 1376 1455 1455 1376 1376 1377 1377 1455 1455 1455 1455 1377 1377 1456 1456 1377 1377 1378 1378 1456 1456 1456 1456 1378 1378 1457 1457 1378 1378 1379 1379 1457 1457 1457 1457 1379 1379 1458 1458 1458 1458 1379 1379 1459 1459 1379 1379 1380 1380 1459 1459 1380 1380 1381 1381 1459 1459 1459 1459 1381 1381 1460 1460 1460 1460 1381 1381 1461 1461 1381 1381 1382 1382 1461 1461 1461 1461 1382 1382 1462 1462 1382 1382 1383 1383 1462 1462 1462 1462 1383 1383 1463 1463 1383 1383 1384 1384 1463 1463 1384 1384 1385 1385 1463 1463 1463 1463 1385 1385 1464 1464 1385 1385 1386 1386 1464 1464 1464 1464 1386 1386 1465 1465 1386 1386 1387 1387 1465 1465 1465 1465 1387 1387 1466 1466 1387 1387 1388 1388 1466 1466 1466 1466 1388 1388 1467 1467 1388 1388 1389 1389 1467 1467 1389 1389 1392 1392 1467 1467 1467 1467 1392 1392 1468 1468 1468 1468 1392 1392 1469 1469 1469 1469 1393 1393 1470 1470 1393 1393 1394 1394 1470 1470 1394 1394 1395 1395 1470 1470 1395 1395 1396 1396 1470 1470 1396 1396 1397 1397 1470 1470 1470 1470 1397 1397 1471 1471 1397 1397 1398 1398 1471 1471 1471 1471 1398 1398 1472 1472 1398 1398 1399 1399 1472 1472 1399 1399 1400 1400 1472 1472 1472 1472 1400 1400 1473 1473 1473 1473 1400 1400 1474 1474 1400 1400 1401 1401 1474 1474 1401 1401 1402 1402 1474 1474 1402 1402 1403 1403 1474 1474 1474 1474 1403 1403 1475 1475 1403 1403 1404 1404 1475 1475 1475 1475 1404 1404 1476 1476 1404 1404 1405 1405 1476 1476 1476 1476 1405 1405 1477 1477 1477 1477 1405 1405 1478 1478 1405 1405 1406 1406 1478 1478 1406 1406 1407 1407 1478 1478 1478 1478 1407 1407 1479 1479 1479 1479 1407 1407 1480 1480 1407 1407 1408 1408 1480 1480 1480 1480 1408 1408 1481 1481 1408 1408 1409 1409 1481 1481 1481 1481 1409 1409 1482 1482 1409 1409 1410 1410 1482 1482 1482 1482 1410 1410 1483 1483 1410 1410 1411 1411 1483 1483 1483 1483 1411 1411 1484 1484 1411 1411 1412 1412 1484 1484 1484 1484 1412 1412 1485 1485 1412 1412 1413 1413 1485 1485 1485 1485 1413 1413 1486 1486 1413 1413 1414 1414 1486 1486 1414 1414 1415 1415 1486 1486 1487 1487 1486 1486 1488 1488 1486 1486 1415 1415 1488 1488 1488 1488 1415 1415 1489 1489 1415 1415 1416 1416 1489 1489 1489 1489 1416 1416 1490 1490 1416 1416 1417 1417 1490 1490 1417 1417 1419 1419 1490 1490 1490 1490 1419 1419 1491 1491 1419 1419 1420 1420 1491 1491 1492 1492 1491 1491 1493 1493 1491 1491 1420 1420 1493 1493 1493 1493 1420 1420 1494 1494 1420 1420 1421 1421 1494 1494 1494 1494 1421 1421 1495 1495 1421 1421 1422 1422 1495 1495 1495 1495 1422 1422 1496 1496 1422 1422 1423 1423 1496 1496 1496 1496 1423 1423 1497 1497 1423 1423 1424 1424 1497 1497 1497 1497 1424 1424 1498 1498 1424 1424 1425 1425 1498 1498 1498 1498 1425 1425 1499 1499 1425 1425 1426 1426 1499 1499 1499 1499 1426 1426 1500 1500 1426 1426 1427 1427 1500 1500 1500 1500 1427 1427 1501 1501 1427 1427 1428 1428 1501 1501 1501 1501 1428 1428 1502 1502 1428 1428 1429 1429 1502 1502 1502 1502 1429 1429 1503 1503 1429 1429 1430 1430 1503 1503 1503 1503 1430 1430 1504 1504 1504 1504 1430 1430 1505 1505 1430 1430 1431 1431 1505 1505 1431 1431 1432 1432 1505 1505 1505 1505 1432 1432 1506 1506 1432 1432 1433 1433 1506 1506 1506 1506 1433 1433 1507 1507 1507 1507 1433 1433 1508 1508 1433 1433 1434 1434 1508 1508 1434 1434 1435 1435 1508 1508 1508 1508 1435 1435 1509 1509 1435 1435 1436 1436 1509 1509 1510 1510 1509 1509 1511 1511 1509 1509 1436 1436 1511 1511 1436 1436 1437 1437 1511 1511 1511 1511 1437 1437 1512 1512 1437 1437 1438 1438 1512 1512 1512 1512 1438 1438 1513 1513 1438 1438 1439 1439 1513 1513 1513 1513 1439 1439 1514 1514 1439 1439 1440 1440 1514 1514 1514 1514 1440 1440 1515 1515 1440 1440 1441 1441 1515 1515 1515 1515 1441 1441 1516 1516 1516 1516 1441 1441 1517 1517 1441 1441 1442 1442 1517 1517 1517 1517 1442 1442 1518 1518 1442 1442 1443 1443 1518 1518 1518 1518 1443 1443 1519 1519 1443 1443 1444 1444 1519 1519 1519 1519 1444 1444 1520 1520 1444 1444 1445 1445 1520 1520 1520 1520 1445 1445 1521 1521 1445 1445 1446 1446 1521 1521 1521 1521 1446 1446 1522 1522 1446 1446 1447 1447 1522 1522 1522 1522 1447 1447 1523 1523 1447 1447 1448 1448 1523 1523 1523 1523 1448 1448 1524 1524 1448 1448 1449 1449 1524 1524 1524 1524 1449 1449 1525 1525 1449 1449 1450 1450 1525 1525 1525 1525 1450 1450 1526 1526 1450 1450 1451 1451 1526 1526 1526 1526 1451 1451 1527 1527 1451 1451 1452 1452 1527 1527 1527 1527 1452 1452 1528 1528 1452 1452 1453 1453 1528 1528 1453 1453 1454 1454 1528 1528 1528 1528 1454 1454 1529 1529 1454 1454 1455 1455 1529 1529 1529 1529 1455 1455 1530 1530 1455 1455 1456 1456 1530 1530 1530 1530 1456 1456 1531 1531 1456 1456 1457 1457 1531 1531 1531 1531 1457 1457 1532 1532 1532 1532 1457 1457 1533 1533 1457 1457 1458 1458 1533 1533 1534 1534 1535 1535 1536 1536 1535 1535 1533 1533 1536 1536 1533 1533 1458 1458 1536 1536 1458 1458 1459 1459 1536 1536 1459 1459 1460 1460 1536 1536 1536 1536 1460 1460 1537 1537 1460 1460 1461 1461 1537 1537 1461 1461 1462 1462 1537 1537 1537 1537 1462 1462 1538 1538 1462 1462 1463 1463 1538 1538 1538 1538 1463 1463 1539 1539 1539 1539 1463 1463 1540 1540 1463 1463 1464 1464 1540 1540 1540 1540 1464 1464 1541 1541 1464 1464 1465 1465 1541 1541 1541 1541 1465 1465 1542 1542 1465 1465 1466 1466 1542 1542 1542 1542 1466 1466 1543 1543 1466 1466 1467 1467 1543 1543 1467 1467 1468 1468 1543 1543 1543 1543 1468 1468 1544 1544 1544 1544 1468 1468 1545 1545 1468 1468 1469 1469 1545 1545 1545 1545 1469 1469 1546 1546 1469 1469 1470 1470 1546 1546 1546 1546 1470 1470 1547 1547 1547 1547 1470 1470 1548 1548 1470 1470 1471 1471 1548 1548 1548 1548 1471 1471 1549 1549 1471 1471 1472 1472 1549 1549 1549 1549 1472 1472 1550 1550 1472 1472 1473 1473 1550 1550 1550 1550 1473 1473 1551 1551 1551 1551 1473 1473 1552 1552 1473 1473 1474 1474 1552 1552 1552 1552 1474 1474 1553 1553 1474 1474 1475 1475 1553 1553 1475 1475 1476 1476 1553 1553 1553 1553 1476 1476 1554 1554 1476 1476 1477 1477 1554 1554 1555 1555 1554 1554 1556 1556 1554 1554 1477 1477 1556 1556 1556 1556 1477 1477 1557 1557 1477 1477 1478 1478 1557 1557 1478 1478 1479 1479 1557 1557 1557 1557 1479 1479 1558 1558 1558 1558 1479 1479 1559 1559 1479 1479 1480 1480 1559 1559 1559 1559 1480 1480 1560 1560 1480 1480 1481 1481 1560 1560 1560 1560 1481 1481 1561 1561 1481 1481 1482 1482 1561 1561 1561 1561 1482 1482 1562 1562 1482 1482 1483 1483 1562 1562 1562 1562 1483 1483 1563 1563 1483 1483 1484 1484 1563 1563 1563 1563 1484 1484 1564 1564 1484 1484 1485 1485 1564 1564 1485 1485 1486 1486 1564 1564 1486 1486 1487 1487 1564 1564 1564 1564 1487 1487 1565 1565 1565 1565 1487 1487 1566 1566 1487 1487 1488 1488 1566 1566 1566 1566 1488 1488 1567 1567 1488 1488 1489 1489 1567 1567 1567 1567 1489 1489 1568 1568 1489 1489 1490 1490 1568 1568 1490 1490 1491 1491 1568 1568 1491 1491 1492 1492 1568 1568 1568 1568 1492 1492 1569 1569 1570 1570 1569 1569 1571 1571 1569 1569 1492 1492 1571 1571 1492 1492 1493 1493 1571 1571 1571 1571 1493 1493 1572 1572 1493 1493 1494 1494 1572 1572 1572 1572 1494 1494 1573 1573 1494 1494 1495 1495 1573 1573 1573 1573 1495 1495 1574 1574 1495 1495 1496 1496 1574 1574 1574 1574 1496 1496 1575 1575 1496 1496 1497 1497 1575 1575 1575 1575 1497 1497 1576 1576 1497 1497 1498 1498 1576 1576 1576 1576 1498 1498 1577 1577 1498 1498 1499 1499 1577 1577 1577 1577 1499 1499 1578 1578 1499 1499 1500 1500 1578 1578 1578 1578 1500 1500 1579 1579 1500 1500 1501 1501 1579 1579 1579 1579 1501 1501 1580 1580 1501 1501 1502 1502 1580 1580 1580 1580 1502 1502 1581 1581 1502 1502 1503 1503 1581 1581 1581 1581 1503 1503 1582 1582 1503 1503 1504 1504 1582 1582 1582 1582 1504 1504 1583 1583 1504 1504 1505 1505 1583 1583 1505 1505 1506 1506 1583 1583 1583 1583 1506 1506 1584 1584 1506 1506 1507 1507 1584 1584 1584 1584 1507 1507 1585 1585 1585 1585 1507 1507 1586 1586 1507 1507 1508 1508 1586 1586 1508 1508 1509 1509 1586 1586 1509 1509 1510 1510 1586 1586 1586 1586 1510 1510 1587 1587 1587 1587 1510 1510 1588 1588 1588 1588 1510 1510 1589 1589 1510 1510 1511 1511 1589 1589 1511 1511 1512 1512 1589 1589 1589 1589 1512 1512 1590 1590 1512 1512 1513 1513 1590 1590 1590 1590 1513 1513 1591 1591 1513 1513 1514 1514 1591 1591 1591 1591 1514 1514 1592 1592 1514 1514 1515 1515 1592 1592 1592 1592 1515 1515 1593 1593 1515 1515 1516 1516 1593 1593 1593 1593 1516 1516 1594 1594 1516 1516 1517 1517 1594 1594 1594 1594 1517 1517 1595 1595 1517 1517 1518 1518 1595 1595 1595 1595 1518 1518 1596 1596 1518 1518 1519 1519 1596 1596 1596 1596 1519 1519 1597 1597 1519 1519 1520 1520 1597 1597 1597 1597 1520 1520 1598 1598 1520 1520 1521 1521 1598 1598 1598 1598 1521 1521 1599 1599 1521 1521 1522 1522 1599 1599 1599 1599 1522 1522 1600 1600 1522 1522 1523 1523 1600 1600 1600 1600 1523 1523 1601 1601 1523 1523 1524 1524 1601 1601 1601 1601 1524 1524 1602 1602 1524 1524 1525 1525 1602 1602 1602 1602 1525 1525 1603 1603 1525 1525 1526 1526 1603 1603 1526 1526 1527 1527 1603 1603 1603 1603 1527 1527 1604 1604 1527 1527 1528 1528 1604 1604 1528 1528 1529 1529 1604 1604 1604 1604 1529 1529 1605 1605 1529 1529 1530 1530 1605 1605 1605 1605 1530 1530 1606 1606 1530 1530 1531 1531 1606 1606 1606 1606 1531 1531 1607 1607 1531 1531 1532 1532 1607 1607 1607 1607 1532 1532 1608 1608 1532 1532 1533 1533 1608 1608 1533 1533 1535 1535 1608 1608 1608 1608 1535 1535 1609 1609 1535 1535 1534 1534 1609 1609 1610 1610 1611 1611 1612 1612 1611 1611 1609 1609 1612 1612 1609 1609 1534 1534 1612 1612 1534 1534 1536 1536 1612 1612 1536 1536 1537 1537 1612 1612 1612 1612 1537 1537 1613 1613 1537 1537 1538 1538 1613 1613 1613 1613 1538 1538 1614 1614 1538 1538 1539 1539 1614 1614 1614 1614 1539 1539 1615 1615 1539 1539 1540 1540 1615 1615 1615 1615 1540 1540 1616 1616 1540 1540 1541 1541 1616 1616 1616 1616 1541 1541 1617 1617 1541 1541 1542 1542 1617 1617 1617 1617 1542 1542 1618 1618 1542 1542 1543 1543 1618 1618 1543 1543 1544 1544 1618 1618 1618 1618 1544 1544 1619 1619 1619 1619 1544 1544 1620 1620 1544 1544 1545 1545 1620 1620 1620 1620 1545 1545 1621 1621 1545 1545 1546 1546 1621 1621 1621 1621 1546 1546 1622 1622 1546 1546 1547 1547 1622 1622 1622 1622 1547 1547 1623 1623 1547 1547 1548 1548 1623 1623 1623 1623 1548 1548 1624 1624 1548 1548 1549 1549 1624 1624 1624 1624 1549 1549 1625 1625 1549 1549 1550 1550 1625 1625 1625 1625 1550 1550 1626 1626 1550 1550 1551 1551 1626 1626 1626 1626 1551 1551 1627 1627 1551 1551 1552 1552 1627 1627 1552 1552 1553 1553 1627 1627 1553 1553 1554 1554 1627 1627 1554 1554 1555 1555 1627 1627 1627 1627 1555 1555 1628 1628 1628 1628 1555 1555 1629 1629 1629 1629 1555 1555 1630 1630 1555 1555 1556 1556 1630 1630 1630 1630 1556 1556 1631 1631 1556 1556 1557 1557 1631 1631 1557 1557 1558 1558 1631 1631 1632 1632 1631 1631 1633 1633 1631 1631 1558 1558 1633 1633 1633 1633 1558 1558 1634 1634 1558 1558 1559 1559 1634 1634 1634 1634 1559 1559 1635 1635 1559 1559 1560 1560 1635 1635 1635 1635 1560 1560 1636 1636 1560 1560 1561 1561 1636 1636 1636 1636 1561 1561 1637 1637 1561 1561 1562 1562 1637 1637 1637 1637 1562 1562 1638 1638 1562 1562 1563 1563 1638 1638 1638 1638 1563 1563 1639 1639 1563 1563 1564 1564 1639 1639 1639 1639 1564 1564 1640 1640 1564 1564 1565 1565 1640 1640 1640 1640 1565 1565 1641 1641 1565 1565 1566 1566 1641 1641 1641 1641 1566 1566 1642 1642 1566 1566 1567 1567 1642 1642 1642 1642 1567 1567 1643 1643 1567 1567 1568 1568 1643 1643 1568 1568 1569 1569 1643 1643 1569 1569 1570 1570 1643 1643 1643 1643 1570 1570 1644 1644 1645 1645 1644 1644 1646 1646 1644 1644 1570 1570 1646 1646 1570 1570 1571 1571 1646 1646 1646 1646 1571 1571 1647 1647 1571 1571 1572 1572 1647 1647 1647 1647 1572 1572 1648 1648 1572 1572 1573 1573 1648 1648 1648 1648 1573 1573 1649 1649 1573 1573 1574 1574 1649 1649 1649 1649 1574 1574 1650 1650 1574 1574 1575 1575 1650 1650 1650 1650 1575 1575 1651 1651 1575 1575 1576 1576 1651 1651 1651 1651 1576 1576 1652 1652 1576 1576 1577 1577 1652 1652 1652 1652 1577 1577 1653 1653 1577 1577 1578 1578 1653 1653 1653 1653 1578 1578 1654 1654 1578 1578 1579 1579 1654 1654 1654 1654 1579 1579 1655 1655 1579 1579 1580 1580 1655 1655 1655 1655 1580 1580 1656 1656 1580 1580 1581 1581 1656 1656 1656 1656 1581 1581 1657 1657 1581 1581 1582 1582 1657 1657 1657 1657 1582 1582 1658 1658 1582 1582 1583 1583 1658 1658 1658 1658 1583 1583 1659 1659 1583 1583 1584 1584 1659 1659 1659 1659 1584 1584 1660 1660 1584 1584 1585 1585 1660 1660 1660 1660 1585 1585 1661 1661 1661 1661 1585 1585 1662 1662 1585 1585 1586 1586 1662 1662 1586 1586 1587 1587 1662 1662 1662 1662 1587 1587 1663 1663 1587 1587 1588 1588 1663 1663 1663 1663 1588 1588 1664 1664 1664 1664 1588 1588 1665 1665 1588 1588 1589 1589 1665 1665 1589 1589 1590 1590 1665 1665 1665 1665 1590 1590 1666 1666 1590 1590 1591 1591 1666 1666 1666 1666 1591 1591 1667 1667 1591 1591 1592 1592 1667 1667 1667 1667 1592 1592 1668 1668 1592 1592 1593 1593 1668 1668 1668 1668 1593 1593 1669 1669 1593 1593 1594 1594 1669 1669 1669 1669 1594 1594 1670 1670 1594 1594 1595 1595 1670 1670 1670 1670 1595 1595 1671 1671 1595 1595 1596 1596 1671 1671 1671 1671 1596 1596 1672 1672 1596 1596 1597 1597 1672 1672 1672 1672 1597 1597 1673 1673 1597 1597 1598 1598 1673 1673 1673 1673 1598 1598 1674 1674 1598 1598 1599 1599 1674 1674 1674 1674 1599 1599 1675 1675 1599 1599 1600 1600 1675 1675 1675 1675 1600 1600 1676 1676 1600 1600 1601 1601 1676 1676 1676 1676 1601 1601 1677 1677 1601 1601 1602 1602 1677 1677 1677 1677 1602 1602 1679 1679 1602 1602 1603 1603 1679 1679 1679 1679 1603 1603 1680 1680 1680 1680 1603 1603 1681 1681 1603 1603 1604 1604 1681 1681 1604 1604 1605 1605 1681 1681 1681 1681 1605 1605 1682 1682 1605 1605 1606 1606 1682 1682 1682 1682 1606 1606 1683 1683 1606 1606 1607 1607 1683 1683 1683 1683 1607 1607 1684 1684 1607 1607 1608 1608 1684 1684 1684 1684 1608 1608 1685 1685 1608 1608 1609 1609 1685 1685 1609 1609 1611 1611 1685 1685 1686 1686 1685 1685 1688 1688 1685 1685 1611 1611 1688 1688 1611 1611 1610 1610 1688 1688 1688 1688 1610 1610 1690 1690 1690 1690 1610 1610 1691 1691 1610 1610 1612 1612 1691 1691 1612 1612 1613 1613 1691 1691 1691 1691 1613 1613 1692 1692 1613 1613 1614 1614 1692 1692 1692 1692 1614 1614 1693 1693 1614 1614 1615 1615 1693 1693 1693 1693 1615 1615 1694 1694 1615 1615 1616 1616 1694 1694 1694 1694 1616 1616 1695 1695 1616 1616 1617 1617 1695 1695 1695 1695 1617 1617 1696 1696 1617 1617 1618 1618 1696 1696 1618 1618 1619 1619 1696 1696 1696 1696 1619 1619 1697 1697 1697 1697 1619 1619 1698 1698 1619 1619 1620 1620 1698 1698 1698 1698 1620 1620 1699 1699 1620 1620 1621 1621 1699 1699 1699 1699 1621 1621 1700 1700 1621 1621 1622 1622 1700 1700 1700 1700 1622 1622 1701 1701 1622 1622 1623 1623 1701 1701 1701 1701 1623 1623 1702 1702 1623 1623 1624 1624 1702 1702 1702 1702 1624 1624 1703 1703 1624 1624 1625 1625 1703 1703 1703 1703 1625 1625 1704 1704 1625 1625 1626 1626 1704 1704 1626 1626 1627 1627 1704 1704 1627 1627 1628 1628 1704 1704 1704 1704 1628 1628 1705 1705 1628 1628 1629 1629 1705 1705 1705 1705 1629 1629 1706 1706 1706 1706 1629 1629 1707 1707 1629 1629 1630 1630 1707 1707 1630 1630 1631 1631 1707 1707 1631 1631 1632 1632 1707 1707 1707 1707 1632 1632 1708 1708 1708 1708 1632 1632 1709 1709 1632 1632 1633 1633 1709 1709 1709 1709 1633 1633 1710 1710 1633 1633 1634 1634 1710 1710 1710 1710 1634 1634 1711 1711 1634 1634 1635 1635 1711 1711 1711 1711 1635 1635 1712 1712 1635 1635 1636 1636 1712 1712 1712 1712 1636 1636 1713 1713 1636 1636 1637 1637 1713 1713 1713 1713 1637 1637 1714 1714 1637 1637 1638 1638 1714 1714 1714 1714 1638 1638 1715 1715 1638 1638 1639 1639 1715 1715 1715 1715 1639 1639 1716 1716 1639 1639 1640 1640 1716 1716 1716 1716 1640 1640 1717 1717 1640 1640 1641 1641 1717 1717 1717 1717 1641 1641 1718 1718 1641 1641 1642 1642 1718 1718 1718 1718 1642 1642 1719 1719 1642 1642 1643 1643 1719 1719 1643 1643 1644 1644 1719 1719 1644 1644 1645 1645 1719 1719 1719 1719 1645 1645 1720 1720 1720 1720 1645 1645 1721 1721 1645 1645 1646 1646 1721 1721 1721 1721 1646 1646 1722 1722 1646 1646 1647 1647 1722 1722 1722 1722 1647 1647 1723 1723 1647 1647 1648 1648 1723 1723 1723 1723 1648 1648 1724 1724 1648 1648 1649 1649 1724 1724 1724 1724 1649 1649 1725 1725 1649 1649 1650 1650 1725 1725 1725 1725 1650 1650 1726 1726 1650 1650 1651 1651 1726 1726 1726 1726 1651 1651 1727 1727 1651 1651 1652 1652 1727 1727 1727 1727 1652 1652 1728 1728 1652 1652 1653 1653 1728 1728 1728 1728 1653 1653 1729 1729 1653 1653 1654 1654 1729 1729 1729 1729 1654 1654 1730 1730 1654 1654 1655 1655 1730 1730 1730 1730 1655 1655 1731 1731 1655 1655 1656 1656 1731 1731 1731 1731 1656 1656 1732 1732 1656 1656 1657 1657 1732 1732 1732 1732 1657 1657 1733 1733 1657 1657 1658 1658 1733 1733 1733 1733 1658 1658 1734 1734 1658 1658 1659 1659 1734 1734 1734 1734 1659 1659 1735 1735 1659 1659 1660 1660 1735 1735 1735 1735 1660 1660 1736 1736 1660 1660 1661 1661 1736 1736 1736 1736 1661 1661 1737 1737 1661 1661 1662 1662 1737 1737 1662 1662 1663 1663 1737 1737 1737 1737 1663 1663 1738 1738 1663 1663 1664 1664 1738 1738 1738 1738 1664 1664 1739 1739 1739 1739 1664 1664 1740 1740 1664 1664 1665 1665 1740 1740 1665 1665 1666 1666 1740 1740 1740 1740 1666 1666 1741 1741 1666 1666 1667 1667 1741 1741 1741 1741 1667 1667 1742 1742 1667 1667 1668 1668 1742 1742 1742 1742 1668 1668 1743 1743 1668 1668 1669 1669 1743 1743 1743 1743 1669 1669 1744 1744 1669 1669 1670 1670 1744 1744 1744 1744 1670 1670 1745 1745 1670 1670 1671 1671 1745 1745 1745 1745 1671 1671 1746 1746 1671 1671 1672 1672 1746 1746 1746 1746 1672 1672 1747 1747 1672 1672 1673 1673 1747 1747 1747 1747 1673 1673 1748 1748 1673 1673 1674 1674 1748 1748 1748 1748 1674 1674 1749 1749 1674 1674 1675 1675 1749 1749 1749 1749 1675 1675 1750 1750 1675 1675 1676 1676 1750 1750 1750 1750 1676 1676 1751 1751 1676 1676 1677 1677 1751 1751 1751 1751 1677 1677 1752 1752 1752 1752 1677 1677 1753 1753 1677 1677 1678 1678 1753 1753 1753 1753 1678 1678 1754 1754 1678 1678 1680 1680 1754 1754 1680 1680 1681 1681 1754 1754 1754 1754 1681 1681 1755 1755 1681 1681 1682 1682 1755 1755 1755 1755 1682 1682 1756 1756 1682 1682 1683 1683 1756 1756 1756 1756 1683 1683 1757 1757 1683 1683 1684 1684 1757 1757 1757 1757 1684 1684 1758 1758 1684 1684 1685 1685 1758 1758 1758 1758 1685 1685 1759 1759 1685 1685 1686 1686 1759 1759 1759 1759 1686 1686 1760 1760 1760 1760 1686 1686 1763 1763 1686 1686 1688 1688 1762 1762 1687 1687 1689 1689 1761 1761 1764 1764 1763 1763 1765 1765 1763 1763 1690 1690 1765 1765 1765 1765 1690 1690 1766 1766 1766 1766 1690 1690 1767 1767 1767 1767 1690 1690 1768 1768 1690 1690 1691 1691 1768 1768 1691 1691 1692 1692 1768 1768 1768 1768 1692 1692 1769 1769 1769 1769 1692 1692 1770 1770 1692 1692 1693 1693 1770 1770 1770 1770 1693 1693 1771 1771 1693 1693 1694 1694 1771 1771 1771 1771 1694 1694 1772 1772 1694 1694 1695 1695 1772 1772 1772 1772 1695 1695 1773 1773 1695 1695 1696 1696 1773 1773 1696 1696 1697 1697 1773 1773 1773 1773 1697 1697 1774 1774 1774 1774 1697 1697 1775 1775 1697 1697 1698 1698 1775 1775 1775 1775 1698 1698 1776 1776 1698 1698 1699 1699 1776 1776 1776 1776 1699 1699 1777 1777 1699 1699 1700 1700 1777 1777 1777 1777 1700 1700 1778 1778 1700 1700 1701 1701 1778 1778 1778 1778 1701 1701 1779 1779 1701 1701 1702 1702 1779 1779 1779 1779 1702 1702 1780 1780 1702 1702 1703 1703 1780 1780 1780 1780 1703 1703 1781 1781 1703 1703 1704 1704 1781 1781 1704 1704 1705 1705 1781 1781 1781 1781 1705 1705 1782 1782 1705 1705 1706 1706 1782 1782 1783 1783 1782 1782 1784 1784 1782 1782 1706 1706 1784 1784 1784 1784 1706 1706 1785 1785 1706 1706 1707 1707 1785 1785 1785 1785 1707 1707 1786 1786 1707 1707 1708 1708 1786 1786 1786 1786 1708 1708 1787 1787 1708 1708 1709 1709 1787 1787 1787 1787 1709 1709 1788 1788 1709 1709 1710 1710 1788 1788 1788 1788 1710 1710 1789 1789 1710 1710 1711 1711 1789 1789 1789 1789 1711 1711 1790 1790 1711 1711 1712 1712 1790 1790 1790 1790 1712 1712 1791 1791 1712 1712 1713 1713 1791 1791 1791 1791 1713 1713 1792 1792 1713 1713 1714 1714 1792 1792 1792 1792 1714 1714 1793 1793 1714 1714 1715 1715 1793 1793 1793 1793 1715 1715 1794 1794 1715 1715 1716 1716 1794 1794 1794 1794 1716 1716 1795 1795 1716 1716 1717 1717 1795 1795 1795 1795 1717 1717 1796 1796 1717 1717 1718 1718 1796 1796 1796 1796 1718 1718 1797 1797 1718 1718 1719 1719 1797 1797 1719 1719 1720 1720 1797 1797 1797 1797 1720 1720 1798 1798 1798 1798 1720 1720 1799 1799 1720 1720 1721 1721 1799 1799 1799 1799 1721 1721 1800 1800 1721 1721 1722 1722 1800 1800 1800 1800 1722 1722 1801 1801 1722 1722 1723 1723 1801 1801 1801 1801 1723 1723 1802 1802 1723 1723 1724 1724 1802 1802 1802 1802 1724 1724 1803 1803 1724 1724 1725 1725 1803 1803 1803 1803 1725 1725 1804 1804 1725 1725 1726 1726 1804 1804 1804 1804 1726 1726 1805 1805 1726 1726 1727 1727 1805 1805 1805 1805 1727 1727 1806 1806 1727 1727 1728 1728 1806 1806 1806 1806 1728 1728 1807 1807 1728 1728 1729 1729 1807 1807 1807 1807 1729 1729 1808 1808 1729 1729 1730 1730 1808 1808 1808 1808 1730 1730 1809 1809 1730 1730 1731 1731 1809 1809 1809 1809 1731 1731 1810 1810 1731 1731 1732 1732 1810 1810 1810 1810 1732 1732 1811 1811 1732 1732 1733 1733 1811 1811 1811 1811 1733 1733 1812 1812 1733 1733 1734 1734 1812 1812 1812 1812 1734 1734 1813 1813 1734 1734 1735 1735 1813 1813 1813 1813 1735 1735 1814 1814 1735 1735 1736 1736 1814 1814 1814 1814 1736 1736 1815 1815 1736 1736 1737 1737 1815 1815 1815 1815 1737 1737 1816 1816 1737 1737 1738 1738 1816 1816 1816 1816 1738 1738 1817 1817 1738 1738 1739 1739 1817 1817 1817 1817 1739 1739 1818 1818 1818 1818 1739 1739 1819 1819 1739 1739 1740 1740 1819 1819 1740 1740 1741 1741 1819 1819 1819 1819 1741 1741 1820 1820 1741 1741 1742 1742 1820 1820 1820 1820 1742 1742 1821 1821 1742 1742 1743 1743 1821 1821 1821 1821 1743 1743 1822 1822 1743 1743 1744 1744 1822 1822 1822 1822 1744 1744 1823 1823 1744 1744 1745 1745 1823 1823 1823 1823 1745 1745 1824 1824 1745 1745 1746 1746 1824 1824 1824 1824 1746 1746 1825 1825 1746 1746 1747 1747 1825 1825 1825 1825 1747 1747 1826 1826 1747 1747 1748 1748 1826 1826 1826 1826 1748 1748 1827 1827 1748 1748 1749 1749 1827 1827 1827 1827 1749 1749 1828 1828 1749 1749 1750 1750 1828 1828 1828 1828 1750 1750 1829 1829 1750 1750 1751 1751 1829 1829 1829 1829 1751 1751 1830 1830 1751 1751 1752 1752 1830 1830 1830 1830 1752 1752 1831 1831 1752 1752 1753 1753 1831 1831 1831 1831 1753 1753 1832 1832 1753 1753 1754 1754 1832 1832 1754 1754 1755 1755 1832 1832 1832 1832 1755 1755 1833 1833 1755 1755 1756 1756 1833 1833 1833 1833 1756 1756 1834 1834 1756 1756 1757 1757 1834 1834 1834 1834 1757 1757 1835 1835 1757 1757 1758 1758 1835 1835 1835 1835 1758 1758 1836 1836 1758 1758 1759 1759 1836 1836 1836 1836 1759 1759 1837 1837 1759 1759 1760 1760 1837 1837 1837 1837 1760 1760 1838 1838 1760 1760 1763 1763 1838 1838 1763 1763 1764 1764 1838 1838 1838 1838 1764 1764 1839 1839 1764 1764 1765 1765 1839 1839 1839 1839 1765 1765 1840 1840 1840 1840 1765 1765 1841 1841 1841 1841 1765 1765 1842 1842 1765 1765 1766 1766 1842 1842 1842 1842 1766 1766 1843 1843 1766 1766 1767 1767 1843 1843 1843 1843 1767 1767 1844 1844 1844 1844 1767 1767 1845 1845 1767 1767 1768 1768 1845 1845 1768 1768 1769 1769 1845 1845 1845 1845 1769 1769 1846 1846 1769 1769 1770 1770 1846 1846 1846 1846 1770 1770 1847 1847 1770 1770 1771 1771 1847 1847 1847 1847 1771 1771 1848 1848 1771 1771 1772 1772 1848 1848 1848 1848 1772 1772 1849 1849 1772 1772 1773 1773 1849 1849 1773 1773 1774 1774 1849 1849 1849 1849 1774 1774 1850 1850 1850 1850 1774 1774 1851 1851 1774 1774 1775 1775 1851 1851 1851 1851 1775 1775 1852 1852 1775 1775 1776 1776 1852 1852 1852 1852 1776 1776 1853 1853 1776 1776 1777 1777 1853 1853 1853 1853 1777 1777 1854 1854 1777 1777 1778 1778 1854 1854 1854 1854 1778 1778 1855 1855 1778 1778 1779 1779 1855 1855 1855 1855 1779 1779 1856 1856 1779 1779 1780 1780 1856 1856 1856 1856 1780 1780 1857 1857 1780 1780 1781 1781 1857 1857 1781 1781 1782 1782 1857 1857 1782 1782 1783 1783 1857 1857 1857 1857 1783 1783 1858 1858 1858 1858 1783 1783 1859 1859 1859 1859 1783 1783 1860 1860 1783 1783 1784 1784 1860 1860 1860 1860 1784 1784 1861 1861 1784 1784 1785 1785 1861 1861 1861 1861 1785 1785 1862 1862 1785 1785 1786 1786 1862 1862 1862 1862 1786 1786 1863 1863 1786 1786 1787 1787 1863 1863 1863 1863 1787 1787 1864 1864 1787 1787 1788 1788 1864 1864 1864 1864 1788 1788 1865 1865 1788 1788 1789 1789 1865 1865 1865 1865 1789 1789 1866 1866 1789 1789 1790 1790 1866 1866 1866 1866 1790 1790 1867 1867 1790 1790 1791 1791 1867 1867 1867 1867 1791 1791 1868 1868 1791 1791 1792 1792 1868 1868 1868 1868 1792 1792 1869 1869 1792 1792 1793 1793 1869 1869 1869 1869 1793 1793 1870 1870 1793 1793 1794 1794 1870 1870 1870 1870 1794 1794 1871 1871 1794 1794 1795 1795 1871 1871 1871 1871 1795 1795 1872 1872 1795 1795 1796 1796 1872 1872 1872 1872 1796 1796 1873 1873 1796 1796 1797 1797 1873 1873 1797 1797 1798 1798 1873 1873 1873 1873 1798 1798 1874 1874 1875 1875 1874 1874 1876 1876 1874 1874 1798 1798 1876 1876 1798 1798 1799 1799 1876 1876 1876 1876 1799 1799 1877 1877 1799 1799 1800 1800 1877 1877 1877 1877 1800 1800 1878 1878 1800 1800 1801 1801 1878 1878 1878 1878 1801 1801 1879 1879 1801 1801 1802 1802 1879 1879 1879 1879 1802 1802 1880 1880 1802 1802 1803 1803 1880 1880 1880 1880 1803 1803 1881 1881 1803 1803 1804 1804 1881 1881 1881 1881 1804 1804 1882 1882 1804 1804 1805 1805 1882 1882 1882 1882 1805 1805 1883 1883 1805 1805 1806 1806 1883 1883 1883 1883 1806 1806 1884 1884 1806 1806 1807 1807 1884 1884 1884 1884 1807 1807 1885 1885 1807 1807 1808 1808 1885 1885 1885 1885 1808 1808 1886 1886 1808 1808 1809 1809 1886 1886 1886 1886 1809 1809 1887 1887 1809 1809 1810 1810 1887 1887 1887 1887 1810 1810 1888 1888 1810 1810 1811 1811 1888 1888 1888 1888 1811 1811 1889 1889 1811 1811 1812 1812 1889 1889 1889 1889 1812 1812 1890 1890 1812 1812 1813 1813 1890 1890 1890 1890 1813 1813 1891 1891 1813 1813 1814 1814 1891 1891 1891 1891 1814 1814 1892 1892 1814 1814 1815 1815 1892 1892 1892 1892 1815 1815 1893 1893 1815 1815 1816 1816 1893 1893 1893 1893 1816 1816 1894 1894 1816 1816 1817 1817 1894 1894 1894 1894 1817 1817 1895 1895 1817 1817 1818 1818 1895 1895 1895 1895 1818 1818 1896 1896 1818 1818 1819 1819 1896 1896 1819 1819 1820 1820 1896 1896 1896 1896 1820 1820 1897 1897 1820 1820 1821 1821 1897 1897 1897 1897 1821 1821 1898 1898 1821 1821 1822 1822 1898 1898 1898 1898 1822 1822 1899 1899 1822 1822 1823 1823 1899 1899 1899 1899 1823 1823 1900 1900 1823 1823 1824 1824 1900 1900 1900 1900 1824 1824 1901 1901 1824 1824 1825 1825 1901 1901 1901 1901 1825 1825 1902 1902 1825 1825 1826 1826 1902 1902 1902 1902 1826 1826 1903 1903 1826 1826 1827 1827 1903 1903 1903 1903 1827 1827 1904 1904 1827 1827 1828 1828 1904 1904 1904 1904 1828 1828 1905 1905 1828 1828 1829 1829 1905 1905 1905 1905 1829 1829 1906 1906 1829 1829 1830 1830 1906 1906 1906 1906 1830 1830 1907 1907 1830 1830 1831 1831 1907 1907 1907 1907 1831 1831 1908 1908 1831 1831 1832 1832 1908 1908 1832 1832 1833 1833 1908 1908 1908 1908 1833 1833 1909 1909 1833 1833 1834 1834 1909 1909 1909 1909 1834 1834 1910 1910 1834 1834 1835 1835 1910 1910 1910 1910 1835 1835 1911 1911 1835 1835 1836 1836 1911 1911 1911 1911 1836 1836 1912 1912 1836 1836 1837 1837 1912 1912 1912 1912 1837 1837 1913 1913 1837 1837 1838 1838 1913 1913 1913 1913 1838 1838 1914 1914 1838 1838 1839 1839 1914 1914 1839 1839 1840 1840 1914 1914 1914 1914 1840 1840 1915 1915 1915 1915 1840 1840 1916 1916 1840 1840 1841 1841 1916 1916 1916 1916 1841 1841 1917 1917 1841 1841 1842 1842 1917 1917 1917 1917 1842 1842 1918 1918 1842 1842 1843 1843 1918 1918 1918 1918 1843 1843 1919 1919 1843 1843 1844 1844 1919 1919 1919 1919 1844 1844 1920 1920 1844 1844 1845 1845 1920 1920 1845 1845 1846 1846 1920 1920 1920 1920 1846 1846 1921 1921 1846 1846 1847 1847 1921 1921 1921 1921 1847 1847 1922 1922 1847 1847 1848 1848 1922 1922 1922 1922 1848 1848 1923 1923 1848 1848 1849 1849 1923 1923 1849 1849 1850 1850 1923 1923 1924 1924 1923 1923 1925 1925 1923 1923 1850 1850 1925 1925 1925 1925 1850 1850 1926 1926 1850 1850 1851 1851 1926 1926 1926 1926 1851 1851 1927 1927 1851 1851 1852 1852 1927 1927 1927 1927 1852 1852 1928 1928 1852 1852 1853 1853 1928 1928 1928 1928 1853 1853 1929 1929 1853 1853 1854 1854 1929 1929 1929 1929 1854 1854 1930 1930 1854 1854 1855 1855 1930 1930 1930 1930 1855 1855 1931 1931 1855 1855 1856 1856 1931 1931 1856 1856 1857 1857 1931 1931 1857 1857 1858 1858 1931 1931 1931 1931 1858 1858 1932 1932 1858 1858 1859 1859 1932 1932 1933 1933 1932 1932 1934 1934 1932 1932 1859 1859 1934 1934 1934 1934 1859 1859 1935 1935 1859 1859 1860 1860 1935 1935 1935 1935 1860 1860 1936 1936 1860 1860 1861 1861 1936 1936 1936 1936 1861 1861 1937 1937 1861 1861 1862 1862 1937 1937 1937 1937 1862 1862 1938 1938 1862 1862 1863 1863 1938 1938 1938 1938 1863 1863 1939 1939 1863 1863 1864 1864 1939 1939 1939 1939 1864 1864 1940 1940 1864 1864 1865 1865 1940 1940 1940 1940 1865 1865 1941 1941 1865 1865 1866 1866 1941 1941 1941 1941 1866 1866 1942 1942 1866 1866 1867 1867 1942 1942 1942 1942 1867 1867 1943 1943 1867 1867 1868 1868 1943 1943 1943 1943 1868 1868 1944 1944 1868 1868 1869 1869 1944 1944 1944 1944 1869 1869 1945 1945 1869 1869 1870 1870 1945 1945 1945 1945 1870 1870 1946 1946 1870 1870 1871 1871 1946 1946 1946 1946 1871 1871 1947 1947 1871 1871 1872 1872 1947 1947 1947 1947 1872 1872 1948 1948 1872 1872 1873 1873 1948 1948 1873 1873 1874 1874 1948 1948 1874 1874 1875 1875 1948 1948 1948 1948 1875 1875 1949 1949 1875 1875 1876 1876 1949 1949 1950 1950 1951 1951 1952 1952 1951 1951 1953 1953 1952 1952 1953 1953 1949 1949 1952 1952 1949 1949 1876 1876 1952 1952 1876 1876 1877 1877 1952 1952 1952 1952 1877 1877 1954 1954 1877 1877 1878 1878 1954 1954 1954 1954 1878 1878 1955 1955 1878 1878 1879 1879 1955 1955 1955 1955 1879 1879 1956 1956 1879 1879 1880 1880 1956 1956 1956 1956 1880 1880 1957 1957 1880 1880 1881 1881 1957 1957 1957 1957 1881 1881 1958 1958 1881 1881 1882 1882 1958 1958 1958 1958 1882 1882 1959 1959 1882 1882 1883 1883 1959 1959 1959 1959 1883 1883 1960 1960 1883 1883 1884 1884 1960 1960 1960 1960 1884 1884 1961 1961 1884 1884 1885 1885 1961 1961 1961 1961 1885 1885 1962 1962 1885 1885 1886 1886 1962 1962 1962 1962 1886 1886 1963 1963 1963 1963 1886 1886 1964 1964 1886 1886 1887 1887 1964 1964 1887 1887 1888 1888 1964 1964 1964 1964 1888 1888 1965 1965 1888 1888 1889 1889 1965 1965 1965 1965 1889 1889 1966 1966 1889 1889 1890 1890 1966 1966 1966 1966 1890 1890 1967 1967 1890 1890 1891 1891 1967 1967 1967 1967 1891 1891 1968 1968 1891 1891 1892 1892 1968 1968 1968 1968 1892 1892 1969 1969 1892 1892 1893 1893 1969 1969 1969 1969 1893 1893 1970 1970 1893 1893 1894 1894 1970 1970 1894 1894 1895 1895 1970 1970 1970 1970 1895 1895 1971 1971 1895 1895 1896 1896 1971 1971 1971 1971 1896 1896 1972 1972 1896 1896 1897 1897 1972 1972 1972 1972 1897 1897 1973 1973 1897 1897 1898 1898 1973 1973 1973 1973 1898 1898 1974 1974 1898 1898 1899 1899 1974 1974 1974 1974 1899 1899 1975 1975 1899 1899 1900 1900 1975 1975 1975 1975 1900 1900 1976 1976 1900 1900 1901 1901 1976 1976 1976 1976 1901 1901 1977 1977 1901 1901 1902 1902 1977 1977 1977 1977 1902 1902 1978 1978 1902 1902 1903 1903 1978 1978 1978 1978 1903 1903 1979 1979 1903 1903 1904 1904 1979 1979 1979 1979 1904 1904 1980 1980 1904 1904 1905 1905 1980 1980 1980 1980 1905 1905 1981 1981 1905 1905 1906 1906 1981 1981 1981 1981 1906 1906 1982 1982 1906 1906 1907 1907 1982 1982 1982 1982 1907 1907 1983 1983 1907 1907 1908 1908 1983 1983 1908 1908 1909 1909 1983 1983 1983 1983 1909 1909 1984 1984 1909 1909 1910 1910 1984 1984 1984 1984 1910 1910 1985 1985 1910 1910 1911 1911 1985 1985 1985 1985 1911 1911 1986 1986 1911 1911 1912 1912 1986 1986 1986 1986 1912 1912 1987 1987 1912 1912 1913 1913 1987 1987 1987 1987 1913 1913 1988 1988 1988 1988 1913 1913 1989 1989 1989 1989 1913 1913 1990 1990 1913 1913 1914 1914 1990 1990 1914 1914 1915 1915 1990 1990 1990 1990 1915 1915 1991 1991 1991 1991 1915 1915 1992 1992 1915 1915 1916 1916 1992 1992 1992 1992 1916 1916 1993 1993 1916 1916 1917 1917 1993 1993 1993 1993 1917 1917 1994 1994 1917 1917 1918 1918 1994 1994 1994 1994 1918 1918 1995 1995 1918 1918 1919 1919 1995 1995 1995 1995 1919 1919 1996 1996 1919 1919 1920 1920 1996 1996 1996 1996 1920 1920 1997 1997 1997 1997 1920 1920 1998 1998 1920 1920 1921 1921 1998 1998 1998 1998 1921 1921 1999 1999 1921 1921 1922 1922 1999 1999 1999 1999 1922 1922 2000 2000 1922 1922 1923 1923 2000 2000 1923 1923 1924 1924 2000 2000 2000 2000 1924 1924 2001 2001 1924 1924 1925 1925 2001 2001 2001 2001 1925 1925 2002 2002 2002 2002 1925 1925 2003 2003 1925 1925 1926 1926 2003 2003 2003 2003 1926 1926 2004 2004 1926 1926 1927 1927 2004 2004 2004 2004 1927 1927 2005 2005 1927 1927 1928 1928 2005 2005 2005 2005 1928 1928 2006 2006 2006 2006 1928 1928 2007 2007 1928 1928 1929 1929 2007 2007 2007 2007 1929 1929 2008 2008 1929 1929 1930 1930 2008 2008 2008 2008 1930 1930 2009 2009 1930 1930 1931 1931 2009 2009 2009 2009 1931 1931 2010 2010 1931 1931 1932 1932 2010 2010 1932 1932 1933 1933 2010 2010 2010 2010 1933 1933 2011 2011 1933 1933 1934 1934 2011 2011 2011 2011 1934 1934 2012 2012 2012 2012 1934 1934 2013 2013 2013 2013 1934 1934 2014 2014 1934 1934 1935 1935 2014 2014 1935 1935 1936 1936 2014 2014 2014 2014 1936 1936 2015 2015 2015 2015 1936 1936 2016 2016 1936 1936 1937 1937 2016 2016 2016 2016 1937 1937 2017 2017 1937 1937 1938 1938 2017 2017 2017 2017 1938 1938 2018 2018 1938 1938 1939 1939 2018 2018 2018 2018 1939 1939 2019 2019 1939 1939 1940 1940 2019 2019 2019 2019 1940 1940 2020 2020 1940 1940 1941 1941 2020 2020 2020 2020 1941 1941 2021 2021 2021 2021 1941 1941 2022 2022 2022 2022 1941 1941 2023 2023 1941 1941 1942 1942 2023 2023 1942 1942 1943 1943 2023 2023 2023 2023 1943 1943 2024 2024 1943 1943 1944 1944 2024 2024 2024 2024 1944 1944 2025 2025 1944 1944 1945 1945 2025 2025 2025 2025 1945 1945 2026 2026 2026 2026 1945 1945 2027 2027 1945 1945 1946 1946 2027 2027 2027 2027 1946 1946 2028 2028 1946 1946 1947 1947 2028 2028 2028 2028 1947 1947 2029 2029 1947 1947 1948 1948 2029 2029 2029 2029 1948 1948 2030 2030 1948 1948 1949 1949 2030 2030 1949 1949 1953 1953 2030 2030 1953 1953 1951 1951 2030 2030 1951 1951 1950 1950 2030 2030 2030 2030 1950 1950 2032 2032 1950 1950 1952 1952 2032 2032 2032 2032 1952 1952 2034 2034 1952 1952 1954 1954 2034 2034 2034 2034 1954 1954 2036 2036 1954 1954 1955 1955 2036 2036 1955 1955 1956 1956 2036 2036 2036 2036 1956 1956 2038 2038 1956 1956 1957 1957 2038 2038 2038 2038 1957 1957 2040 2040 1957 1957 1958 1958 2040 2040 1958 1958 1959 1959 2040 2040 1959 1959 1960 1960 2040 2040 2040 2040 1960 1960 2042 2042 1960 1960 1961 1961 2042 2042 1961 1961 1962 1962 2042 2042 1962 1962 1963 1963 2042 2042 2042 2042 1963 1963 2044 2044 1963 1963 1964 1964 2044 2044 1964 1964 1965 1965 2044 2044 2044 2044 1965 1965 2046 2046 1965 1965 1966 1966 2046 2046 1966 1966 1967 1967 2046 2046 2046 2046 1967 1967 2048 2048 1967 1967 1968 1968 2048 2048 1968 1968 1969 1969 2048 2048 2048 2048 1969 1969 2050 2050 2050 2050 1969 1969 2052 2052 1969 1969 1970 1970 2052 2052 1970 1970 1971 1971 2052 2052 2052 2052 1971 1971 2054 2054 1971 1971 1972 1972 2054 2054 2054 2054 1972 1972 2056 2056 1972 1972 1973 1973 2056 2056 1973 1973 1974 1974 2056 2056 1974 1974 1975 1975 2056 2056 2056 2056 1975 1975 2058 2058 1975 1975 1976 1976 2058 2058 1976 1976 1977 1977 2058 2058 1977 1977 1978 1978 2058 2058 2058 2058 1978 1978 2060 2060 1978 1978 1979 1979 2060 2060 1979 1979 1980 1980 2060 2060 2060 2060 1980 1980 2061 2061 1980 1980 1981 1981 2063 2063 1981 1981 1982 1982 2063 2063 2063 2063 1982 1982 2065 2065 1982 1982 1983 1983 2065 2065 2065 2065 1983 1983 2067 2067 1983 1983 1984 1984 2067 2067 1984 1984 1985 1985 2067 2067 2067 2067 1985 1985 2069 2069 1985 1985 1986 1986 2069 2069 1986 1986 1987 1987 2069 2069 2069 2069 1987 1987 2071 2071 1987 1987 1988 1988 2071 2071 2071 2071 1988 1988 2073 2073 1988 1988 1989 1989 2073 2073 1989 1989 1990 1990 2073 2073 2073 2073 1990 1990 2075 2075 1990 1990 1991 1991 2075 2075 1991 1991 1992 1992 2075 2075 1992 1992 1993 1993 2075 2075 2075 2075 1993 1993 2077 2077 1993 1993 1994 1994 2077 2077 1994 1994 1995 1995 2077 2077 1995 1995 1996 1996 2077 2077 2077 2077 1996 1996 2079 2079 1996 1996 1997 1997 2079 2079 1997 1997 1998 1998 2079 2079 1998 1998 1999 1999 2079 2079 2079 2079 1999 1999 2081 2081 1999 1999 2000 2000 2081 2081 2000 2000 2001 2001 2081 2081 2001 2001 2002 2002 2081 2081 2081 2081 2002 2002 2083 2083 2002 2002 2003 2003 2083 2083 2003 2003 2004 2004 2083 2083 2004 2004 2005 2005 2083 2083 2083 2083 2005 2005 2085 2085 2005 2005 2006 2006 2085 2085 2006 2006 2007 2007 2085 2085 2007 2007 2008 2008 2085 2085 2085 2085 2008 2008 2087 2087 2008 2008 2009 2009 2087 2087 2009 2009 2010 2010 2087 2087 2010 2010 2011 2011 2087 2087 2087 2087 2011 2011 2089 2089 2011 2011 2012 2012 2089 2089 2012 2012 2013 2013 2089 2089 2013 2013 2014 2014 2089 2089 2089 2089 2014 2014 2091 2091 2014 2014 2015 2015 2091 2091 2015 2015 2016 2016 2091 2091 2016 2016 2017 2017 2091 2091 2091 2091 2017 2017 2093 2093 2017 2017 2018 2018 2093 2093 2018 2018 2019 2019 2093 2093 2019 2019 2020 2020 2093 2093 2093 2093 2020 2020 2095 2095 2020 2020 2021 2021 2095 2095 2021 2021 2022 2022 2095 2095 2022 2022 2023 2023 2095 2095 2095 2095 2023 2023 2097 2097 2023 2023 2024 2024 2097 2097 2024 2024 2025 2025 2097 2097 2025 2025 2026 2026 2097 2097 2097 2097 2026 2026 2099 2099 2026 2026 2027 2027 2099 2099 2027 2027 2028 2028 2099 2099 2028 2028 2029 2029 2099 2099 2099 2099 2029 2029 2100 2100 2029 2029 2030 2030 2100 2100 2030 2030 2032 2032 2100 2100 2101 2101 2031 2031 2102 2102 2031 2031 2033 2033 2102 2102 2102 2102 2033 2033 2103 2103 2033 2033 2035 2035 2103 2103 2103 2103 2035 2035 2104 2104 2035 2035 2037 2037 2104 2104 2104 2104 2037 2037 2105 2105 2037 2037 2039 2039 2105 2105 2105 2105 2039 2039 2106 2106 2039 2039 2041 2041 2106 2106 2106 2106 2041 2041 2107 2107 2041 2041 2043 2043 2107 2107 2107 2107 2043 2043 2108 2108 2043 2043 2045 2045 2108 2108 2108 2108 2045 2045 2109 2109 2045 2045 2047 2047 2109 2109 2109 2109 2047 2047 2110 2110 2047 2047 2049 2049 2110 2110 2049 2049 2051 2051 2110 2110 2110 2110 2051 2051 2111 2111 2051 2051 2053 2053 2111 2111 2111 2111 2053 2053 2112 2112 2053 2053 2055 2055 2112 2112 2112 2112 2055 2055 2113 2113 2055 2055 2057 2057 2113 2113 2113 2113 2057 2057 2114 2114 2057 2057 2059 2059 2114 2114 2114 2114 2059 2059 2115 2115 2059 2059 2062 2062 2115 2115 2115 2115 2062 2062 2116 2116 2062 2062 2064 2064 2116 2116 2116 2116 2064 2064 2117 2117 2064 2064 2066 2066 2117 2117 2117 2117 2066 2066 2118 2118 2066 2066 2068 2068 2118 2118 2068 2068 2070 2070 2118 2118 2118 2118 2070 2070 2119 2119 2070 2070 2072 2072 2119 2119 2119 2119 2072 2072 2120 2120 2072 2072 2074 2074 2120 2120 2120 2120 2074 2074 2121 2121 2074 2074 2076 2076 2121 2121 2121 2121 2076 2076 2122 2122 2076 2076 2078 2078 2122 2122 2122 2122 2078 2078 2123 2123 2078 2078 2080 2080 2123 2123 2123 2123 2080 2080 2124 2124 2080 2080 2082 2082 2124 2124 2124 2124 2082 2082 2125 2125 2082 2082 2084 2084 2125 2125 2125 2125 2084 2084 2126 2126 2084 2084 2086 2086 2126 2126 2126 2126 2086 2086 2127 2127 2086 2086 2088 2088 2127 2127 2127 2127 2088 2088 2128 2128 2088 2088 2090 2090 2128 2128 2128 2128 2090 2090 2129 2129 2090 2090 2092 2092 2129 2129 2129 2129 2092 2092 2130 2130 2092 2092 2094 2094 2130 2130 2130 2130 2094 2094 2131 2131 2094 2094 2096 2096 2131 2131 2131 2131 2096 2096 2132 2132 2096 2096 2098 2098 2132 2132 2132 2132 2098 2098 2133 2133 2098 2098 2101 2101 2133 2133 2101 2101 2102 2102 2133 2133 2135 2135 2137 2137 2139 2139 2137 2137 2141 2141 2139 2139 2139 2139 2141 2141 2143 2143 2141 2141 2145 2145 2143 2143 2143 2143 2145 2145 2147 2147 2145 2145 2149 2149 2147 2147 2147 2147 2149 2149 2151 2151 2149 2149 2153 2153 2151 2151 2151 2151 2153 2153 2155 2155 2153 2153 2157 2157 2155 2155 2155 2155 2157 2157 2159 2159 2157 2157 2161 2161 2159 2159 2159 2159 2161 2161 2163 2163 2164 2164 2165 2165 2166 2166 2167 2167 2168 2168 2169 2169 2168 2168 2170 2170 2169 2169 2169 2169 2170 2170 2171 2171 2170 2170 2172 2172 2171 2171 2171 2171 2172 2172 2173 2173 2172 2172 2174 2174 2173 2173 2173 2173 2174 2174 2175 2175 2174 2174 2176 2176 2175 2175 2175 2175 2176 2176 2177 2177 2176 2176 2166 2166 2177 2177 2177 2177 2166 2166 2178 2178 2166 2166 2165 2165 2178 2178 2178 2178 2165 2165 2179 2179 2165 2165 2164 2164 2179 2179 2179 2179 2164 2164 2180 2180 2181 2181 2182 2182 2183 2183 2183 2183 2182 2182 2184 2184 2182 2182 2185 2185 2184 2184 2184 2184 2185 2185 2186 2186 2185 2185 2180 2180 2186 2186 2180 2180 2164 2164 2186 2186 2164 2164 2166 2166 2186 2186 2166 2166 2176 2176 2186 2186 2176 2176 2174 2174 2186 2186 2174 2174 2172 2172 2186 2186 2172 2172 2170 2170 2186 2186 2170 2170 2168 2168 2186 2186 2186 2186 2168 2168 2187 2187 2168 2168 2167 2167 2187 2187 2187 2187 2167 2167 2188 2188 2190 2190 2188 2188 2192 2192 2188 2188 2167 2167 2192 2192 2192 2192 2167 2167 2194 2194 2167 2167 2169 2169 2194 2194 2194 2194 2169 2169 2196 2196 2169 2169 2171 2171 2196 2196 2196 2196 2171 2171 2198 2198 2171 2171 2173 2173 2198 2198 2198 2198 2173 2173 2200 2200 2173 2173 2175 2175 2200 2200 2200 2200 2175 2175 2202 2202 2175 2175 2177 2177 2202 2202 2202 2202 2177 2177 2204 2204 2177 2177 2178 2178 2204 2204 2204 2204 2178 2178 2206 2206 2178 2178 2179 2179 2206 2206 2206 2206 2179 2179 2208 2208 2179 2179 2180 2180 2208 2208 2208 2208 2180 2180 2210 2210 2180 2180 2185 2185 2210 2210 2210 2210 2185 2185 2212 2212 2185 2185 2182 2182 2212 2212 2212 2212 2182 2182 2214 2214 2182 2182 2181 2181 2214 2214 2214 2214 2181 2181 2216 2216 2218 2218 2216 2216 2219 2219 2216 2216 2181 2181 2219 2219 2219 2219 2181 2181 2220 2220 2181 2181 2183 2183 2220 2220 2220 2220 2183 2183 2221 2221 2183 2183 2184 2184 2221 2221 2184 2184 2186 2186 2221 2221 2186 2186 2187 2187 2221 2221 2187 2187 2188 2188 2221 2221 2221 2221 2188 2188 2222 2222 2188 2188 2190 2190 2222 2222 2222 2222 2190 2190 2223 2223 2226 2226 2228 2228 2230 2230 2228 2228 2224 2224 2230 2230 2230 2230 2224 2224 2232 2232 2224 2224 2189 2189 2232 2232 2232 2232 2189 2189 2234 2234 2189 2189 2191 2191 2234 2234 2234 2234 2191 2191 2236 2236 2191 2191 2193 2193 2236 2236 2236 2236 2193 2193 2238 2238 2193 2193 2195 2195 2238 2238 2238 2238 2195 2195 2240 2240 2195 2195 2197 2197 2240 2240 2240 2240 2197 2197 2242 2242 2197 2197 2199 2199 2242 2242 2242 2242 2199 2199 2244 2244 2199 2199 2201 2201 2244 2244 2244 2244 2201 2201 2246 2246 2201 2201 2203 2203 2246 2246 2246 2246 2203 2203 2248 2248 2203 2203 2205 2205 2248 2248 2248 2248 2205 2205 2250 2250 2205 2205 2207 2207 2250 2250 2250 2250 2207 2207 2252 2252 2207 2207 2209 2209 2252 2252 2252 2252 2209 2209 2254 2254 2209 2209 2211 2211 2254 2254 2254 2254 2211 2211 2256 2256 2211 2211 2213 2213 2256 2256 2256 2256 2213 2213 2258 2258 2213 2213 2215 2215 2258 2258 2258 2258 2215 2215 2260 2260 2215 2215 2217 2217 2260 2260 2260 2260 2217 2217 2262 2262 2263 2263 2264 2264 2265 2265 2265 2265 2264 2264 2266 2266 2266 2266 2264 2264 2267 2267 2269 2269 2270 2270 2272 2272 2270 2270 2267 2267 2272 2272 2272 2272 2267 2267 2274 2274 2267 2267 2264 2264 2274 2274 2274 2274 2264 2264 2276 2276 2264 2264 2263 2263 2276 2276 2276 2276 2263 2263 2278 2278 2279 2279 2281 2281 2282 2282 2281 2281 2278 2278 2282 2282 2278 2278 2263 2263 2282 2282 2282 2282 2263 2263 2283 2283 2263 2263 2265 2265 2283 2283 2283 2283 2265 2265 2284 2284 2265 2265 2266 2266 2284 2284 2266 2266 2267 2267 2284 2284 2267 2267 2270 2270 2284 2284 2284 2284 2270 2270 2285 2285 2285 2285 2270 2270 2286 2286 2270 2270 2269 2269 2286 2286 2286 2286 2269 2269 2287 2287 2290 2290 2288 2288 2292 2292 2288 2288 2268 2268 2292 2292 2292 2292 2268 2268 2293 2293 2268 2268 2271 2271 2293 2293 2293 2293 2271 2271 2295 2295 2271 2271 2273 2273 2295 2295 2295 2295 2273 2273 2297 2297 2273 2273 2275 2275 2297 2297 2297 2297 2275 2275 2299 2299 2275 2275 2277 2277 2299 2299 2299 2299 2277 2277 2301 2301 2277 2277 2280 2280 2301 2301 2301 2301 2280 2280 2303 2303 2303 2303 2280 2280 2304 2304 2281 2281 2279 2279 2306 2306 2306 2306 2279 2279 2308 2308 2308 2308 2279 2279 2309 2309 2309 2309 2279 2279 2310 2310 2279 2279 2282 2282 2310 2310 2282 2282 2283 2283 2310 2310 2283 2283 2284 2284 2310 2310 2284 2284 2285 2285 2310 2310 2310 2310 2285 2285 2311 2311 2285 2285 2286 2286 2311 2311 2311 2311 2286 2286 2312 2312 2286 2286 2287 2287 2312 2312 2312 2312 2287 2287 2313 2313 2288 2288 2290 2290 2314 2314 2290 2290 2317 2317 2314 2314 2314 2314 2317 2317 2318 2318 2315 2315 2322 2322 2320 2320 2320 2320 2322 2322 2324 2324 2322 2322 2326 2326 2324 2324 2324 2324 2326 2326 2327 2327 2326 2326 2262 2262 2327 2327 2262 2262 2217 2217 2327 2327 2328 2328 2218 2218 2329 2329 2218 2218 2219 2219 2329 2329 2329 2329 2219 2219 2330 2330 2219 2219 2220 2220 2330 2330 2220 2220 2221 2221 2330 2330 2330 2330 2221 2221 2331 2331 2221 2221 2222 2222 2331 2331 2331 2331 2222 2222 2332 2332 2222 2222 2223 2223 2332 2332 2223 2223 2227 2227 2332 2332 2332 2332 2227 2227 2333 2333 2333 2333 2227 2227 2334 2334 2228 2228 2226 2226 2335 2335 2226 2226 2337 2337 2335 2335 2335 2335 2337 2337 2339 2339 2337 2337 2341 2341 2339 2339 2339 2339 2341 2341 2342 2342 2341 2341 2163 2163 2342 2342 2163 2163 2161 2161 2342 2342 2343 2343 2160 2160 2344 2344 2344 2344 2160 2160 2345 2345 2160 2160 2156 2156 2345 2345 2345 2345 2156 2156 2346 2346 2156 2156 2152 2152 2346 2346 2346 2346 2152 2152 2347 2347 2152 2152 2148 2148 2347 2347 2347 2347 2148 2148 2348 2348 2148 2148 2144 2144 2348 2348 2348 2348 2144 2144 2349 2349 2144 2144 2140 2140 2349 2349 2349 2349 2140 2140 2350 2350 2140 2140 2136 2136 2350 2350 2350 2350 2136 2136 2351 2351 2351 2351 2136 2136 2352 2352 2137 2137 2135 2135 2353 2353 2353 2353 2135 2135 2355 2355 2356 2356 2358 2358 2360 2360 2357 2357 2355 2355 2359 2359 2360 2360 2354 2354 2361 2361 2361 2361 2354 2354 2362 2362 2354 2354 2134 2134 2362 2362 2362 2362 2134 2134 2364 2364 2135 2135 2139 2139 2363 2363 2364 2364 2138 2138 2365 2365 2365 2365 2138 2138 2367 2367 2139 2139 2143 2143 2366 2366 2367 2367 2142 2142 2368 2368 2368 2368 2142 2142 2369 2369 2142 2142 2146 2146 2369 2369 2369 2369 2146 2146 2370 2370 2146 2146 2150 2150 2370 2370 2370 2370 2150 2150 2372 2372 2151 2151 2155 2155 2371 2371 2372 2372 2154 2154 2373 2373 2373 2373 2154 2154 2375 2375 2155 2155 2159 2159 2374 2374 2376 2376 2158 2158 2377 2377 2377 2377 2158 2158 2378 2378 2158 2158 2162 2162 2378 2378 2378 2378 2162 2162 2379 2379 2162 2162 2340 2340 2379 2379 2379 2379 2340 2340 2381 2381 2341 2341 2337 2337 2380 2380 2381 2381 2336 2336 2382 2382 2382 2382 2336 2336 2384 2384 2337 2337 2226 2226 2383 2383 2384 2384 2225 2225 2385 2385 2385 2385 2225 2225 2386 2386 2225 2225 2229 2229 2386 2386 2386 2386 2229 2229 2388 2388 2230 2230 2232 2232 2387 2387 2388 2388 2231 2231 2389 2389 2389 2389 2231 2231 2391 2391 2232 2232 2234 2234 2390 2390 2391 2391 2233 2233 2392 2392 2392 2392 2233 2233 2393 2393 2233 2233 2235 2235 2393 2393 2393 2393 2235 2235 2394 2394 2235 2235 2237 2237 2394 2394 2394 2394 2237 2237 2396 2396 2238 2238 2240 2240 2395 2395 2396 2396 2239 2239 2397 2397 2397 2397 2239 2239 2399 2399 2240 2240 2242 2242 2398 2398 2399 2399 2241 2241 2400 2400 2400 2400 2241 2241 2401 2401 2241 2241 2243 2243 2401 2401 2401 2401 2243 2243 2403 2403 2244 2244 2246 2246 2402 2402 2403 2403 2245 2245 2404 2404 2404 2404 2245 2245 2406 2406 2246 2246 2248 2248 2405 2405 2406 2406 2247 2247 2407 2407 2407 2407 2247 2247 2408 2408 2247 2247 2249 2249 2408 2408 2408 2408 2249 2249 2409 2409 2249 2249 2251 2251 2409 2409 2409 2409 2251 2251 2411 2411 2252 2252 2254 2254 2410 2410 2411 2411 2253 2253 2412 2412 2412 2412 2253 2253 2414 2414 2254 2254 2256 2256 2413 2413 2414 2414 2255 2255 2415 2415 2415 2415 2255 2255 2416 2416 2255 2255 2257 2257 2416 2416 2416 2416 2257 2257 2418 2418 2258 2258 2260 2260 2417 2417 2418 2418 2259 2259 2419 2419 2419 2419 2259 2259 2421 2421 2260 2260 2262 2262 2420 2420 2421 2421 2261 2261 2422 2422 2422 2422 2261 2261 2423 2423 2261 2261 2325 2325 2423 2423 2423 2423 2325 2325 2424 2424 2325 2325 2321 2321 2424 2424 2424 2424 2321 2321 2426 2426 2322 2322 2315 2315 2425 2425 2426 2426 2316 2316 2427 2427 2427 2427 2316 2316 2429 2429 2317 2317 2290 2290 2428 2428 2429 2429 2289 2289 2430 2430 2430 2430 2289 2289 2431 2431 2289 2289 2291 2291 2431 2431 2431 2431 2291 2291 2432 2432 2292 2292 2293 2293 2432 2432 2432 2432 2293 2293 2433 2433 2433 2433 2293 2293 2435 2435 2293 2293 2295 2295 2434 2434 2435 2435 2294 2294 2436 2436 2436 2436 2294 2294 2437 2437 2294 2294 2296 2296 2437 2437 2437 2437 2296 2296 2438 2438 2296 2296 2298 2298 2438 2438 2438 2438 2298 2298 2440 2440 2299 2299 2301 2301 2439 2439 2440 2440 2300 2300 2441 2441 2441 2441 2300 2300 2443 2443 2301 2301 2303 2303 2442 2442 2443 2443 2302 2302 2444 2444 2446 2446 2444 2444 2448 2448 2444 2444 2302 2302 2448 2448 2448 2448 2302 2302 2450 2450 2450 2450 2302 2302 2451 2451 2303 2303 2304 2304 2453 2453 2453 2453 2304 2304 2455 2455 2305 2305 2307 2307 2454 2454 2307 2307 2459 2459 2454 2454 2456 2456 2457 2457 2460 2460 2461 2461 2458 2458 2462 2462 2458 2458 2308 2308 2462 2462 2308 2308 2309 2309 2462 2462 2462 2462 2309 2309 2463 2463 2309 2309 2310 2310 2463 2463 2310 2310 2311 2311 2463 2463 2311 2311 2312 2312 2463 2463 2463 2463 2312 2312 2464 2464 2312 2312 2313 2313 2464 2464 2313 2313 2319 2319 2464 2464 2464 2464 2319 2319 2465 2465 2319 2319 2323 2323 2465 2465 2465 2465 2323 2323 2466 2466 2323 2323 2328 2328 2466 2466 2328 2328 2329 2329 2466 2466 2466 2466 2329 2329 2467 2467 2329 2329 2330 2330 2467 2467 2467 2467 2330 2330 2468 2468 2330 2330 2331 2331 2468 2468 2331 2331 2332 2332 2468 2468 2332 2332 2333 2333 2468 2468 2468 2468 2333 2333 2469 2469 2469 2469 2333 2333 2470 2470 2333 2333 2334 2334 2470 2470 2334 2334 2338 2338 2470 2470 2470 2470 2338 2338 2471 2471 2338 2338 2343 2343 2471 2471 2343 2343 2344 2344 2471 2471 2471 2471 2344 2344 2472 2472 2472 2472 2344 2344 2473 2473 2344 2344 2345 2345 2473 2473 2473 2473 2345 2345 2474 2474 2345 2345 2346 2346 2474 2474 2474 2474 2346 2346 2475 2475 2346 2346 2347 2347 2475 2475 2475 2475 2347 2347 2476 2476 2347 2347 2348 2348 2476 2476 2476 2476 2348 2348 2477 2477 2348 2348 2349 2349 2477 2477 2477 2477 2349 2349 2478 2478 2349 2349 2350 2350 2478 2478 2478 2478 2350 2350 2479 2479 2350 2350 2351 2351 2479 2479 2479 2479 2351 2351 2480 2480 2480 2480 2351 2351 2481 2481 2351 2351 2352 2352 2481 2481 2481 2481 2352 2352 2482 2482 2353 2353 2355 2355 2483 2483 2355 2355 2357 2357 2483 2483 2483 2483 2357 2357 2485 2485 2488 2488 2485 2485 2490 2490 2485 2485 2357 2357 2490 2490 2490 2490 2357 2357 2491 2491 2358 2358 2356 2356 2492 2492 2494 2494 2492 2492 2496 2496 2492 2492 2356 2356 2496 2496 2496 2496 2356 2356 2498 2498 2356 2356 2360 2360 2498 2498 2360 2360 2361 2361 2498 2498 2498 2498 2361 2361 2500 2500 2500 2500 2361 2361 2502 2502 2361 2361 2362 2362 2502 2502 2362 2362 2364 2364 2502 2502 2502 2502 2364 2364 2504 2504 2364 2364 2365 2365 2504 2504 2504 2504 2365 2365 2506 2506 2365 2365 2367 2367 2506 2506 2506 2506 2367 2367 2508 2508 2367 2367 2368 2368 2508 2508 2508 2508 2368 2368 2510 2510 2368 2368 2369 2369 2510 2510 2510 2510 2369 2369 2512 2512 2512 2512 2369 2369 2514 2514 2369 2369 2370 2370 2514 2514 2370 2370 2372 2372 2514 2514 2514 2514 2372 2372 2516 2516 2372 2372 2373 2373 2516 2516 2516 2516 2373 2373 2518 2518 2373 2373 2375 2375 2518 2518 2375 2375 2377 2377 2518 2518 2518 2518 2377 2377 2520 2520 2377 2377 2378 2378 2520 2520 2520 2520 2378 2378 2522 2522 2522 2522 2378 2378 2524 2524 2378 2378 2379 2379 2524 2524 2379 2379 2381 2381 2524 2524 2524 2524 2381 2381 2526 2526 2381 2381 2382 2382 2526 2526 2526 2526 2382 2382 2528 2528 2382 2382 2384 2384 2528 2528 2528 2528 2384 2384 2530 2530 2384 2384 2385 2385 2530 2530 2530 2530 2385 2385 2532 2532 2385 2385 2386 2386 2532 2532 2532 2532 2386 2386 2534 2534 2386 2386 2388 2388 2534 2534 2534 2534 2388 2388 2536 2536 2388 2388 2389 2389 2536 2536 2536 2536 2389 2389 2538 2538 2389 2389 2391 2391 2538 2538 2538 2538 2391 2391 2540 2540 2391 2391 2392 2392 2540 2540 2540 2540 2392 2392 2542 2542 2392 2392 2393 2393 2542 2542 2542 2542 2393 2393 2544 2544 2544 2544 2393 2393 2546 2546 2393 2393 2394 2394 2546 2546 2546 2546 2394 2394 2548 2548 2394 2394 2396 2396 2548 2548 2548 2548 2396 2396 2550 2550 2396 2396 2397 2397 2550 2550 2550 2550 2397 2397 2552 2552 2397 2397 2399 2399 2552 2552 2552 2552 2399 2399 2554 2554 2399 2399 2400 2400 2554 2554 2554 2554 2400 2400 2556 2556 2400 2400 2401 2401 2556 2556 2556 2556 2401 2401 2558 2558 2401 2401 2403 2403 2558 2558 2558 2558 2403 2403 2560 2560 2403 2403 2404 2404 2560 2560 2560 2560 2404 2404 2562 2562 2404 2404 2406 2406 2562 2562 2562 2562 2406 2406 2564 2564 2406 2406 2407 2407 2564 2564 2564 2564 2407 2407 2566 2566 2407 2407 2408 2408 2566 2566 2566 2566 2408 2408 2568 2568 2568 2568 2408 2408 2570 2570 2408 2408 2409 2409 2570 2570 2409 2409 2411 2411 2570 2570 2570 2570 2411 2411 2572 2572 2572 2572 2411 2411 2574 2574 2411 2411 2412 2412 2574 2574 2574 2574 2412 2412 2576 2576 2412 2412 2414 2414 2576 2576 2576 2576 2414 2414 2578 2578 2414 2414 2415 2415 2578 2578 2578 2578 2415 2415 2580 2580 2415 2415 2416 2416 2580 2580 2416 2416 2418 2418 2580 2580 2580 2580 2418 2418 2582 2582 2418 2418 2419 2419 2582 2582 2582 2582 2419 2419 2584 2584 2419 2419 2421 2421 2584 2584 2584 2584 2421 2421 2586 2586 2421 2421 2422 2422 2586 2586 2586 2586 2422 2422 2588 2588 2422 2422 2423 2423 2588 2588 2588 2588 2423 2423 2590 2590 2423 2423 2424 2424 2590 2590 2590 2590 2424 2424 2592 2592 2424 2424 2426 2426 2592 2592 2592 2592 2426 2426 2594 2594 2426 2426 2427 2427 2594 2594 2594 2594 2427 2427 2596 2596 2427 2427 2429 2429 2596 2596 2596 2596 2429 2429 2598 2598 2429 2429 2430 2430 2598 2598 2598 2598 2430 2430 2600 2600 2430 2430 2431 2431 2600 2600 2431 2431 2432 2432 2600 2600 2600 2600 2432 2432 2602 2602 2432 2432 2433 2433 2602 2602 2602 2602 2433 2433 2604 2604 2433 2433 2435 2435 2604 2604 2604 2604 2435 2435 2606 2606 2435 2435 2436 2436 2606 2606 2606 2606 2436 2436 2608 2608 2436 2436 2437 2437 2608 2608 2608 2608 2437 2437 2610 2610 2437 2437 2438 2438 2610 2610 2610 2610 2438 2438 2612 2612 2438 2438 2440 2440 2612 2612 2612 2612 2440 2440 2614 2614 2440 2440 2441 2441 2614 2614 2614 2614 2441 2441 2616 2616 2441 2441 2443 2443 2616 2616 2443 2443 2444 2444 2616 2616 2616 2616 2444 2444 2617 2617 2444 2444 2446 2446 2617 2617 2619 2619 2445 2445 2620 2620 2445 2445 2447 2447 2620 2620 2447 2447 2449 2449 2620 2620 2449 2449 2452 2452 2620 2620 2452 2452 2456 2456 2620 2620 2456 2456 2460 2460 2620 2620 2622 2622 2461 2461 2623 2623 2461 2461 2462 2462 2623 2623 2462 2462 2463 2463 2623 2623 2463 2463 2464 2464 2623 2623 2464 2464 2465 2465 2623 2623 2623 2623 2465 2465 2624 2624 2465 2465 2466 2466 2624 2624 2466 2466 2467 2467 2624 2624 2467 2467 2468 2468 2624 2624 2468 2468 2469 2469 2624 2624 2624 2624 2469 2469 2625 2625 2469 2469 2470 2470 2625 2625 2470 2470 2471 2471 2625 2625 2471 2471 2472 2472 2625 2625 2472 2472 2473 2473 2625 2625 2473 2473 2474 2474 2625 2625 2474 2474 2475 2475 2625 2625 2475 2475 2476 2476 2625 2625 2476 2476 2477 2477 2625 2625 2477 2477 2478 2478 2625 2625 2478 2478 2479 2479 2625 2625 2479 2479 2480 2480 2625 2625 2625 2625 2480 2480 2626 2626 2480 2480 2481 2481 2626 2626 2626 2626 2481 2481 2627 2627 2481 2481 2482 2482 2627 2627 2482 2482 2484 2484 2627 2627 2627 2627 2484 2484 2628 2628 2484 2484 2486 2486 2628 2628 2629 2629 2487 2487 2631 2631 2488 2488 2490 2490 2630 2630 2632 2632 2489 2489 2633 2633 2489 2489 2492 2492 2633 2633 2492 2492 2494 2494 2633 2633 2633 2633 2494 2494 2634 2634 2635 2635 2493 2493 2636 2636 2493 2493 2495 2495 2636 2636 2636 2636 2495 2495 2637 2637 2495 2495 2497 2497 2637 2637 2497 2497 2499 2499 2637 2637 2637 2637 2499 2499 2638 2638 2499 2499 2501 2501 2638 2638 2501 2501 2503 2503 2638 2638 2638 2638 2503 2503 2639 2639 2503 2503 2505 2505 2639 2639 2505 2505 2507 2507 2639 2639 2639 2639 2507 2507 2640 2640 2507 2507 2509 2509 2640 2640 2509 2509 2511 2511 2640 2640 2640 2640 2511 2511 2641 2641 2511 2511 2513 2513 2641 2641 2513 2513 2515 2515 2641 2641 2641 2641 2515 2515 2642 2642 2515 2515 2517 2517 2642 2642 2642 2642 2517 2517 2643 2643 2517 2517 2519 2519 2643 2643 2519 2519 2521 2521 2643 2643 2643 2643 2521 2521 2644 2644 2521 2521 2523 2523 2644 2644 2523 2523 2525 2525 2644 2644 2644 2644 2525 2525 2645 2645 2525 2525 2527 2527 2645 2645 2527 2527 2529 2529 2645 2645 2645 2645 2529 2529 2646 2646 2529 2529 2531 2531 2646 2646 2531 2531 2533 2533 2646 2646 2646 2646 2533 2533 2647 2647 2533 2533 2535 2535 2647 2647 2535 2535 2537 2537 2647 2647 2537 2537 2539 2539 2647 2647 2647 2647 2539 2539 2648 2648 2539 2539 2541 2541 2648 2648 2541 2541 2543 2543 2648 2648 2648 2648 2543 2543 2649 2649 2543 2543 2545 2545 2649 2649 2545 2545 2547 2547 2649 2649 2649 2649 2547 2547 2650 2650 2547 2547 2549 2549 2650 2650 2549 2549 2551 2551 2650 2650 2650 2650 2551 2551 2651 2651 2551 2551 2553 2553 2651 2651 2553 2553 2555 2555 2651 2651 2555 2555 2557 2557 2651 2651 2651 2651 2557 2557 2652 2652 2557 2557 2559 2559 2652 2652 2559 2559 2561 2561 2652 2652 2652 2652 2561 2561 2653 2653 2561 2561 2563 2563 2653 2653 2563 2563 2565 2565 2653 2653 2653 2653 2565 2565 2654 2654 2565 2565 2567 2567 2654 2654 2567 2567 2569 2569 2654 2654 2569 2569 2571 2571 2654 2654 2654 2654 2571 2571 2655 2655 2571 2571 2573 2573 2655 2655 2573 2573 2575 2575 2655 2655 2655 2655 2575 2575 2656 2656 2575 2575 2577 2577 2656 2656 2577 2577 2579 2579 2656 2656 2656 2656 2579 2579 2657 2657 2579 2579 2581 2581 2657 2657 2581 2581 2583 2583 2657 2657 2657 2657 2583 2583 2658 2658 2583 2583 2585 2585 2658 2658 2585 2585 2587 2587 2658 2658 2658 2658 2587 2587 2659 2659 2587 2587 2589 2589 2659 2659 2589 2589 2591 2591 2659 2659 2659 2659 2591 2591 2660 2660 2591 2591 2593 2593 2660 2660 2593 2593 2595 2595 2660 2660 2660 2660 2595 2595 2661 2661 2595 2595 2597 2597 2661 2661 2597 2597 2599 2599 2661 2661 2599 2599 2601 2601 2661 2661 2661 2661 2601 2601 2662 2662 2601 2601 2603 2603 2662 2662 2603 2603 2605 2605 2662 2662 2662 2662 2605 2605 2663 2663 2605 2605 2607 2607 2663 2663 2607 2607 2609 2609 2663 2663 2663 2663 2609 2609 2664 2664 2609 2609 2611 2611 2664 2664 2611 2611 2613 2613 2664 2664 2664 2664 2613 2613 2665 2665 2613 2613 2615 2615 2665 2665 2666 2666 2665 2665 2668 2668 2665 2665 2615 2615 2668 2668 2615 2615 2618 2618 2668 2668 2619 2619 2620 2620 2667 2667 2669 2669 2621 2621 2670 2670 2622 2622 2623 2623 2672 2672 2623 2623 2624 2624 2672 2672 2624 2624 2625 2625 2672 2672 2625 2625 2626 2626 2672 2672 2672 2672 2626 2626 2673 2673 2626 2626 2627 2627 2673 2673 2627 2627 2628 2628 2673 2673 2674 2674 2629 2629 2675 2675 2629 2629 2631 2631 2675 2675 2632 2632 2633 2633 2676 2676 2633 2633 2634 2634 2676 2676 2676 2676 2634 2634 2677 2677 2635 2635 2636 2636 2679 2679 2679 2679 2636 2636 2681 2681 2636 2636 2666 2666 2681 2681 2666 2666 2668 2668 2681 2681 2669 2669 2670 2670 2680 2680 2671 2671 2674 2674 2682 2682 2674 2674 2675 2675 2682 2682 2685 2685 2688 2688 2689 2689 2693 2693 2691 2691 2694 2694 2691 2691 2686 2686 2694 2694 2694 2694 2686 2686 2696 2696 2698 2698 2699 2699 2701 2701 2699 2699 2696 2696 2701 2701 2695 2695 2687 2687 2700 2700 2703 2703 2688 2688 2704 2704 2688 2688 2685 2685 2704 2704 2705 2705 2683 2683 2706 2706 2709 2709 2711 2711 2712 2712 2713 2713 2715 2715 2716 2716 2715 2715 2712 2712 2716 2716 2712 2712 2711 2711 2716 2716 2716 2716 2711 2711 2719 2719 2721 2721 2723 2723 2725 2725 2725 2725 2723 2723 2726 2726 2728 2728 2730 2730 2732 2732 2730 2730 2733 2733 2732 2732 2732 2732 2733 2733 2734 2734 2733 2733 2737 2737 2734 2734 2737 2737 2740 2740 2734 2734 2738 2738 2741 2741 2736 2736 2736 2736 2741 2741 2743 2743 2741 2741 2745 2745 2743 2743 2745 2745 2746 2746 2743 2743 2743 2743 2746 2746 2747 2747 2746 2746 2750 2750 2747 2747 2750 2750 2753 2753 2747 2747 2751 2751 2754 2754 2749 2749 2749 2749 2754 2754 2756 2756 2754 2754 2758 2758 2756 2756 2756 2756 2758 2758 2759 2759 2760 2760 2759 2759 2761 2761 2759 2759 2758 2758 2761 2761 2763 2763 2757 2757 2765 2765 2758 2758 2754 2754 2764 2764 2754 2754 2751 2751 2764 2764 2767 2767 2752 2752 2768 2768 2753 2753 2750 2750 2770 2770 2770 2770 2750 2750 2771 2771 2750 2750 2746 2746 2771 2771 2746 2746 2745 2745 2771 2771 2773 2773 2744 2744 2775 2775 2745 2745 2741 2741 2774 2774 2741 2741 2738 2738 2774 2774 2777 2777 2739 2739 2778 2778 2740 2740 2737 2737 2780 2780 2780 2780 2737 2737 2781 2781 2737 2737 2733 2733 2781 2781 2733 2733 2730 2730 2781 2781 2783 2783 2729 2729 2785 2785 2730 2730 2728 2728 2784 2784 2728 2728 2789 2789 2784 2784 2787 2787 2788 2788 2790 2790 2794 2794 2795 2795 2796 2796 2796 2796 2795 2795 2797 2797 2795 2795 2791 2791 2797 2797 2791 2791 2789 2789 2797 2797 2797 2797 2789 2789 2798 2798 2789 2789 2728 2728 2798 2798 2728 2728 2732 2732 2798 2798 2800 2800 2799 2799 2801 2801 2801 2801 2799 2799 2802 2802 2799 2799 2731 2731 2802 2802 2802 2802 2731 2731 2804 2804 2804 2804 2731 2731 2805 2805 2805 2805 2731 2731 2806 2806 2731 2731 2735 2735 2806 2806 2806 2806 2735 2735 2807 2807 2807 2807 2735 2735 2808 2808 2735 2735 2742 2742 2808 2808 2808 2808 2742 2742 2809 2809 2809 2809 2742 2742 2810 2810 2810 2810 2742 2742 2811 2811 2811 2811 2742 2742 2812 2812 2742 2742 2748 2748 2812 2812 2812 2812 2748 2748 2813 2813 2813 2813 2748 2748 2814 2814 2748 2748 2755 2755 2814 2814 2814 2814 2755 2755 2815 2815 2815 2815 2755 2755 2816 2816 2816 2816 2755 2755 2817 2817 2817 2817 2755 2755 2818 2818 2756 2756 2759 2759 2819 2819 2759 2759 2760 2760 2819 2819 2760 2760 2820 2820 2819 2819 2819 2819 2820 2820 2822 2822 2820 2820 2824 2824 2822 2822 2822 2822 2824 2824 2825 2825 2727 2727 2828 2828 2830 2830 2826 2826 2825 2825 2829 2829 2825 2825 2824 2824 2829 2829 2832 2832 2823 2823 2833 2833 2824 2824 2820 2820 2834 2834 2834 2834 2820 2820 2835 2835 2820 2820 2760 2760 2835 2835 2760 2760 2761 2761 2835 2835 2835 2835 2762 2762 2837 2837 2837 2837 2762 2762 2839 2839 2762 2762 2766 2766 2839 2839 2839 2839 2766 2766 2841 2841 2766 2766 2769 2769 2841 2841 2841 2841 2769 2769 2843 2843 2769 2769 2772 2772 2843 2843 2843 2843 2772 2772 2845 2845 2772 2772 2776 2776 2845 2845 2845 2845 2776 2776 2847 2847 2776 2776 2779 2779 2847 2847 2847 2847 2779 2779 2849 2849 2779 2779 2782 2782 2849 2849 2849 2849 2782 2782 2851 2851 2782 2782 2786 2786 2851 2851 2851 2851 2786 2786 2853 2853 2786 2786 2791 2791 2853 2853 2853 2853 2791 2791 2855 2855 2791 2791 2795 2795 2855 2855 2855 2855 2795 2795 2857 2857 2795 2795 2792 2792 2857 2857 2857 2857 2792 2792 2859 2859 2861 2861 2863 2863 2865 2865 2865 2865 2863 2863 2866 2866 2863 2863 2859 2859 2866 2866 2859 2859 2792 2792 2866 2866 2869 2869 2793 2793 2870 2870 2872 2872 2794 2794 2873 2873 2794 2794 2796 2796 2873 2873 2873 2873 2796 2796 2874 2874 2796 2796 2797 2797 2874 2874 2797 2797 2798 2798 2874 2874 2799 2799 2800 2800 2875 2875 2800 2800 2876 2876 2875 2875 2876 2876 2877 2877 2875 2875 2877 2877 2879 2879 2875 2875 2875 2875 2879 2879 2880 2880 2881 2881 2882 2882 2883 2883 2883 2883 2882 2882 2886 2886 2882 2882 2880 2880 2886 2886 2886 2886 2880 2880 2887 2887 2887 2887 2880 2880 2888 2888 2880 2880 2879 2879 2888 2888 2888 2888 2878 2878 2889 2889 2891 2891 2879 2879 2894 2894 2879 2879 2877 2877 2894 2894 2894 2894 2877 2877 2895 2895 2877 2877 2876 2876 2895 2895 2876 2876 2800 2800 2895 2895 2895 2895 2800 2800 2896 2896 2896 2896 2800 2800 2898 2898 2800 2800 2801 2801 2898 2898 2898 2898 2801 2801 2900 2900 2801 2801 2802 2802 2900 2900 2900 2900 2802 2802 2903 2903 2903 2903 2802 2802 2904 2904 2904 2904 2802 2802 2905 2905 2802 2802 2804 2804 2905 2905 2907 2907 2803 2803 2908 2908 2804 2804 2805 2805 2911 2911 2911 2911 2805 2805 2912 2912 2912 2912 2805 2805 2915 2915 2805 2805 2806 2806 2915 2915 2915 2915 2806 2806 2916 2916 2806 2806 2807 2807 2916 2916 2916 2916 2807 2807 2917 2917 2917 2917 2807 2807 2920 2920 2807 2807 2808 2808 2920 2920 2920 2920 2808 2808 2921 2921 2808 2808 2809 2809 2921 2921 2921 2921 2809 2809 2922 2922 2922 2922 2809 2809 2925 2925 2925 2925 2809 2809 2926 2926 2809 2809 2810 2810 2926 2926 2926 2926 2810 2810 2927 2927 2810 2810 2811 2811 2927 2927 2811 2811 2812 2812 2927 2927 2927 2927 2812 2812 2928 2928 2812 2812 2813 2813 2928 2928 2928 2928 2813 2813 2929 2929 2813 2813 2814 2814 2929 2929 2929 2929 2814 2814 2931 2931 2931 2931 2814 2814 2934 2934 2934 2934 2814 2814 2935 2935 2814 2814 2815 2815 2935 2935 2935 2935 2815 2815 2937 2937 2937 2937 2815 2815 2940 2940 2815 2815 2816 2816 2940 2940 2940 2940 2816 2816 2941 2941 2816 2816 2817 2817 2941 2941 2941 2941 2817 2817 2943 2943 2943 2943 2817 2817 2944 2944 2817 2817 2818 2818 2944 2944 2944 2944 2818 2818 2945 2945 2818 2818 2821 2821 2945 2945 2945 2945 2821 2821 2946 2946 2946 2946 2821 2821 2947 2947 2948 2948 2947 2947 2949 2949 2947 2947 2821 2821 2949 2949 2822 2822 2825 2825 2950 2950 2825 2825 2826 2826 2950 2950 2950 2950 2826 2826 2951 2951 2827 2827 2726 2726 2951 2951 2951 2951 2726 2726 2952 2952 2726 2726 2723 2723 2952 2952 2952 2952 2723 2723 2953 2953 2954 2954 2722 2722 2955 2955 2723 2723 2721 2721 2958 2958 2958 2958 2721 2721 2959 2959 2962 2962 2964 2964 2966 2966 2964 2964 2968 2968 2966 2966 2966 2966 2968 2968 2970 2970 2968 2968 2960 2960 2970 2970 2970 2970 2960 2960 2972 2972 2960 2960 2720 2720 2972 2972 2972 2972 2720 2720 2974 2974 2720 2720 2724 2724 2974 2974 2974 2974 2724 2724 2976 2976 2976 2976 2724 2724 2977 2977 2725 2725 2726 2726 2978 2978 2726 2726 2831 2831 2978 2978 2978 2978 2831 2831 2980 2980 2831 2831 2834 2834 2980 2980 2980 2980 2834 2834 2981 2981 2834 2834 2835 2835 2981 2981 2835 2835 2837 2837 2981 2981 2982 2982 2836 2836 2984 2984 2984 2984 2836 2836 2986 2986 2836 2836 2838 2838 2986 2986 2986 2986 2838 2838 2988 2988 2838 2838 2840 2840 2988 2988 2988 2988 2840 2840 2990 2990 2840 2840 2842 2842 2990 2990 2990 2990 2842 2842 2992 2992 2842 2842 2844 2844 2992 2992 2992 2992 2844 2844 2994 2994 2844 2844 2846 2846 2994 2994 2994 2994 2846 2846 2996 2996 2846 2846 2848 2848 2996 2996 2996 2996 2848 2848 2998 2998 2848 2848 2850 2850 2998 2998 2998 2998 2850 2850 3000 3000 2850 2850 2852 2852 3000 3000 3000 3000 2852 2852 3002 3002 2852 2852 2854 2854 3002 3002 3002 3002 2854 2854 3004 3004 2854 2854 2856 2856 3004 3004 3004 3004 2856 2856 3006 3006 2856 2856 2858 2858 3006 3006 3006 3006 2858 2858 3008 3008 2858 2858 2862 2862 3008 3008 3008 3008 2862 2862 3010 3010 2862 2862 2860 2860 3010 3010 3010 3010 2860 2860 3012 3012 3014 3014 3016 3016 3018 3018 3018 3018 3016 3016 3019 3019 3016 3016 3012 3012 3019 3019 3012 3012 2860 2860 3019 3019 3020 3020 2861 2861 3022 3022 2861 2861 2865 2865 3022 3022 3022 3022 2865 2865 3023 3023 3023 3023 2865 2865 3025 3025 2864 2864 2867 2867 3024 3024 3025 3025 2868 2868 3026 3026 2868 2868 2871 2871 3026 3026 3026 3026 2871 2871 3028 3028 2872 2872 2873 2873 3027 3027 2873 2873 2874 2874 3027 3027 2875 2875 2880 2880 3029 3029 2880 2880 2882 2882 3029 3029 3029 3029 2882 2882 3030 3030 2882 2882 2881 2881 3030 3030 2881 2881 3033 3033 3030 3030 3030 3030 3033 3033 3034 3034 3033 3033 3035 3035 3034 3034 3035 3035 3036 3036 3034 3034 3034 3034 3036 3036 3037 3037 3038 3038 3037 3037 3039 3039 3037 3037 3036 3036 3039 3039 3042 3042 3044 3044 3045 3045 3043 3043 3039 3039 3048 3048 3048 3048 3039 3039 3049 3049 3039 3039 3036 3036 3049 3049 3036 3036 3035 3035 3049 3049 3035 3035 3031 3031 3049 3049 3051 3051 3032 3032 3053 3053 3033 3033 2881 2881 3052 3052 2881 2881 2883 2883 3052 3052 2883 2883 2884 2884 3052 3052 3055 3055 2885 2885 3058 3058 2886 2886 2887 2887 3057 3057 2887 2887 2888 2888 3057 3057 2888 2888 2889 2889 3057 3057 2890 2890 2892 2892 3056 3056 3060 3060 2893 2893 3061 3061 2894 2894 2895 2895 3063 3063 3063 3063 2895 2895 3065 3065 2895 2895 2896 2896 3065 3065 2896 2896 2898 2898 3065 3065 2897 2897 2899 2899 3064 3064 2899 2899 2901 2901 3064 3064 3067 3067 2902 2902 3070 3070 2903 2903 2904 2904 3069 3069 2904 2904 2905 2905 3069 3069 2906 2906 2909 2909 3068 3068 3072 3072 2910 2910 3074 3074 2911 2911 2912 2912 3073 3073 2912 2912 2915 2915 3073 3073 3076 3076 2913 2913 3078 3078 2914 2914 2916 2916 3077 3077 2916 2916 2917 2917 3077 3077 2917 2917 2920 2920 3077 3077 3080 3080 2918 2918 3082 3082 2919 2919 2921 2921 3081 3081 2921 2921 2922 2922 3081 3081 2922 2922 2925 2925 3081 3081 3084 3084 2923 2923 3085 3085 2924 2924 2926 2926 3087 3087 2926 2926 2927 2927 3087 3087 3087 3087 2927 2927 3088 3088 2927 2927 2928 2928 3088 3088 2928 2928 2929 2929 3088 3088 2929 2929 2930 2930 3088 3088 2930 2930 2932 2932 3088 3088 3090 3090 2933 2933 3093 3093 2934 2934 2935 2935 3092 3092 2935 2935 2937 2937 3092 3092 2936 2936 2938 2938 3091 3091 3095 3095 2939 2939 3097 3097 2940 2940 2941 2941 3096 3096 2941 2941 2943 2943 3096 3096 3099 3099 2942 2942 3100 3100 2943 2943 2944 2944 3102 3102 3102 3102 2944 2944 3104 3104 2944 2944 2945 2945 3104 3104 3104 3104 2945 2945 3106 3106 2945 2945 2946 2946 3106 3106 3106 3106 2946 2946 3108 3108 2946 2946 2947 2947 3108 3108 3108 3108 2947 2947 3110 3110 2947 2947 2948 2948 3110 3110 3110 3110 2948 2948 3112 3112 2948 2948 3113 3113 3112 3112 3112 3112 3113 3113 3115 3115 3117 3117 3119 3119 3120 3120 3120 3120 3119 3119 3121 3121 3119 3119 3115 3115 3121 3121 3115 3115 3113 3113 3121 3121 3121 3121 3113 3113 3123 3123 3113 3113 2948 2948 3123 3123 2948 2948 2949 2949 3123 3123 2950 2950 2951 2951 3122 3122 2951 2951 2952 2952 3122 3122 2952 2952 2953 2953 3124 3124 3124 3124 2953 2953 3125 3125 2953 2953 2956 2956 3125 3125 3125 3125 2956 2956 3126 3126 3128 3128 2957 2957 3129 3129 2958 2958 2959 2959 3130 3130 2959 2959 2967 2967 3130 3130 3130 3130 2967 2967 3132 3132 2967 2967 2963 2963 3132 3132 3132 3132 2963 2963 3136 3136 3136 3136 2963 2963 3137 3137 2964 2964 2962 2962 3138 3138 3138 3138 2962 2962 3139 3139 3141 3141 3143 3143 3144 3144 3143 3143 3140 3140 3144 3144 3144 3144 3140 3140 3145 3145 3140 3140 2961 2961 3145 3145 3145 3145 2961 2961 3146 3146 2961 2961 2965 2965 3146 3146 3146 3146 2965 2965 3147 3147 2965 2965 2969 2969 3147 3147 3147 3147 2969 2969 3148 3148 2969 2969 2971 2971 3148 3148 3148 3148 2971 2971 3149 3149 2971 2971 2973 2973 3149 3149 3149 3149 2973 2973 3150 3150 2973 2973 2975 2975 3150 3150 3150 3150 2975 2975 3151 3151 3151 3151 2975 2975 3152 3152 2976 2976 2977 2977 3153 3153 2977 2977 2979 2979 3153 3153 3153 3153 2979 2979 3154 3154 2979 2979 2982 2982 3154 3154 2982 2982 2984 2984 3154 3154 3155 3155 2983 2983 3156 3156 3156 3156 2983 2983 3157 3157 2983 2983 2985 2985 3157 3157 3157 3157 2985 2985 3158 3158 2985 2985 2987 2987 3158 3158 3158 3158 2987 2987 3159 3159 2987 2987 2989 2989 3159 3159 3159 3159 2989 2989 3160 3160 2989 2989 2991 2991 3160 3160 3160 3160 2991 2991 3161 3161 2991 2991 2993 2993 3161 3161 3161 3161 2993 2993 3162 3162 2993 2993 2995 2995 3162 3162 3162 3162 2995 2995 3163 3163 2995 2995 2997 2997 3163 3163 3163 3163 2997 2997 3164 3164 2997 2997 2999 2999 3164 3164 3164 3164 2999 2999 3165 3165 2999 2999 3001 3001 3165 3165 3165 3165 3001 3001 3166 3166 3001 3001 3003 3003 3166 3166 3166 3166 3003 3003 3167 3167 3003 3003 3005 3005 3167 3167 3167 3167 3005 3005 3168 3168 3005 3005 3007 3007 3168 3168 3168 3168 3007 3007 3169 3169 3007 3007 3009 3009 3169 3169 3169 3169 3009 3009 3170 3170 3009 3009 3011 3011 3170 3170 3170 3170 3011 3011 3171 3171 3011 3011 3015 3015 3171 3171 3171 3171 3015 3015 3172 3172 3015 3015 3013 3013 3172 3172 3172 3172 3013 3013 3173 3173 3174 3174 3173 3173 3175 3175 3173 3173 3013 3013 3175 3175 3176 3176 3014 3014 3177 3177 3014 3014 3018 3018 3177 3177 3178 3178 3017 3017 3180 3180 3180 3180 3017 3017 3181 3181 3017 3017 3020 3020 3181 3181 3020 3020 3022 3022 3181 3181 3184 3184 3021 3021 3185 3185 3186 3186 3022 3022 3187 3187 3022 3022 3023 3023 3187 3187 3187 3187 3023 3023 3188 3188 3023 3023 3025 3025 3188 3188 3025 3025 3026 3026 3188 3188 3026 3026 3028 3028 3188 3188 3029 3029 3030 3030 3189 3189 3030 3030 3034 3034 3189 3189 3034 3034 3037 3037 3189 3189 3037 3037 3038 3038 3189 3189 3189 3189 3038 3038 3190 3190 3038 3038 3039 3039 3190 3190 3039 3039 3043 3043 3190 3190 3190 3190 3043 3043 3191 3191 3043 3043 3040 3040 3191 3191 3191 3191 3040 3040 3192 3192 3196 3196 3198 3198 3201 3201 3197 3197 3192 3192 3200 3200 3192 3192 3040 3040 3200 3200 3041 3041 3046 3046 3199 3199 3205 3205 3203 3203 3207 3207 3203 3203 3047 3047 3207 3207 3207 3207 3047 3047 3209 3209 3047 3047 3050 3050 3209 3209 3209 3209 3050 3050 3211 3211 3050 3050 3054 3054 3211 3211 3211 3211 3054 3054 3213 3213 3054 3054 3059 3059 3213 3213 3213 3213 3059 3059 3215 3215 3059 3059 3062 3062 3215 3215 3215 3215 3062 3062 3217 3217 3062 3062 3066 3066 3217 3217 3217 3217 3066 3066 3219 3219 3066 3066 3071 3071 3219 3219 3219 3219 3071 3071 3221 3221 3071 3071 3075 3075 3221 3221 3221 3221 3075 3075 3223 3223 3075 3075 3079 3079 3223 3223 3223 3223 3079 3079 3225 3225 3079 3079 3083 3083 3225 3225 3225 3225 3083 3083 3227 3227 3083 3083 3086 3086 3227 3227 3227 3227 3086 3086 3229 3229 3086 3086 3089 3089 3229 3229 3229 3229 3089 3089 3231 3231 3089 3089 3094 3094 3231 3231 3231 3231 3094 3094 3234 3234 3094 3094 3098 3098 3234 3234 3234 3234 3098 3098 3236 3236 3098 3098 3101 3101 3236 3236 3236 3236 3101 3101 3238 3238 3101 3101 3103 3103 3238 3238 3238 3238 3103 3103 3240 3240 3103 3103 3105 3105 3240 3240 3240 3240 3105 3105 3242 3242 3105 3105 3107 3107 3242 3242 3242 3242 3107 3107 3244 3244 3107 3107 3109 3109 3244 3244 3244 3244 3109 3109 3247 3247 3109 3109 3111 3111 3247 3247 3247 3247 3111 3111 3249 3249 3111 3111 3114 3114 3249 3249 3249 3249 3114 3114 3251 3251 3114 3114 3118 3118 3251 3251 3251 3251 3118 3118 3253 3253 3118 3118 3116 3116 3253 3253 3253 3253 3116 3116 3256 3256 3116 3116 3258 3258 3256 3256 3256 3256 3258 3258 3259 3259 3258 3258 3263 3263 3259 3259 3263 3263 3266 3266 3259 3259 3261 3261 3264 3264 3267 3267 3268 3268 3265 3265 3270 3270 3266 3266 3263 3263 3269 3269 3271 3271 3262 3262 3272 3272 3272 3272 3262 3262 3273 3273 3262 3262 3257 3257 3273 3273 3273 3273 3257 3257 3274 3274 3257 3257 3117 3117 3274 3274 3117 3117 3120 3120 3274 3274 3274 3274 3120 3120 3275 3275 3120 3120 3121 3121 3275 3275 3121 3121 3123 3123 3275 3275 3124 3124 3125 3125 3276 3276 3125 3125 3126 3126 3276 3276 3276 3276 3126 3126 3277 3277 3127 3127 3130 3130 3277 3277 3277 3277 3130 3130 3278 3278 3130 3130 3132 3132 3278 3278 3278 3278 3132 3132 3280 3280 3131 3131 3133 3133 3279 3279 3280 3280 3134 3134 3282 3282 3282 3282 3134 3134 3283 3283 3285 3285 3135 3135 3286 3286 3136 3136 3137 3137 3287 3287 3287 3287 3137 3137 3288 3288 3138 3138 3139 3139 3289 3289 3139 3139 3142 3142 3289 3289 3289 3289 3142 3142 3291 3291 3291 3291 3142 3142 3292 3292 3143 3143 3141 3141 3293 3293 3293 3293 3141 3141 3294 3294 3295 3295 3294 3294 3296 3296 3294 3294 3141 3141 3296 3296 3141 3141 3144 3144 3296 3296 3144 3144 3145 3145 3296 3296 3145 3145 3146 3146 3296 3296 3146 3146 3147 3147 3296 3296 3147 3147 3148 3148 3296 3296 3148 3148 3149 3149 3296 3296 3149 3149 3150 3150 3296 3296 3150 3150 3151 3151 3296 3296 3151 3151 3152 3152 3296 3296 3152 3152 3155 3155 3296 3296 3155 3155 3156 3156 3296 3296 3156 3156 3157 3157 3296 3296 3157 3157 3158 3158 3296 3296 3158 3158 3159 3159 3296 3296 3159 3159 3160 3160 3296 3296 3160 3160 3161 3161 3296 3296 3161 3161 3162 3162 3296 3296 3162 3162 3163 3163 3296 3296 3163 3163 3164 3164 3296 3296 3164 3164 3165 3165 3296 3296 3165 3165 3166 3166 3296 3296 3166 3166 3167 3167 3296 3296 3167 3167 3168 3168 3296 3296 3168 3168 3169 3169 3296 3296 3169 3169 3170 3170 3296 3296 3170 3170 3171 3171 3296 3296 3171 3171 3172 3172 3296 3296 3172 3172 3173 3173 3296 3296 3173 3173 3174 3174 3296 3296 3174 3174 3297 3297 3296 3296 3296 3296 3297 3297 3298 3298 3298 3298 3297 3297 3300 3300 3300 3300 3297 3297 3301 3301 3297 3297 3174 3174 3301 3301 3174 3174 3175 3175 3301 3301 3302 3302 3176 3176 3303 3303 3176 3176 3177 3177 3303 3303 3304 3304 3178 3178 3306 3306 3178 3178 3180 3180 3306 3306 3306 3306 3180 3180 3307 3307 3307 3307 3180 3180 3309 3309 3179 3179 3182 3182 3308 3308 3309 3309 3183 3183 3310 3310 3183 3183 3186 3186 3310 3310 3310 3310 3186 3186 3311 3311 3186 3186 3187 3187 3311 3311 3187 3187 3188 3188 3311 3311 3189 3189 3190 3190 3312 3312 3190 3190 3191 3191 3312 3312 3312 3312 3191 3191 3313 3313 3191 3191 3192 3192 3313 3313 3192 3192 3197 3197 3313 3313 3197 3197 3193 3193 3313 3313 3313 3313 3193 3193 3314 3314 3194 3194 3315 3315 3314 3314 3314 3314 3315 3315 3316 3316 3315 3315 3318 3318 3316 3316 3316 3316 3318 3318 3319 3319 3321 3321 3317 3317 3324 3324 3318 3318 3315 3315 3323 3323 3315 3315 3194 3194 3323 3323 3195 3195 3202 3202 3322 3322 3203 3203 3205 3205 3326 3326 3326 3326 3205 3205 3327 3327 3330 3330 3328 3328 3334 3334 3328 3328 3204 3204 3334 3334 3334 3334 3204 3204 3336 3336 3204 3204 3206 3206 3336 3336 3336 3336 3206 3206 3337 3337 3206 3206 3208 3208 3337 3337 3337 3337 3208 3208 3339 3339 3208 3208 3210 3210 3339 3339 3339 3339 3210 3210 3343 3343 3210 3210 3212 3212 3343 3343 3343 3343 3212 3212 3347 3347 3212 3212 3214 3214 3347 3347 3347 3347 3214 3214 3349 3349 3214 3214 3216 3216 3349 3349 3349 3349 3216 3216 3350 3350 3216 3216 3218 3218 3350 3350 3350 3350 3218 3218 3352 3352 3218 3218 3220 3220 3352 3352 3352 3352 3220 3220 3356 3356 3220 3220 3222 3222 3356 3356 3356 3356 3222 3222 3358 3358 3222 3222 3224 3224 3358 3358 3358 3358 3224 3224 3359 3359 3224 3224 3226 3226 3359 3359 3359 3359 3226 3226 3361 3361 3226 3226 3228 3228 3361 3361 3361 3361 3228 3228 3365 3365 3228 3228 3230 3230 3365 3365 3365 3365 3230 3230 3366 3366 3230 3230 3232 3232 3366 3366 3368 3368 3233 3233 3369 3369 3233 3233 3235 3235 3369 3369 3369 3369 3235 3235 3371 3371 3235 3235 3237 3237 3371 3371 3371 3371 3237 3237 3375 3375 3237 3237 3239 3239 3375 3375 3375 3375 3239 3239 3377 3377 3239 3239 3241 3241 3377 3377 3377 3377 3241 3241 3378 3378 3241 3241 3243 3243 3378 3378 3378 3378 3243 3243 3379 3379 3243 3243 3245 3245 3379 3379 3381 3381 3246 3246 3385 3385 3246 3246 3248 3248 3385 3385 3385 3385 3248 3248 3387 3387 3248 3248 3250 3250 3387 3387 3387 3387 3250 3250 3389 3389 3250 3250 3252 3252 3389 3389 3389 3389 3252 3252 3390 3390 3252 3252 3254 3254 3390 3390 3394 3394 3255 3255 3395 3395 3255 3255 3260 3260 3395 3395 3261 3261 3267 3267 3397 3397 3397 3397 3267 3267 3398 3398 3399 3399 3268 3268 3400 3400 3268 3268 3270 3270 3400 3400 3271 3271 3272 3272 3401 3401 3401 3401 3272 3272 3403 3403 3272 3272 3273 3273 3403 3403 3273 3273 3274 3274 3403 3403 3274 3274 3275 3275 3403 3403 3276 3276 3277 3277 3402 3402 3277 3277 3278 3278 3402 3402 3278 3278 3280 3280 3404 3404 3280 3280 3282 3282 3404 3404 3404 3404 3282 3282 3405 3405 3281 3281 3284 3284 3407 3407 3407 3407 3284 3284 3408 3408 3284 3284 3287 3287 3408 3408 3408 3408 3287 3287 3409 3409 3409 3409 3287 3287 3410 3410 3287 3287 3288 3288 3410 3410 3288 3288 3290 3290 3410 3410 3410 3410 3290 3290 3413 3413 3413 3413 3290 3290 3414 3414 3291 3291 3292 3292 3416 3416 3416 3416 3292 3292 3417 3417 3293 3293 3294 3294 3418 3418 3294 3294 3295 3295 3418 3418 3418 3418 3295 3295 3420 3420 3420 3420 3295 3295 3421 3421 3295 3295 3296 3296 3421 3421 3421 3421 3296 3296 3422 3422 3422 3422 3296 3296 3423 3423 3423 3423 3296 3296 3424 3424 3424 3424 3296 3296 3425 3425 3425 3425 3296 3296 3426 3426 3426 3426 3296 3296 3427 3427 3296 3296 3298 3298 3427 3427 3427 3427 3298 3298 3428 3428 3298 3298 3300 3300 3428 3428 3429 3429 3299 3299 3431 3431 3431 3431 3299 3299 3432 3432 3299 3299 3302 3302 3432 3432 3302 3302 3303 3303 3432 3432 3433 3433 3304 3304 3434 3434 3304 3304 3306 3306 3434 3434 3437 3437 3305 3305 3438 3438 3439 3439 3306 3306 3440 3440 3306 3306 3307 3307 3440 3440 3440 3440 3307 3307 3441 3441 3307 3307 3309 3309 3441 3441 3309 3309 3310 3310 3441 3441 3310 3310 3311 3311 3441 3441 3312 3312 3313 3313 3442 3442 3313 3313 3314 3314 3442 3442 3314 3314 3316 3316 3442 3442 3442 3442 3316 3316 3443 3443 3316 3316 3319 3319 3443 3443 3319 3319 3444 3444 3443 3443 3444 3444 3446 3446 3443 3443 3443 3443 3446 3446 3447 3447 3448 3448 3449 3449 3450 3450 3449 3449 3447 3447 3450 3450 3447 3447 3446 3446 3450 3450 3452 3452 3445 3445 3455 3455 3446 3446 3444 3444 3454 3454 3444 3444 3319 3319 3454 3454 3320 3320 3325 3325 3453 3453 3326 3326 3327 3327 3457 3457 3457 3457 3327 3327 3458 3458 3328 3328 3330 3330 3459 3459 3459 3459 3330 3330 3460 3460 3461 3461 3460 3460 3462 3462 3460 3460 3330 3330 3462 3462 3462 3462 3330 3330 3464 3464 3329 3329 3331 3331 3463 3463 3464 3464 3332 3332 3465 3465 3465 3465 3332 3332 3467 3467 3333 3333 3335 3335 3466 3466 3467 3467 3336 3336 3468 3468 3468 3468 3336 3336 3469 3469 3336 3336 3337 3337 3469 3469 3469 3469 3337 3337 3470 3470 3337 3337 3339 3339 3470 3470 3470 3470 3339 3339 3472 3472 3338 3338 3340 3340 3471 3471 3472 3472 3341 3341 3473 3473 3473 3473 3341 3341 3475 3475 3342 3342 3344 3344 3474 3474 3475 3475 3345 3345 3476 3476 3476 3476 3345 3345 3478 3478 3346 3346 3348 3348 3477 3477 3479 3479 3349 3349 3480 3480 3480 3480 3349 3349 3481 3481 3349 3349 3350 3350 3481 3481 3481 3481 3350 3350 3482 3482 3350 3350 3352 3352 3482 3482 3482 3482 3352 3352 3484 3484 3351 3351 3353 3353 3483 3483 3484 3484 3354 3354 3485 3485 3485 3485 3354 3354 3487 3487 3355 3355 3357 3357 3486 3486 3488 3488 3358 3358 3489 3489 3489 3489 3358 3358 3490 3490 3358 3358 3359 3359 3490 3490 3490 3490 3359 3359 3491 3491 3359 3359 3361 3361 3491 3491 3491 3491 3361 3361 3493 3493 3360 3360 3362 3362 3492 3492 3493 3493 3363 3363 3494 3494 3494 3494 3363 3363 3496 3496 3364 3364 3367 3367 3495 3495 3496 3496 3368 3368 3497 3497 3497 3497 3368 3368 3498 3498 3368 3368 3369 3369 3498 3498 3498 3498 3369 3369 3499 3499 3369 3369 3371 3371 3499 3499 3499 3499 3371 3371 3501 3501 3370 3370 3372 3372 3500 3500 3501 3501 3373 3373 3502 3502 3502 3502 3373 3373 3504 3504 3374 3374 3376 3376 3503 3503 3504 3504 3377 3377 3505 3505 3505 3505 3377 3377 3506 3506 3377 3377 3378 3378 3506 3506 3506 3506 3378 3378 3507 3507 3378 3378 3379 3379 3507 3507 3507 3507 3379 3379 3509 3509 3380 3380 3382 3382 3508 3508 3509 3509 3383 3383 3510 3510 3510 3510 3383 3383 3512 3512 3384 3384 3386 3386 3511 3511 3512 3512 3387 3387 3513 3513 3513 3513 3387 3387 3514 3514 3387 3387 3389 3389 3514 3514 3514 3514 3389 3389 3516 3516 3388 3388 3391 3391 3515 3515 3516 3516 3392 3392 3517 3517 3517 3517 3392 3392 3519 3519 3393 3393 3396 3396 3518 3518 3519 3519 3397 3397 3520 3520 3397 3397 3398 3398 3520 3520 3520 3520 3398 3398 3521 3521 3523 3523 3399 3399 3524 3524 3399 3399 3400 3400 3524 3524 3401 3401 3403 3403 3526 3526 3403 3403 3406 3406 3526 3526 3526 3526 3406 3406 2719 2719 2719 2719 3406 3406 3527 3527 3407 3407 3408 3408 3528 3528 3408 3408 3409 3409 3528 3528 3528 3528 3409 3409 3529 3529 3409 3409 3410 3410 3529 3529 3410 3410 3413 3413 3529 3529 3529 3529 3413 3413 3530 3530 3531 3531 3411 3411 3532 3532 3412 3412 3415 3415 3535 3535 3535 3535 3415 3415 3536 3536 3416 3416 3417 3417 3537 3537 3417 3417 3419 3419 3537 3537 3537 3537 3419 3419 3539 3539 3539 3539 3419 3419 3540 3540 3420 3420 3421 3421 3541 3541 3421 3421 3422 3422 3541 3541 3541 3541 3422 3422 3543 3543 3422 3422 3423 3423 3543 3543 3543 3543 3423 3423 3545 3545 3423 3423 3424 3424 3545 3545 3545 3545 3424 3424 3547 3547 3424 3424 3425 3425 3547 3547 3547 3547 3425 3425 3549 3549 3425 3425 3426 3426 3549 3549 3549 3549 3426 3426 3550 3550 3426 3426 3427 3427 3550 3550 3427 3427 3428 3428 3550 3550 3551 3551 3429 3429 3552 3552 3429 3429 3431 3431 3552 3552 3554 3554 3430 3430 3555 3555 3555 3555 3430 3430 3556 3556 3430 3430 3433 3433 3556 3556 3433 3433 3434 3434 3556 3556 3557 3557 3435 3435 3558 3558 3559 3559 3436 3436 3560 3560 3436 3436 3439 3439 3560 3560 3560 3560 3439 3439 3561 3561 3439 3439 3440 3440 3561 3561 3440 3440 3441 3441 3561 3561 3442 3442 3443 3443 3562 3562 3443 3443 3447 3447 3562 3562 3447 3447 3449 3449 3562 3562 3562 3562 3449 3449 3563 3563 3564 3564 3565 3565 3566 3566 3565 3565 3563 3563 3567 3567 3567 3567 3563 3563 3570 3570 3563 3563 3449 3449 3570 3570 3449 3449 3448 3448 3570 3570 3570 3570 3448 3448 3572 3572 3448 3448 3450 3450 3572 3572 3451 3451 3456 3456 3571 3571 3457 3457 3458 3458 3574 3574 3574 3574 3458 3458 3575 3575 3459 3459 3460 3460 3576 3576 3576 3576 3460 3460 3578 3578 3460 3460 3461 3461 3578 3578 3580 3580 3578 3578 3581 3581 3578 3578 3461 3461 3581 3581 3581 3581 3461 3461 3583 3583 3461 3461 3462 3462 3583 3583 3583 3583 3462 3462 3585 3585 3462 3462 3464 3464 3585 3585 3585 3585 3464 3464 3587 3587 3464 3464 3465 3465 3587 3587 3465 3465 3467 3467 3587 3587 3467 3467 3468 3468 3587 3587 3587 3587 3468 3468 3589 3589 3468 3468 3469 3469 3589 3589 3469 3469 3470 3470 3589 3589 3589 3589 3470 3470 3590 3590 3470 3470 3472 3472 3592 3592 3592 3592 3472 3472 3594 3594 3472 3472 3473 3473 3594 3594 3473 3473 3475 3475 3594 3594 3475 3475 3476 3476 3594 3594 3594 3594 3476 3476 3595 3595 3476 3476 3478 3478 3595 3595 3479 3479 3480 3480 3597 3597 3597 3597 3480 3480 3599 3599 3480 3480 3481 3481 3599 3599 3599 3599 3481 3481 3601 3601 3481 3481 3482 3482 3601 3601 3482 3482 3484 3484 3601 3601 3484 3484 3485 3485 3601 3601 3601 3601 3485 3485 3602 3602 3485 3485 3487 3487 3602 3602 3488 3488 3489 3489 3604 3604 3604 3604 3489 3489 3606 3606 3489 3489 3490 3490 3606 3606 3606 3606 3490 3490 3608 3608 3490 3490 3491 3491 3608 3608 3491 3491 3493 3493 3608 3608 3493 3493 3494 3494 3608 3608 3608 3608 3494 3494 3610 3610 3494 3494 3496 3496 3610 3610 3496 3496 3497 3497 3610 3610 3610 3610 3497 3497 3612 3612 3497 3497 3498 3498 3612 3612 3612 3612 3498 3498 3614 3614 3498 3498 3499 3499 3614 3614 3499 3499 3501 3501 3614 3614 3501 3501 3502 3502 3614 3614 3614 3614 3502 3502 3616 3616 3502 3502 3504 3504 3616 3616 3504 3504 3505 3505 3616 3616 3616 3616 3505 3505 3618 3618 3505 3505 3506 3506 3618 3618 3618 3618 3506 3506 3620 3620 3506 3506 3507 3507 3620 3620 3507 3507 3509 3509 3620 3620 3509 3509 3510 3510 3620 3620 3620 3620 3510 3510 3622 3622 3510 3510 3512 3512 3622 3622 3512 3512 3513 3513 3622 3622 3622 3622 3513 3513 3624 3624 3513 3513 3514 3514 3624 3624 3514 3514 3516 3516 3624 3624 3624 3624 3516 3516 3625 3625 3516 3516 3517 3517 3625 3625 3517 3517 3519 3519 3625 3625 3519 3519 3520 3520 3625 3625 3520 3520 3521 3521 3625 3625 3626 3626 3522 3522 3628 3628 3523 3523 3524 3524 3627 3627 3629 3629 3525 3525 3630 3630 3525 3525 2717 2717 3630 3630 2718 2718 2710 2710 3632 3632 2710 2710 2708 2708 3632 3632 2708 2708 3635 3635 3632 3632 3635 3635 2707 2707 3632 3632 2707 2707 2684 2684 3632 3632 2684 2684 2690 2690 3632 3632 2690 2690 2692 2692 3632 3632 3632 3632 2692 2692 3636 3636 3638 3638 2693 2693 3640 3640 2693 2693 2694 2694 3640 3640 2694 2694 2696 2696 3640 3640 2696 2696 2699 2699 3640 3640 3640 3640 2699 2699 3642 3642 2699 2699 2698 2698 3642 3642 2698 2698 3643 3643 3642 3642 3642 3642 3643 3643 3645 3645 3645 3645 3643 3643 3646 3646 3646 3646 3643 3643 3648 3648 3643 3643 2698 2698 3648 3648 2697 2697 2702 2702 3647 3647 3648 3648 2703 2703 3649 3649 2703 2703 2704 2704 3649 3649 3650 3650 2705 2705 3652 3652 2705 2705 2706 2706 3652 3652 2706 2706 3633 3633 3652 3652 3634 3634 2709 2709 3651 3651 2709 2709 2712 2712 3651 3651 2712 2712 2715 2715 3651 3651 3654 3654 2714 2714 3655 3655 2715 2715 2713 2713 3657 3657 3658 3658 3657 3657 3659 3659 3657 3657 2713 2713 3659 3659 3660 3660 3659 3659 3662 3662 3659 3659 2713 2713 3662 3662 2713 2713 2716 2716 3662 3662 2716 2716 2719 2719 3662 3662 2719 2719 3527 3527 3662 3662 3528 3528 3529 3529 3661 3661 3529 3529 3530 3530 3663 3663 3663 3663 3530 3530 3665 3665 3530 3530 3533 3533 3665 3665 3665 3665 3533 3533 3666 3666 3668 3668 3534 3534 3669 3669 3535 3535 3536 3536 3670 3670 3536 3536 3538 3538 3670 3670 3670 3670 3538 3538 3672 3672 3672 3672 3538 3538 3673 3673 3539 3539 3540 3540 3674 3674 3540 3540 3542 3542 3674 3674 3674 3674 3542 3542 3676 3676 3542 3542 3544 3544 3676 3676 3676 3676 3544 3544 3678 3678 3544 3544 3546 3546 3678 3678 3678 3678 3546 3546 3680 3680 3546 3546 3548 3548 3680 3680 3680 3680 3548 3548 3681 3681 3548 3548 3551 3551 3681 3681 3551 3551 3552 3552 3681 3681 3683 3683 3553 3553 3684 3684 3554 3554 3555 3555 3686 3686 3686 3686 3555 3555 3687 3687 3687 3687 3555 3555 3688 3688 3555 3555 3556 3556 3688 3688 3556 3556 3559 3559 3688 3688 3688 3688 3559 3559 3689 3689 3559 3559 3560 3560 3689 3689 3560 3560 3561 3561 3689 3689 3562 3562 3563 3563 3690 3690 3563 3563 3565 3565 3690 3690 3565 3565 3691 3691 3690 3690 3690 3690 3691 3691 3692 3692 3692 3692 3691 3691 3693 3693 3693 3693 3691 3691 3695 3695 3691 3691 3565 3565 3695 3695 3695 3695 3565 3565 3698 3698 3565 3565 3564 3564 3698 3698 3698 3698 3564 3564 3700 3700 3564 3564 3566 3566 3700 3700 3566 3566 3568 3568 3700 3700 3569 3569 3573 3573 3699 3699 3574 3574 3575 3575 3702 3702 3702 3702 3575 3575 3703 3703 3576 3576 3578 3578 3704 3704 3704 3704 3578 3578 3706 3706 3577 3577 3579 3579 3705 3705 3580 3580 3709 3709 3708 3708 3708 3708 3709 3709 3711 3711 3711 3711 3709 3709 3712 3712 3709 3709 3580 3580 3712 3712 3580 3580 3581 3581 3712 3712 3581 3581 3583 3583 3712 3712 3714 3714 3713 3713 3715 3715 3713 3713 3582 3582 3715 3715 3715 3715 3582 3582 3716 3716 3582 3582 3584 3584 3716 3716 3716 3716 3584 3584 3717 3717 3584 3584 3586 3586 3717 3717 3717 3717 3586 3586 3718 3718 3586 3586 3588 3588 3718 3718 3718 3718 3588 3588 3719 3719 3588 3588 3591 3591 3719 3719 3719 3719 3591 3591 3720 3720 3591 3591 3593 3593 3720 3720 3720 3720 3593 3593 3721 3721 3593 3593 3596 3596 3721 3721 3721 3721 3596 3596 3722 3722 3596 3596 3598 3598 3722 3722 3722 3722 3598 3598 3723 3723 3598 3598 3600 3600 3723 3723 3723 3723 3600 3600 3724 3724 3600 3600 3603 3603 3724 3724 3724 3724 3603 3603 3725 3725 3603 3603 3605 3605 3725 3725 3725 3725 3605 3605 3726 3726 3605 3605 3607 3607 3726 3726 3726 3726 3607 3607 3727 3727 3607 3607 3609 3609 3727 3727 3727 3727 3609 3609 3728 3728 3609 3609 3611 3611 3728 3728 3728 3728 3611 3611 3729 3729 3611 3611 3613 3613 3729 3729 3729 3729 3613 3613 3730 3730 3613 3613 3615 3615 3730 3730 3730 3730 3615 3615 3731 3731 3615 3615 3617 3617 3731 3731 3731 3731 3617 3617 3732 3732 3617 3617 3619 3619 3732 3732 3732 3732 3619 3619 3733 3733 3619 3619 3621 3621 3733 3733 3733 3733 3621 3621 3734 3734 3621 3621 3623 3623 3734 3734 3734 3734 3623 3623 3735 3735 3623 3623 3626 3626 3735 3735 3626 3626 3628 3628 3735 3735 3735 3735 3628 3628 3736 3736 3628 3628 3631 3631 3736 3736 3736 3736 3631 3631 3737 3737 3631 3631 3637 3637 3737 3737 3637 3637 3639 3639 3737 3737 3737 3737 3639 3639 3738 3738 3639 3639 3641 3641 3738 3738 3738 3738 3641 3641 3739 3739 3641 3641 3644 3644 3739 3739 3739 3739 3644 3644 3740 3740 3741 3741 3740 3740 3742 3742 3740 3740 3644 3644 3742 3742 3744 3744 3743 3743 3746 3746 3743 3743 3645 3645 3746 3746 3645 3645 3646 3646 3746 3746 3746 3746 3646 3646 3748 3748 3646 3646 3648 3648 3748 3748 3748 3748 3648 3648 3749 3749 3648 3648 3649 3649 3749 3749 3750 3750 3650 3650 3752 3752 3650 3650 3652 3652 3752 3752 3653 3653 3656 3656 3751 3751 3657 3657 3658 3658 3754 3754 3754 3754 3658 3658 3755 3755 3658 3658 3659 3659 3755 3755 3659 3659 3660 3660 3757 3757 3757 3757 3660 3660 3758 3758 3758 3758 3660 3660 3759 3759 3759 3759 3660 3660 3761 3761 3660 3660 3662 3662 3761 3761 3663 3663 3665 3665 3760 3760 3664 3664 3667 3667 3762 3762 3762 3762 3667 3667 3763 3763 3667 3667 3670 3670 3763 3763 3763 3763 3670 3670 3764 3764 3670 3670 3672 3672 3764 3764 3764 3764 3672 3672 3765 3765 3766 3766 3671 3671 3767 3767 3672 3672 3673 3673 3770 3770 3673 3673 3675 3675 3770 3770 3770 3770 3675 3675 3772 3772 3675 3675 3677 3677 3772 3772 3772 3772 3677 3677 3774 3774 3677 3677 3679 3679 3774 3774 3774 3774 3679 3679 3776 3776 3679 3679 3682 3682 3776 3776 3683 3683 3684 3684 3775 3775 3779 3779 3685 3685 3780 3780 3781 3781 3686 3686 3782 3782 3686 3686 3687 3687 3782 3782 3782 3782 3687 3687 3783 3783 3687 3687 3688 3688 3783 3783 3688 3688 3689 3689 3783 3783 3690 3690 3692 3692 3784 3784 3784 3784 3692 3692 3785 3785 3785 3785 3692 3692 3786 3786 3692 3692 3693 3693 3786 3786 3786 3786 3693 3693 3788 3788 3693 3693 3694 3694 3788 3788 3694 3694 3696 3696 3788 3788 3697 3697 3701 3701 3787 3787 3702 3702 3703 3703 3789 3789 3789 3789 3703 3703 3790 3790 3704 3704 3706 3706 3791 3791 3791 3791 3706 3706 3793 3793 3707 3707 3710 3710 3792 3792 3793 3793 3711 3711 3794 3794 3794 3794 3711 3711 3795 3795 3711 3711 3712 3712 3795 3795 3713 3713 3714 3714 3796 3796 3714 3714 3797 3797 3796 3796 3796 3796 3797 3797 3799 3799 3797 3797 3800 3800 3799 3799 3799 3799 3800 3800 3802 3802 3800 3800 3803 3803 3802 3802 3802 3802 3803 3803 3805 3805 3803 3803 3806 3806 3805 3805 3805 3805 3806 3806 3807 3807 3806 3806 3741 3741 3807 3807 3741 3741 3742 3742 3807 3807 3808 3808 3743 3743 3809 3809 3809 3809 3743 3743 3811 3811 3743 3743 3744 3744 3811 3811 3811 3811 3744 3744 3813 3813 3744 3744 3746 3746 3813 3813 3745 3745 3747 3747 3812 3812 3815 3815 3748 3748 3816 3816 3748 3748 3749 3749 3816 3816 3817 3817 3750 3750 3819 3819 3750 3750 3752 3752 3819 3819 3753 3753 3756 3756 3818 3818 3757 3757 3758 3758 3821 3821 3821 3821 3758 3758 3824 3824 3758 3758 3759 3759 3824 3824 3824 3824 3759 3759 3825 3825 3825 3825 3759 3759 3826 3826 3759 3759 3761 3761 3826 3826 3826 3826 3761 3761 3827 3827 3827 3827 3761 3761 3829 3829 3762 3762 3763 3763 3828 3828 3763 3763 3764 3764 3828 3828 3764 3764 3765 3765 3830 3830 3830 3830 3765 3765 3832 3832 3765 3765 3768 3768 3832 3832 3832 3832 3768 3768 3834 3834 3769 3769 3771 3771 3833 3833 3835 3835 3772 3772 3836 3836 3836 3836 3772 3772 3837 3837 3772 3772 3774 3774 3837 3837 3837 3837 3774 3774 3839 3839 3773 3773 3777 3777 3838 3838 3839 3839 3778 3778 3840 3840 3778 3778 3781 3781 3840 3840 3840 3840 3781 3781 3841 3841 3781 3781 3782 3782 3841 3841 3782 3782 3783 3783 3841 3841 3784 3784 3785 3785 3842 3842 3843 3843 3842 3842 3844 3844 3844 3844 3842 3842 3845 3845 3842 3842 3785 3785 3845 3845 3845 3845 3785 3785 3846 3846 3785 3785 3786 3786 3846 3846 3846 3846 3786 3786 3847 3847 3786 3786 3788 3788 3847 3847 3789 3789 3790 3790 3848 3848 3848 3848 3790 3790 3849 3849 3791 3791 3793 3793 3850 3850 3850 3850 3793 3793 3851 3851 3793 3793 3794 3794 3851 3851 3851 3851 3794 3794 3852 3852 3794 3794 3795 3795 3852 3852 3795 3795 3798 3798 3852 3852 3852 3852 3798 3798 3853 3853 3798 3798 3801 3801 3853 3853 3853 3853 3801 3801 3855 3855 3855 3855 3801 3801 3856 3856 3856 3856 3801 3801 3858 3858 3801 3801 3804 3804 3858 3858 3858 3858 3804 3804 3859 3859 3804 3804 3808 3808 3859 3859 3859 3859 3808 3808 3860 3860 3808 3808 3809 3809 3860 3860 3860 3860 3809 3809 3862 3862 3809 3809 3811 3811 3862 3862 3810 3810 3814 3814 3861 3861 3862 3862 3815 3815 3863 3863 3815 3815 3816 3816 3863 3863 3864 3864 3817 3817 3866 3866 3817 3817 3819 3819 3866 3866 3820 3820 3822 3822 3865 3865 3823 3823 3825 3825 3867 3867 3867 3867 3825 3825 3868 3868 3825 3825 3826 3826 3868 3868 3826 3826 3827 3827 3868 3868 3868 3868 3827 3827 3869 3869 3870 3870 3869 3869 3871 3871 3869 3869 3827 3827 3871 3871 3827 3827 3829 3829 3871 3871 3871 3871 3829 3829 3872 3872 3872 3872 3829 3829 3874 3874 3830 3830 3832 3832 3873 3873 3831 3831 3835 3835 3875 3875 3835 3835 3836 3836 3875 3875 3875 3875 3836 3836 3877 3877 3836 3836 3837 3837 3877 3877 3837 3837 3839 3839 3876 3876 3839 3839 3840 3840 3876 3876 3840 3840 3841 3841 3876 3876 3842 3842 3843 3843 3878 3878 3878 3878 3843 3843 3879 3879 3879 3879 3843 3843 3880 3880 3880 3880 3843 3843 3881 3881 3843 3843 3844 3844 3881 3881 3844 3844 3845 3845 3881 3881 3845 3845 3846 3846 3881 3881 3881 3881 3846 3846 3882 3882 3846 3846 3847 3847 3882 3882 3848 3848 3849 3849 3884 3884 3884 3884 3849 3849 3885 3885 3850 3850 3851 3851 3888 3888 3888 3888 3851 3851 3889 3889 3851 3851 3852 3852 3889 3889 3852 3852 3853 3853 3889 3889 3853 3853 3855 3855 3889 3889 3891 3891 3854 3854 3893 3893 3855 3855 3856 3856 3892 3892 3856 3856 3858 3858 3892 3892 3895 3895 3857 3857 3896 3896 3858 3858 3859 3859 3897 3897 3897 3897 3859 3859 3898 3898 3859 3859 3860 3860 3898 3898 3860 3860 3862 3862 3898 3898 3898 3898 3862 3862 3899 3899 3862 3862 3863 3863 3899 3899 3900 3900 3864 3864 3901 3901 3864 3864 3866 3866 3901 3901 3867 3867 3868 3868 3903 3903 3868 3868 3869 3869 3903 3903 3869 3869 3870 3870 3903 3903 3903 3903 3870 3870 3904 3904 3870 3870 3871 3871 3906 3906 3871 3871 3872 3872 3906 3906 3906 3906 3872 3872 3907 3907 3907 3907 3872 3872 3908 3908 3908 3908 3872 3872 3909 3909 3872 3872 3874 3874 3909 3909 3909 3909 3874 3874 3910 3910 3910 3910 3874 3874 3911 3911 3874 3874 3878 3878 3911 3911 3878 3878 3879 3879 3911 3911 3911 3911 3879 3879 3912 3912 3912 3912 3879 3879 3913 3913 3913 3913 3879 3879 3914 3914 3879 3879 3880 3880 3914 3914 3916 3916 3880 3880 3917 3917 3880 3880 3881 3881 3917 3917 3881 3881 3882 3882 3917 3917 3883 3883 3886 3886 3919 3919 3919 3919 3886 3886 3920 3920 3887 3887 3890 3890 3921 3921 3890 3890 3894 3894 3921 3921 3921 3921 3894 3894 3923 3923 3894 3894 3897 3897 3923 3923 3923 3923 3897 3897 3924 3924 3897 3897 3898 3898 3924 3924 3898 3898 3899 3899 3924 3924 3925 3925 3900 3900 3927 3927 3900 3900 3901 3901 3927 3927 3902 3902 3905 3905 3926 3926 3906 3906 3907 3907 3929 3929 3907 3907 3908 3908 3929 3929 3929 3929 3908 3908 3930 3930 3908 3908 3909 3909 3932 3932 3909 3909 3910 3910 3932 3932 3932 3932 3910 3910 3933 3933 3933 3933 3910 3910 3935 3935 3910 3910 3911 3911 3935 3935 3911 3911 3912 3912 3935 3935 3935 3935 3912 3912 3937 3937 3912 3912 3913 3913 3937 3937 3913 3913 3914 3914 3937 3937 3915 3915 3918 3918 3936 3936 3919 3919 3920 3920 3939 3939 3920 3920 3922 3922 3939 3939 3939 3939 3922 3922 3941 3941 3922 3922 3925 3925 3941 3941 3925 3925 3927 3927 3941 3941 3928 3928 3931 3931 3940 3940 3932 3932 3933 3933 3943 3943 3933 3933 3935 3935 3943 3943 3938 3938 3942 3942 3934 3934 2678 2678 2682 2682 2675 2675</p>
        </polylist>
      </mesh>
    </geometry>
    <geometry id="meshId1" name="meshId1_name">
      <mesh>
        <source id="meshId1-positions" name="meshId1-positions">
          <float_array id="meshId1-positions-array" count="378"> 4.5739114e-05 0.0064814948 -0.0399727 -0.0077620745 0.0064814948 -0.039232306 4.5739114e-05 0.013481606 -0.0399727 -0.0077620745 0.013481606 -0.039232306 -0.015300654 0.0064814948 -0.036943808 -0.015300654 0.013481606 -0.036943808 -0.022166144 0.0064814948 -0.033241831 -0.022166144 0.013481606 -0.033241831 -0.02829124 0.0064814948 -0.028260984 -0.02829124 0.013481606 -0.028260984 -0.033204779 0.0064814948 -0.022203192 -0.033204779 0.013481606 -0.022203192 -0.036906756 0.0064814948 -0.015270397 -0.036906756 0.013481606 -0.015270397 -0.039195254 0.0064814948 -0.0077991262 -0.039195254 0.013481606 -0.0077991262 -0.040002961 0.0064814948 8.687377e-06 -0.040002961 0.013481606 8.687377e-06 -0.039127946 0.0064814948 0.0083549693 -0.039127946 0.013481606 0.0083549693 -0.036502905 0.0064814948 0.0162974 -0.036502905 0.013481606 0.0162974 -0.032329764 0.0064814948 0.023499437 -0.032329764 0.013481606 0.023499437 -0.02674314 0.0064814948 0.029759146 -0.02674314 0.013481606 0.029759146 -0.019944957 0.0064814948 0.034672685 -0.019944957 0.013481606 0.034672685 -0.01233907 0.0064814948 0.038038127 -0.01233907 0.013481606 0.038038127 -0.0041274056 0.0064814948 0.039788149 -0.0041274056 0.013481606 0.039788149 0.0042188801 0.0064814948 0.039788149 0.0042188801 0.013481606 0.039788149 0.012363236 0.0064814948 0.038038127 0.012363236 0.013481606 0.038038127 0.020036433 0.0064814948 0.034672685 0.020036433 0.013481606 0.034672685 0.026767302 0.0064814948 0.029759146 0.026767302 0.013481606 0.029759146 0.032353926 0.0064814948 0.023499437 0.032353926 0.013481606 0.023499437 0.03659438 0.0064814948 0.0162974 0.03659438 0.013481606 0.0162974 0.039152112 0.0064814948 0.0083549693 0.039152112 0.013481606 0.0083549693 0.040027123 0.0064814948 8.687377e-06 0.040027123 0.013481606 8.687377e-06 0.039286729 0.0064814948 -0.0077991262 0.039286729 0.013481606 -0.0077991262 0.036998231 0.0064814948 -0.015270397 0.036998231 0.013481606 -0.015270397 0.033296254 0.0064814948 -0.022203192 0.033296254 0.013481606 -0.022203192 0.028315406 0.0064814948 -0.028260984 0.028315406 0.013481606 -0.028260984 0.022257622 0.0064814948 -0.033241831 0.022257622 0.013481606 -0.033241831 0.01532482 0.0064814948 -0.036943808 0.01532482 0.013481606 -0.036943808 0.007853549 0.0064814948 -0.039232306 0.007853549 0.013481606 -0.039232306 0.04049829 1.9859523e-05 -0.090992719 0.039757889 -0.0079225712 -0.090992719 0.04049829 1.9859523e-05 -0.09799283 0.039757889 -0.0079225712 -0.09799283 0.037469391 -0.015528459 -0.090992719 0.037469391 -0.015528459 -0.09799283 0.033700105 -0.022528568 -0.090992719 0.033700105 -0.022528568 -0.09799283 0.028651949 -0.028653663 -0.090992719 0.028651949 -0.028653663 -0.09799283 0.022526857 -0.033701818 -0.090992719 0.022526857 -0.033701818 -0.09799283 0.015526745 -0.0374038 -0.090992719 0.015526745 -0.0374038 -0.09799283 0.0079208612 -0.039692294 -0.090992719 0.0079208612 -0.039692294 -0.09799283 4.5739114e-05 -0.0405 -0.090992719 4.5739114e-05 -0.0405 -0.09799283 -0.0078966916 -0.039692294 -0.090992719 -0.0078966916 -0.039692294 -0.09799283 -0.01550258 -0.0374038 -0.090992719 -0.01550258 -0.0374038 -0.09799283 -0.022502689 -0.033701818 -0.090992719 -0.022502689 -0.033701818 -0.09799283 -0.028627783 -0.028653663 -0.090992719 -0.028627783 -0.028653663 -0.09799283 -0.033675939 -0.022528568 -0.090992719 -0.033675939 -0.022528568 -0.09799283 -0.03737792 -0.015528459 -0.090992719 -0.03737792 -0.015528459 -0.09799283 -0.039666414 -0.0079225712 -0.090992719 -0.039666414 -0.0079225712 -0.09799283 -0.040474121 1.9859523e-05 -0.090992719 -0.040474121 1.9859523e-05 -0.09799283 -0.039666414 0.0078949817 -0.090992719 -0.039666414 0.0078949817 -0.09799283 -0.03737792 0.015500866 -0.090992719 -0.03737792 0.015500866 -0.09799283 -0.033675939 0.022500977 -0.090992719 -0.033675939 0.022500977 -0.09799283 -0.028627783 0.028626069 -0.090992719 -0.028627783 0.028626069 -0.09799283 -0.022502689 0.033674225 -0.090992719 -0.022502689 0.033674225 -0.09799283 -0.01550258 0.037443511 -0.090992719 -0.01550258 0.037443511 -0.09799283 -0.0078966916 0.039732009 -0.090992719 -0.0078966916 0.039732009 -0.09799283 4.5739114e-05 0.040472411 -0.090992719 4.5739114e-05 0.040472411 -0.09799283 0.0079208612 0.039732009 -0.090992719 0.0079208612 0.039732009 -0.09799283 0.015526745 0.037443511 -0.090992719 0.015526745 0.037443511 -0.09799283 0.022526857 0.033674225 -0.090992719 0.022526857 0.033674225 -0.09799283 0.028651949 0.028626069 -0.090992719 0.028651949 0.028626069 -0.09799283 0.033700105 0.022500977 -0.090992719 0.033700105 0.022500977 -0.09799283 0.037469391 0.015500866 -0.090992719 0.037469391 0.015500866 -0.09799283 0.039757889 0.0078949817 -0.090992719 0.039757889 0.0078949817 -0.09799283 </float_array>
          <technique_common>
            <accessor count="126" offset="0" source="#meshId1-positions-array" stride="3">
              <param name="X" type="float" />
              <param name="Y" type="float" />
              <param name="Z" type="float" />
            </accessor>
          </technique_common>
        </source>
        <source id="meshId1-normals" name="meshId1-normals">
          <float_array id="meshId1-normals-array" count="378"> 0.032503128 0 -0.99947166 -0.16293095 0 -0.98663747 -0.032503128 0 -0.99947166 -0.22693074 0 -0.97391093 -0.35557282 0 -0.93464863 -0.41773322 0 -0.90856963 -0.53194916 0 -0.84677625 -0.58227694 0 -0.81299055 -0.67874217 0 -0.73437679 -0.73437679 0 -0.67874217 -0.81299043 0 -0.58227706 -0.84677625 0 -0.53194916 -0.90856975 0 -0.41773316 -0.93464863 0 -0.35557282 -0.97391093 0 -0.22693074 -0.98663747 0 -0.16293095 -0.99947166 0 -0.032503128 -0.99916124 0 0.040949211 -0.98487514 0 0.17326514 -0.97125238 0 0.23805209 -0.92489082 0 0.38023287 -0.89652675 0 0.44298962 -0.83036548 0 0.55721909 -0.78516573 0 0.61928576 -0.69021088 0 0.7236082 -0.64345229 0 0.76548624 -0.53194928 0 0.84677625 -0.46837664 0 0.88352883 -0.34336427 0 0.93920231 -0.27215269 0 0.96225405 -0.14266951 0 0.98977035 -0.067075454 0 0.99774796 0.067075454 0 0.99774796 0.14266968 0 0.98977041 0.27215269 0 0.96225405 0.34336427 0 0.93920231 0.46837664 0 0.88352883 0.53194928 0 0.84677625 0.64345229 0 0.76548624 0.69021088 0 0.7236082 0.78516573 0 0.61928576 0.83036548 0 0.55721909 0.89652675 0 0.44298962 0.92489082 0 0.38023287 0.97125238 0 0.23805209 0.98487514 0 0.17326514 0.99916124 0 0.040949211 0.99947166 0 -0.032503128 0.98663747 0 -0.16293095 0.97391093 0 -0.22693074 0.93464863 0 -0.35557282 0.90856963 0 -0.41773322 0.84677625 0 -0.53194916 0.81299055 0 -0.58227694 0.73437679 0 -0.67874217 0.67874217 0 -0.73437679 0.58227706 0 -0.81299043 0.53194916 0 -0.84677625 0.41773316 0 -0.90856975 0.35557282 0 -0.93464863 0.22693074 0 -0.97391093 0.16293095 0 -0.98663747 0.99947166 0.032503128 0 0.98663747 -0.16293095 0 0.99947166 -0.032503128 0 0.97391093 -0.22693074 0 0.93464863 -0.35557282 0 0.90856963 -0.41773322 0 0.84677625 -0.53194916 0 0.81299055 -0.58227694 0 0.73437679 -0.67874217 0 0.67874217 -0.73437679 0 0.58227706 -0.81299043 0 0.53194916 -0.84677625 0 0.41773316 -0.90856975 0 0.35557282 -0.93464863 0 0.22693074 -0.97391093 0 0.16293095 -0.98663747 0 0.032503128 -0.99947166 0 -0.032503128 -0.99947166 0 -0.16293095 -0.98663747 0 -0.22693074 -0.97391093 0 -0.35557282 -0.93464863 0 -0.41773322 -0.90856963 0 -0.53194916 -0.84677625 0 -0.58227694 -0.81299055 0 -0.67874217 -0.73437679 0 -0.73437679 -0.67874217 0 -0.81299043 -0.58227706 0 -0.84677625 -0.53194916 0 -0.90856975 -0.41773316 0 -0.93464863 -0.35557282 0 -0.97391093 -0.22693074 0 -0.98663747 -0.16293095 0 -0.99947166 -0.032503128 0 -0.99947166 0.032503128 0 -0.98663741 0.16293103 0 -0.97391093 0.22693074 0 -0.93464863 0.35557282 0 -0.90856975 0.41773316 0 -0.84677625 0.53194928 0 -0.81299043 0.58227706 0 -0.73437679 0.67874217 0 -0.67874217 0.73437679 0 -0.58227706 0.81299043 0 -0.53194928 0.84677625 0 -0.41773316 0.90856975 0 -0.35557282 0.93464863 0 -0.22693074 0.97391093 0 -0.16293103 0.98663741 0 -0.032503128 0.99947166 0 0.032503128 0.99947166 0 0.16293103 0.98663741 0 0.22693074 0.97391093 0 0.35557282 0.93464863 0 0.41773316 0.90856975 0 0.53194928 0.84677625 0 0.58227706 0.81299043 0 0.67874217 0.73437679 0 0.73437679 0.67874217 0 0.81299043 0.58227706 0 0.84677625 0.53194928 0 0.90856975 0.41773316 0 0.93464863 0.35557282 0 0.97391093 0.22693074 0 0.98663741 0.16293103 0 </float_array>
          <technique_common>
            <accessor count="126" offset="0" source="#meshId1-normals-array" stride="3">
              <param name="X" type="float" />
              <param name="Y" type="float" />
              <param name="Z" type="float" />
            </accessor>
          </technique_common>
        </source>
        <vertices id="meshId1-vertices">
          <input semantic="POSITION" source="#meshId1-positions" />
        </vertices>
        <polylist count="126" material="defaultMaterial">
          <input offset="0" semantic="VERTEX" source="#meshId1-vertices" />
          <input offset="1" semantic="NORMAL" source="#meshId1-normals" />
          <vcount>3 3 3 3 3 3 3 3 3 3 3 3 3 3 3 3 3 3 3 3 3 3 3 3 3 3 3 3 3 3 3 3 3 3 3 3 3 3 3 3 3 3 3 3 3 3 3 3 3 3 3 3 3 3 3 3 3 3 3 3 3 3 3 3 3 3 3 3 3 3 3 3 3 3 3 3 3 3 3 3 3 3 3 3 3 3 3 3 3 3 3 3 3 3 3 3 3 3 3 3 3 3 3 3 3 3 3 3 3 3 3 3 3 3 3 3 3 3 3 3 3 3 3 3 3 3 </vcount>
          <p>0 0 1 1 2 2 2 2 1 1 3 3 1 1 4 4 3 3 3 3 4 4 5 5 4 4 6 6 5 5 5 5 6 6 7 7 6 6 8 8 7 7 7 7 8 8 9 9 8 8 10 10 9 9 9 9 10 10 11 11 10 10 12 12 11 11 11 11 12 12 13 13 12 12 14 14 13 13 13 13 14 14 15 15 14 14 16 16 15 15 15 15 16 16 17 17 16 16 18 18 17 17 17 17 18 18 19 19 18 18 20 20 19 19 19 19 20 20 21 21 20 20 22 22 21 21 21 21 22 22 23 23 22 22 24 24 23 23 23 23 24 24 25 25 24 24 26 26 25 25 25 25 26 26 27 27 26 26 28 28 27 27 27 27 28 28 29 29 28 28 30 30 29 29 29 29 30 30 31 31 30 30 32 32 31 31 31 31 32 32 33 33 32 32 34 34 33 33 33 33 34 34 35 35 34 34 36 36 35 35 35 35 36 36 37 37 36 36 38 38 37 37 37 37 38 38 39 39 38 38 40 40 39 39 39 39 40 40 41 41 40 40 42 42 41 41 41 41 42 42 43 43 42 42 44 44 43 43 43 43 44 44 45 45 44 44 46 46 45 45 45 45 46 46 47 47 46 46 48 48 47 47 47 47 48 48 49 49 48 48 50 50 49 49 49 49 50 50 51 51 50 50 52 52 51 51 51 51 52 52 53 53 52 52 54 54 53 53 53 53 54 54 55 55 54 54 56 56 55 55 55 55 56 56 57 57 56 56 58 58 57 57 57 57 58 58 59 59 58 58 60 60 59 59 59 59 60 60 61 61 60 60 0 0 61 61 0 0 2 2 61 61 62 62 63 63 64 64 64 64 63 63 65 65 63 63 66 66 65 65 65 65 66 66 67 67 66 66 68 68 67 67 67 67 68 68 69 69 68 68 70 70 69 69 69 69 70 70 71 71 70 70 72 72 71 71 71 71 72 72 73 73 72 72 74 74 73 73 73 73 74 74 75 75 74 74 76 76 75 75 75 75 76 76 77 77 76 76 78 78 77 77 77 77 78 78 79 79 78 78 80 80 79 79 79 79 80 80 81 81 80 80 82 82 81 81 81 81 82 82 83 83 82 82 84 84 83 83 83 83 84 84 85 85 84 84 86 86 85 85 85 85 86 86 87 87 86 86 88 88 87 87 87 87 88 88 89 89 88 88 90 90 89 89 89 89 90 90 91 91 90 90 92 92 91 91 91 91 92 92 93 93 92 92 94 94 93 93 93 93 94 94 95 95 94 94 96 96 95 95 95 95 96 96 97 97 96 96 98 98 97 97 97 97 98 98 99 99 98 98 100 100 99 99 99 99 100 100 101 101 100 100 102 102 101 101 101 101 102 102 103 103 102 102 104 104 103 103 103 103 104 104 105 105 104 104 106 106 105 105 105 105 106 106 107 107 106 106 108 108 107 107 107 107 108 108 109 109 108 108 110 110 109 109 109 109 110 110 111 111 110 110 112 112 111 111 111 111 112 112 113 113 112 112 114 114 113 113 113 113 114 114 115 115 114 114 116 116 115 115 115 115 116 116 117 117 116 116 118 118 117 117 117 117 118 118 119 119 118 118 120 120 119 119 119 119 120 120 121 121 120 120 122 122 121 121 121 121 122 122 123 123 122 122 124 124 123 123 123 123 124 124 125 125 124 124 62 62 125 125 62 62 64 64 125 125</p>
        </polylist>
      </mesh>
    </geometry>
  </library_geometries>
  <library_controllers>
  </library_controllers>
  <library_visual_scenes>
    <visual_scene id="ROOT" name="ROOT">
      <node id="mesh-a76a34c1-c5f6-43f5-8824-82bd0ca8a837" name="mesh-a76a34c1-c5f6-43f5-8824-82bd0ca8a837" type="NODE">
        <matrix sid="matrix">1 0 0 0 0 1 0 0 0 0 1 0 0 0 0 1</matrix>
        <instance_geometry url="#meshId0">
          <bind_material>
            <technique_common>
              <instance_material symbol="defaultMaterial" target="#m0mat">
              </instance_material>
            </technique_common>
          </bind_material>
        </instance_geometry>
      </node>
      <node id="mesh-a6af2e56-e5e6-4aed-a735-24f06057af3d" name="mesh-a6af2e56-e5e6-4aed-a735-24f06057af3d" type="NODE">
        <matrix sid="matrix">1 0 0 0 0 1 0 0 0 0 1 0 0 0 0 1</matrix>
        <instance_geometry url="#meshId1">
          <bind_material>
            <technique_common>
              <instance_material symbol="defaultMaterial" target="#m1mat">
              </instance_material>
            </technique_common>
          </bind_material>
        </instance_geometry>
      </node>
    </visual_scene>
  </library_visual_scenes>
  <scene>
    <instance_visual_scene url="#ROOT" />
  </scene>
</COLLADA>