<?xml version='1.0' encoding='utf-8'?>
<COLLADA xmlns="http://www.collada.org/2005/11/COLLADASchema" version="1.4.1">
  <asset>
    <contributor>
      <author>Assimp</author>
      <authoring_tool>Assimp Exporter</authoring_tool>
    </contributor>
    <created>2026-10-09T10:33:48</created>
    <modified>2026-10-09T10:33:48</modified>
    <unit name="meter" meter="0.001" />
    <up_axis>Y_UP</up_axis>
  </asset>
  <library_effects>
    <effect id="rm_dae_effect_0" name="Material_______">
      <profile_COMMON>
        <technique sid="standard">
          <phong>
            <emission>
              <color sid="emission">0   0   0   1</color>
            </emission>
            <diffuse>
              <color sid="diffuse">0.93011087   0.1682694   0.034339808   1</color>
            </diffuse>
            <shininess>
              <float sid="shininess">0</float>
            </shininess>
          </phong>
        </technique>
      </profile_COMMON>
    </effect>
    <effect id="rm_dae_effect_1" name="Material_______">
      <profile_COMMON>
        <technique sid="standard">
          <phong>
            <emission>
              <color sid="emission">0   0   0   1</color>
            </emission>
            <diffuse>
              <color sid="diffuse">0.98823518   0.98823518   0.98823518   1</color>
            </diffuse>
            <shininess>
              <float sid="shininess">0</float>
            </shininess>
          </phong>
        </technique>
      </profile_COMMON>
    </effect>
    <effect id="rm_dae_effect_2" name="m2mat">
      <profile_COMMON>
        <technique sid="standard">
          <phong>
            <emission>
              <color sid="emission">0   0   0   1</color>
            </emission>
            <diffuse>
              <color sid="diffuse">1   1   1   1</color>
            </diffuse>
            <shininess>
              <float sid="shininess">0</float>
            </shininess>
          </phong>
        </technique>
      </profile_COMMON>
    </effect>
  </library_effects>
  <library_materials>
    <material id="rm_dae_material_0" name="Material_______">
      <instance_effect url="#rm_dae_effect_0" />
    </material>
    <material id="rm_dae_material_1" name="Material_______">
      <instance_effect url="#rm_dae_effect_1" />
    </material>
    <material id="rm_dae_material_2" name="m2mat">
      <instance_effect url="#rm_dae_effect_2" />
    </material>
  </library_materials>
  <library_geometries>
    <geometry id="meshId0" name="meshId0_name">
      <mesh>
        <source id="meshId0-positions" name="meshId0-positions">
          <float_array id="meshId0-positions-array" count="8232"> 124.02824 -23.095699 44.608372 124.02824 -23.095699 44.608372 124.02824 -23.095699 44.608372 125.40471 -22.360329 44.608372 125.40471 -22.360329 44.608372 122.46323 -23.095699 44.608372 122.46323 -23.095699 44.608372 122.46323 -23.095699 44.608372 120.23825 -21.059288 44.608372 120.23825 -21.059288 44.608372 121.10561 -22.360329 44.608372 121.10561 -22.360329 44.608372 121.10561 -22.360329 44.608372 126.2532 -21.059288 44.608372 126.2532 -21.059288 44.608372 126.42291 -21.115854 54.036201 126.42291 -21.115854 54.036201 126.29092 -21.587246 54.036201 126.29092 -21.587246 54.036201 125.51784 -22.492317 54.017345 125.51784 -22.492317 54.017345 125.29156 -22.775154 54.017345 125.29156 -22.775154 54.017345 124.08481 -23.303112 54.017345 124.08481 -23.303112 54.017345 123.93396 -23.359678 54.017345 123.93396 -23.359678 54.017345 123.93396 -23.359678 54.017345 122.40665 -23.321968 53.998489 122.40665 -23.321968 53.998489 122.40665 -23.321968 53.998489 122.40665 -23.321968 53.998489 122.40665 -23.321968 53.998489 121.0679 -22.643164 53.998489 121.0679 -22.643164 53.998489 121.0679 -22.643164 53.998489 120.95477 -22.511173 53.998489 120.95477 -22.511173 53.998489 120.18169 -21.53068 53.979633 120.18169 -21.53068 53.979633 120.0874 -21.115854 53.979633 120.0874 -21.115854 53.979633 120.06856 -20.003372 44.608372 120.06856 -20.003372 44.608372 126.44176 -20.003372 44.608372 126.44176 -20.003372 44.608372 126.68689 -20.097651 54.036201 126.68689 -20.097651 54.036201 145.09001 -23.699081 54.149338 53.11211 26.438118 53.395111 53.187534 29.2099 53.206551 53.187534 29.2099 53.206551 53.187534 29.2099 53.206551 50.679729 26.494682 53.357399 261.54257 21.95047 42.00629 261.54257 21.95047 42.00629 261.54257 21.95047 42.00629 265.06857 18.499886 42.00629 265.06857 18.499886 42.00629 264.91772 18.386749 41.987434 264.91772 18.386749 41.987434 264.91772 18.386749 41.987434 264.91772 18.386749 41.987434 -35.113522 10.806774 30.579762 -35.999737 7.2619133 30.24036 -35.999737 7.2619133 30.24036 -34.491283 6.7905197 32.031647 -36.527695 3.6416245 30.014091 -36.527695 3.6416245 30.014091 -35.151234 -0.035228729 31.729958 -36.716251 -0.035228729 29.957523 -34.491283 -6.8421211 32.031647 -36.527695 -3.6932259 30.014091 -36.527695 -3.6932259 30.014091 -35.980881 -7.3135128 30.24036 -35.980881 -7.3135128 30.24036 -32.51144 -13.347324 32.899006 -35.094666 -10.858377 30.598618 -35.094666 -10.858377 30.598618 -33.869049 -14.290106 31.070007 -33.869049 -14.290106 31.070007 -33.869049 -14.290106 31.070007 -30.456173 -20.644464 32.371048 -30.720154 -21.191278 31.201998 -34.246162 -14.667219 29.957523 -34.246162 -14.667219 29.957523 -30.720154 -21.568392 29.900957 -30.833286 -21.417545 29.863247 -30.90871 -21.323267 29.844391 -32.850842 -18.004671 29.203297 -33.397655 -17.061888 29.033596 -34.302727 -14.931198 28.731907 -34.453575 -14.572941 28.675339 -34.453575 -14.572941 28.675339 -35.358646 -12.404541 28.37365 -35.641479 -11.367479 28.279369 -35.73576 -11.028078 28.260515 -36.697395 -7.5586357 27.921112 -36.716251 -7.4077911 27.921112 -37.187645 -3.8629265 27.751411 -37.206501 -3.7120819 27.751411 -37.357346 -2.5807419 27.694845 -37.357346 -0.035228729 27.694845 -37.357346 -0.016372681 27.694845 -37.357346 2.4914284 27.694845 -37.187645 3.8113251 27.751411 -36.77282 6.9790764 27.902258 -36.697395 7.5447464 27.921112 -35.679192 11.31588 28.279369 -35.415211 12.258663 28.354794 -31.248112 20.705997 29.731256 -33.171391 17.44397 29.10902 -34.283875 14.61562 29.957523 -34.283875 14.61562 29.957523 -33.416512 17.029144 29.033596 -34.321583 14.879597 28.731907 -34.67984 14.031094 28.599916 -34.67984 14.031094 28.599916 -34.67984 14.031094 28.599916 -33.887905 14.238506 31.070007 -33.887905 14.238506 31.070007 -32.530296 13.314579 32.899006 -30.64473 12.220951 34.332039 -32.492584 6.2437057 33.483532 -33.114822 -0.016372681 33.200699 -32.492584 -6.2953072 33.502388 -30.625875 -12.272551 34.350891 -27.646681 -17.721836 35.651932 -29.324835 -19.305712 34.237759 -25.101166 -24.509872 35.915913 -25.911961 -26.188026 33.992638 -26.043949 -26.829121 32.767017 -27.703247 -25.414946 30.84374 -26.402206 -26.678276 31.239708 -25.855392 -27.206234 31.390554 -24.026394 -28.978664 31.937368 -23.573858 -29.299212 32.069359 -20.387253 -31.411045 34.539452 -20.481531 -31.599602 32.955574 -20.123272 -31.863581 33.06871 -19.897005 -32.014427 33.125275 -10.035496 -36.577496 32.993286 -10.035496 -36.577496 32.993286 -10.035496 -36.577496 32.993286 -13.561502 -35.163322 34.822285 -13.731205 -35.333023 31.880802 -13.731205 -35.333023 31.880802 -13.636927 -35.12561 34.803429 -14.146029 -35.182178 31.767668 -14.146029 -35.182178 31.767668 -15.371647 -34.484516 34.350891 -14.296873 -35.106754 31.711102 -14.296873 -35.106754 31.711102 -17.219501 -33.673725 30.768318 -17.219501 -33.673725 30.768318 -17.144079 -33.522881 33.879501 -18.822233 -32.881786 30.259214 -18.822233 -32.881786 30.259214 -18.822233 -32.881786 30.259214 -20.556953 -31.712736 29.655834 -20.556953 -31.712736 29.655834 -20.952921 -31.448757 29.523844 -20.952921 -31.448757 29.523844 -22.781921 -30.223139 28.882751 -22.781921 -30.223139 28.882751 -23.668137 -29.431202 28.562206 -23.668137 -29.431202 28.562206 -26.571907 -26.866831 27.506289 -26.571907 -26.866831 27.506289 -26.854744 -26.621708 27.393154 -26.854744 -26.621708 27.393154 -26.854744 -26.621708 27.393154 -26.854744 -26.621708 27.393154 -30.041349 -22.888287 26.148682 -30.041349 -22.888287 26.148682 -31.021843 -21.398689 25.771568 -31.021843 -21.398689 25.771568 -31.512091 -20.644464 25.564156 -31.512091 -20.644464 25.564156 -32.869698 -18.570341 25.017342 -32.869698 -18.570341 25.017342 -33.07711 -18.117805 24.941919 -33.07711 -18.117805 24.941919 -34.698696 -14.667219 24.244259 -34.698696 -14.667219 24.244259 -34.981533 -14.101549 24.131126 -34.981533 -14.101549 24.131126 -35.038101 -13.950705 24.11227 -35.038101 -13.950705 24.11227 -35.962029 -11.084644 23.716301 -35.962029 -11.084644 23.716301 -36.527695 -9.3687801 23.471178 -36.527695 -9.3687801 23.471178 -36.527695 -9.3687801 23.471178 -36.885952 -7.4266472 23.320332 -36.885952 -7.4266472 23.320332 -36.94252 -7.1061001 23.301476 -36.94252 -7.1061001 23.301476 -37.43277 -4.4285965 23.075209 -37.43277 -4.4285965 23.075209 -37.43277 -4.4285965 23.075209 -37.470478 -3.730938 23.056353 -37.470478 -3.730938 23.056353 -37.470478 -3.730938 23.056353 -37.696747 -0.016372681 22.962074 -37.696747 -0.016372681 22.962074 -37.696747 0.0024833679 22.962074 -37.696747 0.0024833679 22.962074 -37.696747 0.0024833679 22.962074 -37.376202 4.9426651 23.112921 -37.376202 4.9426651 23.112921 -37.376202 4.9426651 23.112921 -36.961376 7.0167885 23.282621 -36.961376 7.0167885 23.282621 -36.94252 7.1110649 23.301476 -36.94252 7.1110649 23.301476 -36.47113 9.5434456 23.490032 -36.47113 9.5434456 23.490032 -35.113522 13.785969 24.093414 -35.113522 13.785969 24.093414 -34.962677 14.087662 24.149981 -34.962677 14.087662 24.149981 -34.943821 14.144226 24.149981 -34.943821 14.144226 24.149981 -34.943821 14.144226 24.149981 -33.359947 17.538246 24.809929 -33.359947 17.538246 24.809929 -33.001686 18.311329 24.960773 -33.001686 18.311329 24.960773 -31.512091 20.649429 25.564156 -31.512091 20.649429 25.564156 -31.417812 20.800274 25.601868 -31.417812 20.800274 25.601868 -30.267616 22.591564 26.073257 -30.267616 22.591564 26.073257 -30.795576 21.497936 29.882101 -30.757864 21.535645 29.882101 -29.136278 23.930313 26.506939 -29.136278 23.930313 26.506939 -28.966576 23.798325 30.447771 -27.137577 26.324982 27.298876 -27.137577 26.324982 27.298876 -21.066055 31.359444 29.467278 -21.066055 31.359444 29.467278 -23.423012 29.719002 28.656483 -23.423012 29.719002 28.656483 -23.800125 29.172188 32.012791 -25.893105 27.173485 31.390554 -26.571907 26.852943 27.506289 -26.571907 26.852943 27.506289 -26.402206 26.683243 31.239708 -26.817032 26.607819 27.41201 -26.817032 26.607819 27.41201 -27.552402 25.570759 30.881451 -30.757864 21.139679 31.183142 -30.475029 20.611717 32.352192 -29.362545 19.272968 34.218903 -27.684391 17.689091 35.651932 -24.158382 17.839935 37.348942 -25.459423 15.82238 36.783272 -28.344341 11.297024 35.538799 -28.419762 11.051899 35.501087 -30.041349 5.6026154 34.765717 -30.512741 4.0753059 34.558304 -30.569307 -0.035228729 34.520592 -30.625875 -3.1275558 34.50174 -30.003639 -5.6353607 34.784573 -28.853443 -10.123005 35.312531 -28.325485 -11.028078 35.538799 -25.553703 -15.949404 36.74556 -25.308578 -16.383085 36.858696 -21.74486 -20.022226 38.329437 -19.972427 -21.794659 39.045952 -23.686993 -22.473463 37.311234 -18.91651 -26.357727 39.196796 -19.972427 -28.808964 37.839188 -20.443819 -30.713387 35.840492 -14.183741 -34.107403 37.782623 -13.976328 -34.805065 36.406158 -10.544598 -36.313515 35.595367 -9.9977837 -36.426651 35.727356 -9.545248 -36.72834 33.144131 -9.545248 -36.72834 33.144131 -6.5094872 -37.21859 36.557007 -6.999733 -37.237442 33.841789 -6.999733 -37.237442 33.841789 -6.2077961 -37.29401 36.632427 -6.2266521 -37.407146 34.049202 -6.2266521 -37.407146 34.049202 -5.4912796 -37.444855 36.802128 -4.774765 -37.68998 34.445171 -4.774765 -37.68998 34.445171 -3.2097473 -37.803112 34.841141 -3.2097473 -37.803112 34.841141 -0.62652206 -37.878536 37.8769 -0.11741638 -38.029381 35.63308 -0.11741638 -38.029381 35.63308 -0.21169662 -37.821968 38.800827 -0.004283905 -37.897392 38.008892 -0.004283905 -37.897392 37.933468 -0.004283905 -38.029381 35.651932 -0.004283905 -38.029381 35.651932 -0.004283905 -38.029381 35.651932 7.500267 -37.840824 37.084965 7.500267 -37.840824 37.084965 7.4625549 -37.652267 37.235809 7.4625549 -37.652267 37.235809 3.5405807 -37.746548 36.462727 3.5405807 -37.746548 36.462727 3.5405807 -37.746548 36.462727 -0.004283905 -37.840824 35.651932 -0.004283905 -37.840824 35.651932 -0.73965454 -37.821968 35.463379 -0.73965454 -37.821968 35.463379 -1.4750252 -37.78426 35.274818 -1.4750252 -37.78426 35.274818 -1.8144264 -37.746548 35.199398 -1.8144264 -37.746548 35.199398 -3.1908913 -37.595703 34.841141 -3.1908913 -37.595703 34.841141 -6.7168999 -37.180878 33.917213 -6.7168999 -37.180878 33.917213 -6.7168999 -37.180878 33.917213 -6.7168999 -37.180878 33.917213 -6.9808788 -37.12431 33.841789 -6.9808788 -37.12431 33.841789 -10.62002 -36.16267 32.785873 -10.62002 -36.16267 32.785873 -11.88335 -35.823269 32.427616 -11.88335 -35.823269 32.427616 -14.202597 -34.861629 31.692245 -14.202597 -34.861629 31.692245 -16.502987 -33.899994 30.975731 -16.502987 -33.899994 30.975731 -18.803377 -32.561241 30.202648 -18.803377 -32.561241 30.202648 -20.802076 -31.411045 29.5427 -20.802076 -31.411045 29.5427 -20.877499 -31.335623 29.504988 -20.877499 -31.335623 29.504988 -24.554352 -28.526131 28.185093 -24.554352 -28.526131 28.185093 -24.554352 -28.526131 28.185093 -25.911961 -27.149666 27.675989 -25.911961 -27.149666 27.675989 -26.119373 -26.961109 27.600567 -26.119373 -26.961109 27.600567 -26.647331 -26.414295 27.393154 -26.647331 -26.414295 27.393154 -28.268917 -24.792709 26.789774 -28.268917 -24.792709 26.789774 -31.323534 -20.738743 25.583012 -31.323534 -20.738743 25.583012 -31.417812 -20.56904 25.5453 -31.417812 -20.56904 25.5453 -31.738359 -19.984516 25.394455 -31.738359 -19.984516 25.394455 -33.793625 -16.364229 24.564806 -33.793625 -16.364229 24.564806 -33.793625 -16.364229 24.564806 -34.736408 -13.988417 24.149981 -34.736408 -13.988417 24.149981 -35.584915 -11.857727 23.791723 -35.584915 -11.857727 23.791723 -35.641479 -11.744593 23.772867 -35.641479 -11.744593 23.772867 -35.641479 -11.744593 23.772867 -36.810532 -7.087244 23.263765 -36.810532 -7.087244 23.263765 -36.810532 -7.087244 23.263765 -36.810532 -7.087244 23.263765 -36.8671 -6.9175434 23.244909 -36.8671 -6.9175434 23.244909 -36.8671 -6.9175434 23.244909 -36.8671 -6.9175434 23.244909 -37.319633 -3.0521355 23.037497 -37.319633 -3.0521355 23.037497 -37.319633 -3.0521355 23.037497 -37.451622 -1.9773598 22.98093 -37.451622 -1.9773598 22.98093 -37.451622 -1.9773598 22.98093 -37.413914 0.0024833679 22.999786 -37.413914 0.0024833679 22.999786 -37.413914 0.0024833679 22.999786 -37.376202 2.981678 23.018642 -37.376202 2.981678 23.018642 -37.376202 2.981678 23.018642 -37.376202 2.981678 23.018642 -37.376202 2.981678 23.018642 -36.961376 5.9043045 23.188343 -36.961376 5.9043045 23.188343 -36.77282 7.0922127 23.263765 -36.77282 7.0922127 23.263765 -36.659687 7.9030037 23.320332 -36.659687 7.9030037 23.320332 -36.659687 7.9030037 23.320332 -35.283222 12.767765 23.923714 -35.283222 12.767765 23.923714 -35.283222 12.767765 23.923714 -35.283222 12.767765 23.923714 -34.755264 13.993382 24.149981 -34.755264 13.993382 24.149981 -34.528996 14.521339 24.244259 -34.528996 14.521339 24.244259 -33.265667 17.387402 24.772219 -33.265667 17.387402 24.772219 -33.265667 17.387402 24.772219 -31.361246 20.555153 25.564156 -31.361246 20.555153 25.564156 -30.625875 21.761913 25.846991 -30.625875 21.761913 25.846991 -30.17334 22.327583 26.035547 -30.17334 22.327583 26.035547 -27.288424 25.872448 27.166887 -27.288424 25.872448 27.166887 -26.666187 26.45697 27.393154 -26.666187 26.45697 27.393154 -24.064106 28.889351 28.37365 -24.064106 28.889351 28.37365 -23.592714 29.323036 28.54335 -23.592714 29.323036 28.54335 -20.839788 31.284019 29.504988 -20.839788 31.284019 29.504988 -20.934067 31.45372 29.523844 -20.934067 31.45372 29.523844 -19.274769 32.377647 30.051804 -19.274769 32.377647 30.051804 -19.274769 32.60392 30.089514 -19.274769 32.60392 30.089514 -17.747459 33.376999 30.598618 -17.747459 33.376999 30.598618 -16.578409 33.772972 30.938019 -16.578409 33.772972 30.938019 -9.8846493 36.45047 33.012142 -9.8846493 36.45047 33.012142 -14.202597 34.923164 31.711102 -14.202597 34.923164 31.711102 -14.202597 34.923164 31.711102 -14.278019 35.092865 31.711102 -14.278019 35.092865 31.711102 -14.278019 35.092865 31.711102 -14.278019 35.092865 31.711102 -14.805977 34.904312 31.560255 -14.805977 34.904312 31.560255 -14.805977 34.904312 31.560255 -14.560854 34.810028 31.597965 -14.560854 34.810028 31.597965 -17.672037 33.226158 33.728657 -19.595314 32.207947 33.219551 -20.142128 31.811981 33.04985 -20.971777 31.208603 32.823586 -26.081661 26.777519 32.767017 -25.949673 26.136429 33.992638 -25.138878 24.477127 35.915913 -23.724705 22.44072 37.292374 -21.763714 19.951771 38.310581 -18.350842 22.968678 39.66819 -19.350191 4.7918205 39.291077 -17.31378 -23.340824 40.045303 -13.391802 -25.622356 41.516045 -3.6057167 -25.99947 44.476379 -3.6057167 -25.99947 44.457527 -3.6057167 -25.99947 44.457527 -3.5868607 -25.509224 44.476379 -3.5868607 -25.509224 44.476379 -3.4548683 -25.018976 44.438671 -3.4548683 -25.018976 44.438671 -3.4737244 -25.018976 44.514091 -3.2097473 -24.377884 44.532951 -3.2097473 -24.377884 44.532951 -3.2097473 -24.377884 44.532951 -3.2286034 -24.377884 44.589516 -2.832634 -23.793358 44.64608 -2.832634 -23.793358 44.64608 -2.0029831 -23.020277 44.834641 -2.0029831 -23.020277 44.834641 -2.0029831 -23.020277 44.834641 -2.0029831 -23.020277 44.834641 -2.3800964 -23.303112 44.796928 -2.3800964 -23.303112 44.796928 -2.3046761 -23.340824 44.74036 -2.3046761 -23.340824 44.74036 -2.3612404 -23.39739 44.721504 -2.3612404 -23.39739 44.721504 -2.7949219 -23.83107 44.589516 -2.7949219 -23.83107 44.589516 -3.0023346 -24.057339 44.514091 -3.0023346 -24.057339 44.514091 -3.0023346 -24.057339 44.514091 -3.0023346 -24.057339 44.514091 -3.0023346 -24.057339 44.514091 -3.1343231 -24.39674 44.476379 -3.1343231 -24.39674 44.476379 -3.2851677 -24.849276 44.419815 -3.2851677 -24.849276 44.419815 -3.3605919 -25.056688 44.400959 -3.3605919 -25.056688 44.400959 -3.5302925 -25.509224 44.344391 -3.5302925 -25.509224 44.344391 -3.5491486 -25.52808 44.344391 -3.5680046 -25.99947 44.325539 -3.5680046 -25.99947 44.325539 -3.5680046 -25.99947 44.325539 -0.66423416 -29.468912 45.155186 -0.66423416 -29.468912 45.155186 -0.85279083 -29.374634 40.79953 -0.85279083 -29.374634 40.79953 -0.85279083 -29.412346 45.117474 -0.85279083 -29.412346 45.117474 -1.3053246 -29.261501 44.985485 -1.3053246 -29.261501 44.985485 -1.8898506 -29.054089 44.815784 -1.8898506 -29.054089 44.815784 -1.8898506 -29.054089 44.815784 -2.0784073 -28.922098 44.778072 -2.0784073 -28.922098 44.778072 -2.2292519 -28.752398 44.721504 -2.2292519 -28.752398 44.721504 -3.2286034 -27.526779 44.438671 -3.2286034 -27.526779 44.438671 -3.1343231 -27.734192 44.476379 -3.1343231 -27.734192 44.476379 -3.1343231 -27.734192 44.476379 -2.3423843 -28.563841 40.79953 -2.3423843 -28.563841 40.79953 -2.832634 -28.073593 44.551804 -2.832634 -28.073593 44.551804 -2.530941 -28.412994 44.64608 -2.530941 -28.412994 44.64608 -2.3612404 -28.601551 44.683792 -2.3612404 -28.601551 44.683792 0.84421921 -29.374634 40.79953 0.84421921 -29.374634 40.79953 0.84421921 -29.374634 40.79953 -0.38139725 -29.582047 45.249466 -0.38139725 -29.582047 45.249466 -0.38139725 -29.582047 45.249466 -0.38139725 -29.582047 45.249466 -0.38139725 -29.582047 45.249466 -0.023139954 -29.544334 45.362598 -0.023139954 -29.544334 45.362598 0.65566254 -29.468912 45.570007 0.65566254 -29.468912 45.570007 0.8819313 -29.431202 45.626579 0.8819313 -29.431202 45.626579 0.8819313 -29.431202 45.626579 0.8819313 -29.431202 45.626579 0.65566254 -29.56319 45.626579 0.65566254 -29.56319 45.626579 -0.023139954 -29.600903 45.419167 -0.023139954 -29.600903 45.419167 -0.023139954 -29.600903 45.419167 -0.023139954 -29.600903 45.419167 -0.70194244 -29.525478 45.211754 -0.70194244 -29.525478 45.211754 -0.70194244 -29.525478 45.211754 -1.3430367 -29.336922 45.042053 -1.3430367 -29.336922 45.042053 -1.9275627 -29.054089 44.947773 -1.9275627 -29.054089 44.947773 -1.9275627 -29.054089 44.947773 -2.3046761 -28.790108 44.853493 -2.3046761 -28.790108 44.853493 -2.3046761 -28.790108 44.853493 -2.6252213 -28.488419 44.759216 -2.9269104 -28.130161 44.683792 -2.9269104 -28.130161 44.683792 -3.1720352 -27.734192 44.589516 -3.1720352 -27.734192 44.589516 -3.1720352 -27.734192 44.608372 -3.1720352 -27.734192 44.608372 -3.3605919 -27.338223 44.551804 -3.3605919 -27.338223 44.551804 -3.3605919 -27.338223 44.551804 -3.3605919 -27.338223 44.551804 -3.3605919 -27.338223 44.551804 -3.2851677 -27.319366 44.419815 -3.2851677 -27.319366 44.419815 -3.3040237 -27.168522 44.419815 -3.3040237 -27.168522 44.419815 -3.4925804 -26.904543 44.514091 -3.3794479 -26.885687 44.382103 -3.3794479 -26.885687 44.382103 -3.5868607 -26.452007 44.476379 -3.5868607 -26.452007 44.476379 -3.4737244 -26.433151 44.363251 -3.4737244 -26.433151 44.363251 -3.6999931 -25.99947 44.57066 -3.6999931 -25.99947 44.57066 -3.5680046 -25.018976 44.608372 -3.5680046 -25.018976 44.608372 -3.3040237 -24.340172 44.683792 -3.3040237 -24.340172 44.683792 -3.3040237 -24.340172 44.683792 -3.3040237 -24.340172 44.683792 -2.9457664 -23.755648 44.796928 -2.9457664 -23.755648 44.796928 -2.8703461 -23.793358 44.702652 -2.3989525 -23.284256 44.853493 -1.8332825 -22.907143 44.966629 -1.8332825 -22.907143 44.966629 -1.8332825 -22.907143 44.966629 -1.7955704 -22.925999 44.891205 -1.7955704 -22.925999 44.891205 -1.15448 -22.66202 45.098618 -1.15448 -22.66202 45.098618 -1.1921921 -22.605453 45.174042 -1.1921921 -22.605453 45.174042 -0.87164307 -22.530029 45.192898 -0.87164307 -22.530029 45.192898 -0.87164307 -22.530029 45.192898 -0.87164307 -22.530029 45.192898 -0.73965454 -22.473463 45.230606 -0.73965454 -22.473463 45.230606 -0.73965454 -22.473463 45.230606 -0.85279083 -22.624308 40.79953 -0.85279083 -22.624308 40.79953 -0.85279083 -22.624308 40.79953 -2.3423843 -23.435101 40.79953 -2.3423843 -23.435101 40.79953 -2.3423843 -23.435101 40.79953 -3.2851677 -24.849276 40.79953 -3.2851677 -24.849276 40.79953 -3.4737244 -25.99947 40.79953 -3.4737244 -25.99947 40.79953 -3.2851677 -27.149666 40.79953 -3.2851677 -27.149666 40.79953 3.2765999 -27.149666 40.79953 3.2765999 -27.149666 40.79953 3.2765999 -27.149666 40.79953 2.3526726 -28.563841 40.79953 2.3526726 -28.563841 40.79953 2.3526726 -28.563841 40.79953 1.2024765 -29.412346 45.739712 1.2024765 -29.412346 45.739712 0.63680649 -29.582047 45.683144 0.63680649 -29.582047 45.683144 0.63680649 -29.582047 45.683144 0.63680649 -29.582047 45.683144 -0.041996002 -29.638613 45.475731 -0.72079849 -29.56319 45.287178 -1.3618927 -29.355778 45.098618 -1.9464188 -29.072945 44.947773 -1.984127 -29.110655 45.042053 -1.984127 -29.110655 45.042053 -2.0029831 -29.129509 45.042053 -2.0029831 -29.129509 45.042053 -2.0029831 -29.129509 45.042053 -2.7006454 -28.526131 44.853493 -2.7006454 -28.526131 44.853493 -3.2474594 -27.753048 44.702652 -3.2474594 -27.753048 44.702652 -3.2663116 -27.753048 44.702652 -3.2663116 -27.753048 44.702652 -3.5868607 -26.923397 44.608372 -3.5868607 -26.923397 44.608372 -3.6999931 -26.942253 44.64608 -3.6999931 -26.942253 44.64608 -3.8131256 -25.99947 44.608372 -3.8131256 -25.99947 44.608372 -3.8319817 -25.99947 44.608372 -3.8319817 -25.99947 44.608372 -3.6811371 -24.981266 44.66494 -3.6811371 -24.981266 44.66494 -3.6811371 -24.981266 44.66494 -3.7942734 -24.905842 44.64608 -3.7942734 -24.905842 44.64608 -3.0400467 -23.680225 44.853493 -3.0400467 -23.680225 44.853493 -3.0400467 -23.680225 44.853493 -3.0400467 -23.680225 44.853493 -3.0400467 -23.680225 44.853493 -2.4743767 -23.246544 44.947773 -2.4743767 -23.246544 44.947773 -2.4743767 -23.246544 44.947773 -2.4743767 -23.246544 44.947773 -1.9275627 -22.812864 45.117474 -1.9275627 -22.812864 45.117474 -1.8521385 -22.888287 45.023193 -1.2299004 -22.586597 45.230606 -0.53224182 -22.435751 45.381454 -0.53224182 -22.435751 45.381454 -0.53224182 -22.435751 45.381454 -0.70194244 -22.473463 45.249466 -0.6830864 -22.473463 45.249466 -0.49452972 -22.454607 45.30603 0.014572144 -22.398041 45.456879 0.014572144 -22.398041 45.456879 0.014572144 -22.398041 45.456879 0.16541672 -22.379185 45.588867 0.16541672 -22.379185 45.588867 0.84421921 -22.567741 45.702 0.84421921 -22.567741 45.702 0.84421921 -22.473463 45.77742 0.86307526 -22.567741 45.720856 0.86307526 -22.567741 45.720856 1.4476013 -22.680874 45.965981 1.4476013 -22.680874 45.965981 1.4476013 -22.680874 45.965981 1.4287453 -22.680874 45.8717 1.4287453 -22.680874 45.8717 1.9944153 -23.076843 46.041401 1.9944153 -23.076843 46.041401 0.84421921 -22.624308 40.79953 0.84421921 -22.624308 40.79953 0.84421921 -22.624308 40.79953 2.3526726 -23.435101 40.79953 2.3526726 -23.435101 40.79953 3.2765999 -24.849276 40.79953 3.2765999 -24.849276 40.79953 3.4840126 -25.99947 40.79953 3.4840126 -25.99947 40.79953 3.4840126 -25.99947 40.79953 3.6348572 -25.99947 46.512794 3.6348572 -26.13146 46.512794 3.6348572 -26.13146 46.512794 3.4463005 -26.829121 46.456226 3.4463005 -26.829121 46.456226 3.3520241 -27.187378 46.43737 3.3520241 -27.187378 46.43737 3.2388878 -27.639914 46.399658 3.2577438 -27.658768 46.493935 2.767498 -28.281006 46.248814 2.5035172 -28.620407 46.173393 2.5035172 -28.620407 46.173393 2.5035172 -28.620407 46.173393 2.4280968 -28.658119 46.154533 2.4280968 -28.658119 46.154533 2.3338165 -28.714685 46.116825 2.3338165 -28.714685 46.116825 1.8058586 -29.035233 45.928268 1.8058586 -29.035233 45.928268 1.2590446 -29.355778 45.758568 1.2590446 -29.431202 45.890556 0.61795425 -29.657469 45.77742 -0.060852051 -29.714035 45.570007 -0.060852051 -29.714035 45.570007 -0.060852051 -29.714035 45.570007 -0.75851059 -29.619759 45.381454 -1.418457 -29.412346 45.192898 -1.418457 -29.412346 45.192898 -1.418457 -29.412346 45.192898 -1.418457 -29.412346 45.192898 -2.0595512 -29.204933 45.098618 -2.0595512 -29.204933 45.098618 -2.0595512 -29.204933 45.098618 -2.0595512 -29.204933 45.098618 -2.0595512 -29.204933 45.098618 -2.0595512 -29.204933 45.098618 -2.7949219 -28.601551 44.910065 -2.7949219 -28.601551 44.910065 -3.3605919 -27.809614 44.759216 -3.3605919 -27.809614 44.759216 -3.3605919 -27.809614 44.759216 -3.4737244 -27.86618 44.759216 -3.8319817 -26.979965 44.64608 -3.8319817 -26.979965 44.64608 -3.8508377 -26.942253 44.64608 -3.963974 -25.99947 44.608372 -3.8131256 -24.943554 44.64608 -13.052401 -25.716637 41.629177 -3.0589027 -23.661369 44.872353 -3.0589027 -23.661369 44.872353 -3.0589027 -23.661369 44.872353 -2.832634 -23.2654 44.947773 -1.984127 -22.737442 45.192898 -1.984127 -22.737442 45.192898 3.5782928 25.740459 46.512794 3.5782928 25.740459 46.512794 3.6348572 26.00444 46.512794 3.4840126 26.00444 40.79953 3.4840126 26.00444 40.79953 -2.0218391 28.832787 40.79953 -2.0218391 28.832787 40.79953 -2.0218391 28.832787 40.79953 -2.8703461 28.07856 44.551804 -2.8703461 28.07856 44.551804 -3.0211906 27.908859 44.514091 -3.0211906 27.908859 44.514091 -3.0211906 27.908859 44.514091 -3.0211906 27.908859 44.514091 -3.1531792 27.720299 44.551804 -3.1531792 27.720299 44.551804 -3.398304 27.13578 44.457527 -3.398304 27.13578 44.457527 -3.3228798 27.11692 44.400959 -3.3228798 27.11692 44.400959 -3.3228798 27.11692 44.400959 -3.5114365 26.494682 44.344391 -3.5114365 26.494682 44.344391 -1.9087067 23.062954 44.853493 -1.9087067 23.062954 44.853493 -1.6070137 22.855541 44.966629 -1.6070137 22.855541 44.966629 -1.6070137 22.855541 44.966629 -1.6070137 22.855541 44.966629 -1.0413437 22.629272 42.364548 -1.0413437 22.629272 42.364548 -0.85279083 22.629272 42.421116 -0.85279083 22.629272 42.421116 -1.3430367 22.666985 45.042053 -1.3430367 22.666985 45.042053 -1.3430367 22.666985 45.042053 -1.3430367 22.666985 45.042053 -1.3430367 22.666985 45.042053 -1.0224915 22.591564 45.13633 -1.0413437 22.553852 45.211754 -1.0413437 22.553852 45.211754 -1.6447258 22.798977 45.023193 -1.6447258 22.798977 45.023193 -1.6447258 22.798977 45.023193 -2.2103958 23.157234 44.853493 -2.2103958 23.157234 44.853493 -2.1349754 23.213799 44.796928 -2.1349754 23.213799 44.796928 -2.1349754 23.213799 44.796928 -2.6252213 23.5532 44.627228 -2.6252213 23.5532 44.627228 -2.6629333 23.590912 44.702652 -2.6629333 23.590912 44.702652 -2.6629333 23.590912 44.702652 -2.9834785 24.156582 44.514091 -2.9834785 24.156582 44.514091 -3.0589027 24.11887 44.57066 -3.0589027 24.11887 44.57066 -3.0589027 24.11887 44.57066 -3.0589027 24.288574 44.495239 -3.0589027 24.288574 44.495239 -3.0589027 24.288574 44.495239 -3.0589027 24.288574 44.495239 -3.077755 24.11887 44.64608 -3.077755 24.11887 44.64608 -3.3605919 24.646832 44.551804 -3.3605919 24.646832 44.551804 -3.3605919 24.646832 44.551804 -3.3605919 24.646832 44.551804 -3.2851677 24.665684 44.419815 -3.2851677 24.665684 44.419815 -3.3794479 24.835388 44.382103 -3.3794479 24.835388 44.382103 -3.3794479 24.835388 44.382103 -3.3794479 24.835388 44.382103 -3.3794479 24.835388 44.382103 -3.5302925 25.212502 44.495239 -3.5302925 25.212502 44.495239 -3.41716 25.231354 44.382103 -3.41716 25.231354 44.382103 -3.4925804 25.872448 44.344391 -3.4925804 25.872448 44.344391 -3.2663116 24.85424 41.761169 -3.2097473 24.571407 41.761169 -3.0211906 24.326283 41.817734 -2.3612404 23.402355 42.00629 -2.3423843 23.383499 42.00629 -2.3423843 23.383499 42.00629 -1.8709946 23.119522 42.138283 -0.85279083 22.629272 40.79953 -0.85279083 22.629272 40.79953 -0.85279083 22.629272 40.79953 -0.30597305 22.572708 42.553104 -0.49452972 22.459572 45.30603 -0.3248291 22.421864 45.362598 -0.3248291 22.421864 45.362598 -0.3248291 22.421864 45.362598 0.44824982 22.497284 42.760517 0.24084091 22.44072 44.099266 0.033428192 22.403008 45.475731 -0.51338577 22.421864 45.381454 -0.51338577 22.421864 45.381454 -0.55109787 22.403008 45.438019 -1.0790558 22.534996 45.268318 -1.6824379 22.780121 45.079765 -2.2292519 23.138378 44.910065 -2.7006454 23.590912 44.759216 -3.1720352 24.081161 44.74036 -3.1720352 24.081161 44.74036 -3.1720352 24.081161 44.74036 -3.6057167 25.212502 44.589516 -3.6057167 25.212502 44.589516 -3.6057167 25.212502 44.589516 -3.6057167 25.212502 44.589516 -3.6057167 25.853592 44.476379 -3.6057167 25.853592 44.476379 -3.4925804 25.929016 44.344391 -3.4925804 25.929016 44.344391 -3.5868607 26.494682 44.476379 -3.5868607 26.494682 44.476379 -3.5868607 26.494682 44.476379 -3.5491486 26.400406 44.325539 -3.5491486 26.400406 44.325539 -3.4360161 27.13578 44.532951 -3.4360161 27.13578 44.532951 -3.1720352 27.720299 44.589516 -3.1720352 27.720299 44.589516 -3.1720352 27.739159 44.608372 -3.1720352 27.739159 44.608372 -3.1720352 27.739159 44.608372 -3.1343231 27.720299 44.476379 -3.1720352 27.58831 44.457527 -3.1720352 27.58831 44.457527 -3.5114365 26.00444 41.685745 -3.5114365 26.00444 41.685745 -3.5114365 26.00444 41.685745 -3.4925804 25.929016 41.685745 -3.2851677 24.85424 40.79953 -3.2851677 24.85424 40.79953 -2.3423843 23.440067 40.79953 -2.3423843 23.440067 40.79953 -2.3423843 23.440067 40.79953 0.84421921 22.629272 40.79953 0.84421921 22.629272 40.79953 1.3721771 22.666985 45.8717 1.3721771 22.666985 45.8717 0.86307526 22.553852 45.720856 0.86307526 22.553852 45.720856 0.71223068 22.534996 45.664288 0.71223068 22.534996 45.664288 0.014572144 22.384151 45.532299 0.014572144 22.384151 45.532299 0.014572144 22.384151 45.532299 0.014572144 22.365295 45.588867 0.014572144 22.365295 45.588867 -0.004283905 22.346439 45.607719 -0.004283905 22.346439 45.607719 -0.004283905 22.346439 45.607719 -0.004283905 22.346439 45.607719 -1.1167679 22.459572 45.362598 -1.1167679 22.459572 45.362598 -1.1167679 22.459572 45.362598 -1.1167679 22.459572 45.362598 -1.739006 22.723553 45.174042 -1.739006 22.723553 45.174042 -1.739006 22.723553 45.174042 -2.3046761 23.08181 45.004341 -2.7760658 23.5532 44.853493 -2.7760658 23.5532 44.853493 -2.7760658 23.5532 44.853493 -2.7760658 23.5532 44.853493 -3.2663116 24.024593 44.778072 -3.2663116 24.024593 44.778072 -3.2663116 24.024593 44.778072 -3.7188492 25.174789 44.64608 -3.7188492 25.174789 44.64608 -3.662281 26.513542 44.57066 -3.662281 26.513542 44.57066 -3.662281 26.513542 44.57066 -3.5114365 27.154633 44.627228 -3.5114365 27.154633 44.627228 -3.5114365 27.154633 44.627228 -3.5114365 27.154633 44.627228 -3.2474594 27.758011 44.702652 -3.2474594 27.758011 44.702652 -3.2474594 27.758011 44.702652 -2.9269104 28.116272 44.683792 -2.9269104 28.116272 44.683792 -2.9269104 28.116272 44.683792 -2.6440773 28.474525 44.759216 -2.530941 28.399109 44.64608 -2.530941 28.399109 44.64608 -2.2103958 28.71965 44.74036 -2.2103958 28.71965 44.74036 -2.0595512 28.889351 44.778072 -1.9087067 29.040199 44.815784 -1.9087067 29.040199 44.815784 -1.9087067 29.040199 44.815784 -0.51338577 29.549301 45.192898 -0.51338577 29.549301 45.192898 -0.51338577 29.549301 45.192898 -0.51338577 29.549301 45.192898 -1.2299004 29.285324 45.004341 -1.2299004 29.285324 45.004341 -0.45682144 29.455025 40.79953 -0.45682144 29.455025 40.79953 -0.45682144 29.455025 40.79953 -3.1154671 27.550598 40.79953 -3.1154671 27.550598 40.79953 -3.4737244 26.00444 40.79953 -3.4737244 26.00444 40.79953 -3.4737244 26.00444 40.79953 3.2765999 24.85424 40.79953 3.2765999 24.85424 40.79953 3.2765999 24.85424 40.79953 3.2765999 24.85424 40.79953 2.3526726 23.440067 40.79953 2.3526726 23.440067 40.79953 1.9567032 23.044098 46.041401 1.9567032 23.044098 46.041401 1.3533249 22.629272 45.984833 1.3533249 22.629272 45.984833 0.69337463 22.421864 45.79628 0.69337463 22.421864 45.79628 0.69337463 22.421864 45.79628 0.69337463 22.421864 45.79628 -0.004283905 22.289871 45.664288 -0.004283905 22.289871 45.664288 -0.004283905 22.289871 45.664288 -0.023139954 22.271015 45.683144 -0.023139954 22.252163 45.702 -0.023139954 22.252163 45.702 -0.023139954 22.252163 45.702 -0.023139954 22.214451 45.720856 -1.173336 22.346439 45.419167 -1.173336 22.346439 45.419167 -1.173336 22.346439 45.419167 -2.3800964 23.006386 45.060905 -2.3800964 23.006386 45.060905 -2.3800964 23.006386 45.060905 -2.3989525 23.006386 45.060905 -2.3989525 23.006386 45.060905 -2.3989525 23.006386 45.060905 -2.3989525 23.006386 45.060905 -1.3430367 -22.322617 45.381454 -2.9269104 23.364647 44.910065 -3.3228798 24.005737 44.796928 -3.3228798 24.005737 44.796928 -3.7377052 24.722252 44.66494 -3.7377052 24.722252 44.66494 -3.7942734 25.155933 44.64608 -3.7942734 25.155933 44.64608 -3.945118 26.343842 44.608372 -3.8885498 26.532394 44.627228 -3.7754173 26.513542 44.627228 -3.7754173 26.513542 44.627228 -3.7754173 26.513542 44.627228 -3.3605919 27.814583 44.759216 -3.3605919 27.814583 44.759216 -3.2663116 27.758011 44.702652 -2.7194977 28.512238 44.853493 -2.7194977 28.512238 44.853493 -2.7194977 28.512238 44.853493 -2.3046761 28.795074 44.853493 -2.3046761 28.795074 44.853493 -2.3046761 28.795074 44.853493 -2.3046761 28.795074 44.853493 -2.0029831 29.115623 45.042053 -1.9464188 29.059052 44.947773 -1.9464188 29.059052 44.947773 -1.9464188 29.059052 44.947773 -1.9275627 29.040199 44.891205 -1.2676125 29.360748 45.060905 -1.2676125 29.360748 45.060905 -0.58880997 29.549301 45.249466 -0.58880997 29.549301 45.249466 -0.47567749 29.549301 45.211754 -0.47567749 29.549301 45.211754 0.10884857 29.511589 45.400307 0.10884857 29.511589 45.400307 1.2024765 29.266464 40.79953 1.2024765 29.266464 40.79953 1.2024765 29.266464 40.79953 0.80651093 29.455025 45.607719 0.80651093 29.455025 45.607719 1.089344 29.436165 45.702 1.089344 29.436165 45.702 1.089344 29.436165 45.702 1.089344 29.436165 45.702 1.089344 29.436165 45.702 1.2401886 29.360748 45.739712 1.2401886 29.360748 45.739712 1.4476013 29.247612 45.815132 1.4476013 29.247612 45.815132 2.5977974 28.323685 40.79953 2.5977974 28.323685 40.79953 3.3708801 26.834084 40.79953 3.3708801 26.834084 40.79953 3.2388878 27.644882 46.399658 3.2954559 27.531746 46.418514 3.2954559 27.531746 46.418514 3.4463005 26.852943 46.456226 3.4463005 26.852943 46.456226 3.4463005 26.815231 46.456226 3.4463005 26.815231 46.456226 3.6537132 26.00444 46.625927 3.6537132 26.00444 46.625927 3.6537132 26.00444 46.625927 3.6537132 26.00444 46.644783 3.6537132 26.00444 46.644783 3.6537132 26.00444 46.625927 3.6537132 25.721603 46.625927 3.6537132 25.721603 46.625927 3.6537132 25.721603 46.625927 3.6537132 25.721603 46.625927 3.4463005 24.873096 46.456226 3.4463005 24.873096 46.456226 3.4463005 24.873096 46.456226 3.4463005 24.873096 46.456226 3.4085884 24.816532 46.456226 3.4085884 24.816532 46.456226 3.2765999 24.571407 46.418514 3.2765999 24.571407 46.418514 3.2765999 24.571407 46.418514 2.9371986 24.024593 46.324234 2.9371986 24.024593 46.324234 2.6355095 23.515491 46.229958 2.6355095 23.515491 46.229958 2.5223732 23.440067 46.192245 2.4092407 23.364647 46.173393 2.4092407 23.364647 46.173393 1.9944153 22.949821 46.173393 1.9944153 22.949821 46.173393 1.3721771 22.553852 46.060257 1.3721771 22.553852 46.060257 1.3721771 22.553852 46.060257 1.3721771 22.553852 46.060257 1.3721771 22.553852 46.060257 1.3910332 22.459572 46.116825 1.3910332 22.459572 46.116825 1.3910332 22.459572 46.116825 -0.041996002 22.157883 45.739712 -0.75851059 22.233307 45.532299 -1.1921921 22.308727 45.419167 -1.1921921 22.308727 45.419167 -1.3996048 22.327583 45.362598 -0.75851059 -22.26605 45.551155 -0.75851059 -22.26605 45.551155 -1.984127 -22.737442 45.174042 -1.984127 -22.737442 45.174042 -1.984127 -22.737442 45.174042 -1.984127 -22.737442 45.174042 -1.984127 -22.737442 45.174042 -1.984127 -22.737442 45.174042 -1.2676125 -22.511173 45.324886 -1.2676125 -22.511173 45.324886 -1.2676125 -22.511173 45.324886 -1.2676125 -22.511173 45.324886 -0.58880997 -22.322617 45.532299 -0.55109787 -22.398041 45.438019 0.14656067 -22.360329 45.645432 0.82536316 -22.454607 45.852844 1.4476013 -22.643164 46.041401 2.0321274 -22.963711 46.192245 2.0321274 -23.001421 46.135681 2.4092407 -23.359678 46.173393 2.4092407 -23.359678 46.173393 2.4280968 -23.359678 46.173393 2.4280968 -23.359678 46.173393 2.5977974 -23.472813 46.229958 2.5977974 -23.472813 46.229958 2.748642 -23.699081 46.26767 2.748642 -23.699081 46.26767 3.0880432 -24.227039 46.361946 3.0880432 -24.227039 46.361946 3.3708801 -24.641865 46.43737 3.3897362 -24.811565 46.456226 3.5028687 -25.39609 46.475082 3.5028687 -25.39609 46.475082 3.6537132 -25.99947 46.607071 3.6725693 -25.99947 46.663639 3.6537132 -25.99947 46.644783 3.6537132 -25.99947 46.644783 3.5405807 -26.866831 46.588215 3.5405807 -26.866831 46.588215 3.5405807 -26.866831 46.588215 3.5405807 -26.866831 46.588215 3.5405807 -26.866831 46.588215 3.2577438 -27.658768 46.531647 3.2577438 -27.658768 46.531647 3.2577438 -27.658768 46.531647 3.2954559 -27.69648 46.588215 3.2954559 -27.69648 46.588215 3.2954559 -27.69648 46.588215 2.8052101 -28.337574 46.399658 2.8052101 -28.337574 46.399658 2.3526726 -28.790108 46.248814 2.3526726 -28.790108 46.248814 2.3526726 -28.790108 46.248814 2.3526726 -28.790108 46.248814 1.8247147 -29.167221 46.079113 1.2590446 -29.506622 45.984833 1.2590446 -29.506622 45.984833 0.63680649 -29.770603 45.833992 0.63680649 -29.770603 45.833992 0.63680649 -29.770603 45.833992 0.63680649 -29.770603 45.833992 -0.79622269 -29.732891 45.419167 -0.79622269 -29.732891 45.419167 -0.79622269 -29.732891 45.419167 -0.79622269 -29.732891 45.419167 -0.81507874 -29.808315 45.438019 -0.81507874 -29.808315 45.438019 -2.0972633 -29.261501 45.098618 -2.1349754 -29.318066 45.098618 -2.5875092 -28.978664 44.985485 -2.85149 -28.658119 44.910065 -2.85149 -28.658119 44.910065 -2.85149 -28.658119 44.910065 -5.7929726 -27.658768 44.042702 -6.999733 -27.338223 43.646732 -12.392452 -25.886337 41.83659 -13.467224 -29.261501 41.157784 -14.089462 -32.033283 39.856743 -7.565403 -35.295311 40.931519 -7.3579922 -36.238094 39.724754 -6.999733 -36.916897 38.254013 -0.45682144 -37.557991 39.743614 8.1979294 -37.68998 40.064156 8.9521523 -37.671124 40.252716 8.9898643 -37.803112 37.367798 8.9898643 -37.803112 37.367798 15.419643 -37.463711 38.800827 15.419643 -37.463711 38.800827 16.984665 -37.614555 38.876251 16.984665 -37.614555 38.876251 16.946953 -37.425999 39.00824 16.946953 -37.425999 39.00824 16.946953 -37.425999 39.00824 18.455406 -37.576847 39.159088 18.455406 -37.576847 39.159088 21.698578 -37.501423 39.781322 21.698578 -37.501423 39.781322 21.698578 -37.501423 39.781322 21.698578 -37.501423 39.781322 26.525631 -37.180878 40.365849 26.525631 -37.180878 40.365849 26.525631 -37.180878 40.365849 26.544483 -37.369434 40.215004 26.544483 -37.369434 40.215004 26.751896 -37.180878 40.384705 26.751896 -37.180878 40.384705 28.015224 -37.331722 40.346992 28.015224 -37.331722 40.346992 28.015224 -37.331722 40.346992 27.996372 -37.143166 40.573261 27.996372 -37.143166 40.573261 36.217434 -37.105453 41.101219 36.217434 -37.105453 41.101219 36.198582 -36.916897 41.252064 36.198582 -36.916897 41.252064 40.101704 -36.803764 41.365196 40.101704 -36.803764 41.365196 40.101704 -36.803764 41.591469 40.101704 -36.803764 41.591469 37.989872 -36.879185 41.27092 37.989872 -36.879185 41.27092 37.989872 -36.879185 41.27092 32.672573 -37.011177 40.761818 32.672573 -37.011177 40.761818 26.751896 -37.180878 40.177292 26.751896 -37.180878 40.177292 25.054886 -37.21859 40.026443 25.054886 -37.21859 40.026443 25.054886 -37.21859 40.026443 25.054886 -37.21859 40.026443 12.459305 -37.539135 38.084312 12.459305 -37.539135 38.084312 12.459305 -37.539135 38.084312 6.8780327 -37.671124 36.896408 6.8780327 -37.671124 36.896408 -0.004283905 -37.840824 35.444519 -0.004283905 -37.840824 35.444519 -0.004283905 -37.840824 35.444519 -1.8144264 -37.765404 34.991985 -1.8144264 -37.765404 34.991985 -2.6063652 -37.727692 34.803429 -2.6063652 -37.727692 34.803429 -2.6063652 -37.727692 34.803429 -7.4145584 -37.048889 33.521244 -7.4145584 -37.048889 33.521244 -7.4145584 -37.048889 33.521244 -10.62002 -36.16267 32.597317 -10.62002 -36.16267 32.597317 -12.18504 -35.728992 32.144783 -12.18504 -35.728992 32.144783 -16.785822 -33.768002 30.71175 -16.785822 -33.768002 30.71175 -18.313129 -32.86293 30.202648 -18.313129 -32.86293 30.202648 -18.803377 -32.561241 30.032948 -18.803377 -32.561241 30.032948 -21.028345 -31.241344 29.297577 -21.028345 -31.241344 29.297577 -24.912609 -28.205582 27.921112 -24.912609 -28.205582 27.921112 -24.912609 -28.205582 27.921112 -25.930817 -27.168522 27.543999 -25.930817 -27.168522 27.543999 -26.119373 -26.961109 27.468578 -26.119373 -26.961109 27.468578 -28.438618 -24.585297 26.601217 -28.438618 -24.585297 26.601217 -31.436668 -20.550186 25.413311 -31.436668 -20.550186 25.413311 -31.757214 -19.984516 25.281321 -31.757214 -19.984516 25.281321 -33.944469 -16.005972 24.395105 -33.944469 -16.005972 24.395105 -33.944469 -16.005972 24.395105 -35.566059 -11.857727 23.716301 -35.566059 -11.857727 23.716301 -35.773468 -11.292057 23.622023 -35.773468 -11.292057 23.622023 -35.773468 -11.292057 23.622023 -35.773468 -11.292057 23.622023 -36.94252 -6.4272957 23.131775 -36.94252 -6.4272957 23.131775 -36.94252 -6.4272957 23.131775 -36.94252 -6.4272957 23.131775 -37.300777 -3.0521355 22.98093 -37.300777 -3.0521355 22.98093 -37.470478 -1.4305458 22.905508 -37.470478 -1.4305458 22.905508 -37.470478 -1.4305458 22.905508 -37.33849 3.528492 22.962074 -37.33849 3.528492 22.962074 -37.33849 3.528492 22.962074 -37.33849 3.528492 22.962074 -36.961376 5.9043045 23.131775 -36.961376 5.9043045 23.131775 -36.565407 8.3743973 23.301476 -36.565407 8.3743973 23.301476 -36.565407 8.3743973 23.301476 -36.565407 8.3743973 23.301476 -35.132378 13.201447 23.904858 -35.132378 13.201447 23.904858 -35.132378 13.201447 23.904858 -34.528996 14.521339 24.149981 -34.528996 14.521339 24.149981 -33.07711 17.764515 24.753363 -33.07711 17.764515 24.753363 -33.07711 17.764515 24.753363 -30.493885 21.969326 25.790424 -30.493885 21.969326 25.790424 -30.17334 22.346439 25.922413 -30.17334 22.346439 25.922413 -27.156433 26.023293 27.091465 -27.156433 26.023293 27.091465 -24.064106 28.870499 28.222803 -24.064106 28.870499 28.222803 -23.347591 29.530449 28.467926 -23.347591 29.530449 28.467926 -19.123922 32.471931 29.957523 -19.123922 32.471931 29.957523 -18.331985 32.886749 30.202648 -18.331985 32.886749 30.202648 -16.578409 33.791824 30.768318 -16.578409 33.791824 30.768318 -14.862543 34.67804 31.333988 -14.862543 34.67804 31.333988 -10.205196 36.356194 32.729305 -10.205196 36.356194 32.729305 -8.1687851 36.789871 33.294975 -8.1687851 36.789871 33.294975 -8.1687851 36.789871 33.483532 -8.1687851 36.789871 33.483532 -6.9431667 37.053856 33.822933 -6.9431667 37.053856 33.822933 -5.2461586 37.430969 34.124626 -5.2461586 37.430969 34.124626 -4.7370529 37.506386 34.445171 -4.7370529 37.506386 34.445171 -0.004283905 37.826935 35.444519 -0.004283905 37.826935 35.444519 -3.1908913 37.638382 34.841141 -3.1908913 37.638382 34.841141 -5.1895905 37.638382 34.332039 -5.1895905 37.638382 34.332039 -6.9243107 37.261269 33.860645 -6.9243107 37.261269 33.860645 -6.9808788 37.242409 33.841789 -6.9808788 37.242409 33.841789 -10.092062 36.582458 32.97443 -10.092062 36.582458 32.97443 -13.618071 35.149429 34.803429 -14.221451 34.942017 34.652584 -15.01339 34.640327 34.445171 -20.443819 31.378304 34.520592 -20.481531 30.680641 35.821632 -20.010139 28.776222 37.820335 -20.010139 28.776222 37.820335 -18.954222 26.324982 39.17794 -17.426914 23.421211 40.007591 -13.052401 25.551903 41.610321 -12.411308 25.853592 41.83659 -11.261112 26.419258 42.251411 -7.018589 27.211197 43.609024 -3.4737244 27.871147 44.759216 -3.0023346 28.56881 44.891205 -3.3605919 27.814583 44.759216 -2.7949219 28.587662 44.910065 -2.7949219 28.587662 44.910065 -2.0784073 29.2099 45.098618 -2.0784073 29.2099 45.098618 -2.0784073 29.19104 45.098618 -2.0029831 29.115623 45.042053 -2.0029831 29.115623 45.042053 -1.3430367 29.455025 45.211754 -1.3053246 29.379601 45.13633 -1.3053246 29.379601 45.13633 -0.60766602 29.587013 45.324886 0.10884857 29.605865 45.456879 0.10884857 29.605865 45.456879 0.78765488 29.530449 45.683144 0.78765488 29.530449 45.683144 0.78765488 29.530449 45.683144 1.4476013 29.323036 45.890556 1.4476013 29.323036 45.890556 1.9944153 28.964775 46.003693 1.9944153 28.964775 46.003693 2.2961044 28.795074 46.097969 2.2961044 28.795074 46.097969 2.4658089 28.587662 46.154533 2.4658089 28.587662 46.154533 2.6355095 28.361397 46.211105 2.6355095 28.361397 46.211105 2.8617744 28.116272 46.286526 2.8617744 28.116272 46.286526 3.2577438 27.663734 46.512794 3.2577438 27.663734 46.531647 3.2577438 27.663734 46.531647 3.2577438 27.663734 46.531647 3.5405807 26.852943 46.588215 3.5405807 26.852943 46.588215 3.5405807 26.852943 46.588215 3.5405807 26.852943 46.588215 3.5405807 26.852943 46.588215 3.5405807 26.852943 46.588215 3.7102814 26.00444 46.701347 3.7102814 26.00444 46.701347 3.7102814 26.00444 46.701347 3.7102814 25.721603 46.720207 3.7102814 25.721603 46.720207 3.3520241 24.514839 46.550507 3.3520241 24.514839 46.550507 3.3520241 24.514839 46.550507 3.0314751 23.949169 46.456226 3.0314751 23.949169 46.456226 2.5977974 23.440067 46.343094 2.5977974 23.440067 46.343094 2.5412292 23.383499 46.324234 2.5789413 23.326935 46.418514 2.5789413 23.326935 46.418514 2.6166534 23.289223 46.475082 1.5795898 22.459572 46.192245 1.4098892 22.421864 46.154533 -0.041996002 22.101315 45.739712 -0.62652206 -22.247194 45.588867 -0.62652206 -22.247194 45.588867 -0.62652206 -22.247194 45.588867 -0.62652206 -22.247194 45.588867 0.12770462 -22.26605 45.739712 0.12770462 -22.26605 45.739712 0.12770462 -22.26605 45.739712 0.82536316 -22.360329 45.947121 0.82536316 -22.360329 45.947121 1.4664574 -22.567741 46.116825 1.4664574 -22.567741 46.116825 1.4664574 -22.567741 46.116825 2.0698395 -22.869431 46.286526 2.4469528 -23.2654 46.324234 2.8052101 -23.642513 46.418514 2.8052101 -23.642513 46.418514 3.1634674 -24.151615 46.512794 3.1634674 -24.151615 46.512794 3.1634674 -24.151615 46.512794 3.1634674 -24.151615 46.512794 3.4463005 -24.754997 46.588215 3.4463005 -24.754997 46.588215 3.4463005 -24.754997 46.588215 3.4463005 -24.754997 46.588215 3.6160011 -25.358379 46.644783 3.6160011 -25.358379 46.644783 3.6160011 -25.358379 46.644783 3.6160011 -25.358379 46.644783 3.7102814 -25.99947 46.701347 3.7102814 -25.99947 46.701347 3.7102814 -25.99947 46.701347 3.7102814 -25.99947 46.701347 3.7479935 -25.99947 46.739059 3.7479935 -25.99947 46.739059 3.7479935 -25.99947 46.757919 3.333168 -27.715336 46.625927 3.333168 -27.715336 46.625927 3.3520241 -27.734192 46.644783 2.8617744 -28.412994 46.493935 2.8617744 -28.412994 46.493935 2.8617744 -28.412994 46.493935 2.8617744 -28.412994 46.493935 2.8617744 -28.412994 46.493935 1.8435707 -29.242645 46.173393 1.8435707 -29.242645 46.173393 1.8435707 -29.242645 46.173393 1.9001389 -29.336922 46.211105 1.9001389 -29.336922 46.211105 1.9001389 -29.336922 46.211105 1.9001389 -29.336922 46.211105 0.63680649 -29.827169 45.852844 -0.83393478 -29.846025 45.438019 -0.83393478 -29.846025 45.438019 -1.9464188 -31.750446 44.759216 -7.5088367 -31.109354 43.13763 -7.6596813 -34.107403 41.874298 -1.5881615 -34.842773 43.571312 -1.5881615 -34.880486 43.5336 -1.2299004 -36.106106 42.609673 -1.173336 -36.25695 42.439972 -0.89049911 -36.954609 41.365196 -0.87164307 -36.992321 41.327484 -0.77736664 -37.21859 40.969231 -0.47567749 -37.539135 39.800179 7.7265358 -37.425999 41.968578 11.516525 -37.595703 40.931519 16.777252 -37.463711 41.968578 18.43655 -37.407146 42.289124 23.207031 -37.29401 43.231911 25.431999 -37.21859 43.571312 26.487919 -37.199734 43.741013 26.563343 -37.199734 43.759865 27.562687 -37.162022 43.910713 27.996372 -37.143166 43.948425 34.143314 -36.973465 44.683792 36.933949 -36.898041 45.023193 37.650471 -37.067741 41.233208 37.650471 -37.067741 41.233208 40.705082 -36.803764 41.629177 40.705082 -36.803764 41.629177 40.705082 -36.803764 41.629177 50.057491 -36.539783 41.780022 50.057491 -36.539783 41.780022 50.057491 -36.539783 41.780022 53.413799 -36.426651 41.798878 53.413799 -36.426651 41.798878 53.413799 -36.671776 41.798878 53.413799 -36.671776 41.798878 40.516529 -37.030033 41.421764 40.516529 -37.030033 41.421764 40.516529 -37.030033 41.421764 32.672573 -37.256298 40.761818 27.600399 -37.38829 40.328136 27.600399 -37.38829 40.328136 14.778553 -37.708836 38.499138 14.778553 -37.708836 38.499138 14.778553 -37.708836 38.499138 6.8780327 -37.897392 36.896408 2.2206841 -38.010525 35.972481 1.1082001 -38.067093 35.7085 1.1082001 -38.067093 35.7085 -0.004283905 -38.067093 35.444519 -4.1148186 -37.746548 34.407459 -5.2461586 -37.671124 34.10577 -10.205196 -36.596352 32.729305 -13.863194 -35.276455 31.635677 -14.881399 -34.918198 31.315132 -18.331985 -33.164619 30.202648 -19.161634 -32.730942 29.938669 -22.612221 -30.336273 28.731907 -23.404158 -29.789459 28.449072 -27.213001 -26.301163 27.053753 -29.720802 -23.284256 26.092113 -30.607019 -22.209484 25.752712 -33.209099 -18.023527 24.696795 -34.755264 -14.629509 24.055702 -35.283222 -13.441603 23.829435 -36.753963 -8.6145535 23.207199 -37.33849 -4.9942665 22.962074 -37.545902 -3.749794 22.867796 -37.715603 1.2280998 22.792374 -37.33849 4.9992332 22.962074 -37.225357 6.2437057 22.999786 -36.263718 10.467373 23.41461 -34.77412 14.653332 24.055702 -34.566708 15.237858 24.131126 -32.172039 19.819782 25.11162 -29.739658 23.308079 26.092113 -29.268269 23.949169 26.261814 -25.77997 27.739159 27.600567 -22.593365 30.32238 28.731907 -21.575159 31.170891 29.10902 -18.313129 33.131874 30.202648 -17.238358 33.791824 30.560905 -13.863194 35.281425 31.635677 -12.675287 35.790527 31.993935 -7.9048061 37.185844 33.389256 -4.1148186 37.77037 34.407459 -3.1154671 37.921211 34.67144 -0.004283905 38.07206 35.444519 1.1082001 38.053207 35.7085 2.2395401 38.015495 35.972481 3.1446114 37.751511 36.179893 3.1446114 37.751511 36.179893 6.8780327 37.902359 36.91526 6.8780327 37.676094 36.91526 6.8780327 37.676094 36.91526 13.383232 37.506386 38.197449 13.383232 37.506386 38.197449 14.721985 37.713799 38.480282 15.6082 37.449821 38.631126 15.6082 37.449821 38.631126 27.336422 37.393257 40.290428 53.413799 36.657883 41.798878 53.489223 36.431618 41.798878 53.489223 36.431618 41.798878 240.0094 31.189743 41.798878 265.06857 18.575306 41.798878 264.91772 18.386749 41.798878 264.91772 18.386749 41.798878 267.68951 14.370495 41.798878 267.50095 14.21965 41.798878 267.50095 14.21965 41.798878 267.50095 14.21965 41.798878 267.50095 14.21965 41.798878 269.61279 9.7885704 41.798878 269.40536 9.6754379 41.798878 269.40536 9.6754379 41.798878 270.80069 4.9803772 41.798878 270.57443 4.904953 41.798878 270.57443 4.904953 41.798878 270.57443 4.904953 41.798878 270.57443 4.904953 41.798878 271.19666 0.040195465 41.798878 270.9704 0.0024833679 41.798878 270.9704 0.0024833679 41.798878 270.80069 -4.8999901 41.798878 267.7272 -14.290106 41.798878 269.65048 -9.7270374 41.798878 269.40536 -9.6704693 41.798878 269.40536 -9.6704693 41.798878 270.57443 -4.8999901 41.798878 270.57443 -4.8999901 41.798878 270.57443 -4.8999901 41.798878 270.57443 -4.8999901 41.798878 270.9704 0.0024833679 41.987434 270.9704 0.0024833679 41.987434 270.9704 0.0024833679 41.987434 270.9704 0.0024833679 41.987434 269.40536 9.6754379 41.987434 269.40536 9.6754379 41.987434 269.40536 9.6754379 41.987434 269.40536 9.6754379 41.987434 261.69342 22.101315 41.798878 261.69342 22.101315 41.798878 261.69342 22.101315 41.798878 261.69342 22.101315 41.798878 261.80655 22.308727 41.798878 257.92227 25.25021 41.798878 257.92227 25.25021 41.798878 257.99771 25.476479 41.798878 253.69861 27.776871 41.798878 253.69861 27.776871 41.798878 253.69861 27.776871 41.798878 253.69861 27.776871 41.798878 253.73633 28.003136 41.798878 249.13553 29.587013 41.798878 249.13553 29.587013 41.798878 249.11667 29.832138 41.798878 244.62903 30.624077 41.798878 244.62903 30.624077 41.798878 244.62903 30.624077 41.798878 244.62903 30.624077 41.798878 244.28964 30.906906 41.798878 240.0094 30.963478 41.798878 240.0094 30.963478 41.798878 53.489223 36.431618 41.987434 53.489223 36.431618 41.987434 53.413799 36.431618 41.798878 53.413799 36.431618 41.798878 40.68623 36.789871 41.44062 40.68623 36.789871 41.44062 40.026279 37.053856 41.402908 32.672573 37.016144 40.761818 32.672573 37.016144 40.761818 32.672573 37.242409 40.761818 27.996372 37.148132 40.365849 27.996372 37.148132 40.365849 26.751896 37.166985 40.196148 26.751896 37.166985 40.196148 25.149166 37.223557 40.233856 25.149166 37.223557 40.233856 25.111454 37.223557 40.233856 25.111454 37.223557 40.233856 15.683624 37.449821 38.781975 15.683624 37.449821 38.781975 13.383232 37.506386 38.423714 13.383232 37.506386 38.423714 12.515873 37.525246 38.291725 12.515873 37.525246 38.291725 12.515873 37.525246 38.291725 -0.004283905 37.826935 35.651932 -0.004283905 37.826935 35.651932 -0.73965454 37.826935 35.463379 -0.73965454 37.826935 35.463379 -1.4750252 37.789223 35.274818 -1.4750252 37.789223 35.274818 -3.1343231 37.789223 34.859997 -3.1343231 37.789223 34.859997 -3.2097473 37.789223 34.841141 -3.2097473 37.789223 34.841141 -5.1518784 37.506386 36.877552 -6.5660534 37.185844 36.538147 -6.9054565 37.12928 36.462727 -10.167484 36.412758 35.670788 -14.032894 34.791176 36.387306 -14.240307 34.074661 37.782623 -14.146029 32.019394 39.837891 -13.504936 29.247612 41.157784 -7.565403 31.095467 43.118774 -2.8891983 28.663086 44.910065 -2.1538277 29.304176 45.098618 -1.418457 29.587013 45.287178 -1.418457 29.587013 45.287178 -1.418457 29.587013 45.287178 -1.3996048 29.549301 45.268318 -1.3996048 29.549301 45.268318 -0.64537811 29.643578 45.400307 -0.64537811 29.643578 45.400307 -0.64537811 29.643578 45.400307 -0.64537811 29.643578 45.400307 0.071136475 29.719002 45.607719 0.071136475 29.719002 45.607719 0.089992523 29.643578 45.513443 0.78765488 29.549301 45.739712 1.4476013 29.341888 45.947121 2.0132713 29.059052 46.135681 2.0132713 29.059052 46.135681 2.0132713 29.059052 46.135681 2.5035172 28.663086 46.305382 2.5035172 28.663086 46.305382 2.5035172 28.663086 46.305382 2.9183426 28.191696 46.43737 2.9183426 28.191696 46.43737 2.9183426 28.191696 46.43737 2.9183426 28.191696 46.43737 3.2954559 27.682594 46.588215 3.2954559 27.682594 46.588215 3.2954559 27.682594 46.588215 3.2954559 27.682594 46.588215 3.333168 27.720299 46.625927 3.333168 27.720299 46.625927 3.7479935 26.00444 46.739059 3.7479935 26.00444 46.739059 3.7668457 26.00444 46.757919 3.8234138 26.00444 46.776772 3.8045578 25.702747 46.776772 3.8045578 25.702747 46.776772 3.3897362 24.495983 46.644783 3.3897362 24.495983 46.644783 3.3897362 24.495983 46.644783 3.3897362 24.495983 46.644783 2.6355095 23.383499 46.418514 2.6355095 23.383499 46.418514 2.6355095 23.383499 46.418514 2.6920738 23.345791 46.493935 2.6920738 23.345791 46.493935 2.6920738 23.345791 46.493935 0.59909821 -22.152916 45.928268 0.82536316 -22.247194 45.984833 0.82536316 -22.247194 45.984833 0.82536316 -22.247194 45.984833 0.82536316 -22.247194 45.984833 2.1075478 -22.812864 46.343094 2.1075478 -22.812864 46.343094 2.1075478 -22.812864 46.343094 2.1075478 -22.812864 46.343094 2.3715286 -22.925999 46.399658 2.8617744 -23.567091 46.531647 2.8617744 -23.567091 46.531647 2.8617744 -23.567091 46.512794 2.8617744 -23.567091 46.512794 2.8617744 -23.567091 46.512794 3.5217247 -24.717285 46.682495 3.5217247 -24.717285 46.682495 3.5217247 -24.717285 46.682495 3.5217247 -24.717285 46.682495 3.5217247 -24.717285 46.682495 3.7857018 -25.99947 46.757919 3.7479935 -26.942253 46.776772 3.4274445 -27.771904 46.682495 3.4274445 -27.771904 46.682495 3.2765999 -28.054737 46.644783 2.8994865 -28.450706 46.531647 2.8994865 -28.450706 46.531647 2.2206841 -29.186077 46.324234 1.9001389 -29.336922 46.229958 1.9001389 -29.336922 46.229958 1.9001389 -29.336922 46.229958 1.4664574 -29.525478 46.097969 1.4664574 -29.525478 46.097969 0.80651093 -29.827169 45.890556 -1.9464188 -31.769302 44.74036 -1.8898506 -32.391541 44.66494 -1.6824379 -34.55994 43.778725 6.689476 -34.691929 45.79628 7.3117104 -36.82262 43.552452 16.381283 -37.199734 43.891857 25.13031 -36.954609 45.456879 33.935902 -36.709484 46.607071 37.612759 -36.879185 45.079765 47.361134 -36.596352 45.758568 50.774006 -36.502071 45.852844 43.853977 -36.898041 41.798878 43.853977 -36.898041 41.798878 43.853977 -36.898041 41.798878 53.489223 -36.520927 41.987434 53.489223 -36.426651 41.987434 53.489223 -36.426651 41.987434 53.489223 -36.426651 41.798878 53.489223 -36.426651 41.798878 53.489223 -36.426651 41.798878 240.0094 -30.958509 41.798878 240.0094 -30.958509 41.798878 240.0094 -31.203632 41.798878 244.34619 -30.883087 41.798878 249.13553 -29.582047 41.798878 249.13553 -29.582047 41.798878 249.19211 -29.808315 41.798878 253.69861 -27.771904 41.798878 253.69861 -27.771904 41.798878 253.69861 -27.771904 41.798878 253.69861 -27.771904 41.798878 253.79288 -27.979315 41.798878 257.92227 -25.245245 41.798878 257.92227 -25.245245 41.798878 258.05426 -25.4338 41.798878 261.69342 -22.09635 41.798878 261.69342 -22.09635 41.798878 261.69342 -22.09635 41.798878 261.69342 -22.09635 41.798878 261.8631 -22.247194 41.798878 264.91772 -18.381784 41.798878 264.91772 -18.381784 41.798878 265.10629 -18.513775 41.798878 267.50095 -14.214684 41.798878 267.50095 -14.214684 41.798878 267.50095 -14.214684 41.798878 267.50095 -14.214684 41.798878 269.40536 -9.6704693 41.987434 269.40536 -9.6704693 41.987434 269.40536 -9.6704693 41.987434 269.40536 -9.6704693 41.987434 270.367 -4.862278 42.00629 270.367 -4.862278 42.00629 271.15894 0.0024833679 42.00629 271.15894 0.0024833679 42.00629 270.367 4.8672447 42.00629 270.367 4.8672447 42.00629 269.59393 9.7320023 42.00629 269.59393 9.7320023 42.00629 267.33124 14.125374 42.00629 267.33124 14.125374 42.00629 267.33124 14.125374 42.00629 267.29355 14.125374 46.90876 266.70901 15.520691 46.90876 266.01135 16.444618 46.90876 263.80524 19.291824 46.90876 261.84424 21.837337 46.90876 261.61798 22.025894 46.90876 261.56143 22.063606 46.90876 255.6973 26.551254 46.92762 258.63879 24.307426 46.92762 258.0354 25.401054 42.00629 258.0354 25.401054 42.00629 257.92227 25.25021 41.987434 257.92227 25.25021 41.987434 257.92227 25.25021 41.987434 257.92227 25.25021 41.987434 249.13553 29.587013 41.987434 249.13553 29.587013 41.987434 249.13553 29.587013 41.987434 249.13553 29.587013 41.987434 240.0094 30.963478 41.987434 240.0094 30.963478 41.987434 240.0094 30.963478 41.987434 240.0094 31.057755 41.987434 53.489223 36.525894 41.987434 53.489223 36.525894 41.987434 49.850079 36.544754 41.968578 49.850079 36.544754 41.968578 49.850079 36.544754 41.968578 44.325367 36.695595 41.723457 44.325367 36.695595 41.723457 37.763599 36.884155 41.459476 37.763599 36.884155 41.459476 37.763599 36.884155 41.459476 34.72784 36.959572 41.157784 34.72784 36.959572 41.157784 34.72784 36.959572 41.157784 26.751896 37.166985 40.384705 26.751896 37.166985 40.384705 26.751896 37.166985 40.384705 25.186878 37.393257 40.026443 25.186878 37.393257 40.026443 24.960609 37.412109 39.988735 24.960609 37.412109 39.988735 24.960609 37.412109 39.988735 15.70248 37.638382 38.631126 15.70248 37.638382 38.631126 15.551636 37.638382 38.612274 15.551636 37.638382 38.612274 9.6121025 37.789223 37.744911 9.6121025 37.789223 37.744911 9.6121025 37.789223 37.744911 -0.004283905 38.015495 35.651932 -0.004283905 38.015495 35.651932 -0.098564148 38.015495 35.63308 -0.098564148 38.015495 35.63308 -3.1154671 37.657234 37.330086 -7.0563011 36.903008 38.235161 -7.4145584 36.224205 39.705902 -7.6219711 35.281425 40.912663 -7.7162495 34.093513 41.855446 -2.0218391 31.755417 44.721504 -0.70194244 29.86985 45.456879 0.052284241 29.832138 45.683144 0.052284241 29.832138 45.683144 0.052284241 29.832138 45.664288 0.052284241 29.832138 45.664288 0.052284241 29.832138 45.664288 0.052284241 29.832138 45.664288 0.052284241 29.832138 45.664288 0.052284241 29.832138 45.664288 0.76879883 29.643578 45.833992 0.76879883 29.643578 45.833992 0.76879883 29.643578 45.833992 1.4476013 29.436165 46.041401 1.4476013 29.436165 46.041401 2.5412292 28.73851 46.399658 2.5412292 28.73851 46.399658 2.5412292 28.73851 46.399658 2.5412292 28.73851 46.399658 2.5412292 28.73851 46.399658 2.5412292 28.73851 46.399658 3.3520241 27.720299 46.644783 3.4274445 27.776871 46.682495 3.4274445 27.776871 46.682495 3.7479935 26.871796 46.776772 3.8611259 26.00444 46.795628 3.8234138 25.702747 46.795628 3.8045578 25.41991 46.795628 3.4085884 24.477127 46.682495 3.4085884 24.477127 46.682495 3.4085884 24.477127 46.682495 3.0503311 23.628624 46.588215 2.8994865 -23.623657 46.550507 2.8994865 -23.623657 46.550507 3.5028687 -24.39674 46.701347 3.5782928 -24.679575 46.720207 3.8611259 -25.99947 46.795628 6.142662 -27.69648 47.304733 6.3123627 -31.580746 47.021896 15.193378 -31.354479 49.020596 15.53278 -34.46566 47.776123 15.53278 -34.46566 47.776123 16.041882 -36.577496 45.494587 24.866329 -36.351227 47.059608 33.728489 -36.106106 48.228661 50.717442 -36.219238 47.757267 53.470364 -36.275806 47.135033 53.470364 -36.275806 47.135033 53.489223 -36.407795 45.928268 53.677776 -36.407795 45.928268 53.677776 -36.407795 45.928268 53.677776 -36.407795 45.928268 53.847477 -36.407795 45.928268 53.489223 -36.426651 45.664288 53.508076 -36.615208 42.270271 53.508076 -36.615208 42.00629 53.508076 -36.615208 42.00629 240.0094 -31.052788 41.987434 240.0094 -30.958509 41.987434 240.0094 -30.958509 41.987434 249.13553 -29.582047 41.987434 249.13553 -29.582047 41.987434 249.13553 -29.582047 41.987434 257.92227 -25.245245 41.987434 257.92227 -25.245245 41.987434 257.92227 -25.245245 41.987434 257.92227 -25.245245 41.987434 264.91772 -18.381784 41.987434 264.91772 -18.381784 41.987434 264.91772 -18.381784 41.987434 264.91772 -18.381784 41.987434 267.33124 -14.120405 42.00629 267.33124 -14.120405 42.00629 269.59393 -9.7270374 42.00629 269.59393 -9.7270374 42.00629 270.25388 -4.862278 46.90876 270.27274 -4.7491417 46.90876 270.76297 -1.0722885 46.90876 270.89496 0.0024833679 46.90876 270.55557 2.5857086 46.90876 270.25388 4.8483887 46.90876 270.06531 6.2437057 46.90876 269.83905 8.0349922 46.90876 269.10367 9.7697144 46.90876 267.68951 13.201447 46.90876 267.80264 13.239155 47.983536 267.80264 13.239155 47.983536 266.01135 16.463474 47.983536 266.01135 16.463474 47.983536 263.91837 19.367245 47.983536 263.91837 19.367245 47.983536 261.52371 22.025894 47.983536 258.24283 23.798325 50.472481 258.73306 24.439419 47.983536 258.73306 24.439419 47.983536 255.67847 26.494682 47.983536 255.41446 26.777519 46.92762 252.341 28.040848 46.92762 253.58548 27.531746 46.92762 253.60434 27.58831 42.00629 253.60434 27.58831 42.00629 249.19211 29.775566 42.00629 249.19211 29.775566 42.00629 249.19211 29.775566 42.00629 244.3085 30.510941 42.00629 244.3085 30.510941 42.00629 244.3085 30.510941 42.00629 240.0094 31.152031 42.00629 240.0094 31.152031 42.00629 53.508076 36.620171 42.00629 53.508076 36.620171 42.00629 53.508076 36.601318 42.270271 44.344227 36.884155 41.553757 44.344227 36.884155 41.553757 44.344227 36.884155 41.553757 44.023678 36.884155 41.534897 44.023678 36.884155 41.534897 34.72784 37.148132 41.101219 34.72784 37.148132 41.101219 34.72784 37.148132 41.101219 34.426151 37.148132 41.082363 34.426151 37.148132 41.082363 31.446957 37.242409 40.931519 31.446957 37.242409 40.931519 31.446957 37.242409 40.931519 31.446957 37.242409 40.931519 26.33707 37.185844 43.495888 24.941753 37.242409 43.307331 20.058136 37.374397 42.685097 15.551636 37.487534 41.610321 12.949554 37.562958 40.988083 -0.004283905 37.902359 37.933468 -0.004283905 37.902359 37.97118 -0.004283905 37.902359 38.008892 -0.17398453 37.845795 38.687695 -0.45682144 37.562958 39.743614 -0.47567749 37.544098 39.800179 -0.75851059 37.261269 40.837242 -0.89049911 36.959572 41.308632 -0.90935516 36.94072 41.346344 -1.2864685 36.148781 42.553104 -1.6070137 34.885452 43.5336 -1.6258698 34.84774 43.552452 -1.6824379 34.583763 43.759865 -1.984127 32.453072 44.608372 -2.0218391 31.774269 44.721504 0.97621155 29.794426 45.947121 1.4476013 29.530449 46.079113 1.4476013 29.530449 46.079113 1.4664574 29.530449 46.097969 1.4664574 29.530449 46.097969 1.4664574 29.530449 46.097969 2.4658089 29.002487 46.399658 2.5977974 28.813934 46.43737 10.083492 27.60717 48.228661 11.026276 27.569458 48.436069 10.083492 -27.602203 48.228661 15.023678 -27.470211 49.359997 15.287655 -27.470211 49.416565 24.168671 -31.109354 50.604469 24.451508 -34.239395 49.359997 24.451508 -34.239395 49.359997 33.4268 -33.975414 50.547905 33.4268 -33.975414 50.547905 50.66087 -35.615856 49.378853 53.413799 -35.333023 49.341141 53.470364 -36.030682 47.757267 53.809765 -36.011826 47.757267 53.809765 -36.011826 47.757267 53.809765 -36.011826 47.757267 53.828625 -36.275806 47.135033 53.828625 -36.275806 47.135033 53.828625 -36.275806 47.135033 146.91901 -33.636013 46.663639 147.54124 -33.617157 46.682495 240.0094 -31.147066 42.00629 240.0094 -31.147066 42.00629 244.3085 -30.505974 42.00629 244.3085 -30.505974 42.00629 249.19211 -29.770603 42.00629 249.19211 -29.770603 42.00629 253.60434 -27.583347 42.00629 253.60434 -27.583347 42.00629 258.0354 -25.39609 42.00629 258.0354 -25.39609 42.00629 261.54257 -21.945505 42.00629 261.54257 -21.945505 42.00629 265.06857 -18.494919 42.00629 265.06857 -18.494919 42.00629 266.78442 -15.40259 46.90876 266.85986 -15.195179 46.90876 267.31241 -14.120405 46.90876 268.27402 -11.782305 46.90876 269.66934 -8.3694286 46.90876 269.85791 -7.916893 46.90876 270.42358 -4.7491417 47.983536 270.76297 -1.0911446 47.983536 270.6687 2.6045647 47.983536 270.14075 6.2437057 47.983536 270.14075 6.2437057 47.983536 269.17911 9.8074265 47.983536 267.06726 12.880898 50.472481 265.33255 16.029793 50.472481 263.29614 18.858143 50.472481 260.95804 21.441368 50.472481 257.39432 22.685841 52.226059 254.54712 24.590263 52.226059 255.26364 25.797024 50.472481 252.05817 27.437469 50.472481 252.37872 28.191696 47.983536 248.90927 29.455025 46.92762 247.90991 29.86985 46.92762 245.32669 30.209251 46.92762 244.28964 30.34124 46.92762 241.64984 30.680641 46.92762 240.0094 30.888054 46.92762 53.489223 36.431618 45.664288 53.489223 36.412758 45.928268 44.004826 36.695595 45.494587 40.516529 36.789871 45.343742 39.875439 36.808731 45.249466 34.445004 36.959572 44.551804 26.016525 36.94072 45.588867 12.478161 37.298981 43.081062 12.101048 36.695595 44.66494 11.554234 34.564903 46.946472 11.554234 34.564903 46.946472 11.195976 31.45372 48.172089 15.231087 27.475182 49.416565 24.922897 27.211197 51.057007 24.017826 -27.243944 50.887306 27.48727 -27.149666 51.471832 33.049686 -26.998821 52.075211 33.822765 -26.979965 52.150635 33.200535 -30.864231 51.792377 50.528881 -33.485168 51.698097 50.528881 -33.485168 51.698097 53.338375 -33.277756 51.584965 53.394939 -34.899342 50.397057 53.772053 -35.333023 49.359997 147.52238 -33.35318 48.549202 240.0094 -30.619106 48.794327 240.0094 -30.637962 48.718903 240.0094 -30.751097 47.983536 240.0094 -30.901943 46.92762 242.95087 -30.505974 46.92762 244.28964 -30.336273 46.92762 246.62775 -30.015726 46.92762 248.0419 -29.827169 46.92762 250.11603 -28.959808 46.92762 253.5289 -27.545635 46.92762 253.58548 -27.526779 46.92762 253.58548 -27.526779 46.92762 255.52762 -26.715986 46.92762 255.52762 -26.715986 46.92762 256.73438 -25.773203 46.92762 259.67584 -23.510525 46.90876 261.61798 -22.020927 46.90876 261.84424 -21.851227 46.90876 262.42877 -21.097 46.90876 264.67261 -18.155518 46.90876 264.78574 -18.249796 47.983536 264.78574 -18.249796 47.983536 266.80328 -15.157467 47.983536 268.42487 -11.838871 47.983536 269.63165 -8.3694286 47.983536 269.61279 -4.6360092 50.472481 269.95218 -1.0534325 50.472481 269.87677 2.5291405 50.472481 269.34882 6.0928612 50.472481 268.40604 9.5623016 50.472481 265.80396 12.277519 52.207203 264.14465 15.275566 52.207203 262.22137 17.990784 52.207203 259.97754 20.442017 52.207203 255.77274 20.574009 53.6968 253.20837 22.327583 53.6968 250.43658 23.741756 53.6968 251.49249 26.155281 52.226059 248.28705 27.343185 52.226059 248.70184 28.681938 50.472481 248.92813 29.455025 47.983536 245.34555 30.32238 47.983536 241.6687 30.737206 47.983536 241.6687 30.737206 47.983536 240.0094 30.567505 48.982887 240.0094 30.605217 48.794327 240.0094 30.737206 47.983536 147.54124 33.622124 46.682495 146.91901 33.640976 46.663639 53.847477 36.412758 45.928268 53.677776 36.412758 45.928268 53.451511 35.884804 47.738411 39.70573 36.544754 47.153885 39.55489 35.922516 48.794327 39.55489 35.922516 48.794327 25.7714 36.318481 47.191597 25.356579 34.20665 49.491989 25.356579 34.20665 49.491989 25.092598 31.076607 50.736462 27.166721 27.154633 51.43412 33.822765 26.96608 52.169491 38.970364 26.834084 52.735161 39.781155 -26.810265 52.791725 50.283756 -26.508574 53.319687 50.396893 -30.373983 52.961426 50.396893 -30.373983 52.961426 53.281811 -32.108704 52.452324 53.281811 -32.108704 52.452324 53.281811 -32.108704 52.452324 53.696636 -33.277756 51.584965 53.753201 -34.880486 50.397057 147.50354 -32.730942 50.189644 239.99054 -29.95916 50.415916 242.96973 -30.637962 47.983536 246.62775 -30.072292 47.983536 246.62775 -30.072292 47.983536 250.17261 -29.054089 47.983536 253.56662 -27.639914 47.983536 253.56662 -27.639914 47.983536 256.77209 -25.810913 47.983536 256.77209 -25.810913 47.983536 256.77209 -25.810913 47.983536 256.77209 -25.810913 47.983536 259.75128 -23.623657 47.983536 259.75128 -23.623657 47.983536 262.42877 -21.097 47.983536 262.42877 -21.097 47.983536 264.14465 -17.778404 50.472481 266.08676 -14.761497 50.472481 267.67065 -11.53718 50.472481 268.85855 -8.1431618 50.472481 268.23633 -4.4097404 52.207203 268.55685 -1.0157242 52.207203 268.48145 2.416008 52.207203 267.99121 5.8100281 52.207203 267.08612 9.1097679 52.207203 263.40927 11.146179 53.677944 261.91968 13.861393 53.677944 258.1297 18.537598 53.677944 251.98276 20.272316 54.224758 246.83514 22.534996 54.243614 247.51395 24.816532 53.6968 244.49704 25.533047 53.6968 244.94958 28.153984 52.226059 245.1947 29.530449 50.472481 241.63098 29.926414 50.472481 239.99054 29.813278 50.77417 239.99054 29.945267 50.472481 239.99054 29.964127 50.415916 147.52238 33.339287 48.549202 53.809765 35.884804 47.738411 53.809765 35.865944 47.794975 53.451511 35.884804 47.794975 53.413799 35.413414 49.397709 53.413799 35.413414 49.435421 53.413799 35.281425 49.83139 53.413799 35.281425 49.83139 39.309765 33.810677 51.094719 39.309765 33.810677 51.094719 39.309765 33.810677 51.094719 39.121212 30.699493 52.358047 39.215488 26.834084 52.754017 51.226543 -26.489719 53.357399 53.11211 -26.433151 53.395111 53.225239 -30.241995 52.754017 53.5835 -30.241995 52.754017 53.640064 -32.089848 52.452324 53.640064 -32.089848 52.452324 147.42812 -30.619106 52.508892 239.99054 -29.940304 50.472481 239.97168 -27.847324 52.678593 239.97168 -28.450706 52.320335 239.99054 -29.846025 50.69875 242.89432 -29.827169 50.472481 246.43918 -29.280355 50.472481 249.90863 -28.299862 50.472481 253.20837 -26.904543 50.472481 256.33841 -25.132111 50.472481 259.22333 -23.001421 50.472481 261.84424 -20.53133 50.472481 263.01331 -16.948755 52.207203 264.88 -14.063839 52.207203 266.38846 -10.990366 52.207203 267.50095 -7.7660484 52.207203 265.63425 -4.0137711 53.677944 265.91708 -0.92144394 53.677944 265.84164 2.1897392 53.677944 265.38913 5.2632103 53.677944 264.57831 8.261261 53.677944 259.90213 12.598064 54.224758 256.4704 16.840588 54.224758 253.73633 15.765816 54.394459 250.60629 18.028492 54.394459 247.11798 19.668938 54.394459 246.04321 19.932915 54.394459 243.38455 20.630573 54.394459 243.38455 20.630573 54.394459 243.34686 20.800274 54.394459 243.34686 20.800274 54.394459 243.19601 21.101967 54.394459 243.19601 21.101967 54.394459 242.6492 22.195595 54.356747 242.6492 22.195595 54.356747 242.27206 22.478428 54.337891 242.27206 22.478428 54.337891 241.42358 23.138378 54.281326 241.42358 23.138378 54.281326 241.42358 23.138378 54.281326 239.17975 23.270367 54.281326 239.17975 23.270367 54.281326 239.89627 23.440067 54.243614 239.89627 23.440067 54.243614 239.89627 23.440067 54.243614 239.89627 23.440067 54.243614 239.89627 23.5532 54.224758 241.27274 23.515491 54.243614 240.82019 23.251511 54.262466 240.82019 23.251511 54.262466 241.25388 23.157234 54.281326 241.25388 23.157234 54.281326 241.40472 25.891304 53.6968 241.55557 28.531097 52.226059 239.97168 27.852295 52.678593 239.97168 28.436821 52.339191 147.50354 32.735909 50.189644 53.772053 35.394554 49.397709 53.772053 35.394554 49.397709 53.772053 35.394554 49.397709 53.772053 35.394554 49.435421 53.772053 35.281425 49.850243 53.772053 35.281425 49.850243 53.696636 33.395859 51.754665 53.696636 33.395859 51.754665 53.338375 33.414711 51.754665 53.338375 33.414711 51.754665 53.225239 30.265816 52.848297 53.225239 30.228104 52.848297 53.225239 30.228104 52.848297 53.225239 30.228104 52.848297 53.225239 30.228104 52.848297 53.281811 26.419258 53.395111 53.281811 26.419258 53.395111 53.281811 26.419258 53.395111 53.281811 -26.433151 53.395111 53.470364 -26.414295 53.395111 119.82343 -20.003372 53.979633 119.82343 -20.003372 53.979633 119.82343 -19.909094 53.979633 119.82343 -19.909094 53.979633 120.23825 -18.947454 44.608372 120.23825 -18.947454 44.608372 120.0874 -18.890888 53.979633 120.0874 -18.890888 53.979633 120.20055 -18.419497 53.979633 120.20055 -18.419497 53.979633 120.20055 -18.419497 53.979633 124.02824 16.916008 44.608372 124.02824 16.916008 44.608372 124.02824 16.916008 44.608372 121.10561 17.651379 44.608372 121.10561 17.651379 44.608372 121.10561 17.651379 44.608372 122.46323 16.916008 44.608372 122.46323 16.916008 44.608372 122.46323 16.916008 44.608372 122.40665 16.670887 53.998489 122.40665 16.670887 53.998489 122.40665 16.670887 53.998489 122.40665 16.670887 53.998489 122.42551 -16.684774 53.998489 122.42551 -16.684774 53.998489 121.18103 -17.2693 53.998489 121.18103 -17.2693 53.998489 120.97362 -17.495569 53.998489 120.97362 -17.495569 53.998489 121.0679 17.349689 53.998489 121.0679 17.349689 53.998489 121.0679 17.349689 53.998489 120.95477 17.481678 53.998489 120.95477 17.481678 53.998489 120.18169 18.462173 53.979633 120.18169 18.462173 53.979633 119.82343 20.102615 53.979633 119.82343 20.102615 53.979633 120.23825 21.045399 44.608372 120.23825 21.045399 44.608372 120.0874 21.120823 53.979633 120.0874 21.120823 53.979633 120.20055 21.592213 53.979633 120.20055 21.592213 53.979633 121.10561 22.346439 44.608372 121.10561 22.346439 44.608372 120.97362 22.497284 53.998489 120.97362 22.497284 53.998489 121.18103 22.742409 53.998489 121.18103 22.742409 53.998489 122.48207 23.345791 53.998489 122.48207 23.345791 53.998489 122.48207 23.345791 53.998489 122.42551 23.308079 53.998489 122.42551 23.308079 53.998489 122.46323 23.08181 44.608372 122.46323 23.08181 44.608372 122.46323 23.08181 44.608372 124.02824 23.08181 44.608372 124.02824 23.08181 44.608372 124.02824 23.08181 44.608372 125.40471 22.346439 44.608372 125.40471 22.346439 44.608372 125.40471 22.346439 44.608372 126.2532 21.045399 44.608372 126.2532 21.045399 44.608372 120.06856 20.008339 44.608372 120.06856 20.008339 44.608372 119.82343 20.008339 53.979633 119.82343 20.008339 53.979633 120.0874 18.876999 53.979633 120.0874 18.876999 53.979633 120.23825 18.952419 44.608372 120.23825 18.952419 44.608372 125.40471 17.651379 44.608372 125.40471 17.651379 44.608372 126.29092 18.405605 54.036201 126.29092 18.405605 54.036201 125.51784 17.500534 54.017345 125.51784 17.500534 54.017345 125.29156 17.236557 54.017345 125.29156 17.236557 54.017345 124.08481 16.689743 54.017345 124.08481 16.689743 54.017345 123.93396 16.633175 54.017345 123.93396 16.633175 54.017345 123.93396 16.633175 54.017345 122.40665 16.670887 53.998489 122.40665 16.670887 53.998489 122.48207 -16.647064 53.998489 122.48207 -16.647064 53.998489 122.48207 -16.647064 53.998489 122.46323 -16.911043 44.608372 122.46323 -16.911043 44.608372 122.46323 -16.911043 44.608372 121.10561 -17.646414 44.608372 121.10561 -17.646414 44.608372 126.2532 -18.947454 44.608372 126.2532 -18.947454 44.608372 126.42291 -18.890888 54.036201 126.42291 -18.890888 54.036201 126.68689 -20.003372 54.036201 126.68689 -20.003372 54.036201 147.20184 -23.642513 54.149338 237.25647 -22.077494 54.375603 237.25647 -22.077494 54.375603 237.72787 -22.473463 54.337891 237.72787 -22.473463 54.337891 237.80328 -22.398041 47.00304 237.80328 -22.398041 47.00304 238.46323 -23.076843 54.300179 238.46323 -23.076843 54.300179 239.19861 -23.152267 47.00304 239.19861 -23.152267 47.00304 243.06403 -21.078144 47.00304 243.06403 -21.078144 47.00304 242.19666 -22.398041 47.00304 242.19666 -22.398041 47.00304 240.80133 -23.152267 47.00304 240.80133 -23.152267 47.00304 239.89627 -23.435101 54.243614 239.89627 -23.435101 54.243614 239.17975 -23.2654 54.281326 239.17975 -23.2654 54.281326 147.31497 -27.489067 53.772224 236.76624 -21.13471 54.394459 236.76624 -21.13471 54.394459 239.95282 -26.414295 53.508244 239.93399 -25.924049 53.640232 239.91513 -24.736141 53.923065 242.51721 -25.810913 53.6968 242.76233 -28.450706 52.226059 246.13748 -27.903893 52.226059 249.43723 -26.979965 52.226059 252.60498 -25.660069 52.226059 255.58417 -23.963058 52.226059 258.3371 -21.926649 52.226059 260.82605 -19.569691 52.207203 260.8826 -15.383736 53.677944 262.57962 -12.762798 53.677944 263.93723 -9.9721603 53.677944 264.95544 -7.0495338 53.677944 263.27728 -3.6366577 54.224758 263.46585 1.9823265 54.224758 262.3345 7.5070343 54.224758 258.50681 9.7508583 54.394459 257.60172 11.127323 54.394459 256.39496 12.975178 54.394459 254.56598 14.898453 54.394459 243.17715 18.876999 54.394459 243.17715 18.876999 54.394459 243.44113 20.008339 54.394459 243.44113 20.008339 54.394459 243.42227 20.310028 54.394459 243.42227 20.310028 54.394459 243.06403 21.064255 47.00304 243.06403 21.064255 47.00304 242.19666 22.403008 47.00304 242.19666 22.403008 47.00304 242.19666 22.403008 47.00304 240.80133 23.157234 47.00304 240.80133 23.157234 47.00304 239.19861 23.157234 47.00304 239.19861 23.157234 47.00304 239.19861 23.157234 47.00304 237.80328 22.403008 47.00304 237.80328 22.403008 47.00304 237.80328 22.403008 47.00304 237.35074 22.195595 54.375603 237.35074 22.195595 54.375603 237.72787 22.478428 54.337891 237.72787 22.478428 54.337891 238.53867 23.119522 54.300179 238.53867 23.119522 54.300179 238.53867 23.119522 54.300179 239.91513 24.741108 53.923065 239.93399 25.929016 53.640232 239.93399 26.381554 53.5271 147.42812 30.605217 52.508892 147.42812 30.605217 52.508892 147.42812 30.605217 52.508892 53.5835 30.265816 52.848297 53.5835 30.228104 52.867149 53.545788 29.19104 53.22541 53.545788 29.19104 53.22541 53.470364 26.419258 53.395111 53.470364 26.419258 53.395111 53.470364 26.419258 53.395111 124.06595 23.326935 54.017345 124.06595 23.326935 54.017345 124.06595 23.326935 54.017345 124.06595 23.326935 54.017345 124.08481 23.326935 54.017345 124.08481 23.326935 54.017345 125.42355 22.666985 54.017345 125.42355 22.666985 54.017345 125.42355 22.666985 54.017345 125.5367 22.51614 54.017345 125.5367 22.51614 54.017345 126.32863 21.535645 54.036201 126.32863 21.535645 54.036201 126.42291 21.120823 54.036201 126.42291 21.120823 54.036201 126.44176 20.008339 44.608372 126.44176 20.008339 44.608372 126.2532 18.952419 44.608372 126.2532 18.952419 44.608372 126.42291 18.876999 54.036201 126.42291 18.876999 54.036201 124.06595 -16.66592 54.017345 124.06595 -16.66592 54.017345 124.06595 -16.66592 54.017345 124.06595 -16.66592 54.017345 124.08481 -16.684774 54.017345 124.08481 -16.684774 54.017345 124.02824 -16.911043 44.608372 124.02824 -16.911043 44.608372 124.02824 -16.911043 44.608372 125.40471 -17.646414 44.608372 125.40471 -17.646414 44.608372 125.40471 -17.646414 44.608372 125.5367 -17.495569 54.017345 125.5367 -17.495569 54.017345 126.32863 -18.476063 54.036201 126.32863 -18.476063 54.036201 126.32863 -18.476063 54.036201 236.55881 -20.003372 54.394459 236.55881 -20.003372 54.394459 236.70966 -21.002722 54.394459 236.70966 -21.002722 54.394459 236.93591 -21.078144 47.00304 236.93591 -21.078144 47.00304 243.25256 -20.003372 47.00304 243.25256 -20.003372 47.00304 243.38455 -20.625608 54.394459 243.38455 -20.625608 54.394459 243.42227 -20.323917 54.394459 243.42227 -20.323917 54.394459 244.34619 -20.455908 54.394459 243.36569 -20.757597 54.394459 243.36569 -20.757597 54.394459 243.19601 -21.115854 54.394459 243.19601 -21.115854 54.394459 242.66806 -22.171772 54.356747 242.66806 -22.171772 54.356747 242.27206 -22.473463 54.337891 242.27206 -22.473463 54.337891 241.38586 -23.152267 54.281326 241.38586 -23.152267 54.281326 240.82019 -23.2654 54.262466 240.82019 -23.2654 54.262466 239.91513 -23.548235 54.224758 245.57181 -25.320667 53.6968 248.56985 -24.472162 53.6968 251.43594 -23.284256 53.6968 254.13229 -21.738092 53.6968 256.64008 -19.890238 53.677944 258.90277 -17.759548 53.677944 258.95935 -13.969561 54.224758 261.74997 -9.0670891 54.224758 260.24152 -5.2393913 54.394459 260.58093 -3.2218361 54.394459 260.86377 -1.4494019 54.394459 260.78833 1.7560577 54.394459 260.76947 2.416008 54.394459 259.97754 6.1871376 54.394459 259.78897 6.6585312 54.394459 242.29092 17.500534 54.394459 242.29092 17.500534 54.394459 243.10172 18.48103 54.394459 243.10172 18.48103 54.394459 243.06403 18.933567 47.00304 243.06403 18.933567 47.00304 243.25256 20.008339 47.00304 243.25256 20.008339 47.00304 236.93591 21.064255 47.00304 236.93591 21.064255 47.00304 236.76624 21.120823 54.394459 236.76624 21.120823 54.394459 147.31497 27.494034 53.772224 145.09001 23.704048 54.149338 126.68689 20.008339 54.036201 126.68689 20.008339 54.036201 126.68689 19.895203 54.036201 126.68689 19.895203 54.036201 126.68689 19.895203 54.036201 125.42355 -17.344723 54.017345 125.42355 -17.344723 54.017345 125.42355 -17.344723 54.017345 236.89822 -18.476063 54.394459 236.89822 -18.476063 54.394459 236.82278 -18.872032 54.394459 236.82278 -18.872032 54.394459 236.82278 -18.872032 54.394459 236.74738 -20.003372 47.00304 236.74738 -20.003372 47.00304 243.06403 -18.928598 47.00304 243.06403 -18.928598 47.00304 242.8566 -18.080093 54.394459 242.8566 -18.080093 54.394459 243.19601 -18.890888 54.394459 243.19601 -18.890888 54.394459 243.38455 -19.324568 54.394459 243.38455 -19.324568 54.394459 243.44113 -20.003372 54.394459 243.44113 -20.003372 54.394459 244.49704 -20.39934 54.394459 245.06271 -23.001421 54.243614 250.38 -21.13471 54.224758 255.11279 -18.061239 54.224758 254.45282 -15.100901 54.394459 256.82864 -12.385685 54.394459 256.97949 -12.197128 54.394459 258.94049 -8.8785324 54.394459 259.24216 -8.0300274 54.394459 242.10239 17.274265 54.394459 242.10239 17.274265 54.394459 242.10239 17.274265 54.394459 242.19666 17.594814 47.00304 242.19666 17.594814 47.00304 242.19666 17.594814 47.00304 236.93591 18.933567 47.00304 236.93591 18.933567 47.00304 236.74738 20.008339 47.00304 236.74738 20.008339 47.00304 236.74738 20.008339 47.00304 236.70966 21.007687 54.394459 236.70966 21.007687 54.394459 236.70966 21.007687 54.394459 147.20184 23.628624 54.149338 237.70901 -17.495569 54.394459 237.70901 -17.495569 54.394459 237.89755 -17.2693 54.394459 237.89755 -17.2693 54.394459 237.89755 -17.2693 54.394459 237.89755 -17.2693 54.394459 237.80328 -17.608702 47.00304 237.80328 -17.608702 47.00304 237.80328 -17.608702 47.00304 236.93591 -18.928598 47.00304 236.93591 -18.928598 47.00304 242.19666 -17.608702 47.00304 242.19666 -17.608702 47.00304 241.91382 -17.137312 54.394459 241.91382 -17.137312 54.394459 242.27206 -17.495569 54.394459 242.27206 -17.495569 54.394459 248.02304 -19.305712 54.394459 249.19211 -18.702332 54.394459 251.43594 -17.514423 54.394459 253.35919 -15.96826 54.394459 240.82019 16.689743 54.394459 240.82019 16.689743 54.394459 240.80133 16.840588 47.00304 240.80133 16.840588 47.00304 240.80133 16.840588 47.00304 237.80328 17.594814 47.00304 237.80328 17.594814 47.00304 237.72787 17.500534 54.394459 237.72787 17.500534 54.394459 237.14334 18.08506 54.394459 237.14334 18.08506 54.394459 236.80392 18.876999 54.394459 236.80392 18.876999 54.394459 236.61539 19.329533 54.394459 236.61539 19.329533 54.394459 236.55881 20.008339 54.394459 236.55881 20.008339 54.394459 236.55881 20.008339 54.394459 239.17975 -16.684774 54.394459 239.17975 -16.684774 54.394459 239.19861 -16.854477 47.00304 239.19861 -16.854477 47.00304 239.19861 -16.854477 47.00304 240.80133 -16.854477 47.00304 240.80133 -16.854477 47.00304 240.80133 -16.854477 47.00304 240.83905 -16.684774 54.394459 240.83905 -16.684774 54.394459 240.6882 -16.628208 54.394459 240.6882 -16.628208 54.394459 240.6882 -16.628208 54.394459 240.6882 16.633175 54.394459 240.6882 16.633175 54.394459 240.6882 16.633175 54.394459 239.19861 16.840588 47.00304 239.19861 16.840588 47.00304 239.19861 16.840588 47.00304 238.08612 17.142277 54.394459 238.08612 17.142277 54.394459 239.31174 -16.628208 54.394459 239.31174 -16.628208 54.394459 239.31174 -16.628208 54.394459 239.31174 16.633175 54.394459 239.31174 16.633175 54.394459 239.31174 16.633175 54.394459 239.16089 16.689743 54.394459 239.16089 16.689743 54.394459 </float_array>
          <technique_common>
            <accessor count="2744" offset="0" source="#meshId0-positions-array" stride="3">
              <param name="X" type="float" />
              <param name="Y" type="float" />
              <param name="Z" type="float" />
            </accessor>
          </technique_common>
        </source>
        <source id="meshId0-normals" name="meshId0-normals">
          <float_array id="meshId0-normals-array" count="8232"> -0.42782098 0.90347284 0.026572794 0 0.99960351 0.02815786 0 0 1 -0.7180534 0.69552648 0.025343141 0 0 1 0.014250125 0.99954832 0.026464641 0.47279862 0.8807562 0.027017126 0 0 1 0.94659281 0.32143664 0.025310028 0 0 1 0.46313438 0.88587898 0.026926477 0.80008262 0.59936482 0.025089597 0 0 1 0 0 1 -0.95062226 0.30932954 0.025148796 -0.0059053865 0 0.9999826 -0.96748668 0.25217709 0.019398306 -0.0059053865 0 0.9999826 -0.86898464 0.49423522 0.02444027 -0.0059053865 0 0.9999826 -0.75812268 0.65181786 0.019582605 -0.0059053865 0 0.9999826 -0.5564025 0.83045173 0.027681785 -0.0059170821 -0.0019723407 0.99998051 -0.4067792 0.9132852 0.020995142 -0.4067792 0.9132852 0.020995142 -0.0060583828 -0.026253115 0.99963695 0.012189914 0.99957681 0.026411604 -0.0042325421 -0.080417335 0.99675232 0.022528492 0.99944407 0.024576526 0.022528492 0.99944407 0.024576526 -0.0062881792 -0.067074165 0.99772823 0.46313438 0.88587898 0.026926477 0.45131123 0.89187717 0.029550197 -0.0079049068 -0.0019762116 0.99996686 0.78203452 0.62283456 0.022343755 -0.0079049068 -0.0019762116 0.99996686 0.78203452 0.62283456 0.022343755 -0.0078892708 0 0.99996889 0.87901741 0.47602177 0.027046753 -0.0078892708 0 0.99996889 0.97748965 0.21013671 0.018888617 0.99817246 0.054867886 0.025323648 0 0 1 0 0 1 -0.99823105 -0.054755341 0.023165677 -0.98908937 0.14518744 0.024954135 -0.0059286803 0.0039524534 0.99997461 -0.0061182468 -0.03670923 0.99930727 -0.014335031 0.03276591 0.99936026 -0.2973702 0.32413357 0.89805812 0.96982872 0.049229842 0.23876491 -0.012630187 0.065256223 0.99778861 -0.064149745 0.070785895 0.99542665 0.68172306 0.73160505 -0.0027712209 0.69997269 0.71397215 -0.016799366 0.037840422 0.037840422 -0.9985671 0.79978788 0.59698445 0.062840402 0.041958939 0.031469237 -0.99862361 0.38729137 0.20092548 0.8997969 0.041958939 0.031469237 -0.99862361 0.30580777 0.31174558 0.89960897 0.80457395 0.59385234 0 -0.86536318 0.1999287 0.45953777 -0.94293123 0.14673869 0.29891196 -0.74921298 0.096956961 0.6551941 -0.6773622 0.069473147 0.73236185 -0.95009685 0.11677173 0.28927535 -0.8088873 0.045094762 0.58623189 -0.66881204 0 0.74343157 -0.89546579 -0.0052674254 0.44509915 -0.67775136 -0.063449189 0.73254848 -0.95078057 -0.10271601 0.29234532 -0.73699546 -0.048561707 0.67415094 -0.94008201 -0.16767548 0.29686806 -0.74029005 -0.10956286 0.6632998 -0.66799331 -0.13841304 0.7311818 -0.93830371 -0.20882136 0.27564409 -0.8679328 -0.21249403 0.44893083 -0.89705968 0.4051238 0.17651825 -0.81729472 -0.26515278 0.51158893 -0.83982611 -0.37430468 0.39317712 -0.75718164 -0.40645257 0.51134354 -0.8337608 -0.48351938 0.26655555 -0.89705968 0.4051238 0.17651825 -0.88343549 -0.39529985 0.25155443 -0.800919 -0.58437419 0.13052018 -0.83087248 -0.54715997 0.10132588 -0.85807467 -0.50691533 0.082125992 -0.87308669 -0.46136355 0.15768123 -0.89495021 -0.42467374 0.13680767 -0.91914386 -0.38658112 0.075694241 -0.89705968 0.4051238 0.17651825 -0.91813296 -0.37886822 0.11614934 -0.93128753 -0.32065284 0.17287375 -0.95675844 -0.25636894 0.13743486 -0.95360875 -0.24713247 0.17191821 -0.97128266 -0.18403259 0.1508044 -0.97814161 -0.13937904 0.15431245 -0.98204213 -0.10965734 0.15352024 -0.97717935 -0.1246402 0.17200345 -0.97902966 -0.057873752 0.19532366 -0.9895432 -0.013463121 0.14360717 -0.98809934 -0.011279629 0.15340351 -0.98221993 0.057216775 0.17880224 -0.97901618 0.13384029 0.1536684 -0.97642606 0.13269374 0.1702486 -0.9667818 0.18711914 0.17412466 -0.95705253 0.25380397 0.14012089 -0.93248218 0.31732228 0.17257881 -0.86104232 0.49531543 0.11518972 -0.87236422 0.4582116 0.17036077 -0.87483019 0.40260345 0.26941144 -0.94780898 -0.067515224 0.31160846 -0.89585942 0.42375565 0.13366792 -0.92051613 0.38332349 0.075584948 -0.94780898 -0.067515224 0.31160846 -0.9163835 0.37717018 0.13410491 -0.9228608 0.37457299 0.089571774 -0.94780898 -0.067515224 0.31160846 -0.83685368 0.28621027 0.46664724 -0.66957092 0.15148661 0.72713584 -0.51557606 0.061645079 0.8546235 -0.50826305 0.02732604 0.86076832 -0.52319235 0.0026968576 0.85221028 -0.51236814 -0.021802982 0.85848916 -0.51541239 -0.052934207 0.85530579 -0.48364601 -0.072686754 0.87224025 -0.63661468 -0.21844614 0.73959649 -0.59869009 -0.30578259 0.74031574 -0.67868966 -0.50397766 0.53421623 -0.71824247 -0.64514709 0.26060122 -0.75526792 -0.64568013 0.11254976 -0.69612479 -0.71360058 0.078641668 -0.69941515 -0.71102357 0.072553419 -0.66439366 -0.73622018 0.12868884 -0.63198847 -0.76139569 0.14445451 -0.59075469 -0.77204478 0.23442657 -0.59356129 -0.80101979 0.077796839 -0.59628224 -0.79982108 0.068801805 -0.54506087 -0.82931316 0.12307824 -0.33286741 -0.94139093 0.054611102 0.24291596 -0.13059993 -0.96121567 -0.31041878 -0.94921422 0.051308837 -0.36387959 -0.92842829 0.074916445 0.23936509 -0.14467123 -0.96009088 -0.34702873 -0.93512309 0.071524963 -0.36395535 -0.92741245 0.086270913 0.23471412 -0.15295975 -0.9599545 -0.38774341 -0.91988814 0.058830071 -0.44220781 -0.89275914 0.086216629 0.22574873 -0.17263134 -0.95876795 -0.45026621 -0.892492 0.02680154 0.21566591 -0.18637797 -0.95851523 -0.46411902 -0.88455611 0.046411887 -0.49402773 -0.86093736 0.12134013 -0.4564223 -0.88824672 0.051928241 0.22219339 -0.16929023 -0.9601931 -0.55292374 -0.83217835 0.041888177 0.18406156 -0.22140731 -0.95765346 -0.57733893 -0.81556129 0.03923665 0.15741391 -0.25079513 -0.95515579 -0.56579089 -0.82347769 0.042014182 0.19587894 -0.19587894 -0.96086574 -0.61540467 -0.78635025 0.054132778 0.14733732 -0.23679209 -0.96032357 -0.66252279 -0.7478264 0.042651702 0.15676704 -0.21424823 -0.96411711 -0.6837129 -0.72698599 0.063467048 0.19650412 -0.1781638 -0.96418035 -0.67606062 -0.73384356 0.06645041 0.12912309 -0.22467422 -0.96584094 -0.71592832 -0.69580168 0.057504229 0.11709227 -0.2138208 -0.96982992 -0.80076844 -0.59703928 0.048102684 0.051621631 -0.23352665 -0.97097921 -0.8349877 -0.54926091 0.033288587 -0.071690969 -0.27908289 -0.95758706 -0.84242857 -0.53760242 0.036024936 0.12388955 -0.16353421 -0.97872764 -0.87243235 -0.48591167 0.052456342 0.042508058 -0.18184014 -0.98240888 -0.90121543 -0.43031007 0.051420666 -0.0022946983 -0.18816595 -0.98213464 -0.91287154 -0.40392563 0.059242431 0.1238203 -0.13353173 -0.98327905 -0.91249537 -0.40344742 0.067692518 0.034327108 -0.14646229 -0.98862046 -0.94399744 -0.32587311 0.051725846 -0.043606982 -0.14000148 -0.98919052 -0.95687622 -0.28605026 0.050628327 0.2083652 -0.068638004 -0.97563964 -0.27913982 -0.12760678 -0.95173389 -0.96809769 -0.24511933 0.051995043 -0.27913982 -0.12760678 -0.95173389 -0.98602587 -0.16240419 0.037120972 -0.29891196 -0.14673862 -0.94293129 -0.98325121 -0.17834632 0.037546586 -0.34533417 -0.13813363 -0.92825818 0.02275438 -0.035165794 -0.99912244 -0.99113375 -0.12103702 0.054809239 -0.99384075 -0.094224237 0.058329239 -0.097450882 -0.039866239 -0.99444157 -0.99676436 -0.06297642 0.049946807 -0.035024002 -0.018542115 -0.99921441 -0.99684352 -0.038922291 0.069195211 0.087456286 -0.0063992119 -0.99614775 -0.34069899 0.049414333 -0.93887293 -0.9983148 0.0020711846 0.057993423 -0.34069899 0.049414333 -0.93887293 0.059116896 0.063495979 -0.99622959 -0.99009699 0.12462769 0.064621754 -0.055630457 0.086783536 -0.99467278 -0.98440933 0.16564575 0.059159275 -0.15286814 0.10433849 -0.98272318 -0.98481482 0.16842447 0.042106081 -0.095279969 0.13577394 -0.9861477 -0.96734893 0.24803813 0.052087966 0.018201595 0.15698811 -0.98743272 -0.94506782 0.32276911 0.05164301 0.086054206 0.15059493 -0.98484302 -0.91475391 0.39783674 0.070365749 -0.91454428 0.39927003 0.064746581 0.042106152 0.16842432 -0.98481494 -0.91454428 0.39927003 0.064746581 -0.088127069 0.22913051 -0.96939808 -0.90246034 0.42833191 0.045796484 0.023674879 0.20833838 -0.97777027 -0.87528658 0.48044121 0.055223085 0.048696369 0.22156869 -0.97392815 -0.84793901 0.52822429 0.044482045 0.02406154 0.2333964 -0.97208399 -0.84793901 0.52822429 0.044482045 0.095234603 0.2130245 -0.97239435 -0.8216176 0.56750917 0.053645108 -0.83078831 0.5461126 0.10747955 -0.78928411 0.60374343 0.11191335 0.12505656 0.20927833 -0.96982652 -0.78015131 0.62240034 0.063100599 -0.78833449 0.60663652 0.10257136 0.13984711 0.21753989 -0.96598095 -0.75039613 0.65874451 0.054418001 0.20116736 0.19057949 -0.96083868 -0.5880658 0.80681497 0.056817908 0.17658807 0.20821585 -0.96200991 -0.65742999 0.75175703 0.051451024 -0.64539748 0.75296384 0.12848198 -0.69777769 0.71231467 0.075592652 0.15940267 0.21166579 -0.96425533 -0.69126379 0.72006649 0.060485527 -0.699067 0.71071804 0.078645095 0.16235654 0.21211094 -0.96366453 -0.69093889 0.71984875 0.06649214 -0.74548346 0.65638202 0.11583222 -0.81466693 0.52238202 0.2518627 -0.77090502 0.35630065 0.5279727 -0.63736641 0.23234059 0.73469847 -0.49239653 0.087725826 0.86593866 -0.40773231 0.023674855 0.91279453 -0.41337326 0.013081381 0.91046768 -0.42601347 0.013148514 0.9046213 -0.42931786 0.0052355644 0.90313834 -0.4230226 0.0052224817 0.90610409 -0.42830932 0.0026116325 0.90362835 -0.43357995 0 0.90111518 -0.43460116 -0.0026180691 0.90061921 -0.42516747 -0.0026083791 0.90511096 -0.43133861 -0.010520413 0.90212882 -0.4238413 -0.015795266 0.90559864 -0.41968748 -0.013115181 0.90757394 -0.41311637 -0.021050598 0.9104349 -0.40550897 -0.026331812 0.91371179 -0.38696939 -0.036854252 0.92135578 -0.46470436 -0.11403798 0.87809175 -0.43961316 -0.15328608 0.88501054 -0.53702408 -0.38639554 0.74986905 -0.59086221 -0.62800229 0.50645345 -0.46311685 -0.74098688 0.48627263 -0.42660734 -0.87708056 0.22076178 -0.31202224 -0.94406718 0.10667425 -0.25912616 -0.96283174 0.076213613 0.24582626 -0.11385641 -0.96260381 -0.26097968 -0.96361732 0.057716671 -0.2324325 -0.96971822 0.074978232 0.25382575 -0.065341264 -0.96504045 -0.21541943 -0.97543818 0.045988373 -0.23139416 -0.97036242 0.069667086 0.24695845 -0.089108691 -0.96492022 -0.21445169 -0.97587526 0.040962659 -0.16353293 -0.98119724 0.10251313 0.23818064 -0.10500435 -0.96552783 -0.14674149 -0.98759401 0.055901542 0.24202479 -0.064872593 -0.96809888 -0.091603003 -0.99422783 0.055855487 -0.097220905 -0.99072748 0.094906129 0.23892985 -0.03657091 -0.97034788 -0.042644732 -0.99788594 0.049041413 -0.08414942 -0.98334646 0.16108605 -0.012704717 -0.99732417 0.071993656 -0.0062027965 -0.99864388 0.051689636 0.13724265 0.59670657 -0.7906363 0.2301289 -0.048963644 -0.97192764 -0.0020631917 -0.99855816 0.053641539 0.014534941 -0.99875319 0.047757376 0.12839489 0.63898814 -0.7584253 0.024089376 -0.99970782 0.0020074379 0.12551859 0.66943258 -0.73219192 0.13147929 0.63050276 -0.76497018 0.024137668 -0.99970055 -0.0040229242 0.227267 -0.048874669 -0.97260523 0.0039292276 -0.99999225 0 0.23299918 -0.04905251 -0.97123897 -0.014794931 -0.9976005 -0.067633934 0.23768441 -0.044106368 -0.97034055 -0.06297642 -0.99676436 -0.049946807 0.24345495 -0.044264521 -0.96890163 -0.11964425 -0.98586887 0.11725138 0.24287924 -0.083489731 -0.96645695 -0.19101647 -0.92980099 0.31461543 0.24205482 -0.094274037 -0.96567166 -0.19101647 -0.92980099 0.31461543 -0.086310342 -0.97654021 -0.19728084 -0.30931854 -0.92222732 0.23198886 0.25199789 -0.070559457 -0.96515203 -0.29887024 -0.94048178 0.16177379 0.25107658 -0.094794258 -0.96331429 -0.24511933 -0.96809769 -0.051995043 0.24037285 -0.13325012 -0.96149129 -0.31696063 -0.94838613 -0.0099829733 0.24141325 -0.13907507 -0.96040505 -0.38552257 -0.92268401 -0.0051402813 0.23471412 -0.15295975 -0.9599545 -0.46945351 -0.88289279 0.010669358 0.21830986 -0.18369982 -0.95843369 -0.49952626 -0.86602652 -0.021718532 0.21036769 -0.19172752 -0.9586376 -0.55529809 -0.83157939 -0.010941792 0.16313478 -0.24871381 -0.95473999 -0.63046807 -0.7689352 0.10605998 0.17763881 -0.21740872 -0.9597801 -0.60209626 -0.79714149 -0.045227885 -0.73173112 -0.65111661 0.20153609 0.13133313 -0.25215966 -0.95873207 -0.72946846 -0.66918188 0.14167364 0.18230097 -0.18230097 -0.96619499 -0.72531027 -0.68108416 0.10024612 0.18230097 -0.18230097 -0.96619499 -0.71125108 -0.70291615 -0.0055566281 0.19049406 -0.17744657 -0.96551788 -0.76095414 -0.64652491 -0.054353833 0.11451786 -0.21631163 -0.96958494 -0.83367884 -0.55214137 -0.01093345 -0.061312933 -0.28868172 -0.95545983 -0.87813514 -0.4660652 0.10799075 -0.096167527 -0.27550685 -0.95647675 -0.87604982 -0.47580993 0.078368723 0.06786193 -0.19146751 -0.97915018 -0.86016154 -0.50128615 -0.093991145 -0.91738284 -0.33071789 0.22143726 -0.0046249642 -0.19655868 -0.98048121 -0.92693073 -0.37287301 -0.042013858 0.11292558 -0.12974438 -0.9850961 -0.85408258 -0.39753664 -0.33542159 0.12734604 -0.11533231 -0.98513013 -0.85262322 -0.39208224 -0.34540579 -0.9370535 -0.20637494 0.28167376 -0.068552971 -0.15365313 -0.985744 0.061068594 -0.10178106 -0.99293053 -0.9370535 -0.20637494 0.28167376 -0.85017741 -0.26088467 -0.45731553 -0.27582833 -0.14193112 -0.95067042 -0.30738968 -0.15643938 -0.93863636 -0.81257534 -0.26564956 -0.51879811 -0.94189924 -0.095786318 0.32194859 0.095046997 -0.03978708 -0.99467742 -0.94189924 -0.095786318 0.32194859 -0.95914036 -0.12021925 -0.25611919 0.027108606 -0.039620213 -0.99884701 -0.91944194 -0.1218538 -0.37386948 -0.93773109 0.010137595 0.34721401 -0.050549176 -0.027380828 -0.99834621 -0.96967745 0.019297138 0.24362539 -0.79959124 0.013833791 -0.60038525 0.087271765 -0.0042571435 -0.99617541 -0.34069899 0.049414333 -0.93887293 0.087271765 0.0042571435 -0.99617541 -0.79959124 0.013833791 -0.60038525 -0.92818254 0.11192797 0.3548933 0.093435638 0.048942402 -0.99442166 -0.98351222 0.14050181 0.11385488 0.0084181754 0.069449678 -0.99755001 -0.95451474 0.1604227 -0.25132883 -0.10142311 0.085287675 -0.99118084 -0.85670149 0.15603161 -0.49164674 -0.92280817 0.22284535 0.31426907 -0.087775685 0.1016351 -0.99094188 -0.92280817 0.22284535 0.31426907 -0.88928998 0.30644453 -0.33949244 -0.89995587 0.34044379 0.27235511 0.022506241 0.1372882 -0.99027538 -0.91189384 0.36418402 0.18926096 0.088457741 0.14822657 -0.9849894 -0.91885573 0.37802786 0.11313248 0.08315178 0.14492175 -0.9859429 -0.90692419 0.4137328 -0.079458646 -0.85730404 0.46046031 0.23023015 0.0046249642 0.19655868 -0.98048121 -0.85617739 0.51642448 0.016308079 0.060990009 0.20980535 -0.97583914 -0.80852211 0.58750743 0.033571895 0.056380104 0.22306941 -0.97317082 -0.78116852 0.6232428 0.036661372 0.14337631 0.19458228 -0.97035098 -0.73167706 0.68160015 -0.0083460938 0.13123038 0.21614406 -0.96750212 -0.68570453 0.72768629 0.016792698 0.16203685 0.20907979 -0.9643805 -0.65251714 0.74786234 -0.12216085 0.15707402 0.21728565 -0.96338707 -0.63140458 0.77540904 -0.0083079226 0.17393672 0.21083242 -0.96192294 -0.57985163 0.81455362 0.016567128 0.19852461 0.19323048 -0.96085894 -0.58555704 0.80903047 0.050917979 0.20116736 0.19057949 -0.96083868 -0.50504041 0.86266381 0.027299549 0.21214488 0.18297492 -0.95995569 -0.55009967 0.83356953 0.050519336 0.21258192 0.18600905 -0.95927554 -0.47494787 0.87810123 0.057987764 0.22312275 0.17531069 -0.9588964 -0.48301294 0.8688516 0.10860638 0.22741371 0.16394949 -0.9598977 -0.24814503 0.96872002 -0.0023860007 0.24291596 0.13059993 -0.96121567 0.23521353 0.15592818 -0.95935446 -0.32287216 0.94555414 -0.04099964 0.2342145 0.15000267 -0.96054304 -0.35255221 0.93400037 0.057881813 0.23885176 0.14173612 -0.96065634 -0.35019037 0.93471879 0.06055934 0.2342145 0.15000267 -0.96054304 0.23212527 0.15562955 -0.96015489 0.23212527 0.15562955 -0.96015489 -0.43456283 0.89900196 0.054320313 -0.39391798 0.91914201 -0.0025746175 0.23521353 0.15592818 -0.95935446 -0.48851168 0.86495322 0.11494403 -0.53261954 0.84067506 0.097886801 -0.59555322 0.79982543 0.074803874 -0.61090696 0.78076875 0.13112153 -0.70378667 0.67236793 0.22935919 -0.69942707 0.51202089 0.49863458 -0.59416395 0.31645679 0.73947555 -0.46975231 0.12968627 0.87322062 -0.39467528 0.031574067 0.91827798 -0.37658036 0.033996865 0.92575997 -0.38062128 0 0.92473108 -0.37114197 -0.036591481 0.9278549 -0.35163525 -0.044279981 0.93508929 0.75257379 -0.0027668048 0.6585021 0.9663108 -0.024401765 0.25621864 0.75513834 -0.0027660639 0.65555966 0.78140372 -0.1183945 0.61269158 0.92355675 -0.21663682 0.31640375 0.45614535 -0.27122152 0.84756726 0.89214778 -0.27152333 0.36103654 0.78264385 -0.309863 0.5398643 0.85132116 -0.52195764 -0.053033091 0.5103609 -0.28983465 0.80964667 0.81502092 -0.43148172 0.38673556 0.69851243 -0.46790311 0.54143065 0.85132116 -0.52195764 -0.053033091 0.61088371 -0.61425871 0.49950701 0.59677345 -0.80217451 -0.019429842 0.19357976 -0.831788 0.52024567 0.54988432 -0.83194929 0.074077748 0.34434292 -0.56849051 0.74715889 0.59677345 -0.80217451 -0.019429842 0.46668208 -0.65805542 0.59090686 0.63286918 -0.77255654 0.051313695 0.34434292 -0.56849051 0.74715889 0.71538353 -0.69868207 0.0083507486 0.34434292 -0.56849051 0.74715889 0.71538353 -0.69868207 0.0083507486 0.40832698 -0.6008715 0.68718451 0.85132116 -0.52195764 -0.053033091 0.43083143 -0.62119865 0.65459645 0.71538353 -0.69868207 0.0083507486 0.93011332 -0.35252103 0.10304455 0.5276283 -0.28751013 0.79934126 0.90701413 -0.41862196 0.045619044 0.5276283 -0.28751013 0.79934126 0.93868339 -0.34477109 0.0025165677 0.48324132 -0.28059173 0.82930458 0.93868339 -0.34477109 0.0025165677 0.44807845 -0.26700562 0.8531903 0.44807845 -0.26700562 0.8531903 0.93435961 -0.32247809 0.15159218 0.97238797 -0.18073182 0.14764012 0.96783477 -0.0047912425 0.25154111 0.99665809 0.077493899 0.025831344 0.70997739 0.20863363 0.67260993 0.03979186 0.68783033 0.7247799 0.21121928 0.97597831 0.053411696 0 0 1 0.40157169 0.91483855 0.042550635 -0.0027597155 0.63473696 0.77272338 0.32821974 0.94457144 0.0075164544 -0.033365529 0.55887479 0.8285805 0.32821974 0.94457144 0.0075164544 -0.033365529 0.55887479 0.8285805 0.44523877 0.88473237 0.13788037 0.44523877 0.88473237 0.13788037 0.54306602 0.77443129 0.32455415 0.63931918 0.76067132 0.11247274 0.56784946 0.63207072 0.52728891 0.65832067 0.75031292 0.060369954 0.81036717 0.22184944 0.54229885 0.89987087 0.42929626 0.077053212 0.49579895 0.59698242 0.6307103 0.83236265 0.49633473 0.24662596 0.84066927 0.53471154 0.08578261 0.75175476 0.65884137 0.028155677 0 0 1 0.48447517 0.57867873 0.6560601 0.75013602 0.66123098 0.0083348127 0.44369578 0.56713015 0.69390029 0.75013602 0.66123098 0.0083348127 0.49233094 0.62384409 0.6069833 0.75013602 0.66123098 0.0083348127 0.15164642 0.98570168 0.073453739 0 0 1 -0.18846945 0.9819026 0.018614339 -0.11403162 0.99338996 0.013157433 -0.28926337 0.65566397 0.69744647 0.13171521 0.98786348 -0.082321934 0.03979186 0.68783033 0.7247799 0.29757646 0.94634664 0.12600084 -0.28867373 0.62545955 0.7248916 -0.11403162 0.99338996 0.013157433 -0.30346173 0.55261981 0.77622312 -0.11403162 0.99338996 0.013157433 -0.11403162 0.99338996 0.013157433 -0.278339 0.71344382 0.64305931 -0.4463084 0.84612632 0.29134023 -0.30346173 0.55261981 0.77622312 -0.32014242 0.88492173 0.33826363 -0.29093668 0.58826798 0.75451756 -0.27858147 0.65962994 0.69805503 -0.12110927 0.92483413 0.36057517 -0.12110927 0.92483413 0.36057517 0.13171521 0.98786348 -0.082321934 0.13171521 0.98786348 -0.082321934 0.060928792 0.92982495 0.36292303 0.0224673 0.67682487 0.73580122 -0.025046017 0.58997107 0.80703592 0.27791077 0.90173173 0.3311277 0.44645831 0.85622096 0.2599242 0.29187819 0.73450649 0.61262339 0.29198939 0.73157758 0.61606538 0.34671462 0.69669992 0.62801129 0.008090632 0.5097118 0.86030716 0.51568514 0.69650972 0.49894199 0.46687168 0.59786433 0.65160495 0.80453789 0.54360676 0.239187 0.56869495 0.54499924 0.61608601 0.62633657 0.4454692 0.63973409 0.83236265 0.49633473 0.24662596 0.62633657 0.4454692 0.63973409 0.62633657 0.4454692 0.63973409 0.8634488 0.45870724 0.20986596 0.8634488 0.45870724 0.20986596 0.65306669 0.39449188 0.64643639 0.25620547 0.37537092 0.89076114 0.76885867 0.27958483 0.5750553 0.97577399 0.21866745 0.0070537608 0.81036717 0.22184944 0.54229885 0.97577399 0.21866745 0.0070537608 0.73745155 0.24266569 0.63030034 0.69138312 0.22941336 0.68509781 0.97577399 0.21866745 0.0070537608 0.67363256 0.19158357 0.71380317 0.96568531 0.060042527 0.25267923 0.7431618 0.14802812 0.6525321 0.97921598 0.20194854 0.018785844 0.70997739 0.20863363 0.67260993 0.38652313 0.026116489 0.92190993 0.82482576 -0.0054624011 0.56536067 0.37288576 -0.14298619 0.916794 0.76669753 -0.22439925 0.6015147 0.3451046 -0.24274297 0.9066304 0.69873947 -0.42922568 0.57230097 0.24409834 -0.32837042 0.91246307 0.63860047 -0.38713083 0.66507071 0.21300739 -0.37641016 0.90163362 0.53588843 -0.5257774 0.66059202 0.58210176 -0.61256063 0.53472143 0.44162172 -0.72054058 0.53459466 0.59677345 -0.80217451 -0.019429842 0.41541699 -0.82766277 0.37736338 0.16959654 -0.79346955 0.58450234 0.39008448 -0.9205991 0.018203868 0.19357976 -0.831788 0.52024567 0.39008448 -0.9205991 0.018203868 0.13487029 -0.75527346 0.64138293 0.22291704 -0.91193324 0.34450802 0.10342495 -0.70919991 0.69737995 0.090943426 -0.71581346 0.69234419 0.16374972 -0.95296949 0.25502002 0.46440744 -0.79658777 -0.38700619 0.39008448 -0.9205991 0.018203868 0.46440744 -0.79658777 -0.38700619 0.12029783 -0.99014401 0.07171604 0.39008448 -0.9205991 0.018203868 0 -0.99947792 0.032306358 0 0 1 0.45769215 -0.88830197 0.037915349 0.65964532 -0.75149465 0.011133212 0 0 1 0.88800985 -0.4550361 0.066186979 0 0 1 0.93625343 -0.35109499 0.012720785 0 0 1 0.99884701 0.039620213 0.027108606 0.96323985 0.26824403 0.014631435 0 0 1 -0.9777739 0.20918727 0.014102454 -0.81556129 0.57733893 0.03923665 0 0 1 0 0 1 -0.83378851 0.55124247 0.030470734 -0.51470536 0.8569299 0.027378013 -0.406555 0.90563631 0.12056464 -0.278339 0.71344382 0.64305931 -0.32014242 0.88492173 0.33826363 -0.278339 0.71344382 0.64305931 -0.3121109 0.92201555 0.2290722 -0.26029038 0.79655147 0.54566908 -0.096540645 0.86886597 0.4855428 0.075732581 0.86952156 0.4880541 0.22128291 0.81751782 0.53169394 0.27776265 0.73431468 0.61937851 0.29561222 0.72939086 0.61692977 0.018978901 0.50158721 0.86489892 0.049529653 0.4815385 0.87502426 0.049529653 0.4815385 0.87502426 0.49128231 0.73028463 0.47468501 0.17399497 0.41468793 0.89317393 0.5306083 0.63537812 0.56102526 0.64683139 0.49186134 0.58282208 0.25196382 0.36757088 0.89521283 0.2788434 0.33817172 0.89882493 0.78989935 0.36432093 0.4932842 0.77456862 0.24460067 0.58327854 0.35065442 0.20406926 0.91400069 -0.054624543 0.06554956 0.99635309 0.37126672 0.13678242 0.91839623 -0.04643485 0.033770837 0.99835038 0.38606885 -0.034142178 0.92183799 -0.096323997 -0.0021405246 0.99534768 0.38606885 -0.034142178 0.92183799 0.69873947 -0.42922568 0.57230097 0.37288576 -0.14298619 0.916794 -0.058875788 -0.058875855 0.99652761 0.28738374 -0.32589912 0.90066665 -0.19059139 -0.03058877 0.98119277 0.69873947 -0.42922568 0.57230097 -0.088136718 -0.10669181 0.99037814 0.21397687 -0.38691717 0.89694422 0.42336878 -0.6667223 0.61338443 0.21300739 -0.37641016 0.90163362 0.17750795 -0.41903511 0.89044952 0.42336878 -0.6667223 0.61338443 0.045854755 -0.43157426 0.90091127 0.40907165 -0.63855076 0.65185386 0.005292004 -0.45776013 0.88906008 0.26421732 -0.71306849 0.64940172 0.28413239 -0.79872751 0.53038019 0.11632389 -0.84043944 0.52927321 0.091290101 -0.97705132 0.19244951 0.46440744 -0.79658777 -0.38700619 0.082677402 -0.95595747 0.28161994 0.17355169 -0.98019987 0.095331095 0.10832994 -0.98459923 0.13721806 0.044798959 -0.98321986 0.17683816 -0.01517597 -0.99511391 0.097560205 -0.29385293 -0.86625397 0.40404773 -0.01517597 -0.99511391 0.097560205 -0.072063342 -0.95483869 0.28825322 -0.30002567 -0.77559817 0.55536664 -0.20058614 -0.97960657 0.01166201 -0.31308419 -0.73590893 0.6003468 -0.32037961 -0.78172606 0.53503388 -0.20469628 -0.97825813 0.033322677 -0.36893851 -0.64893621 0.6654067 -0.2174191 -0.973445 0.071649529 -0.44592845 -0.74321407 0.49877924 -0.59157515 -0.77741027 0.21371032 -0.58218706 -0.80199242 0.13366544 -0.20886254 -0.97709298 0.040812224 -0.51830697 -0.53176957 0.66976041 -0.57948023 -0.80776024 0.10828673 -0.01243304 -0.99878627 0.047659934 -0.5476805 -0.83549225 0.044708613 0 0 1 -0.63942856 -0.76843596 0.025240587 0 0 1 -0.91650301 -0.39916474 0.026260814 0 0 1 0 0 1 -0.98351079 -0.17903154 0.025575904 -0.984927 0.17109068 0.025432434 -0.98749644 -0.08248774 0.1343372 -0.74202478 0.14478534 0.65455049 -0.98991251 0.1024851 0.097826704 -0.74202478 0.14478534 0.65455049 -0.96790278 0.24930823 0.031774614 -0.77970988 0.19339262 0.5955264 -0.97174776 0.22558436 0.0694106 -0.90141433 0.41102222 0.13606253 -0.86317432 0.382263 0.32985598 -0.79879087 0.56529826 0.20584224 -0.80975759 0.58666098 -0.011017066 -0.56660062 0.67723882 0.46937343 -0.52317363 0.85186952 0.024652243 -0.56660062 0.67723882 0.46937343 -0.52317363 0.85186952 0.024652243 -0.56660062 0.67723882 0.46937343 -0.52317363 0.85186952 0.024652243 -0.56894273 0.60958135 0.55200976 -0.52317363 0.85186952 0.024652243 -0.54474843 0.79833817 0.25672048 -0.44099039 0.77418327 0.45405692 -0.33466429 0.594598 0.73106295 -0.28671736 0.40262428 0.86930257 -0.1327929 0.82331699 0.55182892 -0.18827434 0.69754082 0.69136792 -0.075526096 0.67392623 0.73492813 0.15084824 0.7663092 0.62451184 -0.08724834 0.47564515 0.87529957 0.17326197 0.78423798 0.59577769 0.032777995 0.49440074 0.86861581 0.032777995 0.49440074 0.86861581 0.17326197 0.78423798 0.59577769 0.048157249 0.4066599 0.91230953 -0.17447458 0.12213223 0.97705799 0.069424435 0.46930856 0.88030088 -0.18017754 0.12262076 0.97596121 -0.12598923 0.12841208 0.98368549 0.16698349 0.36226916 0.91699374 0.23395692 0.27341956 0.93300909 0.32061464 0.27649334 0.9059568 -0.082979016 0.10372384 0.9911387 -0.19316234 0.045309655 0.98012006 0.38652313 0.026116489 0.92190993 -0.16540316 0.03960358 0.9854306 -0.23514454 0.019195547 0.97177082 -0.21271849 0.0046751131 0.97710234 -0.18231979 -0.013847014 0.98314172 -0.31919318 -0.017593414 0.9475264 0.64645684 -0.76219815 0.033875514 0.21397687 -0.38691717 0.89694422 -0.29771101 0.0049208235 0.95464337 -0.28533271 0.0024387322 0.95842546 0.50594878 -0.86228895 0.021761153 -0.27953252 -0.0024307079 0.96013319 -0.96358436 0.1298631 0.23375368 -0.96358436 0.1298631 0.23375368 -0.99066269 -0.029336279 0.13314143 -0.99927801 0.028845156 0.024724437 0 0 1 0.36799076 -0.92911136 0.036538109 0 0 1 0.71533608 -0.69850457 0.019636599 0.52371752 -0.63521862 0.56764203 0.70560563 -0.70840561 0.016800068 0.71673769 -0.24312252 0.65358901 0.80550575 -0.54934865 0.22220835 0.54407477 -0.67841405 0.49369735 0.80032903 -0.58847713 0.11475296 0.86459482 -0.41854945 0.27801466 0.49123245 -0.31692424 0.81132591 0.87167174 -0.2925891 0.3931666 0.50504982 -0.28232592 0.8156082 0.90980411 -0.31594491 0.26913825 0.95025748 -0.30470216 0.064555608 0.50504982 -0.28232592 0.8156082 0.51429695 -0.2478539 0.82101595 0.92807513 -0.29516762 0.22705202 0.19096825 0.63142723 0.75155234 0.54162449 0.84007072 0.030397348 0.10899279 0.99228787 -0.059037708 0.55131233 0.82983989 0.086142577 0.24681939 0.67084235 0.69932157 0.55981767 0.82706714 0.050636746 0.51521176 0.8559162 0.044319287 0.10120554 0.99445426 -0.028601587 0.097353078 0.99516529 -0.012980432 0.55131233 0.82983989 0.086142577 0.39241651 0.91915023 -0.034237716 0.24681939 0.67084235 0.69932157 0.55131233 0.82983989 0.086142577 0.16097905 0.98657191 0.027596451 0.066867843 0.8720693 0.4847925 0.13816671 0.94278485 0.30342498 0.11247996 0.89702702 0.42742345 0.39241651 0.91915023 -0.034237716 0.39241651 0.91915023 -0.034237716 0.3060165 0.86908704 0.38864103 0.22230646 0.66065687 0.71701622 0.16017216 0.60140055 0.78272748 0.52049077 0.79191196 0.31931934 0.5438804 0.83905149 0.013665282 0.5438804 0.83905149 0.013665282 0.15308134 0.58230954 0.79842448 0.75165659 0.65143573 0.10316852 0.15308134 0.58230954 0.79842448 0.68372011 0.67733002 0.27157095 0.63463187 0.67099106 0.38342336 0.34161317 0.44915804 0.82556504 0.35981503 0.41978395 0.83325535 0.83526355 0.5404647 0.10115645 0.35981503 0.41978395 0.83325535 0.69418937 0.60493618 0.39006814 0.88724965 0.19684012 0.41718364 0.88724965 0.19684012 0.41718364 0.67723882 0.46937343 0.56660062 0.85809702 0.51322895 0.016292918 0.38062537 0.38691688 0.83989263 0.88724965 0.19684012 0.41718364 0.62781614 0.50292784 0.59406251 0.67100108 0.46970087 0.57370609 0.86949414 0.38269991 0.31228304 0.69179267 0.2786386 0.66617066 0.93070471 0.30648586 0.19963747 0.84394765 0.53631502 0.010889605 0.71070701 0.51384467 0.48047805 0.93070471 0.30648586 0.19963747 0.74739307 0.10634837 0.65581524 0.99233025 0.1110141 0.054374188 0.85913944 0.51171315 0.0053864336 0.71070701 0.51384467 0.48047805 0.93070471 0.30648586 0.19963747 0.73229277 0.15800503 0.66240597 0.73184955 0.10962921 0.67259032 0.98881936 0.14257397 0.043691989 0.69910294 0.10029322 0.70795226 0.98974419 0.14171337 0.017995279 0.98245585 0.18636748 0.0069024735 0.9151147 0.40233502 0.026296463 0.82768238 0.56095421 0.016498588 0.81858581 0.57356703 0.030627416 0.73848158 0.67389947 0.022463229 0.49631429 0.86787182 0.021696713 0.50296313 0.86378473 0.030068506 0.48044485 0.87578231 0.046671774 0 0 1 0.063027307 0.9979322 0.01260541 0.10761331 0.99318117 0.044838842 0.16726789 0.95847046 0.23098867 0.045405325 0.99891537 0.010319335 0.16726789 0.95847046 0.23098867 0.045405325 0.99891537 0.010319335 -0.076138578 0.99632806 0.039156981 -0.084273703 0.99615914 0.023769565 -0.042170066 0.99432635 0.097657084 0.031600151 0.99088991 0.1309149 0.065013997 0.91019475 0.40904579 0.035990685 0.94089884 0.33676976 0.14424558 0.84486705 0.51516283 0.29763982 0.80109435 0.51928639 0.4444963 0.72645313 0.52410769 0.57830703 0.62227178 0.52757835 0.55516559 0.49796653 0.66619843 0.27505499 0.31016842 0.9100222 0.86949414 0.38269991 0.31228304 0.86949414 0.38269991 0.31228304 0.35359445 0.17255412 0.9193455 0.9698748 0.041636027 0.24001949 0.71395195 0.20176899 0.67049384 0.9698748 0.041636027 0.24001949 0.72847164 0.060465969 0.68240231 0.99327642 0.109372 0.037945382 0.72766185 0.028204015 0.68535596 0.98815536 0.11084322 0.1061265 0.72883642 -0.13197044 0.67184925 0.88111234 -0.26162723 0.39394438 0.92178887 -0.31489685 0.22615318 0.98937047 0.14133866 0.034194842 0.76954985 -0.34597415 0.53674477 0.76954985 -0.34597415 0.53674477 0.6920349 -0.30721182 0.65322936 0.84592158 -0.47199968 0.24825957 0.63716602 -0.42366534 0.64383787 0.80550575 -0.54934865 0.22220835 0.66601419 -0.37257224 0.64623147 0.89731205 -0.41874558 0.13958186 0.94677538 -0.29502919 0.12874 0.94677538 -0.29502919 0.12874 0.95025748 -0.30470216 0.064555608 0.97226918 -0.23286444 0.021605898 0.97872323 0.20506573 0.0069908528 0.9849332 0.17287515 0.0045493278 0 0 1 0.95819491 0.28573415 0.014779299 0.48255762 0.87514687 0.035442118 0.81556129 0.57733893 0.03923665 0 0 1 0 0 1 -0.17033549 0.98467875 0.037333794 -0.33453029 0.84414172 0.41894433 -0.462845 0.88436472 0.060610771 -0.3193033 0.75149179 0.57732624 -0.2109604 0.9774496 0.0093759801 -0.30136102 0.75660855 0.58028018 -0.21502458 0.97378975 0.074146442 -0.28007716 0.7606644 0.58561623 -0.16855589 0.95514995 0.24346966 -0.082098365 0.95952654 0.26938584 -0.074678086 0.95536405 0.2858367 -0.074678086 0.95536405 0.2858367 -0.087467194 0.95956677 0.26754686 -0.17147857 0.69816232 0.69510025 -0.17147857 0.69816232 0.69510025 -0.027910721 0.98385674 0.1767686 0.090716958 0.99572676 -0.017279424 -0.090943523 0.69234419 0.7158134 -0.13206132 0.45360187 0.88136554 0.051421799 0.75704086 0.65134084 0.11892276 0.75218707 0.64812958 -0.083143353 0.43788826 0.89517653 0.16429786 0.63893569 0.75151002 0.21742395 0.59946853 0.77030146 0.44150138 0.6053918 0.66225177 0.11187649 0.41394264 0.90340191 0.47388333 0.58815306 0.65537047 0.23291677 0.37738413 0.89628732 0.53119117 0.61577559 0.5819419 0.059720609 0.24385883 0.96797025 0.29908949 0.29029259 0.90899706 0.033838872 0.048643135 0.99824286 0.38457331 0.10163717 0.91748202 0.9698748 0.041636027 0.24001949 0.39241651 -0.034237716 0.91915023 0.72883642 -0.13197044 0.67184925 0.37870488 -0.15261243 0.91284829 0.72421432 -0.29934195 0.62121493 0.32456291 -0.26023504 0.90936059 0.68567485 -0.29294097 0.66636008 0.29285964 -0.31652516 0.90224445 0.66808993 -0.57408744 0.47337034 0.62843931 -0.43455905 0.64515311 0.80550575 -0.54934865 0.22220835 0.58970869 -0.57276291 0.56937367 0.58970869 -0.57276291 0.56937367 0.47070855 -0.60855901 0.6388188 0.41600844 -0.61236453 0.67226982 0.70560563 -0.70840561 0.016800068 0.44179785 -0.62253326 0.64596194 0.70560563 -0.70840561 0.016800068 0.61341089 -0.72640759 0.3099339 0.58900213 -0.78938431 0.17305741 0.011066202 -0.61141002 0.79123652 0.35689905 -0.93362731 0.031034742 0.011066202 -0.61141002 0.79123652 0.19351789 -0.94851065 0.25075573 -0.062203292 -0.99739718 -0.036463976 0.34366539 -0.93866831 0.028211391 0.011066202 -0.61141002 0.79123652 0.34366539 -0.93866831 0.028211391 0.35067263 -0.93598682 0.030941751 -0.089132681 -0.99567813 0.02608767 0 0 1 0 0 1 0.91923565 -0.3928358 0.026189111 0.98215276 0.18663236 0.0233291 0.97275692 -0.23057944 0.024018746 0 0 1 -0.9151147 0.40233502 0.026296463 -0.8584891 0.5123682 0.021802982 -0.677297 0.73007357 0.090892695 0 0 1 0 0 1 -0.62107915 0.78334332 0.025178965 -0.52416623 0.58503735 0.61885464 -0.57364678 0.81623387 0.068495236 -0.47274113 0.76163888 0.4431951 -0.47274113 0.76163888 0.4431951 -0.16855589 0.95514995 0.24346966 -0.33008572 0.78836042 0.51916409 -0.18109982 0.9834407 -0.0068771816 -0.25033993 0.69714922 0.67179823 -0.25033993 0.69714922 0.67179823 -0.18109982 0.9834407 -0.0068771816 -0.16814552 0.69703913 0.69703913 -0.22918956 0.65617263 0.71896422 -0.20746313 0.42678142 0.88023674 -0.30006072 0.69046277 0.65819812 -0.20746313 0.42678142 0.88023674 -0.26708731 0.25572211 0.92912352 -0.18942352 0.33078435 0.92450011 -0.2112262 0.1978575 0.95720214 0.1881883 0.71573234 0.67254174 0.11673115 0.54280031 0.8317101 -0.18603919 0.18865961 0.9642598 0.49462944 0.70518088 0.50799757 0.12756683 0.36883444 0.92069966 0.49938181 0.75564331 0.42381734 -0.27503523 0.0073017925 0.96140641 -0.2795324 0.0024307077 0.96013319 -0.28242916 -0.0024347245 0.95928508 -0.29408497 -0.0024506988 0.95577615 -0.30206448 -0.0099037141 0.9532361 0.15468146 0.32317352 0.93361259 -0.31537008 -0.025229668 0.94863331 0.077753454 0.13901381 0.98723334 -0.31161973 -0.022617631 0.9499377 0.17919666 0.059732314 0.98199826 -0.13738586 -0.0044317846 0.99050766 -0.13092582 -0.052829828 0.98998356 0.39277276 -0.064565375 0.91736633 0.070565261 -0.10015717 0.99246615 0.72421432 -0.29934195 0.62121493 0.72421432 -0.29934195 0.62121493 0.28977242 -0.2956264 0.91029495 0.28341773 -0.32179725 0.90339404 0.21798576 -0.39473104 0.89256346 0.4916943 -0.72757483 0.4784053 0.53834015 -0.59589851 0.59589851 0.45812228 -0.68885529 0.5617848 0.45812228 -0.68885529 0.5617848 0.013520623 -0.50567329 0.86261904 0.35038298 -0.69421685 0.62872463 0.16783823 -0.65304327 0.73848814 0.28837118 -0.73374456 0.61519194 0.2918781 -0.73450655 0.61262339 0.46492103 -0.85387456 0.2339799 0.46185106 -0.82944673 0.31418431 0.011066202 -0.61141002 0.79123652 0.2672511 -0.91504449 0.30210981 0.080186397 -0.96975422 0.23053594 0.080186397 -0.96975422 0.23053594 -0.2816526 -0.54748207 0.78799438 -0.041619666 -0.99887121 0.022890775 -0.2816526 -0.54748207 0.78799438 -0.091680028 -0.9953841 0.028377201 -0.50594872 -0.86228895 0.021761235 0 0 1 -0.092067912 -0.99520975 0.03288139 -0.27487254 -0.64882731 0.70955491 -0.082814567 -0.99595475 0.03486931 -0.082814567 -0.99595475 0.03486931 -0.2573556 -0.69899064 0.66721827 -0.27971616 -0.95719409 -0.074419945 -0.52431643 -0.60211807 0.60211807 -0.47593877 -0.87927699 0.018822452 -0.52431643 -0.60211807 0.60211807 -0.47593877 -0.87927699 0.018822452 -0.52431643 -0.60211807 0.60211807 -0.50734454 -0.86111474 0.032908883 -0.69401592 -0.71940672 0.028212007 0 0 1 0 0 1 -0.93520993 -0.35295811 0.028339667 -0.84668869 -0.51037335 0.15045685 -0.75296372 -0.12848197 0.64539748 -0.9313606 -0.34926021 0.10288288 -0.75296372 -0.12848197 0.64539748 -0.97611928 -0.21691544 0.011788907 -0.75855774 -0.099964954 0.64389211 -0.97943771 -0.18909939 0.070306204 -0.97050631 -0.026622413 0.23960128 -0.76461369 -0.075302936 0.64007443 -0.9532361 -0.0099037131 0.30206439 -0.7820344 -0.022343928 0.62283462 -0.97034788 -0.03657091 0.23892985 -0.97034788 -0.03657091 0.23892985 -0.80102658 0.071776658 0.5943101 -0.80102658 0.071776658 0.5943101 -0.95791036 0.25069278 -0.13986014 -0.94005787 0.062845178 0.33517388 -0.89358544 0.12481835 0.43119058 -0.95791036 0.25069278 -0.13986014 -0.75521964 0.36133358 0.54688334 -0.9586904 0.28313652 0.02732024 -0.75521964 0.36133358 0.54688334 -0.8584891 0.5123682 0.021802982 -0.8584891 0.5123682 0.021802982 -0.74715889 0.34434292 0.56849051 -0.8584891 0.5123682 0.021802982 -0.69410521 0.368435 0.6184445 -0.85897624 0.50984412 0.047105141 -0.86051983 0.50569504 0.061465811 -0.59120059 0.77478421 0.22403406 -0.61595339 0.73722953 0.27765796 -0.67213368 0.73819798 0.057447273 -0.59670413 0.63378751 0.49219659 -0.5147208 0.85214877 -0.094365463 -0.55890465 0.60632688 0.56567943 -0.18109982 0.9834407 -0.0068771816 -0.43979231 0.69966966 0.56306762 -0.5147208 0.85214877 -0.094365463 -0.50020564 0.45714173 0.73540181 -0.32332012 0.58520907 0.74363583 -0.36896396 0.40680647 0.83568788 -0.36896396 0.40680647 0.83568788 -0.31011352 0.25504684 0.91584969 -0.2655482 0.24577358 0.9322443 -0.24705641 0.13666946 0.9593147 0.40120777 0.85217774 0.33589494 -0.24828908 0.081073992 0.96528727 -0.27376023 0.0024226478 0.96179485 -0.26948723 -0.019599149 0.96280456 0.34721401 -0.93773109 0.010137595 0.42336878 -0.6667223 0.61338443 0.13788037 -0.44523877 0.88473237 0.50594878 -0.86228895 0.021761153 -0.26754278 -0.060575821 0.96163994 0.20537643 -0.9082849 0.36447102 0.005292004 -0.45776013 0.88906008 0.15784781 -0.74370587 0.6496042 -0.03260573 -0.47821674 0.87763637 0.20537643 -0.9082849 0.36447102 -0.022486376 -0.71113163 0.70269918 -0.069507919 -0.72114569 0.68928778 -0.050221153 -0.84817982 0.52732235 -0.20744336 -0.82367235 0.52776045 -0.35258469 -0.77309847 0.52725959 -0.47453442 -0.70177615 0.53134483 -0.56102526 -0.63537812 0.5306083 -0.56552845 -0.65978301 0.49483725 -0.58896488 -0.60588914 0.53480721 -0.57197183 -0.81831604 0.056630827 -0.58428431 -0.6615172 0.47011384 -0.53841323 -0.84213346 0.030371996 -0.70900756 -0.59028989 0.38583189 -0.75829411 -0.6511746 0.031008279 -0.76349962 -0.42271003 0.48824644 -0.83799243 -0.54483324 0.030422132 -0.76954979 -0.34597415 0.53674489 -0.83782429 -0.54360503 0.050437558 -0.91977692 -0.36791068 0.13657291 -0.94157732 -0.18170787 0.28357446 -0.82749248 -0.10452531 0.55166161 -0.98023319 -0.18197404 0.077642232 -0.96263897 -0.012185257 0.27051374 -0.78247607 0.0027551868 0.62267458 -0.97089833 0.021682657 0.23850849 -0.78247607 0.0027551868 0.62267458 -0.82063162 0.21434399 0.5297361 -0.97902006 0.11866909 0.16564225 -0.78015131 0.063100599 0.62240034 -0.72793663 0.21869344 -0.64983183 -0.75097972 0.22842307 0.61955822 -0.72410244 0.28515548 0.62798262 -0.88048822 0.4073008 0.2425835 -0.72410244 0.28515548 0.62798262 -0.72793663 0.21869344 -0.64983183 -0.75565386 0.21456833 0.61882776 -0.71971816 0.30660641 0.62289506 -0.69916338 0.34304759 0.62728685 -0.74103564 0.4829964 0.46645549 -0.7844497 0.61110687 -0.10576845 -0.66556591 0.48404798 0.56808418 -0.66242099 0.70973676 0.23973337 -0.5746358 0.62871939 0.52393281 -0.5341711 0.6322152 0.56121761 -0.41850704 0.45094952 0.78835046 -0.42987344 0.58649403 0.68646461 -0.35839862 0.47039816 0.80639696 -0.35839862 0.47039816 0.80639696 -0.29692206 0.1230488 0.94694054 -0.1327929 0.82331699 0.55182892 0.17326197 0.78423798 0.59577769 -0.13345431 0.48449785 0.86455292 -0.1327929 0.82331699 0.55182892 -0.23458651 0.17060843 0.95700675 -0.20732558 0.15031111 0.96665549 -0.1966968 0.1379434 0.97071213 -0.19127308 0.10184684 0.97623861 -0.25277236 -0.034357425 0.96691561 -0.19810864 0.057983097 0.97846347 -0.041784469 0.15785247 0.98657823 -0.041784469 0.15785247 0.98657823 -0.23974133 0.0023736679 0.9708339 -0.30703217 -0.027683279 0.95129645 -0.31691816 -0.020121869 0.94823945 -0.32369009 -0.03313366 0.94558281 -0.38437718 -0.17497773 0.90644193 -0.44776359 -0.48068726 0.75395465 -0.32889956 -0.68385047 0.65128618 -0.27836582 -0.84437615 0.45775697 -0.2331377 -0.95152706 0.20060682 -0.11407846 -0.97093421 0.2104113 0 -0.99466908 0.10311904 0.0021322947 -0.99578542 0.091689065 0.014534941 -0.99875319 0.047757376 0.11924573 0.7035504 -0.70056927 0.024089376 -0.99970782 0.0020074379 0.10967842 0.68178451 -0.72328454 0.014563666 -0.9986465 0.04993226 0.11265052 0.65515214 -0.7470513 0.13735101 -0.43494484 -0.88992006 0.026095552 -0.99965948 0 0.12126718 0.59746325 -0.79267395 0.014592306 -0.99853444 0.052115634 0.13399686 0.59554136 -0.79207021 0.13735101 -0.43494484 -0.88992006 0.13399686 0.59554136 -0.79207021 0.018838648 -0.99845213 0.052329831 0.054132953 0.61540455 -0.78635031 0.075046532 0.61480367 -0.78510153 0.026147969 -0.99965614 0.0020113729 0.13735101 -0.43494484 -0.88992006 0.020891812 -0.99862635 0.048051 0.066104159 0.62367916 -0.77888036 0.026095552 -0.99965948 0 0.072494917 0.67565185 -0.73364782 0.023027966 -0.99857467 0.048149243 0.023027966 -0.99857467 0.048149243 0.054510638 0.72585267 -0.68568689 0.02620049 -0.99964863 -0.004030826 0.051542066 0.72731614 -0.68436438 0.023027966 -0.99857467 0.048149243 0.04564856 0.68758142 -0.72467089 0.04840083 0.63775229 -0.76871926 0.026253115 -0.99963695 0.0060583828 -0.04598837 0.2154194 0.97543806 0.028271308 -0.99959213 -0.0040387409 0.048301093 0.6222319 -0.78134137 0.02815786 -0.99960351 0 -0.04598837 0.2154194 0.97543806 -0.086515956 -0.11925165 0.98908746 0.026253115 -0.99963695 0.0060583828 -0.093927369 0.084763624 0.99196404 0.026147969 -0.99965614 -0.0020113729 -0.099626936 0.24012665 0.96561569 0.026147969 -0.99965614 -0.0020113729 -0.099626936 0.24012665 0.96561569 -0.13059993 -0.24291596 0.96121567 -0.15443075 0.21986739 0.96322876 0.026147969 -0.99965614 0.0020113729 -0.15443075 0.21986739 0.96322876 -0.19743516 -0.10496562 0.97468024 0.024089376 -0.99970782 -0.0020074379 -0.20540461 0.084141642 0.97505343 0.024137668 -0.99970055 -0.0040229242 -0.21725345 0.12012841 0.96869504 -0.23641185 0 0.97165293 0.0040229242 -0.99970055 -0.024137668 -0.23919076 0 0.9709726 -0.046909612 -0.997895 -0.044777364 -0.14274172 -0.96545243 0.21800536 -0.25045106 -0.036831044 0.96742845 -0.086310342 -0.97654021 -0.19728084 -0.086310342 -0.97654021 -0.19728084 -0.26351964 0.0072528054 0.96462679 -0.31863186 -0.91534239 0.24621545 -0.26735544 0.034657199 0.96297449 -0.28405574 -0.95546013 0.080052078 -0.29388997 -0.012348267 0.95575947 -0.32444796 -0.94589037 -0.0049914871 -0.29594934 0.019895835 0.95499641 -0.43043989 -0.9026193 0 -0.29639912 0.032654174 0.9545058 -0.51984322 -0.852431 0.055897072 -0.29310405 0.042954899 0.95511508 -0.51171315 -0.85913944 0.0053864336 -0.33045787 -0.0050069178 0.94380754 -0.56536943 -0.8246119 -0.019305307 -0.56218666 -0.80356032 -0.19554318 -0.34174198 -0.0025127991 0.93979043 -0.73229277 -0.66240597 0.15800503 -0.33661836 0.015185729 0.94151872 -0.72900808 -0.67566597 0.10964759 -0.33661836 0.015185729 0.94151872 -0.72500527 -0.68424195 0.078614995 -0.36391479 -0.0050896979 0.9314183 -0.7449246 -0.66709661 0.0083386758 -0.36919346 0.0025461521 0.92934906 -0.8433457 -0.53411895 0.059034232 -0.37006536 0.0051043304 0.92899173 -0.8737663 -0.48631656 0.0053441166 -0.81557328 -0.51246738 -0.26873296 -0.38370693 0 0.92345488 -0.93134683 -0.34755799 0.10861187 -0.38370693 0 0.92345488 -0.88281912 -0.39036217 -0.26124239 -0.9370535 -0.20637494 0.28167376 -0.85104561 -0.38655558 -0.35538167 -0.38989091 0 0.92086101 -0.8838082 -0.25465652 -0.39247069 -0.94189924 -0.095786318 0.32194859 -0.85017741 -0.26088467 -0.45731553 -0.39609116 0 0.91821116 -0.9597829 -0.11184458 -0.25750268 -0.39609116 0 0.91821116 -0.93431014 -0.11678873 -0.33678624 -0.86787426 -0.1117066 -0.48406187 -0.39609116 0 0.91821116 -0.96967745 0.019297138 0.24362539 -0.79959124 0.013833791 -0.60038525 -0.98946053 0.024906373 0.14264534 -0.39919701 0 0.91686523 -0.97488528 0.13603061 0.1763358 -0.39609116 0 0.91821116 -0.98380196 0.1583681 -0.083983064 -0.92280817 0.22284535 0.31426907 -0.91507298 0.16431648 -0.36829558 -0.39298916 0 0.91954303 -0.88928998 0.30644453 -0.33949244 -0.88928998 0.30644453 -0.33949244 -0.38989091 0 0.92086101 -0.906205 0.3584027 0.22436592 -0.38152117 -0.0025605347 0.92435658 -0.91640335 0.39878085 0.034332149 -0.8595683 0.43437269 -0.26918879 -0.38062128 0 0.92473108 -0.86014986 0.49888691 0.10608509 -0.3722685 0.0025497745 0.92812151 -0.82733518 0.5616017 -0.01095804 -0.35999703 -0.0025351807 0.93295002 -0.78622544 0.60524541 0.1246094 -0.35389102 -0.0025277829 0.93528324 -0.73574495 0.67609 0.039770022 -0.32676443 -0.022797592 0.94483078 -0.6694985 0.74102598 -0.051499855 -0.33951649 0.0050298558 0.94058669 -0.62239593 0.7822004 -0.028035918 -0.32750577 0.015115594 0.94472831 -0.53582245 0.84432632 -0.0027061638 -0.3184478 0.01504472 0.94782102 -0.48005563 0.87257153 0.090363398 -0.30050364 -0.014900947 0.95366424 -0.48301294 0.8688516 0.10860638 -0.30860999 0.022581294 0.95092058 -0.39919701 0.91686523 0 -0.27695668 -0.014705605 0.96076983 -0.28742543 0.95725173 -0.032491602 -0.2580232 -0.044657845 0.96510607 -0.20374715 0.97892267 -0.014051469 0.24528642 0.11102446 -0.96307224 -0.19968224 0.97983599 -0.0069656321 0.24420795 0.10539488 -0.96397841 -0.22418815 0.97148168 0.077220358 -0.25840217 0.0096598556 0.96598923 -0.13654682 0.98996419 -0.036412477 0.24505349 0.094447643 -0.96489811 -0.15186185 0.98823541 0.01813283 -0.23622137 -0.024104279 0.97140014 0 0.98954624 -0.14421637 -0.016992977 0.96617585 -0.25732327 0.24220879 0.051901825 -0.96883494 -0.17840806 0.98243427 0.054711916 0.24366397 0.072848022 -0.96711993 -0.2225683 0.97343111 0.05380784 0.24668892 0.10278694 -0.96362829 -0.2225683 0.97343111 0.05380784 0.24474695 0.10820401 -0.96353042 0.24332012 0.11648306 -0.96292627 -0.31041878 0.94921422 0.051308837 -0.35907379 0.92984056 0.080389693 -0.36070928 0.92869204 0.086139545 -0.41881645 0.90185118 0.10610007 -0.58381927 0.77738523 0.23415221 -0.58740538 0.63129222 0.50638419 -0.5203622 0.574426 0.6318686 -0.52900314 0.30911633 0.79031819 -0.42924881 0.15268572 0.89018685 -0.36023974 0.041766919 0.93192434 -0.32444784 0.0049914867 0.94589037 -0.33570039 0.0025052177 0.94196552 -0.32599536 0.030562105 0.94487715 -0.31149414 0.032922186 0.94967765 -0.22796427 -0.011873091 0.97359711 -0.23460749 -0.016757766 0.9719457 0.022809105 -0.15510207 0.98763502 0.19545333 -0.39965817 0.89558434 -0.12382022 -0.13353181 0.98327905 -0.16175218 -0.13189015 0.97797817 -0.051308833 -0.31041875 0.9492141 0.083957165 -0.46456334 0.88155097 0.4916943 -0.72757483 0.4784053 0.060886651 -0.47602347 0.87732226 0.045299701 -0.61154479 0.78991199 0.29634991 -0.90090388 0.3170945 0.15317945 -0.79593217 0.58568591 -0.019015839 -0.86114913 0.50799656 -0.061728563 -0.95164746 0.30092633 -0.2842696 -0.60047972 0.74740553 -0.27150446 -0.69632936 0.66438752 -0.27369675 -0.8954646 0.35104594 -0.27971616 -0.95719409 -0.074419945 -0.27971616 -0.95719409 -0.074419945 -0.49324283 -0.71653539 0.49324283 -0.56822616 -0.62572539 0.53440326 -0.46735513 -0.88396877 -0.013353034 -0.74868584 -0.48812988 0.44855183 -0.57737476 -0.81609702 -0.024982549 -0.74868584 -0.48812988 0.44855183 -0.77919501 -0.62668341 0.011091701 -0.72171122 -0.46562019 0.51218212 -0.77919501 -0.62668341 0.011091701 -0.81882232 -0.57289624 0.036330037 -0.75415903 -0.46435127 0.46435127 -0.86459476 -0.41854957 0.27801469 -0.72761798 -0.27445254 0.62868744 -0.8852272 -0.39939535 0.23844503 -0.72761798 -0.27445254 0.62868744 -0.96495456 -0.11322138 0.23673557 -0.75678402 -0.10937887 0.64444876 -0.93007696 -0.3239907 0.1731675 -0.75287127 -0.22492434 0.61854166 -0.65324277 -0.20841548 -0.72789896 -0.78139955 -0.066074327 0.62052321 -0.7820344 -0.022343928 0.62283462 -0.65324277 -0.20841548 -0.72789896 -0.79249901 -0.057014264 0.60720235 -0.52114278 0.027428636 0.85302871 -0.80196738 0.099152312 0.58908159 -0.95791036 0.25069278 -0.13986014 -0.80392146 0.162591 0.57207906 -0.75327444 0.34741548 0.5584622 -0.82553214 0.56411362 0.016510578 -0.72197932 0.3708348 0.58414686 -0.86017203 0.50010002 0.10001997 -0.67239535 0.54800212 0.49757245 -0.64073384 0.58340508 0.49909788 -0.5147208 0.85214877 -0.094365463 -0.58218807 0.48459584 0.65285826 -0.40573871 0.23568653 0.88307869 -0.26577106 0.0048321825 0.96402413 -0.30131406 0.11465939 0.94660616 -0.27055359 0.10145772 0.95734382 0.20537643 -0.9082849 0.36447102 -0.27051383 -0.012185258 0.96263897 -0.096877463 -0.93379152 0.34445333 -0.115731 -0.64690709 0.75373578 -0.096877463 -0.93379152 0.34445333 -0.29885685 -0.38729414 0.8721742 -0.18139251 -0.72249573 0.66715556 -0.32985589 -0.382263 0.86317438 -0.31432092 -0.69669104 0.64484417 -0.41921043 -0.53143996 0.73609394 -0.4614836 -0.7515589 0.47137249 -0.41921043 -0.53143996 0.73609394 -0.52558947 -0.48876467 0.69632232 -0.63278151 -0.60922039 0.47795197 -0.64471716 -0.38352394 0.66124827 -0.7656917 -0.51806372 0.38121665 -0.74590707 -0.37622499 0.54961574 -0.84148085 -0.4456732 0.30542636 -0.69742459 -0.23983841 0.67533433 -0.74590707 -0.37622499 0.54961574 -0.83961731 -0.53586507 0.08883325 -0.74622816 -0.2320206 0.62394714 -0.74622816 -0.2320206 0.62394714 -0.90036064 -0.18528321 0.39372683 -0.8617025 -0.13056102 0.49032903 -0.8617025 -0.13056102 0.49032903 -0.99027538 -0.1372882 0.022506241 -0.78140789 -0.060108241 0.62111902 -0.72793663 0.21869344 -0.64983183 -0.78247607 0.0027551868 0.62267458 -0.99027538 -0.1372882 0.022506241 -0.78316134 0.019509455 0.62151247 -0.78265899 0.063071549 0.61924696 -0.4514263 0.005279819 0.8922928 -0.4514263 0.005279819 0.8922928 -0.74123651 0.24602742 0.62453103 -0.44843721 0.066027656 0.8913722 -0.43945539 0.097967722 0.89290613 -0.67948323 0.37602466 0.63000631 -0.67948323 0.37602466 0.63000631 -0.67948323 0.37602466 0.63000631 -0.48052421 0.18803123 0.85658664 -0.66242099 0.70973676 0.23973337 -0.53112406 0.57848567 0.6190812 -0.66242099 0.70973676 0.23973337 -0.45369533 0.26056823 0.85221171 -0.44206011 0.38440031 0.81044382 -0.6671375 0.61043102 0.42696807 -0.42869124 0.90107113 0.065532528 -0.3108964 0.06477017 0.94823426 -0.2795324 0.0024307077 0.96013319 -0.26568913 -0.092862144 0.95957589 -0.26515564 -0.063132383 0.96213657 -0.2982319 -0.15869229 0.94120908 -0.32928914 -0.16743524 0.92926538 -0.32581875 -0.51108819 0.79538101 -0.23561953 -0.6283192 0.74141657 -0.24258119 -0.62693113 0.74034572 -0.21557756 -0.69359756 0.68734896 -0.18623637 -0.79074109 0.58313346 -0.1695385 -0.84769261 0.50266683 -0.1695385 -0.84769261 0.50266683 -0.14632805 -0.91455001 0.37707603 -0.092862226 -0.95957589 0.26568905 -0.033506479 -0.97647619 0.21300581 0.0043067187 -0.99485588 0.10120829 0.01066898 -0.99647439 0.083217293 0.0086002089 -0.99547797 0.094602689 0.010731327 -0.99587101 0.090143546 0.015028836 -0.99619228 0.085878573 0.012955166 -0.99539244 0.095004946 0.012980367 -0.99516529 0.097353145 0.017212009 -0.99614125 0.086059652 0.015264761 -0.99438959 0.10467259 0.017212009 -0.99614125 0.086059652 0.019442402 -0.99588013 0.08857061 0.02307382 -0.99846548 0.050342731 0.051151086 0.61097044 -0.78999913 0.05389531 0.59001213 -0.80559355 0.036430493 -0.36170337 -0.93158126 0.028214529 -0.99959987 0.0020153148 -0.04598837 0.2154194 0.97543806 0.028271308 -0.99959213 0.0040387409 -0.013488751 -0.14612794 0.98917377 0.030228125 -0.99954307 0 -0.0039292276 0 0.99999225 -0.0086168749 -0.096940234 0.99525285 0 0 1 -0.075391896 -0.24125402 0.96752912 -0.04598837 0.2154194 0.97543806 -0.019830445 -0.29001909 0.9568153 -0.08598233 -0.076931521 0.99332196 -0.13059993 -0.24291596 0.96121567 -0.09457925 0.16248213 0.9821682 -0.18748172 -0.22497799 0.95615667 -0.15443075 0.21986739 0.96322876 -0.13059993 -0.24291596 0.96121567 -0.19899102 -0.063094772 0.9779681 -0.21115482 0.084461927 0.97379661 -0.23074643 0.011894101 0.97294122 -0.23074643 0.011894101 0.97294122 -0.24244933 -0.026669476 0.96979749 -0.24929161 -0.0071910745 0.96840173 -0.26291028 -0.0048240228 0.96480823 -0.28609887 -0.027366029 0.95780933 -0.29339844 0 0.95599025 -0.29298076 0.019863181 0.95591199 -0.30728394 0.0074342592 0.95158881 -0.31244045 0.014997084 0.94981897 -0.33807677 -0.010091805 0.94106442 -0.35109511 -0.012720786 0.93625343 -0.35862777 -0.0076303487 0.93344951 -0.36698771 -0.0050970321 0.9302119 -0.36919346 0.0025461521 0.92934906 -0.38152117 -0.0025605347 0.92435658 -0.38771135 -0.0025676151 0.92177731 -0.38679683 0 0.92216492 -0.39609116 0 0.91821116 -0.39919701 0 0.91686523 -0.39609116 0 0.91821116 -0.39919701 0 0.91686523 -0.39609116 0 0.91821116 -0.39609116 0 0.91821116 -0.39298916 0 0.91954303 -0.38679683 0 0.92216492 -0.38771126 0.0025676149 0.92177731 -0.3864325 0.0077286186 0.92228532 -0.37402835 0.0076854853 0.92738545 -0.36785355 0.0076635866 0.92985213 -0.34862608 0.0050525321 0.93724817 -0.33045787 -0.0050069178 0.94380754 -0.33514085 0.020311648 0.94194901 -0.34069899 0.049414333 0.93887293 -0.31691808 0.020121867 0.94823945 -0.29408497 -0.0024506988 0.95577615 -0.2808364 -0.0073261377 0.9597277 -0.27176905 0.01713868 0.96220988 -0.25270414 -0.0096267853 0.96749562 -0.24220879 -0.051901825 0.96883494 -0.23641185 0 0.97165293 -0.23074651 -0.011894101 0.97294116 -0.21612631 0.021375204 0.97613144 0.024089376 0.99970782 0.0020074379 -0.20608093 0.040736929 0.97768658 -0.19514613 0.025862789 0.98043311 0.026253115 0.99963695 -0.0060583828 -0.19187362 0.037900966 0.9806875 0.02620049 0.99964863 -0.004030826 -0.19591402 -0.04539467 0.97956979 -0.17863308 -0.02319916 0.98364216 0.024137668 0.99970055 0.0040229242 -0.15768181 -0.022852493 0.98722547 -0.12565775 0.0088180508 0.99203444 -0.014165662 0.020236785 0.99969488 0.030228125 0.99954307 0 0 0 1 0 0 1 0 0 1 0.80457395 0.59385234 0 0 0 1 0 0 1 0.92216492 0.38679683 0 0.38729137 0.20092548 0.8997969 0.8490566 0.52830184 0 0 0 1 0 0 1 0.94942248 0.31400171 0 0 0 1 0 0 1 0.99678844 0.080080204 0 0.42966965 0.068418801 0.90039039 0.97165293 0.23641185 0 0 0 1 0 0 1 1 0 0 0 0 1 0 0 1 0 0 1 0 0 1 0.94942248 -0.31400171 0 0 0 1 0 0 1 0.97165287 -0.23641193 0 0.42966974 -0.068418719 0.90039039 0.99678838 -0.080080271 0 1 0 0 0.42966974 -0.068418719 0.90039039 0.051372394 0 -0.99867952 0.42966965 0.068418801 0.90039039 0.94942248 0.31400171 0 0.42966965 0.068418801 0.90039039 0.050034713 0.016678153 -0.99860823 0.38729137 0.20092548 0.8997969 0.75377268 0.65713519 0 0.30580777 0.31174558 0.89960897 0.64235127 0.76641035 0 0 0 1 0 0 1 0.57839572 0.81575632 0 0 0 1 0 0 1 0.51252133 0.85867447 0 0.19158158 0.39187101 0.89985204 0.36832294 0.92969793 0 0 0 1 0 0 1 0.29632226 0.95508802 0 0 0 1 0 0 1 0.2226339 0.97490209 0 0.072445773 0.47368467 0.87770975 0.075572707 0.99714029 0 0 0 1 0 0 1 0 0 1 0.044944394 0.99898946 0 0.0041266163 0.051583741 -0.99866015 0.030228125 0.99954307 0 0.028214529 0.99959987 -0.0020153148 -0.013887496 0 0.99990356 0.02815786 0.99960351 0 -0.047175188 0.0020510897 0.99888456 -0.067213692 0.0084016789 0.99770325 0.028214529 0.99959987 -0.0020153148 -0.0855176 -0.010689651 0.99627924 -0.085521251 0.039471295 0.99555415 0.02620049 0.99964863 0.004030826 -0.10400409 0.0086669745 0.99453908 -0.1407423 -0.070371188 0.98754209 0.026095552 0.99965948 0 0.042617515 -0.75575197 -0.65346974 0.026147969 0.99965614 0.0020113729 0.075560622 -0.72654468 -0.68295205 0.026147969 0.99965614 0.0020113729 0.10257136 -0.60663652 -0.78833449 0.022304613 0.99965054 0.014193767 0.10565725 -0.60459453 -0.78949481 0.024089376 0.99970782 0.0020074379 0.10806205 -0.569516 -0.81484604 0.2034051 0.34378299 -0.9167549 0.024041178 0.99971104 0 0.22370362 0.12342268 -0.966811 0.0099201528 0.99994296 0.003968013 0.23714538 0.041561551 -0.97058475 -0.016481258 0.99917626 -0.037082814 -7.200628e-08 0.97165298 -0.23641188 0.24530533 0.026716473 -0.96907765 -0.089002073 0.99459893 0.053401351 0.24586725 0.029211994 -0.96886325 0.24290179 0.041710403 -0.96915376 -0.089002073 0.99459893 0.053401351 -0.15254222 0.98305082 0.10169496 -0.22608911 0.97143835 0.072050437 -0.22608911 0.97143835 0.072050437 -0.29234511 0.95078057 0.10271599 -0.42358777 0.87421292 0.2373293 -0.45375916 0.7352888 0.50344104 -0.44893897 0.45876992 0.76680112 -0.38537931 0.16557047 0.90778255 -0.32980183 0.15520097 0.93120533 -0.21966551 -0.011809927 0.97550374 -0.25732315 0.016993128 0.96617597 -0.26754278 0.060575821 0.96163994 -0.048451524 -0.76097411 0.64697045 -0.14544475 -0.28280941 0.94808465 0.027272733 -0.86454368 0.50181705 -0.043377724 -0.45004299 0.89195275 -0.085144527 -0.50802886 0.85712135 0.027272733 -0.86454368 0.50181705 -0.21168205 -0.43827122 0.87356114 -0.0027539537 -0.7848798 0.6196419 -0.25574484 -0.43841967 0.86161637 -0.16390668 -0.76793349 0.61920333 -0.19282609 -0.84060174 0.50616872 -0.3507835 -0.78845817 0.50525695 -0.4679738 -0.73017204 0.49784458 -0.5207907 -0.60533452 0.60195279 -0.57629293 -0.77987492 0.24429816 -0.58019114 -0.64090884 0.50260735 -0.4290182 -0.89235783 -0.14014593 -0.63472581 -0.50980657 0.58070678 -0.73301476 -0.48757085 0.47430366 -0.74035531 -0.442891 0.50568908 -0.74035531 -0.442891 0.50568908 -0.81609702 -0.57737476 0.024982549 -0.70197624 -0.3249889 0.63372838 -0.65324277 -0.20841548 -0.72789896 -0.72843444 -0.27795538 0.62619805 -0.81609702 -0.57737476 0.024982549 -0.73309696 -0.26023352 0.62836885 -0.44220781 -0.086216629 0.89275914 -0.75005484 -0.22501658 0.62192059 -0.78138828 -0.054183822 0.62168843 -0.45225245 -0.040621486 0.89096439 -0.47483814 -0.016096145 0.87992591 -0.43032768 -0.0078718169 0.90263844 -0.90330458 0.25598544 0.3442561 -0.45235708 0.032311268 0.89125139 -0.71486199 0.1949624 0.67153716 -0.71486199 0.1949624 0.67153716 -0.71486199 0.1949624 0.67153716 -0.86062777 0.44399872 0.24936913 -0.82434821 0.52928632 0.20076375 -0.64741427 0.29632902 0.70217091 -0.64774215 0.45979634 0.60746795 -0.59732735 0.38611752 0.70293194 -0.59732735 0.38611752 0.70293194 -0.25885594 0 0.96591592 -0.26515573 -0.0024104973 0.96420258 -0.32985589 -0.382263 0.86317438 -0.096877463 -0.93379152 0.34445333 -0.26638755 -0.0072650872 0.96383858 -0.4614836 -0.7515589 0.47137249 -0.71485871 -0.65817386 0.23618686 -0.45156166 -0.31672022 0.83413452 -0.4614836 -0.7515589 0.47137249 -0.26515573 -0.0024104973 0.96420258 -0.26230207 -0.0024064316 0.96498275 -0.2594558 -0.0024023589 0.96575195 -0.75474429 -0.61751789 0.22143322 -0.65068078 -0.45614746 0.60707843 -0.48123825 -0.28749305 0.82810479 -0.79615176 -0.52653849 0.29816043 -0.77934104 -0.10587269 0.6175909 -0.99027538 -0.1372882 0.022506241 -0.71785349 -0.19493437 0.66834635 -0.82531381 -0.42535388 0.37139109 -0.47931987 -0.060954098 0.875521 -0.45562148 0 0.89017367 -0.35689896 0.03103474 0.93362731 -0.41986859 0.088393405 0.90327018 -0.30431846 0.0074223722 0.95254141 -0.29546171 0.0073865131 0.95532596 -0.6671375 0.61043102 0.42696807 -0.37870166 0.092632033 0.92087156 -0.24846858 -0.067764215 0.96626675 -0.6671375 0.61043102 0.42696807 -0.25785875 -0.08425086 0.9625023 -0.42869124 0.90107113 0.065532528 -0.42869124 0.90107113 0.065532528 -0.25912628 -0.076213628 0.96283185 -0.25692418 -0.14038117 0.95618153 -0.27209193 -0.17141795 0.94688004 -0.28185895 -0.28767037 0.91531485 -0.24584216 -0.48553827 0.83893633 -0.17990236 -0.59459233 0.78364223 -0.099597916 -0.86792499 0.48660716 -0.021567522 -0.97293866 0.23005444 -0.0046417238 -0.97939253 0.2019127 0.0047084717 -0.97465742 0.22365327 0.022032628 -0.99366927 0.11016288 0.023910251 -0.99553692 0.091293834 0.02593369 -0.99628472 0.082123205 0.059373494 0.55697954 -0.82840121 0.025273209 -0.99829298 0.052652642 0.027491607 -0.15578601 -0.98740816 0.010380463 -0.05190219 -0.99859828 0.020521905 -0.1573347 -0.98733205 0.028271308 -0.99959213 0.0040387409 0 0 1 0.030228125 -0.99954307 0 0 0 1 0.11019435 -0.99391007 0 0 0 1 0 0 1 0 0 1 0.26169512 -0.96515065 0 0 0 1 0 0 1 0.36832294 -0.92969793 0 0.19158149 -0.39187109 0.89985204 0.51252133 -0.85867447 0 0 0 1 0 0 1 0.57839572 -0.81575632 0 0 0 1 0 0 1 0.64235115 -0.76641047 0 0.30580768 -0.31174567 0.89960897 0.75377268 -0.65713519 0 0 0 1 0 0 1 0.80457407 -0.59385222 0 0 0 1 0 0 1 0 0 1 0.8490566 -0.52830195 0 0.38729128 -0.20092557 0.8997969 0.92216492 -0.38679695 0 0.42966974 -0.068418719 0.90039039 0.94942248 -0.31400171 0 0.38729128 -0.20092557 0.8997969 0.05003465 -0.016678216 -0.99860823 0.98924214 -0.14326957 0.029563585 0.05179581 -0.0082873628 -0.99862337 0.99889112 0 0.047078829 0.051372394 0 -0.99867952 0.98908937 0.14518744 0.024954135 0.051795874 0.0082872994 -0.99862337 0.95720798 0.28539446 0.047986649 0.050034713 0.016678153 -0.99860823 0.84385574 0.53599954 -0.024738431 0.046058029 0.025122618 -0.99862283 0.9151147 0.40233502 0.026296463 0.91411316 0.40421778 0.03170339 0.86363649 0.50217831 0.044147547 0.81354904 0.58149636 0 0.78089398 0.6241554 -0.025190119 0.71262801 0.7015366 -0.0027728612 0.60919178 0.7927838 0.019471807 0.62633693 0.77868909 0.03667742 0.57346016 0.81922889 -0.0027307526 0.61793399 0.78621066 -0.0055172467 0.59259409 0.80423492 0.04515003 0.029311754 0.04187388 -0.99869281 0.57839572 0.81575632 0 0.30580777 0.31174558 0.89960897 0.029311754 0.04187388 -0.99869281 0.19158158 0.39187101 0.89985204 0.29632226 0.95508802 0 0.19158158 0.39187101 0.89985204 0.016678279 0.050034586 -0.99860823 0.072445773 0.47368467 0.87770975 0.051372457 0.99867946 0 0.072445773 0.47368467 0.87770975 0.0062027336 0.051689699 -0.99864388 0.0041266163 0.051583741 -0.99866015 0.0027702856 -0.73692125 -0.67597288 0.012482061 0.052008841 -0.99856865 0.010380399 0.051902253 -0.99859828 0.0083512664 -0.70986038 -0.70429289 0.028328203 0.99958032 -0.0060703028 0.013964193 -0.68145525 -0.73172653 0.02815786 0.99960351 0 0.011154228 -0.72223347 -0.69155949 0.081956409 -0.32782564 -0.94117665 0.02815786 0.99960351 0 0.051808387 -0.32898352 -0.94291341 0.09784285 0.43609977 -0.8945635 0.026147969 0.99965614 -0.0020113729 0.02620049 0.99964863 0.004030826 0.09784285 0.43609977 -0.8945635 0.072506405 -0.67866004 -0.73086476 0.018838648 0.99845213 0.052329831 0.066492051 -0.71984857 -0.69093901 0.018838648 0.99845213 0.052329831 0.016645323 0.99871558 0.047855068 0.075329393 -0.76198602 -0.64319736 0.018801495 0.99856532 0.050137106 0.093911126 -0.66324729 -0.74248487 0.016711161 0.99849564 0.052222628 0.10534925 -0.58819973 -0.80182451 0.11023946 -0.53379095 -0.83839995 0.014621117 0.99841726 0.05430726 0.21165474 0.20093817 -0.95646548 -0.0041266792 0.99866009 0.051583741 0.22441363 0.048785526 -0.97327203 0.23838636 0.034055214 -0.97057313 -0.054071072 0.99707198 0.054071203 -0.10916148 0.98719931 0.11628068 -0.23095664 0.94582272 0.22820717 -0.27186781 0.84340841 0.46341133 -0.3249889 0.70197624 0.63372838 -0.34643117 0.42831519 0.83458465 -0.3233591 0.18558002 0.9279002 -0.28280929 0.14544493 0.94808477 -0.26345631 0.12645905 0.95634663 -0.18688551 -0.77511519 0.60354811 0.027272733 -0.86454368 0.50181705 -0.17713927 -0.37142098 0.91140997 -0.18688551 -0.77511519 0.60354811 -0.28706449 0.019797631 0.95770669 -0.31559569 -0.82054865 0.47654945 -0.25574484 -0.43841967 0.86161637 -0.30104631 -0.43760344 0.84727466 -0.31559569 -0.82054865 0.47654945 -0.33614382 -0.64944315 0.68207836 -0.4461194 -0.54599667 0.70912981 -0.57629293 -0.77987492 0.24429816 -0.67511326 -0.36884233 0.63888758 -0.81609702 -0.57737476 0.024982549 -0.63085461 -0.45636311 0.62749922 -0.57629293 -0.77987492 0.24429816 -0.4567295 -0.24358906 0.85560656 -0.4249846 -0.11539327 0.89781535 -0.4345631 -0.083037548 0.89680529 -0.33290353 -0.033290386 0.94237316 -0.43371117 -0.10073286 0.89540356 -0.35689905 -0.031034742 0.93362731 -0.34174189 0.0025127991 0.93979055 -0.27793223 0.0073139784 0.9605729 -0.23246983 -0.0071163946 0.97257757 -0.64741427 0.29632902 0.70217091 -0.85489923 0.36993834 0.36372072 -0.2594558 0.0024023589 0.96575195 -0.25602415 0 0.96667039 -0.80510801 -0.49643031 0.32458904 -0.25780591 -0.0072281747 0.96616971 -0.33671165 -0.025508519 0.94126225 -0.41251275 -0.03725924 0.91018951 -0.31547853 -0.0049681468 0.94891971 -0.22189303 -0.036178216 0.97439963 -0.22386174 -0.16065378 0.96128893 -0.19241044 -0.2411907 0.95121253 -0.16507348 -0.37853038 0.91074991 -0.11905333 -0.74110758 0.66074646 -0.0763501 -0.85399038 0.51465648 -0.052984077 -0.85332161 0.5186857 -0.02165265 -0.87151581 0.48988926 0.034776323 -0.96131641 0.27324241 0.42158347 -0.89225531 0.16170314 0.031438347 -0.97216952 0.23215988 0.028098103 -0.99640107 0.07997141 0.42158347 -0.89225531 0.16170314 -0.88610768 -0.43288529 0.16560042 0.02815379 -0.99621016 0.082295574 0.02815379 -0.99621016 0.082295574 0.029606467 -0.99816251 0.052868832 0.029547455 -0.99827915 0.050652578 0.027435465 -0.99823028 0.052760642 0.0082873628 -0.05179581 -0.99862337 0.0041266792 -0.051583678 -0.99866015 0.0041266792 -0.051583678 -0.99866015 0.068873711 -0.99762541 0 0.22537383 -0.97427231 0 0.016678216 -0.05003465 -0.99860823 0.19158149 -0.39187109 0.89985204 0.57839572 -0.81575632 0 0.19158149 -0.39187109 0.89985204 0.02931169 -0.041873943 -0.99869281 0.30580768 -0.31174567 0.89960897 0.38729128 -0.20092557 0.8997969 0.80457407 -0.59385222 0 0.30580768 -0.31174567 0.89960897 0.041958939 -0.031469237 -0.99862361 0.91140592 -0.41143468 0.0078120208 0.046058029 -0.025122618 -0.99862283 0.05003465 -0.016678216 -0.99860823 0.95157087 -0.30358428 0.048471406 0.98990893 -0.1348837 -0.043437086 0.99015599 -0.12865135 -0.055136297 0.99177426 -0.12782866 -0.0066118031 0.99968922 0.0060464842 0.02418606 0.98985386 0.13848875 -0.031784315 0.99095917 0.1322774 -0.022419874 0.99036628 0.13698946 -0.020211548 0.96540534 0.26019746 0.017022196 0.91645026 0.40014032 0.0025815403 0.92258799 0.38130084 -0.058661684 0.85027182 0.42513573 0.31031808 0.90692419 0.41373268 -0.079458639 0.83356178 0.53711897 0.12914342 0.83356178 0.53711897 0.12914342 0.79598159 0.59104592 -0.13068357 0.73101395 0.62930745 0.26380059 0.65417117 0.74419451 0.13503535 0.5353806 0.69599479 0.4784964 0.62545997 0.76678985 -0.14433691 0.5667246 0.7859 0.24735497 0.507155 0.83922058 0.19622064 0.49062729 0.87133241 -0.0080430387 0.37982979 0.92282611 -0.064196594 0.37982979 0.92282611 -0.064196594 0.44193861 0.89702994 0.005261153 0.023027966 0.048149243 -0.99857467 0.31877378 0.94595462 0.059608027 0.14838673 0.98848403 0.029677376 0.016678279 0.050034586 -0.99860823 0.13595523 0.99020696 0.031722896 0.14806844 0.98789412 0.04627135 0.0082872994 0.051795874 -0.99862337 0.1031564 0.99344093 0.04933561 0.0041266163 0.051583741 -0.99866015 0.025222978 0.050445829 -0.99840832 0.027435396 0.99823022 0.052760635 0.027435396 0.99823022 0.052760635 0.049341869 0.049341738 -0.99756241 0.025222978 0.99840832 0.050445829 0.011156225 -0.70005578 -0.71400106 0.025172757 0.99851811 0.048247665 0.013973025 -0.70703781 -0.70703781 0.011127179 -0.75665104 -0.65372425 0.025323518 0.99817252 0.054867879 0.059897184 -0.32813281 -0.94273072 0.025323518 0.99817252 0.054867879 0.035822056 -0.32751575 -0.94416648 0.10227761 -0.59028757 -0.80068707 0.09784285 0.43609977 -0.8945635 0.035822056 -0.32751575 -0.94416648 0.021016441 0.99828476 0.054643001 0.017144684 0.99653101 0.081436895 0.017144684 0.99653101 0.081436895 0.0086335586 0.9950214 0.099286318 0.01058602 0.99719459 0.074101493 0.0085007166 0.9966976 0.080755837 -0.0020833118 0.99791014 0.064582922 0.010400817 0.99848223 0.054084502 -0.029903559 0.99749672 0.064079039 -0.071070708 0.98551363 0.1539865 -0.097215891 0.96448457 0.24559818 -0.088291235 0.96868134 0.23207994 -0.14298618 0.91679406 0.37288556 -0.1548627 0.8279202 0.53904146 -0.16721177 0.83605939 0.52253705 -0.19438243 0.74976075 0.63251424 -0.22740318 0.5887565 0.77566332 -0.19780523 0.63359487 0.74795097 -0.23071668 0.51680577 0.82442814 -0.29003051 0.27552903 0.91649657 -0.29875666 0.17704096 0.93776381 -0.24919298 0.14845556 0.95700771 -0.32479247 -0.77178401 0.54668033 -0.25427514 0.081368059 0.96370298 -0.42725167 -0.32121858 0.84514767 -0.31559569 -0.82054865 0.47654945 -0.26276278 0.065690771 0.96262169 -0.24916588 0.057308245 0.96676368 -0.33991709 -0.057524551 0.93869442 -0.2211697 0.019025432 0.97504973 -0.22239555 0.03867748 0.97418898 -0.22467673 -0.0094600357 0.97438747 -0.22306927 -0.056380257 0.97317082 -0.18496038 -0.045054421 0.9817127 -0.14394554 -0.2004956 0.96906197 -0.12508635 -0.378039 0.91730028 -0.087745957 -0.73999077 0.66686904 -0.080996752 -0.37528527 0.92336369 -0.045606263 -0.74110174 0.669842 0.013619863 -0.8471536 0.53117347 0.058830071 -0.91988808 0.3877435 0.039689355 -0.91814691 0.39424744 0.42158347 -0.89225531 0.16170314 0.02351512 -0.91969979 0.39191747 -0.88610768 -0.43288529 0.16560042 -0.88610768 -0.43288529 0.16560042 0.027089708 -0.96291697 0.26843467 0.028770454 -0.99368638 0.10844238 0.02860152 -0.99445432 0.10120554 0.028377138 -0.99538416 0.091680169 0.074431099 -0.99606252 0.048161216 0.0041266792 -0.051583678 -0.99866015 0.14133866 -0.98937047 0.034194842 0.0082873628 -0.05179581 -0.99862337 0.3021872 -0.95227057 0.043169588 0.016678216 -0.05003465 -0.99860823 0.45562148 -0.89017367 0 0.023027902 -0.04814931 -0.99857467 0.59446764 -0.80210477 0.056886815 0.02931169 -0.041873943 -0.99869281 0.72354156 -0.69027525 -0.0027721792 0.037840422 -0.037840422 -0.9985671 0.041958939 -0.031469237 -0.99862361 0.79978788 -0.59698445 0.062840402 0.86602652 -0.4995262 0.021718448 0.9235211 -0.38151154 0.039466724 0.92013705 -0.39138225 -0.012959707 0.91739553 -0.39692473 -0.028915096 0.92875928 -0.36995146 0.023283567 0.96855783 -0.24760129 0.02427469 0.98712105 -0.13696893 0.082653642 0.98308319 -0.039981846 0.17874244 0.98475504 0.10087741 0.14170872 0.98604685 0.1381419 -0.092888489 0.9676885 0.19664264 0.15783159 0.93188006 0.34332427 0.11716627 0.79591751 0.37701344 0.4736836 0.74372548 0.46937343 0.47598431 0.68379033 0.5530656 0.4759717 0.61570799 0.62916625 0.47439805 0.39522007 0.50954014 0.76431018 0.33262336 0.55544889 0.76212752 0.45068479 0.75662392 0.47371238 0.35544258 0.80374861 0.47712559 0.38746274 0.91853052 0.078576393 0.38461423 0.92307389 0.0025640845 0.25275728 0.96728241 0.021873137 0.13314152 0.99066275 -0.029336283 0.12672772 0.99119121 -0.038470887 0.11087237 0.99341655 0.028826846 0.057742335 0.99494398 0.082171671 0.027435396 0.99823022 0.052760635 0.027596451 0.98657191 0.16097905 0.02593369 0.99628472 0.082123205 0.019556779 0.99522662 0.095611319 0.01511697 0.99556428 0.092861786 0.019366274 0.99628425 0.083920218 -0.002340564 0.97601891 0.2176733 -0.013872602 0.98264647 0.18496874 -0.080292404 0.89429086 0.44022369 -0.15870401 0.3769218 0.91254759 -0.13526575 0.71841127 0.68234038 -0.20807227 0.24366382 0.94727707 -0.20054357 0.040586196 0.97884381 -0.16731288 0.034856874 0.98528743 -0.16431268 -0.032399699 0.98587596 -0.12980223 -0.043267362 0.99059546 -0.11125012 -0.056760367 0.99217021 -0.10624748 -0.030988866 0.99385667 -0.087798171 -0.22325833 0.97079718 -0.053006366 -0.37634552 0.92496186 0.016694127 -0.62324977 0.78184468 -0.0054545132 -0.55908978 0.82908916 0.02790593 -0.80368894 0.59439486 0.023449898 -0.92235988 0.38561934 0.02732024 -0.9586904 0.28313652 0.058405533 -0.92652512 0.371672 0.044657923 -0.96510613 0.25802314 0.031784315 -0.98985386 0.13848875 0.072245762 -0.99611497 0.050353006 0.13507174 -0.99052638 -0.024763202 0.1368434 -0.98983359 -0.038772274 0.13462047 -0.99089479 -0.0022068843 0.26368695 -0.96441054 0.019532289 0.38422862 -0.92318034 -0.010314903 0.39375499 -0.91876179 -0.02887542 0.40740594 -0.91269517 0.031745959 0.40740594 -0.91269517 0.031745959 0.3646003 -0.87807882 0.30991009 0.53796351 -0.84178752 -0.044598013 0.57913959 -0.81518692 -0.0082341805 0.61976135 -0.78447253 0.022333654 0.62602937 -0.77298462 0.10286864 0.70796651 -0.70512331 0.039805368 0.79385358 -0.60788101 -0.016654294 0.77446944 -0.63239044 -0.016715188 0.76027411 -0.63406253 -0.14123669 0.80234259 -0.56832612 0.18235067 0.87861758 -0.44516626 0.17279485 0.92228287 -0.37382469 0.098231263 0.94149691 -0.27609885 0.19326909 0.86927325 -0.13618614 0.47520262 0.87939322 -0.032570161 0.47498092 0.87770963 0.072445951 0.4736847 0.8623178 0.17779753 0.47412664 0.83371037 0.2799775 0.47596169 0.58380944 0.27286732 0.76466328 0.53963971 0.34252593 0.76906753 0.52297258 0.41114199 0.74663377 0.452683 0.45924363 0.76431239 0.23365253 0.29633951 0.92606121 0.18050332 0.30269024 0.93584031 0.15935771 0.34387743 0.92539364 0.26240471 0.58803964 0.76508373 0.19057091 0.61474466 0.76535732 0.25560489 0.84072465 0.47733456 0.29218411 0.93995053 0.17641301 0.15077843 0.98249155 0.10943597 0.098013103 0.94569284 0.30993292 0.045777321 0.99877614 0.018726982 0.02732024 0.9586904 0.28313652 0.011279767 0.98809928 0.15340352 0.033535581 0.99265301 0.11625662 0.028770454 0.99368638 0.10844238 0.027073178 0.99042577 0.13536575 0.027701251 0.98570168 0.16620722 0.026005937 0.97876722 0.20331873 0.029772315 0.9601559 0.27787459 0.018991163 0.97567475 0.21839924 0.024985617 0.9544484 0.29732808 -0.024652073 0.8518694 0.52317381 -0.059135169 0.83915704 0.54066491 -0.078551851 0.73896879 0.66914487 -0.12814745 0.37887126 0.91653401 -0.14200445 0.24193364 0.9598453 -0.1383336 0.050722446 0.98908603 -0.10647414 0.033273175 0.99375862 -0.10692863 0.037870549 0.99354523 -0.083860643 -0.048551016 0.99529403 -0.032427531 -0.075664192 0.99660587 -0.017282771 -0.28639877 0.95795459 -0.017282771 -0.28639877 0.95795459 -0.20999154 -0.58365315 0.78438038 0.03719198 -0.16503911 0.98558551 0.0082546854 -0.59158206 0.80620247 0.0082546854 -0.59158206 0.80620247 0.016772477 -0.74637812 0.6653108 0.021718616 -0.86602652 0.49952617 0.034471553 -0.91217166 0.40835598 0.10230862 -0.98167497 0.16077058 0.20322044 -0.92860454 0.31047571 0.19212079 -0.97981566 0.055234641 0.35239461 -0.928792 0.1147332 0.43613714 -0.84423679 0.31152645 0.42081374 -0.90253472 -0.091360867 0.3646003 -0.87807882 0.30991009 0.49131179 -0.86685467 -0.084708944 0.5326283 -0.78777963 0.30937093 0.60395473 -0.79376888 -0.071899354 0.62372071 -0.71744043 0.3102445 0.63734835 -0.76185364 -0.11561204 0.71519446 -0.69823343 0.031095468 0.70525044 -0.63731354 0.31056902 0.70762259 -0.5240413 0.47397366 0.76402479 -0.4361172 0.47546607 0.81177676 -0.34062797 0.47433224 0.84683341 -0.24151568 0.47385994 0.63562149 -0.10299417 0.76509976 0.64548451 -0.025258077 0.76335555 0.64214206 0.05137134 0.76486254 0.63254279 0.12829883 0.7638253 0.61229932 0.20409971 0.76382774 0.34314066 0.15622653 0.92620069 0.32465476 0.20789276 0.92270249 0.25740439 0.23502131 0.93728757 0.081990719 0.12649974 0.98857242 0.038170252 0.11675606 0.99242687 0.10222844 0.33627799 0.93619794 0.072399989 0.3727265 0.92511249 0.11556847 0.63414437 0.76452923 0.1551667 0.86659056 0.47428271 0.056874607 0.90457791 0.42249748 0.019248087 0.83316308 0.55269223 0.012977494 0.91879886 0.39451244 0.015545341 0.922351 0.38604012 0.026480867 0.97256827 0.23110534 0.024612317 0.96233928 0.27073488 0.024695933 0.96066958 0.27659383 0.027366029 0.95780933 0.28609887 0.024695933 0.96066958 0.27659383 0.024695933 0.96066958 0.27659383 0.024695933 0.96066958 0.27659383 0 0.7194491 0.69454521 -0.033964954 0.73307598 0.67929822 -0.028211391 0.34366539 0.93866831 -0.09543018 0.37626776 0.92158318 -0.082856603 0.18277201 0.97965771 -0.065819733 0.059237786 0.99607164 -0.030503647 -0.087153487 0.99572784 -0.012829576 -0.083392635 0.99643415 0.0090377647 -0.1581603 0.98737204 -0.0067507243 -0.15526563 0.98784977 -0.002340564 -0.2176733 0.97601891 0.0082546854 -0.59158206 0.80620247 0.013962296 -0.67856187 0.73441052 0.023317225 -0.92750782 0.37307575 0.018842846 -0.4791443 0.87753391 0.025240587 -0.63942856 0.76843596 0.030372079 -0.84213346 0.53841317 0.078191288 -0.87965161 0.46914738 0.18760391 -0.86059564 0.4734765 0.29047048 -0.83080804 0.4747473 0.38821939 -0.78937948 0.47556871 0.47682902 -0.73842269 0.47682902 0.563806 -0.67455357 0.47655034 0.63938278 -0.60236585 0.47785452 0.51870835 -0.38495347 0.76338232 0.55948555 -0.31832793 0.76527333 0.59563392 -0.25212017 0.76266348 0.62037748 -0.17725068 0.76401174 0.37982979 -0.064196594 0.92282611 0.35583168 -0.017919593 0.93437827 0.35295787 0.02833974 0.93520987 0.37272638 0.07240016 0.92511261 0.33529073 0.11086215 0.93556923 0.1205536 0.074186854 0.98993081 0.081626885 0.083894148 0.9931258 0.02043952 0.024527399 0.99949014 0.018395351 0.026571007 0.99947774 0.014363555 0.034882739 0.99928808 0.0060227504 0.020075956 0.9997803 -0.98451734 -0.17223242 0.032584518 0 0.001960773 0.99999809 -0.94377047 -0.32981223 0.022833146 0.014363555 0.034882739 0.99928808 -0.89586157 -0.44394338 0.018608412 0.025072556 0.043876879 0.9987222 -0.79408133 -0.60740268 0.022290004 0.02353609 0.072747774 0.99707264 -0.60788077 -0.79385352 0.01665429 0.019671779 0.10273011 0.99451476 -0.60788077 -0.79385352 0.01665429 -0.19881326 -0.97688496 0.078543514 0.01541323 0.11669956 0.99304754 0.31526452 -0.94833612 0.035594404 -0.026622413 0.23960128 0.97050631 0.0043733865 0.12026487 0.99273223 -0.19810872 -0.97846347 0.057983026 0.23180357 -0.97261882 0.016728023 -0.014356107 0.23687662 0.97143364 -0.014356107 0.23687662 0.97143364 0.011513392 0.18191227 0.9832474 -0.13314137 -0.99066281 0.029336279 0.0043733865 0.12026487 0.99273223 -0.29310405 -0.95511508 0.042954899 0.0043733865 0.12026487 0.99273223 0.017785558 0.34046465 0.94008917 0.054335605 0.64344835 0.76355875 0.024464995 0.49745336 0.8671456 0.016759908 0.65643227 0.75419873 0.024149952 0.88818502 0.45885092 0.016782882 0.738442 0.67410809 0.039995875 0.95990103 0.27747139 0.024695933 0.96066958 0.27659383 0.032273002 0.96074158 0.27556157 0.029772315 0.9601559 0.27787459 0.013972589 0.71260476 0.70142668 0 0.32890713 0.94436228 0.013972589 0.71260476 0.70142668 0 0.71124578 0.70294333 -0.012586347 0.3297635 0.94397968 -0.015139056 0.33053729 0.94367152 -0.060998358 0.27957618 0.95818383 -0.63124967 0.069178142 0.77248836 -0.0066748369 0.14017212 0.99010462 0.96982872 0.049229842 0.23876491 0.96982872 0.049229842 0.23876491 -0.0084345629 0.071694046 0.99739093 -0.010198076 0.032633971 0.9994154 -0.010482785 -0.062896967 0.99796498 -0.0082385773 -0.04531277 0.99893886 -0.0078892708 0 0.99996889 0.99377471 0.10821102 0.026500693 -0.0078892708 0 0.99996889 0.98908937 -0.14518744 0.024954135 0 0 1 0.95062226 -0.30932954 0.025148796 -0.0078892708 0 0.99996889 0.96768367 -0.25159773 0.016934399 -0.0059053865 0 0.9999826 0.87080812 -0.49101642 0.024415087 -0.0078892708 0 0.99996889 -0.42782098 0.90347284 0.026572794 0 0.99960351 0.02815786 0 0 1 0.46313438 0.88587898 0.026926477 0.80008262 0.59936482 0.025089597 0 0 1 0 0 1 0.014250125 0.99954832 0.026464641 0.47279862 0.8807562 0.027017126 -0.0059053865 0 0.9999826 0.46313438 0.88587898 0.026926477 0.022573514 0.99938923 0.026677765 -0.0059053865 0 0.9999826 0.42363495 -0.90551955 0.023829371 -0.0078892708 0 0.99996889 0.5647071 -0.82491523 0.024913451 -0.0059053865 0 0.9999826 0.7632401 -0.64581853 0.019570183 -0.0078892708 0 0.99996889 0.45131123 0.89187717 0.029550197 -0.0078892708 0 0.99996889 0.78203452 0.62283456 0.022343755 -0.0099005084 -0.0019800896 0.99994904 0.78203452 0.62283456 0.022343755 -0.0099005084 -0.0019800896 0.99994904 0.87901741 0.47602177 0.027046753 -0.0078892708 0 0.99996889 0.98908937 -0.14518744 0.024954135 0 0 1 0.95062226 -0.30932954 0.025148796 -0.0078892708 0 0.99996889 0.96768367 -0.25159773 0.016934399 -0.0079048453 0.0019762113 0.9999668 0.87080812 -0.49101642 0.024415087 0 0 1 0.72081804 -0.69266105 0.025341161 -0.0079048453 0.0019762113 0.9999668 0.7632401 -0.64581853 0.019570183 -0.0079048453 0.0019762113 0.9999668 0.5647071 -0.82491523 0.024913451 -0.0081100231 0.028385203 0.99956417 -0.0060703028 -0.99958032 0.028328203 0.42363495 -0.90551955 0.023829371 -0.0079204505 0.0039602253 0.99996072 0.42363495 -0.90551955 0.023829371 0.44063333 -0.89728975 0.026705114 -0.004030826 -0.99964863 0.02620049 0 0 1 0 -0.99965948 0.026095552 -0.45563963 -0.8898375 0.024122089 0 0 1 -0.47388959 -0.88008046 0.029787309 -0.8000825 -0.59936512 0.025089687 0 0 1 -0.94691235 -0.32068765 0.022725886 0 0 1 0 0 1 0.99817246 0.054867886 0.025323648 -0.0078892708 0 0.99996889 0.99377471 0.10821102 0.026500693 -0.0078892708 0 0.99996889 0.97748965 0.21013671 0.018888617 0.94659281 0.32143664 0.025310028 0 0 1 0 0 1 -0.7180534 0.69552648 0.025343141 -0.0059053865 0 0.9999826 -0.86898464 0.49423522 0.02444027 -0.0059053865 0 0.9999826 -0.75812268 0.65181786 0.019582605 -0.0059053865 0 0.9999826 -0.5564025 0.83045173 0.027681785 -0.0059053865 0 0.9999826 -0.4067792 0.9132852 0.020995142 -0.4067792 0.9132852 0.020995142 -0.0059053865 0 0.9999826 0.012189914 0.99957681 0.026411604 0.022528492 0.99944407 0.024576526 -0.0039292276 0 0.99999225 -0.0039292276 0 0.99999225 -0.0060703028 -0.99958032 0.028328203 0.42363495 -0.90551955 0.023829371 -0.004030826 -0.99964863 0.02620049 0 0 1 0.44063333 -0.89728975 0.026705114 0.72081804 -0.69266105 0.025341161 0 0 1 0 0 1 -0.94691235 -0.32068765 0.022725886 -0.0039292276 0 0.99999225 -0.97792578 -0.20786837 0.021259248 -0.99377471 -0.10821102 0.026500693 -0.0039446969 0.0039446969 0.9999845 -0.0020153148 -0.028214529 0.99959987 -0.0041347495 -0.053751994 0.99854577 0.80008262 0.59936482 0.025089597 -0.0021118629 -0.080248602 0.99677271 0.64012247 0.76814681 0.013915651 0.65584898 0.75436723 0.028148092 0 0 1 0 -0.10311904 0.99466908 0.45885092 0.88818502 0.024149952 0 0 1 0.24300417 0.96958685 0.029160542 -0.93162704 0.36229947 0.028466433 0 0 1 -0.64076042 0.76722634 0.028103594 0 0 1 0 0 1 -0.21760049 0.97561598 0.02869462 -7.2131357e-08 -0.23919076 0.97097254 0.016286192 0.99956888 0.024429413 0.24251056 0.97004181 0.014406507 -0.0091562569 -0.17625864 0.98430133 0.0023073042 -0.19611564 0.98057801 0.89147449 0.4524298 0.024093809 -0.002055034 -0.049322568 0.99878079 0.018253889 -0.39636996 0.91790938 -0.0023737401 -0.23974133 0.97083384 0.0070788511 -0.22416449 0.97452563 0.027950088 -0.32523683 0.94521946 0.059958693 -0.60529697 0.79373837 0.13466722 -0.62844682 0.76610667 0.21091084 -0.61102098 0.76300073 0.28336906 -0.57947385 0.76414132 0.34993991 -0.54111087 0.76468366 0.41257417 -0.49770835 0.76293439 0.46900892 -0.44277057 0.76418906 0.30591545 -0.23158079 0.92346418 0.30536124 -0.17766471 0.9355157 0.35245472 -0.15384932 0.92309594 0.3419877 -0.09963426 0.93440753 0.12922336 -0.017823916 0.99145532 0.12810655 0.0088348975 0.99172103 0.13430098 0.03869687 0.99018478 0.028556876 0.014278376 0.99949014 0.026517771 0.016318552 0.99951518 0.026624339 0.020480288 0.99943572 0.024527399 0.02043952 0.99949014 -0.97807467 0.20739907 0.018854527 0 0 1 -0.99546313 0.091486827 0.026139112 0 0 1 0 0 1 -0.99256456 -0.11821551 0.028996293 0 0 1 -0.94308931 -0.33135566 0.028037759 -0.69130319 -0.72221506 0.022481402 0 0 1 -0.33913431 -0.93914151 0.054783277 0 0 1 -0.22953036 -0.97311348 0.019127537 -0.099441536 -0.99441504 0.03535698 0 0 1 0.35499755 -0.93474162 0.015323575 0.3547771 -0.93389857 0.04434713 0 0 1 0.69416821 -0.71946168 0.022483092 -0.0041428315 0.05592848 0.99842626 0.78819853 -0.61490661 0.025155174 -0.0021157591 0.082520016 0.9965871 0.61272931 -0.79017127 0.013862601 0.23191294 -0.97004467 0.072316982 0.61272931 -0.79017127 0.013862601 -0.006864531 0.17847849 0.98391986 -0.014305582 0.23127446 0.97278339 -0.011956989 0.23914066 0.97091132 0.015588301 0.39230302 0.9197039 0.016799279 0.71397209 0.69997269 0.039995875 0.95990103 0.27747139 0.010832433 0.51725066 0.85576546 1.5248013e-07 0.33792159 0.94117427 0 0.32890713 0.94436228 -0.0023239204 0.20682977 0.97837418 -0.63124967 0.069178142 0.77248836 -0.63124967 0.069178142 0.77248836 -0.0062148874 0.053862609 0.99852902 -0.0079674488 0.0099593112 0.99991876 -0.004030826 -0.99964863 0.02620049 -0.0060942029 0.032502539 0.99945307 -0.0060942029 0.032502539 0.99945307 -0.44601581 -0.89470237 0.024036769 -0.0059170215 0.0019723405 0.99998045 -0.44601581 -0.89470237 0.024036769 -0.45991507 -0.88755548 0.026895599 -0.0059053865 0 0.9999826 -0.78203452 -0.62283462 0.022343842 -0.0059053865 0 0.9999826 -0.78203452 -0.62283462 0.022343842 -0.0059053865 0 0.9999826 -0.87901747 -0.47602177 0.027046671 -0.0059053865 0 0.9999826 -0.97792578 -0.20786837 0.021259248 -0.99823105 -0.054755341 0.023165677 0 0 1 0 0 1 -0.95062226 0.30932954 0.025148796 -0.96748668 0.25217709 0.019398306 -0.0059053865 0 0.9999826 -0.004030826 -0.99964863 0.02620049 -0.0059053865 0 0.9999826 -0.0059053865 0 0.9999826 -0.44601581 -0.89470237 0.024036769 -0.0059053865 0 0.9999826 -0.44601581 -0.89470237 0.024036769 0 -0.99965948 0.026095552 -0.45563963 -0.8898375 0.024122089 0 0 1 0 0 1 -0.47388959 -0.88008046 0.029787309 -0.8000825 -0.59936512 0.025089687 -0.0039369548 0.0019684774 0.99999028 -0.78203452 -0.62283462 0.022343842 -0.87901747 -0.47602177 0.027046671 -0.0039369548 0.0019684774 0.99999028 -0.0039292276 0 0.99999225 0.99884701 -0.039620213 0.027108606 -0.0039446969 0.0039446969 0.9999845 -0.0019840354 -0.011903849 0.99992716 0.96553928 0.25910681 0.02444409 0.9117831 0.40964177 0.029071398 0 0 1 0 0 1 -0.99939376 0.016383568 0.030719079 0 -0.001960773 0.99999809 -0.98511946 0.16920882 0.030133095 -0.9953841 0.091680169 0.028377205 0 0 1 0.0080781402 -0.024234544 0.99967366 0.016481319 -0.037082814 0.9991762 -0.94691235 0.32068768 0.022725966 0.033770766 -0.046434909 0.99835026 -0.89954334 0.43654299 0.015874231 0.025729254 -0.072899446 0.99700731 -0.79537284 0.60559982 0.025117114 0.01517597 -0.097560205 0.99511391 -0.60656911 0.79491013 0.013848555 0.01813283 -0.15186185 0.98823541 -0.43220264 0.90152699 0.021212481 -0.19071986 0.98150951 0.016281044 0.023890095 -0.2221774 0.97471356 0.0094600357 -0.22467673 0.97438747 0.059897184 -0.32813281 0.94273072 0.11381935 -0.33603844 0.93494564 0.16592361 -0.34872076 0.92242241 0.189686 -0.3012661 0.93448269 0.24362905 -0.29808727 0.92292404 0.25611046 -0.2476673 0.93438125 0.11362976 -0.081164092 0.99020231 0.1283752 -0.052725542 0.99032307 0.036858298 -0.010238427 0.99926805 0.030350141 -0.0040466692 0.99953109 0.032371622 -0.0020232187 0.99947381 0.038589098 0 0.99925518 0.032437015 0.0040546115 0.99946558 0.036858361 0.010238364 0.99926805 0.024283122 0.010117916 0.99965394 -0.7757951 0.63068241 0.019534508 0 0 1 0 0 1 -0.87794554 0.47814268 0.024312412 0 0 1 -0.94691235 0.32068768 0.022725966 -0.99862283 0.046058159 0.02512262 0 0 1 0 0 1 0.90647316 -0.42143056 0.026505126 0.88035327 -0.47382924 0.021537611 -0.0020591097 0.051477998 0.99867201 1.4073754e-07 0.20100093 0.97959101 -0.0060583828 0.026253115 0.99963695 -0.0059287413 -0.0039524538 0.99997467 -0.99377471 -0.10821102 0.026500693 -0.0059053865 0 0.9999826 -0.98908937 0.14518744 0.024954135 -0.0059053865 0 0.9999826 -0.78203452 -0.62283462 0.022343842 -0.45991507 -0.88755548 0.026895599 -0.0039292276 0 0.99999225 0.8779456 -0.47814259 0.024312243 -0.0039369548 0.0019684774 0.99999028 -0.0039292276 0 0.99999225 -0.0039292276 0 0.99999225 0.97807473 -0.20739897 0.01885438 0.9994902 -0.020439457 0.024527399 0 0 1 0 0 1 -0.92665297 -0.37482589 0.028632505 0 0 1 -0.83136803 -0.55516613 0.024858171 0 0 1 -0.92323148 -0.38381529 0.018153436 0 0 1 -0.97579461 -0.21710838 0.026243838 -0.99933809 -0.02673129 0.024675047 0 0 1 0.0080781402 -0.024234544 0.99967366 0.029109402 -0.12315536 0.99196035 0.062180761 -0.12436159 0.99028665 0.085112765 -0.098914929 0.99144924 0.022483554 -0.022483554 0.99949437 0.028845156 -0.024724437 0.99927801 0.026571071 -0.01839529 0.99947774 0.034953367 -0.016448619 0.99925351 0.024234483 -0.0080782017 0.99967366 0 0 1 -0.44705328 0.89410669 0.026769722 -0.7757951 0.63068241 0.019534508 -0.79537284 0.60559982 0.025117114 -0.47498092 0.87939322 0.032570161 0 0 1 0.92665309 0.37482598 0.028632589 0 0 1 0 0 1 0.99878335 0.039700568 0.029253084 0.98556989 -0.16657519 0.030076103 0.96372694 -0.26551667 0.027043406 0.96372694 -0.26551667 0.027043406 -0.0019877465 0.013915193 0.99990124 -0.0019995887 0.019996008 0.99979812 0.77579516 -0.63068229 0.019534335 -0.0019646212 0.0019646212 0.99999607 -0.001960773 0 0.99999809 -0.001960773 0 0.99999809 0.44705328 -0.89410669 0.026769722 0.77579516 -0.63068229 0.019534335 0.47498092 -0.87939322 0.032570161 0 0 1 0.79537296 -0.60559964 0.025116941 0.94691235 -0.32068762 0.022725808 0 0 1 0 0 1 -0.6911397 -0.72217041 0.028209761 0 0 1 -0.52959073 -0.84789377 0.024695927 -0.70697039 -0.70697051 0.019638078 0 0 1 0.0080305887 -0.018068748 0.9998045 0.014250123 -0.026464637 0.9995482 0.020562038 -0.030842993 0.9993127 0.016189523 -0.018213205 0.99970305 0 0 1 -0.41726425 0.90847445 0.023768295 -0.4364095 0.89942944 0.023949375 0 0.99954307 0.030228125 0 0 1 0 0 1 0.69113958 0.72217041 0.028209846 0 0 1 0.70697045 0.70697045 0.019637991 0 0 1 0.83136821 0.55516595 0.024858085 0 0 1 0.92323148 0.38381526 0.018153356 0 0 1 0.97579467 0.21710841 0.026243914 -0.001960773 0 0.99999809 0.99933809 -0.024675047 0.02673129 0 0 1 0 0 1 0.41726446 -0.90847427 0.023768133 0.43640962 -0.89942932 0.023949211 0 -0.99954307 0.030228125 0 0 1 0 0 1 0 -0.99954307 0.030228125 -0.41505203 -0.90941352 0.026436416 0 0 1 -0.38561943 -0.92235988 0.023449818 -0.38561943 -0.92235988 0.023449818 0 -0.99954307 0.030228125 0 0 1 -0.41726425 0.90847445 0.023768295 0 0 1 0 0.99954307 0.030228125 0 0 1 0 0.99954307 0.030228125 0.41505215 0.90941346 0.0264365 0.52959079 0.84789377 0.024695843 0 0 1 0 -0.99954307 0.030228125 0.41726446 -0.90847427 0.023768133 0 0 1 0 0.99954307 0.030228125 0 0 1 0.38561952 0.92235988 0.023449739 0.38561952 0.92235988 0.023449739 0 0 1 </float_array>
          <technique_common>
            <accessor count="2744" offset="0" source="#meshId0-normals-array" stride="3">
              <param name="X" type="float" />
              <param name="Y" type="float" />
              <param name="Z" type="float" />
            </accessor>
          </technique_common>
        </source>
        <vertices id="meshId0-vertices">
          <input semantic="POSITION" source="#meshId0-positions" />
        </vertices>
        <polylist count="2996" material="defaultMaterial">
          <input offset="0" semantic="VERTEX" source="#meshId0-vertices" />
          <input offset="0" semantic="NORMAL" source="#meshId0-normals" />
          <vcount>3 3 3 3 3 3 3 3 3 3 3 3 3 3 3 3 3 3 3 3 3 3 3 3 3 3 3 3 3 3 3 3 3 3 3 3 3 3 3 3 3 3 3 3 3 3 3 3 3 3 3 3 3 3 3 3 3 3 3 3 3 3 3 3 3 3 3 3 3 3 3 3 3 3 3 3 3 3 3 3 3 3 3 3 3 3 3 3 3 3 3 3 3 3 3 3 3 3 3 3 3 3 3 3 3 3 3 3 3 3 3 3 3 3 3 3 3 3 3 3 3 3 3 3 3 3 3 3 3 3 3 3 3 3 3 3 3 3 3 3 3 3 3 3 3 3 3 3 3 3 3 3 3 3 3 3 3 3 3 3 3 3 3 3 3 3 3 3 3 3 3 3 3 3 3 3 3 3 3 3 3 3 3 3 3 3 3 3 3 3 3 3 3 3 3 3 3 3 3 3 3 3 3 3 3 3 3 3 3 3 3 3 3 3 3 3 3 3 3 3 3 3 3 3 3 3 3 3 3 3 3 3 3 3 3 3 3 3 3 3 3 3 3 3 3 3 3 3 3 3 3 3 3 3 3 3 3 3 3 3 3 3 3 3 3 3 3 3 3 3 3 3 3 3 3 3 3 3 3 3 3 3 3 3 3 3 3 3 3 3 3 3 3 3 3 3 3 3 3 3 3 3 3 3 3 3 3 3 3 3 3 3 3 3 3 3 3 3 3 3 3 3 3 3 3 3 3 3 3 3 3 3 3 3 3 3 3 3 3 3 3 3 3 3 3 3 3 3 3 3 3 3 3 3 3 3 3 3 3 3 3 3 3 3 3 3 3 3 3 3 3 3 3 3 3 3 3 3 3 3 3 3 3 3 3 3 3 3 3 3 3 3 3 3 3 3 3 3 3 3 3 3 3 3 3 3 3 3 3 3 3 3 3 3 3 3 3 3 3 3 3 3 3 3 3 3 3 3 3 3 3 3 3 3 3 3 3 3 3 3 3 3 3 3 3 3 3 3 3 3 3 3 3 3 3 3 3 3 3 3 3 3 3 3 3 3 3 3 3 3 3 3 3 3 3 3 3 3 3 3 3 3 3 3 3 3 3 3 3 3 3 3 3 3 3 3 3 3 3 3 3 3 3 3 3 3 3 3 3 3 3 3 3 3 3 3 3 3 3 3 3 3 3 3 3 3 3 3 3 3 3 3 3 3 3 3 3 3 3 3 3 3 3 3 3 3 3 3 3 3 3 3 3 3 3 3 3 3 3 3 3 3 3 3 3 3 3 3 3 3 3 3 3 3 3 3 3 3 3 3 3 3 3 3 3 3 3 3 3 3 3 3 3 3 3 3 3 3 3 3 3 3 3 3 3 3 3 3 3 3 3 3 3 3 3 3 3 3 3 3 3 3 3 3 3 3 3 3 3 3 3 3 3 3 3 3 3 3 3 3 3 3 3 3 3 3 3 3 3 3 3 3 3 3 3 3 3 3 3 3 3 3 3 3 3 3 3 3 3 3 3 3 3 3 3 3 3 3 3 3 3 3 3 3 3 3 3 3 3 3 3 3 3 3 3 3 3 3 3 3 3 3 3 3 3 3 3 3 3 3 3 3 3 3 3 3 3 3 3 3 3 3 3 3 3 3 3 3 3 3 3 3 3 3 3 3 3 3 3 3 3 3 3 3 3 3 3 3 3 3 3 3 3 3 3 3 3 3 3 3 3 3 3 3 3 3 3 3 3 3 3 3 3 3 3 3 3 3 3 3 3 3 3 3 3 3 3 3 3 3 3 3 3 3 3 3 3 3 3 3 3 3 3 3 3 3 3 3 3 3 3 3 3 3 3 3 3 3 3 3 3 3 3 3 3 3 3 3 3 3 3 3 3 3 3 3 3 3 3 3 3 3 3 3 3 3 3 3 3 3 3 3 3 3 3 3 3 3 3 3 3 3 3 3 3 3 3 3 3 3 3 3 3 3 3 3 3 3 3 3 3 3 3 3 3 3 3 3 3 3 3 3 3 3 3 3 3 3 3 3 3 3 3 3 3 3 3 3 3 3 3 3 3 3 3 3 3 3 3 3 3 3 3 3 3 3 3 3 3 3 3 3 3 3 3 3 3 3 3 3 3 3 3 3 3 3 3 3 3 3 3 3 3 3 3 3 3 3 3 3 3 3 3 3 3 3 3 3 3 3 3 3 3 3 3 3 3 3 3 3 3 3 3 3 3 3 3 3 3 3 3 3 3 3 3 3 3 3 3 3 3 3 3 3 3 3 3 3 3 3 3 3 3 3 3 3 3 3 3 3 3 3 3 3 3 3 3 3 3 3 3 3 3 3 3 3 3 3 3 3 3 3 3 3 3 3 3 3 3 3 3 3 3 3 3 3 3 3 3 3 3 3 3 3 3 3 3 3 3 3 3 3 3 3 3 3 3 3 3 3 3 3 3 3 3 3 3 3 3 3 3 3 3 3 3 3 3 3 3 3 3 3 3 3 3 3 3 3 3 3 3 3 3 3 3 3 3 3 3 3 3 3 3 3 3 3 3 3 3 3 3 3 3 3 3 3 3 3 3 3 3 3 3 3 3 3 3 3 3 3 3 3 3 3 3 3 3 3 3 3 3 3 3 3 3 3 3 3 3 3 3 3 3 3 3 3 3 3 3 3 3 3 3 3 3 3 3 3 3 3 3 3 3 3 3 3 3 3 3 3 3 3 3 3 3 3 3 3 3 3 3 3 3 3 3 3 3 3 3 3 3 3 3 3 3 3 3 3 3 3 3 3 3 3 3 3 3 3 3 3 3 3 3 3 3 3 3 3 3 3 3 3 3 3 3 3 3 3 3 3 3 3 3 3 3 3 3 3 3 3 3 3 3 3 3 3 3 3 3 3 3 3 3 3 3 3 3 3 3 3 3 3 3 3 3 3 3 3 3 3 3 3 3 3 3 3 3 3 3 3 3 3 3 3 3 3 3 3 3 3 3 3 3 3 3 3 3 3 3 3 3 3 3 3 3 3 3 3 3 3 3 3 3 3 3 3 3 3 3 3 3 3 3 3 3 3 3 3 3 3 3 3 3 3 3 3 3 3 3 3 3 3 3 3 3 3 3 3 3 3 3 3 3 3 3 3 3 3 3 3 3 3 3 3 3 3 3 3 3 3 3 3 3 3 3 3 3 3 3 3 3 3 3 3 3 3 3 3 3 3 3 3 3 3 3 3 3 3 3 3 3 3 3 3 3 3 3 3 3 3 3 3 3 3 3 3 3 3 3 3 3 3 3 3 3 3 3 3 3 3 3 3 3 3 3 3 3 3 3 3 3 3 3 3 3 3 3 3 3 3 3 3 3 3 3 3 3 3 3 3 3 3 3 3 3 3 3 3 3 3 3 3 3 3 3 3 3 3 3 3 3 3 3 3 3 3 3 3 3 3 3 3 3 3 3 3 3 3 3 3 3 3 3 3 3 3 3 3 3 3 3 3 3 3 3 3 3 3 3 3 3 3 3 3 3 3 3 3 3 3 3 3 3 3 3 3 3 3 3 3 3 3 3 3 3 3 3 3 3 3 3 3 3 3 3 3 3 3 3 3 3 3 3 3 3 3 3 3 3 3 3 3 3 3 3 3 3 3 3 3 3 3 3 3 3 3 3 3 3 3 3 3 3 3 3 3 3 3 3 3 3 3 3 3 3 3 3 3 3 3 3 3 3 3 3 3 3 3 3 3 3 3 3 3 3 3 3 3 3 3 3 3 3 3 3 3 3 3 3 3 3 3 3 3 3 3 3 3 3 3 3 3 3 3 3 3 3 3 3 3 3 3 3 3 3 3 3 3 3 3 3 3 3 3 3 3 3 3 3 3 3 3 3 3 3 3 3 3 3 3 3 3 3 3 3 3 3 3 3 3 3 3 3 3 3 3 3 3 3 3 3 3 3 3 3 3 3 3 3 3 3 3 3 3 3 3 3 3 3 3 3 3 3 3 3 3 3 3 3 3 3 3 3 3 3 3 3 3 3 3 3 3 3 3 3 3 3 3 3 3 3 3 3 3 3 3 3 3 3 3 3 3 3 3 3 3 3 3 3 3 3 3 3 3 3 3 3 3 3 3 3 3 3 3 3 3 3 3 3 3 3 3 3 3 3 3 3 3 3 3 3 3 3 3 3 3 3 3 3 3 3 3 3 3 3 3 3 3 3 3 3 3 3 3 3 3 3 3 3 3 3 3 3 3 3 3 3 3 3 3 3 3 3 3 3 3 3 3 3 3 3 3 3 3 3 3 3 3 3 3 3 3 3 3 3 3 3 3 3 3 3 3 3 3 3 3 3 3 3 3 3 3 3 3 3 3 3 3 3 3 3 3 3 3 3 3 3 3 3 3 3 3 3 3 3 3 3 3 3 3 3 3 3 3 3 3 3 3 3 3 3 3 3 3 3 3 3 3 3 3 3 3 3 3 3 3 3 3 3 3 3 3 3 3 3 3 3 3 3 3 3 3 3 3 3 3 3 3 3 3 3 3 3 3 3 3 3 3 3 3 3 3 3 3 3 3 3 3 3 3 3 3 3 3 3 3 3 3 3 3 3 3 3 3 3 3 3 3 3 3 3 3 3 3 3 3 3 3 3 3 3 3 3 3 3 3 3 3 3 3 3 3 3 3 3 3 3 3 3 3 3 3 3 3 3 3 3 3 3 3 3 3 3 3 3 3 3 3 3 3 3 3 3 3 3 3 3 3 3 3 3 3 3 3 3 3 3 3 3 3 3 3 3 3 3 3 3 3 3 3 3 3 3 3 3 3 3 3 3 3 3 3 3 3 3 3 3 3 3 3 3 3 3 3 3 3 3 3 3 3 3 3 3 3 3 3 3 3 3 3 3 3 3 3 3 3 3 3 3 3 3 3 3 3 3 3 3 3 3 3 3 3 3 3 3 3 3 3 3 3 3 3 3 3 3 3 3 3 3 3 3 3 3 3 3 3 3 3 3 3 3 3 3 3 3 3 3 3 3 3 3 3 3 3 3 3 3 3 3 3 3 3 3 3 3 3 3 3 3 3 3 3 3 3 3 3 3 3 3 3 3 3 3 3 3 3 3 3 3 3 3 3 3 3 3 3 3 3 3 3 3 3 3 3 3 3 3 3 3 3 3 3 3 3 3 3 3 3 3 3 3 3 3 3 3 3 3 3 3 3 3 3 3 3 3 3 3 3 3 3 3 3 3 3 3 3 3 3 3 3 3 3 3 3 3 3 3 3 3 3 3 3 3 3 3 3 3 3 3 3 3 3 3 3 3 3 3 3 3 3 3 3 3 3 3 3 3 3 3 3 3 3 3 3 3 3 3 3 3 3 3 3 3 3 3 3 3 3 3 3 3 3 3 3 3 3 3 3 3 3 3 3 3 3 3 3 3 3 3 3 3 3 3 3 3 3 3 3 3 3 3 3 3 3 3 3 3 3 3 3 3 3 3 3 3 3 3 3 3 3 3 3 3 3 3 3 3 3 3 3 3 3 3 3 3 3 3 3 3 3 3 3 3 3 3 3 3 3 3 3 3 3 3 3 3 3 3 3 3 3 3 3 3 3 3 3 3 3 3 3 3 3 3 3 3 3 3 3 3 3 3 3 3 3 3 3 3 3 3 3 3 3 3 3 3 3 3 3 3 3 3 3 3 3 3 3 3 3 3 3 3 3 3 3 3 3 3 3 3 3 3 3 3 3 3 3 3 3 3 3 3 3 3 3 3 3 3 3 3 3 3 3 3 3 3 3 3 3 3 3 3 3 3 3 3 3 3 3 3 3 3 3 3 3 3 3 3 3 3 3 3 3 3 3 3 3 3 3 3 3 3 3 3 3 3 3 3 3 3 3 3 3 3 3 3 3 3 3 3 3 3 3 3 3 3 3 3 3 3 3 3 3 3 3 3 3 3 3 3 3 3 3 3 3 3 3 3 3 3 3 3 3 3 3 3 3 3 3 3 3 3 3 3 3 3 3 3 3 3 3 3 3 3 3 3 3 3 3 3 3 3 3 3 3 3 3 3 3 3 3 3 3 3 3 3 3 3 3 3 3 3 3 3 3 3 3 3 3 3 3 3 3 3 3 3 3 3 3 3 3 3 3 3 3 3 3 3 3 3 3 3 3 3 3 3 3 3 3 3 3 3 3 3 3 3 3 3 3 3 3 3 3 3 3 3 3 3 3 3 3 3 3 3 3 3 3 3 3 3 3 3 3 3 3 3 3 3 3 3 3 3 3 3 3 3 3 3 3 3 3 3 3 3 3 3 3 3 3 3 3 3 3 3 3 3 3 3 3 3 3 3 3 3 3 3 3 3 3 3 3 3 3 3 3 3 3 3 3 3 3 3 3 3 3 3 3 3 3 3 3 3 3 3 3 3 3 3 3 3 3 3 3 3 3 3 3 3 3 3 3 3 3 3 3 3 3 3 3 3 3 3 3 3 3 3 3 3 3 3 3 3 3 3 3 3 3 3 3 3 3 3 3 3 3 3 3 3 3 3 3 3 3 3 3 3 3 3 3 3 3 3 3 3 3 3 3 3 3 3 3 3 3 3 3 3 3 3 3 3 3 3 3 3 3 3 3 3 3 3 3 3 3 3 3 3 3 3 3 3 3 3 3 3 3 3 3 3 3 3 3 3 3 3 3 3 3 3 3 3 3 3 3 3 3 3 3 3 3 3 3 3 3 3 3 3 3 3 3 3 3 3 3 3 3 3 3 3 3 3 3 3 3 3 3 3 3 </vcount>
          <p>2 4 7 9 12 13 12 7 13 7 4 13 16 14 18 14 3 18 18 3 20 20 3 22 3 0 22 22 0 24 24 0 25 1 5 27 27 5 29 29 5 30 6 10 32 32 10 33 35 11 37 37 11 39 11 8 39 39 8 41 41 8 42 9 13 43 43 13 44 45 14 46 14 16 46 47 15 48 15 17 48 17 19 48 19 21 48 21 23 48 23 26 48 49 52 53 56 58 60 63 65 66 65 68 66 66 68 69 68 70 69 69 70 71 70 73 71 73 75 71 71 75 76 75 78 76 76 78 80 82 81 83 81 85 83 86 83 87 87 83 88 88 83 89 83 85 89 89 85 90 90 85 91 91 85 93 84 79 92 93 80 94 80 78 94 94 78 95 95 78 96 77 74 96 96 74 97 97 74 98 74 72 98 98 72 99 99 72 100 100 72 101 72 70 101 101 70 102 102 70 103 103 70 104 70 68 104 104 67 105 105 67 106 67 64 106 106 64 107 64 63 107 107 63 108 108 63 109 110 111 112 111 114 112 114 115 112 115 118 112 113 116 119 117 109 120 109 63 120 120 63 121 63 66 121 122 121 123 121 66 123 123 66 124 66 69 124 124 69 125 69 71 125 125 71 126 71 76 126 126 76 127 127 76 128 76 80 128 80 82 128 128 82 129 129 82 130 130 82 131 82 83 131 83 86 131 86 132 131 132 133 131 133 134 131 134 135 131 135 136 131 131 136 137 136 138 137 138 139 137 137 139 140 143 144 146 144 147 146 146 147 149 147 150 149 149 150 152 152 150 154 150 155 154 154 155 156 155 140 158 140 139 158 158 139 160 139 138 160 160 138 162 162 138 164 138 136 164 164 136 166 136 135 166 135 134 166 166 134 168 134 133 168 168 133 170 170 133 172 133 132 172 172 132 174 132 86 174 174 86 176 86 87 176 87 88 176 176 88 178 178 88 180 88 89 180 180 89 182 89 90 182 90 91 182 182 91 184 91 93 184 184 93 186 93 94 186 186 94 188 94 95 188 188 95 190 95 96 190 190 96 193 96 97 193 193 97 195 97 98 195 195 98 197 197 98 200 98 99 200 200 99 201 99 100 201 100 101 203 101 102 203 203 102 205 102 103 205 205 103 208 103 104 208 208 104 211 104 105 211 211 105 213 105 106 213 213 106 215 106 107 215 215 107 217 107 108 217 217 108 219 108 109 219 219 109 221 109 117 221 221 117 222 118 115 224 224 115 226 115 114 226 114 111 226 226 111 228 111 110 228 228 110 230 230 110 232 232 110 234 110 235 234 235 236 234 234 236 238 236 239 238 238 239 241 243 245 246 246 245 247 245 249 247 247 249 250 249 252 250 250 252 253 252 241 253 241 239 253 253 239 254 239 236 254 236 235 254 235 110 254 110 112 254 254 112 255 112 120 255 120 121 255 255 121 256 121 122 256 256 122 257 258 257 259 259 257 260 257 122 260 260 122 261 122 123 261 261 123 262 262 123 263 263 123 264 123 124 264 264 124 265 124 125 265 265 125 266 266 125 267 125 126 267 267 126 268 126 127 268 268 127 269 269 127 270 270 127 271 272 271 273 271 127 273 127 128 273 128 129 273 273 129 274 274 129 275 129 130 275 275 130 276 130 131 276 131 137 276 276 137 277 277 137 278 137 140 278 140 155 278 155 150 278 150 147 278 147 144 278 278 144 279 144 143 279 279 143 280 141 282 280 280 282 283 282 285 283 283 285 286 285 288 286 286 288 289 288 291 289 291 293 289 289 293 294 293 296 294 297 294 298 298 294 299 294 296 299 296 302 299 299 302 303 306 304 307 304 300 307 309 301 311 301 295 311 311 295 313 313 295 315 295 292 315 315 292 317 317 292 319 292 290 319 290 287 319 319 287 323 287 284 323 323 284 325 284 281 325 325 281 327 281 142 327 327 142 329 142 145 329 329 145 331 145 148 331 148 151 331 331 151 333 151 153 333 333 153 335 153 157 335 157 159 335 335 159 337 159 161 337 337 161 339 161 163 339 163 165 339 339 165 342 165 167 342 342 167 344 344 167 346 346 167 348 167 169 348 169 171 348 348 171 350 171 173 350 173 175 350 350 175 352 175 177 352 352 177 354 354 177 356 177 179 356 179 181 356 356 181 359 181 183 359 359 183 361 183 185 361 185 187 361 361 187 363 363 187 366 187 189 366 366 189 367 189 191 367 192 194 370 194 196 370 370 196 371 196 198 371 374 199 377 199 202 377 377 202 380 202 204 380 380 204 383 204 206 383 383 206 385 207 209 384 388 210 390 210 212 390 390 212 392 212 214 392 392 214 395 214 216 395 395 216 399 216 218 399 399 218 401 218 220 401 220 223 401 401 223 403 403 223 406 223 225 406 225 227 406 406 227 408 227 229 408 229 231 408 408 231 410 231 233 410 410 233 412 233 237 412 412 237 414 237 240 414 414 240 416 240 251 416 251 248 416 416 248 418 248 244 418 418 244 420 420 244 422 244 242 422 242 424 422 422 424 426 424 428 426 428 430 426 426 430 432 434 437 439 439 437 441 441 437 443 435 446 442 446 432 442 432 430 442 444 429 447 447 429 448 429 427 448 448 427 449 427 423 449 449 423 450 423 243 450 243 246 450 450 246 451 246 247 451 247 250 451 250 253 451 253 254 451 451 254 452 254 255 452 255 256 452 452 256 453 256 257 453 453 257 454 257 258 454 454 258 455 456 455 457 455 258 457 258 259 457 259 260 457 260 261 457 261 262 457 262 263 457 263 264 457 264 265 457 265 266 457 266 267 457 267 268 457 268 269 457 269 270 457 270 271 457 271 272 457 457 272 458 272 273 458 273 274 458 458 274 459 460 462 463 464 466 467 466 470 467 467 470 471 471 470 473 477 479 481 481 479 483 483 479 485 479 473 485 485 473 487 472 468 486 490 469 492 492 469 494 469 465 494 494 465 496 496 465 497 466 464 498 498 464 499 464 461 499 499 461 500 504 506 508 508 506 510 510 506 513 513 506 515 515 506 517 519 522 523 522 526 523 526 528 523 528 530 523 530 517 523 517 506 523 524 505 532 506 504 531 504 538 531 534 540 533 540 542 533 533 542 543 546 541 548 541 539 548 548 539 549 539 535 549 552 536 553 537 503 555 503 507 555 555 507 556 507 509 556 509 511 556 557 512 558 512 514 558 560 559 561 558 514 563 514 516 563 516 529 563 563 529 564 529 527 564 527 525 564 564 525 566 525 520 566 521 568 565 567 569 566 566 569 570 570 569 573 569 567 573 568 521 572 522 519 571 518 577 575 577 579 575 575 579 580 579 582 580 580 582 584 582 586 584 586 502 584 500 461 583 462 460 584 584 460 588 460 463 588 588 463 590 463 467 590 590 467 594 467 471 594 594 471 596 596 471 597 471 473 597 473 479 597 597 479 598 598 479 600 478 474 599 475 603 601 603 605 601 601 605 607 607 605 608 614 611 617 611 604 617 604 602 617 602 476 617 476 480 617 617 480 618 480 482 618 482 484 618 484 488 618 489 491 620 620 491 622 491 493 622 493 495 622 495 498 622 498 499 622 622 499 624 499 501 624 501 585 624 624 585 625 585 581 625 581 578 625 578 576 625 576 519 625 519 523 625 626 524 629 629 524 630 524 532 630 632 533 633 533 543 633 634 544 636 545 547 635 547 550 635 638 551 639 551 554 639 639 554 640 554 557 640 640 557 641 557 558 641 559 560 641 641 560 642 560 561 642 642 561 643 644 562 645 647 563 649 563 564 649 564 566 649 649 566 650 566 570 650 570 573 650 651 574 652 653 575 654 575 580 654 580 584 654 584 588 654 655 587 657 657 587 659 587 589 659 661 659 663 659 589 663 589 591 663 666 664 668 662 592 667 593 595 671 671 595 672 596 597 675 597 598 675 675 598 677 677 598 678 598 600 678 600 606 678 678 606 679 679 606 682 606 609 682 610 612 681 613 683 680 683 684 680 684 685 680 685 688 680 682 686 689 687 692 690 690 692 693 692 695 693 693 695 697 694 700 696 698 699 702 702 699 704 700 694 703 694 691 703 691 688 703 688 685 703 685 684 703 684 683 703 683 613 703 613 615 703 616 619 705 619 621 705 705 621 707 707 621 709 621 623 709 709 623 710 623 626 710 626 629 710 713 712 715 715 712 717 717 712 719 712 627 719 627 720 719 719 720 721 721 720 722 720 628 722 722 628 723 628 631 723 725 632 727 727 632 729 729 632 731 731 632 732 632 633 732 732 633 733 633 637 733 733 638 734 734 638 737 638 639 737 737 639 738 639 640 738 738 640 739 640 641 739 641 642 739 642 643 739 644 645 742 742 645 743 646 648 745 746 748 749 747 745 750 745 648 750 648 651 750 651 652 750 750 652 751 652 655 751 751 655 752 655 657 752 754 753 756 753 656 756 656 658 756 659 661 755 756 660 757 757 660 758 758 660 759 660 664 759 664 666 759 759 666 760 760 666 763 665 669 762 764 763 766 768 769 770 774 776 780 782 784 787 787 784 788 791 795 796 797 792 798 799 793 802 805 804 806 807 800 808 801 794 810 794 790 810 810 790 811 790 815 811 815 817 811 812 816 818 816 822 818 820 821 823 821 829 823 825 826 830 831 827 832 827 837 832 837 842 832 835 838 843 844 839 845 848 846 849 849 846 850 846 840 850 841 836 850 850 836 851 836 828 851 828 822 851 851 822 852 822 816 852 852 816 853 816 813 853 854 814 855 814 791 855 791 796 855 855 796 856 797 798 858 858 798 859 798 803 859 803 805 859 805 860 859 860 862 859 861 863 859 864 859 865 865 859 866 859 863 866 866 863 867 863 861 867 862 860 868 860 805 868 805 806 868 868 806 869 869 806 870 806 809 870 870 809 871 809 812 871 871 812 872 812 818 872 872 819 873 819 824 873 824 831 873 873 831 874 831 832 874 876 833 877 834 844 880 880 844 882 844 845 882 845 847 882 847 884 882 882 884 886 883 889 885 888 789 887 789 783 887 887 783 890 783 781 890 781 893 890 894 891 896 891 892 896 896 892 777 893 781 780 780 781 897 897 781 898 781 785 898 899 786 900 786 789 900 789 888 900 902 889 903 889 883 903 883 848 903 848 849 903 903 849 905 849 850 905 905 850 907 850 851 907 851 852 907 852 853 907 854 855 906 855 856 906 908 857 909 858 859 910 859 864 910 912 910 914 910 864 914 864 865 914 914 865 916 865 866 916 916 866 919 866 867 919 919 867 920 868 869 921 921 869 922 922 869 925 925 869 926 869 870 929 929 870 930 870 871 930 932 871 933 871 872 933 933 872 934 872 873 934 873 874 934 937 875 940 875 878 940 940 878 942 942 878 944 879 881 943 882 886 945 945 886 949 886 891 949 891 894 949 949 894 952 952 894 954 894 896 954 895 778 953 779 775 955 955 775 956 956 775 957 776 774 958 958 774 960 960 774 961 961 774 962 968 970 971 970 964 971 964 772 971 973 773 974 774 780 975 780 897 975 897 898 975 898 901 975 975 901 977 902 903 976 903 905 976 771 978 982 978 904 982 982 904 983 904 908 983 908 909 983 910 912 984 984 912 986 986 912 987 988 911 990 911 913 990 913 915 990 915 917 990 918 921 989 921 922 989 922 925 989 992 923 993 924 927 995 995 927 996 996 927 997 1000 999 1001 999 928 1001 928 931 1001 1003 932 1004 932 933 1004 933 935 1004 936 938 1006 1006 938 1008 1011 1010 1012 1012 1010 1013 1007 939 1014 1014 939 1016 939 941 1016 1016 941 1018 1018 941 1019 1020 1019 1022 1019 941 1022 942 944 1021 944 946 1021 1023 947 1024 1025 948 1026 948 950 1026 1026 950 1027 951 955 1029 955 956 1029 1029 956 1030 956 957 1030 957 959 1030 959 961 1030 1034 1033 1035 1035 1033 1036 1037 1030 1038 1030 961 1038 961 962 1038 1038 962 1040 963 969 1039 969 965 1039 1040 966 1041 1042 967 1044 967 972 1044 1044 972 1046 972 1049 1046 1046 1049 1051 1051 1049 1052 1056 1047 1058 1058 1047 1060 1060 1047 1061 1062 1048 1063 1048 973 1063 973 974 1063 974 978 1063 978 771 1063 1065 1064 1067 1067 1064 1069 1069 1064 1071 1064 770 1071 770 769 1071 1071 769 1072 769 768 1072 1076 1077 1081 1077 1074 1081 1074 767 1081 1081 767 1082 768 770 1085 770 979 1085 1085 979 1087 1087 979 1088 1090 980 1092 1092 980 1093 1094 981 1095 1095 981 1096 981 984 1096 984 986 1096 1097 985 1099 985 988 1099 1099 988 1101 988 990 1101 991 994 1100 995 996 1104 1104 996 1105 996 998 1105 999 1000 1107 1107 1000 1108 1000 1001 1108 1108 1001 1109 1109 1002 1111 1002 1005 1111 1006 1008 1110 1111 1009 1112 1009 1011 1112 1112 1011 1113 1011 766 1113 1114 765 1117 765 761 1117 762 669 1116 670 673 1115 674 676 1120 1120 676 1122 677 678 1121 678 679 1121 1124 679 1125 1125 679 1126 679 682 1126 682 689 1126 1126 689 1127 689 693 1127 1127 693 1128 693 697 1128 1128 697 1129 1130 1129 1131 1129 697 1131 697 701 1131 1131 701 1132 702 704 1133 1133 704 1135 704 706 1135 1135 706 1137 706 708 1137 1137 708 1139 1139 708 1141 1141 708 1142 1142 708 1143 1143 708 1145 708 711 1145 711 713 1145 1145 713 1146 713 715 1146 1147 1149 1152 1148 1146 1151 1146 715 1151 714 716 1150 716 718 1150 718 721 1150 721 1156 1150 1155 1157 1154 1154 1157 1160 1160 1157 1161 1157 1155 1161 1156 721 1162 721 722 1162 1162 722 1164 722 723 1163 724 726 1166 726 728 1166 728 730 1166 1166 730 1167 730 732 1167 732 733 1167 1167 733 1169 733 734 1169 1169 734 1170 734 735 1170 1173 736 1176 737 738 1175 738 740 1175 741 744 1174 1177 745 1178 745 747 1178 748 746 1179 1179 746 1180 1181 1180 1182 1180 746 1182 746 749 1182 1182 749 1184 750 751 1183 751 752 1183 753 754 1185 1185 754 1186 754 756 1186 756 757 1186 1186 757 1187 757 758 1187 1187 758 1188 758 759 1188 759 760 1188 1188 760 1189 760 459 1189 459 274 1189 274 275 1189 1189 275 1190 275 276 1190 276 277 1190 1190 277 1191 1191 277 1192 277 278 1192 1192 278 1193 278 279 1193 279 280 1193 280 283 1193 283 286 1193 286 289 1193 1193 289 1194 289 294 1194 294 297 1194 1194 297 1195 297 298 1195 298 299 1195 299 303 1195 1196 1195 1197 1195 303 1197 304 306 1198 306 1200 1198 1198 1200 1202 1200 1205 1202 1202 1205 1207 1207 1205 1209 1203 1214 1208 1211 1212 1216 1212 1218 1216 1216 1218 1221 1218 1223 1221 1221 1223 1225 1225 1223 1226 1229 1231 1234 1231 1227 1234 1234 1227 1236 1227 1222 1236 1236 1222 1238 1222 1217 1238 1217 1213 1238 1238 1213 1242 1213 1204 1242 1242 1204 1245 1204 1199 1245 1199 305 1245 1245 305 1247 305 308 1247 1247 308 1250 308 310 1250 310 312 1250 1250 312 1252 312 314 1252 314 316 1252 1252 316 1253 316 318 1253 318 320 1253 1255 321 1256 322 324 1258 1258 324 1260 324 326 1260 1260 326 1262 326 328 1262 328 330 1262 1262 330 1264 330 332 1264 1264 332 1266 332 334 1266 1266 334 1268 1268 334 1270 334 336 1270 336 338 1270 338 340 1270 1270 340 1271 341 343 1273 1273 343 1275 343 345 1275 1275 345 1277 345 347 1277 1277 347 1279 347 349 1279 1279 349 1281 349 351 1281 351 353 1281 1281 353 1283 353 355 1283 355 357 1283 1283 357 1284 358 360 1286 1286 360 1288 360 362 1288 362 364 1288 1288 364 1290 365 368 1289 1292 369 1294 369 372 1294 373 375 1293 1296 376 1298 376 378 1298 1298 378 1299 379 381 1301 1301 381 1303 382 386 1302 387 389 1305 1305 389 1307 389 391 1307 1307 391 1309 391 393 1309 394 396 1308 1311 397 1312 398 400 1314 1314 400 1316 400 402 1316 402 404 1316 1316 404 1317 405 407 1319 1319 407 1321 407 409 1321 1321 409 1323 409 411 1323 1323 411 1325 411 413 1325 413 415 1325 1325 415 1327 415 417 1327 1327 417 1329 417 419 1329 419 421 1329 1329 421 1331 421 425 1331 1331 425 1333 425 431 1333 1333 431 1335 1335 431 1337 431 445 1337 445 436 1337 1337 436 1339 436 433 1339 1339 433 1341 433 1343 1341 1343 1345 1341 1341 1345 1347 1345 1349 1347 1351 1347 1352 1347 1349 1352 1353 1348 1355 1355 1348 1357 1348 1344 1357 1357 1344 1359 1344 1342 1359 1359 1342 1360 1342 434 1360 434 439 1360 1361 438 1362 1362 438 1363 1363 438 1364 438 440 1364 440 444 1364 444 447 1364 1364 447 1365 447 448 1365 448 449 1365 449 450 1365 450 451 1365 451 452 1365 1365 452 1366 452 453 1366 1366 453 1368 453 454 1368 1368 454 1369 454 455 1369 455 456 1369 1369 456 1370 456 457 1370 1370 457 1371 457 458 1371 458 459 1371 459 760 1371 760 763 1371 763 764 1371 764 766 1371 766 1011 1371 1011 1012 1371 1012 1013 1371 1013 1015 1371 1371 1015 1372 1015 1017 1372 1372 1017 1373 1017 1019 1373 1373 1019 1374 1019 1020 1374 1374 1020 1375 1376 1375 1377 1375 1020 1377 1020 1022 1377 1022 1025 1377 1377 1025 1378 1025 1026 1378 1026 1027 1378 1380 1379 1381 1381 1378 1382 1382 1378 1384 1378 1027 1384 1028 1031 1383 1032 1034 1384 1384 1034 1385 1385 1034 1387 1034 1035 1387 1035 1036 1387 1037 1038 1386 1038 1040 1386 1040 1041 1386 1387 1042 1388 1388 1042 1389 1042 1044 1389 1043 1045 1390 1045 1050 1390 1390 1050 1391 1050 1053 1391 1393 1054 1394 1055 1057 1395 1057 1059 1395 1395 1059 1396 1060 1061 1397 1397 1061 1399 1399 1061 1401 1401 1061 1403 1403 1061 1404 1061 1064 1404 1064 1065 1404 1405 1065 1406 1065 1067 1406 1407 1409 1413 1408 1406 1412 1406 1067 1412 1066 1068 1411 1068 1070 1411 1070 1073 1411 1074 1077 1410 1077 1076 1410 1415 1075 1416 1075 1078 1416 1418 1079 1420 1420 1079 1422 1080 1083 1421 1084 1086 1423 1086 1089 1423 1423 1089 1425 1089 1091 1425 1425 1091 1427 1092 1093 1426 1094 1095 1427 1427 1095 1428 1095 1097 1428 1097 1099 1428 1428 1099 1430 1098 1102 1429 1430 1103 1431 1103 1106 1431 1432 1431 1433 1431 1106 1433 1106 1108 1433 1433 1108 1434 1108 1109 1434 1434 1109 1436 1109 1111 1436 1111 1112 1436 1112 1113 1436 1113 1118 1436 1119 1123 1435 1124 1125 1438 1438 1125 1441 1125 1126 1441 1126 1127 1441 1441 1127 1443 1127 1128 1443 1443 1128 1446 1128 1129 1446 1446 1129 1447 1129 1130 1447 1447 1130 1448 1130 1131 1448 1131 1132 1448 1132 1134 1448 1134 1136 1448 1448 1136 1450 1136 1138 1450 1450 1138 1454 1138 1140 1454 1454 1140 1456 1141 1142 1455 1142 1143 1458 1458 1143 1459 1143 1144 1459 1144 1146 1459 1146 1148 1459 1149 1147 1462 1462 1147 1464 1147 1152 1464 1153 1158 1463 1466 1159 1467 1469 1468 1471 1467 1159 1470 1472 1471 1476 1470 1159 1475 1160 1161 1474 1162 1164 1473 1477 1165 1479 1166 1167 1478 1167 1169 1478 1480 1168 1481 1168 1171 1481 1484 1172 1485 1172 1177 1485 1177 1178 1485 1485 1178 1486 1486 1178 1487 1178 1180 1487 1180 1181 1487 1487 1181 1488 1488 1181 1489 1181 1182 1489 1182 1184 1489 1185 1186 1489 1186 1187 1489 1187 1188 1489 1188 1189 1489 1189 1190 1489 1489 1190 1490 1190 1191 1490 1491 1490 1492 1490 1191 1492 1492 1191 1493 1493 1191 1494 1191 1192 1494 1494 1192 1495 1495 1192 1496 1496 1192 1497 1192 1193 1497 1497 1193 1498 1193 1194 1498 1498 1194 1499 1194 1195 1499 1195 1196 1499 1499 1196 1500 1196 1197 1500 1500 1197 1501 1197 1201 1501 1501 1201 1502 1201 1206 1502 1502 1206 1503 1206 1210 1503 1503 1210 1504 1210 1215 1504 1504 1215 1505 1505 1215 1506 1506 1215 1507 1215 1219 1507 1507 1219 1508 1508 1219 1509 1220 1224 1509 1509 1224 1510 1510 1224 1511 1225 1226 1512 1226 1230 1512 1512 1230 1513 1231 1229 1515 1515 1229 1517 1520 1518 1521 1521 1518 1525 1516 1228 1524 1228 1232 1524 1523 1233 1526 1233 1235 1526 1526 1235 1528 1235 1237 1528 1237 1239 1528 1527 1240 1531 1241 1243 1530 1529 1244 1532 1244 1246 1532 1532 1246 1533 1246 1248 1533 1533 1248 1535 1534 1249 1536 1249 1251 1536 1251 1254 1536 1536 1254 1537 1254 1257 1537 1537 1257 1538 1538 1257 1539 1257 1259 1539 1259 1261 1539 1539 1261 1540 1261 1263 1540 1540 1263 1541 1541 1263 1542 1263 1265 1542 1542 1265 1543 1265 1267 1543 1267 1269 1543 1543 1269 1544 1269 1272 1544 1544 1272 1545 1545 1272 1546 1272 1274 1546 1274 1276 1546 1276 1278 1546 1546 1278 1547 1278 1280 1547 1547 1280 1548 1548 1280 1549 1280 1282 1549 1282 1285 1549 1549 1285 1550 1285 1287 1550 1550 1287 1551 1287 1291 1551 1551 1291 1552 1291 1295 1552 1552 1295 1553 1295 1297 1553 1553 1297 1554 1297 1300 1554 1554 1300 1555 1300 1304 1555 1555 1304 1556 1304 1306 1556 1556 1306 1557 1306 1310 1557 1557 1310 1558 1310 1313 1558 1558 1313 1559 1313 1315 1559 1559 1315 1560 1315 1318 1560 1560 1318 1561 1318 1320 1561 1561 1320 1562 1320 1322 1562 1562 1322 1563 1322 1324 1563 1563 1324 1564 1324 1326 1564 1326 1328 1564 1564 1328 1565 1328 1330 1565 1565 1330 1566 1566 1330 1567 1330 1332 1567 1567 1332 1568 1332 1334 1568 1334 1336 1568 1568 1336 1569 1336 1338 1569 1569 1338 1570 1570 1338 1571 1338 1340 1571 1340 1346 1571 1571 1346 1572 1346 1350 1572 1572 1350 1573 1573 1350 1574 1574 1350 1575 1575 1350 1576 1350 1578 1576 1576 1578 1579 1578 1581 1579 1581 1583 1579 1579 1583 1584 1583 1586 1584 1584 1586 1587 1588 1590 1591 1592 1594 1595 1594 1599 1595 1595 1599 1600 1599 1602 1600 1600 1602 1603 1602 1607 1603 1603 1607 1608 1607 1610 1608 1608 1610 1611 1612 1613 1615 1615 1613 1616 1613 1611 1616 1611 1610 1616 1619 1609 1620 1609 1604 1620 1623 1605 1625 1606 1601 1624 1601 1596 1624 1627 1597 59 1598 1593 62 62 1593 1628 1594 1592 1631 1592 1632 1631 1631 1632 1634 1632 1635 1634 1634 1635 1639 1635 1640 1639 1639 1640 1642 1640 1643 1642 1642 1643 1647 1643 1648 1647 1647 1648 1649 1648 1591 1649 1591 1590 1649 1650 1589 1652 1652 1589 1653 1590 1588 1654 1654 1588 1656 1588 1657 1656 1656 1657 1659 1657 1660 1659 1659 1660 1662 1660 1587 1662 1662 1587 1663 1587 1586 1663 1666 1664 1668 1664 1585 1668 1668 1585 1670 1670 1585 1672 1585 1582 1672 1672 1582 1675 1582 1580 1675 1580 1577 1675 1675 1577 1677 1577 1351 1677 1677 1351 1679 1679 1351 1680 1351 1352 1680 1681 1353 1683 1683 1353 1684 1353 1355 1684 1685 1354 1686 1686 1354 1687 1354 1356 1687 1687 1356 1688 1356 1358 1688 1688 1358 1689 1358 1361 1689 1361 1362 1689 1689 1362 1690 1362 1363 1690 1363 1364 1690 1364 1365 1690 1365 1366 1690 1690 1366 1691 1366 1367 1691 1691 1367 1692 1368 1369 1692 1692 1369 1693 1369 1370 1693 1370 1371 1693 1371 1372 1693 1372 1373 1693 1693 1373 1694 1373 1374 1694 1374 1375 1694 1375 1376 1694 1694 1376 1695 1376 1377 1695 1377 1379 1695 1379 1380 1695 1695 1380 1696 1696 1380 1697 1380 1381 1699 1699 1381 1701 1381 1382 1701 1382 1384 1701 1384 1385 1701 1701 1385 1702 1385 1387 1705 1387 1388 1705 1705 1388 1707 1707 1388 1708 1388 1389 1708 1389 1392 1708 1708 1392 1709 1392 1395 1709 1709 1395 1710 1710 1395 1713 1395 1396 1713 1713 1396 1715 1397 1399 1714 1398 1400 1716 1400 1402 1716 1716 1402 1717 1402 1405 1717 1405 1406 1717 1406 1408 1717 1409 1407 1720 1720 1407 1722 1407 1413 1722 1414 1417 1721 1724 1418 1726 1726 1418 1727 1418 1420 1727 1728 1419 1729 1730 1729 1732 1729 1419 1732 1732 1419 1735 1420 1422 1734 1423 1425 1733 1736 1424 1737 1425 1427 1739 1427 1428 1739 1428 1430 1739 1739 1430 1740 1430 1431 1740 1742 1431 1743 1431 1432 1743 1432 1433 1743 1433 1434 1743 1434 1436 1743 1743 1436 1746 1437 1439 1745 1440 1442 1744 1442 1444 1744 1747 1445 1750 1446 1447 1749 1752 1751 1753 1754 1748 1757 1749 1447 1756 1447 1448 1755 1448 1449 1755 1449 1451 1755 1757 1452 1761 1453 1457 1760 1457 1460 1760 1461 1465 1759 1466 1467 1758 1468 1469 1762 1762 1469 1763 1469 1471 1763 1471 1472 1763 1763 1472 1764 1472 1765 1764 1764 1765 1766 1766 1765 1767 1767 1765 1769 1765 1472 1769 1472 1476 1769 1476 1480 1769 1480 1481 1769 1770 1769 1772 1768 1482 1771 1773 1483 1774 1484 1485 1775 1775 1485 1776 1776 1485 1777 1485 1486 1777 1486 1487 1777 1487 1488 1777 1488 1489 1777 1777 1489 1778 1489 1490 1778 1778 1490 1779 1490 1491 1779 1779 1491 1780 1491 1492 1780 1492 1493 1780 1493 1494 1780 1780 1494 1781 1494 1495 1781 1495 1496 1781 1496 1497 1781 1497 1498 1781 1498 1499 1781 1781 1499 1782 1499 1500 1782 1500 1501 1782 1501 1502 1782 1782 1502 1783 1502 1503 1783 1503 1504 1783 1504 1505 1783 1505 1506 1783 1506 1507 1783 1507 1508 1783 1783 1508 1784 1508 1509 1784 1509 1510 1784 1784 1510 1785 1510 1511 1785 1785 1511 1786 1787 1786 1789 1786 1511 1789 1512 1513 1788 1791 1790 1792 1790 1514 1792 1515 1517 1793 1517 1519 1793 1793 1519 1795 1520 1521 1794 1796 1522 1798 1522 1799 1798 1799 1800 1798 1798 1800 1802 1800 1803 1802 1802 1803 1807 1803 1808 1807 1807 1808 1810 1808 1811 1810 1810 1811 1815 1811 1816 1815 1815 1816 1818 1816 1819 1818 1818 1819 1820 1819 1612 1820 1612 1615 1820 1823 1614 1825 1614 1617 1825 1618 1621 1824 1827 1622 1829 1829 1622 1831 1831 1622 1833 1622 1626 1833 1833 1626 1835 1835 1626 1837 1626 60 1837 60 58 1837 1839 1838 1840 1840 1836 1841 1836 57 1841 1841 57 1842 57 54 1842 1842 54 1843 1843 54 1844 1844 54 1845 1846 1847 1848 1847 1845 1848 1845 55 1848 1849 56 1852 56 60 1852 61 1629 1851 1630 1633 1850 1633 1636 1850 1853 1637 1855 1638 1641 1854 1641 1644 1854 1857 1645 1859 1646 1650 1858 1650 1652 1858 1860 1651 1861 1861 1651 1863 1863 1651 1864 1652 1653 1866 1866 1653 1868 1653 1655 1868 1868 1655 1871 1871 1655 1874 1655 1658 1874 1658 1661 1874 1874 1661 1875 1661 1664 1875 1664 1666 1875 1877 1665 1879 1665 1667 1879 1879 1667 1882 1882 1667 1884 1667 1669 1884 1884 1669 1886 1669 1671 1886 1671 1673 1886 1886 1673 1887 1674 1676 1889 1889 1676 1891 1891 1676 1892 1676 1678 1892 1678 1681 1892 1681 1683 1892 1893 1682 1894 1682 1685 1894 1685 1686 1894 1894 1686 1895 1686 1687 1895 1687 1688 1895 1688 1689 1895 1689 1690 1895 1690 1691 1895 1895 1691 1896 1896 1691 1897 1691 1692 1897 1897 1692 1898 1692 1693 1898 1693 1694 1898 1898 1694 1899 1694 1695 1899 1695 1696 1899 1696 1697 1899 1899 1697 1900 1900 1697 1901 1902 1698 1905 1699 1701 1904 1700 1703 1903 1704 1706 1908 1908 1706 1909 1707 1708 1911 1708 1709 1911 1911 1709 1912 1709 1710 1912 1710 1711 1912 1913 1712 1917 1713 1715 1916 1715 1718 1916 1719 1723 1915 1724 1726 1914 1919 1725 1920 1725 1728 1920 1728 1729 1920 1729 1730 1920 1921 1922 1923 1922 1920 1923 1920 1730 1923 1923 1730 1924 1730 1732 1924 1924 1732 1925 1926 1925 1929 1925 1732 1929 1731 1736 1928 1736 1737 1928 1738 1741 1927 1929 1742 1930 1742 1743 1930 1743 1746 1930 1746 1751 1930 1751 1752 1930 1752 1753 1930 1930 1753 1932 1754 1757 1931 1757 1761 1931 1932 1762 1933 1933 1762 1934 1762 1763 1934 1934 1763 1935 1763 1764 1935 1935 1764 1936 1764 1766 1936 1936 1766 1937 1766 1767 1937 1767 1769 1937 1769 1770 1937 1770 1772 1937 1772 1775 1937 1775 1776 1937 1776 1777 1937 1777 1778 1937 1778 1779 1937 1779 1780 1937 1937 1780 1938 1938 1780 1939 1780 1781 1940 1940 1781 1941 1781 1782 1941 1782 1783 1941 1941 1783 1942 1783 1784 1942 1942 1784 1943 1943 1784 1944 1784 1785 1944 1785 1786 1944 1786 1787 1944 1944 1787 1946 1787 1947 1946 1946 1947 1950 1951 1950 1952 1950 1947 1952 1947 1787 1952 1952 1787 1953 1953 1787 1954 1787 1789 1954 1790 1791 1955 1955 1791 1956 1956 1791 1957 1791 1792 1957 1793 1795 1958 1795 1797 1958 1958 1797 1959 1797 1801 1959 1801 1804 1959 1961 1805 1963 1806 1809 1962 1809 1812 1962 1965 1813 1968 1814 1817 1967 1817 1821 1967 1822 1826 1966 1969 1827 1971 1971 1827 1972 1827 1829 1972 1973 1828 1974 1974 1828 1975 1975 1828 1976 1828 1830 1976 1976 1830 1977 1977 1830 1978 1830 1832 1978 1978 1832 1979 1979 1832 1980 1832 1834 1980 1980 1834 1981 1981 1834 1982 1834 1838 1982 1982 1838 1983 1838 1839 1983 1983 1839 1985 1985 1839 1987 1839 1840 1987 1840 1841 1987 1841 1842 1987 1987 1842 1988 1842 1843 1988 1989 1843 1990 1843 1844 1990 1844 1845 1990 1845 1847 1990 1991 1990 1993 1990 1847 1992 1847 1846 1992 1993 1846 1994 1994 1846 1995 1996 1997 1998 1997 1995 1998 1995 1846 1998 1846 1848 1998 1849 1852 1999 1852 1856 1999 1999 1856 2002 2002 1856 2005 1856 1860 2005 1860 1861 2005 2005 1861 2007 1861 1863 2007 2007 1863 2008 2010 2009 2012 2008 1863 2011 1862 1865 2013 1865 1867 2013 2013 1867 2015 1867 1869 2015 2015 1869 2016 1870 1872 2018 2018 1872 2020 2020 1872 2023 1873 1876 2022 1877 1879 2021 2024 1878 2025 2025 1878 2026 1878 1880 2026 2026 1880 2027 2027 1881 2028 1881 1883 2028 1883 1885 2028 2028 1885 2029 1885 1888 2029 2029 1888 2030 1888 1890 2030 1890 1893 2030 2031 2030 2032 2030 1893 2032 1893 1894 2032 2032 1894 2033 2033 1894 2034 1894 1895 2034 2034 1895 2035 2035 1895 2036 1895 1896 2036 2036 1896 2037 2037 1896 2038 1896 1897 2038 2038 1897 2039 2039 1897 2040 1897 1898 2040 2040 1898 2041 2041 1898 2042 2042 1898 2043 2043 1898 2044 1898 1899 2044 1899 1900 2044 1900 1901 2044 2044 1901 2045 2045 1901 2047 1902 1905 2046 2047 1906 2050 1907 1910 2049 1911 1912 2048 1912 1918 2048 2051 2050 2052 2048 1918 2052 1918 1920 2052 1920 1922 2052 1922 1921 2052 2052 1921 2053 1921 1923 2053 1923 1924 2053 1924 1925 2053 1925 1926 2053 1926 1929 2053 2054 2053 2055 2053 1929 2055 1929 1930 2055 1930 1932 2055 1932 1933 2055 1933 1934 2055 1934 1935 2055 1935 1936 2055 1936 1937 2055 2055 1937 2056 1937 1938 2056 2056 1938 2057 2057 1938 2058 1938 1939 2058 2058 1939 2059 1940 1941 2060 1941 1942 2060 2060 1942 2062 1942 1943 2062 2062 1943 2063 1943 1944 2063 2063 1944 2064 2064 1944 2065 1944 1946 2065 2065 1946 2067 1945 1948 2066 2068 1949 2069 1950 1951 2071 2071 1951 2072 1951 1952 2072 2072 1952 2073 1952 1953 2073 2073 1953 2074 1953 1954 2074 1955 1956 2075 2075 1956 2077 1956 1957 2077 1957 1960 2077 2077 1960 2079 2079 1960 2081 1960 1964 2081 2081 1964 2083 2083 1964 2085 1964 1969 2085 2085 1969 2086 1969 1971 2086 2087 1970 2088 2088 1970 2089 2089 1970 2090 2090 1970 2091 1970 1973 2091 2091 1973 2092 2092 1973 2093 1973 1974 2093 2093 1974 2094 1974 1975 2094 1975 1976 2094 2094 1976 2095 1976 1977 2095 2095 1977 2096 1977 1978 2096 2096 1978 2097 1978 1979 2097 1979 1980 2098 1980 1981 2098 2098 1981 2099 1981 1982 2099 1982 1983 2099 1983 1985 2099 2099 1984 2100 2100 1984 2101 1984 1986 2101 2101 1986 2102 1986 1989 2102 2102 1989 2103 1989 1990 2103 1990 1991 2103 2103 1991 2104 2104 1991 2105 2105 1991 2106 1991 1993 2106 1993 1994 2106 2106 1994 2107 2107 1994 2108 1994 1995 2108 1995 1997 2108 1997 1996 2108 2108 1996 2109 1996 1998 2109 1998 2000 2109 2109 2000 2110 2110 2000 2111 2001 2003 2111 2111 2003 2112 2112 2003 2113 2004 2006 2113 2113 2006 2114 2006 2009 2114 2009 2010 2114 2114 2010 2115 2010 2012 2115 2116 2115 2117 2115 2012 2117 2012 2014 2117 2117 2014 2118 2118 2014 2119 2119 2014 2120 2014 2017 2120 2017 2019 2120 2019 2024 2120 2024 2025 2120 2120 2025 2121 2025 2026 2121 2026 2027 2121 2121 2027 2122 2027 2028 2122 2028 2029 2122 2029 2030 2122 2030 2031 2122 2031 2032 2122 2032 2033 2122 2033 2034 2122 2122 2034 2123 2034 2035 2123 2035 2036 2123 2036 2037 2123 2123 2037 2125 2037 2038 2125 2038 2039 2125 2039 2040 2125 2125 2040 2126 2040 2041 2126 2041 2042 2126 2042 2043 2126 2043 2044 2126 2044 2045 2126 2045 2047 2126 2047 2050 2126 2050 2051 2126 2051 2052 2126 2052 2053 2126 2053 2054 2126 2126 2054 2127 2054 2055 2127 2055 2056 2127 2056 2057 2127 2127 2057 2128 2128 2057 2129 2057 2058 2129 2129 2058 2130 2130 2058 2131 2132 2131 2133 2131 2058 2133 2058 2059 2133 2059 2061 2133 2133 2061 2134 2062 2063 2135 2136 2135 2137 2135 2063 2137 2063 2064 2137 2137 2064 2138 2064 2065 2138 2065 2067 2138 2138 2067 2139 2067 2070 2139 2070 2072 2139 2072 2073 2139 2140 2139 2141 2141 2139 2142 2139 2073 2142 2142 2073 2143 2073 2074 2143 2143 2074 2144 2074 2076 2144 2144 2076 2145 2145 2076 2146 2076 2078 2146 2146 2078 2147 2147 2078 2148 2148 2078 2149 2078 2080 2149 2149 2080 2151 2151 2080 2153 2153 2080 2154 2080 2082 2154 2154 2082 2155 2155 2082 2156 2082 2084 2156 2156 2084 2157 2157 2084 2158 2158 2084 2159 2084 2087 2159 2087 2088 2159 2159 2088 2161 2161 2088 2162 2088 2089 2162 2089 2090 2162 2162 2090 2163 2090 2091 2163 2091 2092 2163 2163 2092 2164 2092 2093 2164 2093 2094 2164 2164 2094 2165 2165 2094 2166 2094 2095 2166 2166 2095 2167 2095 2096 2167 2167 2096 2168 2096 2098 2168 2168 2098 2169 2098 2099 2169 2099 2100 2169 2169 2100 2170 2170 2100 2171 2100 2101 2171 2171 2101 2172 2101 2102 2172 2172 2102 2173 2102 2103 2173 2103 2104 2173 2173 2104 2174 2174 2104 2175 2104 2105 2175 2175 2105 2176 2176 2105 2177 2105 2106 2177 2106 2107 2177 2177 2107 2178 2178 2107 2179 2107 2108 2179 2179 2108 2180 2108 2109 2180 2109 2110 2180 2180 2110 2181 2110 2111 2181 2111 2112 2181 2181 2112 2183 2112 2113 2183 2184 2183 2185 2185 2183 2186 2183 2113 2186 2113 2114 2186 2186 2114 2187 2114 2115 2187 2187 2115 2188 2188 2115 2189 2189 2115 2190 2115 2116 2190 2190 2116 2191 2191 2116 2192 2116 2117 2192 2117 2118 2192 2118 2119 2192 2119 2120 2192 2120 2121 2192 2192 2121 2194 2194 2121 2195 2121 2122 2195 2122 2123 2195 2123 2125 2195 2195 2125 2196 2197 2124 2198 2124 2126 2198 2126 2127 2198 2127 2128 2198 2198 2128 2199 2128 2129 2199 2129 2130 2199 2199 2130 2200 2130 2131 2200 2131 2132 2200 2200 2132 2201 2201 2132 2202 2132 2133 2202 2202 2133 2203 2203 2133 2204 2133 2134 2204 2135 2136 2205 2205 2136 2206 2208 2136 2209 2209 2136 2210 2136 2137 2210 2137 2138 2210 2210 2138 2211 2138 2139 2211 2211 2139 2212 2139 2140 2212 2212 2140 2213 2140 2141 2213 2141 2142 2213 2142 2143 2213 2143 2144 2213 2144 2145 2213 2213 2145 2215 2145 2146 2215 2146 2147 2215 2215 2147 2216 2147 2148 2216 2148 2149 2216 2216 2149 2218 2149 2151 2218 2218 2151 2220 2150 2152 2219 2153 2154 2222 2154 2155 2222 2222 2155 2224 2224 2155 2225 2155 2156 2225 2156 2157 2225 2157 2158 2225 2158 2159 2225 2159 2160 2225 2226 2161 2227 2227 2161 2228 2161 2162 2228 2228 2162 2229 2162 2163 2229 2229 2163 2230 2163 2164 2230 2164 2165 2230 2230 2165 2231 2231 2165 2232 2165 2166 2232 2232 2166 2233 2166 2167 2233 2233 2167 2234 2167 2168 2234 2234 2168 2235 2168 2169 2235 2169 2170 2235 2235 2170 2236 2236 2170 2237 2170 2171 2237 2237 2171 2238 2171 2172 2238 2172 2173 2238 2173 2174 2238 2238 2174 2239 2174 2175 2239 2239 2175 2240 2175 2176 2240 2240 2176 2241 2176 2177 2241 2177 2178 2241 2241 2178 2242 2242 2178 2243 2178 2179 2243 2243 2179 2244 2179 2180 2244 2180 2181 2244 2244 2181 2245 2181 2182 2245 2182 2184 2245 2246 2245 2247 2247 2245 2248 2245 2184 2248 2248 2184 2249 2184 2185 2249 2185 2186 2249 2186 2187 2249 2187 2188 2249 2249 2188 2250 2188 2189 2250 2189 2190 2250 2251 2250 2252 2250 2190 2252 2190 2191 2252 2191 2192 2252 2192 2193 2252 2252 2193 2253 2253 2193 2254 2254 2193 2255 2256 2194 2257 2194 2195 2257 2195 2196 2257 2197 2198 2259 2259 2198 2260 2198 2199 2260 2199 2200 2260 2200 2201 2260 2260 2201 2261 2201 2202 2261 2202 2203 2261 2261 2203 53 2203 2262 53 53 2262 2263 2263 2262 2264 2262 2203 2264 2203 2204 2264 2204 2207 2264 2265 2264 2266 2264 2207 2266 2208 2209 2267 2267 2209 2268 2209 2210 2268 2210 2211 2268 2211 2212 2268 2212 2269 2268 2270 2268 2271 2271 2268 2272 2268 2269 2272 2272 2269 2273 2269 2212 2273 2212 2213 2273 2273 2213 2274 2213 2214 2274 2274 2214 2275 2215 2216 2275 2275 2216 2276 2216 2217 2276 2276 2217 2277 2217 2221 2277 2277 2221 2278 2221 2223 2278 2278 2223 2279 2223 2226 2279 2226 2227 2279 2279 2227 2280 2280 2227 2281 2227 2228 2281 2281 2228 2282 2228 2229 2282 2282 2229 2283 2229 2230 2283 2230 2231 2283 2283 2231 2284 2284 2231 2285 2231 2232 2285 2285 2232 2286 2232 2233 2286 2286 2233 2287 2233 2234 2287 2287 2234 2288 2234 2235 2288 2235 2236 2288 2288 2236 2289 2236 2237 2289 2237 2238 2289 2289 2238 2290 2238 2239 2290 2291 2290 2292 2290 2239 2292 2292 2239 2293 2239 2240 2293 2293 2240 2294 2296 2294 2298 2294 2240 2298 2298 2240 2300 2300 2240 2302 2302 2240 2304 2304 2240 2307 2309 2313 2314 2314 2313 2315 2310 2317 2315 2317 2319 2315 2319 2307 2315 2307 2240 2315 2240 2241 2315 2241 2242 2315 2315 2242 2320 2242 2243 2320 2320 2243 2321 2243 2244 2321 2244 2245 2321 2245 2246 2321 2322 2321 2323 2321 2246 2323 2323 2246 2324 2246 2247 2324 2247 2248 2324 2248 2249 2324 2249 2250 2324 2250 2251 2324 2324 2251 2327 2251 2252 2327 2252 2253 2327 2327 2253 2328 2253 2254 2328 2328 2254 2329 2254 2255 2329 2330 2256 2332 2332 2256 2333 2256 2257 2333 2334 2258 2335 2335 2258 2336 2258 2260 2336 2260 2261 2336 2261 53 2336 53 50 2336 2339 51 2340 52 49 2342 2342 49 2343 49 53 2343 53 2263 2343 2263 2264 2343 2264 2265 2343 2343 2265 2344 2265 48 2344 48 26 2344 26 28 2344 28 31 2344 31 34 2344 34 36 2344 36 38 2344 38 40 2344 2344 40 2345 41 42 2346 2346 42 2348 42 2350 2348 2348 2350 2352 2352 2350 2354 2358 2361 2362 2364 2359 2366 2370 2368 2372 2372 2368 2374 2374 2368 2353 2355 2365 2376 2366 2359 2375 2377 2360 2379 2379 2360 2381 2383 2385 2387 2387 2385 2389 2385 2391 2389 2389 2391 2393 2393 2391 2395 2398 2400 2401 2400 2395 2401 2395 2391 2401 2406 2403 2409 2403 2390 2409 2409 2390 2411 2390 2384 2411 2411 2384 2412 2385 2383 2413 2383 2415 2413 2415 2417 2413 2413 2417 2418 2417 2381 2418 2381 2360 2418 2419 2361 2420 2361 2358 2420 2423 2421 2425 2425 2421 2427 2421 2356 2427 2427 2356 2429 2429 2356 2430 2357 2363 2432 2432 2363 2433 2363 2367 2433 2434 2368 2435 2368 2370 2435 2437 2369 2440 2369 2371 2440 2440 2371 2441 2371 2373 2441 2373 2354 2441 2354 2350 2441 2442 2349 2443 2349 43 2443 43 44 2443 2444 45 2446 2446 45 2447 45 46 2447 2448 47 2449 47 48 2449 2451 2453 2454 2453 2457 2454 2457 2459 2454 2455 2458 2461 2461 2458 2463 2463 2458 2464 2465 2459 2467 2467 2459 2468 2459 2457 2468 2469 2456 2470 2456 2452 2470 2452 2450 2470 2450 2472 2470 2472 2449 2470 2449 48 2470 48 2265 2470 2265 2266 2470 2266 2268 2470 2268 2270 2470 2270 2473 2470 2473 2474 2470 2470 2474 2475 2475 2474 2476 2474 2473 2476 2476 2473 2477 2473 2270 2477 2270 2271 2477 2271 2272 2477 2272 2273 2477 2477 2273 2478 2273 2274 2478 2478 2274 2479 2274 2275 2479 2479 2275 2480 2275 2276 2480 2480 2276 2481 2276 2277 2481 2481 2277 2482 2277 2278 2482 2482 2278 2483 2278 2279 2483 2279 2280 2483 2483 2280 2484 2484 2280 2485 2280 2281 2485 2485 2281 2486 2281 2282 2486 2486 2282 2487 2282 2283 2487 2283 2284 2487 2487 2284 2488 2284 2285 2488 2488 2285 2489 2285 2286 2489 2489 2286 2490 2286 2287 2490 2287 2288 2490 2288 2289 2490 2490 2289 2491 2491 2289 2492 2492 2289 2493 2493 2289 2494 2289 2290 2494 2290 2291 2494 2494 2291 2496 2291 2292 2496 2496 2292 2498 2292 2293 2498 2293 2294 2498 2498 2294 2499 2294 2296 2499 2500 2295 2502 2295 2297 2502 2297 2299 2502 2299 2301 2502 2502 2301 2503 2301 2303 2503 2303 2305 2503 2306 2318 2505 2505 2318 2507 2318 2316 2507 2507 2316 2508 2316 2311 2508 2312 2308 2510 2510 2308 2511 2515 2513 2517 2517 2513 2519 2511 2308 2518 2520 2309 2521 2309 2314 2521 2314 2315 2521 2315 2320 2521 2521 2320 2522 2522 2320 2523 2320 2321 2523 2321 2322 2523 2523 2322 2526 2322 2323 2526 2323 2324 2526 2324 2325 2526 2326 2328 2525 2328 2329 2525 2330 2332 2524 2526 2331 2527 2331 2334 2527 2334 2335 2527 2527 2335 2528 2335 2336 2528 2528 2336 2529 2530 2337 2531 2338 2341 2533 2341 2343 2533 2343 2344 2533 2344 2345 2533 2345 2347 2533 2347 2351 2533 2351 2355 2533 2355 2376 2533 2376 2378 2533 2378 2380 2533 2380 2416 2533 2416 2414 2533 2414 2382 2533 2382 2386 2533 2386 2388 2533 2388 2392 2533 2392 2394 2533 2394 2399 2533 2399 2396 2533 2533 2396 2535 2397 2402 2534 2402 2404 2534 2537 2405 2539 2539 2405 2540 2405 2407 2540 2542 2408 2544 2544 2408 2546 2408 2410 2546 2546 2410 2548 2548 2410 2549 2411 2412 2550 2550 2412 2551 2412 2419 2551 2419 2420 2551 2421 2423 2552 2552 2423 2553 2554 2422 2556 2422 2424 2556 2424 2426 2556 2426 2428 2556 2428 2431 2556 2431 2434 2556 2434 2435 2556 2436 2438 2555 2560 2558 2562 2555 2438 2561 2439 2442 2563 2442 2443 2563 2563 2443 2564 2568 2566 2569 2566 2444 2569 2444 2446 2569 2571 2445 2573 2445 2448 2573 2448 2449 2573 2573 2449 2574 2449 2472 2574 2575 2471 2576 2471 2451 2576 2451 2454 2576 2455 2461 2577 2577 2461 2578 2460 2581 2579 2579 2581 2582 2583 2580 2584 2584 2580 2585 2581 2460 2586 2586 2460 2588 2588 2460 2590 2460 2462 2590 2590 2462 2592 2592 2462 2594 2462 2465 2594 2594 2465 2595 2465 2467 2595 2596 2466 2597 2466 2469 2597 2469 2470 2597 2470 2475 2597 2597 2475 2598 2475 2476 2598 2476 2477 2598 2477 2478 2598 2598 2478 2599 2478 2479 2599 2599 2479 2600 2479 2480 2600 2600 2480 2601 2480 2481 2601 2601 2481 2602 2481 2482 2602 2602 2482 2603 2482 2483 2603 2483 2484 2603 2603 2484 2604 2484 2485 2604 2604 2485 2605 2485 2486 2605 2486 2487 2605 2487 2488 2605 2605 2488 2606 2606 2488 2607 2607 2488 2608 2608 2488 2609 2488 2489 2609 2609 2489 2610 2610 2489 2611 2489 2490 2611 2611 2490 2612 2490 2491 2612 2612 2491 2614 2614 2491 2615 2491 2492 2615 2492 2493 2615 2493 2494 2615 2494 2496 2615 2616 2495 2618 2618 2495 2619 2495 2497 2619 2497 2500 2619 2500 2502 2619 2620 2501 2621 2501 2504 2621 2504 2506 2621 2506 2509 2621 2509 2512 2621 2513 2515 2622 2622 2515 2623 2624 2514 2625 2514 2516 2625 2516 2520 2625 2520 2521 2625 2521 2522 2625 2522 2523 2625 2523 2526 2625 2526 2527 2625 2527 2528 2625 2528 2529 2625 2625 2529 2626 2529 2532 2626 2532 2536 2626 2536 2538 2626 2538 2541 2626 2541 2543 2626 2543 2545 2626 2545 2547 2626 2626 2547 2627 2548 2549 2628 2628 2549 2630 2549 2552 2630 2552 2553 2630 2554 2556 2629 2557 2559 2631 2631 2559 2634 2560 2562 2633 2562 2565 2633 2566 2568 2632 2634 2567 2636 2567 2570 2636 2636 2570 2638 2571 2573 2637 2639 2572 2640 2572 2575 2640 2575 2576 2640 2577 2578 2641 2641 2578 2642 2645 2643 2647 2647 2643 2649 2643 2579 2649 2649 2579 2650 2579 2582 2650 2651 2583 2652 2583 2584 2652 2652 2584 2653 2584 2585 2653 2585 2587 2653 2587 2589 2653 2589 2591 2653 2591 2593 2653 2593 2596 2653 2596 2597 2653 2597 2598 2653 2598 2599 2653 2653 2599 2654 2599 2600 2654 2600 2601 2654 2654 2601 2655 2601 2602 2655 2602 2603 2655 2603 2604 2655 2656 2655 2657 2655 2604 2657 2657 2604 2658 2658 2604 2659 2604 2605 2659 2659 2605 2660 2605 2606 2660 2660 2606 2661 2606 2607 2661 2607 2608 2661 2608 2609 2661 2609 2610 2661 2610 2611 2661 2611 2612 2661 2612 2614 2661 2663 2613 2664 2613 2616 2664 2616 2618 2664 2666 2617 2668 2617 2620 2668 2668 2620 2669 2620 2621 2669 2671 2622 2672 2622 2623 2672 2674 2624 2675 2624 2625 2675 2625 2626 2675 2626 2627 2675 2627 2631 2675 2631 2634 2675 2634 2636 2675 2636 2677 2675 2675 2677 2678 2681 2676 2684 2676 2635 2684 2684 2635 2685 2635 2639 2685 2639 2640 2685 2641 2642 2686 2686 2642 2687 2643 2645 2688 2690 2688 2691 2688 2645 2691 2692 2644 2693 2644 2646 2693 2646 2648 2693 2648 2651 2693 2651 2652 2693 2652 2653 2693 2653 2654 2693 2693 2654 2694 2694 2654 2695 2654 2655 2695 2695 2655 2696 2655 2656 2696 2696 2656 2697 2656 2657 2697 2657 2658 2697 2658 2659 2697 2659 2660 2697 2660 2661 2697 2698 2662 2699 2662 2665 2699 2701 2666 2702 2666 2668 2702 2705 2703 2707 2703 2667 2707 2707 2667 2709 2709 2667 2711 2667 2670 2711 2711 2670 2713 2670 2673 2713 2674 2675 2712 2675 2678 2712 2714 2679 2715 2716 2680 2717 2680 2682 2717 2719 2683 2720 2683 2686 2720 2686 2687 2720 2688 2690 2722 2690 2724 2722 2722 2724 2725 2727 2723 2729 2723 2689 2729 2689 2692 2729 2692 2693 2729 2693 2694 2729 2694 2695 2729 2695 2696 2729 2696 2697 2729 2698 2699 2728 2730 2700 2732 2701 2702 2731 2733 2703 2734 2703 2705 2734 2735 2704 2738 2704 2706 2738 2706 2708 2738 2708 2710 2738 2710 2714 2738 2714 2715 2738 2716 2717 2737 2718 2721 2736 2721 2726 2736 2727 2729 2738 2738 2729 2740 2730 2732 2739 2741 2733 2742 2733 2734 2742 2735 2738 2743 2740 2743 2738 </p>
        </polylist>
      </mesh>
    </geometry>
    <geometry id="meshId1" name="meshId1_name">
      <mesh>
        <source id="meshId1-positions" name="meshId1-positions">
          <float_array id="meshId1-positions-array" count="39"> 0.47199965 -36.056576 -21.734926 0.33736575 -36.056576 -21.531004 0.50004834 -36.056576 -21.900034 0.50004834 -36.056576 -23.898924 0.2532196 -36.056576 -23.899075 0.12222445 -36.056576 -21.415171 -0.0033124983 -36.056576 -23.899075 -0.12217847 -36.056576 -21.415171 -0.2566607 -36.056576 -23.899075 -0.33731973 -36.056576 -21.531004 -0.50000232 -36.056576 -23.898924 -0.50000232 -36.056576 -21.900034 -0.4719536 -36.056576 -21.734926 </float_array>
          <technique_common>
            <accessor count="13" offset="0" source="#meshId1-positions-array" stride="3">
              <param name="X" type="float" />
              <param name="Y" type="float" />
              <param name="Z" type="float" />
            </accessor>
          </technique_common>
        </source>
        <source id="meshId1-normals" name="meshId1-normals">
          <float_array id="meshId1-normals-array" count="39"> 0 -1 0 0 -1 0 0 -1 0 0 -1 0 0 -1 0 0 -1 0 0 -1 0 0 -1 0 0 -1 0 0 -1 0 0 -1 0 0 -1 0 0 -1 0 </float_array>
          <technique_common>
            <accessor count="13" offset="0" source="#meshId1-normals-array" stride="3">
              <param name="X" type="float" />
              <param name="Y" type="float" />
              <param name="Z" type="float" />
            </accessor>
          </technique_common>
        </source>
        <vertices id="meshId1-vertices">
          <input semantic="POSITION" source="#meshId1-positions" />
        </vertices>
        <polylist count="11" material="defaultMaterial">
          <input offset="0" semantic="VERTEX" source="#meshId1-vertices" />
          <input offset="0" semantic="NORMAL" source="#meshId1-normals" />
          <vcount>3 3 3 3 3 3 3 3 3 3 3 </vcount>
          <p>0 1 2 2 1 3 3 1 4 1 5 4 4 5 6 5 7 6 6 7 8 7 9 8 10 8 11 8 9 11 11 9 12 </p>
        </polylist>
      </mesh>
    </geometry>
    <geometry id="meshId2" name="meshId2_name">
      <mesh>
        <source id="meshId2-positions" name="meshId2-positions">
          <float_array id="meshId2-positions-array" count="117"> 0.49995941 -36.286469 -23.824739 0.49995941 -36.453941 -23.652536 0.49995941 -36.18504 -23.857533 0.49995941 -36.475449 -23.579935 0.49995941 -36.05661 -23.898867 0.49995941 -36.522121 -23.42329 0.49995941 -36.522427 -23.413071 0.49995941 -36.05661 -21.900011 0.49995941 -36.562084 -21.900011 0.49995941 -36.562084 -21.900011 0.47189456 -36.05661 -21.734825 0.47189456 -36.05661 -21.734825 0.49141788 -36.564522 -21.808342 0.46259046 -36.566811 -21.738791 0.41225684 -36.570625 -21.617075 0.33736646 -36.05661 -21.530897 0.3277573 -36.573219 -21.541574 0.23471636 -36.576267 -21.458599 0.12215203 -36.05661 -21.415131 0.11864388 -36.577335 -21.429621 -0.12219495 -36.05661 -21.415131 -2.1457672e-05 -36.578556 -21.40003 -0.054015756 -36.578403 -21.402927 -0.50000232 -36.05661 -23.898867 -0.50000232 -36.05661 -21.900011 -0.50000232 -36.066372 -23.898104 -0.50000232 -36.184734 -23.857533 -0.50000232 -36.458366 -23.644911 -0.50000232 -36.293331 -23.820316 -0.50000232 -36.476212 -23.580393 -0.50000232 -36.522427 -23.413071 -0.50000232 -36.562084 -21.900011 -0.45912531 -36.566811 -21.73818 -0.47193751 -36.05661 -21.734825 -0.44005954 -36.569099 -21.66268 -0.33740941 -36.05661 -21.530897 -0.32841036 -36.573372 -21.539135 -0.2803646 -36.575199 -21.486055 -0.11807674 -36.577488 -21.426416 </float_array>
          <technique_common>
            <accessor count="39" offset="0" source="#meshId2-positions-array" stride="3">
              <param name="X" type="float" />
              <param name="Y" type="float" />
              <param name="Z" type="float" />
            </accessor>
          </technique_common>
        </source>
        <source id="meshId2-normals" name="meshId2-normals">
          <float_array id="meshId2-normals-array" count="117"> -1 0 0 -1 0 0 -1 0 0 -1 0 0 -1 0 0 -1 0 0 -1 0 0 -0.99844754 0 -0.055698495 -0.99611539 -0.0085503133 -0.087641038 -0.99611539 -0.0085503133 -0.087641038 -0.93295002 -0.0025351807 -0.35999703 -0.9859637 0 -0.16695951 -0.9708339 -0.0023736679 -0.23974133 -0.92410201 0.020766336 -0.3815814 -0.82267159 0.0054662353 -0.56849068 -0.66881204 0 -0.74343157 -0.66776454 0.0281757 -0.74383914 -0.46836179 0.0079834089 -0.8835007 -0.24421428 0.0095769903 -0.96967393 -0.16072039 -0.009054631 -0.9869585 0.16845131 -0.0091055119 -0.98566788 -0.093632258 -0.051274825 -0.99428564 0.20145638 0.0023155818 -0.97949481 1 0 0 0.99656606 0.0042406903 -0.082693785 1 0 0 1 0 0 1 0 0 1 0 0 1 0 0 1 0 0 0.99660379 0 -0.082346506 0.97520763 0.016609311 -0.22066744 0.94457144 0.0075164544 -0.32821974 0.86588871 0.0080672549 -0.50017166 0.70848918 0 -0.70572162 0.74114925 0.02245898 -0.6709646 0.53193164 0.0081417793 -0.84674823 0.34513995 0.023009237 -0.93826914 </float_array>
          <technique_common>
            <accessor count="39" offset="0" source="#meshId2-normals-array" stride="3">
              <param name="X" type="float" />
              <param name="Y" type="float" />
              <param name="Z" type="float" />
            </accessor>
          </technique_common>
        </source>
        <vertices id="meshId2-vertices">
          <input semantic="POSITION" source="#meshId2-positions" />
        </vertices>
        <polylist count="35" material="defaultMaterial">
          <input offset="0" semantic="VERTEX" source="#meshId2-vertices" />
          <input offset="0" semantic="NORMAL" source="#meshId2-normals" />
          <vcount>3 3 3 3 3 3 3 3 3 3 3 3 3 3 3 3 3 3 3 3 3 3 3 3 3 3 3 3 3 3 3 3 3 3 3 </vcount>
          <p>0 1 2 1 3 2 2 3 4 3 5 4 5 6 4 4 6 7 6 8 7 7 8 11 9 12 10 12 13 10 13 14 10 10 14 15 14 16 15 16 17 15 15 17 18 17 19 18 18 19 20 19 21 20 21 22 20 23 24 25 25 24 26 27 28 29 28 26 29 29 26 30 30 26 31 26 24 31 31 24 32 24 33 32 32 33 34 33 35 34 34 35 36 36 35 37 35 20 37 37 20 38 20 22 38 </p>
        </polylist>
      </mesh>
    </geometry>
    <geometry id="meshId3" name="meshId3_name">
      <mesh>
        <source id="meshId3-positions" name="meshId3-positions">
          <float_array id="meshId3-positions-array" count="60"> 17.632301 -24.27211 -13.900009 9.2711945 -28.531404 -13.900009 24.27211 -17.632301 -13.900009 0.0018291473 -30 -13.900009 -9.2711983 -28.531404 -13.900009 -17.632305 -24.27211 -13.900009 28.531403 -9.2711945 -13.900009 30 -0.0018291473 -13.900009 28.531403 9.2711983 -13.900009 24.27211 17.632305 -13.900009 17.632301 24.272114 -13.900009 -24.272114 -17.632301 -13.900009 -28.531408 -9.2711945 -13.900009 -24.272114 17.632305 -13.900009 -17.632305 24.272114 -13.900009 -28.531408 9.2711983 -13.900009 -9.2711983 28.531406 -13.900009 0.0018291473 30.000004 -13.900009 9.2711945 28.531406 -13.900009 -30.000004 -0.0018291473 -13.900009 </float_array>
          <technique_common>
            <accessor count="20" offset="0" source="#meshId3-positions-array" stride="3">
              <param name="X" type="float" />
              <param name="Y" type="float" />
              <param name="Z" type="float" />
            </accessor>
          </technique_common>
        </source>
        <source id="meshId3-normals" name="meshId3-normals">
          <float_array id="meshId3-normals-array" count="60"> 0 0 -1 0 0 -1 0 0 -1 0 0 -1 0 0 -1 0 0 -1 0 0 -1 0 0 -1 0 0 -1 0 0 -1 0 0 -1 0 0 -1 0 0 -1 0 0 -1 0 0 -1 0 0 -1 0 0 -1 0 0 -1 0 0 -1 0 0 -1 </float_array>
          <technique_common>
            <accessor count="20" offset="0" source="#meshId3-normals-array" stride="3">
              <param name="X" type="float" />
              <param name="Y" type="float" />
              <param name="Z" type="float" />
            </accessor>
          </technique_common>
        </source>
        <vertices id="meshId3-vertices">
          <input semantic="POSITION" source="#meshId3-positions" />
        </vertices>
        <polylist count="18" material="defaultMaterial">
          <input offset="0" semantic="VERTEX" source="#meshId3-vertices" />
          <input offset="0" semantic="NORMAL" source="#meshId3-normals" />
          <vcount>3 3 3 3 3 3 3 3 3 3 3 3 3 3 3 3 3 3 </vcount>
          <p>0 1 2 1 3 2 3 4 2 4 5 2 2 5 6 6 5 7 7 5 8 8 5 9 9 5 10 5 11 10 11 12 10 13 14 15 14 16 15 16 17 15 17 18 15 18 10 15 15 10 19 10 12 19 </p>
        </polylist>
      </mesh>
    </geometry>
    <geometry id="meshId4" name="meshId4_name">
      <mesh>
        <source id="meshId4-positions" name="meshId4-positions">
          <float_array id="meshId4-positions-array" count="120"> -24.272114 -17.632301 -23.900028 -28.531408 -9.2711945 -23.900028 -28.531408 -9.2711945 -13.898196 -30.000004 -0.0018291473 -13.898196 -30.000004 -0.0018291473 -23.900028 -28.531408 9.2711983 -13.898196 -28.531408 9.2711983 -23.900028 -24.272114 17.632305 -13.898196 -24.272114 17.632305 -23.900028 -17.632305 24.272114 -13.898196 -17.632305 24.272114 -23.900028 -9.2711983 28.531406 -13.898196 -9.2711983 28.531406 -23.900028 0.0018291473 30.000004 -13.898196 0.0018291473 30.000004 -23.900028 9.2711945 28.531406 -13.898196 9.2711945 28.531406 -23.900028 17.632301 24.272114 -13.898196 17.632301 24.272114 -23.900028 24.27211 17.632305 -13.898196 24.27211 17.632305 -23.900028 28.531403 9.2711983 -13.898196 28.531403 9.2711983 -23.900028 30 -0.0018291473 -13.898196 30 -0.0018291473 -23.900028 28.531403 -9.2711945 -13.898196 28.531403 -9.2711945 -23.900028 24.27211 -17.632301 -13.898196 24.27211 -17.632301 -23.900028 17.632301 -24.27211 -13.898196 17.632301 -24.27211 -23.900028 9.2711945 -28.531404 -13.898196 9.2711945 -28.531404 -23.900028 0.0018291473 -30 -13.898196 0.0018291473 -30 -23.900028 -9.2711983 -28.531404 -13.898196 -9.2711983 -28.531404 -23.900028 -17.632305 -24.27211 -13.898196 -17.632305 -24.27211 -23.900028 -24.272114 -17.632301 -13.898196 </float_array>
          <technique_common>
            <accessor count="40" offset="0" source="#meshId4-positions-array" stride="3">
              <param name="X" type="float" />
              <param name="Y" type="float" />
              <param name="Z" type="float" />
            </accessor>
          </technique_common>
        </source>
        <source id="meshId4-normals" name="meshId4-normals">
          <float_array id="meshId4-normals-array" count="120"> 0.8390615 0.54403651 0 0.96591592 0.25885594 0 0.93328041 0.35914856 0 0.99856615 0.053531431 0 0.99856621 -0.053531367 0 0.96591592 -0.25885594 0 0.93328041 -0.35914856 0 0.83906144 -0.54403657 0 0.77628237 -0.63038534 0 0.63038528 -0.77628243 0 0.54403657 -0.83906144 0 0.35914856 -0.93328041 0 0.25885594 -0.96591592 0 0.053531367 -0.99856621 0 -0.053531367 -0.99856621 0 -0.25885594 -0.96591592 0 -0.35914856 -0.93328041 0 -0.54403657 -0.83906144 0 -0.63038534 -0.77628237 0 -0.77628243 -0.63038528 0 -0.83906144 -0.54403657 0 -0.93328041 -0.35914856 0 -0.96591592 -0.25885594 0 -0.99856621 -0.053531367 0 -0.99856615 0.053531431 0 -0.96591592 0.25885594 0 -0.93328041 0.35914856 0 -0.83906144 0.54403669 0 -0.77628243 0.63038528 0 -0.63038528 0.77628243 0 -0.54403651 0.8390615 0 -0.35914856 0.93328041 0 -0.25885594 0.96591592 0 -0.053531431 0.99856615 0 0.053531431 0.99856615 0 0.25885594 0.96591592 0 0.35914856 0.93328041 0 0.54403669 0.83906144 0 0.63038528 0.77628243 0 0.77628243 0.63038528 0 </float_array>
          <technique_common>
            <accessor count="40" offset="0" source="#meshId4-normals-array" stride="3">
              <param name="X" type="float" />
              <param name="Y" type="float" />
              <param name="Z" type="float" />
            </accessor>
          </technique_common>
        </source>
        <vertices id="meshId4-vertices">
          <input semantic="POSITION" source="#meshId4-positions" />
        </vertices>
        <polylist count="40" material="defaultMaterial">
          <input offset="0" semantic="VERTEX" source="#meshId4-vertices" />
          <input offset="0" semantic="NORMAL" source="#meshId4-normals" />
          <vcount>3 3 3 3 3 3 3 3 3 3 3 3 3 3 3 3 3 3 3 3 3 3 3 3 3 3 3 3 3 3 3 3 3 3 3 3 3 3 3 3 </vcount>
          <p>0 1 2 2 1 3 1 4 3 3 4 5 4 6 5 5 6 7 6 8 7 7 8 9 8 10 9 9 10 11 10 12 11 11 12 13 12 14 13 13 14 15 14 16 15 15 16 17 16 18 17 17 18 19 18 20 19 19 20 21 20 22 21 21 22 23 22 24 23 23 24 25 24 26 25 25 26 27 26 28 27 27 28 29 28 30 29 29 30 31 30 32 31 31 32 33 32 34 33 33 34 35 34 36 35 35 36 37 36 38 37 37 38 39 38 0 39 0 2 39 </p>
        </polylist>
      </mesh>
    </geometry>
    <geometry id="meshId5" name="meshId5_name">
      <mesh>
        <source id="meshId5-positions" name="meshId5-positions">
          <float_array id="meshId5-positions-array" count="9"> 25.985741 25.736191 -9.3717842 22.044527 29.583344 -9.3717842 25.938108 26.240419 -9.2454863 </float_array>
          <technique_common>
            <accessor count="3" offset="0" source="#meshId5-positions-array" stride="3">
              <param name="X" type="float" />
              <param name="Y" type="float" />
              <param name="Z" type="float" />
            </accessor>
          </technique_common>
        </source>
        <source id="meshId5-normals" name="meshId5-normals">
          <float_array id="meshId5-normals-array" count="9"> 0.25096512 0.25660494 -0.93336505 0.25096512 0.25660494 -0.93336505 0.25096512 0.25660494 -0.93336505 </float_array>
          <technique_common>
            <accessor count="3" offset="0" source="#meshId5-normals-array" stride="3">
              <param name="X" type="float" />
              <param name="Y" type="float" />
              <param name="Z" type="float" />
            </accessor>
          </technique_common>
        </source>
        <vertices id="meshId5-vertices">
          <input semantic="POSITION" source="#meshId5-positions" />
        </vertices>
        <polylist count="1" material="defaultMaterial">
          <input offset="0" semantic="VERTEX" source="#meshId5-vertices" />
          <input offset="0" semantic="NORMAL" source="#meshId5-normals" />
          <vcount>3 </vcount>
          <p>0 1 2 </p>
        </polylist>
      </mesh>
    </geometry>
    <geometry id="meshId6" name="meshId6_name">
      <mesh>
        <source id="meshId6-positions" name="meshId6-positions">
          <float_array id="meshId6-positions-array" count="12"> 35.161713 10.054715 -9.3717842 35.610378 9.6750984 -9.1365738 35.413002 9.1321602 -9.3717842 36.568249 4.8892241 -9.3717842 </float_array>
          <technique_common>
            <accessor count="4" offset="0" source="#meshId6-positions-array" stride="3">
              <param name="X" type="float" />
              <param name="Y" type="float" />
              <param name="Z" type="float" />
            </accessor>
          </technique_common>
        </source>
        <source id="meshId6-normals" name="meshId6-normals">
          <float_array id="meshId6-normals-array" count="12"> 0.55510527 0.15220623 -0.81773555 0.55510527 0.15220623 -0.81773555 0.55510527 0.15220623 -0.81773555 0.55510527 0.15220623 -0.81773555 </float_array>
          <technique_common>
            <accessor count="4" offset="0" source="#meshId6-normals-array" stride="3">
              <param name="X" type="float" />
              <param name="Y" type="float" />
              <param name="Z" type="float" />
            </accessor>
          </technique_common>
        </source>
        <vertices id="meshId6-vertices">
          <input semantic="POSITION" source="#meshId6-positions" />
        </vertices>
        <polylist count="2" material="defaultMaterial">
          <input offset="0" semantic="VERTEX" source="#meshId6-vertices" />
          <input offset="0" semantic="NORMAL" source="#meshId6-normals" />
          <vcount>3 3 </vcount>
          <p>0 1 2 1 3 2 </p>
        </polylist>
      </mesh>
    </geometry>
    <geometry id="meshId7" name="meshId7_name">
      <mesh>
        <source id="meshId7-positions" name="meshId7-positions">
          <float_array id="meshId7-positions-array" count="12"> 17.458378 -32.439373 -9.3724833 17.953653 -32.141624 -9.3727083 17.891857 -32.265217 -9.3147316 21.139915 -30.308382 -8.4909191 </float_array>
          <technique_common>
            <accessor count="4" offset="0" source="#meshId7-positions-array" stride="3">
              <param name="X" type="float" />
              <param name="Y" type="float" />
              <param name="Z" type="float" />
            </accessor>
          </technique_common>
        </source>
        <source id="meshId7-normals" name="meshId7-normals">
          <float_array id="meshId7-normals-array" count="12"> 0.31618741 -0.52697909 -0.78887171 0.41305438 -0.5485363 -0.72697586 0.41305438 -0.5485363 -0.72697586 0.50541735 -0.55932856 -0.6570425 </float_array>
          <technique_common>
            <accessor count="4" offset="0" source="#meshId7-normals-array" stride="3">
              <param name="X" type="float" />
              <param name="Y" type="float" />
              <param name="Z" type="float" />
            </accessor>
          </technique_common>
        </source>
        <vertices id="meshId7-vertices">
          <input semantic="POSITION" source="#meshId7-positions" />
        </vertices>
        <polylist count="2" material="defaultMaterial">
          <input offset="0" semantic="VERTEX" source="#meshId7-vertices" />
          <input offset="0" semantic="NORMAL" source="#meshId7-normals" />
          <vcount>3 3 </vcount>
          <p>0 1 2 2 1 3 </p>
        </polylist>
      </mesh>
    </geometry>
    <geometry id="meshId8" name="meshId8_name">
      <mesh>
        <source id="meshId8-positions" name="meshId8-positions">
          <float_array id="meshId8-positions-array" count="9"> 25.985611 25.736204 -9.3717842 25.938026 26.240461 -9.2455549 31.137894 20.826796 -5.9635839 </float_array>
          <technique_common>
            <accessor count="3" offset="0" source="#meshId8-positions-array" stride="3">
              <param name="X" type="float" />
              <param name="Y" type="float" />
              <param name="Z" type="float" />
            </accessor>
          </technique_common>
        </source>
        <source id="meshId8-normals" name="meshId8-normals">
          <float_array id="meshId8-normals-array" count="9"> 0.68390989 0.23637448 -0.69021338 0.68390989 0.23637448 -0.69021338 0.68390989 0.23637448 -0.69021338 </float_array>
          <technique_common>
            <accessor count="3" offset="0" source="#meshId8-normals-array" stride="3">
              <param name="X" type="float" />
              <param name="Y" type="float" />
              <param name="Z" type="float" />
            </accessor>
          </technique_common>
        </source>
        <vertices id="meshId8-vertices">
          <input semantic="POSITION" source="#meshId8-positions" />
        </vertices>
        <polylist count="1" material="defaultMaterial">
          <input offset="0" semantic="VERTEX" source="#meshId8-vertices" />
          <input offset="0" semantic="NORMAL" source="#meshId8-normals" />
          <vcount>3 </vcount>
          <p>0 1 2 </p>
        </polylist>
      </mesh>
    </geometry>
    <geometry id="meshId9" name="meshId9_name">
      <mesh>
        <source id="meshId9-positions" name="meshId9-positions">
          <float_array id="meshId9-positions-array" count="9"> 35.610184 9.6749477 -9.1367769 35.161777 10.05481 -9.3717842 34.347355 15.206743 -5.582962 </float_array>
          <technique_common>
            <accessor count="3" offset="0" source="#meshId9-positions-array" stride="3">
              <param name="X" type="float" />
              <param name="Y" type="float" />
              <param name="Z" type="float" />
            </accessor>
          </technique_common>
        </source>
        <source id="meshId9-normals" name="meshId9-normals">
          <float_array id="meshId9-normals-array" count="9"> 0.69351888 0.49584919 -0.52265197 0.69351888 0.49584919 -0.52265197 0.69351888 0.49584919 -0.52265197 </float_array>
          <technique_common>
            <accessor count="3" offset="0" source="#meshId9-normals-array" stride="3">
              <param name="X" type="float" />
              <param name="Y" type="float" />
              <param name="Z" type="float" />
            </accessor>
          </technique_common>
        </source>
        <vertices id="meshId9-vertices">
          <input semantic="POSITION" source="#meshId9-positions" />
        </vertices>
        <polylist count="1" material="defaultMaterial">
          <input offset="0" semantic="VERTEX" source="#meshId9-vertices" />
          <input offset="0" semantic="NORMAL" source="#meshId9-normals" />
          <vcount>3 </vcount>
          <p>0 1 2 </p>
        </polylist>
      </mesh>
    </geometry>
    <geometry id="meshId10" name="meshId10_name">
      <mesh>
        <source id="meshId10-positions" name="meshId10-positions">
          <float_array id="meshId10-positions-array" count="9"> 37.669186 -0.0046981494 -5.5284333 36.806175 3.3826246 -8.3759098 37.608604 0.012876313 -5.4759169 </float_array>
          <technique_common>
            <accessor count="3" offset="0" source="#meshId10-positions-array" stride="3">
              <param name="X" type="float" />
              <param name="Y" type="float" />
              <param name="Z" type="float" />
            </accessor>
          </technique_common>
        </source>
        <source id="meshId10-normals" name="meshId10-normals">
          <float_array id="meshId10-normals-array" count="9"> 0.61857152 0.59153026 0.51716655 0.61857152 0.59153026 0.51716655 0.61857152 0.59153026 0.51716655 </float_array>
          <technique_common>
            <accessor count="3" offset="0" source="#meshId10-normals-array" stride="3">
              <param name="X" type="float" />
              <param name="Y" type="float" />
              <param name="Z" type="float" />
            </accessor>
          </technique_common>
        </source>
        <vertices id="meshId10-vertices">
          <input semantic="POSITION" source="#meshId10-positions" />
        </vertices>
        <polylist count="1" material="defaultMaterial">
          <input offset="0" semantic="VERTEX" source="#meshId10-vertices" />
          <input offset="0" semantic="NORMAL" source="#meshId10-normals" />
          <vcount>3 </vcount>
          <p>0 1 2 </p>
        </polylist>
      </mesh>
    </geometry>
    <geometry id="meshId11" name="meshId11_name">
      <mesh>
        <source id="meshId11-positions" name="meshId11-positions">
          <float_array id="meshId11-positions-array" count="9"> 36.806133 -3.3845263 -8.3747177 37.66909 -0.0046980381 -5.5283837 37.608849 -0.014806747 -5.4747458 </float_array>
          <technique_common>
            <accessor count="3" offset="0" source="#meshId11-positions-array" stride="3">
              <param name="X" type="float" />
              <param name="Y" type="float" />
              <param name="Z" type="float" />
            </accessor>
          </technique_common>
        </source>
        <source id="meshId11-normals" name="meshId11-normals">
          <float_array id="meshId11-normals-array" count="9"> 0.58568072 -0.60599327 0.53828454 0.58568072 -0.60599327 0.53828454 0.58568072 -0.60599327 0.53828454 </float_array>
          <technique_common>
            <accessor count="3" offset="0" source="#meshId11-normals-array" stride="3">
              <param name="X" type="float" />
              <param name="Y" type="float" />
              <param name="Z" type="float" />
            </accessor>
          </technique_common>
        </source>
        <vertices id="meshId11-vertices">
          <input semantic="POSITION" source="#meshId11-positions" />
        </vertices>
        <polylist count="1" material="defaultMaterial">
          <input offset="0" semantic="VERTEX" source="#meshId11-vertices" />
          <input offset="0" semantic="NORMAL" source="#meshId11-normals" />
          <vcount>3 </vcount>
          <p>0 1 2 </p>
        </polylist>
      </mesh>
    </geometry>
    <geometry id="meshId12" name="meshId12_name">
      <mesh>
        <source id="meshId12-positions" name="meshId12-positions">
          <float_array id="meshId12-positions-array" count="12"> 239.49998 -29.73303 -3.8987072 239.49998 -29.803263 -3.8748317 239.48076 -29.805405 -3.8820763 239.49998 -29.862038 -3.8548701 </float_array>
          <technique_common>
            <accessor count="4" offset="0" source="#meshId12-positions-array" stride="3">
              <param name="X" type="float" />
              <param name="Y" type="float" />
              <param name="Z" type="float" />
            </accessor>
          </technique_common>
        </source>
        <source id="meshId12-normals" name="meshId12-normals">
          <float_array id="meshId12-normals-array" count="12"> 0.36629191 -0.29969326 -0.88091666 0.36629191 -0.29969326 -0.88091666 0.36629191 -0.29969326 -0.88091666 0.36629191 -0.29969326 -0.88091666 </float_array>
          <technique_common>
            <accessor count="4" offset="0" source="#meshId12-normals-array" stride="3">
              <param name="X" type="float" />
              <param name="Y" type="float" />
              <param name="Z" type="float" />
            </accessor>
          </technique_common>
        </source>
        <vertices id="meshId12-vertices">
          <input semantic="POSITION" source="#meshId12-positions" />
        </vertices>
        <polylist count="2" material="defaultMaterial">
          <input offset="0" semantic="VERTEX" source="#meshId12-vertices" />
          <input offset="0" semantic="NORMAL" source="#meshId12-normals" />
          <vcount>3 3 </vcount>
          <p>0 1 2 2 1 3 </p>
        </polylist>
      </mesh>
    </geometry>
    <geometry id="meshId13" name="meshId13_name">
      <mesh>
        <source id="meshId13-positions" name="meshId13-positions">
          <float_array id="meshId13-positions-array" count="9"> 239.49998 -29.906099 -3.8084657 239.49998 -29.966335 -3.7450166 239.47768 -29.982498 -3.7095518 </float_array>
          <technique_common>
            <accessor count="3" offset="0" source="#meshId13-positions-array" stride="3">
              <param name="X" type="float" />
              <param name="Y" type="float" />
              <param name="Z" type="float" />
            </accessor>
          </technique_common>
        </source>
        <source id="meshId13-normals" name="meshId13-normals">
          <float_array id="meshId13-normals-array" count="9"> -0.49579895 -0.6307103 -0.59698242 -0.49579895 -0.6307103 -0.59698242 -0.49579895 -0.6307103 -0.59698242 </float_array>
          <technique_common>
            <accessor count="3" offset="0" source="#meshId13-normals-array" stride="3">
              <param name="X" type="float" />
              <param name="Y" type="float" />
              <param name="Z" type="float" />
            </accessor>
          </technique_common>
        </source>
        <vertices id="meshId13-vertices">
          <input semantic="POSITION" source="#meshId13-positions" />
        </vertices>
        <polylist count="1" material="defaultMaterial">
          <input offset="0" semantic="VERTEX" source="#meshId13-vertices" />
          <input offset="0" semantic="NORMAL" source="#meshId13-normals" />
          <vcount>3 </vcount>
          <p>0 1 2 </p>
        </polylist>
      </mesh>
    </geometry>
    <geometry id="meshId14" name="meshId14_name">
      <mesh>
        <source id="meshId14-positions" name="meshId14-positions">
          <float_array id="meshId14-positions-array" count="12"> 239.49998 -29.862036 -3.8548679 239.49998 -29.906101 -3.8084693 239.4789 -29.91255 -3.8148999 239.47768 -29.982498 -3.7095518 </float_array>
          <technique_common>
            <accessor count="4" offset="0" source="#meshId14-positions-array" stride="3">
              <param name="X" type="float" />
              <param name="Y" type="float" />
              <param name="Z" type="float" />
            </accessor>
          </technique_common>
        </source>
        <source id="meshId14-normals" name="meshId14-normals">
          <float_array id="meshId14-normals-array" count="12"> 0.39801267 -0.66667122 -0.63018674 0.39594471 -0.71929955 -0.57082033 0.39594471 -0.71929955 -0.57082033 0.39114508 -0.76925224 -0.50522923 </float_array>
          <technique_common>
            <accessor count="4" offset="0" source="#meshId14-normals-array" stride="3">
              <param name="X" type="float" />
              <param name="Y" type="float" />
              <param name="Z" type="float" />
            </accessor>
          </technique_common>
        </source>
        <vertices id="meshId14-vertices">
          <input semantic="POSITION" source="#meshId14-positions" />
        </vertices>
        <polylist count="2" material="defaultMaterial">
          <input offset="0" semantic="VERTEX" source="#meshId14-vertices" />
          <input offset="0" semantic="NORMAL" source="#meshId14-normals" />
          <vcount>3 3 </vcount>
          <p>0 1 2 2 1 3 </p>
        </polylist>
      </mesh>
    </geometry>
    <geometry id="meshId15" name="meshId15_name">
      <mesh>
        <source id="meshId15-positions" name="meshId15-positions">
          <float_array id="meshId15-positions-array" count="12"> 37.669048 -0.0046981494 -5.5284176 37.608551 0.012865614 -5.4758763 37.671001 -0.0046981494 -5.5233135 38.615089 -0.0012454435 -3.0690403 </float_array>
          <technique_common>
            <accessor count="4" offset="0" source="#meshId15-positions-array" stride="3">
              <param name="X" type="float" />
              <param name="Y" type="float" />
              <param name="Z" type="float" />
            </accessor>
          </technique_common>
        </source>
        <source id="meshId15-normals" name="meshId15-normals">
          <float_array id="meshId15-normals-array" count="12"> 0.21068874 0.97412503 -0.081796758 0.21068874 0.97412503 -0.081796758 0.21068874 0.97412503 -0.081796758 0.21068874 0.97412503 -0.081796758 </float_array>
          <technique_common>
            <accessor count="4" offset="0" source="#meshId15-normals-array" stride="3">
              <param name="X" type="float" />
              <param name="Y" type="float" />
              <param name="Z" type="float" />
            </accessor>
          </technique_common>
        </source>
        <vertices id="meshId15-vertices">
          <input semantic="POSITION" source="#meshId15-positions" />
        </vertices>
        <polylist count="2" material="defaultMaterial">
          <input offset="0" semantic="VERTEX" source="#meshId15-vertices" />
          <input offset="0" semantic="NORMAL" source="#meshId15-normals" />
          <vcount>3 3 </vcount>
          <p>0 1 2 2 1 3 </p>
        </polylist>
      </mesh>
    </geometry>
    <geometry id="meshId16" name="meshId16_name">
      <mesh>
        <source id="meshId16-positions" name="meshId16-positions">
          <float_array id="meshId16-positions-array" count="12"> 37.669121 -0.0046285279 -5.5284176 37.671074 -0.0046285279 -5.5233135 37.608925 -0.014836527 -5.4746757 38.615013 -0.0011758218 -3.0690403 </float_array>
          <technique_common>
            <accessor count="4" offset="0" source="#meshId16-positions-array" stride="3">
              <param name="X" type="float" />
              <param name="Y" type="float" />
              <param name="Z" type="float" />
            </accessor>
          </technique_common>
        </source>
        <source id="meshId16-normals" name="meshId16-normals">
          <float_array id="meshId16-normals-array" count="12"> 0.12529451 -0.99096555 -0.047839742 0.12529451 -0.99096555 -0.047839742 0.12529451 -0.99096555 -0.047839742 0.12529451 -0.99096555 -0.047839742 </float_array>
          <technique_common>
            <accessor count="4" offset="0" source="#meshId16-normals-array" stride="3">
              <param name="X" type="float" />
              <param name="Y" type="float" />
              <param name="Z" type="float" />
            </accessor>
          </technique_common>
        </source>
        <vertices id="meshId16-vertices">
          <input semantic="POSITION" source="#meshId16-positions" />
        </vertices>
        <polylist count="2" material="defaultMaterial">
          <input offset="0" semantic="VERTEX" source="#meshId16-vertices" />
          <input offset="0" semantic="NORMAL" source="#meshId16-normals" />
          <vcount>3 3 </vcount>
          <p>0 1 2 2 1 3 </p>
        </polylist>
      </mesh>
    </geometry>
    <geometry id="meshId17" name="meshId17_name">
      <mesh>
        <source id="meshId17-positions" name="meshId17-positions">
          <float_array id="meshId17-positions-array" count="30"> 239.49998 -29.560001 -3.9000185 240.50003 -29.560001 -3.9000185 239.49998 -29.560001 -1.3999798 240.50003 -29.560001 -1.3999798 240.47198 -29.560001 -1.2349138 239.52805 -29.560001 -1.2349138 240.33734 -29.560001 -1.0308588 239.66269 -29.560001 -1.0308588 239.87785 -29.560001 -0.91516685 240.12218 -29.560001 -0.91516685 </float_array>
          <technique_common>
            <accessor count="10" offset="0" source="#meshId17-positions-array" stride="3">
              <param name="X" type="float" />
              <param name="Y" type="float" />
              <param name="Z" type="float" />
            </accessor>
          </technique_common>
        </source>
        <source id="meshId17-normals" name="meshId17-normals">
          <float_array id="meshId17-normals-array" count="30"> 0 -1 0 0 -1 0 0 -1 0 0 -1 0 0 -1 0 0 -1 0 0 -1 0 0 -1 0 0 -1 0 0 -1 0 </float_array>
          <technique_common>
            <accessor count="10" offset="0" source="#meshId17-normals-array" stride="3">
              <param name="X" type="float" />
              <param name="Y" type="float" />
              <param name="Z" type="float" />
            </accessor>
          </technique_common>
        </source>
        <vertices id="meshId17-vertices">
          <input semantic="POSITION" source="#meshId17-positions" />
        </vertices>
        <polylist count="8" material="defaultMaterial">
          <input offset="0" semantic="VERTEX" source="#meshId17-vertices" />
          <input offset="0" semantic="NORMAL" source="#meshId17-normals" />
          <vcount>3 3 3 3 3 3 3 3 </vcount>
          <p>0 1 2 1 3 2 3 4 2 2 4 5 4 6 5 5 6 7 7 6 8 6 9 8 </p>
        </polylist>
      </mesh>
    </geometry>
    <geometry id="meshId18" name="meshId18_name">
      <mesh>
        <source id="meshId18-positions" name="meshId18-positions">
          <float_array id="meshId18-positions-array" count="123"> 240.49998 -30.001284 -3.6376131 240.49998 -30.003481 -3.6079483 240.49998 -29.975647 -3.706831 240.49998 -29.559973 -3.9000185 240.49998 -29.703537 -3.9000185 240.49998 -29.559973 -1.3999343 240.49998 -29.804068 -3.875664 240.49998 -29.841606 -3.8665082 240.49998 -29.906612 -3.8079112 240.49998 -29.953856 -3.7654281 240.49998 -30.061344 -1.3999343 240.4597 -30.065924 -1.2378764 240.47197 -29.559973 -1.2349467 240.44176 -30.068121 -1.1657288 240.33737 -29.559973 -1.0309553 240.32877 -30.073065 -1.0384631 240.28537 -30.075079 -0.98938799 240.12221 -29.559973 -0.91522598 240.118 -30.077642 -0.92602968 240.0583 -30.078375 -0.90350652 239.49998 -29.559973 -3.9000185 239.49998 -29.559973 -1.3999343 239.49998 -29.703537 -3.9000185 239.49998 -29.733017 -3.8987367 239.49998 -29.803335 -3.8747485 239.49998 -29.862114 -3.8547888 239.49998 -29.906063 -3.8084605 239.49998 -29.966309 -3.7451022 239.49998 -29.976379 -3.7077465 239.49998 -30.003481 -3.6079483 239.49998 -30.061344 -1.3999343 239.50291 -30.062994 -1.3460982 239.528 -29.559973 -1.2349467 239.54192 -30.06629 -1.2398908 239.58641 -30.070135 -1.1190341 239.6626 -29.559973 -1.0309553 239.67212 -30.072882 -1.0415761 239.76202 -30.075994 -0.96027255 239.87775 -29.559973 -0.91522598 239.88159 -30.077276 -0.93005824 239.99971 -30.078558 -0.90002728 </float_array>
          <technique_common>
            <accessor count="41" offset="0" source="#meshId18-positions-array" stride="3">
              <param name="X" type="float" />
              <param name="Y" type="float" />
              <param name="Z" type="float" />
            </accessor>
          </technique_common>
        </source>
        <source id="meshId18-normals" name="meshId18-normals">
          <float_array id="meshId18-normals-array" count="123"> -1 0 0 -1 0 0 -1 0 0 -1 0 0 -1 0 0 -0.99916595 0.0020391063 -0.04078225 -1 0 0 -1 0 0 -1 0 0 -1 0 0 -0.99251103 0 -0.1221552 -0.97582948 0.016579637 -0.21790372 -0.94561195 0.0075048278 -0.32521042 -0.86953312 0.0080512017 -0.49380901 -0.7139914 0 -0.70015442 -0.74907553 0.022444211 -0.66210431 -0.53826404 0.0081554856 -0.84273684 -0.25154129 -0.004791243 -0.96783471 -0.3544046 0.023113336 -0.93480647 -0.2100049 0.0046667568 -0.97768921 1 0 0 0.99970782 -0.0020074379 -0.024089376 1 0 0 1 0 0 1 0 0 1 0 0 1 0 0 1 0 0 1 0 0 1 0 0 0.99965948 0 -0.026095552 0.98153305 0.0046081184 -0.19123761 0.93495649 0.0050674956 -0.35472608 0.93866831 0.028211394 -0.34366548 0.83033758 0.0081940899 -0.55720025 0.67170906 0 -0.74081504 0.67072058 0.028181605 -0.74117452 0.47263899 0.010681067 -0.88119143 0.24477161 0 -0.96958077 0.24586725 0.029211994 -0.96886325 0.062507473 -0.0041671479 -0.99803573 </float_array>
          <technique_common>
            <accessor count="41" offset="0" source="#meshId18-normals-array" stride="3">
              <param name="X" type="float" />
              <param name="Y" type="float" />
              <param name="Z" type="float" />
            </accessor>
          </technique_common>
        </source>
        <vertices id="meshId18-vertices">
          <input semantic="POSITION" source="#meshId18-positions" />
        </vertices>
        <polylist count="39" material="defaultMaterial">
          <input offset="0" semantic="VERTEX" source="#meshId18-vertices" />
          <input offset="0" semantic="NORMAL" source="#meshId18-normals" />
          <vcount>3 3 3 3 3 3 3 3 3 3 3 3 3 3 3 3 3 3 3 3 3 3 3 3 3 3 3 3 3 3 3 3 3 3 3 3 3 3 3 </vcount>
          <p>0 1 2 3 4 5 4 6 5 6 7 5 7 8 5 8 9 5 9 2 5 2 1 5 1 10 5 10 11 5 5 11 12 11 13 12 12 13 14 13 15 14 15 16 14 14 16 17 16 18 17 18 19 17 20 21 22 22 21 23 23 21 24 25 24 26 24 21 26 27 26 28 26 21 28 28 21 29 29 21 30 30 21 31 21 32 31 31 32 33 33 32 34 32 35 34 34 35 36 36 35 37 35 38 37 37 38 39 39 38 40 38 17 40 17 19 40 </p>
        </polylist>
      </mesh>
    </geometry>
    <geometry id="meshId19" name="meshId19_name">
      <mesh>
        <source id="meshId19-positions" name="meshId19-positions">
          <float_array id="meshId19-positions-array" count="9"> 212.32303 11.071569 1.0999171 211.89204 9.7620592 1.0999171 211.72314 10.460337 1.4231582 </float_array>
          <technique_common>
            <accessor count="3" offset="0" source="#meshId19-positions-array" stride="3">
              <param name="X" type="float" />
              <param name="Y" type="float" />
              <param name="Z" type="float" />
            </accessor>
          </technique_common>
        </source>
        <source id="meshId19-normals" name="meshId19-normals">
          <float_array id="meshId19-normals-array" count="9"> -0.61567426 0.20419347 -0.76108497 -0.61567426 0.20419347 -0.76108497 -0.61567426 0.20419347 -0.76108497 </float_array>
          <technique_common>
            <accessor count="3" offset="0" source="#meshId19-normals-array" stride="3">
              <param name="X" type="float" />
              <param name="Y" type="float" />
              <param name="Z" type="float" />
            </accessor>
          </technique_common>
        </source>
        <vertices id="meshId19-vertices">
          <input semantic="POSITION" source="#meshId19-positions" />
        </vertices>
        <polylist count="1" material="defaultMaterial">
          <input offset="0" semantic="VERTEX" source="#meshId19-vertices" />
          <input offset="0" semantic="NORMAL" source="#meshId19-normals" />
          <vcount>3 </vcount>
          <p>0 1 2 </p>
        </polylist>
      </mesh>
    </geometry>
    <geometry id="meshId20" name="meshId20_name">
      <mesh>
        <source id="meshId20-positions" name="meshId20-positions">
          <float_array id="meshId20-positions-array" count="54"> 220.8475 -16.068645 6.0999718 216.50764 -8.5517044 6.0999718 227.50075 -21.650654 6.0999718 252.49924 -21.650654 6.0999718 244.34138 -24.620195 6.0999718 259.15247 -16.068645 6.0999718 235.6586 -24.620195 6.0999718 263.49234 -8.5517044 6.0999718 265 -0.00015449524 6.0999718 214.99998 -0.00015449524 6.0999718 263.49234 8.5513935 6.0999718 259.15247 16.068335 6.0999718 216.50764 8.5513935 6.0999718 244.34138 24.619886 6.0999718 252.49924 21.650343 6.0999718 235.6586 24.619886 6.0999718 227.50075 21.650343 6.0999718 220.8475 16.068335 6.0999718 </float_array>
          <technique_common>
            <accessor count="18" offset="0" source="#meshId20-positions-array" stride="3">
              <param name="X" type="float" />
              <param name="Y" type="float" />
              <param name="Z" type="float" />
            </accessor>
          </technique_common>
        </source>
        <source id="meshId20-normals" name="meshId20-normals">
          <float_array id="meshId20-normals-array" count="54"> 0 0 -1 0 0 -1 0 0 -1 0 0 -1 0 0 -1 0 0 -1 0 0 -1 0 0 -1 0 0 -1 0 0 -1 0 0 -1 0 0 -1 0 0 -1 0 0 -1 0 0 -1 0 0 -1 0 0 -1 0 0 -1 </float_array>
          <technique_common>
            <accessor count="18" offset="0" source="#meshId20-normals-array" stride="3">
              <param name="X" type="float" />
              <param name="Y" type="float" />
              <param name="Z" type="float" />
            </accessor>
          </technique_common>
        </source>
        <vertices id="meshId20-vertices">
          <input semantic="POSITION" source="#meshId20-positions" />
        </vertices>
        <polylist count="16" material="defaultMaterial">
          <input offset="0" semantic="VERTEX" source="#meshId20-vertices" />
          <input offset="0" semantic="NORMAL" source="#meshId20-normals" />
          <vcount>3 3 3 3 3 3 3 3 3 3 3 3 3 3 3 3 </vcount>
          <p>0 1 2 3 4 5 4 6 5 6 2 5 2 1 5 5 1 7 7 1 8 1 9 8 10 8 11 8 9 11 9 12 11 13 14 15 14 11 15 15 11 16 16 11 17 11 12 17 </p>
        </polylist>
      </mesh>
    </geometry>
    <geometry id="meshId21" name="meshId21_name">
      <mesh>
        <source id="meshId21-positions" name="meshId21-positions">
          <float_array id="meshId21-positions-array" count="108"> 220.8475 -16.068645 -3.9000185 216.50764 -8.5517044 -3.9000185 216.50764 -8.5517044 6.1012049 214.99998 -0.00015449524 6.1012049 214.99998 -0.00015449524 -3.9000185 216.50764 8.5513935 6.1012049 216.50764 8.5513935 -3.9000185 220.8475 16.068335 6.1012049 220.8475 16.068335 -3.9000185 227.50075 21.650343 6.1012049 227.50075 21.650343 -3.9000185 235.6586 24.619886 6.1012049 235.6586 24.619886 -3.9000185 244.34138 24.619886 6.1012049 244.34138 24.619886 -3.9000185 252.49924 21.650343 6.1012049 252.49924 21.650343 -3.9000185 259.15247 16.068335 6.1012049 259.15247 16.068335 -3.9000185 263.49234 8.5513935 6.1012049 263.49234 8.5513935 -3.9000185 265 -0.00015449524 6.1012049 265 -0.00015449524 -3.9000185 263.49234 -8.5517044 6.1012049 263.49234 -8.5517044 -3.9000185 259.15247 -16.068645 6.1012049 259.15247 -16.068645 -3.9000185 252.49924 -21.650654 6.1012049 252.49924 -21.650654 -3.9000185 244.34138 -24.620195 6.1012049 244.34138 -24.620195 -3.9000185 235.6586 -24.620195 6.1012049 235.6586 -24.620195 -3.9000185 227.50075 -21.650654 6.1012049 227.50075 -21.650654 -3.9000185 220.8475 -16.068645 6.1012049 </float_array>
          <technique_common>
            <accessor count="36" offset="0" source="#meshId21-positions-array" stride="3">
              <param name="X" type="float" />
              <param name="Y" type="float" />
              <param name="Z" type="float" />
            </accessor>
          </technique_common>
        </source>
        <source id="meshId21-normals" name="meshId21-normals">
          <float_array id="meshId21-normals-array" count="108"> 0.80229419 0.59692889 0 0.9577592 0.28757137 0 0.91821116 0.39609116 0 0.99832386 0.057873882 0 0.99832386 -0.057873882 0 0.9577592 -0.28757149 0 0.91821122 -0.3960911 0 0.80229425 -0.59692883 0 0.72754997 -0.68605477 0 0.55031341 -0.83495814 0 0.4493145 -0.89337373 0 0.23087727 -0.97298288 0 0.11495342 -0.99337089 0 -0.11495342 -0.99337089 0 -0.23087727 -0.97298288 0 -0.4493145 -0.89337373 0 -0.55031341 -0.83495814 0 -0.72754997 -0.68605477 0 -0.80229425 -0.59692883 0 -0.91821122 -0.3960911 0 -0.9577592 -0.28757149 0 -0.99832386 -0.057873882 0 -0.99832386 0.057873882 0 -0.95775914 0.28757155 0 -0.91821116 0.39609116 0 -0.80229419 0.59692889 0 -0.72754991 0.68605483 0 -0.55031341 0.83495814 0 -0.4493145 0.89337373 0 -0.23087727 0.97298288 0 -0.11495335 0.99337095 0 0.11495335 0.99337095 0 0.23087727 0.97298288 0 0.4493145 0.89337373 0 0.55031341 0.83495814 0 0.72755009 0.68605465 0 </float_array>
          <technique_common>
            <accessor count="36" offset="0" source="#meshId21-normals-array" stride="3">
              <param name="X" type="float" />
              <param name="Y" type="float" />
              <param name="Z" type="float" />
            </accessor>
          </technique_common>
        </source>
        <vertices id="meshId21-vertices">
          <input semantic="POSITION" source="#meshId21-positions" />
        </vertices>
        <polylist count="36" material="defaultMaterial">
          <input offset="0" semantic="VERTEX" source="#meshId21-vertices" />
          <input offset="0" semantic="NORMAL" source="#meshId21-normals" />
          <vcount>3 3 3 3 3 3 3 3 3 3 3 3 3 3 3 3 3 3 3 3 3 3 3 3 3 3 3 3 3 3 3 3 3 3 3 3 </vcount>
          <p>0 1 2 2 1 3 1 4 3 3 4 5 4 6 5 5 6 7 6 8 7 7 8 9 8 10 9 9 10 11 10 12 11 11 12 13 12 14 13 13 14 15 14 16 15 15 16 17 16 18 17 17 18 19 18 20 19 19 20 21 20 22 21 21 22 23 22 24 23 23 24 25 24 26 25 25 26 27 26 28 27 27 28 29 28 30 29 29 30 31 30 32 31 31 32 33 32 34 33 33 34 35 34 0 35 0 2 35 </p>
        </polylist>
      </mesh>
    </geometry>
    <geometry id="meshId22" name="meshId22_name">
      <mesh>
        <source id="meshId22-positions" name="meshId22-positions">
          <float_array id="meshId22-positions-array" count="3819"> 30.183628 23.308079 -4.1770077 29.353977 25.759315 -2.2537308 33.125111 20.800274 -2.1783085 32.031483 17.575958 -23.409781 33.143963 15.784672 -9.3811703 33.483364 14.106518 -23.409781 33.992466 14.332783 -9.3811703 34.916393 10.693642 -23.409781 50.679729 -0.41234207 7.2495213 50.566593 0.0024833679 7.1175308 50.566593 0.0024833679 7.1175308 51.660221 0.0024833679 7.4003658 203.50484 -1.9585037 7.6077785 203.50484 0.0024833679 7.6077785 203.63683 0.0024833679 7.5889225 203.50484 1.8314819 7.6077785 203.50484 5.772316 7.6077785 203.50484 5.1500778 7.6077785 53.470364 0.0024833679 7.6077785 52.093899 -0.016372681 7.5135002 53.489223 -4.2023277 7.6077785 203.50484 -2.5995979 7.6077785 203.50484 -3.994915 7.6077785 203.8631 -2.2224846 7.5889225 204.37221 -0.58204269 7.5135002 203.67455 0.0024833679 7.5889225 203.8631 0.0024833679 7.5889225 205.40927 0.0024833679 7.174099 204.37221 0.58700943 7.5135002 203.8631 2.2085953 7.5889225 204.93787 3.0193901 7.4003658 204.12708 6.337986 7.5889225 203.50484 11.372444 7.6077785 203.50484 13.258011 7.6077785 53.489223 9.5057373 7.6077785 53.489223 9.1663322 7.6077785 53.489223 4.2072945 7.6077785 51.811069 4.7541084 7.5135002 50.679729 0.41730881 7.2495213 51.679081 0.0024833679 7.4003658 50.566593 0.0024833679 7.1175308 50.566593 0.0024833679 7.1175308 49.152416 0.0024833679 6.7592735 47.398846 -2.1659164 6.0050468 44.325367 -4.2588959 4.119482 48.417049 -6.2010288 6.6461391 51.811069 -4.7679977 7.5135002 53.489223 -8.9916668 7.5889225 203.50484 -5.8616257 7.6077785 204.12708 -6.3330193 7.5889225 204.93787 -3.0332794 7.4003658 206.99313 -4.8434219 6.4764385 205.40927 -1.487114 7.1929531 205.88066 0.0024833679 6.8724079 205.91837 -0.072940826 6.8535519 205.88066 0.0024833679 6.8724079 205.93723 0.0024833679 6.8346958 205.93723 0.0024833679 6.8346958 207.29483 0.0024833679 5.9673367 205.91837 0.059051514 6.8535519 205.40927 1.4732246 7.1929531 206.99313 4.8483887 6.4764385 206.3709 7.8087273 7.0986748 205.65439 14.125374 7.4946442 203.50484 13.823681 7.6077785 203.50484 17.142277 7.9094696 203.50484 16.501186 7.8529015 53.470364 18.235905 7.6077785 53.470364 15.74696 7.6077785 52.678425 9.3360329 7.6266346 48.417049 6.2059937 6.6461391 47.398846 2.1520271 6.0050468 46.738895 0.0024833679 5.5336552 46.078945 0.0024833679 5.1942539 43.080898 0.0024833679 2.8561516 43.062038 0.0024833679 2.8372974 39.988567 0.0024833679 -0.87726784 39.950855 -0.072940826 -0.93383598 39.932003 0.0024833679 -0.97154617 38.140713 -2.9955673 -3.7998962 41.497021 -6.6724205 1.8190918 40.554241 0.0024833679 0.027803421 45.739544 -11.933149 5.9296246 49.171276 -10.40584 7.1363869 52.678425 -9.331068 7.6266346 53.489223 -9.1613674 7.5889225 53.470364 -15.798559 7.6077785 53.470364 -18.23094 7.6077785 203.50484 -13.83757 7.6077785 203.50484 -13.2719 7.6077785 203.50484 -11.028078 7.6077785 206.3709 -7.8037605 7.0986748 208.52045 -9.5761909 6.0993252 208.87871 -6.8798332 5.1376877 209.29353 -4.3531723 3.9309254 207.78508 -2.07164 5.5713673 208.46388 0.0024833679 4.64744 208.709 0.0024833679 4.3646049 207.78508 2.0766068 5.5713673 209.29353 4.339283 3.9309254 208.87871 6.8848 5.1376877 208.52045 9.5623016 6.0993252 210.55685 11.542149 4.8359966 210.57571 14.106518 5.7599239 208.29417 12.409508 6.7027073 208.21875 15.369846 7.0986748 205.40927 17.123421 7.8529015 203.50484 18.499886 8.305439 53.470364 18.254761 7.6077785 53.470364 22.176739 8.0791702 53.470364 21.705345 7.9471798 50.076344 18.801575 7.3815098 49.171276 10.410809 7.1363869 49.171276 10.410809 7.1363869 45.739544 11.938114 5.9296246 44.325367 4.2638626 4.119482 41.497021 6.6773872 1.8190918 39.950855 0.077907562 -0.93383598 38.140713 2.981678 -3.7998962 37.612759 0.021339417 -5.4780483 38.612103 0.0024833679 -3.0645256 38.612103 0.0024833679 -3.0645256 37.612759 -0.016372681 -5.4780483 36.80196 -3.3915367 -8.3818207 37.329922 0.0024833679 -6.4019756 37.669323 0.0024833679 -5.5346165 36.80196 3.3776474 -8.3818207 36.80196 3.3776474 -8.3818207 36.764248 1.8126259 -9.3811703 36.896244 0.0024833679 -9.3811703 36.783108 -1.8076591 -9.3811703 36.613407 -4.4663086 -9.3811703 36.575695 -4.7114334 -9.3811703 36.537983 -4.881134 -9.3811703 35.68948 -9.312212 -9.3811703 36.764248 -6.2198849 -6.5905323 38.913799 -9.3499241 -0.66985512 42.402096 -13.818714 4.1949043 46.418346 -19.795959 6.7027073 50.076344 -18.815464 7.3815098 53.470364 -18.249796 7.6077785 53.470364 -22.190628 8.0791702 53.470364 -21.643814 7.9283237 203.50484 -18.513775 8.305439 203.50484 -17.344723 7.9471798 203.50484 -16.496218 7.8717575 205.65439 -14.120405 7.4946442 208.29417 -12.404541 6.7027073 210.57571 -14.101549 5.7599239 210.55685 -11.53718 4.8359966 210.55685 -9.1236553 3.6292343 210.48143 -6.804409 2.2527714 210.38716 -5.691925 1.5174007 209.50095 -3.1275558 3.252121 208.85985 0.0024833679 4.0252037 209.9912 -3.2218361 1.6493893 209.67064 -1.9207954 2.5544624 209.63293 0.0024833679 2.403616 209.80263 -0.77059937 1.8379459 209.6895 0.0024833679 2.2716274 209.84035 0.0024833679 1.3288441 209.80263 0.75671005 1.8379459 209.67064 1.9257622 2.5544624 209.9912 3.2268028 1.6493893 209.50095 3.1136665 3.252121 210.38716 5.6968918 1.5174007 210.48143 6.8093758 2.2527714 210.55685 9.128624 3.6292343 210.55685 9.128624 3.6292343 212.00874 11.504436 2.139637 212.42357 13.65398 3.4972439 212.76297 15.954372 4.7040062 213.78117 14.898453 1.5174007 214.196 15.860092 2.2339153 216.93007 19.819782 2.6675949 216.13814 17.915359 1.3288441 214.85596 17.877647 3.6292343 210.7077 16.821732 6.5330067 210.7077 16.821732 6.5330067 210.83969 19.404957 7.5323563 210.82083 21.761913 8.7768288 205.2207 19.895203 8.6448402 203.50484 19.404957 8.569416 203.50484 20.592865 8.9276733 53.470364 25.080509 8.9465294 203.50484 22.082458 9.6819 53.470364 22.912109 8.305439 50.264904 22.648129 7.9848919 46.51263 23.458923 7.5889225 46.418346 19.800926 6.7027073 42.816921 21.139679 5.6656456 42.402096 13.823681 4.1949043 39.196629 15.992081 2.139637 38.913799 9.3360329 -0.66985512 36.556843 12.202095 -3.1776581 36.764248 6.2248497 -6.5905323 36.575695 4.6975441 -9.3811703 36.368282 3.3776474 -23.409781 36.292858 -4.0703392 -23.409781 36.142017 -4.8245659 -23.409781 34.708988 -11.367479 -23.409781 35.632915 -9.5196247 -9.3811703 35.463207 -10.028727 -9.3811703 31.692081 -18.174372 -23.409781 31.692081 -18.890888 -9.3811703 30.277905 -20.927299 -9.3811703 29.014576 -22.737442 -9.3811703 32.220036 -18.26865 -7.7407284 33.200535 -15.892838 -9.3811703 33.483364 -14.101549 -23.409781 33.992466 -14.327818 -9.3811703 34.011326 -14.308962 -9.3811703 35.614056 -9.6704693 -9.1360474 36.556843 -12.215984 -3.1776581 39.196629 -15.987116 2.139637 39.253201 -22.718586 4.383461 42.816921 -21.13471 5.6656456 46.51263 -23.453957 7.5889225 50.264904 -22.643164 7.9848919 53.470364 -22.907143 8.305439 203.50484 -19.418846 8.569416 203.50484 -20.606752 8.9276733 203.50484 -23.642513 10.511551 53.470364 -25.018976 8.9276733 203.50484 -22.077494 9.6819 205.2207 -19.890238 8.6448402 205.40927 -17.118456 7.8529015 208.21875 -15.36488 7.0986748 210.7077 -16.816765 6.5330067 212.76297 -15.949404 4.7040062 213.78117 -14.893488 1.5174007 214.196 -15.855125 2.2339153 212.42357 -13.66787 3.4972439 214.85596 -17.872683 3.6292343 212.00874 -11.49947 2.139637 211.72591 -10.462408 1.4231224 212.97038 -13.309612 1.1025753 212.06531 -11.046932 1.1025753 211.63164 -9.9533043 1.1025753 211.21681 -8.8785324 1.1025753 211.16025 -8.7088318 1.1025753 210.63228 -6.3895855 1.1025753 210.3306 -5.0319786 1.1025753 210.27402 -4.7679977 1.1025753 210.21745 -4.5040207 1.1025753 210.17975 -4.0891953 1.1025753 210.04776 -2.3544731 1.1025753 210.01004 -1.8265152 1.1025753 209.87805 0.0024833679 1.1025753 210.01004 1.8314819 1.1025753 210.04776 2.3594398 1.1025753 210.19861 4.094162 1.1025753 210.25517 4.7729645 1.1025753 210.3306 5.0180893 1.1025753 210.3306 5.0180893 1.1025753 210.78313 6.3945503 1.1025753 211.55621 8.7515106 1.1025753 211.89561 9.7697144 1.1025753 211.89561 9.7697144 1.1025753 211.89561 9.7697144 1.1025753 211.72591 10.467373 1.4231224 211.72591 10.467373 1.4231224 212.32928 11.070755 1.1025753 213.08351 13.371147 1.1025753 213.23436 13.823681 1.1025753 213.23436 13.823681 1.1025753 213.55492 14.276218 1.1025753 213.55492 14.276218 1.1025753 214.68625 15.82238 1.1025753 216.02499 17.61367 1.1025753 216.5341 18.311329 1.1025753 216.5341 18.311329 1.1025753 218.49509 20.951122 1.1025753 221.11603 23.08181 1.1025753 218.89105 21.497936 1.1025753 219.02304 21.724201 1.8190918 215.42162 20.046047 5.0999756 215.91187 22.101315 6.7215633 215.91187 22.101315 6.7215633 213.49834 22.836685 8.6825523 210.65114 23.949169 10.285282 205.03215 22.459572 9.7950363 203.50484 23.572056 10.473839 203.50484 24.062305 10.832096 53.470364 25.702747 9.2670746 53.470364 28.455673 10.850952 53.470364 27.871147 10.398415 50.246044 26.117569 9.2670746 46.380634 26.758667 9.0785217 42.496372 27.58831 8.6448402 42.760349 24.514839 6.9101181 39.253201 22.723553 4.383461 35.68948 24.477127 2.9315758 36.104305 18.349041 -0.028762817 35.614056 9.6754379 -9.1360474 36.575695 4.8861008 -9.3811703 36.085445 4.8106766 -23.409781 35.406643 9.128624 -9.3811703 35.161518 10.052551 -9.3811703 35.161518 10.052551 -9.3811703 34.350727 15.200146 -5.5911827 34.350727 15.200146 -5.5911827 32.220036 18.273617 -7.7407284 30.108204 20.932266 -9.3811703 28.656315 22.459572 -23.409781 29.033428 22.761265 -9.3811703 27.78896 23.704048 -23.409781 27.7701 23.685192 -23.579481 31.993771 17.557102 -23.579481 34.897541 10.693642 -23.579481 36.33057 3.3776474 -23.579481 36.255146 -4.0703392 -23.579481 34.690128 -11.348623 -23.579481 31.654369 -18.155518 -23.579481 28.618603 -22.435751 -23.409781 27.336422 -24.227039 -23.409781 28.750599 -23.114555 -9.3811703 26.054237 -26.037182 -9.3811703 25.318867 -26.829121 -9.3811703 25.941101 -26.244595 -9.2491808 31.145267 -20.833021 -5.9682961 31.145267 -20.833021 -5.9682961 34.350727 -15.214033 -5.5911827 36.104305 -18.344072 -0.028762817 35.68948 -24.472162 2.9315758 42.760349 -24.509872 6.9101181 42.496372 -27.602203 8.6448402 42.496372 -27.602203 8.6448402 46.380634 -26.772552 9.0785217 50.246044 -26.112606 9.2670746 53.470364 -25.678925 9.2859306 203.50484 -24.472162 11.171497 53.470364 -28.469563 10.832096 203.50484 -24.057339 10.832096 53.470364 -28.26215 10.643539 205.03215 -22.454607 9.7950363 210.65114 -23.944204 10.285282 210.80199 -21.756948 8.7768288 210.83969 -19.39999 7.5323563 215.42162 -20.041082 5.0999756 219.02304 -21.719236 1.8190918 220.0224 -23.340824 3.7046566 216.93007 -19.83367 2.6675949 215.94958 -18.042383 1.1591434 216.04385 -18.136662 1.1025753 215.91187 -17.966961 1.1025753 215.19536 -17.118456 1.1025753 214.38455 -15.723137 1.1025753 213.55492 -14.308962 1.1025753 213.27208 -13.818714 1.1025753 213.0081 -13.366179 1.1025753 212.74411 -12.555386 -3.6113396 210.63228 -6.1633167 -3.6113396 210.50029 -4.7302856 -3.6113396 209.9912 0.53044128 -3.6113396 210.53801 4.7352524 -3.6113396 210.85855 7.1864891 -3.6113396 213.19666 13.48428 -3.6113396 213.36635 13.74826 -3.6113396 216.8735 19.12212 -3.6113396 219.11734 21.290524 -3.6113396 221.70056 23.779469 -3.6113396 222.77533 24.250862 1.1025753 221.19144 23.138378 1.1779995 220.0224 23.326935 3.7046566 220.81433 24.85424 5.797636 216.13814 23.968025 8.4939957 216.30783 27.305481 12.566818 213.44177 26.626671 12.340549 210.57571 25.966728 12.057713 204.97559 24.797676 11.341198 203.50484 24.477127 11.171497 203.50484 26.023293 12.340549 203.50484 26.588966 13.000496 53.470364 28.795074 11.096077 53.470364 30.303528 12.246269 53.470364 31.45372 13.490746 50.019779 29.134476 11.114929 42.100407 30.228104 10.775528 34.08675 31.793121 9.7950363 34.708988 29.68129 7.2118092 35.255802 27.230057 4.9114189 32.125759 26.324982 1.4231224 28.562038 28.210548 -0.028762817 22.79221 29.964127 -5.2329254 24.244095 28.116272 -7.363615 25.941101 26.249557 -9.2491808 25.941101 26.249557 -9.2491808 31.145267 20.81913 -5.9682961 31.145267 20.81913 -5.9682961 25.978813 25.740459 -9.3811703 22.39624 28.851639 -23.409781 22.037983 29.587013 -9.3811703 16.060738 32.792473 -23.409781 17.96516 31.849693 -9.3811703 21.792858 29.228752 -23.409781 22.037983 29.587013 -9.3811703 22.377384 28.832787 -23.579481 22.30196 28.73851 -23.768038 22.30196 28.73851 -23.768038 27.675823 23.609768 -23.768038 27.675823 23.609768 -23.768038 31.880634 17.500534 -23.768038 31.880634 17.500534 -23.768038 34.784405 10.65593 -23.768038 34.784405 10.65593 -23.768038 36.217434 3.3776474 -23.768038 36.217434 3.3776474 -23.768038 36.142017 -4.0514832 -23.768038 36.142017 -4.0514832 -23.768038 34.576992 -11.310913 -23.768038 34.576992 -11.310913 -23.768038 31.560093 -18.098949 -23.768038 31.560093 -18.098949 -23.768038 27.223286 -24.132761 -23.768038 27.223286 -24.132761 -23.768038 27.29871 -24.208183 -23.579481 21.849426 -29.280355 -23.409781 22.019127 -29.525478 -9.3811703 17.946304 -32.146416 -9.3811703 21.227188 -30.166573 -9.3811703 21.132908 -30.317417 -8.4949551 21.132908 -30.317417 -8.4949551 22.000271 -29.544334 -9.3811703 24.244095 -28.130161 -7.363615 30.183628 -23.303112 -4.1770077 33.125111 -20.814165 -2.1783085 32.125759 -26.320017 1.4231224 35.255802 -27.22509 4.9114189 34.708988 -29.695179 7.2118092 34.08675 -31.788158 9.7950363 42.100407 -30.223139 10.775528 50.019779 -29.148365 11.114929 53.470364 -28.808964 11.096077 203.50484 -26.301163 12.623383 204.97559 -24.792709 11.341198 210.57571 -25.96176 12.057713 213.49834 -22.83172 8.6825523 215.91187 -22.09635 6.7215633 220.81433 -24.849276 5.797636 222.39822 -24.886986 3.1578426 221.17261 -23.529381 1.1591434 218.92877 -21.455257 1.1025753 218.45737 -21.040432 1.1025753 218.21225 -20.814165 1.1025753 216.21356 -18.306362 -3.6113396 213.44177 -13.705582 -3.6113396 212.76297 -12.53653 -3.7056179 210.65114 -6.1633167 -3.7056179 210.01004 0.53044128 -3.7056179 210.87741 7.1864891 -3.7056179 213.2155 13.48428 -3.7056179 216.89236 19.103268 -3.7056179 221.71942 23.760612 -3.7056179 226.77274 26.852943 -3.6113396 231.95804 28.663086 1.1025753 227.45154 27.267769 -3.6113396 229.22397 27.814583 1.1025753 226.67844 27.022644 1.1025753 223.81238 24.986233 1.1025753 222.39822 24.891953 3.1578426 223.96323 27.248909 7.8717575 221.34229 26.211853 8.0603142 218.75906 25.099365 8.2677269 219.19275 27.965424 12.774231 216.55296 28.700798 14.867207 210.68884 27.739159 14.094124 205.06985 26.852943 13.207909 203.50484 28.304825 14.886063 203.50484 28.417961 15.093475 53.470364 32.566208 14.716362 203.50484 28.436821 15.112331 53.470364 32.811333 15.131187 49.52953 31.717705 13.471889 41.534733 32.434219 13.226765 33.389088 33.527847 12.623383 26.073093 33.565559 8.5317039 26.921597 32.075958 5.4205227 27.7701 30.284676 2.5544624 20.322117 33.169586 0.51805115 21.472313 31.755417 -2.5365658 19.435902 31.849693 -6.3265533 21.132908 30.303528 -8.4949551 17.738892 32.038246 -9.1171913 16.73954 32.528496 -9.3811703 13.892338 34.112373 -9.3811703 9.8572273 35.224854 -9.3811703 13.496368 34.338638 -9.3811703 13.307812 33.829536 -23.409781 16.060738 32.773621 -23.579481 16.004169 32.660484 -23.768038 16.004169 32.660484 -23.768038 8.9898643 35.055153 -23.862316 15.928749 32.509644 -23.862316 22.188828 28.587662 -23.862316 27.543835 23.496635 -23.862316 31.729794 17.406258 -23.862316 34.614704 10.599365 -23.862316 36.028881 3.3587914 -23.862316 35.972317 -4.0326271 -23.862316 34.407291 -11.254345 -23.862316 31.390385 -18.004671 -23.862316 27.091297 -24.000771 -23.862316 21.642014 -29.016376 -23.862316 21.755146 -29.148365 -23.768038 21.755146 -29.148365 -23.768038 21.83057 -29.242645 -23.579481 21.83057 -29.280355 -23.409781 15.438499 -33.108055 -23.409781 17.456055 -32.448105 -9.3811703 16.701828 -32.900642 -9.3811703 13.892338 -34.107403 -9.3811703 16.004169 -33.485168 -7.1184921 17.889736 -32.259548 -9.305748 19.435902 -31.844725 -6.3265533 22.79221 -29.978016 -5.2329254 29.353977 -25.754349 -2.2537308 28.562038 -28.205582 -0.028762817 27.7701 -30.279705 2.5544624 26.921597 -32.070992 5.4205227 26.073093 -33.560589 8.5317039 25.168022 -34.786209 11.793736 33.389088 -33.522881 12.623383 41.534733 -32.448105 13.226765 49.52953 -31.712736 13.471889 53.470364 -30.883087 12.793083 53.470364 -31.448757 13.490746 53.470364 -32.806366 15.131187 53.470364 -35.106754 19.505699 53.470364 -34.880486 18.751472 203.50484 -28.620407 15.3386 53.470364 -33.598301 16.337948 53.470364 -33.221188 15.621433 203.50484 -28.43185 15.112331 203.50484 -28.412994 15.093475 203.50484 -26.602852 12.98164 205.06985 -26.866831 13.207909 210.68884 -27.753048 14.094124 213.44177 -26.621708 12.340549 216.30783 -27.30051 12.566818 216.13814 -23.963058 8.4939957 218.75906 -25.113255 8.2677269 221.34229 -26.206882 8.0603142 223.96323 -27.2628 7.8906136 224.86832 -26.301163 2.7807293 226.6973 -26.961109 1.1025753 225.52826 -26.414295 1.1025753 223.81238 -25.301811 1.1025753 221.56857 -23.83107 1.1025753 221.47427 -23.755648 1.1025753 221.47427 -23.755648 1.1025753 221.11603 -23.435101 1.1025753 221.11603 -23.435101 1.1025753 219.11734 -21.285557 -3.6113396 216.23241 -18.287506 -3.7056179 216.28899 -18.249796 -3.8187504 216.28899 -18.249796 -3.8187504 212.81953 -12.517675 -3.8187504 212.81953 -12.517675 -3.8187504 210.72656 -6.1444626 -3.8187504 210.72656 -6.1444626 -3.8187504 210.08546 0.53044128 -3.8187504 210.08546 0.53044128 -3.8187504 210.95284 7.1676331 -3.8187504 210.95284 7.1676331 -3.8187504 213.27208 13.446568 -3.8187504 213.27208 13.446568 -3.8187504 216.93007 19.065556 -3.8187504 216.93007 19.065556 -3.8187504 221.75711 23.704048 -3.8187504 221.75711 23.704048 -3.8187504 227.48923 27.173485 -3.8187504 227.48923 27.173485 -3.8187504 227.4704 27.248909 -3.7056179 233.82474 29.360748 -3.6113396 234.72983 29.511589 1.1025753 238.51981 30.209251 3.3652554 237.50159 29.964127 1.1025753 235.76688 29.982979 2.969286 235.78574 29.832138 1.1025753 232.9574 29.436165 2.686451 230.16675 28.625374 2.5356064 224.86832 26.306129 2.7807293 224.86832 26.306129 2.7807293 225.82996 27.324333 5.1753979 226.60303 28.191696 7.7963352 221.71942 27.456322 10.436127 222.05881 28.587662 12.962784 216.94893 29.86985 17.356155 211.02824 29.247612 16.37566 205.35269 28.625374 15.395164 203.50484 29.85099 17.469288 53.470364 33.565559 16.356804 53.470364 34.489487 17.884113 48.737598 33.810677 16.262527 40.68623 34.282074 16.055115 24.168671 35.790527 15.206608 25.168022 34.772316 11.793736 23.056187 33.226158 4.5720177 19.209633 34.300926 3.836647 12.949554 35.413414 -0.72642326 14.363728 34.621475 -4.1392975 16.004169 33.490135 -7.1184921 12.478161 34.84774 -7.6653061 8.8390198 35.884804 -7.9858522 5.822113 36.224205 -9.3811703 9.0652885 35.375702 -23.409781 9.0652885 35.356842 -23.579481 9.0275764 35.224854 -23.768038 9.0275764 35.224854 -23.768038 1.6738701 36.148781 -23.862316 -15.315079 -32.78751 -23.862316 -21.650581 -28.99752 -23.862316 -15.239656 -32.636662 -23.900028 -21.556303 -28.865532 -23.900028 -27.081011 -24.000771 -23.862316 -26.967876 -23.887638 -23.900028 -31.398956 -18.004671 -23.862316 -31.248112 -17.910393 -23.900028 -34.397007 -11.254345 -23.862316 -34.246162 -11.197779 -23.900028 -35.962029 -4.0326271 -23.862316 -35.81118 -4.0137711 -23.900028 -36.037449 3.3587914 -23.862316 -35.867748 3.3399353 -23.900028 -34.60442 10.599365 -23.862316 -34.453575 10.561653 -23.900028 -31.738359 17.406258 -23.862316 -31.587513 17.330833 -23.900028 -27.533546 23.496635 -23.862316 -27.401558 23.383499 -23.900028 -22.197395 28.587662 -23.862316 -22.084261 28.455673 -23.900028 -15.918461 32.509644 -23.862316 -15.843039 32.358795 -23.900028 -8.979578 35.055153 -23.862316 -8.9418659 34.904312 -23.900028 -1.6824379 36.148781 -23.862316 -1.6824379 35.97908 -23.900028 -0.004283905 36.186493 -23.862316 -0.004283905 36.016792 -23.900028 1.6738701 35.97908 -23.900028 8.9521523 34.904312 -23.900028 15.853325 32.358795 -23.900028 22.094547 28.455673 -23.900028 27.411846 23.383499 -23.900028 31.578945 17.330833 -23.900028 34.445004 10.561653 -23.900028 35.878033 3.3399353 -23.900028 35.802616 -4.0137711 -23.900028 34.237591 -11.197779 -23.900028 31.258396 -17.929249 -23.900028 26.959309 -23.887638 -23.900028 21.547733 -28.865532 -23.900028 15.231087 -32.655518 -23.900028 15.306511 -32.806366 -23.862316 15.381935 -32.957211 -23.768038 15.381935 -32.957211 -23.768038 15.419643 -33.070343 -23.579481 13.307812 -33.843426 -23.409781 13.477512 -34.277107 -9.3811703 12.346172 -34.767353 -9.3811703 7.3305664 -36.16267 -9.3623152 9.8572273 -35.446156 -9.3811703 8.8390198 -35.898693 -7.9858522 12.478161 -34.842773 -7.64645 14.363728 -34.616508 -4.1392975 21.472313 -31.750446 -2.5365658 20.322117 -33.164619 0.51805115 23.056187 -33.240044 4.5720177 21.0952 -35.389587 11.37891 24.168671 -35.785557 15.206608 40.68623 -34.277107 16.055115 48.737598 -33.805714 16.262527 47.719387 -35.351879 19.411423 53.470364 -35.446156 20.637039 203.50484 -29.827169 17.488144 205.35269 -28.620407 15.395164 211.02824 -29.242645 16.37566 216.55296 -28.714685 14.867207 219.19275 -27.960461 12.774231 221.71942 -27.470211 10.436127 227.22525 -28.959808 10.549263 226.58417 -28.186728 7.7963352 225.82996 -27.319366 5.1753979 230.14789 -28.620407 2.5356064 229.24283 -28.111305 1.1025753 229.69534 -28.318718 1.1025753 226.73502 -26.885687 -3.6113396 226.50876 -26.810265 -3.6113396 220.88977 -23.133411 -3.6113396 220.88977 -23.114555 -3.7056179 220.94632 -23.057987 -3.8187504 220.94632 -23.057987 -3.8187504 221.0029 -22.982567 -3.8753185 216.3644 -18.174372 -3.8753185 212.91382 -12.461107 -3.8753185 210.82083 -6.1256065 -3.8753185 210.19861 0.51158524 -3.8753185 211.06596 7.129921 -3.8753185 213.36635 13.408855 -3.8753185 217.02435 18.990131 -3.8753185 221.81369 23.628624 -3.8753185 227.52695 27.079208 -3.8753185 233.88132 29.172188 -3.8753185 233.8436 29.285324 -3.8187504 233.8436 29.285324 -3.8187504 233.8436 29.341888 -3.7056179 235.82346 29.568153 -3.6113396 235.82346 29.568153 -3.6113396 240.0094 30.001839 -3.6113396 240.0094 30.001839 -3.6113396 240.0094 30.133827 1.1025753 240.0094 30.190392 3.6103783 236.6908 30.152679 5.8164902 231.14725 29.172188 5.1565418 232.01459 29.605865 8.0226021 227.22525 28.964775 10.549263 227.80978 29.643578 13.415321 222.9639 30.360092 18.298939 211.53735 30.397804 18.883461 203.50484 30.152679 17.97839 203.50484 30.850342 20.052513 53.470364 35.092865 19.524555 203.50484 31.057755 20.637039 53.470364 35.696243 21.202709 203.50484 31.359444 21.523254 53.470364 35.488831 20.618183 47.719387 35.33799 19.411423 39.630314 35.677391 19.241722 23.037331 36.563606 18.751472 21.0952 35.394554 11.37891 17.022377 35.960228 11.020653 11.591946 36.016792 2.9127197 10.800007 35.677391 -4.5352669 7.1608658 36.431618 -4.7238235 5.1055984 36.582458 -8.174408 4.0119705 36.676743 -9.3811703 3.9365501 36.148781 -23.409781 1.6927261 36.45047 -23.579481 1.6927261 36.337341 -23.768038 1.6927261 36.337341 -23.768038 -0.004283905 36.375053 -23.768038 -0.004283905 36.375053 -23.768038 -1.6824379 36.337341 -23.768038 -1.6824379 36.337341 -23.768038 -9.0361443 35.224854 -23.768038 -9.0361443 35.224854 -23.768038 -15.993883 32.660484 -23.768038 -15.993883 32.660484 -23.768038 -22.291674 28.73851 -23.768038 -22.291674 28.73851 -23.768038 -27.665537 23.609768 -23.768038 -27.665537 23.609768 -23.768038 -31.889204 17.500534 -23.768038 -31.889204 17.500534 -23.768038 -34.77412 10.65593 -23.768038 -34.77412 10.65593 -23.768038 -36.20715 3.3776474 -23.768038 -36.20715 3.3776474 -23.768038 -36.150581 -4.0514832 -23.768038 -36.150581 -4.0514832 -23.768038 -34.566708 -11.310913 -23.768038 -34.566708 -11.310913 -23.768038 -31.549803 -18.098949 -23.768038 -31.549803 -18.098949 -23.768038 -27.231857 -24.113905 -23.768038 -27.231857 -24.113905 -23.768038 -21.763714 -29.148365 -23.768038 -21.763714 -29.148365 -23.768038 -15.390503 -32.957211 -23.768038 -15.390503 -32.957211 -23.768038 -8.3761978 -35.389587 -23.768038 -8.3761978 -35.389587 -23.768038 -8.3196297 -35.219887 -23.862316 -8.2819195 -35.050186 -23.900028 -9.262413 -28.526131 -23.900028 -17.634325 -24.264751 -23.900028 -24.271519 -17.627558 -23.900028 -28.532898 -9.2745018 -23.900028 -30.003639 0.0024833679 -23.900028 -28.532898 9.2794685 -23.900028 -24.271519 17.632526 -23.900028 -17.634325 24.269718 -23.900028 -9.262413 28.531097 -23.900028 -0.004283905 30.001839 -23.900028 9.2727013 28.531097 -23.900028 17.625755 24.269718 -23.900028 24.262951 17.632526 -23.900028 28.524326 9.2794685 -23.900028 29.995068 0.0024833679 -23.900028 28.524326 -9.2745018 -23.900028 24.262951 -17.627558 -23.900028 17.625755 -24.264751 -23.900028 9.2727013 -28.526131 -23.900028 8.2922058 -35.069042 -23.900028 8.3299179 -35.219887 -23.862316 8.36763 -35.389587 -23.768038 8.36763 -35.389587 -23.768038 8.3864822 -35.52158 -23.579481 8.4053383 -35.540436 -23.409781 5.822113 -36.351227 -9.3623152 5.1055984 -36.577496 -8.174408 7.1608658 -36.426651 -4.7238235 10.800007 -35.672424 -4.5352669 12.949554 -35.408443 -0.72642326 11.591946 -36.011826 2.9127197 19.209633 -34.314816 3.836647 17.022377 -35.955257 11.020653 23.037331 -36.55864 18.751472 39.630314 -35.672424 19.241722 53.470364 -35.936405 22.296337 203.50484 -31.448757 21.919224 203.50484 -31.052788 20.637039 203.50484 -30.864231 20.033657 203.50484 -30.336273 18.393215 211.53735 -30.411695 18.883461 216.94893 -29.864882 17.356155 222.9639 -30.355129 18.298939 222.05881 -28.601551 12.962784 227.79092 -29.638613 13.415321 233.52304 -30.279705 14.094124 231.99576 -29.600903 8.0226021 231.14725 -29.167221 5.1565418 232.9574 -29.431202 2.686451 231.9769 -28.940954 1.1025753 235.76688 -29.978016 2.969286 234.72983 -29.638613 1.1025753 234.25842 -29.582047 1.1025753 232.80655 -29.129509 -3.6113396 226.52759 -26.791409 -3.7056179 226.54645 -26.715986 -3.8187504 226.54645 -26.715986 -3.8187504 226.60303 -26.621708 -3.8753185 232.88196 -28.846676 -3.8941746 226.64075 -26.546284 -3.8941746 221.07831 -22.907143 -3.8941746 216.45868 -18.117805 -3.8941746 213.0081 -12.423397 -3.8941746 210.93398 -6.1067505 -3.8941746 210.29288 0.51158524 -3.8941746 211.16025 7.1110649 -3.8941746 213.46063 13.352291 -3.8941746 217.09978 18.933567 -3.8941746 221.8891 23.5532 -3.8941746 227.58353 26.984932 -3.8941746 233.90018 29.077911 -3.8941746 240.51849 29.813278 -3.8753185 240.51849 29.70015 -3.8941746 247.13684 28.945923 -3.8753185 247.11798 28.851639 -3.8941746 253.39691 26.626671 -3.8753185 253.35919 26.532394 -3.8941746 258.99704 22.987534 -3.8753185 258.92163 22.893253 -3.8941746 263.63553 18.17934 -3.8753185 263.54126 18.122772 -3.8941746 267.08612 12.466076 -3.8753185 266.99185 12.428364 -3.8941746 269.17911 6.1305733 -3.8753185 269.06598 6.1117172 -3.8941746 269.80133 -0.52547455 -3.8753185 269.70706 -0.52547455 -3.8941746 268.93399 -7.1438122 -3.8753185 268.83969 -7.1061001 -3.8941746 266.63358 -13.403891 -3.8753185 266.53931 -13.347324 -3.8941746 262.97559 -18.985167 -3.8753185 262.90018 -18.928598 -3.8941746 258.18625 -23.623657 -3.8753185 258.11084 -23.548235 -3.8941746 252.41641 -26.979965 -3.8941746 252.47299 -27.074244 -3.8753185 252.51071 -27.168522 -3.8187504 252.51071 -27.168522 -3.8187504 258.24283 -23.717937 -3.8187504 258.24283 -23.717937 -3.8187504 263.06989 -19.060589 -3.8187504 263.06989 -19.060589 -3.8187504 266.72787 -13.441603 -3.8187504 266.72787 -13.441603 -3.8187504 269.04712 -7.1626682 -3.8187504 269.04712 -7.1626682 -3.8187504 269.91449 -0.52547455 -3.8187504 269.91449 -0.52547455 -3.8187504 269.27338 6.1494293 -3.8187504 269.27338 6.1494293 -3.8187504 267.18039 12.503784 -3.8187504 267.18039 12.503784 -3.8187504 263.71097 18.235905 -3.8187504 263.71097 18.235905 -3.8187504 259.05362 23.062954 -3.8187504 259.05362 23.062954 -3.8187504 253.45349 26.720955 -3.8187504 253.45349 26.720955 -3.8187504 247.1557 29.040199 -3.8187504 247.1557 29.040199 -3.8187504 240.51849 29.907562 -3.8187504 240.51849 29.907562 -3.8187504 240.51849 29.982979 -3.7056179 240.51849 30.001839 -3.6113396 240.0094 30.209251 3.7800789 240.0094 30.303528 7.6077785 240.0094 30.34124 9.3047867 237.55817 30.284676 8.8145409 233.5419 30.284676 14.094124 234.95609 30.718353 20.259926 228.97885 30.642929 19.241722 223.51071 30.888054 21.070721 224.11407 31.170891 23.880211 212.12187 31.170891 21.560966 212.68755 31.529144 24.332748 203.50484 31.510292 22.692307 53.470364 35.941368 22.843151 53.470364 36.205353 24.540161 38.555538 36.488182 22.67345 21.868282 37.034996 22.371761 14.665421 36.997284 18.449783 6.3500748 37.374397 18.129238 8.9898643 36.865295 10.530407 7.820816 36.601318 2.7430191 4.0308266 37.016144 2.7430191 2.182972 37.148132 2.7807293 2.1641159 36.959572 -4.6861115 2.1641159 36.865295 -8.3252535 2.1641159 36.827583 -9.3811703 1.6927261 36.488182 -23.409781 -0.004283905 36.488182 -23.579481 -1.7012939 36.45047 -23.579481 -9.0550003 35.356842 -23.579481 -16.050451 32.773621 -23.579481 -22.367096 28.832787 -23.579481 -27.759815 23.685192 -23.579481 -31.983482 17.557102 -23.579481 -34.887253 10.693642 -23.579481 -36.339138 3.3776474 -23.579481 -36.263718 -4.0703392 -23.579481 -34.67984 -11.348623 -23.579481 -31.662937 -18.155518 -23.579481 -27.307278 -24.208183 -23.579481 -21.820282 -29.242645 -23.579481 -15.428213 -33.070343 -23.579481 -8.395052 -35.502724 -23.579481 -1.0036354 -36.483219 -23.579481 -1.0036354 -36.351227 -23.768038 -1.0036354 -36.351227 -23.768038 -1.0036354 -36.181526 -23.862316 -1.0036354 -36.011826 -23.900028 -0.004283905 -29.996872 -23.900028 -0.004283905 -36.030682 -23.900028 0.99506378 -36.011826 -23.900028 0.99506378 -36.181526 -23.862316 0.99506378 -36.351227 -23.768038 0.99506378 -36.351227 -23.768038 1.0139198 -36.483219 -23.579481 1.0139198 -36.520927 -23.409781 3.9365501 -36.124962 -23.409781 3.9931145 -36.596352 -9.3623152 2.1641159 -36.82262 -9.3811703 2.1641159 -36.860332 -8.3252535 2.1641159 -36.954609 -4.6861115 2.182972 -37.143166 2.7807293 4.0308266 -37.011177 2.7430191 7.820816 -36.596352 2.7430191 8.9898643 -36.860332 10.530407 6.3500748 -37.38829 18.129238 14.665421 -37.011177 18.449783 21.868282 -37.030033 22.371761 38.555538 -36.483219 22.67345 53.470364 -35.99297 22.824295 203.50484 -31.543034 22.692307 212.68755 -31.524179 24.332748 212.12187 -31.165922 21.560966 224.11407 -31.165922 23.880211 223.51071 -30.901943 21.070721 228.97885 -30.637962 19.241722 234.95609 -30.713387 20.259926 237.55817 -30.279705 8.8145409 236.6908 -30.147717 5.8164902 238.51981 -30.204283 3.3652554 238.27469 -30.072292 1.1025753 237.50159 -29.978016 1.1025753 235.8046 -29.770603 1.1025753 235.84229 -29.525478 -3.6113396 232.82538 -29.110655 -3.7056179 232.84424 -29.054089 -3.8187504 232.84424 -29.054089 -3.8187504 232.8631 -28.940954 -3.8753185 239.48145 -29.695179 -3.8941746 227.50809 -21.643814 -3.8941746 220.85205 -16.062538 -3.8941746 216.51524 -8.5579853 -3.8941746 215.00679 0.0024833679 -3.8941746 216.51524 8.5440979 -3.8941746 220.85205 16.067505 -3.8941746 227.50809 21.648781 -3.8941746 235.65375 24.627975 -3.8941746 244.34619 24.627975 -3.8941746 252.49185 21.648781 -3.8941746 259.14789 16.067505 -3.8941746 263.48468 8.5440979 -3.8941746 264.99313 0.0024833679 -3.8941746 263.48468 -8.5579853 -3.8941746 259.14789 -16.062538 -3.8941746 252.49185 -21.643814 -3.8941746 246.09976 -29.072945 -3.8941746 246.11862 -29.167221 -3.8753185 246.15634 -29.280355 -3.8187504 246.15634 -29.355778 -3.7056179 252.52957 -27.243944 -3.7056179 258.28055 -23.774502 -3.7056179 263.10757 -19.098299 -3.7056179 266.78442 -13.479313 -3.7056179 269.12253 -7.1815224 -3.7056179 269.9899 -0.52547455 -3.7056179 269.34882 6.1682854 -3.7056179 267.23697 12.541496 -3.7056179 263.76752 18.292473 -3.7056179 259.11017 23.119522 -3.7056179 253.47235 26.777519 -3.7056179 247.17456 29.115623 -3.7056179 244.10107 29.530449 -3.6113396 240.0094 30.586365 18.63834 240.0094 30.661789 21.202709 240.0094 30.756065 25.124687 236.08743 30.869194 25.124687 230.44958 31.038895 25.124687 224.35919 31.227455 25.105831 216.02499 31.45372 25.105831 212.78183 31.566856 25.105831 203.50484 31.830833 25.105831 53.470364 36.224205 25.124687 48.190784 36.375053 25.143543 37.820171 36.695595 25.124687 21.000919 37.185844 25.124687 16.324718 37.317833 25.124687 12.440453 37.430969 25.124687 3.8611259 37.676094 25.124687 2.2206841 37.732658 25.124687 2.182972 37.355545 10.360706 2.182972 37.317833 9.1539421 -0.004283905 36.525894 -23.409781 -1.7012939 36.488182 -23.409781 -3.945118 36.148781 -23.409781 -9.0738564 35.375702 -23.409781 -13.297523 33.829536 -23.409781 -16.069305 32.811333 -23.409781 -21.78257 29.228752 -23.409781 -22.385952 28.851639 -23.409781 -27.778671 23.704048 -23.409781 -28.64603 22.459572 -23.409781 -32.021194 17.575958 -23.409781 -33.491936 14.106518 -23.409781 -34.924965 10.693642 -23.409781 -36.094017 4.8106766 -23.409781 -36.37685 3.3965034 -23.409781 -36.30143 -4.0703392 -23.409781 -36.131729 -4.8245659 -23.409781 -34.717552 -11.348623 -23.409781 -33.491936 -14.101549 -23.409781 -31.681791 -18.174372 -23.409781 -28.627174 -22.435751 -23.409781 -27.34499 -24.227039 -23.409781 -21.839138 -29.280355 -23.409781 -21.820282 -29.280355 -23.409781 -15.447069 -33.089199 -23.409781 -13.31638 -33.843426 -23.409781 -8.413908 -35.540436 -23.409781 -3.945118 -36.124962 -23.409781 -1.0036354 -36.520927 -23.409781 -0.43796539 -36.577496 -21.656204 -0.43796539 -36.577496 -21.656204 -0.45682144 -36.55864 -21.731628 -0.49452972 -36.55864 -21.901329 -0.49452972 -36.520927 -23.409781 -0.49452972 -36.483219 -23.579481 -0.49452972 -36.464363 -23.636049 -0.49452972 -36.294662 -23.824606 -0.49452972 -36.181526 -23.862316 -0.49452972 -36.068394 -23.900028 -0.49452972 -36.049538 -23.900028 -0.24940872 -36.049538 -23.900028 -0.004283905 -36.049538 -23.900028 0.25969315 -36.049538 -23.900028 0.50481796 -36.049538 -23.900028 0.50481796 -36.181526 -23.862316 0.50481796 -36.294662 -23.824606 0.50481796 -36.294662 -23.824606 0.50481796 -36.445507 -23.654905 0.50481796 -36.483219 -23.579481 0.50481796 -36.520927 -23.428637 0.50481796 -36.520927 -23.409781 0.50481796 -36.55864 -21.901329 0.48596191 -36.55864 -21.807051 0.46710587 -36.55864 -21.731628 0.41054153 -36.577496 -21.618494 0.33511734 -36.577496 -21.543072 0.24084091 -36.577496 -21.467648 0.12770462 -36.577496 -21.429937 -0.004283905 -36.577496 -21.392225 -0.004283905 -36.577496 -21.392225 2.182972 -37.312866 9.1539421 2.182972 -37.350578 10.360706 2.2206841 -37.727692 25.124687 3.8422699 -37.68998 25.124687 12.383884 -37.425999 25.124687 20.944355 -37.180878 25.124687 37.782459 -36.690628 25.124687 53.470364 -36.238094 25.124687 203.50484 -31.825871 25.105831 212.78183 -31.56189 25.105831 216.02499 -31.467613 25.105831 224.35919 -31.222488 25.105831 230.44958 -31.033932 25.124687 236.06857 -30.883087 25.124687 240.0094 -30.751097 25.124687 240.0094 -30.656818 21.183853 240.0094 -30.581396 18.393215 240.0094 -30.56254 17.921825 240.08481 -30.430552 12.472538 240.04712 -30.355129 9.3047867 240.0094 -30.223139 4.4965954 240.0094 -30.204283 3.6103783 239.99054 -30.12886 1.1025753 240.06598 -30.072292 -0.89612389 239.99054 -30.072292 -0.89612389 239.87741 -30.072292 -0.93383598 239.76428 -30.072292 -0.95269012 239.66998 -30.072292 -1.0469685 239.59457 -30.072292 -1.1223927 239.53799 -30.072292 -1.2355251 239.50031 -30.072292 -1.3486595 239.50031 -30.053436 -1.4052258 239.50031 -30.053436 -1.4052258 239.48145 -29.996872 -3.6113396 239.48145 -29.996872 -3.6113396 239.50031 -29.996872 -3.6113396 239.50031 -29.978016 -3.7056179 239.50031 -29.95916 -3.7433281 239.48145 -29.978016 -3.7056179 239.48145 -29.978016 -3.7056179 239.48145 -29.921448 -3.8187504 239.48145 -29.921448 -3.8187504 239.50031 -29.864882 -3.8564625 239.48145 -29.808315 -3.8753185 239.50031 -29.732891 -3.8941746 239.50031 -29.695179 -3.8941746 239.50031 -29.56319 -3.8941746 235.65375 -24.623009 -3.8941746 240.49963 -29.56319 -3.8941746 244.34619 -24.623009 -3.8941746 240.49963 -29.695179 -3.8941746 240.49963 -29.808315 -3.8753185 240.49963 -29.846025 -3.8753185 240.49963 -29.902592 -3.7998962 240.49963 -29.95916 -3.7621841 240.49963 -29.978016 -3.7056179 240.32996 -30.072292 -1.0469685 240.44308 -30.072292 -1.1601028 244.17651 -29.582047 -3.6113396 240.46194 -30.072292 -1.2355251 240.49963 -30.053436 -1.4052258 240.49963 -29.996872 -3.6113396 240.49963 -29.996872 -3.6301937 246.1752 -29.374634 -3.6113396 252.5484 -27.2628 -3.6113396 253.2272 -26.847977 -3.6113396 258.29938 -23.774502 -3.6113396 260.90146 -21.266701 -3.6113396 263.12643 -19.117155 -3.6113396 266.65244 -13.743292 -3.6113396 266.80328 -13.498169 -3.6113396 269.14139 -7.1815224 -3.6113396 269.46194 -4.6925774 -3.6113396 270.00876 -0.52547455 -3.6113396 269.49966 4.7729645 -3.6113396 269.36768 6.1682854 -3.6113396 267.25583 12.541496 -3.6113396 266.53931 13.74826 -3.6113396 263.78638 18.292473 -3.6113396 260.84491 21.328236 -3.6113396 259.11017 23.138378 -3.6113396 253.49118 26.796371 -3.6113396 253.20837 26.909508 -3.6113396 247.19342 29.134476 -3.6113396 244.28964 30.906906 41.793087 240.0094 31.189743 41.793087 53.413799 36.657883 41.793087 40.026279 37.053856 41.397121 32.672573 37.242409 40.756031 27.336422 37.393257 40.303493 14.721985 37.713799 38.474491 6.8780327 37.902359 36.909473 2.2395401 38.015495 35.96669 1.1082001 38.053207 35.702709 -0.004283905 38.07206 35.438732 -3.1154671 37.921211 34.665649 -4.1148186 37.77037 34.401669 -7.9048061 37.185844 33.383465 -12.675287 35.790527 32.007 -13.863194 35.281425 31.629887 -17.238358 33.791824 30.555115 -18.313129 33.131874 30.196857 -21.575159 31.170891 29.10323 -22.593365 30.32238 28.744972 -25.77997 27.739159 27.594776 -29.268269 23.949169 26.274879 -29.739658 23.308079 26.086323 -32.172039 19.819782 25.124687 -34.566708 15.237858 24.144192 -34.77412 14.653332 24.049911 -36.263718 10.467373 23.408821 -37.225357 6.2437057 23.012852 -37.33849 4.9992332 22.956284 -37.715603 1.2280998 22.786583 -37.545902 -3.749794 22.862007 -37.545902 -3.749794 22.862007 -37.33849 -4.9942665 22.956284 -36.753963 -8.6145535 23.220264 -35.283222 -13.441603 23.823647 -34.755264 -14.629509 24.049911 -33.209099 -18.023527 24.691006 -30.607019 -22.209484 25.746922 -29.720802 -23.284256 26.086323 -27.213001 -26.301163 27.066818 -27.213001 -26.301163 27.066818 -23.404158 -29.789459 28.462139 -22.612221 -30.336273 28.726116 -19.161634 -32.730942 29.93288 -18.331985 -33.164619 30.215714 -14.881399 -34.918198 31.328197 -13.863194 -35.276455 31.629887 -13.863194 -35.276455 31.629887 -10.205196 -36.596352 32.723518 -5.2461586 -37.671124 34.118835 -5.2461586 -37.671124 34.118835 -4.1148186 -37.746548 34.401669 -4.1148186 -37.746548 34.401669 -0.3248291 -36.577496 -21.543072 -0.28712082 -36.577496 -21.486504 -0.004283905 -38.067093 35.438732 -0.11741638 -36.577496 -21.429937 -0.060852051 -36.577496 -21.411081 1.1082001 -38.067093 35.702709 2.2206841 -38.010525 35.96669 2.2206841 -38.010525 35.96669 6.8780327 -37.897392 36.909473 14.778553 -37.708836 38.493347 27.600399 -37.38829 40.322346 32.672573 -37.256298 40.756031 40.516529 -37.030033 41.434834 53.413799 -36.671776 41.793087 240.0094 -31.203632 41.793087 244.34619 -30.883087 41.793087 240.12253 -30.072292 -0.93383598 240.29224 -30.072292 -0.99040222 249.19211 -29.808315 41.793087 253.79288 -27.979315 41.793087 258.05426 -25.4338 41.793087 261.8631 -22.247194 41.793087 265.10629 -18.513775 41.793087 267.7272 -14.290106 41.793087 269.65048 -9.7270374 41.793087 270.80069 -4.8999901 41.793087 271.19666 0.040195465 41.793087 270.80069 4.9803772 41.793087 269.61279 9.7885704 41.793087 267.68951 14.370495 41.793087 265.06857 18.575306 41.793087 261.80655 22.308727 41.793087 257.99771 25.476479 41.793087 253.73633 28.003136 41.793087 249.11667 29.832138 41.793087 </float_array>
          <technique_common>
            <accessor count="1273" offset="0" source="#meshId22-positions-array" stride="3">
              <param name="X" type="float" />
              <param name="Y" type="float" />
              <param name="Z" type="float" />
            </accessor>
          </technique_common>
        </source>
        <source id="meshId22-normals" name="meshId22-normals">
          <float_array id="meshId22-normals-array" count="3819"> 0.72812915 0.59810591 -0.33480933 0.64962929 0.61614311 -0.44536442 0.75670576 0.46718365 -0.4573136 0.87070632 0.4834117 -0.090462998 0.86857569 0.47901508 -0.12696792 0.90644008 0.40565988 -0.11750147 0.90946209 0.39893582 -0.11716994 0.95628554 0.28277263 -0.074549176 0.26263806 -0.092695847 -0.96043158 0.2414332 0.21399763 -0.9465279 0.23870583 -0.21675587 -0.94659203 0.23037431 0.0363749 -0.97242206 -0.013887556 0 -0.9999035 -0.011880365 0 -0.99992949 -0.051477935 -0.0020591097 -0.99867207 -0.038746044 0.0040785177 -0.9992407 -0.001960773 0 -0.99999809 -0.0098809628 0 -0.99995118 0.01995609 0 -0.9998008 0.14389601 0.034260962 -0.98899949 0.021994654 0 -0.99975806 -0.01590256 0 -0.99987346 -0.066934913 0.0041834158 -0.99774849 -0.091883533 0.0042736344 -0.99576056 -0.18150564 0.0091901235 -0.98334694 -0.044944331 0 -0.99898952 -0.15930299 0 -0.98722976 -0.36832294 0 -0.92969793 -0.15664233 -0.015891258 -0.98752755 -0.13084804 0.011088844 -0.9913404 -0.29910487 0.0098877251 -0.95416903 -0.14677015 0.018064028 -0.98900563 -0.0179254 0 -0.99983943 -0.026095552 0 -0.99965948 -0.0078893304 0 -0.99996883 -0.0098809628 0 -0.99995118 0.01796113 0.0019956743 -0.99983668 0.17625864 0.0091562569 -0.98430133 0.27582842 0.14193103 -0.95067042 0.24614342 0.099995658 -0.96406138 0.32871777 0.17981145 -0.92715287 0.2406944 -0.18931024 -0.95195991 0.346223 -0.05770386 -0.93637598 0.44401425 -0.010571809 -0.89595729 0.58810896 -0.027872438 -0.80830127 0.37779295 -0.047554336 -0.92466807 0.15664233 -0.015891258 -0.98752755 0.0019684774 -0.0039369548 -0.99999028 -0.032568257 -0.0081420178 -0.99943644 -0.11810766 -0.0065615107 -0.99297905 -0.24306747 -0.016846268 -0.96986312 -0.54468101 -0.086002283 -0.8342219 -0.4706189 -0.021514006 -0.88207424 -0.54717636 0 -0.83701742 -0.54965836 0.0054421406 -0.83537179 -0.54089427 0 -0.84109056 -0.54089427 0 -0.84109056 -0.54458737 0.0081687784 -0.83866441 -0.63173199 -0.0027586443 -0.77518201 -0.54774499 -0.008175266 -0.83660543 -0.43437809 0.018540535 -0.90053982 -0.53975689 0.064996928 -0.83930802 -0.41695479 0.10006908 -0.90340179 -0.14091514 0.050821885 -0.98871642 -0.020808902 0.04369875 -0.99882799 -0.01155587 0.18720579 -0.98225278 -0.01293006 0.092665285 -0.99561334 0.021733314 0.093453363 -0.99538648 0.040699415 0 -0.99917144 0.073946916 0.0084510399 -0.99722648 0.35067263 0.030941751 -0.93598682 0.40267119 0.018303163 -0.91516167 0.48089844 0 -0.87677628 0.53774947 0 -0.84310466 0.68320471 0 -0.73022693 0.7139914 0 -0.70015442 0.8490566 0 -0.52830195 0.8522917 -0.016337881 -0.52281153 0.8490566 0 -0.52830195 0.87630939 -0.058052078 -0.47823831 0.75240403 -0.084572583 -0.65325004 0.79999995 0 -0.60000002 0.44254822 -0.077445976 -0.89339417 0.24760126 -0.024274614 -0.96855783 0.042992659 -0.004094521 -0.99906695 -0.0098809628 0 -0.99995118 0.015934201 0.0019917677 -0.99987113 0.025525816 -0.063814633 -0.99763525 -0.022845276 -0.039459933 -0.9989599 -0.021994717 0 -0.99975812 -0.053641602 -0.0020631289 -0.99855816 -0.32063147 -0.033081055 -0.94662619 -0.50982291 -0.12818408 -0.85067588 -0.73452055 -0.16458139 -0.65832549 -0.8742311 -0.17015235 -0.45471758 -0.68568689 -0.054510638 -0.72585267 -0.76068807 0.019576544 -0.64882231 -0.82768238 0.016498674 -0.56095421 -0.70360655 0.042729158 -0.70930392 -0.81342274 0.11746176 -0.56968951 -0.73562151 0.16788046 -0.65626001 -0.61904085 0.20428343 -0.75832486 -0.75870019 0.29771781 -0.57942921 -0.61663157 0.26699507 -0.74059373 -0.38136563 0.13740376 -0.9141556 -0.23311166 0.093751475 -0.96792036 -0.11407846 0.2104113 -0.97093421 -0.0071538081 0.24084574 -0.97053707 0.042170066 0.097657084 -0.99432635 0.040199861 0.28642398 -0.95725924 0.040133078 0.18414007 -0.98208028 0.11225719 0.09354753 -0.98926592 0.52439129 0.0054060756 -0.85146016 0.21922489 0.051152412 -0.97433257 0.41546118 0.10595645 -0.90341866 0.56702882 0.044913176 -0.82247257 0.74770266 0.10008616 -0.65644765 0.8410756 0.05326809 -0.53828835 0.90786529 0.088035427 -0.40991497 0.94227958 0.017731 -0.33435729 0.88755542 -0.026895599 -0.45991513 0.88755542 0.026895683 -0.45991519 0.94796491 -0.072920419 -0.30991164 0.98849982 -0.089223281 -0.12209503 0.97278339 0.014305582 -0.23127446 0.93328041 0 -0.35914856 0.97716749 0.081021413 -0.19641557 0.96725762 0.0023941929 -0.25378537 0.99340016 0.067731842 -0.092566825 0.99647439 -0.010668915 -0.083217353 0.99556077 -0.05960124 -0.072845899 0.99131417 -0.12645465 -0.036129899 0.98091143 -0.19433156 -0.0069403849 0.98227304 -0.17685692 -0.062138908 0.97712207 -0.20224719 -0.065791309 0.95578492 -0.15441649 -0.25026125 0.80356032 -0.19554318 -0.56218666 0.56414753 -0.15904164 -0.81021196 0.28985155 -0.14898914 -0.94540375 0.14706025 -0.058357231 -0.98740453 0.031722825 -0.13595521 -0.9902069 0.040132027 -0.28343242 -0.95815212 0.025767248 -0.1897403 -0.98149616 0 -0.25885594 -0.96591592 -0.009139319 -0.17364776 -0.98476541 -0.028601587 -0.10120554 -0.99445426 -0.14695865 -0.078219913 -0.98604506 -0.40081608 -0.17301419 -0.89967358 -0.51246041 -0.24079467 -0.82425857 -0.68736506 -0.2609441 -0.67781818 -0.88483202 -0.28290552 -0.37018493 -0.9378562 -0.22050786 -0.26795891 -0.94877851 -0.19902536 -0.24537373 -0.91152853 -0.084857017 -0.40238643 -0.91133922 0 -0.41165608 -0.96722025 -0.059828054 -0.24679069 -0.95489913 -0.058723751 -0.29106548 -0.93090564 0 -0.36525998 -0.96986312 -0.016846266 -0.24306737 -0.95688051 0 -0.2904816 -0.98757792 0.0022444865 -0.15711461 -0.97100127 0.029057432 -0.23730204 -0.95045352 0.056513477 -0.30568653 -0.96229625 0.055275526 -0.2663275 -0.92997241 0.12034941 -0.34737206 -0.92903352 0.25001514 -0.27274379 -0.89507443 0.22376865 -0.38570639 -0.88300961 0.0026516702 -0.46934742 -0.8380366 0.27934551 -0.46867985 -0.85298669 0.35800534 -0.37979707 -0.80450761 0.41512588 -0.42477995 -0.68468112 0.36867446 -0.62872159 -0.7707231 0.5417636 -0.33537754 -0.76497746 0.52409089 -0.37435058 -0.72589451 0.57480329 -0.37772784 -0.74503046 0.5555051 -0.36924753 -0.68764466 0.49980015 -0.52663517 -0.57901943 0.3816264 -0.7204845 -0.26795894 0.22050788 -0.93785626 -0.28316179 0.40190697 -0.87079853 -0.23307078 0.49987534 -0.83414787 -0.052536931 0.35725087 -0.93252981 -0.017225327 0.28052536 -0.959692 -0.010300451 0.38111809 -0.92446905 0.018517556 0.43119428 -0.90206909 -0.013148514 0.42601347 -0.9046213 0.022653781 0.31463599 -0.94894207 0.093852803 0.28416559 -0.95417058 0.21044731 0.31851488 -0.92426199 0.28464264 0.15452041 -0.94609827 0.40913337 0.2060383 -0.88890839 0.56524807 0.1623584 -0.80878574 0.65319192 0.25366676 -0.7134378 0.79859841 0.19582489 -0.56911606 0.85097277 0.28057444 -0.44398582 0.96214348 0.1818846 -0.20297275 0.99452579 0.069281578 -0.078221098 0.99375504 0.081122823 -0.076616012 0.99098945 -0.094709933 -0.094709933 0.97159165 -0.20747527 -0.11385842 0.95628554 -0.28277263 -0.074549176 0.9656195 -0.25798994 -0.031941641 0.94506782 -0.32276914 -0.051643096 0.86106545 -0.50134403 -0.084973589 0.85749179 -0.51114333 -0.058655821 0.81903315 -0.57220131 -0.042073634 0.82078654 -0.56265926 -0.098610364 0.84954536 -0.51089501 -0.13137303 0.88954091 -0.44617352 -0.098214261 0.90263265 -0.41638476 -0.10898662 0.8869561 -0.44772866 -0.11334903 0.92151207 -0.37784719 -0.089704707 0.95018506 -0.28292024 -0.13078389 0.85378808 -0.28665093 -0.43459979 0.65552628 -0.2501767 -0.71252853 0.50920051 -0.30045995 -0.80649775 0.40373045 -0.24223827 -0.88222581 0.21738347 -0.32321483 -0.92101926 0.10760142 -0.23569842 -0.96585095 0.022653781 -0.31463599 -0.94894207 -0.014754865 -0.28280121 -0.95906508 0.0051188213 -0.37623477 -0.92651021 0.021902358 -0.5283944 -0.84871644 0.020910548 -0.39730042 -0.91745031 0 -0.42416713 -0.90558392 -0.069455996 -0.36865073 -0.92696959 -0.081331864 -0.20209736 -0.97598249 -0.29586211 -0.19538066 -0.93503594 -0.47143638 -0.32589224 -0.81947654 -0.65349382 -0.37625396 -0.65679425 -0.83037633 -0.50437665 -0.23681106 -0.81036705 -0.54229885 -0.22184953 -0.82695621 -0.43090436 -0.36119923 -0.73291808 -0.49413922 -0.46760836 -0.89719695 -0.39616486 -0.19516942 -0.89136255 -0.36966211 -0.26234081 -0.89712441 -0.43907595 -0.048786197 -0.91398782 -0.37351817 -0.15846227 -0.92069459 -0.35020292 -0.17227724 -0.94262642 -0.29235086 -0.16120274 -0.96293628 -0.21515195 -0.1626759 -0.96818912 -0.22224924 -0.11495653 -0.97450888 -0.19540283 -0.11022726 -0.96649861 -0.21707451 -0.13696374 -0.97930735 -0.12612289 -0.15827189 -0.98821449 -0.074935697 -0.13347919 -0.9877432 -0.079960145 -0.13405085 -0.98775959 -0.067879245 -0.14043979 -0.99599499 0.0021281864 -0.089384213 -0.99102283 0.078359924 -0.10832111 -0.98527586 0.073598929 -0.1543203 -0.98433697 0.078842513 -0.15768503 -0.97241366 0.19752154 -0.12408403 -0.96707094 0.25333849 -0.024359526 -0.9378562 0.26795891 -0.22050786 -0.93070465 0.30648589 -0.19963768 -0.92961228 0.29951033 -0.2147433 -0.88874233 0.1466856 -0.43430462 -0.88874233 0.1466856 -0.43430462 -0.9460693 0.32372129 0.01254729 -0.82527596 0.45216274 -0.33833161 -0.88300961 0.0026516702 -0.46934742 -0.90546721 0.36393383 -0.21836033 -0.91797966 0.35699213 -0.17282955 -0.89912301 0.40947327 -0.15462637 -0.82280368 0.47287568 -0.3152504 -0.80389637 0.5938189 -0.033612434 -0.72815359 0.53618574 -0.42696273 -0.77723098 0.57978922 -0.2444517 -0.79794842 0.57646471 -0.1759735 -0.80423492 0.59259409 0.04515003 -0.75378329 0.55559039 -0.35089919 -0.76866251 0.62971181 -0.1123429 -0.57689559 0.81393707 -0.068542153 -0.69739246 0.71461201 -0.054528594 -0.65916169 0.71277773 -0.23969521 -0.61350447 0.62024623 -0.48878098 -0.46358591 0.63155204 -0.62147415 -0.33628106 0.50602311 -0.7942642 -0.27139649 0.65454465 -0.70563108 -0.12746067 0.58987635 -0.79737055 -0.027299464 0.50504047 -0.86266375 -0.0027083233 0.53897482 -0.84231752 0 0.56906837 -0.82229024 0.037915431 0.45769209 -0.88830197 0.030918 0.62679285 -0.77857226 0.033122305 0.52995622 -0.8473779 0.062577374 0.42443839 -0.90329188 0.1555189 0.48122814 -0.86268955 0.2822724 0.55820161 -0.78021359 0.35068652 0.37861741 -0.85654408 0.48395628 0.33431172 -0.80871624 0.56514597 0.42884603 -0.70477033 0.7077859 0.35716978 -0.60948229 0.96525496 0.23423527 -0.11583063 0.98464042 0.15934999 -0.071350776 0.97223771 0.2045487 -0.1136382 0.97056794 0.24023955 -0.01681678 0.9543817 0.25858945 -0.14928876 0.96480823 0.26291028 -0.0048240228 0.8832885 0.34484547 -0.31762084 0.89846408 0.40603667 -0.16702215 0.84217995 0.4882203 -0.22885332 0.84512734 0.51646668 -0.1379201 0.82392412 0.55512619 -0.11394697 0.79255068 0.60589916 -0.068917446 0.73467702 0.66950405 -0.1096091 0.70293206 0.59732711 -0.38611761 0.81128639 0.45994186 -0.3609266 0.88828021 0.28508994 -0.36011359 0.92755169 0.097636975 -0.36071458 0.916785 -0.10461813 -0.38543519 0.89103019 -0.27807322 -0.35880411 0.81581217 -0.45252085 -0.36010459 0.80868006 -0.57636839 -0.1176262 0.75259221 -0.65379637 -0.07845562 0.77753139 -0.62433743 -0.075151704 0.7391969 -0.65773427 -0.14482224 0.6812008 -0.72284621 -0.11601236 0.72651154 -0.6618644 -0.18470639 0.74860257 -0.65391773 -0.10947946 0.79478902 -0.52456081 -0.305199 0.86307973 -0.41929761 -0.28157216 0.71023959 -0.35348338 -0.60877681 0.53920674 -0.44933897 -0.71228546 0.34899539 -0.45052132 -0.82172543 0.21143615 -0.6311993 -0.74624544 0.24284713 -0.49184227 -0.83613187 0.18005851 -0.45752591 -0.87077504 0.088274941 -0.41654739 -0.90481812 0.03287667 -0.50410956 -0.86301374 -0.013882229 -0.62192243 -0.78295588 0.030918 -0.62679285 -0.77857226 0.022227971 -0.59181976 -0.8057639 0.022046935 -0.55392921 -0.83227181 -0.032940611 -0.51057881 -0.85919982 -0.12119626 -0.59415734 -0.79516584 -0.15569194 -0.48470116 -0.86071187 -0.30185866 -0.41274559 -0.85937321 -0.58881652 -0.53128844 -0.60912043 -0.65974951 -0.72757435 -0.18805949 -0.59605622 -0.70802253 -0.3787097 -0.73003095 -0.62116659 -0.2849682 -0.78222901 -0.60972226 -0.12789293 -0.77362287 -0.62245512 -0.11856289 -0.7724089 -0.63065588 -0.075215824 -0.81857079 -0.569565 -0.074415497 -0.85087264 -0.50345755 -0.15015396 -0.8485263 -0.50018388 -0.17268251 -0.85175174 -0.50103039 -0.15325631 -0.87075114 -0.48217484 -0.096434951 -0.90540171 -0.41703352 -0.079565637 -0.96607077 -0.24151769 -0.091522448 -0.98807287 -0.11790843 -0.099043079 -0.9974004 0.016977029 -0.070030235 -0.98193461 0.14655745 -0.11968854 -0.96156079 0.27043903 -0.047577199 -0.9145332 0.39428976 -0.090358056 -0.84061956 0.53571695 -0.079787672 -0.78138822 0.62168837 -0.054183815 -0.70894241 0.69398588 -0.12563545 -0.59576714 0.80188572 -0.045176655 -0.57328761 0.80618578 -0.14630777 -0.5721432 0.77962369 -0.25463516 -0.58983487 0.74454564 -0.31264469 -0.47442651 0.76889819 -0.42861977 -0.34217194 0.72344947 -0.59961587 -0.16914415 0.80343473 -0.57086158 -0.15158404 0.7124452 -0.68515998 -0.075538933 0.67694527 -0.73214686 -0.022380972 0.63505763 -0.77214056 0.011086929 0.62364209 -0.78163147 0.028196391 0.67953146 -0.73310441 0.0027728612 0.7015366 -0.71262801 0.039449163 0.60582602 -0.79461843 0.019630594 0.68706739 -0.72632843 0.025294876 0.75041753 -0.66047984 0.066011161 0.6141898 -0.78639263 0.1848886 0.68716949 -0.70257694 0.24761622 0.82332432 -0.51070869 0.33451256 0.73397899 -0.59108049 0.44067374 0.58088821 -0.68437976 0.58634651 0.56939983 -0.57617849 0.55434644 0.71367931 -0.42820764 0.56306785 0.76255476 -0.31853548 0.6259439 0.7423256 -0.23905404 0.72682124 0.64501464 -0.23598102 0.63761204 0.76571661 -0.084432676 0.80082548 0.54118288 -0.2565144 0.80082548 0.54118288 -0.2565144 0.69566107 0.71810174 -0.019635605 0.62870616 0.77199244 -0.093574852 0.57272243 0.81817484 -0.050783247 0.45481041 0.88743502 -0.074877381 0.48851174 0.86495322 -0.11494395 0.51358193 0.85214394 -0.10042098 0.48140788 0.8676874 -0.1239554 0.56133372 0.74409342 -0.36225602 0.30710259 0.42808253 -0.8499608 0.53046894 0.6385901 -0.55749929 0.39023459 0.35589388 -0.84915036 0.65103573 0.51610619 -0.55658507 0.45170513 0.26733556 -0.85117215 0.74266738 0.37296948 -0.55618256 0.49668726 0.17250225 -0.85061425 0.80385357 0.21559283 -0.55438179 0.52116817 0.067610905 -0.85077173 0.83023977 0.04768268 -0.55536312 0.523799 -0.04157136 -0.85082692 0.82146764 -0.12028632 -0.55742449 0.50587147 -0.14705563 -0.84998161 0.78088951 -0.28569123 -0.55551082 0.46478835 -0.24768326 -0.85007346 0.70565987 -0.4393732 -0.55587363 0.40488225 -0.33636379 -0.85025281 0.60298806 -0.57249987 -0.55556208 0.70778602 -0.60948241 -0.35716984 0.61353731 -0.78167009 -0.11208857 0.60656404 -0.79253894 -0.062945351 0.51426011 -0.85617346 -0.050036091 0.56381321 -0.824682 -0.044880651 0.57086146 -0.80343485 -0.16914415 0.59377944 -0.80217314 -0.062803619 0.63250339 -0.77368718 -0.036707819 0.67015105 -0.72217202 -0.17136283 0.69831741 -0.60938072 -0.37551025 0.71083373 -0.48723811 -0.50726163 0.57240152 -0.55207944 -0.60627127 0.45935667 -0.6638878 -0.59012246 0.33494741 -0.72517741 -0.60160452 0.24169002 -0.81492913 -0.52676022 0.16791956 -0.73273981 -0.65946585 0.093212098 -0.60296577 -0.79230285 0.031041849 -0.66316754 -0.74782711 0.0055528572 -0.68022764 -0.73297995 -0.028035831 -0.62239593 -0.78220028 -0.078645103 -0.69906712 -0.71071815 -0.24266569 -0.6303004 -0.73745149 -0.45212752 -0.66646945 -0.59278935 -0.50460225 -0.77155328 -0.38740438 -0.56383002 -0.79123122 -0.23674639 -0.63207191 -0.724648 -0.27453628 -0.65761727 -0.72862768 -0.19141915 -0.6638757 -0.73830122 -0.11908084 -0.71459889 -0.6908778 -0.10971024 -0.7838167 -0.61606246 -0.078092396 -0.85519028 -0.50910985 -0.097245686 -0.84334308 -0.40129334 -0.35740185 -0.90399408 -0.18773037 -0.38412517 -0.93412334 0.0025314898 -0.35694146 -0.91053009 0.21101174 -0.35554039 -0.82364285 0.41659153 -0.38479078 -0.7286998 0.58492041 -0.35618064 -0.58137345 0.73161602 -0.35600963 -0.52477437 0.84369802 -0.11307304 -0.27296579 0.95538056 -0.11286093 -0.3759625 0.92379367 -0.072507113 -0.30532622 0.94299871 -0.13239808 -0.45642218 0.88824672 -0.051928237 -0.55400103 0.81908745 -0.14892496 -0.52124172 0.80239648 -0.29063183 -0.38099772 0.86646265 -0.32261917 -0.3748278 0.83785033 -0.39687651 -0.33288419 0.81794381 -0.46920803 -0.17056681 0.87047905 -0.46170682 -0.10173841 0.88173246 -0.46064869 -0.062840499 0.79978788 -0.59698451 0.0027709012 0.7342692 -0.67885274 0.011071629 0.78885657 -0.61447775 0.01091642 0.83783203 -0.54581892 0.022186985 0.81259519 -0.5824061 0.010822436 0.85768133 -0.51406771 0.021921514 0.84671521 -0.53159463 0.060277864 0.76352036 -0.64296442 0.12686139 0.8142727 -0.5664506 0.17001757 0.89907563 -0.40343145 0.25942004 0.90207422 -0.34491077 0.33042976 0.84789526 -0.41459587 0.44505626 0.78615773 -0.42881337 0.36117241 0.90584356 -0.22136375 0.46584517 0.83852148 -0.28261286 0.50107187 0.84216267 -0.19922127 0.5305326 0.83026838 -0.17084944 0.47556496 0.85481316 -0.2076835 0.46945339 0.87631285 -0.10811655 0.45776007 0.88905996 -0.0052920035 0.25920758 0.95828271 -0.12043992 0.3485705 0.93309653 -0.088483281 0.3492603 0.93136048 -0.10288288 0.39820918 0.84345096 -0.36058307 0.39137328 0.73341376 -0.55581576 0.21477418 0.48097312 -0.85002166 0.093824983 0.34045076 -0.93556941 0.16007636 0.31463271 -0.93561834 0.22133021 0.27456149 -0.93575048 0.27179825 0.22416352 -0.93588269 0.31266931 0.16601914 -0.93524092 0.34121913 0.096723482 -0.9349941 0.35213381 0.025703263 -0.9355967 0.35245159 -0.046993524 -0.93464941 0.33352685 -0.11659888 -0.93550223 0.30269024 -0.18050332 -0.93584031 0.26120809 -0.23873864 -0.93529367 0.20712693 -0.28829834 -0.9348703 0.32998115 -0.41091999 -0.84985715 0.47249231 -0.68360603 -0.55626762 0.55092627 -0.74112701 -0.38368085 0.54600334 -0.83200508 -0.0982228 0.45378557 -0.88820219 -0.071941592 0.48472691 -0.87138778 -0.075651079 0.45626274 -0.88778824 -0.060468573 0.37895775 -0.92337608 -0.061380498 0.41943175 -0.8983776 -0.13036396 0.45846435 -0.87630528 -0.14798529 0.50418633 -0.84331167 -0.1860688 0.59940821 -0.75481045 -0.26640373 0.62147403 -0.63155204 -0.46358603 0.5068779 -0.71363074 -0.48353481 0.44131428 -0.78852475 -0.4283345 0.37693185 -0.8418147 -0.38635528 0.26588029 -0.90103883 -0.34269023 0.1757531 -0.91845155 -0.35434091 0.17754106 -0.82752156 -0.53262299 0.12159213 -0.77996916 -0.61389208 0.054403275 -0.75305635 -0.65570307 0.025343055 -0.71805358 -0.69552636 0.036735952 -0.76862842 -0.63863981 0.028060101 -0.77726537 -0.62854671 0.040132027 -0.95815212 -0.28343242 0.03135344 -0.92492533 -0.37885359 0.024312329 -0.8779456 -0.47814265 0.032424223 -0.88626319 -0.46204582 0.024965819 -0.81832439 -0.5742141 0.022405095 -0.76457387 -0.64414656 0.022412481 -0.76202434 -0.64716041 0.005547727 -0.74617219 -0.66572982 -0.016782794 -0.738442 -0.67410803 -0.04525248 -0.7947467 -0.60525197 -0.10306926 -0.75976729 -0.64197391 -0.1831816 -0.78462768 -0.592287 -0.31321791 -0.7329945 -0.60383254 -0.40203595 -0.76484877 -0.503362 -0.38169965 -0.83595383 -0.3943179 -0.36324164 -0.89321727 -0.26498777 -0.46360308 -0.86814857 -0.17717321 -0.40021637 -0.91516137 -0.04802594 -0.47914198 -0.87422401 -0.078456044 -0.54584861 -0.83313727 -0.089059517 -0.59149098 -0.79939115 -0.10541417 -0.66982424 -0.74238855 -0.013954704 -0.63365966 -0.73454076 -0.24274528 -0.59361565 -0.66069067 -0.45946515 -0.68689895 -0.72631115 -0.025336426 -0.69737995 -0.70919991 -0.10342495 -0.73161602 -0.58137345 -0.35600963 -0.40920916 -0.34048706 -0.84653199 -0.67800128 -0.4833276 -0.5538128 -0.47385985 -0.24151568 -0.84683347 -0.7685523 -0.32156995 -0.55310047 -0.51665896 -0.12843505 -0.84650338 -0.82073802 -0.13925882 -0.55407232 -0.52996767 -0.010871089 -0.84794819 -0.83121574 0.044779293 -0.55414373 -0.51917201 0.10671872 -0.84798086 -0.79971272 0.22937493 -0.55483937 -0.48281443 0.22166954 -0.8472029 -0.7288174 0.40233359 -0.55403328 -0.42059338 0.32401267 -0.84741777 -0.62267083 0.5549891 -0.55160505 -0.34048706 0.40920916 -0.84653199 -0.48332769 0.67800117 -0.5538128 -0.24151568 0.47385994 -0.84683341 -0.32156995 0.7685523 -0.55310047 -0.40129334 0.84334308 -0.35740185 -0.24151769 0.96607077 -0.091522448 -0.25625947 0.96590108 -0.036960509 -0.029606467 0.99816251 -0.052868832 -0.061306696 0.99623436 -0.061306763 -0.16523503 0.98169065 -0.09476725 -0.18273821 0.98101586 -0.064920217 -0.22775832 0.94670606 -0.22775824 -0.33278012 0.92501587 -0.18331106 -0.3581816 0.92689747 -0.11210272 -0.5293864 0.81420249 -0.23837872 -0.36298582 0.91034538 -0.19877788 -0.27556476 0.92896605 -0.2471562 -0.27673304 0.89566272 -0.3481479 -0.1304263 0.92130917 -0.36630359 -0.056800079 0.90609729 -0.4192391 -0.016292918 0.85809702 -0.51322895 0.0054154187 0.84752923 -0.53072119 0.021782115 0.86039686 -0.50915891 0.035479844 0.87334925 -0.4858005 0.034786381 0.90176922 -0.43081558 0.052934293 0.85530579 -0.51541233 0.089085355 0.89363748 -0.43985897 0.11863274 0.95433497 -0.27417356 0.18835658 0.9472428 -0.25933158 0.28660753 0.9177233 -0.27502748 0.27560627 0.94840974 -0.15671726 0.2785916 0.95404494 -0.11038534 0.36178207 0.91987973 -0.15144365 0.41816497 0.89150441 -0.17423545 0.36065707 0.929694 -0.074803002 0.23471412 0.9599545 -0.15295975 0.21537073 0.97043538 -0.10895232 0.24640805 0.96530998 -0.08636982 0.22101153 0.90731025 -0.35768971 0.23288451 0.79801738 -0.55581754 0.1127521 0.51461208 -0.84997731 0.034517456 0.41155493 -0.91073114 -0.1541578 -0.31657386 -0.93595749 -0.21565585 -0.28007245 -0.93544215 -0.039157052 -0.076138586 -0.99632812 -0.052331816 -0.065414786 -0.99648499 -0.26956403 -0.23025259 -0.93505025 -0.077898063 -0.064544156 -0.99486983 -0.31068349 -0.17198552 -0.93482447 -0.076138653 -0.039156985 -0.99632812 -0.34027597 -0.10532352 -0.93440849 -0.098810889 -0.028545406 -0.99469674 -0.3514916 -0.03359849 -0.93558788 -0.085157923 -0.0063868156 -0.99634695 -0.35313234 0.038948439 -0.93476236 -0.085517541 0.010689718 -0.99627936 -0.33854204 0.1110418 -0.9343763 -0.096834384 0.03301172 -0.99475288 -0.30802569 0.1748254 -0.93517703 -0.074122623 0.043601517 -0.99629551 -0.26399809 0.23591313 -0.93522722 -0.06336572 0.056810666 -0.99637204 -0.21281508 0.28281993 -0.93526608 -0.06008802 0.082342908 -0.99479103 -0.15159234 0.32247803 -0.93435949 -0.034730699 0.078144036 -0.99633694 -0.082614407 0.34378248 -0.93540817 -0.021861246 0.10056213 -0.9946906 -0.025703182 0.35213387 -0.93559659 -0.0063868803 0.085157864 -0.99634695 7.4469376e-08 0.29339847 -0.95599025 6.4434666e-08 0.084621012 -0.99641323 0.0086168749 0.096940234 -0.99525285 0.028545339 0.098810956 -0.99469674 0.039157052 0.076138586 -0.99632812 0.054624617 0.065549567 -0.99635315 0.080287337 0.064675964 -0.99467129 0.076138653 0.039156985 -0.99632812 0.081779405 0.021520957 -0.99641812 0.1014244 0.0064738723 -0.9948222 0.083392568 -0.012829641 -0.99643415 0.097039528 -0.03528709 -0.99465477 0.071947001 -0.045784485 -0.99635702 0.061181296 -0.058996323 -0.99638164 0.057859391 -0.084563769 -0.99473679 0.032492068 -0.077981137 -0.99642521 0.14263497 -0.32367179 -0.93535656 0.23774193 -0.46938786 -0.85038453 0.32546958 -0.76372588 -0.55748767 0.40498611 -0.84136653 -0.35789469 0.34600535 -0.93259251 -0.10272036 0.39329702 -0.91769314 -0.056185324 0.3305684 -0.94263649 -0.046486162 0.19830684 -0.97973043 -0.02832959 0.27053949 -0.96079457 -0.06068176 0.21882914 -0.97366685 -0.063927598 0.33326226 -0.93846643 -0.090647303 0.34926021 -0.9313606 -0.10288288 0.47113305 -0.84742773 -0.24474446 0.36036649 -0.8934707 -0.26804116 0.29526475 -0.9230606 -0.24653174 0.18066399 -0.959113 -0.21785945 0.11709227 -0.96983004 -0.21382082 0.10349137 -0.89785731 -0.42795068 0.044191312 -0.86173058 -0.50543815 0.041578643 -0.93551946 -0.35081983 0.030753324 -0.94054031 -0.33828703 0.021630077 -0.87331432 -0.48667675 0.0027307526 -0.81922889 -0.57346016 -0.029721122 -0.88352889 -0.46743274 -0.090850078 -0.86307573 -0.49683636 -0.19557722 -0.87417096 -0.44449374 -0.24891205 -0.89489824 -0.37040493 -0.23925009 -0.94030839 -0.24203207 -0.29546633 -0.93886483 -0.1767275 -0.35047293 -0.91749805 -0.18805858 -0.35825539 -0.92820728 -0.10042012 -0.41251275 -0.91018951 -0.03725924 -0.33039927 -0.94137567 -0.068177603 -0.36720699 -0.92611766 -0.086401649 -0.45890868 -0.88423878 -0.086744949 -0.6210705 -0.77852494 -0.090390548 -0.58965546 -0.71153945 -0.38212299 -0.55498922 -0.62267077 -0.55160505 -0.32401267 -0.42059338 -0.84741777 -0.23395702 -0.27341959 -0.93300909 -0.28947085 -0.21359023 -0.93305194 -0.32696143 -0.14287381 -0.93417519 -0.35180387 -0.06612853 -0.93373501 -0.35723931 0.012758577 -0.93392575 -0.3461282 0.091227569 -0.93374121 -0.31597865 0.1663046 -0.93407726 -0.27341956 0.23395692 -0.93300909 -0.21359015 0.28947094 -0.93305194 -0.1428739 0.32696134 -0.93417519 -0.066128619 0.35180381 -0.93373507 -0.12843505 0.51665896 -0.84650338 -0.13925871 0.82073808 -0.55407232 -0.18635465 0.89391994 -0.40765083 -0.13718028 0.95762366 -0.25325584 -0.086421356 0.99495417 -0.05096655 -0.081110425 0.78503263 -0.61412138 -0.039078716 0.99650598 -0.073815241 -0.03102972 0.99915665 -0.02689244 -0.0081581166 0.99936545 -0.034671854 -0.074256487 0.99715799 -0.012729628 -0.24662302 0.96635973 -0.072980322 -0.19837059 0.97150713 -0.1297038 -0.1995246 0.96349359 -0.17852193 -0.12412877 0.96458459 -0.23274164 -0.039445538 0.96641749 -0.25393122 7.6469433e-08 0.93898451 -0.3439596 0.020882035 0.91880953 -0.39414844 0.025818141 0.93203264 -0.36145318 0.035990685 0.94089884 -0.33676976 0.025429551 0.94343412 -0.33058339 0.028798552 0.97434974 -0.22318853 0.026480867 0.97256827 -0.23110534 0.030513851 0.9459281 -0.32293785 0.044076726 0.93857694 -0.34224352 0.063574873 0.95871049 -0.27718687 0.061540727 0.98465192 -0.16331969 0.13253018 0.9710387 -0.19879533 0.17633587 0.97488528 -0.13603052 0.18837447 0.97856855 -0.083178312 0.23503818 0.96795285 -0.088455193 0.16613345 0.98510063 -0.044458199 0.15131883 0.9859367 -0.070930719 0.14839117 0.98772925 -0.048690904 0.15013869 0.98316616 -0.10412849 0.094123058 0.93316329 -0.3469108 0.0711876 0.82862276 -0.55526263 0.044442214 0.52497369 -0.84995735 0 0.83079505 -0.5565784 0 0.52514875 -0.85101044 -0.053526279 0.82824796 -0.55779958 -0.055948664 0.52312046 -0.85042036 -0.17857386 0.81114972 -0.55690885 -0.14705563 0.50587147 -0.84998161 -0.34001243 0.75774199 -0.5569728 -0.24768312 0.46478829 -0.8500734 -0.48699698 0.67507845 -0.55416882 -0.33636379 0.40488225 -0.85025281 -0.61289769 0.56210506 -0.5553326 -0.4102526 0.32633725 -0.85158485 -0.71337283 0.42470571 -0.55742639 -0.46938771 0.23774192 -0.85038453 -0.78594273 0.27145013 -0.55552578 -0.50959826 0.1376501 -0.84933037 -0.82524329 0.10460826 -0.55500513 -0.52554506 0.030266957 -0.85022718 -0.82852638 -0.065260649 -0.5561341 -0.52129668 -0.076494589 -0.84994024 -0.79801738 -0.23288451 -0.55581754 -0.49616826 -0.18232694 -0.84886634 -0.73586738 -0.38764444 -0.55518562 -0.44683975 -0.27734876 -0.85053617 -0.64178574 -0.53031766 -0.55396235 -0.38037995 -0.36167261 -0.85117793 -0.51971006 -0.64795011 -0.55683208 -0.30066139 -0.43394431 -0.84929091 -0.3766931 -0.74028367 -0.55685055 -0.20496349 -0.48528111 -0.84999543 -0.21906811 -0.80222082 -0.55538362 -0.10351288 -0.51468879 -0.85110551 -0.088204704 -0.34212738 -0.93550456 -0.026293699 -0.09860152 -0.99477959 0 0 -1 0 0 -1 0 0 -1 0 0 -1 0 0 -1 0 0 -1 0 0 -1 0 0 -1 0 0 -1 0 0 -1 0 0 -1 0 0 -1 0 0 -1 0 0 -1 0 0 -1 0 0 -1 0 0 -1 0 0 -1 0 0 -1 0.019633386 -0.10034847 -0.99475861 0.074227788 -0.34462878 -0.93579978 0.13751218 -0.50616181 -0.85140502 0.16211541 -0.81357908 -0.55839741 0.22773062 -0.90508354 -0.35911384 0.22468774 -0.97115046 -0.079888977 0.13939483 -0.98947465 -0.038847726 0.13522017 -0.9885062 -0.067610122 0.14452469 -0.98873234 -0.038998716 0.24662302 -0.96635973 -0.072980322 0.27797404 -0.95455247 -0.10751826 0.21641611 -0.97135592 -0.098142184 0.22358704 -0.95823002 -0.17833722 0.10833002 -0.98459923 -0.13721798 0.083017483 -0.97911823 -0.18556857 0.048149165 -0.95537984 -0.29142883 0.035651121 -0.9792192 -0.19964667 0.026148751 -0.97701353 -0.21156739 0.022544771 -0.95189077 -0.30560699 0.022544771 -0.95189077 -0.30560699 0.020677909 -0.92792124 -0.37220237 0.0025568884 -0.92562538 -0.37843248 -0.030941753 -0.93598682 -0.35067275 -0.052826334 -0.96093708 -0.27167857 -0.15424287 -0.94710547 -0.28142563 -0.1240759 -0.98287535 -0.13624015 -0.097477578 -0.9929114 -0.068007648 -0.17261858 -0.97899431 -0.10850319 -0.25107658 -0.96331429 -0.094794258 -0.22424823 -0.97006261 -0.093226828 -0.24606885 -0.96669912 -0.070305429 -0.14695865 -0.98604506 -0.078219913 -0.12390657 -0.98891449 -0.081825048 -0.18224409 -0.98222446 -0.044969287 -0.26191747 -0.95949954 -0.10372968 -0.40120777 -0.85217774 -0.33589494 -0.40233359 -0.72881746 -0.55403316 -0.22166954 -0.48281452 -0.84720284 -0.1663046 -0.31597865 -0.93407726 -0.028601587 -0.10120554 -0.99445426 -0.051171929 -0.091219507 -0.99451518 -0.056926571 -0.065684542 -0.99621528 -0.06991484 -0.050251298 -0.99628645 -0.095046997 -0.03978708 -0.99467742 -0.08587864 -0.015028771 -0.99619228 -0.087271839 0.0042571439 -0.99617541 -0.10120554 0.028601587 -0.99445426 -0.076297253 0.041418497 -0.99622446 -0.078221098 0.069281578 -0.99452579 -0.050251231 0.06991484 -0.99628651 -0.03255675 0.080306813 -0.99623835 -0.015028771 0.08587864 -0.99619228 0.012758499 0.3572394 -0.93392575 0.0064863595 0.10378215 -0.9945789 0.091227569 0.3461282 -0.93374121 0.023769565 0.084273703 -0.99615914 0.1663046 0.31597865 -0.93407726 0.051171999 0.09121944 -0.99451518 0.23395692 0.27341956 -0.93300909 0.056926571 0.065684542 -0.99621528 0.28947085 0.21359023 -0.93305194 0.069914907 0.050251231 -0.99628645 0.32696143 0.14287381 -0.93417519 0.095046997 0.03978708 -0.99467742 0.35180381 0.066128619 -0.93373507 0.085878707 0.015028705 -0.99619228 0.35723931 -0.012758577 -0.93392575 0.087271765 -0.0042571435 -0.99617541 0.3461282 -0.091227569 -0.93374121 0.10120548 -0.028601587 -0.99445432 0.31597865 -0.1663046 -0.93407726 0.07629732 -0.041418497 -0.9962244 0.27341956 -0.23395692 -0.93300909 0.065684542 -0.056926571 -0.99621528 0.21359015 -0.28947094 -0.93305194 0.060210109 -0.084740207 -0.99458224 0.03978708 -0.095046997 -0.99467742 0.1428739 -0.32696134 -0.93417519 0.32156995 -0.7685523 -0.55310047 0.24151559 -0.47385994 -0.84683347 0.4833276 -0.67800117 -0.55381292 0.34048706 -0.40920916 -0.84653199 0.62267077 -0.55498922 -0.55160505 0.42059338 -0.32401267 -0.84741777 0.72881746 -0.40233359 -0.55403316 0.48281452 -0.22166954 -0.84720284 0.79971272 -0.22937493 -0.55483937 0.51917195 -0.10671872 -0.84798092 0.83121562 -0.044779293 -0.55414379 0.52996767 0.010871089 -0.84794819 0.82073802 0.13925882 -0.55407232 0.51665896 0.12843505 -0.84650338 0.76797277 0.31811419 -0.55589664 0.47385985 0.24151568 -0.84683347 0.67800117 0.4833276 -0.55381292 0.40920916 0.34048706 -0.84653199 0.55498934 0.62267071 -0.55160505 0.32401279 0.42059329 -0.84741777 0.40233359 0.72881746 -0.55403316 0.22166954 0.48281452 -0.84720284 0.22937503 0.79971272 -0.55483943 0.10671872 0.51917195 -0.84798092 -0.010871089 0.52996755 -0.84794825 0.044779383 0.83121562 -0.55414385 0.0051957667 0.91186053 -0.41046715 0.04845335 0.99549574 -0.081489719 0.037384234 0.99899018 -0.024922865 0.0289612 0.99916083 -0.0289612 0.046058029 0.99862283 -0.025122618 -0.069482423 0.99663758 -0.043426443 -0.068145692 0.99265635 -0.099947125 0.010380463 0.99859828 -0.05190219 -0.017687062 0.99269015 -0.11938821 0.0044066701 0.99150455 -0.1299973 0.024335196 0.99331671 -0.11282659 0.026669404 0.96979749 -0.2424494 0.026242161 0.99501395 -0.096221171 0.024525031 0.99215001 -0.12262529 0.034459464 0.98783779 -0.1516216 0.030564202 0.99551696 -0.089509197 0.03512188 0.98341244 -0.17795086 0.034592427 0.99669439 -0.073508896 0.065072276 0.99403584 -0.087511063 0.048941676 0.9979831 -0.040429998 0.094026558 0.99399531 -0.055968191 0.12077849 0.99129486 -0.052413303 0.1137976 0.99294007 -0.033469897 0.061819665 0.99764103 -0.02984398 0.072747774 0.99707264 -0.02353609 0.065936118 0.99754953 -0.023396725 0.073203623 0.99686134 -0.030142693 0.072294168 0.98879647 -0.13059577 0.0025951352 0.91089594 -0.41262808 -0.088896565 0.92937243 -0.35827976 -0.24431954 0.90074444 -0.3591204 -0.42285609 0.83308953 -0.35658756 -0.5653584 0.72970676 -0.3845751 -0.71741605 0.59620887 -0.36034602 -0.82461596 0.43768075 -0.35839075 -0.89606351 0.26110461 -0.35901892 -0.91802442 0.087171458 -0.38682339 -0.92622215 -0.11509266 -0.35897952 -0.88272339 -0.30230245 -0.35973999 -0.80405372 -0.4741033 -0.35878092 -0.69317508 -0.61065418 -0.38289663 -0.54980063 -0.75475591 -0.35785845 -0.38347176 -0.85112011 -0.3585304 -0.2017525 -0.91076875 -0.36027247 -0.065614074 -0.93959367 -0.33594409 -0.1076541 -0.82631844 -0.55281866 -0.031041849 -0.66316754 -0.74782711 -0.023283647 -0.36995146 -0.92875922 -0.0084840516 -0.0784778 -0.99687982 0 0 -1 -6.0901215e-08 -0.021994656 -0.99975812 0.0021405246 -0.096323997 -0.99534768 0.01504472 -0.3184478 -0.94782102 0.04936621 -0.4717218 -0.88036442 0.04525248 -0.7947467 -0.60525197 0.066331193 -0.93129009 -0.35818851 0.065204725 -0.99381065 -0.089937612 0.12718907 -0.98976278 -0.064750873 0.085880309 -0.99533153 -0.04404125 0.076615393 -0.99600047 -0.045969274 0.07046859 -0.99723744 -0.023489574 0.068481676 -0.99726439 -0.027820705 0.052652575 -0.99829298 -0.025273273 0.093849532 -0.99524182 -0.026190607 0.14319463 -0.9885053 -0.048501454 0.11902434 -0.99110621 -0.059512135 0.058276173 -0.99717051 -0.047484327 0.043864995 -0.99573618 -0.081150331 0.039866239 -0.99444157 -0.097450882 0.033667024 -0.99205679 -0.12120152 0.030867212 -0.99436462 -0.1014208 0.024145843 -0.99437082 -0.10316872 0.028433146 -0.99516159 -0.094048277 0.021143127 -0.97963196 -0.1996852 0.02353609 -0.99707264 -0.072747774 0.0045577306 -0.98447359 -0.17547333 -0.017995348 -0.98974419 -0.14171338 -0.012506722 -0.99845201 -0.05419571 -0.048742495 -0.99816138 -0.036027048 -0.11063543 -0.99350631 -0.026552541 -0.053631388 -0.99754393 -0.045050398 -0.044415358 -0.9982875 -0.038070269 -0.10583359 -0.99303424 -0.051790908 -0.10359389 -0.99315 -0.054048978 -0.12601811 -0.9867453 -0.10224105 -0.18773046 -0.90399396 -0.38412517 -0.22937503 -0.79971272 -0.55483943 -0.10671872 -0.51917195 -0.84798092 -0.091227569 -0.3461282 -0.93374121 -0.03705233 -0.080643348 -0.99605405 0 0 -1 0 0 -1 0 0 -1 0 0 -1 0 0 -1 0 0 -1 0 0 -1 0 0 -1 0 0 -1 0 0 -1 0 0 -1 0 0 -1 0 0 -1 0 0 -1 0 0 -1 0 0 -1 0.017346984 -0.095408812 -0.99528706 0.064447753 -0.30161554 -0.95124894 0.1318281 -0.65614468 -0.74303132 0.1811998 -0.90599948 -0.38253313 0.40129334 -0.84334308 -0.35740185 0.58137345 -0.73161602 -0.35600963 0.7286998 -0.58492041 -0.35618064 0.82364297 -0.41659153 -0.38479069 0.91053009 -0.21101174 -0.35554039 0.93412334 -0.0025314898 -0.35694146 0.90399396 0.18773037 -0.38412526 0.84334308 0.40129334 -0.35740185 0.73161602 0.58137345 -0.35600963 0.58965546 0.71153939 -0.38212308 0.40120777 0.85217774 -0.33589494 0.18773028 0.90399408 -0.38412526 0.1190002 0.98933452 -0.084000148 0.035450909 0.99888176 -0.031280231 0.039700568 0.99878335 -0.029253084 0.04834627 0.99845678 -0.027326208 0.02689244 0.99915665 -0.03102972 0.025323581 0.99817252 -0.054867815 0.029136034 0.99894917 -0.035379443 0.03204171 0.99756491 -0.061947312 0.025273209 0.99829304 -0.052652575 0.02984398 0.99764103 -0.061819665 0.029136034 0.99894917 -0.035379443 0.029077653 0.99902451 -0.033231586 0.029429322 0.99849653 -0.046246171 0.029136034 0.99894917 -0.035379443 0.029194508 0.9988687 -0.037535761 0.031343125 0.99880075 -0.037611727 0.031092182 0.99909514 -0.029019378 0.028903127 0.99922186 -0.026838627 0.046246104 0.99849653 -0.029429385 0.059446406 0.99784982 -0.027600126 0.0084345629 0.99739093 -0.071694046 -0.097422615 0.99046338 -0.097422682 -0.14594053 0.9826659 -0.11432005 -0.25163558 0.96289098 -0.097572893 -0.35825548 0.92820728 -0.10042003 -0.48580742 0.87052208 -0.078627847 -0.5714131 0.81506127 -0.095718935 -0.62366182 0.77215272 -0.12176263 -0.76797187 0.63313711 -0.096729271 -0.82641345 0.55384201 -0.10148934 -0.88695133 0.45189607 -0.095431447 -0.92820734 0.35825539 -0.10042003 -0.96250397 0.25410101 -0.094967 -0.97771567 0.17618735 -0.11414956 -0.99204236 0.054482874 -0.11350597 -0.98753351 -0.11130475 -0.11130475 -0.97505629 -0.19700627 -0.10224374 -0.94725591 -0.30607706 -0.094989404 -0.9072594 -0.40785053 -0.10265629 -0.86206537 -0.49425086 -0.11206851 -0.80207819 -0.58993441 -0.092994578 -0.72883642 -0.67184925 -0.13197044 -0.59597975 -0.7956183 -0.10862689 -0.54584861 -0.83313727 -0.089059517 -0.4160887 -0.90608788 -0.07664796 -0.32630205 -0.93845552 -0.11326185 -0.22474387 -0.9696815 -0.095958084 -0.12055368 -0.98993087 -0.074186862 -0.060345668 -0.98873973 -0.13693811 -0.083744042 -0.99633926 -0.017178264 -0.083744042 -0.99633926 -0.017178264 -0.12511414 -0.99213266 0.004389951 -0.091883533 -0.99576056 -0.0042736344 -0.020366622 -0.98891312 -0.14709233 -0.0047665229 -0.96999115 -0.24309362 -0.0080982335 -0.85841608 -0.5128901 0 -0.53460234 -0.84510368 0.022761762 -0.32372296 -0.94587809 0 -0.19037846 -0.98171079 -0.0020470892 -0.045036148 -0.99898326 0 -0.030228125 -0.99954307 0 -0.030228125 -0.99954307 0 -0.030228125 -0.99954307 0.0088012815 -0.12321748 -0.99234074 0.015139135 -0.33053732 -0.94367152 -0.013972128 -0.71537131 -0.69860476 0.078223407 -0.30507156 -0.94911146 0.0054060756 -0.85146016 -0.52439129 -0.004888921 -0.95821762 -0.28599858 0.013770219 -0.98457444 -0.17442347 0.020561974 -0.99931276 -0.030842993 0.090143479 -0.99587101 -0.010731393 0.12755147 -0.99182212 0.0043983078 0.13758744 -0.99017882 0.024810901 0.089763112 -0.99594259 -0.0064116232 0.024234483 -0.99967366 -0.0080782017 0.015997665 -0.99985409 -0.0059991013 0.048149243 -0.99857467 -0.023027966 0.014250125 -0.99954832 -0.026464641 0.024625678 -0.99939334 -0.024625741 0.059446342 -0.99784988 -0.027600126 0.048445113 -0.99839044 -0.02948834 0.03102972 -0.99915665 -0.02689244 0.031217439 -0.99895781 -0.033298593 0.029253084 -0.99878335 -0.039700568 0.029253084 -0.99878335 -0.039700568 0.02954739 -0.99827915 -0.050652642 0.029725017 -0.99791288 -0.05732695 0.03026267 -0.99650812 -0.077818453 0.025222914 -0.99840832 -0.050445892 0.034454525 -0.99702781 -0.068909049 0.025172692 -0.99851811 -0.048247728 0.029784422 -0.99777979 -0.059568971 0.020685192 -0.99909246 -0.037233245 0.050445829 -0.99840832 -0.025222978 0.041788969 -0.99875712 -0.027162874 0.041788969 -0.99875712 -0.027162874 0.026838565 -0.99922192 -0.028903127 0.024674982 -0.99933803 -0.026731288 0.026784847 -0.9992823 -0.026784908 0.01622171 -0.99966282 -0.02027712 0.029077653 -0.99902451 -0.033231586 0.010137904 -0.99960119 -0.026358675 0.020439457 -0.9994902 -0.024527399 -0.0020113729 -0.99965614 -0.026147969 -0.014165725 -0.99969488 -0.020236723 -0.014053826 -0.99982876 -0.012046145 -0.059691761 -0.99770457 -0.031977721 -0.07980419 -0.9964745 -0.025882486 -0.080248661 -0.99677271 -0.0021117986 -0.088011809 -0.99603617 -0.012879794 -0.089509197 -0.99551702 -0.030564135 -0.089509197 -0.99551702 -0.030564135 0.081568532 -0.98362082 -0.16073801 -0.1294726 -0.98543012 -0.11029147 -0.01802968 -0.98937875 -0.14423744 0.17701758 -0.95482177 -0.23870544 0.27274376 -0.92903346 -0.25001511 -0.12175736 -0.93888426 -0.32198051 0.27125573 -0.93681109 -0.22091964 -0.20020875 -0.51872277 -0.83116972 -0.10756762 -0.8285619 -0.54946738 -0.32827017 -0.49718609 -0.80314672 -0.14406037 -0.38981026 -0.90955728 -0.10568764 -0.10568772 -0.98876703 -6.0901215e-08 -0.021994656 -0.99975812 0 0 -1 0 0 -1 0 0 -1 0 0 -1 0.013208285 -0.11887443 -0.99282146 0.023760997 -0.21384911 -0.97657776 0.055342197 -0.4870117 -0.87164032 0.072452798 -0.6665659 -0.74191678 0.092349499 -0.82537365 -0.55698287 0.10631353 -0.94618964 -0.30565113 0.11949159 -0.99200547 0.040582024 0.18077144 -0.97958547 0.087942801 0.12596315 -0.98904383 -0.076977454 0.12971486 -0.9915489 0.0021985481 0.12104706 -0.99258578 -0.011004303 0.11054303 -0.99263132 -0.049631584 0.11130117 -0.97135532 -0.20995438 0.23071991 -0.96646011 -0.11279645 0.40602937 -0.90873224 -0.096673615 0.51231223 -0.85095936 -0.11577678 0.6139065 -0.78346175 -0.096471019 0.70109969 -0.70407057 -0.11288897 0.78480381 -0.61267209 -0.09335956 0.83011216 -0.54163349 -0.13246474 0.90024811 -0.42067671 -0.11218045 0.9667834 -0.23660755 -0.096678361 0.98620838 -0.11939567 -0.11461986 0.99534768 0.0021405246 -0.096323997 0.98689932 0.094894089 -0.13047947 0.96719486 0.22772586 -0.11258358 0.90722382 0.40935701 -0.096807383 0.84997731 0.51461208 -0.1127521 0.78091884 0.61713052 -0.09651804 0.70109969 0.70407057 -0.11288897 0.59718019 0.79427916 -0.11178745 0.44772854 0.88695616 -0.11334901 0.35014999 0.93193775 -0.094271123 0.25193104 0.96097416 -0.11427805 0.10821102 0.99377471 -0.026500693 0.03523688 0.99906939 -0.02487313 0.028903127 0.99922186 -0.026838627 0.028903127 0.99922186 -0.026838627 0.028903127 0.99922186 -0.026838627 0.028903127 0.99922186 -0.026838627 0.028903127 0.99922186 -0.026838627 0.028903127 0.99922186 -0.026838627 0.033164702 0.99908662 -0.026946343 0.0289612 0.99916083 -0.0289612 0.012189914 0.99957681 -0.026411604 -0.070615254 0.99717307 -0.025678311 -0.14550529 0.98898125 -0.027282275 -0.18746881 0.98186791 -0.028120358 -0.33749875 0.94090569 -0.028124947 -0.39375499 0.91876179 -0.02887542 -0.41823974 0.90795094 -0.026470933 -0.5114848 0.85885686 -0.027352193 -0.56845683 0.82203323 -0.033438683 -0.59253716 0.8049562 -0.030744908 -0.67795259 0.73444861 -0.031072881 -0.69850457 0.71533608 -0.019636773 -0.8173449 0.5754776 -0.027800914 -0.85138178 0.52350342 -0.033063415 -0.88691491 0.46098018 -0.029653743 -0.93362731 0.35689905 -0.031034742 -0.9587394 0.28212905 -0.03495406 -0.97029948 0.2401491 -0.029109022 -0.99088985 0.13091482 -0.031600147 -0.99588662 0.086787507 -0.026036285 -0.99142772 -0.1278538 -0.026916625 -0.99895781 -0.033298593 -0.031217439 -0.98614109 -0.16358884 -0.027648851 -0.97453517 -0.22268251 -0.02633876 -0.92791784 -0.37168697 -0.028591275 -0.90795088 -0.41823977 -0.026470851 -0.87299532 -0.48681039 -0.029915694 -0.80726576 -0.58938771 -0.030726343 -0.76468182 -0.64379448 -0.028113278 -0.67546767 -0.73712862 -0.019619403 -0.76468182 -0.64379448 -0.028113278 -0.61799628 -0.78577805 -0.025167258 -0.56277621 -0.82614428 -0.027722942 -0.50826317 -0.86076814 -0.027325954 -0.44922194 -0.89309603 -0.024065452 -0.39058942 -0.92011327 -0.028835427 -0.33135575 -0.94308925 -0.028037759 -0.3282932 -0.94416088 -0.02799396 -0.2890684 -0.95691597 -0.027411627 -0.068481676 -0.99726439 -0.027820705 -0.16620731 -0.98570168 -0.027701255 -0.033031348 -0.99919629 -0.022708984 -0.089320801 -0.99560022 -0.028321257 -0.014193828 -0.99965054 -0.022304552 -0.028845092 -0.99927807 -0.024724437 0.0020153148 -0.99959987 -0.028214529 -0.004030826 -0.99964863 -0.02620049 -0.0020113729 -0.99965614 -0.026147969 0.0289612 -0.99916083 -0.0289612 0.028903065 -0.99922192 -0.026838627 0.037384234 -0.99899018 -0.024922865 0.028903065 -0.99922192 -0.026838627 0.028903065 -0.99922192 -0.026838627 0.028903065 -0.99922192 -0.026838627 0.028903065 -0.99922192 -0.026838627 0.028903065 -0.99922192 -0.026838627 0.028903065 -0.99922192 -0.026838627 0.033164702 -0.99908662 -0.026946343 0.072899446 -0.99700731 -0.025729254 0.0080305887 -0.9998045 -0.018068748 0.014165725 -0.99969488 -0.020236723 0.30101663 -0.95321959 -0.027593246 0.4663547 -0.88418692 -0.026956897 0.55834985 -0.82923257 -0.024876965 0.6997363 -0.71384388 -0.028215151 0.76975703 -0.63771832 -0.028093299 0.86454368 -0.50181717 -0.027272649 0.945553 -0.32447931 -0.025349926 0.98860019 -0.14806224 -0.027334603 0.99875718 -0.041789036 -0.027162878 0.99142766 0.12785387 -0.026916625 0.94932246 0.3130745 -0.027772782 0.87726307 0.47924554 -0.027075998 0.82177532 0.56913495 -0.027762659 0.70541298 0.70823473 -0.0282165 0.62722468 0.77843046 -0.025200978 0.4448739 0.89510787 -0.029479651 0.31004986 0.95031583 -0.027728094 </float_array>
          <technique_common>
            <accessor count="1273" offset="0" source="#meshId22-normals-array" stride="3">
              <param name="X" type="float" />
              <param name="Y" type="float" />
              <param name="Z" type="float" />
            </accessor>
          </technique_common>
        </source>
        <vertices id="meshId22-vertices">
          <input semantic="POSITION" source="#meshId22-positions" />
        </vertices>
        <polylist count="2162" material="defaultMaterial">
          <input offset="0" semantic="VERTEX" source="#meshId22-vertices" />
          <input offset="0" semantic="NORMAL" source="#meshId22-normals" />
          <vcount>3 3 3 3 3 3 3 3 3 3 3 3 3 3 3 3 3 3 3 3 3 3 3 3 3 3 3 3 3 3 3 3 3 3 3 3 3 3 3 3 3 3 3 3 3 3 3 3 3 3 3 3 3 3 3 3 3 3 3 3 3 3 3 3 3 3 3 3 3 3 3 3 3 3 3 3 3 3 3 3 3 3 3 3 3 3 3 3 3 3 3 3 3 3 3 3 3 3 3 3 3 3 3 3 3 3 3 3 3 3 3 3 3 3 3 3 3 3 3 3 3 3 3 3 3 3 3 3 3 3 3 3 3 3 3 3 3 3 3 3 3 3 3 3 3 3 3 3 3 3 3 3 3 3 3 3 3 3 3 3 3 3 3 3 3 3 3 3 3 3 3 3 3 3 3 3 3 3 3 3 3 3 3 3 3 3 3 3 3 3 3 3 3 3 3 3 3 3 3 3 3 3 3 3 3 3 3 3 3 3 3 3 3 3 3 3 3 3 3 3 3 3 3 3 3 3 3 3 3 3 3 3 3 3 3 3 3 3 3 3 3 3 3 3 3 3 3 3 3 3 3 3 3 3 3 3 3 3 3 3 3 3 3 3 3 3 3 3 3 3 3 3 3 3 3 3 3 3 3 3 3 3 3 3 3 3 3 3 3 3 3 3 3 3 3 3 3 3 3 3 3 3 3 3 3 3 3 3 3 3 3 3 3 3 3 3 3 3 3 3 3 3 3 3 3 3 3 3 3 3 3 3 3 3 3 3 3 3 3 3 3 3 3 3 3 3 3 3 3 3 3 3 3 3 3 3 3 3 3 3 3 3 3 3 3 3 3 3 3 3 3 3 3 3 3 3 3 3 3 3 3 3 3 3 3 3 3 3 3 3 3 3 3 3 3 3 3 3 3 3 3 3 3 3 3 3 3 3 3 3 3 3 3 3 3 3 3 3 3 3 3 3 3 3 3 3 3 3 3 3 3 3 3 3 3 3 3 3 3 3 3 3 3 3 3 3 3 3 3 3 3 3 3 3 3 3 3 3 3 3 3 3 3 3 3 3 3 3 3 3 3 3 3 3 3 3 3 3 3 3 3 3 3 3 3 3 3 3 3 3 3 3 3 3 3 3 3 3 3 3 3 3 3 3 3 3 3 3 3 3 3 3 3 3 3 3 3 3 3 3 3 3 3 3 3 3 3 3 3 3 3 3 3 3 3 3 3 3 3 3 3 3 3 3 3 3 3 3 3 3 3 3 3 3 3 3 3 3 3 3 3 3 3 3 3 3 3 3 3 3 3 3 3 3 3 3 3 3 3 3 3 3 3 3 3 3 3 3 3 3 3 3 3 3 3 3 3 3 3 3 3 3 3 3 3 3 3 3 3 3 3 3 3 3 3 3 3 3 3 3 3 3 3 3 3 3 3 3 3 3 3 3 3 3 3 3 3 3 3 3 3 3 3 3 3 3 3 3 3 3 3 3 3 3 3 3 3 3 3 3 3 3 3 3 3 3 3 3 3 3 3 3 3 3 3 3 3 3 3 3 3 3 3 3 3 3 3 3 3 3 3 3 3 3 3 3 3 3 3 3 3 3 3 3 3 3 3 3 3 3 3 3 3 3 3 3 3 3 3 3 3 3 3 3 3 3 3 3 3 3 3 3 3 3 3 3 3 3 3 3 3 3 3 3 3 3 3 3 3 3 3 3 3 3 3 3 3 3 3 3 3 3 3 3 3 3 3 3 3 3 3 3 3 3 3 3 3 3 3 3 3 3 3 3 3 3 3 3 3 3 3 3 3 3 3 3 3 3 3 3 3 3 3 3 3 3 3 3 3 3 3 3 3 3 3 3 3 3 3 3 3 3 3 3 3 3 3 3 3 3 3 3 3 3 3 3 3 3 3 3 3 3 3 3 3 3 3 3 3 3 3 3 3 3 3 3 3 3 3 3 3 3 3 3 3 3 3 3 3 3 3 3 3 3 3 3 3 3 3 3 3 3 3 3 3 3 3 3 3 3 3 3 3 3 3 3 3 3 3 3 3 3 3 3 3 3 3 3 3 3 3 3 3 3 3 3 3 3 3 3 3 3 3 3 3 3 3 3 3 3 3 3 3 3 3 3 3 3 3 3 3 3 3 3 3 3 3 3 3 3 3 3 3 3 3 3 3 3 3 3 3 3 3 3 3 3 3 3 3 3 3 3 3 3 3 3 3 3 3 3 3 3 3 3 3 3 3 3 3 3 3 3 3 3 3 3 3 3 3 3 3 3 3 3 3 3 3 3 3 3 3 3 3 3 3 3 3 3 3 3 3 3 3 3 3 3 3 3 3 3 3 3 3 3 3 3 3 3 3 3 3 3 3 3 3 3 3 3 3 3 3 3 3 3 3 3 3 3 3 3 3 3 3 3 3 3 3 3 3 3 3 3 3 3 3 3 3 3 3 3 3 3 3 3 3 3 3 3 3 3 3 3 3 3 3 3 3 3 3 3 3 3 3 3 3 3 3 3 3 3 3 3 3 3 3 3 3 3 3 3 3 3 3 3 3 3 3 3 3 3 3 3 3 3 3 3 3 3 3 3 3 3 3 3 3 3 3 3 3 3 3 3 3 3 3 3 3 3 3 3 3 3 3 3 3 3 3 3 3 3 3 3 3 3 3 3 3 3 3 3 3 3 3 3 3 3 3 3 3 3 3 3 3 3 3 3 3 3 3 3 3 3 3 3 3 3 3 3 3 3 3 3 3 3 3 3 3 3 3 3 3 3 3 3 3 3 3 3 3 3 3 3 3 3 3 3 3 3 3 3 3 3 3 3 3 3 3 3 3 3 3 3 3 3 3 3 3 3 3 3 3 3 3 3 3 3 3 3 3 3 3 3 3 3 3 3 3 3 3 3 3 3 3 3 3 3 3 3 3 3 3 3 3 3 3 3 3 3 3 3 3 3 3 3 3 3 3 3 3 3 3 3 3 3 3 3 3 3 3 3 3 3 3 3 3 3 3 3 3 3 3 3 3 3 3 3 3 3 3 3 3 3 3 3 3 3 3 3 3 3 3 3 3 3 3 3 3 3 3 3 3 3 3 3 3 3 3 3 3 3 3 3 3 3 3 3 3 3 3 3 3 3 3 3 3 3 3 3 3 3 3 3 3 3 3 3 3 3 3 3 3 3 3 3 3 3 3 3 3 3 3 3 3 3 3 3 3 3 3 3 3 3 3 3 3 3 3 3 3 3 3 3 3 3 3 3 3 3 3 3 3 3 3 3 3 3 3 3 3 3 3 3 3 3 3 3 3 3 3 3 3 3 3 3 3 3 3 3 3 3 3 3 3 3 3 3 3 3 3 3 3 3 3 3 3 3 3 3 3 3 3 3 3 3 3 3 3 3 3 3 3 3 3 3 3 3 3 3 3 3 3 3 3 3 3 3 3 3 3 3 3 3 3 3 3 3 3 3 3 3 3 3 3 3 3 3 3 3 3 3 3 3 3 3 3 3 3 3 3 3 3 3 3 3 3 3 3 3 3 3 3 3 3 3 3 3 3 3 3 3 3 3 3 3 3 3 3 3 3 3 3 3 3 3 3 3 3 3 3 3 3 3 3 3 3 3 3 3 3 3 3 3 3 3 3 3 3 3 3 3 3 3 3 3 3 3 3 3 3 3 3 3 3 3 3 3 3 3 3 3 3 3 3 3 3 3 3 3 3 3 3 3 3 3 3 3 3 3 3 3 3 3 3 3 3 3 3 3 3 3 3 3 3 3 3 3 3 3 3 3 3 3 3 3 3 3 3 3 3 3 3 3 3 3 3 3 3 3 3 3 3 3 3 3 3 3 3 3 3 3 3 3 3 3 3 3 3 3 3 3 3 3 3 3 3 3 3 3 3 3 3 3 3 3 3 3 3 3 3 3 3 3 3 3 3 3 3 3 3 3 3 3 3 3 3 3 3 3 3 3 3 3 3 3 3 3 3 3 3 3 3 3 3 3 3 3 3 3 3 3 3 3 3 3 3 3 3 3 3 3 3 3 3 3 3 3 3 3 3 3 3 3 3 3 3 3 3 3 3 3 3 3 3 3 3 3 3 3 3 3 3 3 3 3 3 3 3 3 3 3 3 3 3 3 3 3 3 3 3 3 3 3 3 3 3 3 3 3 3 3 3 3 3 3 3 3 3 3 3 3 3 3 3 3 3 3 3 3 3 3 3 3 3 3 3 3 3 3 3 3 3 3 3 3 3 3 3 3 3 3 3 3 3 3 3 3 3 3 3 3 3 3 3 3 3 3 3 3 3 3 3 3 3 3 3 3 3 3 3 3 3 3 3 3 3 3 3 3 3 3 3 3 3 3 3 3 3 3 3 3 3 3 3 3 3 3 3 3 3 3 3 3 3 3 3 3 3 3 3 3 3 3 3 3 3 3 3 3 3 3 3 3 3 3 3 3 3 3 3 3 3 3 3 3 3 3 3 3 3 3 3 3 3 3 3 3 3 3 3 3 3 3 3 3 3 3 3 3 3 3 3 3 3 3 3 3 3 3 3 3 3 3 3 3 3 3 3 3 3 3 3 3 3 3 3 3 3 3 3 3 3 3 3 3 3 3 3 3 3 3 3 3 3 3 3 3 3 3 3 3 3 3 3 3 3 3 3 3 3 3 3 3 3 3 3 3 3 3 3 3 3 3 3 3 3 3 3 3 3 3 3 3 3 3 3 3 3 3 3 3 3 3 3 3 3 3 3 3 3 3 3 3 3 3 3 3 3 3 3 3 3 3 3 3 3 3 3 3 3 3 3 3 3 3 3 3 3 3 3 3 3 3 3 3 3 3 3 3 3 3 3 3 3 3 3 3 3 3 3 3 3 3 3 3 3 3 3 3 3 3 3 3 </vcount>
          <p>0 1 2 3 4 5 4 6 5 5 6 7 8 10 11 12 13 14 14 13 15 16 17 18 17 15 18 15 13 18 13 12 18 19 18 20 18 12 20 12 21 20 20 21 22 22 21 23 21 12 23 12 14 23 23 14 24 14 25 24 25 26 24 24 26 27 27 26 28 26 25 28 25 14 28 14 15 28 28 15 29 15 17 29 30 29 31 29 17 31 17 16 31 31 16 32 33 32 34 34 32 35 32 16 35 35 16 36 16 18 36 36 18 37 18 19 37 37 19 38 19 39 38 39 11 38 11 9 38 38 9 40 10 8 41 41 8 42 42 8 43 44 43 45 43 8 45 45 8 46 8 11 46 11 39 46 39 19 46 19 20 46 46 20 47 47 20 48 20 22 48 49 48 50 48 22 50 22 23 50 23 24 50 51 50 52 50 24 52 24 27 52 27 53 52 52 53 54 53 55 54 55 56 54 54 56 57 58 57 59 57 56 59 56 55 59 55 53 59 59 53 60 53 27 60 27 28 60 28 29 60 29 30 60 60 30 61 30 31 61 61 31 62 62 31 63 31 32 63 32 33 63 63 33 64 33 34 64 65 66 67 66 64 67 67 64 68 64 34 68 68 34 69 34 35 69 35 36 69 36 37 69 69 37 70 70 37 71 37 38 71 38 40 71 41 42 71 71 42 72 42 43 72 43 44 72 72 44 73 73 44 74 74 44 75 76 77 78 78 77 79 79 77 80 77 76 80 76 81 80 81 75 80 75 44 80 80 44 82 44 45 82 82 45 83 45 46 83 83 46 84 46 47 84 47 85 84 84 85 86 87 86 88 88 86 89 86 85 89 89 85 90 85 47 90 47 48 90 48 49 90 90 49 91 49 50 91 50 51 91 91 51 92 92 51 93 94 93 95 93 51 95 51 52 95 52 54 95 54 57 95 57 58 95 95 58 96 97 96 98 96 58 98 58 59 98 59 60 98 60 61 98 98 61 99 99 61 100 61 62 100 100 62 101 102 101 103 103 101 104 101 62 104 62 63 104 104 63 105 105 63 106 63 64 106 64 66 106 66 65 106 106 65 107 65 67 107 67 108 107 109 107 110 107 108 110 110 108 111 108 67 111 67 68 111 111 68 113 68 69 113 69 70 113 114 113 115 112 70 115 70 71 115 71 72 115 72 73 115 73 74 115 74 75 115 115 75 116 75 81 116 81 76 116 116 76 117 76 78 117 117 78 118 126 118 119 119 118 121 118 78 121 78 79 120 120 79 122 123 124 125 125 124 127 127 124 128 128 124 129 124 123 129 129 123 130 130 123 131 131 123 132 132 123 133 134 133 135 133 123 135 123 122 135 122 79 135 135 79 136 79 80 136 136 80 137 80 82 137 137 82 138 138 82 139 82 83 139 83 84 139 84 86 139 86 87 139 139 87 140 141 142 143 142 140 143 143 140 144 140 87 144 144 87 145 87 88 145 145 88 146 88 89 146 89 90 146 90 91 146 91 92 146 146 92 147 148 147 149 147 92 149 92 93 149 149 93 150 93 94 150 150 94 151 151 94 152 152 94 153 94 95 153 95 96 153 96 97 153 97 154 153 155 153 156 153 154 156 154 157 156 156 157 158 157 159 158 158 159 160 160 159 161 159 157 161 161 157 162 157 154 162 163 162 164 162 154 164 154 97 164 97 98 164 98 99 164 165 164 166 164 99 166 99 100 166 166 100 168 100 101 168 101 102 168 168 102 169 169 102 170 102 103 170 103 171 170 172 170 173 170 171 173 174 175 176 175 173 176 173 171 176 176 171 177 171 103 177 103 104 177 104 105 178 105 106 178 178 106 179 179 106 180 180 106 181 106 107 181 107 182 181 181 182 183 184 185 186 185 183 186 183 182 186 182 107 186 107 109 186 186 109 187 109 110 187 110 111 187 187 111 188 188 111 189 111 113 189 113 114 189 189 114 190 190 114 191 114 115 191 115 116 191 191 116 192 192 116 193 116 117 193 117 118 193 193 118 194 194 118 195 118 126 195 195 126 196 126 128 196 196 128 197 128 129 197 197 129 198 129 130 198 130 131 198 131 132 198 198 132 199 132 133 199 199 133 200 133 134 200 134 201 200 201 202 200 203 204 205 206 205 207 205 204 207 207 204 208 204 203 208 203 209 208 208 209 210 210 209 211 209 200 211 200 202 211 211 202 212 202 201 212 201 134 212 134 135 212 212 135 213 135 136 213 213 136 214 136 137 214 215 214 216 214 137 216 137 138 216 216 138 217 217 138 218 138 139 218 139 140 218 140 142 218 142 141 218 218 141 219 141 143 219 143 220 219 220 221 219 222 223 224 223 219 224 219 221 224 224 221 225 221 220 225 225 220 226 220 143 226 143 144 226 144 145 226 145 146 226 226 146 227 146 147 227 147 148 227 227 148 228 228 148 229 148 149 229 230 231 232 231 233 232 233 229 232 229 149 232 149 150 232 232 150 234 150 235 234 236 234 237 234 235 237 237 235 238 235 150 238 238 150 239 239 150 240 150 151 240 151 152 240 240 152 241 241 152 242 242 152 243 152 153 243 243 153 244 153 155 244 244 155 245 245 155 246 155 156 246 246 156 247 156 158 247 158 160 247 247 160 248 248 160 249 160 161 249 249 161 250 161 162 250 162 163 250 250 163 251 163 164 251 251 164 252 252 164 254 164 165 254 254 165 255 165 166 255 255 166 256 166 168 256 256 168 258 257 167 261 168 169 260 260 169 262 262 169 263 263 169 264 169 170 265 170 172 265 265 172 267 267 172 268 172 173 268 268 173 269 173 175 269 269 175 271 175 174 271 271 174 272 273 274 275 274 272 275 272 174 275 275 174 276 174 176 276 176 177 276 276 177 277 178 179 278 179 180 278 278 180 279 279 180 280 180 181 280 280 181 281 181 183 281 183 185 281 281 185 282 185 184 282 282 184 283 184 284 283 285 283 286 283 284 286 286 284 287 284 184 287 184 186 287 186 187 287 287 187 288 187 188 288 288 188 289 289 188 290 188 189 290 189 190 290 290 190 291 190 191 291 191 192 291 291 192 292 292 192 293 192 193 293 193 194 293 293 194 2 2 194 300 194 195 300 300 195 294 294 195 295 195 196 295 196 197 295 197 296 295 295 296 297 296 7 297 297 7 299 7 6 299 298 6 301 301 6 302 6 4 302 302 4 303 4 3 303 3 304 303 303 304 305 305 304 306 306 304 307 307 304 308 304 3 308 3 5 308 308 5 309 5 7 309 7 296 309 309 296 310 296 197 310 197 198 310 310 198 311 198 199 311 311 199 312 199 200 312 200 209 312 312 209 313 209 203 313 313 203 314 203 205 314 205 206 314 314 206 315 206 316 315 316 317 315 315 317 318 318 317 319 319 317 320 317 316 320 316 206 321 206 207 321 321 207 322 207 208 322 208 210 322 210 211 322 211 212 322 212 213 322 322 213 323 213 214 323 214 215 323 323 215 324 324 215 325 215 216 325 216 217 325 327 325 328 325 217 328 328 217 329 217 218 329 218 219 329 219 223 329 329 223 330 223 222 330 331 332 333 332 334 333 334 330 333 330 222 333 333 222 335 222 224 335 224 225 335 336 335 337 335 225 337 337 225 338 225 226 338 226 227 338 227 228 338 338 228 339 228 229 339 229 233 339 340 341 342 341 339 342 339 233 342 233 231 342 231 343 342 342 343 344 344 343 345 345 343 346 343 231 346 346 231 347 231 230 347 347 230 348 230 232 348 348 232 349 349 232 350 232 234 350 234 236 350 350 236 351 236 237 351 237 238 351 351 238 352 238 239 352 239 240 352 240 241 352 241 242 352 352 242 353 242 243 353 243 244 353 244 245 353 245 246 353 353 246 354 246 247 354 247 248 354 248 249 354 249 250 354 250 251 354 354 251 355 251 252 355 252 253 355 355 253 356 253 255 356 255 256 356 256 259 356 356 259 357 259 262 357 262 263 357 357 263 358 263 264 358 264 266 358 266 268 358 268 269 358 358 269 359 269 270 359 270 272 359 359 272 360 272 274 360 360 274 361 274 273 361 361 273 362 362 273 363 273 275 363 363 275 364 275 276 364 364 276 365 276 277 365 365 277 366 277 279 366 367 366 368 366 279 368 279 280 368 368 280 369 280 281 369 369 281 370 281 282 370 282 283 370 370 283 371 283 285 371 371 285 372 372 285 373 285 374 373 373 374 375 376 375 377 375 374 377 374 285 377 285 286 377 286 287 377 287 288 377 377 288 378 288 289 378 379 378 380 378 289 380 380 289 381 289 290 381 290 291 381 291 292 381 381 292 382 292 293 382 293 2 382 2 1 382 382 1 383 383 1 384 384 1 385 1 0 385 385 0 386 386 0 389 0 2 389 2 300 389 301 302 388 302 303 388 303 305 388 388 305 390 305 306 390 306 391 390 390 391 392 393 394 395 394 396 395 396 392 395 392 391 395 395 391 397 391 306 397 306 307 397 397 307 399 399 307 401 307 308 401 401 308 403 308 309 403 403 309 405 309 310 405 405 310 407 310 311 407 407 311 409 311 312 409 409 312 411 312 313 411 411 313 413 415 413 416 413 313 416 313 314 416 314 315 416 416 315 417 315 318 417 417 318 418 419 420 422 420 423 422 423 418 422 421 418 424 418 318 424 318 319 424 319 320 424 424 321 425 425 321 426 321 322 426 322 323 426 323 324 426 426 324 427 427 324 428 324 325 428 428 325 429 325 327 429 429 326 430 430 326 431 431 326 432 326 328 432 328 329 432 329 330 432 330 334 432 334 332 432 432 332 433 433 332 434 332 331 434 434 331 435 331 333 435 333 335 435 335 336 435 435 336 436 436 336 437 336 337 437 337 338 437 437 338 438 338 339 438 339 341 438 438 341 439 439 341 440 341 340 440 440 340 441 441 340 442 442 340 443 443 340 444 340 342 444 342 344 444 444 344 445 344 345 445 345 346 445 445 346 446 346 347 446 347 348 446 348 349 446 349 350 446 350 351 446 446 351 447 351 352 447 447 352 448 352 353 448 448 353 449 353 354 449 354 355 449 449 355 450 355 356 450 356 357 450 450 357 451 357 358 451 451 358 452 358 359 452 359 360 452 452 360 453 360 361 453 453 361 454 455 456 457 457 456 458 456 454 458 458 454 459 454 361 459 361 362 459 459 362 460 362 363 460 363 364 460 364 365 460 460 365 461 461 365 462 462 365 463 365 366 463 366 367 463 463 367 464 464 367 465 465 367 466 367 368 466 368 369 466 369 370 466 466 370 467 370 371 467 371 372 467 372 373 467 467 373 468 373 375 468 375 376 468 468 376 469 376 470 469 469 470 471 471 470 472 472 470 473 470 376 473 376 377 473 377 378 473 473 378 474 378 379 474 474 379 475 475 379 476 476 379 477 379 380 477 477 380 478 380 381 478 381 382 478 382 383 478 479 478 480 478 383 480 383 384 480 480 384 481 384 385 481 481 385 482 385 387 482 387 392 482 392 396 482 396 394 482 482 394 483 483 394 484 394 393 484 484 393 485 486 487 488 487 485 488 485 393 488 488 393 489 393 395 489 395 397 489 489 397 490 397 399 490 492 491 493 491 398 493 493 398 494 398 400 494 494 400 495 400 402 495 495 402 496 402 404 496 496 404 497 404 406 497 497 406 498 406 408 498 498 408 499 408 410 499 499 410 500 410 412 500 500 412 501 412 414 501 501 414 502 503 502 504 502 414 504 505 415 506 415 416 506 416 417 506 506 417 507 417 418 507 418 423 507 423 420 507 507 420 508 420 419 508 419 509 508 509 510 508 508 510 511 511 510 512 510 509 512 509 513 512 512 513 514 513 421 514 514 421 515 421 424 515 424 425 515 515 425 516 425 426 516 426 427 516 516 427 517 427 428 517 517 428 518 518 428 519 428 429 519 519 429 520 429 430 520 520 430 521 521 430 522 430 431 522 522 431 523 431 432 523 523 432 524 432 433 524 433 525 524 525 526 524 524 526 527 528 529 530 529 531 530 531 532 530 530 532 533 532 527 533 527 526 533 533 526 534 526 525 534 534 525 535 525 433 535 433 434 535 535 434 536 434 435 536 435 436 536 536 436 537 537 436 538 436 437 538 538 437 539 539 437 540 437 438 540 540 438 541 438 439 541 541 439 542 439 440 542 542 440 543 543 440 544 545 544 546 546 544 547 547 544 548 544 440 548 548 440 550 440 441 550 550 441 551 441 442 551 552 442 553 442 443 553 443 444 553 444 445 553 553 445 554 445 446 554 446 447 554 554 447 556 556 447 558 447 448 558 558 448 560 448 449 560 560 449 562 449 450 562 562 450 564 450 451 564 564 451 566 451 452 566 566 452 568 452 453 568 568 453 570 572 570 573 570 453 573 453 454 573 454 456 573 573 456 574 456 455 574 574 455 575 576 577 578 577 579 578 579 575 578 575 455 578 578 455 580 455 457 580 580 457 581 581 457 582 457 458 582 458 459 583 459 460 583 583 460 584 460 461 584 584 461 585 585 461 586 461 462 586 462 463 586 463 464 586 586 464 587 587 464 588 464 465 588 465 466 588 588 466 589 466 467 589 589 467 590 467 468 590 468 469 590 469 471 590 590 471 591 471 472 591 591 472 592 593 592 594 592 472 594 472 473 594 473 474 594 594 474 595 474 475 595 595 475 596 596 475 597 475 476 597 597 476 598 476 477 598 477 478 598 478 479 598 598 479 599 599 479 600 600 479 601 479 480 601 480 481 601 601 481 602 481 482 602 482 483 602 483 484 602 602 484 603 484 485 603 485 487 603 603 487 604 487 486 604 604 486 605 605 486 606 486 488 606 606 488 607 488 489 607 607 489 608 489 490 608 491 492 609 609 492 610 611 612 613 613 612 614 612 615 614 614 615 616 615 617 616 616 617 618 617 619 618 618 619 620 619 621 620 620 621 622 621 623 622 622 623 624 623 625 624 624 625 626 625 627 626 626 627 628 627 629 628 628 629 630 629 631 630 630 631 632 631 633 632 632 633 634 633 635 634 634 635 636 635 637 636 636 637 638 637 639 638 638 639 640 640 639 641 639 610 641 610 492 641 641 492 642 492 493 642 642 493 643 493 494 643 643 494 644 494 495 644 644 495 645 495 496 645 645 496 646 496 497 646 646 497 647 497 498 647 647 498 648 498 499 648 648 499 649 499 500 649 649 500 650 500 501 650 650 501 651 501 502 651 651 502 652 502 503 652 652 503 653 654 653 655 653 503 655 655 503 656 503 504 656 657 505 658 505 506 658 506 507 658 507 508 658 658 508 659 508 511 659 511 660 659 659 660 661 662 663 664 664 663 665 663 661 665 661 660 665 660 511 665 511 512 665 665 512 666 666 512 667 512 514 667 514 515 667 515 516 667 516 517 667 667 517 668 517 518 668 518 519 668 668 519 669 519 520 669 669 520 670 520 521 670 670 521 671 671 521 672 521 522 672 522 523 672 523 524 672 672 524 673 524 527 673 527 532 673 532 531 673 673 531 674 531 529 674 529 528 674 674 528 675 528 530 675 675 530 676 676 530 677 530 533 677 533 534 677 534 535 677 535 536 677 536 537 677 677 537 678 678 537 679 537 538 679 538 539 679 679 539 680 539 540 680 540 541 680 541 542 680 680 542 681 542 543 681 681 543 682 682 543 683 683 543 684 543 544 684 684 544 685 544 545 685 545 686 685 685 686 687 687 686 688 686 545 688 688 545 689 545 546 689 546 547 689 689 547 690 547 548 690 548 549 690 549 552 690 552 553 690 690 553 691 553 554 691 691 554 692 554 556 692 693 555 694 694 555 695 555 557 695 695 557 696 557 559 696 696 559 697 559 561 697 697 561 698 561 563 698 698 563 699 563 565 699 699 565 700 565 567 700 700 567 701 567 569 701 701 569 702 569 571 702 702 571 703 704 703 705 703 571 705 706 572 707 572 573 707 573 574 707 707 574 708 574 575 708 575 579 708 579 577 709 709 577 711 711 577 712 712 577 713 577 576 713 713 576 714 576 578 714 714 578 715 578 580 715 580 581 715 581 582 715 582 584 715 715 584 716 584 585 716 716 585 717 585 586 717 717 586 718 586 587 718 718 587 719 587 588 719 719 588 720 588 589 720 589 590 720 590 591 720 720 591 721 591 592 721 721 592 722 592 593 722 593 723 722 722 723 724 725 726 727 726 724 727 724 723 727 727 723 728 723 593 728 593 594 728 594 595 728 728 595 729 595 596 729 729 596 730 730 596 731 596 597 731 597 598 731 731 598 732 598 599 732 732 599 733 599 600 733 733 600 734 600 601 734 601 602 734 602 603 734 734 603 735 603 604 735 735 604 736 604 605 736 736 605 737 737 605 738 605 606 738 606 607 738 738 607 739 739 607 740 607 608 740 609 610 741 741 610 743 610 639 743 639 637 743 743 637 745 637 635 745 745 635 747 635 633 747 747 633 749 633 631 749 749 631 751 631 629 751 751 629 753 629 627 753 753 627 755 627 625 755 755 625 757 625 623 757 757 623 759 623 621 759 759 621 761 621 619 761 761 619 763 619 617 763 763 617 765 617 615 765 765 615 767 615 612 767 767 612 769 612 611 769 769 611 771 773 771 774 771 611 774 774 611 775 611 613 775 775 613 776 776 613 777 613 614 777 777 614 778 614 616 778 616 618 778 778 618 779 618 620 779 620 622 779 779 622 780 622 624 780 780 624 781 624 626 781 626 628 781 781 628 782 628 630 782 782 630 783 630 632 783 632 634 783 783 634 784 634 636 784 636 638 784 784 638 785 638 640 785 640 641 785 785 641 786 641 642 786 642 643 786 786 643 787 643 644 787 787 644 788 644 645 788 645 646 788 788 646 789 646 647 789 789 647 790 647 648 790 648 649 790 790 649 791 649 650 791 650 651 791 791 651 792 651 652 792 792 652 793 652 653 793 653 654 793 793 654 794 794 654 795 795 654 796 654 655 796 796 655 797 655 656 797 798 657 799 657 658 799 658 659 799 799 659 800 659 661 800 661 663 800 663 662 800 800 662 801 662 664 801 801 664 802 802 664 803 803 664 804 664 665 804 665 666 804 804 666 805 666 667 805 667 668 805 805 668 806 806 668 807 668 669 807 669 670 807 807 670 808 808 670 809 670 671 809 671 672 809 809 672 810 672 673 810 673 674 810 810 674 811 674 675 811 811 675 812 812 675 813 813 675 814 814 675 815 675 676 815 815 676 816 676 677 816 677 678 816 816 678 817 678 679 817 679 680 817 817 680 818 818 680 819 680 681 819 681 682 819 819 682 820 821 820 822 820 682 822 682 683 822 822 683 823 683 684 823 684 685 823 823 685 824 685 687 824 687 825 824 824 825 826 827 826 828 826 825 828 828 825 829 825 687 829 687 688 829 829 688 830 688 689 830 689 690 830 690 691 830 830 691 831 691 692 831 832 693 833 693 694 833 834 833 835 833 694 835 835 694 836 694 695 836 836 695 837 695 696 837 837 696 838 696 697 838 838 697 839 697 698 839 839 698 840 698 699 840 840 699 841 699 700 841 841 700 842 700 701 842 842 701 843 701 702 843 843 702 844 702 703 844 844 703 845 703 704 845 845 704 846 704 847 846 846 847 848 847 849 848 848 849 850 849 851 850 850 851 852 851 853 852 852 853 854 853 855 854 854 855 856 855 857 856 856 857 858 857 859 858 858 859 860 859 861 860 860 861 862 861 863 862 862 863 864 863 865 864 864 865 866 865 867 866 866 867 868 867 869 868 868 869 870 871 870 872 870 869 872 872 869 874 874 869 876 869 867 876 876 867 878 867 865 878 878 865 880 865 863 880 880 863 882 863 861 882 882 861 884 861 859 884 884 859 886 859 857 886 886 857 888 857 855 888 888 855 890 855 853 890 890 853 892 853 851 892 892 851 894 851 849 894 894 849 896 849 847 896 896 847 897 847 704 897 704 705 897 898 706 899 706 707 899 707 708 899 708 710 899 899 711 900 711 712 900 712 713 900 900 713 901 713 714 901 901 714 902 903 902 904 902 714 904 714 715 904 715 716 904 904 716 905 716 717 905 717 718 905 906 905 907 905 718 907 718 719 907 907 719 908 719 720 908 908 720 909 909 720 910 720 721 910 721 722 910 722 724 910 724 726 910 910 726 911 911 726 912 726 725 912 725 913 912 912 913 914 914 913 915 913 725 915 725 727 915 727 728 915 728 729 915 729 730 915 915 730 916 916 730 917 730 731 917 731 732 917 918 917 919 917 732 919 732 733 919 919 733 920 733 734 920 920 734 921 734 735 921 921 735 922 922 735 923 735 736 923 923 736 924 736 737 924 924 737 925 737 738 925 925 738 926 738 739 926 926 739 927 739 740 927 740 742 927 742 744 927 927 744 928 744 746 928 928 746 929 746 748 929 929 748 930 748 750 930 930 750 931 750 752 931 931 752 932 752 754 932 932 754 933 754 756 933 933 756 934 756 758 934 934 758 935 758 760 935 935 760 936 760 762 936 936 762 937 762 764 937 937 764 938 764 766 938 938 766 939 766 768 939 939 768 940 768 770 940 940 770 941 770 772 941 941 772 942 943 942 944 942 772 944 945 773 946 773 774 946 946 774 947 774 775 947 775 776 947 776 948 947 947 948 949 949 948 950 948 794 950 794 795 950 950 795 951 795 796 951 951 796 952 796 797 952 953 798 954 798 799 954 955 954 956 954 799 956 799 800 956 800 801 956 956 801 957 801 802 957 957 802 958 958 802 959 802 803 959 959 803 960 961 960 962 960 803 962 962 803 963 803 804 963 804 805 963 805 806 963 963 806 964 806 807 964 807 808 964 964 808 965 965 808 966 808 809 966 966 809 967 809 810 967 967 810 968 810 811 968 968 811 969 969 811 970 811 812 970 970 812 971 971 812 972 812 813 972 813 814 972 814 815 972 815 816 972 973 972 974 972 816 974 816 817 974 817 818 974 974 818 975 818 819 975 819 820 975 975 820 976 820 821 976 976 821 977 821 822 977 977 822 978 822 823 978 823 824 978 824 826 978 978 826 979 980 979 981 981 979 982 979 826 982 826 827 982 982 827 983 827 828 983 828 829 983 983 829 984 829 830 984 984 830 985 830 831 985 986 832 987 832 833 987 833 834 987 987 834 988 988 834 989 834 835 989 835 836 989 989 836 990 836 837 990 990 837 991 837 838 991 838 839 991 991 839 992 839 840 992 992 840 993 840 841 993 841 842 993 993 842 994 842 843 994 843 844 994 994 844 995 844 845 995 995 845 996 845 846 996 996 846 997 846 848 997 848 850 997 997 850 998 850 852 998 852 854 998 998 854 999 854 856 999 999 856 1000 856 858 1000 858 860 1000 1000 860 1001 860 862 1001 1001 862 1002 862 864 1002 864 866 1002 1002 866 1003 866 868 1003 1003 868 1004 868 870 1004 870 871 1004 1004 871 1005 1005 871 1006 871 872 1006 1006 872 1007 872 874 1007 1007 873 1008 1008 873 1009 873 875 1009 1009 875 1010 875 877 1010 1010 877 1011 877 879 1011 1011 879 1012 879 881 1012 1012 881 1013 881 883 1013 1013 883 1014 883 885 1014 1014 885 1015 885 887 1015 1015 887 1016 887 889 1016 1016 889 1017 889 891 1017 1017 891 1018 891 893 1018 1018 893 1019 893 895 1019 1019 895 1020 895 898 1020 898 899 1020 1020 899 1021 899 900 1021 900 901 1021 901 902 1021 902 903 1021 1021 903 1022 903 904 1022 904 905 1022 905 906 1022 1022 906 1023 1024 1023 1025 1023 906 1025 1025 906 1026 906 907 1026 907 908 1026 908 909 1026 1026 909 1027 1027 909 1028 909 910 1028 910 911 1028 1028 911 1029 911 912 1029 1029 912 1030 912 914 1030 1030 914 1031 1031 914 1032 1032 914 1033 914 915 1033 915 916 1033 1033 916 1034 1034 916 1035 916 917 1035 1035 917 1036 917 918 1036 1036 918 1037 1038 1037 1039 1037 918 1039 918 919 1039 1039 919 1040 919 920 1040 920 921 1040 921 922 1040 1040 922 1041 922 923 1041 923 924 1041 924 925 1041 925 926 1041 926 927 1041 927 928 1041 1041 928 1042 1042 928 1043 928 929 1043 1043 929 1044 1044 929 1045 929 930 1045 1045 930 1046 1046 930 1047 930 931 1047 1047 931 1048 931 932 1048 1048 932 1049 1049 932 1050 932 933 1050 1050 933 1051 1051 933 1052 933 934 1052 1052 934 1053 1053 934 1054 934 935 1054 1054 935 1055 935 936 1055 1055 936 1056 1056 936 1057 936 937 1057 1057 937 1058 1058 937 1059 937 938 1059 1059 938 1060 1060 938 1061 938 939 1061 1061 939 1062 939 940 1062 1062 940 1063 1063 940 1064 940 941 1064 1064 941 1065 1065 941 1066 941 942 1066 1066 942 1067 1067 942 1068 942 943 1068 943 1069 1068 1070 1068 1072 1072 1068 1073 1068 1069 1073 1073 1069 1074 1074 1069 1075 1069 943 1075 1075 943 1076 943 945 1076 1076 945 1077 945 946 1077 1077 946 1078 1078 946 1079 946 947 1079 1079 947 1080 947 949 1080 1080 949 1081 1081 949 1082 1082 949 1083 1083 949 1084 949 950 1084 1084 950 1085 950 951 1085 951 952 1085 1085 952 1087 1086 953 1088 953 954 1088 1088 954 1089 1089 954 1090 954 955 1090 1090 955 1091 1091 955 1092 955 956 1092 1092 956 1093 1093 956 1094 1094 956 1095 956 957 1095 1095 957 1096 1096 957 1097 1097 957 1098 957 958 1098 1098 958 1100 958 959 1100 959 960 1100 960 961 1100 1100 961 1101 961 962 1101 962 963 1101 963 964 1101 1101 964 1102 964 965 1102 1102 965 1103 1103 965 1104 965 966 1104 1104 966 1105 966 967 1105 1105 967 1106 967 968 1106 1106 968 1107 968 969 1107 1107 969 1108 1108 969 1109 969 970 1109 1109 970 1110 970 971 1110 1110 971 1111 971 972 1111 1111 972 1112 972 973 1112 1112 973 1113 973 974 1113 974 975 1113 1113 975 1114 975 976 1114 1115 1114 1116 1114 976 1116 1116 976 1117 1117 976 1118 976 977 1118 1118 977 1119 1119 977 1120 1120 977 1121 977 978 1121 978 979 1121 1121 979 1122 979 980 1122 1122 980 1123 1124 1123 1125 1125 1123 1126 1123 980 1126 1126 980 1127 1127 980 1128 980 981 1128 1128 981 1129 981 982 1129 1129 982 1130 1130 982 1131 1131 982 1133 982 983 1133 983 1135 1133 1132 1134 1136 1136 1134 1137 1138 1137 1140 1137 1134 1140 1135 983 1139 983 984 1139 1139 984 1142 984 985 1142 1143 1141 1144 1141 986 1144 986 987 1144 987 988 1144 1144 988 1145 1145 988 1146 1146 988 1147 988 989 1147 989 1148 1147 1147 1148 1149 1148 1150 1149 1150 1004 1149 1004 1005 1149 1149 1005 1151 1151 1005 1152 1005 1006 1152 1152 1006 1153 1006 1007 1153 1153 1007 1154 1154 1007 1155 1007 1008 1155 1155 1008 1156 1157 1158 1159 1158 1160 1159 1160 1161 1159 1161 1162 1159 1162 1163 1159 1163 1156 1159 1156 1008 1159 1159 1008 1164 1008 1009 1164 1164 1009 1165 1165 1009 1166 1009 1010 1166 1166 1010 1167 1167 1010 1168 1010 1011 1168 1168 1011 1169 1169 1011 1170 1011 1012 1170 1170 1012 1171 1012 1013 1171 1171 1013 1172 1172 1013 1173 1013 1014 1173 1173 1014 1174 1174 1014 1175 1014 1015 1175 1175 1015 1176 1015 1016 1176 1176 1016 1177 1177 1016 1178 1016 1017 1178 1178 1017 1179 1179 1017 1180 1017 1018 1180 1180 1018 1181 1018 1019 1181 1181 1019 1182 1182 1019 1183 1183 1019 1184 1019 1020 1184 1020 1021 1184 1184 1021 1185 1021 1022 1185 1022 1023 1185 1023 1024 1185 1185 1024 1186 1024 1025 1186 1025 1026 1186 1026 1027 1186 1027 1028 1186 1028 1029 1186 1029 1030 1186 1186 1030 1187 1030 1031 1187 1031 1032 1187 1187 1032 1188 1032 1033 1188 1188 1033 1189 1033 1034 1189 1189 1034 1190 1034 1035 1190 1190 1035 1191 1035 1036 1191 1191 1036 1192 1036 1037 1192 1192 1037 1193 1037 1038 1193 1193 1038 1194 1194 1038 1195 1038 1039 1195 1039 1040 1195 1040 1041 1195 1195 1041 1196 1041 1042 1196 1196 1042 1197 1042 1043 1197 1197 1043 1198 1043 1044 1198 1198 1044 1199 1044 1045 1199 1199 1045 1200 1200 1045 1201 1045 1046 1201 1201 1046 1202 1202 1046 1203 1203 1046 1204 1046 1047 1204 1204 1047 1205 1205 1047 1206 1047 1048 1206 1048 1049 1206 1206 1049 1207 1049 1050 1207 1207 1050 1208 1208 1050 1209 1050 1051 1209 1209 1051 1210 1051 1052 1210 1210 1052 1211 1211 1052 1212 1052 1053 1212 1212 1053 1213 1053 1054 1213 1213 1054 1214 1054 1055 1214 1214 1055 1216 1055 1056 1215 1056 1057 1215 1215 1057 1217 1217 1057 1218 1057 1058 1218 1218 1058 1219 1058 1059 1219 1219 1059 1220 1220 1059 1221 1059 1060 1221 1060 1061 1221 1221 1061 1222 1222 1061 1223 1223 1061 1225 1061 1062 1224 1062 1063 1224 1063 1064 1224 1224 1064 1226 1226 1064 1227 1227 1064 1228 1064 1065 1228 1228 1065 1229 1229 1065 1230 1230 1065 1232 1065 1066 1232 1231 1066 1233 1066 1067 1233 1233 1067 1235 1067 1068 1235 1234 1068 1237 1068 1070 1237 1071 1238 1236 1238 1239 1236 1236 1239 1240 1239 1241 1240 1241 1242 1240 1242 1099 1240 1099 1101 1240 1101 1102 1240 1102 1103 1240 1240 1103 1243 1243 1103 1245 1103 1104 1245 1244 1104 1246 1104 1105 1246 1246 1105 1247 1105 1106 1247 1247 1106 1248 1248 1106 1249 1106 1107 1249 1249 1107 1250 1250 1107 1251 1107 1108 1251 1251 1108 1252 1108 1109 1252 1109 1110 1252 1110 1111 1252 1111 1112 1252 1112 1113 1252 1113 1114 1252 1114 1115 1252 1252 1115 1253 1115 1116 1253 1116 1117 1253 1117 1118 1253 1118 1119 1253 1119 1120 1253 1120 1121 1253 1121 1122 1253 1122 1123 1253 1123 1124 1253 1124 1254 1253 1254 1255 1253 1255 1157 1253 1157 1159 1253 1159 1164 1253 1253 1164 1256 1164 1165 1256 1256 1165 1257 1165 1166 1257 1257 1166 1258 1166 1167 1258 1258 1167 1259 1167 1168 1259 1259 1168 1260 1168 1169 1260 1260 1169 1261 1169 1170 1261 1170 1171 1261 1261 1171 1262 1171 1172 1262 1262 1172 1263 1172 1173 1263 1263 1173 1264 1173 1174 1264 1264 1174 1265 1174 1175 1265 1175 1176 1265 1265 1176 1266 1176 1177 1266 1266 1177 1267 1177 1178 1267 1267 1178 1268 1178 1179 1268 1268 1179 1269 1179 1180 1269 1269 1180 1270 1180 1181 1270 1270 1181 1271 1181 1182 1271 1182 1183 1271 1271 1183 1272 1183 1184 1272 1184 1185 1272 </p>
        </polylist>
      </mesh>
    </geometry>
  </library_geometries>
  <library_controllers>
  </library_controllers>
  <library_visual_scenes>
    <visual_scene id="null" name="null">
      <node id="rm_dae_node_580" name="Mesh" type="NODE">
        <matrix sid="matrix">1 0 0 0 0 1 0 0 0 0 1 0 0 0 0 1</matrix>
        <instance_geometry url="#meshId0">
          <bind_material>
            <technique_common>
              <instance_material symbol="defaultMaterial" target="#rm_dae_material_0">
              </instance_material>
            </technique_common>
          </bind_material>
        </instance_geometry>
      </node>
      <node id="rm_dae_node_586" name="Mesh" type="NODE">
        <matrix sid="matrix">1 0 0 0 0 1 0 0 0 0 1 0 0 0 0 1</matrix>
        <instance_geometry url="#meshId1">
          <bind_material>
            <technique_common>
              <instance_material symbol="defaultMaterial" target="#rm_dae_material_1">
              </instance_material>
            </technique_common>
          </bind_material>
        </instance_geometry>
      </node>
      <node id="rm_dae_node_592" name="Mesh" type="NODE">
        <matrix sid="matrix">1 0 0 0 0 1 0 0 0 0 1 0 0 0 0 1</matrix>
        <instance_geometry url="#meshId2">
          <bind_material>
            <technique_common>
              <instance_material symbol="defaultMaterial" target="#rm_dae_material_1">
              </instance_material>
            </technique_common>
          </bind_material>
        </instance_geometry>
      </node>
      <node id="rm_dae_node_598" name="Mesh" type="NODE">
        <matrix sid="matrix">1 0 0 0 0 1 0 0 0 0 1 0 0 0 0 1</matrix>
        <instance_geometry url="#meshId3">
          <bind_material>
            <technique_common>
              <instance_material symbol="defaultMaterial" target="#rm_dae_material_1">
              </instance_material>
            </technique_common>
          </bind_material>
        </instance_geometry>
      </node>
      <node id="rm_dae_node_604" name="Mesh" type="NODE">
        <matrix sid="matrix">1 0 0 0 0 1 0 0 0 0 1 0 0 0 0 1</matrix>
        <instance_geometry url="#meshId4">
          <bind_material>
            <technique_common>
              <instance_material symbol="defaultMaterial" target="#rm_dae_material_1">
              </instance_material>
            </technique_common>
          </bind_material>
        </instance_geometry>
      </node>
      <node id="rm_dae_node_610" name="Mesh" type="NODE">
        <matrix sid="matrix">1 0 0 0 0 1 0 0 0 0 1 0 0 0 0 1</matrix>
        <instance_geometry url="#meshId5">
          <bind_material>
            <technique_common>
              <instance_material symbol="defaultMaterial" target="#rm_dae_material_1">
              </instance_material>
            </technique_common>
          </bind_material>
        </instance_geometry>
      </node>
      <node id="rm_dae_node_616" name="Mesh" type="NODE">
        <matrix sid="matrix">1 0 0 0 0 1 0 0 0 0 1 0 0 0 0 1</matrix>
        <instance_geometry url="#meshId6">
          <bind_material>
            <technique_common>
              <instance_material symbol="defaultMaterial" target="#rm_dae_material_1">
              </instance_material>
            </technique_common>
          </bind_material>
        </instance_geometry>
      </node>
      <node id="rm_dae_node_622" name="Mesh" type="NODE">
        <matrix sid="matrix">1 0 0 0 0 1 0 0 0 0 1 0 0 0 0 1</matrix>
        <instance_geometry url="#meshId7">
          <bind_material>
            <technique_common>
              <instance_material symbol="defaultMaterial" target="#rm_dae_material_1">
              </instance_material>
            </technique_common>
          </bind_material>
        </instance_geometry>
      </node>
      <node id="rm_dae_node_628" name="Mesh" type="NODE">
        <matrix sid="matrix">1 0 0 0 0 1 0 0 0 0 1 0 0 0 0 1</matrix>
        <instance_geometry url="#meshId8">
          <bind_material>
            <technique_common>
              <instance_material symbol="defaultMaterial" target="#rm_dae_material_1">
              </instance_material>
            </technique_common>
          </bind_material>
        </instance_geometry>
      </node>
      <node id="rm_dae_node_634" name="Mesh" type="NODE">
        <matrix sid="matrix">1 0 0 0 0 1 0 0 0 0 1 0 0 0 0 1</matrix>
        <instance_geometry url="#meshId9">
          <bind_material>
            <technique_common>
              <instance_material symbol="defaultMaterial" target="#rm_dae_material_1">
              </instance_material>
            </technique_common>
          </bind_material>
        </instance_geometry>
      </node>
      <node id="rm_dae_node_640" name="Mesh" type="NODE">
        <matrix sid="matrix">1 0 0 0 0 1 0 0 0 0 1 0 0 0 0 1</matrix>
        <instance_geometry url="#meshId10">
          <bind_material>
            <technique_common>
              <instance_material symbol="defaultMaterial" target="#rm_dae_material_1">
              </instance_material>
            </technique_common>
          </bind_material>
        </instance_geometry>
      </node>
      <node id="rm_dae_node_646" name="Mesh" type="NODE">
        <matrix sid="matrix">1 0 0 0 0 1 0 0 0 0 1 0 0 0 0 1</matrix>
        <instance_geometry url="#meshId11">
          <bind_material>
            <technique_common>
              <instance_material symbol="defaultMaterial" target="#rm_dae_material_1">
              </instance_material>
            </technique_common>
          </bind_material>
        </instance_geometry>
      </node>
      <node id="rm_dae_node_652" name="Mesh" type="NODE">
        <matrix sid="matrix">1 0 0 0 0 1 0 0 0 0 1 0 0 0 0 1</matrix>
        <instance_geometry url="#meshId12">
          <bind_material>
            <technique_common>
              <instance_material symbol="defaultMaterial" target="#rm_dae_material_1">
              </instance_material>
            </technique_common>
          </bind_material>
        </instance_geometry>
      </node>
      <node id="rm_dae_node_658" name="Mesh" type="NODE">
        <matrix sid="matrix">1 0 0 0 0 1 0 0 0 0 1 0 0 0 0 1</matrix>
        <instance_geometry url="#meshId13">
          <bind_material>
            <technique_common>
              <instance_material symbol="defaultMaterial" target="#rm_dae_material_1">
              </instance_material>
            </technique_common>
          </bind_material>
        </instance_geometry>
      </node>
      <node id="rm_dae_node_664" name="Mesh" type="NODE">
        <matrix sid="matrix">1 0 0 0 0 1 0 0 0 0 1 0 0 0 0 1</matrix>
        <instance_geometry url="#meshId14">
          <bind_material>
            <technique_common>
              <instance_material symbol="defaultMaterial" target="#rm_dae_material_1">
              </instance_material>
            </technique_common>
          </bind_material>
        </instance_geometry>
      </node>
      <node id="rm_dae_node_670" name="Mesh" type="NODE">
        <matrix sid="matrix">1 0 0 0 0 1 0 0 0 0 1 0 0 0 0 1</matrix>
        <instance_geometry url="#meshId15">
          <bind_material>
            <technique_common>
              <instance_material symbol="defaultMaterial" target="#rm_dae_material_1">
              </instance_material>
            </technique_common>
          </bind_material>
        </instance_geometry>
      </node>
      <node id="rm_dae_node_676" name="Mesh" type="NODE">
        <matrix sid="matrix">1 0 0 0 0 1 0 0 0 0 1 0 0 0 0 1</matrix>
        <instance_geometry url="#meshId16">
          <bind_material>
            <technique_common>
              <instance_material symbol="defaultMaterial" target="#rm_dae_material_1">
              </instance_material>
            </technique_common>
          </bind_material>
        </instance_geometry>
      </node>
      <node id="rm_dae_node_682" name="Mesh" type="NODE">
        <matrix sid="matrix">1 0 0 0 0 1 0 0 0 0 1 0 0 0 0 1</matrix>
        <instance_geometry url="#meshId17">
          <bind_material>
            <technique_common>
              <instance_material symbol="defaultMaterial" target="#rm_dae_material_1">
              </instance_material>
            </technique_common>
          </bind_material>
        </instance_geometry>
      </node>
      <node id="rm_dae_node_688" name="Mesh" type="NODE">
        <matrix sid="matrix">1 0 0 0 0 1 0 0 0 0 1 0 0 0 0 1</matrix>
        <instance_geometry url="#meshId18">
          <bind_material>
            <technique_common>
              <instance_material symbol="defaultMaterial" target="#rm_dae_material_1">
              </instance_material>
            </technique_common>
          </bind_material>
        </instance_geometry>
      </node>
      <node id="rm_dae_node_694" name="Mesh" type="NODE">
        <matrix sid="matrix">1 0 0 0 0 1 0 0 0 0 1 0 0 0 0 1</matrix>
        <instance_geometry url="#meshId19">
          <bind_material>
            <technique_common>
              <instance_material symbol="defaultMaterial" target="#rm_dae_material_1">
              </instance_material>
            </technique_common>
          </bind_material>
        </instance_geometry>
      </node>
      <node id="rm_dae_node_700" name="Mesh" type="NODE">
        <matrix sid="matrix">1 0 0 0 0 1 0 0 0 0 1 0 0 0 0 1</matrix>
        <instance_geometry url="#meshId20">
          <bind_material>
            <technique_common>
              <instance_material symbol="defaultMaterial" target="#rm_dae_material_1">
              </instance_material>
            </technique_common>
          </bind_material>
        </instance_geometry>
      </node>
      <node id="rm_dae_node_706" name="Mesh" type="NODE">
        <matrix sid="matrix">1 0 0 0 0 1 0 0 0 0 1 0 0 0 0 1</matrix>
        <instance_geometry url="#meshId21">
          <bind_material>
            <technique_common>
              <instance_material symbol="defaultMaterial" target="#rm_dae_material_1">
              </instance_material>
            </technique_common>
          </bind_material>
        </instance_geometry>
      </node>
      <node id="rm_dae_node_712" name="Mesh" type="NODE">
        <matrix sid="matrix">1 0 0 0 0 1 0 0 0 0 1 0 0 0 0 1</matrix>
        <instance_geometry url="#meshId22">
          <bind_material>
            <technique_common>
              <instance_material symbol="defaultMaterial" target="#rm_dae_material_1">
              </instance_material>
            </technique_common>
          </bind_material>
        </instance_geometry>
      </node>
    </visual_scene>
  </library_visual_scenes>
  <scene>
    <instance_visual_scene url="#null" />
  </scene>
</COLLADA>