<?xml version="1.0" encoding="UTF-8" standalone="no" ?>
<COLLADA xmlns="http://www.collada.org/2005/11/COLLADASchema" version="1.4.1">
  <asset>
    <contributor>
      <author>Assimp</author>
      <authoring_tool>Assimp Exporter</authoring_tool>
    </contributor>
    <created>2026-10-09T10:33:48</created>
    <modified>2026-10-09T10:33:48</modified>
    <unit name="meter" meter="1" />
    <up_axis>Y_UP</up_axis>
  </asset>
  <library_effects>
    <effect id="m0mat-fx" name="m0mat">
      <profile_COMMON>
        <technique sid="standard">
          <phong>
            <emission>
              <color sid="emission">0   0   0   1</color>
            </emission>
            <diffuse>
              <color sid="diffuse">1   1   1   1</color>
            </diffuse>
            <shininess>
              <float sid="shininess">33.673492</float>
            </shininess>
          </phong>
        </technique>
      </profile_COMMON>
    </effect>
    <effect id="m1mat-fx" name="m1mat">
      <profile_COMMON>
        <technique sid="standard">
          <phong>
            <emission>
              <color sid="emission">0   0   0   1</color>
            </emission>
            <diffuse>
              <color sid="diffuse">0   0   0   1</color>
            </diffuse>
            <shininess>
              <float sid="shininess">11.14562</float>
            </shininess>
          </phong>
        </technique>
      </profile_COMMON>
    </effect>
    <effect id="m2mat-fx" name="m2mat">
      <profile_COMMON>
        <technique sid="standard">
          <phong>
            <emission>
              <color sid="emission">0   0   0   1</color>
            </emission>
            <diffuse>
              <color sid="diffuse">1   1   1   1</color>
            </diffuse>
            <shininess>
              <float sid="shininess">0</float>
            </shininess>
          </phong>
        </technique>
      </profile_COMMON>
    </effect>
  </library_effects>
  <library_materials>
    <material id="m0mat" name="m0mat">
      <instance_effect url="#m0mat-fx"/>
    </material>
    <material id="m1mat" name="m1mat">
      <instance_effect url="#m1mat-fx"/>
    </material>
    <material id="m2mat" name="m2mat">
      <instance_effect url="#m2mat-fx"/>
    </material>
  </library_materials>
  <library_geometries>
    <geometry id="meshId0" name="meshId0_name" >
      <mesh>
        <source id="meshId0-positions" name="meshId0-positions">
          <float_array id="meshId0-positions-array" count="14370"> 0.23897998 -0.024677332 0.0029103607 0.23897998 -0.024677332 0.0029103607 0.25593287 2.540648e-05 0.0029103607 0.23349048 -0.019833658 0.0029103607 0.23349048 -0.019833658 0.0029103607 0.22945409 -0.013859794 0.0029103607 0.22945409 -0.013859794 0.0029103607 0.22687079 -0.0072401054 0.0029103607 0.22687079 -0.0072401054 0.0029103607 0.22606353 2.540648e-05 0.0029103607 0.22606353 2.540648e-05 0.0029103607 0.22687079 0.0071294606 0.0029103607 0.22687079 0.0071294606 0.0029103607 0.22945409 0.013910603 0.0029103607 0.22945409 0.013910603 0.0029103607 0.23349048 0.019884467 0.0029103607 0.23349048 0.019884467 0.0029103607 0.23897998 0.024728142 0.0029103607 0.23897998 0.024728142 0.0029103607 0.24543823 0.028118715 0.0029103607 0.24543823 0.028118715 0.0029103607 0.25238085 0.02973327 0.0029103607 0.25238085 0.02973327 0.0029103607 0.25964636 0.02973327 0.0029103607 0.25964636 0.02973327 0.0029103607 0.26658893 0.028118715 0.0029103607 0.26658893 0.028118715 0.0029103607 0.27304715 0.024728142 0.0029103607 0.27304715 0.024728142 0.0029103607 0.27853668 0.019884467 0.0029103607 0.27853668 0.019884467 0.0029103607 0.28257304 0.013910603 0.0029103607 0.28257304 0.013910603 0.0029103607 0.28515637 0.0071294606 0.0029103607 0.28515637 0.0071294606 0.0029103607 0.28596365 2.540648e-05 0.0029103607 0.28596365 2.540648e-05 0.0029103607 0.28515637 -0.0072401054 0.0029103607 0.28515637 -0.0072401054 0.0029103607 0.28257304 -0.013859794 0.0029103607 0.28257304 -0.013859794 0.0029103607 0.27853668 -0.019833658 0.0029103607 0.27853668 -0.019833658 0.0029103607 0.27304715 -0.024677332 0.0029103607 0.27304715 -0.024677332 0.0029103607 0.26658893 -0.028067904 0.0029103607 0.26658893 -0.028067904 0.0029103607 0.25964636 -0.029843917 0.0029103607 0.25964636 -0.029843917 0.0029103607 0.25238085 -0.029843917 0.0029103607 0.25238085 -0.029843917 0.0029103607 0.24543823 -0.028067904 0.0029103607 0.24543823 -0.028067904 0.0029103607 0.23897998 -0.024677332 0.012920618 0.23897998 -0.024677332 0.012920618 0.23349048 -0.019833658 0.012920618 0.23349048 -0.019833658 0.012920618 0.22945409 -0.013859794 0.012920618 0.22945409 -0.013859794 0.012920618 0.22687079 -0.0072401054 0.012920618 0.22687079 -0.0072401054 0.012920618 0.22606353 2.540648e-05 0.012920618 0.22606353 2.540648e-05 0.012920618 0.22687079 0.0071294606 0.012920618 0.22687079 0.0071294606 0.012920618 0.22945409 0.013910603 0.012920618 0.22945409 0.013910603 0.012920618 0.23349048 0.019884467 0.012920618 0.23349048 0.019884467 0.012920618 0.23897998 0.024728142 0.012920618 0.23897998 0.024728142 0.012920618 0.24543823 0.028118715 0.012920618 0.24543823 0.028118715 0.012920618 0.25238085 0.02973327 0.012920618 0.25238085 0.02973327 0.012920618 0.25964636 0.02973327 0.012920618 0.25964636 0.02973327 0.012920618 0.26658893 0.028118715 0.012920618 0.26658893 0.028118715 0.012920618 0.27304715 0.024728142 0.012920618 0.27304715 0.024728142 0.012920618 0.27853668 0.019884467 0.012920618 0.27853668 0.019884467 0.012920618 0.28257304 0.013910603 0.012920618 0.28257304 0.013910603 0.012920618 0.28515637 0.0071294606 0.012920618 0.28515637 0.0071294606 0.012920618 0.28596365 2.540648e-05 0.012920618 0.28596365 2.540648e-05 0.012920618 0.28515637 -0.0072401054 0.012920618 0.28515637 -0.0072401054 0.012920618 0.28257304 -0.013859794 0.012920618 0.28257304 -0.013859794 0.012920618 0.27853668 -0.019833658 0.012920618 0.27853668 -0.019833658 0.012920618 0.27304715 -0.024677332 0.012920618 0.27304715 -0.024677332 0.012920618 0.26658893 -0.028067904 0.012920618 0.26658893 -0.028067904 0.012920618 0.25964636 -0.029843917 0.012920618 0.25964636 -0.029843917 0.012920618 0.25238085 -0.029843917 0.012920618 0.25238085 -0.029843917 0.012920618 0.24543823 -0.028067904 0.012920618 0.24543823 -0.028067904 0.012920618 0.24753715 -0.032911576 0.012920618 0.24753715 -0.032911576 0.012920618 0.24043308 -0.030328285 0.012920618 0.24043308 -0.030328285 0.012920618 0.23413633 -0.026130434 0.012920618 0.23413633 -0.026130434 0.012920618 0.22896974 -0.020640938 0.012920618 0.22896974 -0.020640938 0.012920618 0.22509478 -0.014182705 0.012920618 0.22509478 -0.014182705 0.012920618 0.22267295 -0.0070786513 0.012920618 0.22267295 -0.0070786513 0.012920618 0.22202714 0.00050977245 0.012920618 0.22202714 0.00050977245 0.012920618 0.22299586 0.0079367384 0.012920618 0.22299586 0.0079367384 0.012920618 0.22557916 0.015040796 0.012920618 0.22557916 0.015040796 0.012920618 0.22961555 0.021499027 0.012920618 0.22961555 0.021499027 0.012920618 0.23494358 0.026665613 0.012920618 0.23494358 0.026665613 0.012920618 0.24140184 0.03070201 0.012920618 0.24140184 0.03070201 0.012920618 0.24850588 0.033123843 0.012920618 0.24850588 0.033123843 0.012920618 0.25593287 0.033931121 0.012920618 0.25593287 0.033931121 0.012920618 0.26352125 0.033123843 0.012920618 0.26352125 0.033123843 0.012920618 0.27062535 0.03070201 0.012920618 0.27062535 0.03070201 0.012920618 0.27708358 0.026665613 0.012920618 0.27708358 0.026665613 0.012920618 0.28241158 0.021499027 0.012920618 0.28241158 0.021499027 0.012920618 0.286448 0.015040796 0.012920618 0.286448 0.015040796 0.012920618 0.28903127 0.0079367384 0.012920618 0.28903127 0.0079367384 0.012920618 0.29000002 0.00050977245 0.012920618 0.29000002 0.00050977245 0.012920618 0.28919274 -0.0070786513 0.012920618 0.28919274 -0.0070786513 0.012920618 0.28693235 -0.014182705 0.012920618 0.28693235 -0.014182705 0.012920618 0.28305739 -0.020640938 0.012920618 0.28305739 -0.020640938 0.012920618 0.27772939 -0.026130434 0.012920618 0.27772939 -0.026130434 0.012920618 0.27159405 -0.030328285 0.012920618 0.27159405 -0.030328285 0.012920618 0.26449001 -0.032911576 0.012920618 0.26449001 -0.032911576 0.012920618 0.25706303 -0.03404177 0.012920618 0.25706303 -0.03404177 0.012920618 0.25706303 -0.03404177 0.012920618 0.25706303 -0.033718858 0.012920618 0.25706303 -0.033718858 0.012920618 0.25706303 -0.033718858 0.012920618 0.25496411 -0.033718858 0.012920618 0.25496411 -0.033718858 0.012920618 0.25496411 -0.033718858 0.012920618 0.25496411 -0.03404177 0.012920618 0.25496411 -0.03404177 0.012920618 0.25496411 -0.03404177 0.012920618 0.25496411 -0.033718858 0.011467516 0.25496411 -0.033718858 0.011467516 0.25496411 -0.033718858 0.011467516 0.25496411 -0.03404177 0.011467516 0.25496411 -0.03404177 0.011467516 0.25496411 -0.03404177 0.011467516 0.24753715 -0.032911576 0.011467516 0.24753715 -0.032911576 0.011467516 0.24043308 -0.030328285 0.011467516 0.24043308 -0.030328285 0.011467516 0.23413633 -0.026130434 0.011467516 0.23413633 -0.026130434 0.011467516 0.22896974 -0.020640938 0.011467516 0.22896974 -0.020640938 0.011467516 0.22509478 -0.014182705 0.011467516 0.22509478 -0.014182705 0.011467516 0.22267295 -0.0070786513 0.011467516 0.22267295 -0.0070786513 0.011467516 0.22202714 0.00050977245 0.011467516 0.22202714 0.00050977245 0.011467516 0.22299586 0.0079367384 0.011467516 0.22299586 0.0079367384 0.011467516 0.22557916 0.015040796 0.011467516 0.22557916 0.015040796 0.011467516 0.22961555 0.021499027 0.011467516 0.22961555 0.021499027 0.011467516 0.23494358 0.026665613 0.011467516 0.23494358 0.026665613 0.011467516 0.24140184 0.03070201 0.011467516 0.24140184 0.03070201 0.011467516 0.24850588 0.033123843 0.011467516 0.24850588 0.033123843 0.011467516 0.25593287 0.033931121 0.011467516 0.25593287 0.033931121 0.011467516 0.26352125 0.033123843 0.011467516 0.26352125 0.033123843 0.011467516 0.27062535 0.03070201 0.011467516 0.27062535 0.03070201 0.011467516 0.27708358 0.026665613 0.011467516 0.27708358 0.026665613 0.011467516 0.28241158 0.021499027 0.011467516 0.28241158 0.021499027 0.011467516 0.286448 0.015040796 0.011467516 0.286448 0.015040796 0.011467516 0.28903127 0.0079367384 0.011467516 0.28903127 0.0079367384 0.011467516 0.29000002 0.00050977245 0.011467516 0.29000002 0.00050977245 0.011467516 0.28919274 -0.0070786513 0.011467516 0.28919274 -0.0070786513 0.011467516 0.28693235 -0.014182705 0.011467516 0.28693235 -0.014182705 0.011467516 0.28305739 -0.020640938 0.011467516 0.28305739 -0.020640938 0.011467516 0.27772939 -0.026130434 0.011467516 0.27772939 -0.026130434 0.011467516 0.27159405 -0.030328285 0.011467516 0.27159405 -0.030328285 0.011467516 0.26449001 -0.032911576 0.011467516 0.26449001 -0.032911576 0.011467516 0.25706303 -0.03404177 0.011467516 0.25706303 -0.03404177 0.011467516 0.25706303 -0.03404177 0.011467516 0.25706303 -0.033718858 0.011467516 0.25706303 -0.033718858 0.011467516 0.25706303 -0.033718858 0.011467516 0.25593287 -0.033718858 0.011467516 0.25593287 -0.033718858 0.011467516 0.25593287 -0.033718858 0.011467516 0.24850588 -0.032911576 0.011467516 0.24140184 -0.030328285 0.011467516 0.23494358 -0.02629189 0.011467516 0.22961555 -0.020963848 0.011467516 0.22557916 -0.014667071 0.011467516 0.22315733 -0.0075630173 0.011467516 0.22235005 2.540648e-05 0.011467516 0.22315733 0.0074523725 0.011467516 0.22557916 0.014556427 0.011467516 0.22961555 0.021014661 0.011467516 0.23494358 0.026342697 0.011467516 0.24140184 0.030379094 0.011467516 0.24850588 0.032800935 0.011467516 0.25593287 0.033769667 0.011467516 0.26352125 0.032800935 0.011467516 0.27062535 0.030379094 0.011467516 0.27708358 0.026342697 0.011467516 0.28241158 0.021014661 0.011467516 0.28628653 0.014556427 0.011467516 0.28886986 0.0074523725 0.011467516 0.28967708 2.540648e-05 0.011467516 0.28886986 -0.0075630173 0.011467516 0.28628653 -0.014667071 0.011467516 0.28241158 -0.020963848 0.011467516 0.27708358 -0.02629189 0.011467516 0.27062535 -0.030328285 0.011467516 0.26352125 -0.032911576 0.011467516 0.16244994 -0.025968978 -0.017110161 0.16244994 -0.025968978 -0.017110161 0.16244994 2.540648e-05 4.157424e-06 0.16244994 -0.02128676 -0.022599656 0.16244994 -0.02128676 -0.022599656 0.16244994 -0.015474351 -0.026797507 0.16244994 -0.015474351 -0.026797507 0.16244994 -0.0088546649 -0.029703714 0.16244994 -0.0088546649 -0.029703714 0.16244994 -0.001750607 -0.030995358 0.16244994 -0.001750607 -0.030995358 0.16244994 0.005353447 -0.030510992 0.16244994 0.005353447 -0.030510992 0.16244994 0.012296047 -0.028412066 0.16244994 0.012296047 -0.028412066 0.16244994 0.018431365 -0.024860039 0.16244994 0.018431365 -0.024860039 0.16244994 0.02375941 -0.019854907 0.16244994 0.02375941 -0.019854907 0.16244994 0.027634345 -0.013881043 0.16244994 0.027634345 -0.013881043 0.16244994 0.03021764 -0.0070999004 0.16244994 0.03021764 -0.0070999004 0.16244994 0.031024918 4.157424e-06 0.16244994 0.031024918 4.157424e-06 0.16244994 0.03021764 0.0071082115 0.16244994 0.03021764 0.0071082115 0.16244994 0.027634345 0.01388935 0.16244994 0.027634345 0.01388935 0.16244994 0.02375941 0.019863218 0.16244994 0.02375941 0.019863218 0.16244994 0.02375941 0.019863218 0.16244994 0.018431365 0.024868347 0.16244994 0.018431365 0.024868347 0.16244994 0.012296047 0.028420374 0.16244994 0.012296047 0.028420374 0.16244994 0.005353447 0.030519299 0.16244994 0.005353447 0.030519299 0.16244994 -0.001750607 0.031003669 0.16244994 -0.001750607 0.031003669 0.16244994 -0.0088546649 0.029712021 0.16244994 -0.0088546649 0.029712021 0.16244994 -0.015474351 0.026805818 0.16244994 -0.015474351 0.026805818 0.16244994 -0.02128676 0.022607967 0.16244994 -0.02128676 0.022607967 0.16244994 -0.025968978 0.016957015 0.16244994 -0.025968978 0.016957015 0.16244994 -0.029198095 0.010660239 0.16244994 -0.029198095 0.010660239 0.16244994 -0.030812651 0.0035561845 0.16244994 -0.030812651 0.0035561845 0.16244994 -0.030812651 -0.0035478696 0.16244994 -0.030812651 -0.0035478696 0.16244994 -0.029198095 -0.010651927 0.16244994 -0.029198095 -0.010651927 0.15243968 -0.025968978 -0.017110161 0.15243968 -0.025968978 -0.017110161 0.15243968 -0.02128676 -0.022599656 0.15243968 -0.02128676 -0.022599656 0.15243968 -0.015474351 -0.026797507 0.15243968 -0.015474351 -0.026797507 0.15243968 -0.0088546649 -0.029703714 0.15243968 -0.0088546649 -0.029703714 0.15243968 -0.001750607 -0.030995358 0.15243968 -0.001750607 -0.030995358 0.15243968 0.005353447 -0.030510992 0.15243968 0.005353447 -0.030510992 0.15243968 0.012296047 -0.028412066 0.15243968 0.012296047 -0.028412066 0.15243968 0.018431365 -0.024860039 0.15243968 0.018431365 -0.024860039 0.15243968 0.02375941 -0.019854907 0.15243968 0.02375941 -0.019854907 0.15243968 0.027634345 -0.013881043 0.15243968 0.027634345 -0.013881043 0.15243968 0.03021764 -0.0070999004 0.15243968 0.03021764 -0.0070999004 0.15243968 0.031024918 4.157424e-06 0.15243968 0.031024918 4.157424e-06 0.15243968 0.03021764 0.0071082115 0.15243968 0.03021764 0.0071082115 0.15243968 0.027634345 0.01388935 0.15243968 0.027634345 0.01388935 0.15243968 0.02375941 0.019863218 0.15243968 0.02375941 0.019863218 0.15243968 0.018431365 0.024868347 0.15243968 0.018431365 0.024868347 0.15243968 0.018431365 0.024868347 0.15243968 0.012296047 0.028420374 0.15243968 0.012296047 0.028420374 0.15243968 0.005353447 0.030519299 0.15243968 0.005353447 0.030519299 0.15243968 -0.001750607 0.031003669 0.15243968 -0.001750607 0.031003669 0.15243968 -0.0088546649 0.029712021 0.15243968 -0.0088546649 0.029712021 0.15243968 -0.015474351 0.026805818 0.15243968 -0.015474351 0.026805818 0.15243968 -0.02128676 0.022607967 0.15243968 -0.02128676 0.022607967 0.15243968 -0.025968978 0.016957015 0.15243968 -0.025968978 0.016957015 0.15243968 -0.029198095 0.010660239 0.15243968 -0.029198095 0.010660239 0.15243968 -0.030812651 0.0035561845 0.15243968 -0.030812651 0.0035561845 0.15243968 -0.030812651 -0.0035478696 0.15243968 -0.030812651 -0.0035478696 0.15243968 -0.029198095 -0.010651927 0.15243968 -0.029198095 -0.010651927 0.15243968 -0.033880312 -0.0087144598 0.15243968 -0.033880312 -0.0087144598 0.15243968 -0.031135563 -0.015979968 0.15243968 -0.031135563 -0.015979968 0.15243968 -0.026937712 -0.022438202 0.15243968 -0.026937712 -0.022438202 0.15243968 -0.02128676 -0.027766243 0.15243968 -0.02128676 -0.027766243 0.15243968 -0.014667071 -0.031802639 0.15243968 -0.014667071 -0.031802639 0.15243968 -0.0072401054 -0.034224473 0.15243968 -0.0072401054 -0.034224473 0.15243968 0.00050977245 -0.035031755 0.15243968 0.00050977245 -0.035031755 0.15243968 0.0082596503 -0.034063019 0.15243968 0.0082596503 -0.034063019 0.15243968 0.015525162 -0.03131827 0.15243968 0.015525162 -0.03131827 0.15243968 0.021983393 -0.027120419 0.15243968 0.021983393 -0.027120419 0.15243968 0.027472891 -0.02163092 0.15243968 0.027472891 -0.02163092 0.15243968 0.031670742 -0.015011236 0.15243968 0.031670742 -0.015011236 0.15243968 0.034092575 -0.0077457242 0.15243968 0.034092575 -0.0077457242 0.15243968 0.035061315 4.157424e-06 0.15243968 0.035061315 4.157424e-06 0.15243968 0.034092575 0.0077540353 0.15243968 0.034092575 0.0077540353 0.15243968 0.031670742 0.015019543 0.15243968 0.031670742 0.015019543 0.15243968 0.027472891 0.021639235 0.15243968 0.027472891 0.021639235 0.15243968 0.021983393 0.027128726 0.15243968 0.021983393 0.027128726 0.15243968 0.015525162 0.031326577 0.15243968 0.015525162 0.031326577 0.15243968 0.0082596503 0.034071326 0.15243968 0.0082596503 0.034071326 0.15243968 0.00050977245 0.035040066 0.15243968 0.00050977245 0.035040066 0.15243968 -0.0072401054 0.034232788 0.15243968 -0.0072401054 0.034232788 0.15243968 -0.014667071 0.031810947 0.15243968 -0.014667071 0.031810947 0.15243968 -0.02128676 0.02777455 0.15243968 -0.02128676 0.02777455 0.15243968 -0.026937712 0.022446513 0.15243968 -0.026937712 0.022446513 0.15243968 -0.031135563 0.015988275 0.15243968 -0.031135563 0.015988275 0.15243968 -0.033880312 0.0087227672 0.15243968 -0.033880312 0.0087227672 0.15243968 -0.035010502 0.00097288936 0.15243968 -0.035010502 0.00097288936 0.15243968 -0.035010502 0.00097288936 0.15243968 -0.03468759 0.00097288936 0.15243968 -0.03468759 0.00097288936 0.15243968 -0.03468759 0.00097288936 0.15243968 -0.03468759 -0.00096458197 0.15243968 -0.03468759 -0.00096458197 0.15243968 -0.03468759 -0.00096458197 0.15243968 -0.035010502 -0.00096458197 0.15243968 -0.035010502 -0.00096458197 0.15243968 -0.035010502 -0.00096458197 0.15502298 -0.03468759 -0.00096458197 0.15502298 -0.03468759 -0.00096458197 0.15502298 -0.03468759 -0.00096458197 0.15502298 -0.035010502 -0.00096458197 0.15502298 -0.035010502 -0.00096458197 0.15502298 -0.035010502 -0.00096458197 0.15502298 -0.033880312 -0.0087144598 0.15502298 -0.033880312 -0.0087144598 0.15502298 -0.031135563 -0.015979968 0.15502298 -0.031135563 -0.015979968 0.15502298 -0.026937712 -0.022438202 0.15502298 -0.026937712 -0.022438202 0.15502298 -0.02128676 -0.027766243 0.15502298 -0.02128676 -0.027766243 0.15502298 -0.014667071 -0.031802639 0.15502298 -0.014667071 -0.031802639 0.15502298 -0.0072401054 -0.034224473 0.15502298 -0.0072401054 -0.034224473 0.15502298 0.00050977245 -0.035031755 0.15502298 0.00050977245 -0.035031755 0.15502298 0.0082596503 -0.034063019 0.15502298 0.0082596503 -0.034063019 0.15502298 0.015525162 -0.03131827 0.15502298 0.015525162 -0.03131827 0.15502298 0.021983393 -0.027120419 0.15502298 0.021983393 -0.027120419 0.15502298 0.027472891 -0.02163092 0.15502298 0.027472891 -0.02163092 0.15502298 0.031670742 -0.015011236 0.15502298 0.031670742 -0.015011236 0.15502298 0.034092575 -0.0077457242 0.15502298 0.034092575 -0.0077457242 0.15502298 0.035061315 4.157424e-06 0.15502298 0.035061315 4.157424e-06 0.15502298 0.034092575 0.0077540353 0.15502298 0.034092575 0.0077540353 0.15502298 0.031670742 0.015019543 0.15502298 0.031670742 0.015019543 0.15502298 0.027472891 0.021639235 0.15502298 0.027472891 0.021639235 0.15502298 0.021983393 0.027128726 0.15502298 0.021983393 0.027128726 0.15502298 0.015525162 0.031326577 0.15502298 0.015525162 0.031326577 0.15502298 0.0082596503 0.034071326 0.15502298 0.0082596503 0.034071326 0.15502298 0.00050977245 0.035040066 0.15502298 0.00050977245 0.035040066 0.15502298 -0.0072401054 0.034232788 0.15502298 -0.0072401054 0.034232788 0.15502298 -0.014667071 0.031810947 0.15502298 -0.014667071 0.031810947 0.15502298 -0.02128676 0.02777455 0.15502298 -0.02128676 0.02777455 0.15502298 -0.026937712 0.022446513 0.15502298 -0.026937712 0.022446513 0.15502298 -0.031135563 0.015988275 0.15502298 -0.031135563 0.015988275 0.15502298 -0.033880312 0.0087227672 0.15502298 -0.033880312 0.0087227672 0.15502298 -0.035010502 0.00097288936 0.15502298 -0.035010502 0.00097288936 0.15502298 -0.035010502 0.00097288936 0.15502298 -0.03468759 0.00097288936 0.15502298 -0.03468759 0.00097288936 0.15502298 -0.03468759 0.00097288936 0.15502298 -0.03468759 4.157424e-06 0.15502298 -0.03468759 4.157424e-06 0.15502298 -0.03468759 4.157424e-06 0.15502298 -0.033880312 -0.0077457242 0.15502298 -0.031297021 -0.015011236 0.15502298 -0.02709917 -0.02163092 0.15502298 -0.021609671 -0.027120419 0.15502298 -0.014989983 -0.03131827 0.15502298 -0.0077244714 -0.033901565 0.15502298 2.540648e-05 -0.034708843 0.15502298 0.0077752843 -0.033901565 0.15502298 0.015040796 -0.03131827 0.15502298 0.021660481 -0.027120419 0.15502298 0.027149983 -0.02163092 0.15502298 0.031186372 -0.015011236 0.15502298 0.033769667 -0.0077457242 0.15502298 0.034738399 4.157424e-06 0.15502298 0.033769667 0.0077540353 0.15502298 0.031186372 0.015019543 0.15502298 0.027149983 0.021639235 0.15502298 0.021660481 0.027128726 0.15502298 0.015040796 0.031326577 0.15502298 0.0077752843 0.033909872 0.15502298 2.540648e-05 0.03471715 0.15502298 -0.0077244714 0.033909872 0.15502298 -0.014989983 0.031326577 0.15502298 -0.021609671 0.027128726 0.15502298 -0.02709917 0.021639235 0.15502298 -0.031297021 0.015019543 0.15502298 -0.033880312 0.0077540353 0.25593287 0.024728142 -0.064578168 0.25593287 0.026827067 -0.063770883 0.25754738 0.027472891 -0.063609429 0.23881854 0.029410362 0.0043634623 0.23881854 0.029410362 0.0043634623 0.23704253 0.028603084 0.0021030828 0.23736544 0.028603084 0.0043634623 0.23736544 0.028603084 0.0043634623 0.23591234 0.027634345 0.0043634623 0.23591234 0.027634345 0.0043634623 0.23316757 0.025373966 0.0043634623 0.23316757 0.025373966 0.0043634623 0.23300613 0.025373966 0.0037176386 0.23106866 0.023436494 0.0042020082 0.23058428 0.022952132 0.0043634623 0.23058428 0.022952132 0.0043634623 0.22913118 0.021337572 0.0043634623 0.22913118 0.021337572 0.0043634623 0.22121985 0.0043847114 -0.00096458197 0.22041257 0.0011555962 -0.0022562295 0.22121985 0.00050977245 -0.00048021227 0.22138129 2.540648e-05 4.157424e-06 0.22138129 2.540648e-05 4.157424e-06 0.22138129 2.540648e-05 4.157424e-06 0.22186567 2.540648e-05 0.0014572591 0.22186567 2.540648e-05 0.0019416213 0.22186567 2.540648e-05 0.0019416213 0.22186567 -0.00013605133 0.0014572591 0.22186567 -0.00013605133 0.0014572591 0.22186567 -0.00013605133 0.0014572591 0.22121985 -0.0006204173 -0.00048021227 0.22057404 2.540648e-05 -0.002094768 0.21944384 0.00180142 -0.0038707852 0.22041257 0.0048690811 -0.0027405918 0.22154276 0.0079367384 -0.0017718598 0.22202714 0.0076138265 0.00016561151 0.22331877 0.010358576 0.0032332689 0.22251149 0.0071294606 0.0022645369 0.22186567 0.0039003454 0.00097288936 0.22218858 0.0035774335 0.0032332689 0.22202714 2.540648e-05 0.0037176386 0.22218858 -0.0035266206 0.0032332689 0.22186567 -0.0038495325 0.00097288936 0.22041257 -0.001104787 -0.0022562295 0.21944384 -0.001750607 -0.0038707852 0.21928237 2.540648e-05 -0.0038707852 0.21799074 2.540648e-05 -0.0053238869 0.21815218 0.0026086979 -0.0053238869 0.21944384 0.0055149011 -0.0043551549 0.22202714 0.011488765 -0.0029020533 0.22251149 0.0110044 -0.00096458197 0.22380315 0.013910603 -0.00031875819 0.22444896 0.013426237 0.0040405467 0.22719373 0.018592823 0.0043634623 0.22719373 0.018592823 0.0043634623 0.22557916 0.015848074 0.0040405467 0.22557916 0.015686616 0.0043634623 0.22557916 0.015686616 0.0043634623 0.22412606 0.012618959 0.0043634623 0.22412606 0.012618959 0.0043634623 0.22348024 0.010358576 0.0043634623 0.22348024 0.010358576 0.0043634623 0.22267295 0.0071294606 0.0043634623 0.22267295 0.0071294606 0.0043634623 0.22251149 0.0066450946 0.0043634623 0.22251149 0.0066450946 0.0043634623 0.22218858 0.0035774335 0.0043634623 0.22218858 0.0035774335 0.0043634623 0.22202714 0.0013170503 0.0043634623 0.22202714 0.0013170503 0.0043634623 0.22202714 2.540648e-05 0.0043634623 0.22202714 2.540648e-05 0.0043634623 0.22218858 -0.0040109903 0.0043634623 0.22218858 -0.0040109903 0.0043634623 0.22283439 -0.0075630173 0.0043634623 0.22283439 -0.0075630173 0.0043634623 0.22251149 -0.0072401054 0.0022645369 0.22299586 -0.008531753 0.0043634623 0.22299586 -0.008531753 0.0043634623 0.22396459 -0.011922324 0.0043634623 0.22396459 -0.011922324 0.0043634623 0.22331877 -0.010307766 0.0032332689 0.22202714 -0.0075630173 0.00016561151 0.22121985 -0.0043339022 -0.00096458197 0.22041257 -0.0048182681 -0.0027405918 0.21815218 -0.0025578886 -0.0053238869 0.21686055 2.540648e-05 -0.0061311647 0.21605326 2.540648e-05 -0.0067769885 0.21653764 0.0034159757 -0.0066155344 0.21815218 0.0063221827 -0.0058082528 0.22121985 0.011973135 -0.004516609 0.22121985 0.011973135 -0.004516609 0.2242875 0.017139722 -0.0041936934 0.22525625 0.016493898 -0.00015730411 0.22687079 0.019077189 4.157424e-06 0.22864683 0.021499027 -0.00015730411 0.23236029 0.025373966 -0.001126036 0.23639669 0.028441623 -0.0027405918 0.24043308 0.030863464 -0.0051624291 0.24188618 0.031024918 0.0043634623 0.24188618 0.031024918 0.0043634623 0.28677088 0.013587691 -0.057958476 0.28531778 0.01633244 -0.058442846 0.28709382 0.013749149 -0.055859551 0.28564072 0.016655352 -0.056505375 0.2835418 0.018915735 -0.058927212 0.28386468 0.019238647 -0.056989744 0.28160429 0.021337572 -0.05908867 0.28192723 0.021660481 -0.057151198 0.27950537 0.023436494 -0.05908867 0.27998978 0.023920864 -0.057312652 0.27772939 0.026019789 -0.057151198 0.27498466 0.027472891 -0.058765754 0.27530754 0.027795799 -0.056828286 0.27272427 0.029571816 -0.056505375 0.27240133 0.029248908 -0.058442846 0.26981807 0.031024918 -0.055698097 0.2696566 0.030863464 -0.057797022 0.2667504 0.032155111 -0.056989744 0.26917225 0.030379094 -0.059573036 0.27175552 0.028603084 -0.060057402 0.27433878 0.026827067 -0.060380314 0.27885956 0.02279067 -0.060703225 0.28289598 0.018269911 -0.060541771 0.28467196 0.015848074 -0.060218859 0.28628653 0.013103325 -0.05973449 0.28822398 0.010681488 -0.057151198 0.28773963 0.010197122 -0.058927212 0.28919274 0.0072909147 -0.056021009 0.28886986 0.0071294606 -0.058119934 0.28467196 -0.015797263 -0.060218859 0.28531778 -0.016281631 -0.058442846 0.28289598 -0.0182191 -0.060541771 0.2835418 -0.018864922 -0.058927212 0.28192723 -0.021609671 -0.057151198 0.28386468 -0.019187834 -0.056989744 0.28564072 -0.016604543 -0.056505375 0.28709382 -0.013859794 -0.055859551 0.28677088 -0.013536882 -0.057958476 0.28628653 -0.013052514 -0.05973449 0.28822398 -0.010630677 -0.057151198 0.28773963 -0.010307766 -0.058927212 0.28919274 -0.0074015632 -0.056021009 0.28886986 -0.0070786513 -0.058119934 0.28709382 -0.0095004868 -0.060541771 0.28838545 -0.0065942816 -0.05973449 0.28935421 -0.0032037124 -0.0586043 0.28967708 -0.0036880784 -0.056666829 0.28951567 -0.0035266206 -0.057635564 0.29000002 2.540648e-05 -0.055859551 0.28967708 2.540648e-05 -0.057635564 0.28967708 0.0035774335 -0.056666829 0.28838545 0.0064836368 -0.05973449 0.28935421 0.0032545216 -0.0586043 0.28967708 0.0014785081 -0.057797022 0.29000002 0.0016399622 -0.055859551 0.28919274 2.540648e-05 -0.059250124 0.28677088 2.540648e-05 -0.062156327 0.28806257 2.540648e-05 -0.06086468 0.28628653 -0.00029750541 -0.062479239 0.28757817 -0.001589153 -0.061349049 0.28854692 -0.0025578886 -0.060057402 0.28741676 -0.005625546 -0.061187591 0.28612506 -0.008531753 -0.061833415 0.28451049 -0.0112765 -0.062317785 0.28547925 -0.012245236 -0.061187591 0.28386468 -0.014989983 -0.061510503 0.28386468 -0.014989983 -0.061510503 0.28192723 -0.017411821 -0.061833415 0.27885956 -0.022901319 -0.060703225 0.27950537 -0.023547141 -0.05908867 0.27998978 -0.023870053 -0.057312652 0.27772939 -0.025968978 -0.057151198 0.27724499 -0.025646066 -0.05908867 0.2696566 -0.030812651 -0.057797022 0.27240133 -0.029198095 -0.058442846 0.26981807 -0.030974109 -0.055698097 0.27272427 -0.029521007 -0.056505375 0.27498466 -0.027583536 -0.058765754 0.27530754 -0.027906448 -0.056828286 0.27433878 -0.028713726 -0.055375185 0.27789086 -0.026130434 -0.055375185 0.27998978 -0.024031509 -0.055375185 0.2820887 -0.021771127 -0.055375185 0.28402615 -0.01934929 -0.055375185 0.28467196 -0.018380556 -0.055375185 0.28564072 -0.016604543 -0.055375185 0.28709382 -0.013859794 -0.055375185 0.28773963 -0.01208378 -0.055375185 0.2879011 -0.011760868 -0.055375185 0.28822398 -0.010792132 -0.055375185 0.28919274 -0.0074015632 -0.055375185 0.28951567 -0.0059484579 -0.055375185 0.28967708 -0.004656814 -0.055375185 0.29000002 -0.0007818751 -0.055375185 0.29000002 2.540648e-05 -0.055375185 0.29000002 0.00067123026 -0.055375185 0.28967708 0.0047076233 -0.055375185 0.28951567 0.005837813 -0.055375185 0.28919274 0.0072909147 -0.055375185 0.28822398 0.010681488 -0.055375185 0.2879011 0.011811677 -0.055375185 0.28773963 0.012134589 -0.055375185 0.28709382 0.013749149 -0.055375185 0.28564072 0.016655352 -0.055375185 0.28467196 0.018269911 -0.055375185 0.28402615 0.019400101 -0.055375185 0.2820887 0.021821938 -0.055375185 0.27998978 0.024082318 -0.055375185 0.27789086 0.026019789 -0.055375185 0.27433878 0.028603084 -0.055375185 0.27272427 0.029571816 -0.055375185 0.26981807 0.031024918 -0.055375185 0.26901078 0.031509288 -0.055375185 0.26771909 0.031832196 -0.055375185 0.2667504 0.032316566 -0.055375185 0.26271397 0.033285297 -0.055375185 0.26335979 0.033123843 -0.055375185 0.26335979 0.033123843 -0.055698097 0.26626599 0.031832196 -0.058765754 0.26449001 0.030056186 -0.061510503 0.26545876 0.031024918 -0.060380314 0.26723474 0.028441623 -0.062156327 0.26836497 0.029571816 -0.061026137 0.26836497 0.029571816 -0.061026137 0.27094823 0.027795799 -0.061510503 0.27337009 0.026019789 -0.061833415 0.27789086 0.021983393 -0.061994873 0.28192723 0.01746263 -0.061833415 0.28386468 0.014879338 -0.061510503 0.28547925 0.012296047 -0.061187591 0.28709382 0.0095512979 -0.060541771 0.28612506 0.0085825622 -0.061833415 0.28741676 0.0056763589 -0.061187591 0.28854692 0.0024472438 -0.060057402 0.28757817 0.0014785081 -0.061349049 0.28628653 0.00034831837 -0.062479239 0.2849949 2.540648e-05 -0.063286521 0.2849949 -0.0032037124 -0.063125059 0.28628653 -0.0044953562 -0.062317785 0.28483343 -0.0074015632 -0.062963605 0.28321886 -0.0099848546 -0.063447975 0.28079706 -0.016281631 -0.062963605 0.27789086 -0.021932583 -0.061994873 0.27433878 -0.026937712 -0.060380314 0.27175552 -0.028713726 -0.060057402 0.26917225 -0.030328285 -0.059573036 0.26626599 -0.031781387 -0.058765754 0.2667504 -0.032104298 -0.056989744 0.26771909 -0.031942844 -0.055375185 0.26901078 -0.031458475 -0.055375185 0.26981807 -0.030974109 -0.055375185 0.27272427 -0.029521007 -0.055375185 0.27433878 -0.028713726 0.0043634623 0.27433878 -0.028713726 0.0043634623 0.27998978 -0.024031509 0.0043634623 0.27998978 -0.024031509 0.0043634623 0.28467196 -0.018380556 0.0043634623 0.28467196 -0.018380556 0.0043634623 0.2879011 -0.011760868 0.0043634623 0.2879011 -0.011760868 0.0043634623 0.28967708 -0.004656814 0.0043634623 0.28967708 -0.004656814 0.0043634623 0.29000002 2.540648e-05 0.0043634623 0.29000002 2.540648e-05 0.0043634623 0.28967708 0.0047076233 0.0043634623 0.28967708 0.0047076233 0.0043634623 0.2879011 0.011811677 0.0043634623 0.2879011 0.011811677 0.0043634623 0.28467196 0.018269911 0.0043634623 0.28467196 0.018269911 0.0043634623 0.27998978 0.024082318 0.0043634623 0.27998978 0.024082318 0.0043634623 0.27433878 0.028603084 0.0043634623 0.27433878 0.028603084 0.0043634623 0.26771909 0.031832196 0.0043634623 0.26771909 0.031832196 0.0043634623 0.26061505 0.033608213 0.0043634623 0.26061505 0.033608213 0.0043634623 0.25141209 0.033769667 -0.0022562295 0.25593287 0.033931121 -0.005000975 0.25593287 0.033931121 -0.0064540766 0.25593287 0.033931121 -0.0069384463 0.25593287 0.033931121 0.0043634623 0.25593287 0.033931121 0.0043634623 0.25318807 0.033931121 0.0043634623 0.25318807 0.033931121 0.0043634623 0.24963607 0.033446759 0.0043634623 0.24963607 0.033446759 0.0043634623 0.24866734 0.033285297 0.0043634623 0.24866734 0.033285297 0.0043634623 0.24721424 0.032962389 0.0043634623 0.24721424 0.032962389 0.0043634623 0.24527676 0.032316566 0.0043634623 0.24527676 0.032316566 0.0043634623 0.24672987 0.032800935 0.0016187131 0.24899025 0.033446759 -0.011620663 0.25334954 0.033931121 -0.015334144 0.25593287 0.033931121 -0.018078893 0.25593287 0.033931121 -0.023891304 0.25512558 0.033931121 -0.027604789 0.25593287 0.033931121 -0.028734978 0.26061505 0.033608213 -0.055375185 0.25964636 0.033769667 -0.055375185 0.25964636 0.033769667 -0.056343921 0.26319838 0.032962389 -0.057797022 0.26255256 0.032316566 -0.059411578 0.26158381 0.031509288 -0.06086468 0.26045358 0.030379094 -0.061833415 0.26335979 0.028764538 -0.062640697 0.26594311 0.027149983 -0.063125059 0.27223986 0.024889596 -0.062963605 0.27676064 0.020853203 -0.063125059 0.28079706 0.01633244 -0.062963605 0.28451049 0.011327311 -0.062317785 0.28321886 0.010035664 -0.063447975 0.28483343 0.0074523725 -0.062963605 0.28628653 0.0045461692 -0.062317785 0.2849949 0.0032545216 -0.063125059 0.2835418 0.00180142 -0.063932344 0.28257304 2.540648e-05 -0.064255252 0.2835418 -0.001750607 -0.063932344 0.28176576 -0.0086932071 -0.064255252 0.27950537 -0.014989983 -0.063932344 0.27676064 -0.020802394 -0.063125059 0.27337009 -0.025968978 -0.061833415 0.27094823 -0.027744992 -0.061510503 0.26836497 -0.029521007 -0.061026137 0.26545876 -0.030974109 -0.060380314 0.26255256 -0.03242721 -0.059411578 0.26319838 -0.032911576 -0.057797022 0.26335979 -0.033234488 -0.055698097 0.26335979 -0.033234488 -0.055375185 0.2667504 -0.032265753 -0.055375185 0.26771909 -0.031942844 0.0043634623 0.26771909 -0.031942844 0.0043634623 0.26352125 -0.032911576 0.0043634623 0.27062535 -0.030328285 0.0043634623 0.27708358 -0.02629189 0.0043634623 0.28241158 -0.020963848 0.0043634623 0.28628653 -0.014667071 0.0043634623 0.28886986 -0.0075630173 0.0043634623 0.28967708 2.540648e-05 0.0043634623 0.28886986 0.0074523725 0.0043634623 0.28628653 0.014556427 0.0043634623 0.28241158 0.021014661 0.0043634623 0.27708358 0.026342697 0.0043634623 0.27062535 0.030379094 0.0043634623 0.26352125 0.032800935 0.0043634623 0.25593287 0.033769667 0.0043634623 0.24850588 0.032800935 0.0043634623 0.24140184 0.030379094 0.0043634623 0.23494358 0.026342697 0.0043634623 0.22961555 0.021014661 0.0043634623 0.22557916 0.014556427 0.0043634623 0.22315733 0.0074523725 0.0043634623 0.22235005 2.540648e-05 0.0043634623 0.22315733 -0.0075630173 0.0043634623 0.22557916 -0.014667071 0.0043634623 0.22525625 -0.014989983 0.0043634623 0.22525625 -0.014989983 0.0043634623 0.22961555 -0.020963848 0.0043634623 0.23187594 -0.024192965 0.0043634623 0.23187594 -0.024192965 0.0043634623 0.23494358 -0.02629189 0.0043634623 0.23445924 -0.026453346 0.0043634623 0.23445924 -0.026453346 0.0043634623 0.23558943 -0.027422082 0.0043634623 0.23558943 -0.027422082 0.0043634623 0.23736544 -0.028552271 0.0043634623 0.23736544 -0.028552271 0.0043634623 0.25593287 -0.03404177 -0.005000975 0.25593287 -0.03404177 0.0043634623 0.25593287 -0.03404177 0.0043634623 0.25238085 -0.033880312 0.0043634623 0.25238085 -0.033880312 0.0043634623 0.25593287 -0.033718858 0.0043634623 0.24850588 -0.032911576 0.0043634623 0.24882878 -0.033234488 0.0043634623 0.24882878 -0.033234488 0.0043634623 0.24721424 -0.032911576 0.0043634623 0.24721424 -0.032911576 0.0043634623 0.24543823 -0.03242721 0.0043634623 0.24543823 -0.03242721 0.0043634623 0.24140184 -0.030328285 0.0043634623 0.24495386 -0.032265753 0.0043634623 0.24495386 -0.032265753 0.0043634623 0.24156328 -0.030974109 0.0043634623 0.24156328 -0.030974109 0.0043634623 0.23849563 -0.029359549 0.0043634623 0.23849563 -0.029359549 0.0043634623 0.23704253 -0.028552271 0.0021030828 0.23300613 -0.025323156 0.0037176386 0.23106866 -0.023385685 0.0042020082 0.22945409 -0.021771127 0.0043634623 0.22945409 -0.021771127 0.0043634623 0.22751664 -0.019026378 0.0043634623 0.22751664 -0.019026378 0.0043634623 0.22687079 -0.018057644 0.0043634623 0.22687079 -0.018057644 0.0043634623 0.22541769 -0.015797263 0.0038790926 0.22444896 -0.013375426 0.0040405467 0.22251149 -0.010953588 -0.00096458197 0.22154276 -0.0080473833 -0.0017718598 0.21944384 -0.005625546 -0.0043551549 0.21815218 -0.0062713698 -0.0058082528 0.21653764 -0.0035266206 -0.0066155344 0.21492307 -0.0006204173 -0.0072613545 0.21411578 2.540648e-05 -0.0075842664 0.21492307 0.00067123026 -0.0072613545 0.21492307 0.0045461692 -0.0074228123 0.21686055 0.0071294606 -0.0069384463 0.22025113 0.012618959 -0.0061311647 0.22364168 0.017624088 -0.0059697106 0.22783954 0.021821938 -0.004516609 0.23171447 0.02553542 -0.0056467988 0.23558943 0.028603084 -0.0074228123 0.2396258 0.030863464 -0.0098446496 0.24479239 0.03247802 -0.0080686361 0.2465684 0.033285297 -0.020500731 0.25076628 0.033769667 -0.024052758 0.25221938 0.033931121 -0.035839032 0.25593287 0.033931121 -0.038583782 0.25593287 0.033931121 -0.048109673 0.25770885 0.033931121 -0.055375185 0.25754738 0.033931121 -0.055375185 0.25770885 0.033931121 -0.055536639 0.25948489 0.033608213 -0.05747411 0.25916195 0.033285297 -0.058281388 0.25883907 0.032962389 -0.05908867 0.25851613 0.032639474 -0.05973449 0.25738597 0.031509288 -0.061026137 0.25625575 0.030379094 -0.061994873 0.25916195 0.028925993 -0.062802151 0.26449001 0.025696874 -0.063932344 0.27094823 0.023597948 -0.063770883 0.27546901 0.019400101 -0.064093798 0.27950537 0.015040796 -0.063932344 0.27805227 0.013426237 -0.064739622 0.28176576 0.0085825622 -0.064255252 0.28015119 0.0069680065 -0.064901076 0.28192723 0.0045461692 -0.064416707 0.27966684 2.540648e-05 -0.065223984 0.28015119 -0.0070786513 -0.064901076 0.27643776 -0.011760868 -0.065385446 0.27805227 -0.013536882 -0.064739622 0.27546901 -0.019510746 -0.064093798 0.27223986 -0.024838788 -0.062963605 0.26723474 -0.028390815 -0.062156327 0.26449001 -0.030005373 -0.061510503 0.26045358 -0.030328285 -0.061833415 0.26335979 -0.028875183 -0.062640697 0.26158381 -0.031458475 -0.06086468 0.25916195 -0.033395946 -0.058281388 0.25964636 -0.033718858 -0.056343921 0.26271397 -0.033395946 -0.055375185 0.26061505 -0.033718858 0.0043634623 0.26061505 -0.033718858 0.0043634623 0.25593287 -0.03404177 -0.018078893 0.25593287 -0.03404177 -0.0069384463 0.25593287 -0.03404177 -0.0064540766 0.25141209 -0.033718858 -0.0022562295 0.24672987 -0.032750122 0.0016187131 0.24140184 -0.030974109 -0.00031875819 0.24043308 -0.030812651 -0.0051624291 0.23639669 -0.028552271 -0.0027405918 0.23236029 -0.025323156 -0.001126036 0.22864683 -0.021448215 -0.00015730411 0.22687079 -0.019026378 4.157424e-06 0.22525625 -0.016604543 -0.00015730411 0.22380315 -0.013859794 -0.00031875819 0.22202714 -0.011437956 -0.0029020533 0.22121985 -0.011922324 -0.004516609 0.21960528 -0.0091775768 -0.0051624291 0.21847509 -0.0099848546 -0.0064540766 0.21686055 -0.0072401054 -0.0069384463 0.21330853 -0.005625546 -0.0082300901 0.21492307 -0.0044953562 -0.0074228123 0.21314706 -0.0019120649 -0.0080686361 0.21201687 2.540648e-05 -0.0082300901 0.21007939 2.540648e-05 -0.0083915479 0.21314706 0.00180142 -0.0080686361 0.21330853 0.0056763589 -0.0082300901 0.21540745 0.0082596503 -0.0079071783 0.21540745 0.0082596503 -0.0079071783 0.21912093 0.013264779 -0.0075842664 0.22299586 0.018108454 -0.0077457242 0.22670935 0.022306308 -0.008553002 0.23058428 0.025858335 -0.0098446496 0.23462068 0.028603084 -0.011943575 0.23849563 0.030863464 -0.014365412 0.23736544 0.030863464 -0.018724717 0.24253203 0.032316566 -0.017271616 0.23994873 0.032155111 -0.025990229 0.24382366 0.033123843 -0.029219344 0.2480215 0.033608213 -0.032448459 0.24931316 0.033769667 -0.043750368 0.25399536 0.033931121 -0.046818025 0.25593287 0.033931121 -0.055375185 0.25593287 0.033769667 -0.057151198 0.25593287 0.033285297 -0.058765754 0.25593287 0.032639474 -0.05973449 0.25593287 0.032316566 -0.060218859 0.25593287 0.031024918 -0.061510503 0.25593287 0.029248908 -0.062640697 0.25270373 0.028925993 -0.062802151 0.25270373 0.024405234 -0.064578168 0.25593287 0.023597948 -0.064901076 0.26287544 0.024082318 -0.064578168 0.26771909 0.020368837 -0.065223984 0.27223986 0.01633244 -0.065385446 0.27643776 0.011811677 -0.065385446 0.27659917 0.0034159757 -0.065869808 0.27579188 2.540648e-05 -0.06603127 0.27659917 -0.0035266206 -0.065869808 0.27272427 -0.0082088411 -0.066192724 0.27223986 -0.016281631 -0.065385446 0.27094823 -0.023547141 -0.063770883 0.26594311 -0.027260624 -0.063125059 0.26449001 -0.025807522 -0.063932344 0.25916195 -0.029036637 -0.062802151 0.25625575 -0.030328285 -0.061994873 0.25738597 -0.031619933 -0.061026137 0.25851613 -0.032588668 -0.05973449 0.25674015 -0.033073034 -0.05908867 0.25738597 -0.033718858 -0.05747411 0.25770885 -0.033880312 -0.055536639 0.25754738 -0.03404177 -0.055375185 0.25770885 -0.033880312 -0.055375185 0.25964636 -0.033880312 -0.055375185 0.26061505 -0.033718858 -0.055375185 0.25593287 -0.03404177 -0.038583782 0.25593287 -0.03404177 -0.028734978 0.25512558 -0.03404177 -0.027604789 0.25593287 -0.03404177 -0.023891304 0.25334954 -0.033880312 -0.015334144 0.24899025 -0.033395946 -0.011620663 0.24479239 -0.03242721 -0.0080686361 0.2396258 -0.030812651 -0.0098446496 0.23558943 -0.028552271 -0.0074228123 0.23171447 -0.02548461 -0.0056467988 0.22783954 -0.021771127 -0.004516609 0.2242875 -0.017250365 -0.0041936934 0.22267295 -0.014667071 -0.0041936934 0.22186567 -0.015151439 -0.0059697106 0.22025113 -0.012568148 -0.0061311647 0.21912093 -0.013375426 -0.0075842664 0.21734492 -0.010792132 -0.0077457242 0.21540745 -0.0082088411 -0.0079071783 0.21379288 -0.0093390308 -0.0087144598 0.21169396 -0.0069171935 -0.008553002 0.21120958 -0.0032037124 -0.0083915479 0.20911066 -0.0007818751 -0.0083915479 0.20733465 2.540648e-05 -0.0082300901 0.20911066 0.00067123026 -0.0083915479 0.21120958 0.0030930638 -0.0083915479 0.21169396 0.0069680065 -0.008553002 0.21379288 0.0093898401 -0.0087144598 0.21379288 0.0093898401 -0.0087144598 0.21799074 0.014072061 -0.0087144598 0.22202714 0.018592823 -0.0091988258 0.22121985 0.019238647 -0.010651927 0.22025113 0.019884467 -0.012105029 0.22541769 0.023113586 -0.012105029 0.22945409 0.026342697 -0.013881043 0.23349048 0.028925993 -0.016141426 0.23219885 0.029248908 -0.020016365 0.23607378 0.031024918 -0.022922568 0.23688106 0.032155111 -0.034063019 0.24075599 0.032800935 -0.037292134 0.24495386 0.033446759 -0.040521249 0.24608405 0.033446759 -0.051338792 0.25092769 0.033931121 -0.054244995 0.24882878 0.033769667 -0.054729361 0.25254226 0.033931121 -0.055213727 0.25254226 0.033608213 -0.05747411 0.25254226 0.032639474 -0.059573036 0.25254226 0.030863464 -0.061349049 0.24931316 0.028603084 -0.062479239 0.2494746 0.024082318 -0.064255252 0.25593287 0.019400101 -0.065708354 0.25932342 0.020530291 -0.0655469 0.26400566 0.016655352 -0.06603127 0.26852638 0.012618959 -0.066192724 0.27272427 0.0082596503 -0.066192724 0.2711097 2.540648e-05 -0.066515632 0.26868784 -0.0041724443 -0.066677094 0.26852638 -0.012568148 -0.066192724 0.26400566 -0.016765997 -0.06603127 0.26771909 -0.020318026 -0.065223984 0.26287544 -0.024192965 -0.064578168 0.25754738 -0.027422082 -0.063609429 0.25593287 -0.028713726 -0.062963605 0.25593287 -0.030812651 -0.061671961 0.25593287 -0.032265753 -0.060218859 0.25593287 -0.032750122 -0.05973449 0.25593287 -0.033234488 -0.058765754 0.25593287 -0.033880312 -0.057151198 0.25593287 -0.03404177 -0.055375185 0.25593287 -0.03404177 -0.048109673 0.25399536 -0.03404177 -0.046818025 0.25221938 -0.033880312 -0.035839032 0.2480215 -0.0335574 -0.032448459 0.25076628 -0.033718858 -0.024052758 0.2465684 -0.033234488 -0.020500731 0.24253203 -0.032265753 -0.017271616 0.23849563 -0.030812651 -0.014365412 0.23462068 -0.028713726 -0.011943575 0.23058428 -0.025807522 -0.0098446496 0.22670935 -0.022255495 -0.008553002 0.22299586 -0.018057644 -0.0077457242 0.22105838 -0.015797263 -0.0075842664 0.22008966 -0.016443087 -0.0088759139 0.21799074 -0.014021249 -0.0087144598 0.21605326 -0.011760868 -0.0087144598 0.21460016 -0.012729602 -0.0095217377 0.21233977 -0.010469222 -0.0091988258 0.21007939 -0.0083702952 -0.0088759139 0.20943357 -0.004656814 -0.008553002 0.2071732 -0.0022349767 -0.0082300901 0.20523572 -0.00013605133 -0.0077457242 0.20475136 2.540648e-05 -0.0075842664 0.20475136 2.540648e-05 -0.0075842664 0.20475136 2.540648e-05 -0.0075842664 0.20523572 2.540648e-05 -0.0077457242 0.2071732 0.002285786 -0.0082300901 0.20943357 0.0045461692 -0.008553002 0.21007939 0.0082596503 -0.0088759139 0.21233977 0.010520034 -0.0091988258 0.21233977 0.010520034 -0.0091988258 0.21686055 0.015040796 -0.0098446496 0.21573035 0.015848074 -0.010651927 0.21460016 0.01681681 -0.011459205 0.21686055 0.018754277 -0.012427941 0.21928237 0.020530291 -0.013235223 0.22380315 0.023920864 -0.01517269 0.22800098 0.026827067 -0.01743307 0.22654788 0.027472891 -0.020823643 0.22477187 0.028118715 -0.024052758 0.22896974 0.029894724 -0.027443331 0.23300613 0.031186372 -0.030672446 0.2312301 0.031186372 -0.034547385 0.22945409 0.031024918 -0.038099416 0.23332904 0.031670742 -0.041812897 0.23736544 0.032316566 -0.04520347 0.24156328 0.032962389 -0.048432585 0.23978727 0.03247802 -0.05214607 0.24091746 0.032639474 -0.052630436 0.24285494 0.032962389 -0.053114802 0.2451153 0.033285297 -0.053922083 0.24931316 0.033446759 -0.056989744 0.24931316 0.032316566 -0.059250124 0.24931316 0.030540548 -0.061026137 0.24624549 0.028280169 -0.061833415 0.24640696 0.02375941 -0.063770883 0.24963607 0.019238647 -0.065385446 0.25593287 0.013910603 -0.066354178 0.25996923 0.012780413 -0.066515632 0.26449001 0.0085825622 -0.066677094 0.26868784 0.0042232573 -0.066677094 0.26513582 2.540648e-05 -0.066838548 0.26449001 -0.008531753 -0.066677094 0.25996923 -0.012729602 -0.066515632 0.25932342 -0.020640938 -0.0655469 0.24963607 -0.01934929 -0.065385446 0.25593287 -0.01934929 -0.065708354 0.25593287 -0.023224229 -0.064901076 0.25593287 -0.026453346 -0.063932344 0.25270373 -0.028875183 -0.062640697 0.25254226 -0.030974109 -0.061349049 0.25254226 -0.032588668 -0.059573036 0.25254226 -0.0335574 -0.05747411 0.25254226 -0.033880312 -0.055213727 0.25092769 -0.033880312 -0.054244995 0.24608405 -0.0335574 -0.051338792 0.24931316 -0.033718858 -0.043750368 0.24495386 -0.033395946 -0.040521249 0.24075599 -0.032911576 -0.037292134 0.24382366 -0.033073034 -0.029219344 0.23994873 -0.032265753 -0.025990229 0.23736544 -0.030812651 -0.018724717 0.23349048 -0.028875183 -0.016141426 0.22945409 -0.02629189 -0.013881043 0.22541769 -0.023062773 -0.012105029 0.22121985 -0.019187834 -0.010651927 0.21912093 -0.017088909 -0.010167561 0.21686055 -0.014989983 -0.0098446496 0.21573035 -0.015958719 -0.010651927 0.21330853 -0.013859794 -0.010167561 0.21104814 -0.011760868 -0.0095217377 0.20959504 -0.013052514 -0.0098446496 0.20846485 -0.0096619427 -0.0088759139 0.20765756 -0.0061099157 -0.0083915479 0.20539719 -0.0040109903 -0.0077457242 0.20345971 -0.0019120649 -0.0070999004 0.20232952 2.540648e-05 -0.0066155344 0.20345971 0.0019628741 -0.0070999004 0.20539719 0.0040617995 -0.0077457242 0.20765756 0.0061607249 -0.0083915479 0.20846485 0.009712752 -0.0088759139 0.21104814 0.011811677 -0.0095217377 0.21201687 0.015040796 -0.010651927 0.21217833 0.018915735 -0.012750853 0.21460016 0.020530291 -0.0140425 0.21718346 0.021983393 -0.015495602 0.22202714 0.024889596 -0.018078893 0.22008966 0.025858335 -0.020662189 0.22283439 0.028603084 -0.026958965 0.22719373 0.030056186 -0.030833904 0.22525625 0.030056186 -0.034063019 0.22735517 0.030379094 -0.041489985 0.2312301 0.031024918 -0.045364924 0.23542796 0.031832196 -0.048916951 0.23978727 0.03247802 -0.05214607 0.24285494 0.032639474 -0.055375185 0.24301638 0.031509288 -0.057635564 0.24301638 0.029894724 -0.059573036 0.24317785 0.027957261 -0.061026137 0.24317785 0.025696874 -0.062156327 0.24333929 0.023597948 -0.062963605 0.24350075 0.018915735 -0.064255252 0.24979754 0.014556427 -0.06603127 0.25593287 0.0068065487 -0.066838548 0.25593287 2.540648e-05 -0.067000002 0.25593287 -0.0080473833 -0.066838548 0.25593287 -0.014344161 -0.066354178 0.24979754 -0.014667071 -0.06603127 0.24350075 -0.019026378 -0.064255252 0.2494746 -0.024192965 -0.064255252 0.2494746 -0.026453346 -0.063447975 0.24931316 -0.028552271 -0.062317785 0.24931316 -0.030651197 -0.061026137 0.24931316 -0.032265753 -0.059250124 0.24931316 -0.033395946 -0.056989744 0.24899025 -0.033718858 -0.054729361 0.24527676 -0.033234488 -0.053922083 0.24285494 -0.032911576 -0.053114802 0.24156328 -0.032911576 -0.048432585 0.23736544 -0.032265753 -0.04520347 0.23332904 -0.031619933 -0.041812897 0.23688106 -0.032104298 -0.034063019 0.23300613 -0.031135563 -0.030672446 0.23607378 -0.030974109 -0.022922568 0.23219885 -0.029198095 -0.020016365 0.22800098 -0.026937712 -0.01743307 0.22380315 -0.024031509 -0.01517269 0.21928237 -0.020640938 -0.013235223 0.21686055 -0.018703468 -0.012427941 0.21460016 -0.016927453 -0.011459205 0.21201687 -0.014989983 -0.010651927 0.20830339 -0.014344161 -0.010006104 0.2071732 -0.0112765 -0.0088759139 0.20620446 -0.0077244714 -0.0082300901 0.20378262 -0.0057870038 -0.0072613545 0.2016837 -0.0038495325 -0.0062926225 0.2002306 -0.0057870038 -0.0053238869 0.19845459 -0.0040109903 -0.0038707852 0.19990769 -0.0019120649 -0.0051624291 0.19829312 -0.00013605133 -0.0038707852 0.20006914 2.540648e-05 -0.0053238869 0.19990769 0.0019628741 -0.0051624291 0.2016837 0.0039003454 -0.0062926225 0.20378262 0.0056763589 -0.0072613545 0.20620446 0.0077752843 -0.0082300901 0.2071732 0.011165857 -0.0088759139 0.20959504 0.013103325 -0.0098446496 0.20830339 0.014394972 -0.010006104 0.20701174 0.015686616 -0.010006104 0.20959504 0.017301176 -0.011459205 0.20975648 0.020853203 -0.013881043 0.21233977 0.022144847 -0.015657056 0.21492307 0.023436494 -0.017271616 0.21799074 0.026827067 -0.023084026 0.22073548 0.028925993 -0.029865168 0.22315733 0.02973327 -0.037292134 0.22073548 0.028925993 -0.040359795 0.22509478 0.029571816 -0.044880558 0.22590207 0.02973327 -0.045526378 0.22993846 0.030540548 -0.047625303 0.23026137 0.030540548 -0.047786761 0.23655815 0.031832196 -0.050854422 0.23671959 0.031509288 -0.052953348 0.23688106 0.030540548 -0.055213727 0.23688106 0.029087447 -0.057151198 0.23704253 0.027149983 -0.0586043 0.23720397 0.025212511 -0.059895948 0.23171447 0.022629216 -0.058442846 0.23736544 0.023113586 -0.061026137 0.23768835 0.018592823 -0.062640697 0.24366219 0.014233515 -0.06506253 0.24382366 0.0093898401 -0.0655469 0.24979754 0.009712752 -0.066354178 0.24866734 2.540648e-05 -0.066515632 0.24979754 -0.0098233987 -0.066354178 0.24366219 -0.014344161 -0.06506253 0.23768835 -0.018703468 -0.062479239 0.24333929 -0.023547141 -0.062963605 0.24317785 -0.025807522 -0.061994873 0.24317785 -0.027906448 -0.06086468 0.24301638 -0.030005373 -0.059573036 0.24301638 -0.031619933 -0.057635564 0.24285494 -0.032588668 -0.055375185 0.2410789 -0.032750122 -0.052630436 0.23978727 -0.03242721 -0.05214607 0.23542796 -0.031781387 -0.048916951 0.2312301 -0.031135563 -0.045364924 0.22945409 -0.030974109 -0.038099416 0.2312301 -0.031135563 -0.034547385 0.22896974 -0.029843917 -0.027443331 0.22654788 -0.027422082 -0.020823643 0.22202714 -0.025000244 -0.018078893 0.21718346 -0.022094039 -0.015495602 0.21460016 -0.020479482 -0.0140425 0.21217833 -0.018864922 -0.012750853 0.20959504 -0.017250365 -0.011459205 0.20701174 -0.015797263 -0.010006104 0.2057201 -0.012729602 -0.0087144598 0.20475136 -0.0093390308 -0.0077457242 0.20232952 -0.0075630173 -0.0066155344 0.1976473 -0.0098233987 -0.0033864155 0.19570984 -0.0083702952 -0.0014489442 0.19409527 -0.0069171935 0.00048851967 0.19667856 -0.0023964308 -0.0024176836 0.19797021 2.540648e-05 -0.0035478696 0.19829312 2.540648e-05 -0.0038707852 0.19845459 0.0040617995 -0.0038707852 0.2002306 0.005837813 -0.0053238869 0.20232952 0.0076138265 -0.0066155344 0.20475136 0.0093898401 -0.0077457242 0.2057201 0.012780413 -0.0087144598 0.20442845 0.014233515 -0.008553002 0.20442845 0.018431365 -0.010167561 0.20701174 0.019723013 -0.011943575 0.2071732 0.02279067 -0.014849778 0.20991795 0.02375941 -0.016948704 0.21266268 0.024728142 -0.019047629 0.21573035 0.027472891 -0.025505863 0.21847509 0.028925993 -0.032771371 0.21589179 0.028441623 -0.03551612 0.21799074 0.027957261 -0.041328527 0.22121985 0.028603084 -0.043104544 0.22493334 0.029410362 -0.045042016 0.23058428 0.03021764 -0.049885686 0.23074575 0.029410362 -0.05214607 0.23106866 0.028118715 -0.054083537 0.2312301 0.026342697 -0.055698097 0.23155303 0.024566688 -0.057151198 0.22606353 0.022306308 -0.055375185 0.23203738 0.018431365 -0.060380314 0.23801126 0.013910603 -0.063609429 0.23801126 0.009228386 -0.064093798 0.24382366 0.0045461692 -0.065708354 0.24382366 2.540648e-05 -0.065869808 0.24382366 -0.0095004868 -0.0655469 0.23801126 -0.0095004868 -0.064093798 0.23784979 -0.014182705 -0.063609429 0.23203738 -0.018542012 -0.060218859 0.23171447 -0.022739863 -0.058281388 0.23736544 -0.023224229 -0.06086468 0.23720397 -0.025161698 -0.059895948 0.23704253 -0.027260624 -0.0586043 0.23688106 -0.029036637 -0.057151198 0.23671959 -0.030489741 -0.055213727 0.23671959 -0.031458475 -0.052953348 0.23655815 -0.031942844 -0.050854422 0.23090719 -0.030651197 -0.048109673 0.22993846 -0.030489741 -0.047625303 0.22590207 -0.029682461 -0.045526378 0.22509478 -0.029521007 -0.044880558 0.22735517 -0.030489741 -0.041489985 0.22315733 -0.029682461 -0.037292134 0.22525625 -0.030005373 -0.034063019 0.22719373 -0.030005373 -0.030833904 0.22477187 -0.028067904 -0.024052758 0.22008966 -0.025968978 -0.020662189 0.21492307 -0.023385685 -0.017271616 0.21233977 -0.022255495 -0.015657056 0.20975648 -0.020963848 -0.013881043 0.20701174 -0.019672202 -0.011943575 0.20442845 -0.018380556 -0.010167561 0.20184515 -0.017250365 -0.0080686361 0.20442845 -0.014182705 -0.008553002 0.20200661 -0.012729602 -0.0069384463 0.19974622 -0.0112765 -0.0051624291 0.19506401 -0.013698338 -0.0016104057 0.19425674 -0.013698338 -0.00064166635 0.19377236 -0.0090161189 0.0006499812 0.19377236 -0.0074015632 0.00081143528 0.19377236 -0.0065942816 0.00097288936 0.19361091 -0.0033651665 0.0011343434 0.19361091 -0.0025578886 0.0011343434 0.19522546 -0.0006204173 -0.00080312788 0.19570984 2.540648e-05 -0.0012874901 0.19522546 0.00067123026 -0.00080312788 0.19667856 0.002285786 -0.0024176836 0.19409527 0.0069680065 0.00048851967 0.19570984 0.0084211081 -0.0014489442 0.19506401 0.013749149 -0.0016104057 0.1976473 0.0098742098 -0.0033864155 0.19974622 0.011327311 -0.0051624291 0.20200661 0.012780413 -0.0069384463 0.20184515 0.017139722 -0.0080686361 0.20184515 0.021014661 -0.010167561 0.20442845 0.021821938 -0.012589399 0.2045899 0.024566688 -0.015818514 0.20733465 0.025212511 -0.018401805 0.21024086 0.026019789 -0.020823643 0.21314706 0.027957261 -0.027766243 0.21040232 0.027957261 -0.030026622 0.21314706 0.027472891 -0.038099416 0.21443869 0.027472891 -0.039552517 0.21847509 0.027634345 -0.043265998 0.21895947 0.026988521 -0.04520347 0.21944384 0.026019789 -0.047140941 0.21976675 0.024728142 -0.048916951 0.22008966 0.023436494 -0.050692968 0.21460016 0.021176115 -0.048916951 0.22041257 0.021821938 -0.05214607 0.22638644 0.018269911 -0.057635564 0.22670935 0.013910603 -0.059250124 0.23236029 0.013910603 -0.061671961 0.23252176 0.009228386 -0.062317785 0.2381727 0.0045461692 -0.064416707 0.24059455 2.540648e-05 -0.06506253 0.23252176 -0.0093390308 -0.062317785 0.23236029 -0.014021249 -0.061510503 0.22670935 -0.014021249 -0.05908867 0.22638644 -0.018380556 -0.057635564 0.22606353 -0.022255495 -0.055375185 0.22041257 -0.021771127 -0.05214607 0.23155303 -0.024677332 -0.057151198 0.2312301 -0.026453346 -0.055698097 0.23106866 -0.028067904 -0.054083537 0.23074575 -0.029359549 -0.05214607 0.23058428 -0.030328285 -0.049885686 0.22493334 -0.029359549 -0.045042016 0.22251149 -0.028875183 -0.043750368 0.22073548 -0.029036637 -0.040359795 0.21589179 -0.028390815 -0.03551612 0.21847509 -0.028875183 -0.032771371 0.22073548 -0.028875183 -0.029865168 0.22283439 -0.028552271 -0.026958965 0.21799074 -0.026776258 -0.023084026 0.21266268 -0.024838788 -0.019047629 0.20991795 -0.023870053 -0.016948704 0.2071732 -0.022739863 -0.014849778 0.20442845 -0.021932583 -0.012589399 0.2031368 -0.019672202 -0.010167561 0.19813167 -0.017573277 -0.0056467988 0.19942331 -0.016120175 -0.0059697106 0.19716294 -0.014828527 -0.0038707852 0.19441819 -0.014828527 -0.001126036 0.19005889 -0.013698338 0.0043634623 0.19005889 -0.010953588 0.0053321943 0.19005889 -0.0053026378 0.0063009337 0.19005889 -0.0023964308 0.0063009337 0.19361091 2.540648e-05 0.0011343434 0.19361091 0.0050305352 0.00097288936 0.19377236 0.0055149011 0.00097288936 0.19393381 0.010358576 0.00032706559 0.19441819 0.014717884 -0.001126036 0.19441819 0.014879338 -0.001126036 0.19716294 0.014879338 -0.0038707852 0.19942331 0.016009528 -0.0059697106 0.19684002 0.019238647 -0.0053238869 0.19926186 0.020045925 -0.0077457242 0.19651711 0.022629216 -0.0075842664 0.1991004 0.02327504 -0.010490473 0.20184515 0.023920864 -0.013235223 0.19893895 0.025696874 -0.013719589 0.2016837 0.026019789 -0.01678725 0.20749611 0.026827067 -0.022438202 0.2045899 0.027472891 -0.024214216 0.20749611 0.027795799 -0.027120419 0.20442845 0.027634345 -0.029219344 0.20733465 0.027472891 -0.032287005 0.21024086 0.027472891 -0.035354666 0.20991795 0.026827067 -0.037292134 0.21233977 0.026504159 -0.040036883 0.21282415 0.025858335 -0.041974351 0.21379288 0.023920864 -0.045687836 0.20846485 0.021337572 -0.044880558 0.20878775 0.020530291 -0.045849293 0.20894921 0.019884467 -0.046495117 0.22089694 0.018108454 -0.054729361 0.22121985 0.013749149 -0.056505375 0.22154276 0.009228386 -0.057312652 0.22703226 0.009228386 -0.060057402 0.22703226 0.0045461692 -0.060218859 0.23252176 0.0045461692 -0.062479239 0.23219885 2.540648e-05 -0.062317785 0.23252176 -0.004656814 -0.062479239 0.22703226 -0.004656814 -0.060218859 0.22703226 -0.0093390308 -0.059895948 0.22154276 -0.0093390308 -0.057312652 0.22121985 -0.013859794 -0.056505375 0.22089694 -0.018057644 -0.054729361 0.21524598 -0.017734732 -0.0516617 0.21460016 -0.02128676 -0.048916951 0.22008966 -0.023385685 -0.050692968 0.21976675 -0.024838788 -0.048916951 0.21944384 -0.025968978 -0.047140941 0.21895947 -0.026937712 -0.04520347 0.21847509 -0.027583536 -0.043265998 0.21524598 -0.027583536 -0.039875425 0.21314706 -0.027422082 -0.038099416 0.21040232 -0.027906448 -0.030026622 0.21314706 -0.027906448 -0.027766243 0.21573035 -0.027422082 -0.025505863 0.21024086 -0.025968978 -0.020823643 0.20733465 -0.025161698 -0.018401805 0.2045899 -0.024515877 -0.015818514 0.19893895 -0.025646066 -0.013719589 0.20184515 -0.023870053 -0.013235223 0.1991004 -0.023224229 -0.010490473 0.20055351 -0.022094039 -0.010329016 0.20184515 -0.020963848 -0.010167561 0.19684002 -0.019187834 -0.0053238869 0.19490255 -0.017896188 -0.0027405918 0.19457965 -0.016120175 -0.0017718598 0.1903818 -0.016120175 0.0032332689 0.1863454 -0.014505617 0.0096914992 0.1863454 -0.011760868 0.010660239 0.18650685 -0.0088546649 0.011467516 0.18650685 -0.0057870038 0.011951886 0.18666831 -0.0025578886 0.01211334 0.18909015 2.540648e-05 0.0080769435 0.18650685 0.0063221827 0.011951886 0.19005889 0.005837813 0.0061394721 0.19005889 0.011488765 0.0051707402 0.19022034 0.014072061 0.0042020082 0.1903818 0.016493898 0.0030718148 0.1907047 0.018915735 0.0014572591 0.19490255 0.017947 -0.0027405918 0.19506401 0.018592823 -0.0033864155 0.19506401 0.018592823 -0.0033864155 0.19538692 0.019884467 -0.0043551549 0.1961942 0.021983393 -0.0067769885 0.19651711 0.022629216 -0.0075842664 0.19651711 0.02279067 -0.0075842664 0.19667856 0.02327504 -0.0083915479 0.19748585 0.024566688 -0.010651927 0.19748585 0.024728142 -0.010974839 0.19829312 0.025858335 -0.013558131 0.19926186 0.026665613 -0.01630288 0.19958477 0.026988521 -0.01743307 0.2002306 0.027311437 -0.019209087 0.20039205 0.027472891 -0.019693453 0.20119934 0.027795799 -0.022438202 0.20216806 0.027795799 -0.025344405 0.20216806 0.027795799 -0.025344405 0.20329826 0.027634345 -0.028896432 0.20410554 0.027311437 -0.031641182 0.20539719 0.026342697 -0.03551612 0.206043 0.025858335 -0.037292134 0.20668882 0.025051057 -0.039229602 0.2071732 0.024082318 -0.041005619 0.20781901 0.023113586 -0.042781632 0.20216806 0.021337572 -0.041167073 0.20281389 0.019561555 -0.043104544 0.20959504 0.017624088 -0.048109673 0.21024086 0.013426237 -0.050370052 0.21040232 0.010842945 -0.051015876 0.21056376 0.00874402 -0.051500246 0.21072523 0.0055149011 -0.051823158 0.22170423 0.0045461692 -0.057635564 0.22299586 2.540648e-05 -0.058442846 0.22170423 -0.004656814 -0.057635564 0.21072523 -0.0054640919 -0.051823158 0.21040232 -0.010630677 -0.051177334 0.21040232 -0.010953588 -0.051015876 0.21024086 -0.013375426 -0.050370052 0.20991795 -0.015151439 -0.049562775 0.20959504 -0.017250365 -0.048432585 0.20911066 -0.019026378 -0.047140941 0.20281389 -0.019672202 -0.04294309 0.20878775 -0.020479482 -0.045849293 0.20830339 -0.021771127 -0.044396192 0.20798047 -0.022416951 -0.04358891 0.21379288 -0.023870053 -0.045687836 0.21282415 -0.025807522 -0.041974351 0.21233977 -0.0266148 -0.040036883 0.20991795 -0.026776258 -0.037453592 0.2057201 -0.02709917 -0.033417195 0.20733465 -0.027583536 -0.032287005 0.20894921 -0.027744992 -0.031156816 0.20297535 -0.027744992 -0.025021493 0.2045899 -0.027583536 -0.024214216 0.20749611 -0.026937712 -0.022438202 0.2016837 -0.025968978 -0.01678725 0.20006914 -0.027260624 -0.018886175 0.19958477 -0.026937712 -0.01743307 0.19926186 -0.0266148 -0.01630288 0.19829312 -0.025646066 -0.013235223 0.19813167 -0.025646066 -0.012912311 0.1973244 -0.024515877 -0.010490473 0.19667856 -0.023062773 -0.0082300901 0.19651711 -0.022739863 -0.0075842664 0.19651711 -0.022578407 -0.0075842664 0.19603275 -0.021609671 -0.0061311647 0.19570984 -0.020802394 -0.0053238869 0.19570984 -0.020479482 -0.005000975 0.19538692 -0.019510746 -0.0041936934 0.19506401 -0.018542012 -0.0033864155 0.19054325 -0.018542012 0.0017801672 0.18650685 -0.017250365 0.0082383975 0.18279336 -0.0182191 0.013404988 0.18279336 -0.015474351 0.015019543 0.18295482 -0.012406692 0.016149737 0.18295482 -0.0093390308 0.017118469 0.18311629 -0.0061099157 0.017602839 0.18327774 -0.0027193427 0.017925747 0.18295482 2.540648e-05 0.018571571 0.18327774 0.0034159757 0.017925747 0.18311629 0.0066450946 0.017602839 0.18295482 0.0098742098 0.016957015 0.18650685 0.0093898401 0.011306062 0.1863454 0.012296047 0.010498784 0.1863454 0.015040796 0.0095300451 0.18650685 0.017624088 0.0080769435 0.18666831 0.020045925 0.0063009337 0.18699121 0.022144847 0.0042020082 0.19102761 0.020853203 -0.00031875819 0.19151199 0.02279067 -0.0024176836 0.19199635 0.024405234 -0.0048395209 0.19264217 0.025696874 -0.0074228123 0.19344945 0.026827067 -0.010167561 0.19490255 0.028280169 -0.016141426 0.19667856 0.028441623 -0.022438202 0.19829312 0.027634345 -0.02857352 0.20006914 0.025858335 -0.034224473 0.20152225 0.023113586 -0.039068148 0.19667856 0.019561555 -0.039713971 0.19716294 0.01746263 -0.041167073 0.1976473 0.01520225 -0.042458721 0.19829312 0.010520034 -0.044234734 0.19861604 0.005353447 -0.04520347 0.21072523 0.0021243319 -0.051984612 0.21072523 2.540648e-05 -0.051984612 0.19861604 -0.0054640919 -0.04520347 0.19829312 -0.010630677 -0.044234734 0.19748585 -0.015312895 -0.042458721 0.19716294 -0.017573277 -0.041167073 0.19667856 -0.019672202 -0.039552517 0.20216806 -0.021448215 -0.041167073 0.20781901 -0.023062773 -0.042620175 0.20765756 -0.023385685 -0.042297266 0.20668882 -0.025000244 -0.039229602 0.20588155 -0.025807522 -0.037130676 0.20539719 -0.026453346 -0.03551612 0.20410554 -0.027422082 -0.03131827 0.20345971 -0.027583536 -0.029380802 0.20216806 -0.027906448 -0.025505863 0.20216806 -0.027906448 -0.025182951 0.20136079 -0.027744992 -0.022761114 0.20039205 -0.027422082 -0.019693453 0.19490255 -0.02822936 -0.015818514 0.193288 -0.026776258 -0.0098446496 0.19264217 -0.025646066 -0.0070999004 0.19199635 -0.024192965 -0.004516609 0.19151199 -0.022578407 -0.002094768 0.19102761 -0.020640938 4.157424e-06 0.18666831 -0.019672202 0.0066238418 0.18279336 -0.020802394 0.011467516 0.17907989 -0.021771127 0.016149737 0.17907989 -0.019026378 0.018248662 0.17907989 -0.016120175 0.019863218 0.17924134 -0.013052514 0.02131632 0.1794028 -0.0098233987 0.022446513 0.17956425 -0.0064328276 0.023092337 0.17972571 -0.0028808005 0.023415245 0.17617369 2.540648e-05 0.028097466 0.17843406 2.540648e-05 0.025352716 0.17972571 0.0035774335 0.023415245 0.17956425 0.0069680065 0.022930875 0.1794028 0.010358576 0.022285052 0.17924134 0.013587691 0.021154866 0.18279336 0.012941871 0.015988275 0.18279336 0.015848074 0.014696635 0.18279336 0.018592823 0.013082072 0.18279336 0.021176115 0.011144608 0.18295482 0.023436494 0.0088842213 0.18731414 0.024082318 0.0019416213 0.18763705 0.025696874 -0.00064166635 0.18812141 0.026988521 -0.0033864155 0.18860579 0.028118715 -0.0064540766 0.1892516 0.028925993 -0.0095217377 0.18989742 0.029410362 -0.012589399 0.19054325 0.029571816 -0.015818514 0.19118907 0.029410362 -0.019047629 0.19264217 0.028441623 -0.025344405 0.19409527 0.026181243 -0.030995358 0.19554837 0.02327504 -0.035839032 0.19054325 0.019884467 -0.036323398 0.19151199 0.015363704 -0.039229602 0.1921578 0.010520034 -0.041167073 0.19264217 0.005353447 -0.042297266 0.19651711 2.540648e-05 -0.044396192 0.19264217 -0.0054640919 -0.042297266 0.1921578 -0.010630677 -0.041167073 0.19151199 -0.015474351 -0.039229602 0.19102761 -0.017734732 -0.037937958 0.19054325 -0.019995114 -0.036323398 0.19538692 -0.023385685 -0.035677578 0.20152225 -0.023224229 -0.039068148 0.19990769 -0.025968978 -0.034063019 0.19829312 -0.027744992 -0.028250609 0.1973244 -0.02822936 -0.025182951 0.19651711 -0.028552271 -0.02211529 0.1903818 -0.029521007 -0.015495602 0.18973596 -0.029359549 -0.012266487 0.1892516 -0.028875183 -0.0090373717 0.18860579 -0.028067904 -0.0059697106 0.18812141 -0.026937712 -0.0030635074 0.18763705 -0.02548461 -0.00031875819 0.18715267 -0.023870053 0.0022645369 0.18682976 -0.021932583 0.0045249164 0.18295482 -0.023062773 0.0092071369 0.17907989 -0.024192965 0.013727896 0.17504349 -0.022416951 0.020347588 0.17520495 -0.019672202 0.022446513 0.1753664 -0.016765997 0.024222523 0.17552786 -0.013536882 0.025837086 0.17568931 -0.010146311 0.026967272 0.17585076 -0.0065942816 0.02777455 0.17601223 -0.0028808005 0.028097466 0.17472059 2.540648e-05 0.029712021 0.17601223 0.0035774335 0.028097466 0.17585076 0.0071294606 0.027613096 0.17568931 0.010681488 0.026805818 0.17552786 0.014072061 0.025514171 0.1753664 0.017139722 0.024061069 0.17907989 0.016655352 0.019701764 0.17907989 0.019561555 0.017925747 0.17907989 0.022144847 0.015826821 0.17907989 0.024566688 0.013404988 0.17907989 0.026504159 0.010660239 0.17924134 0.028280169 0.0079154894 0.1794028 0.02973327 0.0046863705 0.17956425 0.030863464 0.0014572591 0.17988716 0.031670742 -0.0017718598 0.18021008 0.032155111 -0.0053238869 0.18053299 0.032155111 -0.0087144598 0.1808559 0.03199365 -0.012105029 0.18134026 0.031347834 -0.015334144 0.18166319 0.030540548 -0.018563263 0.18263191 0.027957261 -0.02437567 0.18360065 0.024566688 -0.029380802 0.18456939 0.020368837 -0.033417195 0.18537666 0.015848074 -0.036323398 0.18602249 0.010842945 -0.038422324 0.18650685 0.0055149011 -0.039552517 0.18747559 2.540648e-05 -0.040198341 0.18650685 -0.0054640919 -0.039552517 0.18602249 -0.010792132 -0.038422324 0.18537666 -0.015797263 -0.036323398 0.18505375 -0.0182191 -0.034870297 0.18456939 -0.020479482 -0.033255741 0.18360065 -0.024677332 -0.029219344 0.18263191 -0.028067904 -0.024214216 0.19409527 -0.02629189 -0.030833904 0.19264217 -0.028390815 -0.025021493 0.1918349 -0.029198095 -0.021953832 0.19118907 -0.029521007 -0.018724717 0.18053299 -0.032265753 -0.0083915479 0.18021008 -0.032104298 -0.0048395209 0.17988716 -0.031619933 -0.0014489442 0.17956425 -0.030812651 0.0019416213 0.1794028 -0.029682461 0.0051707402 0.17924134 -0.028067904 0.0082383975 0.17907989 -0.02629189 0.011144608 0.17504349 -0.025000244 0.017764293 0.17084564 -0.022739863 0.023576699 0.1710071 -0.019995114 0.025837086 0.17116855 -0.016927453 0.02777455 0.17133 -0.013698338 0.029389113 0.17149146 -0.010146311 0.030519299 0.17165291 -0.0065942816 0.031326577 0.17181438 -0.0030422546 0.031810947 0.17197584 2.540648e-05 0.031810947 0.17181438 0.0035774335 0.031649493 0.17165291 0.0072909147 0.031165123 0.17149146 0.010842945 0.030357845 0.17133 0.014233515 0.029066198 0.17116855 0.01746263 0.027451642 0.1710071 0.020368837 0.025514171 0.17520495 0.020207379 0.022123598 0.17504349 0.022952132 0.019863218 0.17504349 0.025373966 0.017441384 0.17504349 0.027472891 0.014696635 0.17504349 0.029248908 0.011628971 0.17504349 0.030863464 0.0085613132 0.17520495 0.03199365 0.0051707402 0.17520495 0.032800935 0.0017801672 0.1753664 0.033285297 -0.0017718598 0.17568931 0.033446759 -0.0051624291 0.17585076 0.033123843 -0.0087144598 0.17617369 0.032639474 -0.012105029 0.1764966 0.031670742 -0.015334144 0.17714241 0.029087447 -0.021308012 0.1779497 0.02553542 -0.026474595 0.17875697 0.021176115 -0.030672446 0.1794028 0.01633244 -0.033901565 0.18004861 0.011165857 -0.03600049 0.18053299 0.0056763589 -0.037453592 0.17891844 2.540648e-05 -0.037292134 0.18053299 -0.0057870038 -0.037453592 0.18004861 -0.0112765 -0.03600049 0.1794028 -0.016443087 -0.033740107 0.17907989 -0.018864922 -0.032287005 0.17875697 -0.02128676 -0.030510992 0.1779497 -0.025646066 -0.026313141 0.17714241 -0.029198095 -0.021146554 0.18214755 -0.029521007 -0.021308012 0.18166319 -0.030651197 -0.018401805 0.18117881 -0.031458475 -0.01517269 0.1808559 -0.031942844 -0.011782117 0.17585076 -0.033234488 -0.0083915479 0.17568931 -0.033395946 -0.0048395209 0.1753664 -0.033234488 -0.0012874901 0.17520495 -0.032750122 0.0021030828 0.17520495 -0.031942844 0.0056551099 0.17504349 -0.030651197 0.0088842213 0.17504349 -0.029036637 0.01211334 0.17504349 -0.027260624 0.015019543 0.17084564 -0.025323156 0.021154866 0.16874671 -0.022739863 0.025029801 0.16890816 -0.019833658 0.027128726 0.16906963 -0.016765997 0.029066198 0.16906963 -0.013536882 0.030680753 0.16923109 -0.010146311 0.031810947 0.16939254 -0.0065942816 0.032618225 0.169554 -0.0028808005 0.033102594 0.17084564 2.540648e-05 0.032618225 0.169554 0.0035774335 0.033102594 0.16939254 0.0072909147 0.032618225 0.16923109 0.010681488 0.031649493 0.16906963 0.014072061 0.030357845 0.16680925 0.017139722 0.029712021 0.16890816 0.017301176 0.028743289 0.16890816 0.020368837 0.026805818 0.17084564 0.023113586 0.023253791 0.17084564 0.025696874 0.020670496 0.17068419 0.027957261 0.017925747 0.17068419 0.029894724 0.015019543 0.17068419 0.031509288 0.011790425 0.17068419 0.032639474 0.0083998591 0.17068419 0.033608213 0.0050092861 0.17084564 0.034092575 0.0014572591 0.17084564 0.034254037 -0.002094768 0.1710071 0.034092575 -0.005485341 0.17116855 0.033608213 -0.0090373717 0.17133 0.032800935 -0.012266487 0.17165291 0.031670742 -0.015495602 0.17181438 0.03021764 -0.018563263 0.1724602 0.026665613 -0.023891304 0.17294456 0.022144847 -0.028250609 0.17342894 0.017139722 -0.031802639 0.1739133 0.011811677 -0.034224473 0.17439766 0.0059992708 -0.035839032 0.17472059 2.540648e-05 -0.036323398 0.17439766 -0.0059484579 -0.035839032 0.1739133 -0.011760868 -0.034224473 0.17342894 -0.017250365 -0.031802639 0.17326748 -0.019833658 -0.03018808 0.17294456 -0.022255495 -0.028250609 0.17229874 -0.026776258 -0.023729846 0.17181438 -0.030328285 -0.018240351 0.17149146 -0.031781387 -0.01517269 0.17133 -0.032911576 -0.012105029 0.17116855 -0.033718858 -0.0087144598 0.1710071 -0.034203224 -0.0051624291 0.17084564 -0.034364678 -0.0016104057 0.17084564 -0.03404177 0.0019416213 0.17068419 -0.0335574 0.0053321943 0.17068419 -0.032588668 0.0088842213 0.17068419 -0.031297021 0.01211334 0.17068419 -0.029682461 0.015342459 0.17068419 -0.027583536 0.018410116 0.16858526 -0.025323156 0.022446513 0.16648634 -0.025161698 0.023576699 0.16648634 -0.022578407 0.02599854 0.16664779 -0.019672202 0.02825892 0.16680925 -0.016604543 0.030034937 0.16680925 -0.013375426 0.031649493 0.1669707 -0.0099848546 0.032779679 0.16713215 -0.0065942816 0.033586964 0.16713215 -0.0028808005 0.034071326 0.1669707 2.540648e-05 0.034232788 0.16713215 0.0035774335 0.034071326 0.16713215 0.0071294606 0.033425502 0.1669707 0.010681488 0.032618225 0.16680925 0.013910603 0.031326577 0.1643874 0.016978264 0.030519299 0.1643874 0.019884467 0.028581828 0.16664779 0.020207379 0.027936012 0.16648634 0.022952132 0.025675625 0.16648634 0.02553542 0.023253791 0.16632488 0.027795799 0.020509042 0.16632488 0.02973327 0.017602839 0.16632488 0.031509288 0.01437372 0.16632488 0.032800935 0.011144608 0.16632488 0.033769667 0.0077540353 0.16632488 0.034576945 0.0043634623 0.16632488 0.034899861 0.00081143528 0.16632488 0.034738399 -0.0025791377 0.16648634 0.034415491 -0.0061311647 0.16648634 0.033608213 -0.0095217377 0.16664779 0.032639474 -0.012750853 0.16680925 0.031347834 -0.015818514 0.1669707 0.02973327 -0.018724717 0.1669707 0.027795799 -0.021469466 0.16713215 0.025696874 -0.024052758 0.16729361 0.023436494 -0.026313141 0.16761653 0.018269911 -0.03018808 0.16793944 0.012457501 -0.033094283 0.16810089 0.0063221827 -0.034708843 0.17052273 2.540648e-05 -0.035677578 0.16826235 -0.0032037124 -0.035193209 0.16810089 -0.0064328276 -0.034708843 0.16810089 -0.0095004868 -0.034063019 0.16793944 -0.012568148 -0.032932829 0.16777799 -0.015474351 -0.031641182 0.16761653 -0.018380556 -0.03018808 0.16745506 -0.020963848 -0.028250609 0.16729361 -0.023547141 -0.026313141 0.16713215 -0.025807522 -0.023891304 0.1669707 -0.027906448 -0.021308012 0.16680925 -0.029843917 -0.018563263 0.16680925 -0.031458475 -0.015657056 0.16664779 -0.032750122 -0.012427941 0.16648634 -0.033718858 -0.0091988258 0.16648634 -0.034526136 -0.0058082528 0.16632488 -0.034849048 -0.0022562295 0.16632488 -0.034849048 0.0011343434 0.16632488 -0.034526136 0.0046863705 0.16632488 -0.033718858 0.0082383975 0.16632488 -0.032750122 0.011628971 0.16632488 -0.031297021 0.014858089 0.16632488 -0.029521007 0.017925747 0.16632488 -0.027583536 0.02083195 0.16422595 -0.024838788 0.024383977 0.16422595 -0.022255495 0.026805818 0.1643874 -0.01934929 0.028904743 0.1643874 -0.016443087 0.030680753 0.16454886 -0.01321397 0.032295316 0.16454886 -0.0098233987 0.033425502 0.16454886 -0.0064328276 0.034232788 0.16471031 -0.0028808005 0.03471715 0.16277285 2.540648e-05 0.035040066 0.16471031 0.0035774335 0.034555696 0.16454886 0.0069680065 0.034071326 0.16454886 0.010358576 0.033264048 0.16454886 0.013749149 0.031972401 0.16196558 0.015040796 0.031649493 0.16196558 0.015040796 0.031649493 0.16196558 0.016009528 0.031165123 0.16196558 0.016009528 0.031165123 0.16196558 0.019077189 0.029389113 0.16196558 0.019077189 0.029389113 0.16196558 0.021983393 0.027290188 0.16196558 0.021983393 0.027290188 0.16196558 0.022144847 0.027128726 0.16196558 0.022144847 0.027128726 0.16196558 0.024566688 0.024868347 0.16196558 0.024566688 0.024868347 0.16196558 0.025373966 0.024061069 0.16196558 0.025373966 0.024061069 0.16196558 0.026988521 0.022123598 0.16196558 0.026988521 0.022123598 0.16196558 0.027634345 0.021477774 0.16196558 0.027634345 0.021477774 0.16196558 0.029087447 0.019378848 0.16196558 0.029087447 0.019378848 0.16196558 0.02973327 0.018410116 0.16196558 0.02973327 0.018410116 0.16196558 0.030863464 0.016472645 0.16196558 0.030863464 0.016472645 0.16196558 0.031509288 0.015342459 0.16196558 0.031509288 0.015342459 0.16196558 0.03199365 0.01437372 0.16196558 0.03199365 0.01437372 0.16196558 0.033285297 0.010983147 0.16196558 0.033285297 0.010983147 0.16196558 0.034092575 0.0075925738 0.16196558 0.034092575 0.0075925738 0.16196558 0.034738399 0.0040405467 0.16196558 0.034738399 0.0040405467 0.16196558 0.034899861 0.0029103607 0.16196558 0.034899861 0.0029103607 0.16196558 0.035061315 -0.00064166635 0.16196558 0.035061315 -0.00064166635 0.16196558 0.034738399 -0.0041936934 0.16196558 0.034738399 -0.0041936934 0.16196558 0.034092575 -0.0077457242 0.16196558 0.034092575 -0.0077457242 0.16196558 0.033931121 -0.0087144598 0.16196558 0.033931121 -0.0087144598 0.16196558 0.032800935 -0.012105029 0.16196558 0.032800935 -0.012105029 0.16196558 0.031509288 -0.015334144 0.16196558 0.031509288 -0.015334144 0.16196558 0.02973327 -0.018563263 0.16196558 0.02973327 -0.018563263 0.16196558 0.029087447 -0.019370541 0.16196558 0.029087447 -0.019370541 0.16196558 0.026988521 -0.022276744 0.16196558 0.026988521 -0.022276744 0.16196558 0.024566688 -0.024860039 0.16196558 0.024566688 -0.024860039 0.16196558 0.021821938 -0.027281877 0.16196558 0.021821938 -0.027281877 0.16196558 0.021014661 -0.027927697 0.16196558 0.021014661 -0.027927697 0.16196558 0.019400101 -0.02905789 0.16196558 0.019400101 -0.02905789 0.16196558 0.018108454 -0.030026622 0.16196558 0.018108454 -0.030026622 0.16196558 0.014879338 -0.031641182 0.16196558 0.014879338 -0.031641182 0.16196558 0.013426237 -0.032287005 0.16196558 0.013426237 -0.032287005 0.16196558 0.011650223 -0.033094283 0.16196558 0.011650223 -0.033094283 0.16196558 0.010520034 -0.033417195 0.16196558 0.010520034 -0.033417195 0.16196558 0.0071294606 -0.034224473 0.16196558 0.0071294606 -0.034224473 0.16196558 0.0068065487 -0.034385931 0.16196558 0.0068065487 -0.034385931 0.16196558 0.0035774335 -0.034870297 0.16196558 0.0035774335 -0.034870297 0.16196558 2.540648e-05 -0.035031755 0.16196558 2.540648e-05 -0.035031755 0.16196558 -0.0036880784 -0.034870297 0.16196558 -0.0036880784 -0.034870297 0.16196558 -0.0048182681 -0.034708843 0.16196558 -0.0048182681 -0.034708843 0.16196558 -0.0082088411 -0.034063019 0.16196558 -0.0082088411 -0.034063019 0.16196558 -0.011599412 -0.032932829 0.16196558 -0.011599412 -0.032932829 0.16196558 -0.014989983 -0.031641182 0.16196558 -0.014989983 -0.031641182 0.16196558 -0.015958719 -0.031156816 0.16196558 -0.015958719 -0.031156816 0.16196558 -0.019026378 -0.029380802 0.16196558 -0.019026378 -0.029380802 0.16196558 -0.021932583 -0.027281877 0.16196558 -0.021932583 -0.027281877 0.16196558 -0.024677332 -0.024860039 0.16196558 -0.024677332 -0.024860039 0.16196558 -0.025323156 -0.024052758 0.16196558 -0.025323156 -0.024052758 0.16196558 -0.027744992 -0.021469466 0.16196558 -0.027744992 -0.021469466 0.16196558 -0.029682461 -0.018401805 0.16196558 -0.029682461 -0.018401805 0.16196558 -0.031458475 -0.015334144 0.16196558 -0.031458475 -0.015334144 0.16196558 -0.031942844 -0.014365412 0.16196558 -0.031942844 -0.014365412 0.16196558 -0.033234488 -0.010974839 0.16196558 -0.033234488 -0.010974839 0.16196558 -0.034203224 -0.0075842664 0.16196558 -0.034203224 -0.0075842664 0.16196558 -0.03468759 -0.0040322393 0.16196558 -0.03468759 -0.0040322393 0.16196558 -0.034849048 -0.0030635074 0.16196558 -0.034849048 -0.0030635074 0.16196558 -0.035010502 0.0006499812 0.16196558 -0.035010502 0.0006499812 0.16196558 -0.03468759 0.0042020082 0.16196558 -0.03468759 0.0042020082 0.16196558 -0.034203224 0.0077540353 0.16196558 -0.034203224 0.0077540353 0.16196558 -0.033880312 0.0087227672 0.16196558 -0.033880312 0.0087227672 0.16196558 -0.033395946 0.010498784 0.16196558 -0.033395946 0.010498784 0.16196558 -0.032750122 0.01211334 0.16196558 -0.032750122 0.01211334 0.16196558 -0.032104298 0.013727896 0.16196558 -0.032104298 0.013727896 0.16196558 -0.031458475 0.015342459 0.16196558 -0.031458475 0.015342459 0.16196558 -0.030651197 0.016795561 0.16196558 -0.030651197 0.016795561 0.16196558 -0.029682461 0.018571571 0.16196558 -0.029682461 0.018571571 0.16196558 -0.029036637 0.019378848 0.16196558 -0.029036637 0.019378848 0.16196558 -0.026937712 0.022285052 0.16196558 -0.026937712 0.022285052 0.16196558 -0.024515877 0.024868347 0.16196558 -0.024515877 0.024868347 0.16196558 -0.021932583 0.027290188 0.16196558 -0.021932583 0.027290188 0.16196558 -0.020963848 0.027936012 0.16196558 -0.020963848 0.027936012 0.16196558 -0.018057644 0.030034937 0.16196558 -0.018057644 0.030034937 0.16196558 -0.014989983 0.031649493 0.16196558 -0.014989983 0.031649493 0.16196558 -0.011599412 0.033102594 0.16196558 -0.011599412 0.033102594 0.16196558 -0.010630677 0.033425502 0.16196558 -0.010630677 0.033425502 0.16196558 -0.0070786513 0.034232788 0.16196558 -0.0070786513 0.034232788 0.16196558 -0.0035266206 0.034878604 0.16196558 -0.0035266206 0.034878604 0.16196558 2.540648e-05 0.035040066 0.16196558 2.540648e-05 0.035040066 0.16196558 0.0037388876 0.034878604 0.16196558 0.0037388876 0.034878604 0.16196558 0.0047076233 0.03471715 0.16196558 0.0047076233 0.03471715 0.16196558 0.0082596503 0.034071326 0.16196558 0.0082596503 0.034071326 0.16196558 0.011650223 0.03294114 0.16196558 0.011650223 0.03294114 0.16196558 0.015040796 0.031326577 0.16196558 0.021660481 0.027128726 0.16196558 0.027149983 0.021639235 0.16196558 0.031186372 0.015019543 0.16196558 0.033769667 0.0077540353 0.16196558 0.034738399 4.157424e-06 0.16196558 0.033769667 -0.0077457242 0.16196558 0.031186372 -0.015011236 0.16196558 0.027149983 -0.02163092 0.16196558 0.021660481 -0.027120419 0.16196558 0.015040796 -0.03131827 0.16196558 0.0077752843 -0.033901565 0.16196558 2.540648e-05 -0.034708843 0.16196558 -0.0077244714 -0.033901565 0.16196558 -0.014989983 -0.03131827 0.16196558 -0.021609671 -0.027120419 0.16196558 -0.02709917 -0.02163092 0.16196558 -0.031297021 -0.015011236 0.16196558 -0.033880312 -0.0077457242 0.16196558 -0.03468759 4.157424e-06 0.16196558 -0.033880312 0.0077540353 0.16196558 -0.031297021 0.015019543 0.16196558 -0.02709917 0.021639235 0.16196558 -0.021609671 0.027128726 0.16196558 -0.014989983 0.031326577 0.16196558 -0.0077244714 0.033909872 0.16196558 2.540648e-05 0.03471715 0.16196558 0.0077752843 0.033909872 0.14242943 -0.026776258 0.015503913 0.14242943 -0.026776258 0.015503913 0.14242943 2.540648e-05 4.157424e-06 0.14242943 -0.021932583 0.021962143 0.14242943 -0.021932583 0.021962143 0.14242943 -0.021932583 0.021962143 0.14242943 -0.015474351 0.026805818 0.14242943 -0.015474351 0.026805818 0.14242943 -0.0080473833 0.029873475 0.14242943 -0.0080473833 0.029873475 0.14242943 2.540648e-05 0.031003669 0.14242943 2.540648e-05 0.031003669 0.14242943 0.0080981962 0.029873475 0.14242943 0.0080981962 0.029873475 0.14242943 0.015525162 0.026805818 0.14242943 0.015525162 0.026805818 0.14242943 0.021983393 0.021962143 0.14242943 0.021983393 0.021962143 0.14242943 0.026827067 0.015503913 0.14242943 0.026827067 0.015503913 0.14242943 0.029894724 0.0080769435 0.14242943 0.029894724 0.0080769435 0.14242943 0.031024918 4.157424e-06 0.14242943 0.031024918 4.157424e-06 0.14242943 0.029894724 -0.0080686361 0.14242943 0.029894724 -0.0080686361 0.14242943 0.026827067 -0.015495602 0.14242943 0.026827067 -0.015495602 0.14242943 0.021983393 -0.021953832 0.14242943 0.021983393 -0.021953832 0.14242943 0.015525162 -0.026797507 0.14242943 0.015525162 -0.026797507 0.14242943 0.0080981962 -0.029865168 0.14242943 0.0080981962 -0.029865168 0.14242943 2.540648e-05 -0.030995358 0.14242943 2.540648e-05 -0.030995358 0.14242943 -0.0080473833 -0.029865168 0.14242943 -0.0080473833 -0.029865168 0.14242943 -0.015474351 -0.026797507 0.14242943 -0.015474351 -0.026797507 0.14242943 -0.021932583 -0.021953832 0.14242943 -0.021932583 -0.021953832 0.14242943 -0.026776258 -0.015495602 0.14242943 -0.026776258 -0.015495602 0.14242943 -0.030005373 -0.0080686361 0.14242943 -0.030005373 -0.0080686361 0.14242943 -0.030974109 4.157424e-06 0.14242943 -0.030974109 4.157424e-06 0.14242943 -0.030005373 0.0080769435 0.14242943 -0.030005373 0.0080769435 0.15243968 -0.026776258 0.015503913 0.15243968 -0.026776258 0.015503913 0.15243968 -0.021932583 0.021962143 0.15243968 -0.021932583 0.021962143 0.15243968 -0.015474351 0.026805818 0.15243968 -0.015474351 0.026805818 0.15243968 -0.015474351 0.026805818 0.15243968 -0.0080473833 0.029873475 0.15243968 -0.0080473833 0.029873475 0.15243968 2.540648e-05 0.031003669 0.15243968 2.540648e-05 0.031003669 0.15243968 0.0080981962 0.029873475 0.15243968 0.0080981962 0.029873475 0.15243968 0.015525162 0.026805818 0.15243968 0.015525162 0.026805818 0.15243968 0.021983393 0.021962143 0.15243968 0.021983393 0.021962143 0.15243968 0.026827067 0.015503913 0.15243968 0.026827067 0.015503913 0.15243968 0.029894724 0.0080769435 0.15243968 0.029894724 0.0080769435 0.15243968 0.031024918 4.157424e-06 0.15243968 0.031024918 4.157424e-06 0.15243968 0.029894724 -0.0080686361 0.15243968 0.029894724 -0.0080686361 0.15243968 0.026827067 -0.015495602 0.15243968 0.026827067 -0.015495602 0.15243968 0.021983393 -0.021953832 0.15243968 0.021983393 -0.021953832 0.15243968 0.015525162 -0.026797507 0.15243968 0.015525162 -0.026797507 0.15243968 0.0080981962 -0.029865168 0.15243968 0.0080981962 -0.029865168 0.15243968 2.540648e-05 -0.030995358 0.15243968 2.540648e-05 -0.030995358 0.15243968 -0.0080473833 -0.029865168 0.15243968 -0.0080473833 -0.029865168 0.15243968 -0.015474351 -0.026797507 0.15243968 -0.015474351 -0.026797507 0.15243968 -0.021932583 -0.021953832 0.15243968 -0.021932583 -0.021953832 0.15243968 -0.026776258 -0.015495602 0.15243968 -0.026776258 -0.015495602 0.15243968 -0.030005373 -0.0080686361 0.15243968 -0.030005373 -0.0080686361 0.15243968 -0.030974109 4.157424e-06 0.15243968 -0.030974109 4.157424e-06 0.15243968 -0.030005373 0.0080769435 0.15243968 -0.030005373 0.0080769435 0.15243968 -0.033718858 0.0095300451 0.15243968 -0.033718858 0.0095300451 0.15243968 -0.030328285 0.017602839 0.15243968 -0.030328285 0.017602839 0.15243968 -0.025000244 0.024545439 0.15243968 -0.025000244 0.024545439 0.15243968 -0.0182191 0.029873475 0.15243968 -0.0182191 0.029873475 0.15243968 -0.010307766 0.033425502 0.15243968 -0.010307766 0.033425502 0.15243968 -0.001750607 0.035040066 0.15243968 -0.001750607 0.035040066 0.15243968 0.0069680065 0.034232788 0.15243968 0.0069680065 0.034232788 0.15243968 0.01520225 0.031488039 0.15243968 0.01520225 0.031488039 0.15243968 0.022467762 0.026805818 0.15243968 0.022467762 0.026805818 0.15243968 0.028441623 0.020347588 0.15243968 0.028441623 0.020347588 0.15243968 0.032639474 0.012759164 0.15243968 0.032639474 0.012759164 0.15243968 0.034738399 0.0043634623 0.15243968 0.034738399 0.0043634623 0.15243968 0.034738399 -0.0043551549 0.15243968 0.034738399 -0.0043551549 0.15243968 0.032639474 -0.012750853 0.15243968 0.032639474 -0.012750853 0.15243968 0.028441623 -0.020339277 0.15243968 0.028441623 -0.020339277 0.15243968 0.022467762 -0.026797507 0.15243968 0.022467762 -0.026797507 0.15243968 0.01520225 -0.031479727 0.15243968 0.01520225 -0.031479727 0.15243968 0.0069680065 -0.034224473 0.15243968 0.0069680065 -0.034224473 0.15243968 -0.001750607 -0.035031755 0.15243968 -0.001750607 -0.035031755 0.15243968 -0.010307766 -0.033417195 0.15243968 -0.010307766 -0.033417195 0.15243968 -0.0182191 -0.029865168 0.15243968 -0.0182191 -0.029865168 0.15243968 -0.025000244 -0.024537127 0.15243968 -0.025000244 -0.024537127 0.15243968 -0.030328285 -0.017594527 0.15243968 -0.030328285 -0.017594527 0.15243968 -0.033718858 -0.0095217377 0.15243968 -0.033718858 -0.0095217377 0.15243968 -0.035010502 -0.00096458197 0.15243968 -0.035010502 -0.00096458197 0.15243968 -0.035010502 -0.00096458197 0.15243968 -0.03468759 -0.00096458197 0.15243968 -0.03468759 -0.00096458197 0.15243968 -0.03468759 -0.00096458197 0.15243968 -0.03468759 0.00097288936 0.15243968 -0.03468759 0.00097288936 0.15243968 -0.03468759 0.00097288936 0.15243968 -0.035010502 0.00097288936 0.15243968 -0.035010502 0.00097288936 0.15243968 -0.035010502 0.00097288936 0.14953348 -0.03468759 0.00097288936 0.14953348 -0.03468759 0.00097288936 0.14953348 -0.03468759 0.00097288936 0.14953348 -0.035010502 0.00097288936 0.14953348 -0.035010502 0.00097288936 0.14953348 -0.035010502 0.00097288936 0.14953348 -0.033718858 0.0095300451 0.14953348 -0.033718858 0.0095300451 0.14953348 -0.030328285 0.017602839 0.14953348 -0.030328285 0.017602839 0.14953348 -0.025000244 0.024545439 0.14953348 -0.025000244 0.024545439 0.14953348 -0.0182191 0.029873475 0.14953348 -0.0182191 0.029873475 0.14953348 -0.010307766 0.033425502 0.14953348 -0.010307766 0.033425502 0.14953348 -0.001750607 0.035040066 0.14953348 -0.001750607 0.035040066 0.14953348 0.0069680065 0.034232788 0.14953348 0.0069680065 0.034232788 0.14953348 0.01520225 0.031488039 0.14953348 0.01520225 0.031488039 0.14953348 0.022467762 0.026805818 0.14953348 0.022467762 0.026805818 0.14953348 0.028441623 0.020347588 0.14953348 0.028441623 0.020347588 0.14953348 0.032639474 0.012759164 0.14953348 0.032639474 0.012759164 0.14953348 0.034738399 0.0043634623 0.14953348 0.034738399 0.0043634623 0.14953348 0.034738399 -0.0043551549 0.14953348 0.034738399 -0.0043551549 0.14953348 0.032639474 -0.012750853 0.14953348 0.032639474 -0.012750853 0.14953348 0.028441623 -0.020339277 0.14953348 0.028441623 -0.020339277 0.14953348 0.022467762 -0.026797507 0.14953348 0.022467762 -0.026797507 0.14953348 0.01520225 -0.031479727 0.14953348 0.01520225 -0.031479727 0.14953348 0.0069680065 -0.034224473 0.14953348 0.0069680065 -0.034224473 0.14953348 -0.001750607 -0.035031755 0.14953348 -0.001750607 -0.035031755 0.14953348 -0.010307766 -0.033417195 0.14953348 -0.010307766 -0.033417195 0.14953348 -0.0182191 -0.029865168 0.14953348 -0.0182191 -0.029865168 0.14953348 -0.025000244 -0.024537127 0.14953348 -0.025000244 -0.024537127 0.14953348 -0.030328285 -0.017594527 0.14953348 -0.030328285 -0.017594527 0.14953348 -0.033718858 -0.0095217377 0.14953348 -0.033718858 -0.0095217377 0.14953348 -0.035010502 -0.00096458197 0.14953348 -0.035010502 -0.00096458197 0.14953348 -0.035010502 -0.00096458197 0.14953348 -0.03468759 -0.00096458197 0.14953348 -0.03468759 -0.00096458197 0.14953348 -0.03468759 -0.00096458197 0.14953348 -0.03468759 4.157424e-06 0.14953348 -0.03468759 4.157424e-06 0.14953348 -0.03468759 4.157424e-06 0.14953348 -0.033718858 0.0082383975 0.14953348 -0.030651197 0.016149737 0.14953348 -0.025968978 0.022930875 0.14953348 -0.019672202 0.028581828 0.14953348 -0.012245236 0.032456771 0.14953348 -0.0041724443 0.034394242 0.14953348 0.0042232573 0.034394242 0.14953348 0.012296047 0.032456771 0.14953348 0.019723013 0.028581828 0.14953348 0.026019789 0.022930875 0.14953348 0.03070201 0.016149737 0.14953348 0.033769667 0.0082383975 0.14953348 0.034738399 4.157424e-06 0.14953348 0.033769667 -0.0082300901 0.14953348 0.03070201 -0.016141426 0.14953348 0.026019789 -0.023084026 0.14953348 0.019723013 -0.02857352 0.14953348 0.012296047 -0.032448459 0.14953348 0.0042232573 -0.034385931 0.14953348 -0.0041724443 -0.034385931 0.14953348 -0.012245236 -0.032448459 0.14953348 -0.019672202 -0.02857352 0.14953348 -0.025968978 -0.023084026 0.14953348 -0.030651197 -0.016141426 0.14953348 -0.033718858 -0.0082300901 -0.0065942816 0.010842945 0.045857601 -0.0057870038 0.010358576 0.046019055 -0.0057870038 0.010197122 0.046341971 -0.005625546 0.0098742098 0.046019055 -0.0054640919 0.0098742098 0.046341971 -0.0054640919 0.0093898401 0.046019055 -0.0054640919 0.0093898401 0.046341971 -0.0054640919 0.0090669319 0.046503425 -0.0054640919 0.0089054741 0.046180516 -0.0054640919 0.00874402 0.046503425 -0.0054640919 0.00874402 0.046503425 -0.005625546 0.0082596503 0.046180516 -0.005625546 0.0082596503 0.046180516 -0.0057870038 0.0082596503 0.046503425 -0.0061099157 0.0077752843 0.046180516 -0.0061099157 0.0077752843 0.046503425 -0.0065942816 0.0076138265 0.046180516 -0.0067557395 0.0074523725 0.046503425 -0.0072401054 0.0074523725 0.046180516 -0.0072401054 0.0074523725 0.046503425 -0.0078859292 0.0076138265 0.046019055 -0.0078859292 0.0076138265 0.046341971 -0.011922324 0.009228386 0.045534693 -0.011922324 0.009228386 0.045857601 -0.012245236 0.0093898401 0.045857601 -0.012729602 0.010035664 0.045373231 -0.012729602 0.010035664 0.045373231 -0.012891058 0.010035664 0.045696147 -0.012891058 0.010035664 0.045696147 -0.012891058 0.010520034 0.045211777 -0.013052514 0.010681488 0.045534693 -0.012891058 0.011165857 0.045211777 -0.013052514 0.011165857 0.045534693 -0.012729602 0.011650223 0.045211777 -0.012729602 0.011650223 0.045534693 -0.012406692 0.012134589 0.045211777 -0.012406692 0.012134589 0.045534693 -0.011922324 0.012457501 0.045211777 -0.011922324 0.012457501 0.045534693 -0.0112765 0.012618959 0.045211777 -0.0112765 0.012618959 0.045534693 -0.010469222 0.012457501 0.045373231 -0.010630677 0.012457501 0.045696147 -0.0065942816 0.010842945 0.046180516 -0.011760868 -0.012406692 0.045211777 -0.011760868 -0.012406692 0.045211777 -0.012245236 -0.01208378 0.045211777 -0.011760868 -0.012406692 0.045534693 -0.011760868 -0.012406692 0.045534693 -0.012245236 -0.01208378 0.045534693 -0.012568148 -0.011760868 0.045211777 -0.012729602 -0.011760868 0.045534693 -0.012891058 -0.011115044 0.045211777 -0.012891058 -0.0112765 0.045534693 -0.013052514 -0.010630677 0.045211777 -0.013052514 -0.010630677 0.045211777 -0.013052514 -0.010630677 0.045534693 -0.013052514 -0.010630677 0.045534693 -0.012891058 -0.0099848546 0.045373231 -0.012891058 -0.0099848546 0.045696147 -0.012568148 -0.0095004868 0.045373231 -0.012568148 -0.0095004868 0.045373231 -0.012568148 -0.0095004868 0.045696147 -0.012568148 -0.0095004868 0.045696147 -0.011922324 -0.0090161189 0.045534693 -0.011922324 -0.0090161189 0.045857601 -0.0078859292 -0.0074015632 0.046180516 -0.0078859292 -0.0074015632 0.046341971 -0.0074015632 -0.0072401054 0.046180516 -0.0067557395 -0.0072401054 0.046180516 -0.0067557395 -0.0072401054 0.046180516 -0.0067557395 -0.0074015632 0.046503425 -0.0067557395 -0.0074015632 0.046503425 -0.0061099157 -0.0075630173 0.046180516 -0.0061099157 -0.0075630173 0.046503425 -0.0057870038 -0.0078859292 0.046180516 -0.0057870038 -0.0080473833 0.046503425 -0.0054640919 -0.008531753 0.046180516 -0.0054640919 -0.008531753 0.046503425 -0.0054640919 -0.0090161189 0.046180516 -0.0054640919 -0.0091775768 0.046341971 -0.005625546 -0.0096619427 0.046019055 -0.005625546 -0.0096619427 0.046341971 -0.0059484579 -0.010146311 0.046341971 -0.0059484579 -0.010146311 0.046019055 -0.0059484579 -0.010307766 0.046341971 -0.0065942816 -0.010630677 0.045857601 -0.0065942816 -0.010630677 0.046180516 -0.010469222 -0.012245236 0.045373231 -0.010630677 -0.012406692 0.045696147 -0.010953588 -0.012406692 0.045373231 -0.010953588 -0.012406692 0.045534693 0.0016399622 0.00180142 0.046664879 0.0016399622 0.00180142 0.046664879 0.0013170503 0.002285786 0.046664879 0.0016399622 0.00180142 0.046987794 0.0016399622 0.00180142 0.046987794 0.0013170503 0.002285786 0.046987794 0.0011555962 0.0027701557 0.046664879 0.0011555962 0.0027701557 0.046987794 0.00099413842 0.0034159757 0.046664879 0.00099413842 0.0034159757 0.046987794 0.0011555962 0.0040617995 0.046664879 0.0011555962 0.0040617995 0.046987794 0.0016399622 0.0045461692 0.046664879 0.0016399622 0.0045461692 0.046826333 0.0021243319 0.0048690811 0.046503425 0.0021243319 0.0048690811 0.046503425 0.0021243319 0.0048690811 0.046826333 0.0021243319 0.0048690811 0.046826333 0.0027701557 0.0050305352 0.046503425 0.0027701557 0.0050305352 0.046503425 0.0029316097 0.0050305352 0.046826333 0.0029316097 0.0050305352 0.046826333 0.0040617995 0.0047076233 0.046503425 0.0040617995 0.0047076233 0.046503425 0.0040617995 0.0047076233 0.046826333 0.0040617995 0.0047076233 0.046826333 0.0043847114 0.0042232573 0.046826333 0.0043847114 0.0042232573 0.046503425 0.0045461692 0.0037388876 0.046503425 0.0045461692 0.0037388876 0.046826333 0.0047076233 0.0030930638 0.046664879 0.0047076233 0.0030930638 0.046826333 0.0045461692 0.0024472438 0.046664879 0.0045461692 0.0024472438 0.046987794 0.0042232573 0.0019628741 0.046987794 0.0040617995 0.0019628741 0.046664879 0.0039003454 0.00180142 0.046987794 0.0039003454 0.00180142 0.046664879 0.0035774335 0.0016399622 0.046987794 0.0035774335 0.0016399622 0.046664879 0.0027701557 0.0014785081 0.046664879 0.0027701557 0.0014785081 0.046664879 0.0027701557 0.0014785081 0.046987794 0.0027701557 0.0014785081 0.046987794 0.0047076233 0.0079367384 0.046341971 0.0047076233 0.0079367384 0.046341971 0.00099413842 0.0079367384 0.046341971 0.00099413842 0.0079367384 0.046341971 0.0047076233 0.0079367384 0.046664879 0.0047076233 0.0079367384 0.046664879 0.00099413842 0.0079367384 0.046664879 0.00099413842 0.0079367384 0.046664879 2.540648e-05 0.0059992708 0.046503425 2.540648e-05 0.0059992708 0.046826333 2.540648e-05 0.0059992708 0.046503425 2.540648e-05 0.0059992708 0.046503425 2.540648e-05 0.0059992708 0.046826333 2.540648e-05 0.0059992708 0.046826333 2.540648e-05 0.0059992708 0.046826333 2.540648e-05 0.0059992708 0.046826333 2.540648e-05 0.0059992708 0.046503425 2.540648e-05 0.0059992708 0.046503425 -0.00029750541 0.0055149011 0.046503425 -0.00029750541 0.0055149011 0.046826333 -0.0006204173 0.0050305352 0.046503425 -0.0006204173 0.0050305352 0.046826333 -0.0006204173 0.0050305352 0.046826333 -0.0006204173 0.0048690811 0.046664879 -0.001104787 0.0042232573 0.046987794 -0.001104787 0.0042232573 0.046664879 -0.001104787 0.0040617995 0.046987794 -0.0012662411 0.0039003454 0.046664879 -0.0014276952 0.0034159757 0.046987794 -0.001589153 0.0032545216 0.046987794 -0.0020735189 0.0024472438 0.046987794 -0.0020735189 0.0024472438 0.046664879 -0.0020735189 0.0024472438 0.046664879 -0.0020735189 0.002285786 0.046987794 -0.0020735189 0.002285786 0.046987794 -0.0020735189 0.002285786 0.046987794 -0.0020735189 0.002285786 0.046664879 -0.0028808005 0.0016399622 0.046664879 -0.0028808005 0.0016399622 0.046664879 -0.0023964308 0.0019628741 0.046987794 -0.0028808005 0.0016399622 0.046987794 -0.0028808005 0.0016399622 0.046987794 -0.0035266206 0.0014785081 0.046664879 -0.0035266206 0.0014785081 0.046987794 -0.0036880784 0.0014785081 0.046987794 -0.0036880784 0.0014785081 0.046987794 -0.0043339022 0.0014785081 0.046664879 -0.0043339022 0.0014785081 0.046664879 -0.0043339022 0.0014785081 0.046987794 -0.0043339022 0.0014785081 0.046987794 -0.005625546 0.0014785081 0.046503425 -0.005625546 0.0014785081 0.046826333 -0.0074015632 0.0014785081 0.046341971 -0.0074015632 0.0014785081 0.046664879 -0.0095004868 0.0014785081 0.046503425 -0.0112765 0.0014785081 0.046019055 -0.0112765 0.0014785081 0.046341971 -0.011760868 0.0014785081 0.046341971 -0.012406692 0.00180142 0.045857601 -0.012406692 0.00180142 0.045857601 -0.012406692 0.00180142 0.046180516 -0.012406692 0.00180142 0.046180516 -0.012891058 0.002285786 0.045857601 -0.012891058 0.002285786 0.046180516 -0.013052514 0.0027701557 0.045857601 -0.013052514 0.0027701557 0.046019055 -0.013052514 0.0034159757 0.045696147 -0.013052514 0.0034159757 0.046019055 -0.012891058 0.0040617995 0.046019055 -0.012891058 0.0040617995 0.045696147 -0.012891058 0.0040617995 0.046019055 -0.012568148 0.0045461692 0.046019055 -0.012568148 0.0045461692 0.045857601 -0.012568148 0.0045461692 0.046019055 -0.01208378 0.0048690811 0.045857601 -0.01208378 0.0048690811 0.046180516 -0.0112765 0.0050305352 0.045857601 -0.0112765 0.0050305352 0.046180516 -0.010307766 0.0050305352 0.046019055 -0.010630677 0.0050305352 0.046341971 -0.0093390308 0.0050305352 0.046341971 -0.0080473833 0.0050305352 0.046503425 -0.0080473833 0.0050305352 0.046180516 -0.0064328276 0.0050305352 0.046664879 -0.0070786513 0.0050305352 0.046341971 -0.0048182681 0.0050305352 0.046826333 -0.0048182681 0.0050305352 0.046826333 -0.0053026378 0.0050305352 0.046503425 -0.0048182681 0.0050305352 0.046503425 -0.0048182681 0.0050305352 0.046503425 -0.004656814 0.005353447 0.046503425 -0.0044953562 0.0056763589 0.046664879 -0.0044953562 0.0056763589 0.046503425 -0.0044953562 0.0056763589 0.046664879 -0.0043339022 0.005837813 0.046503425 -0.0038495325 0.0066450946 0.046664879 -0.0038495325 0.0064836368 0.046341971 -0.0036880784 0.0069680065 0.046664879 -0.0032037124 0.0079367384 0.046664879 -0.0032037124 0.0079367384 0.046341971 -0.0027193427 0.0085825622 0.046664879 -0.0028808005 0.0082596503 0.046341971 -0.001750607 0.010520034 0.046503425 -0.001750607 0.010358576 0.046180516 -0.001589153 0.010681488 0.046341971 -0.001589153 0.010681488 0.046180516 -0.0007818751 0.011488765 0.046341971 -0.0007818751 0.011488765 0.046341971 -0.0007818751 0.011327311 0.046019055 -0.0007818751 0.011327311 0.046019055 -0.00013605133 0.011488765 0.046019055 -0.00013605133 0.011488765 0.046341971 2.540648e-05 0.011488765 0.046019055 2.540648e-05 0.011488765 0.046019055 2.540648e-05 0.011488765 0.046341971 2.540648e-05 0.011488765 0.046341971 2.540648e-05 0.011488765 0.046019055 2.540648e-05 0.011488765 0.046019055 2.540648e-05 0.011488765 0.046019055 2.540648e-05 0.011488765 0.046341971 2.540648e-05 0.011488765 0.046341971 2.540648e-05 0.011488765 0.046341971 2.540648e-05 0.011488765 0.046341971 2.540648e-05 0.011488765 0.046019055 2.540648e-05 0.011488765 0.046341971 0.005837813 0.011488765 0.045857601 0.005837813 0.011488765 0.046180516 0.005837813 0.011488765 0.046180516 0.005837813 0.011488765 0.046180516 0.0064836368 0.011327311 0.045857601 0.0064836368 0.011327311 0.045857601 0.0069680065 0.011165857 0.045857601 0.0069680065 0.011165857 0.045857601 0.0069680065 0.011165857 0.045857601 0.0069680065 0.011165857 0.046180516 0.0069680065 0.011165857 0.046180516 0.0072909147 0.010681488 0.046019055 0.0072909147 0.010681488 0.046180516 0.0076138265 0.010035664 0.046019055 0.0076138265 0.010035664 0.046341971 0.0082596503 0.0090669319 0.046019055 0.0082596503 0.0090669319 0.046341971 0.009228386 0.0074523725 0.046180516 0.009228386 0.0074523725 0.046503425 0.011165857 0.0042232573 0.046180516 0.011165857 0.0042232573 0.046503425 0.011327311 0.0035774335 0.046180516 0.011327311 0.0035774335 0.046503425 0.011327311 0.0029316097 0.046180516 0.011327311 0.0029316097 0.046503425 0.011165857 0.0024472438 0.046341971 0.011165857 0.0024472438 0.046503425 0.010842945 0.0019628741 0.046341971 0.010842945 0.0019628741 0.046664879 0.010358576 0.0016399622 0.046341971 0.010358576 0.0016399622 0.046341971 0.010358576 0.0016399622 0.046664879 0.010358576 0.0016399622 0.046664879 0.0095512979 0.0014785081 0.046341971 0.0095512979 0.0014785081 0.046341971 0.0095512979 0.0014785081 0.046664879 0.0095512979 0.0014785081 0.046664879 0.0089054741 0.0016399622 0.046664879 0.0084211081 0.00180142 0.046503425 0.0085825622 0.00180142 0.046826333 0.0079367384 0.002285786 0.046503425 0.0079367384 0.002285786 0.046826333 0.0072909147 0.0035774335 0.046503425 0.0072909147 0.0035774335 0.046826333 0.0064836368 0.0048690811 0.046503425 0.0064836368 0.0048690811 0.046826333 0.0063221827 0.0050305352 0.046503425 0.0063221827 0.0050305352 0.046826333 0.0063221827 0.0050305352 0.046503425 0.0063221827 0.0051919892 0.046826333 0.0029316097 -0.0048182681 0.046826333 0.0029316097 -0.0048182681 0.046826333 0.0027701557 -0.0048182681 0.046503425 0.0027701557 -0.0048182681 0.046503425 0.0027701557 -0.0048182681 0.046503425 0.002285786 -0.0048182681 0.046826333 0.002285786 -0.0048182681 0.046826333 0.002285786 -0.0048182681 0.046503425 0.00180142 -0.0044953562 0.046664879 0.00180142 -0.0044953562 0.046826333 0.0013170503 -0.0040109903 0.046664879 0.0013170503 -0.0040109903 0.046987794 0.0011555962 -0.0035266206 0.046664879 0.0011555962 -0.0035266206 0.046987794 0.00099413842 -0.0028808005 0.046987794 0.00099413842 -0.0028808005 0.046664879 0.0011555962 -0.0025578886 0.046987794 0.0011555962 -0.0025578886 0.046664879 0.0011555962 -0.0022349767 0.046987794 0.0011555962 -0.0022349767 0.046987794 0.0011555962 -0.0022349767 0.046664879 0.0011555962 -0.0022349767 0.046664879 0.0016399622 -0.001750607 0.046987794 0.0016399622 -0.001750607 0.046664879 0.0021243319 -0.0014276952 0.046664879 0.0021243319 -0.0014276952 0.046664879 0.0021243319 -0.0014276952 0.046987794 0.0021243319 -0.0014276952 0.046987794 0.0027701557 -0.0012662411 0.046664879 0.0029316097 -0.0012662411 0.046987794 0.0034159757 -0.0014276952 0.046664879 0.0034159757 -0.0014276952 0.046987794 0.0039003454 -0.001589153 0.046664879 0.0039003454 -0.001589153 0.046987794 0.0043847114 -0.0020735189 0.046664879 0.0043847114 -0.0020735189 0.046987794 0.0045461692 -0.0027193427 0.046664879 0.0045461692 -0.0027193427 0.046826333 0.0047076233 -0.0032037124 0.046664879 0.0047076233 -0.0032037124 0.046826333 0.0045461692 -0.0038495325 0.046503425 0.0045461692 -0.0038495325 0.046826333 0.0040617995 -0.0043339022 0.046503425 0.0040617995 -0.0043339022 0.046826333 0.0035774335 -0.004656814 0.046826333 0.0035774335 -0.004656814 0.046826333 0.0035774335 -0.004656814 0.046503425 0.0034159757 -0.0048182681 0.046503425 0.0034159757 -0.0048182681 0.046503425 2.540648e-05 -0.005625546 0.046503425 2.540648e-05 -0.005625546 0.046503425 2.540648e-05 -0.005625546 0.046826333 2.540648e-05 -0.005625546 0.046826333 -0.0006204173 -0.004656814 0.046664879 -0.0006204173 -0.004656814 0.046664879 -0.00045896322 -0.0049797259 0.046826333 -0.00045896322 -0.0048182681 0.046826333 -0.0007818751 -0.0044953562 0.046987794 -0.0007818751 -0.0044953562 0.046987794 -0.001104787 -0.0038495325 0.046664879 -0.001104787 -0.0038495325 0.046987794 -0.001104787 -0.0038495325 0.046664879 -0.001104787 -0.0038495325 0.046987794 -0.001589153 -0.0032037124 0.046987794 -0.001589153 -0.0032037124 0.046987794 -0.001589153 -0.0030422546 0.046664879 -0.001589153 -0.0030422546 0.046664879 -0.001589153 -0.0030422546 0.046987794 -0.001589153 -0.0030422546 0.046664879 -0.0019120649 -0.0023964308 0.046664879 -0.0019120649 -0.0025578886 0.046987794 -0.0019120649 -0.0023964308 0.046987794 -0.0019120649 -0.0023964308 0.046987794 -0.0019120649 -0.0022349767 0.046664879 -0.0020735189 -0.0020735189 0.046664879 -0.0020735189 -0.0020735189 0.046664879 -0.0020735189 -0.0020735189 0.046987794 -0.0020735189 -0.0020735189 0.046987794 -0.0025578886 -0.001589153 0.046664879 -0.0023964308 -0.001750607 0.046987794 -0.0025578886 -0.001589153 0.046987794 -0.0027193427 -0.0014276952 0.046987794 -0.0035266206 -0.0012662411 0.046664879 -0.0033651665 -0.0012662411 0.046987794 -0.0035266206 -0.0012662411 0.046987794 -0.0048182681 -0.0012662411 0.046826333 -0.0074015632 -0.0012662411 0.046341971 -0.0062713698 -0.0012662411 0.046826333 -0.0074015632 -0.0012662411 0.046664879 -0.0091775768 -0.0012662411 0.046503425 -0.0090161189 -0.0012662411 0.046341971 -0.010469222 -0.0012662411 0.046503425 -0.010307766 -0.0012662411 0.046180516 -0.011115044 -0.0012662411 0.046341971 -0.0112765 -0.0012662411 0.046019055 -0.0112765 -0.0012662411 0.046341971 -0.01208378 -0.0014276952 0.046180516 -0.01208378 -0.0014276952 0.046180516 -0.01208378 -0.0014276952 0.046019055 -0.01208378 -0.0014276952 0.046019055 -0.012568148 -0.001750607 0.046180516 -0.012568148 -0.001750607 0.045857601 -0.012891058 -0.0023964308 0.046180516 -0.012891058 -0.0022349767 0.045857601 -0.013052514 -0.0028808005 0.046019055 -0.013052514 -0.0028808005 0.045857601 -0.013052514 -0.0035266206 0.046019055 -0.013052514 -0.0035266206 0.045696147 -0.013052514 -0.0035266206 0.046019055 -0.012891058 -0.0040109903 0.045857601 -0.012891058 -0.0040109903 0.046019055 -0.012406692 -0.0044953562 0.046180516 -0.012406692 -0.0044953562 0.046180516 -0.012406692 -0.0044953562 0.045857601 -0.012406692 -0.0044953562 0.045857601 -0.011760868 -0.0048182681 0.046180516 -0.0112765 -0.0048182681 0.045857601 -0.0112765 -0.0048182681 0.045857601 -0.0112765 -0.0049797259 0.046180516 -0.0112765 -0.0049797259 0.046180516 -0.0095004868 -0.0049797259 0.046341971 -0.0099848546 -0.0048182681 0.046019055 -0.0067557395 -0.0048182681 0.046341971 -0.0070786513 -0.0049797259 0.046664879 -0.0062713698 -0.0048182681 0.046341971 -0.0062713698 -0.0049797259 0.046664879 -0.0053026378 -0.0048182681 0.046503425 -0.0049797259 -0.0049797259 0.046826333 -0.004656814 -0.0048182681 0.046503425 -0.004656814 -0.0048182681 0.046503425 -0.0048182681 -0.0049797259 0.046826333 -0.0048182681 -0.0049797259 0.046826333 -0.0044953562 -0.00514118 0.046503425 -0.0043339022 -0.005625546 0.046503425 -0.0041724443 -0.0057870038 0.046664879 -0.0036880784 -0.0067557395 0.046341971 -0.0035266206 -0.0069171935 0.046664879 -0.0032037124 -0.0077244714 0.046341971 -0.0032037124 -0.0077244714 0.046664879 -0.0027193427 -0.0083702952 0.046341971 -0.0028808005 -0.0082088411 0.046664879 -0.0023964308 -0.0090161189 0.046180516 -0.0023964308 -0.0090161189 0.046503425 -0.0019120649 -0.0099848546 0.046180516 -0.0020735189 -0.0095004868 0.046503425 -0.0019120649 -0.0099848546 0.046503425 -0.001750607 -0.0099848546 0.046180516 -0.0019120649 -0.0099848546 0.046503425 -0.001589153 -0.010469222 0.046180516 -0.001589153 -0.010630677 0.046341971 -0.001104787 -0.010953588 0.046341971 -0.001104787 -0.010953588 0.046341971 -0.001104787 -0.010953588 0.046019055 -0.001104787 -0.010953588 0.046019055 -0.00013605133 -0.0112765 0.046019055 -0.00013605133 -0.0112765 0.046341971 -0.00013605133 -0.0112765 0.046341971 -0.00013605133 -0.0112765 0.046341971 -0.00013605133 -0.0112765 0.046019055 -0.00013605133 -0.0112765 0.046019055 -0.00013605133 -0.0112765 0.046341971 2.540648e-05 -0.0112765 0.046341971 2.540648e-05 -0.0112765 0.046341971 2.540648e-05 -0.0112765 0.046019055 2.540648e-05 -0.0112765 0.046019055 2.540648e-05 -0.0112765 0.046341971 2.540648e-05 -0.0112765 0.046341971 2.540648e-05 -0.0112765 0.046019055 2.540648e-05 -0.0112765 0.046019055 2.540648e-05 -0.0112765 0.046019055 2.540648e-05 -0.0112765 0.046341971 2.540648e-05 -0.0112765 0.046341971 2.540648e-05 -0.0112765 0.046341971 2.540648e-05 -0.0112765 0.046341971 2.540648e-05 -0.0112765 0.046019055 2.540648e-05 -0.0112765 0.046019055 2.540648e-05 -0.0112765 0.046019055 2.540648e-05 -0.0112765 0.046341971 2.540648e-05 -0.0112765 0.046019055 0.0059992708 -0.0112765 0.046180516 0.005837813 -0.0112765 0.046019055 0.0064836368 -0.0112765 0.046180516 0.0064836368 -0.0112765 0.046180516 0.0064836368 -0.011115044 0.045857601 0.0064836368 -0.011115044 0.045857601 0.0069680065 -0.010953588 0.046180516 0.0072909147 -0.010469222 0.046019055 0.0072909147 -0.010469222 0.046341971 0.011165857 -0.0040109903 0.046503425 0.010035664 -0.005625546 0.046180516 0.011165857 -0.0040109903 0.046180516 0.011327311 -0.0032037124 0.046503425 0.011327311 -0.0032037124 0.046180516 0.011327311 -0.0025578886 0.046503425 0.011327311 -0.0025578886 0.046503425 0.011327311 -0.0025578886 0.046341971 0.011327311 -0.0025578886 0.046341971 0.0110044 -0.0020735189 0.046664879 0.0110044 -0.0020735189 0.046341971 0.0110044 -0.0020735189 0.046664879 0.010520034 -0.001589153 0.046341971 0.010681488 -0.001589153 0.046664879 0.010035664 -0.0014276952 0.046664879 0.010035664 -0.0012662411 0.046341971 0.010035664 -0.0012662411 0.046664879 0.0095512979 -0.0012662411 0.046341971 0.0095512979 -0.0012662411 0.046664879 0.0089054741 -0.0014276952 0.046664879 0.0089054741 -0.0014276952 0.046664879 0.0089054741 -0.0014276952 0.046503425 0.0089054741 -0.0014276952 0.046503425 0.0079367384 -0.0022349767 0.046826333 0.0082596503 -0.0019120649 0.046503425 0.0079367384 -0.0020735189 0.046503425 0.0063221827 -0.0049797259 0.046826333 0.0063221827 -0.0049797259 0.046503425 0.0055149011 -0.0062713698 0.046664879 0.0055149011 -0.0062713698 0.046341971 0.0050305352 -0.0070786513 0.046664879 0.0050305352 -0.0070786513 0.046341971 0.0047076233 -0.0077244714 0.046664879 0.0047076233 -0.0077244714 0.046664879 0.0047076233 -0.0077244714 0.046341971 0.0047076233 -0.0077244714 0.046341971 0.00099413842 -0.0077244714 0.046664879 0.00099413842 -0.0077244714 0.046664879 0.00099413842 -0.0077244714 0.046341971 0.00099413842 -0.0077244714 0.046341971 2.540648e-05 -0.0057870038 0.046826333 2.540648e-05 -0.0057870038 0.046826333 2.540648e-05 -0.0057870038 0.046503425 2.540648e-05 -0.0057870038 0.046503425 2.540648e-05 -0.0057870038 0.046503425 2.540648e-05 -0.0057870038 0.046503425 2.540648e-05 -0.0057870038 0.046503425 2.540648e-05 -0.0057870038 0.046826333 2.540648e-05 -0.0057870038 0.046826333 -0.010792132 -0.0082088411 0.046019055 -0.015151439 -0.011437956 0.045211777 -0.012568148 -0.0095004868 0.045696147 0.016655352 -0.036947973 0.016472645 0.016655352 -0.036947973 0.016472645 0.016655352 -0.036947973 0.016472645 0.0090669319 -0.039531264 0.01954031 0.0090669319 -0.039531264 0.01954031 0.013103325 -0.038239621 0.01954031 0.013103325 -0.038239621 0.01954031 0.016655352 -0.036947973 0.016634099 0.016655352 -0.036947973 0.016472645 0.016655352 -0.036947973 0.016472645 0.016655352 -0.036947973 0.016472645 0.017624088 -0.036463603 0.016472645 0.01681681 -0.036786515 0.016472645 0.01681681 -0.036786515 0.016472645 0.017624088 -0.036463603 0.016472645 0.017624088 -0.036463603 0.016472645 0.0090669319 -0.039531264 0.016472645 0.0090669319 -0.039531264 0.016472645 0.016655352 0.036998786 0.016634099 0.016655352 0.036998786 0.016472645 0.016655352 0.036998786 0.016472645 0.016655352 0.036998786 0.016472645 0.016655352 0.036998786 0.016472645 0.016655352 0.036998786 0.016472645 0.016655352 0.036837325 0.016472645 0.016655352 0.036837325 0.016472645 0.016655352 0.036837325 0.016472645 0.016655352 0.036837325 0.016472645 0.016655352 0.036837325 0.016472645 0.017624088 0.036514416 0.016472645 0.017624088 0.036514416 0.016472645 0.017624088 0.036514416 0.016472645 0.017624088 0.036514416 0.016472645 0.035061315 -0.02128676 0.016634099 0.033769667 -0.022416951 0.016472645 0.036030047 -0.018703468 0.016472645 0.036030047 -0.018703468 0.016472645 0.036030047 -0.018703468 0.016472645 0.048785053 0.0048690811 0.01437372 0.050076701 0.0047076233 0.013727896 0.050076701 0.0042232573 0.013727896 0.050076701 2.540648e-05 0.013727896 0.049269423 2.540648e-05 0.014212266 0.050076701 0.0029316097 0.013727896 0.046686128 2.540648e-05 0.015342459 0.046201766 0.00067123026 0.015503913 0.04361847 2.540648e-05 0.016149737 0.042811193 -0.0032037124 0.016311191 0.046201766 -0.0007818751 0.015503913 0.047493413 -0.0027193427 0.015019543 0.048785053 -0.0048182681 0.01437372 0.047170497 -0.0057870038 0.015019543 0.050076701 -0.0065942816 0.013727896 0.050076701 -0.0043339022 0.013727896 0.050076701 -0.0028808005 0.013727896 0.052659996 2.540648e-05 0.011951886 0.070097223 0.0030930638 -0.014849778 0.070904501 2.540648e-05 -0.01630288 0.064930633 2.540648e-05 -0.0051624291 0.065576456 -0.0027193427 -0.0062926225 0.070097223 -0.0030422546 -0.014849778 0.075102352 -0.0072401054 -0.022438202 0.070258677 -0.0067557395 -0.014526866 0.074940898 -0.0032037124 -0.022761114 0.07364925 2.540648e-05 -0.0209851 0.074940898 0.0032545216 -0.022761114 0.075102352 0.0071294606 -0.022438202 0.07542526 0.0110044 -0.021469466 0.070258677 0.0068065487 -0.014526866 0.065576456 0.0027701557 -0.0062926225 0.061055698 2.540648e-05 0.0017801672 0.057665125 2.540648e-05 0.0066238418 0.060409874 2.540648e-05 0.0027489066 0.060894243 -0.0054640919 0.0021030828 0.065737918 -0.0061099157 -0.0059697106 0.070581593 -0.010307766 -0.013881043 0.07542526 -0.010953588 -0.021469466 0.070743047 -0.013698338 -0.012750853 0.075748175 -0.014505617 -0.020339277 0.078654379 -0.018057644 -0.021953832 0.076071084 -0.017734732 -0.018724717 0.07833147 -0.014667071 -0.023568392 0.078008555 -0.011115044 -0.024860039 0.077847101 -0.0072401054 -0.025828771 0.077524185 -0.0032037124 -0.026313141 0.076555453 2.540648e-05 -0.025182951 0.077685647 0.0032545216 -0.026313141 0.077847101 0.0072909147 -0.025828771 0.078008555 0.011165857 -0.024860039 0.07833147 0.014717884 -0.023568392 0.075748175 0.014556427 -0.020339277 0.078654379 0.018108454 -0.021792378 0.076393999 0.020853203 -0.016625792 0.079138748 0.021176115 -0.019854907 0.076071084 0.017785542 -0.018724717 0.070743047 0.013749149 -0.012750853 0.070581593 0.010358576 -0.013881043 0.065737918 0.0061607249 -0.0059697106 0.060894243 0.0055149011 0.0021030828 0.058310948 0.0051919892 0.005816564 0.055727653 0.0050305352 0.0090456828 0.055081829 2.540648e-05 0.0095300451 0.055727653 -0.0049797259 0.0090456828 0.058310948 -0.00514118 0.005816564 0.060894243 -0.0112765 0.0029103607 0.065899372 -0.012406692 -0.0048395209 0.070904501 -0.016765997 -0.011459205 0.071227409 -0.019510746 -0.0098446496 0.076393999 -0.020802394 -0.01678725 0.079138748 -0.021125304 -0.019854907 0.081883498 -0.02128676 -0.022599656 0.081560582 -0.018057644 -0.024698582 0.081237674 -0.014667071 -0.026474595 0.080914758 -0.011115044 -0.027766243 0.08059185 -0.0072401054 -0.028734978 0.080430396 -0.0033651665 -0.029219344 0.081722036 2.540648e-05 -0.030672446 0.079300202 2.540648e-05 -0.028250609 0.080430396 0.0032545216 -0.029219344 0.08059185 0.0072909147 -0.028734978 0.080914758 0.011165857 -0.027766243 0.081237674 0.014879338 -0.026474595 0.081560582 0.018269911 -0.024698582 0.081883498 0.021337572 -0.022599656 0.082206406 0.024082318 -0.020177819 0.082690775 0.028764538 -0.014688324 0.082529321 0.026665613 -0.01743307 0.076878369 0.025858335 -0.011943575 0.076716907 0.023597948 -0.014526866 0.071227409 0.019723013 -0.0098446496 0.071065955 0.01681681 -0.011459205 0.065899372 0.012457501 -0.0048395209 0.060894243 0.011327311 0.0029103607 0.058149494 0.010681488 0.0063009337 0.055404745 0.010358576 0.009368591 0.05282145 0.0047076233 0.011790425 0.050076701 0.0064836368 0.013727896 0.047170497 0.005837813 0.015019543 0.047493413 0.0027701557 0.015019543 0.04410284 0.0050305352 0.015988275 0.042811193 0.0032545216 0.016311191 0.040550813 2.540648e-05 0.016472645 0.040550813 2.540648e-05 0.016472645 0.040389352 -0.0014276952 0.016472645 0.040389352 -0.0014276952 0.016472645 0.040066443 -0.0059484579 0.016472645 0.04410284 -0.0049797259 0.015988275 0.045394488 -0.0069171935 0.015665367 0.049915247 -0.0099848546 0.013727896 0.050076701 -0.0096619427 0.013566442 0.050076701 -0.0070786513 0.013566442 0.05282145 -0.0048182681 0.011790425 0.055404745 -0.010146311 0.009368591 0.058149494 -0.010630677 0.0063009337 0.060571328 -0.016443087 0.0045249164 0.066060826 -0.018057644 -0.0024176836 0.07138887 -0.022094039 -0.0079071783 0.076716907 -0.023385685 -0.014526866 0.079300202 -0.023870053 -0.017594527 0.082206406 -0.024031509 -0.020339277 0.084951162 -0.023870053 -0.022599656 0.084789693 -0.021125304 -0.025021493 0.084466785 -0.017896188 -0.027120419 0.084143877 -0.014667071 -0.028896432 0.083820961 -0.010953588 -0.03018808 0.083659507 -0.0072401054 -0.031156816 0.083498053 -0.0032037124 -0.031641182 0.084305331 2.540648e-05 -0.032448459 0.083498053 0.0032545216 -0.031641182 0.083659507 0.0072909147 -0.031156816 0.083820961 0.0110044 -0.03018808 0.084143877 0.014717884 -0.028734978 0.084466785 0.018108454 -0.026958965 0.084789693 0.021176115 -0.024860039 0.084951162 0.024082318 -0.022599656 0.085274071 0.026504159 -0.019854907 0.085596979 0.028764538 -0.016948704 0.085758433 0.030540548 -0.013881043 0.082852229 0.030540548 -0.011620663 0.077039823 0.027957261 -0.0091988258 0.07138887 0.024405234 -0.0056467988 0.07138887 0.022144847 -0.0079071783 0.066060826 0.018108454 -0.0024176836 0.060571328 0.016493898 0.0045249164 0.057826579 0.015686616 0.0077540353 0.054920375 0.01520225 0.010337323 0.051852718 0.014717884 0.012759164 0.052498542 0.0098742098 0.011951886 0.050076701 0.009712752 0.013566442 0.049915247 0.0098742098 0.013727896 0.047977775 0.010842945 0.014535174 0.045394488 0.0068065487 0.015665367 0.043779925 0.0080981962 0.015988275 0.03942062 0.0090669319 0.016472645 0.03942062 0.0090669319 0.016472645 0.03893625 0.012296047 0.016472645 0.039582074 0.0084211081 0.016472645 0.039582074 0.0084211081 0.016472645 0.039582074 0.0084211081 0.016472645 0.042003915 0.0093898401 0.016311191 0.040066443 0.0064836368 0.016472645 0.040066443 0.0056763589 0.016472645 0.040227897 0.0042232573 0.016472645 0.040227897 0.0042232573 0.016472645 0.040550813 2.540648e-05 0.016472645 0.040550813 2.540648e-05 0.016472645 0.040550813 2.540648e-05 0.016472645 0.040550813 2.540648e-05 0.016472645 0.039904989 -0.0064328276 0.016472645 0.039904989 -0.0064328276 0.016472645 0.043779925 -0.0080473833 0.015988275 0.047977775 -0.010792132 0.014535174 0.050076701 -0.013698338 0.013727896 0.050076701 -0.012891058 0.013727896 0.052498542 -0.0098233987 0.011951886 0.054920375 -0.015151439 0.010337323 0.057826579 -0.015635807 0.0075925738 0.059925504 -0.020802394 0.0069467574 0.065899372 -0.022578407 0.00081143528 0.07138887 -0.024354421 -0.0058082528 0.076878369 -0.025807522 -0.012105029 0.079623111 -0.02629189 -0.015011236 0.082529321 -0.026453346 -0.017594527 0.085274071 -0.026453346 -0.020016365 0.088180274 -0.026130434 -0.02211529 0.08801882 -0.023547141 -0.024698582 0.087695897 -0.020640938 -0.026958965 0.087534443 -0.017573277 -0.028896432 0.087211534 -0.014182705 -0.030672446 0.08705008 -0.010630677 -0.031964093 0.086888626 -0.0069171935 -0.032932829 0.086727172 -0.0032037124 -0.033417195 0.086565718 2.540648e-05 -0.033578653 0.087211534 2.540648e-05 -0.033740107 0.086727172 0.0030930638 -0.033417195 0.086888626 0.0069680065 -0.032932829 0.08705008 0.010681488 -0.031964093 0.087211534 0.014394972 -0.030672446 0.087534443 0.017624088 -0.028896432 0.087695897 0.020853203 -0.026797507 0.08801882 0.023597948 -0.024537127 0.088180274 0.026181243 -0.021953832 0.088341728 0.028441623 -0.019047629 0.088503182 0.030379094 -0.016141426 0.088664636 0.03199365 -0.012912311 0.088664636 0.033123843 -0.0095217377 0.085919887 0.033285297 -0.0074228123 0.088664636 0.034092575 -0.0061311647 0.088664636 0.034576945 -0.0027405918 0.083013684 0.033608213 -0.0017718598 0.083013684 0.032962389 -0.005000975 0.077201277 0.029571816 -0.0062926225 0.071550325 0.026342697 -0.0032249615 0.065899372 0.022629216 0.00097288936 0.059925504 0.020853203 0.0071082115 0.057019301 0.020045925 0.0098529607 0.053951643 0.019400101 0.01211334 0.050883979 0.019077189 0.014050812 0.050076701 0.017947 0.01437372 0.050076701 0.014556427 0.013727896 0.04636322 0.011811677 0.015342459 0.044587202 0.012941871 0.015988275 0.041196637 0.015363704 0.016634099 0.038128972 0.018108454 0.016795561 0.039582074 0.016655352 0.016795561 0.03667587 0.017301176 0.016472645 0.03667587 0.017301176 0.016472645 0.03667587 0.017301176 0.016472645 0.038290426 0.013426237 0.016472645 0.038290426 0.013426237 0.016472645 0.038451888 0.012457501 0.016472645 0.038451888 0.012457501 0.016472645 0.03942062 0.0090669319 0.016472645 0.03942062 0.0090669319 0.016472645 0.03942062 0.0090669319 0.016472645 0.029894724 0.0080981962 0.016472645 0.029894724 0.0080981962 0.016472645 0.029894724 0.0080981962 0.016472645 0.031024918 2.540648e-05 0.016472645 0.031024918 2.540648e-05 0.016472645 0.029894724 -0.0080473833 0.016472645 0.029894724 -0.0080473833 0.016472645 0.029894724 -0.0080473833 0.016472645 0.026827067 -0.015474351 0.016472645 0.026827067 -0.015474351 0.016472645 0.026827067 -0.015474351 0.016472645 0.03942062 -0.0090161189 0.016472645 0.03942062 -0.0090161189 0.016472645 0.03942062 -0.0090161189 0.016472645 0.03942062 -0.0090161189 0.016472645 0.03942062 -0.0090161189 0.016472645 0.039097711 -0.010307766 0.016472645 0.039097711 -0.010307766 0.016472645 0.038774796 -0.011922324 0.016472645 0.038451888 -0.012729602 0.016472645 0.03893625 -0.012245236 0.016472645 0.042003915 -0.0093390308 0.016311191 0.04636322 -0.011760868 0.015342459 0.050076701 -0.014505617 0.013727896 0.050076701 -0.016443087 0.014050812 0.050076701 -0.015151439 0.01388935 0.051852718 -0.014667071 0.01259771 0.050883979 -0.018864922 0.014050812 0.053951643 -0.01934929 0.01211334 0.057019301 -0.019995114 0.0096914992 0.056373477 -0.021771127 0.011144608 0.059602596 -0.022578407 0.0085613132 0.065737918 -0.024354421 0.0027489066 0.071550325 -0.02629189 -0.0033864155 0.077039823 -0.027906448 -0.0093602799 0.082690775 -0.028713726 -0.014849778 0.085596979 -0.028713726 -0.017110161 0.088341728 -0.028390815 -0.019209087 0.085758433 -0.030489741 -0.0140425 0.088503182 -0.030328285 -0.01630288 0.088664636 -0.031942844 -0.013073765 0.085919887 -0.033073034 -0.0075842664 0.088664636 -0.033073034 -0.0098446496 0.088664636 -0.03404177 -0.0064540766 0.091409385 -0.033880312 -0.008553002 0.091409385 -0.032750122 -0.011943575 0.091409385 -0.031458475 -0.015011236 0.091247931 -0.029682461 -0.018240351 0.091247931 -0.027744992 -0.021146554 0.091086477 -0.02548461 -0.023729846 0.090925023 -0.022901319 -0.026151683 0.090763569 -0.019995114 -0.028412066 0.090763569 -0.016927453 -0.030349534 0.090602115 -0.013698338 -0.031964093 0.090440646 -0.010307766 -0.033094283 0.090279192 -0.0065942816 -0.034063019 0.090279192 -0.0030422546 -0.034547385 0.090117738 2.540648e-05 -0.034547385 0.093185395 2.540648e-05 -0.035031755 0.090279192 0.0030930638 -0.034547385 0.090279192 0.0066450946 -0.034063019 0.090440646 0.010358576 -0.033094283 0.090602115 0.013749149 -0.031802639 0.090763569 0.016978264 -0.03018808 0.090763569 0.020045925 -0.028412066 0.090925023 0.022952132 -0.026151683 0.091086477 0.02553542 -0.023568392 0.091247931 0.027795799 -0.0209851 0.091247931 0.029894724 -0.017917439 0.091409385 0.031509288 -0.014849778 0.091409385 0.032800935 -0.011620663 0.091409385 0.033931121 -0.0082300901 0.091409385 0.034576945 -0.0048395209 0.088664636 0.034738399 0.0006499812 0.082852229 0.033931121 0.0016187131 0.077201277 0.031832196 -0.00015730411 0.07138887 0.027957261 -0.00064166635 0.065737918 0.024566688 0.0029103607 0.059602596 0.022629216 0.0087227672 0.056373477 0.021821938 0.011144608 0.05330582 0.021337572 0.013404988 0.050238162 0.020853203 0.015019543 0.050076701 0.020853203 0.015180998 0.049592339 0.019884467 0.015019543 0.047170497 0.016493898 0.015342459 0.04361847 0.018592823 0.016795561 0.040227897 0.020853203 0.017602839 0.038613342 0.022144847 0.017925747 0.036514416 0.019723013 0.016795561 0.036998786 0.023597948 0.018087201 0.035061315 0.021176115 0.016634099 0.035384223 0.024889596 0.018410116 0.033446759 0.02279067 0.016472645 0.033123843 0.02327504 0.016472645 0.033123843 0.02327504 0.016472645 0.033446759 0.02279067 0.016472645 0.033446759 0.02279067 0.016472645 0.034738399 0.020853203 0.016472645 0.034738399 0.020853203 0.016472645 0.035384223 0.019723013 0.016472645 0.035384223 0.019723013 0.016472645 0.035384223 0.019723013 0.016472645 0.036514416 0.017624088 0.016472645 0.036514416 0.017624088 0.016472645 0.036514416 0.017624088 0.016472645 0.036514416 0.017624088 0.016472645 0.026827067 0.015525162 0.016472645 0.026827067 0.015525162 0.016472645 0.026827067 0.015525162 0.016472645 0.021983393 0.021983393 0.026482902 0.021983393 0.021983393 0.026482902 0.021983393 0.021983393 0.026482902 0.021983393 0.021983393 0.016472645 0.021983393 0.021983393 0.016472645 0.026827067 0.015525162 0.026482902 0.026827067 0.015525162 0.026482902 0.029894724 0.0080981962 0.026482902 0.029894724 0.0080981962 0.026482902 0.031024918 2.540648e-05 0.026482902 0.031024918 2.540648e-05 0.026482902 0.029894724 -0.0080473833 0.026482902 0.029894724 -0.0080473833 0.026482902 0.026827067 -0.015474351 0.026482902 0.026827067 -0.015474351 0.026482902 0.021983393 -0.021932583 0.026482902 0.021983393 -0.021932583 0.026482902 0.015525162 -0.026776258 0.026482902 0.015525162 -0.026776258 0.026482902 0.021983393 -0.021932583 0.016472645 0.021983393 -0.021932583 0.016472645 0.021983393 -0.021932583 0.016472645 0.036514416 -0.017573277 0.016472645 0.036514416 -0.017573277 0.016472645 0.036514416 -0.017573277 0.016472645 0.037806064 -0.014344161 0.016472645 0.037806064 -0.014505617 0.016472645 0.037806064 -0.014505617 0.016472645 0.036514416 -0.017573277 0.016472645 0.036514416 -0.017573277 0.016472645 0.033446759 -0.022739863 0.016472645 0.033446759 -0.022739863 0.016472645 0.033123843 -0.023224229 0.016472645 0.033123843 -0.023224229 0.016472645 0.033446759 -0.022901319 0.016472645 0.036998786 -0.023547141 0.018087201 0.038613342 -0.022255495 0.017925747 0.036514416 -0.019672202 0.016795561 0.038128972 -0.0182191 0.016795561 0.039582074 -0.016765997 0.016795561 0.041196637 -0.015312895 0.016634099 0.044587202 -0.012891058 0.015988275 0.047170497 -0.016443087 0.015342459 0.050076701 -0.018864922 0.014535174 0.050076701 -0.01934929 0.014696635 0.050238162 -0.020802394 0.015019543 0.05330582 -0.021125304 0.013243534 0.052659996 -0.022901319 0.014535174 0.055727653 -0.023385685 0.01259771 0.059118226 -0.024192965 0.010337323 0.065415002 -0.025968978 0.0050092861 0.07138887 -0.027906448 -0.00080312788 0.077201277 -0.029521007 -0.0064540766 0.082852229 -0.030489741 -0.011782117 0.083013684 -0.032911576 -0.0053238869 0.083013684 -0.0335574 -0.0019333139 0.082852229 -0.033880312 0.0012957975 0.088664636 -0.034526136 -0.0030635074 0.091409385 -0.034526136 -0.0051624291 0.09399268 -0.03468759 -0.0041936934 0.09399268 -0.034203224 -0.0072613545 0.09399268 -0.03404177 -0.0082300901 0.09399268 -0.032750122 -0.012105029 0.09399268 -0.031135563 -0.015979968 0.09399268 -0.030974109 -0.01630288 0.09399268 -0.029036637 -0.019531995 0.09399268 -0.026453346 -0.022761114 0.09399268 -0.026130434 -0.02324548 0.09399268 -0.023708597 -0.025828771 0.09399268 -0.020479482 -0.028412066 0.09399268 -0.019833658 -0.028734978 0.09399268 -0.016927453 -0.030672446 0.09399268 -0.01321397 -0.032448459 0.09399268 -0.012406692 -0.032771371 0.09399268 -0.0091775768 -0.033740107 0.09399268 -0.00514118 -0.034547385 0.09399268 -0.0041724443 -0.034708843 0.09399268 -0.001104787 -0.035031755 0.09399268 2.540648e-05 -0.035031755 0.09399268 0.0040617995 -0.034708843 0.09399268 0.0082596503 -0.034063019 0.09399268 0.012134589 -0.032771371 0.09399268 0.016009528 -0.031156816 0.09399268 0.019561555 -0.02905789 0.09399268 0.019884467 -0.028734978 0.09399268 0.02279067 -0.026474595 0.09399268 0.025858335 -0.023568392 0.09399268 0.026181243 -0.02324548 0.09399268 0.028441623 -0.020339277 0.09399268 0.03070201 -0.016948704 0.09399268 0.031024918 -0.01630288 0.09399268 0.03247802 -0.013235223 0.09399268 0.033769667 -0.0091988258 0.09399268 0.033931121 -0.0083915479 0.09399268 0.034576945 -0.0051624291 0.09399268 0.034899861 -0.0035478696 0.09399268 0.034899861 -0.001126036 0.09399268 0.035061315 4.157424e-06 0.09399268 0.034738399 0.0042020082 0.088503182 0.034254037 0.0072696656 0.088503182 0.034576945 0.0040405467 0.082690775 0.033931121 0.004847832 0.076716907 0.032639474 0.0061394721 0.071065955 0.030056186 0.0050092861 0.065415002 0.026019789 0.0051707402 0.058956772 0.024243772 0.010498784 0.055727653 0.023436494 0.012759164 0.052498542 0.022952132 0.014696635 0.050076701 0.024889596 0.017602839 0.050076701 0.023113586 0.016311191 0.04587885 0.021499027 0.017118469 0.042488277 0.023597948 0.018571571 0.037967518 0.024566688 0.018894486 0.034576945 0.026988521 0.019701764 0.033769667 0.026181243 0.018571571 0.032962389 0.023436494 0.016472645 0.032962389 0.023436494 0.016472645 0.032962389 0.023436494 0.016472645 0.031670742 0.025212511 0.016472645 0.031670742 0.025212511 0.016472645 0.032155111 0.027472891 0.018733025 0.03070201 0.026342697 0.016472645 0.03070201 0.026342697 0.016472645 0.03070201 0.026342697 0.016472645 0.030540548 0.028764538 0.01905594 0.03021764 0.026988521 0.016472645 0.03021764 0.026988521 0.016472645 0.031670742 0.025212511 0.016472645 0.031670742 0.025212511 0.016472645 0.031670742 0.025212511 0.016472645 0.025212511 0.031670742 0.016472645 0.025212511 0.031670742 0.016472645 0.025212511 0.031670742 0.016472645 0.025212511 0.031670742 0.016472645 0.015525162 0.026827067 0.016472645 0.015525162 0.026827067 0.016472645 0.015525162 0.026827067 0.016472645 0.015525162 0.026827067 0.026482902 0.015525162 0.026827067 0.026482902 2.540648e-05 2.540648e-05 0.026482902 0.0080981962 -0.030005373 0.026482902 0.0080981962 -0.030005373 0.026482902 2.540648e-05 -0.030974109 0.026482902 2.540648e-05 -0.030974109 0.026482902 -0.0080473833 -0.030005373 0.026482902 -0.0080473833 -0.030005373 0.026482902 -0.015474351 -0.026776258 0.026482902 -0.015474351 -0.026776258 0.026482902 -0.0080473833 -0.030005373 0.016472645 -0.0080473833 -0.030005373 0.016472645 2.540648e-05 -0.030974109 0.016472645 2.540648e-05 -0.030974109 0.016472645 0.0080981962 -0.030005373 0.016472645 0.0080981962 -0.030005373 0.016472645 0.015525162 -0.026776258 0.016472645 0.015525162 -0.026776258 0.016472645 0.015525162 -0.026776258 0.016472645 0.031670742 -0.025323156 0.016472645 0.031670742 -0.025323156 0.016472645 0.031670742 -0.025323156 0.016472645 0.032155111 -0.024677332 0.016472645 0.032155111 -0.024677332 0.016472645 0.031670742 -0.025323156 0.016472645 0.031670742 -0.025323156 0.016472645 0.031024918 -0.025968978 0.016472645 0.031024918 -0.025968978 0.016472645 0.031024918 -0.025968978 0.016472645 0.028118715 -0.029036637 0.016472645 0.028118715 -0.029036637 0.016472645 0.030540548 -0.028875183 0.01905594 0.032155111 -0.027583536 0.018733025 0.033769667 -0.026130434 0.018571571 0.035384223 -0.024838788 0.018410116 0.037967518 -0.024677332 0.018894486 0.042488277 -0.023547141 0.018571571 0.03893625 -0.025646066 0.019863218 0.040227897 -0.020963848 0.017602839 0.04361847 -0.018542012 0.016795561 0.049592339 -0.019995114 0.015019543 0.050076701 -0.021932583 0.015665367 0.050076701 -0.023708597 0.016634099 0.050076701 -0.02548461 0.018248662 0.05104544 -0.02548461 0.017764293 0.054274552 -0.025968978 0.016149737 0.057665125 -0.026453346 0.014212266 0.064607725 -0.028067904 0.0098529607 0.071065955 -0.030005373 0.004847832 0.077201277 -0.031781387 -0.00031875819 0.076878369 -0.032588668 0.005816564 0.082690775 -0.033880312 0.0045249164 0.088664636 -0.034849048 0.00032706559 0.09399268 -0.035010502 4.157424e-06 0.09399268 -0.03468759 0.0042020082 0.14242943 -0.035010502 4.157424e-06 0.14242943 -0.035010502 4.157424e-06 0.14242943 -0.03404177 -0.0083915479 0.14242943 -0.03404177 -0.0083915479 0.14242943 -0.030974109 -0.01630288 0.14242943 -0.030974109 -0.01630288 0.14242943 -0.026130434 -0.02324548 0.14242943 -0.026130434 -0.02324548 0.14242943 -0.019833658 -0.028734978 0.14242943 -0.019833658 -0.028734978 0.14242943 -0.012406692 -0.032771371 0.14242943 -0.012406692 -0.032771371 0.14242943 -0.0041724443 -0.034708843 0.14242943 -0.0041724443 -0.034708843 0.14242943 0.0042232573 -0.034708843 0.14242943 0.0042232573 -0.034708843 0.14242943 0.012457501 -0.032771371 0.14242943 0.012457501 -0.032771371 0.14242943 0.019884467 -0.028734978 0.14242943 0.019884467 -0.028734978 0.14242943 0.026181243 -0.02324548 0.14242943 0.026181243 -0.02324548 0.14242943 0.031024918 -0.01630288 0.14242943 0.031024918 -0.01630288 0.14242943 0.033931121 -0.0083915479 0.14242943 0.033931121 -0.0083915479 0.14242943 0.035061315 4.157424e-06 0.14242943 0.035061315 4.157424e-06 0.14242943 0.033931121 0.0083998591 0.14242943 0.033931121 0.0083998591 0.14242943 0.031024918 0.016311191 0.14242943 0.031024918 0.016311191 0.09399268 0.031186372 0.015988275 0.09399268 0.032800935 0.01211334 0.09399268 0.034092575 0.0082383975 0.088341728 0.033446759 0.010498784 0.082206406 0.032962389 0.010983147 0.082529321 0.033608213 0.0079154894 0.076393999 0.03247802 0.0090456828 0.069774307 0.03070201 0.013243534 0.070258677 0.030863464 0.010660239 0.06444627 0.028118715 0.010014415 0.057665125 0.026504159 0.01437372 0.054274552 0.026019789 0.016311191 0.050883979 0.02553542 0.017925747 0.050076701 0.026181243 0.019217394 0.050076701 0.026181243 0.019217394 0.049107969 0.025373966 0.018571571 0.048139237 0.024243772 0.017925747 0.043457016 0.024728142 0.019217394 0.03893625 0.025696874 0.019863218 0.035545684 0.027795799 0.020993412 0.031347834 0.029248908 0.020670496 0.028925993 0.030056186 0.019378848 0.027795799 0.029410362 0.016472645 0.027795799 0.029410362 0.016472645 0.027149983 0.030056186 0.016472645 0.027149983 0.030056186 0.016472645 0.027149983 0.030056186 0.016472645 0.026181243 0.030863464 0.016472645 0.026181243 0.030863464 0.016472645 0.025212511 0.031670742 0.016472645 0.023597948 0.032800935 0.016472645 0.023597948 0.032800935 0.016472645 0.019884467 0.035222769 0.016472645 0.019884467 0.035222769 0.016472645 0.019238647 0.035707138 0.017279923 0.01681681 0.036837325 0.017441384 0.013103325 0.038290426 0.01954031 0.013103325 0.038290426 0.01954031 0.013103325 0.038290426 0.01954031 0.0090669319 0.03942062 0.01954031 0.0090669319 0.03942062 0.01954031 0.0090669319 0.03942062 0.01954031 0.0090669319 0.03942062 0.016472645 0.0090669319 0.03942062 0.016472645 0.0090669319 0.03942062 0.016472645 0.0080981962 0.029894724 0.016472645 0.0080981962 0.029894724 0.016472645 0.0080981962 0.029894724 0.026482902 0.0080981962 0.029894724 0.026482902 2.540648e-05 0.031024918 0.026482902 2.540648e-05 0.031024918 0.026482902 -0.0080473833 0.029894724 0.026482902 -0.0080473833 0.029894724 0.026482902 -0.015474351 0.026827067 0.026482902 -0.015474351 0.026827067 0.026482902 -0.015474351 0.026827067 0.016472645 -0.015474351 0.026827067 0.016472645 -0.021932583 0.021983393 0.016472645 -0.021932583 0.021983393 0.016472645 -0.021932583 0.021983393 0.026482902 -0.021932583 0.021983393 0.026482902 -0.026776258 0.015525162 0.026482902 -0.026776258 0.015525162 0.026482902 -0.030005373 0.0080981962 0.026482902 -0.030005373 0.0080981962 0.026482902 -0.030974109 2.540648e-05 0.026482902 -0.030974109 2.540648e-05 0.026482902 -0.030005373 -0.0080473833 0.026482902 -0.030005373 -0.0080473833 0.026482902 -0.026776258 -0.015474351 0.026482902 -0.026776258 -0.015474351 0.026482902 -0.021932583 -0.021932583 0.026482902 -0.021932583 -0.021932583 0.026482902 -0.015474351 -0.026776258 0.016472645 -0.015474351 -0.026776258 0.016472645 0.00099413842 -0.040015634 0.016472645 0.00099413842 -0.040015634 0.016472645 0.00099413842 -0.040015634 0.016472645 0.00099413842 -0.0405 0.016472645 0.00099413842 -0.0405 0.016472645 0.00099413842 -0.0405 0.016472645 0.00099413842 -0.040015634 0.01954031 0.00099413842 -0.040015634 0.01954031 0.00099413842 -0.040015634 0.01954031 -0.00094332919 -0.040015634 0.016472645 -0.00094332919 -0.040015634 0.016472645 -0.00094332919 -0.040015634 0.016472645 -0.00094332919 -0.040015634 0.01954031 -0.00094332919 -0.040015634 0.01954031 -0.00094332919 -0.040015634 0.01954031 0.00099413842 -0.0405 0.01954031 0.00099413842 -0.0405 0.01954031 0.00099413842 -0.0405 0.01954031 0.00099413842 -0.0405 0.01954031 0.00099413842 -0.0405 0.01954031 0.0051919892 -0.040177088 0.01954031 0.0051919892 -0.040177088 0.01954031 0.0050305352 -0.040177088 0.01954031 0.0050305352 -0.040177088 0.01954031 0.0069680065 -0.039854176 0.01954031 0.0069680065 -0.039854176 0.01954031 0.0072909147 -0.039854176 0.01954031 0.0072909147 -0.039854176 0.01954031 0.0093898401 -0.03936981 0.01954031 0.0093898401 -0.03936981 0.01954031 0.011811677 -0.038723987 0.01954031 0.011811677 -0.038723987 0.01954031 0.014072061 -0.037916709 0.01954031 0.014072061 -0.037916709 0.01954031 0.016978264 -0.036786515 0.01954031 0.016978264 -0.036786515 0.01954031 0.017301176 -0.036625061 0.017925747 0.017947 -0.036302149 0.016472645 0.017947 -0.036302149 0.016472645 0.025212511 -0.031619933 0.016472645 0.025212511 -0.031619933 0.016472645 0.025212511 -0.031619933 0.016472645 0.025212511 -0.031619933 0.016472645 0.028925993 -0.030005373 0.019378848 0.031347834 -0.029359549 0.020670496 0.034576945 -0.026937712 0.019701764 0.035545684 -0.027744992 0.020993412 0.039904989 -0.0266148 0.02083195 0.039904989 -0.0266148 0.02083195 0.039904989 -0.0266148 0.02083195 0.043457016 -0.024677332 0.019217394 0.04587885 -0.021609671 0.017118469 0.048139237 -0.024192965 0.017925747 0.048139237 -0.024192965 0.017925747 0.049107969 -0.02548461 0.018571571 0.050076701 -0.0266148 0.019701764 0.050076701 -0.027422082 0.021639235 0.050076701 -0.027260624 0.021477774 0.052498542 -0.027422082 0.020186126 0.056212023 -0.027744992 0.018571571 0.063316077 -0.029036637 0.014696635 0.070258677 -0.030812651 0.010337323 0.069289945 -0.030489741 0.015503913 0.076071084 -0.032104298 0.011628971 0.082529321 -0.033718858 0.0077540353 0.088503182 -0.03468759 0.0037176386 0.088503182 -0.034203224 0.0069467574 0.088341728 -0.0335574 0.010175869 0.09399268 -0.03404177 0.0082383975 0.14242943 -0.03404177 0.0083998591 0.14242943 -0.03404177 0.0083998591 0.09399268 -0.032750122 0.01211334 0.09399268 -0.029036637 0.01954031 0.09399268 -0.030974109 0.016311191 0.14242943 -0.030974109 0.016311191 0.14242943 -0.030974109 0.016311191 0.09399268 -0.031135563 0.015988275 0.14242943 -0.012245236 0.032456771 0.14242943 -0.012406692 0.032779679 0.14242943 -0.012406692 0.032779679 0.14242943 -0.019672202 0.028581828 0.14242943 -0.019833658 0.028743289 0.14242943 -0.019833658 0.028743289 0.14242943 -0.025968978 0.022930875 0.14242943 -0.026130434 0.023253791 0.14242943 -0.026130434 0.023253791 0.14242943 -0.030651197 0.016149737 0.14242943 -0.033718858 0.0082383975 0.14242943 -0.03468759 4.157424e-06 0.14242943 -0.033718858 -0.0082300901 0.14242943 -0.030651197 -0.016141426 0.14242943 -0.025968978 -0.023084026 0.14242943 -0.019672202 -0.02857352 0.14242943 -0.012245236 -0.032448459 0.14242943 -0.0041724443 -0.034385931 0.14242943 0.0042232573 -0.034385931 0.14242943 0.012296047 -0.032448459 0.14242943 0.019723013 -0.02857352 0.14242943 0.026019789 -0.023084026 0.14242943 0.03070201 -0.016141426 0.14242943 0.033769667 -0.0082300901 0.14242943 0.034738399 4.157424e-06 0.14242943 0.033769667 0.0082383975 0.14242943 0.03070201 0.016149737 0.14242943 0.026019789 0.022930875 0.14242943 0.0042232573 0.034394242 0.14242943 0.012296047 0.032456771 0.14242943 0.012457501 0.032779679 0.14242943 0.012457501 0.032779679 0.14242943 0.019884467 0.028743289 0.14242943 0.019884467 0.028743289 0.14242943 0.019723013 0.028581828 0.14242943 0.026181243 0.023253791 0.14242943 0.026181243 0.023253791 0.09399268 0.023597948 0.025837086 0.09399268 0.026181243 0.023253791 0.09399268 0.026504159 0.022769421 0.09399268 0.029087447 0.01954031 0.09399268 0.031024918 0.016311191 0.087857366 0.029410362 0.019378848 0.08801882 0.031024918 0.016634099 0.088180274 0.032316566 0.013566442 0.081883498 0.032155111 0.014050812 0.076071084 0.032155111 0.011951886 0.069289945 0.030379094 0.015826821 0.063316077 0.029087447 0.014858089 0.056050569 0.027795799 0.018733025 0.056050569 0.027795799 0.018733025 0.052498542 0.027472891 0.020347588 0.050076701 0.027149983 0.020993412 0.051529802 0.027795799 0.022446513 0.050076701 0.027795799 0.023092337 0.046847589 0.027795799 0.024222523 0.046847589 0.027795799 0.024222523 0.046201766 0.027311437 0.022446513 0.045233026 0.026665613 0.021154866 0.044425748 0.025696874 0.020024672 0.039904989 0.026504159 0.02083195 0.036352962 0.028441623 0.022446513 0.03199365 0.02973327 0.022446513 0.027149983 0.031347834 0.019863218 0.02375941 0.033446759 0.020993412 0.020207379 0.035384223 0.022607967 0.016493898 0.036998786 0.024545439 0.016978264 0.03667587 0.01954031 0.016978264 0.03667587 0.01954031 0.016978264 0.03667587 0.01954031 0.013103325 0.038290426 0.01954031 0.013103325 0.038290426 0.01954031 0.0110044 0.03893625 0.01954031 0.0110044 0.03893625 0.01954031 0.0089054741 0.03942062 0.01954031 0.0089054741 0.03942062 0.01954031 0.0079367384 0.039743535 0.01954031 0.0079367384 0.039743535 0.01954031 0.0068065487 0.039904989 0.01954031 0.0068065487 0.039904989 0.01954031 0.0045461692 0.040227897 0.01954031 0.0045461692 0.040227897 0.01954031 0.0048690811 0.040227897 0.01954031 0.0048690811 0.040227897 0.01954031 0.0040617995 0.040227897 0.01954031 0.0040617995 0.040227897 0.01954031 0.0034159757 0.040389352 0.01954031 0.0034159757 0.040389352 0.01954031 0.0035774335 0.040389352 0.01954031 0.0035774335 0.040389352 0.01954031 0.0030930638 0.040389352 0.01954031 0.0030930638 0.040389352 0.01954031 0.002285786 0.040389352 0.01954031 0.002285786 0.040389352 0.01954031 2.540648e-05 0.040550813 0.016472645 2.540648e-05 0.040550813 0.016472645 2.540648e-05 0.040550813 0.016472645 2.540648e-05 0.031024918 0.016472645 2.540648e-05 0.031024918 0.016472645 -0.0080473833 0.029894724 0.016472645 -0.0080473833 0.029894724 0.016472645 -0.017573277 0.036514416 0.016472645 -0.017573277 0.036514416 0.016472645 -0.025323156 0.031670742 0.016472645 -0.025323156 0.031670742 0.016472645 -0.031619933 0.025212511 0.016472645 -0.031619933 0.025212511 0.016472645 -0.036463603 0.017624088 0.016472645 -0.036463603 0.017624088 0.016472645 -0.026776258 0.015525162 0.016472645 -0.026776258 0.015525162 0.016472645 -0.030005373 0.0080981962 0.016472645 -0.030005373 0.0080981962 0.016472645 -0.030974109 2.540648e-05 0.016472645 -0.030974109 2.540648e-05 0.016472645 -0.030005373 -0.0080473833 0.016472645 -0.030005373 -0.0080473833 0.016472645 -0.026776258 -0.015474351 0.016472645 -0.026776258 -0.015474351 0.016472645 -0.021932583 -0.021932583 0.016472645 -0.021932583 -0.021932583 0.016472645 -0.0090161189 -0.039531264 0.016472645 -0.0090161189 -0.039531264 0.016472645 -0.00094332919 -0.0405 0.016472645 -0.00094332919 -0.0405 0.016472645 -0.00094332919 -0.0405 0.016472645 -0.00094332919 -0.0405 0.01954031 -0.00094332919 -0.0405 0.01954031 -0.00094332919 -0.0405 0.01954031 2.540648e-05 -0.0405 0.01954031 2.540648e-05 -0.0405 0.01954031 0.0027701557 -0.040338546 0.023092337 0.0063221827 -0.040015634 0.01954031 0.0063221827 -0.040015634 0.01954031 0.0089054741 -0.03936981 0.029712021 0.012780413 -0.038239621 0.026967272 0.016493898 -0.036947973 0.024545439 0.019238647 -0.035656326 0.017279923 0.021660481 -0.034203224 0.016472645 0.021660481 -0.034203224 0.016472645 0.02279067 -0.0335574 0.016472645 0.02279067 -0.0335574 0.016472645 0.02279067 -0.0335574 0.016472645 0.025051057 -0.031781387 0.016472645 0.025051057 -0.031781387 0.016472645 0.027149983 -0.031297021 0.019863218 0.028441623 -0.031781387 0.023899615 0.03199365 -0.029843917 0.022446513 0.036352962 -0.028390815 0.022446513 0.040712267 -0.027422082 0.021962143 0.040712267 -0.027422082 0.021962143 0.044425748 -0.025807522 0.020024672 0.044425748 -0.025807522 0.020024672 0.045233026 -0.0266148 0.021154866 0.046201766 -0.027422082 0.022446513 0.046847589 -0.027744992 0.024222523 0.046847589 -0.027744992 0.024222523 0.050076701 -0.027744992 0.023738161 0.050076701 -0.027744992 0.023738161 0.050076701 -0.027744992 0.023738161 0.050076701 -0.027744992 0.024061069 0.050722525 -0.027906448 0.024222523 0.054436013 -0.028067904 0.022769421 0.062024429 -0.029036637 0.019378848 0.068644121 -0.030005373 0.018087201 0.082206406 -0.033073034 0.010660239 0.082044952 -0.032265753 0.013727896 0.088180274 -0.03242721 0.013243534 0.08801882 -0.031135563 0.016311191 0.087857366 -0.029521007 0.01905594 0.087695897 -0.027744992 0.021639235 0.09399268 -0.026453346 0.022769421 0.09399268 -0.026130434 0.023253791 0.09399268 -0.023708597 0.025837086 0.09399268 -0.020479482 0.028420374 0.09399268 -0.019833658 0.028743289 0.09399268 -0.016927453 0.030680753 0.09399268 -0.01321397 0.032456771 0.09399268 -0.012406692 0.032779679 0.09399268 -0.0091775768 0.033748418 0.09399268 -0.0069171935 0.034394242 0.14242943 -0.0041724443 0.03471715 0.14242943 -0.0041724443 0.03471715 0.14242943 -0.0041724443 0.034394242 0.14242943 0.0042232573 0.03471715 0.14242943 0.0042232573 0.03471715 0.09399268 0.0042232573 0.03471715 0.09399268 0.0051919892 0.034555696 0.09399268 0.009228386 0.033748418 0.09399268 0.012457501 0.032779679 0.09399268 0.013103325 0.032456771 0.09399268 0.016978264 0.030680753 0.09399268 0.019077189 0.029389113 0.09399268 0.019884467 0.028743289 0.09399268 0.020368837 0.028420374 0.087372988 0.023113586 0.026644364 0.087534443 0.025373966 0.024383977 0.087695897 0.027472891 0.021962143 0.081399128 0.02973327 0.01954031 0.067998298 0.029248908 0.02083195 0.061862975 0.028925993 0.01954031 0.054274552 0.027957261 0.022930875 0.05056107 0.027795799 0.024545439 0.050076701 0.027795799 0.023738161 0.047170497 0.027795799 0.024222523 0.047170497 0.027795799 0.024222523 0.043134101 0.028280169 0.024868347 0.041519545 0.027957261 0.023576699 0.040712267 0.027311437 0.021962143 0.03716024 0.028925993 0.024061069 0.033446759 0.030540548 0.026159994 0.028441623 0.031670742 0.023899615 0.024889596 0.033608213 0.025675625 0.021337572 0.035222769 0.027613096 0.017624088 0.036837325 0.029712021 0.012780413 0.038290426 0.026967272 0.0089054741 0.03942062 0.029712021 0.0069680065 0.039904989 0.01954031 0.0069680065 0.039904989 0.01954031 0.0027701557 0.040389352 0.023092337 2.540648e-05 0.040550813 0.01954031 2.540648e-05 0.040550813 0.01954031 2.540648e-05 0.040550813 0.01954031 -0.0090161189 0.03942062 0.016472645 -0.0090161189 0.03942062 0.016472645 -0.0090161189 0.03942062 0.031488039 -0.010146311 0.039259166 0.031488039 -0.013698338 0.038128972 0.031488039 -0.016927453 0.036837325 0.031488039 -0.017573277 0.036514416 0.031488039 -0.019995114 0.035222769 0.031488039 -0.025323156 0.031670742 0.031488039 -0.025646066 0.031347834 0.031488039 -0.02822936 0.029087447 0.031488039 -0.030489741 0.026504159 0.031488039 -0.031619933 0.025212511 0.031488039 -0.032750122 0.023920864 0.031488039 -0.034526136 0.021176115 0.031488039 -0.036140695 0.018269911 0.031488039 -0.036463603 0.017624088 0.031488039 -0.037593797 0.01520225 0.031488039 -0.039531264 0.0090669319 0.031488039 -0.039531264 0.0090669319 0.016472645 -0.039531264 0.0090669319 0.016472645 -0.0405 2.540648e-05 0.016472645 -0.0405 2.540648e-05 0.016472645 -0.039531264 -0.0090161189 0.016472645 -0.039531264 -0.0090161189 0.016472645 -0.036463603 -0.017573277 0.016472645 -0.036463603 -0.017573277 0.016472645 -0.031619933 -0.025323156 0.016472645 -0.031619933 -0.025323156 0.016472645 -0.025323156 -0.031619933 0.016472645 -0.025323156 -0.031619933 0.016472645 -0.017573277 -0.036463603 0.016472645 -0.017573277 -0.036463603 0.016472645 -0.012568148 -0.038562529 0.031488039 -0.0090161189 -0.039531264 0.031488039 -0.0062713698 -0.040015634 0.031488039 2.540648e-05 -0.0405 0.031488039 0.0029316097 -0.040338546 0.031488039 0.0069680065 -0.039854176 0.031165123 0.011327311 -0.038885441 0.030842215 0.01633244 -0.037270885 0.030196391 0.020207379 -0.035333414 0.022607967 0.02375941 -0.0335574 0.020993412 0.024889596 -0.0335574 0.025675625 0.032639474 -0.030166829 0.024222523 0.033446759 -0.030489741 0.026159994 0.041519545 -0.028067904 0.023576699 0.042003915 -0.028390815 0.025191262 0.043941386 -0.028067904 0.024706893 0.046040311 -0.027906448 0.024383977 0.046040311 -0.027906448 0.024383977 0.050076701 -0.027744992 0.026321448 0.050076701 -0.02709917 0.028743289 0.050076701 -0.027422082 0.027936012 0.052498542 -0.027422082 0.026967272 0.060409874 -0.02822936 0.023899615 0.068159752 -0.029359549 0.020509042 0.066868104 -0.027260624 0.025191262 0.081399128 -0.029843917 0.019217394 0.080753304 -0.026453346 0.024222523 0.080268934 -0.022255495 0.02825892 0.087372988 -0.023547141 0.026321448 0.087372988 -0.020963848 0.028420374 0.087211534 -0.018380556 0.030034937 0.087211534 -0.012729602 0.03294114 0.08705008 -0.0064328276 0.034555696 0.09399268 -0.00514118 0.034555696 0.09399268 -0.0041724443 0.03471715 0.09399268 -0.001104787 0.035040066 0.09399268 2.540648e-05 0.035040066 0.09399268 0.00099413842 0.035040066 0.08705008 0.0026086979 0.03520152 0.08705008 0.0059992708 0.03471715 0.08705008 0.012134589 0.033102594 0.087211534 0.017947 0.030357845 0.080268934 0.021983393 0.028581828 0.080430396 0.024243772 0.026644364 0.080753304 0.026181243 0.024545439 0.066868104 0.027149983 0.025514171 0.060409874 0.028118715 0.024061069 0.052498542 0.027311437 0.027128726 0.050076701 0.026342697 0.030519299 0.050076701 0.027311437 0.028097466 0.050076701 0.027795799 0.02599854 0.043941386 0.028280169 0.026644364 0.038613342 0.029248908 0.025837086 0.033769667 0.03070201 0.026805818 0.026988521 0.033123843 0.02825892 0.018269911 0.036514416 0.029873475 0.012457501 0.038451888 0.030680753 0.0079367384 0.039582074 0.031165123 0.0064836368 0.039904989 0.031165123 0.0040617995 0.040227897 0.031326577 2.540648e-05 0.040550813 0.031488039 -0.0033651665 0.040389352 0.031488039 -0.0033651665 0.040227897 0.03294114 -0.0067557395 0.039743535 0.03294114 -0.010146311 0.039097711 0.03294114 -0.013536882 0.037967518 0.03294114 -0.016765997 0.03667587 0.03294114 -0.019995114 0.035061315 0.03294114 -0.022901319 0.033285297 0.03294114 -0.025646066 0.031186372 0.03294114 -0.028067904 0.028925993 0.03294114 -0.030489741 0.026504159 0.03294114 -0.032588668 0.023920864 0.03294114 -0.034364678 0.021014661 0.03294114 -0.036140695 0.018108454 0.03294114 -0.037432339 0.01520225 0.03294114 -0.03936981 0.0089054741 0.03294114 -0.0405 0.0026086979 0.031488039 -0.0405 2.540648e-05 0.031488039 -0.040338546 2.540648e-05 0.032779679 -0.040015634 -0.0062713698 0.031488039 -0.039531264 -0.0090161189 0.031488039 -0.038562529 -0.012568148 0.031488039 -0.036463603 -0.017573277 0.031488039 -0.036140695 -0.018380556 0.031488039 -0.032750122 -0.023870053 0.031488039 -0.031619933 -0.025323156 0.031488039 -0.028713726 -0.028713726 0.031488039 -0.025323156 -0.031619933 0.031488039 -0.023870053 -0.032750122 0.031488039 -0.018380556 -0.036140695 0.031488039 -0.017573277 -0.036463603 0.031488039 -0.012406692 -0.038239621 0.033909872 -0.0062713698 -0.039692722 0.033909872 2.540648e-05 -0.040177088 0.033909872 2.540648e-05 -0.040177088 0.033909872 0.0064836368 -0.039854176 0.032456771 0.012780413 -0.038401075 0.031810947 0.019077189 -0.036302149 0.030842215 0.022629216 -0.034849048 0.029066198 0.025696874 -0.033718858 0.028420374 0.031024918 -0.031619933 0.027290188 0.031670742 -0.031458475 0.027290188 0.037483148 -0.029521007 0.02599854 0.037483148 -0.029682461 0.027936012 0.043941386 -0.02822936 0.026644364 0.043941386 -0.028067904 0.028743289 0.043941386 -0.027422082 0.030842215 0.050076701 -0.025807522 0.031326577 0.050076701 -0.02548461 0.031972401 0.050883979 -0.025968978 0.031003669 0.058956772 -0.026453346 0.028097466 0.057665125 -0.023708597 0.031972401 0.065737918 -0.024354421 0.029389113 0.064930633 -0.020640938 0.032618225 0.08010748 -0.019995114 0.030034937 0.079946026 -0.017411821 0.031488039 0.079623111 -0.01208378 0.033909872 0.079623111 -0.0062713698 0.035362974 0.080914758 2.540648e-05 0.035847344 0.079623111 0.0026086979 0.035847344 0.079623111 0.0056763589 0.035524428 0.079623111 0.011650223 0.034071326 0.079784572 0.017139722 0.031810947 0.064769179 0.020368837 0.03294114 0.065253548 0.022306308 0.031326577 0.065737918 0.024243772 0.029550567 0.058956772 0.026342697 0.028420374 0.050722525 0.025858335 0.031165123 0.050076701 0.024889596 0.032618225 0.050076701 0.025373966 0.031972401 0.043941386 0.027311437 0.030842215 0.043941386 0.027957261 0.028743289 0.037483148 0.02973327 0.027936012 0.031347834 0.031670742 0.029389113 0.025212511 0.033931121 0.030842215 0.019077189 0.036352962 0.030842215 0.012780413 0.038451888 0.031810947 0.0064836368 0.039904989 0.032456771 2.540648e-05 0.040389352 0.03294114 2.540648e-05 0.040066443 0.034071326 -0.0033651665 0.039904989 0.034394242 -0.0067557395 0.03942062 0.034394242 -0.010146311 0.038613342 0.034394242 -0.013375426 0.03764461 0.034394242 -0.016604543 0.036352962 0.034394242 -0.019672202 0.034738399 0.034394242 -0.022578407 0.032962389 0.034394242 -0.025323156 0.030863464 0.034394242 -0.027906448 0.028603084 0.034394242 -0.030166829 0.026181243 0.034394242 -0.032265753 0.023597948 0.034394242 -0.03404177 0.020853203 0.034394242 -0.035656326 0.017947 0.034394242 -0.037109427 0.015040796 0.034394242 -0.039046898 0.0089054741 0.034394242 -0.040338546 0.0026086979 0.03294114 -0.040177088 2.540648e-05 0.033909872 -0.039692722 -0.0062713698 0.033909872 -0.038239621 -0.012406692 0.033909872 -0.035817783 -0.0182191 0.033909872 -0.03242721 -0.023547141 0.033909872 -0.028390815 -0.028390815 0.033909872 -0.023547141 -0.03242721 0.033909872 -0.0182191 -0.035817783 0.033909872 -0.017734732 -0.034849048 0.036008798 -0.01208378 -0.037109427 0.036008798 -0.0061099157 -0.038562529 0.036008798 2.540648e-05 -0.039046898 0.036008798 0.0064836368 -0.039531264 0.033909872 0.012780413 -0.038078163 0.033264048 0.019077189 -0.036140695 0.032133862 0.025212511 -0.033880312 0.030842215 0.031347834 -0.031619933 0.029389113 0.031347834 -0.031135563 0.031488039 0.037483148 -0.029359549 0.030034937 0.03764461 -0.028552271 0.032133862 0.03764461 -0.027422082 0.034071326 0.043941386 -0.02629189 0.032779679 0.050076701 -0.024192965 0.033586964 0.050076701 -0.023385685 0.034394242 0.050076701 -0.022255495 0.035362974 0.050076701 -0.018380556 0.037784815 0.050076701 -0.019995114 0.036816075 0.056534939 -0.02015657 0.035040066 0.064607725 -0.018542012 0.034071326 0.064284816 -0.016281631 0.03520152 0.063961901 -0.0112765 0.03697753 0.063800447 -0.0057870038 0.037946269 0.063154623 2.540648e-05 0.038430631 0.063800447 0.005353447 0.037946269 0.063961901 0.010842945 0.037138991 0.064284816 0.015848074 0.035362974 0.056534939 0.019884467 0.03520152 0.057019301 0.021821938 0.033909872 0.05750367 0.023597948 0.032133862 0.050076701 0.023113586 0.034555696 0.043941386 0.026181243 0.03294114 0.03764461 0.028603084 0.032133862 0.037483148 0.029410362 0.030034937 0.031347834 0.031186372 0.031649493 0.025212511 0.033123843 0.033102594 0.019077189 0.036030047 0.032133862 0.012780413 0.038128972 0.033264048 0.0064836368 0.039582074 0.033909872 2.540648e-05 0.039743535 0.034878604 2.540648e-05 0.038774796 0.036493167 -0.0032037124 0.039097711 0.035685889 -0.0065942816 0.038774796 0.035685889 -0.0098233987 0.037967518 0.035685889 -0.01321397 0.036998786 0.035685889 -0.016281631 0.035707138 0.035685889 -0.01934929 0.034092575 0.035685889 -0.022255495 0.03247802 0.035685889 -0.025000244 0.030379094 0.035685889 -0.027422082 0.028118715 0.035685889 -0.029682461 0.025858335 0.035685889 -0.031619933 0.02327504 0.035685889 -0.0335574 0.020530291 0.035685889 -0.036463603 0.014717884 0.035685889 -0.038239621 0.00874402 0.035685889 -0.039854176 0.0026086979 0.034394242 -0.040015634 2.540648e-05 0.034394242 -0.038562529 -0.0061099157 0.036008798 -0.037109427 -0.01208378 0.036008798 -0.034849048 -0.017734732 0.036008798 -0.031619933 -0.022901319 0.036008798 -0.027583536 -0.027583536 0.036008798 -0.022901319 -0.031619933 0.036008798 -0.022901319 -0.031458475 0.036170252 -0.017734732 -0.03468759 0.036170252 -0.01208378 -0.037109427 0.036170252 -0.0061099157 -0.038401075 0.036170252 2.540648e-05 -0.038885441 0.036170252 0.0064836368 -0.038078163 0.036493167 0.012780413 -0.036786515 0.035847344 0.018915735 -0.035010502 0.034555696 0.025212511 -0.033073034 0.033102594 0.025212511 -0.031781387 0.03520152 0.031347834 -0.030166829 0.033586964 0.031347834 -0.028713726 0.035524428 0.03764461 -0.025968978 0.036008798 0.043941386 -0.023224229 0.036331713 0.04410284 -0.019187834 0.038915001 0.050076701 -0.017250365 0.038269177 0.050076701 -0.014021249 0.039399371 0.050076701 -0.010307766 0.040206648 0.050076701 -0.0095004868 0.040368102 0.050076701 -0.0057870038 0.040691018 0.050076701 2.540648e-05 0.040852472 0.050076701 0.0034159757 0.040852472 0.050076701 0.0051919892 0.040691018 0.050076701 0.0080981962 0.040529557 0.050076701 0.011973135 0.03988374 0.050076701 0.015363704 0.038915001 0.050076701 0.018269911 0.037784815 0.050076701 0.020853203 0.036331713 0.050076701 0.022306308 0.035362974 0.043941386 0.023113586 0.036331713 0.03764461 0.025858335 0.036008798 0.03764461 0.027311437 0.034232788 0.025212511 0.031670742 0.03520152 0.018915735 0.035061315 0.034555696 0.012780413 0.036837325 0.035847344 0.0064836368 0.038128972 0.036493167 2.540648e-05 0.038290426 0.03697753 -0.0032037124 0.038290426 0.03697753 -0.0064328276 0.037806064 0.03697753 -0.0096619427 0.03716024 0.03697753 -0.012891058 0.036191501 0.03697753 -0.015958719 0.034899861 0.03697753 -0.018864922 0.033285297 0.03697753 -0.021771127 0.031670742 0.03697753 -0.024354421 0.02973327 0.03697753 -0.026776258 0.027472891 0.03697753 -0.028875183 0.025212511 0.03697753 -0.030974109 0.022629216 0.03697753 -0.032750122 0.020045925 0.03697753 -0.035494871 0.014394972 0.03697753 -0.037432339 0.0084211081 0.03697753 -0.038239621 0.0024472438 0.03697753 -0.039208353 0.0024472438 0.035685889 -0.039046898 2.540648e-05 0.036170252 -0.038401075 -0.0061099157 0.036170252 -0.037109427 -0.01208378 0.036170252 -0.03468759 -0.017734732 0.036170252 -0.031458475 -0.022901319 0.036170252 -0.027583536 -0.027583536 0.036170252 -0.02629189 -0.02629189 0.038269177 -0.021771127 -0.030005373 0.038269177 -0.016765997 -0.033073034 0.038269177 -0.011437956 -0.035333414 0.038269177 -0.0057870038 -0.036625061 0.038269177 2.540648e-05 -0.037109427 0.038269177 0.0064836368 -0.035979237 0.038430631 0.012780413 -0.034849048 0.037784815 0.018915735 -0.033395946 0.036654621 0.018915735 -0.031297021 0.038430631 0.025212511 -0.030005373 0.037138991 0.025212511 -0.028067904 0.038753547 0.025212511 -0.025807522 0.040045194 0.03764461 -0.024031509 0.037623353 0.037806064 -0.022094039 0.038915001 0.037806064 -0.019833658 0.040045194 0.037806064 -0.015151439 0.04165975 0.037806064 -0.010146311 0.042628482 0.042649738 2.540648e-05 0.042305574 0.037806064 0.0048690811 0.043112852 0.037806064 0.010035664 0.042628482 0.037806064 0.014879338 0.041821204 0.037806064 0.019723013 0.040206648 0.037806064 0.021983393 0.038915001 0.03764461 0.024082318 0.037623353 0.025212511 0.025696874 0.040206648 0.025212511 0.027957261 0.038753547 0.025212511 0.029894724 0.037138991 0.018915735 0.031186372 0.038430631 0.018915735 0.033285297 0.036654621 0.012780413 0.034738399 0.037946269 0.0064836368 0.036030047 0.038592093 2.540648e-05 0.037806064 0.037623353 -0.0062713698 0.036514416 0.038269177 -0.0093390308 0.035868593 0.038269177 -0.012406692 0.034899861 0.038269177 -0.015474351 0.033608213 0.038269177 -0.0182191 0.032155111 0.038269177 -0.020963848 0.030540548 0.038269177 -0.023547141 0.028603084 0.038269177 -0.027906448 0.024243772 0.038269177 -0.031619933 0.019238647 0.038269177 -0.034364678 0.013910603 0.038269177 -0.036140695 0.0082596503 0.038269177 -0.036947973 0.002285786 0.038269177 -0.037593797 2.540648e-05 0.037784815 -0.036625061 -0.0057870038 0.038269177 -0.035333414 -0.011437956 0.038269177 -0.033073034 -0.016765997 0.038269177 -0.030005373 -0.021771127 0.038269177 -0.028713726 -0.020802394 0.039399371 -0.028713726 -0.020802394 0.039399371 -0.027744992 -0.022094039 0.039399371 -0.027744992 -0.022094039 0.039399371 -0.026453346 -0.023547141 0.039399371 -0.026453346 -0.023547141 0.039399371 -0.025000244 -0.025161698 0.039399371 -0.025000244 -0.025161698 0.039399371 -0.025000244 -0.025161698 0.039399371 -0.022094039 -0.027744992 0.039399371 -0.022094039 -0.027744992 0.039399371 -0.020802394 -0.028713726 0.039399371 -0.020802394 -0.028713726 0.039399371 -0.02015657 -0.029198095 0.039399371 -0.02015657 -0.029198095 0.039399371 -0.018864922 -0.030005373 0.039399371 -0.018864922 -0.030005373 0.039399371 -0.016120175 -0.031619933 0.039399371 -0.016120175 -0.031619933 0.039399371 -0.015312895 -0.031942844 0.039399371 -0.015312895 -0.031942844 0.039399371 -0.012568148 -0.033073034 0.039399371 -0.012568148 -0.033073034 0.039399371 -0.011599412 -0.033395946 0.039399371 -0.011599412 -0.033395946 0.039399371 -0.010953588 -0.033718858 0.039399371 -0.010953588 -0.033718858 0.039399371 -0.0077244714 -0.034526136 0.039399371 -0.0077244714 -0.034526136 0.039399371 -0.0054640919 -0.035010502 0.039399371 -0.0054640919 -0.035010502 0.039399371 -0.0043339022 -0.03517196 0.039399371 -0.0043339022 -0.03517196 0.039399371 -0.0038495325 -0.03517196 0.039399371 -0.0038495325 -0.03517196 0.039399371 2.540648e-05 -0.035494871 0.039399371 2.540648e-05 -0.035494871 0.039399371 2.540648e-05 -0.035494871 0.039399371 0.0039003454 -0.03517196 0.039399371 0.0039003454 -0.03517196 0.039399371 0.0042232573 -0.03517196 0.039399371 0.0042232573 -0.03517196 0.039399371 0.0077752843 -0.034526136 0.039237916 0.0077752843 -0.034526136 0.039237916 0.011650223 -0.0335574 0.039237916 0.011650223 -0.0335574 0.039237916 0.012618959 -0.033073034 0.039237916 0.012618959 -0.033073034 0.039237916 0.015040796 -0.032104298 0.039237916 0.015040796 -0.032104298 0.039237916 0.015040796 -0.032104298 0.039237916 0.018269911 -0.030328285 0.039399371 0.018269911 -0.030328285 0.039399371 0.020207379 -0.029198095 0.039560825 0.020207379 -0.029198095 0.039560825 0.021337572 -0.028390815 0.039722279 0.021337572 -0.028390815 0.039722279 0.021821938 -0.027906448 0.03988374 0.021821938 -0.027906448 0.03988374 0.024889596 -0.025323156 0.040529557 0.024889596 -0.025323156 0.040529557 0.025212511 -0.024838788 0.040691018 0.025212511 -0.024838788 0.040691018 0.026504159 -0.023547141 0.041013926 0.026504159 -0.023547141 0.041013926 0.027472891 -0.022416951 0.041336842 0.027472891 -0.022416951 0.041336842 0.027472891 -0.022416951 0.041336842 0.029087447 -0.020318026 0.041821204 0.029087447 -0.020318026 0.041821204 0.031024918 -0.017088909 0.042467028 0.031024918 -0.017088909 0.042467028 0.031347834 -0.016443087 0.042628482 0.031347834 -0.016443087 0.042628482 0.032639474 -0.013698338 0.042951398 0.032639474 -0.013698338 0.042951398 0.033931121 -0.010146311 0.043274306 0.033931121 -0.010146311 0.043274306 0.034092575 -0.0095004868 0.043435767 0.034092575 -0.0095004868 0.043435767 0.034415491 -0.008531753 0.043435767 0.034415491 -0.008531753 0.043435767 0.035061315 -0.005625546 0.043435767 0.035061315 -0.005625546 0.043435767 0.035384223 -0.001750607 0.043597221 0.035384223 -0.001750607 0.043597221 0.035384223 2.540648e-05 0.043597221 0.035384223 2.540648e-05 0.043597221 0.035384223 2.540648e-05 0.043597221 0.035222769 0.0039003454 0.043597221 0.035222769 0.0039003454 0.043597221 0.034576945 0.0076138265 0.043435767 0.034576945 0.0076138265 0.043435767 0.034415491 0.0084211081 0.043435767 0.034415491 0.0084211081 0.043435767 0.033608213 0.011327311 0.043274306 0.033608213 0.011327311 0.043274306 0.032155111 0.014879338 0.042789944 0.032155111 0.014879338 0.042789944 0.031347834 0.016493898 0.042628482 0.031347834 0.016493898 0.042628482 0.030379094 0.018269911 0.042305574 0.030379094 0.018269911 0.042305574 0.028118715 0.021660481 0.041498296 0.028118715 0.021660481 0.041498296 0.026504159 0.023436494 0.041013926 0.026504159 0.023436494 0.041013926 0.02553542 0.024566688 0.040691018 0.02553542 0.024566688 0.040691018 0.022952132 0.026988521 0.040045194 0.022952132 0.026988521 0.040045194 0.020207379 0.029248908 0.039560825 0.020207379 0.029248908 0.039560825 0.019884467 0.029410362 0.039560825 0.019884467 0.029410362 0.039560825 0.016655352 0.031347834 0.039237916 0.016655352 0.031347834 0.039237916 0.013264779 0.032800935 0.039237916 0.013264779 0.032800935 0.039237916 0.012618959 0.033123843 0.039237916 0.012618959 0.033123843 0.039237916 0.009228386 0.034254037 0.039237916 0.009228386 0.034254037 0.039237916 0.005353447 0.035061315 0.039399371 0.005353447 0.035061315 0.039399371 0.0042232573 0.035222769 0.039399371 0.0042232573 0.035222769 0.039399371 0.0014785081 0.035384223 0.039399371 0.0014785081 0.035384223 0.039399371 2.540648e-05 0.035384223 0.039399371 2.540648e-05 0.035384223 0.039399371 -0.0038495325 0.035222769 0.039399371 -0.0038495325 0.035222769 0.039399371 -0.0043339022 0.035222769 0.039399371 -0.0043339022 0.035222769 0.039399371 -0.0057870038 0.034899861 0.039399371 -0.0057870038 0.034899861 0.039399371 -0.0057870038 0.034899861 0.039399371 -0.0096619427 0.034092575 0.039399371 -0.0096619427 0.034092575 0.039399371 -0.011599412 0.033446759 0.039399371 -0.011599412 0.033446759 0.039399371 -0.012568148 0.033123843 0.039399371 -0.012568148 0.033123843 0.039399371 -0.015151439 0.03199365 0.039399371 -0.015151439 0.03199365 0.039399371 -0.018542012 0.03021764 0.039399371 -0.018542012 0.03021764 0.039399371 -0.020318026 0.029087447 0.039399371 -0.020318026 0.029087447 0.039399371 -0.023385685 0.026665613 0.039399371 -0.023385685 0.026665613 0.039399371 -0.026130434 0.023920864 0.039399371 -0.026130434 0.023920864 0.039399371 -0.026453346 0.023436494 0.039399371 -0.026453346 0.023436494 0.039399371 -0.026776258 0.02327504 0.039399371 -0.026776258 0.02327504 0.039399371 -0.028552271 0.020853203 0.039399371 -0.028552271 0.020853203 0.039399371 -0.029682461 0.019238647 0.039399371 -0.029682461 0.019238647 0.039399371 -0.030166829 0.018431365 0.039399371 -0.030166829 0.018431365 0.039399371 -0.031458475 0.016493898 0.039399371 -0.031458475 0.016493898 0.039399371 -0.031619933 0.015848074 0.039399371 -0.031619933 0.015848074 0.039399371 -0.031619933 0.015848074 0.039399371 -0.032911576 0.013264779 0.039399371 -0.032911576 0.013264779 0.039399371 -0.033234488 0.012296047 0.039399371 -0.033234488 0.012296047 0.039399371 -0.033880312 0.010358576 0.039399371 -0.033880312 0.010358576 0.039399371 -0.034364678 0.0084211081 0.039399371 -0.034364678 0.0084211081 0.039399371 -0.034526136 0.0077752843 0.039399371 -0.034526136 0.0077752843 0.039399371 -0.034849048 0.0066450946 0.039399371 -0.034849048 0.0066450946 0.039399371 -0.035333414 0.0027701557 0.039399371 -0.035333414 0.0027701557 0.039399371 -0.035494871 2.540648e-05 0.039399371 -0.035494871 2.540648e-05 0.039399371 -0.03517196 -0.0040109903 0.039399371 -0.03517196 -0.0040109903 0.039399371 -0.035010502 -0.0054640919 0.039399371 -0.035010502 -0.0054640919 0.039399371 -0.034526136 -0.0078859292 0.039399371 -0.034526136 -0.0078859292 0.039399371 -0.034364678 -0.008531753 0.039399371 -0.034364678 -0.008531753 0.039399371 -0.033718858 -0.010953588 0.039399371 -0.033718858 -0.010953588 0.039399371 -0.033718858 -0.010953588 0.039399371 -0.033395946 -0.011760868 0.039399371 -0.033395946 -0.011760868 0.039399371 -0.031942844 -0.015474351 0.039399371 -0.031942844 -0.015474351 0.039399371 -0.031458475 -0.016443087 0.039399371 -0.031458475 -0.016443087 0.039399371 -0.031458475 -0.016443087 0.039399371 -0.030005373 -0.018864922 0.039399371 -0.030005373 -0.018864922 0.039399371 -0.026453346 -0.023547141 0.036493167 -0.026453346 -0.023547141 0.036493167 -0.02015657 -0.029198095 0.036493167 -0.02015657 -0.029198095 0.036493167 -0.02015657 -0.029198095 0.036493167 -0.012568148 -0.033073034 0.036493167 -0.012568148 -0.033073034 0.036493167 -0.0043339022 -0.03517196 0.036493167 -0.0043339022 -0.03517196 0.036493167 -0.0043339022 -0.03517196 0.036493167 0.0042232573 -0.03517196 0.036493167 0.0042232573 -0.03517196 0.036493167 0.012618959 -0.033073034 0.036493167 0.012618959 -0.033073034 0.036493167 0.020207379 -0.029198095 0.036493167 0.020207379 -0.029198095 0.036493167 0.020207379 -0.029198095 0.036493167 0.026504159 -0.023547141 0.036493167 0.026504159 -0.023547141 0.036493167 0.031347834 -0.016443087 0.036493167 0.031347834 -0.016443087 0.036493167 0.031347834 -0.016443087 0.036493167 0.034415491 -0.008531753 0.036493167 0.034415491 -0.008531753 0.036493167 0.035384223 2.540648e-05 0.036493167 0.035384223 2.540648e-05 0.036493167 0.034415491 0.0084211081 0.036493167 0.034415491 0.0084211081 0.036493167 0.031347834 0.016493898 0.036493167 0.031347834 0.016493898 0.036493167 0.026504159 0.023436494 0.036493167 0.026504159 0.023436494 0.036493167 0.020207379 0.029248908 0.036493167 0.020207379 0.029248908 0.036493167 0.012618959 0.033123843 0.036493167 0.012618959 0.033123843 0.036493167 0.0042232573 0.035222769 0.036493167 0.0042232573 0.035222769 0.036493167 -0.0043339022 0.035222769 0.036493167 -0.0043339022 0.035222769 0.036493167 -0.012568148 0.033123843 0.036493167 -0.012568148 0.033123843 0.036493167 -0.012568148 0.033123843 0.036493167 -0.02015657 0.029248908 0.036493167 -0.02015657 0.029248908 0.036493167 -0.026453346 0.023436494 0.036493167 -0.026453346 0.023436494 0.036493167 -0.031458475 0.016493898 0.036493167 -0.031458475 0.016493898 0.036493167 -0.031458475 0.016493898 0.036493167 -0.034364678 0.0084211081 0.036493167 -0.034364678 0.0084211081 0.036493167 -0.035494871 2.540648e-05 0.036493167 -0.035494871 2.540648e-05 0.036493167 -0.034364678 -0.008531753 0.036493167 -0.034364678 -0.008531753 0.036493167 -0.034364678 -0.008531753 0.036493167 -0.031458475 -0.016443087 0.036493167 -0.031458475 -0.016443087 0.036493167 -0.031458475 -0.016443087 0.036493167 -0.02629189 -0.023224229 0.036493167 -0.02629189 -0.023224229 0.036493167 -0.019995114 -0.028875183 0.036493167 -0.019995114 -0.028875183 0.036493167 -0.012406692 -0.032750122 0.036493167 -0.012406692 -0.032750122 0.036493167 -0.0041724443 -0.034849048 0.036493167 -0.0041724443 -0.034849048 0.036493167 0.0042232573 -0.034849048 0.036493167 0.0042232573 -0.034849048 0.036493167 0.012457501 -0.032750122 0.036493167 0.012457501 -0.032750122 0.036493167 0.019884467 -0.028875183 0.036493167 0.019884467 -0.028875183 0.036493167 0.026181243 -0.023224229 0.036493167 0.026181243 -0.023224229 0.036493167 0.031024918 -0.016281631 0.036493167 0.031024918 -0.016281631 0.036493167 0.034092575 -0.0083702952 0.036493167 0.034092575 -0.0083702952 0.036493167 0.035061315 2.540648e-05 0.036493167 0.035061315 2.540648e-05 0.036493167 0.034092575 0.0084211081 0.036493167 0.034092575 0.0084211081 0.036493167 0.031024918 0.01633244 0.036493167 0.031024918 0.01633244 0.036493167 0.026181243 0.02327504 0.036493167 0.026181243 0.02327504 0.036493167 0.019884467 0.028925993 0.036493167 0.019884467 0.028925993 0.036493167 0.012457501 0.032800935 0.036493167 0.012457501 0.032800935 0.036493167 0.0042232573 0.034899861 0.036493167 0.0042232573 0.034899861 0.036493167 -0.0041724443 0.034899861 0.036493167 -0.0041724443 0.034899861 0.036493167 -0.012406692 0.032800935 0.036493167 -0.012406692 0.032800935 0.036493167 -0.019995114 0.028925993 0.036493167 -0.019995114 0.028925993 0.036493167 -0.02629189 0.02327504 0.036493167 -0.02629189 0.02327504 0.036493167 -0.031135563 0.01633244 0.036493167 -0.031135563 0.01633244 0.036493167 -0.03404177 0.0084211081 0.036493167 -0.03404177 0.0084211081 0.036493167 -0.035010502 2.540648e-05 0.036493167 -0.035010502 2.540648e-05 0.036493167 -0.03404177 -0.0083702952 0.036493167 -0.03404177 -0.0083702952 0.036493167 -0.031135563 -0.016281631 0.036493167 -0.031135563 -0.016281631 0.036493167 -0.027422082 -0.021932583 0.039722279 -0.027422082 -0.021932583 0.039722279 -0.026937712 -0.022578407 0.039722279 -0.02629189 -0.023224229 0.039722279 -0.024838788 -0.024838788 0.039722279 -0.022578407 -0.026937712 0.039722279 -0.021771127 -0.027422082 0.039722279 -0.019995114 -0.028875183 0.039722279 -0.018542012 -0.029682461 0.039722279 -0.017573277 -0.030328285 0.039722279 -0.015151439 -0.031619933 0.039722279 -0.012406692 -0.032750122 0.039722279 -0.011922324 -0.032911576 0.039722279 -0.011437956 -0.033073034 0.039722279 -0.0077244714 -0.034203224 0.039722279 -0.0061099157 -0.034526136 0.039722279 -0.0041724443 -0.034849048 0.039722279 -0.0038495325 -0.034849048 0.039722279 -0.0038495325 -0.034849048 0.039722279 2.540648e-05 -0.035010502 0.039722279 2.540648e-05 -0.035010502 0.039722279 2.540648e-05 -0.035010502 0.039722279 2.540648e-05 -0.035010502 0.039722279 0.002285786 -0.034849048 0.039722279 0.0039003454 -0.034849048 0.039722279 0.0039003454 -0.034849048 0.039722279 0.0039003454 -0.034849048 0.039722279 0.0042232573 -0.034849048 0.039722279 0.0042232573 -0.034849048 0.039722279 0.0063221827 -0.034364678 0.039722279 0.0077752843 -0.034203224 0.039560825 0.0077752843 -0.034203224 0.039560825 0.011488765 -0.033234488 0.039399371 0.012457501 -0.032750122 0.039399371 0.014879338 -0.031781387 0.039399371 0.018108454 -0.030005373 0.039560825 0.019884467 -0.028875183 0.039722279 0.021176115 -0.027906448 0.040045194 0.021660481 -0.027583536 0.040045194 0.024566688 -0.025000244 0.040691018 0.026181243 -0.023224229 0.04117538 0.026504159 -0.022901319 0.041336842 0.027311437 -0.022094039 0.041498296 0.028925993 -0.019995114 0.041982666 0.028925993 -0.019995114 0.041982666 0.029248908 -0.019187834 0.04214412 0.030863464 -0.016765997 0.042628482 0.030863464 -0.016765997 0.042628482 0.031024918 -0.016281631 0.042789944 0.03247802 -0.013375426 0.043112852 0.03247802 -0.013375426 0.043112852 0.032800935 -0.01208378 0.043274306 0.033769667 -0.0098233987 0.043435767 0.033769667 -0.0098233987 0.043435767 0.033931121 -0.0091775768 0.043435767 0.034092575 -0.0083702952 0.043435767 0.034092575 -0.0080473833 0.043435767 0.034738399 -0.0054640919 0.043597221 0.034738399 -0.0054640919 0.043597221 0.034738399 -0.0041724443 0.043597221 0.035061315 -0.001589153 0.043597221 0.035061315 -0.001589153 0.043597221 0.035061315 2.540648e-05 0.043597221 0.034899861 0.0039003454 0.043597221 0.034254037 0.0076138265 0.043435767 0.034254037 0.0079367384 0.043435767 0.034092575 0.0084211081 0.043435767 0.033285297 0.011327311 0.043274306 0.031832196 0.014879338 0.042951398 0.031024918 0.01633244 0.042789944 0.030056186 0.018108454 0.042305574 0.030056186 0.018108454 0.042305574 0.028603084 0.020207379 0.041982666 0.027795799 0.021499027 0.04165975 0.027795799 0.021499027 0.04165975 0.026181243 0.02327504 0.04117538 0.025373966 0.024243772 0.040852472 0.022629216 0.026827067 0.040206648 0.019884467 0.028925993 0.039722279 0.019561555 0.029087447 0.039722279 0.016493898 0.031024918 0.039399371 0.012941871 0.032639474 0.039399371 0.012457501 0.032800935 0.039399371 0.0090669319 0.033931121 0.039560825 0.0090669319 0.033931121 0.039560825 0.0082596503 0.034092575 0.039560825 0.0051919892 0.034738399 0.039560825 0.0051919892 0.034738399 0.039560825 0.0042232573 0.034899861 0.039722279 0.0013170503 0.035061315 0.039722279 2.540648e-05 0.035061315 0.039722279 -0.0038495325 0.034899861 0.039722279 -0.0041724443 0.034899861 0.039722279 -0.0057870038 0.034576945 0.039722279 -0.0077244714 0.034254037 0.039722279 -0.0096619427 0.033769667 0.039722279 -0.012406692 0.032800935 0.039722279 -0.013375426 0.03247802 0.039722279 -0.015151439 0.031670742 0.039722279 -0.016927453 0.03070201 0.039722279 -0.019995114 0.028925993 0.039722279 -0.02015657 0.028603084 0.039722279 -0.023224229 0.026181243 0.039722279 -0.024677332 0.024889596 0.039722279 -0.026130434 0.023436494 0.039722279 -0.02629189 0.02327504 0.039722279 -0.028552271 0.020368837 0.039722279 -0.030651197 0.017139722 0.039722279 -0.031135563 0.01633244 0.039722279 -0.031619933 0.015363704 0.039722279 -0.03242721 0.013587691 0.039722279 -0.033718858 0.0098742098 0.039722279 -0.03404177 0.0084211081 0.039722279 -0.034203224 0.0079367384 0.039722279 -0.034526136 0.0059992708 0.039722279 -0.034849048 0.0039003454 0.039722279 -0.034849048 0.0030930638 0.039722279 -0.035010502 2.540648e-05 0.039722279 -0.034849048 -0.0040109903 0.039722279 -0.034526136 -0.0061099157 0.039722279 -0.034203224 -0.0078859292 0.039722279 -0.03404177 -0.0083702952 0.039722279 -0.033073034 -0.011599412 0.039722279 -0.032911576 -0.011922324 0.039722279 -0.031619933 -0.015312895 0.039722279 -0.031135563 -0.016281631 0.039722279 -0.030328285 -0.017573277 0.039722279 -0.029682461 -0.018703468 0.039722279 -0.029682461 -0.018703468 0.039722279 -0.027906448 -0.020963848 0.039722279 </float_array>
          <technique_common>
            <accessor count="4790" offset="0" source="#meshId0-positions-array" stride="3">
              <param name="X" type="float" />
              <param name="Y" type="float" />
              <param name="Z" type="float" />
            </accessor>
          </technique_common>
        </source>
        <source id="meshId0-normals" name="meshId0-normals">
          <float_array id="meshId0-normals-array" count="14370"> 0.59470075 0.80394715 0 0 0 1 0 0 1 0.77543586 0.63142639 0 0 0 1 0.90266645 0.43034092 0 0 0 1 0.97874713 0.20507087 0 0 0 1 0.99916124 -0.040949211 0 0 0 1 0.95889676 -0.28375518 0 0 0 1 0.86956137 -0.49382499 0 0 0 1 0.7236082 -0.69021088 0 0 0 1 0.53194916 -0.84677625 0 0 0 1 0.31921887 -0.94768107 0 0 0 1 0.076050259 -0.99710393 0 0 0 1 -0.16293095 -0.98663747 0 0 0 1 -0.39267173 -0.91967863 0 0 0 1 -0.59470063 -0.80394727 0 0 0 1 -0.77543586 -0.63142639 0 0 0 1 -0.90266645 -0.43034092 0 0 0 1 -0.97874713 -0.20507087 0 0 0 1 -0.99916124 0.040949211 0 0 0 1 -0.95889676 0.28375518 0 0 0 1 -0.86956131 0.49382508 0 0 0 1 -0.7236082 0.69021088 0 0 0 1 -0.53194928 0.84677625 0 0 0 1 -0.31921887 0.94768107 0 0 0 1 -0.076050259 0.99710393 0 0 0 1 0.16293103 0.98663741 0 0 0 1 0 0 1 0.39267173 0.91967863 0 0 0 1 0.53194928 0.84677625 0 0 0 1 0.7236082 0.69021088 0 0 0 1 0.86956137 0.49382487 0 0 0 1 0.95889676 0.28375518 0 0 0 1 0.99916124 0.040949211 0 0 0 1 0.97874707 -0.20507078 0 0 0 1 0.90266633 -0.43034098 0 0 0 1 0.77543586 -0.63142639 0 0 0 1 0.59470075 -0.80394715 0 0 0 1 0.39267173 -0.91967863 0 0 0 1 0.16293095 -0.98663747 0 0 0 1 -0.076050334 -0.99710399 0 0 0 1 -0.31921887 -0.94768107 0 0 0 1 -0.53194916 -0.84677625 0 0 0 1 -0.7236082 -0.69021088 0 0 0 1 -0.86956137 -0.49382499 0 0 0 1 -0.95889676 -0.28375518 0 0 0 1 -0.99916124 -0.040949211 0 0 0 1 -0.97874713 0.20507087 0 0 0 1 -0.90266645 0.43034092 0 0 0 1 -0.77543586 0.63142639 0 0 0 1 -0.59470075 0.80394715 0 0 0 1 -0.39267173 0.91967863 0 0 0 1 -0.16293103 0.98663741 0 0 0 1 0.076050259 0.99710393 0 0.31921887 0.94768107 0 0 0 1 -0.21593632 -0.97640753 0 0 0 1 -0.41773322 -0.90856963 0 0 0 1 -0.60704046 -0.794671 0 0 0 1 -0.77543586 -0.63142639 0 0 0 1 -0.89014822 -0.45567101 0 0 0 1 -0.97125238 -0.23805209 0 0 0 1 -0.9997074 -0.024186457 0 0 0 1 -0.98093492 0.19433622 0 0 0 1 -0.91423941 0.40517423 0 0 0 1 -0.80394715 0.59470075 0 0 0 1 -0.64345229 0.76548624 0 0 0 1 -0.46837664 0.88352883 0 0 0 1 -0.26066589 0.96542907 0 0 0 1 -0.040949211 0.99916124 0 0 0 1 0.1837339 0.98297602 0 0 0 1 0.39267173 0.91967863 0 0 0 1 0.59470075 0.80394715 0 0 0 1 0.75532246 0.65535331 0 0 0 1 0.87666696 0.48109764 0 0 0 1 0.96225405 0.27215269 0 0 0 1 0.9987728 0.049525902 0 0 0 1 0.9848752 -0.17326507 0 0 0 1 0.92489082 -0.38023287 0 0 0 1 0.81299055 -0.58227694 0 0 0 1 0.66711986 -0.74495041 0 0 0 1 0.49382499 -0.86956137 0 0 0 1 0.28375518 -0.95889676 0 0 0 1 0.14266959 -0.98977029 0 -1 0 0 0 0 1 -1 0 0 0 -1 0 0 0 1 0 0 1 0 -1 0 1 0 0 1 0 0 -0.14266959 -0.98977029 0 0 0 1 0 -1 0 0 0 -1 1 0 0 1 0 0 0 0 -1 -0.14266959 -0.98977029 0 0 0 -1 -0.28375518 -0.95889676 0 0 0 -1 -0.49382499 -0.86956137 0 0 0 -1 -0.66711986 -0.74495041 0 0 0 -1 -0.81299043 -0.58227706 0 0 0 -1 -0.92489082 -0.38023287 0 0 0 -1 -0.9848752 -0.17326507 0 0 0 -1 -0.9987728 0.049525902 0 0 0 -1 -0.96225405 0.27215269 0 0 0 -1 -0.87666696 0.48109764 0 0 0 -1 -0.75532246 0.65535331 0 0 0 -1 -0.59470075 0.80394715 0 0 0 -1 -0.39267173 0.91967863 0 0 0 -1 -0.1837339 0.98297602 0 0 0 -1 0.040949211 0.99916124 0 0 0 -1 0.26066589 0.96542907 0 0 0 -1 0.46837664 0.88352883 0 0 0 -1 0.64345229 0.76548624 0 0 0 -1 0.80394715 0.59470075 0 0 0 -1 0.91423941 0.40517423 0 0 0 -1 0.98093492 0.19433622 0 0 0 -1 0.9997074 -0.024186457 0 0 0 -1 0.97125238 -0.23805209 0 0 0 -1 0.89014822 -0.45567113 0 0 0 -1 0.77543586 -0.63142639 0 0 0 -1 0.60704046 -0.794671 0 0 0 -1 0.41773316 -0.90856975 0 0 0 -1 0.21593632 -0.97640753 0 0.14266959 -0.98977029 0 0 0 -1 -1 0 0 -1 0 0 0 0 -1 0 -1 0 0 0 -1 0 -1 0 0 0 -1 0 0 -1 0 0 -1 0 0 -1 0 0 -1 0 0 -1 0 0 -1 0 0 -1 0 0 -1 0 0 -1 0 0 -1 0 0 -1 0 0 -1 0 0 -1 0 0 -1 0 0 -1 0 0 -1 0 0 -1 0 0 -1 0 0 -1 0 0 -1 0 0 -1 0 0 -1 0 0 -1 0 0 -1 0 0 -1 0 0 -1 0 0 -1 0 0.81299043 0.58227706 -1 0 0 -1 0 0 0 0.65535331 0.75532246 -1 0 0 0 0.46837664 0.88352883 -1 0 0 0 0.24929802 0.96842676 -1 0 0 0 0.015997944 0.99987203 -1 0 0 0 -0.21593632 0.97640753 -1 0 0 -7.9453436e-08 -0.43034095 0.90266645 -1 0 0 0 -0.63142639 0.77543586 -1 0 0 0 -0.794671 0.60704046 -1 0 0 0 -0.90856975 0.41773316 -1 0 0 -7.0051627e-08 -0.98093504 0.19433618 -1 0 0 0 -0.99916124 -0.040949211 -1 0 0 0 -0.96225405 -0.27215269 -1 0 0 0 -0.8766669 -0.4810977 -1 0 0 0 -0.76548624 -0.64345229 0 -0.69021088 -0.7236082 -1 0 0 0 -0.56977957 -0.82179755 -1 0 0 0 -0.35557282 -0.93464863 -1 0 0 0 -0.13274337 -0.9911505 -1 0 0 6.496537e-08 0.094404034 -0.99553394 -1 0 0 0 0.31921887 -0.94768107 -1 0 0 -8.2178452e-08 0.53194928 -0.84677631 -1 0 0 0 0.71265244 -0.70151722 -1 0 0 8.1889425e-08 0.85461605 -0.51926041 -1 0 0 0 0.95161515 -0.3072924 -1 0 0 -6.3964983e-08 0.99710399 -0.076050274 -1 0 0 1.360178e-07 0.98826766 0.15273221 -1 0 0 -1 0 0 0 0.92489082 0.38023287 -1 0 0 1.6377886e-07 0.85461611 0.51926041 -1 0 0 0 0.71265244 0.70151722 -1 0 0 0 0.53194928 0.84677625 -1 0 0 0 0.31921887 0.94768107 -1 0 0 0 0.094404034 0.995534 -1 0 0 6.6989294e-08 -0.13274337 0.99115044 -1 0 0 0 -0.35557282 0.93464863 -1 0 0 8.2944467e-08 -0.56977963 0.82179755 -1 0 0 0 -0.74495041 0.66711986 -1 0 0 8.0929084e-08 -0.87666696 0.48109767 -1 0 0 0 -0.96225405 0.27215269 -1 0 0 0 -0.99916124 0.040949211 -1 0 0 0 -0.98093498 -0.19433615 -1 0 0 -7.9053819e-08 -0.90856975 -0.41773319 -1 0 0 0 -0.794671 -0.60704046 0 -0.63142639 -0.77543586 -1 0 0 0 -0.63142639 -0.77543586 -1 0 0 -7.9453436e-08 -0.43034095 -0.90266645 -1 0 0 0 -0.21593632 -0.97640753 -1 0 0 0 0.015997944 -0.99987203 -1 0 0 0 0.24929802 -0.96842676 -1 0 0 8.0579859e-08 0.46837673 -0.88352889 -1 0 0 0 0.65535331 -0.75532246 -1 0 0 8.3164423e-08 0.81299043 -0.58227694 -1 0 0 0 0.92489082 -0.38023287 -1 0 0 6.8008895e-08 0.9882676 -0.15273227 -1 0 0 0 0.99710393 0.076050259 0 0.95161515 0.3072924 -1 0 0 0 -0.97640753 -0.21593632 -1 0 0 -7.9053819e-08 -0.90856975 -0.41773319 -1 0 0 0 -0.794671 -0.60704046 -1 0 0 0 -0.63142639 -0.77543586 -1 0 0 -8.0217085e-08 -0.45567107 -0.89014822 -1 0 0 0 -0.23805209 -0.97125238 -1 0 0 0 -0.024186457 -0.9997074 -1 0 0 -7.0051627e-08 0.19433618 -0.98093504 -1 0 0 0 0.40517423 -0.91423941 -1 0 0 0 0.59470075 -0.80394715 -1 0 0 0 0.76548624 -0.64345229 -1 0 0 -8.0579859e-08 0.88352889 -0.46837673 -1 0 0 0 0.96542907 -0.26066589 -1 0 0 0 0.99916124 -0.040949211 -1 0 0 0 0.98297602 0.1837339 -1 0 0 0 0.91967863 0.39267173 -1 0 0 0 0.80394715 0.59470075 -1 0 0 0 0.65535331 0.75532246 -1 0 0 0 0.48109764 0.87666696 -1 0 0 0 0.27215269 0.96225405 -1 0 0 0 0.049525902 0.9987728 -1 0 0 6.9030541e-08 -0.17326507 0.98487514 -1 0 0 0 -0.38023287 0.92489082 -1 0 0 8.3164423e-08 -0.58227694 0.81299043 -1 0 0 0 -0.74495041 0.66711986 -1 0 0 8.1264162e-08 -0.86956137 0.49382493 -1 0 0 0 -0.95889676 0.28375518 -1 0 0 6.7498682e-08 -0.98977035 0.14266953 0 0 -1 -1 0 0 0 0 -1 0 -1 0 -1 0 0 -1 0 0 0 -1 0 0 0 1 0 0 1 0 -0.98977029 -0.14266959 -1 0 0 0 -1 0 1 0 0 0 0 1 0 0 1 1 0 0 0 -0.98977029 -0.14266959 1 0 0 0 -0.95889676 -0.28375518 1 0 0 0 -0.86956137 -0.49382499 1 0 0 0 -0.74495041 -0.66711986 1 0 0 8.3164423e-08 -0.58227694 -0.81299043 1 0 0 0 -0.38023287 -0.92489082 1 0 0 0 -0.17326507 -0.9848752 1 0 0 0 0.049525902 -0.9987728 1 0 0 0 0.27215269 -0.96225405 1 0 0 8.0929084e-08 0.48109767 -0.87666696 1 0 0 0 0.65535331 -0.75532246 1 0 0 8.3365919e-08 0.80394721 -0.59470069 1 0 0 0 0.91967863 -0.39267173 1 0 0 6.9541329e-08 0.98297602 -0.18373382 1 0 0 0 0.99916124 0.040949211 1 0 0 0 0.96542907 0.26066589 1 0 0 0 0.88352883 0.46837664 1 0 0 0 0.76548624 0.64345229 1 0 0 0 0.59470075 0.80394715 1 0 0 0 0.40517423 0.91423941 1 0 0 0 0.19433622 0.98093492 1 0 0 0 -0.024186457 0.9997074 1 0 0 0 -0.23805209 0.97125238 1 0 0 -8.0217085e-08 -0.45567107 0.89014822 1 0 0 0 -0.63142639 0.77543586 1 0 0 0 -0.794671 0.60704046 1 0 0 0 -0.90856975 0.41773316 1 0 0 0 -0.97640753 0.21593632 6.7498682e-08 -0.98977035 0.14266953 1 0 0 0 0 -1 0 0 -1 1 0 0 0 -1 0 1 0 0 0 -1 0 1 0 0 1 0 0 1 0 0 1 0 0 1 0 0 1 0 0 1 0 0 1 0 0 1 0 0 1 0 0 1 0 0 1 0 0 1 0 0 1 0 0 1 0 0 1 0 0 1 0 0 1 0 0 1 0 0 1 0 0 1 0 0 1 0 0 1 0 0 1 0 0 1 0 0 1 0 0 1 0 0 1 0 0 0.019939268 0.28911954 -0.95708537 -0.031537026 0.37844449 -0.92508662 0.04194751 0.356554 -0.93333256 0 0 1 -0.48561454 0.87410641 0.010791431 -0.55153757 0.83293408 0.045023445 0 0 1 -0.53851068 0.8414228 0.044875864 0 0 1 -0.59266919 0.80513543 0.022364862 0 0 1 -0.65111876 0.75576282 0.069762692 -0.64590073 0.76124007 0.057669677 -0.71635932 0.69287217 0.082205124 0 0 1 -0.7286768 0.68241161 0.057831462 0 0 1 -0.77671039 0.62600541 0.069556117 -0.93717843 0.074548244 0.34079215 -0.87997144 0.043998547 0.47298455 -0.94404912 0.030784195 0.32836491 -0.91978317 0.33342147 0.20695132 -0.92100149 -0.32235056 0.21873784 -0.94237942 0.010133107 0.33439267 -0.9759025 0.069003172 0.20700967 -0.98927265 0.065329291 0.13065858 -0.92100149 -0.32235056 0.21873784 -0.97683048 -0.099676527 0.18938547 -0.97683048 -0.099676527 0.18938547 -0.96595901 0.060372408 0.25155187 -0.93920231 0 0.34336427 -0.88110936 -0.010745231 0.47279042 -0.78668559 0.045604944 0.6156671 -0.87774801 0.1270424 0.46197253 -0.91569966 0.22023165 0.33614296 -0.9411388 0.17715564 0.28787783 -0.94953591 0.2805447 0.14027227 -0.97268492 0.17405951 0.15358193 -0.97827882 0.068479486 0.19565582 -0.9953689 0.053323302 0.079984955 -0.99966967 -0.0081273913 0.024382176 -0.99292159 -0.063765578 0.10020312 -0.96930152 -0.08077509 0.23222853 -0.88541353 -0.021595439 0.46430212 -0.8102172 -0.033759031 0.5851568 -0.78082019 -0.01115457 0.6246562 -0.67874217 0 0.73437679 -0.65293342 0.045819864 0.75602812 -0.75380206 0.11965106 0.64611614 -0.83835185 0.2877925 0.46297041 -0.90865344 0.3068181 0.28321671 -0.90263987 0.37512308 0.21100682 -0.91357911 0.3834776 0.13534497 0 0 1 -0.84217733 0.52636069 0.116969 -0.88157022 0.45795846 0.11448957 0 0 1 -0.89185095 0.4344914 0.12577377 0 0 1 -0.93274617 0.34706834 0.097612925 0 0 1 -0.96152604 0.25847477 0.09305086 0 0 1 -0.97444385 0.20091632 0.10045808 0 0 1 -0.98633486 0.13406485 0.095760606 0 0 1 -0.99412727 0.09851706 0.044780485 0 0 1 -0.9991132 0.041285649 0.0082571302 0 0 1 -0.99987203 -0.015997944 0 0 0 1 -0.99628878 -0.078654334 0.034957483 0 0 1 -0.9829945 -0.15572199 0.097326227 -0.97031039 -0.1858042 0.15483677 0 0 1 -0.96772426 -0.24193111 0.070563197 0 0 1 -0.94548464 -0.29342631 0.14127932 -0.95354092 -0.23838529 0.18420677 -0.95286995 -0.17324919 0.24904563 -0.913993 -0.1114625 0.39011893 -0.82923329 -0.10511402 0.54892904 -0.69520468 -0.034190375 0.71799827 -0.59266919 -0.022364862 0.80513543 -0.49382487 0 0.86956137 -0.53958875 0.080364235 0.83808452 -0.68573719 0.1591889 0.71022779 -0.66793031 0.26974121 0.69362015 -0.77185214 0.37938493 0.51020724 -0.80168688 0.46549559 0.3749826 -0.85184324 0.49190944 0.17996699 -0.80992562 0.57171232 0.13101733 -0.73611611 0.66371125 0.13274218 -0.64885753 0.75503415 0.094379224 -0.52623874 0.84655774 0.080079749 -0.41156304 0.90977103 0.05415301 0 0 1 -0.40017736 0.91619569 0.021061959 0.88285643 0.38700554 -0.26606628 0.8257007 0.45731112 -0.3302803 0.90184152 0.41710168 -0.11273022 0.86250842 0.48953173 -0.12821072 0.77922082 0.51948047 -0.35064939 0.81243473 0.55779088 -0.16976248 0.71568716 0.58315235 -0.38435048 0.75389105 0.63030249 -0.18538307 0.63162696 0.64506567 -0.43004382 0.70263356 0.69030672 -0.17257668 0.63467991 0.74668229 -0.19911528 0.53418207 0.7687012 -0.35177851 0.56268263 0.81409395 -0.14366366 0.49370787 0.8581112 -0.1410594 0.45438755 0.83304387 -0.31554696 0.42303255 0.90172708 -0.089059517 0.3811416 0.89330035 -0.23821342 0.31709847 0.92864573 -0.19252409 0.34663853 0.80882317 -0.47502309 0.39676836 0.7406345 -0.54225028 0.47163969 0.68724668 -0.55249244 0.54448235 0.55809432 -0.62615466 0.66307098 0.48715416 -0.56834656 0.74193335 0.41071314 -0.52995247 0.80882317 0.34663853 -0.47502309 0.93535632 0.31178546 -0.16702792 0.88402086 0.2785272 -0.37540615 0.96555978 0.22841206 -0.12458839 0.93885523 0.20118335 -0.27942127 0.74193335 -0.41071314 -0.52995247 0.8257007 -0.45731112 -0.3302803 0.68787152 -0.48555633 -0.53950715 0.76675117 -0.54582298 -0.33789042 0.74668229 -0.63467991 -0.19911528 0.81939882 -0.55814129 -0.13062884 0.86157066 -0.4838959 -0.15343042 0.90172714 -0.42303243 -0.089059509 0.88285643 -0.38700554 -0.26606628 0.80882317 -0.34663853 -0.47502309 0.93211371 -0.31444803 -0.17968456 0.88402086 -0.2785272 -0.37540615 0.96555978 -0.22841196 -0.12458838 0.94619817 -0.18703918 -0.26405537 0.77639639 -0.22540538 -0.58855855 0.83108401 -0.16862576 -0.52996665 0.92730796 -0.075478517 -0.36661008 0.98669684 -0.11495499 -0.11495499 0.97590256 -0.069003172 -0.2070096 0.99340898 -0.008791226 -0.114286 0.95956826 -0.029986493 -0.27987409 0.97602117 0.12074482 -0.18111731 0.86482936 0.1658576 -0.47387913 0.91105491 0.09999378 -0.39997527 0.96513832 0.0397995 -0.25869688 0.99721396 0.043357108 -0.060699951 0.88110936 -0.010745231 -0.47279042 0.6229521 -0.033979189 -0.78152168 0.75072747 -0.034123961 -0.6597302 0.60521543 -0.022415373 -0.79574609 0.70669317 -0.034194816 -0.70669317 0.82895696 -0.056777846 -0.55642313 0.742688 -0.11978844 -0.65883625 0.65213788 -0.17226286 -0.73826939 0.58855855 -0.22540538 -0.77639639 0.68439829 -0.28408977 -0.67148501 0.72563404 -0.36941376 -0.58050728 0.5967989 -0.31137341 -0.73951179 0.57130569 -0.39858535 -0.71745354 0.55809432 -0.54448235 -0.62615466 0.64506572 -0.6316269 -0.43004382 0.69030666 -0.70263362 -0.17257668 0.62582576 -0.76080781 -0.17179532 0.58315247 -0.71568704 -0.38435048 0.38700563 -0.88285637 -0.26606628 0.45438755 -0.83304387 -0.31554696 0.41338846 -0.90498561 -0.10055399 0.48953182 -0.8625083 -0.12821072 0.51652688 -0.78770363 -0.33574256 0.55779094 -0.81243461 -0.16976248 0.56451255 -0.82418817 -0.045160979 0.64063835 -0.766478 -0.04575986 0.71207941 -0.70059425 -0.045940585 0.77669913 -0.62821263 -0.045688163 0.80513549 -0.59266913 -0.022364862 0.84142286 -0.53851062 -0.044875864 0.87574327 -0.48165882 -0.032840356 0.91245908 -0.40903333 -0.010488031 0.92948502 -0.36324701 -0.064102381 0.93805999 -0.34395531 -0.041691534 0.95956826 -0.27987409 -0.029986493 0.97337276 -0.22902893 -0.0095428666 0.98345327 -0.1718656 -0.057288509 0.99001944 -0.12953526 -0.055515084 0.99774098 -0.043006055 -0.051607266 0.99983752 0.0080632018 -0.016126404 0.9987728 0.049525902 0 0.99340892 0.11428592 -0.008791225 0.98345321 0.17186567 -0.057288509 0.96995986 0.24249001 -0.019399188 0.95476997 0.29455671 -0.040628489 0.93805999 0.34395531 -0.041691534 0.92948502 0.36324701 -0.064102381 0.90461367 0.42570049 -0.021285016 0.87851673 0.47721887 -0.021691758 0.84142292 0.5385105 -0.044875864 0.80593401 0.59026164 -0.045404714 0.766478 0.64063835 -0.04575986 0.70059425 0.71207941 -0.045940585 0.63000941 0.77626151 -0.022500323 0.54664224 0.83669716 -0.033467874 0.47279033 0.88110942 -0.010745231 0.42170727 0.90667075 -0.010542678 0.37269911 0.92642355 -0.053242706 0.35041007 0.93442696 -0.063710898 0.28911954 0.95708537 -0.019939268 0.18119915 0.98228973 -0.047683947 0.24026251 0.97066039 -0.0096104946 0.23641089 0.96620113 -0.10278738 0.2785272 0.88402086 -0.37540615 0.15861911 0.63447678 -0.75649148 0.22540538 0.77639639 -0.58855855 0.21084292 0.57051581 -0.79376125 0.21084292 0.57051581 -0.79376125 0.31001952 0.76213145 -0.56836921 0.31232113 0.62464207 -0.71573591 0.38360998 0.56880087 -0.72753614 0.44857377 0.46176711 -0.76521415 0.55431348 0.38274035 -0.73908478 0.62783998 0.32700005 -0.70631993 0.72169501 0.28352311 -0.63148314 0.77639633 0.2254055 -0.58855855 0.65213794 0.17226276 -0.73826933 0.74268806 0.11978833 -0.65883619 0.82895696 0.056777846 -0.55642313 0.67708826 0.045904264 -0.73446858 0.57491046 0.011055964 -0.81814164 0.4810977 0 -0.8766669 0.50377697 -0.055975188 -0.86201835 0.58745009 -0.069111735 -0.80630392 0.5218817 -0.10437638 -0.84660798 0.46366197 -0.17833151 -0.86787993 0.46297041 -0.2877925 -0.83835185 0.44857377 -0.46176711 -0.76521415 0.47301614 -0.66222262 -0.5811342 0.39676836 -0.7406345 -0.54225028 0.34663853 -0.80882317 -0.47502309 0.2785272 -0.88402086 -0.37540615 0.31178534 -0.93535632 -0.16702791 0.34395531 -0.93805999 -0.041691534 0.37617013 -0.92430383 -0.06448628 0.43442827 -0.90064412 -0.010595808 0.48165882 -0.87574327 -0.032840356 0 0 1 0.54460543 -0.83869237 0 0 0 1 0.7236082 -0.69021088 0 0 0 1 0.84677625 -0.53194916 0 0 0 1 0.92987955 -0.3678644 0 0 0 1 0.9848752 -0.17326507 0 0 0 1 1 0 0 0 0 1 0.9882676 0.15273218 0 0 0 1 0.93464863 0.35557282 0 0 0 1 0.83536655 0.54958338 0.010991661 0 0 1 0.70706224 0.70706224 0.011223204 0 0 1 0.54460549 0.83869231 0 0 0 1 0.3678644 0.92987955 0 0 0 1 0.13391264 0.99095297 0.0089275008 -0.1327433 0.99115056 0 -0.0079362541 0.99996853 0 -0.032503128 0.99947166 0 0.015997944 0.99987203 0 0 0 1 0.015997944 0.99987203 0 0 0 1 -0.076050259 0.99710393 0 0 0 1 -0.16293103 0.98663741 0 0 0 1 -0.20884305 0.97776496 -0.018985718 0 0 1 -0.22902893 0.97337276 -0.0095428666 0 0 1 -0.3102017 0.95061815 -0.010006502 -0.26066589 0.96542907 0 -0.15409409 0.98801458 0.0090643503 -0.058234312 0.99830294 0 0.0079362541 0.99996853 0 0.024186457 0.9997074 0 -0.024186457 0.9997074 0 0.032503128 0.99947166 0 0.11628027 0.99285382 -0.026833877 0.095213957 0.99541914 -0.0086558145 0.11399659 0.98797023 -0.10449687 0.18562882 0.9499833 -0.25114504 0.15532428 0.83636141 -0.52571291 0.10722642 0.69101506 -0.71484315 0.057102751 0.58244842 -0.81085944 0.079777636 0.51285589 -0.85475993 0.15199743 0.45599222 -0.87690818 0.26029289 0.47100601 -0.84285289 0.34663132 0.35901102 -0.86657822 0.43362153 0.28495136 -0.85485387 0.56053275 0.22421323 -0.79720229 0.43184128 0.16339931 -0.88702524 0.50830561 0.10397153 -0.85487735 0.59242284 0.081312895 -0.8015132 0.50377697 0.055975188 -0.86201835 0.37489828 0.020827673 -0.92683196 0.34336427 0 -0.93920231 0.36579591 -0.031353921 -0.93016684 0.37335587 -0.098829553 -0.92240888 0.33614296 -0.22023156 -0.91569972 0.34663132 -0.35901102 -0.86657822 0.36775303 -0.55162966 -0.7486403 0.31232104 -0.62464219 -0.71573591 0.26938573 -0.71836209 -0.64139467 0.22540538 -0.77639639 -0.58855855 0.15343042 -0.86157066 -0.4838959 0.1884357 -0.94217896 -0.2771115 0.22841196 -0.96555978 -0.12458838 0.25396392 -0.96701634 -0.019535676 0.29182968 -0.95599371 -0.030189261 0.3678644 -0.92987955 0 0 0 1 0 0 1 0 0 1 0 0 1 0 0 1 0 0 1 0 0 1 0 0 1 0 0 1 0 0 1 0 0 1 0 0 1 0 0 1 0 0 1 0 0 1 0 0 1 0 0 1 0 0 1 0 0 1 0 0 1 0 0 1 0 0 1 0 0 1 0 0 1 -0.89848173 -0.42080787 0.12510508 0 0 1 0 0 1 -0.69597214 -0.70797175 0.11999524 0 0 1 0 0 1 -0.63533902 -0.771483 0.034035999 0 0 1 -0.59470063 -0.80394727 0 0 0 1 -0.53851068 -0.8414228 0.044875864 0 0 1 -0.0079362541 -0.99996853 0 0 0 1 0.0079362541 -0.99996853 0 -0.08588513 -0.99626797 0.0085885124 0 0 1 0 0 1 0 0 1 -0.19433615 -0.98093498 0 0 0 1 -0.25162211 -0.96777725 0.0096777678 0 0 1 -0.28642762 -0.95805097 0.00987681 0 0 1 0 0 1 -0.3375617 -0.94108117 -0.020458275 0 0 1 -0.38385788 -0.92333388 0.010374533 0 0 1 0 0 1 -0.49014482 -0.87136877 0.021784207 -0.55153757 -0.83293408 0.045023445 -0.64760184 -0.76121616 0.03408429 -0.70982313 -0.69799274 0.094643034 -0.75202626 -0.64286131 0.1455535 0 0 1 -0.80559438 -0.58050197 0.11846981 0 0 1 0 0 1 -0.85445893 -0.50331134 0.12875411 -0.88494056 -0.44821662 0.12642011 -0.91926175 -0.36994681 0.13452613 -0.91879094 -0.27912641 0.27912641 -0.89214414 -0.18781993 0.41085586 -0.7564916 -0.15861911 0.63447672 -0.61244905 -0.17148563 0.77168572 -0.53016889 -0.056400921 0.8460142 -0.35896018 0.010256001 0.93329656 -0.34074983 0.030977244 0.9396435 -0.4039582 0.031891424 0.91422135 -0.39637092 0.088082388 0.91385531 -0.56210524 0.18329531 0.80649889 -0.66548455 0.38598111 0.63886535 -0.71110523 0.52326602 0.46959773 -0.71836197 0.64139479 0.26938584 -0.62125868 0.7674371 0.15835996 -0.49902275 0.85878307 0.11605172 -0.39637092 0.91385531 0.088082388 -0.28248265 0.9584232 0.040354643 -0.1568504 0.98723441 0.027679458 -0.067638882 0.99767405 0.0084548602 -0.040949211 0.99916124 0 0.015997944 0.99987203 0 0.049525902 0.9987728 0 0.067075454 0.99774796 0 0.032768164 0.99942946 -0.008192041 0.043710142 0.9965933 -0.069936402 0.059059624 0.97448301 -0.21655177 0.073586397 0.94611126 -0.31537044 0.032695796 0.88278455 -0.46863878 0.045288242 0.81518722 -0.57742429 0.034123961 0.6597302 -0.75072747 -0.033669703 0.57238376 -0.81929433 0.044376079 0.49923012 -0.86533231 0.075478517 0.36661008 -0.92730796 0.17968456 0.31444803 -0.93211371 0.26349887 0.26349896 -0.9279744 0.33614287 0.22023165 -0.91569972 0.27246442 0.16347855 -0.94817609 0.33709595 0.10874058 -0.93516946 0.25384966 0.071077861 -0.96462852 0.35041007 0.063710898 -0.93442696 0.24929802 0 -0.96842676 0.26348796 -0.060804881 -0.96274441 0.18938549 -0.099676609 -0.97683054 0.24694091 -0.16104846 -0.95555413 0.25200933 -0.27491936 -0.92785269 0.27201992 -0.4451234 -0.85315317 0.21022931 -0.55648935 -0.80381793 0.1586192 -0.63447672 -0.75649148 0.057486515 -0.62085366 -0.78181577 0.091978371 -0.51737809 -0.8507995 0.10718078 -0.72644788 -0.67881197 0.099993862 -0.91105485 -0.39997527 0.11784548 -0.98204547 -0.14730683 0.18281917 -0.98144996 -0.057732325 0 0 1 0.13391256 -0.99095291 0.0089274999 0.024186457 -0.9997074 0 0.015997944 -0.99987203 0 -0.049525902 -0.9987728 0 -0.13391249 -0.99095303 0.0089274999 -0.27470791 -0.9614777 0.0098109925 -0.41680843 -0.90842873 0.032062173 -0.41156304 -0.90977103 0.05415301 -0.52623874 -0.84655774 0.080079749 -0.64885753 -0.75503415 0.094379224 -0.742688 -0.65883625 0.11978844 -0.80267262 -0.57160038 0.17026393 -0.84956211 -0.48546401 0.20632221 -0.88822031 -0.38409525 0.2520625 -0.84834468 -0.29941583 0.43664801 -0.77040309 -0.36561504 0.5223071 -0.73868865 -0.25472033 0.62406462 -0.61777538 -0.28314716 0.73360842 -0.48546404 -0.20632233 0.84956211 -0.29342639 -0.14127925 0.94548464 -0.39997536 -0.09999378 0.91105485 -0.30389977 -0.030389961 0.95221919 -0.19610763 0.0093384515 0.98053783 -0.024382176 -0.0081273913 0.99966967 -0.24249001 0.019399188 0.96995986 -0.25074938 0.11492673 0.96120578 -0.32514548 0.16817886 0.93058926 -0.4748688 0.21917032 0.85232866 -0.55920517 0.41274673 0.71897823 -0.63799614 0.58369839 0.50225216 -0.58315235 0.71568716 0.38435048 -0.57051581 0.79376125 0.21084292 -0.4559924 0.87690812 0.15199734 -0.3601667 0.92770219 0.09822724 -0.32699609 0.93738884 0.11989851 -0.25155187 0.96595901 0.060372408 -0.2051639 0.97697067 0.058618214 -0.14778756 0.98832875 0.036946852 -0.095213957 0.99541914 0.0086558145 -0.067075454 0.99774796 0 -0.024186457 0.9997074 0 0.0085884472 0.99626797 -0.085885189 0.0097446218 0.96471798 -0.26310495 -7.9053819e-08 0.90856975 -0.41773319 -0.011024927 0.82687622 -0.56227589 -0.022586245 0.74534643 -0.66629457 -0.069556125 0.62600547 -0.77671045 -0.055975273 0.50377697 -0.86201823 -0.089978516 0.44989273 -0.8885383 -0.083729431 0.29305318 -0.9524228 0.0096777678 0.25162211 -0.96777725 0.040078208 0.27052805 -0.96187747 0.09100195 0.22244938 -0.97068793 0.1535819 0.17405932 -0.97268486 0.20091632 0.10045808 -0.97444385 0.17799041 0.028103724 -0.98363078 0.15273225 0 -0.98826754 0.16884491 -0.037521061 -0.98492825 0.11020312 -0.064285114 -0.99182791 0.14098327 -0.16112372 -0.9768126 0.18213597 -0.34150493 -0.92206329 0.13767664 -0.42450288 -0.894898 0.086523108 -0.35690796 -0.93012387 0.032695711 -0.46863875 -0.88278455 -0.022182539 -0.5545637 -0.83184564 0.034177061 -0.68354154 -0.72911096 0.057372872 -0.79174477 -0.60815179 0.021595439 -0.88541341 -0.46430218 0.029368028 -0.96914542 -0.24473372 0.034677863 -0.99698907 -0.069355793 0.025382733 -0.99838799 -0.050765466 0.067638882 -0.99767405 -0.0084548602 0.10468082 -0.99446768 -0.0087233968 0.10558458 -0.99425465 -0.017597418 0.015997944 -0.99987203 0 0.024186457 -0.9997074 0 -0.032503128 -0.99947166 0 0.015997944 -0.99987203 0 -0.058719929 -0.99823928 0.0083885612 -0.14520882 -0.98923457 0.018151086 -0.27987409 -0.95956826 0.029986493 -0.37965059 -0.92200869 0.075930089 -0.49902266 -0.85878307 0.11605181 -0.62125862 -0.76743716 0.15836006 -0.70727587 -0.66938621 0.22733869 -0.76213145 -0.56836915 0.31001961 -0.80303067 -0.44037163 0.40151533 -0.71110517 -0.4695977 0.52326602 -0.67616421 -0.37122744 0.63638985 -0.57363933 -0.41355398 0.70704395 -0.48085853 -0.30370021 0.82252127 -0.38114139 -0.23821349 0.89330035 -0.23138475 -0.22036652 0.94757575 -0.10536583 -0.12452308 0.98660636 -0.098517135 -0.044780485 0.99412721 0.058234312 0 0.99830294 0.15273234 0 0.9882676 0.050765466 0.025382733 0.99838799 -0.088844098 0.044422049 0.99505442 -0.10536583 0.12452308 0.98660636 -0.19048943 0.19048959 0.9630304 -0.32751343 0.24563512 0.9123587 -0.43164 0.44471997 0.78479999 -0.53096884 0.58542693 0.61265606 -0.45924959 0.63484544 0.62133807 -0.40071279 0.65449798 0.64114088 -0.44857377 0.76521415 0.46176711 -0.48899215 0.82752526 0.2758418 -0.3968271 0.8986966 0.18674226 -0.30616638 0.92983919 0.2041111 -0.27320033 0.95620108 0.10507699 -0.17958932 0.98301482 0.037808247 -0.14520882 0.98923457 0.018151086 -0.11330073 0.99356073 0 -0.10558458 0.99425465 -0.017597418 -0.067638956 0.99767411 -0.0084548611 -0.10020312 0.99292159 -0.063765578 -0.053323369 0.99536878 -0.079984955 -0.074070923 0.94175935 -0.32802853 -0.093218774 0.81566465 -0.57096535 -0.081666283 0.61833084 -0.78166336 -0.15199752 0.45599222 -0.87690812 -0.14127924 0.29342628 -0.94548464 -0.037808321 0.17958926 -0.98301494 0.018568654 0.17640303 -0.9841429 0.046227042 0.13868091 -0.98925763 0.063248172 0.090354435 -0.99389923 0.11020312 0.064285114 -0.99182791 0.094404101 0 -0.99553394 0.060199644 -0.034399759 -0.99759346 0.063248105 -0.090354502 -0.99389923 0.046226971 -0.13868098 -0.98925763 0.10278731 -0.23641096 -0.96620113 0.040628489 -0.29455671 -0.95476997 0.02094613 -0.38750356 -0.9216302 -0.055504244 -0.47733596 -0.87696618 -0.057372786 -0.60815185 -0.79174477 -0.022586245 -0.74534643 -0.66629457 0 -0.82179755 -0.56977957 -0.02117506 -0.91052455 -0.41291228 -0.009269991 -0.98261946 -0.18539988 0 -0.9987728 -0.049525902 0.040949211 -0.99916124 0 -0.032503128 -0.99947166 0 -0.040949211 -0.99916124 0 -0.08588513 -0.99626797 0.0085885124 -0.076693669 -0.99701822 0.0085215187 -0.14649343 -0.98883021 0.027467495 -0.26108578 -0.96400893 0.050208773 -0.3601667 -0.92770219 0.09822724 -0.45599231 -0.87690812 0.15199743 -0.57051593 -0.79376125 0.21084282 -0.61708695 -0.70899367 0.34136733 -0.65025377 -0.58251888 0.48769024 -0.61129791 -0.50262266 0.61129791 -0.51403016 -0.52755713 0.67635536 -0.44471997 -0.43164 0.78479999 -0.35666826 -0.33207047 0.87322223 -0.22169589 -0.35004616 0.91012001 -0.10278731 -0.23641096 0.96620113 0.027255898 -0.13627921 0.99029553 0.062220417 -0.071109042 0.99552602 0.15409409 -0.0090643503 0.98801458 0.25384966 -0.071077861 0.96462852 0.21100682 -0.37512308 0.90263987 0.3312445 0 0.94354498 0.21100682 0.37512308 0.90263987 0.25384966 0.071077861 0.96462852 0.15546691 0.018290209 0.98767167 0.034399755 0.060199574 0.99759346 0.027255967 0.13627915 0.99029553 -0.069003172 0.20700967 0.9759025 -0.19969197 0.26625612 0.9429903 -0.31701499 0.4691821 0.8242389 -0.25187647 0.55412805 0.79341066 -0.06750115 0.49500734 0.86626291 -0.1316916 0.5985986 0.79015005 -0.29849982 0.67486954 0.67486954 -0.31969941 0.80564243 0.49873096 -0.37127692 0.86631268 0.33414924 -0.27500084 0.89674169 0.34674016 -0.23868248 0.93199879 0.27278015 -0.20104967 0.96292257 0.17988671 -0.20445457 0.97115898 0.12267265 -0.18444869 0.98049003 0.067954727 -0.19433622 0.98093492 0 -0.18707933 0.98216659 -0.018707925 -0.17640296 0.9841429 -0.018568724 -0.15546684 0.98767173 -0.018290209 -0.20268309 0.97287858 -0.11147562 -0.18938555 0.97683042 -0.099676527 -0.17646216 0.98034495 -0.088231005 -0.13178842 0.98841316 -0.07530763 -0.14027227 0.94953591 -0.2805447 -0.18272322 0.8161633 -0.54816931 -0.18563846 0.64354658 -0.74255383 -0.23090182 0.44965073 -0.86284333 -0.20265685 0.29272673 -0.93447375 -0.1207449 0.18111731 -0.97602111 -0.017597351 0.10558457 -0.99425459 0.01732338 0.086616576 -0.99609107 0.033848491 0.042310614 -0.99853098 0.051184967 0.034123268 -0.99810606 0.032503128 0 -0.99947166 0.025179863 -0.041966438 -0.99880171 0.017187173 -0.077342339 -0.99685645 0.018568724 -0.17640296 -0.9841429 -0.11060447 -0.19104403 -0.97533011 -0.027679458 -0.15685032 -0.98723447 -0.029368032 -0.24473375 -0.96914548 -0.030977244 -0.34074983 -0.9396435 -0.078771159 -0.47262663 -0.87773526 -0.094248138 -0.63617533 -0.7657665 -0.093218863 -0.81566465 -0.57096523 -0.073095307 -0.95023948 -0.30282357 -0.043357171 -0.9972139 -0.060699951 -0.067638956 -0.99767411 -0.0084548611 -0.10468082 -0.99446768 -0.0087233968 -0.076050334 -0.99710399 0 -0.10378435 -0.99459988 0 -0.14393395 -0.98954648 0.008995872 -0.14649343 -0.98883021 0.027467495 -0.20886482 -0.9747023 0.079567499 -0.31397703 -0.94193137 0.11909479 -0.39682716 -0.89869654 0.18674216 -0.48899215 -0.82752526 0.2758418 -0.50030321 -0.76362085 0.40814215 -0.44460818 -0.64670306 0.619757 -0.41071314 -0.52995235 0.74193347 -0.31701499 -0.4691821 0.8242389 -0.19265936 -0.48164815 0.85492545 -0.098829553 -0.37335595 0.92240882 0.019535676 -0.25396392 0.96701634 0.13719212 -0.24272467 0.96034527 0.15106884 -0.15106884 0.97691172 0.15438235 -0.086840101 0.98418742 0.24699269 -0.039518807 0.96821123 0.34336427 0 0.93920231 0.45567101 0 0.89014822 0.3678644 0 0.92987955 0.27728209 0.019805854 0.96058434 0.15172191 0.066378273 0.98619187 0.15106891 0.15106875 0.97691172 -0.020071371 0.30107072 0.9533906 0.098829471 0.37335595 0.92240888 0.080877542 0.56614316 0.82032967 -0.034154903 0.67171347 0.74002326 -0.17226276 0.73826933 0.65213794 -0.21917032 0.85232866 0.4748688 -0.16066493 0.90660977 0.39018643 -0.16226879 0.95197743 0.25963023 -0.17260002 0.97468203 0.14214106 -0.18119915 0.98228973 0.047683947 -0.22602311 0.97288191 -0.049135428 -0.2301497 0.97063112 -0.070045516 -0.2051639 0.97697067 -0.058618214 -0.21259901 0.97188091 -0.10123755 -0.23506643 0.94026577 -0.24626015 -0.2790181 0.79900616 -0.53267074 -0.29769874 0.62128437 -0.72483182 -0.33319649 0.4869794 -0.80736065 -0.30892465 0.3954235 -0.86498886 -0.26939774 0.30453655 -0.9136095 -0.22765644 0.1951341 -0.95398903 -0.10449687 0.11399659 -0.98797023 -0.016783027 0.050349079 -0.99859059 -0.0079362541 0 -0.99996853 -0.025179928 -0.041966442 -0.99880177 -0.017460084 -0.096030533 -0.99522525 -0.11591636 -0.12557605 -0.98528886 -0.21510348 -0.19359313 -0.9572106 -0.15238112 -0.28299353 -0.94693971 -0.17257346 -0.37966159 -0.90888685 -0.19430023 -0.51003784 -0.83791935 -0.1858377 -0.65662694 -0.73096198 -0.1679934 -0.83996642 -0.51597935 -0.14127932 -0.94548464 -0.29342631 -0.10363068 -0.98920238 -0.10363074 -0.14605848 -0.98346037 -0.10710957 -0.16390927 -0.98345518 -0.077133708 -0.14520873 -0.98923451 -0.018151084 -0.16586514 -0.98597622 -0.018429453 -0.18539988 -0.98261946 -0.009269991 -0.17035046 -0.98424673 0.047319531 -0.21259895 -0.97188103 0.10123763 -0.25518918 -0.95695955 0.13822751 -0.33342135 -0.91978329 0.20695122 -0.3954235 -0.86498886 0.30892465 -0.36001143 -0.81002563 0.46287176 -0.24081519 -0.73512012 0.63372421 -0.21139625 -0.58444881 0.78341001 -0.043998629 -0.47298455 0.87997139 0.052602421 -0.34717613 0.93632358 0.21567239 -0.29513082 0.93079716 0.24904551 -0.17324907 0.95286995 0.26590207 -0.071588978 0.96133816 0.37489828 -0.020827673 0.92683196 0.49382508 0 0.86956131 0.59470075 0 0.80394715 0.64345229 0 0.76548624 0.58747631 0.011084452 0.80916536 0.63000941 -0.022500323 0.77626151 0.58227706 0 0.81299043 0.56977969 0 0.82179743 0.48109764 0 0.87666696 0.37489828 0.020827673 0.92683196 0.26590207 0.071588978 0.96133816 0.25518924 0.13822742 0.95695955 0.1719237 0.23639525 0.95632607 0.24393886 0.31363562 0.91767442 0.30710125 0.38080552 0.87216741 0.2044044 0.45690373 0.86571234 0.19911517 0.63468003 0.74668229 0.094616555 0.72145158 0.68597037 -0.045288153 0.8151871 0.57742429 -0.06448628 0.92430383 0.37617013 -0.13982525 0.97877729 0.14981292 -0.19789323 0.9800424 -0.018846961 -0.23851176 0.96441692 -0.11407077 -0.26546222 0.95566392 -0.1274218 -0.2805447 0.94953591 -0.14027227 -0.2805447 0.94953591 -0.14027227 -0.26779738 0.95335865 -0.13925456 -0.25296819 0.95917094 -0.12648402 -0.30681795 0.90865338 -0.28321669 -0.36302462 0.79087502 -0.4926762 -0.40071294 0.64114082 -0.65449804 -0.39566267 0.52755016 -0.75175911 -0.38649398 0.43802646 -0.81163734 -0.42535523 0.39957613 -0.81204182 -0.35901102 0.34663132 -0.86657822 -0.31116804 0.23049487 -0.92197967 -0.2044545 0.12267273 -0.97115898 -0.20700967 0.069003172 -0.9759025 -0.10833691 0.045140378 -0.99308884 -0.10468081 -0.0087233959 -0.99446756 -0.10926717 -0.05463355 -0.99250996 -0.20622939 -0.13404913 -0.96927822 -0.31116816 -0.23049489 -0.92197967 -0.28520942 -0.32086065 -0.90316331 -0.29450628 -0.39267498 -0.87124759 -0.30497259 -0.49558035 -0.81326014 -0.31263885 -0.63830441 -0.70343757 -0.2790181 -0.79900616 -0.53267074 -0.21251945 -0.9395597 -0.26844567 -0.2044545 -0.97115898 -0.12267273 -0.20091623 -0.97444385 -0.10045816 -0.21655184 -0.97448301 -0.059059549 -0.2301497 -0.97063112 -0.070045516 -0.18539995 -0.9826194 0.009269991 -0.18444869 -0.98049003 0.067954727 -0.23639517 -0.95632607 0.17192379 -0.28520951 -0.90316325 0.32086068 -0.23203547 -0.85486722 0.46407074 -0.081666283 -0.78166336 0.61833084 -0.022586247 -0.66629463 0.74534649 0.080877632 -0.5661431 0.82032979 0.1888638 -0.42494333 0.88529855 0.35180604 -0.3032811 0.88558066 0.30616647 -0.20411101 0.92983919 0.38662815 -0.09941873 0.91686136 0.49844196 -0.010835688 0.86685532 0.63344049 -0.05758547 0.77164567 0.70592207 -0.057862435 0.70592207 0.75072747 -0.034123961 0.6597302 0.69575137 0.011221792 0.71819496 0.67263055 0.011210504 0.73989362 0.63000941 0.022500323 0.77626151 0.64345229 0 0.76548624 0.57491046 0.011055964 0.81814164 0.48165894 0.03284036 0.87574327 0.36998069 0.087054238 0.92495179 0.33067918 0.19384623 0.92362058 0.38986722 0.28021711 0.8772012 0.40151533 0.44037163 0.80303067 0.30827564 0.53948224 0.78353381 0.26938564 0.71836209 0.64139479 0.17071912 0.792624 0.58532226 0.06750115 0.86626291 0.49500734 -0.029986493 0.95956826 0.27987409 -0.13989404 0.98858398 0.055957559 -0.1877328 0.97818637 -0.088925995 -0.27942115 0.93885523 -0.20118333 -0.29272667 0.93447375 -0.20265704 -0.30363917 0.93340945 -0.19118033 -0.33005184 0.90764278 -0.25932655 -0.40334639 0.79368162 -0.45539108 -0.44396412 0.67267275 -0.59195197 -0.44340262 0.57776701 -0.68525869 -0.43682754 0.48977631 -0.75452036 -0.44857377 0.46176711 -0.76521415 -0.39267498 0.29450628 -0.87124759 -0.29598922 0.15347594 -0.94278073 -0.2780847 0.07209599 -0.95784718 -0.19969238 0.028527463 -0.97944331 -0.17482769 -0.009201454 -0.98455602 -0.2051639 -0.058618214 -0.97697067 -0.29039332 -0.072598293 -0.95414943 -0.29598933 -0.15347596 -0.94278073 -0.38986722 -0.28021711 -0.8772012 -0.42756301 -0.41460657 -0.8033002 -0.37602961 -0.36349529 -0.85233372 -0.38649398 -0.43802646 -0.81163734 -0.39566267 -0.52755016 -0.75175911 -0.40071303 -0.64114082 -0.65449792 -0.36437464 -0.78080273 -0.50752175 -0.29071727 -0.91866678 -0.26745999 -0.25518918 -0.95695955 -0.13822751 -0.26546216 -0.95566398 -0.12742189 -0.28054464 -0.94953591 -0.14027235 -0.28054464 -0.94953591 -0.14027235 -0.26546216 -0.95566398 -0.12742189 -0.22047457 -0.97209221 -0.080172516 -0.18877174 -0.98161274 -0.02831574 -0.15438242 -0.98418742 0.086840026 -0.18267758 -0.97428048 0.13193384 -0.17842871 -0.93675125 0.30109861 -0.091233782 -0.8667196 0.49038082 0.045510385 -0.79643214 0.60301298 0.094563656 -0.73286867 0.67376643 0.19911528 -0.63467991 0.74668229 0.26544026 -0.54352063 0.79632086 0.3749826 -0.46549559 0.80168688 0.47502306 -0.3466385 0.80882311 0.42841971 -0.20230928 0.88064033 0.52571291 -0.15532428 0.83636141 0.57575387 -0.10575075 0.81075537 0.68864888 -0.13289718 0.71281207 0.74742198 -0.13260716 0.65098053 0.77671039 -0.069556117 0.62600541 0.79643214 -0.045510385 0.60301298 0.80089343 -0.033840552 0.59785008 0.79050076 -0.01113381 0.61235982 0.794671 0 0.60704046 0.75044417 0.011200654 0.66083896 0.73989362 0.011210504 0.67263055 0.75532246 0 0.65535331 0.71265244 0 0.70151722 0.75072747 0.034123961 0.6597302 0.71207941 0.045940585 0.70059425 0.70083278 0.1329165 0.70083278 0.65111876 0.069762692 0.75576282 0.57575393 0.10575066 0.81075537 0.47387925 0.16585761 0.86482936 0.48988435 0.34807578 0.79928505 0.45675662 0.55079472 0.69856906 0.35646871 0.63372201 0.68653232 0.27803594 0.80883163 0.51815772 0.17916927 0.86001194 0.4777844 0.088082388 0.91385531 0.39637092 -0.037233859 0.98669773 0.15824404 -0.076050259 0.99710393 0 -0.20104967 0.96292257 -0.17988671 -0.25944433 0.93625569 -0.23688403 -0.33744729 0.8918252 -0.30129233 -0.40151533 0.80303067 -0.44037163 -0.43960941 0.73268241 -0.51953834 -0.44436646 0.65981674 -0.60595405 -0.4587478 0.59367383 -0.66113681 -0.44268391 0.56341583 -0.69756258 -0.4518896 0.49176219 -0.7442888 -0.43302438 0.35660836 -0.82784075 -0.4142375 0.20120104 -0.88765162 -0.36277065 0.15871221 -0.91826349 -0.35041007 0.063710898 -0.93442696 -0.28911954 0.019939268 -0.95708537 -0.26310495 -0.0097446218 -0.96471798 -0.33766621 -0.063312389 -0.93913418 -0.36277077 -0.15871222 -0.91826349 -0.41423741 -0.20120104 -0.88765168 -0.43037975 -0.3417722 -0.83544302 -0.44671151 -0.44671151 -0.77517587 -0.45462829 -0.52148539 -0.72205675 -0.43828914 -0.50469655 -0.74376345 -0.44340271 -0.57776701 -0.68525857 -0.44436637 -0.65981674 -0.60595417 -0.40506443 -0.78399569 -0.47039735 -0.33005184 -0.90764278 -0.25932655 -0.30109861 -0.93675119 -0.1784288 -0.29513082 -0.93079704 -0.21567248 -0.2529681 -0.95917094 -0.1264841 -0.20091623 -0.97444385 -0.10045816 -0.12953536 -0.99001962 0.055515096 -0.098109998 -0.98109967 0.16678694 -0.1245883 -0.96555978 0.22841203 -0.064102381 -0.92948502 0.36324701 0.067501061 -0.86626291 0.49500731 0.17026402 -0.80267274 0.5716002 0.25530052 -0.71484184 0.65101671 0.35517085 -0.59195155 0.72349638 0.46362698 -0.46362698 0.75504971 0.57769841 -0.35449684 0.73525268 0.57858205 -0.23897952 0.77982801 0.63905984 -0.1720546 0.74966645 0.72336292 -0.19954841 0.66100419 0.7862978 -0.18428853 0.58972317 0.81515646 -0.11813865 0.56706524 0.8289569 -0.056777846 0.55642325 0.83184552 -0.022182539 0.55456382 0.80394715 0 0.59470075 0.78082019 0.01115457 0.6246562 0.78668559 0.045604944 0.6156671 0.74899226 0.10699884 0.65388215 0.73096198 0.1858377 0.65662694 0.71944684 0.22719386 0.65633768 0.66100413 0.19954829 0.72336292 0.58623695 0.26763004 0.76465708 0.61596698 0.41510826 0.66952956 0.53950697 0.48555627 0.68787152 0.54508883 0.58597022 0.59959745 0.48804888 0.63717461 0.59650391 0.39774367 0.72919679 0.55684108 0.37152019 0.81990659 0.43557537 0.30710125 0.87216741 0.38080552 0.12835136 0.95193976 0.2780948 0.14329791 0.97237909 0.18424033 0.044422194 0.99505448 0.088844113 0.033848491 0.99853098 -0.042310614 -0.09576077 0.98633486 -0.13406488 -0.1548367 0.97031045 -0.1858042 -0.24393877 0.91767454 -0.31363562 -0.30328101 0.88558072 -0.35180604 -0.34663853 0.80882317 -0.47502309 -0.41421807 0.69481719 -0.58792222 -0.40028465 0.61376995 -0.68048412 -0.4142178 0.58792222 -0.69481719 -0.43828914 0.50469655 -0.74376345 -0.45539111 0.40334642 -0.79368168 -0.46051309 0.21813774 -0.86043221 -0.45393053 0.10213429 -0.8851642 -0.40967214 0.088577725 -0.90792215 -0.40017736 0.021061959 -0.91619569 -0.35896018 0.010256001 -0.93329656 -0.34336427 0 -0.93920231 -0.34663212 -0.010195058 -0.93794578 -0.40017745 -0.021061959 -0.91619557 -0.40967223 -0.088577725 -0.90792209 -0.45795849 -0.11448967 -0.88157022 -0.46757063 -0.24608976 -0.84900969 -0.45301983 -0.38830274 -0.80249232 -0.45977074 -0.43349811 -0.77504212 -0.44181019 -0.54891562 -0.70957404 -0.44460827 -0.619757 -0.64670295 -0.44460827 -0.64670295 -0.619757 -0.42681846 -0.72025621 -0.54686111 -0.40151533 -0.80303067 -0.44037163 -0.33744729 -0.8918252 -0.30129233 -0.25323707 -0.94688618 -0.19818549 -0.17551908 -0.97051728 -0.16519442 -0.096030533 -0.99522525 -0.017460084 -0.03723393 -0.98669773 0.15824398 -0.029986493 -0.95956826 0.27987409 0.065228924 -0.91320539 0.40224516 0.1783316 -0.86787993 0.46366188 0.29259631 -0.80145931 0.52158457 0.35660836 -0.82784075 0.43302438 0.38435063 -0.7156871 0.58315241 0.47241262 -0.67487502 0.56689495 0.50262284 -0.61129802 0.61129791 0.48449981 -0.52487481 0.69983315 0.61376989 -0.40028477 0.68048418 0.66503501 -0.31295776 0.67807508 0.68998659 -0.25555059 0.6772092 0.76907736 -0.23954864 0.59256762 0.81680924 -0.22276612 0.5321635 0.83108413 -0.16862576 0.52996659 0.85062176 -0.11652356 0.51270342 0.86269003 -0.079458244 0.49945202 0.86089367 -0.033111274 0.5077064 0.85631603 0.021956809 0.51598519 0.85475993 0.079777546 0.51285583 0.83761668 0.056595687 0.54331875 0.81939888 0.13062872 0.55814111 0.79012358 0.19753076 0.58024681 0.76465708 0.26763004 0.58623695 0.7445417 0.33961552 0.57473385 0.69087994 0.3128514 0.65177375 0.65489686 0.32744852 0.68109292 0.64987642 0.37135804 0.6631394 0.64506584 0.43004382 0.63162678 0.62476718 0.50252998 0.5976032 0.58542711 0.53096861 0.61265606 0.55892366 0.57255572 0.59982026 0.5301832 0.63893843 0.55737185 0.48327589 0.71148962 0.5101245 0.43828914 0.74376345 0.50469655 0.38257715 0.82891715 0.40808228 0.31962654 0.87282622 0.36879984 0.31127131 0.89789784 0.31127131 0.22209875 0.94392025 0.2443088 0.14329791 0.97237909 0.18424033 0.15976858 0.97858208 0.12981185 0.13509136 0.99066943 0.018012164 -0.0083226431 0.99871773 -0.049935859 -0.017460151 0.99522525 -0.096030466 -0.090312071 0.97336388 -0.21072832 -0.17842881 0.93675125 -0.30109864 -0.24366708 0.86501789 -0.4386006 -0.29941583 0.84834468 -0.43664801 -0.3230449 0.77530766 -0.54271531 -0.35572517 0.71145076 -0.60605067 -0.38577601 0.62522334 -0.6784339 -0.42575935 0.53219914 -0.73177391 -0.45764342 0.41841686 -0.78453165 -0.47437036 0.27463555 -0.8363899 -0.47387916 0.1658577 -0.86482936 -0.48533031 0.11555486 -0.86666119 -0.47298455 0.043998547 -0.87997144 -0.45140409 0.021495426 -0.89206064 -0.41773322 0 -0.90856963 -0.45563442 -0.032545298 -0.88957191 -0.47733599 -0.055504158 -0.87696612 -0.47574815 -0.12763979 -0.87027109 -0.47778448 -0.17916918 -0.86001194 -0.48206967 -0.24721517 -0.84053165 -0.4691821 -0.31701499 -0.8242389 -0.45539111 -0.40334642 -0.79368168 -0.43682754 -0.48977631 -0.75452036 -0.42575935 -0.53219914 -0.73177391 -0.42849895 -0.57579523 -0.69631058 -0.40071303 -0.64114082 -0.65449792 -0.3857761 -0.67843378 -0.62522334 -0.41421798 -0.69481719 -0.58792228 -0.3615689 -0.8006168 -0.47778738 -0.30892465 -0.86498886 -0.3954235 -0.22719936 -0.93151748 -0.28399926 -0.12363256 -0.9684549 -0.21635692 -0.13193384 -0.97428048 -0.18267758 -0.025179926 -0.99880165 -0.041966438 0.081332348 -0.99406165 0.07229536 0.064285181 -0.99182791 0.11020305 0.1182795 -0.94623649 0.30107525 0.29093587 -0.88492972 0.36366978 0.31848565 -0.90827405 0.27130267 0.31127116 -0.89789778 0.31127125 0.34663132 -0.86657822 0.35901102 0.41253421 -0.81217676 0.41253421 0.43522891 -0.76494783 0.47479516 0.49678981 -0.71161771 0.49678969 0.53018308 -0.63893855 0.55737185 0.55902743 -0.58629704 0.58629692 0.55902743 -0.58629704 0.58629692 0.58466899 -0.51668406 0.62545961 0.58251911 -0.48769027 0.65025365 0.64670306 -0.44460827 0.61975694 0.6522904 -0.38604951 0.65229064 0.67368186 -0.35665521 0.64726317 0.73951179 -0.31137341 0.5967989 0.78886545 -0.27991992 0.54711622 0.78770363 -0.33574256 0.51652688 0.80626035 -0.26455411 0.52910823 0.82303131 -0.20882881 0.52821398 0.83636147 -0.15532428 0.52571285 0.84242618 -0.092320718 0.53084379 0.85762274 -0.044551805 0.51234591 0.84677625 0 0.53194928 0.85046262 0.068036966 0.52161694 0.84660804 0.10437627 0.52188152 0.83996648 0.16799319 0.51597923 0.8461225 0.12926863 0.5170747 0.82896018 0.19504933 0.52419525 0.81028742 0.23685332 0.53603625 0.79143208 0.29359582 0.53613132 0.75968051 0.36674234 0.53701544 0.73177391 0.42575935 0.53219914 0.69308698 0.39985785 0.59978664 0.65145046 0.51573151 0.55644715 0.59915274 0.59915251 0.53106701 0.55079472 0.69856906 0.45675662 0.46549559 0.80168688 0.3749826 0.32235056 0.92100149 0.21873794 0.13747597 0.98982638 0.03666022 -0.038667634 0.97635818 -0.21267213 -0.20230927 0.88064039 -0.42841959 -0.33961552 0.7445417 -0.57473385 -0.39858535 0.57130557 -0.71745366 -0.43164 0.44471997 -0.78479999 -0.45438755 0.31554696 -0.83304387 -0.46366197 0.17833151 -0.86787993 -0.46837553 0.066910766 -0.88099229 -0.47721887 0.021691758 -0.87851673 -0.47279042 -0.010745231 -0.88110936 -0.46337298 -0.090414189 -0.88153881 -0.47118089 -0.20538652 -0.85779071 -0.45731112 -0.3302803 -0.8257007 -0.43349811 -0.45977074 -0.77504212 -0.39774367 -0.55684108 -0.72919679 -0.38598111 -0.63886523 -0.66548461 -0.37057653 -0.70144868 -0.60880446 -0.3388072 -0.7558006 -0.56033486 -0.28910819 -0.82961458 -0.47765687 -0.22588654 -0.89165747 -0.39232928 -0.17968456 -0.93211371 -0.31444803 -0.058175754 -0.97929108 -0.193919 -0.026833877 -0.99285388 -0.1162802 0.067075454 -0.99774796 0 0.11114448 -0.9910382 0.074096277 0.13751297 -0.9822349 0.12769048 0.21686657 -0.95421338 0.2060234 0.33883953 -0.91136169 0.23368254 0.48296943 -0.78319371 0.39159685 0.56689507 -0.67487502 0.4724125 0.61265618 -0.58542705 0.53096861 0.66307098 -0.4871541 0.56834644 0.70541376 -0.3992908 0.58562642 0.7687012 -0.35177851 0.53418207 0.75293875 -0.40949297 0.51516855 0.69932663 -0.47070053 0.53794342 0.72919679 -0.39774367 0.55684108 0.75350106 -0.32478496 0.57162136 0.7830556 -0.25259852 0.56834668 0.79654241 -0.18381746 0.57596129 0.80559438 -0.11846981 0.58050197 0.8108595 -0.057102758 0.58244848 0.75044417 -0.011200654 0.66083896 0.80394715 0 0.59470075 0.80630392 0.069111735 0.58745009 0.80017465 0.1313719 0.58520246 0.79012358 0.19753076 0.58024681 0.7755143 0.26698038 0.57210064 0.82615376 0.22195184 0.51788735 0.79900616 0.2790181 0.53267074 0.77922082 0.35064939 0.51948047 0.75386012 0.42321968 0.50257337 0.72283262 0.48188835 0.49527416 0.68787152 0.53950697 0.48555627 0.63334507 0.63334489 0.44468901 0.57130557 0.71745366 0.39858535 0.51652688 0.78770363 0.33574256 0.44965073 0.86284333 0.23090182 0.37966177 0.90888679 0.17257337 0.28510639 0.95714283 0.050911829 0.17492224 0.98150814 -0.077743262 0 0.96542907 -0.26066589 -0.1658577 0.86482942 -0.47387907 -0.29804838 0.71272475 -0.63497299 -0.36561504 0.52230716 -0.77040315 -0.40325814 0.35285088 -0.84432173 -0.41758507 0.21475798 -0.88289392 -0.42685843 0.10109801 -0.89864951 -0.44718826 -0.010647334 -0.89437646 -0.41710168 -0.11273022 -0.90184152 -0.41758499 -0.21475798 -0.88289404 -0.41553012 -0.33997923 -0.84365207 -0.38649398 -0.43802646 -0.81163734 -0.36674234 -0.53701544 -0.75968051 -0.31285128 -0.69088006 -0.65177357 -0.31074625 -0.7509703 -0.58264935 -0.18781982 -0.89214414 -0.41085583 -0.039518807 -0.96821123 -0.24699269 0.063765578 -0.99292159 -0.10020312 0.18281917 -0.98144996 0.057732325 0.29305318 -0.9524228 0.083729431 0.37966168 -0.90888685 0.17257337 0.45974258 -0.84493238 0.27336052 0.53121459 -0.77738732 0.33686787 0.58562648 -0.7054137 0.3992908 0.63484532 -0.62133801 0.45924979 0.68824726 -0.52630663 0.49931654 0.72257382 -0.46833479 0.50847775 0.71148962 -0.5101245 0.48327589 0.66404444 -0.54207712 0.51497316 0.59915274 -0.53106701 0.59915251 0.63484544 -0.45924979 0.62133789 0.66548473 -0.38598111 0.63886517 0.6877318 -0.29844978 0.66177988 0.70727587 -0.22733869 0.66938621 0.71754068 -0.14594051 0.68105567 0.7278018 -0.082171135 0.68084687 0.66711986 0 0.74495041 0.71635932 0.082205124 0.69287217 0.71022779 0.1591889 0.68573719 0.69878244 0.24139769 0.67337233 0.6780749 0.31295776 0.66503519 0.65449804 0.40071303 0.6411407 0.7558006 0.3388072 0.56033486 0.73061085 0.41179883 0.54463708 0.69983315 0.48449978 0.52487475 0.663679 0.55532312 0.50114524 0.62133807 0.63484526 0.45924979 0.58792222 0.6948173 0.41421798 0.53418207 0.7687012 0.35177851 0.47437036 0.8363899 0.27463555 0.40336376 0.88977301 0.21354562 0.33709595 0.93516946 0.10874058 0.25396392 0.96701634 0.019535676 0.17646211 0.98034507 -0.088231094 0.091002032 0.97068793 -0.22244929 0.010070229 0.94660199 -0.32224748 -0.12821072 0.86250842 -0.48953173 -0.25546709 0.70253491 -0.66421485 -0.30827564 0.53948224 -0.78353381 -0.35085079 0.38844192 -0.8520661 -0.36980844 0.25051531 -0.89469755 -0.36668918 0.12222978 -0.92227918 -0.3678644 0 -0.92987955 -0.36668929 -0.1222298 -0.92227918 -0.36980835 -0.25051531 -0.89469767 -0.34877601 -0.37368858 -0.85948366 -0.33178279 -0.47215232 -0.81669599 -0.31074625 -0.58264935 -0.7509703 -0.22697692 -0.73137015 -0.64310127 -0.15532428 -0.83636141 -0.52571291 -0.1658577 -0.86482942 -0.47387907 -0.019939268 -0.95708537 -0.28911954 0.09654294 -0.98473763 -0.14481437 0.18877174 -0.98161274 -0.02831574 0.26556239 -0.963893 0.019671276 0.3401258 -0.932603 0.12068973 0.40336365 -0.88977301 0.21354559 0.47765687 -0.82961458 0.28910819 0.53701544 -0.75968051 0.36674234 0.59003294 -0.68390179 0.42911485 0.64930111 -0.59519273 0.47344872 0.57213068 -0.61299711 0.54488629 0.47344884 -0.59519273 0.64930105 0.49813861 -0.51160181 0.70008677 0.5174306 -0.42455849 0.74297744 0.54582286 -0.33789042 0.76675129 0.55412805 -0.25187635 0.7934106 0.57160026 -0.17026392 0.80267268 0.59242284 -0.081312895 0.8015132 0.58003795 0.022309139 0.81428391 0.57575393 0.10575066 0.81075537 0.57596147 0.18381737 0.79654229 0.55785656 0.26624981 0.7860707 0.54879689 0.35279807 0.75786251 0.51953834 0.43960941 0.73268241 0.512905 0.512905 0.68837261 0.63612348 0.47370887 0.60905421 0.59959763 0.54508859 0.58597022 0.57149482 0.62592268 0.53067362 0.52487475 0.69983315 0.48449978 0.48764476 0.76441622 0.42174685 0.44525513 0.82690245 0.34348258 0.38986722 0.8772012 0.28021711 0.33067918 0.92362058 0.19384623 0.27320033 0.95620108 0.10507699 0.21593632 0.97640753 0 0.14605848 0.98346037 -0.10710957 0.089619957 0.97586143 -0.19915538 0.010133107 0.94237942 -0.33439267 -0.091233693 0.86671972 -0.49038082 -0.17226276 0.73826933 -0.65213794 -0.23954864 0.59256774 -0.7690773 -0.27061689 0.43052673 -0.86105347 -0.29290402 0.28118786 -0.91386032 -0.2908611 0.12927164 -0.94799197 -0.28375518 0 -0.95889676 -0.29342631 -0.14127932 -0.94548464 -0.2929039 -0.28118783 -0.91386038 -0.28343275 -0.41898745 -0.86262125 -0.26256159 -0.50011718 -0.82519341 -0.2400452 -0.60643005 -0.75803757 -0.18563846 -0.74255383 -0.64354658 -0.11738743 -0.8334505 -0.53998202 -0.053856984 -0.9155677 -0.39854124 0.019939268 -0.95708537 -0.28911954 0.088926069 -0.97818637 -0.18773273 0.16678694 -0.98109967 -0.098109998 0.15438235 -0.98418742 -0.086840101 0.21792388 -0.97591978 0.0094749453 0.27320033 -0.95620108 0.10507699 0.33342138 -0.91978329 0.20695132 0.38986722 -0.8772012 0.28021711 0.44794551 -0.81910038 0.35835645 0.48977631 -0.75452036 0.43682754 0.52630675 -0.6882472 0.49931657 0.44436646 -0.65981674 0.60595405 0.35615832 -0.61997944 0.69912577 0.36674219 -0.5370155 0.75968045 0.38830274 -0.45301983 0.80249232 0.40571389 -0.36767823 0.8367849 0.41596645 -0.26915467 0.86863559 0.43547505 -0.17654392 0.88271952 0.44585037 -0.078023754 0.89170039 0.46837664 0 0.88352883 0.44989294 0.089978524 0.88853824 0.42494351 0.18886362 0.88529855 0.41898745 0.28343275 0.86262125 0.40808228 0.38257715 0.82891715 0.26029289 0.47100601 0.84285289 0.39000529 0.46800631 0.79301071 0.38274035 0.55431348 0.73908478 0.44436637 0.60595405 0.6598168 0.4147366 0.68230867 0.60203689 0.39566267 0.75175911 0.52755016 0.36001143 0.81002563 0.46287176 0.32157639 0.86578244 0.38341796 0.28118786 0.91386032 0.29290402 0.24234414 0.94734579 0.20929737 0.20268309 0.97287858 0.11147562 0.15409409 0.98801458 0.0090643503 0.11209083 0.99013549 -0.084068142 0.067954808 0.98049015 -0.18444863 0.019939268 0.95708537 -0.28911954 -0.010431954 0.91801244 -0.3964144 -0.055745196 0.86962414 -0.49055713 -0.11948014 0.76467323 -0.63324511 -0.17179532 0.62582576 -0.76080781 -0.19177164 0.46744311 -0.8629719 -0.2055431 0.31973389 -0.92494446 -0.20978378 0.15733784 -0.96500546 -0.20694949 0.0094067883 -0.97830641 -0.18580411 -0.15483677 -0.97031045 -0.19252412 -0.31709856 -0.92864573 -0.17833149 -0.46366182 -0.86787993 -0.18272313 -0.54816943 -0.8161633 -0.1586192 -0.63447672 -0.75649148 -0.10686298 -0.75991493 -0.64117825 -0.06721244 -0.87376106 -0.48168874 -0.020706763 -0.93180484 -0.36236852 0.019805854 -0.96058434 -0.27728209 0.077743262 -0.98150814 -0.17492224 0.11020312 -0.99182791 -0.064285114 0.15546684 -0.98767173 0.018290209 0.20268309 -0.97287858 0.11147562 0.24234414 -0.94734579 0.20929737 0.2832166 -0.90865338 0.30681804 0.32346219 -0.85841876 0.39810726 0.36001143 -0.81002563 0.46287176 0.39676848 -0.7406345 0.54225016 0.32728001 -0.69383371 0.641469 0.21348621 -0.70324904 0.67813301 0.24081519 -0.63372421 0.73512012 0.25187635 -0.55412805 0.7934106 0.25906199 -0.45644242 0.85120344 0.2785272 -0.37540615 0.88402086 0.29290402 -0.28118786 0.91386032 0.28787768 -0.17715552 0.9411388 0.29039332 -0.072598293 0.95414943 0.2954697 0 0.95535201 0.3083885 0.095706731 0.94643372 0.29272658 0.20265703 0.93447375 0.28118786 0.29290402 0.91386032 0.28021711 0.38986722 0.8772012 0.14043987 0.47983578 0.86604512 0.13062893 0.55814123 0.81939888 0.23897962 0.57858199 0.77982801 0.22697681 0.64310133 0.73137015 0.21348621 0.70324904 0.67813301 0.19844021 0.76895618 0.60772347 0.18143548 0.83460277 0.52011472 0.15123449 0.88413942 0.44206971 0.15667161 0.92883939 0.33572507 0.12648402 0.95917094 0.25296819 0.09811008 0.98109972 0.16678688 0.088844247 0.99505448 0.044422057 0.060699951 0.99721396 -0.043357108 0.036660291 0.98982638 -0.13747591 0.0096104946 0.97066039 -0.24026251 -0.020331031 0.94539344 -0.32529667 -0.043150738 0.90616417 -0.42071906 -0.033111192 0.86089361 -0.50770658 -0.057244789 0.80142742 -0.59534615 -0.069838263 0.74494183 -0.66346383 -0.057738848 0.65822321 -0.75060534 -0.079777636 0.51285595 -0.85475981 -0.075017668 0.35365489 -0.93236291 -0.099676609 0.18938549 -0.97683054 -0.11728852 0.036088776 -0.99244189 -0.093425274 -0.10276787 -0.99030834 -0.10973152 -0.17956062 -0.97760785 -0.093724534 -0.27075991 -0.9580735 -0.08652319 -0.35690796 -0.93012381 -0.089526728 -0.43644255 -0.89526689 -0.079777546 -0.51285589 -0.85475987 -0.093473047 -0.58420628 -0.80620468 -0.069838263 -0.66346383 -0.74494183 -0.069895104 -0.733899 -0.67565304 -0.057244882 -0.80142748 -0.59534609 -0.044551805 -0.85762268 -0.51234603 -0.0212851 -0.90461367 -0.42570055 -0.010256001 -0.93329656 -0.35896018 0.0096777678 -0.96777725 -0.25162211 0.037233859 -0.98669779 -0.15824398 0.061710585 -0.99618453 -0.061710518 0.088096358 -0.99548852 0.035238516 0.10798345 -0.9816668 0.15706661 0.12648402 -0.95917094 0.25296819 0.14517215 -0.9268682 0.34617969 0.1633994 -0.88702524 0.43184119 0.19430023 -0.83791935 0.51003784 0.21139646 -0.78341007 0.5844487 0.11996061 -0.71976399 0.68377584 0.10669774 -0.62833089 0.77059448 0.13062884 -0.55814129 0.81939882 0.14043978 -0.47983587 0.86604512 0.14790894 -0.3868385 0.91020817 0.14127924 -0.29342628 0.94548464 0.14560443 -0.20800629 0.96722937 0.14481437 -0.09654294 0.98473763 0.11330073 0 0.99356073 0.12347408 0.094979957 0.98779196 0.14329791 0.18424033 0.97237909 0.14027227 0.2805447 0.94953591 0.13614418 0.39708686 0.90762711 -1 0 0 0.06558647 0.41538113 0.90727997 -1 0 0 0.078404754 0.45922706 0.88485211 -1 0 0 0.056401096 0.53016889 0.8460142 -1 0 0 0.11927599 0.6202355 0.7752943 -1 0 0 0.11978833 0.65883619 0.74268806 -1 0 0 0.13289709 0.68864894 0.71281207 -1 0 0 0.11978833 0.74268806 0.65883619 -1 0 0 0.11948014 0.76467323 0.63324511 -1 0 0 0.10602915 0.80110949 0.58905119 -1 0 0 0.11777768 0.82444286 0.55355442 -1 0 0 0.10354421 0.8628673 0.49471053 -1 0 0 0.10309487 0.87057781 0.48110875 -1 0 0 0.089526832 0.89526695 0.43644264 -1 0 0 0.086523108 0.93012387 0.35690796 -1 0 0 0.093724534 0.9580735 0.27075991 -1 0 0 0.090312071 0.97336388 0.21072832 -1 0 0 0.055073809 0.99132645 0.11932628 -1 0 0 0.042657185 0.9981786 0.042657185 -1 0 0 0.034123264 0.99810606 -0.0511849 -1 0 0 0.027467564 0.98883021 -0.14649338 -1 0 0 0.019399188 0.96995986 -0.24249001 -1 0 0 0.010006502 0.95061815 -0.3102017 -1 0 0 0.010431954 0.91801244 -0.3964144 -1 0 0 0.010647252 0.89437646 -0.44718823 -1 0 0 -0.021956725 0.85631597 -0.51598531 -1 0 0 -0.033759031 0.81021714 -0.58515692 -1 0 0 -0.034123961 0.75072747 -0.6597302 -1 0 0 -0.034190375 0.69520468 -0.71799827 -1 0 0 -0.04575986 0.64063835 -0.766478 -1 0 0 -0.022364862 0.59266919 -0.80513543 -1 0 0 -0.033669703 0.57238376 -0.81929433 -1 0 0 -0.044376083 0.49923024 -0.86533231 -1 0 0 -0.043373313 0.43373328 -0.8999967 -1 0 0 -0.053553302 0.38558394 -0.92111731 -1 0 0 -0.052273672 0.33455166 -0.94092655 -1 0 0 -0.040354643 0.28248265 -0.9584232 -1 0 0 -0.039236415 0.23541863 -0.9711017 -1 0 0 -0.057288587 0.17186563 -0.98345327 -1 0 0 -0.054633617 0.10926717 -0.9925099 -1 0 0 -0.068779238 -0.025792189 -0.99729842 -1 0 0 -0.053758144 -0.089596979 -0.99452615 -1 0 0 -0.036946848 -0.14778747 -0.9883287 -1 0 0 -0.048411589 -0.20332845 -0.97791308 -1 0 0 -0.051939793 -0.32202685 -0.94530469 -1 0 0 -0.054153096 -0.41156307 -0.90977103 -1 0 0 -0.055504244 -0.47733596 -0.87696618 -1 0 0 -0.056777846 -0.55642313 -0.82895696 -1 0 0 -0.045688163 -0.62821263 -0.77669913 -1 0 0 -0.045928475 -0.68892747 -0.72337383 -1 0 0 -0.034177061 -0.72911096 -0.68354154 -1 0 0 -0.033979189 -0.78152168 -0.6229521 -1 0 0 -0.033355977 -0.84501851 -0.53369588 -1 0 0 -0.021595523 -0.88541353 -0.46430215 -1 0 0 -0.010431954 -0.91801244 -0.3964144 -1 0 0 -0.010006502 -0.95061815 -0.3102017 -1 0 0 0.0094749453 -0.97591978 -0.21792388 -1 0 0 0.018290209 -0.98767173 -0.15546684 -1 0 0 0.02599863 -0.99661458 -0.077995956 -1 0 0 0.033035278 -0.99931765 0.016517639 -1 0 0 0.045501623 -0.99193436 0.11830404 -1 0 0 0.069003172 -0.9759025 0.20700967 -1 0 0 0.070563197 -0.96772426 0.24193111 -1 0 0 0.083729431 -0.9524228 0.29305318 -1 0 0 0.085430846 -0.93973982 0.3310447 -1 0 0 0.09941873 -0.91686124 0.38662824 -1 0 0 0.089059517 -0.9017272 0.42303249 -1 0 0 0.10309479 -0.87057787 0.48110875 -1 0 0 0.1039717 -0.85487735 0.50830543 -1 0 0 0.10544556 -0.82013112 0.56237555 -1 0 0 0.08193437 -0.76081955 0.64377046 -1 0 0 0.05785469 -0.69425666 0.71739852 -1 0 0 0.05758547 -0.63344049 0.77164567 -1 0 0 0.093473047 -0.58420628 0.80620468 -1 0 0 0.068283349 -0.53488582 0.84216058 -1 0 0 0.065934032 -0.42857137 0.90109897 -1 0 0 0.074548244 -0.34079215 0.93717843 -1 0 0 0.071588978 -0.26590207 0.96133816 -1 0 0 0.077743255 -0.17492223 0.98150808 -1 0 0 0.06324818 -0.09035451 0.99389929 -1 0 0 0.033575516 0.033575516 0.9988721 -1 0 0 0.072893232 0.091116369 0.99316883 -1 0 0 0.076524481 0.15304868 0.98525131 -1 0 0 0.07056319 0.2419311 0.9677242 0.063312389 0.33766621 0.93913418 -1 0 0 -1 0 0 -1 0 0 -1 0 0 -1 0 0 -1 0 0 -1 0 0 -1 0 0 -1 0 0 -1 0 0 -1 0 0 -1 0 0 -1 0 0 -1 0 0 -1 0 0 -1 0 0 -1 0 0 -1 0 0 -1 0 0 -1 0 0 -1 0 0 -1 0 0 -1 0 0 -1 0 0 -1 0 0 -1 0 0 -1 0 0 -1 0 0 -1 0 0 8.2178452e-08 0.84677631 -0.53194928 1 0 0 1 0 0 0 0.71265244 -0.70151722 0 0.60704046 -0.794671 1 0 0 0 0.45567101 -0.89014822 1 0 0 0 0.21593632 -0.97640753 1 0 0 0 -0.040949211 -0.99916124 1 0 0 0 -0.2954697 -0.95535201 1 0 0 0 -0.53194916 -0.84677625 1 0 0 0 -0.73437679 -0.67874217 1 0 0 -8.0217085e-08 -0.89014822 -0.45567107 1 0 0 0 -0.97640753 -0.21593632 1 0 0 0 -0.99916124 0.040949211 1 0 0 0 -0.95535201 0.2954697 1 0 0 -8.2178452e-08 -0.84677631 0.53194928 1 0 0 0 -0.67874217 0.73437679 1 0 0 -8.0217085e-08 -0.45567107 0.89014822 1 0 0 0 -0.21593632 0.97640753 1 0 0 0 0.040949211 0.99916124 1 0 0 0 0.2954697 0.95535201 1 0 0 0 0.53194928 0.84677625 1 0 0 0 0.73437679 0.67874217 1 0 0 0 0.89014822 0.45567101 1 0 0 0 0.97640753 0.21593632 1 0 0 0 0.99916124 -0.040949211 1 0 0 1 0 0 0 0.95535201 -0.2954697 1 0 0 -8.0217085e-08 0.89014822 -0.45567107 1 0 0 0 0.73437679 -0.67874217 -8.2178452e-08 0.53194928 -0.84677631 1 0 0 -8.2178452e-08 0.53194928 -0.84677631 1 0 0 0 0.2954697 -0.95535201 1 0 0 0 0.040949211 -0.99916124 1 0 0 0 -0.21593632 -0.97640753 1 0 0 -8.0217085e-08 -0.45567107 -0.89014822 1 0 0 0 -0.67874217 -0.73437679 1 0 0 0 -0.84677625 -0.53194916 1 0 0 0 -0.95535201 -0.2954697 1 0 0 0 -0.99916124 -0.040949211 1 0 0 0 -0.97640753 0.21593632 1 0 0 0 -0.89014822 0.45567101 1 0 0 0 -0.73437679 0.67874217 1 0 0 8.2178452e-08 -0.53194928 0.84677631 1 0 0 0 -0.2954697 0.95535201 1 0 0 0 -0.040949211 0.99916124 1 0 0 0 0.21593632 0.97640753 1 0 0 0 0.45567101 0.89014822 1 0 0 0 0.67874217 0.73437679 1 0 0 0 0.84677625 0.53194928 1 0 0 0 0.95535201 0.2954697 1 0 0 0 0.99916124 0.040949211 0 0.97640753 -0.21593632 1 0 0 0 -0.97125238 0.23805209 1 0 0 8.0579859e-08 -0.88352889 0.46837673 1 0 0 0 -0.74495041 0.66711986 1 0 0 8.2706492e-08 -0.55721903 0.8303656 1 0 0 0 -0.3312445 0.94354498 1 0 0 -6.4464032e-08 -0.085159563 0.99636734 1 0 0 0 0.16293103 0.98663741 1 0 0 0 0.39267173 0.91967863 1 0 0 0 0.60704046 0.794671 1 0 0 0 0.78516573 0.61928576 1 0 0 0 0.91423941 0.40517423 1 0 0 0 0.98663741 0.16293103 1 0 0 -6.4464032e-08 0.99636734 -0.085159563 1 0 0 0 0.94354498 -0.3312445 1 0 0 8.2450974e-08 0.83869231 -0.54460543 1 0 0 0 0.67874217 -0.73437679 1 0 0 8.0579859e-08 0.46837673 -0.88352889 1 0 0 0 0.23805209 -0.97125238 1 0 0 0 -0.0079362541 -0.99996853 1 0 0 0 -0.24929802 -0.96842676 1 0 0 0 -0.4810977 -0.8766669 1 0 0 0 -0.67874217 -0.73437679 1 0 0 0 -0.84677625 -0.53194916 1 0 0 0 -0.94768107 -0.31921887 1 0 0 0 -0.98826754 -0.15273225 0 0 1 1 0 0 0 0 1 0 -1 0 1 0 0 1 0 0 0 -1 0 0 0 -1 0 0 -1 6.8008895e-08 -0.98826766 0.15273219 1 0 0 0 -1 0 -1 0 0 0 0 -1 0 0 -1 -1 0 0 6.8008895e-08 -0.98826766 0.15273219 -1 0 0 0 -0.94768107 0.31921887 -1 0 0 -8.2178452e-08 -0.84677631 0.53194928 -1 0 0 0 -0.67874217 0.73437679 -1 0 0 -8.0929084e-08 -0.48109767 0.87666696 -1 0 0 0 -0.24929802 0.96842676 -1 0 0 0 -0.0079362541 0.99996853 -1 0 0 0 0.23805209 0.97125238 -1 0 0 0 0.46837664 0.88352883 -1 0 0 0 0.67874217 0.73437679 -1 0 0 0 0.83869231 0.54460549 -1 0 0 0 0.94354498 0.3312445 -1 0 0 0 0.99636734 0.085159555 -1 0 0 6.8519618e-08 0.98663741 -0.16293095 -1 0 0 0 0.91423941 -0.40517423 -1 0 0 0 0.78516573 -0.61928576 -1 0 0 0 0.60704046 -0.794671 -1 0 0 0 0.39267173 -0.91967863 -1 0 0 -6.8519618e-08 0.16293095 -0.98663741 -1 0 0 0 -0.08515963 -0.99636734 -1 0 0 0 -0.3312445 -0.94354498 -1 0 0 0 -0.55721897 -0.8303656 -1 0 0 0 -0.74495041 -0.66711986 -1 0 0 0 -0.88352883 -0.46837676 -1 0 0 0 -0.97125238 -0.23805209 0 -0.98826754 -0.15273225 -1 0 0 0 0 1 0 0 1 -1 0 0 0 -1 0 -1 0 0 0 -1 0 -1 0 0 -1 0 0 -1 0 0 -1 0 0 -1 0 0 -1 0 0 -1 0 0 -1 0 0 -1 0 0 -1 0 0 -1 0 0 -1 0 0 -1 0 0 -1 0 0 -1 0 0 -1 0 0 -1 0 0 -1 0 0 -1 0 0 -1 0 0 -1 0 0 -1 0 0 -1 0 0 -1 0 0 -1 0 0 -1 0 0 -0.50770658 -0.86089361 0.033111278 -0.72914135 -0.68427116 0.011217554 -0.75044417 -0.66083896 0.011200654 -0.90064412 -0.43442827 0.010595808 -0.94823933 -0.31607977 -0.030588351 -0.99522525 -0.096030533 -0.017460084 -0.99452615 -0.089596979 -0.053758144 -0.99628878 0.078654334 -0.034957483 -0.98095238 0.19047616 -0.038095221 -0.94643372 0.3083885 -0.095706731 -0.94643372 0.3083885 -0.095706731 -0.93333256 0.356554 -0.04194751 -0.84242612 0.53084385 -0.092320621 -0.80110955 0.58905113 -0.10602915 -0.66139179 0.7440657 -0.094484486 -0.55355453 0.82444274 -0.11777748 -0.37965071 0.92200869 -0.075930089 -0.25847477 0.96152604 -0.09305086 -0.043357171 0.9972139 -0.060699951 0.081332348 0.99406159 -0.072295427 0.26108578 0.96400893 -0.050208773 0.32202685 0.94530469 -0.051939793 0.50307041 0.86396855 0.021872614 0.47721907 0.87851661 -0.02169176 0.65111876 0.75576282 0.069762692 0.68597037 0.72145158 0.094616555 0.94419414 0.3182677 0.084871344 0.94419414 0.3182677 0.084871344 0.71255845 0.70124799 0.022620892 0.97188091 0.21259901 0.10123755 0.9866969 0.11495491 0.11495491 0.98473775 -0.09654294 0.1448143 0.96722949 -0.20800629 0.14560436 0.89383954 -0.41789892 0.16251618 0.83996636 -0.51597935 0.16799319 0.70263362 -0.69030672 0.17257659 0.62582582 -0.76080775 0.17179522 0.43184128 -0.88702524 0.16339931 0.32236153 -0.93373686 0.15562272 0.085451268 -0.98743564 0.13292398 -0.045501623 -0.9919343 0.11830411 -0.24632563 -0.9647752 0.092372052 -0.3182677 -0.94419414 0.084871344 -0.51698458 -0.85414827 0.05619394 0.017873663 0.99198121 0.12511469 0.44206983 0.8841393 0.1512343 0.52996677 0.83108401 0.16862567 0.43184137 0.88702518 0.16339931 0.0089276358 0.99095297 0.1339125 0.61244905 0.77168572 0.17148563 0.7674371 0.62125868 0.15835996 0.83108413 0.52996653 0.16862565 0.92883939 0.33572507 0.15667161 0.96130931 0.23240449 0.14789367 0.98204553 0.11784539 0.14730674 0.97188091 -0.2125989 0.10123754 0.98797023 -0.10449687 0.11399651 0.98797023 -0.10449687 0.11399651 0.94419414 -0.3182677 0.084871344 0.89828277 -0.43250644 0.077629328 0.8460142 -0.53016889 0.056400921 0.58227706 -0.81299043 0 0.58227706 -0.81299043 0 0.8460142 -0.53016889 0.056400921 0.51598525 -0.85631597 -0.021956809 0.45563442 -0.88957191 -0.032545298 0.31904557 -0.94684488 -0.041167151 0.15976851 -0.97858208 -0.12981193 0.090312153 -0.973364 -0.21072826 0.028738804 -0.9771173 -0.21075076 -0.44037592 -0.89204341 -0.10162515 -0.44037592 -0.89204341 -0.10162515 0.052460343 -0.99674577 -0.061203659 -0.53542703 -0.83805948 -0.1047574 -0.62335694 -0.77625573 -0.094091557 -0.77625573 -0.62335694 -0.094091557 -0.8337779 -0.54427171 -0.092641942 -0.9350515 -0.34392697 -0.085981704 -0.96772426 -0.24193111 -0.070563197 -0.99810225 -0.016916979 -0.059209425 -0.99412721 0.098517135 -0.044780485 -0.92842728 0.37137088 -0.010315853 -0.92842728 0.37137088 -0.010315853 -0.80916536 0.58747631 0.011084452 -0.72911102 0.6835416 0.034177061 -0.62821263 0.77669913 0.045688163 -0.52161717 0.8504625 0.068036973 -0.45507818 0.88795757 0.066596784 -0.3182677 0.94419414 0.084871344 -0.25847477 0.96152604 0.09305086 -0.12452322 0.98660636 0.10536568 -0.055073809 0.99132645 0.11932628 0.3375617 0.94108117 -0.020458275 0.75586885 0.65433425 -0.022563238 0.81814164 0.57491046 -0.011055964 0.75586885 0.65433425 -0.022563238 0.3375617 0.94108117 -0.020458275 0.87851673 0.47721887 -0.021691758 0.95805097 0.28642762 -0.00987681 0.9826194 0.18539995 -0.009269991 0.99942946 -0.032768164 -0.008192041 0.98826754 -0.15273225 0 0.92987955 -0.3678644 0 0.88110936 -0.47279042 0.010745231 0.75586885 -0.65433425 0.022563238 0.67171347 -0.74002326 0.034154903 0.58515692 -0.81021714 0.033759031 0.22602311 -0.97288191 0.049135428 0.22602311 -0.97288191 0.049135428 0.58515692 -0.81021714 0.033759031 0.22602311 -0.97288191 0.049135428 -0.33766621 -0.93913418 0.063312389 -0.33766621 -0.93913418 0.063312389 0.22602311 -0.97288191 0.049135428 -0.33766621 -0.93913418 0.063312389 -0.75602812 -0.65293342 0.045819864 -0.75602812 -0.65293342 0.045819864 -0.33766621 -0.93913418 0.063312389 -0.84965271 -0.52544326 0.044718545 -0.84965271 -0.52544326 0.044718545 -0.9584232 -0.28248265 0.040354643 -0.98301482 -0.17958932 0.037808247 -0.9988721 0.033575516 0.033575516 -0.98883021 0.14649343 0.027467495 -0.90667075 0.42170727 0.010542678 -0.91052461 0.41291228 0.02117498 -0.77543586 0.63142639 0 -0.71819502 0.69575143 0.011221793 -0.60704046 0.794671 0 -0.55721909 0.83036548 0 -0.3678644 0.92987955 0 -0.3678644 0.92987955 0 -0.22693074 0.97391093 0 0.3375617 0.94108117 -0.020458275 0.3375617 0.94108117 -0.020458275 -0.22693074 0.97391093 0 0.85849684 0.50832033 -0.067776024 -6.4464032e-08 0.99636734 -0.085159563 -6.4464032e-08 0.99636734 -0.085159563 -0.86844659 0.49468476 -0.032978967 -6.4464032e-08 0.99636734 -0.085159563 0.85849684 0.50832033 -0.067776024 -0.86844659 0.49468476 -0.032978967 -6.4464032e-08 0.99636734 -0.085159563 -0.82418823 0.56451243 -0.045160975 -0.766478 0.64063835 -0.04575986 -0.71207941 0.70059425 -0.045940585 0.99774796 0.067075454 0 0.99774796 0.067075454 0 -0.71207941 0.70059425 -0.045940585 -0.87574327 0.48165882 -0.032840356 0.99774796 0.067075454 0 0.99774796 0.067075454 0 -0.87574327 0.48165882 -0.032840356 -0.87574327 0.48165882 -0.032840356 -0.87574327 0.48165882 -0.032840356 -0.87136871 0.49014491 -0.021784207 -0.87136871 0.49014491 -0.021784207 -0.87136871 0.49014491 -0.021784207 -0.87136871 0.49014491 -0.021784207 -0.87136871 0.49014491 -0.021784207 -0.86844659 0.49468476 -0.032978967 -0.86844659 0.49468476 -0.032978967 -0.86844659 0.49468476 -0.032978967 -0.86844659 0.49468476 -0.032978967 -0.86844659 0.49468476 -0.032978967 -0.86844659 0.49468476 -0.032978967 -0.86844659 0.49468476 -0.032978967 -0.86844659 0.49468476 -0.032978967 -0.69912565 0.61997956 0.35615844 -0.78152168 0.6229521 -0.033979189 -0.86844659 0.49468476 -0.032978967 -0.78152168 0.6229521 -0.033979189 -0.67171347 0.74002326 -0.034154903 -0.51737821 0.8507995 0.091978282 -0.68224347 0.70705247 0.18606652 -0.54460549 0.83869231 0 -0.29182968 0.95599371 -0.030189261 -0.10558458 0.99425465 -0.017597418 -0.10558458 0.99425465 -0.017597418 0 0.99987203 -0.015997944 0 0.99987203 -0.015997944 0 0.99987203 -0.015997944 0 0.99987203 -0.015997944 0 0.99987203 -0.015997944 0 0.99987203 -0.015997944 0 0.99987203 -0.015997944 0 0.99987203 -0.015997944 0 0.99987203 -0.015997944 0 0.99987203 -0.015997944 0 0.99987203 -0.015997944 0.12841883 0.99065888 0.045863818 0.10378428 0.99459988 0 0.30560198 0.94841993 0.084303953 0.35335931 0.92756826 0.1214672 0.74494183 0.66346383 0.069838263 0.73903149 0.66864759 0.08211457 0.39484781 0.91775447 0.042686231 0.8062045 0.58420628 0.09347295 0.86671972 0.49038076 0.091233604 0.95031029 0.2882964 0.11745402 0.97367883 0.19270733 0.12170979 0.98743576 -0.085451201 0.13292398 0.98743576 -0.085451201 0.13292398 0.94119847 -0.30643672 0.14227411 0.88104475 -0.45211497 0.13911223 0.85346168 -0.49785265 0.15409717 0.78427184 -0.60328597 0.14478856 0.71281207 -0.68864894 0.13289709 0.6202355 -0.7752943 0.11927599 0.45795858 -0.88157022 0.11448958 0.34392697 -0.9350515 0.085981704 0.15172191 -0.98619187 0.066378273 0.071109042 -0.99552608 0.06222035 0 -0.99830294 0.058234312 0 -0.99830294 0.058234312 0 -0.99830294 0.058234312 0 -0.99830294 0.058234312 0 -0.99830294 0.058234312 0 -0.99830294 0.058234312 0 -0.99830294 0.058234312 0.86626291 -0.4950074 0.067500971 0 -0.99830294 0.058234312 0 -0.99830294 0.058234312 0 -0.99830294 0.058234312 0.86626291 -0.4950074 0.067500971 0.86626291 -0.4950074 0.067500971 0.86626291 -0.4950074 0.067500971 0.86626291 -0.4950074 0.067500971 0.86626291 -0.4950074 0.067500971 0.86626291 -0.4950074 0.067500971 0.86626291 -0.4950074 0.067500971 0.86626291 -0.4950074 0.067500971 0.86626291 -0.4950074 0.067500971 0.86626291 -0.4950074 0.067500971 0.86626291 -0.4950074 0.067500971 0.86626291 -0.4950074 0.067500971 0.86626291 -0.4950074 0.067500971 0.86626291 -0.4950074 0.067500971 0.86626291 -0.4950074 0.067500971 0.81105274 -0.57932335 0.081105232 0.73903149 -0.66864759 0.08211457 0.19104409 -0.97533 0.11060438 0.66139179 -0.7440657 0.094484486 0.66139179 -0.7440657 0.094484486 0.19104409 -0.97533 0.11060438 0.13636014 -0.98374039 0.11688 0.084758796 -0.98885137 0.12242916 0.036088847 -0.99244195 0.11728854 -0.68084687 -0.7278018 0.082171135 -0.68084687 -0.7278018 0.082171135 0.036088847 -0.99244195 0.11728854 -0.59736013 -0.79648006 0.093703493 -0.41710159 -0.90184158 0.11273022 0.0087912921 -0.99340898 0.11428593 -0.50830561 -0.85487735 0.10397153 -0.50830561 -0.85487735 0.10397153 0.0087912921 -0.99340898 0.11428593 -0.41338843 -0.90498561 0.1005539 0.0087912921 -0.99340898 0.11428593 6.6481e-08 -0.99241233 0.12295368 -0.074701175 -0.98979002 0.12138936 -0.32699603 -0.9373889 0.1198986 -0.41898745 -0.86262125 -0.28343275 -0.11495499 -0.98669684 0.11495499 -0.22841196 -0.96555978 0.12458838 -0.41898745 -0.86262125 -0.28343275 -0.41898745 -0.86262125 -0.28343275 -0.32699603 -0.9373889 0.1198986 -0.74899226 -0.65388215 0.10699884 -0.74899226 -0.65388215 0.10699884 -0.32699603 -0.9373889 0.1198986 -0.79119748 -0.60225493 0.10628022 -0.82923323 -0.54892915 0.10511402 -0.85889757 -0.50388646 0.091615684 -0.86269003 -0.49945202 0.079458244 -0.85889757 -0.50388646 0.091615684 -0.86269003 -0.49945202 0.079458244 -0.86269003 -0.49945202 0.079458244 -0.86269003 -0.49945202 0.079458244 -0.89170051 -0.44585016 0.078023754 -0.92200869 -0.37965059 0.075930089 -0.96930152 -0.23222853 0.08077509 -0.98690206 -0.14234173 0.075915508 -0.99484581 0.071700558 0.071700558 -0.97827882 0.19565582 0.068479486 -0.9155677 0.39854118 0.053856898 -0.8696242 0.49055713 0.05574511 -0.75072747 0.6597302 0.034123961 -0.67171347 0.74002326 0.034154903 -0.59266919 0.80513543 0.022364862 -0.24929802 0.96842676 0 -0.37137088 0.92842728 0.010315853 -0.37137088 0.92842728 0.010315853 -0.24929802 0.96842676 0 0.25615779 0.96315318 0.081970446 0.19789323 0.9800424 -0.018846961 -0.25162211 0.96777725 0.0096777678 0.30674592 0.9509123 0.040899433 0.49468485 0.86844647 0.032978967 0.64063835 0.766478 -0.04575986 0.77669913 0.62821263 -0.045688163 0.82003701 0.56947029 -0.056946993 0.85414833 0.5169844 -0.056193937 0.85849684 0.50832033 -0.067776024 0.85849684 0.50832033 -0.067776024 0.85849684 0.50832033 -0.067776024 0.85849684 0.50832033 -0.067776024 0.85849684 0.50832033 -0.067776024 0.85849684 0.50832033 -0.067776024 0.85849684 0.50832033 -0.067776024 0.17035046 0.98424673 0.047319531 -0.22602311 0.97288191 0.049135428 -0.19789323 0.9800424 -0.018846961 0.17035046 0.98424673 0.047319531 0.17035046 0.98424673 0.047319531 0.38200715 0.9231841 0.042445224 0.17035046 0.98424673 0.047319531 0.33145055 0.94256252 0.041431297 0.57238376 0.81929427 0.033669613 0.66629457 0.74534643 0.022586245 0.81428391 0.58003795 0.022309139 0.87410641 0.48561454 0.010791431 0.97640753 0.21593632 0 0.97591978 0.21792388 0.0094749453 0.99942946 -0.032768164 -0.008192041 0.992239 -0.12402988 -0.0088592721 0.96471798 -0.26310495 -0.0097446218 0.94949502 -0.31313133 -0.020202011 0.89845997 -0.43853408 -0.021391895 0.89845997 -0.43853408 -0.021391895 0.92842728 -0.37137088 -0.010315853 0.81428397 -0.58003783 -0.022309139 0.70706224 -0.70706224 -0.011223204 0.70706224 -0.70706224 -0.011223204 0.57491046 -0.81814164 -0.011055964 0.21792388 -0.97591978 -0.0094749453 0.21792388 -0.97591978 -0.0094749453 0.57491046 -0.81814164 -0.011055964 0.095214032 -0.9954192 -0.0086558154 -0.041285649 -0.9991132 -0.0082571302 -0.27215269 -0.96225405 0 -0.38023287 -0.92489082 0 -0.57491046 -0.81814164 0.011055964 -0.66711986 -0.74495041 0 -0.81814164 -0.57491046 0.011055964 -0.87851673 -0.47721887 0.021691758 -0.96058434 -0.27728209 0.019805854 -0.98550296 -0.16734962 0.027891582 -0.99759346 0.060199574 0.034399755 -0.98492825 0.16884491 0.037521061 -0.9231841 0.38200715 0.042445224 -0.87278175 0.48610619 0.044191457 -0.70059425 0.71207941 0.045940585 -0.70059425 0.71207941 0.045940585 -0.19789323 0.9800424 -0.018846961 -0.51698458 0.85414827 0.05619394 -0.49055734 0.86962414 0.055745114 -0.28642762 0.95805097 -0.00987681 -0.28642762 0.95805097 -0.00987681 -0.84501845 -0.53369588 -0.033355974 -0.99340892 0.11428592 0.008791225 -0.99446762 0.10468075 0.0087233959 -0.84501845 -0.53369588 -0.033355974 -0.84965277 -0.52544314 -0.044718545 -0.84501845 -0.53369588 -0.033355974 -0.84501845 -0.53369588 -0.033355974 -0.84501845 -0.53369588 -0.033355974 -0.85308415 -0.52071369 -0.033237029 -0.85308415 -0.52071369 -0.033237029 -0.85308415 -0.52071369 -0.033237029 -0.86089361 -0.50770646 -0.033111274 -0.86089361 -0.50770646 -0.033111274 -0.86089361 -0.50770646 -0.033111274 -0.86844659 -0.49468476 -0.032978967 -0.86844659 -0.49468476 -0.032978967 -0.87136871 -0.49014491 -0.021784207 -0.86844659 -0.49468476 -0.032978967 -0.87136871 -0.49014491 -0.021784207 -0.87136871 -0.49014491 -0.021784207 -0.87574327 -0.48165882 -0.032840356 -0.87574327 -0.48165882 -0.032840356 -0.87574327 -0.48165882 -0.032840356 -0.87574327 -0.48165882 -0.032840356 -0.87574327 -0.48165882 -0.032840356 -0.81428397 -0.58003783 -0.022309139 -0.87574327 -0.48165882 -0.032840356 -0.84841084 -0.52887946 -0.022036634 -0.78611994 -0.61766577 0.022460561 -0.6156671 -0.78668559 0.045604944 -0.7286768 -0.68241161 0.057831462 -0.58515692 -0.81021714 -0.033759031 -0.37269911 -0.92642355 0.053242706 -0.1568504 -0.98723441 0.027679458 -0.24026251 -0.97066039 0.0096104946 -0.096030533 -0.99522525 -0.017460084 0 -0.99987203 -0.015997944 0 -0.99987203 -0.015997944 0 -0.99987203 -0.015997944 0 -0.99987203 -0.015997944 0 -0.99987203 -0.015997944 0 -0.99987203 -0.015997944 0 -0.99987203 -0.015997944 0 -0.99987203 -0.015997944 0 -0.99987203 -0.015997944 0.11330079 -0.99356067 0 0.11330079 -0.99356067 0 0.22902893 -0.97337276 0.0095428666 0.58244848 -0.8108595 0.057102758 0.58244848 -0.8108595 0.057102758 0.22902893 -0.97337276 0.0095428666 0.67565298 -0.73389894 0.069895104 0.75004005 -0.65628511 0.082035594 0.87800974 -0.46751168 0.10262446 0.92509001 -0.36342818 0.11012971 0.98204541 -0.14730681 0.11784539 0.99029547 -0.027255824 0.13627912 0.98058259 0.13866816 0.13866816 0.96034527 0.24272467 0.13719212 0.92983866 0.34315473 0.13283402 0.8374995 0.5308094 0.12975337 0.8374995 0.5308094 0.12975337 0.74268806 0.65883619 0.11978833 0.39637092 0.91385531 0.088082388 0.35220471 0.92027628 0.17042147 0.74268806 0.65883619 0.11978833 0.30643672 0.94119847 0.14227411 0 0.9987728 0.049525902 0.25963023 0.95197743 0.16226879 0.10020319 0.99292159 0.063765585 0.10020319 0.99292159 0.063765585 0 0.9987728 0.049525902 0 0.9987728 0.049525902 0 0.9987728 0.049525902 0 0.99830294 0.058234312 0 0.99830294 0.058234312 0 0.99830294 0.058234312 0 0.99830294 0.058234312 0 0.99830294 0.058234312 0.86626291 0.49500725 0.067500964 0 0.99830294 0.058234312 0 0.99830294 0.058234312 0.86626291 0.49500725 0.067500964 0.86626291 0.49500725 0.067500964 0.86626291 0.49500725 0.067500964 0.86626291 0.49500725 0.067500964 0.86626291 0.49500725 0.067500964 0.86626291 0.49500725 0.067500964 0.86626291 0.49500725 0.067500964 0.86626291 0.49500725 0.067500964 0.86626291 0.49500725 0.067500964 0.86626291 0.49500725 0.067500964 0.86626291 0.49500725 0.067500964 0.86626291 0.49500725 0.067500964 0.86626291 0.49500725 0.067500964 0.86626291 0.49500725 0.067500964 0.86626291 0.49500725 0.067500964 0.86626291 0.49500725 0.067500964 0.86626291 0.49500725 0.067500964 0.81566095 0.57440925 0.068929069 0.81566095 0.57440925 0.068929069 0.76081955 0.64377046 0.08193437 0.32408291 0.9398405 0.10802758 0.32699609 0.93738884 0.11989851 0.76081955 0.64377046 0.08193437 0.16968645 0.97819203 0.11977856 0.17956069 0.97760785 0.10973144 -0.064806595 0.9906134 0.12035485 -0.064806595 0.9906134 0.12035485 -0.44037578 0.89204341 0.10162514 -0.0088592712 0.99223894 0.1240298 -0.38662824 0.91686136 0.099418648 -0.54427183 0.8337779 0.09264195 1 0 0 1 0 0 -0.54427183 0.8337779 0.09264195 1 0 0 0.81566095 0.57440925 0.068929069 0.63617533 0.7657665 0.094248138 0.81566095 0.57440925 0.068929069 1 0 0 0.73903149 0.66864759 0.08211457 0.73903149 0.66864759 0.08211457 0.42685863 0.89864939 0.10109802 0.12557612 0.98528886 0.11591628 0.31118101 0.94427341 0.10730374 0.31118101 0.94427341 0.10730374 0.054633688 0.9925099 0.1092671 -0.008791225 0.99340892 0.11428592 -0.008791225 0.99340892 0.11428592 -0.064806595 0.9906134 0.12035485 -0.12557612 0.98528886 0.11591628 -0.19270733 0.97367883 0.12170979 -0.55355453 0.82444274 0.11777748 -0.59827298 0.77276945 0.21188848 -0.19104409 0.97533 0.11060438 -0.6390599 0.74966639 0.17205448 -0.77811915 0.60790563 0.15805537 -0.79648006 0.59736013 0.093703493 -0.8885383 0.44989273 0.089978516 -0.85889757 0.50388646 0.091615684 -0.92730796 0.36661008 0.075478517 -0.98254216 0.17338987 0.067429334 -0.9965933 0.043710209 0.069936335 -0.97827882 -0.19565582 0.068479486 -0.97827882 -0.19565582 0.068479486 -0.90727997 -0.41538113 0.06558647 -0.99476588 -0.080656648 0.06273295 -0.88099223 -0.4683755 0.066910766 -0.82003701 -0.56947029 0.056946993 -0.75602812 -0.65293342 0.045819864 -0.58515692 -0.81021714 0.033759031 -0.58515692 -0.81021714 0.033759031 -0.38750356 -0.9216302 0.02094613 -0.28911954 -0.95708537 0.019939268 -0.18539995 -0.9826194 0.009269991 0.024382176 -0.99966967 -0.0081273913 0.024382176 -0.99966967 -0.0081273913 0.18707941 -0.98216659 -0.018707927 0.63533902 -0.771483 -0.034035999 0.59894323 -0.78229326 -0.17112666 0.17799041 -0.98363078 -0.028103724 0.7030288 -0.70302892 -0.10724173 0.65213788 -0.73826939 -0.17226286 0.82003713 -0.56947017 -0.056946993 0.85849679 -0.50832051 -0.067776032 0.85849679 -0.50832051 -0.067776032 0.85849679 -0.50832051 -0.067776032 0.85849679 -0.50832051 -0.067776032 0.85849679 -0.50832051 -0.067776032 0.85849679 -0.50832051 -0.067776032 0.85849679 -0.50832051 -0.067776032 0 -0.99636734 -0.08515963 0 -0.99636734 -0.08515963 0.85849679 -0.50832051 -0.067776032 0 -0.99636734 -0.08515963 -0.86844659 -0.49468476 -0.032978967 -0.86844659 -0.49468476 -0.032978967 0 -0.99636734 -0.08515963 -0.87574327 -0.48165882 -0.032840356 -0.963893 -0.26556239 -0.019671276 -0.87851673 -0.47721899 -0.02169176 -0.93655312 -0.34992093 -0.020583576 -0.93655312 -0.34992093 -0.020583576 -0.99446762 0.10468075 0.0087233959 -0.963893 -0.26556239 -0.019671276 -0.95221919 -0.30389977 -0.030389961 -0.99609113 0.086616576 0.017323315 -0.47039735 0.40506443 0.78399569 -0.47039735 0.40506443 0.78399569 -0.47039735 0.40506443 0.78399569 0.39267173 -0.91967863 0 0.33766621 -0.93913418 -0.063312389 0.33104461 -0.93973982 -0.085430928 0 0 1 0.26108578 -0.96400893 -0.050208773 0 0 1 0.32502189 -0.94361198 -0.062907435 0.39267173 -0.91967863 0 0.30453646 -0.9136095 -0.26939774 0.40903333 -0.91245908 0.010488031 0.10657004 -0.29839626 -0.94847375 0.43034092 -0.90266645 0 0.09305086 -0.25847477 -0.96152604 0.41773316 -0.90856975 0 0.43034092 -0.90266645 0 0.076524407 -0.15304875 -0.98525131 0.2204745 -0.97209221 -0.080172591 0.02620611 -0.087353766 -0.99583262 0.37489828 0.92683196 -0.020827673 0.41773316 0.90856975 0 0.35896018 0.93329656 -0.010256001 0.3471761 0.93632346 -0.052602418 0.29450628 0.87124759 -0.39267498 0.356554 0.93333256 -0.04194751 0.29450628 0.87124759 -0.39267498 0.093724534 0.27075991 -0.9580735 0.41773316 0.90856975 0 0.081374593 0.24412394 -0.96632379 0.42170727 0.90667075 0.010542678 0.44298962 0.89652675 0 0.034123335 0.051184904 -0.99810606 0.44298962 0.89652675 0 0.016783027 0.050349079 -0.99859059 0.31607607 -0.25754341 -0.91310859 0.27711141 -0.18843578 -0.94217896 0.23240441 -0.14789374 -0.96130931 0.20800629 -0.14560443 -0.96722937 0.89437646 -0.44718826 -0.010647334 -0.45563442 -0.032545298 -0.88957191 -0.52887946 -0.022036634 -0.84841084 -0.51598525 -0.021956809 -0.85631597 -0.53194916 0 -0.84677625 -0.45567113 0 -0.89014822 -0.49844187 -0.010835688 -0.86685538 -0.35896018 -0.010256001 -0.93329656 -0.32224748 -0.010070229 -0.94660199 -0.19433615 0 -0.98093498 -0.13391249 0.0089274999 -0.99095303 -0.27470791 0.0098109925 -0.9614777 -0.37489828 0.020827673 -0.92683196 -0.45563433 0.032545298 -0.88957196 -0.37844449 0.031537026 -0.92508662 -0.50770658 0.033111278 -0.86089361 -0.52887958 0.022036636 -0.84841079 -0.49844179 0.010835688 -0.8668555 -0.61928576 0 -0.78516573 -0.8696242 0.05574511 -0.49055713 -0.87410641 0.010791431 -0.48561454 -0.8766669 0 -0.4810977 -0.87574333 -0.03284036 -0.48165888 -0.86962414 -0.05574511 -0.49055722 -0.82347345 -0.14321281 -0.54898232 -0.85487741 -0.10397152 -0.50830549 -0.83359188 -0.068514362 -0.54811519 -0.83869237 0 -0.54460543 -0.82475793 0.068729796 -0.56129372 -0.81409401 0.14366369 -0.56268281 -0.80715775 0.22352058 -0.54638356 -0.85878313 0.11605181 -0.49902257 -0.87278175 0.044191457 -0.48610619 -0.86221117 0 -0.50654906 -0.794671 0 -0.60704046 -0.8303656 0 -0.55721897 -0.84501851 -0.033355977 -0.53369588 -0.86671972 -0.091233604 -0.49038076 -0.84855175 -0.16732006 -0.5019601 -0.80381793 -0.21022931 -0.55648935 -0.8317368 -0.2482796 -0.4965592 -0.78108907 -0.29450902 -0.55060369 -0.68230855 -0.4147366 -0.60203701 -0.75968051 -0.36674234 -0.53701544 -0.70631993 -0.32700005 -0.62783998 -0.73512012 -0.24081519 -0.63372421 -0.75649148 -0.1586192 -0.63447672 -0.77136284 -0.081811175 -0.63111514 -0.78082019 0.01115457 -0.6246562 -0.76635468 0.069668576 -0.63862896 -0.74528921 0.15883215 -0.64754647 -0.73868859 0.25472021 -0.62406468 -0.70899349 0.34136733 -0.61708713 -0.78108907 0.29450902 -0.55060369 -0.68230867 0.4147366 -0.60203689 -0.73268241 0.43960941 -0.51953834 -0.650971 0.50179005 -0.56959945 -0.7612493 0.38062465 -0.52499944 -0.82519346 0.2625615 -0.50011718 -0.8518433 0.1799669 -0.49190944 -0.87057787 0.10309469 -0.48110873 -0.84601414 0.056400921 -0.53016901 -0.79574603 0.022415372 -0.60521537 -0.71819502 0.011221793 -0.69575143 -0.7236082 0 -0.69021088 -0.73989362 -0.011210504 -0.67263055 -0.79132676 -0.033913989 -0.61045218 -0.82485682 -0.09294156 -0.55764961 -0.84657466 -0.19350277 -0.4958508 -0.81326002 -0.30497256 -0.49558026 -0.78212833 -0.37802869 -0.49534789 -0.72205675 -0.45462829 -0.52148539 -0.650971 -0.50179005 -0.56959945 -0.57149476 -0.53067362 -0.6259228 -0.59195209 -0.44396403 -0.67267275 -0.61997932 -0.35615841 -0.69912577 -0.64139467 -0.26938573 -0.71836209 -0.66504675 -0.17241955 -0.72662526 -0.68084687 -0.082171135 -0.7278018 -0.61928576 0 -0.78516573 -0.70706224 0.011223204 -0.70706224 -0.68084687 0.082171135 -0.7278018 -0.66504675 0.17241955 -0.72662526 -0.64139467 0.26938573 -0.71836209 -0.61997932 0.35615841 -0.69912577 -0.59367371 0.45874792 -0.66113681 -0.57149464 0.53067362 -0.62592286 -0.54488635 0.61299711 -0.57213056 -0.47678977 0.75491726 -0.45030147 -0.51403016 0.67635536 -0.52755713 -0.63484532 0.62133801 -0.45924979 -0.6640445 0.542077 -0.51497316 -0.77397436 0.40666449 -0.48537371 -0.80564243 0.31969941 -0.49873096 -0.8518433 0.1799669 -0.49190944 -0.81515634 0.11813866 -0.56706548 -0.77136284 0.081811175 -0.63111514 -0.70059425 0.045940585 -0.71207941 -0.61235982 -0.01113381 -0.79050076 -0.50307035 -0.021872614 -0.86396861 -0.41291237 -0.02117498 -0.91052455 -0.3678644 0 -0.92987955 -0.20694949 -0.0094067883 -0.97830641 -0.15546684 -0.018290209 -0.98767173 0.99987203 0.015997944 0 -0.08515963 0 -0.99636734 0.99987203 -0.015997944 0 -0.024186457 0 -0.9997074 -0.049935859 0.0083226431 -0.99871773 -0.23114356 0.019261952 -0.97272903 -0.32529667 0.020331031 -0.94539344 -0.44298971 0 -0.89652669 -0.51926041 0 -0.85461605 -0.51126224 0.010877917 -0.85935593 -0.6246562 0.01115457 -0.78082019 -0.70059425 -0.045940585 -0.71207941 -0.76635468 -0.069668576 -0.63862896 -0.78629774 -0.18428853 -0.58972329 -0.79376358 -0.30726337 -0.52490813 -0.75452036 -0.43682754 -0.48977631 -0.68824726 -0.52630663 -0.49931654 -0.61299723 -0.57213056 -0.54488629 -0.53096873 -0.61265618 -0.58542693 -0.43004382 -0.64506572 -0.6316269 -0.45758328 -0.56524974 -0.68637472 -0.4803417 -0.4803417 -0.73385543 -0.49534789 -0.37802869 -0.78212833 -0.52158457 -0.29259631 -0.80145931 -0.53416789 -0.18210268 -0.82553208 -0.55764973 -0.09294156 -0.8248567 -0.50654906 0 -0.86221117 -0.55764973 0.09294156 -0.8248567 -0.53416789 0.18210268 -0.82553208 -0.52158457 0.29259631 -0.80145931 -0.49534789 0.37802869 -0.78212833 -0.4803417 0.4803417 -0.73385543 -0.45758316 0.56524974 -0.68637484 -0.43004373 0.64506572 -0.63162696 -0.39858535 0.71745366 -0.57130557 -0.36437464 0.78080273 -0.50752175 -0.32346219 0.85841876 -0.39810726 -0.42304218 0.82044542 -0.3845838 -0.57579535 0.69631058 -0.42849883 -0.68637484 0.56524974 -0.45758316 -0.7445519 0.46534488 -0.47864044 -0.80145931 0.29259631 -0.52158457 -0.77276933 0.21188839 -0.59827322 -0.72214818 0.15911743 -0.6731891 -0.64611608 0.11965117 -0.75380212 -0.53998202 0.11738743 -0.8334505 -0.58003795 0.022309139 -0.81428391 -0.49844179 0.010835688 -0.8668555 -0.45140409 0.021495426 -0.89206064 -0.39267173 0 -0.91967863 -0.29826024 -0.0099420035 -0.95443273 -0.20507078 0 -0.97874707 0.97125238 0.23805209 0 0.1162802 0.026833877 -0.99285388 0.0081273913 0.024382176 -0.99966967 0.97640753 0.21593632 0 0.36324701 0.064102381 -0.92948502 0.016126404 0.0080632018 -0.99983752 -0.095214032 -0.0086558154 -0.9954192 -0.032768164 -0.008192041 -0.99942946 -0.0079362541 0 -0.99996853 -0.015997944 0 -0.99987203 0.99871773 0.049935859 -0.0083226431 0.99987203 0.015997944 0 0.015997944 0 -0.99987203 0.015997944 0 -0.99987203 0.041285649 -0.0082571302 -0.9991132 0.98216659 -0.18707933 -0.018707925 -0.041285649 -0.0082571302 -0.9991132 -0.20694949 0.0094067883 -0.97830641 -0.40017745 -0.021061959 -0.91619557 -0.45987549 -0.043797642 -0.88690263 -0.49468476 -0.032978967 -0.86844659 -0.59266919 -0.022364862 -0.80513543 -0.64611608 -0.11965117 -0.75380212 -0.72214818 -0.15911743 -0.6731891 -0.71272469 -0.29804859 -0.63497293 -0.73177391 -0.42575935 -0.53219914 -0.71110523 -0.52326602 -0.46959773 -0.62270284 -0.62270284 -0.47379562 -0.56834656 -0.66307098 -0.48715416 -0.48555645 -0.68787152 -0.53950703 -0.39858535 -0.71745366 -0.57130557 -0.26907599 -0.73034924 -0.62784404 -0.29829901 -0.64847624 -0.7003544 -0.31001952 -0.56836921 -0.76213145 -0.33319649 -0.4869794 -0.80736065 -0.35085079 -0.38844192 -0.8520661 -0.36366969 -0.29093587 -0.88492984 -0.37206784 -0.19766104 -0.90691537 -0.40967223 -0.088577725 -0.90792209 -0.41773322 0 -0.90856963 -0.31921887 0 -0.94768107 -0.38313767 0.087574288 -0.91953051 -0.37206796 0.19766106 -0.90691537 -0.36366978 0.29093587 -0.88492972 -0.35085079 0.38844192 -0.8520661 -0.33319649 0.4869794 -0.80736065 -0.32478485 0.57162148 -0.75350106 -0.29844967 0.66177976 -0.68773198 -0.28314692 0.73360837 -0.6177755 -0.25187647 0.79341066 -0.55412805 -0.23203547 0.85486722 -0.46407074 -0.19887462 0.90078515 -0.38605076 -0.19118024 0.93340945 -0.30363926 -0.25011304 0.93223959 -0.26148188 -0.15608911 0.96775299 -0.19771303 -0.13521057 0.98510504 -0.10623677 -0.24694084 0.95555413 -0.16104853 -0.34674007 0.89674175 -0.27500084 -0.51948047 0.77922082 -0.35064939 -0.6582669 0.61796486 -0.42988861 -0.73268241 0.43960941 -0.51953834 -0.70631987 0.32700005 -0.6278401 -0.6583522 0.28399518 -0.697079 -0.59256774 0.23954864 -0.7690773 -0.49292648 0.23414004 -0.83797491 -0.44264588 0.2033778 -0.87332815 -0.46837553 0.066910766 -0.88099229 -0.34074983 0.030977244 -0.9396435 -0.19969238 0.028527463 -0.97944331 -0.10190876 0.083379775 -0.99129331 0.16790086 0.19938244 -0.96543044 0.045501623 0.11830404 -0.99193436 0.67099446 0.34207571 0.65783793 0.49974006 0.20720914 -0.84102571 0.15841593 0.11881183 -0.98019803 0.49974006 0.20720914 -0.84102571 0.097682327 0.035520822 -0.99458349 0.050765466 0.025382733 -0.99838799 0.96542907 0.26066589 0 0.14649338 0.027467495 -0.98883027 0.97125238 0.23805209 0 0.0079362541 0 -0.99996853 0 0 -1 -0.97640753 -0.21593632 0 0 0 -1 -0.99916124 0.040949211 0 0 0 -1 0 0 -1 -0.95535201 0.2954697 0 0 0 -1 -0.84677625 0.53194928 0 0 0 -1 0 0 -1 0.9753288 -0.21992713 -0.019124085 0.015997944 0 -0.99987203 0.077995956 -0.02599863 -0.99661458 -0.049935859 0.0083226431 -0.99871773 0.9753288 -0.21992713 -0.019124085 0.032768164 -0.008192041 -0.99942946 0.96995986 -0.24249001 -0.019399188 0.060199644 -0.034399759 -0.99759346 0.050349079 -0.016783027 -0.99859059 0.033575516 -0.033575516 -0.9988721 -0.10558458 -0.017597418 -0.99425465 -0.33439267 -0.010133107 -0.94237942 -0.44180697 -0.066271007 -0.89465904 -0.45599222 -0.15199743 -0.87690818 -0.46751168 -0.10262446 -0.87800974 -0.53542703 -0.1047574 -0.83805948 -0.49973997 -0.20720924 -0.84102571 -0.57459617 -0.22484195 -0.78694689 -0.65101665 -0.25530064 -0.7148419 -0.61138004 -0.38543528 -0.69112527 -0.6582669 -0.42988861 -0.61796486 -0.67635542 -0.52755713 -0.51403004 -0.65981674 -0.60595417 -0.44436637 -0.59003294 -0.68390179 -0.42911485 -0.49176219 -0.7442888 -0.4518896 -0.36437464 -0.78080273 -0.50752175 -0.25187635 -0.7934106 -0.55412805 -0.31237805 -0.8496682 -0.4248341 -0.22015168 -0.84391439 -0.48922572 -0.21229425 -0.8963536 -0.38920614 -0.2674599 -0.91866678 -0.29071736 -0.16702792 -0.93535632 -0.31178546 -0.16790095 -0.9654305 -0.19938236 -0.081374593 -0.96632379 -0.24412394 -0.096987523 -0.93754566 -0.334068 -0.11273022 -0.90184152 -0.41710168 -0.12875411 -0.85445893 -0.50331134 -0.13169169 -0.79015005 -0.59859848 -0.14585415 -0.72927111 -0.66849858 -0.15899827 -0.66045475 -0.73383856 -0.17071903 -0.58532238 -0.792624 -0.16732016 -0.5019601 -0.84855169 -0.16160423 -0.40401053 -0.90036637 -0.19118024 -0.30363926 -0.93340945 -0.19204436 -0.20271349 -0.96022189 -0.20091623 -0.10045816 -0.97444385 -0.17640296 -0.018568724 -0.9841429 -0.076050334 0 -0.99710399 -0.19740158 0.078960575 -0.97713757 -0.18893017 0.17843404 -0.96564311 -0.1884357 0.2771115 -0.94217896 -0.1715097 0.36588752 -0.91471893 -0.16507196 0.45984301 -0.87252265 -0.14321281 0.54898232 -0.82347345 -0.15883204 0.64754641 -0.74528921 -0.14594041 0.71754068 -0.68105561 -0.13197565 0.77985644 -0.61188745 -0.1047574 0.83805948 -0.53542703 -0.089978606 0.8885383 -0.44989276 -0.096987523 0.93754566 -0.334068 -0.071077861 0.96462852 -0.25384966 -0.055957489 0.9885841 -0.13989404 -0.077995956 0.99661458 -0.02599863 -0.22808084 0.9718225 -0.059499308 -0.40336365 0.88977301 -0.21354559 -0.58315235 0.71568716 -0.38435048 -0.67635542 0.52755713 -0.51403004 -0.64670289 0.44460827 -0.61975712 -0.5973509 0.38495952 -0.70354676 -0.52230716 0.36561504 -0.77040315 -0.47215232 0.33178279 -0.81669599 -0.41285494 0.32527968 -0.85073137 -0.38409537 0.2520625 -0.88822031 -0.33572498 0.1566717 -0.92883939 -0.13614985 0.2304076 -0.96352249 0.030189261 0.29182968 -0.95599371 0.1432555 0.31957015 -0.93667114 0.27491927 0.25200942 -0.92785269 0.24237536 0.42415676 -0.87255102 0.36626247 0.30521873 -0.87902981 0.3749826 0.46549559 -0.80168688 0.45731112 0.3302803 -0.8257007 0.10105363 0.073493503 -0.99216276 0.45301983 0.38830274 -0.80249232 0.060700014 0.043357108 -0.9972139 0.43664801 0.29941583 -0.84834468 0.033035278 0.016517639 -0.99931765 0.33614287 0.22023165 -0.91569972 0.16968645 0.11977856 -0.97819203 0.16968645 0.11977856 -0.97819203 0.67099446 0.34207571 0.65783793 0.024382176 0.0081273913 -0.99966967 0.49974006 0.20720914 -0.84102571 0.67099446 0.34207571 0.65783793 0.016126404 0.0080632018 -0.99983752 0 0 -1 0 0 -1 -0.89014822 -0.45567101 0 -0.60704046 -0.794671 0 0 0 -1 -0.70706224 -0.70706224 0.011223204 0 0 -1 -0.73437679 -0.67874217 0 0 0 -1 -0.84677625 -0.53194916 0 0 0 -1 -0.95535201 -0.2954697 0 0 0 -1 -0.99916124 -0.040949211 0 0 0 -1 -0.97640753 0.21593632 0 0 0 -1 -0.89014822 0.45567101 0 0 0 -1 -0.73437679 0.67874217 0 0 0 -1 -0.53194928 0.84677625 0 -0.67874217 0.73437679 0 0 0 -1 0 0 -1 0.90667075 -0.42170739 -0.010542679 0.032768164 -0.008192041 -0.99942946 0.041966438 -0.025179863 -0.99880171 0.061203722 -0.052460279 -0.99674577 0.91801244 -0.3964144 -0.010431954 0.10833698 -0.045140378 -0.99308878 0.15841584 -0.11881191 -0.98019803 0.90667075 -0.42170739 -0.010542679 0.051184967 -0.034123268 -0.99810606 0.4691821 -0.31701499 -0.8242389 0.35426497 -0.31761688 -0.87955433 0.4691821 -0.31701499 -0.8242389 0.41553012 -0.33997923 -0.84365207 0.25356486 -0.39845896 -0.88143945 0.18332766 -0.35519737 -0.91663831 0.19204436 -0.20271349 -0.96022189 0.17551909 -0.16519444 -0.97051734 0.055515084 -0.12953526 -0.99001944 -0.034399826 -0.060199581 -0.99759346 -0.2780847 -0.07209599 -0.95784718 -0.3834776 -0.13534506 -0.91357899 -0.45690382 -0.20440431 -0.86571234 -0.47437036 -0.27463555 -0.8363899 -0.52158457 -0.29259631 -0.80145931 -0.54879689 -0.35279807 -0.75786251 -0.46833479 -0.50847775 -0.72257382 -0.54387802 -0.54387796 -0.63905662 -0.61311102 -0.55861211 -0.55861211 -0.60760903 -0.64811629 -0.45908237 -0.58315235 -0.71568716 -0.38435048 -0.50752175 -0.78080273 -0.36437464 -0.40808228 -0.82891715 -0.38257715 -0.31607598 -0.91310859 -0.2575435 -0.27013212 -0.95086527 -0.15127403 -0.20886482 -0.9747023 -0.079567499 -0.11495499 -0.98669684 -0.11495499 -0.067429416 -0.98254228 -0.17338981 -0.017597418 -0.99425465 -0.10558458 -0.018847032 -0.9800424 -0.19789316 -0.029368028 -0.96914542 -0.24473372 -0.020458275 -0.94108117 -0.3375617 -0.032062259 -0.90842873 -0.41680846 -0.03284036 -0.87574333 -0.48165888 -0.02224832 -0.82318825 -0.56733239 -0.034035999 -0.771483 -0.63533902 -0.045904264 -0.73446858 -0.67708826 -0.034154903 -0.67171347 -0.74002326 -0.045510385 -0.60301298 -0.79643214 -0.044875864 -0.53851062 -0.84142286 -0.043998629 -0.47298455 -0.87997139 -0.042686313 -0.39484781 -0.91775441 -0.052273672 -0.33455166 -0.94092655 -0.039518807 -0.24699269 -0.96821123 -0.056844641 -0.16105968 -0.98530626 -0.063248105 -0.090354502 -0.99389923 -0.025179928 -0.041966442 -0.99880177 -0.0080632018 0.016126404 -0.99983752 -0.045501623 0.11830411 -0.9919343 -0.049853124 0.24926576 -0.96715105 -0.064102381 0.36324701 -0.92948502 -0.055504158 0.47733593 -0.87696618 -0.033237115 0.52071375 -0.85308415 -0.045404803 0.59026158 -0.80593407 -0.045868039 0.66508693 -0.74535602 -0.045928475 0.72337383 -0.68892747 -0.045688163 0.77669913 -0.62821263 -0.04516089 0.82418823 -0.56451249 -0.033236943 0.85308415 -0.52071381 -0.032389469 0.89610678 -0.44265512 -0.031167237 0.93501759 -0.35322884 -0.020071371 0.9533906 -0.30107072 -0.019124085 0.9753288 -0.21992713 -0.0090642814 0.98801464 -0.15409409 -0.026206177 0.99583262 -0.087353699 -0.025179926 0.99880165 -0.041966438 -0.016783027 0.99859059 0.050349079 -0.0089957351 0.98954642 0.14393407 -0.027891582 0.98550296 0.16734962 -0.063248105 0.99389929 0.090354435 -0.16734962 0.98550296 0.027891582 -0.29039332 0.95414943 -0.072598293 -0.45644239 0.85120338 -0.25906196 -0.59519273 0.64930111 -0.47344872 -0.58640617 0.57276863 -0.57276863 -0.52862221 0.52862221 -0.66416651 -0.42681846 0.54686111 -0.72025621 -0.31285128 0.65177357 -0.69088006 -0.39000529 0.46800631 -0.79301071 -0.2785272 0.37540615 -0.88402086 -0.043373313 0.43373328 -0.8999967 0.12763979 0.47574815 -0.87027109 0.2835229 0.6314832 -0.72169501 0.44340271 0.57776701 -0.68525857 0.7999506 0.59996307 0.01111042 0.11209082 0.08406806 -0.99013543 0.55920529 0.41274673 -0.71897811 0.78611994 0.61766577 0.022460561 0.52755725 0.51403004 -0.67635536 0.53018308 0.63893843 -0.55737197 0.1858042 0.1548367 -0.97031045 0.7709136 0.63684177 0.011172656 0.59848714 0.51687521 -0.6120891 0.52326602 0.71110523 -0.46959773 0.55861223 0.61311084 -0.55861223 0.11399666 0.10449681 -0.98797023 0.051184967 0.034123268 -0.99810606 0.78611994 0.61766577 0.022460561 0.051607337 0.043006059 -0.99774104 0.18133388 0.21333416 -0.96000344 0.61928576 0.78516573 0 0.024978315 0.033304419 -0.99913311 0.024978315 0.033304419 -0.99913311 -0.53194916 -0.84677625 0 0 0 -1 -0.53194916 -0.84677625 0 -0.45567113 -0.89014822 0 0 0 -1 0 0 -1 -0.2954697 0.95535201 0 0 0 -1 -0.040949211 0.99916124 0 0 0 -1 0.21593632 0.97640753 0 0 0 -1 0 0 -1 0.45567101 0.89014822 0 0 0 -1 0.2954697 0.95535201 0 0 0 -1 0.040949211 0.99916124 0 0 0 -1 -0.21593632 0.97640753 0 -0.45567101 0.89014822 0 0 0 -1 0 0 -1 0.78082019 -0.6246562 -0.01115457 0.090354502 -0.063248105 -0.99389923 0.033304419 -0.024978315 -0.99913311 0.79050076 -0.61235982 -0.01113381 0.47778738 -0.3615689 -0.8006168 0.53219914 -0.42575935 -0.73177391 0.78082019 -0.6246562 -0.01115457 0.12557605 -0.11591636 -0.98528886 0.51668406 -0.58466887 -0.62545967 0.7709136 -0.63684177 -0.011172656 0.081332274 -0.072295427 -0.99406165 0.614025 -0.71854007 -0.32660913 0.51160192 -0.70008671 -0.49813861 0.42911485 -0.68390179 -0.59003294 0.45462838 -0.52148539 -0.72205669 0.31969941 -0.49873096 -0.80564243 0.22276612 -0.53216356 -0.81680912 -0.044551805 -0.51234603 -0.85762268 0.10544547 -0.56237561 -0.82013106 0.040899433 -0.30674592 -0.9509123 -0.18736787 -0.16654924 -0.96806741 -0.37262943 -0.26444682 -0.88950276 -0.42304215 -0.38458377 -0.82044536 -0.35449675 -0.57769853 -0.73525268 -0.2980485 -0.7127248 -0.63497293 -0.35665521 -0.67368197 -0.64726311 -0.38174424 -0.7503249 -0.5397073 -0.49678969 -0.71161783 -0.49678969 -0.46287176 -0.81002563 -0.36001143 -0.45644251 -0.85120344 -0.2590619 -0.39232928 -0.89165747 -0.22588654 -0.27303389 -0.9606747 -0.050561804 -0.16586521 -0.98597616 0.018429453 -0.094404101 -0.99553394 0 -0.024186457 -0.9997074 0 -0.008791158 -0.99340892 0.11428599 1 0 0 0 -0.99916124 0.040949211 1 0 0 0 -0.97125238 -0.23805209 1 0 0 0 -0.88352883 -0.46837676 1 0 0 0 -0.75532246 -0.65535331 1 0 0 0 -0.56977957 -0.82179755 1 0 0 0 -0.3678644 -0.92987955 1 0 0 0 -0.11330079 -0.99356067 1 0 0 6.6481e-08 0.12295368 -0.99241233 1 0 0 0 0.38023287 -0.92489082 1 0 0 0 0.60704046 -0.794671 1 0 0 0 0.77543586 -0.63142639 1 0 0 -7.9453436e-08 0.90266645 -0.43034095 1 0 0 0 0.97125238 -0.23805209 1 0 0 0 0.9997074 -0.024186457 1 0 0 0 0.96225405 0.27215269 1 0 0 1.6316895e-07 0.86221117 0.506549 0.010542678 0.90667075 0.42170727 0.010256001 0.93329656 0.35896018 0 0.96542907 0.26066589 -0.0097446218 0.96471798 0.26310495 -0.070045516 0.97063112 0.2301497 -0.11688013 0.98374033 0.13635999 -0.21460611 0.97548211 0.048774082 -0.23327374 0.97197378 0.029159199 -0.32408303 0.9398405 -0.10802759 -0.46014136 0.81802917 -0.34510607 -0.43522891 0.76494783 -0.47479516 -0.38174424 0.7503249 -0.5397073 -0.3113732 0.73951173 -0.59679902 -0.24366708 0.86501789 -0.4386006 -0.16862586 0.83108407 -0.52996659 -0.21338528 0.71546865 -0.66526037 -0.25324568 0.58246517 -0.77239943 -0.069111817 0.58744997 -0.80630392 0.10669764 0.62833089 -0.77059442 0.25259852 0.78305554 -0.56834674 0.43522891 0.76494783 -0.47479516 0.49534789 0.78212833 -0.37802869 0.58050722 0.72563416 -0.36941376 0.043006126 0.05160727 -0.99774104 0.12769063 0.13751282 -0.9822349 0.64139467 0.71836209 -0.26938573 0.12769063 0.13751282 -0.9822349 0.18133388 0.21333416 -0.96000344 0.63030243 0.75389117 -0.18538307 0.59385103 0.79576033 -0.11877024 0.57932341 0.81105268 -0.081105232 0.034123335 0.051184904 -0.99810606 0.025179863 0.041966438 -0.99880171 0.47733608 0.876966 -0.055504158 0.44298962 0.89652675 0 0.40517423 0.91423941 0 0.37137088 0.92842728 0.010315853 0 0 1 0.26779732 0.95335865 -0.13925464 0.29729912 0.95340747 -0.051258441 0 0 1 0.26108578 0.96400893 -0.050208773 0.29450628 0.87124759 -0.39267498 0.19047625 0.98095244 -0.038095225 0.035520889 0.09768226 -0.99458349 0 0 -1 -0.2954697 -0.95535201 0 -0.21593632 -0.97640753 0 0 0 -1 0.040949211 -0.99916124 0 0 0 -1 0 0 -1 0.2954697 -0.95535201 0 0.53194916 -0.84677625 0 0 0 -1 0 0 -1 0.45567101 -0.89014822 0 0 0 -1 0.67874217 -0.73437679 0 0.73437679 -0.67874217 0 0 0 -1 0.89014822 -0.45567113 0 0 0 -1 0.97640753 -0.21593632 0 0 0 -1 0.99916124 0.040949211 0 0 0 -1 0.95535201 0.2954697 0 0 0 -1 0.84677625 0.53194928 0 0 0 -1 0 0 -1 0.67874217 0.73437679 0 0.53194928 0.84677625 0 0 0 -1 -1 0 0 0 0 -1 0 -1 0 -1 0 0 0.097682327 -0.99458349 -0.035520822 0 0 -1 0 -1 0 0 0 -1 -1 0 0 0 0 -1 1 0 0 0 -1 0 0 -1 0 1 0 0 0 0 -1 0.076050259 -0.99710393 0 -1 0 0 0 0 -1 0.049525902 -0.9987728 0 0 0 1 0.114286 -0.99340898 0.008791226 0 0 1 0 0 1 0.1172886 -0.99244195 -0.03608878 0.17640296 -0.9841429 -0.018568724 0 0 1 0.19610763 -0.98053783 0.0093384515 0 0 1 0.25162211 -0.96777725 0.0096777678 0 0 1 0.28642762 -0.95805097 0.00987681 0 0 1 0.34336427 -0.93920231 0 0 0 1 0 0 1 0.40903333 -0.91245908 0.010488031 0.43034092 -0.90266645 0 0.45140418 -0.89206058 -0.021495426 0.074701101 -0.12138936 -0.98979008 0.034123335 -0.051184904 -0.99810606 0.38062456 -0.52499956 -0.7612493 0.64345229 -0.76548624 0 0.61244899 -0.77168572 -0.17148572 0.52230716 -0.77040315 -0.36561504 0.44260481 -0.79408514 -0.41656923 0.34172097 -0.69658494 -0.63086939 0.21298307 -0.73917663 -0.63894922 0.13169169 -0.79015005 -0.59859848 0.13169169 -0.79015005 -0.59859848 0.094616555 -0.68597037 -0.72145158 -0.022500323 -0.63000941 -0.77626151 -0.18886371 -0.42494333 -0.88529867 -0.15911733 -0.72214824 -0.6731891 -0.30726337 -0.52490813 -0.79376358 -0.25546721 -0.70253497 -0.66421479 -0.20720933 -0.84102571 -0.49973989 -0.10355603 -0.96307153 -0.24853462 -0.13196379 -0.93474334 -0.32990944 -0.16347863 -0.94817597 -0.27246442 -0.30906418 -0.90341854 -0.2971772 -0.29854769 -0.93987221 -0.16585982 -0.30560198 -0.94841993 -0.084303953 -0.17646216 -0.98034495 0.088231005 -0.16823438 -0.97971791 0.10885756 -0.11399659 -0.98797023 0.10449687 -0.063248031 -0.99389929 0.090354502 -0.038095295 -0.98095244 0.19047619 -0.019671276 -0.963893 0.26556239 0 -0.97391093 0.22693074 1 0 0 0 -0.96542907 0.26066589 0.010256001 -0.93329656 0.35896018 0.02224832 -0.82318819 0.56733251 0.010791514 -0.87410647 0.48561463 8.1264162e-08 -0.86956137 0.49382493 1 0 0 0.010647333 -0.89437646 0.44718814 1 0 0 0 -0.34336427 0.93920231 1 0 0 1 0 0 8.2706492e-08 -0.55721903 0.8303656 1 0 0 1 0 0 0 -0.7236082 0.69021088 1 0 0 1 0 0 1 0 0 1 0 0 1 0 0 1 0 0 1 0 0 1 0 0 1 0 0 1 0 0 1 0 0 1 0 0 1 0 0 1 0 0 1 0 0 1 0 0 1 0 0 1 0 0 1 0 0 1 0 0 1 0 0 1 0 0 0 0.31921887 0.94768107 1 0 0 0 0.53194928 0.84677625 1 0 0 1 0 0 1 0 0 0 0.7236082 0.69021088 0.022603547 0.67810678 0.73461562 0.022603547 0.73461562 0.67810678 0.01115457 0.78082019 0.6246562 0.022309139 0.81428391 0.58003795 0.021872781 0.86396861 0.50307029 0.056595862 0.83761656 0.54331881 0.021495426 0.89206064 0.45140409 0.010256001 0.93329656 0.35896018 -0.041167151 0.94684488 0.31904557 -0.14098319 0.9768126 0.1611238 -0.1780086 0.97904694 0.098893583 -0.29086119 0.94799197 -0.12927157 -0.34877601 0.85948366 -0.37368858 -0.20271342 0.96022189 -0.19204445 -0.18213597 0.92206329 -0.34150493 -0.17042154 0.92027628 -0.3522045 -0.075915508 0.98690206 -0.14234173 -0.0462269 0.98925763 -0.13868105 -0.10278731 0.96620113 -0.23641096 0.041431297 0.94256252 -0.33145055 0.020458275 0.94108117 -0.3375617 -0.056400824 0.84601408 -0.53016889 -0.069933079 0.72264212 -0.6876756 0.094379224 0.75503415 -0.64885753 0.2044044 0.86571234 -0.45690373 0.36128837 0.85961711 -0.36128837 0.51815778 0.80883157 -0.27803582 0.48533031 0.86666119 -0.11555486 0.420719 0.90616411 -0.043150648 0.36236852 0.93180484 -0.020706763 0.37137088 0.92842728 0.010315853 0.39267173 0.91967863 0 0 0 1 0.3312445 0.94354498 0 0 0 1 0.27470791 0.9614777 0.0098109925 0 0 1 0.25162211 0.96777725 0.0096777678 0 0 1 0.20507087 0.97874713 0 0 0 1 0.16586521 0.98597616 -0.018429453 0 0 1 0 0 1 0.11932642 0.99132645 -0.055073667 0.13509136 0.99066943 0.018012164 0 0 1 0.10468075 0.99446762 0.0087233959 0 0 1 0.07998509 0.99536872 -0.053323302 0 0 1 0.094404034 0.995534 0 0 0 1 0.067075454 0.99774796 0 0 0 1 0 0 1 0.050349079 0.99859059 -0.016783027 0.042310614 0.99853098 -0.033848491 0.042310614 0.99853098 -0.033848491 0 0 -1 0 0 -1 -0.040949211 -0.99916124 0 0.21593632 -0.97640753 0 0 0 -1 -0.40903345 0.91245908 -0.010488031 0 0 -1 -0.63684177 0.7709136 -0.011172656 0 0 -1 -0.78082019 0.6246562 -0.01115457 0 0 -1 -0.8878656 0.45997846 -0.01069717 0 0 -1 0 0 -1 0.84677625 -0.53194916 0 0 0 -1 0.95535201 -0.2954697 0 0 0 -1 0.99916124 -0.040949211 0 0 0 -1 0.97640753 0.21593632 0 0 0 -1 0.89014822 0.45567101 0 0.73437679 0.67874217 0 0 0 -1 -0.24026251 -0.97066039 -0.0096104946 0 0 -1 0 0 -1 -0.12295375 -0.99241233 0 1 0 0 1 0 0 -0.11330079 -0.99356067 0 0 0 -1 0 0 -1 -0.0080632018 -0.99983752 0.016126404 0.08515963 -0.99636734 0 0 0 1 0.16439211 -0.98635274 0.0091328919 0.22693074 -0.97391093 0 0.2954697 -0.95535201 0 0.37137088 -0.92842728 -0.010315853 0.45140418 -0.89206058 -0.021495426 0.49945211 -0.86268997 -0.079458244 0.016517639 -0.033035278 -0.99931765 0.034123335 -0.051184904 -0.99810606 0.56706536 -0.81515646 -0.11813866 0.38062456 -0.52499956 -0.7612493 0.38062456 -0.52499956 -0.7612493 0.57630897 -0.80443126 -0.14407726 0.51102501 -0.82262552 -0.24928044 0.38700563 -0.88285637 -0.26606628 0.31400004 -0.84151995 -0.43959996 0.23090182 -0.86284333 -0.44965073 0.14043978 -0.86604512 -0.47983587 0.011210504 -0.73989362 -0.67263055 -0.11877024 -0.59385103 -0.79576033 0 -0.8303656 -0.55721897 -0.092642054 -0.83377802 -0.54427183 -0.041431297 -0.94256252 -0.33145055 -0.10718078 -0.67881197 -0.72644788 -0.039518807 -0.96821123 -0.24699269 -0.018707925 -0.98216659 -0.18707933 -0.10718078 -0.67881197 -0.72644788 -0.026623825 -0.99395663 -0.10649537 -0.0079994835 -0.99993598 -0.0079994835 -0.042657252 -0.99817866 -0.042657189 -0.10649537 -0.99395663 -0.026623825 -0.14111446 -0.9878006 0.06585335 -0.10973152 -0.97760785 0.17956062 -0.089619957 -0.97586143 0.19915538 -0.020331031 -0.94539344 0.32529667 0.010195058 -0.93794578 0.34663212 0.021391895 -0.89846003 0.43853399 0.033237115 -0.85308421 0.52071363 0.057585474 -0.77164572 0.63344055 0.011172656 -0.7709136 0.63684177 0.011217554 -0.72914135 0.68427116 0.022586247 -0.66629463 0.74534649 0.022415459 -0.60521537 0.79574609 0.022182625 -0.55456376 0.83184558 0.021691844 -0.47721902 0.87851673 0.021061959 -0.40017736 0.91619569 0.010070229 -0.32224748 0.94660199 0.0098109925 -0.27470791 0.9614777 0.018985791 -0.20884298 0.97776496 -6.4464032e-08 -0.085159563 0.99636734 1 0 0 1 0 0 1 0 0 0 0.11330073 0.99356073 0.017597416 0.1055845 0.99425459 0.018707927 0.18707941 0.98216659 0.019535676 0.25396392 0.96701634 0.020458275 0.3375617 0.94108117 0.02117498 0.41291228 0.91052461 0.021691926 0.47721893 0.87851673 0.022111928 0.54174256 0.84025359 0.011025012 0.56227595 0.82687616 0.022460561 0.61766577 0.78611994 0.069668576 0.63862896 0.76635468 0.057831462 0.7286768 0.68241161 0.057244789 0.80142742 0.59534615 0.032979138 0.86844653 0.49468473 -0.050911829 0.95714283 0.28510639 -0.13989404 0.98858398 0.055957559 -0.076693743 0.99701828 -0.0085215196 -0.015997944 0.99987203 0 -0.0083226431 0.99871773 -0.049935859 0.043006055 0.99774098 -0.051607266 0.010647252 0.89437646 -0.44718823 0.092372052 0.9647752 -0.24632563 0.06448628 0.92430383 -0.37617013 0.091233693 0.8667196 -0.49038091 0.19641708 0.91276121 -0.35817218 0.26745999 0.91866672 -0.29071736 0.36405155 0.90425676 -0.22312829 0.39018658 0.90660971 -0.16066504 0.3699806 0.92495179 -0.087054327 0.33455166 0.94092655 -0.052273672 0.29826024 0.95443273 -0.0099420035 0.22693074 0.97391093 0 0 0 1 0.16439219 0.98635268 0.0091328919 0.08588513 0.99626797 0.0085885124 0.024186457 0.9997074 0 0 0 1 -0.032768164 0.99942946 -0.008192041 0 0 -1 -0.18539988 0.98261946 -0.009269991 -0.18119915 0.98228973 0.047683947 -0.27052805 0.96187747 0.040078208 -0.33145055 0.94256252 0.041431297 -0.39854118 0.9155677 0.053856898 -0.45093071 0.89086324 0.054991528 -0.52071381 0.85308409 0.033237029 -0.58515692 0.81021714 0.033759031 -0.63862896 0.76635468 0.069668576 -0.68892747 0.72337383 0.045928475 -0.74535602 0.66508693 0.045868039 -0.78181577 0.62085378 0.057486426 -0.81929427 0.57238376 0.033669613 -0.84965271 0.52544326 0.044718545 -0.88404542 0.46412376 0.055252809 -0.90372348 0.42464107 0.054441143 -0.93501759 0.35322884 0.031167237 -0.97010684 0.23757721 0.049495224 -0.97591978 0.21792388 -0.0094749453 0 0 -1 -0.99993598 -0.0079994835 -0.0079994835 0 0 -1 -0.97337276 -0.22902893 -0.0095428666 0 0 -1 -0.90667075 -0.42170727 -0.010542678 0 0 -1 -0.79050076 -0.61235982 -0.01113381 0 0 -1 -0.61235982 -0.79050076 -0.01113381 0 0 -1 0 0 -1 -0.42170739 -0.90667075 -0.010542679 -0.30560198 -0.94841993 0.084303953 -0.19391908 -0.97929108 0.058175679 -0.10105371 -0.9921627 0.073493503 0.0087234629 -0.99446768 0.10468076 0.092652217 -0.99137849 0.092652149 0.17640296 -0.9841429 0.018568724 0.26556239 -0.963893 0.019671276 0.32836491 -0.94404912 -0.030784195 0.41156304 -0.90977103 -0.05415301 0.47574815 -0.87027109 -0.12763979 0.36277077 -0.91826349 -0.15871222 0.32086056 -0.90316331 -0.28520951 0.24221273 -0.92271525 -0.2998825 0.1222298 -0.92227918 -0.36668929 0.15608919 -0.96775299 -0.19771296 0.070563197 -0.96772426 -0.24193111 -0.10718078 -0.67881197 -0.72644788 0.05463355 -0.99250996 -0.10926717 0.035520889 -0.99458349 0.09768226 0.14610432 -0.92158097 0.35964137 0.10201421 -0.96913546 0.22443143 0.050561804 -0.9606747 0.27303389 0 -0.95535201 0.2954697 -0.020331031 -0.94539344 0.32529667 0.067776114 -0.85849679 0.50832039 0.044191543 -0.87278175 0.48610622 0.10699884 -0.74899226 0.65388215 0.11978833 -0.65883619 0.74268806 0.057831462 -0.68241161 0.7286768 0.069111817 -0.58744997 0.80630392 0.067501061 -0.4950074 0.86626279 0.063710898 -0.35041007 0.93442696 0.048774157 -0.21460603 0.97548211 0.018290278 -0.15546684 0.98767167 0.017597351 -0.10558457 0.99425459 0.025179863 -0.041966438 0.99880171 0.032503128 0 0.99947166 0.025382733 0.050765466 0.99838799 0.06376572 0.10020306 0.99292159 0.058175679 0.19391908 0.97929108 0.063710898 0.35041007 0.93442696 0.056194115 0.51698446 0.85414833 0.1313719 0.58520246 0.80017465 0.11996061 0.68377584 0.71976399 0.094248138 0.7657665 0.63617533 0.067776203 0.85849679 0.50832045 0 0.95889676 0.28375518 0.07209599 0.95784718 0.2780847 0.15044251 0.89108193 0.42818221 0.10657004 0.94847375 0.29839626 0.053323437 0.99536872 0.079984955 0.14649343 0.98883021 -0.027467495 0.1966655 0.95055002 -0.24036893 0.28054464 0.94953591 -0.14027235 0.34706825 0.93274617 -0.097613007 0.33455166 0.94092655 -0.052273672 0.27728209 0.96058434 0.019805854 0.22397763 0.97381562 0.038952608 0.17640303 0.98414284 0.018568724 0.10926723 0.9925099 0.05463355 0.025792189 0.99729848 0.068779171 -0.088844098 0.99505442 0.044422049 -0.087535515 0.98234349 0.16534501 -0.16519436 0.97051734 0.17551917 -0.25114489 0.9499833 0.18562898 -0.32791904 0.92721987 0.18092102 -0.40744528 0.89637959 0.1746195 -0.48389593 0.86157048 0.1534303 -0.55779105 0.81243461 0.16976237 -0.62582582 0.76080775 0.17179522 -0.68224347 0.70705247 0.18606652 -0.73514885 0.647928 0.19936255 -0.78853071 0.59443092 0.15770607 -0.83791935 0.51003784 0.19430023 -0.87544852 0.44955465 0.17745589 -0.92027628 0.35220453 0.17042165 -0.96000344 0.21333419 0.18133408 -0.99452621 0.089596905 0.053758144 -0.99913311 -0.024978315 0.033304419 -0.99029541 -0.027255824 0.13627918 -0.9906134 -0.12035483 0.064806446 -0.96913546 -0.22443144 0.1020143 -0.94530469 -0.32202685 0.051939793 -0.91105491 -0.39997527 0.09999378 -0.86626291 -0.49500725 0.067500964 -0.82475793 -0.56129372 0.068729796 -0.7657665 -0.63617533 0.094248138 -0.69287217 -0.71635932 0.082205124 -0.63617533 -0.7657665 0.094248138 -0.55289423 -0.82934117 0.080630355 -0.49055734 -0.86962414 0.055745114 -0.39997527 -0.91105491 0.09999378 -0.32319692 -0.89776909 0.29925641 -0.16467607 -0.9441433 0.28543869 -0.010374533 -0.92333388 0.38385788 0.0094067883 -0.97830641 0.20694949 0.15232556 -0.97488308 0.16248043 0.2780948 -0.95193976 0.12835136 0.34706834 -0.93274617 0.097612925 0.37844449 -0.92508662 -0.031537026 0.35041007 -0.93442696 -0.063710898 0.32236144 -0.93373686 -0.15562281 0.29598922 -0.94278073 -0.15347594 0.23440091 -0.95891297 -0.15981883 0.27303389 -0.9606747 0.050561804 0.16293095 -0.98663747 0 0.19666542 -0.95055002 0.24036901 0.2135455 -0.88977301 0.40336373 0.16507195 -0.87252259 0.45984295 0.19753096 -0.79012346 0.58024681 0.14043987 -0.86604512 0.47983578 0.10354411 -0.8628673 0.49471051 0.17257659 -0.70263362 0.69030672 0.14594041 -0.71754068 0.68105561 0.17112666 -0.59894323 0.78229326 0.14321281 -0.54898232 0.82347345 0.15123449 -0.44206971 0.88413942 0.131079 -0.31677443 0.93940002 0.13087323 -0.17114191 0.97651559 0.078654334 -0.034957483 0.99628878 0.13178851 0.075307637 0.98841316 0.129812 0.15976843 0.97858208 0.12927157 0.29086119 0.94799197 0.13911244 0.45211503 0.88104469 0.19504954 0.52419531 0.82896012 0.17179522 0.62582582 0.76080775 0.14572503 0.74076927 0.65576303 0.1039717 0.85487735 0.50830543 0.15532437 0.83636141 0.52571285 0.18507229 0.76496583 0.61690801 0.18210278 0.82553214 0.53416783 0.21354562 0.88977301 0.40336376 0.18277447 0.9568786 0.22578038 0.25396392 0.96701634 0.019535676 0.32802853 0.94175935 0.074070923 0.36277094 0.91826344 0.15871213 0.34395531 0.93805999 0.041691534 0.2882964 0.95031029 0.11745402 0.17260002 0.97468203 0.14214106 0.027891582 0.98550296 0.16734962 0.0099420035 0.95443273 0.29826024 -0.085981704 0.9350515 0.34392697 -0.15871212 0.91826349 0.36277074 -0.23674035 0.89961302 0.36694744 -0.31761688 0.87955433 0.35426497 -0.39084256 0.84472418 0.36562693 -0.46287176 0.81002563 0.36001143 -0.52230716 0.77040315 0.36561504 -0.59195143 0.72349638 0.35517094 -0.64726299 0.67368209 0.35665521 -0.70144844 0.60880452 0.37057665 -0.7486403 0.5516296 0.36775312 -0.79301071 0.46800631 0.39000529 -0.8367849 0.40571389 0.36767823 -0.87981695 0.32993141 0.34215108 -0.90863681 0.20968552 0.36112493 -0.97586143 0.089619882 0.19915545 -0.9614777 -0.0098109925 0.27470791 -0.95335865 -0.13925456 0.26779738 -0.91386032 -0.29290402 0.28118786 -0.85630089 -0.42194536 0.29784384 -0.78886533 -0.54711622 0.27992001 -0.6877318 -0.66177988 0.29844978 -0.58988893 -0.7565968 0.28212091 -0.45974258 -0.84493238 0.27336052 -0.39307308 -0.77304375 0.49789253 -0.26359376 -0.81588525 0.51463526 -0.12926875 -0.84612244 0.51707488 0.032979053 -0.86844665 0.49468473 0.15667172 -0.92883939 0.3357251 0.28520942 -0.90316331 0.32086065 0.35560897 -0.90087628 0.24892639 0.36588764 -0.91471887 0.17150971 0.33455166 -0.94092655 0.052273672 0.33982489 -0.8859719 0.3155517 0.27491927 -0.92785269 0.25200942 0.28343275 -0.86262125 0.41898745 0.2645542 -0.80626023 0.52910823 0.22421323 -0.79720229 0.56053275 0.19880751 -0.757954 0.62127382 0.19967267 -0.67389524 0.71133393 0.21139637 -0.58444881 0.78341007 0.22971745 -0.43525395 0.8705079 0.20804544 -0.51399469 0.83218175 0.20882881 -0.5282141 0.82303119 0.19265924 -0.48164815 0.85492533 0.20968552 -0.36112493 0.90863681 0.1966655 -0.24036893 0.95055002 0.18267758 -0.13193384 0.97428048 0.17482778 -0.0092014549 0.98455608 0.17800862 0.098893598 0.97904706 0.18133388 0.21333416 0.96000344 0.19766115 0.37206787 0.90691537 0.21917032 0.4748688 0.85232866 0.19753096 0.58024681 0.79012346 0.17252417 0.71474338 0.67777389 0.19973481 0.69907224 0.68658876 0.22484206 0.78694689 0.57459605 0.28343275 0.86262125 0.41898745 0.29071736 0.91866672 0.26745999 0.35666826 0.87322223 0.33207047 0.36767823 0.8367849 0.40571389 0.35560906 0.90087616 0.24892639 0.28520951 0.90316325 0.32086068 0.15770198 0.92368358 0.34919742 0.032545298 0.88957196 0.45563433 0.011084452 0.80916536 0.58747631 -0.067776203 0.85849679 0.50832045 -0.14220378 0.84137166 0.52141339 -0.22195184 0.82615376 0.51788735 -0.29259631 0.80145931 0.52158457 -0.35064939 0.77922082 0.51948047 -0.42455849 0.74297744 0.5174306 -0.48449978 0.69983315 0.52487475 -0.542077 0.6640445 0.51497316 -0.59848726 0.61208904 0.51687521 -0.63893867 0.55737185 0.53018302 -0.68824726 0.49931654 0.52630663 -0.7212835 0.44078431 0.534284 -0.78770363 0.33574256 0.51652688 -0.82553214 0.18210278 0.53416783 -0.92200869 0.075930089 0.37965059 -0.91422135 -0.031891424 0.4039582 -0.86604518 -0.14043967 0.47983575 -0.81588525 -0.26359376 0.51463526 -0.77304375 -0.39307308 0.49789253 -0.70008677 -0.51160181 0.49813861 -0.61129802 -0.61129785 0.50262266 -0.51160181 -0.70008677 0.49813861 -0.45924971 -0.63484544 0.62133801 -0.35615832 -0.69912577 0.61997944 -0.24046779 -0.74671584 0.62015384 -0.11965106 -0.75380206 0.64611614 0 -0.78516573 0.61928576 0.14445248 -0.79448903 0.58984798 0.27992001 -0.78886533 0.54711622 0.34807578 -0.79928505 0.48988435 0.36767823 -0.8367849 0.40571389 0.33961552 -0.7445417 0.57473385 0.31969941 -0.80564243 0.49873096 0.29725099 -0.73666537 0.60742569 0.26978558 -0.68088752 0.68088758 0.22697692 -0.64310127 0.73137015 0.21917032 -0.4748688 0.85232866 0.22452614 -0.37814915 0.89810419 0.21091579 -0.2553193 0.94357115 0.20104975 -0.17988662 0.96292257 0.20622939 -0.13404913 0.96927822 0.18281919 -0.057732329 0.98145002 0.18539995 -0.009269991 0.9826194 0.19047625 0.038095225 0.98095244 0.18444869 0.067954727 0.98049003 0.1943741 0.1329927 0.97187018 0.20602323 0.21686673 0.95421338 0.21721743 0.30867735 0.92603183 0.21592927 0.43185836 0.87571281 0.22276624 0.5321635 0.81680924 0.21231751 0.61197436 0.76184553 0.22697681 0.64310133 0.73137015 0.26978549 0.68088758 0.68088758 0.28147367 0.76765525 0.57574135 0.3368679 0.77738738 0.53121465 0.34663853 0.80882317 0.47502309 0.26624981 0.78607064 0.5578565 0.14478856 0.78427178 0.60328603 0.022615107 0.72368377 0.6897611 -0.069762692 0.75576282 0.65111876 -0.13260707 0.74742204 0.65098053 -0.1858377 0.73096198 0.65662694 -0.25530052 0.71484184 0.65101671 -0.31285119 0.69088006 0.65177369 -0.3713578 0.64987659 0.66313934 -0.42988834 0.61796486 0.6582669 -0.47301608 0.58113402 0.66222262 -0.52862221 0.52862221 0.66416651 -0.56689495 0.4724125 0.67487514 -0.60595405 0.44436637 0.6598168 -0.66313922 0.37135804 0.64987659 -0.69707876 0.28399518 0.65835238 -0.73826933 0.17226276 0.65213794 -0.74494183 0.069838263 0.66346383 -0.83359188 0.068514369 0.54811531 -0.82318825 -0.02224832 0.56733239 -0.77985656 -0.13197565 0.61188734 -0.73512012 -0.2408153 0.63372427 -0.69912571 -0.35615841 0.61997944 -0.63484532 -0.45924979 0.62133801 -0.54448235 -0.55809432 0.62615466 -0.46534488 -0.47864044 0.7445519 -0.36674234 -0.53701544 0.75968051 -0.28267908 -0.60390568 0.74524522 -0.19911517 -0.63468003 0.74668229 -0.094248138 -0.63617533 0.7657665 0.011210504 -0.67263055 0.73989362 0.14572512 -0.65576291 0.74076927 0.24108645 -0.64712679 0.72325945 0.31285128 -0.69088 0.65177369 0.28267917 -0.60390556 0.74524522 0.29829901 -0.64847624 0.7003544 0.25324568 -0.58246517 0.77239943 0.22195174 -0.51788747 0.82615376 0.23762998 -0.55030107 0.80043787 0.2210795 -0.50357002 0.83518922 0.21229434 -0.38920614 0.89635348 0.19818538 -0.25323704 0.94688618 0.20091623 -0.10045816 0.97444385 0.17482778 -0.0092014549 0.98455608 0.17958932 0.037808247 0.98301482 0.18267764 0.13193375 0.97428042 0.19818538 0.25323704 0.94688618 0.19766115 0.37206787 0.90691537 0.22015168 0.48922572 0.84391439 0.23763007 0.55030096 0.80043787 0.23414013 0.49292639 0.83797491 0.25259864 0.56834668 0.7830556 0.29829893 0.6484763 0.7003544 0.26763004 0.58623695 0.76465708 0.29844955 0.66177982 0.68773198 0.22668864 0.62969106 0.74303538 0.13260707 0.65098053 0.74742204 0.011200654 0.66083896 0.75044417 -0.094379224 0.64885753 0.75503415 -0.17179522 0.62582582 0.76080775 -0.22590177 0.60240507 0.7655564 -0.28267908 0.60390568 0.74524522 -0.32396585 0.55722111 0.76455933 -0.36674234 0.53701544 0.75968051 -0.42174685 0.48764476 0.76441622 -0.48764476 0.42174685 0.76441622 -0.54582286 0.33789042 0.76675129 -0.60642993 0.24004529 0.75803757 -0.62505603 0.13222332 0.76929969 -0.64063835 0.04575986 0.766478 -0.69575137 -0.011221792 0.71819496 -0.66643059 -0.10710486 0.73783386 -0.62553769 -0.21268293 0.7506454 -0.58264935 -0.3107464 0.75097042 -0.52755016 -0.39566267 0.75175911 0.8108595 0.58244848 0.057102758 -0.48988435 -0.34807578 0.79928505 0.78082019 0.6246562 0.01115457 -0.48043838 -0.37655985 0.79207414 0.74495041 0.66711986 0 -0.45539111 -0.40334642 0.79368168 0.68892747 0.72337383 0.045928475 0.68892747 0.72337383 0.045928475 -0.41460657 -0.42756301 0.8033002 0.63533902 0.771483 0.034035999 -0.39000529 -0.46800631 0.79301071 0.59470075 0.80394715 0 -0.3615689 -0.47778738 0.8006168 0.56977969 0.82179743 0 -0.3345176 -0.50177634 0.79769576 0.50377703 0.86201823 0.055975188 -0.32304493 -0.54271531 0.77530771 0.46337312 0.88153881 0.090414196 -0.29359582 -0.53613132 0.79143208 0.41680843 0.90842873 0.032062173 -0.25187647 -0.55412805 0.79341066 0.3678644 0.92987955 0 -0.22484185 -0.57459623 0.78694683 0.3312445 0.94354498 0 -0.19699106 -0.56634963 0.80027652 0.27555326 0.95933348 0.061234023 -0.17026383 -0.57160032 0.80267268 0.22808084 0.9718225 0.059499308 -0.14445248 -0.58984798 0.79448903 0.16439219 0.98635268 0.0091328919 -0.09347295 -0.58420628 0.8062045 0.12295368 0.99241239 0 -0.081500061 -0.60542941 0.79171526 0.085159555 0.99636734 0 -0.057486422 -0.62085372 0.78181571 0.058719929 0.99823928 0.0083885612 -0.025382733 0.99838799 0.050765466 -0.01113381 -0.61235982 0.79050076 -0.085159555 0.99636734 0 0.069425717 -0.61325997 0.78682417 -0.14266951 0.98977035 0 0.10602925 -0.58905113 0.80110955 -0.22397763 0.97381562 0.038952608 0.17112666 -0.59894323 0.78229326 -0.3102017 0.95061815 0.010006502 0.21188839 -0.5982731 0.77276945 -0.3678644 0.92987955 0 0.23954864 -0.59256774 0.7690773 -0.42971018 0.90239149 0.03222825 -0.4683755 0.88099223 0.066910766 0.26819679 -0.60025001 0.75350535 -0.50770658 0.86089361 0.033111278 0.26624969 -0.55785662 0.78607064 -0.56977969 0.82179743 0 0.28073919 -0.5614785 0.7784133 -0.59996307 0.7999506 0.01111042 0.26698026 -0.57210064 0.77551425 -0.64760184 0.76121616 0.03408429 0.26359367 -0.51463538 0.81588525 -0.6835416 0.72911102 0.034177061 0.20804544 -0.51399469 0.83218175 -0.71819502 0.69575143 0.011221793 0.24608985 -0.46757054 0.84900969 -0.74495041 0.66711986 0 0.24490619 -0.45307627 0.85717136 -0.79050076 0.61235982 0.01113381 -0.80630392 0.58745009 0.069111735 0.21813785 -0.46051303 0.86043227 -0.82812178 0.55954188 0.033572491 0.19384639 -0.33067903 0.92362058 -0.86685532 0.49844196 0.010835688 0.18981671 -0.29030809 0.93791837 -0.89014822 0.45567101 0 0.18420677 -0.2383852 0.95354098 -0.92683196 0.37489828 0.020827673 0.19048952 -0.19048952 0.9630304 -0.95061815 0.3102017 0.010006502 0.18424024 -0.14329799 0.97237909 -0.96542907 0.26066589 0 0.17800854 -0.098893672 0.97904706 -0.97391093 0.22693074 0 0.1860868 -0.078352377 0.97940427 -0.98923457 0.14520882 0.018151086 0.21460611 -0.048774082 0.97548211 -0.99767405 0.067638882 0.0084548602 0.28911954 -0.019939268 0.95708537 0.25632256 -0.029575661 0.96613872 -0.99987203 -0.015997944 0 0.17482778 0.0092014549 0.98455608 -0.99395669 -0.1064953 0.026623825 0.16734962 0.027891582 0.98550296 -0.98550296 -0.16734962 0.027891582 0.17338987 0.067429334 0.98254216 -0.96842676 -0.24929802 0 0.17800862 0.098893598 0.97904706 -0.94108117 -0.3375617 0.020458275 0.17405947 0.15358175 0.97268486 -0.91245908 -0.40903333 0.010488031 0.17988655 0.20104983 0.96292257 -0.88352883 -0.46837676 0 0.20118316 0.27942121 0.93885523 -0.84025359 -0.54174256 0.022111928 0.19766115 0.37206787 0.90691537 -0.80513543 -0.59266919 0.022364862 0.22588664 0.39232931 0.89165747 -0.75532246 -0.65535331 0 0.21917032 0.4748688 0.85232866 -0.70706224 -0.70706224 0.011223204 0.23203547 0.46407074 0.85486722 -0.65433425 -0.75586885 0.022563238 0.23510611 0.50733405 0.82905811 -0.58227694 -0.81299055 0 0.25021517 0.52545166 0.8131991 -0.54460543 -0.83869237 0 0.26624981 0.55785656 0.7860707 -0.46863866 -0.88278466 0.032695711 0.25381619 0.59646773 0.76144832 -0.3964144 -0.91801244 0.010431954 0.26819691 0.60025001 0.75350547 -0.3312445 -0.94354498 0 0.22540547 0.58855844 0.77639639 -0.24699269 -0.96821123 0.039518807 0.18538298 0.63030249 0.75389117 -0.17482778 -0.98455608 0.0092014549 0.15805537 0.60790563 0.77811915 -0.11330079 -0.99356067 0 0.081811175 0.63111514 0.77136284 -0.034399755 -0.99759346 0.060199574 0.04575986 0.64063835 0.766478 0.016916979 -0.99810225 0.059209425 -0.01115457 0.6246562 0.78082019 0.08515963 -0.99636734 0 -0.045604944 0.6156671 0.78668559 0.13274337 -0.9911505 0 -0.081500061 0.60542941 0.79171526 0.20332851 -0.97791296 0.048411511 0.20332851 -0.97791296 0.048411511 -0.11846972 0.58050197 0.80559438 0.26108578 -0.96400893 0.050208773 -0.15687712 0.56717151 0.80852091 0.32224748 -0.94660199 0.010070229 -0.19699106 0.56634963 0.80027652 0.3678644 -0.92987955 0 -0.22421323 0.56053275 0.79720229 0.44678855 -0.89357698 0.0435891 -0.25108126 0.53982449 0.80345982 0.51598525 -0.85631597 0.021956809 -0.30616134 0.51026881 0.80367345 0.58227706 -0.81299043 0 -0.3466385 0.47502306 0.80882311 0.6597302 -0.75072747 0.034123961 -0.40334642 0.45539111 0.79368168 0.7236082 -0.69021088 0 -0.42965981 0.42965981 0.79421967 0.74495041 -0.66711986 0 -0.44037163 0.40151533 0.80303067 0.76548624 -0.64345229 0 -0.45301983 0.38830274 0.80249232 0.81085956 -0.58244836 0.057102758 -0.4926762 0.36302462 0.79087502 0.83761656 -0.54331887 0.056595687 -0.50177634 0.3345176 0.79769576 0.85631597 -0.51598525 0.021956809 -0.51026881 0.30616134 0.80367345 0.8766669 -0.4810977 0 -0.53613132 0.29359582 0.79143208 0.90064412 -0.43442839 0.010595809 0.90064412 -0.43442839 0.010595809 -0.55785656 0.26624981 0.7860707 0.92430383 -0.37617013 0.06448628 -0.55030096 0.23763007 0.80043787 0.93913418 -0.33766621 0.063312389 -0.57051581 0.21084292 0.79376125 0.95708537 -0.28911954 0.019939268 -0.58972323 0.18428864 0.7862978 0.96842676 -0.24929802 0 -0.57630903 0.14407717 0.80443126 0.97640753 -0.21593632 0 -0.58520246 0.1313719 0.80017465 0.98701477 -0.15040225 0.056400817 -0.60225493 0.10628022 0.79119754 0.99548852 -0.088096358 0.035238516 -0.60040432 0.069277376 0.79669023 0.99996853 0.0079362541 0 -0.60704046 0 0.794671 0.99357486 0.099357434 0.054194964 -0.62085372 -0.057486422 0.78181571 0.98669785 0.15824391 0.037233859 -0.58420628 -0.09347295 0.8062045 0.97830641 0.20694949 0.0094067883 -0.5985986 -0.1316916 0.79015005 0.96842676 0.24929802 0 -0.59443092 -0.15770607 0.78853071 0.9533906 0.30107072 0.020071371 0.9533906 0.30107072 0.020071371 -0.57596135 -0.18381757 0.79654235 0.93632346 0.3471761 0.052602418 -0.57051581 -0.21084292 0.79376125 0.90667075 0.42170727 0.010542678 -0.55412805 -0.25187647 0.79341066 0.88352883 0.46837664 0 0.88352883 0.46837664 0 -0.53267074 -0.2790181 0.79900616 -0.51345378 -0.3209087 0.7958535 0.83761668 0.54331875 0.056595687 0 0 1 0.766478 0.64063835 0.04575986 0.66346383 0.74494183 0.069838263 0 0 1 0.57238376 0.81929427 0.033669613 0 0 1 0.38200715 0.9231841 0.042445224 0.14778756 0.98832875 0.036946852 0 0 1 0.14778756 0.98832875 0.036946852 0 0 1 -0.11728852 0.99244189 0.036088776 0 0 1 -0.34395531 0.93805999 0.041691534 -0.55954188 0.82812178 0.033572491 0 0 1 -0.55954188 0.82812178 0.033572491 0 0 1 -0.72911102 0.6835416 0.034177061 -0.87136877 0.49014482 0.021784207 0 0 1 -0.87136877 0.49014482 0.021784207 0 0 1 -0.96701634 0.25396392 0.019535676 0 0 1 -0.99973571 -0.016255857 0.016255857 0 0 1 -0.96777725 -0.25162211 0.0096777678 0 0 1 -0.89437646 -0.44718814 0.010647333 0 0 1 -0.75586885 -0.65433425 0.022563238 0 0 1 -0.55954188 -0.82812178 0.033572491 0 0 1 -0.356554 -0.93333256 0.04194751 0 0 1 -0.13747597 -0.98982638 0.03666022 0 0 1 0.088844173 -0.99505448 0.044422053 0.23757721 -0.97010684 0.049495224 0 0 1 0.34395531 -0.93805999 0.041691534 0 0 1 0.55153757 -0.83293408 0.045023445 0 0 1 0.74534643 -0.66629457 0.022586245 0.84965277 -0.52544314 0.044718545 0 0 1 0.9231841 -0.38200715 0.042445224 0 0 1 0.96187747 -0.27052805 0.040078208 0 0 1 0.99880171 -0.025179863 0.041966438 0.98161274 0.18877174 0.02831574 0 0 1 0.93913418 0.33766621 0.063312389 0.84501845 0.5336957 0.033355974 0.91775447 0.39484781 0.042686231 0 0 1 -0.74002326 -0.67171347 -0.034154903 0 0 1 -0.55954176 -0.8281219 -0.033572491 0 0 1 -0.34074983 -0.9396435 -0.030977244 0 0 1 -0.098517135 -0.99412721 -0.044780485 0 0 1 0.15824398 -0.98669779 -0.037233859 0 0 1 0.38200715 -0.9231841 -0.042445224 0 0 1 0.59266919 -0.80513543 -0.022364862 0 0 1 0.75586885 -0.65433425 -0.022563238 0 0 1 0.89206058 -0.45140418 -0.021495426 0 0 1 0.97066039 -0.24026251 -0.0096104946 0 0 1 0.99973571 -0.016255857 -0.016255857 0 0 1 0.97337276 0.22902893 -0.0095428666 0 0 1 0.88541353 0.46430212 -0.021595439 0 0 1 0.71799827 0.69520468 -0.034190375 0 0 1 0.53369594 0.84501839 -0.033355974 0 0 1 0.31607977 0.94823933 -0.030588351 0 0 1 0.097682409 0.99458355 -0.035520826 0 0 1 -0.14778748 0.98832881 -0.036946852 0 0 1 -0.37844449 0.92508662 -0.031537026 0 0 1 -0.5723837 0.81929439 -0.033669613 0 0 1 -0.75602812 0.65293342 -0.045819864 0 0 1 -0.90239149 0.42971018 -0.03222825 0 0 1 -0.97462928 0.22194532 -0.028949371 0 0 1 -0.99838799 -0.025382733 -0.050765466 0 0 1 -0.96187747 -0.27052805 -0.040078208 0 0 1 0 0 1 -0.86844659 -0.49468476 -0.032978967 -0.80593407 -0.59026152 -0.045404714 -0.63484532 -0.45924979 0.62133801 -0.76548624 -0.64345229 0 -0.74495041 -0.66711986 0 -0.70124799 -0.71255845 -0.022620892 -0.65822321 -0.75060534 -0.057738848 -0.61235982 -0.79050076 -0.01113381 -0.56977957 -0.82179755 0 -0.53684324 -0.84361088 -0.01095598 -0.48610628 -0.87278169 -0.044191457 -0.43776673 -0.89742172 -0.054720812 -0.3678644 -0.92987955 0 -0.34336427 -0.93920231 0 -0.30107072 -0.9533906 -0.020071371 -0.23541863 -0.9711017 -0.039236415 -0.17482769 -0.98455602 -0.009201454 -0.13274337 -0.9911505 0 -0.033355888 -0.53369588 0.84501839 -0.08515963 -0.99636734 0 0.010956063 -0.53684324 0.84361076 -6.3964983e-08 -0.99710399 -0.076050274 0.050911829 -0.95714283 0.28510639 0.010956063 -0.53684324 0.84361076 0.050911829 -0.95714283 0.28510639 0.061203722 -0.99674577 -0.052460279 0.044875953 -0.53851068 0.84142286 0.050911829 -0.95714283 0.28510639 0.15731318 -0.79866636 0.58084816 0.14266959 -0.98977029 0 0.15731318 -0.79866636 0.58084816 0.21655184 -0.97448301 -0.059059549 0.15731318 -0.79866636 0.58084816 0.28510639 -0.95714283 -0.050911829 0.3678644 -0.92987955 0 0.4337334 -0.8999967 -0.043373317 0.49055722 -0.86962414 -0.05574511 0.56977957 -0.82179755 0 0.59996307 -0.7999506 -0.01111042 0.64063835 -0.766478 -0.04575986 0.6835416 -0.72911102 -0.034177061 0.73437679 -0.67874217 0 0.75532246 -0.65535331 0 0.78082019 -0.6246562 -0.01115457 0.45977074 -0.43349811 0.77504212 0.82318825 -0.56733239 -0.02224832 0.45977074 -0.43349811 0.77504212 0.86956137 -0.49382499 0 0.45977074 -0.43349811 0.77504212 0.89652669 -0.44298971 0 0.60025001 -0.26819679 0.75350535 0.92683196 -0.37489828 -0.020827673 0.60025001 -0.26819679 0.75350535 0.94823933 -0.31607977 -0.030588351 0.60025001 -0.26819679 0.75350535 0.96542907 -0.26066589 0 0.97125238 -0.23805209 0 0.97640753 -0.21593632 0 0.50377703 -0.055975188 0.86201823 0.99066937 -0.13509129 -0.018012162 0.50377703 -0.055975188 0.86201823 0.99823928 -0.058719929 -0.0083885612 0.50377703 -0.055975188 0.86201823 0.99987203 0.015997944 0 0.99340892 0.11428592 -0.008791225 0.98093492 0.19433622 0 0.97391093 0.22693074 0 0.96542907 0.26066589 0 0.94108117 0.3375617 -0.020458275 0.91245908 0.40903333 -0.010488031 0.88352883 0.46837664 0 0.58542711 0.53096861 0.61265606 0.85160756 0.52406603 -0.01091804 0.58542711 0.53096861 0.61265606 0.80513543 0.59266919 -0.022364862 0.58542711 0.53096861 0.61265606 0.75532246 0.65535331 0 0.70706224 0.70706224 -0.011223204 0.65628511 0.75004005 -0.082035594 0.6156671 0.78668559 -0.045604944 0.54460549 0.83869231 0 0.47262681 0.8777352 -0.078771077 0.41538113 0.90727997 -0.06558647 0.3312445 0.94354498 0 0.17205448 0.74966639 0.6390599 0.25155187 0.96595901 -0.060372408 0.17205448 0.74966639 0.6390599 0.19219227 0.98018026 -0.048048031 0.17205448 0.74966639 0.6390599 0.10378428 0.99459988 0 0.050765466 0.99838799 -0.025382733 -0.0083226431 0.99871773 -0.049935859 -0.085159555 0.99636734 0 -0.1327433 0.99115056 0 -0.16586514 0.98597622 -0.018429453 -0.21655184 0.97448301 -0.059059549 -0.27303389 0.9606747 -0.050561804 -0.34336427 0.93920231 0 -0.38385788 0.92333388 -0.010374533 -0.4337334 0.8999967 -0.043373317 -0.48610628 0.87278169 -0.044191457 -0.54460549 0.83869231 0 -0.59470075 0.80394715 0 -0.65293342 0.75602812 -0.045819864 -0.70124799 0.71255845 -0.022620892 -0.73437679 0.67874217 0 -0.76548624 0.64345229 0 -0.81085956 0.58244836 -0.057102758 -0.84965277 0.52544314 -0.044718545 -0.88352883 0.46837664 0 -0.90064412 0.43442827 -0.010595808 -0.92642355 0.37269911 -0.053242706 -0.94684488 0.31904557 -0.041167151 -0.96842676 0.24929802 0 -0.97640753 0.21593632 0 -0.98550302 0.16734956 -0.027891582 -0.99452621 0.089596905 0.053758144 -0.94946313 0.051601231 0.30960754 -0.99425459 0.017597416 0.1055845 -0.9935748 -0.099357501 -0.054194964 -0.98701477 -0.15040225 -0.056400817 -0.97640753 -0.21593632 0 -0.96542907 -0.26066589 0 -0.94949502 -0.31313133 -0.020202011 -0.93012387 -0.35690796 -0.086523108 -0.9155677 -0.39854118 -0.053856898 -0.88352883 -0.46837676 0 -0.86685538 -0.49844187 -0.010835688 -0.63484532 -0.45924979 0.62133801 -0.8329342 -0.55153745 -0.045023445 -0.63484532 -0.45924979 0.62133801 </float_array>
          <technique_common>
            <accessor count="4790" offset="0" source="#meshId0-normals-array" stride="3">
              <param name="X" type="float" />
              <param name="Y" type="float" />
              <param name="Z" type="float" />
            </accessor>
          </technique_common>
        </source>
        <vertices id="meshId0-vertices">
          <input semantic="POSITION" source="#meshId0-positions" />
        </vertices>
        <polylist count="6737" material="defaultMaterial">
          <input offset="0" semantic="VERTEX" source="#meshId0-vertices" />
          <input offset="0" semantic="NORMAL" source="#meshId0-normals" />
          <vcount>3 3 3 3 3 3 3 3 3 3 3 3 3 3 3 3 3 3 3 3 3 3 3 3 3 3 3 3 3 3 3 3 3 3 3 3 3 3 3 3 3 3 3 3 3 3 3 3 3 3 3 3 3 3 3 3 3 3 3 3 3 3 3 3 3 3 3 3 3 3 3 3 3 3 3 3 3 3 3 3 3 3 3 3 3 3 3 3 3 3 3 3 3 3 3 3 3 3 3 3 3 3 3 3 3 3 3 3 3 3 3 3 3 3 3 3 3 3 3 3 3 3 3 3 3 3 3 3 3 3 3 3 3 3 3 3 3 3 3 3 3 3 3 3 3 3 3 3 3 3 3 3 3 3 3 3 3 3 3 3 3 3 3 3 3 3 3 3 3 3 3 3 3 3 3 3 3 3 3 3 3 3 3 3 3 3 3 3 3 3 3 3 3 3 3 3 3 3 3 3 3 3 3 3 3 3 3 3 3 3 3 3 3 3 3 3 3 3 3 3 3 3 3 3 3 3 3 3 3 3 3 3 3 3 3 3 3 3 3 3 3 3 3 3 3 3 3 3 3 3 3 3 3 3 3 3 3 3 3 3 3 3 3 3 3 3 3 3 3 3 3 3 3 3 3 3 3 3 3 3 3 3 3 3 3 3 3 3 3 3 3 3 3 3 3 3 3 3 3 3 3 3 3 3 3 3 3 3 3 3 3 3 3 3 3 3 3 3 3 3 3 3 3 3 3 3 3 3 3 3 3 3 3 3 3 3 3 3 3 3 3 3 3 3 3 3 3 3 3 3 3 3 3 3 3 3 3 3 3 3 3 3 3 3 3 3 3 3 3 3 3 3 3 3 3 3 3 3 3 3 3 3 3 3 3 3 3 3 3 3 3 3 3 3 3 3 3 3 3 3 3 3 3 3 3 3 3 3 3 3 3 3 3 3 3 3 3 3 3 3 3 3 3 3 3 3 3 3 3 3 3 3 3 3 3 3 3 3 3 3 3 3 3 3 3 3 3 3 3 3 3 3 3 3 3 3 3 3 3 3 3 3 3 3 3 3 3 3 3 3 3 3 3 3 3 3 3 3 3 3 3 3 3 3 3 3 3 3 3 3 3 3 3 3 3 3 3 3 3 3 3 3 3 3 3 3 3 3 3 3 3 3 3 3 3 3 3 3 3 3 3 3 3 3 3 3 3 3 3 3 3 3 3 3 3 3 3 3 3 3 3 3 3 3 3 3 3 3 3 3 3 3 3 3 3 3 3 3 3 3 3 3 3 3 3 3 3 3 3 3 3 3 3 3 3 3 3 3 3 3 3 3 3 3 3 3 3 3 3 3 3 3 3 3 3 3 3 3 3 3 3 3 3 3 3 3 3 3 3 3 3 3 3 3 3 3 3 3 3 3 3 3 3 3 3 3 3 3 3 3 3 3 3 3 3 3 3 3 3 3 3 3 3 3 3 3 3 3 3 3 3 3 3 3 3 3 3 3 3 3 3 3 3 3 3 3 3 3 3 3 3 3 3 3 3 3 3 3 3 3 3 3 3 3 3 3 3 3 3 3 3 3 3 3 3 3 3 3 3 3 3 3 3 3 3 3 3 3 3 3 3 3 3 3 3 3 3 3 3 3 3 3 3 3 3 3 3 3 3 3 3 3 3 3 3 3 3 3 3 3 3 3 3 3 3 3 3 3 3 3 3 3 3 3 3 3 3 3 3 3 3 3 3 3 3 3 3 3 3 3 3 3 3 3 3 3 3 3 3 3 3 3 3 3 3 3 3 3 3 3 3 3 3 3 3 3 3 3 3 3 3 3 3 3 3 3 3 3 3 3 3 3 3 3 3 3 3 3 3 3 3 3 3 3 3 3 3 3 3 3 3 3 3 3 3 3 3 3 3 3 3 3 3 3 3 3 3 3 3 3 3 3 3 3 3 3 3 3 3 3 3 3 3 3 3 3 3 3 3 3 3 3 3 3 3 3 3 3 3 3 3 3 3 3 3 3 3 3 3 3 3 3 3 3 3 3 3 3 3 3 3 3 3 3 3 3 3 3 3 3 3 3 3 3 3 3 3 3 3 3 3 3 3 3 3 3 3 3 3 3 3 3 3 3 3 3 3 3 3 3 3 3 3 3 3 3 3 3 3 3 3 3 3 3 3 3 3 3 3 3 3 3 3 3 3 3 3 3 3 3 3 3 3 3 3 3 3 3 3 3 3 3 3 3 3 3 3 3 3 3 3 3 3 3 3 3 3 3 3 3 3 3 3 3 3 3 3 3 3 3 3 3 3 3 3 3 3 3 3 3 3 3 3 3 3 3 3 3 3 3 3 3 3 3 3 3 3 3 3 3 3 3 3 3 3 3 3 3 3 3 3 3 3 3 3 3 3 3 3 3 3 3 3 3 3 3 3 3 3 3 3 3 3 3 3 3 3 3 3 3 3 3 3 3 3 3 3 3 3 3 3 3 3 3 3 3 3 3 3 3 3 3 3 3 3 3 3 3 3 3 3 3 3 3 3 3 3 3 3 3 3 3 3 3 3 3 3 3 3 3 3 3 3 3 3 3 3 3 3 3 3 3 3 3 3 3 3 3 3 3 3 3 3 3 3 3 3 3 3 3 3 3 3 3 3 3 3 3 3 3 3 3 3 3 3 3 3 3 3 3 3 3 3 3 3 3 3 3 3 3 3 3 3 3 3 3 3 3 3 3 3 3 3 3 3 3 3 3 3 3 3 3 3 3 3 3 3 3 3 3 3 3 3 3 3 3 3 3 3 3 3 3 3 3 3 3 3 3 3 3 3 3 3 3 3 3 3 3 3 3 3 3 3 3 3 3 3 3 3 3 3 3 3 3 3 3 3 3 3 3 3 3 3 3 3 3 3 3 3 3 3 3 3 3 3 3 3 3 3 3 3 3 3 3 3 3 3 3 3 3 3 3 3 3 3 3 3 3 3 3 3 3 3 3 3 3 3 3 3 3 3 3 3 3 3 3 3 3 3 3 3 3 3 3 3 3 3 3 3 3 3 3 3 3 3 3 3 3 3 3 3 3 3 3 3 3 3 3 3 3 3 3 3 3 3 3 3 3 3 3 3 3 3 3 3 3 3 3 3 3 3 3 3 3 3 3 3 3 3 3 3 3 3 3 3 3 3 3 3 3 3 3 3 3 3 3 3 3 3 3 3 3 3 3 3 3 3 3 3 3 3 3 3 3 3 3 3 3 3 3 3 3 3 3 3 3 3 3 3 3 3 3 3 3 3 3 3 3 3 3 3 3 3 3 3 3 3 3 3 3 3 3 3 3 3 3 3 3 3 3 3 3 3 3 3 3 3 3 3 3 3 3 3 3 3 3 3 3 3 3 3 3 3 3 3 3 3 3 3 3 3 3 3 3 3 3 3 3 3 3 3 3 3 3 3 3 3 3 3 3 3 3 3 3 3 3 3 3 3 3 3 3 3 3 3 3 3 3 3 3 3 3 3 3 3 3 3 3 3 3 3 3 3 3 3 3 3 3 3 3 3 3 3 3 3 3 3 3 3 3 3 3 3 3 3 3 3 3 3 3 3 3 3 3 3 3 3 3 3 3 3 3 3 3 3 3 3 3 3 3 3 3 3 3 3 3 3 3 3 3 3 3 3 3 3 3 3 3 3 3 3 3 3 3 3 3 3 3 3 3 3 3 3 3 3 3 3 3 3 3 3 3 3 3 3 3 3 3 3 3 3 3 3 3 3 3 3 3 3 3 3 3 3 3 3 3 3 3 3 3 3 3 3 3 3 3 3 3 3 3 3 3 3 3 3 3 3 3 3 3 3 3 3 3 3 3 3 3 3 3 3 3 3 3 3 3 3 3 3 3 3 3 3 3 3 3 3 3 3 3 3 3 3 3 3 3 3 3 3 3 3 3 3 3 3 3 3 3 3 3 3 3 3 3 3 3 3 3 3 3 3 3 3 3 3 3 3 3 3 3 3 3 3 3 3 3 3 3 3 3 3 3 3 3 3 3 3 3 3 3 3 3 3 3 3 3 3 3 3 3 3 3 3 3 3 3 3 3 3 3 3 3 3 3 3 3 3 3 3 3 3 3 3 3 3 3 3 3 3 3 3 3 3 3 3 3 3 3 3 3 3 3 3 3 3 3 3 3 3 3 3 3 3 3 3 3 3 3 3 3 3 3 3 3 3 3 3 3 3 3 3 3 3 3 3 3 3 3 3 3 3 3 3 3 3 3 3 3 3 3 3 3 3 3 3 3 3 3 3 3 3 3 3 3 3 3 3 3 3 3 3 3 3 3 3 3 3 3 3 3 3 3 3 3 3 3 3 3 3 3 3 3 3 3 3 3 3 3 3 3 3 3 3 3 3 3 3 3 3 3 3 3 3 3 3 3 3 3 3 3 3 3 3 3 3 3 3 3 3 3 3 3 3 3 3 3 3 3 3 3 3 3 3 3 3 3 3 3 3 3 3 3 3 3 3 3 3 3 3 3 3 3 3 3 3 3 3 3 3 3 3 3 3 3 3 3 3 3 3 3 3 3 3 3 3 3 3 3 3 3 3 3 3 3 3 3 3 3 3 3 3 3 3 3 3 3 3 3 3 3 3 3 3 3 3 3 3 3 3 3 3 3 3 3 3 3 3 3 3 3 3 3 3 3 3 3 3 3 3 3 3 3 3 3 3 3 3 3 3 3 3 3 3 3 3 3 3 3 3 3 3 3 3 3 3 3 3 3 3 3 3 3 3 3 3 3 3 3 3 3 3 3 3 3 3 3 3 3 3 3 3 3 3 3 3 3 3 3 3 3 3 3 3 3 3 3 3 3 3 3 3 3 3 3 3 3 3 3 3 3 3 3 3 3 3 3 3 3 3 3 3 3 3 3 3 3 3 3 3 3 3 3 3 3 3 3 3 3 3 3 3 3 3 3 3 3 3 3 3 3 3 3 3 3 3 3 3 3 3 3 3 3 3 3 3 3 3 3 3 3 3 3 3 3 3 3 3 3 3 3 3 3 3 3 3 3 3 3 3 3 3 3 3 3 3 3 3 3 3 3 3 3 3 3 3 3 3 3 3 3 3 3 3 3 3 3 3 3 3 3 3 3 3 3 3 3 3 3 3 3 3 3 3 3 3 3 3 3 3 3 3 3 3 3 3 3 3 3 3 3 3 3 3 3 3 3 3 3 3 3 3 3 3 3 3 3 3 3 3 3 3 3 3 3 3 3 3 3 3 3 3 3 3 3 3 3 3 3 3 3 3 3 3 3 3 3 3 3 3 3 3 3 3 3 3 3 3 3 3 3 3 3 3 3 3 3 3 3 3 3 3 3 3 3 3 3 3 3 3 3 3 3 3 3 3 3 3 3 3 3 3 3 3 3 3 3 3 3 3 3 3 3 3 3 3 3 3 3 3 3 3 3 3 3 3 3 3 3 3 3 3 3 3 3 3 3 3 3 3 3 3 3 3 3 3 3 3 3 3 3 3 3 3 3 3 3 3 3 3 3 3 3 3 3 3 3 3 3 3 3 3 3 3 3 3 3 3 3 3 3 3 3 3 3 3 3 3 3 3 3 3 3 3 3 3 3 3 3 3 3 3 3 3 3 3 3 3 3 3 3 3 3 3 3 3 3 3 3 3 3 3 3 3 3 3 3 3 3 3 3 3 3 3 3 3 3 3 3 3 3 3 3 3 3 3 3 3 3 3 3 3 3 3 3 3 3 3 3 3 3 3 3 3 3 3 3 3 3 3 3 3 3 3 3 3 3 3 3 3 3 3 3 3 3 3 3 3 3 3 3 3 3 3 3 3 3 3 3 3 3 3 3 3 3 3 3 3 3 3 3 3 3 3 3 3 3 3 3 3 3 3 3 3 3 3 3 3 3 3 3 3 3 3 3 3 3 3 3 3 3 3 3 3 3 3 3 3 3 3 3 3 3 3 3 3 3 3 3 3 3 3 3 3 3 3 3 3 3 3 3 3 3 3 3 3 3 3 3 3 3 3 3 3 3 3 3 3 3 3 3 3 3 3 3 3 3 3 3 3 3 3 3 3 3 3 3 3 3 3 3 3 3 3 3 3 3 3 3 3 3 3 3 3 3 3 3 3 3 3 3 3 3 3 3 3 3 3 3 3 3 3 3 3 3 3 3 3 3 3 3 3 3 3 3 3 3 3 3 3 3 3 3 3 3 3 3 3 3 3 3 3 3 3 3 3 3 3 3 3 3 3 3 3 3 3 3 3 3 3 3 3 3 3 3 3 3 3 3 3 3 3 3 3 3 3 3 3 3 3 3 3 3 3 3 3 3 3 3 3 3 3 3 3 3 3 3 3 3 3 3 3 3 3 3 3 3 3 3 3 3 3 3 3 3 3 3 3 3 3 3 3 3 3 3 3 3 3 3 3 3 3 3 3 3 3 3 3 3 3 3 3 3 3 3 3 3 3 3 3 3 3 3 3 3 3 3 3 3 3 3 3 3 3 3 3 3 3 3 3 3 3 3 3 3 3 3 3 3 3 3 3 3 3 3 3 3 3 3 3 3 3 3 3 3 3 3 3 3 3 3 3 3 3 3 3 3 3 3 3 3 3 3 3 3 3 3 3 3 3 3 3 3 3 3 3 3 3 3 3 3 3 3 3 3 3 3 3 3 3 3 3 3 3 3 3 3 3 3 3 3 3 3 3 3 3 3 3 3 3 3 3 3 3 3 3 3 3 3 3 3 3 3 3 3 3 3 3 3 3 3 3 3 3 3 3 3 3 3 3 3 3 3 3 3 3 3 3 3 3 3 3 3 3 3 3 3 3 3 3 3 3 3 3 3 3 3 3 3 3 3 3 3 3 3 3 3 3 3 3 3 3 3 3 3 3 3 3 3 3 3 3 3 3 3 3 3 3 3 3 3 3 3 3 3 3 3 3 3 3 3 3 3 3 3 3 3 3 3 3 3 3 3 3 3 3 3 3 3 3 3 3 3 3 3 3 3 3 3 3 3 3 3 3 3 3 3 3 3 3 3 3 3 3 3 3 3 3 3 3 3 3 3 3 3 3 3 3 3 3 3 3 3 3 3 3 3 3 3 3 3 3 3 3 3 3 3 3 3 3 3 3 3 3 3 3 3 3 3 3 3 3 3 3 3 3 3 3 3 3 3 3 3 3 3 3 3 3 3 3 3 3 3 3 3 3 3 3 3 3 3 3 3 3 3 3 3 3 3 3 3 3 3 3 3 3 3 3 3 3 3 3 3 3 3 3 3 3 3 3 3 3 3 3 3 3 3 3 3 3 3 3 3 3 3 3 3 3 3 3 3 3 3 3 3 3 3 3 3 3 3 3 3 3 3 3 3 3 3 3 3 3 3 3 3 3 3 3 3 3 3 3 3 3 3 3 3 3 3 3 3 3 3 3 3 3 3 3 3 3 3 3 3 3 3 3 3 3 3 3 3 3 3 3 3 3 3 3 3 3 3 3 3 3 3 3 3 3 3 3 3 3 3 3 3 3 3 3 3 3 3 3 3 3 3 3 3 3 3 3 3 3 3 3 3 3 3 3 3 3 3 3 3 3 3 3 3 3 3 3 3 3 3 3 3 3 3 3 3 3 3 3 3 3 3 3 3 3 3 3 3 3 3 3 3 3 3 3 3 3 3 3 3 3 3 3 3 3 3 3 3 3 3 3 3 3 3 3 3 3 3 3 3 3 3 3 3 3 3 3 3 3 3 3 3 3 3 3 3 3 3 3 3 3 3 3 3 3 3 3 3 3 3 3 3 3 3 3 3 3 3 3 3 3 3 3 3 3 3 3 3 3 3 3 3 3 3 3 3 3 3 3 3 3 3 3 3 3 3 3 3 3 3 3 3 3 3 3 3 3 3 3 3 3 3 3 3 3 3 3 3 3 3 3 3 3 3 3 3 3 3 3 3 3 3 3 3 3 3 3 3 3 3 3 3 3 3 3 3 3 3 3 3 3 3 3 3 3 3 3 3 3 3 3 3 3 3 3 3 3 3 3 3 3 3 3 3 3 3 3 3 3 3 3 3 3 3 3 3 3 3 3 3 3 3 3 3 3 3 3 3 3 3 3 3 3 3 3 3 3 3 3 3 3 3 3 3 3 3 3 3 3 3 3 3 3 3 3 3 3 3 3 3 3 3 3 3 3 3 3 3 3 3 3 3 3 3 3 3 3 3 3 3 3 3 3 3 3 3 3 3 3 3 3 3 3 3 3 3 3 3 3 3 3 3 3 3 3 3 3 3 3 3 3 3 3 3 3 3 3 3 3 3 3 3 3 3 3 3 3 3 3 3 3 3 3 3 3 3 3 3 3 3 3 3 3 3 3 3 3 3 3 3 3 3 3 3 3 3 3 3 3 3 3 3 3 3 3 3 3 3 3 3 3 3 3 3 3 3 3 3 3 3 3 3 3 3 3 3 3 3 3 3 3 3 3 3 3 3 3 3 3 3 3 3 3 3 3 3 3 3 3 3 3 3 3 3 3 3 3 3 3 3 3 3 3 3 3 3 3 3 3 3 3 3 3 3 3 3 3 3 3 3 3 3 3 3 3 3 3 3 3 3 3 3 3 3 3 3 3 3 3 3 3 3 3 3 3 3 3 3 3 3 3 3 3 3 3 3 3 3 3 3 3 3 3 3 3 3 3 3 3 3 3 3 3 3 3 3 3 3 3 3 3 3 3 3 3 3 3 3 3 3 3 3 3 3 3 3 3 3 3 3 3 3 3 3 3 3 3 3 3 3 3 3 3 3 3 3 3 3 3 3 3 3 3 3 3 3 3 3 3 3 3 3 3 3 3 3 3 3 3 3 3 3 3 3 3 3 3 3 3 3 3 3 3 3 3 3 3 3 3 3 3 3 3 3 3 3 3 3 3 3 3 3 3 3 3 3 3 3 3 3 3 3 3 3 3 3 3 3 3 3 3 3 3 3 3 3 3 3 3 3 3 3 3 3 3 3 3 3 3 3 3 3 3 3 3 3 3 3 3 3 3 3 3 3 3 3 3 3 3 3 3 3 3 3 3 3 3 3 3 3 3 3 3 3 3 3 3 3 3 3 3 3 3 3 3 3 3 3 3 3 3 3 3 3 3 3 3 3 3 3 3 3 3 3 3 3 3 3 3 3 3 3 3 3 3 3 3 3 3 3 3 3 3 3 3 3 3 3 3 3 3 3 3 3 3 3 3 3 3 3 3 3 3 3 3 3 3 3 3 3 3 3 3 3 3 3 3 3 3 3 3 3 3 3 3 3 3 3 3 3 3 3 3 3 3 3 3 3 3 3 3 3 3 3 3 3 3 3 3 3 3 3 3 3 3 3 3 3 3 3 3 3 3 3 3 3 3 3 3 3 3 3 3 3 3 3 3 3 3 3 3 3 3 3 3 3 3 3 3 3 3 3 3 3 3 3 3 3 3 3 3 3 3 3 3 3 3 3 3 3 3 3 3 3 3 3 3 3 3 3 3 3 3 3 3 3 3 3 3 3 3 3 3 3 3 3 3 3 3 3 3 3 3 3 3 3 3 3 3 3 3 3 3 3 3 3 3 3 3 3 3 3 3 3 3 3 3 3 3 3 3 3 3 3 3 3 3 3 3 3 3 3 3 3 3 3 3 3 3 3 3 3 3 3 3 3 3 3 3 3 3 3 3 3 3 3 3 3 3 3 3 3 3 3 3 3 3 3 3 3 3 3 3 3 3 3 3 3 3 3 3 3 3 3 3 3 3 3 3 3 3 3 3 3 3 3 3 3 3 3 3 3 3 3 3 3 3 3 3 3 3 3 3 3 3 3 3 3 3 3 3 3 3 3 3 3 3 3 3 3 3 3 3 3 3 3 3 3 3 3 3 3 3 3 3 3 3 3 3 3 3 3 3 3 3 3 3 3 3 3 3 3 3 3 3 3 3 3 3 3 3 3 3 3 3 3 3 3 3 3 3 3 3 3 3 3 3 3 3 3 3 3 3 3 3 3 3 3 3 3 3 3 3 3 3 3 3 3 3 3 3 3 3 3 3 3 3 3 3 3 3 3 3 3 3 3 3 3 3 3 3 3 3 3 3 3 3 3 3 3 3 3 3 3 3 3 3 3 3 3 3 3 3 3 3 3 3 3 3 3 3 3 3 3 3 3 3 3 3 3 3 3 3 3 3 3 3 3 3 3 3 3 3 3 3 3 3 3 3 3 3 3 3 3 3 3 3 3 3 3 3 3 3 3 3 3 3 3 3 3 3 3 3 3 3 3 3 3 3 3 3 3 3 3 3 3 3 3 3 3 3 3 3 3 3 3 3 3 3 3 3 3 3 3 3 3 3 3 3 3 3 3 3 3 3 3 3 3 3 3 3 3 3 3 3 3 3 3 3 3 3 3 3 3 3 3 3 3 3 3 3 3 3 3 3 3 3 3 3 3 3 3 3 3 3 3 3 3 3 3 3 3 3 3 3 3 3 3 3 3 3 3 3 3 3 3 3 3 3 3 3 3 3 3 3 3 3 3 3 3 3 3 3 3 3 3 3 3 3 3 3 3 3 3 3 3 3 3 3 3 3 3 3 3 3 3 3 3 3 3 3 3 3 3 3 3 3 3 3 3 3 3 3 3 3 3 3 3 3 3 3 3 3 3 3 3 3 3 3 3 3 3 3 3 3 3 3 3 3 3 3 3 3 3 3 3 3 3 3 3 3 3 3 3 3 3 3 3 3 3 3 3 3 3 3 3 3 3 3 3 3 3 3 3 3 3 3 3 3 3 3 3 3 3 3 3 3 3 3 3 3 3 3 3 3 3 3 3 3 3 3 3 3 3 3 3 3 3 3 3 3 3 3 3 3 3 3 3 3 3 3 3 3 3 3 3 3 3 3 3 3 3 3 3 3 3 3 3 3 3 3 3 3 3 3 3 3 3 3 3 3 3 3 3 3 3 3 3 3 3 3 3 3 3 3 3 3 3 3 3 3 3 3 3 3 3 3 3 3 3 3 3 3 3 3 3 3 3 3 3 3 3 3 3 3 3 3 3 3 3 3 3 3 3 3 3 3 3 3 3 3 3 3 3 3 3 3 3 3 3 3 3 3 3 3 3 3 3 3 3 3 3 3 3 3 3 3 3 3 3 3 3 3 3 3 3 3 3 3 3 3 3 3 3 3 3 3 3 3 3 3 3 3 3 3 3 3 3 3 3 3 3 3 3 3 3 3 3 3 3 3 3 3 3 3 3 3 3 3 3 3 3 3 3 3 3 3 3 3 3 3 3 3 3 3 3 3 3 3 3 3 3 3 3 3 3 3 3 3 3 3 3 3 3 3 3 3 3 3 3 3 3 3 3 3 3 3 3 3 3 3 3 3 3 3 3 3 3 3 3 3 3 3 3 3 3 3 3 3 3 3 3 3 3 3 3 3 3 3 3 3 3 3 3 3 3 3 3 3 3 3 3 3 3 3 3 3 3 3 3 3 3 3 3 3 3 3 3 3 3 3 3 3 3 3 3 3 3 3 3 3 3 3 3 3 3 3 3 3 3 3 3 3 3 3 3 3 3 3 3 3 3 3 3 3 3 3 3 3 3 3 3 3 3 3 3 3 3 3 3 3 3 3 3 3 3 3 3 3 3 3 3 3 3 3 3 3 3 3 3 3 3 3 3 3 3 3 3 3 3 3 3 3 3 3 3 3 3 3 3 3 3 3 3 3 3 3 3 3 3 3 3 3 3 3 3 3 3 3 3 3 3 3 3 3 3 3 3 3 3 3 3 3 3 3 3 3 3 3 3 3 3 3 3 3 3 3 3 3 3 3 3 3 3 3 3 3 3 3 3 3 3 3 3 3 3 3 3 3 3 3 3 3 3 3 3 3 3 3 3 3 3 3 3 3 3 3 3 3 3 3 3 3 3 3 3 3 3 3 3 3 3 3 3 3 3 3 3 3 3 3 3 3 3 3 3 3 3 3 3 3 3 3 3 3 3 3 3 3 3 3 3 3 3 3 3 3 3 3 3 3 3 3 3 3 3 3 3 3 3 3 3 3 3 3 3 3 3 3 3 3 3 3 3 3 3 3 3 3 3 3 3 3 3 3 3 3 3 3 3 3 3 3 3 3 3 3 3 3 3 3 3 3 3 3 3 3 3 3 3 3 3 3 3 3 3 3 3 3 3 3 3 3 3 3 3 3 3 3 3 3 3 3 3 3 3 3 3 3 3 3 3 3 3 3 3 3 3 3 3 3 3 3 3 3 3 3 3 3 3 3 3 3 3 3 3 3 3 3 3 3 3 3 3 3 3 3 3 3 3 3 3 3 3 3 3 3 3 3 3 3 3 3 3 3 3 3 3 3 3 3 3 3 3 3 3 3 3 3 3 3 3 3 3 3 3 3 3 3 3 3 3 3 3 3 3 3 3 3 3 3 3 3 3 3 3 3 3 3 3 3 3 3 3 3 3 3 3 3 3 3 3 3 3 3 3 3 3 3 3 3 3 3 3 3 3 3 3 3 3 3 3 3 3 3 3 3 3 3 3 3 3 3 3 3 3 3 3 3 3 3 3 3 3 3 3 3 3 3 3 3 3 3 3 3 3 3 3 3 3 3 3 3 3 3 3 3 3 3 3 3 3 3 3 3 3 3 3 3 3 3 3 3 3 3 3 3 3 3 3 3 3 3 3 3 3 3 3 3 3 3 3 3 3 3 3 3 3 3 3 3 3 3 3 3 3 3 3 3 3 3 3 3 3 3 3 3 3 3 3 3 3 3 3 3 3 3 3 3 3 3 3 3 3 3 3 3 3 3 3 3 3 3 3 3 3 3 3 3 3 3 3 3 3 3 3 3 3 3 3 3 3 3 3 3 3 3 3 3 3 3 3 3 3 3 3 3 3 3 3 3 3 3 3 3 3 3 3 3 3 3 3 3 3 3 3 3 3 3 3 3 3 3 3 3 3 3 3 3 3 3 3 3 3 3 3 3 3 3 3 3 3 3 3 3 3 3 3 3 3 3 3 3 3 3 3 3 3 3 3 3 3 3 3 3 3 3 3 3 3 3 3 3 3 3 3 3 3 3 3 3 3 3 3 3 3 3 3 3 3 3 3 3 3 3 3 3 3 3 3 3 3 3 3 3 3 3 3 3 3 3 3 3 3 3 3 3 3 3 3 3 3 3 3 3 3 3 3 3 3 3 3 3 3 3 3 3 3 3 3 3 3 3 3 3 3 3 3 3 3 3 3 3 3 3 3 3 3 3 3 3 3 3 3 3 3 3 3 3 3 3 3 3 3 3 3 3 3 3 3 3 3 3 3 3 3 3 3 3 3 3 3 3 3 3 3 3 3 3 3 3 3 3 3 3 3 3 3 3 3 3 3 3 3 3 3 3 3 3 3 3 3 3 3 3 3 3 3 3 3 3 3 3 3 3 3 3 3 3 3 3 3 3 3 3 3 3 3 3 3 3 3 3 3 3 3 3 3 3 3 3 3 3 3 3 3 3 3 3 3 3 3 3 3 3 3 3 3 3 3 3 3 3 3 3 3 3 3 3 3 3 3 3 3 3 3 3 3 3 3 3 3 3 3 3 3 3 3 3 3 3 3 3 3 3 3 3 3 3 3 3 3 3 3 3 3 3 3 3 3 3 3 3 3 3 3 3 3 3 3 3 3 3 3 3 3 3 3 3 3 3 3 3 3 3 3 3 3 3 3 3 3 3 3 3 3 3 3 3 3 3 3 3 3 3 3 3 3 3 3 3 3 3 3 3 3 3 3 3 3 3 3 3 3 3 3 3 3 3 3 3 3 3 3 3 3 3 3 3 3 3 3 3 3 3 3 3 3 3 3 3 3 3 3 3 3 3 3 3 3 3 3 3 3 3 3 3 3 3 3 3 3 3 3 3 3 3 3 3 3 3 3 3 3 3 3 3 3 3 3 3 3 3 3 3 3 3 3 3 3 3 3 3 3 3 3 3 3 3 3 3 3 3 3 3 3 3 3 3 3 3 3 3 3 3 3 3 3 3 3 3 3 3 3 3 3 3 3 3 3 3 3 3 3 3 3 3 3 3 3 3 3 3 3 3 3 3 3 3 3 3 3 3 3 3 3 3 3 3 3 3 3 3 3 3 3 3 3 3 3 3 3 3 3 3 3 3 3 3 3 3 3 3 3 3 3 3 3 3 3 3 3 3 3 3 3 3 3 3 3 3 3 3 3 3 3 3 3 3 3 3 3 3 3 3 3 3 3 3 3 3 3 3 3 3 3 3 3 3 3 3 3 3 3 3 3 3 3 3 3 3 3 3 3 3 3 3 3 3 3 3 3 3 3 3 3 3 3 3 3 3 3 3 3 3 3 3 3 3 3 3 3 3 3 3 3 3 3 3 3 3 3 3 3 3 3 3 3 3 3 3 3 3 3 3 3 3 3 3 3 3 3 3 3 3 3 3 3 3 3 3 3 3 3 3 3 3 3 3 3 3 3 3 3 3 3 3 3 3 3 3 3 3 3 3 3 3 3 3 3 3 3 3 3 3 3 3 3 3 3 3 3 3 3 3 3 3 3 3 3 3 3 3 3 3 3 3 3 3 3 3 3 3 3 3 3 3 3 3 3 3 3 3 3 3 3 3 3 3 3 3 3 3 3 3 3 3 3 3 3 3 3 3 3 3 3 3 3 3 3 3 3 3 3 3 3 3 3 3 3 3 3 3 3 3 3 3 3 3 3 3 3 3 3 3 3 3 3 3 3 3 3 3 3 3 3 3 3 3 3 3 3 3 3 3 3 3 3 3 3 3 3 3 3 3 3 3 3 3 3 3 3 3 3 3 3 3 3 3 3 3 3 3 3 3 3 3 3 3 3 3 3 3 3 3 3 3 3 3 3 3 3 3 3 3 3 3 3 3 3 3 3 3 3 3 3 3 3 3 3 3 3 3 3 3 3 3 3 3 3 3 3 3 3 3 3 3 3 3 3 3 3 3 3 3 3 3 3 3 3 3 3 3 3 3 3 3 3 3 3 3 3 3 3 3 3 3 3 3 3 3 3 3 3 3 3 3 3 3 3 3 3 3 3 3 3 3 3 3 3 3 3 3 3 3 3 3 3 3 3 3 3 3 3 3 3 3 3 3 3 3 3 3 3 3 3 3 3 3 3 3 3 3 3 3 3 3 3 3 3 3 3 3 3 3 3 3 3 3 3 3 3 3 3 3 </vcount>
          <p>1 2 4 4 2 6 6 2 8 8 2 10 10 2 12 12 2 14 14 2 16 16 2 18 18 2 20 20 2 22 22 2 24 24 2 26 26 2 28 28 2 30 30 2 32 32 2 34 34 2 36 36 2 38 38 2 40 40 2 42 42 2 44 44 2 46 46 2 48 48 2 50 50 2 51 2 1 51 52 0 54 54 0 56 0 3 56 56 3 58 3 5 58 58 5 60 5 7 60 60 7 62 7 9 62 62 9 64 9 11 64 64 11 66 11 13 66 66 13 68 13 15 68 68 15 70 15 17 70 70 17 72 17 19 72 72 19 74 19 21 74 74 21 76 21 23 76 76 23 78 23 25 78 78 25 80 25 27 80 80 27 82 27 29 82 82 29 84 29 31 84 84 31 86 31 33 86 86 33 88 33 35 88 88 35 90 35 37 90 90 37 92 37 39 92 92 39 94 39 41 94 94 41 96 41 43 96 96 43 98 43 45 98 98 45 100 45 47 100 100 47 102 47 49 102 102 49 103 49 52 103 52 54 103 106 104 108 108 104 110 104 53 110 110 53 112 53 55 112 112 55 114 55 57 114 114 57 116 57 59 116 116 59 118 59 61 118 118 61 120 61 63 120 120 63 122 63 65 122 122 65 124 65 67 124 124 67 126 67 69 126 126 69 128 69 71 128 128 71 130 71 73 130 130 73 132 132 73 134 73 75 134 134 75 136 75 77 136 136 77 138 77 79 138 138 79 140 79 81 140 140 81 142 81 83 142 142 83 144 83 85 144 144 85 146 85 87 146 146 87 148 87 89 148 148 89 150 89 91 150 150 91 152 91 93 152 152 93 154 93 95 154 154 95 156 95 97 156 156 97 158 161 158 164 158 97 164 164 97 165 97 99 165 99 101 165 101 104 165 104 106 165 106 170 165 167 168 173 173 168 174 169 105 176 176 105 178 105 107 178 178 107 180 107 109 180 180 109 182 109 111 182 182 111 184 111 113 184 184 113 186 113 115 186 186 115 188 115 117 188 188 117 190 117 119 190 190 119 192 119 121 192 192 121 194 121 123 194 194 123 196 123 125 196 196 125 198 125 127 198 198 127 200 127 129 200 200 129 202 129 131 202 202 131 204 131 133 204 204 133 206 133 135 206 206 135 208 135 137 208 208 137 210 137 139 210 210 139 212 139 141 212 212 141 214 141 143 214 214 143 216 143 145 216 216 145 218 145 147 218 218 147 220 147 149 220 220 149 222 149 151 222 222 151 224 151 153 224 224 153 226 153 155 226 226 155 228 155 157 228 228 157 230 157 159 230 230 159 231 160 162 233 233 162 234 236 163 238 163 166 238 166 171 238 237 172 240 172 175 240 175 177 240 240 177 241 177 179 241 241 179 242 179 181 242 242 181 243 181 183 243 243 183 244 183 185 244 244 185 245 185 187 245 245 187 246 187 189 246 246 189 247 189 191 247 247 191 248 191 193 248 248 193 249 193 195 249 249 195 250 195 197 250 250 197 251 197 199 251 251 199 252 199 201 252 252 201 253 201 203 253 253 203 254 203 205 254 254 205 255 205 207 255 255 207 256 207 209 256 256 209 257 209 211 257 257 211 258 211 213 258 258 213 259 213 215 259 259 215 260 215 217 260 260 217 261 217 219 261 261 219 262 219 221 262 262 221 263 221 223 263 223 225 263 263 225 264 225 227 264 264 227 265 227 229 265 265 229 266 229 232 266 232 235 266 235 239 266 268 269 271 271 269 273 273 269 275 275 269 277 277 269 279 279 269 281 281 269 283 283 269 285 285 269 287 287 269 289 289 269 291 291 269 293 293 269 295 295 269 298 298 269 300 300 269 302 302 269 304 304 269 306 306 269 308 308 269 310 310 269 312 312 269 314 314 269 316 316 269 318 318 269 320 320 269 321 269 268 321 322 267 324 324 267 326 267 270 326 326 270 328 270 272 328 328 272 330 272 274 330 330 274 332 274 276 332 332 276 334 276 278 334 334 278 336 278 280 336 336 280 338 280 282 338 338 282 340 282 284 340 340 284 342 284 286 342 342 286 344 286 288 344 344 288 346 288 290 346 346 290 348 290 292 348 348 292 350 292 294 350 350 294 352 294 296 352 352 296 353 297 299 355 355 299 357 299 301 357 357 301 359 301 303 359 359 303 361 303 305 361 361 305 363 305 307 363 363 307 365 307 309 365 365 309 367 309 311 367 367 311 369 311 313 369 369 313 371 313 315 371 371 315 373 315 317 373 373 317 375 317 319 375 375 319 376 319 322 376 322 324 376 379 377 381 377 323 381 381 323 383 383 323 385 323 325 385 385 325 387 325 327 387 387 327 389 327 329 389 389 329 391 329 331 391 391 331 393 331 333 393 393 333 395 333 335 395 395 335 397 335 337 397 397 337 399 337 339 399 399 339 401 339 341 401 401 341 403 341 343 403 403 343 405 343 345 405 405 345 407 345 347 407 407 347 409 347 349 409 409 349 411 349 351 411 411 351 413 351 354 413 413 354 415 354 356 415 415 356 417 356 358 417 417 358 419 358 360 419 419 360 421 360 362 421 421 362 423 362 364 423 423 364 425 364 366 425 425 366 427 366 368 427 427 368 429 429 368 431 431 368 434 434 368 437 368 370 437 370 372 437 437 372 438 372 374 438 374 377 438 377 379 438 379 443 438 440 441 446 446 441 447 442 378 449 449 378 451 378 380 451 451 380 453 380 382 453 453 382 455 382 384 455 455 384 457 384 386 457 457 386 459 386 388 459 459 388 461 388 390 461 461 390 463 390 392 463 463 392 465 392 394 465 465 394 467 394 396 467 467 396 469 396 398 469 469 398 471 398 400 471 471 400 473 400 402 473 473 402 475 402 404 475 475 404 477 404 406 477 477 406 479 406 408 479 479 408 481 408 410 481 481 410 483 410 412 483 483 412 485 412 414 485 485 414 487 414 416 487 487 416 489 416 418 489 489 418 491 418 420 491 491 420 493 420 422 493 493 422 495 422 424 495 495 424 497 424 426 497 497 426 499 426 428 499 499 428 501 428 430 501 501 430 503 430 432 503 503 432 504 433 435 506 506 435 507 509 436 511 436 439 511 439 444 511 510 445 513 445 448 513 448 450 513 513 450 514 450 452 514 514 452 515 452 454 515 515 454 516 454 456 516 516 456 517 456 458 517 517 458 518 458 460 518 518 460 519 460 462 519 519 462 520 462 464 520 520 464 521 464 466 521 521 466 522 466 468 522 522 468 523 468 470 523 523 470 524 470 472 524 524 472 525 472 474 525 525 474 526 474 476 526 526 476 527 476 478 527 527 478 528 478 480 528 528 480 529 480 482 529 529 482 530 482 484 530 530 484 531 484 486 531 531 486 532 486 488 532 532 488 533 488 490 533 533 490 534 490 492 534 534 492 535 492 494 535 535 494 536 494 496 536 496 498 536 536 498 537 498 500 537 537 500 538 500 502 538 538 502 539 502 505 539 505 508 539 508 512 539 540 541 542 544 545 547 547 545 549 549 545 551 545 552 551 552 553 551 551 553 555 555 553 557 558 559 560 559 563 560 560 563 564 564 561 565 566 562 567 569 563 570 570 563 571 563 559 571 571 559 572 572 559 573 559 558 573 574 573 575 573 558 575 576 575 577 575 558 577 577 558 578 558 560 578 560 564 578 578 564 579 564 565 579 579 565 580 580 565 581 565 568 581 581 568 582 568 570 582 582 570 583 570 571 583 584 583 585 583 571 585 571 572 585 585 572 586 586 572 587 587 572 588 572 573 588 588 573 589 573 574 589 589 574 590 574 575 590 575 576 590 590 576 591 591 576 592 594 595 597 595 592 597 597 592 599 592 576 599 599 576 601 576 577 601 601 577 603 603 577 605 577 578 605 578 579 605 605 579 607 607 579 609 579 580 609 609 580 611 611 580 613 580 581 613 613 581 615 581 582 615 582 616 615 615 616 618 618 616 620 620 616 621 621 616 622 616 582 622 622 582 623 582 583 623 583 584 623 623 584 624 624 584 625 584 585 625 585 586 625 625 586 626 586 587 626 626 587 627 627 587 628 628 587 629 587 588 629 588 589 629 629 589 631 631 589 632 589 590 632 590 591 632 632 591 633 591 592 633 592 595 633 595 594 633 633 594 634 594 557 634 634 557 635 557 553 635 635 553 636 553 552 636 552 545 636 636 545 637 638 637 640 637 545 640 545 544 640 641 642 643 643 642 644 642 645 644 644 645 646 645 647 646 646 647 648 647 649 648 648 649 650 650 649 651 649 652 651 651 652 653 653 652 654 652 655 654 654 655 656 656 655 657 658 657 659 659 657 660 657 655 660 660 655 661 655 652 661 652 649 661 661 649 662 662 649 663 649 647 663 647 645 663 645 642 663 663 642 664 642 641 664 664 641 665 641 666 665 665 666 667 666 668 667 667 668 669 670 671 672 672 671 673 674 673 675 675 673 676 673 671 676 676 671 677 677 671 678 671 670 678 670 679 678 678 679 680 679 681 680 680 681 682 682 681 683 681 684 683 684 685 683 685 686 683 687 683 688 683 686 688 688 686 689 686 690 689 669 691 692 692 691 693 693 691 694 691 695 694 695 689 694 689 690 694 694 690 696 697 698 699 699 698 700 698 696 700 700 696 701 696 690 701 690 686 701 701 686 702 686 685 702 702 685 703 685 684 703 703 684 704 704 684 705 684 681 705 681 679 705 705 679 706 679 670 707 707 670 708 670 672 708 708 672 709 709 672 710 672 673 710 673 674 710 674 711 710 711 712 710 710 712 713 714 715 716 716 715 717 715 718 717 717 718 719 718 713 719 713 712 719 719 712 720 720 712 721 712 711 721 721 711 722 711 674 722 722 674 723 674 675 723 723 675 724 724 675 725 725 675 726 675 676 726 676 677 726 726 677 727 727 677 728 677 678 728 678 680 728 728 680 729 729 680 730 680 682 730 730 682 731 731 682 732 682 683 732 732 683 733 683 687 733 733 687 734 687 688 734 688 689 734 734 689 735 689 695 735 735 695 736 736 695 737 695 691 737 737 691 738 691 669 738 669 668 738 738 668 739 668 666 739 739 666 740 740 666 741 741 666 742 666 641 742 641 643 742 742 643 743 643 644 743 743 644 744 744 644 745 644 646 745 745 646 746 646 648 746 746 648 747 648 650 747 747 650 748 650 651 748 748 651 749 651 653 749 749 653 750 653 654 750 750 654 751 654 656 751 751 656 752 752 656 753 656 657 753 753 657 754 657 658 754 754 658 755 756 757 758 757 755 758 755 658 758 758 658 759 658 659 759 760 761 762 762 761 763 761 759 764 759 659 764 764 659 765 659 660 765 765 660 766 660 661 766 661 662 766 766 662 767 662 663 767 767 663 768 663 664 768 768 664 769 664 665 769 769 665 770 665 667 770 770 667 771 667 669 771 669 692 771 771 692 772 772 692 773 692 693 773 773 693 774 693 694 774 694 696 774 696 698 774 774 698 775 698 697 775 775 697 776 776 697 777 697 699 777 777 699 778 699 700 778 778 700 779 700 701 779 701 702 779 779 702 780 702 703 780 780 703 781 703 704 781 781 704 782 704 705 782 705 707 782 707 708 782 782 708 783 708 709 783 783 709 784 709 710 784 710 713 784 713 718 784 718 715 784 784 715 785 715 714 785 785 714 786 787 786 788 786 714 788 789 788 790 788 714 790 714 716 790 790 716 791 716 717 791 791 717 792 717 719 792 719 720 792 792 720 794 720 721 794 794 721 796 721 722 796 722 723 796 723 724 796 796 724 798 724 725 798 725 726 798 798 726 800 726 727 800 727 728 800 728 729 800 729 730 800 800 730 802 730 731 802 731 732 802 732 733 802 733 734 802 802 734 804 734 735 804 735 736 804 804 736 806 736 737 806 737 738 806 738 739 806 806 739 808 739 740 808 740 741 808 741 742 808 742 743 808 743 744 808 808 744 810 744 745 810 745 746 810 746 747 810 810 747 812 747 748 812 748 749 812 812 749 814 749 750 814 750 751 814 814 751 816 751 752 816 752 753 816 753 754 816 754 755 816 816 755 818 755 757 818 757 756 818 819 820 821 821 820 822 822 820 818 818 820 824 824 820 826 820 819 826 826 819 828 828 819 830 830 819 832 640 834 835 834 832 835 832 819 835 835 819 836 836 819 837 819 821 837 821 822 837 837 822 838 822 818 838 838 818 839 840 839 841 841 839 842 839 818 842 818 756 842 843 842 844 844 842 845 842 756 845 756 758 845 758 759 845 759 761 845 845 761 846 761 760 846 846 760 847 848 847 849 847 760 849 849 760 850 760 762 850 850 762 851 762 763 851 763 765 851 765 766 851 766 767 851 851 767 852 767 768 852 852 768 853 768 769 853 853 769 854 769 770 854 770 771 854 771 772 854 854 772 855 855 772 856 772 773 856 856 773 857 773 774 857 774 775 857 857 775 858 775 776 858 776 777 858 858 777 859 859 777 860 860 777 861 777 778 861 861 778 862 778 779 862 779 780 862 780 781 862 862 781 863 781 782 863 863 782 864 782 783 864 864 783 865 783 784 865 784 785 865 865 785 866 785 786 866 866 786 867 786 787 867 867 787 868 869 868 870 868 787 870 870 787 871 787 788 871 871 788 872 872 788 873 788 789 873 873 789 874 789 790 874 790 791 874 791 792 874 792 794 874 876 875 877 875 793 877 877 793 878 793 795 878 878 795 879 795 797 879 879 797 880 797 799 880 880 799 881 799 801 881 881 801 882 801 803 882 803 805 882 882 805 883 805 807 883 883 807 884 807 809 884 884 809 885 809 811 885 885 811 886 811 813 886 886 813 887 813 815 887 887 815 888 815 817 888 888 817 889 817 823 889 823 825 889 889 825 890 825 827 890 827 829 890 829 831 890 831 833 890 890 833 891 833 639 891 639 543 891 891 543 892 543 546 892 546 548 892 548 550 892 892 550 893 550 554 893 554 556 893 556 593 893 893 593 894 593 596 894 596 598 894 598 600 894 894 600 895 600 602 895 602 604 895 604 606 895 895 606 896 606 608 896 608 610 896 610 612 896 896 612 897 612 614 897 614 617 897 617 619 897 897 619 898 619 900 898 901 903 904 903 906 904 906 908 904 908 910 904 911 913 914 912 916 915 916 917 915 915 917 919 919 917 921 921 917 923 917 924 923 923 924 926 926 924 928 928 924 929 924 904 929 904 910 929 930 909 931 909 907 931 931 907 932 907 905 932 905 902 932 932 902 933 933 902 934 903 901 935 935 901 937 937 901 938 901 898 938 898 900 938 939 899 940 940 899 941 899 620 941 620 621 941 941 621 942 621 622 942 942 622 943 622 623 943 623 624 943 943 624 944 624 625 944 945 944 946 944 625 946 625 626 946 626 627 946 946 627 947 947 627 948 948 627 949 627 628 949 949 628 950 950 628 951 628 629 951 629 630 951 951 630 952 631 632 952 952 632 953 953 632 954 632 633 954 633 634 954 634 635 954 954 635 955 635 636 955 636 637 955 955 637 956 637 638 956 956 638 957 957 638 958 638 640 958 640 835 958 835 836 958 958 836 959 959 836 960 836 837 960 837 838 960 838 839 960 839 840 960 960 840 961 961 840 962 840 841 962 841 842 962 962 842 963 842 843 963 843 964 963 963 964 965 965 964 966 964 843 966 843 844 966 966 844 967 844 845 967 967 845 968 845 846 968 968 846 969 969 846 970 846 847 970 847 848 970 970 848 971 972 971 973 971 848 973 542 973 974 973 848 974 848 849 974 849 850 974 974 850 975 850 851 975 851 852 975 975 852 976 852 853 976 976 853 977 853 854 977 854 855 977 977 855 978 978 855 979 855 856 979 980 979 981 979 856 981 856 857 981 857 858 981 858 859 981 981 859 982 859 860 982 860 861 982 982 861 983 861 862 983 984 983 985 983 862 985 862 863 985 985 863 986 863 864 986 986 864 987 864 865 987 865 866 987 987 866 988 866 867 988 867 868 988 988 868 989 868 869 989 990 991 992 991 989 992 989 869 992 992 869 993 993 869 994 869 870 994 994 870 995 870 871 995 871 872 995 995 872 997 872 873 997 873 874 997 875 876 996 876 916 996 916 912 996 913 911 997 998 997 999 997 911 999 999 911 1000 1000 911 1001 911 914 1001 914 918 1001 1001 918 1002 918 920 1002 920 922 1002 922 925 1002 925 927 1002 1002 927 1003 927 930 1003 930 931 1003 1004 1003 1005 1003 931 1005 1005 931 1006 931 932 1006 932 933 1006 1006 933 1007 933 934 1007 934 936 1007 1007 936 1008 936 939 1008 1008 939 1009 939 940 1009 1009 940 1010 940 941 1010 941 942 1010 1010 942 1011 942 943 1011 943 944 1011 1012 1011 1013 1011 944 1013 944 945 1013 1013 945 1014 1014 945 1015 1016 1015 1017 1015 945 1017 945 946 1017 1017 946 1018 946 947 1018 1018 947 1019 947 948 1019 1020 1019 1021 1019 948 1021 948 949 1021 949 950 1021 1021 950 1022 1022 950 1024 950 951 1024 951 952 1024 1024 952 1025 952 953 1025 1025 953 1026 953 954 1026 1026 954 1027 1027 954 1028 954 955 1028 955 956 1028 1028 956 1029 956 957 1029 1029 957 1030 957 958 1030 1031 1030 1032 1030 958 1032 958 959 1032 1033 1032 1034 1032 959 1034 1034 959 1035 959 960 1035 960 961 1035 1035 961 1036 1036 961 1037 961 962 1037 962 963 1037 1037 963 1038 963 965 1038 965 966 1038 966 967 1038 967 968 1038 1038 968 1039 968 969 1039 969 970 1039 1039 970 1040 1040 970 1041 1041 970 1042 970 971 1042 1042 971 1043 971 972 1043 1043 972 1044 972 973 1044 973 542 1044 542 541 1044 1044 541 1045 1045 541 1046 541 540 1046 1046 540 1047 540 542 1047 1047 542 1048 542 974 1048 1048 974 1049 974 975 1049 1049 975 1050 975 976 1050 976 977 1050 977 978 1050 1050 978 1051 978 979 1051 979 980 1051 1051 980 1052 980 981 1052 981 982 1052 1052 982 1053 1053 982 1054 982 983 1054 983 984 1054 1054 984 1055 1055 984 1056 984 985 1056 985 986 1056 1056 986 1057 986 987 1057 987 988 1057 1057 988 1058 988 989 1058 989 991 1058 1058 991 1059 1059 991 1060 991 990 1060 1061 1060 1062 1060 990 1062 1062 990 1063 990 992 1063 992 993 1063 1063 993 1064 1064 993 1065 993 994 1065 994 1066 1065 1065 1066 1067 1067 1066 1068 1066 994 1068 1068 994 1069 1069 994 1070 994 995 1070 995 997 1070 1071 1070 1072 1073 1072 1074 1072 1070 1074 1070 997 1074 997 998 1074 1074 998 1075 998 999 1075 999 1000 1075 1075 1000 1076 1000 1001 1076 1076 1001 1077 1001 1002 1077 1002 1003 1077 1003 1004 1077 1077 1004 1078 1078 1004 1079 1004 1005 1079 1079 1005 1080 1005 1006 1080 1006 1007 1080 1080 1007 1081 1007 1008 1081 1081 1008 1082 1008 1009 1082 1082 1009 1083 1009 1010 1083 1010 1011 1083 1011 1012 1083 1083 1012 1084 1084 1012 1085 1012 1013 1085 1013 1014 1085 1085 1014 1086 1086 1014 1087 1014 1015 1087 1087 1015 1088 1015 1016 1088 1088 1016 1089 1089 1016 1090 1090 1016 1091 1016 1017 1091 1017 1018 1091 1018 1019 1091 1019 1020 1091 1091 1020 1092 1092 1020 1093 1093 1020 1094 1094 1020 1095 1020 1021 1095 1021 1022 1095 1095 1022 1096 1096 1022 1098 1022 1023 1098 1023 1025 1098 1098 1025 1099 1025 1026 1099 1099 1026 1100 1026 1027 1100 1100 1027 1101 1102 1101 1103 1101 1027 1103 1103 1027 1104 1027 1028 1104 1028 1029 1104 1104 1029 1105 1029 1030 1105 1030 1031 1105 1105 1031 1106 1106 1031 1107 1031 1032 1107 1032 1033 1107 1107 1033 1108 1108 1033 1109 1033 1034 1109 1109 1034 1110 1034 1035 1110 1035 1036 1110 1110 1036 1111 1111 1036 1112 1036 1037 1112 1113 1112 1114 1112 1037 1114 1037 1038 1114 1038 1039 1114 1114 1039 1115 1039 1040 1115 1115 1040 1116 1040 1041 1116 1041 1042 1116 1116 1042 1117 1042 1043 1117 1043 1044 1117 1044 1045 1117 1117 1045 1118 1045 1046 1118 1118 1046 1119 1119 1046 1120 1046 1047 1120 1120 1047 1121 1047 1048 1121 1048 1049 1121 1121 1049 1122 1049 1050 1122 1122 1050 1123 1123 1050 1124 1050 1051 1124 1051 1052 1124 1124 1052 1125 1052 1053 1125 1053 1054 1125 1054 1055 1125 1125 1055 1126 1126 1055 1127 1055 1056 1127 1127 1056 1128 1128 1056 1129 1056 1057 1129 1057 1058 1129 1058 1059 1129 1129 1059 1130 1059 1060 1130 1130 1060 1131 1131 1060 1132 1060 1061 1132 1132 1061 1133 1061 1062 1133 1133 1062 1134 1134 1062 1135 1062 1063 1135 1063 1064 1135 1135 1064 1136 1064 1065 1136 1136 1065 1137 1065 1067 1137 1137 1067 1138 1138 1067 1139 1067 1068 1139 1068 1069 1139 1069 1070 1139 1070 1071 1139 1139 1071 1140 1140 1071 1141 1071 1072 1141 1072 1073 1141 1141 1073 1142 1142 1073 1143 1073 1074 1143 1074 1075 1143 1143 1075 1144 1075 1076 1144 1144 1076 1145 1076 1077 1145 1077 1078 1145 1145 1078 1146 1146 1078 1147 1078 1079 1147 1147 1079 1148 1079 1080 1148 1080 1081 1148 1148 1081 1149 1081 1082 1149 1149 1082 1150 1082 1083 1150 1083 1084 1150 1150 1084 1151 1084 1085 1151 1085 1086 1151 1151 1086 1152 1152 1086 1153 1086 1087 1153 1153 1087 1154 1087 1088 1154 1088 1089 1154 1154 1089 1155 1155 1089 1156 1089 1090 1156 1156 1090 1157 1157 1090 1158 1090 1091 1158 1158 1091 1159 1091 1092 1159 1092 1093 1159 1159 1093 1160 1160 1093 1161 1163 1093 1164 1164 1093 1165 1093 1094 1165 1165 1094 1166 1094 1095 1166 1095 1096 1166 1166 1096 1167 1167 1096 1169 1096 1097 1169 1097 1099 1169 1169 1099 1170 1099 1100 1170 1100 1101 1170 1170 1101 1171 1101 1102 1171 1172 1171 1173 1173 1171 1174 1171 1102 1174 1102 1103 1174 1174 1103 1175 1175 1103 1176 1103 1104 1176 1104 1105 1176 1105 1106 1176 1176 1106 1177 1177 1106 1178 1178 1106 1179 1179 1106 1180 1106 1107 1180 1107 1108 1180 1180 1108 1181 1181 1108 1182 1182 1108 1183 1183 1108 1184 1108 1109 1184 1184 1109 1185 1109 1110 1185 1110 1111 1185 1186 1185 1187 1187 1185 1188 1188 1185 1189 1185 1111 1189 1111 1112 1189 1112 1113 1189 1189 1113 1190 1113 1114 1190 1114 1115 1190 1190 1115 1191 1115 1116 1191 1191 1116 1192 1116 1117 1192 1117 1118 1192 1192 1118 1193 1118 1119 1193 1193 1119 1194 1194 1119 1195 1119 1120 1195 1195 1120 1196 1120 1121 1196 1196 1121 1197 1121 1122 1197 1122 1123 1197 1197 1123 1198 1198 1123 1199 1123 1124 1199 1124 1125 1199 1199 1125 1200 1125 1126 1200 1200 1126 1201 1126 1127 1201 1201 1127 1202 1127 1128 1202 1202 1128 1203 1128 1129 1203 1129 1130 1203 1204 1205 1206 1205 1203 1206 1203 1130 1206 1206 1130 1207 1130 1131 1207 1131 1132 1207 1207 1132 1208 1132 1133 1208 1208 1133 1209 1133 1134 1209 1209 1134 1210 1134 1135 1210 1135 1136 1210 1210 1136 1211 1136 1137 1211 1211 1137 1212 1137 1138 1212 1138 1139 1212 1139 1140 1212 1212 1140 1213 1213 1140 1214 1214 1140 1215 1140 1141 1215 1215 1141 1216 1141 1142 1216 1216 1142 1217 1217 1142 1218 1142 1143 1218 1143 1144 1218 1218 1144 1219 1144 1145 1219 1219 1145 1220 1145 1146 1220 1220 1146 1221 1146 1147 1221 1221 1147 1222 1147 1148 1222 1148 1149 1222 1222 1149 1223 1149 1150 1223 1223 1150 1224 1150 1151 1224 1151 1152 1224 1224 1152 1225 1152 1153 1225 1225 1153 1226 1153 1154 1226 1154 1155 1226 1226 1155 1227 1227 1155 1228 1155 1156 1228 1228 1156 1229 1156 1157 1229 1230 1229 1231 1229 1157 1231 1231 1157 1232 1157 1158 1232 1232 1158 1233 1158 1159 1233 1233 1159 1234 1159 1160 1234 1160 1162 1234 1234 1162 1235 1235 1162 1236 1162 1164 1236 1236 1164 1237 1164 1165 1237 1237 1165 1238 1165 1166 1238 1166 1167 1238 1238 1167 1239 1239 1167 1240 1167 1168 1240 1168 1170 1240 1170 1171 1240 1171 1172 1240 1240 1172 1241 1241 1172 1242 1242 1172 1243 1172 1173 1243 1243 1173 1244 1173 1174 1244 1174 1175 1244 1244 1175 1245 1175 1176 1245 1176 1177 1245 1245 1177 1246 1177 1178 1246 1246 1178 1247 1178 1179 1247 1247 1179 1248 1179 1180 1248 1180 1181 1248 1248 1181 1249 1181 1182 1249 1249 1182 1250 1250 1182 1251 1182 1183 1251 1251 1183 1252 1183 1184 1252 1252 1184 1253 1184 1185 1253 1185 1186 1253 1253 1186 1254 1186 1187 1254 1187 1188 1254 1188 1189 1254 1189 1190 1254 1254 1190 1255 1190 1191 1255 1255 1191 1256 1191 1192 1256 1192 1193 1256 1256 1193 1257 1257 1193 1258 1258 1193 1259 1193 1194 1259 1259 1194 1260 1194 1195 1260 1260 1195 1261 1195 1196 1261 1261 1196 1262 1196 1197 1262 1197 1198 1262 1262 1198 1263 1198 1199 1263 1199 1200 1263 1200 1201 1263 1201 1202 1263 1263 1202 1264 1264 1202 1265 1202 1203 1265 1203 1205 1265 1265 1205 1266 1205 1204 1266 1266 1204 1267 1267 1204 1268 1204 1206 1268 1206 1207 1268 1268 1207 1269 1207 1208 1269 1269 1208 1270 1208 1209 1270 1270 1209 1271 1209 1210 1271 1271 1210 1272 1210 1211 1272 1272 1211 1273 1273 1211 1274 1211 1212 1274 1212 1213 1274 1213 1214 1274 1274 1214 1275 1275 1214 1276 1276 1214 1277 1214 1215 1277 1215 1216 1277 1277 1216 1278 1216 1217 1278 1278 1217 1279 1279 1217 1280 1217 1218 1280 1218 1219 1280 1280 1219 1281 1281 1219 1282 1219 1220 1282 1282 1220 1283 1220 1221 1283 1283 1221 1284 1221 1222 1284 1222 1223 1284 1284 1223 1285 1223 1224 1285 1285 1224 1286 1286 1224 1287 1224 1225 1287 1225 1226 1287 1226 1227 1287 1287 1227 1288 1227 1228 1288 1288 1228 1289 1228 1229 1289 1229 1230 1289 1289 1230 1290 1290 1230 1291 1230 1231 1291 1291 1231 1292 1231 1232 1292 1232 1233 1292 1292 1233 1293 1233 1234 1293 1293 1234 1294 1234 1235 1294 1295 1294 1296 1296 1294 1297 1294 1235 1297 1298 1297 1299 1297 1235 1299 1299 1235 1300 1300 1235 1301 1235 1236 1301 1301 1236 1302 1236 1237 1302 1302 1237 1303 1237 1238 1303 1238 1239 1303 1303 1239 1304 1304 1239 1305 1239 1240 1305 1240 1241 1305 1305 1241 1306 1307 1306 1308 1306 1241 1308 1241 1242 1308 1308 1242 1309 1309 1242 1310 1242 1243 1310 1310 1243 1311 1243 1244 1311 1244 1245 1311 1245 1246 1311 1311 1246 1312 1246 1247 1312 1312 1247 1313 1247 1248 1313 1248 1249 1313 1313 1249 1314 1249 1250 1314 1315 1314 1316 1314 1250 1316 1316 1250 1317 1250 1251 1317 1317 1251 1318 1318 1251 1319 1319 1251 1320 1251 1252 1320 1252 1253 1320 1320 1253 1321 1253 1254 1321 1321 1254 1322 1254 1255 1322 1322 1255 1323 1255 1256 1323 1323 1256 1324 1256 1257 1324 1324 1257 1325 1257 1258 1325 1326 1325 1327 1325 1258 1327 1258 1259 1327 1327 1259 1328 1259 1260 1328 1328 1260 1329 1260 1261 1329 1330 1329 1331 1329 1261 1331 1261 1262 1331 1262 1263 1331 1331 1263 1332 1263 1264 1332 1332 1264 1333 1264 1265 1333 1265 1266 1333 1333 1266 1334 1266 1267 1334 1334 1267 1335 1335 1267 1336 1267 1268 1336 1336 1268 1337 1268 1269 1337 1337 1269 1338 1269 1270 1338 1338 1270 1339 1270 1271 1339 1339 1271 1340 1271 1272 1340 1340 1272 1341 1272 1273 1341 1273 1274 1341 1274 1275 1341 1275 1276 1341 1341 1276 1342 1276 1277 1342 1342 1277 1343 1277 1278 1343 1343 1278 1344 1278 1279 1344 1344 1279 1345 1345 1279 1346 1346 1279 1347 1279 1280 1347 1280 1281 1347 1347 1281 1348 1281 1282 1348 1282 1283 1348 1348 1283 1349 1283 1284 1349 1284 1285 1349 1349 1285 1350 1285 1286 1350 1350 1286 1351 1351 1286 1352 1286 1287 1352 1352 1287 1353 1287 1288 1353 1353 1288 1354 1288 1289 1354 1289 1290 1354 1354 1290 1355 1355 1290 1356 1290 1291 1356 1356 1291 1357 1291 1292 1357 1292 1293 1357 1357 1293 1358 1293 1294 1358 1294 1295 1358 1358 1295 1359 1359 1295 1360 1295 1296 1360 1360 1296 1361 1361 1296 1362 1296 1297 1362 1297 1298 1362 1362 1298 1363 1298 1299 1363 1363 1299 1364 1299 1300 1364 1364 1300 1365 1365 1300 1366 1300 1301 1366 1366 1301 1367 1301 1302 1367 1367 1302 1368 1302 1303 1368 1303 1304 1368 1368 1304 1369 1304 1305 1369 1305 1306 1369 1369 1306 1370 1306 1307 1370 1370 1307 1371 1371 1307 1372 1307 1308 1372 1308 1309 1372 1372 1309 1373 1373 1309 1374 1309 1310 1374 1374 1310 1375 1310 1311 1375 1311 1312 1375 1375 1312 1376 1312 1313 1376 1376 1313 1377 1313 1314 1377 1314 1315 1377 1377 1315 1378 1378 1315 1379 1379 1315 1380 1315 1316 1380 1380 1316 1381 1316 1317 1381 1381 1317 1382 1317 1318 1382 1318 1319 1382 1319 1320 1382 1320 1321 1382 1382 1321 1383 1321 1322 1383 1383 1322 1384 1322 1323 1384 1384 1323 1385 1323 1324 1385 1385 1324 1386 1324 1325 1386 1325 1326 1386 1386 1326 1387 1387 1326 1388 1326 1327 1388 1327 1328 1388 1388 1328 1389 1328 1329 1389 1329 1330 1389 1389 1330 1390 1390 1330 1391 1330 1331 1391 1391 1331 1392 1331 1332 1392 1332 1333 1392 1392 1333 1393 1333 1334 1393 1394 1393 1395 1393 1334 1395 1334 1335 1395 1395 1335 1396 1397 1396 1398 1396 1335 1398 1335 1336 1398 1398 1336 1399 1336 1337 1399 1399 1337 1400 1337 1338 1400 1400 1338 1401 1338 1339 1401 1401 1339 1402 1339 1340 1402 1402 1340 1403 1340 1341 1403 1341 1342 1403 1342 1343 1403 1403 1343 1404 1343 1344 1404 1404 1344 1405 1344 1345 1405 1405 1345 1406 1406 1345 1407 1408 1407 1409 1407 1345 1409 1345 1346 1409 1409 1346 1410 1410 1346 1411 1411 1346 1412 1346 1347 1412 1347 1348 1412 1412 1348 1413 1348 1349 1413 1349 1350 1413 1413 1350 1414 1350 1351 1414 1414 1351 1415 1415 1351 1416 1351 1352 1416 1416 1352 1417 1352 1353 1417 1417 1353 1418 1353 1354 1418 1418 1354 1419 1354 1355 1419 1419 1355 1420 1420 1355 1421 1355 1356 1421 1356 1357 1421 1421 1357 1422 1422 1357 1423 1357 1358 1423 1358 1359 1423 1423 1359 1424 1359 1360 1424 1424 1360 1425 1425 1360 1426 1360 1361 1426 1426 1361 1427 1427 1361 1428 1428 1361 1429 1361 1362 1429 1430 1429 1431 1429 1362 1431 1362 1363 1431 1431 1363 1432 1433 1432 1434 1432 1363 1434 1363 1364 1434 1364 1365 1434 1435 1434 1436 1434 1365 1436 1437 1436 1438 1436 1365 1438 1365 1366 1438 1438 1366 1439 1366 1367 1439 1439 1367 1440 1367 1368 1440 1368 1369 1440 1369 1370 1440 1440 1370 1441 1370 1371 1441 1441 1371 1442 1442 1371 1443 1371 1372 1443 1372 1373 1443 1443 1373 1444 1444 1373 1445 1373 1374 1445 1445 1374 1446 1374 1375 1446 1375 1376 1446 1446 1376 1447 1376 1377 1447 1377 1378 1447 1447 1378 1448 1448 1378 1449 1449 1378 1450 1378 1379 1450 1450 1379 1451 1379 1380 1451 1380 1381 1451 1381 1382 1451 1451 1382 1452 1382 1383 1452 1452 1383 1453 1383 1384 1453 1453 1384 1454 1384 1385 1454 1454 1385 1455 1385 1386 1455 1386 1387 1455 1456 1455 1457 1455 1387 1457 1457 1387 1458 1387 1388 1458 1458 1388 1459 1459 1388 1460 1388 1389 1460 1389 1390 1460 1460 1390 1461 1461 1390 1462 1390 1391 1462 1462 1391 1463 1391 1392 1463 1392 1393 1463 1393 1394 1463 1463 1394 1464 1464 1394 1465 1394 1395 1465 1395 1396 1465 1465 1396 1466 1466 1396 1467 1396 1397 1467 1467 1397 1468 1469 1468 1470 1468 1397 1470 1397 1398 1470 1398 1399 1470 1470 1399 1471 1399 1400 1471 1471 1400 1472 1400 1401 1472 1472 1401 1473 1401 1402 1473 1473 1402 1474 1402 1403 1474 1403 1404 1474 1404 1405 1474 1405 1406 1474 1406 1407 1474 1474 1407 1475 1407 1408 1475 1476 1475 1477 1475 1408 1477 1408 1409 1477 1409 1410 1477 1477 1410 1478 1478 1410 1479 1410 1411 1479 1479 1411 1480 1480 1411 1481 1411 1412 1481 1412 1413 1481 1481 1413 1482 1413 1414 1482 1482 1414 1483 1414 1415 1483 1483 1415 1484 1415 1416 1484 1484 1416 1485 1416 1417 1485 1485 1417 1486 1417 1418 1486 1418 1419 1486 1486 1419 1487 1419 1420 1487 1487 1420 1488 1488 1420 1489 1420 1421 1489 1421 1422 1489 1489 1422 1490 1422 1423 1490 1423 1424 1490 1490 1424 1491 1424 1425 1491 1491 1425 1492 1492 1425 1493 1425 1426 1493 1493 1426 1494 1426 1427 1494 1427 1428 1494 1494 1428 1495 1428 1429 1495 1429 1430 1495 1495 1430 1496 1430 1431 1496 1431 1432 1496 1432 1433 1496 1496 1433 1497 1433 1434 1497 1434 1435 1497 1497 1435 1498 1498 1435 1499 1435 1436 1499 1436 1437 1499 1499 1437 1500 1500 1437 1501 1501 1437 1502 1437 1438 1502 1438 1439 1502 1502 1439 1503 1439 1440 1503 1440 1441 1503 1504 1503 1505 1503 1441 1505 1441 1442 1505 1506 1505 1507 1505 1442 1507 1507 1442 1508 1442 1443 1508 1443 1444 1508 1509 1508 1510 1508 1444 1510 1510 1444 1511 1444 1445 1511 1445 1446 1511 1446 1447 1511 1447 1448 1511 1512 1511 1513 1511 1448 1513 1514 1513 1515 1513 1448 1515 1515 1448 1516 1448 1449 1516 1516 1449 1517 1449 1450 1517 1517 1450 1518 1450 1451 1518 1518 1451 1519 1451 1452 1519 1519 1452 1520 1452 1453 1520 1453 1454 1520 1454 1455 1520 1455 1456 1520 1521 1520 1522 1520 1456 1522 1522 1456 1523 1523 1456 1524 1456 1457 1524 1457 1458 1524 1524 1458 1525 1458 1459 1525 1525 1459 1526 1526 1459 1527 1459 1460 1527 1460 1461 1527 1527 1461 1528 1528 1461 1529 1461 1462 1529 1529 1462 1530 1462 1463 1530 1530 1463 1531 1463 1464 1531 1531 1464 1532 1532 1464 1533 1464 1465 1533 1465 1466 1533 1533 1466 1534 1534 1466 1535 1466 1467 1535 1535 1467 1536 1467 1468 1536 1468 1469 1536 1537 1536 1538 1536 1469 1538 1538 1469 1539 1469 1470 1539 1539 1470 1540 1470 1471 1540 1540 1471 1541 1471 1472 1541 1541 1472 1542 1472 1473 1542 1542 1473 1543 1473 1474 1543 1474 1475 1543 1475 1476 1543 1543 1476 1544 1476 1477 1544 1477 1478 1544 1544 1478 1545 1545 1478 1546 1478 1479 1546 1546 1479 1547 1479 1480 1547 1547 1480 1548 1480 1481 1548 1481 1482 1548 1548 1482 1549 1482 1483 1549 1549 1483 1550 1483 1484 1550 1550 1484 1551 1484 1485 1551 1552 1551 1553 1551 1485 1553 1485 1486 1553 1554 1553 1555 1555 1553 1556 1553 1486 1556 1486 1487 1556 1487 1488 1556 1556 1488 1557 1557 1488 1558 1558 1488 1559 1488 1489 1559 1489 1490 1559 1490 1491 1559 1559 1491 1560 1491 1492 1560 1560 1492 1561 1561 1492 1562 1492 1493 1562 1562 1493 1563 1493 1494 1563 1563 1494 1564 1564 1494 1565 1494 1495 1565 1565 1495 1566 1495 1496 1566 1567 1566 1568 1566 1496 1568 1496 1497 1568 1497 1498 1568 1568 1498 1569 1498 1499 1569 1569 1499 1570 1499 1500 1570 1570 1500 1571 1500 1501 1571 1571 1501 1572 1572 1501 1573 1501 1502 1573 1573 1502 1574 1502 1503 1574 1503 1504 1574 1574 1504 1575 1575 1504 1576 1576 1504 1577 1577 1504 1578 1504 1505 1578 1505 1506 1578 1578 1506 1579 1579 1506 1580 1506 1507 1580 1580 1507 1581 1581 1507 1582 1507 1508 1582 1508 1509 1582 1582 1509 1583 1583 1509 1584 1509 1510 1584 1584 1510 1585 1585 1510 1586 1510 1511 1586 1586 1511 1587 1511 1512 1587 1587 1512 1588 1512 1513 1588 1513 1514 1588 1588 1514 1589 1590 1514 1591 1591 1514 1592 1514 1515 1592 1592 1515 1593 1515 1516 1593 1516 1517 1593 1593 1517 1594 1594 1517 1595 1517 1518 1595 1518 1519 1595 1595 1519 1596 1596 1519 1597 1519 1520 1597 1520 1521 1597 1597 1521 1598 1598 1521 1599 1521 1522 1599 1522 1523 1599 1599 1523 1600 1523 1524 1600 1600 1524 1601 1524 1525 1601 1601 1525 1602 1602 1525 1603 1525 1526 1603 1603 1526 1604 1604 1526 1605 1526 1527 1605 1527 1528 1605 1605 1528 1606 1528 1529 1606 1529 1530 1606 1530 1531 1606 1531 1532 1606 1606 1532 1607 1532 1533 1607 1533 1534 1607 1607 1534 1608 1608 1534 1609 1609 1534 1610 1534 1535 1610 1610 1535 1611 1611 1535 1612 1535 1536 1612 1536 1537 1612 1612 1537 1613 1613 1537 1614 1537 1538 1614 1615 1614 1616 1614 1538 1616 1616 1538 1617 1618 1617 1619 1617 1538 1619 1538 1539 1619 1539 1540 1619 1540 1541 1619 1619 1541 1620 1541 1542 1620 1620 1542 1621 1542 1543 1621 1621 1543 1622 1543 1544 1622 1544 1545 1622 1623 1622 1624 1622 1545 1624 1624 1545 1625 1545 1546 1625 1626 1625 1627 1625 1546 1627 1546 1547 1627 1627 1547 1628 1547 1548 1628 1548 1549 1628 1549 1550 1628 1628 1550 1629 1550 1551 1629 1551 1552 1629 1630 1629 1631 1631 1629 1632 1629 1552 1632 1632 1552 1633 1633 1552 1634 1552 1553 1634 1553 1554 1634 1634 1554 1635 1635 1554 1636 1636 1554 1637 1637 1554 1638 1554 1555 1638 1638 1555 1639 1639 1555 1640 1555 1556 1640 1556 1557 1640 1640 1557 1641 1641 1557 1642 1642 1557 1643 1557 1558 1643 1643 1558 1644 1558 1559 1644 1559 1560 1644 1644 1560 1645 1560 1561 1645 1646 1645 1647 1645 1561 1647 1647 1561 1648 1561 1562 1648 1648 1562 1649 1562 1563 1649 1649 1563 1650 1563 1564 1650 1650 1564 1651 1564 1565 1651 1651 1565 1652 1565 1566 1652 1652 1566 1653 1653 1566 1654 1566 1567 1654 1654 1567 1655 1655 1567 1656 1567 1568 1656 1568 1569 1656 1656 1569 1657 1657 1569 1658 1569 1570 1658 1658 1570 1659 1570 1571 1659 1659 1571 1660 1571 1572 1660 1660 1572 1661 1661 1572 1662 1572 1573 1662 1573 1574 1662 1574 1575 1662 1575 1576 1662 1662 1576 1663 1576 1577 1663 1663 1577 1664 1577 1578 1664 1578 1579 1664 1579 1580 1664 1664 1580 1665 1580 1581 1665 1665 1581 1666 1581 1582 1666 1582 1583 1666 1666 1583 1667 1583 1584 1667 1584 1585 1667 1585 1586 1667 1667 1586 1668 1586 1587 1668 1587 1588 1668 1588 1589 1668 1668 1589 1669 1589 1591 1669 1591 1592 1669 1669 1592 1670 1592 1593 1670 1593 1594 1670 1670 1594 1671 1594 1595 1671 1595 1596 1671 1596 1597 1671 1597 1598 1671 1671 1598 1672 1598 1599 1672 1672 1599 1673 1599 1600 1673 1673 1600 1674 1600 1601 1674 1674 1601 1675 1601 1602 1675 1602 1603 1675 1675 1603 1676 1603 1604 1676 1676 1604 1677 1604 1605 1677 1677 1605 1678 1605 1606 1678 1606 1607 1678 1607 1608 1678 1678 1608 1679 1608 1609 1679 1679 1609 1680 1609 1610 1680 1610 1611 1680 1680 1611 1681 1611 1612 1681 1612 1613 1681 1681 1613 1682 1613 1614 1682 1614 1615 1682 1682 1615 1683 1683 1615 1684 1615 1616 1684 1616 1617 1684 1617 1618 1684 1684 1618 1685 1618 1619 1685 1685 1619 1686 1619 1620 1686 1686 1620 1687 1620 1621 1687 1687 1621 1688 1621 1622 1688 1688 1622 1689 1622 1623 1689 1689 1623 1690 1690 1623 1691 1623 1624 1691 1624 1625 1691 1691 1625 1692 1625 1626 1692 1692 1626 1693 1626 1627 1693 1693 1627 1694 1694 1627 1695 1627 1628 1695 1628 1629 1695 1629 1630 1695 1695 1630 1696 1630 1631 1696 1631 1632 1696 1696 1632 1697 1632 1633 1697 1633 1634 1697 1634 1635 1697 1697 1635 1698 1635 1636 1698 1698 1636 1699 1636 1637 1699 1637 1638 1699 1699 1638 1700 1638 1639 1700 1639 1640 1700 1640 1641 1700 1700 1641 1701 1641 1642 1701 1642 1643 1701 1643 1644 1701 1701 1644 1702 1644 1645 1702 1645 1646 1702 1702 1646 1703 1704 1703 1705 1703 1646 1705 1705 1646 1706 1646 1647 1706 1706 1647 1707 1647 1648 1707 1707 1648 1708 1648 1649 1708 1708 1649 1709 1649 1650 1709 1709 1650 1710 1650 1651 1710 1711 1710 1712 1710 1651 1712 1651 1652 1712 1712 1652 1713 1652 1653 1713 1713 1653 1714 1653 1654 1714 1714 1654 1715 1654 1655 1715 1715 1655 1716 1716 1655 1717 1655 1656 1717 1656 1657 1717 1717 1657 1718 1657 1658 1718 1718 1658 1719 1658 1659 1719 1719 1659 1720 1659 1660 1720 1720 1660 1721 1660 1661 1721 1721 1661 1722 1661 1662 1722 1662 1663 1722 1722 1663 1723 1663 1664 1723 1723 1664 1724 1664 1665 1724 1724 1665 1725 1665 1666 1725 1725 1666 1726 1726 1666 1727 1666 1667 1727 1727 1667 1728 1728 1667 1729 1667 1668 1729 1729 1668 1730 1668 1669 1730 1730 1669 1731 1669 1670 1731 1731 1670 1732 1670 1671 1732 1671 1672 1732 1732 1672 1733 1672 1673 1733 1733 1673 1734 1673 1674 1734 1734 1674 1735 1674 1675 1735 1735 1675 1736 1675 1676 1736 1736 1676 1737 1676 1677 1737 1677 1678 1737 1678 1679 1737 1737 1679 1738 1738 1679 1739 1679 1680 1739 1739 1680 1740 1680 1681 1740 1740 1681 1741 1681 1682 1741 1741 1682 1742 1682 1683 1742 1742 1683 1743 1683 1684 1743 1743 1684 1744 1684 1685 1744 1685 1686 1744 1686 1687 1744 1744 1687 1745 1687 1688 1745 1688 1689 1745 1745 1689 1746 1689 1690 1746 1746 1690 1747 1690 1691 1747 1691 1692 1747 1747 1692 1748 1692 1693 1748 1693 1694 1748 1694 1695 1748 1695 1696 1748 1748 1696 1749 1749 1696 1750 1750 1696 1751 1696 1697 1751 1751 1697 1752 1752 1697 1753 1697 1698 1753 1753 1698 1754 1698 1699 1754 1754 1699 1755 1699 1700 1755 1755 1700 1756 1700 1701 1756 1701 1702 1756 1702 1703 1756 1756 1703 1757 1703 1704 1757 1757 1704 1758 1758 1704 1759 1759 1704 1760 1704 1705 1760 1760 1705 1761 1705 1706 1761 1761 1706 1762 1706 1707 1762 1762 1707 1763 1707 1708 1763 1763 1708 1764 1708 1709 1764 1764 1709 1765 1709 1710 1765 1710 1711 1765 1765 1711 1766 1766 1711 1767 1711 1712 1767 1712 1713 1767 1767 1713 1768 1713 1714 1768 1768 1714 1769 1714 1715 1769 1769 1715 1770 1715 1716 1770 1770 1716 1771 1771 1716 1772 1716 1717 1772 1717 1718 1772 1772 1718 1773 1718 1719 1773 1773 1719 1774 1719 1720 1774 1774 1720 1775 1720 1721 1775 1775 1721 1776 1721 1722 1776 1776 1722 1777 1722 1723 1777 1777 1723 1778 1723 1724 1778 1778 1724 1779 1724 1725 1779 1779 1725 1780 1725 1726 1780 1780 1726 1781 1726 1727 1781 1781 1727 1782 1727 1728 1782 1782 1728 1783 1728 1729 1783 1783 1729 1784 1784 1729 1785 1729 1730 1785 1785 1730 1786 1730 1731 1786 1786 1731 1787 1731 1732 1787 1732 1733 1787 1787 1733 1788 1788 1733 1789 1733 1734 1789 1789 1734 1790 1734 1735 1790 1790 1735 1791 1735 1736 1791 1791 1736 1792 1736 1737 1792 1792 1737 1793 1737 1738 1793 1793 1738 1794 1738 1739 1794 1794 1739 1795 1739 1740 1795 1795 1740 1796 1740 1741 1796 1796 1741 1797 1741 1742 1797 1742 1743 1797 1797 1743 1798 1798 1743 1799 1799 1743 1800 1743 1744 1800 1744 1745 1800 1800 1745 1801 1745 1746 1801 1801 1746 1802 1746 1747 1802 1802 1747 1803 1747 1748 1803 1748 1749 1803 1803 1749 1804 1804 1749 1805 1749 1750 1805 1805 1750 1806 1750 1751 1806 1806 1751 1807 1751 1752 1807 1807 1752 1808 1752 1753 1808 1808 1753 1809 1753 1754 1809 1809 1754 1810 1754 1755 1810 1755 1756 1810 1756 1757 1810 1757 1758 1810 1810 1758 1811 1758 1759 1811 1811 1759 1812 1812 1759 1813 1759 1760 1813 1813 1760 1814 1760 1761 1814 1814 1761 1815 1761 1762 1815 1815 1762 1816 1762 1763 1816 1816 1763 1817 1763 1764 1817 1817 1764 1818 1764 1765 1818 1765 1766 1818 1818 1766 1819 1819 1766 1820 1766 1767 1820 1820 1767 1821 1767 1768 1821 1821 1768 1822 1768 1769 1822 1822 1769 1823 1769 1770 1823 1823 1770 1824 1770 1771 1824 1824 1771 1825 1825 1771 1826 1771 1772 1826 1772 1773 1826 1826 1773 1827 1773 1774 1827 1827 1774 1828 1774 1775 1828 1828 1775 1829 1775 1776 1829 1829 1776 1830 1776 1777 1830 1830 1777 1831 1777 1778 1831 1831 1778 1832 1778 1779 1832 1832 1779 1833 1779 1780 1833 1833 1780 1834 1780 1781 1834 1834 1781 1835 1781 1782 1835 1835 1782 1836 1782 1783 1836 1836 1783 1837 1783 1784 1837 1837 1784 1838 1784 1785 1838 1838 1785 1839 1785 1786 1839 1839 1786 1840 1786 1787 1840 1840 1787 1841 1787 1788 1841 1841 1788 1842 1788 1789 1842 1842 1789 1843 1789 1790 1843 1843 1790 1844 1790 1791 1844 1844 1791 1845 1791 1792 1845 1845 1792 1846 1792 1793 1846 1846 1793 1847 1793 1794 1847 1847 1794 1848 1794 1795 1848 1848 1795 1849 1795 1796 1849 1849 1796 1850 1796 1797 1850 1850 1797 1851 1797 1798 1851 1851 1798 1852 1798 1799 1852 1852 1799 1853 1799 1800 1853 1800 1801 1853 1853 1801 1854 1854 1801 1855 1801 1802 1855 1855 1802 1856 1802 1803 1856 1803 1804 1856 1857 1856 1858 1856 1804 1858 1858 1804 1859 1804 1805 1859 1859 1805 1860 1805 1806 1860 1860 1806 1861 1806 1807 1861 1861 1807 1862 1807 1808 1862 1862 1808 1863 1808 1809 1863 1863 1809 1864 1809 1810 1864 1810 1811 1864 1864 1811 1865 1811 1812 1865 1865 1812 1866 1866 1812 1867 1812 1813 1867 1867 1813 1868 1813 1814 1868 1868 1814 1869 1814 1815 1869 1869 1815 1870 1815 1816 1870 1870 1816 1871 1816 1817 1871 1871 1817 1872 1817 1818 1872 1872 1818 1873 1818 1819 1873 1873 1819 1874 1819 1820 1874 1874 1820 1875 1820 1821 1875 1875 1821 1876 1821 1822 1876 1876 1822 1877 1822 1823 1877 1878 1877 1879 1877 1823 1879 1823 1824 1879 1879 1824 1880 1824 1825 1880 1880 1825 1881 1825 1826 1881 1826 1827 1881 1881 1827 1882 1827 1828 1882 1882 1828 1883 1828 1829 1883 1883 1829 1884 1829 1830 1884 1884 1830 1885 1830 1831 1885 1885 1831 1886 1831 1832 1886 1886 1832 1887 1832 1833 1887 1887 1833 1888 1833 1834 1888 1888 1834 1889 1834 1835 1889 1889 1835 1890 1835 1836 1890 1890 1836 1891 1836 1837 1891 1891 1837 1892 1837 1838 1892 1892 1838 1893 1893 1838 1894 1838 1839 1894 1894 1839 1895 1839 1840 1895 1895 1840 1896 1840 1841 1896 1896 1841 1897 1841 1842 1897 1897 1842 1898 1842 1843 1898 1898 1843 1899 1843 1844 1899 1899 1844 1900 1844 1845 1900 1900 1845 1901 1845 1846 1901 1901 1846 1902 1846 1847 1902 1902 1847 1903 1847 1848 1903 1903 1848 1904 1848 1849 1904 1904 1849 1905 1849 1850 1905 1905 1850 1906 1850 1851 1906 1906 1851 1907 1851 1852 1907 1852 1853 1907 1907 1853 1908 1908 1853 1909 1853 1854 1909 1909 1854 1910 1854 1855 1910 1855 1856 1910 1856 1857 1910 1910 1857 1911 1911 1857 1912 1857 1858 1912 1912 1858 1913 1858 1859 1913 1913 1859 1914 1859 1860 1914 1914 1860 1915 1860 1861 1915 1915 1861 1916 1861 1862 1916 1916 1862 1917 1862 1863 1917 1917 1863 1918 1863 1864 1918 1864 1865 1918 1918 1865 1919 1865 1866 1919 1920 1919 1921 1919 1866 1921 1921 1866 1922 1866 1867 1922 1922 1867 1923 1867 1868 1923 1923 1868 1924 1868 1869 1924 1924 1869 1925 1869 1870 1925 1925 1870 1926 1870 1871 1926 1926 1871 1927 1871 1872 1927 1927 1872 1928 1872 1873 1928 1928 1873 1929 1873 1874 1929 1929 1874 1930 1874 1875 1930 1930 1875 1931 1875 1876 1931 1931 1876 1932 1876 1877 1932 1877 1878 1932 1932 1878 1933 1933 1878 1934 1934 1878 1935 1878 1879 1935 1879 1880 1935 1935 1880 1936 1880 1881 1936 1936 1881 1937 1881 1882 1937 1937 1882 1938 1882 1883 1938 1938 1883 1939 1883 1884 1939 1939 1884 1940 1884 1885 1940 1940 1885 1941 1885 1886 1941 1941 1886 1942 1886 1887 1942 1942 1887 1943 1887 1888 1943 1943 1888 1944 1888 1889 1944 1944 1889 1945 1889 1890 1945 1945 1890 1946 1890 1891 1946 1946 1891 1947 1891 1892 1947 1947 1892 1948 1892 1893 1948 1948 1893 1949 1893 1894 1949 1949 1894 1950 1950 1894 1951 1894 1895 1951 1951 1895 1952 1952 1895 1953 1895 1896 1953 1953 1896 1954 1896 1897 1954 1954 1897 1955 1897 1898 1955 1955 1898 1956 1898 1899 1956 1956 1899 1957 1899 1900 1957 1957 1900 1958 1900 1901 1958 1958 1901 1959 1959 1901 1960 1901 1902 1960 1960 1902 1961 1961 1902 1962 1902 1903 1962 1962 1903 1963 1963 1903 1964 1903 1904 1964 1964 1904 1965 1904 1905 1965 1965 1905 1966 1905 1906 1966 1966 1906 1967 1967 1906 1968 1906 1907 1968 1968 1907 1969 1969 1907 1970 1907 1908 1970 1970 1908 1971 1908 1909 1971 1971 1909 1972 1909 1910 1972 1972 1910 1973 1910 1911 1973 1973 1911 1974 1911 1912 1974 1974 1912 1975 1912 1913 1975 1975 1913 1976 1913 1914 1976 1976 1914 1977 1914 1915 1977 1977 1915 1978 1915 1916 1978 1978 1916 1979 1916 1917 1979 1979 1917 1980 1917 1918 1980 1918 1919 1980 1919 1920 1980 1980 1920 1981 1981 1920 1982 1920 1921 1982 1982 1921 1983 1921 1922 1983 1983 1922 1984 1922 1923 1984 1984 1923 1985 1923 1924 1985 1985 1924 1986 1924 1925 1986 1986 1925 1987 1925 1926 1987 1987 1926 1988 1926 1927 1988 1988 1927 1989 1927 1928 1989 1989 1928 1990 1928 1929 1990 1990 1929 1991 1929 1930 1991 1991 1930 1992 1930 1931 1992 1992 1931 1993 1931 1932 1993 1932 1933 1993 1995 1993 1997 1993 1933 1997 1997 1933 1999 1933 1934 1999 1999 1934 2001 1934 1935 2001 1935 1936 2001 2001 1936 2003 1936 1937 2003 2003 1937 2005 2005 1937 2007 1937 1938 2007 2007 1938 2009 2009 1938 2011 1938 1939 2011 2011 1939 2013 2013 1939 2015 1939 1940 2015 2015 1940 2017 2017 1940 2019 2019 1940 2021 1940 1941 2021 1941 1942 2021 2021 1942 2023 1942 1943 2023 2023 1943 2025 2025 1943 2027 1943 1944 2027 2027 1944 2029 1944 1945 2029 2029 1945 2031 1945 1946 2031 2031 1946 2033 1946 1947 2033 2033 1947 2035 1947 1948 2035 2035 1948 2037 1948 1949 2037 2037 1949 2039 1949 1950 2039 2039 1950 2041 2041 1950 2043 2043 1950 2045 1950 1951 2045 1951 1952 2045 2045 1952 2047 1952 1953 2047 2047 1953 2049 2049 1953 2051 2051 1953 2053 2053 1953 2055 1953 1954 2055 2055 1954 2057 2057 1954 2059 1954 1955 2059 2059 1955 2061 2061 1955 2063 2063 1955 2065 2065 1955 2067 1955 1956 2067 2067 1956 2069 2069 1956 2071 1956 1957 2071 2071 1957 2073 1957 1958 2073 2073 1958 2075 2075 1958 2077 2077 1958 2079 1958 1959 2079 1959 1960 2079 2079 1960 2081 1960 1961 2081 2081 1961 2083 1961 1962 2083 2083 1962 2085 1962 1963 2085 2085 1963 2087 1963 1964 2087 2087 1964 2089 1964 1965 2089 2089 1965 2091 2091 1965 2093 1965 1966 2093 2093 1966 2095 1966 1967 2095 2095 1967 2097 1967 1968 2097 2097 1968 2099 1968 1969 2099 2099 1969 2101 1969 1970 2101 2101 1970 2103 1970 1971 2103 2103 1971 2105 2105 1971 2107 1971 1972 2107 2107 1972 2109 1972 1973 2109 2109 1973 2111 1973 1974 2111 2111 1974 2113 1974 1975 2113 2113 1975 2115 2115 1975 2117 1975 1976 2117 2117 1976 2119 2119 1976 2121 1976 1977 2121 2121 1977 2123 2123 1977 2125 1977 1978 2125 2125 1978 2127 2127 1978 2129 1978 1979 2129 2129 1979 2131 1979 1980 2131 2131 1980 2133 1980 1981 2133 2133 1981 2135 1981 1982 2135 2135 1982 2137 2137 1982 2139 2139 1982 2141 1982 1983 2141 1983 1984 2141 2141 1984 2143 1984 1985 2143 2143 1985 2145 1985 1986 2145 2145 1986 2147 1986 1987 2147 2147 1987 2149 1987 1988 2149 2149 1988 2151 1988 1989 2151 2151 1989 2153 1989 1990 2153 2153 1990 2155 2155 1990 2157 1990 1991 2157 2157 1991 2159 1991 1992 2159 2159 1992 2160 1992 1993 2160 1993 1995 2160 2161 1994 2162 1994 1996 2162 1996 1998 2162 2162 1998 2163 1998 2000 2163 2000 2002 2163 2002 2004 2163 2004 2006 2163 2163 2006 2164 2006 2008 2164 2008 2010 2164 2010 2012 2164 2012 2014 2164 2164 2014 2165 2014 2016 2165 2016 2018 2165 2018 2020 2165 2020 2022 2165 2165 2022 2166 2022 2024 2166 2024 2026 2166 2026 2028 2166 2166 2028 2167 2028 2030 2167 2030 2032 2167 2167 2032 2168 2032 2034 2168 2034 2036 2168 2036 2038 2168 2168 2038 2169 2038 2040 2169 2040 2042 2169 2042 2044 2169 2169 2044 2170 2044 2046 2170 2046 2048 2170 2170 2048 2171 2048 2050 2171 2050 2052 2171 2052 2054 2171 2054 2056 2171 2171 2056 2172 2056 2058 2172 2058 2060 2172 2060 2062 2172 2172 2062 2173 2062 2064 2173 2064 2066 2173 2066 2068 2173 2068 2070 2173 2173 2070 2174 2070 2072 2174 2072 2074 2174 2074 2076 2174 2174 2076 2175 2076 2078 2175 2078 2080 2175 2175 2080 2176 2080 2082 2176 2082 2084 2176 2084 2086 2176 2176 2086 2177 2086 2088 2177 2088 2090 2177 2090 2092 2177 2177 2092 2178 2092 2094 2178 2094 2096 2178 2178 2096 2179 2096 2098 2179 2098 2100 2179 2100 2102 2179 2179 2102 2180 2102 2104 2180 2104 2106 2180 2106 2108 2180 2180 2108 2181 2108 2110 2181 2110 2112 2181 2181 2112 2182 2112 2114 2182 2114 2116 2182 2116 2118 2182 2118 2120 2182 2182 2120 2183 2120 2122 2183 2122 2124 2183 2124 2126 2183 2126 2128 2183 2183 2128 2184 2128 2130 2184 2130 2132 2184 2132 2134 2184 2184 2134 2185 2134 2136 2185 2136 2138 2185 2138 2140 2185 2185 2140 2186 2140 2142 2186 2142 2144 2186 2144 2146 2186 2186 2146 2187 2146 2148 2187 2148 2150 2187 2187 2150 2188 2150 2152 2188 2152 2154 2188 2154 2156 2188 2188 2156 2189 2156 2158 2189 2158 2161 2189 2161 2162 2189 2191 2192 2195 2195 2192 2197 2197 2192 2199 2199 2192 2201 2201 2192 2203 2203 2192 2205 2205 2192 2207 2207 2192 2209 2209 2192 2211 2211 2192 2213 2213 2192 2215 2215 2192 2217 2217 2192 2219 2219 2192 2221 2221 2192 2223 2223 2192 2225 2225 2192 2227 2227 2192 2229 2229 2192 2231 2231 2192 2233 2233 2192 2235 2235 2192 2237 2237 2192 2238 2192 2191 2238 2239 2190 2241 2241 2190 2243 2190 2193 2243 2243 2193 2244 2194 2196 2246 2246 2196 2248 2196 2198 2248 2248 2198 2250 2198 2200 2250 2250 2200 2252 2200 2202 2252 2252 2202 2254 2202 2204 2254 2254 2204 2256 2204 2206 2256 2256 2206 2258 2206 2208 2258 2258 2208 2260 2208 2210 2260 2260 2210 2262 2210 2212 2262 2262 2212 2264 2212 2214 2264 2264 2214 2266 2214 2216 2266 2266 2216 2268 2216 2218 2268 2268 2218 2270 2218 2220 2270 2270 2220 2272 2220 2222 2272 2272 2222 2274 2222 2224 2274 2274 2224 2276 2224 2226 2276 2276 2226 2278 2226 2228 2278 2278 2228 2280 2228 2230 2280 2280 2230 2282 2230 2232 2282 2282 2232 2284 2232 2234 2284 2284 2234 2286 2234 2236 2286 2286 2236 2287 2236 2239 2287 2239 2241 2287 2290 2288 2292 2288 2240 2292 2292 2240 2294 2240 2242 2294 2294 2242 2296 2242 2245 2296 2296 2245 2298 2245 2247 2298 2298 2247 2300 2247 2249 2300 2300 2249 2302 2249 2251 2302 2302 2251 2304 2251 2253 2304 2304 2253 2306 2253 2255 2306 2306 2255 2308 2255 2257 2308 2308 2257 2310 2257 2259 2310 2310 2259 2312 2259 2261 2312 2312 2261 2314 2314 2261 2316 2261 2263 2316 2316 2263 2318 2263 2265 2318 2318 2265 2320 2265 2267 2320 2320 2267 2322 2267 2269 2322 2322 2269 2324 2269 2271 2324 2324 2271 2326 2271 2273 2326 2326 2273 2328 2273 2275 2328 2328 2275 2330 2275 2277 2330 2330 2277 2332 2277 2279 2332 2332 2279 2334 2279 2281 2334 2334 2281 2336 2281 2283 2336 2283 2285 2336 2339 2336 2342 2336 2285 2342 2342 2285 2343 2285 2288 2343 2288 2290 2343 2290 2348 2343 2345 2346 2351 2351 2346 2352 2347 2289 2354 2354 2289 2356 2289 2291 2356 2356 2291 2358 2291 2293 2358 2358 2293 2360 2293 2295 2360 2360 2295 2362 2295 2297 2362 2362 2297 2364 2297 2299 2364 2364 2299 2366 2299 2301 2366 2366 2301 2368 2301 2303 2368 2368 2303 2370 2303 2305 2370 2370 2305 2372 2305 2307 2372 2372 2307 2374 2307 2309 2374 2374 2309 2376 2309 2311 2376 2376 2311 2378 2311 2313 2378 2378 2313 2380 2313 2315 2380 2380 2315 2382 2315 2317 2382 2382 2317 2384 2317 2319 2384 2384 2319 2386 2319 2321 2386 2386 2321 2388 2321 2323 2388 2388 2323 2390 2323 2325 2390 2390 2325 2392 2325 2327 2392 2392 2327 2394 2327 2329 2394 2394 2329 2396 2329 2331 2396 2396 2331 2398 2331 2333 2398 2398 2333 2400 2333 2335 2400 2400 2335 2402 2335 2337 2402 2402 2337 2403 2338 2340 2405 2405 2340 2406 2408 2341 2410 2341 2344 2410 2344 2349 2410 2409 2350 2412 2350 2353 2412 2353 2355 2412 2412 2355 2413 2355 2357 2413 2413 2357 2414 2357 2359 2414 2414 2359 2415 2359 2361 2415 2415 2361 2416 2361 2363 2416 2416 2363 2417 2363 2365 2417 2417 2365 2418 2365 2367 2418 2418 2367 2419 2367 2369 2419 2419 2369 2420 2369 2371 2420 2420 2371 2421 2371 2373 2421 2421 2373 2422 2373 2375 2422 2422 2375 2423 2375 2377 2423 2423 2377 2424 2377 2379 2424 2424 2379 2425 2379 2381 2425 2425 2381 2426 2381 2383 2426 2426 2383 2427 2383 2385 2427 2427 2385 2428 2385 2387 2428 2428 2387 2429 2387 2389 2429 2429 2389 2430 2389 2391 2430 2430 2391 2431 2391 2393 2431 2431 2393 2432 2393 2395 2432 2432 2395 2433 2395 2397 2433 2433 2397 2434 2397 2399 2434 2434 2399 2435 2399 2401 2435 2435 2401 2436 2401 2404 2436 2404 2407 2436 2407 2411 2436 2437 2438 2439 2438 2440 2439 2439 2440 2441 2440 2442 2441 2441 2442 2443 2443 2442 2444 2442 2445 2444 2444 2445 2447 2445 2448 2447 2446 2449 2450 2449 2451 2450 2450 2451 2452 2451 2453 2452 2452 2453 2454 2453 2455 2454 2454 2455 2456 2455 2457 2456 2456 2457 2458 2457 2459 2458 2458 2459 2460 2460 2459 2461 2459 2462 2461 2461 2462 2465 2463 2466 2464 2464 2466 2467 2466 2468 2467 2467 2468 2469 2468 2470 2469 2469 2470 2471 2470 2472 2471 2471 2472 2473 2472 2474 2473 2473 2474 2475 2474 2476 2475 2475 2476 2477 2476 2478 2477 2477 2478 2479 2478 2437 2479 2479 2437 2480 2437 2439 2480 2482 2483 2484 2484 2483 2486 2483 2487 2486 2486 2487 2488 2487 2489 2488 2488 2489 2490 2489 2491 2490 2490 2491 2494 2492 2495 2493 2493 2495 2496 2495 2497 2496 2496 2497 2500 2498 2501 2499 2499 2501 2502 2501 2503 2502 2502 2503 2504 2503 2505 2504 2505 2506 2504 2504 2506 2509 2507 2510 2508 2508 2510 2511 2510 2512 2511 2511 2512 2513 2512 2514 2513 2513 2514 2515 2514 2516 2515 2515 2516 2517 2516 2518 2517 2517 2518 2519 2519 2518 2520 2518 2521 2520 2520 2521 2522 2521 2523 2522 2522 2523 2524 2523 2525 2524 2524 2525 2526 2525 2527 2526 2526 2527 2528 2527 2481 2528 2481 2485 2528 2530 2531 2532 2532 2531 2534 2531 2535 2534 2534 2535 2536 2535 2537 2536 2536 2537 2538 2537 2539 2538 2538 2539 2540 2539 2541 2540 2540 2541 2542 2541 2543 2542 2542 2543 2546 2544 2547 2545 2545 2547 2550 2548 2551 2549 2549 2551 2554 2553 2552 2555 2552 2556 2555 2556 2557 2555 2555 2557 2558 2557 2559 2558 2558 2559 2560 2559 2561 2560 2560 2561 2562 2562 2561 2563 2561 2564 2563 2563 2564 2565 2564 2566 2565 2565 2566 2567 2566 2568 2567 2568 2569 2567 2567 2569 2572 2570 2529 2571 2529 2533 2571 2574 2575 2577 2577 2575 2580 2576 2581 2579 2579 2581 2582 2581 2583 2582 2582 2583 2586 2585 2584 2588 2584 2589 2588 2590 2591 2587 2587 2591 2592 2591 2593 2592 2592 2593 2594 2594 2593 2595 2593 2596 2595 2595 2596 2597 2596 2598 2597 2597 2598 2599 2598 2600 2599 2599 2600 2601 2601 2600 2602 2602 2600 2603 2600 2604 2603 2603 2604 2608 2605 2609 2607 2609 2610 2607 2606 2611 2612 2612 2611 2613 2613 2611 2614 2611 2615 2614 2614 2615 2616 2616 2615 2618 2615 2619 2618 2617 2620 2621 2621 2620 2622 2620 2623 2622 2622 2623 2624 2623 2625 2624 2624 2625 2626 2626 2625 2627 2625 2628 2627 2627 2628 2629 2629 2628 2630 2628 2631 2630 2630 2631 2634 2632 2635 2633 2633 2635 2636 2635 2637 2636 2636 2637 2638 2637 2639 2638 2638 2639 2640 2640 2639 2641 2639 2642 2641 2641 2642 2643 2643 2642 2644 2642 2645 2644 2644 2645 2646 2645 2647 2646 2646 2647 2648 2647 2649 2648 2648 2649 2650 2649 2651 2650 2650 2651 2652 2652 2651 2653 2653 2651 2654 2651 2655 2654 2654 2655 2656 2655 2657 2656 2656 2657 2659 2657 2660 2659 2660 2661 2659 2662 2663 2658 2658 2663 2664 2663 2665 2664 2664 2665 2666 2665 2667 2666 2666 2667 2668 2667 2669 2668 2668 2669 2670 2670 2669 2671 2669 2672 2671 2671 2672 2673 2672 2674 2673 2673 2674 2675 2674 2676 2675 2675 2676 2677 2676 2678 2677 2677 2678 2680 2678 2681 2680 2682 2683 2679 2679 2683 2684 2683 2685 2684 2684 2685 2688 2686 2689 2687 2687 2689 2693 2692 2690 2695 2691 2696 2694 2694 2696 2697 2696 2698 2697 2697 2698 2701 2698 2702 2701 2703 2704 2700 2699 2705 2708 2706 2709 2707 2707 2709 2710 2709 2711 2710 2710 2711 2712 2711 2713 2712 2712 2713 2714 2713 2715 2714 2714 2715 2716 2715 2717 2716 2716 2717 2718 2717 2719 2718 2718 2719 2720 2719 2721 2720 2720 2721 2722 2721 2723 2722 2722 2723 2724 2723 2725 2724 2724 2725 2726 2725 2727 2726 2726 2727 2730 2728 2731 2729 2729 2731 2734 2733 2732 2735 2732 2736 2735 2735 2736 2737 2736 2738 2737 2737 2738 2739 2738 2740 2739 2739 2740 2741 2740 2742 2741 2741 2742 2743 2742 2744 2743 2743 2744 2745 2744 2746 2745 2745 2746 2747 2746 2573 2747 2573 2578 2747 2748 2751 2754 2752 2755 2753 2755 2756 2753 2753 2756 2757 2756 2758 2757 2757 2758 2759 2758 2760 2759 2759 2760 2761 2761 2760 2762 2760 2763 2762 2762 2763 2764 2763 2765 2764 2764 2765 2767 2765 2768 2767 2766 2769 2770 2769 2771 2770 2771 2772 2770 2770 2772 2775 2773 2776 2774 2774 2776 2777 2776 2778 2777 2777 2778 2779 2778 2780 2779 2779 2780 2781 2780 2782 2781 2781 2782 2783 2782 2784 2783 2783 2784 2785 2784 2786 2785 2785 2786 2787 2786 2788 2787 2787 2788 2789 2788 2790 2789 2789 2790 2791 2791 2790 2793 2790 2794 2793 2794 2795 2793 2796 2750 2792 2750 2749 2792 2797 2800 2802 2800 2803 2802 2803 2804 2802 2804 2805 2802 2801 2806 2807 2806 2808 2807 2807 2808 2809 2808 2810 2809 2810 2811 2809 2809 2811 2814 2812 2815 2813 2813 2815 2816 2816 2815 2817 2815 2818 2817 2818 2819 2817 2817 2819 2821 2821 2819 2823 2820 2824 2822 2824 2825 2822 2822 2825 2826 2825 2827 2826 2827 2828 2826 2828 2829 2826 2826 2829 2830 2829 2831 2830 2831 2832 2830 2832 2833 2830 2830 2833 2834 2833 2835 2834 2835 2836 2834 2836 2837 2834 2834 2837 2838 2837 2839 2838 2838 2839 2840 2839 2841 2840 2840 2841 2842 2841 2843 2842 2843 2844 2842 2842 2844 2847 2845 2848 2846 2846 2848 2849 2848 2850 2849 2849 2850 2851 2850 2852 2851 2851 2852 2853 2852 2854 2853 2853 2854 2855 2854 2856 2855 2855 2856 2857 2856 2858 2857 2858 2859 2857 2857 2859 2862 2860 2863 2861 2861 2863 2865 2863 2866 2865 2867 2868 2864 2864 2868 2869 2869 2868 2870 2868 2871 2870 2870 2871 2872 2871 2873 2872 2872 2873 2874 2873 2875 2874 2874 2875 2877 2875 2878 2877 2876 2879 2880 2880 2879 2881 2879 2882 2881 2881 2882 2883 2882 2884 2883 2883 2884 2885 2884 2886 2885 2885 2886 2887 2886 2888 2887 2887 2888 2889 2888 2890 2889 2889 2890 2891 2890 2892 2891 2892 2893 2891 2891 2893 2894 2893 2895 2894 2894 2895 2896 2895 2897 2896 2897 2898 2896 2896 2898 2901 2900 2899 2902 2899 2903 2902 2903 2904 2902 2902 2904 2907 2905 2908 2906 2908 2909 2906 2906 2909 2912 2910 2913 2911 2911 2913 2917 2914 2918 2916 2919 2920 2915 2915 2920 2923 2922 2921 2924 2921 2925 2924 2924 2925 2926 2925 2927 2926 2926 2927 2928 2927 2929 2928 2928 2929 2932 2930 2933 2931 2931 2933 2934 2933 2935 2934 2935 2936 2934 2934 2936 2937 2937 2936 2938 2936 2939 2938 2938 2939 2940 2939 2941 2940 2940 2941 2944 2942 2945 2943 2943 2945 2946 2945 2947 2946 2946 2947 2948 2947 2949 2948 2949 2950 2948 2948 2950 2951 2950 2952 2951 2951 2952 2953 2952 2954 2953 2954 2955 2953 2953 2955 2958 2956 2959 2957 2957 2959 2960 2960 2959 2961 2959 2962 2961 2961 2962 2963 2962 2964 2963 2963 2964 2965 2964 2966 2965 2965 2966 2967 2966 2968 2967 2967 2968 2971 2969 2972 2970 2970 2972 2975 2973 2976 2974 2974 2976 2978 2978 2976 2980 2979 2977 2982 2977 2983 2982 2984 2799 2981 2799 2798 2981 2985 2986 2987 2988 2989 2990 2992 2990 2994 2990 2989 2994 2989 2988 2994 2994 2988 2995 2995 2988 2997 2988 2990 2997 2999 3001 3002 3003 3000 3005 3000 2998 3005 2996 2990 3004 2990 2992 3004 3006 3007 3008 3008 3007 3009 3009 3007 3011 3011 3007 3014 3014 3007 3016 3016 3017 3019 3021 3022 3023 3026 3027 3028 3029 3030 3031 3030 3032 3031 3031 3032 3033 3033 3032 3034 3035 3034 3036 3034 3032 3036 3036 3032 3037 3037 3038 3039 3039 3038 3040 3040 3038 3041 3041 3038 3042 3038 3037 3042 3037 3032 3042 3032 3030 3042 3030 3029 3042 3042 3029 3043 3029 3031 3043 3044 3045 3046 3046 3045 3047 3047 3045 3048 3049 3050 3051 3050 3048 3051 3051 3048 3052 3048 3045 3052 3052 3045 3053 3045 3044 3053 3053 3044 3054 3055 3054 3056 3054 3044 3056 3056 3044 3057 3044 3046 3057 3057 3046 3058 3046 3047 3058 3059 3060 3061 3060 3058 3061 3058 3047 3061 3061 3047 3062 3047 3048 3062 3048 3050 3062 3062 3050 3063 3050 3049 3063 3049 3064 3063 3063 3064 3065 3065 3064 3066 3067 3068 3069 3068 3066 3069 3069 3066 3070 3066 3064 3070 3070 3064 3071 3064 3049 3071 3071 3049 3072 3049 3051 3072 3072 3051 3073 3051 3052 3073 3073 3052 3074 3052 3053 3074 3074 3053 3075 3053 3054 3075 3075 3054 3076 3054 3055 3076 3076 3055 3077 3055 3078 3077 3077 3078 3079 3080 3081 3082 3081 3079 3082 3079 3078 3082 3082 3078 3083 3083 3078 3084 3078 3055 3084 3055 3056 3084 3084 3056 3085 3056 3057 3085 3085 3057 3086 3057 3058 3086 3058 3060 3086 3086 3060 3087 3060 3059 3087 3043 3088 3089 3088 3087 3089 3087 3059 3089 3089 3059 3090 3090 3059 3091 3059 3061 3091 3091 3061 3092 3061 3062 3092 3092 3062 3093 3062 3063 3093 3063 3065 3093 3093 3065 3094 3065 3066 3094 3066 3068 3094 3094 3068 3095 3095 3068 3096 3068 3067 3096 3096 3067 3097 3098 3097 3099 3097 3067 3099 3099 3067 3100 3067 3069 3100 3100 3069 3101 3069 3070 3101 3101 3070 3102 3070 3071 3102 3102 3071 3103 3071 3072 3103 3104 3103 3105 3103 3072 3105 3072 3073 3105 3105 3073 3106 3073 3074 3106 3106 3074 3107 3074 3075 3107 3107 3075 3108 3075 3076 3108 3108 3076 3109 3076 3077 3109 3109 3077 3110 3077 3079 3110 3110 3079 3111 3079 3081 3111 3111 3081 3112 3113 3114 3115 3115 3114 3116 3114 3112 3116 3112 3081 3116 3081 3080 3116 3116 3080 3117 3117 3080 3118 3080 3082 3118 3082 3083 3118 3118 3083 3119 3083 3084 3119 3084 3085 3119 3085 3086 3119 3119 3086 3120 3086 3087 3120 3120 3087 3121 3087 3088 3121 3121 3088 3122 3122 3088 3123 3088 3043 3123 3043 3031 3123 3031 3028 3123 3028 3027 3123 3123 3027 3124 3027 3026 3124 3124 3026 3125 3125 3026 3126 3026 3028 3126 3028 3031 3126 3031 3033 3126 3127 3126 3128 3126 3033 3128 3033 3034 3128 3128 3034 3130 3034 3035 3130 3130 3035 3132 3132 3035 3133 3133 3035 3134 3035 3036 3134 3036 3037 3134 3037 3039 3134 3134 3039 3135 3135 3039 3136 3137 3136 3138 3136 3039 3138 3039 3040 3138 3138 3040 3139 3040 3041 3139 3041 3042 3139 3042 3043 3139 3043 3089 3139 3089 3090 3139 3139 3090 3140 3140 3090 3141 3090 3091 3141 3091 3092 3141 3141 3092 3142 3092 3093 3142 3142 3093 3143 3093 3094 3143 3094 3095 3143 3143 3095 3144 3095 3096 3144 3144 3096 3145 3096 3097 3145 3145 3097 3146 3097 3098 3146 3146 3098 3147 3148 3147 3149 3147 3098 3149 3149 3098 3150 3098 3099 3150 3150 3099 3151 3099 3100 3151 3151 3100 3152 3100 3101 3152 3152 3101 3153 3101 3102 3153 3153 3102 3154 3102 3103 3154 3103 3104 3154 3154 3104 3155 3155 3104 3156 3104 3105 3156 3105 3106 3156 3156 3106 3157 3106 3107 3157 3157 3107 3158 3107 3108 3158 3158 3108 3159 3108 3109 3159 3159 3109 3160 3109 3110 3160 3160 3110 3161 3110 3111 3161 3161 3111 3162 3111 3112 3162 3162 3112 3163 3112 3114 3163 3163 3114 3164 3114 3113 3164 3164 3113 3165 3165 3113 3166 3166 3113 3167 3113 3115 3167 3167 3115 3168 3168 3115 3169 3115 3116 3169 3116 3117 3169 3169 3117 3170 3117 3118 3170 3118 3119 3170 3119 3120 3170 3170 3120 3171 3120 3121 3171 3171 3121 3172 3121 3122 3172 3172 3122 3173 3174 3173 3175 3173 3122 3175 3122 3123 3175 3123 3124 3175 3175 3124 3176 3124 3125 3176 3176 3125 3177 3177 3125 3178 3178 3125 3179 3125 3126 3179 3126 3127 3179 3179 3127 3180 3182 3183 3186 3183 3187 3186 3187 3188 3186 3186 3188 3189 3188 3187 3189 3187 3180 3189 3180 3127 3189 3127 3128 3189 3189 3128 3190 3128 3130 3190 3191 3129 3192 3129 3131 3192 3132 3133 3195 3195 3133 3197 3197 3133 3198 3133 3134 3198 3134 3135 3198 3198 3135 3199 3135 3136 3199 3200 3199 3201 3199 3136 3201 3136 3137 3201 3201 3137 3202 3137 3138 3202 3138 3139 3202 3139 3140 3202 3202 3140 3203 3203 3140 3204 3140 3141 3204 3141 3142 3204 3204 3142 3205 3142 3143 3205 3205 3143 3206 3143 3144 3206 3206 3144 3207 3144 3145 3207 3207 3145 3208 3145 3146 3208 3208 3146 3209 3146 3147 3209 3209 3147 3210 3147 3148 3210 3210 3148 3211 3212 3211 3213 3211 3148 3213 3213 3148 3214 3148 3149 3214 3214 3149 3215 3149 3150 3215 3215 3150 3216 3150 3151 3216 3216 3151 3217 3151 3152 3217 3217 3152 3218 3152 3153 3218 3218 3153 3219 3153 3154 3219 3154 3155 3219 3155 3220 3219 3219 3220 3221 3221 3220 3222 3220 3155 3222 3155 3156 3222 3222 3156 3223 3156 3157 3223 3223 3157 3224 3157 3158 3224 3224 3158 3225 3158 3159 3225 3225 3159 3226 3159 3160 3226 3226 3160 3227 3160 3161 3227 3227 3161 3228 3161 3162 3228 3228 3162 3229 3162 3163 3229 3229 3163 3230 3163 3164 3230 3230 3164 3231 3164 3165 3231 3231 3165 3232 3232 3165 3233 3165 3234 3233 3233 3234 3235 3236 3235 3237 3235 3234 3237 3237 3234 3238 3234 3165 3238 3165 3166 3238 3238 3166 3239 3166 3167 3239 3239 3167 3240 3167 3168 3240 3240 3168 3241 3168 3169 3241 3169 3170 3241 3170 3171 3241 3241 3171 3242 3171 3172 3242 3242 3172 3243 3172 3173 3243 3243 3173 3244 3173 3174 3244 3244 3174 3245 3245 3174 3246 3246 3174 3247 3174 3175 3247 3175 3176 3247 3176 3177 3247 3177 3178 3247 3247 3178 3248 3178 3179 3248 3179 3180 3248 3248 3180 3249 3180 3187 3249 3187 3183 3249 3249 3183 3250 3251 3252 3255 3255 3252 3257 3257 3252 3258 3252 3250 3258 3250 3183 3258 3183 3182 3258 3259 3181 3261 3181 3184 3261 3185 3189 3260 3189 3190 3260 3190 3193 3260 3265 3262 3267 3262 3194 3267 3267 3194 3268 3273 3270 3275 3270 3195 3275 3195 3197 3275 3196 3278 3274 3278 3280 3274 3279 3281 3276 3276 3281 3282 3282 3281 3283 3283 3281 3284 3281 3279 3284 3279 3277 3284 3277 3197 3284 3197 3198 3284 3284 3198 3285 3198 3199 3285 3199 3200 3285 3285 3200 3286 3287 3288 3289 3288 3286 3289 3286 3200 3289 3200 3201 3289 3201 3202 3289 3202 3203 3289 3290 3289 3291 3289 3203 3291 3291 3203 3292 3203 3204 3292 3204 3205 3292 3292 3205 3293 3293 3205 3294 3205 3206 3294 3294 3206 3295 3206 3207 3295 3295 3207 3296 3207 3208 3296 3296 3208 3297 3297 3208 3298 3208 3209 3298 3209 3210 3298 3210 3211 3298 3298 3211 3299 3211 3212 3299 3212 3300 3299 3299 3300 3301 3300 3302 3301 3302 3303 3301 3301 3303 3304 3303 3305 3304 3304 3305 3306 3307 3306 3308 3306 3305 3308 3308 3305 3309 3305 3303 3309 3309 3303 3310 3303 3302 3310 3310 3302 3311 3302 3300 3311 3311 3300 3312 3300 3212 3312 3312 3212 3313 3212 3213 3313 3313 3213 3314 3213 3214 3314 3314 3214 3315 3214 3215 3315 3315 3215 3316 3215 3216 3316 3316 3216 3317 3216 3217 3317 3317 3217 3318 3217 3218 3318 3318 3218 3319 3218 3219 3319 3219 3221 3319 3319 3221 3320 3321 3320 3322 3320 3221 3322 3221 3222 3322 3322 3222 3323 3222 3223 3323 3323 3223 3324 3223 3224 3324 3324 3224 3325 3224 3225 3325 3325 3225 3326 3225 3226 3326 3326 3226 3327 3226 3227 3327 3327 3227 3328 3227 3228 3328 3328 3228 3329 3228 3229 3329 3329 3229 3330 3229 3230 3330 3330 3230 3331 3230 3231 3331 3331 3231 3332 3231 3232 3332 3332 3232 3333 3232 3233 3333 3333 3233 3334 3233 3235 3334 3334 3235 3335 3235 3236 3335 3335 3236 3336 3336 3236 3337 3236 3237 3337 3337 3237 3338 3237 3238 3338 3238 3239 3338 3338 3239 3339 3239 3240 3339 3339 3240 3340 3240 3241 3340 3241 3242 3340 3340 3242 3341 3242 3243 3341 3341 3243 3342 3243 3244 3342 3342 3244 3343 3244 3245 3343 3343 3245 3344 3344 3245 3345 3245 3246 3345 3345 3246 3346 3346 3246 3347 3246 3247 3347 3247 3248 3347 3248 3249 3347 3249 3250 3347 3347 3250 3348 3250 3252 3348 3348 3252 3349 3252 3251 3349 3349 3251 3350 3251 3351 3350 3350 3351 3352 3351 3353 3352 3352 3353 3354 3353 3355 3354 3354 3355 3357 3357 3355 3359 3355 3353 3359 3359 3353 3361 3353 3351 3361 3361 3351 3362 3351 3251 3362 3251 3255 3362 3364 3253 3367 3254 3256 3366 3257 3258 3365 3258 3262 3365 3262 3265 3365 3368 3263 3369 3374 3376 3378 3376 3371 3378 3378 3371 3380 3371 3264 3380 3380 3264 3382 3264 3266 3382 3382 3266 3384 3266 3269 3384 3384 3269 3386 3269 3271 3386 3386 3271 3388 3390 3388 3391 3388 3271 3391 3393 3272 3395 3272 3276 3395 3276 3282 3395 3282 3397 3395 3397 3399 3395 3398 3401 3394 3401 3025 3394 3023 3022 3396 3396 3022 3402 3405 3403 3406 3403 3022 3406 3022 3021 3406 3406 3021 3407 3407 3021 3408 3408 3021 3409 3021 3023 3409 3409 3024 3410 3024 3400 3410 3410 3400 3411 3400 3399 3411 3399 3397 3411 3411 3397 3412 3397 3282 3412 3282 3283 3412 3283 3284 3412 3412 3284 3413 3284 3285 3413 3285 3286 3413 3413 3286 3414 3286 3288 3414 3288 3287 3414 3414 3287 3415 3287 3289 3415 3289 3290 3415 3415 3290 3416 3416 3290 3417 3290 3291 3417 3417 3291 3418 3291 3292 3418 3292 3293 3418 3418 3293 3419 3419 3293 3420 3293 3294 3420 3420 3294 3421 3294 3295 3421 3421 3295 3422 3295 3296 3422 3422 3296 3423 3296 3297 3423 3423 3297 3424 3297 3298 3424 3424 3298 3425 3298 3299 3425 3299 3301 3425 3425 3301 3426 3301 3304 3426 3304 3306 3426 3426 3306 3427 3427 3306 3428 3428 3306 3429 3306 3307 3429 3307 3430 3429 3429 3430 3431 3431 3430 3432 3432 3430 3433 3430 3307 3433 3433 3307 3434 3307 3308 3434 3434 3308 3435 3308 3309 3435 3435 3309 3436 3309 3310 3436 3436 3310 3437 3310 3311 3437 3437 3311 3438 3438 3311 3439 3311 3312 3439 3439 3312 3440 3312 3313 3440 3440 3313 3441 3313 3314 3441 3441 3314 3442 3314 3315 3442 3442 3315 3443 3315 3316 3443 3443 3316 3444 3444 3316 3445 3316 3317 3445 3445 3317 3446 3317 3318 3446 3446 3318 3447 3318 3319 3447 3447 3319 3448 3319 3320 3448 3320 3321 3448 3448 3321 3449 3449 3321 3450 3450 3321 3451 3321 3322 3451 3322 3323 3451 3451 3323 3452 3323 3324 3452 3324 3325 3452 3452 3325 3453 3325 3326 3453 3453 3326 3454 3326 3327 3454 3454 3327 3455 3455 3327 3456 3327 3328 3456 3456 3328 3457 3328 3329 3457 3457 3329 3458 3329 3330 3458 3458 3330 3459 3330 3331 3459 3459 3331 3460 3331 3332 3460 3460 3332 3461 3461 3332 3462 3462 3332 3463 3332 3333 3463 3333 3334 3463 3463 3334 3464 3464 3334 3465 3334 3335 3465 3465 3335 3466 3466 3335 3467 3335 3336 3467 3467 3336 3468 3468 3336 3469 3470 3469 3471 3471 3469 3472 3469 3336 3472 3472 3336 3473 3336 3337 3473 3473 3337 3474 3337 3338 3474 3474 3338 3475 3338 3339 3475 3475 3339 3476 3339 3340 3476 3340 3341 3476 3476 3341 3477 3341 3342 3477 3477 3342 3478 3342 3343 3478 3478 3343 3479 3480 3479 3481 3479 3343 3481 3343 3344 3481 3344 3345 3481 3481 3345 3482 3345 3346 3482 3346 3347 3482 3347 3348 3482 3482 3348 3483 3348 3349 3483 3483 3349 3484 3349 3350 3484 3350 3352 3484 3484 3352 3485 3352 3354 3485 3485 3354 3486 3354 3357 3486 3357 3489 3486 3489 3491 3486 3486 3491 3492 3491 3495 3492 3496 3492 3497 3492 3495 3497 3498 3493 3501 3494 3490 3500 3490 3487 3500 3488 3356 3499 3356 3358 3499 3358 3360 3499 3360 3363 3499 3363 3368 3499 3368 3369 3499 3370 3375 3501 3501 3375 3505 3505 3375 3020 3020 3375 3507 3376 3374 3506 3508 3372 3509 3510 3373 3511 3373 3377 3511 3377 3379 3511 3379 3381 3511 3381 3383 3511 3383 3385 3511 3385 3387 3511 3387 3389 3511 3389 3513 3511 3513 3515 3511 3515 3517 3511 3511 3517 3518 3519 3516 3521 3521 3516 3523 3516 3514 3523 3523 3514 3525 3514 3512 3525 3525 3512 3526 3512 3390 3526 3390 3391 3526 3528 3392 3530 3392 3396 3530 3396 3402 3530 3402 3404 3530 3404 3533 3530 3532 3535 3529 3535 3538 3529 3531 3536 3539 3540 3537 3541 3541 3537 3542 3542 3537 3543 3537 3534 3543 3534 3533 3543 3533 3404 3543 3543 3404 3544 3404 3406 3544 3406 3407 3544 3544 3407 3545 3407 3408 3545 3546 3547 3548 3547 3545 3548 3545 3408 3548 3408 3409 3548 3409 3410 3548 3410 3411 3548 3548 3411 3549 3411 3412 3549 3412 3413 3549 3413 3414 3549 3549 3414 3550 3414 3415 3550 3415 3416 3550 3550 3416 3551 3416 3417 3551 3417 3418 3551 3418 3419 3551 3551 3419 3552 3553 3552 3554 3552 3419 3554 3554 3419 3555 3419 3420 3555 3555 3420 3556 3420 3421 3556 3421 3422 3556 3556 3422 3557 3422 3423 3557 3557 3423 3558 3423 3424 3558 3558 3424 3559 3424 3425 3559 3425 3426 3559 3426 3427 3559 3559 3427 3560 3427 3428 3560 3560 3428 3561 3428 3429 3561 3561 3429 3562 3429 3431 3562 3562 3431 3563 3564 3563 3566 3563 3431 3566 3566 3431 3568 3431 3432 3568 3432 3433 3568 3433 3434 3568 3568 3434 3570 3434 3435 3570 3435 3436 3570 3436 3437 3570 3570 3437 3572 3437 3438 3572 3438 3439 3572 3439 3440 3572 3572 3440 3574 3440 3441 3574 3441 3442 3574 3442 3443 3574 3574 3443 3576 3443 3444 3576 3444 3445 3576 3445 3446 3576 3576 3446 3578 3446 3447 3578 3447 3448 3578 3448 3449 3578 3449 3450 3578 3578 3450 3580 3450 3451 3580 3451 3452 3580 3580 3452 3582 3452 3453 3582 3453 3454 3582 3454 3455 3582 3582 3455 3584 3455 3456 3584 3456 3457 3584 3457 3458 3584 3584 3458 3586 3458 3459 3586 3459 3460 3586 3460 3461 3586 3586 3461 3588 3461 3462 3588 3462 3463 3588 3463 3464 3588 3588 3464 3590 3464 3465 3590 3465 3466 3590 3590 3466 3592 3466 3467 3592 3467 3468 3592 3468 3469 3592 3469 3470 3592 3592 3470 3594 3596 3594 3597 3597 3594 3598 3598 3594 3599 3594 3470 3599 3599 3470 3600 3470 3471 3600 3600 3471 3601 3601 3471 3602 3471 3472 3602 3472 3473 3602 3602 3473 3603 3473 3474 3603 3604 3603 3605 3603 3474 3605 3474 3475 3605 3605 3475 3606 3475 3476 3606 3476 3477 3606 3606 3477 3607 3477 3478 3607 3607 3478 3608 3478 3479 3608 3608 3479 3609 3479 3480 3609 3609 3480 3611 3611 3480 3612 3612 3480 3613 3480 3481 3613 3481 3482 3613 3613 3482 3614 3482 3483 3614 3614 3483 3615 3483 3484 3615 3484 3485 3615 3615 3485 3616 3616 3485 3617 3485 3486 3617 3486 3492 3617 3492 3496 3617 3617 3496 3618 3618 3496 3619 3496 3497 3619 3498 3501 3620 3501 3505 3620 3620 3505 3621 3623 3502 3624 3625 3503 3626 3626 3503 3627 3504 3018 3628 3628 3018 3629 3019 3017 3630 3630 3017 3631 3017 3016 3631 3016 3007 3631 3007 3006 3631 3631 3006 3632 3632 3006 3633 3635 3006 3636 3006 3008 3636 3008 3009 3636 3009 3011 3638 3638 3011 3640 3010 3012 3639 3013 3015 3641 3015 3020 3641 3020 3507 3641 3641 3507 3642 3508 3509 3643 3643 3509 3644 3510 3511 3645 3645 3511 3647 3647 3511 3648 3511 3651 3648 3649 3650 3653 3653 3650 3655 3655 3650 3656 3651 3511 3657 3657 3511 3659 3659 3511 3661 3661 3511 3663 3663 3511 3665 3665 3511 3667 3667 3511 3668 3511 3518 3668 3669 3519 3670 3519 3521 3670 3671 3520 3673 3520 3522 3673 3522 3524 3673 3524 3527 3673 3527 3531 3673 3531 3005 3673 3005 3677 3673 3675 3680 3672 3674 3678 3683 3683 3678 3684 3686 3679 3689 3680 3675 3688 3693 3691 3694 3687 3676 3695 3676 3004 3695 3695 3004 3696 3004 2992 3696 3697 2991 3699 3699 2991 3701 3701 2991 3703 2991 2993 3703 3703 2993 3705 3705 2993 3706 2994 2995 3707 3707 2995 3708 2995 2997 3708 2997 3001 3708 3001 2999 3708 3708 2999 3709 2999 3002 3709 3710 3003 3711 3003 3005 3711 3005 3531 3711 3531 3539 3711 3713 3540 3714 3714 3540 3715 3540 3541 3715 3715 3541 3716 3541 3542 3716 3716 3542 3717 3542 3543 3717 3543 3544 3717 3544 3545 3717 3717 3545 3718 3545 3547 3718 3718 3547 3721 3547 3546 3721 3721 3546 3722 3722 3546 3723 3546 3548 3723 3548 3549 3723 3549 3550 3723 3550 3551 3723 3723 3551 3725 3551 3552 3725 3725 3552 3726 3552 3553 3726 3726 3553 3727 3553 3554 3727 3554 3555 3727 3728 3729 3730 3729 3727 3730 3727 3555 3730 3730 3555 3731 3555 3556 3731 3556 3557 3731 3731 3557 3732 3557 3558 3732 3732 3558 3733 3558 3559 3733 3559 3560 3733 3733 3560 3734 3734 3560 3735 3560 3561 3735 3735 3561 3736 3561 3562 3736 3736 3562 3737 3562 3563 3737 3563 3564 3737 3737 3564 3738 3739 3738 3740 3738 3564 3740 3564 3566 3740 3566 3742 3740 3740 3742 3743 3744 3745 3746 3745 3748 3746 3748 3743 3746 3743 3742 3746 3749 3751 3752 3751 3754 3752 3752 3754 3755 3754 3757 3755 3755 3757 3758 3757 3747 3758 3758 3747 3759 3747 3741 3759 3759 3741 3760 3741 3565 3760 3760 3565 3761 3565 3567 3761 3761 3567 3762 3567 3569 3762 3762 3569 3763 3569 3571 3763 3763 3571 3764 3571 3573 3764 3764 3573 3765 3573 3575 3765 3765 3575 3766 3575 3577 3766 3766 3577 3767 3577 3579 3767 3767 3579 3768 3579 3581 3768 3768 3581 3769 3581 3583 3769 3769 3583 3770 3583 3585 3770 3770 3585 3771 3585 3587 3771 3771 3587 3772 3587 3589 3772 3772 3589 3773 3589 3591 3773 3773 3591 3774 3591 3593 3774 3774 3593 3775 3593 3595 3775 3775 3595 3776 3777 3778 3780 3780 3778 3782 3778 3783 3782 3782 3783 3784 3783 3776 3784 3776 3595 3784 3786 3785 3787 3787 3785 3788 3785 3596 3788 3788 3596 3789 3789 3596 3790 3596 3597 3790 3791 3790 3792 3790 3597 3792 3597 3598 3792 3792 3598 3793 3598 3599 3793 3599 3600 3793 3793 3600 3794 3600 3601 3794 3794 3601 3795 3601 3602 3795 3602 3603 3795 3603 3604 3795 3795 3604 3796 3796 3604 3797 3604 3605 3797 3605 3606 3797 3606 3607 3797 3797 3607 3798 3607 3608 3798 3799 3608 3800 3608 3609 3800 3609 3611 3800 3610 3801 3800 3802 3800 3803 3800 3801 3803 3803 3801 3804 3801 3610 3804 3805 3611 3806 3806 3611 3807 3611 3612 3807 3807 3612 3808 3612 3613 3808 3613 3614 3808 3808 3614 3809 3614 3615 3809 3615 3616 3809 3809 3616 3810 3810 3616 3811 3616 3617 3811 3811 3617 3812 3617 3618 3812 3618 3619 3812 3619 3622 3812 3622 3625 3812 3625 3626 3812 3812 3626 3813 3626 3627 3813 3627 3630 3813 3813 3630 3814 3630 3631 3814 3815 3814 3817 3814 3631 3817 3631 3632 3817 3632 3633 3816 3818 3634 3820 3820 3634 3822 3634 3637 3822 3822 3637 3824 3824 3637 3826 3826 3637 3828 3638 3640 3827 3640 3830 3827 3828 3829 3832 3832 3829 3834 3829 3836 3834 3834 3836 3838 3838 3836 3840 3840 3836 3841 3842 3835 3843 3835 3830 3843 3830 3640 3843 3641 3642 3845 3845 3642 3846 3643 3644 3847 3644 3646 3847 3847 3646 3848 3646 3649 3848 3649 3653 3848 3849 3652 3851 3851 3652 3853 3652 3654 3853 3853 3654 3855 3855 3654 3857 3857 3654 3858 3655 3656 3859 3656 3658 3859 3859 3658 3861 3658 3660 3861 3861 3660 3863 3660 3662 3863 3863 3662 3865 3662 3664 3865 3865 3664 3867 3664 3666 3867 3867 3666 3868 3666 3669 3868 3669 3670 3868 3671 3673 3869 3673 3681 3869 3869 3681 3871 3871 3681 3872 3682 3685 3874 3874 3685 3875 3877 3686 3878 3686 3689 3878 3879 3690 3880 3690 3692 3880 3880 3692 3882 3693 3694 3881 3694 3697 3881 3697 3699 3881 3882 3698 3883 3698 3700 3883 3883 3700 3884 3700 3702 3884 3702 3704 3884 3884 3704 3885 3704 3707 3885 3885 3707 3886 3707 3708 3886 3708 3709 3886 3886 3709 3887 3710 3711 3888 3888 3711 3889 3891 3712 3892 3713 3714 3893 3893 3714 3894 3714 3715 3894 3715 3716 3894 3894 3716 3895 3895 3716 3896 3716 3717 3896 3717 3718 3896 3896 3718 3897 3718 3721 3897 3897 3719 3898 3720 3722 3899 3899 3722 3900 3722 3723 3900 3723 3725 3900 3901 3724 3902 3724 3726 3902 3726 3727 3902 3902 3727 3903 3727 3729 3903 3903 3729 3905 3729 3728 3905 3905 3728 3906 3728 3730 3908 3909 3908 3910 3908 3730 3910 3910 3730 3911 3730 3731 3911 3731 3732 3911 3911 3732 3912 3732 3733 3912 3733 3734 3912 3912 3734 3913 3913 3734 3914 3734 3735 3914 3735 3736 3914 3736 3737 3914 3737 3738 3914 3914 3738 3915 3738 3739 3915 3915 3739 3916 3739 3740 3916 3740 3743 3916 3916 3743 3917 3743 3748 3917 3917 3748 3918 3748 3745 3918 3745 3744 3918 3918 3744 3919 3919 3744 3920 3744 3746 3920 3746 3756 3920 3920 3756 3921 3921 3756 3922 3922 3756 3923 3756 3753 3923 3923 3753 3924 3924 3753 3925 3753 3750 3925 3925 3750 3926 3926 3750 3927 3927 3750 3928 3928 3750 3929 3929 3750 3930 3751 3749 3931 3749 3932 3931 3931 3932 3933 3932 3777 3933 3777 3780 3933 3935 3934 3936 3934 3779 3936 3936 3779 3937 3937 3779 3938 3938 3779 3939 3779 3781 3939 3939 3781 3940 3940 3781 3941 3941 3781 3942 3942 3781 3943 3781 3785 3943 3785 3786 3943 3943 3786 3944 3944 3786 3945 3786 3787 3945 3787 3788 3945 3788 3789 3945 3945 3789 3946 3789 3790 3946 3790 3791 3946 3946 3791 3947 3791 3792 3947 3792 3793 3947 3793 3794 3947 3947 3794 3948 3794 3795 3948 3795 3796 3948 3948 3796 3949 3796 3797 3949 3797 3799 3949 3949 3799 3950 3799 3800 3950 3800 3802 3950 3950 3802 3951 3802 3803 3951 3951 3803 3952 3952 3803 3953 3803 3804 3953 3954 3805 3955 3805 3806 3955 3955 3806 3956 3806 3807 3956 3956 3807 3957 3807 3808 3957 3808 3809 3957 3809 3810 3957 3957 3810 3958 3958 3810 3959 3810 3811 3959 3959 3811 3960 3811 3812 3960 3960 3812 3961 3812 3813 3961 3961 3813 3962 3813 3814 3962 3962 3814 3963 3814 3815 3963 3963 3815 3964 3815 3817 3964 3817 3819 3964 3819 3821 3964 3821 3823 3964 3964 3823 3965 3823 3825 3965 3965 3825 3967 3826 3828 3966 3828 3832 3966 3967 3831 3968 3831 3833 3968 3833 3837 3968 3837 3839 3968 3968 3839 3971 3840 3841 3970 3842 3843 3969 3971 3844 3973 3845 3846 3972 3846 3849 3972 3849 3851 3972 3974 3973 3975 3973 3850 3975 3975 3850 3976 3976 3850 3977 3977 3850 3978 3978 3850 3979 3850 3852 3979 3979 3852 3980 3980 3852 3981 3981 3852 3982 3982 3852 3983 3852 3854 3983 3983 3854 3984 3984 3854 3985 3854 3856 3985 3985 3856 3986 3986 3856 3987 3987 3856 3988 3988 3856 3989 3990 3989 3991 3989 3856 3991 3857 3858 3992 3858 3860 3992 3992 3860 3994 3860 3862 3994 3994 3862 3996 3862 3864 3996 3996 3864 3998 3864 3866 3998 3998 3866 4000 3866 3869 4000 4000 3869 4002 4002 3869 4003 3869 3871 4003 4004 3870 4005 4005 3870 4006 3870 3873 4006 3873 3876 4006 4006 3876 4007 3876 3879 4007 4007 3879 4008 3879 3880 4008 4008 3880 4009 4009 3880 4010 3880 3882 4010 3882 3883 4010 4010 3883 4011 3883 3884 4011 3884 3885 4011 4011 3885 4012 4012 3885 4013 3885 3886 4013 3886 3887 4013 4013 3887 4014 3887 3890 4014 3890 3893 4014 3893 3894 4014 3894 3895 4014 4014 3895 4015 4015 3895 4016 3895 3896 4016 3896 3897 4016 4016 3897 4017 3897 3898 4017 4017 3898 4018 3898 3901 4018 3901 3902 4018 4019 4018 4020 4018 3902 4020 3902 3903 4020 4020 3903 4022 3903 3905 4022 3904 3907 4021 3908 3909 4022 4022 3909 4023 3909 3910 4023 3910 3911 4023 4024 4025 4026 4025 4023 4026 4023 3911 4026 3911 3912 4026 4026 3912 4027 3912 3913 4027 4027 3913 4028 3913 3914 4028 3914 3915 4028 4028 3915 4029 4029 3915 4030 3915 3916 4030 3916 3917 4030 3917 3918 4030 4030 3918 4031 3918 3919 4031 4031 3919 4032 4032 3919 4033 3919 3920 4033 3920 3921 4033 3921 3922 4033 4033 3922 4034 3922 3923 4034 4034 3923 4035 3923 3924 4035 3924 3925 4035 4035 3925 4036 3925 3926 4036 3926 3927 4036 4036 3927 4037 3927 3928 4037 3928 3929 4037 4037 3929 4038 3929 3930 4038 4038 3930 4039 4039 3930 4040 4040 3930 4041 4041 3930 4042 3930 3934 4042 3934 3935 4042 4042 3935 4043 4043 3935 4044 3935 3936 4044 3936 3937 4044 4044 3937 4045 3937 3938 4045 3938 3939 4045 4045 3939 4046 3939 3940 4046 3940 3941 4046 3941 3942 4046 3942 3943 4046 3943 3944 4046 4046 3944 4047 4047 3944 4048 3944 3945 4048 4048 3945 4049 3945 3946 4049 3946 3947 4049 4049 3947 4050 3947 3948 4050 4050 3948 4051 3948 3949 4051 3949 3950 4051 4051 3950 4052 3950 3951 4052 4053 4052 4054 4054 4052 4055 4052 3951 4055 3951 3952 4055 3952 3953 4055 4055 3953 4056 3953 3955 4056 4056 3955 4057 3955 3956 4057 3956 3957 4057 3957 3958 4057 3958 3959 4057 4057 3959 4058 4058 3959 4059 3959 3960 4059 3960 3961 4059 3961 3962 4059 4059 3962 4060 3962 3963 4060 4060 3963 4061 3963 3964 4061 3964 3965 4061 4061 3965 4062 4062 3965 4063 3965 3967 4063 4063 3967 4064 3967 3968 4064 4064 3968 4065 3968 3971 4065 4065 3971 4066 3971 3973 4066 3973 3974 4066 4066 3974 4067 4067 3974 4068 3974 3975 4068 4068 3975 4069 3975 3976 4069 4069 3976 4070 3976 3977 4070 4070 3977 4071 3977 3978 4071 4071 3978 4072 3978 3979 4072 3979 3980 4072 4072 3980 4073 3980 3981 4073 4073 3981 4074 3981 3982 4074 4074 3982 4075 3982 3983 4075 4075 3983 4076 4076 3983 4077 3983 3984 4077 3984 3985 4077 3985 3986 4077 4077 3986 4078 3986 3987 4078 4078 3987 4079 3987 3988 4079 4079 3988 4080 3988 3989 4080 3989 3990 4080 4080 3990 4081 4081 3990 4082 3990 3991 4082 3991 3993 4082 3993 4083 4082 4082 4083 4084 4084 4083 4085 4083 3993 4085 3993 3995 4085 4085 3995 4086 4086 3995 4087 3995 3997 4087 4087 3997 4088 4088 3997 4089 3997 3999 4089 4089 3999 4090 4090 3999 4091 4091 3999 4092 3999 4001 4092 4092 4001 4093 4093 4001 4094 4094 4001 4095 4001 4004 4095 4095 4004 4096 4004 4005 4096 4096 4005 4097 4097 4005 4098 4005 4006 4098 4006 4007 4098 4099 4098 4100 4098 4007 4100 4007 4008 4100 4100 4008 4101 4008 4009 4101 4009 4010 4101 4010 4011 4101 4101 4011 4102 4011 4012 4102 4102 4012 4103 4103 4012 4104 4012 4013 4104 4013 4014 4104 4014 4015 4104 4104 4015 4105 4105 4015 4106 4015 4016 4106 4016 4017 4106 4106 4017 4107 4107 4017 4108 4017 4018 4108 4018 4019 4108 4109 4108 4110 4108 4019 4110 4019 4020 4110 4020 4022 4110 4022 4023 4110 4023 4025 4110 4110 4025 4111 4025 4024 4111 4111 4024 4112 4112 4024 4113 4024 4026 4113 4114 4113 4115 4113 4026 4115 4026 4027 4115 4115 4027 4116 4027 4028 4116 4028 4029 4116 4116 4029 4117 4117 4029 4118 4029 4030 4118 4030 4031 4118 4118 4031 4119 4031 4032 4119 4119 4032 4120 4032 4033 4120 4033 4034 4120 4120 4034 4121 4034 4035 4121 4121 4035 4122 4035 4036 4122 4122 4036 4123 4036 4037 4123 4123 4037 4124 4037 4038 4124 4038 4039 4124 4039 4040 4124 4040 4041 4124 4041 4042 4124 4042 4043 4124 4124 4043 4125 4125 4043 4126 4043 4044 4126 4126 4044 4127 4044 4045 4127 4127 4045 4128 4045 4046 4128 4046 4047 4128 4128 4047 4129 4129 4047 4130 4047 4048 4130 4130 4048 4131 4048 4049 4131 4049 4050 4131 4131 4050 4132 4050 4051 4132 4051 4052 4132 4132 4052 4133 4052 4053 4133 4134 4133 4135 4133 4053 4135 4135 4053 4136 4136 4053 4137 4053 4054 4137 4054 4055 4137 4055 4056 4137 4137 4056 4138 4056 4057 4138 4057 4058 4138 4138 4058 4139 4058 4059 4139 4139 4059 4140 4140 4059 4141 4059 4060 4141 4060 4061 4141 4141 4061 4142 4142 4061 4143 4061 4062 4143 4062 4063 4143 4063 4064 4143 4064 4065 4143 4143 4065 4144 4065 4066 4144 4066 4067 4144 4144 4067 4145 4145 4067 4146 4067 4068 4146 4146 4068 4147 4068 4069 4147 4147 4069 4148 4069 4070 4148 4148 4070 4149 4070 4071 4149 4149 4071 4150 4071 4072 4150 4150 4072 4151 4072 4073 4151 4151 4073 4152 4073 4074 4152 4152 4074 4153 4074 4075 4153 4153 4075 4154 4075 4076 4154 4154 4076 4155 4076 4077 4155 4155 4077 4156 4077 4078 4156 4156 4078 4157 4078 4079 4157 4157 4079 4158 4079 4080 4158 4158 4080 4159 4080 4081 4159 4159 4081 4160 4160 4081 4161 4081 4082 4161 4082 4084 4161 4161 4084 4162 4162 4084 4163 4084 4085 4163 4085 4086 4163 4163 4086 4164 4086 4087 4164 4087 4088 4164 4164 4088 4165 4088 4089 4165 4165 4089 4166 4089 4090 4166 4090 4091 4166 4166 4091 4167 4091 4092 4167 4167 4092 4168 4092 4093 4168 4093 4094 4168 4168 4094 4169 4094 4095 4169 4095 4096 4169 4096 4097 4169 4169 4097 4170 4170 4097 4171 4097 4098 4171 4171 4098 4172 4098 4099 4172 4172 4099 4173 4173 4099 4174 4099 4100 4174 4100 4101 4174 4101 4102 4174 4174 4102 4175 4102 4103 4175 4175 4103 4176 4103 4104 4176 4176 4104 4177 4104 4105 4177 4177 4105 4178 4105 4106 4178 4106 4107 4178 4107 4108 4178 4108 4109 4178 4178 4109 4179 4179 4109 4180 4109 4110 4180 4110 4111 4180 4180 4111 4181 4111 4112 4181 4181 4112 4182 4182 4112 4183 4112 4113 4183 4113 4114 4183 4183 4114 4184 4114 4115 4184 4115 4116 4184 4116 4117 4184 4184 4117 4185 4185 4117 4186 4187 4188 4189 4188 4186 4189 4186 4117 4189 4117 4118 4189 4118 4119 4189 4189 4119 4190 4119 4120 4190 4120 4121 4190 4190 4121 4191 4191 4121 4192 4121 4122 4192 4192 4122 4193 4122 4123 4193 4193 4123 4194 4123 4124 4194 4124 4125 4194 4194 4125 4195 4125 4126 4195 4195 4126 4196 4126 4127 4196 4196 4127 4197 4127 4128 4197 4128 4129 4197 4197 4129 4198 4198 4129 4199 4129 4130 4199 4199 4130 4200 4130 4131 4200 4131 4132 4200 4132 4133 4200 4133 4134 4200 4200 4134 4201 4201 4134 4202 4134 4135 4202 4135 4136 4202 4202 4136 4203 4203 4136 4204 4136 4137 4204 4137 4138 4204 4138 4139 4204 4204 4139 4205 4139 4140 4205 4205 4140 4206 4206 4140 4207 4140 4141 4207 4141 4142 4207 4207 4142 4208 4142 4143 4208 4208 4143 4209 4143 4144 4209 4144 4145 4209 4209 4145 4210 4145 4146 4210 4211 4210 4212 4210 4146 4212 4146 4147 4212 4212 4147 4213 4147 4148 4213 4213 4148 4214 4148 4149 4214 4214 4149 4215 4149 4150 4215 4215 4150 4216 4150 4151 4216 4216 4151 4217 4151 4152 4217 4217 4152 4218 4152 4153 4218 4218 4153 4219 4153 4154 4219 4219 4154 4220 4154 4155 4220 4220 4155 4221 4155 4156 4221 4221 4156 4222 4156 4157 4222 4222 4157 4223 4223 4157 4224 4157 4158 4224 4158 4159 4224 4159 4160 4224 4224 4160 4225 4225 4160 4226 4160 4161 4226 4161 4162 4226 4226 4162 4227 4162 4163 4227 4227 4163 4228 4163 4164 4228 4228 4164 4229 4164 4165 4229 4229 4165 4230 4165 4166 4230 4230 4166 4231 4166 4167 4231 4231 4167 4232 4167 4168 4232 4232 4168 4233 4168 4169 4233 4169 4170 4233 4233 4170 4234 4234 4170 4235 4170 4171 4235 4235 4171 4236 4171 4172 4236 4236 4172 4237 4237 4172 4238 4172 4173 4238 4238 4173 4239 4173 4174 4239 4174 4175 4239 4239 4175 4240 4175 4176 4240 4240 4176 4241 4176 4177 4241 4241 4177 4242 4177 4178 4242 4178 4179 4242 4242 4179 4243 4243 4179 4244 4179 4180 4244 4180 4181 4244 4244 4181 4245 4181 4182 4245 4245 4182 4246 4182 4183 4246 4246 4183 4247 4183 4184 4247 4184 4185 4247 4185 4186 4247 4247 4186 4248 4186 4188 4248 4188 4187 4248 4248 4187 4249 4187 4189 4249 4189 4190 4249 4190 4191 4249 4249 4191 4250 4191 4192 4250 4250 4192 4251 4251 4192 4252 4192 4193 4252 4252 4193 4253 4193 4194 4253 4253 4194 4254 4254 4194 4255 4194 4195 4255 4255 4195 4256 4256 4195 4257 4195 4196 4257 4257 4196 4258 4196 4197 4258 4258 4197 4259 4197 4198 4259 4259 4198 4260 4198 4199 4260 4260 4199 4261 4261 4199 4262 4199 4200 4262 4200 4201 4262 4262 4201 4263 4201 4202 4263 4263 4202 4264 4264 4202 4265 4202 4203 4265 4265 4203 4266 4203 4204 4266 4204 4205 4266 4205 4206 4266 4266 4206 4267 4206 4207 4267 4207 4208 4267 4267 4208 4268 4208 4209 4268 4268 4209 4269 4209 4210 4269 4210 4211 4269 4269 4211 4270 4270 4211 4271 4211 4212 4271 4212 4213 4271 4271 4213 4272 4213 4214 4272 4272 4214 4273 4214 4215 4273 4273 4215 4274 4215 4216 4274 4274 4216 4275 4216 4217 4275 4275 4217 4276 4217 4218 4276 4276 4218 4277 4218 4219 4277 4277 4219 4278 4219 4220 4278 4278 4220 4279 4220 4221 4279 4279 4221 4280 4221 4222 4280 4280 4222 4281 4222 4223 4281 4281 4223 4282 4223 4224 4282 4282 4224 4283 4224 4225 4283 4283 4225 4284 4285 4284 4286 4284 4225 4286 4225 4226 4286 4286 4226 4287 4226 4227 4287 4227 4228 4287 4287 4228 4288 4228 4229 4288 4288 4229 4289 4229 4230 4289 4289 4230 4290 4230 4231 4290 4290 4231 4291 4231 4232 4291 4291 4232 4292 4232 4233 4292 4233 4234 4292 4292 4234 4293 4293 4234 4294 4234 4235 4294 4294 4235 4295 4235 4236 4295 4295 4236 4296 4236 4237 4296 4296 4237 4297 4297 4237 4298 4237 4238 4298 4238 4239 4298 4298 4239 4299 4239 4240 4299 4299 4240 4300 4240 4241 4300 4300 4241 4301 4241 4242 4301 4242 4243 4301 4301 4243 4302 4302 4243 4303 4243 4244 4303 4244 4245 4303 4303 4245 4304 4245 4246 4304 4304 4246 4305 4305 4246 4306 4246 4247 4306 4306 4247 4307 4247 4248 4307 4307 4248 4308 4248 4249 4308 4308 4249 4309 4249 4250 4309 4309 4250 4310 4250 4251 4310 4251 4252 4310 4252 4253 4310 4310 4253 4311 4253 4254 4311 4254 4255 4311 4311 4255 4312 4255 4256 4312 4312 4256 4313 4256 4257 4313 4257 4258 4313 4258 4259 4313 4313 4259 4314 4259 4260 4314 4314 4260 4315 4315 4260 4316 4260 4261 4316 4261 4262 4316 4262 4263 4316 4316 4263 4317 4263 4264 4317 4318 4317 4319 4317 4264 4319 4319 4264 4320 4264 4265 4320 4265 4266 4320 4321 4320 4322 4320 4266 4322 4266 4267 4322 4267 4268 4322 4322 4268 4323 4268 4269 4323 4323 4269 4324 4269 4270 4324 4324 4270 4325 4325 4270 4326 4270 4271 4326 4271 4272 4326 4272 4273 4326 4326 4273 4327 4273 4274 4327 4327 4274 4328 4274 4275 4328 4328 4275 4329 4275 4276 4329 4329 4276 4330 4276 4277 4330 4330 4277 4331 4277 4278 4331 4331 4278 4332 4278 4279 4332 4332 4279 4333 4279 4280 4333 4333 4280 4334 4280 4281 4334 4281 4282 4334 4282 4283 4334 4334 4283 4335 4283 4284 4335 4335 4284 4336 4284 4285 4336 4336 4285 4337 4337 4285 4338 4285 4286 4338 4286 4287 4338 4338 4287 4339 4287 4288 4339 4288 4289 4339 4339 4289 4340 4289 4290 4340 4340 4290 4341 4290 4291 4341 4341 4291 4342 4291 4292 4342 4292 4293 4342 4344 4342 4346 4346 4342 4348 4342 4293 4348 4348 4293 4351 4351 4293 4353 4293 4294 4353 4353 4294 4355 4355 4294 4357 4357 4294 4359 4359 4294 4361 4294 4295 4361 4361 4295 4363 4363 4295 4365 4295 4296 4365 4365 4296 4367 4367 4296 4369 4369 4296 4371 4296 4297 4371 4371 4297 4373 4373 4297 4375 4375 4297 4377 4377 4297 4380 4297 4298 4380 4380 4298 4382 4298 4299 4382 4382 4299 4384 4384 4299 4386 4299 4300 4386 4386 4300 4388 4388 4300 4390 4390 4300 4393 4300 4301 4393 4301 4302 4393 4393 4302 4395 4395 4302 4397 4302 4303 4397 4397 4303 4399 4303 4304 4399 4399 4304 4401 4401 4304 4403 4304 4305 4403 4403 4305 4405 4405 4305 4407 4305 4306 4407 4407 4306 4410 4306 4307 4410 4307 4308 4410 4410 4308 4412 4308 4309 4412 4412 4309 4414 4414 4309 4416 4416 4309 4418 4418 4309 4420 4309 4310 4420 4420 4310 4422 4422 4310 4424 4424 4310 4426 4426 4310 4428 4428 4310 4429 4310 4311 4429 4311 4312 4431 4431 4312 4433 4433 4312 4435 4312 4313 4435 4435 4313 4437 4437 4313 4439 4313 4314 4439 4439 4314 4441 4441 4314 4443 4314 4315 4443 4443 4315 4445 4315 4316 4445 4445 4316 4447 4447 4316 4449 4316 4317 4449 4449 4317 4451 4317 4318 4451 4451 4318 4453 4318 4319 4453 4453 4319 4455 4455 4319 4457 4319 4320 4457 4320 4321 4457 4457 4321 4459 4321 4322 4459 4459 4322 4461 4322 4323 4461 4461 4323 4463 4463 4323 4465 4465 4323 4467 4323 4324 4467 4467 4324 4469 4324 4325 4469 4469 4325 4471 4471 4325 4473 4473 4325 4475 4325 4326 4475 4475 4326 4477 4477 4326 4480 4326 4327 4480 4480 4327 4482 4327 4328 4482 4482 4328 4484 4484 4328 4486 4486 4328 4488 4328 4329 4488 4329 4330 4488 4488 4330 4490 4330 4331 4490 4490 4331 4492 4331 4332 4492 4492 4332 4494 4494 4332 4496 4332 4333 4496 4496 4333 4498 4498 4333 4500 4500 4333 4502 4333 4334 4502 4502 4334 4504 4504 4334 4506 4506 4334 4508 4508 4334 4511 4334 4335 4511 4511 4335 4513 4513 4335 4515 4515 4335 4517 4335 4336 4517 4517 4336 4519 4519 4336 4521 4521 4336 4523 4523 4336 4525 4336 4337 4525 4525 4337 4527 4337 4338 4527 4527 4338 4529 4338 4339 4529 4529 4339 4531 4531 4339 4533 4533 4339 4535 4339 4340 4535 4535 4340 4538 4538 4340 4540 4540 4340 4542 4340 4341 4542 4542 4341 4545 4545 4341 4546 4341 4342 4546 4342 4344 4546 4547 4343 4549 4343 4345 4549 4345 4347 4549 4347 4349 4549 4549 4349 4550 4350 4352 4552 4352 4354 4552 4354 4356 4552 4356 4358 4552 4552 4358 4554 4358 4360 4554 4360 4362 4554 4362 4364 4554 4364 4366 4554 4366 4368 4554 4554 4368 4555 4368 4370 4555 4370 4372 4555 4372 4374 4555 4374 4376 4555 4376 4378 4555 4557 4379 4559 4379 4381 4559 4381 4383 4559 4383 4385 4559 4559 4385 4561 4385 4387 4561 4387 4389 4561 4389 4391 4561 4561 4391 4562 4392 4394 4564 4394 4396 4564 4396 4398 4564 4398 4400 4564 4564 4400 4566 4400 4402 4566 4402 4404 4566 4404 4406 4566 4406 4408 4566 4566 4408 4567 4409 4411 4569 4411 4413 4569 4413 4415 4569 4415 4417 4569 4569 4417 4571 4417 4419 4571 4419 4421 4571 4421 4423 4571 4423 4425 4571 4571 4425 4573 4425 4427 4573 4427 4430 4573 4430 4432 4573 4432 4434 4573 4573 4434 4575 4434 4436 4575 4436 4438 4575 4575 4438 4577 4438 4440 4577 4440 4442 4577 4442 4444 4577 4577 4444 4579 4444 4446 4579 4446 4448 4579 4448 4450 4579 4450 4452 4579 4579 4452 4581 4452 4454 4581 4454 4456 4581 4456 4458 4581 4581 4458 4583 4458 4460 4583 4460 4462 4583 4462 4464 4583 4583 4464 4585 4464 4466 4585 4466 4468 4585 4468 4470 4585 4585 4470 4587 4470 4472 4587 4472 4474 4587 4474 4476 4587 4476 4478 4587 4587 4478 4588 4479 4481 4590 4481 4483 4590 4483 4485 4590 4485 4487 4590 4590 4487 4592 4487 4489 4592 4489 4491 4592 4491 4493 4592 4592 4493 4594 4493 4495 4594 4495 4497 4594 4497 4499 4594 4499 4501 4594 4594 4501 4595 4501 4503 4595 4503 4505 4595 4505 4507 4595 4507 4509 4595 4510 4512 4597 4597 4512 4599 4512 4514 4599 4514 4516 4599 4516 4518 4599 4518 4520 4599 4520 4522 4599 4599 4522 4601 4522 4524 4601 4524 4526 4601 4526 4528 4601 4601 4528 4602 4528 4530 4602 4530 4532 4602 4532 4534 4602 4534 4536 4602 4537 4539 4604 4604 4539 4606 4539 4541 4606 4541 4543 4606 4544 4547 4605 4547 4549 4605 4607 4548 4609 4609 4548 4611 4548 4551 4611 4611 4551 4613 4551 4553 4613 4613 4553 4615 4553 4556 4615 4615 4556 4617 4556 4558 4617 4617 4558 4619 4558 4560 4619 4619 4560 4621 4560 4563 4621 4621 4563 4623 4563 4565 4623 4623 4565 4625 4565 4568 4625 4625 4568 4627 4568 4570 4627 4627 4570 4629 4570 4572 4629 4629 4572 4631 4572 4574 4631 4631 4574 4633 4574 4576 4633 4633 4576 4635 4576 4578 4635 4635 4578 4637 4578 4580 4637 4637 4580 4639 4580 4582 4639 4639 4582 4641 4582 4584 4641 4641 4584 4643 4584 4586 4643 4643 4586 4645 4586 4589 4645 4645 4589 4647 4589 4591 4647 4647 4591 4649 4591 4593 4649 4649 4593 4651 4593 4596 4651 4651 4596 4653 4596 4598 4653 4653 4598 4655 4598 4600 4655 4655 4600 4657 4600 4603 4657 4657 4603 4658 4603 4607 4658 4607 4609 4658 4659 4608 4660 4660 4608 4662 4662 4608 4663 4663 4608 4664 4664 4608 4665 4608 4610 4665 4665 4610 4666 4666 4610 4667 4667 4610 4668 4668 4610 4669 4669 4610 4670 4610 4612 4670 4670 4612 4671 4671 4612 4672 4672 4612 4673 4673 4612 4674 4612 4614 4674 4674 4614 4675 4675 4614 4676 4676 4614 4678 4614 4680 4678 4677 4679 4682 4683 4681 4686 4682 4679 4685 4680 4614 4684 4614 4616 4684 4684 4616 4688 4689 4687 4691 4688 4616 4690 4690 4616 4692 4616 4618 4692 4692 4618 4693 4693 4618 4694 4694 4618 4695 4618 4620 4695 4695 4620 4696 4696 4620 4697 4697 4620 4698 4698 4620 4699 4620 4622 4699 4699 4622 4700 4700 4622 4701 4701 4622 4702 4702 4622 4704 4622 4624 4704 4705 4703 4707 4704 4624 4706 4706 4624 4708 4708 4624 4710 4711 4709 4713 4710 4624 4712 4624 4626 4712 4712 4626 4714 4714 4626 4715 4715 4626 4716 4716 4626 4718 4626 4628 4718 4719 4717 4721 4718 4628 4720 4720 4628 4722 4722 4628 4723 4628 4630 4723 4723 4630 4724 4724 4630 4725 4725 4630 4726 4726 4630 4727 4630 4632 4727 4727 4632 4728 4728 4632 4729 4729 4632 4731 4732 4730 4734 4731 4632 4733 4632 4634 4733 4733 4634 4735 4735 4634 4736 4736 4634 4737 4737 4634 4738 4634 4636 4738 4738 4636 4739 4739 4636 4740 4740 4636 4741 4636 4638 4741 4741 4638 4742 4742 4638 4744 4745 4743 4747 4744 4638 4746 4638 4640 4746 4746 4640 4748 4748 4640 4749 4749 4640 4750 4640 4642 4750 4750 4642 4751 4751 4642 4752 4752 4642 4753 4753 4642 4754 4754 4642 4755 4642 4644 4755 4755 4644 4756 4756 4644 4757 4757 4644 4758 4758 4644 4759 4644 4646 4759 4759 4646 4760 4760 4646 4761 4761 4646 4762 4646 4648 4762 4762 4648 4763 4763 4648 4764 4764 4648 4765 4765 4648 4766 4766 4648 4767 4648 4650 4767 4767 4650 4768 4768 4650 4769 4769 4650 4770 4770 4650 4771 4650 4652 4771 4771 4652 4772 4772 4652 4773 4773 4652 4774 4774 4652 4775 4652 4654 4775 4776 4775 4777 4775 4654 4777 4777 4654 4778 4778 4654 4779 4654 4656 4779 4779 4656 4780 4780 4656 4781 4781 4656 4782 4782 4656 4783 4783 4656 4784 4656 4659 4784 4784 4659 4785 4785 4659 4786 4786 4659 4788 4659 4660 4788 4661 4789 4787 </p>
        </polylist>
      </mesh>
    </geometry>
    <geometry id="meshId1" name="meshId1_name" >
      <mesh>
        <source id="meshId1-positions" name="meshId1-positions">
          <float_array id="meshId1-positions-array" count="2856"> 0.2897 2.5261194e-05 0.011471909 0.28890666 -0.0074320547 0.011471909 0.2897 2.5261194e-05 0.0044905879 0.28890666 -0.0074320547 0.0044905879 0.28636801 -0.014572041 0.011471909 0.28636801 -0.014572041 0.0044905879 0.28240135 -0.021077361 0.011471909 0.28240135 -0.021077361 0.0044905879 0.27700669 -0.02631335 0.011471909 0.27700669 -0.02631335 0.0044905879 0.27066004 -0.030438675 0.011471909 0.27066004 -0.030438675 0.0044905879 0.26352006 -0.032818671 0.011471909 0.26352006 -0.032818671 0.0044905879 0.25606275 -0.033770669 0.011471909 0.25606275 -0.033770669 0.0044905879 0.25606275 -0.033770669 0.0044905879 0.24844676 -0.032818671 0.011471909 0.24844676 -0.032818671 0.011471909 0.24844676 -0.032818671 0.0044905879 0.24130678 -0.030438675 0.011471909 0.24130678 -0.030438675 0.0044905879 0.23496011 -0.02631335 0.011471909 0.23496011 -0.02631335 0.0044905879 0.22972414 -0.021077361 0.011471909 0.22972414 -0.021077361 0.0044905879 0.22559881 -0.014572041 0.011471909 0.22559881 -0.014572041 0.0044905879 0.2232188 -0.0074320547 0.011471909 0.2232188 -0.0074320547 0.0044905879 0.22226679 2.5261194e-05 0.011471909 0.22226679 2.5261194e-05 0.0044905879 0.2232188 0.0074825808 0.011471909 0.2232188 0.0074825808 0.0044905879 0.22559881 0.014622565 0.011471909 0.22559881 0.014622565 0.0044905879 0.22972414 0.02096922 0.011471909 0.22972414 0.02096922 0.0044905879 0.23496011 0.026363876 0.011471909 0.23496011 0.026363876 0.0044905879 0.24130678 0.030330531 0.011471909 0.24130678 0.030330531 0.0044905879 0.24844676 0.032869197 0.011471909 0.24844676 0.032869197 0.0044905879 0.25606275 0.033662528 0.011471909 0.25606275 0.033662528 0.0044905879 0.26352006 0.032869197 0.011471909 0.26352006 0.032869197 0.0044905879 0.27066004 0.030330531 0.011471909 0.27066004 0.030330531 0.0044905879 0.27700669 0.026363876 0.011471909 0.27700669 0.026363876 0.0044905879 0.28240135 0.02096922 0.011471909 0.28240135 0.02096922 0.0044905879 0.28636801 0.014622565 0.011471909 0.28636801 0.014622565 0.0044905879 0.28890666 0.0074825808 0.011471909 0.28890666 0.0074825808 0.0044905879 0.15499228 -0.034722667 4.7929585e-05 0.15499228 -0.033770669 -0.0077267215 0.15499228 -0.033770669 -0.0077267215 0.1619736 -0.034722667 4.7929585e-05 0.1619736 -0.034722667 4.7929585e-05 0.1619736 -0.033770669 -0.0077267215 0.15499228 -0.031232007 -0.015025372 0.1619736 -0.031232007 -0.015025372 0.15499228 -0.027106682 -0.021689359 0.1619736 -0.027106682 -0.021689359 0.15499228 -0.021712026 -0.027084015 0.1619736 -0.021712026 -0.027084015 0.15499228 -0.01504804 -0.031209338 0.1619736 -0.01504804 -0.031209338 0.15499228 -0.007749388 -0.033906668 0.1619736 -0.007749388 -0.033906668 0.15499228 2.5261194e-05 -0.034699999 0.1619736 2.5261194e-05 -0.034699999 0.15499228 0.0076412484 -0.033906668 0.1619736 0.0076412484 -0.033906668 0.15499228 0.015098564 -0.031209338 0.1619736 0.015098564 -0.031209338 0.15499228 0.021603886 -0.027084015 0.1619736 0.021603886 -0.027084015 0.15499228 0.027157206 -0.021689359 0.1619736 0.027157206 -0.021689359 0.15499228 0.031282529 -0.015025372 0.1619736 0.031282529 -0.015025372 0.15499228 0.033821195 -0.0077267215 0.1619736 0.033821195 -0.0077267215 0.15499228 0.034773193 4.7929585e-05 0.1619736 0.034773193 4.7929585e-05 0.15499228 0.033821195 0.0076639131 0.1619736 0.033821195 0.0076639131 0.15499228 0.031282529 0.015121233 0.1619736 0.031282529 0.015121233 0.15499228 0.027157206 0.021626554 0.1619736 0.027157206 0.021626554 0.15499228 0.021603886 0.027179874 0.1619736 0.021603886 0.027179874 0.15499228 0.015098564 0.031305201 0.1619736 0.015098564 0.031305201 0.15499228 0.0076412484 0.03384386 0.1619736 0.0076412484 0.03384386 0.15499228 2.5261194e-05 0.03463719 0.1619736 2.5261194e-05 0.03463719 0.15499228 -0.007749388 0.03384386 0.1619736 -0.007749388 0.03384386 0.15499228 -0.01504804 0.031305201 0.1619736 -0.01504804 0.031305201 0.15499228 -0.021712026 0.027179874 0.1619736 -0.021712026 0.027179874 0.15499228 -0.027106682 0.021626554 0.1619736 -0.027106682 0.021626554 0.15499228 -0.031232007 0.015121233 0.1619736 -0.031232007 0.015121233 0.15499228 -0.033770669 0.0076639131 0.1619736 -0.033770669 0.0076639131 0.14245763 -0.034722667 4.7929585e-05 0.14245763 -0.033612002 -0.0083613861 0.14943896 -0.034722667 4.7929585e-05 0.14943896 -0.033612002 -0.0083613861 0.14245763 -0.030756008 -0.016136037 0.14943896 -0.030756008 -0.016136037 0.14245763 -0.025996018 -0.022958688 0.14943896 -0.025996018 -0.022958688 0.14245763 -0.019649364 -0.028512012 0.14943896 -0.019649364 -0.028512012 0.14245763 -0.012350712 -0.032478672 0.14943896 -0.012350712 -0.032478672 0.14245763 -0.0042587277 -0.034382667 0.14943896 -0.0042587277 -0.034382667 0.14245763 0.0041505881 -0.034382667 0.14943896 0.0041505881 -0.034382667 0.14245763 0.012242571 -0.032478672 0.14943896 0.012242571 -0.032478672 0.14245763 0.01969989 -0.028512012 0.14943896 0.01969989 -0.028512012 0.14245763 0.026046544 -0.022958688 0.14943896 0.026046544 -0.022958688 0.14245763 0.030806534 -0.016136037 0.14943896 0.030806534 -0.016136037 0.14245763 0.033662528 -0.0083613861 0.14943896 0.033662528 -0.0083613861 0.14245763 0.034773193 4.7929585e-05 0.14943896 0.034773193 4.7929585e-05 0.14245763 0.033662528 0.0082985796 0.14943896 0.033662528 0.0082985796 0.14245763 0.030806534 0.016073231 0.14943896 0.030806534 0.016073231 0.14245763 0.026046544 0.023054551 0.14943896 0.026046544 0.023054551 0.14245763 0.01969989 0.028607875 0.14943896 0.01969989 0.028607875 0.14245763 0.012242571 0.032415867 0.14943896 0.012242571 0.032415867 0.14245763 0.0041505881 0.034478523 0.14943896 0.0041505881 0.034478523 0.14245763 -0.0042587277 0.034478523 0.14943896 -0.0042587277 0.034478523 0.14245763 -0.012350712 0.032415867 0.14943896 -0.012350712 0.032415867 0.14245763 -0.019649364 0.028607875 0.14943896 -0.019649364 0.028607875 0.14245763 -0.025996018 0.023054551 0.14943896 -0.025996018 0.023054551 0.14245763 -0.030756008 0.016073231 0.14943896 -0.030756008 0.016073231 0.14245763 -0.033612002 0.0082985796 0.14943896 -0.033612002 0.0082985796 -0.012718046 0.010021243 0.045426503 -0.011924714 0.0092279091 0.04558517 -0.013035377 0.01065591 0.045267835 -0.0079580545 0.0074825808 0.046061166 -0.013035377 0.011131909 0.045267835 -0.012718046 0.011766572 0.045109168 -0.012400713 0.012242571 0.045109168 -0.011924714 0.012559906 0.045267835 -0.011290047 0.012559906 0.045267835 -0.010496717 0.012559906 0.045426503 -0.0066887233 0.0090692453 0.046061166 -0.0065300576 0.010814574 0.045902506 -0.005895393 0.010338575 0.045902506 -0.0055780597 0.0098625757 0.046061166 -0.005419394 0.0093865767 0.046061166 -0.005419394 0.0089105777 0.046061166 -0.0057367254 0.0082759112 0.046219833 -0.0060540587 0.0077999122 0.046219833 -0.0065300576 0.0074825808 0.046219833 -0.0071647242 0.0074825808 0.046219833 -0.0038327314 0.0065305829 0.046378501 -0.0027220659 0.0070065819 0.046378501 -0.0031980649 0.0079585798 0.046378501 -0.0028807335 0.0082759112 0.046378501 -0.001294069 0.0073239133 0.046378501 -0.001770068 0.010338575 0.046061166 -0.0014527366 0.01065591 0.046061166 -2.4739653e-05 0.0074825808 0.046378501 -0.00081807002 0.01144924 0.046061166 -0.00018340349 0.01144924 0.046061166 -2.4739653e-05 0.01144924 0.046061166 -2.4739653e-05 0.01144924 0.046061166 -2.4739653e-05 0.01144924 0.046061166 -2.4739653e-05 0.01144924 0.046061166 0.011399239 0.0030399226 0.046219833 0.011240572 0.0036745891 0.046219833 0.011081908 0.0024052598 0.046219833 0.011081908 0.0024052598 0.046219833 0.0085432455 0.0017705932 0.046378501 0.0094952434 0.0014532618 0.046378501 0.007908579 0.0024052598 0.046537168 0.007908579 0.0024052598 0.046537168 0.010447241 0.0016119257 0.046378501 0.010764573 0.0019292608 0.046378501 0.011081908 0.0041505881 0.046219833 0.0072739124 0.0036745891 0.046537168 0.0064805821 0.0047852546 0.046537168 0.0091779083 0.0074825808 0.046219833 0.0063219145 0.005102586 0.046378501 0.0063219145 0.005102586 0.046378501 0.0047352538 0.0077999122 0.046378501 0.0082259104 0.0090692453 0.046061166 0.0075912476 0.010021243 0.046061166 0.0072739124 0.01065591 0.045902506 0.006956581 0.011131909 0.045902506 0.0064805821 0.011290573 0.045902506 0.0058459155 0.01144924 0.045902506 0.0010859258 0.0077999122 0.046378501 0.0010859258 0.0077999122 0.046378501 -2.4739653e-05 0.0060545839 0.046537168 -2.4739653e-05 0.0060545839 0.046537168 -2.4739653e-05 0.0060545839 0.046537168 -2.4739653e-05 0.0060545839 0.046537168 -0.00018340349 0.005578585 0.046537168 -0.00050073862 0.005102586 0.046537168 -0.00065940246 0.0049439184 0.046537168 -0.00097673759 0.0041505881 0.046695836 -0.0011354014 0.0038332567 0.046695836 -0.005895393 0.004626587 0.046378501 -0.0066887233 0.0035159215 0.046378501 -0.0028807335 0.0016119257 0.046695836 -0.0071647242 0.0022465922 0.046378501 -0.0035153963 0.0014532618 0.046695836 -0.0043087285 0.0014532618 0.046537168 -0.0055780597 0.0014532618 0.046537168 -0.0074820556 0.0014532618 0.046378501 -0.011290047 0.0014532618 0.046061166 -0.012400713 0.0019292608 0.045902506 -0.012876712 0.0022465922 0.045902506 -0.013035377 0.0027225912 0.045743838 -0.013035377 0.0033572577 0.045743838 -0.012876712 0.0039919205 0.045743838 -0.012559379 0.0044679195 0.045743838 -0.01208338 0.0049439184 0.045902506 -0.011290047 0.005102586 0.045902506 -0.010179384 0.005102586 0.046061166 -0.0079580545 0.005102586 0.046219833 -0.0070060566 0.005102586 0.046378501 -0.0052607264 0.005102586 0.046378501 -0.0047847275 0.005102586 0.046537168 -0.0020873994 0.0022465922 0.046695836 -0.0046260618 0.0052612536 0.046378501 -0.0020873994 0.0024052598 0.046695836 -0.0044673961 0.005578585 0.046378501 -0.0043087285 0.0057372525 0.046378501 -0.012876712 -0.011240046 0.045267835 -0.011448715 -0.010764048 0.045426503 -0.013035377 -0.010605382 0.045267835 -0.012876712 -0.0099707171 0.045426503 -0.012559379 -0.0094947182 0.045426503 -0.011924714 -0.0090187192 0.04558517 -0.0079580545 -0.0074320547 0.046061166 -0.0074820556 -0.007273389 0.046061166 -0.0066887233 -0.007273389 0.046219833 -0.0066887233 -0.007273389 0.046219833 -0.0062127244 -0.0075907223 0.046219833 -0.0057367254 -0.0079080537 0.046219833 -0.0066887233 -0.0088600516 0.046061166 -0.0055780597 -0.0085427202 0.046219833 -0.005419394 -0.0090187192 0.046061166 -0.0055780597 -0.0096533839 0.046061166 -0.005895393 -0.010129383 0.046061166 -0.0065300576 -0.010605382 0.045902506 -0.010496717 -0.012350712 0.045426503 -0.010496717 -0.012350712 0.045426503 -0.010972716 -0.012350712 0.045267835 -0.011766046 -0.012350712 0.045267835 -0.012242045 -0.012033379 0.045267835 -0.012559379 -0.011716045 0.045267835 0.0039419197 0.004626587 0.046537168 0.0028312579 0.005102586 0.046537168 0.0044179186 0.0041505881 0.046537168 0.0020379238 0.0049439184 0.046537168 0.0045765862 0.0036745891 0.046537168 0.0045765862 0.0030399226 0.046537168 0.0044179186 0.0025639236 0.046537168 0.0041005872 0.0019292608 0.046695836 0.0039419197 0.0017705932 0.046695836 0.0036245883 0.0016119257 0.046695836 0.0017205924 0.0019292608 0.046695836 0.0028312579 0.0014532618 0.046695836 0.0012445934 0.0022465922 0.046695836 0.0010859258 0.0028812587 0.046695836 0.0010859258 0.0033572577 0.046695836 0.0012445934 0.0039919205 0.046695836 0.0015619248 0.0044679195 0.046537168 0.0028312579 -0.0012440681 0.046695836 0.0020379238 -0.0014027357 0.046695836 0.0034659207 -0.0014027357 0.046695836 0.0015619248 -0.0017200671 0.046695836 0.0039419197 -0.0017200671 0.046695836 0.0044179186 -0.0021960661 0.046695836 0.0045765862 -0.002672065 0.046537168 0.0045765862 -0.0033067316 0.046537168 0.0012445934 -0.0023547336 0.046695836 0.0044179186 -0.0037827305 0.046537168 0.0041005872 -0.0044173952 0.046537168 0.0034659207 -0.0047347266 0.046537168 0.0017205924 -0.0037827305 0.046695836 0.0028312579 -0.0048933942 0.046537168 0.0021965913 -0.0047347266 0.046537168 0.0017205924 -0.0044173952 0.046537168 0.0012445934 -0.0039413963 0.046695836 0.0010859258 -0.0034653954 0.046695836 0.0010859258 -0.0028307326 0.046695836 0.0010859258 -0.0025133975 0.046695836 0.0036245883 -0.0047347266 0.046537168 -2.4739653e-05 -0.011240046 0.046061166 -2.4739653e-05 -0.011240046 0.046061166 -0.00018340349 -0.011240046 0.046061166 -2.4739653e-05 -0.007273389 0.046378501 -0.0011354014 -0.010922715 0.046061166 -0.0014527366 -0.010446716 0.046061166 -0.001770068 -0.0099707171 0.046219833 -0.001294069 -0.007273389 0.046378501 -0.0019287355 -0.0099707171 0.046219833 -0.0024047345 -0.0090187192 0.046219833 -0.0027220659 -0.0083840527 0.046378501 -0.0025633983 -0.0069560558 0.046378501 -0.0031980649 -0.007749388 0.046378501 -0.0036740638 -0.0066387225 0.046378501 -0.0038327314 -0.0063213911 0.046378501 -0.0043087285 -0.0056867246 0.046378501 -0.0052607264 -0.0048933942 0.046378501 -0.0057367254 -0.0045760609 0.046378501 -0.0063713919 -0.0048933942 0.046378501 -0.0068473909 -0.0048933942 0.046378501 -0.0065300576 -0.0033067316 0.046378501 -0.010020718 -0.0048933942 0.046061166 -0.011290047 -0.0048933942 0.045902506 -0.0070060566 -0.0020373985 0.046378501 -0.012400713 -0.0044173952 0.045743838 -0.012876712 -0.004100062 0.045743838 -0.013035377 -0.0034653954 0.045743838 -0.013035377 -0.0028307326 0.045743838 -0.012876712 -0.0023547336 0.045743838 -0.012559379 -0.0018787347 0.045902506 -0.01208338 -0.0014027357 0.045902506 -0.011290047 -0.0012440681 0.046061166 -0.010338049 -0.0012440681 0.046061166 -0.00906872 -0.0012440681 0.046219833 -0.0074820556 -0.0012440681 0.046378501 -0.0035153963 -0.0012440681 0.046695836 -0.0025633983 -0.0015613995 0.046695836 -0.0047847275 -0.0048933942 0.046537168 -0.0020873994 -0.0021960661 0.046695836 -0.0046260618 -0.0052107256 0.046537168 -0.0019287355 -0.0023547336 0.046695836 -0.0019287355 -0.0023547336 0.046695836 -0.0016114004 -0.0029893965 0.046695836 -0.0016114004 -0.003148064 0.046695836 -0.0011354014 -0.0037827305 0.046695836 -0.0011354014 -0.0039413963 0.046695836 -0.00050073862 -0.0047347266 0.046537168 -2.4739653e-05 -0.0056867246 0.046537168 -2.4739653e-05 -0.0056867246 0.046537168 -2.4739653e-05 -0.0058453921 0.046537168 -2.4739653e-05 -0.0058453921 0.046537168 0.0010859258 -0.0075907223 0.046378501 0.0063219145 -0.0048933942 0.046537168 0.0096539073 -0.0029893965 0.046378501 0.007908579 -0.0021960661 0.046537168 0.0082259104 -0.0018787347 0.046537168 0.0088605769 -0.0014027357 0.046378501 0.0094952434 -0.0012440681 0.046378501 0.0099712424 -0.0014027357 0.046378501 0.010605909 -0.0015613995 0.046378501 0.011081908 -0.0020373985 0.046219833 0.011240572 -0.002672065 0.046219833 0.011399239 -0.0033067316 0.046219833 0.011081908 -0.0039413963 0.046219833 0.010129906 -0.0056867246 0.046219833 0.0055285841 -0.0061627235 0.046378501 0.0072739124 -0.010446716 0.045902506 0.0050525852 -0.0071147233 0.046378501 0.0064805821 -0.011240046 0.045902506 0.0047352538 -0.0075907223 0.046378501 0.0058459155 -0.011240046 0.045902506 -2.4739653e-05 -0.011240046 0.046061166 -2.4739653e-05 -0.011240046 0.046061166 -2.4739653e-05 -0.011240046 0.046061166 -2.4739653e-05 -0.011240046 0.046061166 0.0012445934 0.0039919205 0.046854503 -2.4739653e-05 0.0030399226 0.047013171 0.0010859258 0.0033572577 0.047013171 0.0010859258 0.0028812587 0.047013171 0.0012445934 0.0022465922 0.047013171 0.0039419197 0.0017705932 0.047013171 0.0036245883 0.0016119257 0.047013171 0.0031485893 2.5261194e-05 0.047013171 0.0028312579 0.0014532618 0.047013171 -0.0047847275 -0.0012440681 0.046854503 -0.004943395 -0.0012440681 0.046854503 -0.0062127244 -0.0012440681 0.046854503 -0.004943395 -0.00060940161 0.046854503 -0.0074820556 -0.0012440681 0.046695836 -0.00906872 -0.0012440681 0.046537168 -0.010338049 -0.0012440681 0.046378501 -0.011131382 -0.0012440681 0.046378501 -0.004943395 2.5261194e-05 0.046854503 -0.012559379 -0.0094947182 0.045743838 -0.011924714 -0.0090187192 0.045902506 -0.010814048 -0.008225387 0.046061166 -0.0079580545 -0.0074320547 0.046378501 -2.4739653e-05 0.035090521 0.039714515 -0.0031980649 0.034931861 0.039714515 -2.4739653e-05 0.034931861 0.039714515 0.0041005872 0.034773193 0.039714515 -2.4739653e-05 0.031123869 0.041777179 -0.0051020607 0.030806534 0.041777179 -0.005895393 0.034455858 0.039714515 -0.0063713919 0.034455858 0.039714515 -0.0097033847 0.033662528 0.039714515 -0.010496717 0.029378533 0.041777179 -0.011766046 0.033027865 0.039714515 -0.012876712 0.032551862 0.039714515 -0.016050039 0.031123869 0.039714515 -0.015415372 0.027157206 0.041777179 -0.01731937 0.030489199 0.039714515 -0.019223366 0.029219873 0.039714515 -0.019858031 0.023983881 0.041777179 -0.02207936 0.027157206 0.039714515 -0.022396691 0.026998542 0.039714515 -0.024776686 0.024777211 0.039714515 -0.023824688 0.020175889 0.041777179 -0.026680684 0.022555884 0.039714515 -0.027156683 0.022079885 0.039714515 -0.027156683 0.022079885 0.039714515 -0.029219344 0.019223891 0.039714515 -0.033662003 0.0097039081 0.039714515 -0.034455333 0.0063719153 0.039714515 -0.034455333 0.0063719153 0.039714515 -0.034455333 0.0060545839 0.039714515 0.031232528 -0.01584137 0.042729177 0.031232528 -0.01584137 0.042729177 0.026472542 -0.016317369 0.043522507 0.026472542 -0.020284029 0.042411841 0.026789874 -0.022505358 0.041459844 0.025203209 -0.024250686 0.040983848 -0.018271368 -0.024092022 0.042094514 -0.014622042 -0.026472017 0.042094514 -0.014939373 -0.01980803 0.043839842 -0.011924714 -0.021712026 0.043839842 -0.010814048 -0.028217345 0.042094514 -0.0087513868 -0.023140023 0.043839842 -0.0068473909 -0.029486677 0.042094514 -0.0055780597 -0.024092022 0.043839842 -0.0031980649 -0.030121341 0.042094514 -0.0027220659 -0.024568021 0.043839842 -2.4739653e-05 -0.029962676 0.042094514 -2.4739653e-05 -0.022505358 0.044474505 -2.4739653e-05 -0.024726685 0.043839842 0.0087019093 -0.026154684 0.043046512 0.013144568 -0.029645342 0.040983848 0.017587226 -0.02504402 0.042253174 0.017587226 -0.029010678 0.040349178 0.024092548 -0.025361352 0.040666513 0.020919219 -0.02805868 0.04003185 0.017587226 -0.030280009 0.039555848 0.014096566 -0.032025337 0.039555848 0.010447241 -0.033453334 0.039555848 0.0087019093 -0.030280009 0.041459844 0.0042592548 -0.030914674 0.041618511 -2.4739653e-05 -0.030280009 0.042094514 -2.4739653e-05 -0.035039999 0.039714515 -0.0060540587 -0.034405332 0.039714515 -0.0079580545 -0.034088001 0.039714515 -0.011924714 -0.032818671 0.039714515 -0.017478036 -0.030280009 0.039714515 -0.021127362 -0.027900014 0.039714515 -0.022555359 -0.026789349 0.039714515 -0.021444693 -0.021236027 0.042094514 -0.024776686 -0.024726685 0.039714515 -0.026839349 -0.022505358 0.039714515 -0.024142023 -0.018221367 0.042094514 -0.021603361 -0.012033379 0.043839842 -0.02636335 -0.014730707 0.042094514 -0.034455333 -0.0060040578 0.039714515 -0.034931332 2.5261194e-05 0.039714515 -0.035089999 2.5261194e-05 0.039714515 -0.034931332 0.0031985901 0.039714515 -0.032392673 2.5261194e-05 0.041142516 -0.030171342 2.5261194e-05 0.042094514 -0.030012676 -0.0034653954 0.042094514 -0.033979334 -0.0083840527 0.039714515 -0.029378012 -0.007273389 0.042094514 -0.032868672 -0.012033379 0.039714515 -0.028108681 -0.011081381 0.042094514 -0.03033001 -0.017428035 0.039714515 -0.023031358 -0.0090187192 0.043839842 -0.017636701 -0.0069560558 0.045109168 -0.016684704 -0.0091773849 0.045109168 -0.019858031 -0.014889373 0.043839842 -0.017636701 -0.017428035 0.043839842 -0.013511376 -0.013461376 0.045109168 -0.011448715 -0.015206706 0.045109168 -0.0092273857 -0.016634703 0.045109168 -0.0068473909 -0.017745368 0.045109168 -0.0043087285 -0.018538699 0.045109168 -0.0020873994 -0.018856032 0.045109168 -2.4739653e-05 -0.018380033 0.045267835 -2.4739653e-05 -0.022029359 0.044474505 0.0087019093 -0.021870691 0.044315837 0.017587226 -0.021077361 0.043522507 0.017587226 -0.016793368 0.044633172 0.026472542 -0.0080667213 0.044633172 0.034088522 -0.008225387 0.043522507 0.034723192 -0.004100062 0.043522507 0.034723192 -0.0053693932 0.043522507 0.034088522 -0.0080667213 0.043522507 0.034088522 -0.0083840527 0.043522507 0.033929862 -0.0091773849 0.043363839 0.033612527 -0.0098120496 0.043363839 0.032819197 -0.012192044 0.043205172 0.032501861 -0.01330271 0.043046512 0.032501861 -0.01330271 0.043046512 0.031073868 -0.016317369 0.042729177 0.030756533 -0.016793368 0.042570509 0.030756533 -0.016793368 0.042570509 0.029328533 -0.019173365 0.042253174 0.028852537 -0.019966695 0.041935846 0.027265873 -0.022188025 0.041459844 0.026472542 -0.022981357 0.041301176 0.026313875 -0.023298688 0.041142516 0.024568547 -0.02504402 0.040666513 0.021712553 -0.027582681 0.04003185 0.021236554 -0.027900014 0.04003185 0.019967221 -0.028852012 0.039714515 0.018221892 -0.029962676 0.039555848 0.0148899 -0.031708006 0.03939718 0.012509905 -0.032818671 0.03939718 0.011399239 -0.033136003 0.03939718 0.0077499114 -0.034246668 0.039555848 0.0077499114 -0.034246668 0.039555848 0.0063219145 -0.034405332 0.039714515 0.0039419197 -0.034881331 0.039714515 0.0042592548 -0.034881331 0.039714515 0.0023552589 -0.034881331 0.039714515 -2.4739653e-05 -0.035039999 0.039714515 -0.0038327314 -0.034881331 0.039714515 -0.0043087285 -0.034881331 0.039714515 -0.0060540587 -0.034564 0.039714515 -0.0076407231 -0.034246668 0.039714515 -0.011448715 -0.033136003 0.039714515 -0.011924714 -0.032977335 0.039714515 -0.012400713 -0.032818671 0.039714515 -0.015098041 -0.031708006 0.039714515 -0.017478036 -0.030438675 0.039714515 -0.018588699 -0.02980401 0.039714515 -0.019858031 -0.028852012 0.039714515 -0.021762026 -0.027424015 0.039714515 -0.022555359 -0.026948016 0.039714515 -0.024776686 -0.024885353 0.039714515 -0.026204685 -0.023298688 0.039714515 -0.026839349 -0.022505358 0.039714515 -0.027474016 -0.021870691 0.039714515 -0.027950015 -0.021077361 0.039714515 -0.029695343 -0.018697366 0.039714515 -0.03033001 -0.017586701 0.039714515 -0.03112334 -0.016317369 0.039714515 -0.031599339 -0.015206706 0.039714515 -0.033027336 -0.012033379 0.039714515 -0.033186004 -0.01155738 0.039714515 -0.034138002 -0.0083840527 0.039714515 -0.034138002 -0.007749388 0.039714515 -0.034614 -0.0061627235 0.039714515 -0.034931332 -0.0039413963 0.039714515 -0.035089999 2.5261194e-05 0.039714515 -0.034931332 0.0031985901 0.039714515 -0.034931332 0.0039919205 0.039714515 -0.034614 0.0058959164 0.039714515 -0.034138002 0.0079585798 0.039714515 -0.034138002 0.0084345788 0.039714515 -0.033662003 0.0098625757 0.039714515 -0.033662003 0.0098625757 0.039714515 -0.032868672 0.012083907 0.039714515 -0.032392673 0.013511904 0.039714515 -0.032551337 0.012877237 0.039714515 -0.031599339 0.015415899 0.039714515 -0.03112334 0.016050562 0.039714515 -0.03112334 0.016367897 0.039714515 -0.030647341 0.017161228 0.039714515 -0.03033001 0.017637227 0.039714515 -0.02858468 0.020493221 0.039714515 -0.02858468 0.020493221 0.039714515 -0.02858468 0.020493221 0.039714515 -0.026204685 0.023349214 0.039714515 -0.026046019 0.023507882 0.039714515 -0.024776686 0.024935879 0.039714515 -0.023348689 0.026205208 0.039714515 -0.020175364 0.028743871 0.039714515 -0.020175364 0.028743871 0.039714515 -0.019858031 0.028902538 0.039714515 -0.016843369 0.030806534 0.039714515 -0.015098041 0.031599864 0.039714515 -0.013352711 0.032393195 0.039714515 -0.012400713 0.032869197 0.039714515 -0.0097033847 0.033662528 0.039714515 -0.0077993888 0.034297191 0.039714515 -0.005895393 0.034614526 0.039714515 -0.0043087285 0.034773193 0.039714515 -0.0038327314 0.034931861 0.039714515 -2.4739653e-05 0.035090521 0.039714515 0.001403261 0.035090521 0.039714515 0.0042592548 0.034773193 0.039714515 0.0052112527 0.034614526 0.039555848 0.0082259104 0.033979863 0.039555848 0.012033906 0.032869197 0.039555848 0.0090192445 0.033821195 0.039555848 0.012509905 0.032869197 0.03939718 0.012985904 0.032551862 0.03939718 0.015841898 0.031282529 0.039555848 0.01647656 0.030965202 0.039555848 0.019332554 0.029219873 0.039714515 0.019649889 0.029061206 0.039714515 0.019967221 0.028902538 0.039714515 0.022188552 0.026998542 0.040190518 0.022664551 0.026839875 0.040190518 0.025203209 0.024301212 0.040983848 0.025361877 0.024301212 0.040983848 0.026313875 0.023349214 0.041142516 0.027741872 0.021286555 0.041618511 0.027741872 0.021445218 0.041618511 0.028535202 0.020175889 0.041935846 0.03424719 0.0076412484 0.043522507 0.03424719 0.0079585798 0.043522507 0.034088522 0.0079585798 0.043522507 0.034088522 0.0084345788 0.043522507 0.033453859 0.010497242 0.043363839 0.033295192 0.011290573 0.043363839 0.033295192 0.011290573 0.043363839 0.032025866 0.014305234 0.043046512 0.032025866 0.014305234 0.043046512 0.031867199 0.014781233 0.042887844 0.031867199 0.014781233 0.042887844 0.031073868 0.016367897 0.042729177 0.03012187 0.017954558 0.042411841 0.029963203 0.018113226 0.042411841 0.026472542 0.020334553 0.042411841 0.017587226 0.021127887 0.043522507 0.017587226 0.025094546 0.042253174 0.017587226 0.028902538 0.040349178 0.013144568 0.029695868 0.040983848 0.0087019093 0.030330531 0.041459844 0.0042592548 0.030965202 0.041618511 -2.4739653e-05 0.029537201 0.042411841 -0.0044673961 0.026205208 0.043363839 -0.0089100525 0.025094546 0.043363839 -0.013194045 0.023190551 0.043363839 -0.017002037 0.020493221 0.043363839 -0.02033403 0.017161228 0.043363839 -0.026998017 0.015733231 0.041777179 -0.029219344 0.01065591 0.041777179 -0.030647341 0.0054199174 0.041777179 -0.02858468 2.5261194e-05 0.042729177 -0.026680684 2.5261194e-05 0.043363839 -0.024618022 -0.0028307326 0.043839842 -0.023983356 -0.0060040578 0.043839842 -0.018430034 -0.0045760609 0.045109168 -0.013194045 -0.0033067316 0.046061166 -0.012718046 -0.0048933942 0.046061166 -0.011924714 -0.0066387225 0.046061166 -0.015256707 -0.011398714 0.045109168 -0.012559379 -0.0094947182 0.045743838 -0.012876712 -0.0099707171 0.04558517 -0.013035377 -0.010605382 0.04558517 -0.012876712 -0.011240046 0.04558517 -0.012718046 -0.011716045 0.045426503 -0.012242045 -0.012192044 0.045426503 -0.011766046 -0.012350712 0.04558517 -0.010972716 -0.012350712 0.04558517 -0.010496717 -0.012350712 0.045743838 -0.0055780597 -0.0096533839 0.046378501 -0.005895393 -0.010288049 0.046219833 -0.0065300576 -0.011874713 0.046061166 -0.005895393 -0.010288049 0.046219833 -0.0065300576 -0.010764048 0.046219833 -0.0047847275 -0.012668045 0.046061166 -0.0030393973 -0.013144044 0.046061166 -0.0014527366 -0.013461376 0.046061166 -2.4739653e-05 -0.013620043 0.046061166 0.0087019093 -0.017586701 0.045267835 0.0087019093 -0.0087013859 0.046378501 0.017587226 -0.0083840527 0.045743838 0.03504052 2.5261194e-05 0.043681175 0.03504052 -0.0015613995 0.043522507 0.03504052 2.5261194e-05 0.043522507 0.03488186 0.0028812587 0.043681175 0.03488186 0.0038332567 0.043522507 0.03424719 0.0068479143 0.043522507 0.026472542 0.0082759112 0.044633172 0.026472542 0.016367897 0.043522507 0.017587226 0.01700256 0.044474505 0.0087019093 0.021921217 0.044315837 0.0087019093 0.026205208 0.043046512 0.0042592548 0.026681207 0.043205172 -2.4739653e-05 0.026681207 0.043363839 -0.0033567324 0.019541223 0.044950508 -0.0066887233 0.018747892 0.044950508 -0.0098620504 0.017319895 0.044950508 -0.012718046 0.015257232 0.044950508 -0.015098041 0.012877237 0.044950508 -0.023031358 0.013353236 0.043363839 -0.024935354 0.0092279091 0.043363839 -0.026204685 0.004626587 0.043363839 -0.023824688 2.5261194e-05 0.04415717 -0.019858031 2.5261194e-05 0.044950508 -0.018906033 -0.0021960661 0.045109168 -0.013511376 -0.0015613995 0.046061166 -0.011290047 -0.0012440681 0.046378501 -0.01208338 -0.0014027357 0.046219833 -0.012559379 -0.0018787347 0.046219833 -0.013035377 -0.0023547336 0.046061166 -0.013194045 -0.0029893965 0.046061166 -0.013035377 -0.0034653954 0.046061166 -0.013035377 -0.003624063 0.046061166 -0.012876712 -0.004100062 0.046061166 -0.012400713 -0.0044173952 0.046061166 -0.011766046 -0.0047347266 0.046219833 -0.011290047 -0.0048933942 0.046219833 -0.0093860514 -0.0048933942 0.046378501 -0.0070060566 -0.0048933942 0.046695836 -0.0063713919 -0.0048933942 0.046695836 -0.004943395 -0.0048933942 0.046695836 -0.0066887233 -0.007273389 0.046537168 -0.0047847275 -0.0048933942 0.046695836 -0.0062127244 -0.0075907223 0.046537168 -0.0043087285 -0.0058453921 0.046695836 -0.0057367254 -0.0079080537 0.046537168 -0.0035153963 -0.0069560558 0.046695836 -0.0055780597 -0.0085427202 0.046537168 -0.005419394 -0.0091773849 0.046378501 -0.0031980649 -0.007749388 0.046695836 -0.0028807335 -0.008225387 0.046537168 -0.0024047345 -0.0090187192 0.046537168 -0.0020873994 -0.0094947182 0.046537168 -0.0019287355 -0.0099707171 0.046537168 -0.001770068 -0.0099707171 0.046537168 -0.0014527366 -0.010605382 0.046378501 -0.0011354014 -0.010922715 0.046378501 -0.00018340349 -0.011398714 0.046378501 -2.4739653e-05 -0.011398714 0.046378501 -2.4739653e-05 -0.011398714 0.046378501 -2.4739653e-05 -0.011240046 0.046378501 -2.4739653e-05 -0.011398714 0.046378501 -2.4739653e-05 -0.011398714 0.046378501 -2.4739653e-05 -0.011398714 0.046378501 -2.4739653e-05 -0.011398714 0.046378501 0.0058459155 -0.011398714 0.046219833 0.0064805821 -0.011240046 0.046219833 0.006956581 -0.010922715 0.046219833 0.0072739124 -0.010605382 0.046219833 0.011081908 -0.0039413963 0.046537168 0.011399239 -0.0033067316 0.046537168 0.011240572 -0.002672065 0.046537168 -0.00034207106 -0.0050520599 0.046854503 -2.4739653e-05 -0.0056867246 0.046854503 -2.4739653e-05 -0.0028307326 0.047013171 0.0010859258 -0.0025133975 0.047013171 0.0010859258 -0.0028307326 0.047013171 0.0010859258 -0.0034653954 0.047013171 0.001403261 -0.004100062 0.046854503 0.0017205924 -0.0044173952 0.046854503 -2.4739653e-05 -0.0058453921 0.046854503 -2.4739653e-05 -0.0058453921 0.046854503 0.0021965913 -0.0047347266 0.046854503 0.0010859258 -0.007749388 0.046695836 0.0028312579 -0.0048933942 0.046854503 0.0047352538 -0.007749388 0.046695836 0.0036245883 -0.0047347266 0.046854503 0.0050525852 -0.0071147233 0.046695836 0.0041005872 -0.0044173952 0.046854503 0.0055285841 -0.0063213911 0.046695836 0.0044179186 -0.0037827305 0.046854503 0.0063219145 -0.0048933942 0.046695836 0.0045765862 -0.0033067316 0.046854503 0.0080672465 -0.0021960661 0.046854503 0.0045765862 -0.002672065 0.046854503 0.0044179186 -0.0021960661 0.046854503 0.0039419197 -0.0017200671 0.047013171 0.0034659207 -0.0014027357 0.047013171 0.0020379238 -0.0014027357 0.047013171 0.0028312579 -0.0012440681 0.047013171 0.0087019093 2.5261194e-05 0.046695836 0.0088605769 -0.0014027357 0.046695836 0.0087019093 2.5261194e-05 0.046695836 0.0094952434 -0.0012440681 0.046695836 0.0099712424 -0.0014027357 0.046695836 0.017587226 2.5261194e-05 0.046061166 0.010129906 -0.0014027357 0.046695836 0.010605909 -0.0015613995 0.046695836 0.011081908 -0.0020373985 0.046537168 0.011081908 -0.0020373985 0.046537168 0.017587226 0.0085932463 0.045743838 0.0087019093 0.0089105777 0.046378501 0.0087019093 0.017637227 0.045109168 -2.4739653e-05 0.021445218 0.044633172 -0.0019287355 0.011607908 0.046219833 -0.0039913971 0.011131909 0.046219833 -0.0055780597 0.0098625757 0.046378501 -0.0057367254 0.010179907 0.046378501 -0.0065300576 0.010814574 0.046219833 -0.010496717 0.012559906 0.04558517 -0.011290047 0.012718569 0.04558517 -0.011924714 0.012559906 0.045426503 -0.012400713 0.012242571 0.045426503 -0.012876712 0.011766572 0.045426503 -0.013035377 0.011131909 0.04558517 -0.013035377 0.01065591 0.04558517 -0.0079580545 0.0076412484 0.046378501 -0.011924714 0.0092279091 0.045902506 -0.00906872 0.0076412484 0.046219833 -0.010179384 0.0058959164 0.046219833 -0.017160702 0.010021243 0.044950508 -0.012242045 0.0093865767 0.045743838 -0.012876712 0.010021243 0.04558517 -0.018588699 0.0068479143 0.044950508 -0.019540697 0.0035159215 0.044950508 -0.0181127 2.5261194e-05 0.045426503 -0.013511376 2.5261194e-05 0.046061166 -0.011290047 2.5261194e-05 0.046378501 -0.0039913971 0.00065992773 0.046854503 -0.0038327314 0.0014532618 0.046854503 -2.4739653e-05 2.5261194e-05 0.047013171 -0.0036740638 -0.0012440681 0.047013171 -0.0033567324 -0.0012440681 0.047013171 -0.0027220659 -0.0015613995 0.047013171 -0.0025633983 -0.0015613995 0.047013171 -0.0024047345 -0.0017200671 0.047013171 -0.0020873994 -0.0020373985 0.047013171 -0.0020873994 -0.0021960661 0.047013171 -0.0019287355 -0.0023547336 0.047013171 -0.0019287355 -0.0025133975 0.047013171 -0.0016114004 -0.003148064 0.047013171 -0.0014527366 -0.003148064 0.047013171 -0.0011354014 -0.0037827305 0.046854503 -0.0011354014 -0.0039413963 0.046854503 -0.00081807002 -0.0044173952 0.046854503 -0.00050073862 -0.0048933942 0.046854503 0.0012445934 -0.0023547336 0.047013171 0.0015619248 -0.0017200671 0.047013171 0.0017205924 0.0019292608 0.047013171 -0.00065940246 0.0039919205 0.046854503 -0.0014527366 0.0033572577 0.047013171 -0.0011354014 0.0039919205 0.046854503 -0.00097673759 0.0041505881 0.046854503 -0.00050073862 0.0049439184 0.046854503 -0.00050073862 0.005102586 0.046854503 -0.00018340349 0.005578585 0.046854503 -2.4739653e-05 0.0060545839 0.046854503 -2.4739653e-05 0.0060545839 0.046854503 -2.4739653e-05 0.0060545839 0.046854503 0.0015619248 0.0044679195 0.046854503 0.0010859258 0.0079585798 0.046695836 0.0020379238 0.0049439184 0.046854503 0.0047352538 0.0079585798 0.046695836 0.0028312579 0.005102586 0.046854503 0.0039419197 0.004626587 0.046854503 0.0063219145 0.005102586 0.046695836 0.0044179186 0.0041505881 0.046854503 0.0063219145 0.005102586 0.046695836 0.0064805821 0.0047852546 0.046695836 0.0045765862 0.0036745891 0.046854503 0.0072739124 0.0036745891 0.046854503 0.0080672465 0.0024052598 0.046695836 0.0045765862 0.0030399226 0.046854503 0.0085432455 0.0017705932 0.046695836 0.0044179186 0.0025639236 0.046854503 0.0041005872 0.0020879246 0.046854503 0.0090192445 0.0016119257 0.046695836 0.0094952434 0.0014532618 0.046695836 0.010447241 0.0016119257 0.046695836 0.010764573 0.0019292608 0.046537168 0.011240572 0.0025639236 0.046537168 0.011399239 0.0030399226 0.046537168 0.011240572 0.0036745891 0.046537168 0.011081908 0.0041505881 0.046537168 0.0091779083 0.0074825808 0.046537168 0.0082259104 0.0090692453 0.046378501 0.0075912476 0.010179907 0.046378501 0.0072739124 0.01065591 0.046219833 0.006956581 0.011131909 0.046219833 0.0058459155 0.01144924 0.046219833 -2.4739653e-05 0.011607908 0.046378501 -2.4739653e-05 0.011607908 0.046378501 -2.4739653e-05 0.011607908 0.046378501 -2.4739653e-05 0.011607908 0.046378501 -0.00018340349 0.011607908 0.046378501 -0.00081807002 0.01144924 0.046378501 -0.0016114004 0.010814574 0.046378501 -0.001770068 0.010497242 0.046378501 -0.0027220659 0.0085932463 0.046537168 -0.0031980649 0.0079585798 0.046695836 -0.0036740638 0.0068479143 0.046695836 -0.005419394 0.0093865767 0.046378501 -0.005419394 0.0090692453 0.046378501 -0.0055780597 0.0087519102 0.046378501 -0.0057367254 0.0082759112 0.046537168 -0.0039913971 0.0065305829 0.046695836 -0.0062127244 0.0077999122 0.046537168 -0.0044673961 0.005578585 0.046695836 -0.0044673961 0.005578585 0.046695836 -0.0047847275 0.005102586 0.046695836 -0.0063713919 0.005102586 0.046695836 -0.0066887233 0.0074825808 0.046537168 -0.0071647242 0.0074825808 0.046378501 -0.0079580545 0.005102586 0.046537168 -0.0093860514 0.005102586 0.046378501 -0.010655383 0.005102586 0.046378501 -0.011290047 0.005102586 0.046219833 -0.01208338 0.0049439184 0.046061166 -0.012559379 0.004626587 0.046061166 -0.012559379 0.0044679195 0.046061166 -0.012876712 0.0041505881 0.046061166 -0.013035377 0.0039919205 0.046061166 -0.013194045 0.0033572577 0.046061166 -0.013035377 0.0027225912 0.046061166 -0.012876712 0.0022465922 0.046061166 -0.012400713 0.0019292608 0.046219833 -0.011766046 0.0016119257 0.046219833 -0.011290047 0.0014532618 0.046378501 -0.009544719 0.0014532618 0.046537168 -0.0074820556 0.0014532618 0.046695836 -0.0055780597 0.0014532618 0.046854503 -0.0043087285 0.0014532618 0.046854503 -0.0043087285 0.0014532618 0.046854503 -0.0036740638 0.0014532618 0.046854503 -0.0036740638 0.0014532618 0.047013171 -0.0028807335 0.0016119257 0.047013171 -0.0028807335 0.0016119257 0.047013171 -0.0024047345 0.0019292608 0.047013171 -0.0020873994 0.0024052598 0.047013171 -0.0020873994 0.0024052598 0.047013171 -0.0016114004 0.0031985901 0.047013171 </float_array>
          <technique_common>
            <accessor count="952" offset="0" source="#meshId1-positions-array" stride="3">
              <param name="X" type="float" />
              <param name="Y" type="float" />
              <param name="Z" type="float" />
            </accessor>
          </technique_common>
        </source>
        <source id="meshId1-normals" name="meshId1-normals">
          <float_array id="meshId1-normals-array" count="2856"> 0.99916124 0.040949211 0 0.98297596 -0.18373381 0 0.99916124 -0.040949211 0 0.96542907 -0.26066589 0 0.91423941 -0.40517423 0 0.88352883 -0.46837676 0 0.80394727 -0.59470063 0 0.75532246 -0.65535331 0 0.65535331 -0.75532246 0 0.59470075 -0.80394715 0 0.46837676 -0.88352883 0 0.40517423 -0.91423941 0 0.26066589 -0.96542907 0 0.18373381 -0.98297596 0 0.040949211 -0.99916124 0 -0.040949211 -0.99916124 0 -0.040949211 -0.99916124 0 -0.11330079 -0.99356067 0 -0.22693074 -0.97391093 0 -0.26066589 -0.96542907 0 -0.40517423 -0.91423941 0 -0.46837676 -0.88352883 0 -0.59470063 -0.80394727 0 -0.65535331 -0.75532246 0 -0.75532246 -0.65535331 0 -0.80394715 -0.59470075 0 -0.88352883 -0.46837676 0 -0.91423941 -0.40517423 0 -0.96542907 -0.26066589 0 -0.98297596 -0.18373381 0 -0.99916124 -0.040949211 0 -0.99916124 0.040949211 0 -0.98297602 0.1837339 0 -0.96542907 0.26066589 0 -0.91423941 0.40517423 0 -0.88352883 0.46837664 0 -0.80394715 0.59470075 0 -0.75532246 0.65535331 0 -0.65535331 0.75532246 0 -0.59470075 0.80394715 0 -0.46837664 0.88352883 0 -0.40517423 0.91423941 0 -0.26066589 0.96542907 0 -0.1837339 0.98297602 0 -0.040949211 0.99916124 0 0.040949211 0.99916124 0 0.1837339 0.98297602 0 0.26066589 0.96542907 0 0.40517423 0.91423941 0 0.46837664 0.88352883 0 0.59470075 0.80394715 0 0.65535331 0.75532246 0 0.75532246 0.65535331 0 0.80394715 0.59470075 0 0.88352883 0.46837664 0 0.91423941 0.40517423 0 0.96542907 0.26066589 0 0.98297602 0.1837339 0 0 -0.99916124 0.040949211 0 -0.99356067 -0.11330079 0 -0.97391093 -0.22693074 0 -0.99916124 -0.040949211 0 -0.99916124 -0.040949211 0 -0.96542907 -0.26066589 0 -0.91423941 -0.40517423 0 -0.88352883 -0.46837676 8.3365919e-08 -0.80394721 -0.59470069 0 -0.75532246 -0.65535331 0 -0.65535331 -0.75532246 8.3365919e-08 -0.59470069 -0.80394721 0 -0.46837676 -0.88352883 0 -0.40517423 -0.91423941 0 -0.26066589 -0.96542907 0 -0.18373381 -0.98297596 0 -0.040949211 -0.99916124 0 0.040949211 -0.99916124 -6.9541329e-08 0.18373382 -0.98297602 0 0.26066589 -0.96542907 0 0.40517423 -0.91423941 8.0579859e-08 0.46837673 -0.88352889 0 0.59470075 -0.80394715 0 0.65535331 -0.75532246 0 0.75532246 -0.65535331 8.3365919e-08 0.80394721 -0.59470069 -8.0579859e-08 0.88352889 -0.46837673 0 0.91423941 -0.40517423 0 0.96542907 -0.26066589 6.9541329e-08 0.98297602 -0.18373382 0 0.99916124 -0.040949211 0 0.99916124 0.040949211 0 0.98297602 0.1837339 0 0.96542907 0.26066589 0 0.91423941 0.40517423 0 0.88352883 0.46837664 0 0.80394715 0.59470075 0 0.75532246 0.65535331 0 0.65535331 0.75532246 0 0.59470075 0.80394715 0 0.46837664 0.88352883 0 0.40517423 0.91423941 0 0.26066589 0.96542907 0 0.1837339 0.98297602 0 0.040949211 0.99916124 0 -0.040949211 0.99916124 6.9541329e-08 -0.18373382 0.98297602 0 -0.26066589 0.96542907 0 -0.40517423 0.91423941 -8.0579859e-08 -0.46837673 0.88352889 8.3365919e-08 -0.59470069 0.80394721 0 -0.65535331 0.75532246 0 -0.75532246 0.65535331 0 -0.80394715 0.59470075 8.0579859e-08 -0.88352889 0.46837673 0 -0.91423941 0.40517423 0 -0.96542907 0.26066589 -6.9541329e-08 -0.98297602 0.18373382 0 -0.99916124 0.040949211 7.056105e-08 -0.97874713 -0.20507081 0 -0.99916124 -0.040949211 0 -0.95889676 -0.28375518 -7.9453436e-08 -0.90266645 -0.43034095 0 -0.86956137 -0.49382499 0 -0.77543586 -0.63142639 0 -0.7236082 -0.69021088 8.3365919e-08 -0.59470069 -0.80394721 0 -0.53194916 -0.84677625 0 -0.39267173 -0.91967863 0 -0.31921887 -0.94768107 0 -0.16293095 -0.98663747 -6.3964983e-08 -0.076050274 -0.99710399 0 0.076050259 -0.99710393 -6.8519618e-08 0.16293095 -0.98663741 0 0.31921887 -0.94768107 0 0.39267173 -0.91967863 -8.2178452e-08 0.53194928 -0.84677631 0 0.59470075 -0.80394715 0 0.7236082 -0.69021088 0 0.77543586 -0.63142639 8.1264162e-08 0.86956131 -0.49382499 -7.9453436e-08 0.90266645 -0.43034095 0 0.95889676 -0.28375518 7.056105e-08 0.97874713 -0.20507081 0 0.99916124 -0.040949211 0 0.99916124 0.040949211 0 0.97874713 0.20507087 0 0.95889676 0.28375518 0 0.90266645 0.43034092 1.6252832e-07 0.86956131 0.49382493 0 0.77543586 0.63142639 0 0.7236082 0.69021088 0 0.59470075 0.80394715 0 0.53194928 0.84677625 0 0.39267173 0.91967863 0 0.31921887 0.94768107 0 0.16293103 0.98663741 0 0.076050259 0.99710393 -6.3964983e-08 -0.076050274 0.99710399 6.8519618e-08 -0.16293095 0.98663741 0 -0.31921887 0.94768107 0 -0.39267173 0.91967863 8.2178452e-08 -0.53194928 0.84677631 8.3365919e-08 -0.59470069 0.80394721 0 -0.7236082 0.69021088 0 -0.77543586 0.63142639 8.1264162e-08 -0.86956137 0.49382493 0 -0.90266645 0.43034092 0 -0.95889676 0.28375518 0 -0.97874713 0.20507087 -0.11399666 0.10449681 0.98797023 -0.094980098 0.12347394 0.98779196 -0.09420149 0.11304162 0.98911464 -0.093425415 0.1027678 0.99030828 -0.10363082 0.10363068 0.98920232 -0.11399666 0.10449681 0.98797023 -0.10363082 0.10363068 0.98920232 -0.10276794 0.093425274 0.99030828 -0.11304177 0.094201349 0.98911464 -0.092652291 0.092652149 0.99137837 -0.072893232 0.091116369 0.99316883 -0.073493645 0.10105357 0.9921627 -0.06376572 0.10020306 0.99292159 -0.06376572 0.10020306 0.99292159 -0.063248105 0.090354435 0.99389929 -0.063248105 0.090354435 0.99389929 -0.072893232 0.091116369 0.99316883 -0.072893232 0.091116369 0.99316883 -0.082694292 0.091882393 0.99233025 -0.072893232 0.091116369 0.99316883 -0.034677863 0.069355726 0.99698913 -0.025792189 0.068779171 0.99729848 -0.034957483 0.078654334 0.99628878 -0.017323315 0.086616576 0.99609113 -0.017187171 0.077342264 0.99685639 -0.0086558145 0.095213957 0.99541914 0 0.094404034 0.995534 0 0.094404034 0.995534 0 0.094404034 0.995534 0 0.094404034 0.995534 0.0086558145 0.095213957 0.99541914 0 0.094404034 0.995534 0.0087233959 0.10468075 0.99446762 0.0087233959 0.10468075 0.99446762 0.050765466 0.025382733 0.99838799 0.059702687 0.025586866 0.99788827 0.059702687 0.025586866 0.99788827 0.059702687 0.025586866 0.99788827 0.059702687 0.025586866 0.99788827 0.059702687 0.025586866 0.99788827 0.060199574 0.034399755 0.99759346 0.059702687 0.025586866 0.99788827 0.059702687 0.025586866 0.99788827 0.059702687 0.025586866 0.99788827 0.060699951 0.043357108 0.99721396 0.060699951 0.043357108 0.99721396 0.052032441 0.052032441 0.997289 0.052460272 0.061203651 0.99674571 0.052460272 0.061203651 0.99674571 0.043710209 0.069936335 0.9965933 0.03552096 0.097682267 0.99458355 0.044422194 0.088844113 0.99505448 0.03552096 0.097682267 0.99458355 0.03552096 0.097682267 0.99458355 0.03552096 0.097682267 0.99458355 0.03552096 0.097682267 0.99458355 0.026623964 0.10649532 0.99395674 0.0085215187 0.076693669 0.99701822 0.017597416 0.1055845 0.99425459 0.0084548602 0.067638882 0.99767405 0.0084548602 0.067638882 0.99767405 0 0.067075454 0.99774796 0 0.067075454 0.99774796 -0.017051708 0.068206832 0.99752539 -0.016916979 0.059209425 0.99810225 -0.025586866 0.059702687 0.99788827 -0.025586866 0.059702687 0.99788827 -0.034123264 0.0511849 0.99810606 -0.060699951 0.043357108 0.99721396 -0.069355726 0.034677863 0.99698913 -0.042657189 0.042657189 0.99817872 -0.088096283 0.035238512 0.99548852 -0.044422049 0.088844098 0.99505442 -0.044065241 0.079317436 0.995875 -0.060199574 0.034399755 0.99759346 -0.086616576 0.017323315 0.99609113 -0.10741287 0.035804287 0.99356955 -0.11728852 0.036088776 0.99244189 -0.10833691 0.045140378 0.99308884 -0.09768226 0.035520822 0.99458355 -0.10741287 0.035804287 0.99356955 -0.1064953 0.026623825 0.99395669 -0.1064953 0.026623825 0.99395669 -0.1055845 0.017597416 0.99425459 -0.1055845 0.017597416 0.99425459 -0.096853301 0.026414536 0.99494809 -0.088096283 0.035238512 0.99548852 -0.070520818 0.052890614 0.9961071 -0.061203651 0.052460272 0.99674571 -0.042657189 0.042657189 0.99817872 -0.033848491 0.042310614 0.99853098 -0.033848491 0.042310614 0.99853098 -0.033848491 0.042310614 0.99853098 -0.034123264 0.0511849 0.99810606 -0.025382733 0.050765466 0.99838799 -0.12452322 -0.10536568 0.98660636 -0.10363074 -0.10363068 0.98920238 -0.12452322 -0.10536568 0.98660636 -0.12452322 -0.10536568 0.98660636 -0.11304168 -0.094201341 0.98911458 -0.10276787 -0.093425274 0.99030834 -0.083379842 -0.10190861 0.99129331 -0.074701175 -0.12138929 0.98979008 -0.082694218 -0.091882385 0.99233025 -0.082694218 -0.091882385 0.99233025 -0.072893165 -0.091116369 0.99316889 -0.072893165 -0.091116369 0.99316889 -0.072893165 -0.091116369 0.99316889 -0.063248172 -0.090354435 0.99389923 -0.063248172 -0.090354435 0.99389923 -0.063765645 -0.10020304 0.99292159 -0.063765645 -0.10020304 0.99292159 -0.07349357 -0.10105357 0.99216276 -0.093425341 -0.1027678 0.99030834 -0.10276787 -0.093425274 0.99030834 -0.11495507 -0.11495493 0.98669684 -0.11399666 -0.10449681 0.98797023 -0.11495507 -0.11495493 0.98669684 -0.11495507 -0.11495493 0.98669684 0.016517639 0.033035278 0.99931765 0.016649902 0.041624751 0.99899459 0.016517639 0.033035278 0.99931765 0.016517639 0.033035278 0.99931765 0.016517639 0.033035278 0.99931765 0.008192041 0.032768164 0.99942946 0.016517639 0.033035278 0.99931765 0.016517639 0.033035278 0.99931765 0.016517639 0.033035278 0.99931765 0.016517639 0.033035278 0.99931765 0.01638628 0.024579419 0.99956357 0.01638628 0.024579419 0.99956357 0.01638628 0.024579419 0.99956357 0.024978315 0.033304419 0.99913311 0.024978315 0.033304419 0.99913311 0.024978315 0.033304419 0.99913311 0.024978315 0.033304419 0.99913311 0.016255857 -0.016255857 0.99973571 0.016255857 -0.016255857 0.99973571 0.016255857 -0.016255857 0.99973571 0.01638628 -0.024579419 0.99956357 0.01638628 -0.024579419 0.99956357 0.01638628 -0.024579419 0.99956357 0.01638628 -0.024579419 0.99956357 0.01638628 -0.024579419 0.99956357 0.01638628 -0.024579419 0.99956357 0.008192041 -0.032768164 0.99942946 0.016517639 -0.033035278 0.99931765 0.024978315 -0.033304419 0.99913311 0.016517639 -0.033035278 0.99931765 0.016649902 -0.041624751 0.99899459 0.016649902 -0.041624751 0.99899459 0.024978315 -0.033304419 0.99913311 0.016649902 -0.041624751 0.99899459 0.008192041 -0.032768164 0.99942946 0.024778148 -0.024778148 0.99938577 0.016517639 -0.033035278 0.99931765 0.016517639 -0.033035278 0.99931765 -6.5974085e-08 -0.11330073 0.99356067 -6.5974085e-08 -0.11330073 0.99356067 -6.5468804e-08 -0.10378429 0.99459988 -6.4464032e-08 -0.085159563 0.99636734 -6.496537e-08 -0.094404034 0.99553394 -6.496537e-08 -0.094404034 0.99553394 -6.496537e-08 -0.094404034 0.99553394 -0.0085215848 -0.076693676 0.99701828 -0.0086558806 -0.095213965 0.9954192 -0.01732338 -0.086616576 0.99609107 -0.025998695 -0.077995889 0.99661458 -0.025792254 -0.068779171 0.99729842 -0.025998695 -0.077995889 0.99661458 -0.03467793 -0.069355726 0.99698907 -0.034123335 -0.051184904 0.99810606 -0.034123335 -0.051184904 0.99810606 -0.051184967 -0.034123268 0.99810606 -0.060700014 -0.043357108 0.9972139 -0.061203722 -0.052460279 0.99674577 -0.07931751 -0.044065248 0.99587506 -0.068779238 -0.025792189 0.99729842 -0.096030533 -0.017460084 0.99522525 -0.10558458 -0.017597418 0.99425465 -0.097682327 -0.035520822 0.99458349 -0.10558458 -0.017597418 0.99425465 -0.10649537 -0.026623825 0.99395663 -0.10649537 -0.026623825 0.99395663 -0.1162802 -0.026833877 0.99285388 -0.10741294 -0.03580429 0.99356955 -0.098517135 -0.044780485 0.99412721 -0.099357501 -0.054194964 0.9935748 -0.11209082 -0.08406806 0.99013543 -0.10105363 -0.073493503 0.99216276 -0.097682327 -0.035520822 0.99458349 -0.068206899 -0.01705171 0.99752545 -0.050765529 -0.025382733 0.99838793 -0.042310681 -0.033848494 0.99853104 -0.042310681 -0.033848494 0.99853104 -0.03357558 -0.033575516 0.99887204 -0.033848558 -0.042310618 0.99853104 -0.042310681 -0.033848494 0.99853104 -0.033848558 -0.042310618 0.99853104 -0.033848558 -0.042310618 0.99853104 -0.033848558 -0.042310618 0.99853104 -0.034123335 -0.051184904 0.99810606 -0.025382796 -0.050765466 0.99838793 -0.016917044 -0.059209432 0.99810231 -0.0083886245 -0.058719929 0.99823922 -0.0083886245 -0.058719929 0.99823922 -0.0084549254 -0.067638889 0.99767411 -0.0084549254 -0.067638889 0.99767411 0.017460017 -0.096030518 0.99522525 0.051607266 -0.043006055 0.99774098 0.059702687 -0.025586866 0.99788827 0.050765466 -0.025382733 0.99838799 0.059209425 -0.016916979 0.99810225 0.059209425 -0.016916979 0.99810225 0.059209425 -0.016916979 0.99810225 0.059209425 -0.016916979 0.99810225 0.059209425 -0.016916979 0.99810225 0.068206832 -0.017051708 0.99752539 0.068779171 -0.025792189 0.99729848 0.068779171 -0.025792189 0.99729848 0.060699951 -0.043357108 0.99721396 0.052460272 -0.061203651 0.99674571 0.053323369 -0.079985023 0.99536872 0.044422124 -0.08884418 0.99505448 0.044422124 -0.08884418 0.99505448 0.035520893 -0.097682334 0.99458355 0.035520893 -0.097682334 0.99458355 0.026414471 -0.096853368 0.99494809 0.0086557483 -0.095214024 0.99541914 0.017597351 -0.10558457 0.99425459 -6.5974085e-08 -0.11330073 0.99356067 -6.5974085e-08 -0.11330073 0.99356067 0 0.049525902 0.9987728 -0.024978315 0.033304419 0.99913311 0 0.032503128 0.99947166 0 0.024186457 0.9997074 0 0.015997944 0.99987203 0.040949211 0 0.99916124 0.024186457 0 0.9997074 0.032503128 0 0.99947166 0.015997944 0 0.99987203 -0.041966438 0.025179863 0.99880171 -0.041285649 -0.0082571302 0.9991132 -0.067638956 -0.0084548611 0.99767411 -0.070520818 0.052890614 0.9961071 -0.078654334 0.034957483 0.99628878 -0.093425415 0.1027678 0.99030828 -0.098893598 0.17800862 0.97904706 -0.099357434 0.054194964 0.99357486 -0.058234312 0 0.99830294 -0.19969238 0.028527463 0.97944331 -0.13868098 -0.046226971 0.98925763 -0.11020312 -0.064285114 0.99182791 -0.081332348 -0.07229536 0.99406165 0 0.53194928 0.84677625 -0.044551808 0.51234615 0.85762268 0.010697169 0.45997843 0.88786554 0.066271178 0.44180694 0.89465904 0 0.41773316 0.90856975 -0.065228924 0.40224516 0.91320539 -0.067212537 0.48168877 0.87376106 -0.090833016 0.47687262 0.87426651 -0.1264202 0.44821665 0.88494056 -0.13534497 0.3834776 0.91357911 -0.16660775 0.48792234 0.85683924 -0.17654403 0.43547499 0.88271958 -0.21592927 0.43185836 0.87571281 -0.19514453 0.3443729 0.91832775 -0.25777069 0.44189245 0.85923535 -0.28495136 0.43362153 0.85485387 -0.25754353 0.3160761 0.91310859 -0.35835645 0.44794551 0.81910038 -0.32157639 0.38341796 0.86578244 -0.32773656 0.32773656 0.88610244 -0.30453655 0.26939774 0.9136095 -0.36879984 0.31962654 0.87282622 -0.34150752 0.2472986 0.90676123 -0.48296943 0.39159685 0.78319371 -0.45137739 0.30091831 0.84006351 -0.44430217 0.11392354 0.88860399 -0.49038094 0.091233604 0.86671954 -0.48110893 0.1030947 0.87057781 -0.51285601 0.079777546 0.85475975 0.23688382 -0.25944436 0.93625563 0.07896065 -0.19740151 0.97713757 0.14560443 -0.20800629 0.96722937 0.15455693 -0.30911404 0.93838191 0.14517204 -0.34617966 0.9268682 0.18674226 -0.3968271 0.8986966 -0.23049489 -0.31116816 0.92197967 -0.18092094 -0.32791921 0.92721981 -0.15733777 -0.20978385 0.96500546 -0.1245883 -0.22841203 0.96555978 -0.13368869 -0.3565031 0.92467993 -0.092372037 -0.2463256 0.96477515 -0.087054327 -0.36998069 0.92495173 -0.060804881 -0.26348796 0.96274441 -0.04194751 -0.356554 0.93333256 -0.029575661 -0.25632256 0.96613872 0.020202011 -0.31313133 0.94949502 0 -0.22693074 0.97391093 0.019805854 -0.27728209 0.96058434 0.096351743 -0.32117265 0.94210643 0.17654403 -0.43547499 0.88271958 0.17150989 -0.36588755 0.91471881 0.2044044 -0.45690373 0.86571234 0.2044044 -0.45690373 0.86571234 0.21917032 -0.4748688 0.85232866 0.2210795 -0.50357002 0.83518922 0.19265924 -0.48164815 0.85492533 0.16660765 -0.48792243 0.85683924 0.12370499 -0.39360642 0.9109177 0.064861991 -0.38917211 0.91887867 -7.9053819e-08 -0.41773319 0.90856975 -0.010791514 -0.48561463 0.87410647 -0.066596866 -0.45507818 0.88795751 -0.1270425 -0.46197259 0.87774801 -0.16251628 -0.41789895 0.89383948 -0.20968542 -0.3611249 0.90863681 -0.27852711 -0.37540615 0.88402098 -0.31962654 -0.36879984 0.87282622 -0.27703577 -0.26549271 0.92345268 -0.34215108 -0.32993141 0.87981695 -0.35180596 -0.3032811 0.88558072 -0.29751703 -0.22885936 0.92688018 -0.22841203 -0.1245883 0.96555978 -0.32791913 -0.18092102 0.92721981 -0.45507827 -0.066596784 0.88795751 -0.49844187 -0.010835688 0.86685538 -0.48109764 0 0.87666696 -0.4992303 0.044375997 0.86533225 -0.43034092 0 0.90266645 -0.37137088 0.010315853 0.92842728 -0.37269917 -0.053242706 0.92642349 -0.45795858 -0.11448958 0.88157022 -0.35690805 -0.086523108 0.93012381 -0.41434091 -0.14962302 0.89773852 -0.34315485 -0.13283403 0.92983866 -0.37206778 -0.19766115 0.90691549 -0.2463256 -0.092372037 0.96477515 -0.17338987 -0.067429334 0.98254216 -0.16678701 -0.098109923 0.98109967 -0.20978369 -0.15733793 0.96500546 -0.19048943 -0.19048959 0.9630304 -0.13866834 -0.13866819 0.98058265 -0.10798329 -0.15706675 0.98166668 -0.088231005 -0.17646216 0.98034495 -0.067429334 -0.17338987 0.98254216 -0.048048031 -0.19219227 0.98018026 -0.02831574 -0.18877174 0.98161274 0.0092015248 -0.17482771 0.98455608 0.00940686 -0.20694941 0.97830641 0.071077861 -0.25384966 0.96462852 0.12835136 -0.2780948 0.95193976 0.10885756 -0.16823438 0.97971791 0.13292405 -0.085451201 0.98743564 0.10020319 -0.063765585 0.99292159 0.096853301 -0.026414536 0.99494809 0.069936335 -0.043710209 0.9965933 0.15172191 -0.066378273 0.98619187 0.16534494 -0.08753559 0.98234349 0.10190868 -0.08337985 0.99129331 0 -0.058234312 0.99830294 0.064806528 -0.12035491 0.9906134 0.33255661 -0.27317151 0.90265352 -0.054195032 -0.099357434 0.9935748 0.23688382 -0.25944436 0.93625563 0.048048105 -0.1921922 0.98018026 0.048048105 -0.1921922 0.98018026 0.09305086 -0.25847477 0.96152604 0.095053285 -0.2957215 0.95053333 0.17150989 -0.36588755 0.91471881 0.18674226 -0.3968271 0.8986966 0.20120113 -0.41423741 0.88765162 0.24608985 -0.46757054 0.84900969 0.23414004 -0.49292648 0.83797491 0.23414004 -0.49292648 0.83797491 0.23414004 -0.49292648 0.83797491 0.25021508 -0.52545178 0.8131991 0.23685323 -0.53603631 0.81028742 0.19350277 -0.49585089 0.8465746 0.21188839 -0.5982731 0.77276945 0.12222969 -0.36668923 0.92227906 0.22719365 -0.71944696 0.65633762 0.10055409 -0.41338849 0.90498555 0.063312389 -0.33766621 0.93913418 0.062907435 -0.32502189 0.94361198 0.043150648 -0.420719 0.90616411 -0.010256001 -0.35896018 0.93329656 -0.0086558806 -0.095213965 0.9954192 -0.040628489 -0.29455671 0.95476997 -0.091978371 -0.51737803 0.85079956 -0.12975354 -0.5308094 0.83749938 -0.15409736 -0.49785259 0.85346168 -0.18072298 -0.50602406 0.84337348 -0.17745578 -0.44955459 0.87544852 -0.1715098 -0.36588755 0.91471887 -0.25906199 -0.45644242 0.85120344 -0.23821341 -0.38114148 0.89330035 -0.26444674 -0.37262952 0.88950276 -0.3417722 -0.43037975 0.83544302 -0.35285088 -0.40325814 0.84432173 -0.36349529 -0.37602961 0.85233372 -0.37127692 -0.33414924 0.86631268 -0.40072069 -0.33810812 0.85153145 -0.39810726 -0.32346219 0.85841876 -0.35560897 -0.24892639 0.90087628 -0.38114139 -0.23821349 0.89330035 -0.45644242 -0.25906199 0.85120344 -0.40336365 -0.21354559 0.88977301 -0.34919751 -0.15770198 0.92368352 -0.4958508 -0.19350286 0.8465746 -0.48389584 -0.1534303 0.8615706 -0.52141351 -0.14220358 0.8413716 -0.49471059 -0.10354403 0.8628673 -0.53084385 -0.092320621 0.84242612 -0.43373337 -0.043373313 0.89999664 -0.53194928 0 0.84677625 -0.51698458 0.056193937 0.85414821 -0.38558394 0.053553302 0.92111731 -0.51737821 0.091978282 0.8507995 -0.46751177 0.10262446 0.87800962 -0.47574833 0.1276397 0.87027103 -0.79900616 0.2790181 0.53267074 -0.51179606 0.15472893 0.84505844 -0.55236554 0.19639675 0.8101362 -0.60642993 0.24004529 0.75803757 -0.43907824 0.18987177 0.87815648 -0.41423741 0.20120113 0.88765162 -0.41758499 0.21475807 0.88289392 -0.46757054 0.24608985 0.84900969 -0.54271531 0.32304493 0.77530771 -0.44189245 0.25777069 0.85923535 -0.62476718 0.50252998 0.5976032 -0.31116796 0.23049496 0.92197967 -0.70957404 0.44181019 0.54891562 -0.48537371 0.40666449 0.77397436 -0.35666826 0.33207047 0.87322223 -0.37829489 0.37829489 0.84485853 -0.40506443 0.47039735 0.78399569 -0.24892639 0.35560906 0.90087616 -0.52862221 0.66416651 0.52862221 -0.31969941 0.49873096 0.80564243 -0.30827564 0.53948224 0.78353381 -0.21705668 0.44617188 0.86822635 -0.19177164 0.46744311 0.8629719 -0.19574897 0.53830934 0.81969839 -0.16921607 0.54390836 0.82190609 -0.1160519 0.4990226 0.85878313 -0.09264195 0.54427183 0.8337779 -0.067212537 0.48168877 0.87376106 -0.045510385 0.60301298 0.79643214 -0.022415373 0.60521543 0.79574609 0.032840528 0.48165879 0.87574327 0.080364414 0.53958863 0.83808458 0.089526832 0.43644264 0.89526695 0.13840739 0.43828973 0.88811338 0.19350286 0.4958508 0.8465746 0.18072298 0.50602406 0.84337348 0.20955749 0.54238379 0.8135758 0.22195184 0.51788735 0.82615376 0.22107959 0.50356996 0.83518922 0.23685332 0.53603625 0.81028742 0.22107959 0.50356996 0.83518922 0.23510611 0.50733405 0.82905811 0.23414013 0.49292639 0.83797491 0.21813785 0.46051303 0.86043227 0.21917032 0.4748688 0.85232866 0.17361075 0.39351749 0.90277535 0.2033779 0.44264582 0.87332821 0.15970054 0.37643674 0.91257387 0.15770198 0.34919742 0.92368358 0.18449408 0.36898798 0.91093898 0.16817868 0.3251456 0.9305892 0.2419311 0.07056319 0.9677242 0.16390927 0.077133708 0.98345518 0.14234173 0.075915508 0.98690206 0.20268309 0.11147562 0.97287858 0.1473069 0.1178454 0.98204547 0.18267764 0.13193375 0.97428042 0.39845896 0.25356486 0.88143945 0.39845896 0.25356486 0.88143945 0.056400958 0.15040217 0.98701471 0.23138465 0.22036651 0.94757575 0.23138465 0.22036651 0.94757575 0.078960575 0.19740158 0.97713757 0.12648402 0.25296819 0.95917094 0.17715545 0.28787777 0.9411388 0.15455693 0.30911404 0.93838191 0.14127924 0.29342628 0.94548464 0.17257357 0.37966162 0.90888685 0.18987177 0.43907824 0.87815648 0.17745589 0.44955465 0.87544852 0.12510517 0.42080793 0.89848173 0.064861991 0.38917211 0.91887867 0 0.34336427 0.93920231 -0.051258441 0.29729912 0.95340747 -0.093724534 0.27075991 0.9580735 -0.1490289 0.24483334 0.95804334 -0.18277447 0.22578038 0.9568786 -0.22578023 0.18277463 0.9568786 -0.34722114 0.20833285 0.9143495 -0.38683844 0.14790875 0.91020817 -0.38917211 0.064861991 0.91887867 -0.33439267 0.010133107 0.94237942 -0.28642762 -0.0098768091 0.95805091 -0.25869688 -0.0397995 0.96513832 -0.25155187 -0.060372408 0.96595901 -0.18119915 -0.047683947 0.98228973 -0.15824398 -0.037233859 0.98669779 -0.15040225 -0.056400817 0.98701477 -0.12035491 -0.064806446 0.99061334 -0.14605854 -0.10710949 0.98346037 -0.15304881 -0.07652434 0.98525131 -0.14357528 -0.086145081 0.985883 -0.14605854 -0.10710949 0.98346037 -0.13636012 -0.11687998 0.98374033 -0.13636012 -0.11687998 0.98374033 -0.12663214 -0.12663199 0.98383361 -0.11688014 -0.13635999 0.98374039 -0.10623691 -0.13521044 0.98510504 -0.085451275 -0.13292399 0.98743576 0.0089275679 -0.13391258 0.99095297 -0.027044648 -0.12620804 0.99163508 -0.045863889 -0.1284187 0.990659 -0.055073738 -0.11932628 0.99132651 -0.074096344 -0.11114442 0.9910382 -0.045863889 -0.1284187 0.990659 -0.036374211 -0.1273095 0.99119586 -0.018151017 -0.14520882 0.98923463 0.0089275679 -0.13391258 0.99095297 0.057288587 -0.17186563 0.98345327 0.044422124 -0.08884418 0.99505448 0.10926723 -0.05463355 0.9925099 0.13391264 -0.0089275008 0.99095297 0.12295368 0 0.99241239 0.24026251 0.0096104946 0.97066039 0.17640303 0.018568724 0.98414284 0.28248265 0.040354643 0.9584232 0.17035048 0.047319539 0.98424679 0.13292411 0.085451126 0.98743564 0.14445271 0.1960431 0.96989715 0.11060439 0.19104411 0.97533011 0.07056319 0.2419311 0.9677242 0.10802759 0.32408294 0.93984056 0.040628489 0.29455671 0.95476997 -0.0098109925 0.27470791 0.9614777 -0.038667634 0.21267213 0.97635818 -0.067954727 0.18444869 0.98049003 -0.10973144 0.17956069 0.97760785 -0.11881183 0.15841593 0.98019803 -0.15976858 0.12981185 0.97858208 -0.25741062 0.1501561 0.95456427 -0.27075991 0.093724534 0.9580735 -0.27303389 0.050561804 0.9606747 -0.24026251 0.0096104946 0.97066039 -0.20507087 0 0.97874713 -0.18877174 -0.02831574 0.98161274 -0.14393403 -0.008995872 0.98954642 -0.1240298 0.0088592712 0.99223894 -0.12511468 0.017873526 0.99198127 -0.12511475 -0.017873526 0.99198121 -0.13509129 -0.018012162 0.99066937 -0.1362792 -0.027255826 0.99029553 -0.13747591 -0.03666022 0.9898265 -0.17186569 -0.057288516 0.98345327 -0.14909062 -0.046590798 0.98772544 -0.12841876 -0.045863818 0.990659 -0.11932635 -0.055073667 0.99132651 -0.10926717 -0.05463355 0.99250996 -0.10020312 -0.063765578 0.99292159 -0.08201161 -0.082011536 0.99325132 -0.081332348 -0.07229536 0.99406165 -0.061710577 -0.06171051 0.99618447 -0.061710577 -0.06171051 0.99618447 -0.052460343 -0.061203659 0.99674577 -0.062220417 -0.071108975 0.99552608 -0.052890684 -0.070520826 0.9961071 -0.052890684 -0.070520826 0.9961071 -0.026414603 -0.096853301 0.99494803 -0.044065315 -0.079317443 0.99587506 -0.035520889 -0.09768226 0.99458349 -0.053758211 -0.089596905 0.99452615 -0.054195032 -0.099357434 0.9935748 -0.045140445 -0.10833691 0.99308878 -0.035804361 -0.10741287 0.99356955 -0.035804361 -0.10741287 0.99356955 -0.036088847 -0.11728854 0.99244195 -0.026833944 -0.11628013 0.99285388 -0.017873595 -0.12511468 0.99198121 -0.0088593392 -0.12402982 0.992239 -6.6481e-08 -0.12295368 0.99241233 -6.6481e-08 -0.12295368 0.99241233 -6.5974085e-08 -0.11330073 0.99356067 0.017873596 -0.12511477 0.99198121 0.027044648 -0.12620811 0.99163502 -6.6481e-08 -0.12295368 0.99241233 0.0088593392 -0.12402988 0.99223894 0.027255898 -0.13627921 0.99029553 0.05595763 -0.13989398 0.98858398 0.065853417 -0.14111438 0.9878006 0.026206041 -0.087353759 0.99583262 0.024978315 -0.033304419 0.99913311 0.10741301 -0.03580429 0.99356949 0.096853301 -0.026414536 0.99494809 -0.041966505 -0.025179865 0.99880177 0.0083226431 -0.049935859 0.99871773 -0.024978315 -0.033304419 0.99913311 0 -0.015997944 0.99987203 0 -0.024186457 0.9997074 0 -0.032503128 0.99947166 0 -0.049525902 0.9987728 0.0083885612 -0.058719929 0.99823928 0.0083885612 -0.058719929 0.99823928 0.0083885612 -0.058719929 0.99823928 0.0084547959 -0.067638949 0.99767405 0.017051643 -0.068206891 0.99752539 0.017051643 -0.068206891 0.99752539 0.017051643 -0.068206891 0.99752539 0.025792124 -0.068779238 0.99729848 0.025586866 -0.059702687 0.99788827 0.034399755 -0.060199574 0.99759346 0.034123264 -0.0511849 0.99810606 0.034123264 -0.0511849 0.99810606 0.033848491 -0.042310614 0.99853098 0.042310614 -0.033848491 0.99853098 0.041285649 -0.0082571302 0.9991132 0.041966438 -0.025179863 0.99880171 0.041285649 -0.0082571302 0.9991132 0.041285649 0.0082571302 0.9991132 0.032768164 0.008192041 0.99942946 0.0079362541 0 0.99996853 0.015997944 0 0.99987203 0.049525902 0 0.9987728 0.049525902 0 0.9987728 0.067075454 0 0.99774796 0.058234312 0 0.99830294 0.077342264 0.017187171 0.99685639 0.10468075 0.0087233959 0.99446762 0.077995889 0.02599863 0.99661463 0.08588513 0.0085885124 0.99626797 0.085159555 0 0.99636734 0.08588513 -0.0085885124 0.99626797 0.10190876 0.083379775 0.99129331 0.084068209 0.11209076 0.99013549 0.056844715 0.16105962 0.98530638 0.018985718 0.20884305 0.97776496 -0.018151086 0.14520882 0.98923457 -0.04550169 0.11830404 0.9919343 -0.035520822 0.09768226 0.99458355 -0.054633688 0.1092671 0.9925099 -0.06585335 0.14111446 0.9878006 -0.077133708 0.16390927 0.98345518 -0.10710949 0.14605854 0.98346037 -0.12769063 0.13751282 0.9822349 -0.12663214 0.12663199 0.98383361 -0.13636012 0.11687998 0.98374033 -0.14605854 0.10710949 0.98346037 -0.14481445 0.096542865 0.98473763 -0.082011677 0.082011536 0.99325126 -0.12138943 0.074701101 0.98979002 -0.091116503 0.072893091 0.99316883 -0.11020318 0.064285114 0.99182785 -0.16534501 0.087535515 0.98234349 -0.15040232 0.056400817 0.98701471 -0.14357528 0.086145081 0.985883 -0.18281919 0.057732329 0.98145002 -0.18877174 0.02831574 0.98161274 -0.16293103 0 0.98663741 -0.13391249 0.0089274999 0.99095303 -0.10378428 0 0.99459988 -0.059209496 -0.016916981 0.99810231 -0.032503128 0 0.99947166 -0.0079362541 0 0.99996853 -0.034123264 0.0511849 0.99810606 -0.024778148 0.024778148 0.99938577 -0.016126404 0.0080632018 0.99983752 -0.015997944 0 0.99987203 -0.0079994835 -0.0079994835 0.99993598 -0.0079994835 -0.0079994835 0.99993598 -0.0079994835 -0.0079994835 0.99993598 0 -0.015997944 0.99987203 0 -0.015997944 0.99987203 0.0080632018 -0.016126404 0.99983752 0.0080632018 -0.016126404 0.99983752 0.01638628 -0.024579419 0.99956357 0.01638628 -0.024579419 0.99956357 0.024778148 -0.024778148 0.99938577 0.033304419 -0.024978315 0.99913311 -0.0079994835 -0.0079994835 0.99993598 0 -0.0079362541 0.99996853 0.0079994835 0.0079994835 0.99993598 -0.008192041 0.032768164 0.99942946 0.0081273913 0.024382176 0.99966967 0 0.024186457 0.9997074 -0.0082571302 0.041285649 0.9991132 0 0.049525902 0.9987728 0.0083226431 0.049935859 0.99871773 0.016783027 0.050349079 0.99859059 -0.11830418 0.045501553 0.9919343 -0.089596905 0.053758144 0.99452621 0.0083885612 0.058719929 0.99823928 0.0083885612 0.058719929 0.99823928 0.0084548602 0.067638882 0.99767405 0.0084548602 0.067638882 0.99767405 0.025792189 0.068779171 0.99729848 0.017051708 0.068206832 0.99752539 0.034399755 0.060199574 0.99759346 0.034123264 0.0511849 0.99810606 0.034123264 0.0511849 0.99810606 0.034123264 0.0511849 0.99810606 0.033848491 0.042310614 0.99853098 0.042310614 0.033848491 0.99853098 0.042310614 0.033848491 0.99853098 0.041624751 0.016649902 0.99899459 0.041624751 0.016649902 0.99899459 0.040949211 0 0.99916124 0.041624751 0.016649902 0.99899459 0.041285649 0.0082571302 0.9991132 0.049525902 0 0.9987728 0.058234312 0 0.99830294 0.076693669 -0.0085215187 0.99701822 0.085159555 0 0.99636734 0.08588513 0.0085885124 0.99626797 0.096853301 0.026414536 0.99494809 0.097682409 0.035520826 0.99458355 0.1120909 0.084068067 0.99013549 0.11399666 0.10449681 0.98797023 0.053758286 0.08959692 0.99452621 0.074701242 0.12138929 0.98979002 0.085451275 0.13292399 0.98743576 0.065853491 0.14111431 0.9878006 0.0276796 0.15685028 0.98723447 0 0.11330073 0.99356073 0.0089960098 0.14393397 0.98954648 0.0180123 0.13509123 0.99066943 0.0091328919 0.16439219 0.98635268 -0.009269991 0.18539995 0.9826194 -0.0088592712 0.1240298 0.99223894 -0.017735256 0.11527916 0.99317479 -0.026623825 0.1064953 0.99395669 -0.035520822 0.09768226 0.99458355 -0.044422049 0.088844098 0.99505442 -0.035238512 0.088096283 0.99548852 -0.026414536 0.096853301 0.99494809 -0.035238512 0.088096283 0.99548852 -0.044422049 0.088844098 0.99505442 -0.053323302 0.079984955 0.9953689 -0.052890614 0.070520818 0.9961071 -0.062220342 0.071108967 0.99552602 -0.052890614 0.070520818 0.9961071 -0.06171051 0.06171051 0.99618453 -0.06171051 0.06171051 0.99618453 -0.071108967 0.062220342 0.99552602 -0.06171051 0.06171051 0.99618453 -0.071108967 0.062220342 0.99552602 -0.080656648 0.06273295 0.99476588 -0.090354435 0.063248105 0.99389929 -0.10926723 0.05463355 0.9925099 -0.12138943 0.074701101 0.98979002 -0.13292411 0.085451126 0.98743564 -0.14234173 0.075915508 0.98690206 -0.15172191 0.066378273 0.98619187 -0.15040232 0.056400817 0.98701471 -0.15964735 0.04695506 0.98605675 -0.15824404 0.037233859 0.98669773 -0.16586523 0.018429454 0.98597622 -0.15546691 0.018290209 0.98767167 -0.13391249 0.0089274999 0.99095303 -0.1240298 0.0088592712 0.99223894 -0.11428592 0.008791225 0.99340892 -0.088844173 -0.044422053 0.99505448 -0.081332348 -0.07229536 0.99406165 -0.058719993 -0.0083885612 0.99823922 -0.049525902 0 0.9987728 -0.040949211 0 0.99916124 -0.041624751 0.016649902 0.99899459 -0.032768164 -0.008192041 0.99942946 -0.024382176 -0.0081273913 0.99966967 -0.015997944 0 0.99987203 -0.0079994835 0.0079994835 0.99993598 -0.0079994835 0.0079994835 0.99993598 0 0.015997944 0.99987203 0.0080632018 0.016126404 0.99983752 </float_array>
          <technique_common>
            <accessor count="952" offset="0" source="#meshId1-normals-array" stride="3">
              <param name="X" type="float" />
              <param name="Y" type="float" />
              <param name="Z" type="float" />
            </accessor>
          </technique_common>
        </source>
        <vertices id="meshId1-vertices">
          <input semantic="POSITION" source="#meshId1-positions" />
        </vertices>
        <polylist count="1143" material="defaultMaterial">
          <input offset="0" semantic="VERTEX" source="#meshId1-vertices" />
          <input offset="0" semantic="NORMAL" source="#meshId1-normals" />
          <vcount>3 3 3 3 3 3 3 3 3 3 3 3 3 3 3 3 3 3 3 3 3 3 3 3 3 3 3 3 3 3 3 3 3 3 3 3 3 3 3 3 3 3 3 3 3 3 3 3 3 3 3 3 3 3 3 3 3 3 3 3 3 3 3 3 3 3 3 3 3 3 3 3 3 3 3 3 3 3 3 3 3 3 3 3 3 3 3 3 3 3 3 3 3 3 3 3 3 3 3 3 3 3 3 3 3 3 3 3 3 3 3 3 3 3 3 3 3 3 3 3 3 3 3 3 3 3 3 3 3 3 3 3 3 3 3 3 3 3 3 3 3 3 3 3 3 3 3 3 3 3 3 3 3 3 3 3 3 3 3 3 3 3 3 3 3 3 3 3 3 3 3 3 3 3 3 3 3 3 3 3 3 3 3 3 3 3 3 3 3 3 3 3 3 3 3 3 3 3 3 3 3 3 3 3 3 3 3 3 3 3 3 3 3 3 3 3 3 3 3 3 3 3 3 3 3 3 3 3 3 3 3 3 3 3 3 3 3 3 3 3 3 3 3 3 3 3 3 3 3 3 3 3 3 3 3 3 3 3 3 3 3 3 3 3 3 3 3 3 3 3 3 3 3 3 3 3 3 3 3 3 3 3 3 3 3 3 3 3 3 3 3 3 3 3 3 3 3 3 3 3 3 3 3 3 3 3 3 3 3 3 3 3 3 3 3 3 3 3 3 3 3 3 3 3 3 3 3 3 3 3 3 3 3 3 3 3 3 3 3 3 3 3 3 3 3 3 3 3 3 3 3 3 3 3 3 3 3 3 3 3 3 3 3 3 3 3 3 3 3 3 3 3 3 3 3 3 3 3 3 3 3 3 3 3 3 3 3 3 3 3 3 3 3 3 3 3 3 3 3 3 3 3 3 3 3 3 3 3 3 3 3 3 3 3 3 3 3 3 3 3 3 3 3 3 3 3 3 3 3 3 3 3 3 3 3 3 3 3 3 3 3 3 3 3 3 3 3 3 3 3 3 3 3 3 3 3 3 3 3 3 3 3 3 3 3 3 3 3 3 3 3 3 3 3 3 3 3 3 3 3 3 3 3 3 3 3 3 3 3 3 3 3 3 3 3 3 3 3 3 3 3 3 3 3 3 3 3 3 3 3 3 3 3 3 3 3 3 3 3 3 3 3 3 3 3 3 3 3 3 3 3 3 3 3 3 3 3 3 3 3 3 3 3 3 3 3 3 3 3 3 3 3 3 3 3 3 3 3 3 3 3 3 3 3 3 3 3 3 3 3 3 3 3 3 3 3 3 3 3 3 3 3 3 3 3 3 3 3 3 3 3 3 3 3 3 3 3 3 3 3 3 3 3 3 3 3 3 3 3 3 3 3 3 3 3 3 3 3 3 3 3 3 3 3 3 3 3 3 3 3 3 3 3 3 3 3 3 3 3 3 3 3 3 3 3 3 3 3 3 3 3 3 3 3 3 3 3 3 3 3 3 3 3 3 3 3 3 3 3 3 3 3 3 3 3 3 3 3 3 3 3 3 3 3 3 3 3 3 3 3 3 3 3 3 3 3 3 3 3 3 3 3 3 3 3 3 3 3 3 3 3 3 3 3 3 3 3 3 3 3 3 3 3 3 3 3 3 3 3 3 3 3 3 3 3 3 3 3 3 3 3 3 3 3 3 3 3 3 3 3 3 3 3 3 3 3 3 3 3 3 3 3 3 3 3 3 3 3 3 3 3 3 3 3 3 3 3 3 3 3 3 3 3 3 3 3 3 3 3 3 3 3 3 3 3 3 3 3 3 3 3 3 3 3 3 3 3 3 3 3 3 3 3 3 3 3 3 3 3 3 3 3 3 3 3 3 3 3 3 3 3 3 3 3 3 3 3 3 3 3 3 3 3 3 3 3 3 3 3 3 3 3 3 3 3 3 3 3 3 3 3 3 3 3 3 3 3 3 3 3 3 3 3 3 3 3 3 3 3 3 3 3 3 3 3 3 3 3 3 3 3 3 3 3 3 3 3 3 3 3 3 3 3 3 3 3 3 3 3 3 3 3 3 3 3 3 3 3 3 3 3 3 3 3 3 3 3 3 3 3 3 3 3 3 3 3 3 3 3 3 3 3 3 3 3 3 3 3 3 3 3 3 3 3 3 3 3 3 3 3 3 3 3 3 3 3 3 3 3 3 3 3 3 3 3 3 3 3 3 3 3 3 3 3 3 3 3 3 3 3 3 3 3 3 3 3 3 3 3 3 3 3 3 3 3 3 3 3 3 3 3 3 3 3 3 3 3 3 3 3 3 3 3 3 3 3 3 3 3 3 3 3 3 3 3 3 3 3 3 3 3 3 3 3 3 3 3 3 3 3 3 3 3 3 3 3 3 3 3 3 3 3 3 3 3 3 3 3 3 3 3 3 3 3 3 3 3 3 3 3 3 3 3 3 3 3 3 3 3 3 3 3 3 3 3 3 3 3 3 3 3 3 3 3 3 3 3 3 3 3 3 3 3 3 3 3 3 3 3 3 3 3 3 3 3 3 3 3 3 3 3 3 3 3 3 3 3 3 3 3 3 3 3 </vcount>
          <p>0 1 2 2 1 3 1 4 3 3 4 5 4 6 5 5 6 7 6 8 7 7 8 9 8 10 9 9 10 11 10 12 11 11 12 13 12 14 13 13 14 16 14 17 16 15 18 19 18 20 19 19 20 21 20 22 21 21 22 23 22 24 23 23 24 25 24 26 25 25 26 27 26 28 27 27 28 29 28 30 29 29 30 31 30 32 31 31 32 33 32 34 33 33 34 35 34 36 35 35 36 37 36 38 37 37 38 39 38 40 39 39 40 41 40 42 41 41 42 43 42 44 43 43 44 45 44 46 45 45 46 47 46 48 47 47 48 49 48 50 49 49 50 51 50 52 51 51 52 53 52 54 53 53 54 55 54 56 55 55 56 57 56 0 57 0 2 57 58 59 62 61 60 63 60 64 63 63 64 65 64 66 65 65 66 67 66 68 67 67 68 69 68 70 69 69 70 71 70 72 71 71 72 73 72 74 73 73 74 75 74 76 75 75 76 77 76 78 77 77 78 79 78 80 79 79 80 81 80 82 81 81 82 83 82 84 83 83 84 85 84 86 85 85 86 87 86 88 87 87 88 89 88 90 89 89 90 91 90 92 91 91 92 93 92 94 93 93 94 95 94 96 95 95 96 97 96 98 97 97 98 99 98 100 99 99 100 101 100 102 101 101 102 103 102 104 103 103 104 105 104 106 105 105 106 107 106 108 107 107 108 109 108 110 109 109 110 111 110 112 111 111 112 113 112 114 113 113 114 115 114 58 115 58 62 115 116 117 118 118 117 119 117 120 119 119 120 121 120 122 121 121 122 123 122 124 123 123 124 125 124 126 125 125 126 127 126 128 127 127 128 129 128 130 129 129 130 131 130 132 131 131 132 133 132 134 133 133 134 135 134 136 135 135 136 137 136 138 137 137 138 139 138 140 139 139 140 141 140 142 141 141 142 143 142 144 143 143 144 145 144 146 145 145 146 147 146 148 147 147 148 149 148 150 149 149 150 151 150 152 151 151 152 153 152 154 153 153 154 155 154 156 155 155 156 157 156 158 157 157 158 159 158 160 159 159 160 161 160 162 161 161 162 163 162 164 163 163 164 165 164 166 165 165 166 167 166 116 167 116 118 167 168 169 170 169 171 170 170 171 172 173 172 174 172 171 174 174 171 175 175 171 176 176 171 177 177 178 179 179 178 180 180 178 181 181 178 182 182 178 183 184 183 185 183 178 185 185 178 186 178 177 186 177 171 186 171 187 186 188 189 190 190 189 191 189 192 191 191 192 193 193 192 194 192 195 194 194 195 196 196 195 197 197 195 198 198 195 199 199 195 201 202 203 205 206 207 209 207 210 209 210 211 209 211 204 209 205 203 208 203 212 208 208 212 213 213 212 214 212 215 214 214 215 216 216 215 217 217 215 218 215 219 218 219 220 218 220 221 218 221 222 218 222 223 218 223 224 218 218 224 226 224 200 226 201 195 225 225 227 228 228 227 229 229 227 230 227 225 230 225 195 230 230 195 231 195 192 231 231 192 232 232 192 233 233 192 234 192 189 234 234 189 235 236 237 238 237 239 238 238 239 240 240 239 241 241 239 242 242 239 243 243 239 244 245 244 246 244 239 246 246 239 247 247 239 248 248 239 249 249 239 250 250 239 251 251 239 252 252 239 253 239 237 253 253 237 254 254 237 255 237 236 255 255 236 256 256 236 257 236 238 257 238 258 257 257 258 259 258 260 259 259 260 261 260 235 261 261 235 262 235 189 262 189 188 262 263 264 265 265 264 266 266 264 267 267 264 268 268 264 269 269 264 270 270 264 272 273 271 274 271 275 274 274 275 276 276 275 277 277 275 278 278 275 279 279 275 280 280 275 282 275 271 282 272 264 281 281 264 283 284 283 285 283 264 285 285 264 286 264 263 286 287 288 289 288 290 289 289 290 291 292 291 293 291 290 293 293 290 294 294 290 295 295 290 296 297 298 299 298 296 299 299 296 300 301 300 302 300 296 302 302 296 303 296 290 303 304 305 306 305 307 306 306 307 308 308 307 309 309 307 310 310 307 311 307 312 311 313 311 314 315 316 317 317 316 318 319 318 320 318 316 320 320 316 321 321 316 322 316 315 322 322 315 323 315 324 323 324 314 323 314 311 323 311 312 323 325 326 327 326 328 327 327 328 329 329 328 330 330 328 331 328 332 331 331 332 333 333 332 334 334 332 335 332 336 335 335 336 337 337 336 338 336 339 338 338 339 340 341 342 343 343 342 344 342 345 344 344 345 346 346 345 347 345 348 347 347 348 349 349 348 350 350 348 351 352 351 353 351 348 353 353 348 354 354 348 355 355 348 356 356 348 357 357 348 358 358 348 359 359 348 360 348 345 360 360 345 361 345 342 361 342 341 361 341 362 361 361 362 363 362 364 363 363 364 365 365 364 366 364 340 366 366 340 367 340 339 367 367 339 368 368 339 369 339 336 369 369 336 370 370 336 371 336 332 371 372 371 373 371 332 373 373 332 374 332 328 374 374 328 375 375 328 376 328 326 376 377 378 379 379 378 380 381 380 382 380 378 382 382 378 383 383 378 384 384 378 385 385 378 386 386 378 387 387 378 388 378 377 388 388 377 389 377 390 389 389 390 391 390 392 391 391 392 393 392 394 393 393 394 395 394 376 395 395 376 396 396 376 397 376 326 397 397 326 398 326 399 398 400 401 402 402 401 403 403 401 404 405 406 407 406 408 407 409 410 411 410 412 411 411 412 413 413 412 414 414 412 415 415 412 416 412 417 416 418 419 420 419 421 420 422 423 424 425 424 426 424 423 426 426 423 427 423 428 427 428 429 427 429 430 427 427 430 431 430 432 431 432 433 431 433 434 431 431 434 435 434 436 435 436 437 435 435 437 438 437 439 438 439 440 438 440 441 438 438 441 442 441 443 442 443 445 442 442 444 446 447 448 449 449 448 450 452 453 454 455 454 456 457 458 459 459 458 460 458 461 460 460 461 462 461 463 462 462 463 464 463 465 464 464 465 466 465 467 466 468 466 469 466 467 469 469 467 470 470 471 472 471 473 472 456 472 474 474 472 475 472 473 475 475 473 476 473 471 476 476 471 477 478 477 479 477 471 479 471 470 479 470 467 479 479 467 480 480 467 481 467 465 481 482 481 483 481 465 483 465 463 483 483 463 484 463 461 484 484 461 485 461 458 485 485 458 486 458 457 486 486 457 487 487 457 488 457 489 488 488 489 490 490 489 491 491 489 492 492 493 494 495 496 497 497 496 498 498 496 499 496 495 499 500 499 501 499 495 501 495 502 501 501 502 503 502 504 503 503 504 505 504 506 505 506 494 505 505 494 507 494 493 507 507 493 508 508 493 509 509 493 510 493 492 510 492 489 510 510 489 511 489 457 511 457 459 511 511 459 512 512 459 513 459 460 513 513 460 514 460 462 514 514 462 515 462 464 515 515 464 516 464 466 516 516 466 517 466 468 517 518 517 519 517 468 519 519 468 520 468 469 520 469 470 520 470 472 520 520 472 521 472 456 521 456 454 521 454 453 521 521 453 522 522 453 523 523 524 525 525 524 526 526 524 527 527 524 528 528 524 529 529 524 530 530 524 531 524 523 531 523 453 531 453 452 531 531 452 533 532 451 534 534 451 536 535 452 537 452 454 537 454 455 537 537 455 538 538 455 539 539 455 540 540 455 541 455 456 541 541 456 542 456 474 542 542 474 543 474 475 543 543 475 544 544 475 545 475 476 545 545 476 546 546 476 547 476 477 547 547 477 548 477 478 548 548 478 549 549 478 551 550 478 552 478 479 552 479 480 552 553 554 555 554 552 555 552 480 555 480 481 555 481 482 555 555 482 556 482 483 556 557 556 558 556 483 558 558 483 559 559 483 560 483 484 560 560 484 561 484 485 561 561 485 562 562 485 563 563 485 564 485 486 564 564 486 565 565 486 566 566 486 567 486 487 567 567 487 568 487 488 568 568 488 569 569 488 570 488 490 570 570 490 571 490 491 571 571 491 572 572 491 573 573 491 574 491 492 574 492 494 574 494 506 574 574 506 575 575 506 576 576 506 577 577 506 578 506 504 578 578 504 579 579 504 580 504 502 580 580 502 581 581 502 582 502 495 582 582 495 583 583 495 584 495 497 584 584 497 585 585 497 586 497 498 586 498 450 586 450 448 586 586 448 587 587 448 588 588 448 589 448 447 589 589 447 590 590 447 592 447 593 592 591 593 594 593 595 594 594 595 596 595 597 596 596 597 598 598 597 599 597 600 599 600 446 599 599 446 603 446 444 602 601 445 604 445 443 604 604 443 605 443 441 605 605 441 606 606 441 607 441 440 607 440 439 607 607 439 609 439 437 608 608 437 610 610 437 611 437 436 611 436 434 611 611 434 612 434 433 612 612 433 613 613 433 614 433 432 614 614 432 615 432 430 615 615 430 616 430 429 616 616 429 617 429 428 617 617 428 618 428 423 618 618 423 619 619 423 620 423 422 620 620 422 621 422 424 621 424 425 621 621 425 622 622 425 623 623 425 624 624 625 626 626 625 627 627 625 628 625 629 628 628 629 630 629 631 630 630 631 632 632 631 633 631 634 633 633 634 635 634 636 635 635 636 637 637 636 638 636 639 638 638 639 640 640 639 641 642 643 644 643 645 644 644 645 646 645 647 646 646 647 650 648 651 649 652 653 650 650 653 654 653 655 654 655 641 654 654 641 656 641 639 656 639 636 656 656 636 657 657 636 658 636 634 658 658 634 659 634 631 659 659 631 660 631 629 660 629 625 660 625 624 660 660 624 661 624 425 661 661 425 662 425 426 662 662 426 663 426 427 663 663 427 664 427 431 664 664 431 665 431 435 665 665 435 666 435 438 666 666 438 667 438 442 667 667 442 668 668 442 669 442 446 669 446 600 669 600 597 669 669 597 670 597 595 670 595 593 670 593 447 670 670 447 671 447 449 671 449 450 671 450 498 671 498 499 671 499 500 671 671 500 672 500 501 672 672 501 673 673 501 674 501 503 674 674 503 675 503 505 675 505 507 675 675 507 676 507 508 676 676 508 677 677 508 678 508 509 678 678 509 679 420 679 680 679 509 680 509 510 680 510 511 680 511 512 680 681 680 682 682 680 683 683 680 684 684 680 685 680 512 685 685 512 686 686 512 687 512 513 687 687 513 688 688 513 689 690 691 692 691 693 692 693 694 692 694 689 692 689 513 692 513 514 692 514 515 692 692 515 695 515 516 695 695 516 696 516 517 696 696 517 697 517 518 697 697 518 698 698 518 699 518 519 699 519 520 699 520 521 699 521 522 699 699 522 700 700 522 701 522 523 701 701 523 702 523 525 702 525 703 702 703 704 702 702 704 705 704 706 705 705 706 707 706 642 707 642 644 707 707 644 708 644 646 708 708 646 709 646 650 709 650 654 709 654 656 709 709 656 710 656 657 710 710 657 711 711 657 712 657 658 712 658 659 712 659 660 712 660 661 712 661 662 712 712 662 713 662 663 713 713 663 714 663 664 714 714 664 715 664 665 715 715 665 716 665 666 716 716 666 717 666 667 717 717 667 718 667 668 718 718 668 719 719 668 720 668 669 720 669 670 720 720 670 721 670 671 721 721 671 722 671 672 722 672 673 722 722 673 723 673 674 723 723 674 724 724 674 725 674 675 725 675 676 725 725 676 726 676 677 726 727 726 728 728 726 729 729 726 730 730 726 731 726 677 731 731 677 732 732 677 733 677 678 733 733 678 734 734 678 735 735 678 736 678 679 736 736 679 737 737 679 738 679 420 738 738 420 739 739 420 740 420 421 740 740 421 741 421 742 741 741 742 743 742 744 743 743 744 745 744 746 745 745 746 747 746 748 747 748 749 747 749 690 747 690 692 747 747 692 750 750 692 751 692 695 751 751 695 752 752 695 753 695 696 753 753 696 754 754 696 755 755 696 756 756 696 757 696 697 757 757 697 758 697 698 758 758 698 759 759 698 760 761 760 762 760 698 762 762 698 763 763 698 764 764 698 765 765 698 766 698 699 766 766 699 767 767 699 768 768 699 769 699 700 769 769 700 770 700 701 770 770 701 771 771 701 772 773 774 775 776 775 777 777 775 778 778 775 779 775 774 779 779 774 780 774 781 780 781 782 780 780 782 783 782 784 783 783 784 785 784 786 785 785 786 787 786 788 787 787 788 789 788 790 789 789 790 791 790 792 791 791 792 793 792 794 793 793 794 795 795 794 796 796 794 797 797 794 798 799 800 407 800 798 407 798 794 407 407 794 801 794 802 801 801 802 803 802 804 803 804 805 803 803 805 806 805 807 806 807 808 806 808 809 806 809 810 806 810 772 806 772 701 806 701 702 806 702 705 806 705 707 806 707 708 806 806 708 811 708 709 811 709 710 811 811 710 812 812 710 813 710 711 813 813 711 814 711 712 814 712 713 814 713 714 814 714 715 814 814 715 815 715 716 815 815 716 816 817 816 818 818 816 819 816 716 819 716 717 819 717 718 819 819 718 820 820 718 821 821 718 822 822 718 823 718 719 823 823 719 824 824 719 825 825 719 826 827 828 829 829 828 830 830 828 831 828 832 831 832 833 831 833 826 831 826 719 831 719 720 831 720 721 831 831 721 834 721 722 834 834 722 835 722 723 835 723 724 835 835 724 836 724 725 836 725 726 836 836 726 837 837 726 838 726 727 838 727 416 838 416 417 838 838 417 839 840 839 841 839 417 841 417 412 841 412 410 841 410 409 841 409 842 841 842 843 841 843 844 841 844 845 841 845 846 841 846 847 841 847 848 841 848 849 841 849 850 841 850 851 841 851 852 841 852 853 841 853 854 841 854 855 841 855 856 841 856 773 841 773 775 841 775 776 841 776 857 841 857 858 841 858 799 841 799 407 841 407 408 841 408 859 841 859 404 841 404 401 841 401 860 841 861 841 862 841 860 862 862 860 863 863 860 864 864 860 865 860 401 865 865 401 866 866 401 867 867 401 868 401 400 868 868 400 869 400 870 869 869 870 871 870 872 871 871 872 873 872 874 873 874 875 873 873 875 876 875 877 876 876 877 878 878 877 879 877 880 879 879 880 881 881 880 882 880 883 882 882 883 884 883 885 884 885 886 884 886 405 884 405 407 884 884 407 887 407 801 887 887 801 888 801 803 888 888 803 889 803 806 889 889 806 890 890 806 891 891 806 892 892 806 893 806 811 893 893 811 894 811 812 894 894 812 895 895 812 896 896 812 897 897 812 898 812 813 898 898 813 899 899 813 900 901 902 903 902 900 903 900 813 903 813 814 903 903 814 904 814 815 904 904 815 905 905 815 906 906 815 907 907 815 908 815 816 908 908 816 909 816 817 909 909 817 910 910 817 911 817 912 911 912 913 911 913 914 911 914 915 911 911 915 916 915 917 916 916 917 918 918 917 919 919 917 920 920 917 921 917 922 921 922 923 921 923 827 921 827 829 921 921 829 924 924 829 925 829 830 925 925 830 926 926 830 927 830 831 927 927 831 928 928 831 929 929 831 930 831 834 930 930 834 931 931 834 932 932 834 933 834 835 933 933 835 934 934 835 935 835 836 935 836 837 935 935 837 936 936 837 937 837 838 937 937 838 938 938 838 939 838 839 939 939 839 940 940 839 941 941 839 942 839 840 942 942 840 943 943 840 944 944 840 945 840 841 945 945 841 946 946 841 947 947 841 948 948 841 949 949 841 950 950 841 951 841 861 951 </p>
        </polylist>
      </mesh>
    </geometry>
  </library_geometries>
  <library_controllers>
  </library_controllers>
  <library_visual_scenes>
    <visual_scene id="ROOT" name="ROOT">
      <node id="mesh-aa349d1b-2786-41b5-81fc-72d473811d1e"  name="mesh-aa349d1b-2786-41b5-81fc-72d473811d1e" type="NODE">
        <matrix sid="matrix">1 0 0 0 0 1 0 0 0 0 1 0 0 0 0 1</matrix>
        <instance_geometry url="#meshId0">
          <bind_material>
            <technique_common>
              <instance_material symbol="defaultMaterial" target="#m0mat">
              </instance_material>
            </technique_common>
          </bind_material>
        </instance_geometry>
      </node>
      <node id="mesh-a5ecd69e-519b-4b2d-98a9-d162a1fd08a3"  name="mesh-a5ecd69e-519b-4b2d-98a9-d162a1fd08a3" type="NODE">
        <matrix sid="matrix">1 0 0 0 0 1 0 0 0 0 1 0 0 0 0 1</matrix>
        <instance_geometry url="#meshId1">
          <bind_material>
            <technique_common>
              <instance_material symbol="defaultMaterial" target="#m1mat">
              </instance_material>
            </technique_common>
          </bind_material>
        </instance_geometry>
      </node>
    </visual_scene>
  </library_visual_scenes>
  <scene>
    <instance_visual_scene url="#ROOT" />
  </scene>
</COLLADA>
