<?xml version='1.0' encoding='utf-8'?>
<COLLADA xmlns="http://www.collada.org/2005/11/COLLADASchema" version="1.4.1">
  <asset>
    <contributor>
      <author>Assimp</author>
      <authoring_tool>Assimp Exporter</authoring_tool>
    </contributor>
    <created>2026-10-09T10:33:48</created>
    <modified>2026-10-09T10:33:48</modified>
    <unit name="meter" meter="1" />
    <up_axis>Y_UP</up_axis>
  </asset>
  <library_effects>
    <effect id="Material__________-fx" name="Material__________">
      <profile_COMMON>
        <technique sid="standard">
          <phong>
            <emission>
              <color sid="emission">0   0   0   1</color>
            </emission>
            <diffuse>
              <color sid="diffuse">0   0   0   1</color>
            </diffuse>
            <shininess>
              <float sid="shininess">0</float>
            </shininess>
          </phong>
        </technique>
      </profile_COMMON>
    </effect>
    <effect id="Material_______-fx" name="Material_______">
      <profile_COMMON>
        <technique sid="standard">
          <phong>
            <emission>
              <color sid="emission">0   0   0   1</color>
            </emission>
            <diffuse>
              <color sid="diffuse">0.97344464   0.97344464   0.97344464   1</color>
            </diffuse>
            <shininess>
              <float sid="shininess">0</float>
            </shininess>
          </phong>
        </technique>
      </profile_COMMON>
    </effect>
    <effect id="m2mat-fx" name="m2mat">
      <profile_COMMON>
        <technique sid="standard">
          <phong>
            <emission>
              <color sid="emission">0   0   0   1</color>
            </emission>
            <diffuse>
              <color sid="diffuse">1   1   1   1</color>
            </diffuse>
            <shininess>
              <float sid="shininess">0</float>
            </shininess>
          </phong>
        </technique>
      </profile_COMMON>
    </effect>
  </library_effects>
  <library_materials>
    <material id="Material__________" name="Material__________">
      <instance_effect url="#Material__________-fx" />
    </material>
    <material id="Material_______" name="Material_______">
      <instance_effect url="#Material_______-fx" />
    </material>
    <material id="m2mat" name="m2mat">
      <instance_effect url="#m2mat-fx" />
    </material>
  </library_materials>
  <library_geometries>
    <geometry id="meshId0" name="meshId0_name">
      <mesh>
        <source id="meshId0-positions" name="meshId0-positions">
          <float_array id="meshId0-positions-array" count="1197"> 28.162123 1.4751625 -56 28.193106 0.66959572 -55.662624 28.199991 0.0051746368 -55.748692 28.020975 -3.1585693 -56 28.193106 -0.67301559 -55.662624 28.193106 0.67303658 -50.336933 28.162123 1.4751625 -49.999561 28.199991 -0.005153656 -50.25087 28.189661 -0.70400047 -55.659184 28.189661 0.70402145 -50.340378 28.189661 0.71434784 -55.655739 28.020975 -3.1585693 -49.999561 28.189661 -0.71432686 -50.343819 28.193106 -0.66957283 -50.336933 28.162123 1.4751625 -49.999561 28.165564 -1.3649769 -55.387218 28.165564 1.3649979 -50.612343 28.165564 1.3787689 -55.380333 28.165564 -1.3787479 -50.619228 28.138021 -1.846941 -55.01886 28.162123 1.4751625 -50.698406 28.162123 1.4751625 -55.304596 28.138021 -1.846941 -50.980698 27.539011 6.0675812 -56 28.138021 1.846962 -55.01886 27.539011 6.0675812 -49.999561 28.138021 1.846962 -50.980698 28.134581 -1.9364471 -54.953453 28.134581 1.93647 -51.049553 28.131136 1.9467964 -54.943123 28.131136 -1.9467754 -51.059879 28.100153 -2.3771 -54.385426 28.100153 2.377121 -51.61758 28.100153 2.3840065 -54.371655 28.100153 -2.3839855 -51.627907 28.082941 -2.5802135 -53.900017 28.082941 2.5802345 -52.099541 28.082941 2.5767918 -53.900017 28.082941 -2.5767708 -52.099541 28.076056 2.6559715 -53.710674 28.076056 -2.6559505 -52.288883 28.076056 -2.6525078 -53.721004 28.076056 2.6525288 -52.278557 28.065729 -2.7488995 -53.001503 28.065729 2.7489204 -53.001503 27.539011 6.0675812 -49.999561 27.125902 -7.706234 -49.999561 27.125902 -7.706234 -56 26.172304 10.498199 -56 26.172304 10.498199 -49.999561 25.497553 -12.043901 -49.999561 25.497553 -12.043901 -56 24.099863 14.643078 -56 24.099863 14.643078 -49.999561 23.180689 -16.057964 -49.999561 23.180689 -16.057964 -56 21.373327 18.395504 -56 21.373327 18.395504 -54.733128 21.548899 18.18895 -54.385426 21.67972 18.034035 -53.900017 21.727915 17.97551 -53.721004 21.789881 17.899773 -53.001503 21.731356 17.972069 -52.288883 21.67972 18.034035 -52.099541 21.555784 18.182064 -51.627907 21.373327 18.395504 -49.999561 21.789881 -17.899752 -53.001503 21.731356 -17.972046 -53.710674 21.67972 -18.034012 -53.900017 21.555784 -18.182045 -54.371655 21.270048 -18.515976 -54.943123 21.204641 -18.591713 -55.01886 20.891363 -18.942856 -55.380333 20.237272 -19.63826 -56 23.180689 -16.057964 -49.999561 21.263166 -18.522861 -51.049553 21.548899 -18.188931 -51.61758 21.204641 -18.591713 -50.980698 20.237272 -19.63826 -49.999561 20.4335 -19.435146 -50.340378 20.884481 -18.949741 -50.612343 21.67972 -18.034012 -52.099541 21.727915 -17.975489 -52.278557 21.373327 18.395504 -51.266434 20.4335 19.435169 -55.659184 20.884481 18.949764 -55.387218 18.071882 21.648758 -56 19.937765 19.944672 -55.748692 20.409403 19.459267 -55.662624 21.204641 18.591732 -55.01886 21.263166 18.522881 -54.953453 21.270048 18.515995 -51.059879 21.204641 18.591732 -50.980698 20.891363 18.942879 -50.619228 20.436941 19.428284 -50.343819 20.409403 19.459267 -50.336933 19.944651 19.937786 -50.25087 18.071882 21.648758 -49.999561 20.436941 -19.428263 -55.655739 20.409403 -19.459246 -55.662624 20.409403 -19.459246 -50.336933 20.233828 -19.63826 -50.30595 20.233828 -19.63826 -55.693611 19.944651 -19.937767 -55.748692 19.459246 -20.409401 -55.662624 16.746485 -22.688398 -56 16.746485 -22.688398 -49.999561 19.459246 -20.409401 -50.336933 19.937765 -19.944653 -50.25087 19.459246 20.409424 -50.336933 19.459246 20.409424 -55.662624 19.428263 20.436962 -55.655739 19.428263 -20.436943 -50.343819 19.435148 -20.4335 -55.659184 19.435148 20.433521 -50.340378 18.949743 -20.88448 -55.387218 18.949743 20.884502 -50.612343 18.942858 20.891384 -55.380333 18.942858 -20.891365 -50.619228 18.591711 -21.204639 -55.01886 18.591711 21.204662 -50.980698 18.591711 21.204662 -55.01886 18.591711 -21.204639 -50.980698 18.515974 21.270069 -54.943123 18.515974 -21.27005 -51.059879 18.52286 -21.263165 -54.953453 18.52286 21.263187 -51.049553 18.188929 -21.548901 -54.385426 18.188929 21.54892 -51.61758 18.182043 21.555805 -54.371655 18.182043 -21.555786 -51.627907 18.034014 -21.679718 -53.900017 18.071882 21.648758 -51.97905 18.071882 21.648758 -54.023952 18.034014 -21.679718 -52.099541 14.281588 24.316765 -56 18.034014 21.679741 -53.900017 14.281588 24.316765 -49.999561 18.034014 21.679741 -52.099541 17.972048 21.731377 -53.710674 17.972048 -21.731358 -52.288883 17.975489 -21.727915 -53.721004 17.975489 21.727936 -52.278557 17.899752 -21.789881 -53.001503 17.899752 21.789902 -53.001503 12.801271 -25.125753 -49.999561 12.801271 -25.125753 -56 14.099131 24.423485 -56 14.099131 24.423485 -49.999561 13.91667 24.526764 -56 13.91667 24.526764 -49.999561 9.7098217 26.475273 -56 9.7098217 26.475273 -49.999561 8.5118008 -26.884918 -49.999561 8.5118008 -26.884918 -56 5.2413387 27.707718 -56 5.2413387 27.707718 -49.999561 3.9951191 -27.914253 -49.999561 3.9951191 -27.914253 -56 1.9364491 28.134602 -54.953453 2.3771 28.100174 -54.385426 1.846941 28.138042 -55.01886 0.63170624 28.193127 -56 0.70400047 28.189682 -55.659184 1.3649769 28.165585 -55.387218 2.5802135 28.082962 -53.900017 2.6525078 28.076077 -53.721004 2.7488995 28.06575 -53.001503 2.6559505 28.076077 -52.288883 2.5767708 28.082962 -52.099541 2.3839855 28.100174 -51.627907 1.9467754 28.131157 -51.059879 1.846941 28.138042 -50.980698 1.3787479 28.165585 -50.619228 0.63170624 28.193127 -49.999561 2.7488995 -28.065727 -53.001503 2.6559505 -28.076056 -53.710674 2.5767708 -28.082941 -53.900017 2.3839855 -28.100155 -54.371655 1.9467754 -28.131138 -54.943123 1.846941 -28.138023 -55.01886 1.3787479 -28.165564 -55.380333 0.71432686 -28.189661 -55.655739 0.66957474 -28.193104 -55.662624 -0.63172531 -28.193104 -56 3.9951191 -27.914253 -49.999561 -0.63172531 -28.193104 -49.999561 0.67301559 -28.193104 -50.336933 0.70400047 -28.189661 -50.340378 1.3649769 -28.165564 -50.612343 1.846941 -28.138023 -50.980698 1.9364491 -28.134581 -51.049553 2.3771 -28.100155 -51.61758 2.5802135 -28.082941 -52.099541 2.6525078 -28.076056 -52.278557 0.71432686 28.189682 -50.343819 0.66957474 28.193127 -50.336933 0.67301559 28.193127 -55.662624 0.63170624 28.193127 -55.666069 -0.0051746368 -28.199989 -50.25087 0.005153656 -28.199989 -55.748692 0.63170624 28.193127 -50.333492 -3.9951401 27.914276 -56 -0.66959381 28.193127 -55.662624 -0.0051746368 28.200012 -55.748692 0.005153656 28.200012 -50.25087 -0.67303658 28.193127 -50.336933 -3.9951401 27.914276 -49.999561 -0.63172531 -28.193104 -55.666069 -0.63172531 -28.193104 -50.333492 -0.66959381 -28.193104 -50.336933 -0.67303658 -28.193104 -55.662624 -0.70402145 -28.189661 -55.659184 -5.2413578 -27.707699 -56 -5.2413578 -27.707699 -49.999561 -1.3787689 -28.165564 -50.619228 -0.71434784 -28.189661 -50.343819 -0.71434784 28.189682 -55.655739 -0.70402145 28.189682 -50.340378 -1.3649979 -28.165564 -55.387218 -1.3649979 28.165585 -50.612343 -1.3787689 28.165585 -55.380333 -1.846962 -28.138023 -55.01886 -1.846962 28.138042 -50.980698 -1.846962 28.138042 -55.01886 -1.846962 -28.138023 -50.980698 -1.9467964 28.131157 -54.943123 -1.9467964 -28.131138 -51.059879 -1.9364681 -28.134581 -54.953453 -1.9364681 28.134602 -51.049553 -2.377121 -28.100155 -54.385426 -2.377121 28.100174 -51.61758 -2.3840065 28.100174 -54.371655 -2.3840065 -28.100155 -51.627907 -2.5802345 -28.082941 -53.900017 -2.5802345 28.082962 -52.099541 -2.5767918 28.082962 -53.900017 -2.5767918 -28.082941 -52.099541 -2.6559715 28.076077 -53.710674 -2.6559715 -28.076056 -52.288883 -2.6525288 -28.076056 -53.721004 -2.6525288 28.076077 -52.278557 -2.7489204 -28.065727 -53.001503 -2.7489204 28.06575 -53.001503 -8.5118217 26.884941 -56 -8.5118217 26.884941 -49.999561 -9.7098446 -26.47525 -49.999561 -9.7098446 -26.47525 -56 -12.801292 25.125774 -56 -12.801292 25.125774 -49.999561 -13.916693 -24.526743 -49.999561 -13.916693 -24.526743 -56 -16.746504 22.688419 -56 -16.746504 22.688419 -49.999561 -14.09915 -24.423466 -49.999561 -14.09915 -24.423466 -56 -14.281607 -24.316744 -49.999561 -14.281607 -24.316744 -56 -17.899773 -21.789881 -53.001503 -17.972067 -21.731358 -53.710674 -18.034035 -21.679718 -53.900017 -18.071903 -21.648735 -56 -18.071903 -21.648735 -49.999561 -18.071903 -21.648735 -51.97905 -18.034035 -21.679718 -52.099541 -17.97551 -21.727915 -52.278557 -20.237293 19.638283 -56 -19.459267 20.409424 -55.662624 -19.435169 20.433521 -55.659184 -18.949764 20.884502 -55.387218 -18.591734 21.204662 -55.01886 -18.522881 21.263187 -54.953453 -18.18895 21.54892 -54.385426 -18.034035 21.679741 -53.900017 -17.97551 21.727936 -53.721004 -17.899773 21.789902 -53.001503 -18.034035 21.679741 -52.099541 -18.182064 21.555805 -51.627907 -17.972067 21.731377 -52.288883 -18.515995 21.270069 -51.059879 -18.591734 21.204662 -50.980698 -18.942879 20.891384 -50.619228 -19.428284 20.436962 -50.343819 -19.459267 20.409424 -50.336933 -20.237293 19.638283 -49.999561 -18.071903 -21.648735 -54.023952 -18.18895 -21.548901 -51.61758 -18.182064 -21.555786 -54.371655 -18.515995 -21.27005 -54.943123 -18.591734 -21.204639 -55.01886 -18.942879 -20.891365 -55.380333 -19.428284 -20.436943 -55.655739 -19.459267 -20.409401 -55.662624 -19.937786 -19.944653 -55.748692 -21.373348 -18.395485 -56 -19.435169 -20.4335 -50.340378 -18.949764 -20.88448 -50.612343 -21.373348 -18.395485 -49.999561 -19.944672 -19.937767 -50.25087 -19.459267 -20.409401 -50.336933 -18.591734 -21.204639 -50.980698 -18.522881 -21.263165 -51.049553 -19.944672 19.937786 -55.748692 -19.937786 19.944672 -50.25087 -20.409422 -19.459246 -55.662624 -20.23385 19.638283 -50.30595 -20.23385 19.638283 -55.693611 -20.409422 -19.459246 -50.336933 -20.409422 19.459267 -55.662624 -20.409422 19.459267 -50.336933 -23.18071 16.057983 -56 -20.891386 18.942879 -55.380333 -20.436962 19.428284 -55.655739 -20.433521 19.435169 -50.340378 -23.18071 16.057983 -49.999561 -20.436962 -19.428263 -50.343819 -20.433521 -19.435146 -55.659184 -20.884501 -18.949741 -55.387218 -20.884501 18.949764 -50.612343 -20.891386 -18.942856 -50.619228 -21.204662 -18.591713 -55.01886 -21.204662 18.591732 -50.980698 -21.204662 18.591732 -55.01886 -21.204662 -18.591713 -50.980698 -21.270071 18.515995 -54.943123 -21.270071 -18.515976 -51.059879 -21.263186 -18.522861 -54.953453 -21.263186 18.522881 -51.049553 -21.373348 -18.395485 -54.733128 -21.54892 18.18895 -51.61758 -21.555805 18.182064 -54.371655 -21.373348 -18.395485 -51.266434 -24.099882 -14.643059 -56 -21.54892 -18.188931 -54.385426 -21.555805 -18.182045 -51.627907 -24.099882 -14.643059 -49.999561 -21.679739 -18.034012 -53.900017 -21.679739 18.034035 -52.099541 -21.679739 18.034035 -53.900017 -21.679739 -18.034012 -52.099541 -21.731379 17.972069 -53.710674 -21.731379 -17.972046 -52.288883 -21.727936 -17.975489 -53.721004 -21.727936 17.97551 -52.278557 -21.789902 -17.899752 -53.001503 -21.789902 17.899773 -53.001503 -25.497574 12.043922 -56 -25.497574 12.043922 -49.999561 -26.172323 -10.498177 -49.999561 -26.172323 -10.498177 -56 -27.125921 7.7062531 -56 -27.125921 7.7062531 -49.999561 -27.539032 -6.0675602 -49.999561 -27.539032 -6.0675602 -56 -28.020996 3.1585903 -56 -28.020996 3.1585903 -49.999561 -28.06575 -2.7488995 -53.001503 -28.076077 -2.6559505 -53.710674 -28.082962 -2.5767708 -53.900017 -28.100176 -2.3839855 -54.371655 -28.131159 -1.9467754 -54.943123 -28.138044 -1.846941 -55.01886 -28.162142 -1.4751396 -56 -28.134602 -1.9364471 -51.049553 -28.100176 -2.3771 -51.61758 -28.162142 -1.4751396 -49.999561 -28.162142 -1.4751396 -50.698406 -28.138044 -1.846941 -50.980698 -28.082962 -2.5802135 -52.099541 -28.076077 -2.6525078 -52.278557 -28.134602 1.93647 -54.953453 -28.100176 2.377121 -54.385426 -28.138044 1.846962 -55.01886 -28.182796 1.0000839 -56 -28.189682 0.70402145 -55.659184 -28.165585 1.3649979 -55.387218 -28.082962 2.5802345 -53.900017 -28.076077 2.6525288 -53.721004 -28.06575 2.7489204 -53.001503 -28.082962 2.5767918 -52.099541 -28.100176 2.3840065 -51.627907 -28.076077 2.6559715 -52.288883 -28.131159 1.9467964 -51.059879 -28.138044 1.846962 -50.980698 -28.165585 1.3787689 -50.619228 -28.189682 0.71434784 -50.343819 -28.193125 0.66959572 -50.336933 -28.162142 -1.4751396 -49.999561 -28.162142 -1.4751396 -55.304596 -28.165585 -1.3649769 -50.612343 -28.165585 -1.3787479 -55.380333 -28.182796 -1.0000629 -56 -28.193125 -0.67301559 -50.336933 -28.189682 -0.70400047 -50.340378 -28.20001 0.0051746368 -50.25087 -28.189682 -0.71432686 -55.655739 -28.193125 -0.66957283 -55.662624 -28.20001 -0.005153656 -55.748692 -28.193125 0.67303658 -55.662624 </float_array>
          <technique_common>
            <accessor count="399" offset="0" source="#meshId0-positions-array" stride="3">
              <param name="X" type="float" />
              <param name="Y" type="float" />
              <param name="Z" type="float" />
            </accessor>
          </technique_common>
        </source>
        <source id="meshId0-normals" name="meshId0-normals">
          <float_array id="meshId0-normals-array" count="1197"> 0.99678057 0.073356129 -0.032363012 0.99887377 0.018689875 -0.043609895 0.958076 -0.024820602 -0.28543711 0.99045146 -0.13669129 -0.017926723 0.97788417 -0.038254637 -0.20561869 0.9987762 0.01872698 0.045777187 0.99617547 0.087271698 0.0042571435 0.9987762 0.01872698 0.045777187 0.98240888 -0.042508058 -0.18184014 0.99912244 0.02275438 0.035165794 0.99912244 0.02275438 -0.035165794 0.99045151 -0.13669129 0.017926656 0.98290849 -0.042427685 0.17913923 0.96428657 -0.029519016 0.26321095 0.96266961 -0.029620642 0.26905385 0.99684626 -0.065011732 -0.045508225 0.99878788 0.049221512 0 0.99878788 0.049221512 0 0.9968462 -0.065011725 0.045508154 0.99713278 -0.072596371 -0.021351863 0.99393481 0.10774957 0.021989759 0.9983148 0.057993423 0.0020711846 0.99701923 -0.074723035 0.019214429 0.97515482 0.22141197 -0.0070663118 0.99242687 0.11675606 -0.038170252 0.99055231 0.13343062 0.031661507 0.98924834 0.12132286 0.081659615 0.99680799 -0.078807496 -0.012779607 0.98969686 0.12516066 0.06953375 0.98990035 0.12489392 -0.067072712 0.99680787 -0.078807481 0.012779539 0.99578542 -0.091689065 -0.0021322947 0.99020696 0.13595523 0.031722896 0.99020696 0.13595523 -0.031722896 0.99578542 -0.091689065 0.0021322947 0.99556971 -0.094002321 -0.0021364077 0.98992199 0.13980678 0.022549529 0.98992199 0.13980676 -0.022549458 0.99556971 -0.094002321 0.0021364077 0.98917377 0.14612794 -0.013488751 0.99511945 -0.098654099 0.0021446459 0.99511945 -0.098654099 -0.0021446459 0.98917377 0.14612792 0.013488681 0.99466908 -0.10311904 0 0.98836917 0.15205675 0.0022361206 0.97028196 0.24197733 0 0.96197867 -0.27312458 0 0.96197867 -0.27312458 0 0.92847675 0.37139067 0 0.92847675 0.37139067 0 0.90410888 -0.42730224 0 0.90410888 -0.42730224 0 0.85606134 0.51686722 -0.0026920065 0.85606134 0.51686722 0.0026920065 0.86609656 -0.4998768 0 0.82946479 -0.55845165 -0.010950074 0.77579516 0.63068235 -0.01953442 0.79515332 0.60609603 -0.019461807 0.80173618 0.5963791 -0.039383549 0.80600268 0.59125447 -0.027889341 0.8100571 0.58611637 -0.01658822 0.81354904 0.58149636 0 0.81005704 0.58611625 0.016588135 0.80600268 0.59125453 0.027889429 0.80088598 0.59858584 0.016627325 0.77346134 0.63334143 0.025221465 0.79536873 -0.60612589 0 0.79228878 -0.61009002 -0.0082817329 0.78778028 -0.61580014 -0.013869404 0.7855885 -0.618442 -0.019500434 0.77884609 -0.62535089 -0.048322558 0.77510548 -0.62923706 -0.057203408 0.76956153 -0.63255626 -0.087450199 0.72200769 -0.69073957 -0.039795719 0.78930593 -0.61359471 0.022312449 0.77884609 -0.62535089 0.048322558 0.7855885 -0.618442 0.019500347 0.77637047 -0.62739903 0.06016149 0.72344279 -0.68939841 0.036881432 0.75827962 -0.64913327 0.060317639 0.76452923 -0.63414437 0.11556829 0.78778028 -0.61580008 0.013869318 0.79228878 -0.61009002 0.0082817329 0.75886685 0.65124577 0 0.72472179 0.68381023 -0.084745742 0.74238855 0.66982424 -0.013954704 0.61976117 0.78447264 -0.022333739 0.66624844 0.67274845 -0.32174921 0.72244996 0.68411565 -0.10025832 0.74862736 0.66299099 0 0.75632626 0.65419465 0 0.75632626 0.65419465 0 0.74862736 0.66299099 0 0.74238855 0.66982418 0.013954618 0.72472179 0.68381023 0.084745742 0.72120315 0.68587869 0.097141623 0.66624844 0.67274845 0.32174921 0.61976129 0.78447264 0.022333654 0.73308873 -0.67992574 -0.016788311 0.71538353 -0.69868207 0.0083507486 0.71538353 -0.69868207 -0.0083507486 0.71538353 -0.69868207 -0.0083507486 0.71538353 -0.69868207 0.0083507486 0.69823331 -0.71519458 -0.031095468 0.6467737 -0.73651749 -0.1980551 0.57857388 -0.81551367 -0.0137756 0.57857394 -0.81551367 0.013775516 0.6467737 -0.73651749 0.1980551 0.69671607 -0.71654141 0.033986196 0.67853934 0.72075957 0.14173934 0.67735147 0.72250825 -0.13848077 0.67628753 0.72693455 -0.1191696 0.63634819 -0.71948904 0.27820233 0.63724142 -0.71729684 -0.2817952 0.67750937 0.72526318 0.12236941 0.64389354 -0.76043546 -0.084492862 0.66641706 0.74514955 0.025306871 0.666417 0.74514961 -0.025306961 0.64574999 -0.75919271 0.081445999 0.63995963 -0.7673853 -0.039643541 0.65986735 0.75136155 0.0055450825 0.65986735 0.75136155 -0.0055450825 0.63995963 -0.7673853 0.039643541 0.65397054 0.75649977 -0.0055421018 0.6359942 -0.77107263 0.030955525 0.63731796 -0.76985759 -0.033839937 0.65397054 0.75649977 0.0055421018 0.62801766 -0.77807498 -0.013894227 0.64235127 0.76641035 0 0.64235127 0.76641035 0 0.62801772 -0.77807498 0.013894144 0.62534821 -0.78030181 -0.0083010504 0.58924156 0.80778635 0.016598288 0.64235127 0.76641035 0 0.62534821 -0.78030181 0.0083010504 0.53897494 0.8423174 -0.002708406 0.5892415 0.80778641 -0.016598374 0.53897494 0.8423174 0.002708406 0.5862332 0.80956012 0.030707506 0.58112925 0.81358075 -0.019370982 0.62097621 -0.78381002 0.0055197673 0.62097621 -0.78381002 -0.0055197673 0.58112931 0.81358075 0.019370899 0.61527079 -0.78831571 0 0.57529074 0.817949 0 0.45246714 -0.89178103 0 0.45246714 -0.89178103 0 0.4998768 0.86609656 0 0.4998768 0.86609656 0 0.45877725 0.88855129 0 0.45877725 0.88855129 0 0.34395966 0.93898451 0 0.34395966 0.93898451 0 0.30218944 -0.95324779 0 0.30218944 -0.95324779 0 0.19789344 0.9801544 -0.011640816 0.19789352 0.9801544 0.011640745 0.2226339 -0.97490209 0 0.16179082 -0.98669606 -0.015951216 0.11077846 0.99248397 -0.05199803 0.12262522 0.99215001 -0.024525099 0.10695944 0.99221939 -0.063720547 0.044055719 0.99859726 -0.029370522 0.070615254 0.99717307 -0.025678311 0.096877992 0.98768306 -0.1228697 0.12647724 0.99184793 -0.015532303 0.1330298 0.9910723 -0.0088686896 0.13925485 0.99025661 0 0.13302988 0.9910723 0.0088686226 0.12647732 0.99184793 0.015532235 0.12236092 0.99223632 0.022247503 0.11077853 0.99248397 0.051997963 0.10695944 0.99221939 0.063720547 0.10015717 0.99246615 0.070565261 0.031406131 0.99871475 0.039781064 0.11734559 -0.99309123 0 0.11281211 -0.99361402 -0.0021694547 0.10614841 -0.99432909 -0.0064988583 0.10185784 -0.99474001 -0.010835972 0.091680102 -0.99538416 -0.028377205 0.087520652 -0.99554741 -0.035008259 0.076301277 -0.99416101 -0.076301277 0.05498473 -0.96473175 -0.25742844 0.056276459 -0.97382724 -0.22021218 -0.044055719 -0.99859726 -0.029370522 0.099230967 -0.99451452 0.03307699 -0.031406131 -0.99871475 0.039781064 0.056380101 -0.9731707 0.2230694 0.052550871 -0.9634307 0.26275373 0.076301277 -0.99416101 0.076301277 0.087520652 -0.99554741 0.035008259 0.091680102 -0.99538416 0.028377205 0.10185791 -0.99474001 0.010835906 0.10614841 -0.99432909 0.0064988583 0.1106687 -0.99384791 0.0043399311 0.030228125 0.99954307 0 0.011927563 0.99992096 -0.0039758137 0.011903971 0.99992722 0.0019839751 0.011903971 0.99992722 0.0019839751 0.019214559 -0.99701923 0.074723043 0.019252352 -0.99684447 -0.077009477 0.011927563 0.99992096 -0.0039758137 -0.16179076 0.98669606 -0.015951285 -0.056276385 0.97382724 -0.22021225 -0.019252418 0.99684447 -0.07700941 -0.019214559 0.99701923 0.074723043 -0.056380101 0.9731707 0.2230694 -0.16179076 0.98669606 0.015951285 -0.011903849 -0.99992722 0.0019839748 -0.011927502 -0.99992102 -0.0039758137 -0.011927502 -0.99992102 -0.0039758137 -0.011903849 -0.99992722 0.0019839748 -0.070615254 -0.99717307 -0.025678311 -0.19789335 -0.9801544 -0.011640815 -0.19789344 -0.9801544 0.011640816 -0.10015717 -0.99246615 0.070565261 -0.030228125 -0.99954307 0 -0.054984655 0.96473175 -0.2574285 -0.052550718 0.9634307 0.2627539 -0.096878059 -0.98768294 -0.12286961 -0.076458544 0.99396139 0.078707322 -0.076301351 0.99416107 -0.076301284 -0.10695944 -0.99221939 -0.063720547 -0.087520577 0.99554735 0.035008255 -0.087520652 0.99554741 -0.035008259 -0.10695944 -0.99221939 0.063720547 -0.091680102 0.99538416 -0.028377205 -0.11077829 -0.99248391 0.051998023 -0.11077838 -0.99248391 -0.051998027 -0.091680028 0.9953841 0.028377201 -0.12262529 -0.99215001 -0.024525031 -0.10185791 0.99474001 0.010835906 -0.10185798 0.99473989 -0.010835906 -0.12236097 -0.99223626 0.022247432 -0.12647724 -0.99184793 -0.015532303 -0.10614841 0.99432909 0.0064988583 -0.10614848 0.99432904 -0.0064988583 -0.12647724 -0.99184793 0.015532303 -0.11281211 0.99361402 -0.0021694547 -0.13302988 -0.9910723 0.0088686226 -0.13302988 -0.9910723 -0.0088686226 -0.11066862 0.99384791 0.0043399306 -0.13925485 -0.99025661 0 -0.11734551 0.99309117 0 -0.30218944 0.95324779 0 -0.30218944 0.95324779 0 -0.34395951 -0.93898445 0 -0.34395951 -0.93898445 0 -0.45246714 0.89178103 0 -0.45246714 0.89178103 0 -0.45877725 -0.88855129 0 -0.45877725 -0.88855129 0 -0.57857394 0.81551367 -0.013775516 -0.57857382 0.81551367 0.013775515 -0.4998768 -0.86609656 0 -0.4998768 -0.86609656 0 -0.53897476 -0.84231758 0.002708406 -0.53897488 -0.84231752 -0.002708406 -0.57529074 -0.817949 0 -0.58112913 -0.81358087 -0.019370982 -0.5892415 -0.80778641 -0.016598374 -0.61976129 -0.78447253 -0.022333739 -0.61976117 -0.78447264 0.022333739 -0.5892415 -0.80778641 0.016598374 -0.58623326 -0.80956012 0.030707421 -0.58112925 -0.81358075 0.019370982 -0.72200769 0.69073957 -0.039795719 -0.6467737 0.73651749 -0.1980551 -0.63724142 0.71729696 -0.28179532 -0.64389354 0.76043546 -0.084492862 -0.63995963 0.7673853 -0.039643541 -0.63731796 0.76985759 -0.033839937 -0.62801772 0.77807498 -0.013894144 -0.62534827 0.78030175 -0.0083010504 -0.62097621 0.78381002 -0.0055197673 -0.61527079 0.78831571 0 -0.62534821 0.78030181 0.0083010504 -0.6280176 0.77807498 0.013894142 -0.62097621 0.78381002 0.0055197673 -0.6359942 0.77107263 0.030955525 -0.63995963 0.7673853 0.039643541 -0.64575011 0.75919259 0.081445999 -0.63634801 0.71948904 0.27820256 -0.6467737 0.73651749 0.1980551 -0.72344279 0.68939841 0.036881432 -0.64235115 -0.76641047 0 -0.64235115 -0.76641047 0 -0.64235115 -0.76641047 0 -0.65397054 -0.75649977 -0.0055421018 -0.65986735 -0.75136155 -0.0055450825 -0.66641694 -0.74514967 -0.025306961 -0.67628753 -0.72693455 -0.1191696 -0.67735147 -0.72250825 -0.13848077 -0.66624844 -0.67274845 -0.32174921 -0.77579516 -0.63068235 -0.01953442 -0.67750937 -0.72526324 0.12236951 -0.66641682 -0.74514973 0.025306961 -0.77346134 -0.63334149 0.025221553 -0.66624844 -0.67274845 0.32174921 -0.67853934 -0.72075957 0.14173934 -0.65986735 -0.75136155 0.0055450825 -0.65397054 -0.75649977 0.0055421018 -0.69823331 0.71519458 -0.031095468 -0.69671607 0.71654141 0.033986196 -0.72244984 -0.68411571 -0.10025832 -0.71538353 0.69868207 -0.0083507486 -0.71538353 0.69868207 0.0083507486 -0.72120297 -0.68587887 0.097141623 -0.71538353 0.69868207 0.0083507486 -0.71538353 0.69868207 -0.0083507486 -0.82946491 0.55845165 -0.01094999 -0.76956153 0.63255626 -0.087450199 -0.73308873 0.67992568 -0.016788226 -0.75827962 0.64913327 0.060317639 -0.82946491 0.55845165 0.01094999 -0.72472179 -0.68381023 0.084745742 -0.72472191 -0.68381017 -0.084745742 -0.74238855 -0.66982424 -0.013954704 -0.76452905 0.63414454 0.11556847 -0.74238855 -0.66982424 0.013954704 -0.74740642 -0.6643613 -0.0027681615 -0.77637047 0.62739903 0.06016149 -0.77510554 0.629237 -0.057203315 -0.74862736 -0.66299099 0 -0.77884609 0.62535089 -0.048322558 -0.75632626 -0.65419465 0 -0.75632626 -0.65419465 0 -0.77884609 0.62535089 0.048322558 -0.79515344 -0.60609591 -0.019461807 -0.78558844 0.61844206 0.01950052 -0.78558844 0.61844206 -0.01950052 -0.75886685 -0.65124577 0 -0.85606134 -0.51686722 -0.0026920065 -0.80173618 -0.5963791 -0.039383549 -0.80088586 -0.59858614 0.016627412 -0.85606134 -0.51686722 0.0026920065 -0.80600268 -0.59125447 -0.027889341 -0.78778028 0.61580008 0.013869318 -0.78778028 0.61580008 -0.013869318 -0.80600268 -0.59125447 0.027889341 -0.79228878 0.61009002 -0.0082817329 -0.8100571 -0.58611637 0.01658822 -0.8100571 -0.58611637 -0.01658822 -0.79228878 0.61009002 0.0082817329 -0.81354904 -0.58149636 0 -0.79536873 0.60612589 0 -0.90410888 0.42730212 0 -0.90410888 0.42730212 0 -0.92847675 -0.37139067 0 -0.92847675 -0.37139067 0 -0.96197867 0.27312458 0 -0.96197867 0.27312458 0 -0.97515482 -0.22141197 0.0070663118 -0.97515482 -0.22141197 -0.0070663118 -0.99045348 0.13768637 -0.0066622179 -0.99045151 0.1366913 0.017926794 -0.98836917 -0.15205675 0.0022361206 -0.98917377 -0.14612794 -0.013488751 -0.98992199 -0.13980676 -0.022549458 -0.99020696 -0.13595523 -0.031722896 -0.98990029 -0.12489399 -0.067072712 -0.99242687 -0.11675606 -0.038170252 -0.99666327 -0.080925666 -0.010648136 -0.9896968 -0.12516081 0.069533758 -0.99020696 -0.13595523 0.031722896 -0.99617541 -0.087271839 0.0042571439 -0.99393481 -0.10774956 0.02198969 -0.98924834 -0.12132286 0.081659615 -0.98992199 -0.13980676 0.022549458 -0.98917377 -0.14612794 0.013488751 -0.99680787 0.078807481 -0.012779539 -0.99578547 0.091688998 -0.0021322947 -0.99713284 0.072596379 -0.02135193 -0.99820983 0.056740396 0.018913507 -0.99936539 0.034671851 -0.0081580533 -0.9968462 0.065011725 -0.045508154 -0.99556971 0.094002321 -0.0021364077 -0.99511945 0.098654099 -0.0021446459 -0.99466908 0.10311904 0 -0.99556971 0.094002321 0.0021364077 -0.99578542 0.091689065 0.0021322947 -0.99511945 0.098654099 0.0021446459 -0.99680793 0.078807414 0.012779539 -0.99701923 0.074723043 0.019214559 -0.9968462 0.065011725 0.045508154 -0.98290849 0.042427685 0.17913923 -0.96428657 0.029519016 0.26321095 -0.96266961 0.029620642 0.26905385 -0.9983148 -0.057993423 0.0020711846 -0.99878794 -0.049221583 0 -0.99867952 -0.051372394 0 -0.99950254 -0.030472646 -0.0081260055 -0.99877608 -0.018727109 0.045777258 -0.99912244 -0.02275438 0.035165794 -0.99877608 -0.018727109 0.045777258 -0.99973696 -0.022126952 -0.0060346066 -0.99980175 -0.014081722 -0.014081722 -0.99832386 0 -0.057873882 -0.9998017 0.014081722 -0.014081784 </float_array>
          <technique_common>
            <accessor count="399" offset="0" source="#meshId0-normals-array" stride="3">
              <param name="X" type="float" />
              <param name="Y" type="float" />
              <param name="Z" type="float" />
            </accessor>
          </technique_common>
        </source>
        <vertices id="meshId0-vertices">
          <input semantic="POSITION" source="#meshId0-positions" />
        </vertices>
        <polylist count="408" material="defaultMaterial">
          <input offset="0" semantic="VERTEX" source="#meshId0-vertices" />
          <input offset="1" semantic="NORMAL" source="#meshId0-normals" />
          <vcount>3 3 3 3 3 3 3 3 3 3 3 3 3 3 3 3 3 3 3 3 3 3 3 3 3 3 3 3 3 3 3 3 3 3 3 3 3 3 3 3 3 3 3 3 3 3 3 3 3 3 3 3 3 3 3 3 3 3 3 3 3 3 3 3 3 3 3 3 3 3 3 3 3 3 3 3 3 3 3 3 3 3 3 3 3 3 3 3 3 3 3 3 3 3 3 3 3 3 3 3 3 3 3 3 3 3 3 3 3 3 3 3 3 3 3 3 3 3 3 3 3 3 3 3 3 3 3 3 3 3 3 3 3 3 3 3 3 3 3 3 3 3 3 3 3 3 3 3 3 3 3 3 3 3 3 3 3 3 3 3 3 3 3 3 3 3 3 3 3 3 3 3 3 3 3 3 3 3 3 3 3 3 3 3 3 3 3 3 3 3 3 3 3 3 3 3 3 3 3 3 3 3 3 3 3 3 3 3 3 3 3 3 3 3 3 3 3 3 3 3 3 3 3 3 3 3 3 3 3 3 3 3 3 3 3 3 3 3 3 3 3 3 3 3 3 3 3 3 3 3 3 3 3 3 3 3 3 3 3 3 3 3 3 3 3 3 3 3 3 3 3 3 3 3 3 3 3 3 3 3 3 3 3 3 3 3 3 3 3 3 3 3 3 3 3 3 3 3 3 3 3 3 3 3 3 3 3 3 3 3 3 3 3 3 3 3 3 3 3 3 3 3 3 3 3 3 3 3 3 3 3 3 3 3 3 3 3 3 3 3 3 3 3 3 3 3 3 3 3 3 3 3 3 3 3 3 3 3 3 3 3 3 3 3 3 3 3 3 3 3 3 3 3 3 3 3 3 3 3 3 3 3 3 3 3 3 3 3 3 3 3 3 3 3 3 3 3 3 3 3 3 3 3 3 3 3 3 3 </vcount>
          <p>0 0 1 1 2 2 3 3 0 0 2 2 4 4 3 3 2 2 5 5 6 6 7 7 8 8 3 3 4 4 9 9 6 6 5 5 0 0 10 10 1 1 11 11 12 12 13 13 14 14 11 11 13 13 15 15 3 3 8 8 16 16 6 6 9 9 0 0 17 17 10 10 11 11 18 18 12 12 19 19 3 3 15 15 20 20 6 6 16 16 0 0 21 21 17 17 11 11 22 22 18 18 23 23 24 24 0 0 24 24 21 21 0 0 20 20 25 25 6 6 26 26 25 25 20 20 27 27 3 3 19 19 28 28 25 25 26 26 23 23 29 29 24 24 11 11 30 30 22 22 31 31 3 3 27 27 32 32 25 25 28 28 23 23 33 33 29 29 11 11 34 34 30 30 35 35 3 3 31 31 36 36 25 25 32 32 23 23 37 37 33 33 11 11 38 38 34 34 23 23 39 39 37 37 11 11 40 40 38 38 41 41 3 3 35 35 42 42 25 25 36 36 43 43 3 3 41 41 44 44 45 45 42 42 23 23 44 44 39 39 11 11 43 43 40 40 11 11 3 3 43 43 23 23 45 45 44 44 46 46 47 47 3 3 11 11 46 46 3 3 48 48 45 45 23 23 48 48 49 49 45 45 50 50 51 51 47 47 46 46 50 50 47 47 52 52 49 49 48 48 52 52 53 53 49 49 54 54 55 55 51 51 50 50 54 54 51 51 56 56 57 57 52 52 57 57 58 58 52 52 58 58 59 59 52 52 59 59 60 60 52 52 60 60 61 61 52 52 61 61 53 53 52 52 62 62 63 63 53 53 63 63 64 64 53 53 64 64 65 65 53 53 61 61 62 62 53 53 66 66 67 67 55 55 67 67 68 68 55 55 68 68 69 69 55 55 69 69 70 70 55 55 70 70 71 71 55 55 71 71 72 72 55 55 72 72 73 73 55 55 74 74 66 66 55 55 75 75 76 76 74 74 77 77 75 75 74 74 78 78 79 79 74 74 79 79 80 80 74 74 80 80 77 77 74 74 76 76 81 81 74 74 81 81 82 82 74 74 82 82 66 66 74 74 83 83 65 65 64 64 84 84 85 85 56 56 86 86 87 87 56 56 87 87 88 88 56 56 88 88 84 84 56 56 85 85 89 89 56 56 89 89 90 90 56 56 90 90 57 57 56 56 91 91 92 92 65 65 92 92 93 93 65 65 93 93 94 94 65 65 94 94 95 95 65 65 95 95 96 96 65 65 96 96 97 97 65 65 83 83 91 91 65 65 98 98 73 73 72 72 99 99 73 73 98 98 78 78 100 100 79 79 78 78 101 101 100 100 102 102 73 73 99 99 102 102 103 103 73 73 103 103 104 104 73 73 104 104 105 105 73 73 106 106 107 107 78 78 107 107 108 108 78 78 108 108 101 101 78 78 109 109 97 97 96 96 86 86 110 110 87 87 86 86 111 111 110 110 106 106 112 112 107 107 113 113 105 105 104 104 114 114 97 97 109 109 115 115 105 105 113 113 116 116 97 97 114 114 86 86 117 117 111 111 106 106 118 118 112 112 119 119 105 105 115 115 120 120 97 97 116 116 86 86 121 121 117 117 106 106 122 122 118 118 86 86 123 123 121 121 106 106 124 124 122 122 125 125 105 105 119 119 126 126 97 97 120 120 127 127 105 105 125 125 128 128 97 97 126 126 86 86 129 129 123 123 106 106 130 130 124 124 131 131 105 105 127 127 132 132 97 97 128 128 86 86 133 133 129 129 106 106 134 134 130 130 135 135 136 136 86 86 136 136 133 133 86 86 132 132 137 137 97 97 138 138 137 137 132 132 135 135 139 139 136 136 106 106 140 140 134 134 141 141 105 105 131 131 142 142 137 137 138 138 143 143 105 105 141 141 144 144 137 137 142 142 135 135 144 144 139 139 106 106 143 143 140 140 106 106 105 105 143 143 135 135 137 137 144 144 145 145 146 146 105 105 106 106 145 145 105 105 147 147 137 137 135 135 147 147 148 148 137 137 149 149 148 148 147 147 149 149 150 150 148 148 151 151 150 150 149 149 151 151 152 152 150 150 153 153 154 154 146 146 145 145 153 153 146 146 155 155 152 152 151 151 155 155 156 156 152 152 157 157 158 158 154 154 153 153 157 157 154 154 159 159 160 160 155 155 161 161 159 159 155 155 162 162 163 163 155 155 163 163 164 164 155 155 164 164 161 161 155 155 160 160 165 165 155 155 165 165 166 166 155 155 166 166 167 167 155 155 167 167 156 156 155 155 168 168 169 169 156 156 169 169 170 170 156 156 170 170 171 171 156 156 171 171 172 172 156 156 172 172 173 173 156 156 173 173 174 174 156 156 167 167 168 168 156 156 175 175 176 176 158 158 176 176 177 177 158 158 177 177 178 178 158 158 178 178 179 179 158 158 179 179 180 180 158 158 180 180 181 181 158 158 181 181 182 182 158 158 182 182 183 183 158 158 183 183 184 184 158 158 185 185 175 175 158 158 186 186 187 187 185 185 187 187 188 188 185 185 188 188 189 189 185 185 189 189 190 190 185 185 190 190 191 191 185 185 191 191 192 192 185 185 192 192 193 193 185 185 193 193 194 194 185 185 194 194 175 175 185 185 195 195 174 174 173 173 196 196 174 174 195 195 162 162 197 197 163 163 162 162 198 198 197 197 186 186 199 199 187 187 200 200 184 184 183 183 201 201 174 174 196 196 202 202 203 203 162 162 203 203 204 204 162 162 204 204 198 198 162 162 201 201 205 205 174 174 205 205 206 206 174 174 206 206 207 207 174 174 208 208 184 184 200 200 186 186 209 209 199 199 186 186 210 210 209 209 211 211 184 184 208 208 211 211 212 212 184 184 212 212 213 213 184 184 214 214 215 215 186 186 215 215 216 216 186 186 216 216 210 210 186 186 202 202 217 217 203 203 218 218 207 207 206 206 219 219 213 213 212 212 220 220 207 207 218 218 202 202 221 221 217 217 222 222 213 213 219 219 223 223 207 207 220 220 202 202 224 224 221 221 214 214 225 225 215 215 202 202 226 226 224 224 214 214 227 227 225 225 228 228 213 213 222 222 229 229 207 207 223 223 230 230 213 213 228 228 231 231 207 207 229 229 202 202 232 232 226 226 214 214 233 233 227 227 234 234 213 213 230 230 235 235 207 207 231 231 202 202 236 236 232 232 214 214 237 237 233 233 202 202 238 238 236 236 214 214 239 239 237 237 240 240 213 213 234 234 241 241 207 207 235 235 242 242 213 213 240 240 243 243 207 207 241 241 202 202 243 243 238 238 214 214 242 242 239 239 214 214 213 213 242 242 202 202 207 207 243 243 244 244 207 207 202 202 244 244 245 245 207 207 246 246 247 247 213 213 214 214 246 246 213 213 248 248 245 245 244 244 248 248 249 249 245 245 250 250 251 251 247 247 246 246 250 250 247 247 252 252 249 249 248 248 252 252 253 253 249 249 254 254 255 255 251 251 250 250 254 254 251 251 256 256 257 257 255 255 254 254 256 256 255 255 258 258 259 259 257 257 259 259 260 260 257 257 260 260 261 261 257 257 256 256 258 258 257 257 262 262 263 263 256 256 263 263 264 264 256 256 264 264 265 265 256 256 265 265 258 258 256 256 266 266 267 267 252 252 267 267 268 268 252 252 268 268 269 269 252 252 269 269 270 270 252 252 270 270 271 271 252 252 271 271 272 272 252 252 272 272 273 273 252 252 273 273 274 274 252 252 274 274 275 275 252 252 275 275 253 253 252 252 276 276 277 277 253 253 278 278 276 276 253 253 277 277 279 279 253 253 279 279 280 280 253 253 280 280 281 281 253 253 281 281 282 282 253 253 282 282 283 283 253 253 283 283 284 284 253 253 275 275 278 278 253 253 285 285 261 261 260 260 262 262 286 286 263 263 287 287 261 261 285 285 287 287 288 288 261 261 288 288 289 289 261 261 289 289 290 290 261 261 290 290 291 291 261 261 291 291 292 292 261 261 292 292 293 293 261 261 293 293 294 294 261 261 295 295 296 296 262 262 297 297 298 298 262 262 298 298 299 299 262 262 299 299 295 295 262 262 296 296 300 300 262 262 300 300 301 301 262 262 301 301 286 286 262 262 266 266 302 302 267 267 303 303 284 284 283 283 304 304 294 294 293 293 305 305 284 284 303 303 266 266 306 306 302 302 297 297 307 307 298 298 266 266 308 308 306 306 309 309 284 284 305 305 310 310 311 311 266 266 311 311 312 312 266 266 312 312 308 308 266 266 309 309 313 313 284 284 313 313 314 314 284 284 297 297 315 315 307 307 316 316 294 294 304 304 317 317 294 294 316 316 318 318 314 314 313 313 297 297 319 319 315 315 320 320 294 294 317 317 321 321 314 314 318 318 310 310 322 322 311 311 297 297 323 323 319 319 310 310 324 324 322 322 297 297 325 325 323 323 326 326 294 294 320 320 327 327 314 314 321 321 328 328 294 294 326 326 329 329 314 314 327 327 310 310 330 330 324 324 297 297 331 331 325 325 332 332 294 294 328 328 333 333 332 332 328 328 297 297 334 334 331 331 335 335 334 334 297 297 336 336 332 332 333 333 337 337 314 314 329 329 310 310 338 338 330 330 335 335 339 339 334 334 310 310 340 340 338 338 335 335 341 341 339 339 342 342 332 332 336 336 343 343 314 314 337 337 344 344 332 332 342 342 345 345 314 314 343 343 310 310 345 345 340 340 335 335 344 344 341 341 335 335 332 332 344 344 310 310 314 314 345 345 346 346 314 314 310 310 346 346 347 347 314 314 348 348 349 349 332 332 335 335 348 348 332 332 350 350 347 347 346 346 350 350 351 351 347 347 352 352 353 353 349 349 348 348 352 352 349 349 354 354 351 351 350 350 354 354 355 355 351 351 356 356 357 357 353 353 357 357 358 358 353 353 358 358 359 359 353 353 359 359 360 360 353 353 360 360 361 361 353 353 361 361 362 362 353 353 352 352 356 356 353 353 363 363 364 364 352 352 365 365 366 366 352 352 366 366 367 367 352 352 367 367 363 363 352 352 364 364 368 368 352 352 368 368 369 369 352 352 369 369 356 356 352 352 370 370 371 371 354 354 372 372 370 370 354 354 373 373 374 374 354 354 374 374 375 375 354 354 375 375 372 372 354 354 371 371 376 376 354 354 376 376 377 377 354 354 377 377 378 378 354 354 378 378 355 355 354 354 379 379 380 380 355 355 381 381 379 379 355 355 380 380 382 382 355 355 382 382 383 383 355 355 383 383 384 384 355 355 384 384 385 385 355 355 385 385 386 386 355 355 386 386 387 387 355 355 378 378 381 381 355 355 388 388 362 362 361 361 365 365 389 389 366 366 390 390 362 362 388 388 390 390 391 391 362 362 392 392 393 393 365 365 393 393 389 389 365 365 394 394 392 392 365 365 395 395 391 391 390 390 395 395 396 396 391 391 396 396 397 397 391 391 397 397 373 373 391 391 397 397 398 398 373 373 398 398 374 374 373 373</p>
        </polylist>
      </mesh>
    </geometry>
    <geometry id="meshId1" name="meshId1_name">
      <mesh>
        <source id="meshId1-positions" name="meshId1-positions">
          <float_array id="meshId1-positions-array" count="19875"> 27.85791 6.2451553 -57.5 28.505611 1.573616 -55.998146 28.505611 1.573616 -57.5 28.376068 -3.1424484 -55.998146 28.376068 -3.1424484 -57.5 27.85791 6.2451553 -55.998146 27.473339 -7.7694588 -55.998146 27.473339 -7.7694588 -57.5 26.453209 10.742622 -57.5 26.453209 10.742622 -55.998146 25.817654 -12.185963 -55.998146 25.817654 -12.185963 -57.5 24.323895 14.952675 -57.5 24.323895 14.952675 -55.998146 23.461643 -16.266476 -55.998146 23.461643 -16.266476 -57.5 21.530689 18.749817 -57.5 21.530689 18.749817 -55.998146 20.46603 -19.909788 -55.998146 20.46603 -19.909788 -57.5 18.150501 22.036896 -57.5 18.150501 22.036896 -55.998146 16.907726 -23.006605 -55.998146 16.907726 -23.006605 -57.5 14.276447 24.724854 -57.5 14.276447 24.724854 -55.998146 12.891987 -25.471914 -55.998146 16.907726 -23.006605 -57.5 12.891987 -25.471914 -57.5 10.195934 26.667953 -57.5 10.195934 26.667953 -55.998146 8.5240593 -27.249043 -55.998146 8.5240593 -27.249043 -57.5 5.8603897 27.943115 -57.5 5.8603897 27.943115 -55.998146 3.9213371 -28.281315 -55.998146 3.9213371 -28.281315 -57.5 1.3791161 28.517944 -57.5 1.3791161 28.517944 -55.998146 -0.78663254 -28.540394 -55.998146 3.9213371 -28.281315 -57.5 -0.78663254 -28.540394 -57.5 -3.1345463 28.376259 -57.5 -3.1345463 28.376259 -55.998146 -5.4743633 -28.022234 -55.998146 -5.4743633 -28.022234 -57.5 -7.571291 27.526154 -57.5 -7.571291 27.526154 -55.998146 -10.012312 -26.738977 -55.998146 -10.012312 -26.738977 -57.5 -11.821825 25.987865 -57.5 -11.821825 25.987865 -55.998146 -14.274989 -24.723011 -55.998146 -14.274989 -24.723011 -57.5 -15.772796 23.797832 -57.5 -15.772796 23.797832 -55.998146 -18.221912 -21.978382 -55.998146 -18.221912 -21.978382 -57.5 -19.327049 21.012718 -57.5 -19.327049 21.012718 -55.998146 -21.654724 -18.606293 -55.998146 -21.654724 -18.606293 -57.5 -22.399578 17.701351 -57.5 -22.399578 17.701351 -55.998146 -24.472219 -14.703897 -55.998146 -24.472219 -14.703897 -57.5 -24.913465 13.944691 -57.5 -24.913465 13.944691 -55.998146 -26.593437 -10.388596 -55.998146 -26.593437 -10.388596 -57.5 -26.799892 9.8398933 -57.5 -26.799892 9.8398933 -55.998146 -27.957655 -5.7777805 -55.998146 -27.957655 -5.7777805 -57.5 -28.018377 5.4881554 -57.5 -28.018377 5.4881554 -55.998146 -28.53249 -1.0009918 -55.998146 -28.53249 -1.0009918 -57.5 -28.53249 0.99878311 -57.5 -28.53249 0.99878311 -55.998146 -0.78663254 -28.540394 -57.5 27.85791 6.2451553 -57.5 28.505611 1.573616 -57.5 28.376068 -3.1424484 -57.5 27.473339 -7.7694588 -57.5 26.453209 10.742622 -57.5 25.817654 -12.185963 -57.5 24.323895 14.952675 -57.5 12.891987 -25.471914 -57.5 8.5240593 -27.249043 -57.5 23.461643 -16.266476 -57.5 3.9213371 -28.281315 -57.5 21.530689 18.749817 -57.5 20.46603 -19.909788 -57.5 18.150501 22.036896 -57.5 16.907726 -23.006605 -57.5 14.276447 24.724854 -57.5 10.195934 26.667953 -57.5 5.8603897 27.943115 -57.5 -28.050762 -1.0009918 -57.5 1.3791161 28.517944 -57.5 -28.050762 0.99878311 -57.5 -28.53249 0.99878311 -57.5 -28.018377 5.4881554 -57.5 -3.1345463 28.376259 -57.5 -5.4743633 -28.022234 -57.5 -26.799892 9.8398933 -57.5 -24.913465 13.944691 -57.5 -22.399578 17.701351 -57.5 -7.571291 27.526154 -57.5 -10.012312 -26.738977 -57.5 -11.821825 25.987865 -57.5 -14.274989 -24.723011 -57.5 -15.772796 23.797832 -57.5 -18.221912 -21.978382 -57.5 -19.327049 21.012718 -57.5 -21.654724 -18.606293 -57.5 -24.472219 -14.703897 -57.5 -26.593437 -10.388596 -57.5 -27.957655 -5.7777805 -57.5 -28.53249 -1.0009918 -57.5 27.85791 6.2451553 -55.998146 27.538109 6.0710869 -55.998146 28.505611 1.573616 -55.998146 28.161518 1.4764633 -55.998146 28.376068 -3.1424484 -55.998146 28.023884 -3.1586418 -55.998146 27.473339 -7.7694588 -55.998146 27.125198 -7.7046871 -55.998146 26.453209 10.742622 -55.998146 26.173889 10.499737 -55.998146 25.817654 -12.185963 -55.998146 25.497852 -12.044279 -55.998146 24.323895 14.952675 -55.998146 24.10125 14.645016 -55.998146 23.461643 -16.266476 -55.998146 23.182323 -16.06002 -55.998146 21.530689 18.749817 -55.998146 21.37281 18.393581 -55.998146 20.46603 -19.909788 -55.998146 20.235287 -19.638563 -55.998146 18.150501 22.036896 -55.998146 18.073589 21.648277 -55.998146 16.907726 -23.006605 -55.998146 16.745804 -22.690851 -55.998146 14.276447 24.724854 -55.998146 14.280495 24.31599 -55.998146 12.891987 -25.471914 -55.998146 12.802929 -25.127823 -55.998146 14.098328 24.421242 -55.998146 9.7101593 26.473644 -55.998146 13.916161 24.526493 -55.998146 10.195934 26.667953 -55.998146 8.5240593 -27.249043 -55.998146 8.5119133 -26.88471 -55.998146 5.2410278 27.708321 -55.998146 5.8603897 27.943115 -55.998146 3.9213371 -28.281315 -55.998146 3.9942055 -27.916983 -55.998146 0.63426018 28.194099 -55.998146 1.3791161 28.517944 -55.998146 -0.78663254 -28.540394 -55.998146 -0.63280296 -28.192255 -55.998146 -3.9927483 27.914772 -55.998146 -3.1345463 28.376259 -55.998146 -5.4743633 -28.022234 -55.998146 -5.2436199 -27.70648 -55.998146 -7.571291 27.526154 -55.998146 -8.5145054 26.882504 -55.998146 -10.012312 -26.738977 -55.998146 -9.7127514 -26.475849 -55.998146 -11.821825 25.987865 -55.998146 -12.801471 25.125618 -55.998146 -14.274989 -24.723011 -55.998146 -13.918754 -24.528702 -55.998146 -15.772796 23.797832 -55.998146 -16.744347 22.688644 -55.998146 -14.10092 -24.42345 -55.998146 -14.283085 -24.31415 -55.998146 -18.221912 -21.978382 -55.998146 -18.072132 -21.646435 -55.998146 -19.327049 21.012718 -55.998146 -20.237879 19.640404 -55.998146 -21.375402 -18.39579 -55.998146 -21.654724 -18.606293 -55.998146 -22.399578 17.701351 -55.998146 -23.180866 16.057812 -55.998146 -24.099792 -14.643177 -55.998146 -24.472219 -14.703897 -55.998146 -24.913465 13.944691 -55.998146 -25.496395 12.04612 -55.998146 -26.172432 -10.497894 -55.998146 -26.593437 -10.388596 -55.998146 -26.799892 9.8398933 -55.998146 -27.12779 7.7065277 -55.998146 -27.540699 -6.0692444 -55.998146 -27.957655 -5.7777805 -55.998146 -28.018377 5.4881554 -55.998146 -28.022427 3.1564369 -55.998146 -28.160063 -1.4746208 -55.998146 -28.53249 -1.0009918 -55.998146 -28.53249 0.99878311 -55.998146 -28.180304 0.99878311 -55.998146 -28.180304 -1.0009918 -55.998146 28.230335 3.9134331 -49.998821 28.230335 3.9134331 -43.238449 28.489418 -0.7864418 -43.238449 28.489418 -0.7864418 -49.998821 27.971256 -5.4620266 -43.238449 27.971256 -5.4620266 -49.998821 27.202114 8.5080566 -49.998821 27.202114 8.5080566 -43.238449 26.692047 -9.9918785 -43.238449 26.692047 -9.9918785 -49.998821 25.429035 12.867889 -49.998821 25.429035 12.867889 -43.238449 24.68013 -14.250507 -43.238449 24.68013 -14.250507 -49.998821 22.963726 16.879581 -49.998821 22.963726 16.879581 -43.238449 22.000271 -18.116468 -43.238449 22.000271 -18.116468 -49.998821 19.870956 20.42979 -49.998821 19.870956 20.42979 -43.238449 18.717239 -21.492607 -43.238449 18.717239 -21.492607 -49.998821 16.239788 23.421356 -49.998821 16.239788 23.421356 -43.238449 14.924145 -24.277718 -43.238449 14.924145 -24.277718 -49.998821 12.163322 25.773315 -49.998821 12.163322 25.773315 -43.238449 10.726238 -26.407032 -43.238449 10.726238 -26.407032 -49.998821 7.7549133 27.42495 -49.998821 7.7549133 27.42495 -43.238449 6.2328186 -27.811731 -43.238449 6.2328186 -27.811731 -49.998821 3.1360016 28.327682 -49.998821 3.1360016 28.327682 -43.238449 1.5693779 -28.455383 -43.238449 1.5693779 -28.455383 -49.998821 -1.5719681 28.457222 -49.998821 -1.5719681 28.457222 -43.238449 -3.1345463 -28.325844 -43.238449 -3.1345463 -28.325844 -49.998821 -6.2313614 27.809525 -49.998821 -6.2313614 27.809525 -43.238449 -7.753458 -27.423111 -43.238449 -7.753458 -27.423111 -49.998821 -10.724783 26.404823 -49.998821 -10.724783 26.404823 -43.238449 -12.161867 -25.775524 -43.238449 -12.161867 -25.775524 -49.998821 -14.922689 24.279556 -49.998821 -14.922689 24.279556 -43.238449 -16.238331 -23.419514 -43.238449 -16.238331 -23.419514 -49.998821 -18.715782 21.490398 -49.998821 -18.715782 21.490398 -43.238449 -19.873547 -20.427948 -43.238449 -19.873547 -20.427948 -49.998821 -21.998814 18.118309 -49.998821 -21.998814 18.118309 -43.238449 -22.966316 -16.877743 -43.238449 -22.966316 -16.877743 -49.998821 -24.682722 14.248302 -49.998821 -24.682722 14.248302 -43.238449 -25.427578 -12.870096 -43.238449 -25.427578 -12.870096 -49.998821 -26.690592 9.993721 -49.998821 -26.690592 9.993721 -43.238449 -27.200657 -8.506216 -43.238449 -27.200657 -8.506216 -49.998821 -27.969801 5.4638672 -49.998821 -27.969801 5.4638672 -43.238449 -28.22888 -3.9156418 -43.238449 -28.22888 -3.9156418 -49.998821 -28.487961 0.78423309 -49.998821 -28.487961 0.78423309 -43.238449 12.163322 25.773315 -43.238449 27.971256 -5.4620266 -43.238449 28.489418 -0.7864418 -43.238449 16.239788 23.421356 -43.238449 19.870956 20.42979 -43.238449 28.230335 3.9134331 -43.238449 27.202114 8.5080566 -43.238449 26.692047 -9.9918785 -43.238449 22.963726 16.879581 -43.238449 25.429035 12.867889 -43.238449 -21.998814 18.118309 -43.238449 24.68013 -14.250507 -43.238449 7.7549133 27.42495 -43.238449 3.1360016 28.327682 -43.238449 -1.5719681 28.457222 -43.238449 -6.2313614 27.809525 -43.238449 -10.724783 26.404823 -43.238449 -14.922689 24.279556 -43.238449 -18.715782 21.490398 -43.238449 -26.690592 9.993721 -43.238449 22.000271 -18.116468 -43.238449 -24.682722 14.248302 -43.238449 18.717239 -21.492607 -43.238449 14.924145 -24.277718 -43.238449 10.726238 -26.407032 -43.238449 6.2328186 -27.811731 -43.238449 -28.487961 0.78423309 -43.238449 -28.22888 -3.9156418 -43.238449 -27.969801 5.4638672 -43.238449 -27.200657 -8.506216 -43.238449 -25.427578 -12.870096 -43.238449 -22.966316 -16.877743 -43.238449 -19.873547 -20.427948 -43.238449 -16.238331 -23.419514 -43.238449 -12.161867 -25.775524 -43.238449 -7.753458 -27.423111 -43.238449 -3.1345463 -28.325844 -43.238449 1.5693779 -28.455383 -43.238449 27.971256 -5.4620266 -49.998821 28.023884 -3.1586418 -49.998821 28.489418 -0.7864418 -49.998821 28.161518 1.4764633 -49.998821 28.230335 3.9134331 -49.998821 27.538109 6.0710869 -49.998821 27.202114 8.5080566 -49.998821 27.125198 -7.7046871 -49.998821 26.692047 -9.9918785 -49.998821 26.173889 10.499737 -49.998821 25.429035 12.867889 -49.998821 25.497852 -12.044279 -49.998821 24.68013 -14.250507 -49.998821 24.10125 14.645016 -49.998821 23.182323 -16.06002 -49.998821 22.963726 16.879581 -49.998821 22.000271 -18.116468 -49.998821 21.37281 18.393581 -49.998821 20.235287 -19.638563 -49.998821 19.870956 20.42979 -49.998821 18.717239 -21.492607 -49.998821 18.073589 21.648277 -49.998821 16.745804 -22.690851 -49.998821 16.239788 23.421356 -49.998821 14.924145 -24.277718 -49.998821 14.280495 24.31599 -49.998821 12.802929 -25.127823 -49.998821 14.098328 24.421242 -49.998821 12.163322 25.773315 -49.998821 10.726238 -26.407032 -49.998821 13.916161 24.526493 -49.998821 9.7101593 26.473644 -49.998821 8.5119133 -26.88471 -49.998821 7.7549133 27.42495 -49.998821 6.2328186 -27.811731 -49.998821 5.2410278 27.708321 -49.998821 3.9942055 -27.916983 -49.998821 3.1360016 28.327682 -49.998821 1.5693779 -28.455383 -49.998821 0.63426018 28.194099 -49.998821 -0.63280296 -28.192255 -49.998821 -1.5719681 28.457222 -49.998821 -3.1345463 -28.325844 -49.998821 -3.9927483 27.914772 -49.998821 -5.2436199 -27.70648 -49.998821 -6.2313614 27.809525 -49.998821 -7.753458 -27.423111 -49.998821 -8.5145054 26.882504 -49.998821 -9.7127514 -26.475849 -49.998821 -10.724783 26.404823 -49.998821 -12.161867 -25.775524 -49.998821 -12.801471 25.125618 -49.998821 -13.918754 -24.528702 -49.998821 -14.922689 24.279556 -49.998821 -16.238331 -23.419514 -49.998821 -14.10092 -24.42345 -49.998821 -16.744347 22.688644 -49.998821 -14.283085 -24.31415 -49.998821 -18.072132 -21.646435 -49.998821 -18.715782 21.490398 -49.998821 -19.873547 -20.427948 -49.998821 -20.237879 19.640404 -49.998821 -21.375402 -18.39579 -49.998821 -21.998814 18.118309 -49.998821 -22.966316 -16.877743 -49.998821 -23.180866 16.057812 -49.998821 -24.099792 -14.643177 -49.998821 -24.682722 14.248302 -49.998821 -25.427578 -12.870096 -49.998821 -25.496395 12.04612 -49.998821 -26.172432 -10.497894 -49.998821 -26.690592 9.993721 -49.998821 -27.200657 -8.506216 -49.998821 -27.12779 7.7065277 -49.998821 -27.540699 -6.0692444 -49.998821 -27.969801 5.4638672 -49.998821 -28.022427 3.1564369 -49.998821 -28.22888 -3.9156418 -49.998821 -28.160063 -1.4746208 -49.998821 -28.487961 0.78423309 -49.998821 26.999706 0.67088699 -55.666199 26.999706 -0.67309189 -55.666199 28.202 0.0029449463 -55.751209 28.189857 0.67088699 -55.662151 28.189857 -0.67309189 -55.662151 26.999706 -0.67309189 -50.334816 26.999706 0.67088699 -50.334816 28.202 -0.0051498413 -50.249805 28.189857 -0.67309189 -50.338863 28.189857 0.67088699 -50.338863 28.189857 -0.70547867 -55.658104 28.189857 0.70326996 -50.342911 28.189857 0.71541595 -55.654053 28.189857 -0.71357346 -50.342911 26.999706 -1.8551445 -55.030643 28.165565 -1.3653221 -55.386879 26.999706 1.856987 -50.970371 28.165565 1.3671646 -50.614136 26.999706 1.856987 -55.030643 28.165565 1.3793068 -55.37878 26.999706 -1.8551445 -50.970371 28.165565 -1.3774681 -50.622234 28.13723 -1.8470497 -55.018497 28.161518 1.4764633 -50.695099 28.161518 1.4764633 -55.305916 28.13723 -1.8470497 -50.982517 28.13723 1.8488884 -55.018497 28.13723 1.8488884 -50.97847 28.133183 -1.9361076 -54.953728 28.133183 1.9379501 -51.047287 28.133183 1.9460449 -54.941586 28.133183 -1.9482536 -51.059433 28.100796 -2.3773537 -54.382942 28.100796 2.375145 -51.618073 26.999706 2.5937462 -53.909313 28.100796 2.3832436 -54.3708 28.100796 -2.3854485 -51.630219 26.999706 -2.5959511 -52.091705 26.999706 -2.5959511 -53.909313 28.080555 -2.5797615 -53.901215 26.999706 2.5937462 -52.091705 28.080555 2.5775528 -52.0998 28.080555 2.5775528 -53.901215 28.080555 -2.5797615 -52.0998 28.076508 2.6585159 -53.710953 28.076508 -2.6566734 -52.290062 28.076508 -2.652626 -53.723099 28.076508 2.6544685 -52.277916 28.064365 -2.7497826 -52.998482 28.064365 2.7516212 -52.998482 26.999706 2.7516212 -52.998482 26.999706 -2.7497826 -52.998482 28.161518 1.4764633 -49.998821 28.189857 -0.67309189 -50.338863 28.202 -0.0051498413 -50.249805 26.999706 -0.0011024475 -54.50034 26.999706 -1.8551445 -55.030643 26.999706 -0.67309189 -55.666199 26.999706 0.67088699 -55.666199 26.999706 0.75184631 -54.297932 26.999706 1.856987 -55.030643 26.999706 -0.75000763 -54.297932 26.999706 -2.5959511 -53.909313 26.999706 1.2983437 -53.751434 26.999706 2.5937462 -53.909313 26.999706 -1.3005524 -53.751434 26.999706 -2.7497826 -52.998482 26.999706 1.5007515 -52.998482 26.999706 2.7516212 -52.998482 26.999706 -1.498909 -52.998482 26.999706 -2.5959511 -52.091705 26.999706 -1.3005524 -52.24958 26.999706 1.2983437 -52.24958 26.999706 2.5937462 -52.091705 26.999706 -0.75000763 -51.699036 26.999706 -1.8551445 -50.970371 26.999706 0.75184631 -51.699036 26.999706 1.856987 -50.970371 26.999706 -0.0011024475 -51.500675 26.999706 -0.67309189 -50.334816 26.999706 0.67088699 -50.334816 22.198627 -0.0011024475 -54.50034 26.999706 -0.75000763 -54.297932 26.999706 -0.0011024475 -54.50034 22.198627 -0.75000763 -54.297932 22.198627 0.75184631 -54.297932 22.198627 -0.0011024475 -54.50034 26.999706 -0.0011024475 -54.50034 26.999706 0.75184631 -54.297932 22.198627 -0.75000763 -54.297932 26.999706 -1.3005524 -53.751434 26.999706 -0.75000763 -54.297932 22.198627 -1.3005524 -53.751434 22.198627 1.2983437 -53.751434 22.198627 0.75184631 -54.297932 26.999706 0.75184631 -54.297932 26.999706 1.2983437 -53.751434 22.198627 -1.3005524 -53.751434 26.999706 -1.498909 -52.998482 26.999706 -1.3005524 -53.751434 22.198627 -1.498909 -52.998482 22.198627 1.5007515 -52.998482 22.198627 1.2983437 -53.751434 26.999706 1.2983437 -53.751434 26.999706 1.5007515 -52.998482 22.198627 -1.498909 -52.998482 26.999706 -1.3005524 -52.24958 26.999706 -1.498909 -52.998482 22.198627 -1.3005524 -52.24958 22.198627 1.2983437 -52.24958 22.198627 1.5007515 -52.998482 26.999706 1.5007515 -52.998482 26.999706 1.2983437 -52.24958 22.198627 -1.3005524 -52.24958 26.999706 -0.75000763 -51.699036 26.999706 -1.3005524 -52.24958 22.198627 -0.75000763 -51.699036 22.198627 0.75184631 -51.699036 22.198627 1.2983437 -52.24958 26.999706 1.2983437 -52.24958 26.999706 0.75184631 -51.699036 22.198627 -0.75000763 -51.699036 26.999706 -0.0011024475 -51.500675 26.999706 -0.75000763 -51.699036 22.198627 -0.0011024475 -51.500675 22.198627 -0.0011024475 -51.500675 22.198627 0.75184631 -51.699036 26.999706 0.75184631 -51.699036 26.999706 -0.0011024475 -51.500675 21.299946 -0.0011024475 -52.998482 22.198627 -0.75000763 -54.297932 22.198627 -0.0011024475 -54.50034 22.198627 0.75184631 -54.297932 22.198627 -1.3005524 -53.751434 22.198627 1.2983437 -53.751434 22.198627 -1.498909 -52.998482 22.198627 1.5007515 -52.998482 22.198627 -1.3005524 -52.24958 22.198627 1.2983437 -52.24958 22.198627 -0.75000763 -51.699036 22.198627 0.75184631 -51.699036 22.198627 -0.0011024475 -51.500675 21.036816 -17.148966 -52.998482 21.729046 -17.974785 -53.710953 21.789768 -17.901918 -52.998482 20.927517 -17.258266 -52.091705 21.729046 -17.974785 -52.277916 20.927517 -17.258266 -53.909313 21.68047 -18.035505 -53.901215 21.68047 -18.031458 -52.0998 21.55093 -18.189335 -51.618073 21.554977 -18.185287 -54.3708 21.271606 -18.517233 -54.941586 20.405308 -17.780474 -50.970371 21.263512 -18.52533 -51.047287 20.405308 -17.780474 -50.970371 20.405308 -17.780474 -55.030643 21.202789 -18.590099 -55.018497 21.202789 -18.590099 -50.97847 20.882988 -18.950382 -50.614136 20.405308 -17.780474 -55.030643 20.891083 -18.942286 -55.37878 20.437695 -19.428062 -55.654053 20.433647 -19.436157 -50.342911 19.567348 -18.618437 -55.666199 20.409355 -19.460447 -55.662151 19.567348 -18.618437 -50.334816 20.409355 -19.460447 -50.338863 20.235287 -19.638563 -50.30648 20.235287 -19.638563 -55.694534 19.939774 -19.942173 -50.249805 19.943821 -19.938126 -55.751209 18.616035 -19.565699 -55.666199 19.458046 -20.407707 -55.662151 19.458046 -20.407707 -50.338863 18.616035 -19.565699 -50.334816 19.42971 -20.440094 -50.342911 19.433758 -20.431997 -55.658104 17.778076 -20.40366 -55.030643 18.95203 -20.881338 -55.386879 18.943935 -20.889435 -50.622234 17.778076 -20.40366 -50.970371 18.591747 -21.205189 -55.018497 18.591747 -21.201141 -50.982517 18.514835 -21.269958 -51.059433 18.52293 -21.261864 -54.953728 18.190983 -21.54928 -54.382942 17.255867 -20.925869 -52.091705 18.182888 -21.553328 -51.630219 17.255867 -20.925869 -53.909313 18.033108 -21.67882 -53.901215 18.033108 -21.67882 -52.0998 17.972385 -21.731445 -52.290062 17.976433 -21.727398 -53.723099 17.899517 -21.78812 -52.998482 17.146568 -21.035168 -52.998482 20.927517 17.256058 -53.909313 21.036816 17.146759 -52.998482 21.789768 17.899712 -52.998482 21.729046 17.976624 -53.723099 21.729046 17.972576 -52.290062 20.927517 17.256058 -52.091705 21.68047 18.033298 -52.0998 21.68047 18.033298 -53.901215 21.55093 18.187126 -54.382942 21.554977 18.183079 -51.630219 20.927517 17.256058 -52.091705 21.37281 18.393581 -51.265884 21.37281 18.393581 -54.731083 20.405308 17.778267 -50.970371 21.271606 18.515026 -51.059433 20.405308 17.778267 -55.030643 21.263512 18.523121 -54.953728 21.202789 18.591942 -50.982517 21.202789 18.591942 -55.018497 20.882988 18.952225 -55.386879 20.891083 18.940079 -50.622234 20.437695 19.429901 -50.342911 20.433647 19.433952 -55.658104 19.567348 18.61623 -50.334816 20.409355 19.458241 -50.338863 19.567348 18.61623 -55.666199 20.409355 19.458241 -55.662151 19.939774 19.944016 -55.751209 19.943821 19.935917 -50.249805 18.616035 19.567539 -50.334816 19.458046 20.40955 -50.338863 18.616035 19.567539 -55.666199 19.458046 20.40955 -55.662151 19.42971 20.437885 -55.654053 19.433758 20.433838 -50.342911 17.778076 20.405502 -50.970371 18.95203 20.883179 -50.614136 17.778076 20.405502 -55.030643 18.943935 20.891277 -55.37878 18.591747 21.202984 -50.97847 18.591747 21.202984 -55.018497 18.514835 21.271801 -54.941586 18.52293 21.263702 -51.047287 18.190983 21.551121 -51.618073 17.255867 20.927708 -53.909313 18.182888 21.555168 -54.3708 17.255867 20.927708 -52.091705 18.073589 21.648277 -51.978355 18.073589 21.648277 -54.022659 18.033108 21.68066 -53.901215 17.255867 20.927708 -52.091705 18.033108 21.68066 -52.0998 17.972385 21.729237 -53.710953 17.976433 21.729237 -52.277916 17.899517 21.789959 -52.998482 17.146568 21.03701 -52.998482 20.154324 -18.031458 -52.998482 20.927517 -17.258266 -53.909313 21.036816 -17.148966 -52.998482 20.008591 -18.173141 -52.24958 20.927517 -17.258266 -52.091705 20.008591 -18.173141 -53.751434 20.405308 -17.780474 -55.030643 19.62402 -18.561762 -51.699036 20.405308 -17.780474 -50.970371 19.62402 -18.561762 -54.297932 19.567348 -18.618437 -55.666199 19.093716 -19.092068 -51.500675 19.567348 -18.618437 -50.334816 19.093716 -19.092068 -54.50034 18.616035 -19.565699 -55.666199 18.616035 -19.565699 -50.334816 18.563412 -19.622372 -54.297932 17.778076 -20.40366 -55.030643 18.563412 -19.622372 -51.699036 17.778076 -20.40366 -50.970371 18.174789 -20.010992 -53.751434 17.255867 -20.925869 -53.909313 18.174789 -20.010992 -52.24958 18.033108 -20.152676 -52.998482 17.146568 -21.035168 -52.998482 17.255867 -20.925869 -52.091705 20.154324 18.029251 -52.998482 20.927517 17.256058 -52.091705 21.036816 17.146759 -52.998482 20.008591 18.174984 -53.751434 20.927517 17.256058 -53.909313 19.62402 18.559555 -54.297932 20.405308 17.778267 -55.030643 20.008591 18.174984 -52.24958 20.405308 17.778267 -50.970371 19.093716 19.093906 -54.50034 19.567348 18.61623 -55.666199 19.62402 18.559555 -51.699036 19.567348 18.61623 -50.334816 19.093716 19.093906 -51.500675 18.616035 19.567539 -55.666199 18.616035 19.567539 -50.334816 18.563412 19.624214 -54.297932 18.563412 19.624214 -51.699036 17.778076 20.405502 -50.970371 17.778076 20.405502 -55.030643 18.174789 20.008785 -53.751434 18.174789 20.008785 -52.24958 17.255867 20.927708 -52.091705 17.255867 20.927708 -53.909313 18.033108 20.154518 -52.998482 17.146568 21.03701 -52.998482 16.757946 -14.63508 -52.998482 20.008591 -18.173141 -53.751434 20.154324 -18.031458 -52.998482 16.616264 -14.780813 -53.751434 16.616264 -14.780813 -52.24958 16.757946 -14.63508 -52.998482 20.154324 -18.031458 -52.998482 20.008591 -18.173141 -52.24958 16.616264 14.778606 -53.751434 16.757946 14.636921 -52.998482 20.154324 18.029251 -52.998482 20.008591 18.174984 -53.751434 16.757946 14.636921 -52.998482 20.008591 18.174984 -52.24958 20.154324 18.029251 -52.998482 16.616264 14.778606 -52.24958 16.616264 -14.780813 -53.751434 19.62402 -18.561762 -54.297932 20.008591 -18.173141 -53.751434 16.227642 -15.169434 -54.297932 16.227642 15.167225 -54.297932 16.616264 14.778606 -53.751434 20.008591 18.174984 -53.751434 19.62402 18.559555 -54.297932 16.227642 -15.169434 -51.699036 16.616264 -14.780813 -52.24958 20.008591 -18.173141 -52.24958 19.62402 -18.561762 -51.699036 16.616264 14.778606 -52.24958 19.62402 18.559555 -51.699036 20.008591 18.174984 -52.24958 16.227642 15.167225 -51.699036 16.227642 -15.169434 -54.297932 19.093716 -19.092068 -54.50034 19.62402 -18.561762 -54.297932 15.697338 -15.699738 -54.50034 15.697338 15.697529 -54.50034 16.227642 15.167225 -54.297932 19.62402 18.559555 -54.297932 19.093716 19.093906 -54.50034 15.697338 -15.699738 -51.500675 16.227642 -15.169434 -51.699036 19.62402 -18.561762 -51.699036 19.093716 -19.092068 -51.500675 16.227642 15.167225 -51.699036 19.093716 19.093906 -51.500675 19.62402 18.559555 -51.699036 15.697338 15.697529 -51.500675 15.697338 -15.699738 -54.50034 18.563412 -19.622372 -54.297932 19.093716 -19.092068 -54.50034 15.167034 -16.230042 -54.297932 15.167034 16.227837 -54.297932 15.697338 15.697529 -54.50034 19.093716 19.093906 -54.50034 18.563412 19.624214 -54.297932 15.167034 -16.230042 -51.699036 15.697338 -15.699738 -51.500675 19.093716 -19.092068 -51.500675 18.563412 -19.622372 -51.699036 15.697338 15.697529 -51.500675 18.563412 19.624214 -51.699036 19.093716 19.093906 -51.500675 15.167034 16.227837 -51.699036 15.167034 -16.230042 -54.297932 18.174789 -20.010992 -53.751434 18.563412 -19.622372 -54.297932 14.778412 -16.614614 -53.751434 14.778412 16.616455 -53.751434 15.167034 16.227837 -54.297932 18.563412 19.624214 -54.297932 18.174789 20.008785 -53.751434 14.778412 -16.614614 -52.24958 15.167034 -16.230042 -51.699036 18.563412 -19.622372 -51.699036 18.174789 -20.010992 -52.24958 15.167034 16.227837 -51.699036 18.174789 20.008785 -52.24958 18.563412 19.624214 -51.699036 14.778412 16.616455 -52.24958 14.778412 -16.614614 -53.751434 18.033108 -20.152676 -52.998482 18.174789 -20.010992 -53.751434 14.63673 -16.760345 -52.998482 14.63673 16.758141 -52.998482 14.778412 16.616455 -53.751434 18.174789 20.008785 -53.751434 18.033108 20.154518 -52.998482 14.63673 -16.760345 -52.998482 14.778412 -16.614614 -52.24958 18.174789 -20.010992 -52.24958 18.033108 -20.152676 -52.998482 14.778412 16.616455 -52.24958 18.033108 20.154518 -52.998482 18.174789 20.008785 -52.24958 14.63673 16.758141 -52.998482 15.061783 -15.060133 -52.998482 16.616264 -14.780813 -53.751434 16.757946 -14.63508 -52.998482 16.616264 -14.780813 -52.24958 16.227642 -15.169434 -54.297932 16.227642 -15.169434 -51.699036 15.697338 -15.699738 -54.50034 15.697338 -15.699738 -51.500675 15.167034 -16.230042 -54.297932 15.167034 -16.230042 -51.699036 14.778412 -16.614614 -53.751434 14.778412 -16.614614 -52.24958 14.63673 -16.760345 -52.998482 16.616264 14.778606 -53.751434 15.061783 15.061974 -52.998482 16.757946 14.636921 -52.998482 16.616264 14.778606 -52.24958 16.227642 15.167225 -54.297932 16.227642 15.167225 -51.699036 15.697338 15.697529 -54.50034 15.697338 15.697529 -51.500675 15.167034 16.227837 -54.297932 15.167034 16.227837 -51.699036 14.778412 16.616455 -53.751434 14.778412 16.616455 -52.24958 14.63673 16.758141 -52.998482 2.7514305 -26.998058 -52.998482 2.6583233 -28.07486 -53.710953 2.7514305 -28.066763 -52.998482 2.5976009 -26.998058 -52.091705 2.6542759 -28.07486 -52.277916 2.5976009 -26.998058 -53.909313 2.5773602 -28.082954 -53.901215 2.5773602 -28.082954 -52.0998 1.8567944 -26.998058 -55.030643 1.9458523 -28.131533 -54.941586 2.3830509 -28.099148 -54.3708 2.3749542 -28.099148 -51.618073 1.8567944 -26.998058 -50.970371 1.9377575 -28.131533 -51.047287 1.8486977 -28.139629 -55.018497 1.8486977 -28.139629 -50.97847 1.3791161 -28.167965 -55.37878 0.71522331 -28.192255 -55.654053 0.67069244 -26.998058 -55.666199 1.3669701 -28.167965 -50.614136 0.70712662 -28.192255 -50.342911 0.67069244 -26.998058 -50.334816 0.67069244 -28.192255 -55.662151 0.67069244 -28.192255 -50.338863 0.0027523041 -28.200352 -55.751209 -0.67328453 -26.998058 -55.666199 -0.0053443909 -28.200352 -50.249805 -0.67328453 -26.998058 -50.334816 -0.63280296 -28.192255 -55.666199 -0.63280296 -28.192255 -50.334816 -0.66923714 -28.192255 -50.338863 -0.67328453 -28.192255 -55.662151 -0.7137661 -28.192255 -50.342911 -0.7056694 -28.192255 -55.658104 -1.8553371 -26.998058 -55.030643 -1.8553371 -26.998058 -50.970371 -1.3655148 -28.167965 -55.386879 -1.3776588 -28.167965 -50.622234 -1.8472404 -28.139629 -55.018497 -1.8472404 -28.139629 -50.982517 -1.9484444 -28.131533 -51.059433 -1.9363003 -28.131533 -54.953728 -2.5961437 -26.998058 -53.909313 -2.3775463 -28.099148 -54.382942 -2.5961437 -26.998058 -52.091705 -2.385643 -28.099148 -51.630219 -2.5799522 -28.082954 -53.901215 -2.5759048 -28.082954 -52.0998 -2.6568661 -28.07486 -52.290062 -2.6528187 -28.07486 -53.723099 -2.7499733 -26.998058 -52.998482 -2.7499733 -28.066763 -52.998482 1.5005589 -26.998058 -52.998482 2.5976009 -26.998058 -53.909313 2.7514305 -26.998058 -52.998482 1.2981529 -26.998058 -52.24958 2.5976009 -26.998058 -52.091705 1.2981529 -26.998058 -53.751434 1.8567944 -26.998058 -55.030643 0.75165558 -26.998058 -51.699036 1.8567944 -26.998058 -50.970371 0.75165558 -26.998058 -54.297932 0.67069244 -26.998058 -55.666199 -0.0012950897 -26.998058 -51.500675 0.67069244 -26.998058 -50.334816 -0.0012950897 -26.998058 -54.50034 -0.67328453 -26.998058 -55.666199 -0.67328453 -26.998058 -50.334816 -0.75019836 -26.998058 -54.297932 -1.8553371 -26.998058 -55.030643 -0.75019836 -26.998058 -51.699036 -1.8553371 -26.998058 -50.970371 -1.300745 -26.998058 -53.751434 -2.5961437 -26.998058 -53.909313 -1.300745 -26.998058 -52.24958 -1.4991016 -26.998058 -52.998482 -2.7499733 -26.998058 -52.998482 -2.5961437 -26.998058 -52.091705 2.7514305 28.064552 -52.998482 2.5976009 26.999897 -53.909313 2.7514305 26.999897 -52.998482 2.6583233 28.072655 -52.290062 2.5976009 26.999897 -52.091705 2.6542759 28.076698 -53.723099 2.5773602 28.08075 -52.0998 2.5773602 28.08075 -53.901215 2.3749542 28.10099 -54.382942 1.8567944 26.999897 -55.030643 1.8567944 26.999897 -50.970371 1.9458523 28.133377 -51.059433 2.3830509 28.10099 -51.630219 1.9377575 28.133377 -54.953728 1.8567944 26.999897 -55.030643 1.8486977 28.137421 -50.982517 1.8486977 28.137421 -55.018497 1.3669701 28.165756 -55.386879 0.70712662 28.190048 -55.658104 0.67069244 26.999897 -55.666199 1.3791161 28.165756 -50.622234 0.71522331 28.190048 -50.342911 1.8567944 26.999897 -50.970371 0.67069244 26.999897 -50.334816 0.67069244 28.190048 -50.338863 0.67069244 28.190048 -55.662151 -0.0053443909 28.198143 -55.751209 -0.67328453 26.999897 -55.666199 0.63426018 28.194099 -55.666199 -0.67328453 26.999897 -50.334816 0.0027523041 28.198143 -50.249805 0.63426018 28.190048 -50.334816 -0.67328453 28.190048 -50.338863 -0.66923714 28.190048 -55.662151 -0.7137661 28.190048 -55.654053 -0.7056694 28.190048 -50.342911 -1.8553371 26.999897 -55.030643 -1.8553371 26.999897 -50.970371 -1.3655148 28.165756 -50.614136 -1.3776588 28.165756 -55.37878 -1.8472404 28.137421 -50.97847 -1.8472404 28.137421 -55.018497 -1.9484444 28.133377 -54.941586 -1.9363003 28.133377 -51.047287 -2.5961437 26.999897 -53.909313 -2.5961437 26.999897 -52.091705 -2.3775463 28.10099 -51.618073 -2.385643 28.10099 -54.3708 -2.5799522 28.08075 -52.0998 -2.5759048 28.08075 -53.901215 -2.6568661 28.072655 -53.710953 -2.6528187 28.076698 -52.277916 -2.7499733 26.999897 -52.998482 -2.7499733 28.064552 -52.998482 1.5005589 26.999897 -52.998482 2.5976009 26.999897 -52.091705 2.7514305 26.999897 -52.998482 1.2981529 26.999897 -53.751434 2.5976009 26.999897 -53.909313 0.75165558 26.999897 -54.297932 1.8567944 26.999897 -55.030643 1.2981529 26.999897 -52.24958 1.8567944 26.999897 -50.970371 -0.0012950897 26.999897 -54.50034 0.67069244 26.999897 -55.666199 0.75165558 26.999897 -51.699036 0.67069244 26.999897 -50.334816 -0.0012950897 26.999897 -51.500675 -0.67328453 26.999897 -55.666199 -0.67328453 26.999897 -50.334816 -0.75019836 26.999897 -54.297932 -0.75019836 26.999897 -51.699036 -1.8553371 26.999897 -50.970371 -1.8553371 26.999897 -55.030643 -1.300745 26.999897 -53.751434 -1.300745 26.999897 -52.24958 -2.5961437 26.999897 -52.091705 -2.5961437 26.999897 -53.909313 -1.4991016 26.999897 -52.998482 -2.7499733 26.999897 -52.998482 1.5005589 -22.201027 -52.998482 1.2981529 -26.998058 -53.751434 1.5005589 -26.998058 -52.998482 1.2981529 -22.201027 -53.751434 1.2981529 -22.201027 -52.24958 1.5005589 -22.201027 -52.998482 1.5005589 -26.998058 -52.998482 1.2981529 -26.998058 -52.24958 -0.0012950897 -21.298296 -52.998482 1.2981529 -22.201027 -53.751434 1.5005589 -22.201027 -52.998482 1.2981529 -22.201027 -52.24958 0.75165558 -22.201027 -54.297932 0.75165558 -22.201027 -51.699036 -0.0012950897 -22.201027 -54.50034 -0.0012950897 -22.201027 -51.500675 -0.75019836 -22.201027 -54.297932 -1.300745 -22.201027 -53.751434 -1.4991016 -22.201027 -52.998482 -1.300745 -22.201027 -52.24958 -0.75019836 -22.201027 -51.699036 1.5005589 26.999897 -52.998482 1.2981529 22.198822 -53.751434 1.5005589 22.198822 -52.998482 1.2981529 26.999897 -53.751434 1.2981529 22.198822 -53.751434 -0.0012950897 21.300137 -52.998482 1.5005589 22.198822 -52.998482 1.2981529 22.198822 -52.24958 0.75165558 22.198822 -54.297932 0.75165558 22.198822 -51.699036 -0.0012950897 22.198822 -54.50034 -0.0012950897 22.198822 -51.500675 -0.75019836 22.198822 -54.297932 -1.300745 22.198822 -53.751434 -1.4991016 22.198822 -52.998482 -0.75019836 22.198822 -51.699036 -1.300745 22.198822 -52.24958 1.2981529 22.198822 -52.24958 1.2981529 26.999897 -52.24958 1.5005589 22.198822 -52.998482 1.5005589 26.999897 -52.998482 1.2981529 -22.201027 -53.751434 0.75165558 -26.998058 -54.297932 1.2981529 -26.998058 -53.751434 0.75165558 -22.201027 -54.297932 1.2981529 26.999897 -53.751434 0.75165558 22.198822 -54.297932 1.2981529 22.198822 -53.751434 0.75165558 26.999897 -54.297932 0.75165558 -22.201027 -51.699036 1.2981529 -22.201027 -52.24958 1.2981529 -26.998058 -52.24958 0.75165558 -26.998058 -51.699036 0.75165558 22.198822 -51.699036 0.75165558 26.999897 -51.699036 1.2981529 22.198822 -52.24958 1.2981529 26.999897 -52.24958 0.75165558 -22.201027 -54.297932 -0.0012950897 -26.998058 -54.50034 0.75165558 -26.998058 -54.297932 -0.0012950897 -22.201027 -54.50034 0.75165558 26.999897 -54.297932 -0.0012950897 22.198822 -54.50034 0.75165558 22.198822 -54.297932 -0.0012950897 26.999897 -54.50034 -0.0012950897 -22.201027 -51.500675 0.75165558 -22.201027 -51.699036 0.75165558 -26.998058 -51.699036 -0.0012950897 -26.998058 -51.500675 -0.0012950897 22.198822 -51.500675 -0.0012950897 26.999897 -51.500675 0.75165558 22.198822 -51.699036 0.75165558 26.999897 -51.699036 -0.0012950897 -22.201027 -54.50034 -0.75019836 -26.998058 -54.297932 -0.0012950897 -26.998058 -54.50034 -0.75019836 -22.201027 -54.297932 -0.0012950897 26.999897 -54.50034 -0.75019836 22.198822 -54.297932 -0.0012950897 22.198822 -54.50034 -0.75019836 26.999897 -54.297932 -0.75019836 -22.201027 -51.699036 -0.0012950897 -22.201027 -51.500675 -0.0012950897 -26.998058 -51.500675 -0.75019836 -26.998058 -51.699036 -0.75019836 22.198822 -51.699036 -0.75019836 26.999897 -51.699036 -0.0012950897 22.198822 -51.500675 -0.0012950897 26.999897 -51.500675 -0.75019836 -22.201027 -54.297932 -1.300745 -26.998058 -53.751434 -0.75019836 -26.998058 -54.297932 -1.300745 -22.201027 -53.751434 -0.75019836 26.999897 -54.297932 -1.300745 22.198822 -53.751434 -0.75019836 22.198822 -54.297932 -1.300745 26.999897 -53.751434 -1.300745 -22.201027 -52.24958 -0.75019836 -22.201027 -51.699036 -0.75019836 -26.998058 -51.699036 -1.300745 -26.998058 -52.24958 -1.300745 22.198822 -52.24958 -1.300745 26.999897 -52.24958 -0.75019836 22.198822 -51.699036 -0.75019836 26.999897 -51.699036 -1.300745 -22.201027 -53.751434 -1.4991016 -26.998058 -52.998482 -1.300745 -26.998058 -53.751434 -1.4991016 -22.201027 -52.998482 -1.300745 26.999897 -53.751434 -1.4991016 22.198822 -52.998482 -1.300745 22.198822 -53.751434 -1.4991016 26.999897 -52.998482 -1.4991016 -22.201027 -52.998482 -1.300745 -22.201027 -52.24958 -1.300745 -26.998058 -52.24958 -1.4991016 -26.998058 -52.998482 -1.4991016 22.198822 -52.998482 -1.4991016 26.999897 -52.998482 -1.300745 22.198822 -52.24958 -1.300745 26.999897 -52.24958 -14.781005 -16.614614 -53.751434 -18.173336 -20.010992 -53.751434 -14.635272 -16.760345 -52.998482 -18.031651 -20.152676 -52.998482 -15.060326 -15.060133 -52.998482 -14.781005 -16.614614 -53.751434 -14.635272 -16.760345 -52.998482 -14.781005 -16.614614 -52.24958 -15.165577 -16.230042 -54.297932 -15.165577 -16.230042 -51.699036 -16.226185 -15.169434 -54.297932 -15.695881 -15.699738 -54.50034 -16.614807 -14.780813 -53.751434 -16.756491 -14.63508 -52.998482 -15.695881 -15.699738 -51.500675 -16.614807 -14.780813 -52.24958 -16.226185 -15.169434 -51.699036 -18.031651 -20.152676 -52.998482 -14.781005 -16.614614 -52.24958 -14.635272 -16.760345 -52.998482 -18.173336 -20.010992 -52.24958 -18.031651 20.154518 -52.998482 -14.781005 16.616455 -53.751434 -14.635272 16.758141 -52.998482 -18.173336 20.008785 -53.751434 -14.781005 16.616455 -53.751434 -15.060326 15.061974 -52.998482 -14.635272 16.758141 -52.998482 -14.781005 16.616455 -52.24958 -15.165577 16.227837 -54.297932 -15.165577 16.227837 -51.699036 -15.695881 15.697529 -54.50034 -16.614807 14.778606 -53.751434 -16.756491 14.636921 -52.998482 -16.226185 15.167225 -54.297932 -16.226185 15.167225 -51.699036 -15.695881 15.697529 -51.500675 -16.614807 14.778606 -52.24958 -14.781005 16.616455 -52.24958 -18.173336 20.008785 -52.24958 -14.635272 16.758141 -52.998482 -18.031651 20.154518 -52.998482 -15.165577 -16.230042 -54.297932 -18.561954 -19.622372 -54.297932 -14.781005 -16.614614 -53.751434 -18.173336 -20.010992 -53.751434 -18.173336 20.008785 -53.751434 -15.165577 16.227837 -54.297932 -14.781005 16.616455 -53.751434 -18.561954 19.624214 -54.297932 -18.173336 -20.010992 -52.24958 -15.165577 -16.230042 -51.699036 -14.781005 -16.614614 -52.24958 -18.561954 -19.622372 -51.699036 -15.165577 16.227837 -51.699036 -18.561954 19.624214 -51.699036 -14.781005 16.616455 -52.24958 -18.173336 20.008785 -52.24958 -15.695881 -15.699738 -54.50034 -19.092258 -19.092068 -54.50034 -15.165577 -16.230042 -54.297932 -18.561954 -19.622372 -54.297932 -18.561954 19.624214 -54.297932 -15.695881 15.697529 -54.50034 -15.165577 16.227837 -54.297932 -19.092258 19.093906 -54.50034 -18.561954 -19.622372 -51.699036 -15.695881 -15.699738 -51.500675 -15.165577 -16.230042 -51.699036 -19.092258 -19.092068 -51.500675 -15.695881 15.697529 -51.500675 -19.092258 19.093906 -51.500675 -15.165577 16.227837 -51.699036 -18.561954 19.624214 -51.699036 -16.226185 -15.169434 -54.297932 -19.622562 -18.561762 -54.297932 -15.695881 -15.699738 -54.50034 -19.092258 -19.092068 -54.50034 -19.092258 19.093906 -54.50034 -16.226185 15.167225 -54.297932 -15.695881 15.697529 -54.50034 -19.622562 18.559555 -54.297932 -19.092258 -19.092068 -51.500675 -16.226185 -15.169434 -51.699036 -15.695881 -15.699738 -51.500675 -19.622562 -18.561762 -51.699036 -16.226185 15.167225 -51.699036 -19.622562 18.559555 -51.699036 -15.695881 15.697529 -51.500675 -19.092258 19.093906 -51.500675 -16.614807 -14.780813 -53.751434 -20.011185 -18.173141 -53.751434 -16.226185 -15.169434 -54.297932 -19.622562 -18.561762 -54.297932 -19.622562 18.559555 -54.297932 -16.614807 14.778606 -53.751434 -16.226185 15.167225 -54.297932 -20.011185 18.174984 -53.751434 -19.622562 -18.561762 -51.699036 -16.614807 -14.780813 -52.24958 -16.226185 -15.169434 -51.699036 -20.011185 -18.173141 -52.24958 -16.614807 14.778606 -52.24958 -20.011185 18.174984 -52.24958 -16.226185 15.167225 -51.699036 -19.622562 18.559555 -51.699036 -16.756491 -14.63508 -52.998482 -20.152868 -18.031458 -52.998482 -16.614807 -14.780813 -53.751434 -20.011185 -18.173141 -53.751434 -20.011185 18.174984 -53.751434 -16.756491 14.636921 -52.998482 -16.614807 14.778606 -53.751434 -20.152868 18.029251 -52.998482 -20.011185 -18.173141 -52.24958 -16.756491 -14.63508 -52.998482 -16.614807 -14.780813 -52.24958 -20.152868 -18.031458 -52.998482 -16.756491 14.636921 -52.998482 -20.152868 18.029251 -52.998482 -16.614807 14.778606 -52.24958 -20.011185 18.174984 -52.24958 -17.974976 -21.731445 -53.710953 -17.902111 -21.78812 -52.998482 -17.149158 -21.035168 -52.998482 -17.258457 -20.925869 -53.909313 -17.258457 -20.925869 -52.091705 -18.035698 -21.67882 -53.901215 -18.072132 -21.646435 -54.022659 -17.780666 -20.40366 -55.030643 -18.517426 -21.269958 -54.941586 -17.258457 -20.925869 -53.909313 -18.185478 -21.553328 -54.3708 -18.031651 -21.67882 -52.0998 -18.072132 -21.646435 -51.978355 -18.189528 -21.54928 -51.618073 -17.780666 -20.40366 -50.970371 -17.974976 -21.727398 -52.277916 -18.590292 -21.201141 -55.018497 -18.618629 -19.565699 -55.666199 -19.428253 -20.440094 -55.654053 -18.942478 -20.889435 -55.37878 -18.590292 -21.205189 -50.97847 -18.950575 -20.881338 -50.614136 -19.43635 -20.431997 -50.342911 -18.618629 -19.565699 -50.334816 -18.521473 -21.261864 -51.047287 -19.565891 -18.618437 -55.666199 -19.938316 -19.942173 -55.751209 -19.46064 -20.407707 -55.662151 -19.942366 -19.938126 -50.249805 -19.565891 -18.618437 -50.334816 -19.46064 -20.407707 -50.338863 -20.403852 -17.780474 -55.030643 -20.43219 -19.436157 -55.658104 -20.4079 -19.460447 -55.662151 -20.440285 -19.428062 -50.342911 -20.403852 -17.780474 -50.970371 -20.4079 -19.460447 -50.338863 -21.205381 -18.590099 -55.018497 -20.881531 -18.950382 -55.386879 -20.92606 -17.258266 -53.909313 -21.375402 -18.39579 -54.731083 -21.262054 -18.52533 -54.953728 -21.201332 -18.590099 -50.982517 -21.270151 -18.517233 -51.059433 -21.375402 -18.39579 -51.265884 -20.92606 -17.258266 -52.091705 -20.889627 -18.942286 -50.622234 -21.679012 -18.031458 -53.901215 -21.549473 -18.189335 -54.382942 -21.03536 -17.148966 -52.998482 -21.788311 -17.901918 -52.998482 -21.727589 -17.974785 -53.723099 -21.731638 -17.974785 -52.290062 -21.679012 -18.035505 -52.0998 -21.55352 -18.185287 -51.630219 -18.031651 -20.152676 -52.998482 -17.258457 -20.925869 -53.909313 -17.149158 -21.035168 -52.998482 -18.173336 -20.010992 -52.24958 -17.258457 -20.925869 -52.091705 -18.173336 -20.010992 -53.751434 -17.780666 -20.40366 -55.030643 -18.561954 -19.622372 -51.699036 -17.780666 -20.40366 -50.970371 -18.561954 -19.622372 -54.297932 -18.618629 -19.565699 -55.666199 -19.092258 -19.092068 -51.500675 -18.618629 -19.565699 -50.334816 -19.092258 -19.092068 -54.50034 -19.565891 -18.618437 -55.666199 -19.565891 -18.618437 -50.334816 -19.622562 -18.561762 -54.297932 -20.403852 -17.780474 -55.030643 -19.622562 -18.561762 -51.699036 -20.403852 -17.780474 -50.970371 -20.011185 -18.173141 -53.751434 -20.92606 -17.258266 -53.909313 -20.011185 -18.173141 -52.24958 -20.152868 -18.031458 -52.998482 -21.03536 -17.148966 -52.998482 -20.92606 -17.258266 -52.091705 -17.902111 21.789959 -52.998482 -17.258457 20.927708 -53.909313 -17.149158 21.03701 -52.998482 -17.974976 21.729237 -52.290062 -17.258457 20.927708 -52.091705 -18.031651 21.68066 -53.901215 -18.189528 21.551121 -54.382942 -17.780666 20.405502 -55.030643 -17.974976 21.729237 -53.723099 -18.035698 21.68066 -52.0998 -17.780666 20.405502 -50.970371 -18.517426 21.271801 -51.059433 -18.185478 21.555168 -51.630219 -18.590292 21.202984 -55.018497 -18.950575 20.883179 -55.386879 -19.43635 20.433838 -55.658104 -18.618629 19.567539 -55.666199 -18.521473 21.263702 -54.953728 -18.942478 20.891277 -50.622234 -18.590292 21.202984 -50.982517 -19.428253 20.437885 -50.342911 -18.618629 19.567539 -50.334816 -19.942366 19.935917 -55.751209 -19.565891 18.61623 -55.666199 -19.46064 20.40955 -55.662151 -19.46064 20.40955 -50.338863 -19.938316 19.944016 -50.249805 -19.565891 18.61623 -50.334816 -20.440285 19.429901 -55.654053 -20.403852 17.778267 -55.030643 -20.4079 19.458241 -55.662151 -20.233829 19.640404 -55.694534 -20.233829 19.640404 -50.30648 -20.403852 17.778267 -50.970371 -20.43219 19.433952 -50.342911 -20.4079 19.458241 -50.338863 -20.889627 18.940079 -55.37878 -21.201332 18.591942 -55.018497 -21.270151 18.515026 -54.941586 -20.92606 17.256058 -53.909313 -21.205381 18.591942 -50.97847 -20.881531 18.952225 -50.614136 -20.92606 17.256058 -52.091705 -21.549473 18.187126 -51.618073 -21.262054 18.523121 -51.047287 -21.731638 17.972576 -53.710953 -21.03536 17.146759 -52.998482 -21.679012 18.033298 -53.901215 -21.55352 18.183079 -54.3708 -21.679012 18.033298 -52.0998 -21.788311 17.899712 -52.998482 -21.727589 17.976624 -52.277916 -18.031651 20.154518 -52.998482 -17.258457 20.927708 -52.091705 -17.149158 21.03701 -52.998482 -18.173336 20.008785 -53.751434 -17.258457 20.927708 -53.909313 -18.561954 19.624214 -54.297932 -17.780666 20.405502 -55.030643 -18.173336 20.008785 -52.24958 -17.780666 20.405502 -50.970371 -19.092258 19.093906 -54.50034 -18.618629 19.567539 -55.666199 -18.561954 19.624214 -51.699036 -18.618629 19.567539 -50.334816 -19.092258 19.093906 -51.500675 -19.565891 18.61623 -55.666199 -19.565891 18.61623 -50.334816 -19.622562 18.559555 -54.297932 -19.622562 18.559555 -51.699036 -20.403852 17.778267 -50.970371 -20.403852 17.778267 -55.030643 -20.011185 18.174984 -53.751434 -20.011185 18.174984 -52.24958 -20.92606 17.256058 -52.091705 -20.92606 17.256058 -53.909313 -20.152868 18.029251 -52.998482 -21.03536 17.146759 -52.998482 -22.20122 0.75184631 -54.297932 -22.20122 -0.0011024475 -54.50034 -21.298489 -0.0011024475 -52.998482 -22.20122 1.2983437 -53.751434 -22.20122 1.5007515 -52.998482 -22.20122 -1.3005524 -53.751434 -22.20122 -1.498909 -52.998482 -22.20122 -0.75000763 -54.297932 -22.20122 -0.75000763 -51.699036 -22.20122 -0.0011024475 -51.500675 -22.20122 -1.3005524 -52.24958 -22.20122 1.2983437 -52.24958 -22.20122 0.75184631 -51.699036 -22.20122 0.75184631 -54.297932 -26.998249 0.75184631 -54.297932 -22.20122 -0.0011024475 -54.50034 -26.998249 -0.0011024475 -54.50034 -26.998249 -0.0011024475 -54.50034 -22.20122 -0.75000763 -54.297932 -22.20122 -0.0011024475 -54.50034 -26.998249 -0.75000763 -54.297932 -26.998249 -0.75000763 -54.297932 -22.20122 -1.3005524 -53.751434 -22.20122 -0.75000763 -54.297932 -26.998249 -1.3005524 -53.751434 -22.20122 1.2983437 -53.751434 -26.998249 1.2983437 -53.751434 -22.20122 0.75184631 -54.297932 -26.998249 0.75184631 -54.297932 -26.998249 -1.3005524 -53.751434 -22.20122 -1.498909 -52.998482 -22.20122 -1.3005524 -53.751434 -26.998249 -1.498909 -52.998482 -22.20122 1.5007515 -52.998482 -26.998249 1.5007515 -52.998482 -22.20122 1.2983437 -53.751434 -26.998249 1.2983437 -53.751434 -26.998249 -1.498909 -52.998482 -22.20122 -1.3005524 -52.24958 -22.20122 -1.498909 -52.998482 -26.998249 -1.3005524 -52.24958 -22.20122 1.2983437 -52.24958 -26.998249 1.2983437 -52.24958 -22.20122 1.5007515 -52.998482 -26.998249 1.5007515 -52.998482 -26.998249 -1.3005524 -52.24958 -22.20122 -0.75000763 -51.699036 -22.20122 -1.3005524 -52.24958 -26.998249 -0.75000763 -51.699036 -22.20122 0.75184631 -51.699036 -26.998249 0.75184631 -51.699036 -22.20122 1.2983437 -52.24958 -26.998249 1.2983437 -52.24958 -26.998249 -0.75000763 -51.699036 -22.20122 -0.0011024475 -51.500675 -22.20122 -0.75000763 -51.699036 -26.998249 -0.0011024475 -51.500675 -22.20122 -0.0011024475 -51.500675 -26.998249 -0.0011024475 -51.500675 -22.20122 0.75184631 -51.699036 -26.998249 0.75184631 -51.699036 -28.192448 -0.71357346 -55.654053 -26.998249 -1.8551445 -55.030643 -26.998249 -0.67309189 -55.666199 -26.998249 0.67088699 -55.666199 -28.200544 -0.0051498413 -55.751209 -28.192448 -0.67309189 -55.662151 -26.998249 1.856987 -55.030643 -28.192448 0.70326996 -55.658104 -28.192448 0.67088699 -55.662151 -28.160063 -1.4746208 -55.305916 -28.139822 -1.8470497 -55.018497 -28.131725 -1.9482536 -54.941586 -26.998249 -2.5959511 -53.909313 -28.168158 -1.3774681 -55.37878 -28.139822 1.8488884 -55.018497 -28.168158 1.3671646 -55.386879 -26.998249 2.5937462 -53.909313 -28.09934 2.375145 -54.382942 -28.131725 1.9379501 -54.953728 -28.075052 -2.6566734 -53.710953 -26.998249 -2.7497826 -52.998482 -28.083147 -2.5797615 -53.901215 -28.09934 -2.3854485 -54.3708 -28.083147 2.5775528 -53.901215 -26.998249 2.7516212 -52.998482 -28.066956 2.7516212 -52.998482 -28.075052 2.6544685 -53.723099 -28.066956 -2.7497826 -52.998482 -26.998249 -2.5959511 -52.091705 -28.075052 2.6585159 -52.290062 -26.998249 2.5937462 -52.091705 -28.083147 -2.5797615 -52.0998 -28.09934 -2.3773537 -51.618073 -26.998249 -1.8551445 -50.970371 -28.075052 -2.652626 -52.277916 -28.083147 2.5775528 -52.0998 -28.09934 2.3832436 -51.630219 -28.131725 1.9460449 -51.059433 -26.998249 1.856987 -50.970371 -28.139822 -1.8470497 -50.97847 -28.160063 -1.4746208 -50.695099 -28.168158 -1.3653221 -50.614136 -28.192448 -0.70547867 -50.342911 -26.998249 -0.67309189 -50.334816 -28.131725 -1.9361076 -51.047287 -28.139822 1.8488884 -50.982517 -26.998249 0.67088699 -50.334816 -28.192448 0.71541595 -50.342911 -28.168158 1.3793068 -50.622234 -28.200544 0.0029449463 -50.249805 -28.192448 -0.67309189 -50.338863 -28.192448 0.67088699 -50.338863 -26.998249 -0.0011024475 -54.50034 -26.998249 0.67088699 -55.666199 -26.998249 -0.67309189 -55.666199 -26.998249 -0.75000763 -54.297932 -26.998249 -1.8551445 -55.030643 -26.998249 1.856987 -55.030643 -26.998249 -1.3005524 -53.751434 -26.998249 -2.5959511 -53.909313 -26.998249 0.75184631 -54.297932 -26.998249 2.5937462 -53.909313 -26.998249 1.2983437 -53.751434 -26.998249 -1.498909 -52.998482 -26.998249 -2.7497826 -52.998482 -26.998249 2.7516212 -52.998482 -26.998249 1.5007515 -52.998482 -26.998249 -1.3005524 -52.24958 -26.998249 -2.5959511 -52.091705 -26.998249 1.2983437 -52.24958 -26.998249 2.5937462 -52.091705 -26.998249 -0.75000763 -51.699036 -26.998249 0.75184631 -51.699036 -26.998249 1.856987 -50.970371 -26.998249 -1.8551445 -50.970371 -26.998249 -0.0011024475 -51.500675 -26.998249 0.67088699 -50.334816 -26.998249 -0.67309189 -50.334816 -28.050762 -1.0009918 -55.998146 -28.050762 0.99878311 -57.5 -28.050762 -1.0009918 -57.5 -28.050762 0.99878311 -55.998146 -28.180304 -1.0009918 -55.998146 -28.050762 -1.0009918 -55.998146 -28.050762 -1.0009918 -57.5 -28.53249 -1.0009918 -57.5 -28.53249 -1.0009918 -55.998146 -28.180304 0.99878311 -55.998146 -28.53249 0.99878311 -57.5 -28.050762 0.99878311 -57.5 -28.050762 0.99878311 -55.998146 -28.53249 0.99878311 -55.998146 -28.180304 -1.0009918 -55.998146 -28.050762 0.99878311 -55.998146 -28.050762 -1.0009918 -55.998146 -28.180304 0.99878311 -55.998146 -28.192448 0.67088699 -50.338863 -28.200544 0.0029449463 -50.249805 -28.160063 -1.4746208 -49.998821 27.971256 -5.4620266 -25.240482 28.489418 -0.7864418 -25.240482 28.230335 3.9134331 -25.240482 27.971256 -5.4620266 -43.238449 27.202114 8.5080566 -25.240482 26.692047 -9.9918785 -25.240482 27.971256 -5.4620266 -43.238449 26.692047 -9.9918785 -43.238449 25.429035 12.867889 -25.240482 24.68013 -14.250507 -25.240482 26.692047 -9.9918785 -43.238449 24.68013 -14.250507 -43.238449 22.963726 16.879581 -25.240482 22.000271 -18.116468 -25.240482 24.68013 -14.250507 -43.238449 22.000271 -18.116468 -43.238449 22.963726 16.879581 -25.240482 19.870956 20.42979 -25.240482 18.717239 -21.492607 -25.240482 22.000271 -18.116468 -43.238449 18.717239 -21.492607 -43.238449 19.870956 20.42979 -25.240482 16.239788 23.421356 -25.240482 14.924145 -24.277718 -25.240482 18.717239 -21.492607 -43.238449 14.924145 -24.277718 -43.238449 16.239788 23.421356 -25.240482 12.163322 25.773315 -25.240482 10.726238 -26.407032 -25.240482 14.924145 -24.277718 -43.238449 10.726238 -26.407032 -43.238449 7.7549133 27.42495 -25.240482 6.2328186 -27.811731 -25.240482 10.726238 -26.407032 -43.238449 6.2328186 -27.811731 -43.238449 3.1360016 28.327682 -25.240482 1.5693779 -28.455383 -25.240482 6.2328186 -27.811731 -43.238449 1.5693779 -28.455383 -43.238449 -1.5719681 28.457222 -25.240482 -3.1345463 -28.325844 -25.240482 1.5693779 -28.455383 -43.238449 -3.1345463 -28.325844 -43.238449 -6.2313614 27.809525 -43.238449 -6.2313614 27.809525 -25.240482 -7.753458 -27.423111 -25.240482 -3.1345463 -28.325844 -43.238449 -7.753458 -27.423111 -43.238449 -6.2313614 27.809525 -43.238449 -10.724783 26.404823 -25.240482 -12.161867 -25.775524 -25.240482 -7.753458 -27.423111 -43.238449 -12.161867 -25.775524 -43.238449 -14.922689 24.279556 -43.238449 -14.922689 24.279556 -25.240482 -16.238331 -23.419514 -25.240482 -12.161867 -25.775524 -43.238449 -16.238331 -23.419514 -43.238449 -14.922689 24.279556 -43.238449 -18.715782 21.490398 -25.240482 -19.873547 -20.427948 -25.240482 -16.238331 -23.419514 -43.238449 -19.873547 -20.427948 -43.238449 -21.998814 18.118309 -43.238449 -21.998814 18.118309 -43.238449 -21.998814 18.118309 -25.240482 -22.966316 -16.877743 -25.240482 -19.873547 -20.427948 -43.238449 -24.682722 14.248302 -25.240482 -25.427578 -12.870096 -25.240482 -24.682722 14.248302 -25.240482 -26.690592 9.993721 -25.240482 -27.200657 -8.506216 -25.240482 -27.969801 5.4638672 -25.240482 -28.22888 -3.9156418 -25.240482 -27.969801 5.4638672 -25.240482 -28.487961 0.78423309 -25.240482 -18.715782 21.490398 -25.240482 -21.998814 18.118309 -25.240482 28.489418 -0.7864418 -25.240482 -26.690592 9.993721 -25.240482 27.971256 -5.4620266 -25.240482 -24.682722 14.248302 -25.240482 -14.922689 24.279556 -25.240482 28.230335 3.9134331 -25.240482 27.202114 8.5080566 -25.240482 26.692047 -9.9918785 -25.240482 25.429035 12.867889 -25.240482 24.68013 -14.250507 -25.240482 22.963726 16.879581 -25.240482 22.000271 -18.116468 -25.240482 19.870956 20.42979 -25.240482 18.717239 -21.492607 -25.240482 16.239788 23.421356 -25.240482 14.924145 -24.277718 -25.240482 12.163322 25.773315 -25.240482 10.726238 -26.407032 -25.240482 7.7549133 27.42495 -25.240482 6.2328186 -27.811731 -25.240482 3.1360016 28.327682 -25.240482 -6.2313614 27.809525 -25.240482 -10.724783 26.404823 -25.240482 1.5693779 -28.455383 -25.240482 -1.5719681 28.457222 -25.240482 -3.1345463 -28.325844 -25.240482 -27.969801 5.4638672 -25.240482 -28.487961 0.78423309 -25.240482 -28.22888 -3.9156418 -25.240482 -27.200657 -8.506216 -25.240482 -25.427578 -12.870096 -25.240482 -7.753458 -27.423111 -25.240482 -12.161867 -25.775524 -25.240482 -16.238331 -23.419514 -25.240482 -19.873547 -20.427948 -25.240482 -22.966316 -16.877743 -25.240482 -10.724783 26.404823 -43.238449 28.230335 3.9134331 -43.238449 28.489418 -0.7864418 -43.238449 27.971256 -5.4620266 -43.238449 27.202114 8.5080566 -43.238449 26.692047 -9.9918785 -43.238449 25.429035 12.867889 -43.238449 22.963726 16.879581 -43.238449 19.870956 20.42979 -43.238449 16.239788 23.421356 -43.238449 12.163322 25.773315 -43.238449 7.7549133 27.42495 -43.238449 -1.5719681 28.457222 -43.238449 3.1360016 28.327682 -43.238449 -6.2313614 27.809525 -43.238449 24.68013 -14.250507 -43.238449 -14.922689 24.279556 -43.238449 -18.715782 21.490398 -43.238449 -21.998814 18.118309 -43.238449 22.000271 -18.116468 -43.238449 -24.682722 14.248302 -43.238449 -26.690592 9.993721 -43.238449 -28.487961 0.78423309 -43.238449 -27.969801 5.4638672 -43.238449 -25.427578 -12.870096 -43.238449 -27.200657 -8.506216 -43.238449 -28.22888 -3.9156418 -43.238449 18.717239 -21.492607 -43.238449 -19.873547 -20.427948 -43.238449 -22.966316 -16.877743 -43.238449 14.924145 -24.277718 -43.238449 -3.1345463 -28.325844 -43.238449 -7.753458 -27.423111 -43.238449 -12.161867 -25.775524 -43.238449 -16.238331 -23.419514 -43.238449 10.726238 -26.407032 -43.238449 6.2328186 -27.811731 -43.238449 1.5693779 -28.455383 -43.238449 35.371231 -17.03562 -14.638439 25.339973 -10.408836 -13.132534 35.731518 -16.408159 -13.132534 24.979691 -11.036295 -14.638439 25.339973 -10.408836 -13.132534 25.339973 -10.408836 -11.464706 35.731518 -16.408159 -13.132534 35.731518 -16.408159 -11.464706 35.031189 -17.626646 -12.298622 35.371231 -17.03562 -14.638439 35.731518 -16.408159 -13.132534 35.731518 -16.408159 -11.464706 34.877361 -17.885725 -11.173244 35.371231 -17.03562 -9.9628525 34.877361 -17.885725 -13.424 34.719482 -18.165047 -15.678806 34.468498 -18.602243 -10.351475 34.719482 -18.165047 -8.9224854 34.468498 -18.602243 -14.249817 33.905811 -19.573793 -16.051235 33.905811 -19.573793 -10.05191 33.905811 -19.573793 -8.5500565 33.905811 -19.573793 -14.549381 33.092136 -20.982542 -15.678806 33.343121 -20.549393 -14.249817 33.343121 -20.549393 -10.351475 33.092136 -20.982542 -8.9224854 32.93021 -21.261864 -13.424 32.440388 -22.116016 -14.638439 32.93021 -21.261864 -11.173244 32.440388 -22.116016 -9.9628525 32.78043 -21.52499 -12.298622 32.076057 -22.739429 -13.132534 32.076057 -22.739429 -11.464706 25.339973 -10.408836 -11.464706 24.979691 -11.036295 -9.9628525 35.731518 -16.408159 -11.464706 35.371231 -17.03562 -9.9628525 34.719482 -18.165047 -15.678806 24.979691 -11.036295 -14.638439 35.371231 -17.03562 -14.638439 24.327942 -12.165724 -15.678806 24.979691 -11.036295 -9.9628525 24.327942 -12.165724 -8.9224854 35.371231 -17.03562 -9.9628525 34.719482 -18.165047 -8.9224854 34.877361 -17.885725 -11.173244 24.485821 -11.886402 -11.173244 35.031189 -17.626646 -12.298622 24.635601 -11.627321 -12.298622 24.635601 -11.627321 -12.298622 34.877361 -17.885725 -13.424 35.031189 -17.626646 -12.298622 24.485821 -11.886402 -13.424 24.485821 -11.886402 -13.424 34.468498 -18.602243 -14.249817 34.877361 -17.885725 -13.424 24.076958 -12.598873 -14.249817 34.468498 -18.602243 -10.351475 24.076958 -12.598873 -10.351475 34.877361 -17.885725 -11.173244 24.485821 -11.886402 -11.173244 33.905811 -19.573793 -16.051235 24.327942 -12.165724 -15.678806 34.719482 -18.165047 -15.678806 23.514271 -13.574471 -16.051235 24.327942 -12.165724 -8.9224854 23.514271 -13.574471 -8.5500565 34.719482 -18.165047 -8.9224854 33.905811 -19.573793 -8.5500565 24.076958 -12.598873 -14.249817 33.905811 -19.573793 -14.549381 34.468498 -18.602243 -14.249817 23.514271 -13.574471 -14.549381 33.905811 -19.573793 -10.05191 23.514271 -13.574471 -10.05191 34.468498 -18.602243 -10.351475 24.076958 -12.598873 -10.351475 33.092136 -20.982542 -15.678806 23.514271 -13.574471 -16.051235 33.905811 -19.573793 -16.051235 22.700596 -14.983219 -15.678806 23.514271 -13.574471 -14.549381 33.343121 -20.549393 -14.249817 33.905811 -19.573793 -14.549381 22.95158 -14.55007 -14.249817 33.343121 -20.549393 -10.351475 22.95158 -14.55007 -10.351475 33.905811 -19.573793 -10.05191 23.514271 -13.574471 -10.05191 23.514271 -13.574471 -8.5500565 22.700596 -14.983219 -8.9224854 33.905811 -19.573793 -8.5500565 33.092136 -20.982542 -8.9224854 22.95158 -14.55007 -14.249817 32.93021 -21.261864 -13.424 33.343121 -20.549393 -14.249817 22.53867 -15.262539 -13.424 32.93021 -21.261864 -11.173244 22.53867 -15.262539 -11.173244 33.343121 -20.549393 -10.351475 22.95158 -14.55007 -10.351475 32.440388 -22.116016 -14.638439 22.700596 -14.983219 -15.678806 33.092136 -20.982542 -15.678806 22.0448 -16.112646 -14.638439 22.700596 -14.983219 -8.9224854 22.0448 -16.112646 -9.9628525 33.092136 -20.982542 -8.9224854 32.440388 -22.116016 -9.9628525 22.53867 -15.262539 -13.424 32.78043 -21.52499 -12.298622 32.93021 -21.261864 -13.424 22.388889 -15.52162 -12.298622 32.78043 -21.52499 -12.298622 22.388889 -15.52162 -12.298622 32.93021 -21.261864 -11.173244 22.53867 -15.262539 -11.173244 32.739948 17.179146 -7.5015907 32.671131 16.932209 -6.3802605 32.78043 16.798622 -7.5015907 32.671131 16.932209 -6.3802605 32.78043 16.790524 -7.5015907 32.78043 16.798622 -7.5015907 32.78043 16.790524 -15.50069 32.739948 17.179146 -15.50069 32.671131 16.422146 -15.50069 32.671131 16.932209 -16.617973 32.671131 16.932209 -16.617973 32.557785 16.55978 -6.3154907 32.675179 16.422146 -7.5015907 32.735901 17.187241 -15.50069 32.735901 17.187241 -7.5015907 32.634697 17.308685 -16.520817 32.634697 17.308685 -6.4814644 32.553738 17.523235 -7.5015907 32.444435 17.652775 -6.5988617 32.634697 17.308685 -6.4814644 32.553738 17.523235 -15.50069 32.472775 17.616341 -16.338654 32.667084 16.414047 -7.5015907 32.671131 16.414047 -15.50069 32.557785 16.55978 -16.682743 32.335136 17.328926 -5.3398933 32.331089 17.673016 -5.5301552 32.335136 17.328926 -5.3398933 32.20155 16.984833 -17.78788 32.335136 17.328926 -17.65834 32.335136 17.328926 -17.65834 32.428246 16.114487 -15.50069 32.306801 16.256172 -16.707031 32.306801 16.256172 -6.2912025 32.428246 16.114487 -7.5015907 32.452534 17.640633 -16.399372 32.634697 17.308685 -16.520817 32.331089 17.673016 -17.468079 32.331089 17.673016 -17.468079 32.420147 17.68111 -6.4085999 32.262272 16.312847 -6.1454697 32.20155 16.984833 -5.2103539 32.262272 16.312847 -16.848717 23.012302 28.890373 -6.5745697 32.152973 17.996864 -17.217094 23.024448 28.878227 -6.477417 23.291622 28.558426 -5.7487526 32.157021 17.992817 -5.7851868 27.368088 12.054218 -6.7243538 27.400471 11.896339 -7.5015907 27.400471 11.896339 -15.50069 27.388329 11.944916 -16.091717 27.38023 11.997543 -16.294121 31.80888 17.960434 -4.5100288 31.849361 18.247849 -4.7772026 31.80888 17.960434 -4.5100288 31.642906 17.652775 -18.666325 31.80888 17.960434 -18.488209 31.80888 17.960434 -18.488209 32.035576 18.13855 -17.544994 32.331089 17.673016 -17.468079 31.736015 18.494785 -17.864796 31.849361 18.247849 -18.225079 31.849361 18.247849 -18.225079 31.982948 18.20332 -5.3722763 27.364037 12.090649 -16.662502 27.343796 12.175659 -6.1373749 27.347847 12.167564 -16.852764 27.327606 12.252575 -17.059219 31.946518 16.68932 -17.832409 27.343796 12.183758 -6.0968933 31.946518 16.68932 -5.1658249 27.214256 12.701916 -5.2994118 27.323555 12.268768 -5.9673538 31.651005 17.03746 -4.7083855 31.642906 17.652775 -4.3359566 31.663147 17.029366 -18.281754 23.356392 28.485558 -5.5827789 23.728821 28.036217 -5.1253433 31.885796 18.316669 -5.234642 27.141392 12.997429 -4.8460197 27.23045 12.661434 -17.75145 31.748158 18.478592 -5.1172447 31.140942 18.753864 -19.018513 31.242142 18.972466 -18.710854 31.359539 18.944126 -18.273655 31.242142 18.972466 -4.2914276 31.849361 18.247849 -4.7772026 31.213806 19.118198 -4.6759987 31.242142 18.972466 -4.2914276 31.140942 18.753864 -3.9797211 31.140942 18.753864 -3.9797211 30.934486 18.490738 -19.229015 31.140942 18.753864 -19.018513 27.088764 13.195789 -18.354618 26.870167 13.839439 -18.763481 26.631329 14.539764 -19.212822 31.375732 17.369408 -18.727047 27.096863 13.159355 -18.310089 31.375732 17.369408 -4.2711868 26.651569 14.491188 -3.8056526 26.781109 14.143051 -3.9716263 26.898502 13.803009 -4.1699829 26.999706 13.483204 -4.4007263 27.092815 13.179596 -4.6598091 27.092815 13.16745 -4.6719513 30.728031 18.13855 -3.7570763 30.934486 18.490738 -3.7732697 30.744225 18.118309 -19.229015 26.590847 14.624775 -19.229015 26.586796 14.653114 -3.7489777 26.651569 14.491188 -3.8056526 31.217854 19.114147 -18.318184 31.132843 19.215351 -4.6071815 30.566105 19.773994 -4.1254539 30.566105 19.773994 -4.1214066 30.566105 19.773994 -18.876827 30.566105 19.773994 -18.876827 30.62278 19.822571 -18.500351 30.62278 19.822571 -4.5019302 30.153198 19.425854 -3.5789566 30.400131 19.632309 -3.7935104 30.400131 19.636356 -19.204727 30.400131 19.632309 -19.204727 30.400131 19.636356 -19.204727 30.655163 18.227608 -3.6963539 30.149147 19.421806 -3.5749092 30.655163 18.227608 -19.30188 30.153198 19.425854 -19.423325 29.857685 19.178921 -19.50024 30.1451 19.421806 -19.423325 26.323669 15.219852 -19.350456 26.165794 15.612518 -3.5182343 26.323669 15.280575 -3.5668144 26.352005 15.215805 -3.5830078 26.49369 14.883858 -3.6639671 29.857685 19.178921 -3.4979935 25.999821 15.944466 -3.4979935 26.165794 15.612518 -3.5182343 25.999821 15.944466 -19.50024 24.838009 26.71653 -4.5019302 24.781334 26.667953 -18.876827 24.781334 26.667953 -18.876827 24.838009 26.71653 -18.500351 24.781334 26.667953 -4.1254539 24.61536 26.530315 -3.7975578 24.781334 26.667953 -4.1214066 24.61536 26.526268 -19.208775 24.61536 26.526268 -19.208775 24.61536 26.526268 -3.7935104 24.61536 26.530315 -3.7975578 24.360329 26.315765 -19.427372 24.360329 26.315765 -19.427372 24.368423 26.319813 -3.5789566 24.360329 26.315765 -3.5749092 24.07291 26.07288 -19.50024 24.303654 18.430016 -3.4979935 22.368649 20.733398 -3.4979935 24.07291 26.07288 -3.4979935 24.303654 18.430016 -19.50024 28.096748 -4.6038246 -0.000415802 28.125084 -4.6038246 -24.001755 28.50156 -0.0011024475 -0.000415802 28.497513 0.2984581 -24.001755 28.473225 0.29441071 -0.000415802 28.068413 4.9497566 -0.000415802 28.023884 5.1926422 -24.001755 27.31546 -8.1297417 -12.407921 27.291172 -8.2066555 -13.148727 27.279026 -8.2471371 -13.529251 27.206161 -8.494072 -14.391502 27.185921 -8.5547943 -14.614151 27.040188 -9.004137 -15.549267 27.028042 -9.0446167 -15.63023 26.914696 -9.3725166 -24.001755 27.10091 -8.82197 -9.4285011 27.206161 -8.4900246 -10.169308 28.096748 -4.6038246 -0.000415802 27.052334 -8.9636555 -9.1127472 27.242596 -8.3766766 -10.622696 27.291172 -8.2147522 -11.270397 27.303314 -8.1702232 -11.873569 28.068413 -4.9479141 -0.000415802 27.445 -7.263443 -0.000415802 28.003643 5.1885948 -0.000415802 26.760868 9.8034592 -16.694885 26.80135 9.6860619 -15.71524 26.805397 9.6820145 -15.50069 26.712288 9.9329987 -24.001755 26.712288 9.9329987 -17.180664 26.756821 9.8075066 -16.755608 26.805397 9.6820145 -7.5015907 26.768963 9.779171 -6.4005013 26.760868 9.8034592 -6.3154907 26.781109 9.7467842 -0.000415802 26.914696 -9.3725166 -8.5014801 26.882313 -9.3644199 -0.000415802 26.979465 11.548203 -6.6514854 27.032093 11.430805 -7.5015907 26.979465 11.548203 -6.6514854 27.032093 11.430805 -15.50069 26.979465 11.548203 -16.354843 26.90255 11.819424 -17.160423 26.90255 11.819424 -5.8459091 26.77301 12.24448 -5.1172447 27.210209 -8.3321476 -11.885712 27.210209 -8.3321476 -11.885712 27.198063 -8.3685799 -13.124439 27.149487 -8.5305061 -10.671276 26.77301 12.24448 -17.889084 26.590847 12.782879 -4.4897881 27.0159 -8.4657364 -11.897858 27.198063 -8.3685799 -13.124439 27.210209 -8.3321476 -11.885712 26.959225 -8.6559982 -10.719852 27.149487 -8.5305061 -10.671276 27.011852 -8.9596062 -9.5094643 27.011852 -8.9596062 -9.5094643 27.109005 -8.6479015 -14.326733 27.007801 -8.506216 -13.100151 27.109005 -8.6479015 -14.326733 26.829685 -9.0729542 -9.5944748 27.011852 -8.9596062 -9.5094643 26.947083 -9.149868 -15.452114 26.922791 -8.7733936 -14.26601 26.947083 -9.149868 -15.452114 26.590847 12.786926 -18.512497 26.356056 13.418434 -3.9918671 26.793251 -9.5951633 -8.4650459 26.898502 11.260784 -15.50069 26.898502 11.260784 -15.50069 26.898502 11.260784 -7.5015907 26.914696 -9.3725166 -16.095764 26.62323 -9.6842213 -8.578392 26.793251 -9.5951633 -8.4650459 26.720387 10.985512 -16.447952 26.619183 11.272926 -5.6637421 26.720387 10.981464 -6.5543289 26.793251 10.872162 -7.5015907 26.898502 11.260784 -7.5015907 26.700146 -9.8501949 -16.456047 26.768963 -9.2551193 -15.359005 26.700146 -9.8501949 -16.456047 26.789204 -9.7287502 -16.585587 26.501785 -10.48575 -17.346634 26.80135 -9.692318 -16.553204 26.445114 -10.619339 -17.44379 26.125313 -11.388483 -17.990288 26.007915 -11.639467 -18.111732 25.680016 -12.360033 -18.451775 25.497852 -12.736509 -18.577267 24.902779 -13.861887 -24.001755 26.878262 -9.4737186 -8.3516998 26.619183 11.272926 -17.342587 26.453209 11.714172 -4.8541183 26.793251 10.872162 -15.50069 26.072685 14.110664 -3.6356316 26.570606 -10.307632 -7.4206314 26.833733 -9.5951633 -8.1654854 26.781109 -9.748991 -0.000415802 26.177937 -11.271088 -6.679821 26.542267 -10.380499 -7.3437157 26.356056 13.418434 -19.010414 26.489643 -10.408836 -7.5623131 26.720387 10.268993 -7.5015907 26.720387 10.268993 -15.50069 26.647518 10.370197 -16.569397 26.647518 10.370197 -16.569397 26.688 10.483543 -15.50069 26.688 10.483543 -7.5015907 26.331764 -10.469559 -7.6959038 26.489643 -10.408836 -7.5623131 26.639423 -10.048553 -0.000415802 25.740738 -12.234541 -6.1980972 26.712288 9.9329987 -5.8216209 26.696098 9.9289513 -0.000415802 26.072685 14.110664 -3.6356316 26.453209 11.718224 -18.152214 26.226513 12.284958 -4.1578407 26.647518 10.370197 -6.4369354 26.534172 -9.9311581 -16.338654 26.688 10.483543 -15.50069 26.534172 10.673805 -5.4289513 25.360214 13.001476 -21.03043 25.728596 12.264721 -20.609425 24.607265 14.377842 -24.001755 24.854198 13.940643 -21.378571 25.303543 13.114826 -21.0952 25.793365 12.114937 -20.483932 26.084831 11.483429 -19.945534 26.157696 11.309361 -19.759319 26.186031 11.244591 -19.690502 26.441067 10.637371 -18.860634 26.449162 10.613083 -18.820152 26.639423 10.127308 -17.832409 26.663712 10.066586 -5.3277473 26.534172 10.677853 -17.577377 26.368198 -10.708397 -17.302105 26.368198 -10.708397 -17.302105 26.639423 10.131355 -5.1860657 26.481548 10.528072 -4.3197632 26.437016 10.64547 -4.1497421 26.246754 11.106956 -3.4737053 26.186031 11.244591 -3.3117828 26.157696 11.313408 -3.2470131 26.639423 10.050396 -0.000415802 25.845989 12.013737 -2.5750237 25.797413 12.106842 -2.5102539 25.311638 12.900276 -0.000415802 25.311638 -12.898434 -0.000415802 25.675968 -12.36408 -6.1576157 26.068638 14.114712 -19.36665 26.34391 11.147438 -4.5100288 25.740738 14.839329 -19.577152 25.943146 12.948853 -3.607296 26.226513 12.284958 -18.84444 26.101021 -11.356098 -6.8376999 26.214371 -10.761023 -17.160423 26.34391 11.151485 -18.496304 25.740738 14.839329 -3.4210815 25.955292 -11.388483 -6.9874802 26.489643 -10.408836 -7.5623131 26.101021 -11.356098 -6.8376999 26.084831 11.762753 -3.7125473 25.947193 -11.69614 -17.957901 25.947193 -11.69614 -17.957901 25.603104 13.677517 -3.2146263 25.939098 12.9529 -19.390938 26.08078 11.762753 -19.289738 25.752884 12.483318 -3.0729408 25.809559 -11.720428 -17.804073 25.619297 -12.400515 -6.3235893 25.37236 15.559895 -3.3522644 25.493805 -12.400515 -6.4855118 25.619297 -12.400515 -6.3235893 25.748837 12.487366 -19.925293 25.214481 14.442612 -2.9798355 25.740738 14.839329 -3.4210815 25.599056 13.681564 -19.787655 25.441177 -12.760798 -18.399147 25.441177 -12.760798 -18.403198 25.376408 15.559895 -19.645969 23.692387 17.964481 -19.654068 25.319733 -12.752701 -18.233173 25.43713 -12.764845 -18.391052 25.43713 -12.764845 -18.391052 25.356167 13.2808 -2.6074066 25.43713 12.851696 -2.0244789 25.356167 13.284847 -20.390827 25.348072 15.543701 -3.3482132 25.348072 15.543701 -3.3482132 25.599056 13.681564 -19.787655 25.214481 14.446659 -20.018398 24.797527 15.203659 -20.087215 25.348072 15.543701 -19.654068 25.238773 -13.238476 -5.8985329 25.060654 -13.497557 -6.0402184 24.951355 -13.465172 -6.206192 25.060654 -13.497557 -6.0402184 24.906826 14.12281 -2.3240395 25.214481 14.442612 -2.9798355 25.214481 14.446659 -20.018398 25.105183 -13.493509 -18.74324 24.862297 -13.861887 -18.605602 24.761093 -13.821407 -18.435581 25.360214 12.997429 -1.967804 23.692387 17.964481 -3.3482132 24.987789 13.705853 -1.6803856 24.906826 14.126858 -20.674194 23.692387 17.964481 -3.3482132 23.178276 17.575859 -2.9150658 24.797527 15.203659 -2.9150658 23.692387 17.964481 -19.654068 25.097088 -13.493509 -5.8742447 24.870392 -13.845695 -0.000415802 24.870392 13.916355 -1.6237144 24.68013 14.248302 -0.000415802 24.797527 15.203659 -2.9150658 24.425098 14.976963 -20.734917 24.898727 -13.85784 -18.771576 24.898727 -13.85784 -5.8378105 24.441292 -14.594599 -5.9956894 24.348183 -14.52578 -6.1657104 24.441292 -14.594599 -5.9956894 24.607265 14.377842 -1.5387039 24.85825 13.936596 -1.6196632 24.421051 14.972916 -2.2349815 24.425098 14.976963 -2.2673645 24.603214 14.377842 -21.439293 24.421051 14.972916 -20.763252 24.817768 14.00946 -21.398811 24.68013 -14.250507 -24.001755 24.89468 -13.869984 -18.771576 24.68013 -14.250507 -0.000415802 24.68013 -14.250507 -5.8013802 24.68013 -14.250507 -18.799911 24.222691 -14.954882 -18.565121 24.449387 -14.631031 -18.763481 24.595119 14.373795 -0.000415802 24.25103 27.416855 -4.7083855 24.125538 27.449242 -18.718948 24.259125 27.40876 -18.342476 23.178276 17.575859 -2.9150658 22.830135 17.312733 -2.2673645 23.178276 17.575859 -20.087215 24.113392 27.469482 -4.2873802 24.113392 27.469482 -4.2873802 23.894794 27.384468 -19.034702 24.125538 27.449242 -18.718948 24.13768 -14.877968 -18.3951 24.425098 -14.61484 -0.000415802 24.453434 -14.63508 -5.8175735 24.461533 -14.618887 -5.8175735 24.453434 -14.63508 -24.001755 23.882648 27.40876 -3.9756737 23.882648 27.40876 -3.9756737 23.599281 27.222549 -19.241158 23.894794 27.384468 -19.034702 21.769527 18.393581 -24.001755 22.708694 17.219627 -21.500011 24.295559 14.896 -21.500011 24.591072 14.406178 -1.5306053 24.295559 14.896 -1.4982224 22.858475 16.855293 -0.000415802 24.234837 -14.991316 -18.727047 24.085056 -15.238251 -18.702759 23.546654 -16.047876 -18.443676 21.575218 -18.622484 -24.001755 24.388664 -14.744379 -5.8256683 23.77335 -15.651159 -6.1980972 24.222691 -14.954882 -18.565121 23.77335 -15.651159 -6.2021446 23.77335 -15.647112 -6.2102394 22.830135 17.312733 -20.734917 23.619522 -15.764507 -0.000415802 23.777397 -15.711882 -6.024025 23.587135 27.250885 -3.7692184 23.29567 26.999897 -19.314026 23.77335 -15.647112 -6.2102394 23.704533 -15.554005 -6.3681183 21.805962 20.21524 -3.3482132 23.692387 17.964481 -19.654068 22.368649 20.733398 -19.50024 22.708694 17.219627 -1.4982224 24.182209 27.497818 -18.322235 23.991947 27.72451 -4.8014908 23.554752 -15.983107 -18.281754 23.554752 -15.983107 -18.281754 23.724773 28.044319 -17.913372 23.489983 -15.873806 -18.11578 23.514271 28.177902 -18.245319 23.222805 28.185997 -18.512497 23.514271 28.177902 -18.245319 23.506172 28.190048 -4.7691078 23.27948 27.020138 -3.6963539 20.215046 22.838425 -3.4979935 20.215046 22.838425 -19.50024 23.506172 28.190048 -4.7691078 22.890858 28.068604 -18.690613 23.222805 28.185997 -18.512497 23.218758 28.198143 -4.5019302 23.218758 28.198143 -4.5019302 23.542606 -16.06002 -6.1495171 23.10136 -16.630806 -6.6393433 23.10136 -16.630806 -6.6393433 23.028496 28.760834 -5.5139618 23.607376 28.185997 -17.808121 23.052784 -16.497217 -6.7972183 21.332329 19.773994 -2.9150658 21.805962 20.21524 -3.3482132 21.805962 20.21524 -19.654068 21.805962 20.21524 -19.654068 21.834297 -18.318874 -0.000415802 23.31591 28.53009 -17.233288 23.202564 27.1092 -19.241158 23.29567 26.999897 -19.314026 22.88681 28.088844 -4.3278618 22.562962 27.87429 -4.263092 23.190418 27.125389 -3.7651711 22.88681 -16.926319 -17.763592 22.850376 -17.03562 -17.917419 23.465691 -16.173368 -18.403198 22.88681 -16.926319 -17.763592 23.085167 -16.70772 -6.4936104 23.028496 28.756783 -17.496414 22.692501 28.817505 -17.690727 23.028496 28.760834 -5.5139618 22.842281 -16.784636 -17.613811 23.105408 28.781075 -16.81633 23.044685 28.853943 -16.419613 22.911098 29.015869 -15.50069 22.911098 29.015869 -7.5015907 19.919533 23.057022 -19.484047 19.919533 23.057022 -19.484047 22.716789 29.129211 -6.4571762 19.55925 23.283718 -3.6477776 22.328167 28.744644 -17.820267 22.692501 28.817505 -17.690727 22.692501 28.825607 -5.3237 22.692501 28.825607 -5.3237 19.619972 23.267525 -19.435467 19.55925 23.308006 -19.419277 19.255642 23.506367 -19.334267 19.049187 23.635906 -19.253304 22.571056 27.862152 -18.751335 22.562962 27.87429 -4.263092 19.028946 23.644001 -3.7692184 21.012527 19.478481 -2.2673645 21.332329 19.773994 -20.087215 22.716789 29.129211 -16.549156 22.923244 -16.934416 -6.6110039 22.45771 -17.484961 -7.2951393 22.429371 -17.323036 -7.436821 22.45771 -17.484961 -7.2951393 21.55093 -18.598196 -0.000415802 22.611538 29.254707 -15.50069 22.348408 29.226372 -16.650356 22.421276 -17.590212 -7.1575012 22.611538 29.254707 -7.5015907 22.25935 -17.739992 -17.043026 22.263397 -17.792618 -17.257576 22.25935 -17.739992 -17.043026 22.275543 28.21434 -4.7083855 22.328167 28.752739 -5.1941605 21.992176 28.550331 -5.1496315 21.834297 18.320717 -0.000415802 22.235062 -17.569971 -16.909439 21.741192 18.373341 -1.4982224 21.012527 19.478481 -20.734917 22.603443 29.258751 -7.5015907 22.352459 29.226372 -6.3559723 22.603443 29.258751 -15.50069 22.611538 29.254707 -15.50069 21.741192 18.373341 -21.500011 21.963837 29.173744 -16.719177 22.348408 29.226372 -16.650356 22.352459 29.226372 -6.3559723 22.231014 29.36805 -15.50069 22.226967 29.36805 -7.5015907 18.899406 23.729012 -19.192581 22.275543 28.21434 -18.293896 18.943935 23.700676 -3.7854118 18.943935 23.700676 -3.7854118 22.328167 -17.707607 -7.2546577 21.878826 -18.205528 -8.1452446 21.866684 -18.019314 -8.2666893 22.45771 -17.484961 -7.2951393 21.878826 -18.205528 -8.1452446 19.729271 22.28788 -3.3522644 19.729271 22.28788 -19.645969 21.846443 29.323524 -7.5015907 21.967884 29.177788 -6.2871552 22.226967 29.36805 -15.50069 21.814056 -18.339115 -8.0197525 21.672371 28.934906 -6.1252289 21.996223 28.54628 -17.864796 17.510899 24.473869 -18.156261 18.575554 23.919273 -19.026608 18.263851 24.089294 -18.832298 17.964291 24.251221 -18.601555 17.684967 24.392906 -18.338425 17.672825 24.396954 -18.326283 17.697113 24.384808 -4.6476631 18.292187 24.056911 -4.2347527 17.199192 24.619602 -5.2467842 17.676872 24.392906 -4.6719513 22.214821 -17.85334 -17.180664 21.708805 -18.407934 -16.140293 21.729046 -18.440319 -16.435806 21.708805 -18.407934 -16.140293 21.70071 -18.213623 -16.026947 21.838345 29.323524 -15.50069 17.235626 24.59531 -17.702869 21.664276 28.943001 -16.856812 16.810574 24.785572 -5.9390144 21.838345 29.323524 -7.5015907 21.627842 28.987526 -6.262867 21.627842 28.987526 -16.743465 21.838345 29.323524 -15.50069 21.793816 -18.363405 -8.0480881 21.571171 -18.622484 -8.5055275 21.397099 -18.76417 -9.1491814 21.40115 -18.557714 -9.2422867 21.878826 -18.205528 -8.1452446 21.397099 -18.76417 -9.1491814 21.50235 29.137306 -15.50069 21.50235 29.137306 -7.5015907 21.761433 18.389534 -0.000415802 19.27993 21.777817 -2.9150658 19.70903 22.263592 -3.3482132 19.70903 22.263592 -19.654068 19.70903 22.263592 -19.654068 18.280041 21.862827 -24.001755 20.903229 19.37323 -21.500011 20.81012 19.340843 -0.000415802 20.903229 19.37323 -1.4982224 21.644035 -18.537474 -16.253643 21.571171 -18.622484 -16.099812 21.2878 -18.946335 -15.488544 21.263512 -18.91395 -15.091827 21.263512 -18.91395 -15.091827 21.271606 -18.699398 -15.006817 16.656742 24.846294 -6.3357315 16.741756 24.813911 -6.1171341 16.806526 24.785572 -5.947113 16.826767 24.777477 -17.03088 16.737705 24.813911 -16.860859 16.749851 24.809864 -16.905388 16.624359 24.85844 -16.277931 16.571732 24.882729 -6.6514854 18.053349 -22.055296 -24.001755 21.344475 -18.885612 -8.9710617 20.81012 -19.339003 -0.000415802 16.470531 24.919163 -15.50069 16.470531 24.919163 -7.5015907 16.563637 24.882729 -6.704113 21.397099 -18.76417 -9.1491814 21.057056 -18.934191 -10.335281 21.316135 -18.91395 -9.0520248 21.044914 -19.156837 -10.274559 21.044914 -19.156837 -10.274559 20.506512 -19.64666 -0.000415802 18.377197 -21.771927 -0.000415802 18.037155 -22.031006 -0.000415802 18.320522 -21.832649 -0.000415802 18.992512 21.453964 -2.2673645 19.27993 21.777817 -20.087215 21.000385 -19.266136 -9.991188 21.186596 -19.059683 -15.168743 20.980145 -19.019201 -13.889534 20.959904 -19.249945 -13.938114 20.955853 -19.314714 -14.431984 20.959904 -19.249945 -13.938114 20.866795 -19.140644 -11.505188 20.955853 -19.314714 -10.213837 20.846554 -19.371387 -11.4809 20.846554 -19.371387 -11.4809 18.988464 21.449917 -2.2349815 18.992512 21.453964 -20.734917 18.891308 21.340618 -21.500011 18.988464 21.449917 -20.767303 20.842506 -19.168982 -12.703434 20.818218 -19.403772 -12.71558 20.874893 -19.403772 -13.986691 20.757496 -19.529264 -13.330894 20.818218 -19.403772 -12.71558 20.781784 -19.500927 -11.072041 18.377197 21.773769 -0.000415802 18.891308 21.340618 -1.4982224 20.753448 -19.533314 -11.456612 20.725109 -19.561649 -12.727722 20.700821 -19.589987 -12.193371 19.085621 22.773655 -3.4210815 19.08157 22.773655 -19.577152 18.603893 22.324314 -20.018398 19.08157 22.773655 -19.577152 19.27993 21.777817 -20.087215 18.603893 22.324314 -2.9798355 18.231464 22.077377 -20.674194 18.603893 22.324314 -20.018398 18.425774 23.222996 -19.36665 17.919758 22.834377 -3.2146263 18.429825 23.222996 -3.6356316 18.425774 23.222996 -19.36665 18.235512 22.07333 -2.3240395 18.603893 22.324314 -2.9798355 18.280041 21.862827 -1.5791817 18.818443 21.405388 -21.500011 17.794266 23.62376 -3.9918671 18.320522 21.830441 -0.000415802 18.280041 21.85878 -21.415001 17.48661 22.664356 -2.6074066 17.91571 22.838425 -19.787655 17.259914 23.299911 -3.607296 17.790218 23.62376 -19.010414 18.280041 21.85878 -0.000415802 17.211338 23.967854 -4.4857368 14.248108 24.680321 -24.001755 17.203239 22.721031 -21.03043 17.838799 22.227158 -21.317848 18.025009 22.077377 -21.374519 18.041203 22.061184 -21.378571 18.105972 22.00856 -1.5994225 18.04525 22.057137 -1.6237144 14.248108 24.680321 -0.000415802 17.312542 22.640068 -1.9030342 17.482563 22.664356 -20.390827 17.713306 -22.257702 -0.000415802 13.989029 -24.828262 -24.001755 16.766045 23.190613 -3.0729408 17.255867 23.299911 -19.394989 16.652695 23.696629 -4.1537933 17.207291 23.967854 -18.512497 14.515285 -24.496315 -0.000415802 16.705322 24.239079 -5.1131973 16.543396 23.206806 -2.3928566 17.207291 22.71698 -1.967804 17.0737 22.818184 -20.973755 16.761993 23.19466 -19.925293 16.114296 23.644001 -3.7125473 16.652695 23.696629 -18.84444 16.705322 24.239079 -17.885036 16.130489 24.01643 -4.850071 16.312653 24.441483 -5.8418617 16.401711 23.303959 -20.48798 16.312653 24.441483 -17.152325 15.834976 23.696629 -3.0567513 16.409809 23.299911 -2.5183487 16.3167 23.364681 -20.427261 16.110249 23.644001 -19.289738 16.057621 24.566975 -16.350796 15.721626 24.259315 -5.6596947 16.130489 24.01643 -18.148163 16.057621 24.566975 -6.6433907 15.555653 24.008335 -4.5059776 16.057621 24.566975 -16.350796 15.95237 24.635792 -7.5015907 15.95237 24.635792 -15.50069 15.681145 23.797832 -19.751221 15.4585 24.405048 -6.5502815 15.721626 24.259315 -17.334492 15.122505 24.275509 -5.4249039 15.555653 24.008335 -18.492256 15.624474 23.838314 -3.3077316 15.681145 23.797832 -3.2389145 15.620422 23.838314 -19.690502 15.49493 23.919273 -19.524529 15.762108 24.534592 -7.5015907 15.454449 24.405048 -16.443905 15.357296 24.498158 -15.50069 15.762108 24.534592 -15.50069 15.762108 24.534592 -15.50069 15.361343 24.498158 -7.5015907 15.762108 24.534592 -7.5015907 14.843182 24.441483 -6.432888 15.122505 24.275509 -17.569283 15.069878 24.190498 -4.1416473 15.041542 24.206692 -4.1780815 14.968674 24.251221 -18.682518 15.073925 24.186451 -18.848492 14.956532 24.461723 -15.50069 14.839134 24.441483 -16.561298 14.956532 24.461723 -7.5015907 14.843182 24.441483 -6.432888 14.304783 24.647938 -6.2466736 14.600296 24.477917 -5.1698723 14.543621 24.5103 -17.674534 14.604343 24.473869 -17.816219 14.754124 24.53054 -7.5015907 14.956532 24.461723 -7.5015907 14.750076 24.53054 -15.50069 14.195484 24.712708 -7.2829933 14.248108 24.680321 -6.7688828 14.300735 24.651985 -6.3073959 14.248108 24.680321 -16.233402 14.280495 24.664131 -16.597733 14.300735 24.651985 -16.68679 14.191437 24.716755 -7.5015907 14.191437 24.716755 -15.50069 14.248108 -24.682529 -0.000415802 13.980934 -24.808022 -0.000415802 11.790897 25.82999 -0.000415802 9.7951698 26.765106 -24.001755 9.7911224 26.761059 -0.000415802 10.495495 26.433163 -0.000415802 9.5118027 -26.86447 -24.001755 10.495495 -26.43132 -0.000415802 9.7465935 -26.779459 -0.000415802 5.0467186 28.048363 -24.001755 6.0263634 27.777138 -0.000415802 9.7465935 26.7813 -0.000415802 9.5077515 -26.844229 -0.000415802 5.0143318 -28.054619 -7.5015907 5.0143318 -28.054619 -15.50069 4.9171791 -28.07486 -16.597733 4.8888397 -28.078907 -16.690838 4.7512054 -28.099148 -17.176613 4.7512054 -28.099148 -24.001755 4.8847923 -28.078907 -6.2466736 4.8928871 -28.07486 -6.3114433 9.5077515 -26.844229 -0.000415802 6.0263634 -27.779346 -0.000415802 5.0102844 -28.054619 -7.2870407 4.9495621 -28.066763 -0.000415802 5.0467186 28.040268 -0.000415802 4.9495621 28.068604 -0.000415802 2.994318 28.238625 -0.000415802 0.14848518 28.497704 -24.001755 4.4678345 -28.273216 -7.5015907 4.4678345 -28.273216 -15.50069 4.3423424 -28.265121 -6.4369354 4.7512054 -28.099148 -5.8216209 4.7512054 -28.082954 -0.000415802 4.3423424 -28.265121 -16.569397 4.5407028 -28.135582 -17.820267 4.123745 -28.200352 -18.682518 3.9982529 -28.216545 -18.852539 3.5043831 -28.285362 -19.524529 3.3546009 -28.301556 -19.690502 3.2817345 -28.30965 -19.755272 2.5287838 -28.386566 -20.415115 2.4073391 -28.394661 -20.483932 1.5855694 -28.455383 -20.96566 1.4195957 -28.463478 -21.026382 -0.15107727 -28.499912 -24.001755 4.6135674 -28.123436 -17.674534 4.7512054 -28.082954 -0.000415802 4.552845 -28.135582 -5.1698723 4.022541 -28.317747 -5.4289513 2.994318 -28.236784 -0.000415802 1.4317417 -28.463478 -1.955658 2.3709068 -28.402758 -2.4697723 2.4154358 -28.398708 -2.5062027 3.1805325 -28.321795 -3.1336632 3.2898312 -28.30965 -3.2429619 3.2938786 -28.30965 -3.2470131 3.3546009 -28.301556 -3.3117828 4.0063477 -28.216545 -4.1456947 4.0387344 -28.212496 -4.1821289 4.0184937 -28.317747 -17.577377 4.2654305 -28.354179 -7.5015907 4.2654305 -28.354179 -15.50069 4.2654305 -28.354179 -15.50069 3.548912 -28.686127 -5.6637421 3.8484726 -28.629452 -6.5543289 3.9820595 -28.641598 -7.5015907 4.2654305 -28.354179 -7.5015907 3.8484726 -28.633501 -16.447952 3.9820595 -28.641598 -15.50069 3.5165253 -28.390614 -18.496304 3.5165253 -28.390614 -4.5100288 3.0833759 -28.76709 -4.8541183 3.548912 -28.690174 -17.342587 3.6946449 -28.924965 -7.5015907 3.6946449 -28.924965 -15.50069 3.4881897 -29.139517 -16.354843 3.4922371 -29.139517 -6.6514854 3.2129173 -29.208334 -5.8459091 3.6177292 -29.127373 -7.5015907 3.6177292 -29.127373 -15.50069 3.6946449 -28.924965 -15.50069 3.4881897 -29.139517 -16.354843 3.253397 -29.726494 -6.7203026 3.3991299 -29.677917 -7.5015907 3.3991299 -29.677917 -15.50069 2.7838154 -29.305489 -5.1172447 3.0793285 -28.76709 -18.152214 3.2129173 -29.208334 -17.160423 2.8566818 -28.467527 -3.7125473 2.4761581 -28.856148 -4.1578407 2.8526325 -28.471577 -19.289738 3.1481457 -29.762928 -6.1738052 3.3100719 -29.706253 -16.294121 3.3100719 -29.706253 -16.302219 3.1157608 -29.771025 -16.8811 2.2575588 -36.142776 -7.5015907 2.2575588 -36.142776 -15.50069 2.067297 -36.106342 -16.735367 2.067297 -36.106342 -6.262867 2.6259384 -29.916756 -5.2832184 3.0307503 -29.795313 -5.9714012 3.1319542 -29.766975 -6.1454697 2.9781246 -29.815554 -17.217094 2.7838154 -29.309538 -17.889084 3.0550404 -29.791265 -17.059219 3.0590878 -29.791265 -17.051121 2.067297 -28.544441 -3.0729408 2.0106239 -36.098244 -6.1495171 1.9944305 -36.094196 -16.873005 2.225174 -29.418837 -4.4897881 2.4721088 -28.856148 -18.84444 -0.0012950897 -28.499912 -0.000415802 0.39542007 -28.495865 -1.6277618 0.14848518 28.485558 -0.000415802 2.8931141 -29.843891 -17.374973 2.6502266 -29.912708 -17.735256 1.7555904 -28.941158 -3.607296 2.0632496 -28.544441 -19.925293 2.3020878 -30.009865 -4.8298302 2.4599648 -29.965334 -5.0038986 2.5449753 -29.945093 -17.893131 2.1401634 -30.050344 -18.326283 2.2211266 -29.422886 -18.512497 1.5046082 -36.009186 -5.1496315 1.5046082 -36.009186 -17.85265 1.5572338 -29.532185 -3.9918671 1.7555904 -28.941158 -19.390938 1.1767082 -28.601116 -2.6074066 2.1563549 -30.046297 -4.6840973 1.0836029 -35.932274 -4.7205276 2.1199226 -36.499008 -7.5015907 2.1199226 -36.499008 -15.50069 1.9296608 -36.466625 -16.715126 1.4519825 -30.187981 -4.2388039 2.1320667 -30.050344 -4.6598091 2.1158752 -30.054394 -18.354618 1.5572338 -29.536232 -19.010414 1.0714569 -35.932274 -18.293896 2.1199226 -36.499008 -15.50069 1.6665325 -36.754044 -16.646309 1.8486977 -36.782379 -15.50069 2.1158752 -36.507107 -7.5015907 1.9256115 -36.47472 -6.2871552 1.4803181 -30.196077 -18.836346 1.8486977 -36.782379 -7.5015907 0.95406151 -29.009975 -3.2146263 1.1726608 -28.601116 -20.390827 1.3791161 -36.377567 -5.1941605 1.3831635 -36.369469 -17.808121 1.1483727 -36.664982 -17.678581 1.6665325 -36.758091 -6.3559723 1.8486977 -36.786427 -15.50069 1.6665325 -36.758091 -6.3559723 1.8446503 -36.790474 -7.5015907 1.3224411 -36.915966 -16.545105 1.6665325 -36.754044 -16.646309 1.8486977 -36.786427 -15.50069 1.4924622 -36.940254 -15.50069 1.6665325 -36.758091 -6.3559723 1.4924622 -36.940254 -7.5015907 0.81237793 -29.633389 -3.6356316 0.95406151 -29.009975 -3.2146263 0.95001411 -29.014025 -19.787655 0.8488102 -36.830956 -17.484272 1.1483727 -36.664982 -17.678581 1.1483727 -36.664982 -5.3237 1.3183937 -36.915966 -6.4571762 1.1483727 -36.664982 -5.3237 0.73141479 -30.333714 -3.7894592 0.81237793 -29.633389 -19.36665 1.4843674 -36.944305 -15.50069 1.3183937 -36.915966 -6.4571762 1.4843674 -36.944305 -7.5015907 0.89334106 -36.915966 -16.411518 1.3224411 -36.915966 -16.545105 1.4843674 -36.944305 -15.50069 1.0997944 -36.9524 -15.50069 1.3183937 -36.915966 -6.4571762 1.0997944 -36.9524 -7.5015907 0.76379967 -30.325617 -19.200676 0.76379967 -30.325617 -19.200676 0.56949043 -28.495865 -21.334042 0.52496147 -36.219688 -18.674419 0.34279442 -36.5233 -18.500351 0.52496147 -36.227787 -4.3278618 0.80023384 -36.899776 -16.812283 0.8488102 -36.835003 -5.5139618 0.52091217 -36.851196 -5.7447052 0.94596672 -36.924065 -6.5421867 0.95001411 -36.924065 -6.5745697 0.8488102 -36.835003 -5.5139618 0.22135162 -28.633501 -2.3240395 0.099906921 -29.058554 -2.9798355 0.21730232 -28.633501 -20.674194 0.11205101 -36.701416 -18.233173 0.34279442 -36.5233 -18.500351 0.33874702 -36.5233 -4.5019302 0.33874702 -36.5233 -4.5019302 -13.671818 -34.349457 -15.50069 -13.671818 -34.349457 -7.5015907 -0.96475029 -36.58807 -18.306042 -0.12678719 -36.73785 -17.905277 -13.517989 -34.373745 -16.403423 -13.497748 -34.377792 -16.520817 -13.092937 -34.450657 -17.237335 -12.991733 -34.46685 -17.419502 -0.025585175 -36.754044 -17.856701 0.4804306 -36.843102 -17.217094 -12.424995 -34.568054 -17.868843 -12.012087 -34.640919 -18.196743 -11.623466 -34.70974 -18.289848 -1.8553371 -36.430191 -18.500351 -10.716686 -34.867615 -18.500351 0.73141479 -30.333714 -3.7894592 0.63426018 -35.855358 -4.263092 0.63426018 -35.855358 -18.735142 0.022993088 -29.710302 -3.4210815 0.095859528 -29.058554 -20.018398 0.11205101 -36.701416 -18.233173 0.46423912 -36.839054 -5.6435013 -0.16322136 -36.729752 -5.1293907 0.11205101 -36.705463 -4.7691078 0.63021278 -30.34181 -3.7692184 0.62211609 -30.345858 -19.241158 0.018945694 -29.71435 -19.577152 0.63426018 -35.855358 -4.263092 -0.32109833 -35.685337 -3.7692184 -0.55184174 -36.037525 -3.7692184 -0.32514572 -35.685337 -19.233063 -0.01748848 -30.40658 -3.6477776 -0.46278191 -35.661049 -3.6963539 -0.0053443909 -30.426821 -19.41523 0.35493851 -28.495865 -21.366425 0.21730232 -28.633501 -20.674194 -0.55184174 -36.029427 -19.233063 -0.67733192 -36.341133 -19.026608 0.35898781 -28.495865 -1.6196632 -0.15107727 -28.495865 -1.5589447 -0.15107727 -28.495865 -21.44334 -0.81497002 -36.53949 -18.714901 -0.67733192 -36.341133 -19.026608 -0.67733192 -36.345181 -3.9756737 -0.67733192 -36.345181 -3.9756737 -0.75829506 -28.637548 -2.2349815 -0.75829506 -28.641598 -2.2673645 -0.75829506 -28.641598 -20.771351 -0.75829506 -28.609211 -20.819927 -0.75829506 -28.609211 -20.819927 -0.45873451 -28.495865 -21.491917 0.095859528 -29.058554 -20.018398 -4.7537956 28.10099 -24.001755 -4.7497482 28.084793 -0.000415802 -0.0012950897 28.501755 -0.000415802 -0.81497002 -36.53949 -18.714901 -0.55993652 -36.660934 -4.8014908 -0.81497002 -36.53949 -4.2873802 -0.77043915 -29.074747 -2.9150658 -0.77043915 -29.070698 -20.091267 -0.77043915 -29.070698 -20.091267 -0.78663254 -29.722446 -3.3482132 -0.78663254 -29.754831 -3.3522644 -0.80687332 -30.487543 -3.4979935 -0.78663254 -29.795313 -19.625729 -0.78663254 -29.758881 -19.645969 -0.078210831 -30.434917 -19.435467 -0.14702797 -28.487768 -0.000415802 -1.6812687 -35.446499 -3.4979935 -0.80687332 -30.487543 -19.50024 -0.46278191 -35.661049 -19.305927 -0.66923714 -28.491817 -1.5022697 -4.9481068 -28.066763 -0.000415802 -3.5595989 -28.277266 -1.4982224 -0.14702797 -28.487768 -0.000415802 -0.75424767 -28.491817 -1.4982224 -0.66923714 -28.491817 -21.500011 -0.75424767 -28.491817 -21.500011 -5.0452614 -28.050571 -24.001755 -1.6812687 -35.446499 -19.50024 -1.7460384 -35.818924 -19.427372 -1.7460384 -35.818924 -19.423325 -0.67733192 -36.341133 -19.026608 -1.7460384 -35.814877 -3.5749092 -1.7460384 -35.827023 -3.5789566 -0.81497002 -36.53949 -4.2873802 -0.95665359 -36.58807 -4.7083855 -1.8391457 -36.357327 -18.884922 -1.8027115 -36.138725 -19.208775 -1.8027115 -36.138725 -19.208775 -1.8027115 -36.138725 -3.7894592 -1.8027115 -36.146824 -3.7975578 -1.8027115 -36.146824 -3.7975578 -3.1669312 -28.321795 -21.500011 -0.75829506 -28.609211 -20.819927 -3.4341068 -28.410854 -20.819927 -3.4341068 -28.410854 -20.819927 -3.5757904 -28.427046 -2.2673645 -3.4867325 -28.868292 -20.091267 -3.6324654 -28.860195 -2.9150658 -3.4867325 -28.868292 -20.091267 -3.7134266 -29.503849 -3.3482132 -3.7134266 -29.503849 -3.3482132 -3.5757904 -29.58886 -19.625729 -3.5757904 -29.58886 -19.625729 -3.8065338 -30.260847 -3.4979935 -3.6567535 -30.281088 -19.50024 -1.2238293 -36.543541 -18.431534 -1.8431931 -36.357327 -18.876827 -1.8391457 -36.353279 -4.1173592 -1.8431931 -36.357327 -4.1254539 -1.8431931 -36.357327 -4.1254539 -1.8553371 -36.430191 -4.5019302 -10.542616 -33.883919 -3.4979935 -6.9195442 -29.706253 -19.50024 -10.542616 -33.883919 -19.50024 -10.607388 -34.2523 -19.427372 -10.607388 -34.2523 -3.5749092 -10.611435 -34.256348 -19.427372 -10.668108 -34.576149 -19.208775 -10.611435 -34.260395 -3.5749092 -10.611435 -34.260395 -3.5749092 -10.664061 -34.576149 -3.7894592 -10.668108 -34.5802 -19.208775 -10.668108 -34.584248 -3.7975578 -10.668108 -34.584248 -3.7975578 -10.704542 -34.790699 -4.1173592 -10.704542 -34.79475 -18.876827 -10.704542 -34.790699 -18.884922 -10.704542 -34.79475 -18.876827 -10.704542 -34.798798 -4.1295013 -10.716686 -34.867615 -4.5019302 -3.4179134 -28.285362 -21.500011 -5.0452614 -28.034378 -21.500011 -6.4904423 -27.872452 -20.819927 -6.4904423 -27.872452 -20.819927 -6.5956936 -28.321795 -20.091267 -6.5956936 -28.321795 -20.091267 -5.0412121 -28.014137 -1.4982224 -6.3609028 -27.937223 -2.2673645 -6.7616673 -29.026169 -19.625729 -6.7616673 -29.026169 -19.625729 -6.4580574 -28.358227 -2.9150658 -6.6037903 -28.993784 -3.3482132 -6.6037903 -28.993784 -3.3482132 -6.7738113 -29.73864 -3.4979935 -4.9481068 28.068604 -0.000415802 -9.5143929 26.86631 -24.001755 -9.5062962 26.846069 -0.000415802 -5.0452614 -28.042473 -0.000415802 -5.0452614 -28.042473 -0.000415802 -6.3285179 -27.787441 -1.4982224 -5.5553246 -27.953415 -21.500011 -9.7491837 -26.779459 -0.000415802 -9.0367126 -27.030441 -1.4982224 -6.4580574 -27.734818 -21.500011 -9.7937126 -26.763268 -24.001755 -9.0812435 -27.168079 -2.2349815 -9.2229271 -27.585037 -2.9150658 -9.0852909 -27.172127 -2.2673645 -9.425333 -28.200352 -3.3482132 -9.2229271 -27.585037 -2.9150658 -7.9032383 -27.382629 -21.500011 -9.0852909 -27.172127 -20.771351 -9.0731468 -27.143791 -20.819927 -9.0731468 -27.143791 -20.819927 -9.2188797 -27.576939 -20.091267 -9.437479 -28.232737 -19.645969 -9.2188797 -27.576939 -20.091267 -9.437479 -28.228687 -3.3522644 -9.425333 -28.200352 -3.3482132 -9.4496231 -28.265121 -19.625729 -9.6682205 -28.924965 -3.4979935 -9.6682205 -28.924965 -19.50024 -9.0367126 -27.030441 -21.500011 -9.3160343 -26.933289 -1.5063171 -9.7937126 -26.759218 -21.4231 -10.000168 -26.832085 -20.674194 -10.000168 -26.832085 -2.3240395 -9.2188797 -27.576939 -20.091267 -10.028505 -27.273331 -20.018398 -10.028505 -27.273331 -20.018398 -10.028505 -27.273331 -2.9798355 -9.7937126 -26.759218 -1.5872803 -10.178286 -27.912933 -3.4210815 -10.336163 -28.629452 -3.562767 -10.004215 -28.783281 -3.5182343 -10.178286 -27.912933 -19.577152 -10.380692 -28.580875 -19.350456 -9.7491837 26.7813 -0.000415802 -13.99162 24.830105 -24.001755 -10.49404 26.433163 -0.000415802 -11.761103 -33.669369 -3.6963539 -11.769199 -33.669369 -19.30188 -9.7937126 -26.759218 -0.000415802 -10.49404 -26.43132 -0.000415802 -10.077082 -26.653967 -1.6318092 -10.008265 -26.686352 -21.398811 -9.7937126 -26.763268 -24.001755 -10.077082 -26.658016 -21.378571 -14.2507 -24.682529 -24.001755 -10.279488 -26.5811 -1.664196 -10.88266 -26.475849 -2.6074066 -10.817888 -26.937336 -3.2146263 -10.88266 -26.475849 -20.390827 -10.951477 -26.309875 -21.0952 -11.906836 -33.645081 -3.7692184 -11.761103 -33.669369 -3.6963539 -10.898851 -27.572891 -3.6356316 -10.817888 -26.937336 -19.787655 -10.817888 -26.937336 -19.787655 -10.96767 -28.297506 -3.7651711 -10.400932 -28.593019 -3.5830078 -10.898851 -27.572891 -19.36665 -10.96767 -28.297506 -19.229015 -11.068872 -26.261299 -1.9718513 -11.906836 -33.645081 -19.229015 -14.2507 -24.682529 -0.000415802 -11.222702 -26.196529 -2.0325737 -11.78944 25.82999 -0.000415802 -11.809681 -34.045845 -19.233063 -11.801584 -34.38184 -19.02256 -11.805632 -34.049892 -3.7692184 -11.793488 -34.385887 -3.9797211 -11.736814 -34.612583 -18.710854 -11.801584 -34.38184 -19.02256 -11.793488 -34.385887 -3.9797211 -11.732765 -34.616631 -4.295475 -11.732765 -34.616631 -4.295475 -11.384626 -34.750221 -4.5747986 -11.611322 -34.70974 -4.6881447 -11.546553 -26.597294 -3.607296 -11.562744 -27.220705 -3.9918671 -11.546553 -26.597294 -19.390938 -11.70038 -26.115566 -19.925293 -11.70038 -26.115566 -3.0729408 -11.825872 -25.929352 -20.609425 -11.068872 -26.261299 -21.03043 -11.720621 -27.868404 -4.1618881 -11.089113 -28.236784 -3.8016052 -11.562744 -27.220705 -19.010414 -11.052681 -28.257025 -19.212822 -12.870289 -33.47506 -18.727047 -12.858145 -33.47506 -4.263092 -11.688236 -27.872452 -18.763481 -11.052681 -28.257025 -19.212822 -13.307487 -33.398144 -18.281754 -13.307487 -33.398144 -4.7205276 -12.858145 -33.47506 -4.263092 -11.975653 -25.860535 -2.5143013 -12.194252 -26.269394 -4.1537933 -12.149723 -26.88876 -4.4857368 -12.194252 -26.269394 -18.84444 -12.416899 -25.775524 -19.289738 -12.267118 -27.520266 -4.6476631 -12.149723 -26.88876 -18.512497 -12.655739 -34.454704 -4.7731552 -12.441187 -34.564007 -5.1010551 -12.267118 -27.520266 -18.354618 -12.084953 -25.811956 -2.5871658 -12.416899 -25.775524 -3.7125473 -12.603113 -25.560974 -19.945534 -11.971605 -25.860535 -20.483932 -12.809567 -34.207771 -4.5059776 -12.655739 -34.454704 -4.7731552 -12.671931 -34.450657 -18.225079 -13.979476 24.805813 -0.000415802 -12.882434 -33.859631 -4.3238144 -12.809567 -34.207771 -4.5059776 -12.82576 -34.199673 -18.492256 -11.801584 -34.38184 -19.02256 -12.82576 -34.199673 -18.492256 -12.894578 -33.855583 -18.666325 -12.671931 -34.450657 -18.225079 -12.765038 -25.480011 -3.2470131 -12.639546 -26.589197 -5.1131973 -12.299503 -27.495977 -4.6881447 -12.279263 -27.512169 -4.6598091 -12.732653 -25.97793 -18.152214 -12.639546 -26.589197 -17.889084 -12.299503 -27.495977 -18.310089 -12.732653 -25.97793 -4.850071 -13.011973 -25.475964 -18.496304 -12.720509 -27.204512 -17.75145 -12.63145 -27.269283 -5.1091499 -13.73254 -33.321232 -5.1496315 -12.967444 -25.378807 -3.4737053 -13.011973 -25.475964 -4.5059776 -12.829808 -25.447624 -3.3077316 -12.829808 -25.447624 -19.690502 -12.769086 -25.480011 -19.759319 -13.40869 -34.31707 -17.468079 -12.578824 -34.539719 -5.1698723 -13.048407 -34.458755 -5.7811394 -12.720509 -27.204512 -5.267025 -14.234508 -33.232174 -6.1495171 -12.926963 -27.054731 -5.6273079 -12.995781 -27.002106 -5.7811394 -13.011973 -26.34631 -5.8418617 -13.145562 -25.747187 -17.342587 -13.011973 -26.34631 -17.160423 -13.38845 -34.325165 -5.5180092 -13.619192 -34.066086 -5.3237 -13.40869 -34.31707 -17.468079 -13.060551 -26.94948 -17.059219 -13.744684 -33.321232 -17.832409 -13.145562 -25.747187 -5.6596947 -13.461315 -25.233074 -17.577377 -13.736588 -33.705803 -5.1941605 -13.619192 -34.066086 -5.3237 -13.631337 -34.057991 -17.662388 -13.631337 -34.057991 -17.662388 -13.416786 -25.144016 -18.860634 -13.748733 -33.701756 -17.78788 -13.40869 -25.148064 -4.1456947 -13.060551 -26.94948 -5.9390144 -13.246765 -26.188433 -6.6433907 -13.117225 -26.904951 -6.1495171 -13.064599 -26.94948 -5.9511604 -13.40869 -25.58931 -16.447952 -13.246765 -26.188433 -16.354843 -13.190091 -26.848278 -16.662502 -13.125321 -26.896854 -16.852764 -13.517989 -25.091391 -4.3197632 -13.461315 -25.233074 -5.4249039 -13.441075 -25.13187 -18.820152 -13.396545 -34.398033 -6.238575 -13.47346 -34.38184 -6.5867157 -14.230459 -33.232174 -16.848717 -13.878273 -34.236107 -16.520817 -13.246765 -26.188433 -6.6433907 -13.271053 -26.783508 -6.7000618 -14.291182 -33.224075 -6.262867 -13.40869 -25.58931 -6.5502815 -13.748733 -25.075197 -16.569397 -13.262958 -26.791603 -16.294121 -14.299277 -33.220028 -16.707031 -13.34392 -26.722786 -7.5015907 -13.271053 -26.783508 -6.704113 -13.53823 -25.552876 -7.5015907 -13.368209 -25.917208 -7.5015907 -13.368209 -25.917208 -7.5015907 -13.360112 -26.13176 -7.5015907 -13.303439 -26.755169 -16.091717 -13.360112 -26.13176 -15.50069 -13.368209 -25.917208 -15.50069 -14.481443 -33.187641 -15.50069 -14.481443 -33.187641 -7.5015907 -13.34392 -26.722786 -15.50069 -13.53823 -25.552876 -15.50069 -13.862081 -34.244205 -6.4571762 -14.137353 -33.97298 -6.3559723 -13.748733 -25.075197 -6.432888 -13.708251 -25.184498 -7.5015907 -13.898513 -24.880888 -17.832409 -13.955187 -24.848503 -5.3277473 -13.890417 -24.884935 -5.1779671 -13.748733 -25.075197 -16.569397 -14.194027 -24.714914 -16.755608 -14.024005 -34.211819 -7.5015907 -14.032102 -34.207771 -15.50069 -13.708251 -25.184498 -15.50069 -14.287133 -33.612698 -6.2871552 -14.137353 -33.97298 -6.3559723 -14.145449 -33.964882 -16.617973 -14.145449 -33.964882 -16.617973 -13.866128 -25.042812 -7.5015907 -13.866128 -25.042812 -15.50069 -13.708251 -25.184498 -15.50069 -14.2507 -24.682529 -6.7688828 -14.222363 -24.698723 -6.4005013 -14.198074 -24.710865 -6.3073959 -14.307374 -24.650145 -15.71524 -14.2507 -24.682529 -16.229351 -14.198074 -24.710865 -16.694885 -14.29523 -33.604599 -16.68679 -14.03615 -34.203724 -7.5015907 -14.024005 -34.211819 -7.5015907 -14.307374 -24.646095 -7.5015907 -14.307374 -24.646095 -15.50069 -14.03615 -34.203724 -15.50069 -14.2507 24.680321 -0.000415802 -15.303213 23.943565 -0.000415802 -18.051891 22.053089 -24.001755 -14.315471 -33.940594 -7.5015907 -14.319518 -33.932499 -15.50069 -14.319518 -33.932499 -7.5015907 -14.315471 -33.940594 -7.5015907 -14.319518 -33.932499 -15.50069 -14.473348 -33.576263 -15.50069 -18.282635 -21.865032 -24.001755 -14.513828 -24.496315 -0.000415802 -14.473348 -33.572216 -7.5015907 -14.473348 -33.576263 -7.5015907 -14.477395 -33.572216 -15.50069 -17.711849 -22.257702 -0.000415802 -18.278585 -21.860985 -0.000415802 -15.303213 -23.94577 -0.000415802 -18.035698 22.032848 -0.000415802 -18.319067 21.830441 -0.000415802 -21.573761 18.624325 -24.001755 -20.812714 19.340843 -0.000415802 -21.76807 -18.39579 -24.001755 -18.319067 -21.832649 -0.000415802 -20.505054 -19.64666 -0.000415802 -20.812714 -19.339003 -0.000415802 -21.764023 -18.387693 -0.000415802 -21.573761 18.624325 -24.001755 -21.55352 18.600037 -0.000415802 -21.83284 18.320717 -0.000415802 -22.857018 16.855293 -0.000415802 -24.456026 14.636921 -24.001755 -24.605808 -14.380049 -24.001755 -21.83284 -18.318874 -0.000415802 -23.622112 -15.764507 -0.000415802 -24.427689 14.61668 -0.000415802 -24.597712 -14.371952 -0.000415802 -24.682722 14.248302 -24.001755 -24.682722 14.248302 -0.000415802 -24.682722 -14.250507 -0.000415802 -26.642015 -10.048553 -0.000415802 -26.710833 -9.9352055 -24.001755 -25.310181 -12.898434 -0.000415802 -24.901321 13.85968 -24.001755 -24.868935 13.847538 -0.000415802 -25.310181 12.900276 -0.000415802 -26.913239 9.3743553 -24.001755 -26.642015 10.050396 -0.000415802 -26.698689 -9.9271088 -0.000415802 -26.779652 9.7467842 -0.000415802 -26.779652 -9.748991 -0.000415802 -27.447592 -7.263443 -0.000415802 -28.022427 -5.194849 -24.001755 -26.884903 9.3662605 -0.000415802 -28.066956 4.9497566 -0.000415802 -28.123629 4.6056633 -24.001755 -28.002186 -5.1867523 -0.000415802 -28.066956 -4.9479141 -0.000415802 -28.500105 -0.2966156 -24.001755 -28.475817 -0.2966156 -0.000415802 -28.095293 4.6016159 -0.000415802 -28.500105 -0.0011024475 -0.000415802 32.076057 -22.739429 -13.132534 22.0448 -16.112646 -14.638439 32.440388 -22.116016 -14.638439 21.684517 -16.740107 -13.132534 22.0448 -16.112646 -9.9628525 21.684517 -16.740107 -11.464706 32.440388 -22.116016 -9.9628525 32.076057 -22.739429 -11.464706 32.076057 -22.739429 -11.464706 21.684517 -16.740107 -13.132534 32.076057 -22.739429 -13.132534 21.684517 -16.740107 -11.464706 26.777061 -0.15493393 -0.000415802 27.372135 -0.75405502 -0.000415802 28.50156 -0.0011024475 -0.000415802 28.473225 0.29441071 -0.000415802 27.481434 -1.1588669 -0.000415802 27.756706 -2.178997 -0.000415802 28.096748 -4.6038246 -0.000415802 26.331764 0.29036331 -0.000415802 28.068413 4.9497566 -0.000415802 27.700031 -2.3814011 -0.000415802 27.372135 -3.6039352 -0.000415802 28.068413 -4.9479141 -0.000415802 26.509884 -4.5350037 -0.000415802 27.445 -7.263443 -0.000415802 25.720497 0.45228577 -0.000415802 28.003643 5.1885948 -0.000415802 26.781109 9.7467842 -0.000415802 25.311638 -7.263443 -0.000415802 26.882313 -9.3644199 -0.000415802 26.781109 -9.748991 -0.000415802 25.311638 -10.048553 -0.000415802 26.639423 -10.048553 -0.000415802 26.696098 9.9289513 -0.000415802 25.311638 10.050396 -0.000415802 25.311638 0.56158447 -0.000415802 26.639423 10.050396 -0.000415802 25.311638 12.900276 -0.000415802 25.311638 -12.898434 -0.000415802 25.327831 -4.9964905 -0.000415802 25.311638 -4.9964905 -0.000415802 22.862522 -12.372177 -0.000415802 24.870392 -13.845695 -0.000415802 22.753223 -11.647562 -0.000415802 21.704758 -10.671965 -0.000415802 22.340313 -11.040344 -0.000415802 20.81012 -10.048553 -0.000415802 20.81012 -7.263443 -0.000415802 24.064816 -4.9033852 -0.000415802 24.906826 0.67088699 -0.000415802 22.862522 12.127083 -0.000415802 22.647972 11.426758 -0.000415802 20.81012 10.050396 -0.000415802 24.502014 0.56158447 -0.000415802 22.146004 10.888355 -0.000415802 22.753223 12.851696 -0.000415802 24.68013 14.248302 -0.000415802 22.647972 -13.076551 -0.000415802 24.68013 -14.250507 -0.000415802 24.425098 -14.61484 -0.000415802 22.340313 13.458916 -0.000415802 24.595119 14.373795 -0.000415802 21.704758 13.827297 -0.000415802 22.858475 16.855293 -0.000415802 23.481884 0.29036331 -0.000415802 22.146004 -13.614952 -0.000415802 23.619522 -15.764507 -0.000415802 22.967773 -4.2678299 -0.000415802 20.81012 -15.764507 -0.000415802 21.834297 -18.318874 -0.000415802 23.332104 0.14057922 -0.000415802 22.437469 -0.75405502 -0.000415802 22.251255 -3.2193642 -0.000415802 20.972046 13.879921 -0.000415802 20.81012 16.855293 -0.000415802 21.834297 18.320717 -0.000415802 22.060993 -1.9644432 -0.000415802 21.461868 -13.882128 -0.000415802 21.461868 10.61713 -0.000415802 21.55093 -18.598196 -0.000415802 21.761433 18.389534 -0.000415802 20.81012 19.340843 -0.000415802 20.972046 -10.619339 -0.000415802 20.81012 -19.339003 -0.000415802 20.81012 -13.833551 -0.000415802 20.81012 10.66571 -0.000415802 20.81012 -10.680061 -0.000415802 20.81012 13.819199 -0.000415802 18.377197 -15.764507 -0.000415802 18.377197 -19.64666 -0.000415802 20.506512 -19.64666 -0.000415802 20.733208 -13.825455 -0.000415802 20.287914 -10.886515 -0.000415802 18.377197 -10.048553 -0.000415802 18.377197 -7.263443 -0.000415802 20.733208 10.673805 -0.000415802 18.377197 10.050396 -0.000415802 20.287914 13.612743 -0.000415802 18.377197 16.855293 -0.000415802 18.377197 21.773769 -0.000415802 20.093605 -13.461123 -0.000415802 20.093605 11.042187 -0.000415802 18.377197 -21.771927 -0.000415802 19.789993 -11.424915 -0.000415802 19.789993 13.074345 -0.000415802 19.680695 -12.853905 -0.000415802 19.680695 11.645355 -0.000415802 19.571396 -12.125242 -0.000415802 19.571396 12.37402 -0.000415802 17.191097 -20.480574 -0.000415802 17.134422 -20.678932 -0.000415802 18.320522 -21.832649 -0.000415802 16.806526 -19.055634 -0.000415802 16.915825 -19.456398 -0.000415802 16.968449 -19.64666 -0.000415802 15.154888 -17.849293 -0.000415802 15.766155 -18.011217 -0.000415802 14.341217 -17.630693 -0.000415802 16.211449 -18.456511 -0.000415802 10.495495 -15.764507 -0.000415802 10.495495 -10.048553 -0.000415802 10.495495 -7.263443 -0.000415802 10.495495 10.050396 -0.000415802 12.171421 20.304298 -0.000415802 10.495495 16.855293 -0.000415802 13.033672 21.231319 -0.000415802 13.361568 22.457901 -0.000415802 18.320522 21.830441 -0.000415802 18.037155 -22.031006 -0.000415802 18.280041 21.85878 -0.000415802 13.414196 22.656258 -0.000415802 14.248108 24.680321 -0.000415802 13.142971 23.680435 -0.000415802 17.713306 -22.257702 -0.000415802 16.478626 -22.257702 -0.000415802 15.944275 -22.832535 -0.000415802 14.515285 -24.496315 -0.000415802 16.806526 -21.905514 -0.000415802 14.762222 -23.298069 -0.000415802 13.499207 -23.200916 -0.000415802 10.495495 -24.496315 -0.000415802 14.248108 -24.682529 -0.000415802 13.936401 -17.735945 -0.000415802 13.980934 -24.808022 -0.000415802 11.989254 25.125618 -0.000415802 12.438595 24.680321 -0.000415802 11.790897 25.82999 -0.000415802 13.033672 24.0812 -0.000415802 10.495495 -26.43132 -0.000415802 12.916275 -18.011217 -0.000415802 12.402164 -22.569408 -0.000415802 12.766495 -18.15695 -0.000415802 11.871861 -19.055634 -0.000415802 10.495495 -22.257702 -0.000415802 12.187611 -22.257702 -0.000415802 11.685646 -21.520943 -0.000415802 10.989368 19.838764 -0.000415802 11.382034 25.28754 -0.000415802 11.689693 -19.64666 -0.000415802 10.495495 25.82999 -0.000415802 10.495495 26.433163 -0.000415802 10.495495 -19.64666 -0.000415802 11.495384 -20.266024 -0.000415802 10.564312 25.506142 -0.000415802 10.495495 19.875198 -0.000415802 10.495495 25.489948 -0.000415802 8.0747147 -24.666336 -0.000415802 9.7465935 -26.779459 -0.000415802 8.1232948 -24.496315 -0.000415802 8.204258 -22.933739 -0.000415802 8.3337975 -23.816231 -0.000415802 7.7427711 -22.257702 -0.000415802 7.7022896 -22.201027 -0.000415802 6.9290962 -21.755733 -0.000415802 6.0263634 -19.64666 -0.000415802 6.0263634 -15.764507 -0.000415802 6.0263634 -10.048553 -0.000415802 6.0263634 -7.263443 -0.000415802 9.2324791 -2.2397156 -0.000415802 8.2285461 -4.7495575 -0.000415802 6.5566673 -6.8748226 -0.000415802 9.4875107 0.45228577 -0.000415802 8.9774475 3.1078568 -0.000415802 6.0263634 10.050396 -0.000415802 6.0263634 7.3057632 -0.000415802 7.7387199 5.5124435 -0.000415802 9.7263527 19.935917 -0.000415802 6.0263634 16.855293 -0.000415802 10.1595 25.40089 -0.000415802 9.1393738 25.125618 -0.000415802 6.0263634 25.82999 -0.000415802 9.7911224 26.761059 -0.000415802 9.7465935 26.7813 -0.000415802 9.5077515 -26.844229 -0.000415802 6.0263634 27.777138 -0.000415802 8.6252632 20.567425 -0.000415802 7.4674988 -25.318085 -0.000415802 6.0263634 -27.779346 -0.000415802 8.9936409 24.979885 -0.000415802 8.0990067 24.0812 -0.000415802 7.9127922 21.615891 -0.000415802 7.7225304 22.870811 -0.000415802 6.6376305 -25.641935 -0.000415802 6.0425568 -21.686916 -0.000415802 6.0263634 -25.597406 -0.000415802 6.0263634 -7.251297 -0.000415802 6.0263634 -21.695011 -0.000415802 4.9495621 -28.066763 -0.000415802 5.751091 -25.577166 -0.000415802 5.2126923 -22.010765 -0.000415802 2.994318 -19.64666 -0.000415802 2.994318 -15.764507 -0.000415802 2.994318 -10.048553 -0.000415802 6.01017 -7.263443 -0.000415802 4.3544884 -8.4454956 -0.000415802 5.8725357 7.4676895 -0.000415802 2.994318 10.050396 -0.000415802 2.994318 8.9493027 -0.000415802 3.5327187 8.8197632 -0.000415802 2.994318 16.855293 -0.000415802 2.994318 25.82999 -0.000415802 5.0467186 28.040268 -0.000415802 4.9819489 -25.13187 -0.000415802 4.7512054 -28.082954 -0.000415802 4.9859962 -22.257702 -0.000415802 4.9495621 28.068604 -0.000415802 2.994318 -22.257702 -0.000415802 4.60952 -22.666561 -0.000415802 4.5487976 -24.496315 -0.000415802 2.994318 -24.496315 -0.000415802 2.994318 -28.236784 -0.000415802 2.994318 28.238625 -0.000415802 4.3463936 -23.51667 -0.000415802 4.4799805 -24.395111 -0.000415802 2.994318 -8.9150772 -0.000415802 1.6462917 -24.621807 -0.000415802 1.4276924 -25.326181 -0.000415802 0.92977333 -25.864582 -0.000415802 -0.0012950897 -28.499912 -0.000415802 1.536993 -23.897194 -0.000415802 1.6260509 -24.496315 -0.000415802 -0.24418259 -22.868969 -0.000415802 0.4844799 -22.921595 -0.000415802 1.1240826 -23.289974 -0.000415802 -10.49404 -22.257702 -0.000415802 -10.49404 -19.64666 -0.000415802 -10.49404 -15.764507 -0.000415802 1.796072 -9.3279858 -0.000415802 -0.90402794 -9.4575272 -0.000415802 -10.49404 -10.048553 -0.000415802 0.90143585 9.4553185 -0.000415802 -10.49404 10.050396 -0.000415802 -1.7986641 9.3298264 -0.000415802 -8.9597988 20.304298 -0.000415802 -10.49404 16.855293 -0.000415802 0.2456398 22.86676 -0.000415802 -7.7696495 22.457901 -0.000415802 -8.0975475 21.231319 -0.000415802 1.6462917 24.376713 -0.000415802 1.4276924 23.676388 -0.000415802 0.92977333 23.137985 -0.000415802 0.91762924 25.82999 -0.000415802 1.1240826 25.708546 -0.000415802 1.536993 25.101326 -0.000415802 0.14848518 28.485558 -0.000415802 0.4844799 26.076927 -0.000415802 0.2456398 -26.13176 -0.000415802 -0.24418259 26.129551 -0.000415802 -0.14702797 -28.487768 -0.000415802 -0.48707008 -26.075085 -0.000415802 -0.48707008 22.923435 -0.000415802 -7.7170238 22.656258 -0.000415802 -0.0012950897 28.501755 -0.000415802 -4.7497482 28.084793 -0.000415802 -0.92831612 25.862377 -0.000415802 -4.9481068 -28.066763 -0.000415802 -0.92831612 -23.136147 -0.000415802 -1.1226273 -25.710754 -0.000415802 -1.1226273 23.291817 -0.000415802 -3.5312614 -8.8179226 -0.000415802 -1.4302845 -23.674545 -0.000415802 -0.96070099 25.82999 -0.000415802 -8.6926231 24.680321 -0.000415802 -8.0975475 24.0812 -0.000415802 -10.49404 25.82999 -0.000415802 -9.7491837 25.28754 -0.000415802 -9.141964 25.125618 -0.000415802 -1.4302845 25.323975 -0.000415802 -4.9481068 28.068604 -0.000415802 -5.0452614 -28.042473 -0.000415802 -1.5355358 -25.103535 -0.000415802 -1.5355358 23.899033 -0.000415802 -1.6448345 -24.374872 -0.000415802 -1.6448345 24.62365 -0.000415802 -9.7491837 -26.779459 -0.000415802 -1.628643 -24.496315 -0.000415802 -7.9882488 23.680435 -0.000415802 -10.49404 -24.496315 -0.000415802 -4.3530312 8.4432869 -0.000415802 -5.8710785 -7.4658489 -0.000415802 -6.555212 6.8766632 -0.000415802 -9.5062962 26.846069 -0.000415802 -6.0653896 -7.263443 -0.000415802 -10.49404 -7.263443 -0.000415802 -7.7372646 -5.510603 -0.000415802 -8.2270889 4.7513962 -0.000415802 -8.9759922 -3.1060181 -0.000415802 -9.2310238 2.2415581 -0.000415802 -10.141851 19.838764 -0.000415802 -9.4901047 -0.45044708 -0.000415802 -9.7491837 26.7813 -0.000415802 -9.7937126 -26.759218 -0.000415802 -10.49404 26.433163 -0.000415802 -10.49404 25.489948 -0.000415802 -10.49404 -26.43132 -0.000415802 -10.49404 19.8671 -0.000415802 -14.2507 -24.682529 -0.000415802 -12.198299 -22.257702 -0.000415802 -12.732653 -22.832535 -0.000415802 -14.513828 -24.496315 -0.000415802 -11.870401 -21.905514 -0.000415802 -11.489878 -20.480574 -0.000415802 -11.542503 -20.678932 -0.000415802 -11.712524 -19.64666 -0.000415802 -11.870401 -19.055634 -0.000415802 -11.761103 -19.456398 -0.000415802 -13.522038 -17.849293 -0.000415802 -12.914819 -18.011217 -0.000415802 -14.339759 -17.630693 -0.000415802 -12.469524 -18.456511 -0.000415802 -15.303213 -15.764507 -0.000415802 -15.303213 -10.048553 -0.000415802 -15.303213 -7.263443 -0.000415802 -15.303213 10.050396 -0.000415802 -11.404867 19.935917 -0.000415802 -15.303213 16.855293 -0.000415802 -10.566906 25.506142 -0.000415802 -11.78944 25.82999 -0.000415802 -10.971718 25.40089 -0.000415802 -11.991846 25.125618 -0.000415802 -12.505959 20.567425 -0.000415802 -12.137579 24.979885 -0.000415802 -13.979476 24.805813 -0.000415802 -13.032214 24.0812 -0.000415802 -13.218428 21.615891 -0.000415802 -13.914706 -23.298069 -0.000415802 -14.2507 24.680321 -0.000415802 -13.40869 22.870811 -0.000415802 -15.303213 23.943565 -0.000415802 -15.177721 -23.200916 -0.000415802 -15.303213 -23.94577 -0.000415802 -14.744572 -17.735945 -0.000415802 -15.303213 -17.885725 -0.000415802 -15.303213 -23.132097 -0.000415802 -16.278812 -22.569408 -0.000415802 -17.711849 -22.257702 -0.000415802 -15.7647 -18.011217 -0.000415802 -20.812714 -15.764507 -0.000415802 -20.286457 -13.614952 -0.000415802 -19.573986 -12.372177 -0.000415802 -19.788536 -13.076551 -0.000415802 -20.73175 -10.671965 -0.000415802 -20.096195 -11.040344 -0.000415802 -20.812714 -10.048553 -0.000415802 -19.683285 -11.647562 -0.000415802 -20.812714 -7.263443 -0.000415802 -19.683285 12.851696 -0.000415802 -19.573986 12.127083 -0.000415802 -19.788536 11.426758 -0.000415802 -20.286457 10.888355 -0.000415802 -20.812714 10.050396 -0.000415802 -20.812714 16.855293 -0.000415802 -20.73175 13.827297 -0.000415802 -20.096195 13.458916 -0.000415802 -18.035698 22.032848 -0.000415802 -18.319067 21.830441 -0.000415802 -15.910432 -18.15695 -0.000415802 -16.809116 -19.055634 -0.000415802 -16.489315 -22.257702 -0.000415802 -18.278585 -21.860985 -0.000415802 -16.991282 -21.520943 -0.000415802 -20.812714 -19.339003 -0.000415802 -16.991282 -19.64666 -0.000415802 -20.505054 -19.64666 -0.000415802 -17.181543 -20.266024 -0.000415802 -18.319067 -21.832649 -0.000415802 -20.812714 19.340843 -0.000415802 -20.812714 -13.817358 -0.000415802 -20.812714 10.6819 -0.000415802 -20.812714 -10.667915 -0.000415802 -20.812714 13.831345 -0.000415802 -21.764023 -18.387693 -0.000415802 -20.970591 -13.882128 -0.000415802 -23.622112 -15.764507 -0.000415802 -21.83284 -18.318874 -0.000415802 -21.464462 -10.619339 -0.000415802 -22.148594 -10.886515 -0.000415802 -25.310181 -10.048553 -0.000415802 -22.055489 -2.178997 -0.000415802 -22.108112 -2.3814011 -0.000415802 -22.436012 -3.6039352 -0.000415802 -23.298264 -4.5350037 -0.000415802 -25.310181 -7.263443 -0.000415802 -20.970591 10.61713 -0.000415802 -24.087646 0.45228577 -0.000415802 -23.480429 0.29036331 -0.000415802 -25.310181 10.050396 -0.000415802 -21.7033 10.673805 -0.000415802 -23.035133 -0.15493393 -0.000415802 -22.436012 -0.75405502 -0.000415802 -22.326712 -1.1588669 -0.000415802 -21.464462 13.879921 -0.000415802 -22.857018 16.855293 -0.000415802 -21.83284 18.320717 -0.000415802 -21.55352 18.600037 -0.000415802 -21.7033 -13.825455 -0.000415802 -22.148594 13.612743 -0.000415802 -22.338856 -13.461123 -0.000415802 -22.338856 11.042187 -0.000415802 -22.646515 -11.424915 -0.000415802 -22.646515 13.074345 -0.000415802 -24.597712 -14.371952 -0.000415802 -22.751766 -12.853905 -0.000415802 -22.751766 11.645355 -0.000415802 -22.861065 -12.125242 -0.000415802 -24.868935 13.847538 -0.000415802 -22.861065 12.37402 -0.000415802 -24.682722 14.248302 -0.000415802 -24.427689 14.61668 -0.000415802 -24.682722 -14.250507 -0.000415802 -25.310181 -12.898434 -0.000415802 -25.310181 12.900276 -0.000415802 -24.480316 -4.9964905 -0.000415802 -24.905369 0.67088699 -0.000415802 -25.310181 -4.9357681 -0.000415802 -25.310181 0.56158447 -0.000415802 -25.310181 0.56158447 -0.000415802 -26.642015 -10.048553 -0.000415802 -26.779652 -9.748991 -0.000415802 -26.698689 -9.9271088 -0.000415802 -27.447592 -7.263443 -0.000415802 -25.74333 -4.9033852 -0.000415802 -28.066956 4.9497566 -0.000415802 -26.330309 0.29036331 -0.000415802 -26.884903 9.3662605 -0.000415802 -26.779652 9.7467842 -0.000415802 -26.642015 10.050396 -0.000415802 -28.002186 -5.1867523 -0.000415802 -26.844421 -4.2678299 -0.000415802 -28.095293 4.6016159 -0.000415802 -26.476042 0.14057922 -0.000415802 -28.500105 -0.0011024475 -0.000415802 -27.374725 -0.75405502 -0.000415802 -28.066956 -4.9479141 -0.000415802 -27.55689 -3.2193642 -0.000415802 -27.747154 -1.9644432 -0.000415802 -28.475817 -0.2966156 -0.000415802 -18.051891 22.053089 -24.001755 28.023884 5.1926422 -24.001755 28.497513 0.2984581 -24.001755 28.125084 -4.6038246 -24.001755 26.914696 -9.3725166 -24.001755 26.712288 9.9329987 -24.001755 24.902779 -13.861887 -24.001755 24.607265 14.377842 -24.001755 -21.573761 18.624325 -24.001755 24.68013 -14.250507 -24.001755 -24.682722 14.248302 -24.001755 -24.456026 14.636921 -24.001755 24.453434 -14.63508 -24.001755 -24.901321 13.85968 -24.001755 21.769527 18.393581 -24.001755 -26.913239 9.3743553 -24.001755 -26.710833 -9.9352055 -24.001755 -28.022427 -5.194849 -24.001755 -28.500105 -0.2966156 -24.001755 -28.123629 4.6056633 -24.001755 -18.282635 -21.865032 -24.001755 -21.76807 -18.39579 -24.001755 -24.605808 -14.380049 -24.001755 -14.2507 -24.682529 -24.001755 21.575218 -18.622484 -24.001755 18.280041 21.862827 -24.001755 18.053349 -22.055296 -24.001755 14.248108 24.680321 -24.001755 13.989029 -24.828262 -24.001755 9.7951698 26.765106 -24.001755 9.5118027 -26.86447 -24.001755 5.0467186 28.048363 -24.001755 4.7512054 -28.099148 -24.001755 0.14848518 28.497704 -24.001755 -0.15107727 -28.499912 -24.001755 -9.5143929 26.86631 -24.001755 -4.7537956 28.10099 -24.001755 -13.99162 24.830105 -24.001755 -5.0452614 -28.050571 -24.001755 -9.7937126 -26.763268 -24.001755 27.748611 -2.3935471 -3.4979935 27.700031 -2.3814011 -0.000415802 27.756706 -2.178997 -0.000415802 27.372135 -3.6039352 -3.4979935 27.372135 -3.6039352 -0.000415802 27.55835 -1.1386261 -3.4979935 27.748611 -2.3935471 -3.4979935 27.756706 -2.178997 -0.000415802 27.481434 -1.1588669 -0.000415802 27.372135 -0.75405502 -0.000415802 26.841831 -0.09016037 -3.4979935 26.777061 -0.15493393 -0.000415802 26.841831 -0.09016037 -3.4979935 26.331764 0.29036331 -0.000415802 25.744789 0.5453949 -3.4979935 25.720497 0.45228577 -0.000415802 25.311638 0.56158447 -0.000415802 24.481773 0.63850021 -3.4979935 24.906826 0.67088699 -0.000415802 27.0159 -2.5797615 -3.4979935 27.372135 -3.6039352 -3.4979935 27.748611 -2.3935471 -3.4979935 26.955177 -1.5312958 -3.4979935 27.55835 -1.1386261 -3.4979935 26.400585 -0.63665771 -3.4979935 26.841831 -0.09016037 -3.4979935 26.764915 -3.2557983 -3.4979935 26.509884 -4.5350037 -3.4979935 25.493805 -0.11040115 -3.4979935 25.744789 0.5453949 -3.4979935 26.307476 -3.8103905 -3.4979935 25.327831 -4.9964905 -3.4979935 25.368313 -4.2799721 -3.4979935 24.441292 -0.078018188 -3.4979935 24.481773 0.63850021 -3.4979935 24.3158 -4.2475891 -3.4979935 24.064816 -4.9033852 -3.4979935 23.502125 -0.54759979 -3.4979935 23.299721 0.1770134 -3.4979935 23.409019 -3.7213326 -3.4979935 22.967773 -4.2678299 -3.4979935 23.044685 -1.1021957 -3.4979935 22.854424 -2.8266945 -3.4979935 22.251255 -3.2193642 -3.4979935 22.437469 -0.75405502 -3.4979935 22.793705 -1.7782326 -3.4979935 22.060993 -1.9644432 -3.4979935 26.509884 -4.5350037 -3.4979935 26.509884 -4.5350037 -0.000415802 27.372135 -3.6039352 -3.4979935 27.372135 -3.6039352 -0.000415802 26.764915 -3.2557983 -5.9997368 26.764915 -3.2557983 -3.4979935 27.0159 -2.5797615 -5.9997368 27.0159 -2.5797615 -3.4979935 26.307476 -3.8103905 -5.9997368 26.307476 -3.8103905 -3.4979935 27.0159 -2.5797615 -3.4979935 26.955177 -1.5312958 -5.9997368 27.0159 -2.5797615 -5.9997368 26.955177 -1.5312958 -3.4979935 26.955177 -1.5312958 -5.9997368 26.400585 -0.63665771 -5.9997368 27.0159 -2.5797615 -5.9997368 25.493805 -0.11040115 -5.9997368 26.764915 -3.2557983 -5.9997368 24.999931 -0.029441833 -5.9997368 26.307476 -3.8103905 -5.9997368 25.368313 -4.2799721 -5.9997368 24.3158 -4.2475891 -5.9997368 1.852747 -19.934078 -5.9997368 2.0025272 -20.699173 -5.9997368 15.697338 -18.812746 -5.9997368 24.13768 -4.1868668 -5.9997368 1.4155483 -19.286377 -5.9997368 24.906826 2.1403542 -5.9997368 24.518204 4.8849831 -5.9997368 18.186935 8.3704224 -5.9997368 17.409695 8.4189987 -5.9997368 0.76784897 -18.853228 -5.9997368 18.923695 8.6214066 -5.9997368 23.825977 7.5688934 -5.9997368 -15.946865 10.090874 -5.9997368 -16.197849 9.3460197 -5.9997368 23.040638 9.6982079 -5.9997368 22.822041 9.9896736 -5.9997368 22.745125 10.090874 -5.9997368 22.546768 10.183983 -5.9997368 22.30793 10.293282 -5.9997368 22.206726 10.289234 -5.9997368 21.854538 10.268993 -5.9997368 21.619747 10.175884 -5.9997368 21.834297 10.268993 -5.9997368 19.526867 15.365585 -5.9997368 19.3447 13.790863 -5.9997368 19.599731 14.560005 -5.9997368 19.142292 16.078053 -5.9997368 19.028946 13.377953 -5.9997368 17.227531 18.114262 -5.9997368 18.611988 13.058151 -5.9997368 16.92392 12.086601 -5.9997368 -12.473574 21.664467 -5.9997368 -16.351677 11.576538 -5.9997368 16.70937 8.7671394 -5.9997368 -15.999491 10.872162 -5.9997368 14.741982 20.190952 -5.9997368 8.5807304 23.482079 -5.9997368 16.336941 11.568443 -5.9997368 12.475029 21.664467 -5.9997368 16.191208 9.3541145 -5.9997368 -0.0012950897 25.000126 -5.9997368 -3.2559891 24.785572 -5.9997368 -6.4540081 24.154064 -5.9997368 -8.5792751 23.482079 -5.9997368 16.389568 -19.828827 -5.9997368 15.834976 -18.934191 -5.9997368 16.450291 -20.877291 -5.9997368 12.527657 -21.634291 -5.9997368 16.203354 -21.553328 -5.9997368 15.992851 10.872162 -5.9997368 12.84341 -22.022911 -5.9997368 15.741867 -22.107922 -5.9997368 6.4554672 24.154064 -5.9997368 15.940224 10.090874 -5.9997368 3.253397 24.785572 -5.9997368 14.802704 -22.577503 -5.9997368 13.750191 -22.545118 -5.9997368 8.7021751 23.733063 -5.9997368 12.677437 22.259544 -5.9997368 9.163662 24.287655 -5.9997368 10.102829 24.757236 -5.9997368 12.616714 23.308006 -5.9997368 12.062122 24.198597 -5.9997368 11.151291 24.724854 -5.9997368 10.114971 -22.860872 -5.9997368 7.0748291 -23.978155 -5.9997368 2.0025272 -22.65037 -5.9997368 4.350441 -24.61776 -5.9997368 3.4881897 -24.581326 -5.9997368 2.7190456 -24.180561 -5.9997368 2.1927891 -23.496429 -5.9997368 -16.525747 8.9250145 -5.9997368 0.0027523041 -18.699398 -5.9997368 -16.044022 -19.173029 -5.9997368 -0.76234436 -18.853228 -5.9997368 -17.691608 -17.667126 -5.9997368 -23.091808 -9.5749226 -5.9997368 -21.650675 -12.501717 -5.9997368 -19.841164 -15.213963 -5.9997368 -24.998476 -0.029441833 -5.9997368 -24.626047 -4.3123589 -5.9997368 -24.144321 -6.4862022 -5.9997368 -17.760426 8.354229 -5.9997368 -17.092484 8.5282974 -5.9997368 -1.4100437 -19.286377 -5.9997368 -1.8431931 -19.934078 -5.9997368 -1.9970226 -20.699173 -5.9997368 -7.1705265 -23.949818 -5.9997368 -1.9970226 -22.65037 -5.9997368 -4.3449345 -24.61776 -5.9997368 -2.0658398 -23.16853 -5.9997368 -12.526199 -21.634291 -5.9997368 -12.501909 -21.650482 -5.9997368 -9.9030132 -22.953979 -5.9997368 -2.2641983 -23.650257 -5.9997368 -2.802599 -24.253429 -5.9997368 -3.5353107 -24.597519 -5.9997368 -12.615257 22.00856 -5.9997368 -9.0690994 24.198597 -5.9997368 -11.967558 24.287655 -5.9997368 -12.429043 23.733063 -5.9997368 -9.9799271 24.724854 -5.9997368 -11.028391 24.757236 -5.9997368 -12.675979 23.057022 -5.9997368 -16.926512 12.078506 -5.9997368 -14.744572 20.190952 -5.9997368 -16.201897 -19.403772 -5.9997368 -12.93506 -22.107922 -5.9997368 -14.926738 -22.545118 -5.9997368 -13.878273 -22.577503 -5.9997368 -16.452881 -20.079809 -5.9997368 -17.234169 18.110214 -5.9997368 -15.837565 -22.022911 -5.9997368 -16.388111 -21.128275 -5.9997368 -18.618629 13.054104 -5.9997368 -19.148933 16.069958 -5.9997368 -18.452656 8.4149513 -5.9997368 -18.926285 8.613308 -5.9997368 -19.080116 13.422482 -5.9997368 -20.614355 9.5889091 -5.9997368 -24.302198 5.8605843 -5.9997368 -24.856791 2.6706581 -5.9997368 -19.456591 15.567989 -5.9997368 -19.484928 14.070183 -5.9997368 -19.618515 14.819088 -5.9997368 -21.148708 9.8034592 -5.9997368 -23.49662 8.5404434 -5.9997368 -21.91785 9.8358421 -5.9997368 -22.638418 9.5767632 -5.9997368 -23.213253 9.0626526 -5.9997368 -25.366856 -0.078018188 -5.9997368 -26.306021 -0.54759979 -5.9997368 -26.767508 -1.1021957 -5.9997368 -27.01849 -1.7782326 -5.9997368 -25.492348 -4.2475891 -5.9997368 -26.403175 -3.7213326 -5.9997368 -26.95372 -2.8266945 -5.9997368 26.785156 -8.4981213 -11.905952 27.007801 -8.506216 -13.100151 27.0159 -8.4657364 -11.897858 26.728481 -8.6883831 -10.744141 26.959225 -8.6559982 -10.719852 26.77301 -8.5386009 -13.083958 26.922791 -8.7733936 -14.26601 26.607037 -9.0972424 -9.6390038 26.829685 -9.0729542 -9.5944748 26.696098 -8.8017292 -14.233627 26.768963 -9.2551193 -15.359005 26.77301 -8.5386009 -13.083958 26.40868 -9.6963654 -8.6391144 26.62323 -9.6842213 -8.578392 26.728481 -8.6883831 -10.744141 26.538219 -8.5952759 -11.165146 26.566559 -8.4900246 -11.914051 26.586796 -8.4212055 -12.411968 26.586796 -8.4212055 -12.411968 26.554413 -8.5386009 -13.071815 26.534172 -8.6033726 -13.432098 26.546318 -9.2753601 -15.306381 26.534172 -9.9311581 -16.338654 26.696098 -8.8017292 -14.233627 26.522026 -8.6559982 -10.748188 26.384392 -9.1012917 -9.6754379 26.384392 -9.1012917 -9.6754379 26.513931 -8.6843338 -10.537685 26.728481 -8.6883831 -10.744141 26.513931 -8.6843338 -10.537685 26.49369 -8.7491035 -14.26601 26.546318 -9.2753601 -15.306381 26.12936 -10.465509 -7.7768631 26.331764 -10.469559 -7.6959038 26.40868 -9.6963654 -8.6391144 26.287235 -9.4049015 -9.0479774 26.327717 -9.2753601 -15.2659 26.283188 -9.421093 -15.541172 26.323669 -9.9392529 -16.265785 26.214371 -10.761023 -17.160423 26.028156 -9.2186871 -9.0317841 25.918858 -10.445269 -7.8335381 26.202225 -9.6558838 -8.6674538 26.12936 -10.465509 -7.7768631 26.254852 -9.5182476 -8.817234 26.254852 -9.5182476 -8.817234 25.769077 -11.368242 -7.0846367 25.955292 -11.388483 -6.9874802 26.218418 -9.6275482 -15.937889 26.113167 -9.9109173 -16.221256 26.323669 -9.9392529 -16.265785 26.020061 -10.752928 -17.075413 26.028156 -9.2186871 -9.0317841 26.028156 -9.2186871 -15.569508 25.809559 -11.720428 -17.804073 25.234722 -10.595051 -7.3841972 25.789318 -10.805553 -7.4530144 25.817654 -10.716494 -17.026833 25.234722 -10.595051 -17.213047 25.817654 -10.716494 -17.026833 25.736691 -10.935093 -17.241383 25.627392 -11.688044 -17.702869 25.748837 -10.898659 -17.209 25.627392 -11.688044 -17.702869 25.319733 -12.355986 -6.5907631 25.493805 -12.400515 -6.4855118 25.789318 -10.805553 -7.4530144 25.748837 -10.898659 -17.209 25.161858 -12.704124 -18.127922 25.319733 -12.752701 -18.233173 25.748837 -10.902708 -7.4003906 25.789318 -10.805553 -7.4530144 25.748837 -10.902708 -7.4003906 25.145664 -12.287167 -6.6312447 25.562622 -11.323713 -7.165596 25.736691 -10.935093 -17.241383 25.424984 -11.643515 -17.617859 25.627392 -11.688044 -17.702869 25.736691 -10.935093 -17.241383 25.424984 -11.643515 -17.617859 25.153763 -12.700075 -18.127922 24.18626 -12.404562 -6.4531288 24.793476 -13.396353 -6.3154907 24.951355 -13.465172 -6.206192 25.084942 -12.416706 -18.026722 25.153763 -12.700075 -18.127922 24.18626 -12.404562 -18.148163 24.793476 -13.396353 -6.3154907 24.874439 -12.813423 -6.5138512 25.117329 -12.351936 -6.5948105 25.161858 -12.704124 -18.127922 24.607265 -13.744492 -18.322235 24.761093 -13.821407 -18.435581 24.607265 -13.744492 -18.322235 24.886585 -12.813423 -18.136021 24.631554 -13.315392 -18.249367 24.983738 -12.623161 -18.095539 24.206501 -14.432674 -6.2790565 24.348183 -14.52578 -6.1657104 24.607265 -13.315392 -6.4247894 24.607265 -13.315392 -6.4247894 24.874439 -12.813423 -6.5138512 24.206501 -14.432674 -6.2790565 24.246983 -13.999525 -6.2992973 24.793476 -13.396353 -6.3154907 24.246983 -13.999525 -6.2992973 24.13768 -14.877968 -18.3951 24.441292 -13.655434 -18.273655 23.514271 -13.574471 -6.2992973 24.246983 -13.999525 -18.301994 24.000046 -14.776764 -18.281754 24.000046 -14.776764 -18.281754 23.514271 -13.574471 -18.301994 23.704533 -15.554005 -6.3681183 24.048622 -14.335518 -6.3276367 23.834072 -14.655321 -18.176502 23.834072 -14.655321 -18.176502 24.000046 -14.776764 -18.281754 24.246983 -13.999525 -18.301994 23.538559 -15.145144 -6.465271 23.846218 -14.675562 -6.3519249 23.583088 -15.440657 -6.4733696 23.574993 -15.436609 -6.4733696 23.583088 -15.440657 -6.4733696 23.489983 -15.873806 -18.11578 22.838234 -14.744379 -6.4531288 23.534512 -15.132999 -18.087444 23.364491 -15.748314 -18.010529 22.838234 -14.744379 -18.148163 23.534512 -15.132999 -18.087444 23.052784 -16.497217 -6.7972183 22.935387 -16.355534 -6.8984222 22.793705 -16.193609 -6.995575 23.425213 -15.323261 -6.5057526 22.935387 -16.355534 -6.8984222 23.255188 -15.574245 -18.00243 22.842281 -16.784636 -17.613811 21.793816 -16.553892 -7.3841972 23.218758 -15.626871 -17.970047 22.728935 -16.630806 -17.516655 22.591297 -16.472929 -17.435696 22.591297 -16.472929 -17.435696 22.32412 -17.157063 -7.5258827 23.052784 -16.497217 -6.7972183 22.429371 -17.323036 -7.436821 22.348408 -16.808924 -7.3437157 22.348408 -16.808924 -7.3437157 22.935387 -16.355534 -6.8984222 22.235062 -17.569971 -16.909439 21.793816 -16.553892 -17.213047 22.348408 -16.808924 -7.3437157 22.311977 -16.849405 -17.200901 22.251255 -16.930368 -17.14423 22.12981 -17.395903 -16.828476 22.311977 -16.849405 -17.200901 21.76548 -17.833099 -8.3355064 21.866684 -18.019314 -8.2666893 22.316025 -16.849405 -7.392292 22.316025 -16.849405 -7.392292 21.635941 -17.663078 -8.3840828 22.190533 -16.999186 -7.5744591 21.76548 -17.833099 -8.3355064 22.190533 -16.999186 -7.5744591 22.251255 -16.930368 -17.14423 22.008366 -17.221832 -16.767754 22.12981 -17.395903 -16.828476 22.251255 -16.930368 -17.14423 21.70071 -18.213623 -16.026947 21.635941 -17.663078 -8.3840828 21.603554 -18.019314 -15.962177 21.465919 -17.861437 -15.933838 21.308041 -18.355309 -9.2949104 21.40115 -18.557714 -9.2422867 20.996334 -17.934303 -15.569508 20.996334 -17.934303 -9.0317841 21.308041 -18.355309 -9.2949104 21.299946 -18.051699 -9.0601196 21.449726 -17.885725 -8.6512604 21.271606 -18.699398 -15.006817 21.368763 -17.974785 -15.788105 21.368763 -17.974785 -15.788105 21.2878 -18.063843 -15.553314 21.603554 -18.019314 -15.962177 21.178501 -18.492945 -14.962288 20.967999 -18.719639 -10.367664 21.057056 -18.934191 -10.335281 20.996334 -17.934303 -15.569508 21.2878 -18.063843 -15.553314 20.826313 -18.565811 -10.327183 21.198742 -18.160997 -9.335392 21.07325 -18.298634 -14.921806 21.07325 -18.298634 -14.921806 20.980145 -19.019201 -13.889534 20.891083 -18.804649 -13.861198 20.777737 -18.618437 -14.063606 20.891083 -18.804649 -13.861198 20.781784 -18.917997 -11.521381 20.866795 -19.140644 -11.505188 20.842506 -19.168982 -12.703434 20.781784 -18.917997 -11.521381 20.717014 -18.679157 -11.169193 20.757496 -18.638678 -13.857151 20.712967 -18.683207 -13.436146 20.891083 -18.804649 -13.861198 20.753448 -18.946335 -12.695339 20.777737 -18.618437 -14.063606 20.757496 -18.638678 -13.857151 20.891083 -18.804649 -13.861198 20.753448 -18.946335 -12.695339 20.587475 -18.812746 -12.193371 20.672485 -18.727736 -11.533527 20.636051 -18.76012 -12.687241 20.587475 -18.812746 -12.193371 26.955177 -1.5312958 -3.4979935 26.400585 -0.63665771 -5.9997368 26.955177 -1.5312958 -5.9997368 26.400585 -0.63665771 -3.4979935 26.586796 -8.4212055 -12.411968 26.77301 -8.5386009 -13.083958 26.785156 -8.4981213 -11.905952 26.457256 -8.4738312 -13.444241 26.554413 -8.5386009 -13.071815 26.586796 -8.4212055 -12.411968 26.457256 -8.4738312 -13.444241 26.534172 -8.6033726 -13.432098 26.554413 -8.5386009 -13.071815 26.49369 -8.7491035 -14.26601 26.534172 -8.6033726 -13.432098 26.566559 -8.4900246 -11.914051 26.457256 -8.4738312 -13.444241 26.586796 -8.4212055 -12.411968 26.457256 -8.4738312 -11.157051 26.457256 -8.4738312 -13.444241 26.566559 -8.4900246 -11.914051 26.538219 -8.5952759 -11.165146 26.457256 -8.4738312 -11.157051 26.566559 -8.4900246 -11.914051 26.522026 -8.6559982 -10.748188 26.513931 -8.6843338 -10.537685 26.457256 -8.4738312 -11.157051 26.522026 -8.6559982 -10.748188 26.028156 -9.2186871 -9.0317841 26.457256 -8.4738312 -11.157051 26.513931 -8.6843338 -10.537685 25.327831 -4.9964905 -3.4979935 25.327831 -4.9964905 -0.000415802 26.509884 -4.5350037 -3.4979935 26.509884 -4.5350037 -0.000415802 26.028156 -9.2186871 -15.569508 26.327717 -9.2753601 -15.2659 26.49369 -8.7491035 -14.26601 26.283188 -9.421093 -15.541172 26.283188 -9.421093 -15.541172 26.218418 -9.6275482 -15.937889 26.323669 -9.9392529 -16.265785 26.218418 -9.6275482 -15.937889 26.457256 -8.4738312 -13.444241 26.028156 -9.2186871 -15.569508 26.49369 -8.7491035 -14.26601 25.339973 -10.408836 -13.132534 26.028156 -9.2186871 -15.569508 26.457256 -8.4738312 -13.444241 25.339973 -10.408836 -11.464706 26.457256 -8.4738312 -11.157051 24.979691 -11.036295 -9.9628525 26.028156 -9.2186871 -9.0317841 24.979691 -11.036295 -14.638439 25.234722 -10.595051 -17.213047 24.327942 -12.165724 -8.9224854 25.234722 -10.595051 -7.3841972 24.327942 -12.165724 -15.678806 24.18626 -12.404562 -18.148163 23.514271 -13.574471 -8.5500565 24.18626 -12.404562 -6.4531288 23.514271 -13.574471 -16.051235 23.514271 -13.574471 -18.301994 23.514271 -13.574471 -6.2992973 22.838234 -14.744379 -18.148163 21.793816 -16.553892 -17.213047 22.700596 -14.983219 -15.678806 22.838234 -14.744379 -6.4531288 22.700596 -14.983219 -8.9224854 21.793816 -16.553892 -7.3841972 20.996334 -17.934303 -15.569508 22.0448 -16.112646 -14.638439 22.0448 -16.112646 -9.9628525 20.567234 -18.67511 -13.444241 21.684517 -16.740107 -13.132534 20.996334 -17.934303 -9.0317841 21.684517 -16.740107 -11.464706 20.567234 -18.67511 -11.157051 26.400585 -0.63665771 -3.4979935 25.493805 -0.11040115 -5.9997368 26.400585 -0.63665771 -5.9997368 25.493805 -0.11040115 -3.4979935 24.902779 -0.029441833 -5.7042236 24.95945 -0.029441833 -5.8337631 24.991837 -0.029441833 -5.9187737 24.999931 -0.029441833 -5.9997368 24.441292 -0.078018188 -3.4979935 24.667984 -0.045631409 -5.5422974 24.728706 -0.037536621 -5.5544434 24.846104 -0.029441833 -5.6556473 24.497963 -0.065872192 -5.5018196 24.441292 -0.078018188 -5.5018196 23.502125 -0.54759979 -5.5018196 23.502125 -0.54759979 -3.4979935 25.368313 -4.2799721 -5.9997368 25.368313 -4.2799721 -3.4979935 26.307476 -3.8103905 -5.9997368 26.307476 -3.8103905 -3.4979935 25.769077 -11.368242 -7.0846367 25.789318 -10.805553 -7.4530144 26.12936 -10.465509 -7.7768631 24.3158 -4.2475891 -5.9997368 24.3158 -4.2475891 -3.4979935 25.368313 -4.2799721 -5.9997368 25.368313 -4.2799721 -3.4979935 24.10125 -4.1706734 -5.8337631 24.085056 -4.166626 -5.7689934 23.995998 -4.1261444 -5.6556473 23.943371 -4.1018562 -5.5908775 23.842167 -4.0451813 -5.5422974 23.777397 -4.0087471 -5.5099144 23.409019 -3.7213326 -3.4979935 24.13768 -4.1868668 -5.9997368 23.696434 -3.9561234 -5.5018196 23.409019 -3.7213326 -5.5018196 22.854424 -2.8266945 -5.5018196 22.854424 -2.8266945 -3.4979935 24.064816 -4.9033852 -3.4979935 24.064816 -4.9033852 -0.000415802 25.327831 -4.9964905 -3.4979935 25.311638 -4.9964905 -0.000415802 25.327831 -4.9964905 -0.000415802 24.991837 -0.029441833 -5.9187737 24.906826 2.1403542 -5.9997368 24.999931 -0.029441833 -5.9997368 24.878487 2.1363068 -5.8297157 24.95945 -0.029441833 -5.8337631 24.902779 -0.029441833 -5.7042236 24.761093 2.1241646 -5.6475487 24.518204 4.8849831 -5.9997368 24.846104 -0.029441833 -5.6556473 24.761093 2.1241646 -5.6475487 24.902779 -0.029441833 -5.7042236 24.489868 4.8768883 -5.8297157 24.728706 -0.037536621 -5.5544434 24.578926 2.1120186 -5.5301552 24.376522 4.8566475 -5.6475487 24.376522 4.8566475 -5.6475487 24.667984 -0.045631409 -5.5422974 24.578926 2.1120186 -5.5301552 24.728706 -0.037536621 -5.5544434 24.497963 -0.065872192 -5.5018196 24.417004 1.9986725 -5.5018196 24.404858 2.0958252 -5.5018196 23.967659 4.7756844 -5.5018196 24.194355 4.8202133 -5.5301552 24.194355 4.8202133 -5.5301552 23.825977 7.5688934 -5.9997368 24.441292 -0.078018188 -5.5018196 23.797638 7.5607948 -5.8297157 21.870731 9.7427368 -5.5018196 19.174679 8.1882553 -5.5018196 23.502125 -0.54759979 -5.5018196 23.688339 7.5243645 -5.6475487 23.688339 7.5243645 -5.6475487 23.797638 5.8241501 -5.5018196 23.514271 7.4717369 -5.5301552 15.478741 -18.654869 -5.5544434 23.842167 -4.0451813 -5.5422974 23.943371 -4.1018562 -5.5908775 15.426113 -18.626532 -5.5422974 23.777397 -4.0087471 -5.5099144 23.040638 9.6982079 -5.9997368 22.907051 9.6415329 -5.6475487 23.008255 9.6860619 -5.8175735 23.012302 9.6860619 -5.8297157 23.27948 7.394825 -5.5018196 15.276333 -18.54557 -5.5018196 23.696434 -3.9561234 -5.5018196 15.276333 -18.54557 -5.5018196 23.409019 -3.7213326 -5.5018196 22.73703 9.5727158 -5.5301552 22.805847 9.6010513 -5.5787315 22.907051 9.6415329 -5.6475487 22.660114 9.540329 -5.5139618 22.73703 9.5727158 -5.5301552 17.268009 7.9413185 -5.5018196 18.251705 7.9251289 -5.5018196 23.044685 -1.1021957 -5.5018196 18.510784 7.9210815 -5.5018196 14.928192 -18.411982 -5.5018196 22.854424 -2.8266945 -5.5018196 22.4739 9.6496277 -5.5018196 22.579151 9.5038986 -5.5018196 22.793705 -1.7782326 -5.5018196 22.822041 9.9896736 -5.9997368 22.817993 9.981575 -5.8175735 22.817993 9.981575 -5.8175735 22.907051 9.6415329 -5.6475487 22.749172 9.9168053 -5.6677895 22.749172 9.9168053 -5.6677895 13.875683 -18.379597 -5.5018196 22.745125 10.090874 -5.9997368 22.542721 10.179935 -5.8175735 22.542721 10.179935 -5.8175735 22.546768 10.183983 -5.9997368 22.817993 9.981575 -5.8175735 22.660114 9.8317947 -5.5665894 22.502239 10.098972 -5.6677895 22.542721 9.7184486 -5.505867 22.449612 9.9856224 -5.5665894 22.30793 10.293282 -5.9997368 22.45771 9.6739197 -5.5018196 22.376747 9.8398933 -5.505867 22.202679 10.273041 -5.8175735 22.19458 10.179935 -5.6677895 21.988125 9.7872658 -5.5018196 22.162197 9.7872658 -5.5018196 22.328167 9.7386894 -5.5018196 22.186485 10.058491 -5.5665894 22.170292 9.8965645 -5.505867 22.243156 9.7872658 -5.5018196 22.206726 10.289234 -5.9997368 21.854538 10.268993 -5.9997368 21.862633 10.240658 -5.8175735 21.886925 10.151596 -5.6677895 21.919308 10.034203 -5.5665894 21.963837 9.8763237 -5.505867 22.008366 9.7953606 -5.5018196 21.745239 9.9613342 -5.5665894 21.83025 9.8156013 -5.5220604 21.688564 10.058491 -5.6799355 21.745239 9.9613342 -5.5665894 21.65213 10.119213 -5.7487526 21.644035 10.135406 -5.8216209 21.834297 10.268993 -5.9997368 21.834297 10.268993 -5.9997368 21.619747 10.175884 -5.9997368 19.08157 8.3501816 -5.53825 19.08157 8.3501816 -5.53825 19.053234 8.3987579 -5.5746841 19.00061 8.4918671 -5.6435013 18.964176 8.5566368 -5.7528 18.943935 8.5890198 -5.8054276 21.619747 10.175884 -5.9997368 18.923695 8.6214066 -5.9997368 19.563297 14.564056 -5.8094749 19.526867 15.365585 -5.9997368 19.599731 14.560005 -5.9997368 19.312313 13.811104 -5.8094749 19.563297 14.564056 -5.8094749 19.599731 14.560005 -5.9997368 19.3447 13.790863 -5.9997368 19.453999 14.576199 -5.6475487 19.49448 15.353439 -5.8094749 19.219208 13.863728 -5.6475487 19.118004 16.057812 -5.8297157 19.526867 15.365585 -5.9997368 19.142292 16.078053 -5.9997368 19.389229 15.325104 -5.6475487 19.113956 16.053764 -5.8094749 19.292072 14.596439 -5.53825 19.389229 15.325104 -5.6475487 19.453999 14.576199 -5.6475487 19.077522 13.948738 -5.53825 19.219208 13.863728 -5.6475487 19.231354 15.276524 -5.53825 19.032993 15.984947 -5.6475487 19.032993 15.984947 -5.6475487 19.00061 13.402241 -5.8094749 19.028946 13.377953 -5.9997368 18.923695 13.479156 -5.6475487 19.057281 14.394035 -5.5018196 19.06538 14.620728 -5.5018196 19.231354 15.276524 -5.53825 19.077522 13.948738 -5.53825 18.761768 15.758251 -5.5018196 18.895359 15.86755 -5.5342026 19.08157 15.106503 -5.5018196 19.028946 15.211754 -5.5018196 18.907501 15.879696 -5.53825 18.907501 15.879696 -5.53825 18.923695 13.479156 -5.6475487 18.227417 8.0587158 -5.53825 17.207291 18.094021 -5.8297157 17.227531 18.114262 -5.9997368 17.130375 18.00901 -5.6475487 18.227417 8.0587158 -5.53825 18.67271 13.730141 -5.5018196 18.911549 14.041847 -5.5018196 18.806297 13.596554 -5.53825 18.806297 13.596554 -5.53825 18.207176 8.2246895 -5.6435013 17.130375 18.00901 -5.6475487 18.611988 13.058151 -5.9997368 18.595795 13.090538 -5.8135223 18.207176 8.2246895 -5.6435013 18.190983 8.3299408 -5.8054276 18.186935 8.3704224 -5.9997368 18.539124 13.183643 -5.6475487 18.539124 13.187691 -5.6475487 18.539124 13.187691 -5.6475487 17.004883 17.879471 -5.5301552 17.004883 17.879471 -5.5301552 18.45816 13.329376 -5.53825 18.361004 13.491302 -5.5018196 18.45816 13.325329 -5.53825 16.883438 17.753979 -5.5018196 11.969013 21.028912 -5.5018196 12.248333 21.219173 -5.5018196 14.446468 19.786137 -5.5018196 16.92392 12.086601 -5.9714012 16.92392 12.086601 -5.9997368 16.907726 12.118988 -5.8135223 16.903679 12.118988 -5.8054276 16.851055 12.212093 -5.6475487 16.851055 12.212093 -5.6435013 16.770092 12.349731 -5.53825 16.851055 12.212093 -5.6435013 16.770092 12.353779 -5.53825 11.02985 20.55933 -5.5018196 16.672935 12.519753 -5.5018196 16.770092 12.353779 -5.53825 17.328732 8.1194382 -5.53825 17.369213 8.2773132 -5.6435013 17.369213 8.2773132 -5.6435013 17.397552 8.3825645 -5.8054276 17.409695 8.4189987 -5.9997368 16.70937 8.7671394 -5.9997368 16.685081 8.7347527 -5.8054276 16.616264 8.6497421 -5.6435013 16.616264 8.6497421 -5.6435013 16.409809 8.3825645 -5.5018196 16.519108 8.5161552 -5.53825 14.741982 20.190952 -5.9997368 17.130375 18.00901 -5.6475487 14.725788 20.16666 -5.8297157 14.656971 20.073555 -5.6475487 14.656971 20.073555 -5.6475487 14.55172 19.927822 -5.5301552 14.55172 19.927822 -5.5301552 16.336941 11.568443 -5.9997368 16.308605 11.592731 -5.8054276 16.336941 11.568443 -5.9997368 16.219547 11.661549 -5.6435013 16.219547 11.661549 -5.6435013 16.090008 11.758705 -5.53825 16.191208 9.3541145 -5.9997368 16.158825 9.3338776 -5.8054276 15.97261 11.843716 -5.5018196 16.065716 9.2772026 -5.6435013 16.065716 9.2772026 -5.6435013 16.336941 8.4230461 -5.5018196 15.924034 9.1962395 -5.53825 15.924034 9.1962395 -5.53825 15.956417 10.88026 -5.8054276 15.992851 10.872162 -5.9997368 15.802589 9.1355171 -5.5018196 15.851166 10.908596 -5.6435013 15.693291 10.949078 -5.53825 15.851166 10.908596 -5.6435013 15.940224 10.090874 -5.9997368 15.903793 10.086826 -5.8054276 15.571846 10.977413 -5.5018196 15.810684 11.685837 -5.5018196 15.794495 10.070633 -5.6435013 15.794495 10.070633 -5.6435013 15.794495 10.070633 -5.6435013 15.620422 9.3824539 -5.5018196 15.632568 10.050396 -5.53825 15.632568 10.050396 -5.53825 15.434208 10.576649 -5.5018196 15.519222 10.03825 -5.5018196 -22.857018 -1.5312958 -5.5018196 9.9773369 20.587666 -5.5018196 1.4398365 -18.654869 -5.5018196 0.93382072 -18.456511 -5.5018196 0.31445885 -18.217672 -5.5018196 0.010848999 -18.254105 -5.5018196 -0.87569046 -18.359356 -5.5018196 -13.752781 -18.411982 -5.5018196 -12.841952 -18.934191 -5.5018196 2.2170773 -19.537361 -5.5018196 1.7232056 -18.974672 -5.5018196 12.454788 21.628036 -5.8337631 12.475029 21.664467 -5.9997368 12.446693 21.615891 -5.764946 12.426453 21.583508 -5.708271 12.398113 21.534927 -5.6556473 12.333344 21.433723 -5.5544434 12.296913 21.389194 -5.5422974 12.936516 -18.84918 -5.5018196 12.479076 -19.403772 -5.5018196 10.114971 -22.860872 -5.9997368 12.503365 -21.597858 -5.8337631 12.527657 -21.634291 -5.9997368 10.102829 -22.836584 -5.8297157 12.49527 -21.585712 -5.764946 12.450741 -21.500702 -5.6556473 12.49527 -21.585712 -5.764946 12.228092 -20.079809 -5.5018196 10.054249 -22.731333 -5.6475487 12.422405 -21.448076 -5.5908775 9.9813843 -22.565359 -5.5301552 12.373825 -21.342825 -5.5422974 10.054249 -22.731333 -5.6475487 9.9813843 -22.565359 -5.5301552 12.337395 -21.265911 -5.505867 9.9125671 -22.403435 -5.5018196 12.309055 -21.184948 -5.5018196 12.288815 -21.128275 -5.5018196 12.191662 21.25156 -5.5018196 2.5044937 -22.65037 -5.5018196 2.5611687 -23.059231 -5.5018196 2.6785641 -23.261637 -5.5018196 3.0550404 -23.775749 -5.5018196 2.2697029 -19.751911 -5.5018196 2.5044937 -20.699173 -5.5018196 7.0667343 -23.949818 -5.8297157 7.0748291 -23.978155 -5.9997368 7.0343475 -23.840519 -5.6475487 6.9817238 -23.666451 -5.5301552 7.0343475 -23.840519 -5.6475487 6.9331436 -23.500477 -5.5018196 9.0665054 21.113922 -5.5018196 8.5159607 22.00856 -5.5018196 8.576683 23.47398 -5.9187737 6.4554672 24.154064 -5.9997368 8.5807304 23.482079 -5.9997368 6.4473686 24.121681 -5.8297157 8.5645409 23.441597 -5.8337631 8.5443001 23.393017 -5.7042236 6.4149857 24.012383 -5.6475487 8.5281067 23.336346 -5.6556473 6.4149857 24.012383 -5.6475487 8.5443001 23.393017 -5.7042236 8.4916725 23.222996 -5.5544434 6.3664055 23.834263 -5.5301552 6.7995567 23.53875 -5.5018196 8.4430962 23.000351 -5.5018196 -23.407562 -0.63665771 -5.5018196 8.4795303 23.166325 -5.5422974 6.3664055 23.834263 -5.5301552 8.4916725 23.222996 -5.5544434 8.4552383 23.057022 -5.5139618 4.3463936 -24.585375 -5.8297157 4.350441 -24.61776 -5.9997368 4.3463936 -24.581326 -5.8094749 4.2978134 -24.310101 -5.53825 4.3261528 -24.476074 -5.6475487 4.3261528 -24.476074 -5.6475487 4.2654305 -24.127937 -5.5018196 4.293766 -24.297958 -5.5342026 4.2978134 -24.310101 -5.53825 6.3178291 23.635906 -5.5018196 3.253397 24.785572 -5.9997368 3.2493496 24.757236 -5.8297157 3.2372055 24.639843 -5.6475487 3.2372055 24.639843 -5.6475487 3.1845798 24.275509 -5.5018196 3.2129173 24.461723 -5.5301552 3.2129173 24.461723 -5.5301552 3.4881897 -24.581326 -5.9997368 3.4962845 -24.544893 -5.8094749 3.5246239 -24.439642 -5.6475487 3.4962845 -24.544893 -5.8094749 3.5651016 -24.281765 -5.53825 3.5246239 -24.439642 -5.6475487 3.5651016 -24.281765 -5.53825 3.6177292 -24.083406 -5.5018196 3.5448647 -24.07531 -5.5018196 2.9174042 -23.941723 -5.53825 2.9174042 -23.941723 -5.53825 2.8121529 -24.067215 -5.6475487 2.8121529 -24.067215 -5.6475487 3.4881897 -24.581326 -5.9997368 2.7433338 -24.152225 -5.8094749 2.7433338 -24.152225 -5.8094749 2.7190456 -24.180561 -5.9997368 -0.0012950897 25.000126 -5.9997368 -0.0012950897 24.971786 -5.8297157 -0.0012950897 24.854393 -5.6475487 -0.0012950897 24.854393 -5.6475487 3.0105095 24.311943 -5.5018196 -0.0012950897 24.668179 -5.5301552 2.9295483 -23.694786 -5.5018196 -0.0012950897 24.44553 -5.5018196 2.4721088 -23.362841 -5.53825 2.4721088 -23.362841 -5.53825 2.3223286 -23.43166 -5.6475487 2.3223286 -23.43166 -5.6475487 2.225174 -23.480236 -5.8094749 2.7190456 -24.180561 -5.9997368 2.1927891 -23.496429 -5.9997368 2.3142319 -22.65037 -5.53825 2.3142319 -20.699173 -5.53825 2.1401634 -19.816681 -5.53825 2.1523075 -22.65037 -5.6435013 2.1482601 -22.65037 -5.6475487 2.0389595 -22.65037 -5.8094749 2.0430088 -22.65037 -5.8094749 2.1482601 -22.65037 -5.6475487 1.9863338 -19.877403 -5.6435013 2.1401634 -19.816681 -5.53825 2.1523075 -20.699173 -5.6435013 2.1927891 -23.496429 -5.9997368 2.0025272 -22.65037 -5.9997368 2.0389595 -22.65037 -5.8094749 2.0430088 -20.699173 -5.8094749 2.0430088 -20.699173 -5.8094749 2.1523075 -20.699173 -5.6435013 2.1523075 -22.65037 -5.6435013 1.8851318 -19.917885 -5.8054276 1.9863338 -19.877403 -5.6435013 2.0430088 -20.699173 -5.8094749 1.9863338 -19.877403 -5.6435013 1.638195 -19.06373 -5.53825 2.0025272 -20.699173 -5.9714012 1.852747 -19.934078 -5.9997368 2.0025272 -20.699173 -5.9997368 1.5207996 -19.181126 -5.6435013 1.5207996 -19.181126 -5.6435013 1.4438858 -19.258039 -5.8054276 1.4155483 -19.286377 -5.9997368 0.88929176 -18.561762 -5.53825 0.82452202 -18.715591 -5.6435013 0.82452202 -18.715591 -5.6435013 0.78404045 -18.816795 -5.8054276 0.76784897 -18.853228 -5.9997368 0.0027523041 -18.387693 -5.53825 0.0027523041 -18.387693 -5.53825 0.0027523041 -18.553667 -5.6435013 0.0027523041 -18.553667 -5.6435013 0.0027523041 -18.662966 -5.8054276 0.76784897 -18.853228 -5.9997368 0.0027523041 -18.699398 -5.9997368 -0.76234436 -18.853228 -5.9997368 -0.77853584 -18.816795 -5.8054276 -0.81901741 -18.715591 -5.6435013 -0.81901741 -18.715591 -5.6435013 -0.88378716 -18.565811 -5.53825 -0.88378716 -18.565811 -5.53825 -3.2559891 24.785572 -5.9997368 -3.2519417 24.757236 -5.8297157 -3.2357483 24.639843 -5.6475487 -3.2357483 24.639843 -5.6475487 -0.86759567 24.486012 -5.5018196 -3.2114601 24.461723 -5.5301552 -8.453783 22.259544 -5.5018196 -8.7047672 21.583508 -5.5018196 -15.938769 8.8319092 -5.5018196 -15.7647 9.0990829 -5.5018196 -1.4100437 -19.286377 -5.9997368 -1.4383812 -19.258039 -5.8054276 -1.515295 -19.181126 -5.6435013 -1.515295 -19.181126 -5.6435013 -1.6326904 -19.06373 -5.53825 -3.1790752 24.218838 -5.5018196 -12.291407 -19.828827 -5.5018196 -0.94450951 -18.403885 -5.5018196 -1.7581825 -18.926094 -5.5018196 -1.6326904 -19.06373 -5.53825 -1.8431931 -19.934078 -5.9997368 -1.8796272 -19.921932 -5.8054276 -1.9808292 -19.877403 -5.6435013 -1.9808292 -19.877403 -5.6435013 -2.1346588 -19.816681 -5.53825 -2.1346588 -19.816681 -5.53825 -2.2641983 -19.772152 -5.5018196 -1.9970226 -20.699173 -5.9997368 -2.0375042 -20.699173 -5.8094749 -2.1427536 -20.699173 -5.6475487 -2.0334549 -20.699173 -5.8135223 -2.0658398 -23.16853 -5.9997368 -2.0334549 -22.65037 -5.8135223 -1.9970226 -22.65037 -5.9997368 -2.1022739 -23.156385 -5.8094749 -2.0334549 -22.65037 -5.8094749 -2.1022739 -23.156385 -5.8094749 -2.1427536 -22.65037 -5.6475487 -2.2641983 -23.650257 -5.9997368 -2.2965832 -23.630016 -5.8094749 -2.2075253 -23.128048 -5.6435013 -2.3087273 -20.699173 -5.53825 -2.4949417 -20.699173 -5.5018196 -2.3937378 -19.990751 -5.5018196 -2.3046799 -20.699173 -5.53825 -2.3046799 -20.699173 -5.53825 -2.1427536 -22.65037 -5.6435013 -2.2075253 -23.128048 -5.6435013 -2.2075253 -23.128048 -5.6435013 -2.3046799 -22.65037 -5.53825 -2.1427536 -22.65037 -5.6435013 -2.3654022 -23.087566 -5.53825 -2.5354233 -23.49238 -5.53825 -2.3937378 -23.577391 -5.6435013 -2.3937378 -23.577391 -5.6435013 -2.802599 -24.253429 -5.9997368 -2.8916588 -24.136032 -5.6435013 -2.8268871 -24.22509 -5.8094749 -2.3087273 -22.65037 -5.53825 -2.5475674 -23.03899 -5.5018196 -2.4949417 -22.65037 -5.5018196 -2.5354233 -23.49238 -5.53825 -2.8916588 -24.136032 -5.6435013 -12.226637 -20.877291 -5.5018196 -2.9888134 -24.002445 -5.53825 -2.6973476 -23.399273 -5.5018196 -2.9888134 -24.002445 -5.53825 -3.1183529 -23.836472 -5.5018196 -3.5434055 -24.557037 -5.8094749 -3.5676956 -24.451786 -5.6435013 -3.6081772 -24.293909 -5.53825 -3.5676956 -24.451786 -5.6435013 -3.199316 -23.921482 -5.5018196 -2.9888134 -24.002445 -5.53825 -3.6608009 -24.07531 -5.5018196 -4.7173634 24.040718 -5.5018196 -6.3689976 23.834263 -5.5301552 -6.4135284 24.012383 -5.6475487 -6.4459133 24.121681 -5.8297157 -6.4135284 24.012383 -5.6475487 -6.4540081 24.154064 -5.9997368 -4.3449345 -24.61776 -5.9997368 -4.3368397 -24.569181 -5.8094749 -3.5353107 -24.597519 -5.9997368 -4.3327904 -24.55299 -5.7487526 -4.3165989 -24.463932 -5.6556473 -4.3004055 -24.374872 -5.5665894 -4.2882614 -24.310101 -5.550396 -4.2558765 -24.127937 -5.5018196 -3.8713036 -24.144129 -5.5018196 -7.0288429 -23.472139 -5.5018196 -7.1017094 -23.710979 -5.5665894 -7.154335 -23.885048 -5.7487526 -7.1017094 -23.710979 -5.5665894 -7.154335 -23.885048 -5.7487526 -7.1705265 -23.949818 -5.9997368 -6.3042278 23.595425 -5.5018196 -8.4416389 23.000351 -5.5018196 -8.4578323 23.085361 -5.505867 -8.4780712 23.162273 -5.53825 -8.5064087 23.279671 -5.5908775 -8.5185528 23.308006 -5.6232605 -6.3689976 23.834263 -5.5301552 -8.5064087 23.279671 -5.5908775 -8.5266495 23.336346 -5.6556473 -8.5630836 23.441597 -5.8337631 -8.5590343 23.425404 -5.764946 -8.5590343 23.425404 -5.764946 -8.5792751 23.482079 -5.9997368 -9.7046547 -22.49654 -5.5018196 -9.8018093 -22.727283 -5.5665894 -9.8018093 -22.727283 -5.5665894 -9.8746758 -22.893257 -5.7487526 -9.8746758 -22.893257 -5.7487526 -9.9030132 -22.953979 -5.9997368 -9.1622047 21.028912 -5.5018196 -10.10137 20.55933 -5.5018196 -12.250925 -21.217335 -5.5018196 -12.311647 -21.326633 -5.5342026 -12.388561 -21.46022 -5.5949249 -12.376417 -21.435932 -5.5665894 -12.376417 -21.435932 -5.5665894 -12.481668 -21.622147 -5.8701973 -12.465477 -21.593809 -5.7487526 -12.465477 -21.593809 -5.7487526 -12.449284 -21.565472 -5.7163696 -12.501909 -21.650482 -5.9997368 -11.153883 20.587666 -5.5018196 -15.493475 10.03825 -5.5018196 -15.428705 10.264946 -5.5018196 -15.582534 10.993607 -5.5018196 -15.675641 11.430805 -5.5018196 -16.007587 11.839664 -5.5018196 -16.412399 12.337585 -5.5018196 -16.679577 12.511654 -5.5018196 -12.064713 21.113922 -5.5018196 -19.092258 14.806942 -5.5018196 -18.991056 15.369633 -5.5018196 -14.449059 19.786137 -5.5018196 -12.190205 21.25156 -5.5018196 -18.367645 13.487255 -5.5018196 -14.550261 19.923775 -5.5301552 -12.295456 21.385147 -5.5422974 -12.3076 -21.184948 -5.5018196 -12.311647 -21.193045 -5.5018196 -12.356176 -21.302345 -5.5301552 -14.550261 19.923775 -5.5301552 -12.331888 21.433723 -5.5544434 -12.396658 -21.395451 -5.5544434 -14.550261 19.923775 -5.5301552 -12.396658 21.53088 -5.6556473 -12.331888 21.433723 -5.5544434 -12.420948 -21.43998 -5.5989723 -12.396658 -21.395451 -5.5544434 -12.388561 -21.46022 -5.5949249 -12.477621 -21.553328 -5.708271 -12.477621 -21.553328 -5.708271 -14.659561 20.069508 -5.6475487 -14.659561 20.069508 -5.6475487 -12.429043 21.583508 -5.7042236 -14.728379 20.16666 -5.8297157 -12.453333 21.628036 -5.8337631 -12.477621 -21.557377 -5.7123222 -12.449284 -21.565472 -5.7163696 -12.493813 -21.585712 -5.7608986 -12.477621 -21.557377 -5.7123222 -12.449284 -21.565472 -5.7163696 -12.493813 -21.585712 -5.7608986 -12.469524 21.660419 -5.9187737 -12.510006 -21.605953 -5.8701973 -12.493813 -21.585712 -5.7608986 -14.744572 20.190952 -5.9997368 -12.469524 21.660419 -5.9187737 -12.473574 21.664467 -5.9997368 -12.526199 -21.634291 -5.9997368 -14.801246 -18.379597 -5.5018196 -16.88603 17.749931 -5.5018196 -17.003426 17.875423 -5.5301552 -17.003426 17.875423 -5.5301552 -17.132965 18.004963 -5.6475487 -17.132965 18.004963 -5.6475487 -17.209881 18.089973 -5.8297157 -17.234169 18.110214 -5.9997368 -23.500669 -3.8103905 -5.5018196 -23.04323 -3.2557983 -5.5018196 -22.792248 -2.5797615 -5.5018196 -22.618177 -9.3806114 -5.5018196 -22.561504 -9.5506325 -5.5018196 -15.695881 -18.812746 -5.5018196 -17.282747 -17.258266 -5.5018196 -18.460751 -16.104549 -5.5018196 -19.383724 -14.861774 -5.5018196 -20.772232 -12.995588 -5.5018196 -21.168949 -12.226444 -5.5018196 -15.635159 10.050396 -5.53825 -15.910432 9.1800461 -5.5301552 -15.695881 10.957176 -5.53825 -15.797085 10.070633 -5.6435013 -15.922576 9.1881447 -5.53825 -16.06831 9.2731552 -5.6435013 -15.740411 -18.84918 -5.505867 -15.857806 10.912643 -5.6435013 -16.104742 11.7668 -5.53825 -15.7647 -18.869421 -5.505867 -15.910432 9.1800461 -5.5301552 -15.821373 -18.922047 -5.5422974 -17.456818 -17.432335 -5.5301552 -15.906384 10.086826 -5.8094749 -15.857806 10.912643 -5.6435013 -15.797085 10.070633 -5.6435013 -16.06831 9.2731552 -5.6435013 -16.161415 9.325779 -5.8094749 -15.906384 -19.007057 -5.5908775 -16.234283 11.665596 -5.6435013 -15.963058 10.884308 -5.8094749 -16.234283 11.665596 -5.6435013 -16.169512 9.3298264 -5.8256683 -15.946865 10.090874 -5.9997368 -15.946865 -19.051586 -5.6556473 -17.586357 -17.561874 -5.6475487 -16.290955 8.6861763 -5.5301552 -16.290955 8.6861763 -5.5301552 -16.420496 8.8157158 -5.6435013 -16.209993 8.613308 -5.5018196 -15.999491 10.872162 -5.9997368 -16.197849 9.3460197 -5.9997368 -16.007587 -19.124453 -5.764946 -17.66732 -17.642838 -5.8297157 -16.319294 11.600826 -5.8094749 -16.351677 11.576538 -5.9997368 -16.764587 12.365921 -5.5342026 -16.772682 12.349731 -5.53825 -16.019732 -19.136597 -5.8337631 -16.007587 -19.124453 -5.764946 -16.044022 -19.173029 -5.9997368 -17.691608 -17.667126 -5.9997368 -16.420496 8.8157158 -5.6435013 -16.501457 8.9007263 -5.8256683 -16.501457 8.9007263 -5.8256683 -16.525747 8.9250145 -5.9997368 -16.845551 8.09515 -5.5018196 -16.853645 12.208046 -5.6435013 -16.853645 12.208046 -5.6435013 -16.954849 8.2287369 -5.5301552 -16.954849 8.2287369 -5.5301552 -17.031763 8.3947105 -5.6435013 -16.91032 12.106842 -5.8256683 -16.91032 12.110889 -5.8094749 -16.926512 12.078506 -5.9997368 -16.926512 12.082554 -5.9390144 -17.031763 8.3947105 -5.6435013 -17.080341 8.4999619 -5.8256683 -17.092484 8.5282974 -5.9997368 -18.452656 13.341522 -5.5422974 -18.485041 13.284847 -5.5584908 -17.73209 7.9089355 -5.5018196 -18.537666 13.191742 -5.6556473 -18.594339 13.094585 -5.8297157 -18.5741 13.13102 -5.7163696 -18.5741 13.13102 -5.7163696 -18.537666 13.187691 -5.6556473 -18.764362 15.750156 -5.5018196 -18.897949 15.859455 -5.5301552 -18.594339 13.090538 -5.8337631 -18.618629 13.054104 -5.9997368 -18.61458 13.058151 -5.9390144 -17.736137 8.026329 -5.5301552 -17.748281 8.2044487 -5.6435013 -18.897949 15.859455 -5.5301552 -19.035585 15.976852 -5.6475487 -17.748281 8.2044487 -5.6435013 -17.760426 8.321846 -5.8256683 -17.760426 8.354229 -5.9997368 -19.035585 15.976852 -5.6475487 -19.124645 16.053764 -5.8297157 -19.148933 16.069958 -5.9997368 -19.578033 -15.011557 -5.5301552 -19.723766 -15.120855 -5.6475487 -19.723766 -15.120855 -5.6475487 -19.816874 -15.193722 -5.8297157 -19.841164 -15.213963 -5.9997368 -18.01141 7.8482132 -5.5018196 -18.537666 8.0991974 -5.5301552 -18.537666 8.0991974 -5.5301552 -18.489088 8.2732658 -5.6435013 -18.460751 8.3866158 -5.8256683 -18.452656 8.4149513 -5.9997368 -18.561954 8.0060921 -5.5018196 -18.683399 13.79491 -5.5018196 -18.978912 14.260445 -5.5018196 -18.837227 13.64513 -5.5301552 -18.460751 8.3866158 -5.8256683 -18.950575 8.5768776 -5.8297157 -18.926285 8.613308 -5.9997368 -19.007248 8.4797211 -5.6556473 -18.958672 8.5647316 -5.7689934 -18.958672 8.5647316 -5.7689934 -18.974865 13.523685 -5.6475487 -19.035585 8.4270973 -5.5908775 -19.13274 8.2611237 -5.5099144 -19.096308 8.3258934 -5.53825 -19.177269 8.1801605 -5.5018196 -19.059875 13.442722 -5.8297157 -19.080116 13.422482 -5.9997368 -18.889853 13.98922 -5.5018196 -18.987007 15.397968 -5.5018196 -19.157028 15.43845 -5.5301552 -19.177269 14.18758 -5.5301552 -19.323002 15.511318 -5.6475487 -19.157028 15.43845 -5.5301552 -20.638643 9.552475 -5.8297157 -20.638643 9.552475 -5.8337631 -20.614355 9.5889091 -5.9997368 -20.64674 9.540329 -5.7689934 -20.695316 9.4512711 -5.6556473 -20.695316 9.4553185 -5.6556473 -20.64674 9.540329 -5.7689934 -19.34729 14.12281 -5.6475487 -19.34729 14.12281 -5.6475487 -19.112499 14.673355 -5.5018196 -19.157028 15.43845 -5.5301552 -20.723654 9.4026947 -5.5908775 -20.784376 9.3014908 -5.53825 -20.723654 9.4026947 -5.5908775 -19.432301 15.555847 -5.8297157 -19.323002 15.511318 -5.6475487 -19.456591 14.078281 -5.8297157 -19.484928 14.070183 -5.9997368 -19.28657 14.815041 -5.5301552 -20.820808 9.2326736 -5.5099144 -19.456591 15.567989 -5.9997368 -20.865339 9.1557579 -5.5018196 -19.468735 14.819088 -5.6475487 -19.586132 14.819088 -5.8297157 -19.468735 14.819088 -5.6475487 -19.618515 14.819088 -5.9997368 -21.363258 -12.335745 -5.5301552 -21.525183 -12.424803 -5.6475487 -21.525183 -12.424803 -5.6475487 -21.626387 -12.485525 -5.8297157 -21.650675 -12.501717 -5.9997368 -21.148708 9.8034592 -5.9997368 -21.156803 9.7710724 -5.8297157 -21.185141 9.6577263 -5.6475487 -21.225622 9.4836578 -5.5301552 -21.225622 9.4836578 -5.5301552 -21.225622 9.4836578 -5.5301552 -21.266104 9.3176842 -5.5018196 -24.31839 -0.11040115 -5.5018196 -24.500557 -0.065872192 -5.5018196 -24.294102 2.613987 -5.5018196 -24.205044 3.7960396 -5.5018196 -23.751652 5.7310448 -5.5018196 -23.027039 8.3704224 -5.5018196 -23.363033 7.370533 -5.5018196 -21.91785 9.8358421 -5.9997368 -21.913803 9.8034592 -5.8297157 -21.185141 9.6577263 -5.6475487 -21.893562 9.6901093 -5.6475487 -21.893562 9.6901093 -5.6475487 -21.869274 9.507946 -5.5301552 -21.869274 9.507946 -5.5301552 -22.812487 8.7630882 -5.5018196 -21.840937 9.3419724 -5.5018196 -22.788198 -9.4494305 -5.5301552 -22.95822 -9.5182476 -5.6475487 -22.95822 -9.5182476 -5.6475487 -23.06752 -9.5627785 -5.8297157 -23.091808 -9.5749226 -5.9997368 -22.383387 9.1476631 -5.5018196 -22.472445 9.293396 -5.5301552 -22.565552 9.4512711 -5.6475487 -22.472445 9.293396 -5.5301552 -22.626274 9.5484276 -5.8297157 -22.565552 9.4512711 -5.6475487 -22.638418 9.5767632 -5.9997368 -22.950123 8.8642921 -5.5301552 -23.095856 8.9735909 -5.6475487 -22.472445 9.293396 -5.5301552 -22.950123 8.8642921 -5.5301552 -23.188963 9.0464592 -5.8297157 -23.095856 8.9735909 -5.6475487 -23.62616 -6.3485661 -5.5018196 -23.824518 -6.4011917 -5.5301552 -23.213253 9.0626526 -5.9997368 -23.824518 -6.4011917 -5.5301552 -23.184916 8.4270973 -5.5301552 -23.358984 8.4918671 -5.6475487 -24.002636 -6.4497681 -5.6475487 -24.002636 -6.4497681 -5.6475487 -24.115984 -6.4781055 -5.8297157 -24.144321 -6.4862022 -5.9997368 -23.358984 8.4918671 -5.6475487 -23.982395 5.7836685 -5.5301552 -24.160513 5.8281975 -5.6475487 -23.468285 8.5282974 -5.8297157 -23.49662 8.5404434 -5.9997368 -24.160513 5.8281975 -5.6475487 -24.273861 5.8565369 -5.8297157 -24.302198 5.8605843 -5.9997368 -23.784039 -5.8789825 -5.5018196 -24.140272 -4.1868668 -5.5018196 -23.824518 -6.4011917 -5.5301552 -24.302198 -4.2394905 -5.5422974 -24.358871 -4.2597313 -5.5544434 -24.443882 -4.2759247 -5.6273079 -24.358871 -4.2597313 -5.5544434 -24.528893 2.6382751 -5.5301552 -24.71106 2.6544685 -5.6475487 -24.532942 -4.2961655 -5.708271 -24.472219 -4.2840195 -5.6556473 -24.585567 -4.3042603 -5.8337631 -24.532942 -4.2961655 -5.708271 -24.617952 -4.3083115 -5.9187737 -24.626047 -4.3123589 -5.9997368 -24.828455 2.6706581 -5.8297157 -24.856791 2.6706581 -5.9997368 -24.856791 2.6706581 -5.9997368 -24.585567 -0.053730011 -5.505867 -24.783924 -0.033489227 -5.5908775 -24.666529 -0.045631409 -5.53825 -24.844646 -0.029441833 -5.6556473 -24.957994 -0.029441833 -5.8337631 -24.941801 -0.029441833 -5.764946 -24.941801 -0.029441833 -5.764946 -24.998476 -0.029441833 -5.9997368 24.502014 0.56158447 -0.000415802 24.481773 0.63850021 -3.4979935 24.906826 0.67088699 -0.000415802 23.299721 0.1770134 -3.4979935 23.481884 0.29036331 -0.000415802 24.485821 -11.886402 -11.173244 22.95158 -14.55007 -10.351475 24.635601 -11.627321 -12.298622 24.485821 -11.886402 -13.424 24.076958 -12.598873 -14.249817 24.076958 -12.598873 -10.351475 23.514271 -13.574471 -10.05191 22.95158 -14.55007 -14.249817 23.514271 -13.574471 -14.549381 22.53867 -15.262539 -13.424 22.53867 -15.262539 -11.173244 22.388889 -15.52162 -12.298622 15.693291 -18.808699 -5.9147263 24.10125 -4.1706734 -5.8337631 24.13768 -4.1868668 -5.9997368 15.697338 -18.812746 -5.9997368 15.624474 -18.756073 -5.708271 24.085056 -4.166626 -5.7689934 15.664951 -18.788458 -5.8337631 15.575893 -18.719639 -5.6596947 23.995998 -4.1261444 -5.6556473 24.085056 -4.166626 -5.7689934 15.624474 -18.756073 -5.708271 15.478741 -18.654869 -5.5544434 23.943371 -4.1018562 -5.5908775 22.967773 -4.2678299 -3.4979935 22.967773 -4.2678299 -0.000415802 24.064816 -4.9033852 -3.4979935 24.064816 -4.9033852 -0.000415802 23.502125 -0.54759979 -3.4979935 23.044685 -1.1021957 -3.4979935 23.502125 -0.54759979 -5.5018196 23.044685 -1.1021957 -5.5018196 22.793705 -1.7782326 -5.5018196 22.793705 -1.7782326 -3.4979935 23.332104 0.14057922 -0.000415802 23.299721 0.1770134 -3.4979935 23.481884 0.29036331 -0.000415802 22.437469 -0.75405502 -3.4979935 22.437469 -0.75405502 -0.000415802 22.251255 -3.2193642 -3.4979935 22.251255 -3.2193642 -0.000415802 22.967773 -4.2678299 -3.4979935 22.967773 -4.2678299 -0.000415802 22.647972 -13.076551 -4.5019302 22.647972 -13.076551 -0.000415802 22.862522 -12.372177 -4.5019302 22.862522 -12.372177 -0.000415802 22.862522 -12.372177 -0.000415802 22.753223 -11.647562 -4.5019302 22.862522 -12.372177 -4.5019302 22.753223 -11.647562 -0.000415802 22.753223 -11.647562 -4.5019302 22.647972 -13.076551 -4.5019302 22.862522 -12.372177 -4.5019302 22.340313 -11.040344 -4.5019302 20.972046 -10.619339 -4.5019302 19.789993 -11.424915 -4.5019302 21.704758 -10.671965 -4.5019302 20.733208 -13.825455 -4.5019302 22.146004 -13.614952 -4.5019302 19.680695 -12.853905 -4.5019302 19.571396 -12.125242 -4.5019302 21.461868 -13.882128 -4.5019302 20.287914 -10.886515 -4.5019302 20.093605 -13.461123 -4.5019302 22.647972 11.426758 -4.5019302 22.647972 11.426758 -0.000415802 22.862522 12.127083 -4.5019302 22.647972 11.426758 -0.000415802 22.862522 12.127083 -0.000415802 22.862522 12.127083 -4.5019302 22.862522 12.127083 -0.000415802 22.753223 12.851696 -4.5019302 22.862522 12.127083 -4.5019302 22.753223 12.851696 -0.000415802 19.789993 13.074345 -4.5019302 22.647972 11.426758 -4.5019302 22.862522 12.127083 -4.5019302 22.753223 12.851696 -4.5019302 20.972046 13.879921 -4.5019302 21.704758 13.827297 -4.5019302 22.340313 13.458916 -4.5019302 19.571396 12.37402 -4.5019302 22.146004 10.888355 -4.5019302 20.093605 11.042187 -4.5019302 21.461868 10.61713 -4.5019302 19.680695 11.645355 -4.5019302 20.733208 10.673805 -4.5019302 20.287914 13.612743 -4.5019302 22.793705 -1.7782326 -5.5018196 22.793705 -1.7782326 -3.4979935 22.854424 -2.8266945 -5.5018196 22.854424 -2.8266945 -3.4979935 22.546768 10.183983 -5.9997368 22.745125 10.090874 -5.9997368 22.817993 9.981575 -5.8175735 22.340313 -11.040344 -4.5019302 22.753223 -11.647562 -4.5019302 22.753223 -11.647562 -0.000415802 22.340313 -11.040344 -0.000415802 22.340313 13.458916 -4.5019302 22.753223 12.851696 -4.5019302 22.753223 12.851696 -0.000415802 22.340313 13.458916 -0.000415802 22.251255 -16.930368 -17.14423 22.12981 -17.395903 -16.828476 22.728935 -16.630806 -17.516655 22.647972 -13.076551 -4.5019302 22.146004 -13.614952 -0.000415802 22.647972 -13.076551 -0.000415802 22.146004 -13.614952 -4.5019302 22.647972 11.426758 -4.5019302 22.146004 10.888355 -0.000415802 22.647972 11.426758 -0.000415802 22.146004 10.888355 -4.5019302 22.146004 10.888355 -0.000415802 22.647972 11.426758 -4.5019302 22.437469 -0.75405502 -0.000415802 22.060993 -1.9644432 -3.4979935 22.437469 -0.75405502 -3.4979935 22.060993 -1.9644432 -0.000415802 21.704758 -10.671965 -4.5019302 22.340313 -11.040344 -4.5019302 22.340313 -11.040344 -0.000415802 21.704758 -10.671965 -0.000415802 21.704758 13.827297 -4.5019302 22.340313 13.458916 -4.5019302 22.340313 13.458916 -0.000415802 21.704758 13.827297 -0.000415802 22.251255 -3.2193642 -3.4979935 22.060993 -1.9644432 -0.000415802 22.251255 -3.2193642 -0.000415802 22.060993 -1.9644432 -3.4979935 21.461868 -13.882128 -4.5019302 21.461868 -13.882128 -0.000415802 22.146004 -13.614952 -4.5019302 22.146004 -13.614952 -0.000415802 21.461868 10.61713 -4.5019302 21.461868 10.61713 -0.000415802 22.146004 10.888355 -4.5019302 22.146004 10.888355 -0.000415802 21.299946 -18.051699 -9.0601196 21.449726 -17.885725 -8.6512604 21.76548 -17.833099 -8.3355064 20.996334 -17.934303 -9.0317841 21.198742 -18.160997 -9.335392 21.299946 -18.051699 -9.0601196 20.826313 -18.565811 -10.327183 21.704758 -10.671965 -0.000415802 20.972046 -10.619339 -4.5019302 21.704758 -10.671965 -4.5019302 20.972046 -10.619339 -0.000415802 21.704758 13.827297 -0.000415802 20.972046 13.879921 -4.5019302 21.704758 13.827297 -4.5019302 20.972046 13.879921 -0.000415802 21.461868 -13.882128 -4.5019302 20.81012 -13.833551 -0.000415802 21.461868 -13.882128 -0.000415802 20.733208 -13.825455 -4.5019302 20.733208 -13.825455 -0.000415802 21.461868 10.61713 -4.5019302 20.81012 10.66571 -0.000415802 21.461868 10.61713 -0.000415802 20.733208 10.673805 -4.5019302 20.733208 10.673805 -0.000415802 20.567234 -18.67511 -13.444241 20.777737 -18.618437 -14.063606 20.996334 -17.934303 -15.569508 20.826313 -18.565811 -10.327183 20.567234 -18.67511 -11.157051 20.996334 -17.934303 -9.0317841 20.972046 -10.619339 -0.000415802 20.81012 -10.680061 -0.000415802 20.972046 -10.619339 -4.5019302 20.287914 -10.886515 -4.5019302 20.287914 -10.886515 -0.000415802 20.972046 13.879921 -0.000415802 20.81012 13.819199 -0.000415802 20.972046 13.879921 -4.5019302 20.287914 13.612743 -4.5019302 20.287914 13.612743 -0.000415802 20.717014 -18.679157 -11.169193 20.567234 -18.67511 -11.157051 20.826313 -18.565811 -10.327183 20.672485 -18.727736 -11.533527 20.587475 -18.812746 -12.193371 20.753448 -18.946335 -12.695339 20.587475 -18.812746 -12.193371 20.781784 -18.917997 -11.521381 20.567234 -18.67511 -13.444241 20.757496 -18.638678 -13.857151 20.777737 -18.618437 -14.063606 20.567234 -18.67511 -13.444241 20.712967 -18.683207 -13.436146 20.757496 -18.638678 -13.857151 20.636051 -18.76012 -12.687241 20.093605 -13.461123 -4.5019302 20.093605 -13.461123 -0.000415802 20.733208 -13.825455 -4.5019302 20.733208 -13.825455 -0.000415802 20.093605 11.042187 -4.5019302 20.093605 11.042187 -0.000415802 20.733208 10.673805 -4.5019302 20.733208 10.673805 -0.000415802 20.567234 -18.67511 -11.157051 20.587475 -18.812746 -12.193371 20.636051 -18.76012 -12.687241 20.567234 -18.67511 -13.444241 20.567234 -18.67511 -11.157051 20.636051 -18.76012 -12.687241 19.789993 -11.424915 -4.5019302 20.287914 -10.886515 -4.5019302 20.287914 -10.886515 -0.000415802 19.789993 -11.424915 -0.000415802 19.789993 13.074345 -4.5019302 20.287914 13.612743 -4.5019302 20.287914 13.612743 -0.000415802 19.789993 13.074345 -0.000415802 19.680695 -12.853905 -4.5019302 19.680695 -12.853905 -0.000415802 20.093605 -13.461123 -4.5019302 20.093605 -13.461123 -0.000415802 19.680695 11.645355 -4.5019302 19.680695 11.645355 -0.000415802 20.093605 11.042187 -4.5019302 20.093605 11.042187 -0.000415802 19.789993 -11.424915 -0.000415802 19.571396 -12.125242 -4.5019302 19.789993 -11.424915 -4.5019302 19.571396 -12.125242 -0.000415802 19.789993 13.074345 -0.000415802 19.571396 12.37402 -4.5019302 19.789993 13.074345 -4.5019302 19.571396 12.37402 -0.000415802 19.571396 -12.125242 -4.5019302 19.571396 -12.125242 -0.000415802 19.680695 -12.853905 -4.5019302 19.680695 -12.853905 -0.000415802 19.571396 12.37402 -4.5019302 19.571396 12.37402 -0.000415802 19.680695 11.645355 -4.5019302 19.680695 11.645355 -0.000415802 16.968449 -19.64666 -0.000415802 16.992737 -19.436157 -3.4979935 17.191097 -20.480574 -0.000415802 17.182999 -20.691076 -3.4979935 16.915825 -19.456398 -0.000415802 16.806526 -19.055634 -0.000415802 16.276218 -18.387693 -3.4979935 16.211449 -18.456511 -0.000415802 15.766155 -18.011217 -0.000415802 15.179176 -17.756186 -3.4979935 15.154888 -17.849293 -0.000415802 13.916161 -17.659031 -3.4979935 14.341217 -17.630693 -0.000415802 17.182999 -20.691076 -3.4979935 17.134422 -20.678932 -0.000415802 17.191097 -20.480574 -0.000415802 16.806526 -21.905514 -3.4979935 16.806526 -21.905514 -0.000415802 16.450291 -20.877291 -3.4979935 16.806526 -21.905514 -3.4979935 17.182999 -20.691076 -3.4979935 16.389568 -19.828827 -3.4979935 16.992737 -19.436157 -3.4979935 15.834976 -18.934191 -3.4979935 16.276218 -18.387693 -3.4979935 16.203354 -21.553328 -3.4979935 15.944275 -22.832535 -3.4979935 14.928192 -18.411982 -3.4979935 15.179176 -17.756186 -3.4979935 15.741867 -22.107922 -3.4979935 14.762222 -23.298069 -3.4979935 14.802704 -22.577503 -3.4979935 13.875683 -18.379597 -3.4979935 13.916161 -17.659031 -3.4979935 13.750191 -22.545118 -3.4979935 13.499207 -23.200916 -3.4979935 12.936516 -18.84918 -3.4979935 12.734108 -18.124565 -3.4979935 12.84341 -22.022911 -3.4979935 12.402164 -22.569408 -3.4979935 12.479076 -19.403772 -3.4979935 12.288815 -21.128275 -3.4979935 11.685646 -21.520943 -3.4979935 11.871861 -19.055634 -3.4979935 12.228092 -20.079809 -3.4979935 11.495384 -20.266024 -3.4979935 16.806526 -21.905514 -3.4979935 16.478626 -22.257702 -0.000415802 16.806526 -21.905514 -0.000415802 15.944275 -22.832535 -3.4979935 15.944275 -22.832535 -0.000415802 16.203354 -21.553328 -5.9997368 16.203354 -21.553328 -3.4979935 16.450291 -20.877291 -5.9997368 16.450291 -20.877291 -3.4979935 15.741867 -22.107922 -3.4979935 15.741867 -22.107922 -5.9997368 16.450291 -20.877291 -3.4979935 16.389568 -19.828827 -5.9997368 16.450291 -20.877291 -5.9997368 16.389568 -19.828827 -3.4979935 16.389568 -19.828827 -3.4979935 15.834976 -18.934191 -5.9997368 16.389568 -19.828827 -5.9997368 15.834976 -18.934191 -3.4979935 15.624474 -18.756073 -5.708271 15.664951 -18.788458 -5.8337631 15.693291 -18.808699 -5.9147263 15.697338 -18.812746 -5.9997368 15.276333 -18.54557 -5.5018196 15.426113 -18.626532 -5.5422974 15.478741 -18.654869 -5.5544434 15.575893 -18.719639 -5.6596947 14.928192 -18.411982 -5.5018196 14.928192 -18.411982 -3.4979935 15.944275 -22.832535 -3.4979935 14.762222 -23.298069 -0.000415802 15.944275 -22.832535 -0.000415802 14.762222 -23.298069 -3.4979935 14.802704 -22.577503 -5.9997368 14.802704 -22.577503 -3.4979935 15.741867 -22.107922 -5.9997368 15.741867 -22.107922 -3.4979935 14.928192 -18.411982 -3.4979935 13.875683 -18.379597 -5.5018196 14.928192 -18.411982 -5.5018196 13.875683 -18.379597 -3.4979935 13.750191 -22.545118 -5.9997368 13.750191 -22.545118 -3.4979935 14.802704 -22.577503 -5.9997368 14.802704 -22.577503 -3.4979935 13.499207 -23.200916 -3.4979935 13.499207 -23.200916 -0.000415802 14.762222 -23.298069 -3.4979935 14.762222 -23.298069 -0.000415802 13.936401 -17.735945 -0.000415802 13.916161 -17.659031 -3.4979935 14.341217 -17.630693 -0.000415802 12.734108 -18.124565 -3.4979935 12.916275 -18.011217 -0.000415802 13.875683 -18.379597 -3.4979935 12.936516 -18.84918 -5.5018196 13.875683 -18.379597 -5.5018196 12.936516 -18.84918 -3.4979935 13.750191 -22.545118 -5.9997368 12.84341 -22.022911 -3.4979935 13.750191 -22.545118 -3.4979935 12.84341 -22.022911 -5.9997368 12.527657 -21.634291 -5.9997368 12.503365 -21.597858 -5.8337631 12.49527 -21.585712 -5.764946 12.450741 -21.500702 -5.6556473 12.422405 -21.448076 -5.5908775 12.373825 -21.342825 -5.5422974 12.337395 -21.265911 -5.505867 12.288815 -21.128275 -3.4979935 12.309055 -21.184948 -5.5018196 12.288815 -21.128275 -5.5018196 12.228092 -20.079809 -5.5018196 12.228092 -20.079809 -3.4979935 12.402164 -22.569408 -3.4979935 12.402164 -22.569408 -0.000415802 13.499207 -23.200916 -3.4979935 13.499207 -23.200916 -0.000415802 13.406097 22.445755 -3.4979935 13.361568 22.457901 -0.000415802 13.414196 22.656258 -0.000415802 13.033672 21.231319 -3.4979935 13.033672 21.231319 -0.000415802 13.219883 23.700676 -3.4979935 13.406097 22.445755 -3.4979935 13.414196 22.656258 -0.000415802 13.142971 23.680435 -0.000415802 13.033672 24.0812 -0.000415802 12.503365 24.745094 -3.4979935 12.438595 24.680321 -0.000415802 11.989254 25.125618 -0.000415802 11.406322 25.38065 -3.4979935 11.382034 25.28754 -0.000415802 10.139259 25.477802 -3.4979935 10.564312 25.506142 -0.000415802 12.677437 22.259544 -3.4979935 13.033672 21.231319 -3.4979935 13.406097 22.445755 -3.4979935 12.616714 23.308006 -3.4979935 13.219883 23.700676 -3.4979935 12.062122 24.198597 -3.4979935 12.503365 24.745094 -3.4979935 12.426453 21.583508 -3.4979935 12.171421 20.304298 -3.4979935 11.151291 24.724854 -3.4979935 11.406322 25.38065 -3.4979935 11.969013 21.028912 -3.4979935 10.989368 19.838764 -3.4979935 11.02985 20.55933 -3.4979935 10.102829 24.757236 -3.4979935 10.139259 25.477802 -3.4979935 9.9773369 20.587666 -3.4979935 9.7263527 19.935917 -3.4979935 9.163662 24.287655 -3.4979935 8.9612541 25.012268 -3.4979935 9.0665054 21.113922 -3.4979935 8.6252632 20.567425 -3.4979935 8.7021751 23.733063 -3.4979935 8.5159607 22.00856 -3.4979935 7.9127922 21.615891 -3.4979935 8.0990067 24.0812 -3.4979935 8.4511909 23.057022 -3.4979935 7.7225304 22.870811 -3.4979935 13.033672 21.231319 -3.4979935 12.171421 20.304298 -0.000415802 13.033672 21.231319 -0.000415802 12.171421 20.304298 -3.4979935 12.936516 -18.84918 -3.4979935 12.479076 -19.403772 -3.4979935 12.936516 -18.84918 -5.5018196 12.479076 -19.403772 -5.5018196 12.228092 -20.079809 -5.5018196 12.228092 -20.079809 -3.4979935 12.766495 -18.15695 -0.000415802 12.734108 -18.124565 -3.4979935 12.916275 -18.011217 -0.000415802 11.871861 -19.055634 -3.4979935 11.871861 -19.055634 -0.000415802 12.426453 21.583508 -5.708271 12.426453 21.583508 -3.4979935 12.677437 22.259544 -3.4979935 12.677437 22.259544 -5.9997368 12.454788 21.628036 -5.8337631 12.446693 21.615891 -5.764946 12.475029 21.664467 -5.9997368 12.398113 21.534927 -5.6556473 12.333344 21.433723 -5.5544434 12.296913 21.389194 -5.5422974 12.191662 21.25156 -5.5018196 11.969013 21.028912 -3.4979935 11.969013 21.028912 -5.5018196 11.02985 20.55933 -3.4979935 11.02985 20.55933 -5.5018196 12.616714 23.308006 -5.9997368 12.677437 22.259544 -5.9997368 12.677437 22.259544 -3.4979935 12.616714 23.308006 -3.4979935 12.616714 23.308006 -3.4979935 12.062122 24.198597 -5.9997368 12.616714 23.308006 -5.9997368 12.062122 24.198597 -3.4979935 11.685646 -21.520943 -3.4979935 11.685646 -21.520943 -0.000415802 12.402164 -22.569408 -3.4979935 12.187611 -22.257702 -0.000415802 12.402164 -22.569408 -0.000415802 12.171421 20.304298 -3.4979935 10.989368 19.838764 -0.000415802 12.171421 20.304298 -0.000415802 10.989368 19.838764 -3.4979935 11.151291 24.724854 -5.9997368 12.062122 24.198597 -5.9997368 12.062122 24.198597 -3.4979935 11.151291 24.724854 -3.4979935 11.689693 -19.64666 -0.000415802 11.871861 -19.055634 -3.4979935 11.871861 -19.055634 -0.000415802 11.495384 -20.266024 -3.4979935 11.495384 -20.266024 -0.000415802 11.685646 -21.520943 -3.4979935 11.495384 -20.266024 -0.000415802 11.685646 -21.520943 -0.000415802 11.495384 -20.266024 -3.4979935 11.151291 24.724854 -3.4979935 10.102829 24.757236 -5.9997368 11.151291 24.724854 -5.9997368 10.102829 24.757236 -3.4979935 11.02985 20.55933 -5.5018196 9.9773369 20.587666 -3.4979935 11.02985 20.55933 -3.4979935 9.9773369 20.587666 -5.5018196 10.989368 19.838764 -3.4979935 10.495495 19.875198 -0.000415802 10.989368 19.838764 -0.000415802 9.7263527 19.935917 -3.4979935 9.7263527 19.935917 -0.000415802 10.495495 25.489948 -0.000415802 10.139259 25.477802 -3.4979935 10.564312 25.506142 -0.000415802 10.1595 25.40089 -0.000415802 8.9612541 25.012268 -3.4979935 9.1393738 25.125618 -0.000415802 9.163662 24.287655 -5.9997368 10.102829 24.757236 -5.9997368 10.102829 24.757236 -3.4979935 9.163662 24.287655 -3.4979935 9.9773369 20.587666 -5.5018196 9.0665054 21.113922 -3.4979935 9.9773369 20.587666 -3.4979935 9.0665054 21.113922 -5.5018196 9.7263527 19.935917 -3.4979935 8.6252632 20.567425 -0.000415802 9.7263527 19.935917 -0.000415802 8.6252632 20.567425 -3.4979935 8.9774475 3.1078568 -0.000415802 8.5038185 2.9418831 -0.49833298 9.4875107 0.45228577 -0.000415802 8.892437 0.92996597 -0.49833298 8.9895935 0.42799759 -0.49833298 9.2324791 -2.2397156 -0.000415802 8.7467041 -2.1223221 -0.49833298 8.2285461 -4.7495575 -0.000415802 8.7709923 -1.8672905 -0.49833298 7.7387199 5.5124435 -0.000415802 7.3298607 5.2209778 -0.49833298 8.1516304 3.6260185 -0.49833298 7.7953949 -4.4985733 -0.49833298 6.5566673 -6.8748226 -0.000415802 6.2125778 -6.5145378 -0.49833298 6.0263634 7.3057632 -0.000415802 5.5648766 7.0750198 -0.49833298 6.6254883 5.9617882 -0.49833298 6.0263634 -7.251297 -0.000415802 6.0020752 -6.6602707 -0.49833298 6.0020752 -6.6602707 -0.49833298 6.01017 -7.263443 -0.000415802 5.8725357 7.4676895 -0.000415802 4.3544884 -8.4454956 -0.000415802 4.123745 -8.0002003 -0.49833298 3.5327187 8.8197632 -0.000415802 4.4556923 7.7146263 -0.49833298 3.3465042 8.354229 -0.49833298 2.994318 -8.9150772 -0.000415802 3.6420174 -8.1661739 -0.49833298 1.796072 -9.3279858 -0.000415802 1.7029648 -8.8381634 -0.49833298 2.994318 8.9493027 -0.000415802 1.8486977 8.7185593 -0.49833298 0.90143585 9.4553185 -0.000415802 0.85690689 8.9574013 -0.49833298 0.93787003 -8.8745956 -0.49833298 -0.90402794 -9.4575272 -0.000415802 -0.85544968 -8.9596062 -0.49833298 -1.7986641 9.3298264 -0.000415802 -0.93641281 8.8723907 -0.49833298 -1.8512897 -8.7167187 -0.49833298 -3.5312614 -8.8179226 -0.000415802 -1.7015095 8.8359566 -0.49833298 -3.6405621 8.1680145 -0.49833298 -4.3530312 8.4432869 -0.000415802 -3.3450489 -8.3564358 -0.49833298 -5.8710785 -7.4658489 -0.000415802 -4.4542351 -7.7168331 -0.49833298 -4.1222878 7.9979935 -0.49833298 -6.0046673 6.6621132 -0.49833298 -6.555212 6.8766632 -0.000415802 -5.5634212 -7.0731792 -0.49833298 -6.0653896 -7.263443 -0.000415802 -7.7372646 -5.510603 -0.000415802 -6.6240311 -5.9599457 -0.49833298 -6.2111206 6.5123329 -0.49833298 -7.7939396 4.500412 -0.49833298 -8.2270889 4.7513962 -0.000415802 -7.3324528 -5.2191391 -0.49833298 -8.9759922 -3.1060181 -0.000415802 -8.1542225 -3.624176 -0.49833298 -8.7452488 2.1201134 -0.49833298 -8.5064087 -2.9440918 -0.49833298 -9.2310238 2.2415581 -0.000415802 -9.4901047 -0.45044708 -0.000415802 -8.8950291 -0.92812347 -0.49833298 -8.769537 1.8691292 -0.49833298 -8.9881363 -0.4302063 -0.49833298 9.163662 24.287655 -3.4979935 8.7021751 23.733063 -5.9997368 9.163662 24.287655 -5.9997368 8.7021751 23.733063 -3.4979935 8.4795303 23.166325 -5.5422974 8.4916725 23.222996 -5.5544434 8.7021751 23.733063 -3.4979935 8.4511909 23.057022 -3.4979935 8.5281067 23.336346 -5.6556473 8.5443001 23.393017 -5.7042236 8.576683 23.47398 -5.9187737 8.5807304 23.482079 -5.9997368 8.7021751 23.733063 -5.9997368 8.5645409 23.441597 -5.8337631 8.5159607 22.00856 -5.5018196 8.5159607 22.00856 -3.4979935 8.4430962 23.000351 -5.5018196 8.4552383 23.057022 -5.5139618 8.9936409 24.979885 -0.000415802 8.9612541 25.012268 -3.4979935 9.1393738 25.125618 -0.000415802 8.0990067 24.0812 -3.4979935 8.0990067 24.0812 -0.000415802 9.0665054 21.113922 -5.5018196 8.5159607 22.00856 -3.4979935 9.0665054 21.113922 -3.4979935 8.5159607 22.00856 -5.5018196 8.8033791 -1.8713379 -3.4979935 8.7709923 -1.8672905 -0.49833298 8.9895935 0.42799759 -0.49833298 8.9491119 0.94210815 -3.4979935 8.892437 0.92996597 -0.49833298 8.5038185 2.9418831 -0.49833298 8.2204475 3.6624527 -3.4979935 7.7953949 -4.4985733 -3.4979935 8.7467041 -2.1223221 -0.49833298 8.8033791 -1.8713379 -3.4979935 7.7953949 -4.4985733 -0.49833298 8.1516304 3.6260185 -0.49833298 7.3298607 5.2209778 -0.49833298 6.690258 6.0225067 -3.4979935 6.2125778 -6.5145378 -0.49833298 6.022316 -6.6886082 -3.4979935 6.6254883 5.9617882 -0.49833298 5.5648766 7.0750198 -0.49833298 4.5002213 7.7955894 -3.4979935 6.0020752 -6.6602707 -0.49833298 3.6622581 -8.2228489 -3.4979935 4.123745 -8.0002003 -0.49833298 4.4556923 7.7146263 -0.49833298 3.3465042 8.354229 -0.49833298 1.8729858 8.8035698 -3.4979935 3.6420174 -8.1661739 -0.49833298 0.94191742 -8.9515114 -3.4979935 1.7029648 -8.8381634 -0.49833298 1.8486977 8.7185593 -0.49833298 0.85690689 8.9574013 -0.49833298 -0.94046021 8.9493027 -3.4979935 0.93787003 -8.8745956 -0.49833298 -1.8715305 -8.8017292 -3.4979935 -0.85544968 -8.9596062 -0.49833298 -0.93641281 8.8723907 -0.49833298 -1.8512897 -8.7167187 -0.49833298 -1.7015095 8.8359566 -0.49833298 -3.6608009 8.2206421 -3.4979935 -3.6405621 8.1680145 -0.49833298 -3.3450489 -8.3564358 -0.49833298 -4.498764 -7.7937469 -3.4979935 -4.4542351 -7.7168331 -0.49833298 -4.1222878 7.9979935 -0.49833298 -6.0208588 6.6864014 -3.4979935 -6.0046673 6.6621132 -0.49833298 -6.0208588 6.6864014 -3.4979935 -5.5634212 -7.0731792 -0.49833298 -6.6888008 -6.020668 -3.4979935 -6.6240311 -5.9599457 -0.49833298 -6.2111206 6.5123329 -0.49833298 -7.7939396 4.500412 -3.4979935 -7.7939396 4.500412 -0.49833298 -7.3324528 -5.2191391 -0.49833298 -8.2230396 -3.6606102 -3.4979935 -8.1542225 -3.624176 -0.49833298 -8.7452488 2.1201134 -0.49833298 -8.8019218 1.8731804 -3.4979935 -8.5064087 -2.9440918 -0.49833298 -8.9517021 -0.94026947 -3.4979935 -8.8950291 -0.92812347 -0.49833298 -8.769537 1.8691292 -0.49833298 -8.9881363 -0.4302063 -0.49833298 -7.7939396 4.500412 -3.4979935 8.8033791 -1.8713379 -3.4979935 8.9491119 0.94210815 -3.4979935 8.2204475 3.6624527 -3.4979935 7.7953949 -4.4985733 -3.4979935 6.690258 6.0225067 -3.4979935 -8.8019218 1.8731804 -3.4979935 6.022316 -6.6886082 -3.4979935 4.5002213 7.7955894 -3.4979935 -8.2230396 -3.6606102 -3.4979935 -6.6888008 -6.020668 -3.4979935 -4.498764 -7.7937469 -3.4979935 -8.9517021 -0.94026947 -3.4979935 -1.8715305 -8.8017292 -3.4979935 0.94191742 -8.9515114 -3.4979935 3.6622581 -8.2228489 -3.4979935 1.8729858 8.8035698 -3.4979935 -0.94046021 8.9493027 -3.4979935 -3.6608009 8.2206421 -3.4979935 -6.0208588 6.6864014 -3.4979935 8.6252632 20.567425 -3.4979935 7.9127922 21.615891 -0.000415802 8.6252632 20.567425 -0.000415802 7.9127922 21.615891 -3.4979935 8.204258 -22.933739 -4.5019302 8.3337975 -23.816231 -4.5019302 8.3337975 -23.816231 -0.000415802 8.204258 -22.933739 -0.000415802 8.3337975 -23.816231 -4.5019302 8.1232948 -24.496315 -0.000415802 8.3337975 -23.816231 -0.000415802 8.0747147 -24.666336 -4.5019302 8.0747147 -24.666336 -0.000415802 4.3463936 -23.51667 -4.5019302 8.0747147 -24.666336 -4.5019302 8.3337975 -23.816231 -4.5019302 4.60952 -22.666561 -4.5019302 6.0425568 -21.686916 -4.5019302 8.204258 -22.933739 -4.5019302 7.7022896 -22.201027 -4.5019302 4.4799805 -24.395111 -4.5019302 5.751091 -25.577166 -4.5019302 7.4674988 -25.318085 -4.5019302 4.9819489 -25.13187 -4.5019302 6.9290962 -21.755733 -4.5019302 6.6376305 -25.641935 -4.5019302 5.2126923 -22.010765 -4.5019302 7.7427711 -22.257702 -0.000415802 8.204258 -22.933739 -4.5019302 8.204258 -22.933739 -0.000415802 7.7022896 -22.201027 -4.5019302 7.7022896 -22.201027 -0.000415802 7.7022896 -22.201027 -4.5019302 7.7427711 -22.257702 -0.000415802 7.7225304 22.870811 -3.4979935 8.0990067 24.0812 -3.4979935 8.0990067 24.0812 -0.000415802 7.7225304 22.870811 -0.000415802 8.0747147 -24.666336 -4.5019302 7.4674988 -25.318085 -0.000415802 8.0747147 -24.666336 -0.000415802 7.4674988 -25.318085 -4.5019302 7.7225304 22.870811 -3.4979935 7.7225304 22.870811 -0.000415802 7.9127922 21.615891 -3.4979935 7.9127922 21.615891 -0.000415802 6.9290962 -21.755733 -4.5019302 7.7022896 -22.201027 -4.5019302 7.7022896 -22.201027 -0.000415802 6.9290962 -21.755733 -0.000415802 7.4674988 -25.318085 -4.5019302 6.6376305 -25.641935 -0.000415802 7.4674988 -25.318085 -0.000415802 6.6376305 -25.641935 -4.5019302 6.0425568 -21.686916 -4.5019302 6.9290962 -21.755733 -4.5019302 6.9290962 -21.755733 -0.000415802 6.0425568 -21.686916 -0.000415802 6.6376305 -25.641935 -4.5019302 6.0263634 -25.597406 -0.000415802 6.6376305 -25.641935 -0.000415802 5.751091 -25.577166 -4.5019302 5.751091 -25.577166 -0.000415802 6.0263634 -21.695011 -0.000415802 6.0425568 -21.686916 -4.5019302 6.0425568 -21.686916 -0.000415802 5.2126923 -22.010765 -4.5019302 5.2126923 -22.010765 -0.000415802 5.751091 -25.577166 -4.5019302 4.9819489 -25.13187 -0.000415802 5.751091 -25.577166 -0.000415802 4.9819489 -25.13187 -4.5019302 4.9859962 -22.257702 -0.000415802 5.2126923 -22.010765 -4.5019302 5.2126923 -22.010765 -0.000415802 4.60952 -22.666561 -4.5019302 4.60952 -22.666561 -0.000415802 4.9819489 -25.13187 -4.5019302 4.5487976 -24.496315 -0.000415802 4.9819489 -25.13187 -0.000415802 4.4799805 -24.395111 -4.5019302 4.4799805 -24.395111 -0.000415802 4.3463936 -23.51667 -4.5019302 4.60952 -22.666561 -4.5019302 4.60952 -22.666561 -0.000415802 4.3463936 -23.51667 -0.000415802 4.4799805 -24.395111 -4.5019302 4.3463936 -23.51667 -0.000415802 4.4799805 -24.395111 -0.000415802 4.3463936 -23.51667 -4.5019302 1.6462917 -24.621807 -4.5019302 1.4276924 -25.326181 -0.000415802 1.6462917 -24.621807 -0.000415802 1.4276924 -25.326181 -4.5019302 1.6260509 -24.496315 -0.000415802 1.6462917 -24.621807 -4.5019302 1.6462917 -24.621807 -0.000415802 1.536993 -23.897194 -4.5019302 1.536993 -23.897194 -0.000415802 1.6462917 24.376713 -4.5019302 1.4276924 23.676388 -0.000415802 1.6462917 24.376713 -0.000415802 1.4276924 23.676388 -4.5019302 1.536993 25.101326 -4.5019302 1.6462917 24.376713 -4.5019302 1.6462917 24.376713 -0.000415802 1.536993 25.101326 -0.000415802 -1.4302845 -23.674545 -4.5019302 1.4276924 -25.326181 -4.5019302 1.6462917 -24.621807 -4.5019302 -0.24418259 -22.868969 -4.5019302 1.536993 -23.897194 -4.5019302 1.1240826 -23.289974 -4.5019302 -1.6448345 -24.374872 -4.5019302 0.92977333 -25.864582 -4.5019302 0.4844799 -22.921595 -4.5019302 0.2456398 -26.13176 -4.5019302 -1.5355358 -25.103535 -4.5019302 -0.48707008 -26.075085 -4.5019302 -0.92831612 -23.136147 -4.5019302 -1.1226273 -25.710754 -4.5019302 -1.4302845 25.323975 -4.5019302 1.4276924 23.676388 -4.5019302 1.6462917 24.376713 -4.5019302 1.536993 25.101326 -4.5019302 1.1240826 25.708546 -4.5019302 0.2456398 22.86676 -4.5019302 0.92977333 23.137985 -4.5019302 -1.6448345 24.62365 -4.5019302 0.4844799 26.076927 -4.5019302 -0.24418259 26.129551 -4.5019302 -0.92831612 25.862377 -4.5019302 -1.5355358 23.899033 -4.5019302 -0.48707008 22.923435 -4.5019302 -1.1226273 23.291817 -4.5019302 1.1240826 -23.289974 -4.5019302 1.536993 -23.897194 -4.5019302 1.536993 -23.897194 -0.000415802 1.1240826 -23.289974 -0.000415802 1.1240826 25.708546 -4.5019302 1.536993 25.101326 -4.5019302 1.536993 25.101326 -0.000415802 1.1240826 25.708546 -0.000415802 1.4276924 -25.326181 -4.5019302 0.92977333 -25.864582 -0.000415802 1.4276924 -25.326181 -0.000415802 0.92977333 -25.864582 -4.5019302 1.4276924 23.676388 -4.5019302 0.92977333 23.137985 -0.000415802 1.4276924 23.676388 -0.000415802 0.92977333 23.137985 -4.5019302 0.4844799 -22.921595 -4.5019302 1.1240826 -23.289974 -4.5019302 1.1240826 -23.289974 -0.000415802 0.4844799 -22.921595 -0.000415802 0.91762924 25.82999 -0.000415802 1.1240826 25.708546 -4.5019302 1.1240826 25.708546 -0.000415802 0.4844799 26.076927 -4.5019302 0.4844799 26.076927 -0.000415802 0.92977333 -25.864582 -4.5019302 0.2456398 -26.13176 -0.000415802 0.92977333 -25.864582 -0.000415802 0.2456398 -26.13176 -4.5019302 0.92977333 23.137985 -4.5019302 0.2456398 22.86676 -0.000415802 0.92977333 23.137985 -0.000415802 0.2456398 22.86676 -4.5019302 -0.24418259 -22.868969 -4.5019302 0.4844799 -22.921595 -4.5019302 0.4844799 -22.921595 -0.000415802 -0.24418259 -22.868969 -0.000415802 -0.24418259 26.129551 -4.5019302 0.4844799 26.076927 -4.5019302 0.4844799 26.076927 -0.000415802 -0.24418259 26.129551 -0.000415802 0.2456398 -26.13176 -4.5019302 -0.48707008 -26.075085 -0.000415802 0.2456398 -26.13176 -0.000415802 -0.48707008 -26.075085 -4.5019302 0.2456398 22.86676 -4.5019302 -0.48707008 22.923435 -0.000415802 0.2456398 22.86676 -0.000415802 -0.48707008 22.923435 -4.5019302 -0.92831612 -23.136147 -4.5019302 -0.24418259 -22.868969 -4.5019302 -0.24418259 -22.868969 -0.000415802 -0.92831612 -23.136147 -0.000415802 -0.92831612 25.862377 -4.5019302 -0.24418259 26.129551 -4.5019302 -0.24418259 26.129551 -0.000415802 -0.92831612 25.862377 -0.000415802 -0.48707008 -26.075085 -4.5019302 -1.1226273 -25.710754 -0.000415802 -0.48707008 -26.075085 -0.000415802 -1.1226273 -25.710754 -4.5019302 -0.48707008 22.923435 -4.5019302 -1.1226273 23.291817 -0.000415802 -0.48707008 22.923435 -0.000415802 -1.1226273 23.291817 -4.5019302 -1.4302845 -23.674545 -4.5019302 -0.92831612 -23.136147 -4.5019302 -0.92831612 -23.136147 -0.000415802 -1.4302845 -23.674545 -0.000415802 -0.96070099 25.82999 -0.000415802 -0.92831612 25.862377 -4.5019302 -0.92831612 25.862377 -0.000415802 -0.96070099 25.82999 -0.000415802 -1.4302845 25.323975 -4.5019302 -0.92831612 25.862377 -4.5019302 -1.4302845 25.323975 -0.000415802 -1.1226273 -25.710754 -4.5019302 -1.5355358 -25.103535 -0.000415802 -1.1226273 -25.710754 -0.000415802 -1.5355358 -25.103535 -4.5019302 -1.1226273 23.291817 -4.5019302 -1.5355358 23.899033 -0.000415802 -1.1226273 23.291817 -0.000415802 -1.5355358 23.899033 -4.5019302 -1.6448345 -24.374872 -4.5019302 -1.4302845 -23.674545 -4.5019302 -1.4302845 -23.674545 -0.000415802 -1.6448345 -24.374872 -0.000415802 -1.6448345 24.62365 -4.5019302 -1.4302845 25.323975 -4.5019302 -1.4302845 25.323975 -0.000415802 -1.6448345 24.62365 -0.000415802 -1.5355358 -25.103535 -4.5019302 -1.628643 -24.496315 -0.000415802 -1.5355358 -25.103535 -0.000415802 -1.6448345 -24.374872 -4.5019302 -1.6448345 -24.374872 -0.000415802 -1.5355358 23.899033 -4.5019302 -1.6448345 24.62365 -0.000415802 -1.5355358 23.899033 -0.000415802 -1.6448345 24.62365 -4.5019302 -3.5434055 -24.557037 -5.8094749 -2.8268871 -24.22509 -5.8094749 -2.802599 -24.253429 -5.9997368 -3.5353107 -24.597519 -5.9997368 -7.7251205 22.445755 -3.4979935 -7.7696495 22.457901 -0.000415802 -7.7170238 22.656258 -0.000415802 -8.0975475 21.231319 -3.4979935 -8.0975475 21.231319 -0.000415802 -7.911335 23.700676 -3.4979935 -7.7251205 22.445755 -3.4979935 -7.7170238 22.656258 -0.000415802 -7.9882488 23.680435 -0.000415802 -8.0975475 24.0812 -0.000415802 -8.6278534 24.745094 -3.4979935 -8.6926231 24.680321 -0.000415802 -8.6278534 24.745094 -3.4979935 -9.141964 25.125618 -0.000415802 -9.7248955 25.38065 -3.4979935 -9.7491837 25.28754 -0.000415802 -10.49404 25.489948 -0.000415802 -10.991959 25.477802 -3.4979935 -10.566906 25.506142 -0.000415802 -8.453783 22.259544 -3.4979935 -8.0975475 21.231319 -3.4979935 -7.7251205 22.445755 -3.4979935 -8.5145054 23.308006 -3.4979935 -7.911335 23.700676 -3.4979935 -9.0690994 24.198597 -3.4979935 -8.6278534 24.745094 -3.4979935 -8.7047672 21.583508 -3.4979935 -8.9597988 20.304298 -3.4979935 -9.9799271 24.724854 -3.4979935 -9.7248955 25.38065 -3.4979935 -9.1622047 21.028912 -3.4979935 -10.141851 19.838764 -3.4979935 -10.10137 20.55933 -3.4979935 -11.028391 24.757236 -3.4979935 -10.991959 25.477802 -3.4979935 -11.153883 20.587666 -3.4979935 -11.404867 19.935917 -3.4979935 -11.967558 24.287655 -3.4979935 -12.169964 25.012268 -3.4979935 -12.064713 21.113922 -3.4979935 -12.505959 20.567425 -3.4979935 -12.429043 23.733063 -3.4979935 -12.615257 22.00856 -3.4979935 -13.218428 21.615891 -3.4979935 -13.032214 24.0812 -3.4979935 -12.675979 23.057022 -3.4979935 -13.40869 22.870811 -3.4979935 -8.0975475 21.231319 -3.4979935 -8.9597988 20.304298 -0.000415802 -8.0975475 21.231319 -0.000415802 -8.9597988 20.304298 -3.4979935 -8.453783 22.259544 -5.5018196 -8.453783 22.259544 -3.4979935 -8.4416389 23.000351 -5.5018196 -8.5145054 23.308006 -3.4979935 -8.4578323 23.085361 -5.505867 -8.7047672 21.583508 -3.4979935 -8.7047672 21.583508 -5.5018196 -8.4780712 23.162273 -5.53825 -8.5064087 23.279671 -5.5908775 -8.5185528 23.308006 -5.6232605 -9.0690994 24.198597 -3.4979935 -8.5266495 23.336346 -5.6556473 -8.5590343 23.425404 -5.764946 -8.5630836 23.441597 -5.8337631 -9.0690994 24.198597 -5.9997368 -8.5792751 23.482079 -5.9997368 -9.0690994 24.198597 -3.4979935 -9.1622047 21.028912 -5.5018196 -9.1622047 21.028912 -3.4979935 -8.9597988 20.304298 -3.4979935 -10.141851 19.838764 -0.000415802 -8.9597988 20.304298 -0.000415802 -10.141851 19.838764 -3.4979935 -9.9799271 24.724854 -5.9997368 -9.0690994 24.198597 -5.9997368 -9.0690994 24.198597 -3.4979935 -9.9799271 24.724854 -3.4979935 -9.1622047 21.028912 -5.5018196 -10.10137 20.55933 -3.4979935 -9.1622047 21.028912 -3.4979935 -10.10137 20.55933 -5.5018196 -9.9799271 24.724854 -3.4979935 -11.028391 24.757236 -5.9997368 -9.9799271 24.724854 -5.9997368 -11.028391 24.757236 -3.4979935 -11.153883 20.587666 -5.5018196 -11.153883 20.587666 -3.4979935 -10.10137 20.55933 -5.5018196 -10.10137 20.55933 -3.4979935 -10.141851 19.838764 -3.4979935 -10.49404 19.8671 -0.000415802 -10.141851 19.838764 -0.000415802 -11.404867 19.935917 -3.4979935 -11.404867 19.935917 -0.000415802 -10.971718 25.40089 -0.000415802 -10.991959 25.477802 -3.4979935 -10.566906 25.506142 -0.000415802 -12.169964 25.012268 -3.4979935 -11.991846 25.125618 -0.000415802 -11.967558 24.287655 -5.9997368 -11.028391 24.757236 -5.9997368 -11.028391 24.757236 -3.4979935 -11.967558 24.287655 -3.4979935 -11.153883 20.587666 -5.5018196 -12.064713 21.113922 -3.4979935 -11.153883 20.587666 -3.4979935 -12.064713 21.113922 -5.5018196 -12.190205 21.25156 -5.5018196 -12.295456 21.385147 -5.5422974 -12.615257 22.00856 -3.4979935 -12.331888 21.433723 -5.5544434 -12.396658 21.53088 -5.6556473 -12.429043 21.583508 -5.7042236 -12.615257 22.00856 -3.4979935 -12.453333 21.628036 -5.8337631 -12.615257 22.00856 -5.9997368 -12.615257 22.00856 -5.9997368 -12.469524 21.660419 -5.9187737 -12.473574 21.664467 -5.9997368 -12.675979 23.057022 -3.4979935 -12.675979 23.057022 -5.9997368 -12.505959 20.567425 -3.4979935 -12.505959 20.567425 -0.000415802 -11.404867 19.935917 -3.4979935 -11.404867 19.935917 -0.000415802 -11.712524 -19.64666 -0.000415802 -11.688236 -19.436157 -3.4979935 -11.489878 -20.480574 -0.000415802 -11.497974 -20.691076 -3.4979935 -11.761103 -19.456398 -0.000415802 -11.870401 -19.055634 -0.000415802 -12.400707 -18.387693 -3.4979935 -12.469524 -18.456511 -0.000415802 -12.914819 -18.011217 -0.000415802 -13.497748 -17.756186 -3.4979935 -13.522038 -17.849293 -0.000415802 -14.764812 -17.659031 -3.4979935 -14.339759 -17.630693 -0.000415802 -11.497974 -20.691076 -3.4979935 -11.542503 -20.678932 -0.000415802 -11.489878 -20.480574 -0.000415802 -11.870401 -21.905514 -3.4979935 -11.870401 -21.905514 -0.000415802 -12.226637 -20.877291 -3.4979935 -11.870401 -21.905514 -3.4979935 -11.497974 -20.691076 -3.4979935 -12.291407 -19.828827 -3.4979935 -11.688236 -19.436157 -3.4979935 -12.841952 -18.934191 -3.4979935 -12.400707 -18.387693 -3.4979935 -12.477621 -21.553328 -3.4979935 -12.732653 -22.832535 -3.4979935 -13.752781 -18.411982 -3.4979935 -13.497748 -17.756186 -3.4979935 -12.93506 -22.107922 -3.4979935 -13.914706 -23.298069 -3.4979935 -13.878273 -22.577503 -3.4979935 -14.801246 -18.379597 -3.4979935 -14.764812 -17.659031 -3.4979935 -14.926738 -22.545118 -3.4979935 -15.177721 -23.200916 -3.4979935 -15.740411 -18.84918 -3.4979935 -15.946865 -18.124565 -3.4979935 -15.837565 -22.022911 -3.4979935 -16.278812 -22.569408 -3.4979935 -16.201897 -19.403772 -3.4979935 -16.388111 -21.128275 -3.4979935 -16.991282 -21.520943 -3.4979935 -16.809116 -19.055634 -3.4979935 -16.452881 -20.079809 -3.4979935 -17.181543 -20.266024 -3.4979935 -11.870401 -21.905514 -3.4979935 -12.198299 -22.257702 -0.000415802 -11.870401 -21.905514 -0.000415802 -12.732653 -22.832535 -3.4979935 -12.732653 -22.832535 -0.000415802 -12.732653 -22.832535 -0.000415802 -12.198299 -22.257702 -0.000415802 -11.870401 -21.905514 -3.4979935 -11.967558 24.287655 -3.4979935 -12.429043 23.733063 -5.9997368 -11.967558 24.287655 -5.9997368 -12.429043 23.733063 -3.4979935 -12.675979 23.057022 -5.9997368 -12.675979 23.057022 -3.4979935 -12.137579 24.979885 -0.000415802 -12.169964 25.012268 -3.4979935 -11.991846 25.125618 -0.000415802 -13.032214 24.0812 -3.4979935 -13.032214 24.0812 -0.000415802 -12.226637 -20.877291 -3.4979935 -12.291407 -19.828827 -5.5018196 -12.226637 -20.877291 -5.5018196 -12.3076 -21.184948 -5.5018196 -12.477621 -21.553328 -3.4979935 -12.291407 -19.828827 -3.4979935 -12.311647 -21.193045 -5.5018196 -12.356176 -21.302345 -5.5301552 -12.396658 -21.395451 -5.5544434 -12.420948 -21.43998 -5.5989723 -12.477621 -21.553328 -5.708271 -12.93506 -22.107922 -3.4979935 -12.477621 -21.557377 -5.7123222 -12.493813 -21.585712 -5.7608986 -12.93506 -22.107922 -5.9997368 -12.510006 -21.605953 -5.8701973 -12.526199 -21.634291 -5.9997368 -12.841952 -18.934191 -3.4979935 -12.841952 -18.934191 -5.5018196 -12.291407 -19.828827 -3.4979935 -12.291407 -19.828827 -5.5018196 -13.218428 21.615891 -3.4979935 -13.218428 21.615891 -0.000415802 -12.505959 20.567425 -3.4979935 -12.505959 20.567425 -0.000415802 -12.732653 -22.832535 -3.4979935 -13.914706 -23.298069 -0.000415802 -12.732653 -22.832535 -0.000415802 -13.914706 -23.298069 -3.4979935 -13.752781 -18.411982 -3.4979935 -13.752781 -18.411982 -5.5018196 -12.841952 -18.934191 -3.4979935 -12.841952 -18.934191 -5.5018196 -13.878273 -22.577503 -5.9997368 -13.878273 -22.577503 -3.4979935 -12.93506 -22.107922 -5.9997368 -12.93506 -22.107922 -3.4979935 -13.40869 22.870811 -3.4979935 -13.032214 24.0812 -3.4979935 -13.032214 24.0812 -0.000415802 -13.40869 22.870811 -0.000415802 -13.218428 21.615891 -3.4979935 -13.40869 22.870811 -0.000415802 -13.218428 21.615891 -0.000415802 -13.40869 22.870811 -3.4979935 -14.801246 -18.379597 -3.4979935 -14.801246 -18.379597 -5.5018196 -13.752781 -18.411982 -3.4979935 -13.752781 -18.411982 -5.5018196 -13.878273 -22.577503 -5.9997368 -14.926738 -22.545118 -3.4979935 -13.878273 -22.577503 -3.4979935 -14.926738 -22.545118 -5.9997368 -13.914706 -23.298069 -3.4979935 -15.177721 -23.200916 -0.000415802 -13.914706 -23.298069 -0.000415802 -15.177721 -23.200916 -3.4979935 -14.744572 -17.735945 -0.000415802 -14.764812 -17.659031 -3.4979935 -14.339759 -17.630693 -0.000415802 -15.303213 -17.885725 -0.000415802 -15.946865 -18.124565 -3.4979935 -15.7647 -18.011217 -0.000415802 -15.740411 -18.84918 -3.4979935 -15.695881 -18.812746 -5.5018196 -14.801246 -18.379597 -3.4979935 -14.801246 -18.379597 -5.5018196 -15.740411 -18.84918 -5.505867 -15.7647 -18.869421 -5.505867 -16.201897 -19.403772 -3.4979935 -15.821373 -18.922047 -5.5422974 -15.906384 -19.007057 -5.5908775 -15.946865 -19.051586 -5.6556473 -16.007587 -19.124453 -5.764946 -16.019732 -19.136597 -5.8337631 -16.201897 -19.403772 -5.9997368 -16.044022 -19.173029 -5.9997368 -16.452881 -20.079809 -5.9997368 -16.452881 -20.079809 -3.4979935 -15.837565 -22.022911 -5.9997368 -15.837565 -22.022911 -3.4979935 -14.926738 -22.545118 -5.9997368 -14.926738 -22.545118 -3.4979935 -15.177721 -23.200916 -3.4979935 -15.303213 -23.132097 -0.000415802 -15.177721 -23.200916 -0.000415802 -16.278812 -22.569408 -3.4979935 -16.278812 -22.569408 -0.000415802 -15.910432 -18.15695 -0.000415802 -15.946865 -18.124565 -3.4979935 -15.7647 -18.011217 -0.000415802 -16.809116 -19.055634 -3.4979935 -16.809116 -19.055634 -0.000415802 -15.837565 -22.022911 -5.9997368 -16.388111 -21.128275 -3.4979935 -15.837565 -22.022911 -3.4979935 -16.388111 -21.128275 -5.9997368 -16.991282 -21.520943 -3.4979935 -16.991282 -21.520943 -0.000415802 -16.278812 -22.569408 -3.4979935 -16.489315 -22.257702 -0.000415802 -16.278812 -22.569408 -0.000415802 -16.388111 -21.128275 -5.9997368 -16.452881 -20.079809 -3.4979935 -16.388111 -21.128275 -3.4979935 -16.452881 -20.079809 -5.9997368 -16.991282 -19.64666 -0.000415802 -16.809116 -19.055634 -3.4979935 -16.809116 -19.055634 -0.000415802 -17.181543 -20.266024 -3.4979935 -17.181543 -20.266024 -0.000415802 -17.181543 -20.266024 -3.4979935 -17.181543 -20.266024 -0.000415802 -16.991282 -21.520943 -3.4979935 -16.991282 -21.520943 -0.000415802 -19.573986 -12.372177 -4.5019302 -19.788536 -13.076551 -0.000415802 -19.573986 -12.372177 -0.000415802 -19.788536 -13.076551 -4.5019302 -19.683285 -11.647562 -4.5019302 -19.573986 -12.372177 -4.5019302 -19.573986 -12.372177 -0.000415802 -19.683285 -11.647562 -0.000415802 -19.573986 12.127083 -4.5019302 -19.788536 11.426758 -0.000415802 -19.573986 12.127083 -0.000415802 -19.788536 11.426758 -4.5019302 -19.683285 12.851696 -4.5019302 -19.573986 12.127083 -4.5019302 -19.573986 12.127083 -0.000415802 -19.683285 12.851696 -0.000415802 -19.683285 -11.647562 -4.5019302 -20.096195 -11.040344 -4.5019302 -19.573986 -12.372177 -4.5019302 -20.73175 -10.671965 -4.5019302 -21.464462 -10.619339 -4.5019302 -22.646515 -11.424915 -4.5019302 -19.788536 -13.076551 -4.5019302 -22.861065 -12.125242 -4.5019302 -20.286457 -13.614952 -4.5019302 -22.751766 -12.853905 -4.5019302 -20.970591 -13.882128 -4.5019302 -21.7033 -13.825455 -4.5019302 -22.148594 -10.886515 -4.5019302 -22.338856 -13.461123 -4.5019302 -22.646515 13.074345 -4.5019302 -19.788536 11.426758 -4.5019302 -19.573986 12.127083 -4.5019302 -19.683285 12.851696 -4.5019302 -20.096195 13.458916 -4.5019302 -22.861065 12.37402 -4.5019302 -22.751766 11.645355 -4.5019302 -22.338856 11.042187 -4.5019302 -21.7033 10.673805 -4.5019302 -20.970591 10.61713 -4.5019302 -20.286457 10.888355 -4.5019302 -20.73175 13.827297 -4.5019302 -21.464462 13.879921 -4.5019302 -22.148594 13.612743 -4.5019302 -19.683285 -11.647562 -0.000415802 -20.096195 -11.040344 -4.5019302 -19.683285 -11.647562 -4.5019302 -20.096195 -11.040344 -0.000415802 -19.683285 12.851696 -0.000415802 -20.096195 13.458916 -4.5019302 -19.683285 12.851696 -4.5019302 -20.096195 13.458916 -0.000415802 -20.286457 -13.614952 -4.5019302 -20.286457 -13.614952 -0.000415802 -19.788536 -13.076551 -4.5019302 -19.788536 -13.076551 -0.000415802 -20.286457 10.888355 -4.5019302 -20.286457 10.888355 -0.000415802 -19.788536 11.426758 -4.5019302 -19.788536 11.426758 -0.000415802 -20.096195 -11.040344 -0.000415802 -20.73175 -10.671965 -4.5019302 -20.096195 -11.040344 -4.5019302 -20.73175 -10.671965 -0.000415802 -20.096195 13.458916 -0.000415802 -20.73175 13.827297 -4.5019302 -20.096195 13.458916 -4.5019302 -20.73175 13.827297 -0.000415802 -20.286457 -13.614952 -4.5019302 -20.812714 -13.817358 -0.000415802 -20.286457 -13.614952 -0.000415802 -20.970591 -13.882128 -4.5019302 -20.970591 -13.882128 -0.000415802 -20.286457 10.888355 -4.5019302 -20.812714 10.6819 -0.000415802 -20.286457 10.888355 -0.000415802 -20.970591 10.61713 -4.5019302 -20.970591 10.61713 -0.000415802 -20.812714 -10.667915 -0.000415802 -20.73175 -10.671965 -4.5019302 -20.73175 -10.671965 -0.000415802 -21.464462 -10.619339 -4.5019302 -21.464462 -10.619339 -0.000415802 -20.812714 13.831345 -0.000415802 -20.73175 13.827297 -4.5019302 -20.73175 13.827297 -0.000415802 -21.464462 13.879921 -4.5019302 -21.464462 13.879921 -0.000415802 -21.7033 -13.825455 -4.5019302 -21.7033 -13.825455 -0.000415802 -20.970591 -13.882128 -4.5019302 -20.970591 -13.882128 -0.000415802 -21.7033 10.673805 -4.5019302 -21.7033 10.673805 -0.000415802 -20.970591 10.61713 -4.5019302 -20.970591 10.61713 -0.000415802 -22.148594 -10.886515 -4.5019302 -21.464462 -10.619339 -4.5019302 -21.464462 -10.619339 -0.000415802 -22.148594 -10.886515 -0.000415802 -22.148594 13.612743 -4.5019302 -21.464462 13.879921 -4.5019302 -21.464462 13.879921 -0.000415802 -22.148594 13.612743 -0.000415802 -21.7033 -13.825455 -4.5019302 -22.338856 -13.461123 -0.000415802 -21.7033 -13.825455 -0.000415802 -22.338856 -13.461123 -4.5019302 -21.7033 10.673805 -4.5019302 -22.338856 11.042187 -0.000415802 -21.7033 10.673805 -0.000415802 -22.338856 11.042187 -4.5019302 -22.063583 -2.3935471 -3.4979935 -22.108112 -2.3814011 -0.000415802 -22.055489 -2.178997 -0.000415802 -22.436012 -3.6039352 -3.4979935 -22.436012 -3.6039352 -0.000415802 -22.253845 -1.1386261 -3.4979935 -22.063583 -2.3935471 -3.4979935 -22.055489 -2.178997 -0.000415802 -22.326712 -1.1588669 -0.000415802 -22.436012 -0.75405502 -0.000415802 -22.966316 -0.09016037 -3.4979935 -23.035133 -0.15493393 -0.000415802 -23.480429 0.29036331 -0.000415802 -24.063358 0.5453949 -3.4979935 -24.087646 0.45228577 -0.000415802 -25.330421 0.63850021 -3.4979935 -24.905369 0.67088699 -0.000415802 -22.792248 -2.5797615 -3.4979935 -22.436012 -3.6039352 -3.4979935 -22.063583 -2.3935471 -3.4979935 -22.857018 -1.5312958 -3.4979935 -22.253845 -1.1386261 -3.4979935 -23.407562 -0.63665771 -3.4979935 -22.966316 -0.09016037 -3.4979935 -23.04323 -3.2557983 -3.4979935 -23.298264 -4.5350037 -3.4979935 -24.31839 -0.11040115 -3.4979935 -24.063358 0.5453949 -3.4979935 -23.500669 -3.8103905 -3.4979935 -24.480316 -4.9964905 -3.4979935 -24.443882 -4.2799721 -3.4979935 -25.366856 -0.078018188 -3.4979935 -25.330421 0.63850021 -3.4979935 -25.492348 -4.2475891 -3.4979935 -25.74333 -4.9033852 -3.4979935 -26.306021 -0.54759979 -3.4979935 -26.508427 0.1770134 -3.4979935 -26.403175 -3.7213326 -3.4979935 -26.844421 -4.2678299 -3.4979935 -26.767508 -1.1021957 -3.4979935 -26.95372 -2.8266945 -3.4979935 -27.55689 -3.2193642 -3.4979935 -27.374725 -0.75405502 -3.4979935 -27.01849 -1.7782326 -3.4979935 -27.747154 -1.9644432 -3.4979935 -22.148594 -10.886515 -0.000415802 -22.646515 -11.424915 -4.5019302 -22.148594 -10.886515 -4.5019302 -22.646515 -11.424915 -0.000415802 -22.646515 -11.424915 -4.5019302 -22.148594 -10.886515 -0.000415802 -22.148594 13.612743 -0.000415802 -22.646515 13.074345 -4.5019302 -22.148594 13.612743 -4.5019302 -22.646515 13.074345 -0.000415802 -22.646515 13.074345 -4.5019302 -22.148594 13.612743 -0.000415802 -22.338856 -13.461123 -4.5019302 -22.751766 -12.853905 -0.000415802 -22.338856 -13.461123 -0.000415802 -22.751766 -12.853905 -4.5019302 -22.338856 11.042187 -4.5019302 -22.751766 11.645355 -0.000415802 -22.338856 11.042187 -0.000415802 -22.751766 11.645355 -4.5019302 -23.298264 -4.5350037 -3.4979935 -23.298264 -4.5350037 -0.000415802 -22.436012 -3.6039352 -3.4979935 -22.436012 -3.6039352 -0.000415802 -22.861065 -12.125242 -4.5019302 -22.646515 -11.424915 -4.5019302 -22.646515 -11.424915 -0.000415802 -22.861065 -12.125242 -0.000415802 -22.861065 12.37402 -4.5019302 -22.646515 13.074345 -4.5019302 -22.646515 13.074345 -0.000415802 -22.861065 12.37402 -0.000415802 -22.861065 -12.125242 -4.5019302 -22.861065 -12.125242 -0.000415802 -22.751766 -12.853905 -4.5019302 -22.861065 -12.125242 -0.000415802 -22.751766 -12.853905 -0.000415802 -22.751766 -12.853905 -4.5019302 -22.861065 12.37402 -4.5019302 -22.861065 12.37402 -0.000415802 -22.751766 11.645355 -4.5019302 -22.861065 12.37402 -0.000415802 -22.751766 11.645355 -0.000415802 -22.751766 11.645355 -4.5019302 -23.04323 -3.2557983 -5.5018196 -23.04323 -3.2557983 -3.4979935 -22.792248 -2.5797615 -5.5018196 -22.792248 -2.5797615 -3.4979935 -23.500669 -3.8103905 -5.5018196 -23.500669 -3.8103905 -3.4979935 -22.792248 -2.5797615 -3.4979935 -22.857018 -1.5312958 -5.5018196 -22.792248 -2.5797615 -5.5018196 -22.857018 -1.5312958 -3.4979935 -23.407562 -0.63665771 -5.5018196 -22.857018 -1.5312958 -5.5018196 -22.857018 -1.5312958 -3.4979935 -23.407562 -0.63665771 -3.4979935 -24.480316 -4.9964905 -3.4979935 -24.480316 -4.9964905 -0.000415802 -23.298264 -4.5350037 -3.4979935 -23.298264 -4.5350037 -0.000415802 -24.31839 -0.11040115 -5.5018196 -23.407562 -0.63665771 -5.5018196 -23.407562 -0.63665771 -3.4979935 -24.31839 -0.11040115 -3.4979935 -24.500557 -0.065872192 -5.5018196 -25.366856 -0.078018188 -3.4979935 -24.585567 -0.053730011 -5.505867 -24.666529 -0.045631409 -5.53825 -24.783924 -0.033489227 -5.5908775 -24.844646 -0.029441833 -5.6556473 -24.941801 -0.029441833 -5.764946 -24.957994 -0.029441833 -5.8337631 -25.366856 -0.078018188 -5.9997368 -24.998476 -0.029441833 -5.9997368 -24.957994 -0.029441833 -5.8337631 -26.306021 -0.54759979 -5.9997368 -26.306021 -0.54759979 -3.4979935 -24.140272 -4.1868668 -5.5018196 -24.443882 -4.2799721 -3.4979935 -23.500669 -3.8103905 -5.5018196 -23.500669 -3.8103905 -3.4979935 -24.302198 -4.2394905 -5.5422974 -24.358871 -4.2597313 -5.5544434 -24.443882 -4.2759247 -5.6273079 -25.492348 -4.2475891 -3.4979935 -24.472219 -4.2840195 -5.6556473 -24.532942 -4.2961655 -5.708271 -24.585567 -4.3042603 -5.8337631 -25.492348 -4.2475891 -5.9997368 -24.617952 -4.3083115 -5.9187737 -24.626047 -4.3123589 -5.9997368 -25.74333 -4.9033852 -3.4979935 -25.310181 -4.9357681 -0.000415802 -24.480316 -4.9964905 -3.4979935 -24.480316 -4.9964905 -0.000415802 -25.74333 -4.9033852 -0.000415802 -25.310181 0.56158447 -0.000415802 -25.330421 0.63850021 -3.4979935 -24.905369 0.67088699 -0.000415802 -26.508427 0.1770134 -3.4979935 -25.310181 0.56158447 -0.000415802 -26.330309 0.29036331 -0.000415802 -25.492348 -4.2475891 -5.9997368 -26.403175 -3.7213326 -3.4979935 -25.492348 -4.2475891 -3.4979935 -26.403175 -3.7213326 -5.9997368 -25.74333 -4.9033852 -3.4979935 -26.844421 -4.2678299 -0.000415802 -25.74333 -4.9033852 -0.000415802 -26.844421 -4.2678299 -3.4979935 -26.306021 -0.54759979 -3.4979935 -26.767508 -1.1021957 -5.9997368 -26.306021 -0.54759979 -5.9997368 -26.767508 -1.1021957 -3.4979935 -27.01849 -1.7782326 -5.9997368 -27.01849 -1.7782326 -3.4979935 -26.476042 0.14057922 -0.000415802 -26.508427 0.1770134 -3.4979935 -26.330309 0.29036331 -0.000415802 -27.374725 -0.75405502 -3.4979935 -27.374725 -0.75405502 -0.000415802 -26.95372 -2.8266945 -5.9997368 -26.95372 -2.8266945 -3.4979935 -26.403175 -3.7213326 -5.9997368 -26.403175 -3.7213326 -3.4979935 -27.55689 -3.2193642 -3.4979935 -27.55689 -3.2193642 -0.000415802 -26.844421 -4.2678299 -3.4979935 -26.844421 -4.2678299 -0.000415802 -27.01849 -1.7782326 -5.9997368 -27.01849 -1.7782326 -3.4979935 -26.95372 -2.8266945 -5.9997368 -26.95372 -2.8266945 -3.4979935 -27.374725 -0.75405502 -0.000415802 -27.747154 -1.9644432 -3.4979935 -27.374725 -0.75405502 -3.4979935 -27.747154 -1.9644432 -0.000415802 -27.747154 -1.9644432 -3.4979935 -27.747154 -1.9644432 -0.000415802 -27.55689 -3.2193642 -3.4979935 -27.55689 -3.2193642 -0.000415802 </float_array>
          <technique_common>
            <accessor count="6625" offset="0" source="#meshId1-positions-array" stride="3">
              <param name="X" type="float" />
              <param name="Y" type="float" />
              <param name="Z" type="float" />
            </accessor>
          </technique_common>
        </source>
        <source id="meshId1-normals" name="meshId1-normals">
          <float_array id="meshId1-normals-array" count="19875"> 0.97552198 0.21990186 0 0.9984476 0.055698566 0 0.9984476 0.055698566 0 0.99391007 -0.11019435 0 0.99391007 -0.11019435 0 0.97552198 0.21990186 0 0.96197867 -0.27312458 0 0.96197867 -0.27312458 0 0.92599326 0.3775399 0 0.92599326 0.3775399 0 0.90410888 -0.42730224 0 0.90410888 -0.42730224 0 0.85101044 0.52514875 0 0.85101044 0.52514875 0 0.82229024 -0.56906837 0 0.82229024 -0.56906837 0 0.75377268 0.65713519 0 0.75377268 0.65713519 0 0.71672595 -0.69735503 0 0.71672595 -0.69735503 0 0.63638306 0.77137315 0 0.63638306 0.77137315 0 0.59077066 -0.80683953 0 0.65713519 -0.75377268 0 0.503039 0.86426377 0 0.503039 0.86426377 0 0.45246714 -0.89178103 0 0.52514875 -0.85101044 0 0.45246714 -0.89178103 0 0.35610038 0.93444771 0 0.35610038 0.93444771 0 0.29925245 -0.95417386 0 0.29925245 -0.95417386 0 0.20636111 0.97847599 0 0.20636111 0.97847599 0 0.13678671 -0.99060047 0 0.21990186 -0.97552198 0 0.049221642 0.99878788 0 0.049221642 0.99878788 0 -0.02815786 -0.99960351 0 0.055698495 -0.99844754 0 -0.02815786 -0.99960351 0 -0.11019435 0.99391007 0 -0.11019435 0.99391007 0 -0.19302191 -0.9811945 0 -0.19302191 -0.9811945 0 -0.2645416 0.9643743 0 -0.2645416 0.9643743 0 -0.3500194 -0.93674237 0 -0.3500194 -0.93674237 0 -0.41477928 0.90992206 0 -0.41477928 0.90992206 0 -0.4998768 -0.86609656 0 -0.4998768 -0.86609656 0 -0.55344743 0.83288401 0 -0.55344743 0.83288401 0 -0.63937086 -0.76889855 0 -0.63937086 -0.76889855 0 -0.67747569 0.73554516 0 -0.67747569 0.73554516 0 -0.75886685 -0.65124577 0 -0.75886685 -0.65124577 0 -0.78354388 0.62133652 0 -0.78354388 0.62133652 0 -0.85678113 -0.51568019 0 -0.85678113 -0.51568019 0 -0.87327665 0.48722461 0 -0.87327665 0.48722461 0 -0.93090564 -0.36525998 0 -0.93090564 -0.36525998 0 -0.93898451 0.34395966 0 -0.93898451 0.34395966 0 -0.97959107 -0.201001 0 -0.97959107 -0.201001 0 -0.98119444 0.19302182 0 -0.98119444 0.19302182 0 -0.99280459 -0.11974617 0 -0.99280459 -0.11974617 0 -0.99337095 0.11495335 0 -0.99337095 0.11495335 0 0 0 -1 0 0 -1 0 0 -1 0 0 -1 0 0 -1 0 0 -1 0 0 -1 0 0 -1 0 0 -1 0 0 -1 0 0 -1 0 0 -1 0 0 -1 0 0 -1 0 0 -1 0 0 -1 0 0 -1 0 0 -1 0 0 -1 0 0 -1 0 0 -1 0 0 -1 0 0 -1 0 0 -1 0 0 -1 0 0 -1 0 0 -1 0 0 -1 0 0 -1 0 0 -1 0 0 -1 0 0 -1 0 0 -1 0 0 -1 0 0 -1 0 0 -1 0 0 -1 0 0 -1 0 0 -1 0 0 -1 0 0 -1 0 0 1 0 0 1 0 0 1 0 0 1 0 0 1 0 0 1 0 0 1 0 0 1 0 0 1 0 0 1 0 0 1 0 0 1 0 0 1 0 0 1 0 0 1 0 0 1 0 0 1 0 0 1 0 0 1 0 0 1 0 0 1 0 0 1 0 0 1 0 0 1 0 0 1 0 0 1 0 0 1 0 0 1 0 0 1 0 0 1 0 0 1 0 0 1 0 0 1 0 0 1 0 0 1 0 0 1 0 0 1 0 0 1 0 0 1 0 0 1 0 0 1 0 0 1 0 0 1 0 0 1 0 0 1 0 0 1 0 0 1 0 0 1 0 0 1 0 0 1 0 0 1 0 0 1 0 0 1 0 0 1 0 0 1 0 0 1 0 0 1 0 0 1 0 0 1 0 0 1 0 0 1 0 0 1 0 0 1 0 0 1 0 0 1 0 0 1 0 0 1 0 0 1 0 0 1 0 0 1 0 0 1 0 0 1 0 0 1 0 0 1 0 0 1 0 0 1 0 0 1 0 0 1 0 0 1 0 0 1 0 0 1 0 0 1 0 0 1 0.99060047 0.13678671 0 0.99060047 0.13678671 0 0.99960351 -0.02815786 0 0.99960351 -0.02815786 0 0.9811945 -0.19302191 0 0.9811945 -0.19302191 0 0.95417398 0.29925257 0 0.95417398 0.29925257 0 0.93674237 -0.3500194 0 0.93674237 -0.3500194 0 0.89178103 0.45246714 0 0.89178103 0.45246714 0 0.86609656 -0.4998768 0 0.86609656 -0.4998768 0 0.80683964 0.59077054 0 0.80683964 0.59077054 0 0.77137327 -0.63638294 0 0.77137327 -0.63638294 0 0.69735503 0.71672595 0 0.69735503 0.71672595 0 0.65713519 -0.75377268 0 0.65713519 -0.75377268 0 0.56906837 0.82229024 0 0.56906837 0.82229024 0 0.52514875 -0.85101044 0 0.52514875 -0.85101044 0 0.42730212 0.90410888 0 0.42730212 0.90410888 0 0.3775399 -0.92599326 0 0.3775399 -0.92599326 0 0.27312458 0.96197867 0 0.27312458 0.96197867 0 0.21990186 -0.97552198 0 0.21990186 -0.97552198 0 0.11019435 0.99391007 0 0.11019435 0.99391007 0 0.055698495 -0.99844754 0 0.055698495 -0.99844754 0 -0.055698566 0.9984476 0 -0.055698566 0.9984476 0 -0.11019435 -0.99391007 0 -0.11019435 -0.99391007 0 -0.21990186 0.97552198 0 -0.21990186 0.97552198 0 -0.27312458 -0.96197867 0 -0.27312458 -0.96197867 0 -0.3775399 0.92599326 0 -0.3775399 0.92599326 0 -0.42730224 -0.90410888 0 -0.42730224 -0.90410888 0 -0.52514875 0.85101044 0 -0.52514875 0.85101044 0 -0.56906837 -0.82229024 0 -0.56906837 -0.82229024 0 -0.65713519 0.75377268 0 -0.65713519 0.75377268 0 -0.69735503 -0.71672595 0 -0.69735503 -0.71672595 0 -0.77137315 0.63638306 0 -0.77137315 0.63638306 0 -0.80683953 -0.59077066 0 -0.80683953 -0.59077066 0 -0.86609656 0.4998768 0 -0.86609656 0.4998768 0 -0.89178103 -0.45246714 0 -0.89178103 -0.45246714 0 -0.93674237 0.3500194 0 -0.93674237 0.3500194 0 -0.95417386 -0.29925245 0 -0.95417386 -0.29925245 0 -0.98119444 0.19302182 0 -0.98119444 0.19302182 0 -0.99060047 -0.13678671 0 -0.99060047 -0.13678671 0 -0.99960351 0.02815786 0 -0.99960351 0.02815786 0 0 0 1 0 0 1 0 0 1 0 0 1 0 0 1 0 0 1 0 0 1 0 0 1 0 0 1 0 0 1 0 0 1 0 0 1 0 0 1 0 0 1 0 0 1 0 0 1 0 0 1 0 0 1 0 0 1 0 0 1 0 0 1 0 0 1 0 0 1 0 0 1 0 0 1 0 0 1 0 0 1 0 0 1 0 0 1 0 0 1 0 0 1 0 0 1 0 0 1 0 0 1 0 0 1 0 0 1 0 0 1 0 0 1 0 0 -1 0 0 -1 0 0 -1 0 0 -1 0 0 -1 0 0 -1 0 0 -1 0 0 -1 0 0 -1 0 0 -1 0 0 -1 0 0 -1 0 0 -1 0 0 -1 0 0 -1 0 0 -1 0 0 -1 0 0 -1 0 0 -1 0 0 -1 0 0 -1 0 0 -1 0 0 -1 0 0 -1 0 0 -1 0 0 -1 0 0 -1 0 0 -1 0 0 -1 0 0 -1 0 0 -1 0 0 -1 0 0 -1 0 0 -1 0 0 -1 0 0 -1 0 0 -1 0 0 -1 0 0 -1 0 0 -1 0 0 -1 0 0 -1 0 0 -1 0 0 -1 0 0 -1 0 0 -1 0 0 -1 0 0 -1 0 0 -1 0 0 -1 0 0 -1 0 0 -1 0 0 -1 0 0 -1 0 0 -1 0 0 -1 0 0 -1 0 0 -1 0 0 -1 0 0 -1 0 0 -1 0 0 -1 0 0 -1 0 0 -1 0 0 -1 0 0 -1 0 0 -1 0 0 -1 0 0 -1 0 0 -1 0 0 -1 0 0 -1 0 0 -1 0 0 -1 0 0 -1 0 0 -1 0 0 -1 0 0 -1 0 0 -1 0 0 -1 0.026950313 -0.25970328 0.9653123 0.026996944 0.26260623 0.9645254 0.019996008 -0.0019995887 0.99979812 -0.0044150371 -0.13245165 0.99117959 -0.0044066701 0.1299973 0.99150455 0.026950238 0.25970334 -0.9653123 0.026996866 -0.2626062 -0.9645254 0.019995946 0.0019995885 -0.99979806 -0.0044150371 0.13245165 -0.99117959 -0.0043983753 -0.12755141 -0.99182224 0.029872883 0.28379202 0.9584204 0.029872883 -0.28379202 -0.9584204 0.027366029 -0.28609887 0.95780933 0.027366029 0.28609887 -0.95780933 0.039737966 0.66419137 0.74650556 0.080786251 0.45685995 0.88586271 0.039737966 -0.66419131 -0.74650568 0.080786161 -0.45686004 -0.88586271 0.025322068 -0.67525315 0.73715127 0.078010127 -0.46248886 0.88318658 0.025321981 0.67525309 -0.73715132 0.078010209 0.46248877 -0.88318658 -0.011054871 0.6052565 0.79595369 -0.011054871 -0.6052565 -0.79595369 -0.011066202 -0.61141002 0.79123652 -0.011060617 0.60833627 -0.79360229 -0.011060617 -0.60833627 0.79360229 -0.011054871 -0.6052565 -0.79595369 0.0027729466 0.70710409 0.70710409 0.0027729466 -0.70710409 -0.70710409 0.025336513 -0.72631121 0.68689895 0.025336426 0.72631115 -0.68689895 0.024584103 0.85771543 0.51353663 0.024584103 -0.85771543 -0.51353663 0.025856007 -0.93081695 0.36456999 0.061981596 -0.8423872 0.5352962 0.061981596 0.8423872 -0.5352962 0.025856085 0.93081683 -0.36456999 0.028297139 0.93637645 0.34985486 -0.018153518 0.92323148 0.38381532 0.028297061 -0.93637645 -0.34985495 -0.018153518 -0.92323148 -0.38381532 -0.018128054 -0.92452621 0.38068724 -0.018127974 0.92452621 -0.38068721 -0.002394266 -0.96725762 0.2537854 -0.0023941929 0.96725756 -0.25378546 0.0095937606 0.96895874 0.24703644 0.009593687 -0.96895874 -0.24703652 0.0079675717 0.99991876 0.0099593122 0.0079674488 -0.9999187 -0.0099593718 0.0079517541 -0.99993682 -0.0079518147 0.0079518752 0.99993676 0.0079517541 0.68054193 -0.10651965 0.72492504 0.68054193 -0.10651965 0.72492504 0.68054193 -0.10651965 0.72492504 1 0 0 1 0 0 1 0 0 1 0 0 1 0 0 1 0 0 1 0 0 1 0 0 1 0 0 1 0 0 1 0 0 1 0 0 1 0 0 1 0 0 1 0 0 1 0 0 1 0 0 1 0 0 1 0 0 1 0 0 1 0 0 1 0 0 1 0 0 1 0 0 1 0 0 1 0 0 0 0.25885594 0.96591592 0 0.25885594 0.96591592 0 0.25885594 0.96591592 0 0.25885594 0.96591592 0 -0.25885594 0.96591592 0 -0.25885594 0.96591592 0 -0.25885594 0.96591592 0 -0.25885594 0.96591592 0 0.70572162 0.70848918 0 0.70572162 0.70848918 0 0.70572162 0.70848918 0 0.70572162 0.70848918 0 -0.70572162 0.70848918 0 -0.70572162 0.70848918 0 -0.70572162 0.70848918 0 -0.70572162 0.70848918 0 0.96591592 0.25885594 0 0.96591592 0.25885594 0 0.96591592 0.25885594 0 0.96591592 0.25885594 0 -0.96591592 0.25885594 0 -0.96591592 0.25885594 0 -0.96591592 0.25885594 0 -0.96591592 0.25885594 0 0.96591592 -0.25885594 0 0.96591592 -0.25885594 0 0.96591592 -0.25885594 0 0.96591592 -0.25885594 0 -0.96591592 -0.25885594 0 -0.96591592 -0.25885594 0 -0.96591592 -0.25885594 0 -0.96591592 -0.25885594 0 0.70848918 -0.70572162 0 0.70848918 -0.70572162 0 0.70848918 -0.70572162 0 0.70848918 -0.70572162 0 -0.70848918 -0.70572162 0 -0.70848918 -0.70572162 0 -0.70848918 -0.70572162 0 -0.70848918 -0.70572162 0 0.25885594 -0.96591592 0 0.25885594 -0.96591592 0 0.25885594 -0.96591592 0 0.25885594 -0.96591592 0 -0.25885594 -0.96591592 0 -0.25885594 -0.96591592 0 -0.25885594 -0.96591592 0 -0.25885594 -0.96591592 1 0 0 0.85770851 0.25639677 0.44564208 0.85678113 0 0.51568019 0.85770845 -0.25639689 0.44564211 0.85770851 0.44564208 0.25639677 0.85770851 -0.44564208 0.25639677 0.85678113 0.51568019 0 0.85678113 -0.51568019 0 0.85770845 0.44564211 -0.25639689 0.85770845 -0.44564211 -0.25639689 0.85770851 0.25639677 -0.44564208 0.85770845 -0.25639689 -0.44564211 0.85678113 0 -0.51568019 -0.70149285 -0.71262759 -0.0083510727 -0.68552077 -0.6823473 0.25389662 -0.70149285 -0.71262759 -0.0083510727 -0.64226401 -0.68158633 -0.35062379 -0.67821777 -0.69089472 -0.25037012 -0.6382373 -0.67771596 0.36517704 -0.66719013 -0.64076668 0.37983587 -0.66451102 -0.64136869 -0.38349879 -0.58808964 -0.62188786 -0.51711327 -0.55396235 -0.64178574 0.53031766 -0.49639553 -0.52993584 0.68757498 -0.53730017 -0.6386776 -0.55081707 -0.49764913 -0.50098902 -0.70806444 -0.39371136 -0.42892137 -0.81303006 -0.56589365 -0.5963909 0.56928223 -0.44079483 -0.42458901 0.79083753 -0.43652764 -0.42035991 -0.79545039 -0.26663801 -0.37748757 -0.88679612 -0.32837072 -0.37133521 0.86849457 -0.27013388 -0.37818751 0.88543892 -0.18101956 -0.22095026 0.95833862 -0.18101956 -0.22095026 -0.95833862 -0.16434306 -0.20347236 0.96518928 -0.096818067 -0.089902647 0.99123347 -0.16730039 -0.20389737 -0.96459132 -0.094318181 -0.089717314 -0.99149126 -0.094318181 -0.089717314 -0.99149126 -0.096818067 -0.089902647 0.99123347 0.016125331 -0.014109671 -0.99977046 0.014081721 -0.014081721 0.99980164 0.20389737 0.16730039 0.96459132 0.089717381 0.094318114 0.99149126 0.089902505 0.096818209 -0.99123347 0.20347236 0.16434306 -0.96518928 0.22095034 0.18101947 -0.95833862 0.22095042 0.18101947 0.9583385 0.49828485 0.44218636 0.74577713 0.3774876 0.26663813 0.88679612 0.37818739 0.27013397 -0.88543892 0.49650088 0.45678097 -0.73813146 0.42036012 0.43652755 0.79545027 0.4245891 0.44079465 -0.79083765 0.52993584 0.49639553 -0.68757498 0.50098914 0.49764901 0.70806444 0.62188774 0.58808964 0.51711333 0.67771596 0.6382373 -0.36517704 0.64178574 0.55396235 -0.53031766 0.68158633 0.64226401 0.35062379 0.64136893 0.66451079 0.38349879 0.64076668 0.66719013 -0.37983587 0.6823473 0.68552077 -0.25389662 0.69089484 0.67821771 0.25037012 0.71262759 0.70149285 0.0083510727 0.71262759 0.70149285 0.0083510727 -0.6436339 0.67647243 0.35793933 -0.70149285 0.71262759 0.0083510727 -0.70149285 0.71262759 0.0083510727 -0.67821771 0.69089484 0.25037012 -0.68552089 0.68234718 -0.25389662 -0.67975283 0.69548798 -0.2328784 -0.66719013 0.64076668 -0.37983587 -0.66451102 0.64136869 0.38349879 -0.54745656 0.63869941 0.54069787 -0.55396235 0.64178574 -0.53031766 -0.54137832 0.62258518 -0.56506383 -0.53483176 0.60253191 -0.59237695 -0.53483176 0.60253191 0.59237695 -0.45304424 0.49603388 -0.74074388 -0.50167227 0.50501668 -0.70234108 -0.45304412 0.49603397 0.74074388 -0.49764901 0.50098914 0.70806444 -0.44079483 0.42458901 -0.79083753 -0.43652746 0.42035985 0.79545033 -0.26663789 0.37748754 0.88679612 -0.27013373 0.37818742 -0.8854388 -0.18101946 0.22095023 -0.95833862 -0.18101946 0.22095023 0.95833862 -0.16434306 0.20347236 -0.96518928 -0.096818134 0.08990258 -0.99123347 -0.16730039 0.20389737 0.96459132 -0.094318114 0.089717381 0.99149126 0.014081782 0.01408166 0.99980164 0.014081782 0.01408166 -0.99980164 0.20389737 -0.16730039 -0.96459132 0.089717314 -0.094318181 -0.99149126 0.20347236 -0.16434306 0.96518928 0.08990258 -0.096818134 0.99123347 0.22095037 -0.18101957 0.95833862 0.22095026 -0.18101956 -0.95833862 0.49828473 -0.44218647 -0.74577713 0.37748757 -0.26663801 -0.88679612 0.496501 -0.45678085 0.73813146 0.3781876 -0.27013388 0.88543886 0.42035991 -0.43652764 -0.79545039 0.4245891 -0.44079474 0.79083753 0.52993578 -0.49639565 0.68757498 0.50098896 -0.49764913 -0.7080645 0.62188786 -0.58808964 -0.51711327 0.67771596 -0.6382373 0.36517704 0.64178562 -0.55396247 0.53031766 0.64146376 -0.56718898 -0.51654708 0.64136875 -0.66451097 -0.38349891 0.64076674 -0.66719002 0.37983587 0.64076674 -0.66719002 0.37983587 0.69767857 -0.68837619 -0.19845079 0.64136875 -0.66451097 -0.38349891 0.68234718 -0.68552089 0.25389662 0.69089472 -0.67821777 -0.25037012 0.71262759 -0.70149285 -0.0083510727 0.71262759 -0.70149285 -0.0083510727 0.70572162 -0.70848918 0 0.70572162 -0.70848918 0 0.70572162 -0.70848918 0 0.70572162 -0.70848918 0 0.70710409 -0.70710409 0.0027729466 0.70848918 -0.70572162 0 0.70848918 -0.70572162 0 0.70572162 -0.70848918 0 0.70572162 -0.70848918 0 0.70572162 -0.70848918 0 0.70572162 -0.70848918 0 0.70710409 -0.70710409 -0.0027729466 0.70572162 -0.70848918 0 0.70848918 -0.70572162 0 0.70572162 -0.70848918 0 0.70572162 -0.70848918 0 0.70710409 -0.70710409 0.0027729466 0.70710409 -0.70710409 0.0027729466 0.70572162 -0.70848918 0 0.70572162 -0.70848918 0 0.70710409 -0.70710409 -0.0027729466 0.70710409 -0.70710409 -0.0027729466 0.70848918 -0.70572162 0 0.70572162 -0.70848918 0 0.70572162 -0.70848918 0 0.70848918 -0.70572162 0 0.70710409 0.70710409 -0.0027729466 0.70710409 0.70710409 -0.0027729466 0.70710409 0.70710409 -0.0027729466 0.70572162 0.70848918 0 0.70848918 0.70572162 0 0.70848918 0.70572162 0 0.70572162 0.70848918 0 0.70848918 0.70572162 0 0.70848918 0.70572162 0 0.70710409 0.70710409 -0.0027729466 0.70848918 0.70572162 0 0.70572162 0.70848918 0 0.70572162 0.70848918 0 0.70710409 0.70710409 0.0027729466 0.70572162 0.70848918 0 0.70572162 0.70848918 0 0.70710409 0.70710409 0.0027729466 0.70848918 0.70572162 0 0.70848918 0.70572162 0 0.70848918 0.70572162 0 0.70572162 0.70848918 0 0.70572162 0.70848918 0 0.70572162 0.70848918 0 0.70848918 0.70572162 0 0.70710409 0.70710409 -0.0027729466 0.70710409 0.70710409 -0.0027729466 -0.68327677 -0.68327695 0.25742057 -0.68327677 -0.68327695 0.25742057 -0.68327677 -0.68327695 0.25742057 -0.68327677 -0.68327695 0.25742057 -0.68327689 -0.68327689 -0.25742057 -0.68327689 -0.68327689 -0.25742057 -0.68327689 -0.68327689 -0.25742057 -0.68327689 -0.68327689 -0.25742057 -0.68327677 0.68327695 0.25742057 -0.68327677 0.68327695 0.25742057 -0.68327677 0.68327695 0.25742057 -0.68327677 0.68327695 0.25742057 -0.68327689 0.68327689 -0.25742057 -0.68327689 0.68327689 -0.25742057 -0.68327689 0.68327689 -0.25742057 -0.68327689 0.68327689 -0.25742057 -0.5013358 -0.50133598 0.70521241 -0.5013358 -0.50133598 0.70521241 -0.5013358 -0.50133598 0.70521241 -0.5013358 -0.50133598 0.70521241 -0.5013358 0.50133598 0.70521241 -0.5013358 0.50133598 0.70521241 -0.5013358 0.50133598 0.70521241 -0.5013358 0.50133598 0.70521241 -0.50133592 -0.50133592 -0.70521241 -0.50133592 -0.50133592 -0.70521241 -0.50133592 -0.50133592 -0.70521241 -0.50133592 -0.50133592 -0.70521241 -0.50133592 0.50133592 -0.70521241 -0.50133592 0.50133592 -0.70521241 -0.50133592 0.50133592 -0.70521241 -0.50133592 0.50133592 -0.70521241 -0.18230104 -0.1823009 0.96619499 -0.18230104 -0.1823009 0.96619499 -0.18230104 -0.1823009 0.96619499 -0.18230104 -0.1823009 0.96619499 -0.18230104 0.1823009 0.96619499 -0.18230104 0.1823009 0.96619499 -0.18230104 0.1823009 0.96619499 -0.18230104 0.1823009 0.96619499 -0.18230097 -0.18230097 -0.96619499 -0.18230097 -0.18230097 -0.96619499 -0.18230097 -0.18230097 -0.96619499 -0.18230097 -0.18230097 -0.96619499 -0.18230097 0.18230097 -0.96619499 -0.18230097 0.18230097 -0.96619499 -0.18230097 0.18230097 -0.96619499 -0.18230097 0.18230097 -0.96619499 0.18230104 0.1823009 0.96619499 0.18230104 0.1823009 0.96619499 0.18230104 0.1823009 0.96619499 0.18230104 0.1823009 0.96619499 0.18230097 -0.18230097 0.96619499 0.18230097 -0.18230097 0.96619499 0.18230097 -0.18230097 0.96619499 0.18230097 -0.18230097 0.96619499 0.18230104 0.1823009 -0.96619499 0.18230104 0.1823009 -0.96619499 0.18230104 0.1823009 -0.96619499 0.18230104 0.1823009 -0.96619499 0.18230097 -0.18230097 -0.96619499 0.18230097 -0.18230097 -0.96619499 0.18230097 -0.18230097 -0.96619499 0.18230097 -0.18230097 -0.96619499 0.50133598 0.5013358 0.70521241 0.50133598 0.5013358 0.70521241 0.50133598 0.5013358 0.70521241 0.50133598 0.5013358 0.70521241 0.50133592 -0.50133592 0.70521241 0.50133592 -0.50133592 0.70521241 0.50133592 -0.50133592 0.70521241 0.50133592 -0.50133592 0.70521241 0.50133598 0.5013358 -0.70521241 0.50133598 0.5013358 -0.70521241 0.50133598 0.5013358 -0.70521241 0.50133598 0.5013358 -0.70521241 0.50133592 -0.50133592 -0.70521241 0.50133592 -0.50133592 -0.70521241 0.50133592 -0.50133592 -0.70521241 0.50133592 -0.50133592 -0.70521241 0.68327695 0.68327677 0.25742057 0.68327695 0.68327677 0.25742057 0.68327695 0.68327677 0.25742057 0.68327695 0.68327677 0.25742057 0.68327689 -0.68327689 0.25742057 0.68327689 -0.68327689 0.25742057 0.68327689 -0.68327689 0.25742057 0.68327689 -0.68327689 0.25742057 0.68327695 0.68327677 -0.25742057 0.68327695 0.68327677 -0.25742057 0.68327695 0.68327677 -0.25742057 0.68327695 0.68327677 -0.25742057 0.68327689 -0.68327689 -0.25742057 0.68327689 -0.68327689 -0.25742057 0.68327689 -0.68327689 -0.25742057 0.68327689 -0.68327689 -0.25742057 0.70710409 -0.70710409 0.0027729466 0.29071394 -0.92107403 0.25905213 0.24197741 -0.9702819 0 0.29071403 -0.92107403 -0.25905204 0.42506725 -0.7884832 0.4445357 0.42506716 -0.7884832 -0.44453582 0.60516155 -0.60516155 0.51726109 0.60516161 -0.60516155 -0.51726097 0.78848332 -0.42506704 0.44453567 0.78848326 -0.42506704 -0.44453579 0.92107391 -0.29071403 0.25905213 0.92107403 -0.29071403 -0.25905204 0.9702819 -0.24197741 0 0.29071394 0.92107403 0.25905213 0.70710409 0.70710409 0.0027729466 0.24197733 0.97028196 0 0.29071403 0.92107403 -0.25905204 0.42506725 0.7884832 0.4445357 0.42506716 0.7884832 -0.44453582 0.60516155 0.60516155 0.51726109 0.60516161 0.60516155 -0.51726097 0.78848332 0.42506704 0.44453567 0.78848326 0.42506704 -0.44453579 0.92107403 0.29071394 0.25905213 0.92107403 0.29071391 -0.25905204 0.97028196 0.24197733 0 -0.99993676 -0.0079517532 -0.0079517532 -0.96725756 0.0023941929 0.25378546 -0.9999187 -0.0079674488 -0.0099593718 -0.93637645 -0.028297061 -0.34985495 -0.96895868 -0.0095936134 -0.2470365 -0.93081683 -0.025856085 0.36456999 -0.92452621 0.018128054 0.38068724 -0.92323142 0.018153435 -0.38381526 -0.67525303 -0.025322068 0.73715138 -0.72631121 -0.025336513 0.68689895 -0.8423872 -0.061981782 0.53529632 -0.85771537 -0.024584189 -0.51353663 -0.66419131 -0.039737966 -0.74650568 -0.70710409 -0.0027729466 -0.70710409 -0.60833627 0.011060617 0.79360229 -0.6052565 0.011054871 -0.79595369 -0.46248877 -0.078010209 0.88318658 -0.28609887 -0.027366029 0.95780933 -0.25970331 -0.026950391 0.9653123 -0.45685995 -0.080786251 -0.88586271 -0.28379202 -0.029872883 -0.9584204 -0.2626062 -0.026996866 -0.9645254 -0.13245165 0.0044150371 0.99117959 -0.12755147 0.0043983078 -0.99182212 -0.0019995887 -0.019996008 0.99979812 0.26260623 -0.026996944 0.9645254 0.0019995885 -0.019995946 -0.99979806 0.25970319 -0.026950389 -0.9653123 0.12755147 0.0043983078 0.99182212 0.13245165 0.0044150371 -0.99117959 0.13245165 0.0044150371 -0.99117959 0.12755147 0.0043983078 0.99182212 0.28609887 -0.027366029 -0.95780933 0.28379202 -0.029872883 0.9584204 0.66419137 -0.039737966 0.74650556 0.67525309 -0.025321981 -0.73715132 0.45685995 -0.080786251 0.88586271 0.46248877 -0.078010209 -0.88318658 0.6052565 0.011054871 0.79595369 0.60833627 0.011060617 -0.79360229 0.72631115 -0.025336426 -0.68689895 0.70710409 -0.0027729466 0.70710409 0.93637645 -0.028297139 0.34985486 0.85771537 -0.024584189 0.51353663 0.93081695 -0.025856007 -0.36456999 0.84238714 -0.061981689 -0.5352962 0.92323148 0.018153356 0.38381526 0.92452615 0.018127894 -0.38068718 0.96725762 0.0023941929 -0.25378537 0.96895868 -0.0095936861 0.24703643 0.99993682 -0.0079518147 0.0079517541 0.9999187 -0.0079675103 0.0099593112 0 -1 0 0 -1 0 0 -1 0 0 -1 0 0 -1 0 0 -1 0 0 -1 0 0 -1 0 0 -1 0 0 -1 0 0 -1 0 0 -1 0 0 -1 0 0 -1 0 0 -1 0 0 -1 0 0 -1 0 0 -1 0 0 -1 0 0 -1 0 0 -1 0 0 -1 0 0 -1 0 0 -1 0 0 -1 0 0 -1 0 -0.99991876 0.0079674488 0.0099593112 -0.93637639 0.028297141 0.34985504 -0.99993676 0.0079517532 0.0079517532 -0.96725762 -0.0023941929 -0.25378537 -0.93081695 0.025856007 -0.36456999 -0.96895862 0.0095936134 0.24703658 -0.92452621 -0.018127974 -0.38068721 -0.92323148 -0.018153518 0.38381532 -0.85771537 0.024584275 0.51353669 -0.83299506 0.071074739 0.5486964 -0.77807498 0.013894227 -0.62801766 -0.72631121 0.025336426 -0.68689889 -0.84238714 0.061981689 -0.5352962 -0.70710409 0.0027729466 0.70710409 -0.58053094 0.024999013 0.81385434 -0.60833627 -0.011060617 -0.79360229 -0.6052565 -0.011054871 0.79595369 -0.45685995 0.080786251 0.88586271 -0.28379202 0.029872883 0.9584204 -0.26260602 0.026996939 0.9645254 -0.46248877 0.078010209 -0.88318658 -0.2860989 0.027365949 -0.95780921 -0.44131646 0.046026863 -0.89617038 -0.25970328 0.026950313 -0.9653123 -0.13245165 -0.0044150371 -0.99117959 -0.12755147 -0.0043983078 0.99182212 0.0019995887 0.019996008 0.99979812 0.25970319 0.026950389 0.9653123 -0.12755147 -0.0043983078 0.99182212 0.26260611 0.02699694 -0.9645254 -0.0019996497 0.019995948 -0.99979812 -0.13245165 -0.0044150371 -0.99117959 0.1299973 -0.0044066701 -0.99150455 0.13245165 -0.0044150371 0.99117959 0.28609887 0.027366029 0.95780933 0.28379202 0.029872883 -0.9584204 0.67525321 0.025321892 0.73715115 0.66419131 0.039737966 -0.74650568 0.45685995 0.080786251 -0.88586271 0.46248877 0.078010209 0.88318658 0.6052565 -0.011054955 -0.79595375 0.60833621 -0.011060702 0.79360235 0.72631127 0.025336338 0.68689883 0.70710409 0.0027729466 -0.70710409 0.93081683 0.025856085 0.36456999 0.93637645 0.028297141 -0.34985498 0.85771543 0.024584103 -0.51353663 0.8423872 0.061981596 0.5352962 0.92323142 -0.018153436 -0.38381535 0.92452621 -0.018127974 0.38068721 0.96725756 -0.0023941929 0.25378546 0.96895868 0.0095936134 -0.2470365 0.99993682 0.0079517541 -0.0079518147 0.9999187 0.0079674488 -0.0099593718 0 1 0 0 1 0 0 1 0 0 1 0 0 1 0 0 1 0 0 1 0 0 1 0 0 1 0 0 1 0 0 1 0 0 1 0 0 1 0 0 1 0 0 1 0 0 1 0 0 1 0 0 1 0 0 1 0 0 1 0 0 1 0 0 1 0 0 1 0 0 1 0 0 1 0 0 1 0 -0.96591592 0 0.25885594 -0.96591592 0 0.25885594 -0.96591592 0 0.25885594 -0.96591592 0 0.25885594 -0.96591592 0 -0.25885594 -0.96591592 0 -0.25885594 -0.96591592 0 -0.25885594 -0.96591592 0 -0.25885594 0 -1 0 -0.44564208 -0.85770851 0.25639677 -0.51568019 -0.85678113 0 -0.4456422 -0.85770845 -0.2563968 -0.25639677 -0.85770851 0.44564208 -0.25639689 -0.85770845 -0.44564211 0 -0.85678113 0.51568019 0 -0.85678113 -0.51568019 0.25639689 -0.85770845 0.44564211 0.4456422 -0.85770845 0.2563968 0.51568019 -0.85678113 0 0.44564211 -0.85770845 -0.25639689 0.25639689 -0.85770845 -0.44564211 -0.96591592 0 0.25885594 -0.96591592 0 0.25885594 -0.96591592 0 0.25885594 -0.96591592 0 0.25885594 -0.44564208 0.85770851 0.25639677 0 1 0 -0.51568019 0.85678113 0 -0.4456422 0.85770845 -0.2563968 -0.25639677 0.85770851 0.44564208 -0.25639689 0.85770845 -0.44564211 0 0.85678113 0.51568019 0 0.85678113 -0.51568019 0.25639677 0.85770851 0.44564208 0.44564208 0.85770851 0.25639677 0.51568019 0.85678113 0 0.25639677 0.85770851 -0.44564208 0.44564196 0.85770851 -0.25639686 -0.96591592 0 -0.25885594 -0.96591592 0 -0.25885594 -0.96591592 0 -0.25885594 -0.96591592 0 -0.25885594 -0.70572162 0 0.70848918 -0.70572162 0 0.70848918 -0.70572162 0 0.70848918 -0.70572162 0 0.70848918 -0.70572162 0 0.70848918 -0.70572162 0 0.70848918 -0.70572162 0 0.70848918 -0.70572162 0 0.70848918 -0.70848918 0 -0.70572162 -0.70848918 0 -0.70572162 -0.70848918 0 -0.70572162 -0.70572162 0 -0.70848918 -0.70848918 0 -0.70572162 -0.70848918 0 -0.70572162 -0.70848918 0 -0.70572162 -0.70848918 0 -0.70572162 -0.25885594 0 0.96591592 -0.25885594 0 0.96591592 -0.25885594 0 0.96591592 -0.25885594 0 0.96591592 -0.25885594 0 0.96591592 -0.25885594 0 0.96591592 -0.25885594 0 0.96591592 -0.25885594 0 0.96591592 -0.25885594 0 -0.96591592 -0.25885594 0 -0.96591592 -0.25885594 0 -0.96591592 -0.25885594 0 -0.96591592 -0.25885594 0 -0.96591592 -0.25885594 0 -0.96591592 -0.25885594 0 -0.96591592 -0.25885594 0 -0.96591592 0.25885594 0 0.96591592 0.25885594 0 0.96591592 0.25885594 0 0.96591592 0.25885594 0 0.96591592 0.25885594 0 0.96591592 0.25885594 0 0.96591592 0.25885594 0 0.96591592 0.25885594 0 0.96591592 0.25885594 0 -0.96591592 0.25885594 0 -0.96591592 0.25885594 0 -0.96591592 0.25885594 0 -0.96591592 0.25885594 0 -0.96591592 0.25885594 0 -0.96591592 0.25885594 0 -0.96591592 0.25885594 0 -0.96591592 0.70572162 0 0.70848918 0.70572162 0 0.70848918 0.70572162 0 0.70848918 0.70572162 0 0.70848918 0.70572162 0 0.70848918 0.70572162 0 0.70848918 0.70572162 0 0.70848918 0.70572162 0 0.70848918 0.70572162 0 -0.70848918 0.70572162 0 -0.70848918 0.70572162 0 -0.70848918 0.70848918 0 -0.70572162 0.70848918 0 -0.70572162 0.70848918 0 -0.70572162 0.70848918 0 -0.70572162 0.70848918 0 -0.70572162 0.96591592 0 0.25885594 0.96591592 0 0.25885594 0.96591592 0 0.25885594 0.96591592 0 0.25885594 0.96591592 0 0.25885594 0.96591592 0 0.25885594 0.96591592 0 0.25885594 0.96591592 0 0.25885594 0.96591592 0 -0.25885594 0.96591592 0 -0.25885594 0.96591592 0 -0.25885594 0.96591592 0 -0.25885594 0.96591592 0 -0.25885594 0.96591592 0 -0.25885594 0.96591592 0 -0.25885594 0.96591592 0 -0.25885594 -0.68327677 0.68327695 0.25742057 -0.68327677 0.68327695 0.25742057 -0.68327677 0.68327695 0.25742057 -0.68327677 0.68327695 0.25742057 -0.70710409 -0.70710409 0.0027729466 -0.92107403 -0.29071391 0.25905204 -0.9702819 -0.24197741 0 -0.92107403 -0.29071391 -0.25905204 -0.78848326 -0.42506704 0.44453579 -0.78848326 -0.42506704 -0.44453579 -0.42506716 -0.7884832 0.44453582 -0.60516161 -0.60516155 0.51726097 -0.29071403 -0.92107403 0.25905204 -0.24197741 -0.9702819 0 -0.60516161 -0.60516155 -0.51726097 -0.29071403 -0.92107403 -0.25905204 -0.42506716 -0.7884832 -0.44453582 -0.68327689 0.68327689 -0.25742057 -0.68327689 0.68327689 -0.25742057 -0.68327689 0.68327689 -0.25742057 -0.68327689 0.68327689 -0.25742057 -0.68327677 -0.68327695 0.25742057 -0.68327677 -0.68327695 0.25742057 -0.68327677 -0.68327695 0.25742057 -0.68327677 -0.68327695 0.25742057 -0.92107403 0.29071394 0.25905213 -0.70710409 0.70710409 0.0027729466 -0.97028196 0.24197733 0 -0.92107403 0.29071394 -0.25905213 -0.7884832 0.42506707 0.44453591 -0.7884832 0.42506707 -0.44453591 -0.60516155 0.60516155 0.51726109 -0.29071394 0.92107403 0.25905213 -0.24197733 0.97028196 0 -0.42506707 0.7884832 0.44453591 -0.42506707 0.7884832 -0.44453591 -0.60516155 0.60516155 -0.51726109 -0.29071394 0.92107403 -0.25905213 -0.68327689 -0.68327689 -0.25742057 -0.68327689 -0.68327689 -0.25742057 -0.68327689 -0.68327689 -0.25742057 -0.68327689 -0.68327689 -0.25742057 -0.5013358 0.50133598 0.70521241 -0.5013358 0.50133598 0.70521241 -0.5013358 0.50133598 0.70521241 -0.5013358 0.50133598 0.70521241 -0.5013358 -0.50133598 0.70521241 -0.5013358 -0.50133598 0.70521241 -0.5013358 -0.50133598 0.70521241 -0.5013358 -0.50133598 0.70521241 -0.50133592 0.50133592 -0.70521241 -0.50133592 0.50133592 -0.70521241 -0.50133592 0.50133592 -0.70521241 -0.50133592 0.50133592 -0.70521241 -0.50133592 -0.50133592 -0.70521241 -0.50133592 -0.50133592 -0.70521241 -0.50133592 -0.50133592 -0.70521241 -0.50133592 -0.50133592 -0.70521241 -0.18230104 0.1823009 0.96619499 -0.18230104 0.1823009 0.96619499 -0.18230104 0.1823009 0.96619499 -0.18230104 0.1823009 0.96619499 -0.18230104 -0.1823009 0.96619499 -0.18230104 -0.1823009 0.96619499 -0.18230104 -0.1823009 0.96619499 -0.18230104 -0.1823009 0.96619499 -0.18230097 0.18230097 -0.96619499 -0.18230097 0.18230097 -0.96619499 -0.18230097 0.18230097 -0.96619499 -0.18230097 0.18230097 -0.96619499 -0.18230097 -0.18230097 -0.96619499 -0.18230097 -0.18230097 -0.96619499 -0.18230097 -0.18230097 -0.96619499 -0.18230097 -0.18230097 -0.96619499 0.18230097 -0.18230097 0.96619499 0.18230097 -0.18230097 0.96619499 0.18230097 -0.18230097 0.96619499 0.18230097 -0.18230097 0.96619499 0.18230104 0.1823009 0.96619499 0.18230104 0.1823009 0.96619499 0.18230104 0.1823009 0.96619499 0.18230104 0.1823009 0.96619499 0.18230097 -0.18230097 -0.96619499 0.18230097 -0.18230097 -0.96619499 0.18230097 -0.18230097 -0.96619499 0.18230097 -0.18230097 -0.96619499 0.18230104 0.1823009 -0.96619499 0.18230104 0.1823009 -0.96619499 0.18230104 0.1823009 -0.96619499 0.18230104 0.1823009 -0.96619499 0.50133592 -0.50133592 0.70521241 0.50133592 -0.50133592 0.70521241 0.50133592 -0.50133592 0.70521241 0.50133592 -0.50133592 0.70521241 0.50133598 0.5013358 0.70521241 0.50133598 0.5013358 0.70521241 0.50133598 0.5013358 0.70521241 0.50133598 0.5013358 0.70521241 0.50133592 -0.50133592 -0.70521241 0.50133592 -0.50133592 -0.70521241 0.50133592 -0.50133592 -0.70521241 0.50133592 -0.50133592 -0.70521241 0.50133598 0.5013358 -0.70521241 0.50133598 0.5013358 -0.70521241 0.50133598 0.5013358 -0.70521241 0.50133598 0.5013358 -0.70521241 0.68327689 -0.68327689 0.25742057 0.68327689 -0.68327689 0.25742057 0.68327689 -0.68327689 0.25742057 0.68327689 -0.68327689 0.25742057 0.68327695 0.68327677 0.25742057 0.68327695 0.68327677 0.25742057 0.68327695 0.68327677 0.25742057 0.68327695 0.68327677 0.25742057 0.68327689 -0.68327689 -0.25742057 0.68327689 -0.68327689 -0.25742057 0.68327689 -0.68327689 -0.25742057 0.68327689 -0.68327689 -0.25742057 0.68327695 0.68327677 -0.25742057 0.68327695 0.68327677 -0.25742057 0.68327695 0.68327677 -0.25742057 0.68327695 0.68327677 -0.25742057 -0.68234706 0.68552095 0.25389662 -0.71262759 0.70149285 -0.0083510727 -0.71262759 0.70149285 -0.0083510727 -0.69360965 0.65489674 0.3000266 -0.68158633 0.64226401 -0.35062379 -0.64076668 0.66719013 0.37983587 -0.64076668 0.66719013 0.37983587 -0.49650088 0.45678097 0.73813146 -0.52993584 0.49639553 0.68757498 -0.60627127 0.57240152 0.55207944 -0.64178574 0.55396235 0.53031766 -0.64136881 0.66451091 -0.38349879 -0.64136881 0.66451091 -0.38349879 -0.62188774 0.58808964 -0.51711333 -0.49828473 0.44218647 -0.74577713 -0.69089472 0.67821777 -0.25037012 -0.42458901 0.44079483 0.79083753 -0.20347236 0.16434306 0.96518928 -0.22095023 0.18101946 0.95833862 -0.37818724 0.27013394 0.88543886 -0.42035976 0.43652758 -0.79545033 -0.37748745 0.26663798 -0.88679612 -0.22095023 0.18101946 -0.95833862 -0.20389737 0.16730039 -0.96459132 -0.50098914 0.49764901 -0.70806444 0.16730039 -0.20389737 0.96459132 -0.01408166 -0.014081782 0.99980164 -0.089902505 0.096818209 0.99123347 -0.014081721 -0.014081721 -0.99980164 0.16434306 -0.20347236 -0.96518928 -0.089717314 0.094318181 -0.99149126 0.45304424 -0.49603388 0.74074388 0.18101965 -0.22095028 0.95833862 0.094318181 -0.089717314 0.99149126 0.18101956 -0.22095026 -0.95833862 0.45304424 -0.49603388 -0.74074388 0.096818134 -0.08990258 -0.99123347 0.43652773 -0.42035991 0.79545027 0.26663813 -0.3774876 0.88679612 0.6436339 -0.67647243 0.35793933 0.53483176 -0.60253191 0.59237695 0.49764913 -0.50098902 0.70806444 0.44079474 -0.42458901 -0.79083765 0.50167227 -0.50501668 -0.70234108 0.53483176 -0.60253191 -0.59237695 0.63757521 -0.68029934 -0.36151174 0.27013388 -0.37818751 -0.88543892 0.66451102 -0.64136869 0.38349879 0.54745656 -0.63869941 0.54069787 0.70149285 -0.71262759 0.0083510727 0.70149285 -0.71262759 0.0083510727 0.67821777 -0.69089472 0.25037012 0.68552089 -0.68234718 -0.25389662 0.66719013 -0.64076668 -0.37983587 0.55396235 -0.64178574 -0.53031766 -0.70572162 -0.70848918 0 -0.70572162 -0.70848918 0 -0.70572162 -0.70848918 0 -0.70710409 -0.70710409 0.0027729466 -0.70848918 -0.70572162 0 -0.70848918 -0.70572162 0 -0.70848918 -0.70572162 0 -0.70572162 -0.70848918 0 -0.70848918 -0.70572162 0 -0.70572162 -0.70848918 0 -0.70572162 -0.70848918 0 -0.70848918 -0.70572162 0 -0.70572162 -0.70848918 0 -0.70848918 -0.70572162 0 -0.70572162 -0.70848918 0 -0.70572162 -0.70848918 0 -0.70710409 -0.70710409 0.0027729466 -0.70710409 -0.70710409 0.0027729466 -0.70572162 -0.70848918 0 -0.70572162 -0.70848918 0 -0.70848918 -0.70572162 0 -0.70848918 -0.70572162 0 -0.70572162 -0.70848918 0 -0.70572162 -0.70848918 0 -0.70572162 -0.70848918 0 -0.70848918 -0.70572162 0 -0.71262759 -0.70149285 0.0083510727 -0.68158633 -0.64226401 0.35062379 -0.71262759 -0.70149285 0.0083510727 -0.68234718 -0.68552089 -0.25389662 -0.67771596 -0.6382373 -0.36517704 -0.64136869 -0.66451102 0.38349879 -0.62188786 -0.58808964 0.51711327 -0.49828485 -0.44218636 0.74577713 -0.6908946 -0.67821789 0.25037012 -0.64076674 -0.66719002 -0.37983587 -0.496501 -0.45678085 -0.73813146 -0.52993584 -0.49639553 -0.68757498 -0.64178574 -0.55396235 -0.53031766 -0.42035982 -0.43652773 0.79545039 -0.37748748 -0.2666381 0.88679612 -0.22095034 -0.18101947 0.95833862 -0.20389737 -0.16730039 0.96459132 -0.50098914 -0.49764901 0.70806444 -0.37818751 -0.27013388 -0.88543892 -0.4245891 -0.44079474 -0.79083753 -0.22095034 -0.18101947 -0.95833862 -0.20347236 -0.16434306 -0.96518928 -0.01408166 0.014081782 0.99980164 0.16434306 0.20347236 0.96518928 -0.089717247 -0.094318256 0.99149126 -0.08990258 -0.096818134 -0.99123347 -0.014081721 0.014081721 -0.99980164 0.16730039 0.20389737 -0.96459132 0.18101965 0.22095028 0.95833862 0.45678097 0.49650088 0.73813146 0.096818209 0.089902505 0.99123347 0.096818209 0.089902505 0.99123347 0.094318256 0.089717247 -0.99149126 0.44218656 0.49828464 -0.74577713 0.18101956 0.22095026 -0.95833862 0.094318256 0.089717247 -0.99149126 0.27013397 0.37818751 0.88543886 0.44079483 0.42458901 0.79083753 0.49639553 0.52993584 0.68757498 0.6382373 0.67771596 0.36517704 0.43652764 0.42035991 -0.79545039 0.26663801 0.37748757 -0.88679612 0.64226401 0.68158633 -0.35062379 0.5880897 0.62188774 -0.51711327 0.49764913 0.50098896 -0.7080645 0.68552095 0.68234706 0.25389662 0.70149285 0.71262759 -0.0083510727 0.66719013 0.64076668 0.37983587 0.55396235 0.64178574 0.53031766 0.66451097 0.64136875 -0.38349891 0.70149285 0.71262759 -0.0083510727 0.67821771 0.69089484 -0.25037012 -0.70572162 0.70848918 0 -0.70572162 0.70848918 0 -0.70572162 0.70848918 0 -0.70848918 0.70572162 0 -0.70572162 0.70848918 0 -0.70848918 0.70572162 0 -0.70710409 0.70710409 0.0027729466 -0.70848918 0.70572162 0 -0.70848918 0.70572162 0 -0.70848918 0.70572162 0 -0.70848918 0.70572162 0 -0.70572162 0.70848918 0 -0.70572162 0.70848918 0 -0.70848918 0.70572162 0 -0.70572162 0.70848918 0 -0.70572162 0.70848918 0 -0.70848918 0.70572162 0 -0.70572162 0.70848918 0 -0.70572162 0.70848918 0 -0.70572162 0.70848918 0 -0.70572162 0.70848918 0 -0.70710409 0.70710409 0.0027729466 -0.70710409 0.70710409 0.0027729466 -0.70848918 0.70572162 0 -0.70848918 0.70572162 0 -0.70848918 0.70572162 0 -0.85770851 -0.25639677 0.44564208 -0.85678113 0 0.51568019 -1 0 0 -0.85770851 -0.44564208 0.25639677 -0.85678113 -0.51568019 0 -0.85770851 0.44564208 0.25639677 -0.85678113 0.51568019 0 -0.85770851 0.25639677 0.44564208 -0.85770851 0.25639677 -0.44564208 -0.85678113 0 -0.51568019 -0.85770851 0.44564208 -0.25639677 -0.85770851 -0.44564208 -0.25639677 -0.85770851 -0.25639677 -0.44564208 0 -0.25885594 0.96591592 0 -0.25885594 0.96591592 0 -0.25885594 0.96591592 0 -0.25885594 0.96591592 0 0.25885594 0.96591592 0 0.25885594 0.96591592 0 0.25885594 0.96591592 0 0.25885594 0.96591592 0 0.70572162 0.70848918 0 0.70572162 0.70848918 0 0.70572162 0.70848918 0 0.70572162 0.70848918 0 -0.70572162 0.70848918 0 -0.70572162 0.70848918 0 -0.70572162 0.70848918 0 -0.70572162 0.70848918 0 0.96591592 0.25885594 0 0.96591592 0.25885594 0 0.96591592 0.25885594 0 0.96591592 0.25885594 0 -0.96591592 0.25885594 0 -0.96591592 0.25885594 0 -0.96591592 0.25885594 0 -0.96591592 0.25885594 0 0.96591592 -0.25885594 0 0.96591592 -0.25885594 0 0.96591592 -0.25885594 0 0.96591592 -0.25885594 0 -0.96591592 -0.25885594 0 -0.96591592 -0.25885594 0 -0.96591592 -0.25885594 0 -0.96591592 -0.25885594 0 0.70848918 -0.70572162 0 0.70848918 -0.70572162 0 0.70848918 -0.70572162 0 0.70848918 -0.70572162 0 -0.70848918 -0.70572162 0 -0.70848918 -0.70572162 0 -0.70848918 -0.70572162 0 -0.70848918 -0.70572162 0 0.25885594 -0.96591592 0 0.25885594 -0.96591592 0 0.25885594 -0.96591592 0 0.25885594 -0.96591592 0 -0.25885594 -0.96591592 0 -0.25885594 -0.96591592 0 -0.25885594 -0.96591592 0 -0.25885594 -0.96591592 -0.027366029 0.28609887 0.95780933 -0.025322068 0.67525315 0.73715127 -0.026950238 0.25970334 0.9653123 -0.026996866 -0.2626062 0.9645254 -0.019996008 0.0019995887 0.99979812 0.0044150371 0.13245165 0.99117959 -0.039737877 -0.66419137 0.74650568 -0.029872883 -0.28379202 0.9584204 0.0044066701 -0.1299973 0.99150455 0.011060617 0.60833627 0.79360229 0.011060617 0.60833627 0.79360229 -0.025336513 0.72631121 0.68689895 -0.025855927 0.93081701 0.36456999 -0.078010209 0.46248877 0.88318658 0.011054871 -0.6052565 0.79595369 -0.080786251 -0.45685995 0.88586271 -0.028297061 -0.93637645 0.34985495 -0.024584103 -0.85771543 0.51353663 -0.0027729466 -0.70710409 0.70710409 0.0023941929 0.96725756 0.25378546 -0.0079518147 0.99993682 -0.0079517541 0.018128054 0.92452621 0.38068724 -0.061981596 0.8423872 0.5352962 0.018153518 -0.92323148 0.38381532 -0.0079517532 -0.99993676 0.0079517532 -0.0079673883 -0.99991876 0.0099593718 -0.009593687 -0.96895874 0.24703652 -0.0079675103 0.9999187 -0.0099593112 -0.028296983 0.93637645 -0.34985501 0.002394266 -0.96725762 -0.2537854 -0.025856007 -0.93081695 -0.36456999 0.018153436 0.92323142 -0.38381535 -0.024584189 0.85771537 -0.51353663 -0.039737877 0.66419131 -0.74650574 -0.0095936134 0.96895862 -0.24703658 0.018127974 -0.92452621 -0.38068721 -0.061981689 -0.84238714 -0.5352962 -0.025336513 -0.72631121 -0.68689895 -0.025321981 -0.67525309 -0.73715132 0.011054871 0.6052565 -0.79595369 0.011054871 0.6052565 -0.79595369 -0.080786251 0.45685995 -0.88586271 -0.029872883 0.28379202 -0.9584204 -0.02699679 0.26260617 -0.9645254 -0.0027729466 0.70710409 -0.70710409 0.011060617 -0.60833627 -0.79360229 -0.026950391 -0.25970331 -0.9653123 -0.027366029 -0.28609887 -0.95780933 -0.078010127 -0.46248886 -0.88318658 -0.019996008 -0.0019995887 -0.99979812 0.0043983078 0.12755147 -0.99182212 0.0044150371 -0.13245165 -0.99117959 -1 0 0 -1 0 0 -1 0 0 -1 0 0 -1 0 0 -1 0 0 -1 0 0 -1 0 0 -1 0 0 -1 0 0 -1 0 0 -1 0 0 -1 0 0 -1 0 0 -1 0 0 -1 0 0 -1 0 0 -1 0 0 -1 0 0 -1 0 0 -1 0 0 -1 0 0 -1 0 0 -1 0 0 -1 0 0 -1 0 0 -1 0 0 -1 0 0 -1 0 0 -1 0 0 0 1 0 0 1 0 0 1 0 0 1 0 0 1 0 0 -1 0 0 -1 0 0 -1 0 0 -1 0 0 -1 0 0 0 -1 0 0 -1 0 0 -1 0 0 -1 -0.68054193 0.10651954 0.72492492 -0.68054193 0.10651954 0.72492492 -0.68054193 0.10651954 0.72492492 0.9811945 -0.19302191 0 0.99960351 -0.02815786 0 0.99060047 0.13678671 0 0.99391007 -0.11019435 0 0.95417398 0.29925257 0 0.93674237 -0.3500194 0 0.96197867 -0.27312458 0 0.96197867 -0.27312458 0 0.89178103 0.45246714 0 0.86609656 -0.4998768 0 0.90410888 -0.42730224 0 0.90410888 -0.42730224 0 0.85101044 0.52514875 0 0.77137327 -0.63638294 0 0.82229024 -0.56906837 0 0.82229024 -0.56906837 0 0.75377268 0.65713519 0 0.75377268 0.65713519 0 0.65713519 -0.75377268 0 0.71672595 -0.69735503 0 0.71672595 -0.69735503 0 0.63638306 0.77137315 0 0.63638306 0.77137315 0 0.52514875 -0.85101044 0 0.59077066 -0.80683953 0 0.59077066 -0.80683953 0 0.4998768 0.86609656 0 0.42730212 0.90410888 0 0.3775399 -0.92599326 0 0.45246714 -0.89178103 0 0.45246714 -0.89178103 0 0.27312458 0.96197867 0 0.21990186 -0.97552198 0 0.29925245 -0.95417386 0 0.29925245 -0.95417386 0 0.11019435 0.99391007 0 0.055698495 -0.99844754 0 0.13678671 -0.99060047 0 0.13678671 -0.99060047 0 -0.055698566 0.9984476 0 -0.11019435 -0.99391007 0 -0.02815786 -0.99960351 0 -0.02815786 -0.99960351 0 -0.13678671 0.99060047 0 -0.21990186 0.97552198 0 -0.27312458 -0.96197867 0 -0.19302191 -0.9811945 0 -0.19302191 -0.9811945 0 -0.29925257 0.95417398 0 -0.3775399 0.92599326 0 -0.42730224 -0.90410888 0 -0.3500194 -0.93674237 0 -0.3500194 -0.93674237 0 -0.45246714 0.89178103 0 -0.52514875 0.85101044 0 -0.56906837 -0.82229024 0 -0.4998768 -0.86609656 0 -0.4998768 -0.86609656 0 -0.59077054 0.80683964 0 -0.65713519 0.75377268 0 -0.69735503 -0.71672595 0 -0.63638294 -0.77137327 0 -0.63638294 -0.77137327 0 -0.71672595 0.69735503 0 -0.8090905 0.58768415 0 -0.77137315 0.63638306 0 -0.80683953 -0.59077066 0 -0.75377268 -0.65713519 0 -0.82229024 0.56906837 0 -0.89178103 -0.45246714 0 -0.90410888 0.42730212 0 -0.93674237 0.3500194 0 -0.95417386 -0.29925245 0 -0.96197867 0.27312458 0 -0.99060047 -0.13678671 0 -0.99391007 0.11019435 0 -0.99960351 0.02815786 0 0 0 1 0 0 1 0 0 1 0 0 1 0 0 1 0 0 1 0 0 1 0 0 1 0 0 1 0 0 1 0 0 1 0 0 1 0 0 1 0 0 1 0 0 1 0 0 1 0 0 1 0 0 1 0 0 1 0 0 1 0 0 1 0 0 1 0 0 1 0 0 1 0 0 1 0 0 1 0 0 1 0 0 1 0 0 1 0 0 1 0 0 1 0 0 1 0 0 1 0 0 1 0 0 1 0 0 1 0 0 1 0 0 1 0 0 -1 0 0 -1 0 0 -1 0 0 -1 0 0 -1 0 0 -1 0 0 -1 0 0 -1 0 0 -1 0 0 -1 0 0 -1 0 0 -1 0 0 -1 0 0 -1 0 0 -1 0 0 -1 0 0 -1 0 0 -1 0 0 -1 0 0 -1 0 0 -1 0 0 -1 0 0 -1 0 0 -1 0 0 -1 0 0 -1 0 0 -1 0 0 -1 0 0 -1 0 0 -1 0 0 -1 0 0 -1 0 0 -1 0 0 -1 0 0 -1 0 0 -1 0 0 -1 0 0 -1 0.4493112 0.78141081 -0.43303186 0.4493112 0.78141081 -0.43303186 0.4493112 0.78141081 -0.43303186 0.4493112 0.78141081 -0.43303186 0.4998768 0.86609656 0 0.4998768 0.86609656 0 0.4998768 0.86609656 0 0.4998768 0.86609656 0 0.86609656 -0.4998768 0 0.86609656 -0.4998768 0 0.86609656 -0.4998768 0 0.86609656 -0.4998768 0 0.86609656 -0.4998768 0 0.86609656 -0.4998768 0 0.86609656 -0.4998768 0 0.86609656 -0.4998768 0 0.86609656 -0.4998768 0 0.86609656 -0.4998768 0 0.86609656 -0.4998768 0 0.86609656 -0.4998768 0 0.86609656 -0.4998768 0 0.86609656 -0.4998768 0 0.86609656 -0.4998768 0 0.86609656 -0.4998768 0 0.86609656 -0.4998768 0 0.86609656 -0.4998768 0 0.86609656 -0.4998768 0 0.86609656 -0.4998768 0 0.86609656 -0.4998768 0 0.86609656 -0.4998768 0 0.86609656 -0.4998768 0 0.86609656 -0.4998768 0 0.86609656 -0.4998768 0 0.86609656 -0.4998768 0 0.44931129 0.78141081 0.43303177 0.44931129 0.78141081 0.43303177 0.44931129 0.78141081 0.43303177 0.44931129 0.78141081 0.43303177 0.31352824 0.540676 -0.78062123 0.31352824 0.540676 -0.78062123 0.31352824 0.540676 -0.78062123 0.31352824 0.540676 -0.78062123 0.31352836 0.54067606 0.78062117 0.31352836 0.54067606 0.78062117 0.31352836 0.54067606 0.78062117 0.31352836 0.54067606 0.78062117 -0.48180979 -0.83699 -0.25943595 -0.48180979 -0.83699 -0.25943595 -0.48180979 -0.83699 -0.25943595 -0.48180979 -0.83699 -0.25943595 -0.48180979 -0.83699 0.25943595 -0.48180979 -0.83699 0.25943595 -0.48180979 -0.83699 0.25943595 -0.48180979 -0.83699 0.25943595 -0.3535969 -0.61224663 0.70719391 -0.3535969 -0.61224663 0.70719391 -0.3535969 -0.61224663 0.70719391 -0.3535969 -0.61224663 0.70719391 -0.3535969 -0.61224663 -0.70719391 -0.3535969 -0.61224663 -0.70719391 -0.3535969 -0.61224663 -0.70719391 -0.3535969 -0.61224663 -0.70719391 0.11001199 0.19252108 -0.97510666 0.11001199 0.19252108 -0.97510666 0.11001199 0.19252108 -0.97510666 0.11001199 0.19252108 -0.97510666 0.11001208 0.19252111 0.97510666 0.11001208 0.19252111 0.97510666 0.11001208 0.19252111 0.97510666 0.11001208 0.19252111 0.97510666 -0.12912302 -0.22467431 0.96584094 -0.12912302 -0.22467431 0.96584094 -0.12912302 -0.22467431 0.96584094 -0.12912302 -0.22467431 0.96584094 -0.12912309 -0.22467422 -0.96584094 -0.12912309 -0.22467422 -0.96584094 -0.12912309 -0.22467422 -0.96584094 -0.12912309 -0.22467422 -0.96584094 -0.11001199 -0.19252108 -0.97510666 -0.11001199 -0.19252108 -0.97510666 -0.11001199 -0.19252108 -0.97510666 -0.11001199 -0.19252108 -0.97510666 0.12912327 0.22467418 0.96584094 0.12912327 0.22467418 0.96584094 0.12912327 0.22467418 0.96584094 0.12912327 0.22467418 0.96584094 0.12912318 0.22467415 -0.96584094 0.12912318 0.22467415 -0.96584094 0.12912318 0.22467415 -0.96584094 0.12912318 0.22467415 -0.96584094 -0.11001199 -0.19252108 0.97510666 -0.11001199 -0.19252108 0.97510666 -0.11001199 -0.19252108 0.97510666 -0.11001199 -0.19252108 0.97510666 0.35359704 0.61224669 0.70719391 0.35359704 0.61224669 0.70719391 0.35359704 0.61224669 0.70719391 0.35359704 0.61224669 0.70719391 0.3535969 0.61224663 -0.70719391 0.3535969 0.61224663 -0.70719391 0.3535969 0.61224663 -0.70719391 0.3535969 0.61224663 -0.70719391 -0.31352824 -0.54067612 -0.78062111 -0.31352824 -0.54067612 -0.78062111 -0.31352824 -0.54067612 -0.78062111 -0.31352824 -0.54067612 -0.78062111 -0.31352815 -0.54067624 0.78062111 -0.31352815 -0.54067624 0.78062111 -0.31352815 -0.54067624 0.78062111 -0.31352815 -0.54067624 0.78062111 0.48180979 0.83699 0.25943595 0.48180979 0.83699 0.25943595 0.48180979 0.83699 0.25943595 0.48180979 0.83699 0.25943595 0.48180968 0.83699 -0.25943607 0.48180968 0.83699 -0.25943607 0.48180968 0.83699 -0.25943607 0.48180968 0.83699 -0.25943607 0.9924708 0.11477551 0.042759486 0.97651178 0.13520925 0.16775967 0.99943572 -0.020480225 0.026624335 0.9354043 -0.24719393 0.25281206 0.95871043 -0.27718687 0.063575037 0.95361978 -0.27284122 0.1271493 0.99350929 -0.098901413 -0.056193955 0.95663649 0.28973842 -0.029972982 0.95692223 -0.28324899 -0.063794807 0.93540436 -0.24719393 -0.25281197 0.97695374 0.13242589 -0.16740635 0.85692948 -0.43307197 0.2795004 0.88381249 -0.46268559 0.069264382 0.87709814 0.48012403 -0.013411317 0.95386809 0.29871124 0.030122187 0.96383792 0.23121727 -0.13249521 0.97651178 0.13520925 0.16775967 0.82733518 0.5616017 0.01095804 0.82118595 0.5704211 0.016533881 0.86767817 0.49463177 0.049739487 0.82821828 0.56034571 -0.00820015 0.82736605 0.56083214 -0.030540414 0.77753127 -0.62433743 0.075151794 0.88030088 -0.46930864 -0.069424346 0.85692948 -0.43307197 -0.2795004 0.86071187 -0.15569194 0.48470116 0.90943432 0.34866479 0.22663219 0.92646128 0.19489574 0.32200173 0.77285564 -0.33168387 -0.54099894 0.86071175 -0.15569194 -0.48470125 0.92646128 0.19489574 -0.32200173 0.71231461 -0.69777757 -0.075592548 0.68492299 -0.66230768 -0.30369231 0.68412364 -0.66476172 0.30011091 0.71231467 -0.69777769 0.075592652 0.81575 0.57665092 -0.045006897 0.85910195 0.50468695 -0.08505962 0.92646128 0.19489574 -0.32200173 0.85100657 0.5191139 -0.079427317 0.82567656 0.56257945 0.04198356 0.64634591 -0.61955428 0.44540924 0.7728557 -0.33168387 0.54099882 0.64634579 -0.61955428 -0.44540933 0.70279461 0.71119452 0.016799806 0.80995756 0.58496934 -0.042185299 0.69652593 0.71642679 0.039801508 0.71063727 0.70207524 0.045663435 0.8088873 0.58623189 0.045094762 0.71811068 -0.67532963 0.16806836 0.72060674 -0.68851507 0.081688263 0.71788424 -0.69518441 -0.03688737 0.69928437 -0.69928437 -0.14833304 0.69153517 -0.69153517 -0.20870651 0.74374539 -0.016776234 0.66825247 0.86256874 0.44039598 0.24905151 0.84776103 0.28774375 0.44553867 0.64018625 -0.17765933 -0.74739456 0.74374539 -0.016776234 -0.66825247 0.84776103 0.28774375 -0.44553867 0.81593943 0.56735569 -0.11113156 0.84257847 0.52588511 -0.11621771 0.79860777 0.59824026 -0.065835059 0.84776103 0.28774375 -0.44553867 0.82331687 0.55182898 -0.1327931 0.8116616 0.57934868 0.074569695 0.67088544 -0.69005364 -0.27154893 0.67895633 -0.70685869 0.19841647 0.65791065 -0.67745256 -0.32895535 0.64643645 -0.65306664 -0.39449203 0.59294778 -0.55567688 -0.5827831 0.65969276 -0.67919099 0.32172203 0.59634972 -0.55907804 0.57601982 0.62156141 -0.5945369 0.51008558 0.63660908 -0.5995577 0.48503548 0.52117985 -0.48108903 0.70492905 0.6390661 -0.17429073 0.74914432 0.51751548 -0.48078862 -0.70782775 0.70747828 0.70163137 0.084780492 0.72698593 0.68371296 0.063466951 0.8033843 0.58953387 0.083806314 0.55218083 -0.59960741 0.57928181 0.59938043 -0.58922148 -0.54181284 0.78880978 0.60966617 0.07801421 0.74879771 0.40395674 -0.5254721 0.78054857 0.50201267 -0.3724609 0.78967297 0.60541594 -0.099440269 0.74879771 0.40395674 0.5254721 0.79957128 0.33901834 0.49573433 0.79001772 0.60770595 0.081027508 0.79291755 0.5832957 0.17620398 0.59131455 0.15989619 0.79043049 0.74879771 0.40395674 0.5254721 0.47382933 0.021537611 -0.88035321 0.59468329 0.15999086 -0.78787988 0.5126133 -0.46934083 -0.71899015 0.47477618 -0.36249799 -0.80198669 0.34105036 -0.22254989 -0.91332155 0.44499227 -0.40307277 -0.79969633 0.56186032 -0.54832143 -0.6194002 0.44815171 -0.39978999 0.7995798 0.32511106 -0.32511106 0.88803464 0.37923795 -0.33298942 0.86330569 0.42968145 -0.37557343 0.82116896 0.46763942 -0.46105298 0.75415081 0.51498115 -0.4915728 0.70224684 0.53897732 -0.51876557 0.66361564 0.35719001 -0.2881532 0.88847226 0.47382942 0.021537611 0.88035315 0.35718989 -0.28815317 -0.88847232 0.25027028 -0.10578434 -0.96237963 0.30899772 -0.21261315 0.92699301 0.35074222 -0.220301 0.91019088 0.77337754 0.62745708 -0.090470582 0.78073037 0.61636603 0.10272764 0.76088667 0.61918288 0.19407229 0.72474766 0.56662095 0.39202249 0.72680449 0.5689466 -0.38477895 0.66631931 0.50142199 -0.55190086 0.76917571 0.63119364 -0.099816658 0.76654387 0.63438094 0.09985625 0.46691504 0.30396473 0.83041906 0.57259977 0.40710855 0.71161234 0.66642511 0.50486732 -0.54862255 0.46768251 0.30760321 -0.82864547 0.471351 0.30794927 -0.82643539 0.26902279 -0.18941401 0.94432467 0.33347586 0.18652031 0.92412341 0.27114135 -0.18349963 -0.94488633 0.33756322 0.19005656 -0.92191631 0.12484308 0.0021902213 -0.99217409 0.1994331 0.065667048 -0.9777087 0.24940258 -0.086527415 -0.96452641 0.10758691 -0.098231427 0.98933095 0.20812994 -0.10030356 0.9729445 0.23577906 -0.14146747 0.96145469 0.26412874 -0.17971644 0.94759595 0.12484315 0.0021902213 0.99217403 0.10360898 0.028657826 0.99420518 0.16476463 0.0022570405 0.98633033 0.14140391 -0.015711553 -0.98982728 0.75437486 0.64829093 0.10313716 0.61284155 0.56882507 -0.54850996 0.74307364 0.641325 -0.1911642 0.75707847 0.64513695 -0.10310404 0.6842947 0.61817932 0.3867752 0.61284155 0.56882507 0.54850996 0.60958153 0.56894255 0.55200976 0.61287665 0.56547165 -0.55192745 0.37956253 0.4048667 -0.83187455 0.38378301 0.40915701 0.82782924 0.38378301 0.40915701 0.82782924 0.38275236 0.40173185 -0.83193284 0.098567247 0.18234961 -0.97828072 0.24362914 0.29808718 0.92292404 0.10144933 0.18557824 0.97737855 0.024477568 0.12016235 -0.99245244 0.075050786 0.057391837 0.99552679 0.070785895 0.064149745 0.99542665 0.024525097 0.12262521 0.99214995 0.075050786 0.057391837 -0.99552679 0.99391007 -0.11019435 0 0.98717016 -0.15965623 -0.0022486704 0.99999809 0 0.001960773 0.9999491 0.0099004479 -0.0019800896 0.99619842 0.087087624 0.0021240821 0.98462325 0.17469126 0 0.98320633 0.1824977 0 0.94457144 -0.32821974 0.0075164544 0.92738545 -0.37402835 0.0076854853 0.93784517 -0.34659493 0.017839376 0.9249624 -0.37933844 0.023383789 0.93242663 -0.36002037 0.03108093 0.92268473 -0.38379475 0.036802258 0.92645371 -0.37373987 0.044743493 0.94561195 -0.32521042 -0.0075048278 0.92219973 -0.384689 -0.039522856 0.93323457 -0.35834149 -0.02577994 0.99239522 -0.1067336 -0.061315082 0.92866093 -0.36884847 -0.039239205 0.92452621 -0.38022766 -0.026042972 0.93739706 -0.34803087 -0.012701886 0.9277578 -0.37314773 -0.0051115938 0.9876563 -0.15034579 -0.043947205 0.9655813 -0.26005685 0.0048158485 0.96591592 0.25885594 0 0.9714337 0.23687665 -0.014356181 0.97658622 0.21466032 -0.014153442 0.97903818 0.20367688 0 0.93996662 0.34111682 -0.010107206 0.96738279 0.25161716 -0.029314665 0.96948463 0.24418435 -0.021758996 0.97883427 0.20460185 0.0046500261 0.97140014 0.23622137 0.024104279 0.96907777 0.24530534 0.026716476 0.94008589 0.3409377 0 0.91572416 -0.39744046 -0.059079003 0.96364617 -0.26700526 -0.0097093182 0.77817577 -0.61419249 0.13118678 0.78139955 -0.6205231 0.066074148 0.858338 -0.48114449 0.17820172 0.77763492 -0.62611061 -0.05717909 0.82663131 -0.53505582 -0.17434402 0.80595732 -0.49058264 -0.33130258 0.81142318 -0.47730786 0.33729759 0.78997505 -0.39822519 0.46621481 0.86928976 -0.49403736 -0.016197966 0.86218303 -0.50653255 0.0080829347 0.86787176 -0.49631414 0.021696709 0.86897862 -0.49140325 -0.058302112 0.7662254 -0.4256807 -0.48134664 0.71383995 -0.33899251 0.61279422 0.57859462 -0.81452638 -0.042130686 0.57974684 -0.8104918 0.083645098 0.57859462 -0.81452638 -0.042130686 0.58228493 -0.79649335 -0.16291912 0.58228493 -0.79649335 -0.16291912 0.86696368 -0.48891073 -0.096645117 0.88533956 -0.46059722 -0.063435555 0.86918873 -0.49031156 0.064074732 0.57974684 -0.8104918 0.083645098 0.58396333 -0.78681374 0.19977692 0.5908097 -0.75915873 -0.27317011 0.5908097 -0.75915873 -0.27317011 0.87076366 -0.48091188 0.10244273 0.58396333 -0.78681374 0.19977692 0.59519386 -0.74318802 0.3056401 0.71422172 -0.32464629 -0.62007433 0.63200033 -0.22526744 0.74150538 0.86768734 -0.48140797 -0.1239554 0.78354388 -0.62133652 0 0.92169344 -0.3815757 -0.069865949 0.78264952 -0.61983556 0.057127655 0.9128716 -0.40392548 0.059242338 0.60390222 -0.70892864 -0.36431056 0.60390222 -0.70892864 -0.36431056 0.96434891 -0.23071787 -0.12961677 0.94826084 -0.21042101 0.23774831 0.95957273 -0.24906944 0.13108915 0.96104091 -0.27387178 0.037346162 0.96575195 -0.2594558 -0.0024023589 0.87031662 -0.47419253 0.13300523 0.59519386 -0.74318802 0.3056401 0.61188215 -0.68795389 0.39028144 0.90742433 -0.41419971 0.070850015 0.90591097 -0.41748309 0.070944898 0.9122715 -0.40485421 0.062077571 0.89987087 -0.42929626 0.077053212 0.89739078 -0.43493178 0.074323833 0.89173424 -0.44586712 0.077542149 0.88758141 -0.453529 0.080689251 0.88331234 -0.46122327 0.083858795 0.89012015 -0.45565677 -0.007947471 0.9122715 -0.40485427 -0.06207766 0.9482609 -0.21042104 -0.23774843 0.92409426 -0.15961628 0.34723547 0.96841204 -0.24699402 -0.034236807 0.61798888 -0.075082734 0.78259337 0.906762 -0.41514409 -0.073742747 0.91572416 -0.39744046 -0.059079003 0.94427955 -0.328991 -0.010045566 0.89899302 -0.43162671 -0.074228838 0.90742439 -0.41419971 -0.070849933 0.66724968 -0.21202333 -0.7140196 0.86688453 -0.47576481 -0.1488589 0.98891306 0.14709231 0.020366551 0.98881471 0.14741503 -0.022679219 0.99635702 0.045784414 -0.071946993 0.98650187 0.15625441 -0.048975296 0.9655813 -0.26005685 -0.0048158485 0.99801183 -0.053085726 0.033974871 0.62210149 -0.64885843 -0.43814665 0.61074317 -0.68044758 -0.40494922 0.90656686 -0.42165896 0.018447511 0.88836473 -0.45251077 -0.07773196 0.96091479 0.27595499 0.022174871 0.90902823 0.41652876 0.013098339 0.36115563 -0.17631221 0.91568589 0.92326528 -0.16276407 -0.34797844 0.88769698 -0.086536504 0.45222297 0.99542665 0.070785895 0.064149745 0.61127394 -0.69057423 0.38658935 0.98946053 0.14264534 -0.024906373 0.98908746 0.086515874 0.11925165 0.91170049 0.39938536 -0.096403338 0.9192934 0.3850728 -0.081353426 0.86562079 0.50043714 -0.016230412 0.89375371 0.43707088 -0.10086254 0.8986662 0.42553654 -0.10638417 0.92897826 0.36304888 -0.072075948 0.93251985 0.35499325 -0.066230088 0.93845069 0.33910403 -0.065717824 0.94139087 0.3328675 -0.054611102 0.94677275 0.31731084 -0.054175042 0.94931012 0.31133297 -0.043382443 0.95663649 0.28973842 -0.029972982 0.9586904 0.28313652 0.02732024 0.9890064 0.084170721 -0.12158001 0.86545998 -0.47526947 0.1584231 0.63085479 -0.62749916 0.45636287 0.95666158 0.28875607 0.037663851 0.95163876 0.3045243 0.04060325 0.9488306 0.31113422 0.053998441 0.94358486 0.32662553 0.054437537 0.93845063 0.33910403 0.065717906 0.9346081 0.34782287 0.074343868 0.90687323 0.42019349 0.03191347 0.92600018 0.36878484 0.080755845 0.9181667 0.38371149 0.098668613 0.90271997 0.4285911 0.037501741 0.9046213 -0.42601347 0.013148514 0.88237518 -0.46352625 -0.080977507 0.5448451 -0.095131673 -0.83312291 0.97651488 0.12237652 0.17732103 0.45969474 0.051989246 -0.88655394 0.83866453 0.0081687784 0.54458719 0.88688421 -0.089527741 -0.45323417 0.86315095 -0.47723702 -0.16497083 0.63085479 -0.62749916 0.45636287 0.97651482 0.12237652 -0.17732111 0.26876122 -0.065922551 0.96094823 0.64359397 -0.58631074 -0.49196187 0.63488275 -0.61808687 -0.46356511 0.64359397 -0.58631074 -0.49196187 0.95730615 0.17599496 0.22932674 0.86077726 -0.47919556 0.17156392 0.65374744 -0.56613171 0.50210488 0.77507675 0.11537392 0.62124461 0.8374359 0.0054378747 -0.54650843 0.95730615 0.17599498 -0.22932684 0.92991018 0.24098274 0.27783898 0.65374744 -0.56613171 0.50210488 0.858338 -0.48114449 -0.17820172 0.18549806 0.065044805 0.98048949 0.66978306 -0.52169049 -0.52842194 0.66978306 -0.52169049 -0.52842194 0.92980552 0.23812085 -0.28064245 0.57662296 0.13672507 0.80548882 0.5754751 0.13348652 0.80685174 0.7915529 0.11814213 -0.59957182 0.85455412 -0.4840481 0.18824095 0.85455412 -0.4840481 0.18824095 0.18826686 0.065169357 -0.97995341 0.16180503 0.11032166 -0.98063672 0.67556632 -0.50079298 0.54112524 0.66060692 -0.53253013 0.52915972 0.81692898 -0.4888958 0.3059541 0.8939324 0.31392261 0.31990227 0.90950286 0.40360913 0.09952002 0.89536285 0.31039235 -0.31934613 0.49352473 0.26383391 0.82874912 0.18826692 0.065169357 0.97995335 0.61227894 0.068989076 -0.78762627 0.57215631 0.14303908 -0.80757481 0.61772287 0.34644786 -0.70596904 0.34461337 0.16250074 -0.92457289 0.87701917 -0.47353429 -0.081257395 0.85379219 -0.4866018 -0.18508783 0.70111883 -0.46073514 -0.54420167 0.70111883 -0.46073514 -0.54420167 0.85072327 0.3957577 0.34589848 0.78887177 0.31618738 0.52697897 0.78430223 0.32012329 -0.53140479 0.87257159 -0.48005554 0.090363398 0.80405366 -0.47410342 0.35878092 0.7147513 -0.44214851 0.5418812 0.89704853 0.4289014 0.10652445 0.15450044 0.11771461 0.98095506 0.88783854 0.44674677 0.11027286 0.84893537 0.39637792 -0.3495616 0.44477287 0.33752272 0.82961166 0.44477287 0.33752272 0.82961166 0.48990661 0.26355729 0.83098084 0.44477275 0.33752269 -0.82961172 0.87062985 -0.48462251 -0.084527194 0.90561956 -0.42401835 0.0078521622 0.88173252 0.46064863 0.10173831 0.8598516 0.51053691 -0.0026870258 0.71892554 0.4207536 0.55327433 0.79351127 0.47739697 -0.37740171 0.86692506 -0.49012434 0.090658836 0.86790091 -0.48783979 -0.093597151 0.83433837 -0.46247977 -0.29998684 0.73701358 -0.39811891 -0.54617971 0.71661204 -0.42797664 -0.55072963 0.87070632 0.4834117 0.090462998 0.87166822 0.48111567 0.093393013 0.83541811 0.51572752 0.19000486 0.79134029 0.47803399 0.3811352 0.86406535 0.49456373 -0.093796551 0.8362323 0.51321125 -0.19320892 0.87616611 0.47458982 -0.084246755 0.86609656 -0.4998768 0 0.86692506 -0.49012434 0.090658836 0.86657476 -0.49901825 0.0053657675 0.86406535 -0.49456373 -0.093796551 0.86112559 -0.50019175 0.090943955 0.76979208 -0.39794338 0.49906024 0.85717428 -0.50690037 0.091128163 0.82908916 0.55908978 0.0054545132 0.75240403 0.65325004 0.084572583 0.71656352 0.67350835 -0.18144751 0.75218582 0.65267485 -0.0907306 0.66320199 0.50160944 0.55547357 0.73545474 0.55815768 0.38414371 0.56102848 0.42492101 -0.71041483 0.63351601 0.68603545 0.35778889 0.5826093 0.59954554 0.54873657 0.52892548 0.66368347 -0.52892548 0.52892548 0.66368347 -0.52892548 0.75185484 -0.37919641 0.53937405 0.81959033 -0.57289088 0.0082232831 0.85818398 -0.50464636 -0.094086602 0.85915846 -0.50354648 -0.091036655 0.84070826 -0.54142696 -0.0081621846 0.26446357 0.55726266 0.78709424 0.52867949 0.66674215 0.52531213 0.10454358 0.45490572 -0.88438189 0.26049283 0.54923201 -0.79403257 0.76324016 0.64581847 -0.019570271 0.79447538 0.59805536 -0.10553923 0.84067506 0.53261954 -0.097886801 0.86593866 0.49239653 0.087725826 0.83508241 0.5382936 0.11347802 0.82161772 0.56750894 0.053645104 0.8561542 -0.5091415 0.088175356 0.84903038 -0.52138442 0.085472882 0.84061956 -0.53571695 0.079787672 0.75393718 -0.65692323 -0.0055436343 0.85315472 -0.51360494 -0.091307536 0.84623653 -0.49813926 -0.18905286 0.84934723 -0.49768773 0.17582984 0.8470149 -0.49559388 -0.19223034 0.84579796 -0.4923752 -0.20540811 0.73545468 0.55815768 -0.38414383 0.82085574 -0.57103002 0.010981306 0.84488362 -0.52805221 -0.085630119 0.10479497 0.46166378 0.8808431 -0.018511057 0.18048352 -0.98340374 0.77336907 -0.33512661 -0.53813601 0.77072316 -0.33537742 -0.54176354 0.14257851 0.1327454 0.98084146 0.1499342 0.12535478 -0.980717 0.070785895 0.064149745 -0.99542665 0.79787725 0.59178323 0.11482356 0.73381132 0.67192346 -0.1001991 0.72974962 0.6767838 0.09710376 0.84641969 -0.50367934 0.17286044 0.7899037 -0.32299709 0.52127248 0.734694 0.67346936 -0.081632704 0.7899037 -0.32299709 0.52127248 0.68515992 0.71244514 -0.15158403 0.42928478 0.78376985 -0.44879764 0.42928478 0.78376985 -0.44879764 0.46907526 0.77853465 0.4169558 -0.13171043 0.29567653 0.94616479 0.0089361761 0.14297937 0.9896853 0.04448342 0.097863629 -0.99420518 0.68364912 0.71947342 0.12239994 -0.060353674 0.65526712 -0.75298238 0.11281729 0.72737449 -0.67690367 0.43255988 0.78381127 0.44556895 0.11593863 0.73427725 0.66887611 0.83744711 -0.54019636 -0.082887299 0.84472573 -0.50862014 -0.16656564 0.81849551 -0.28537592 -0.49862376 0.65581524 0.74739307 0.10634837 0.70619994 0.70328182 -0.081709132 0.81849551 -0.28537592 -0.49862376 0.51711792 0.47708297 0.71061999 0.40799317 0.37636554 0.83179957 0.14257851 0.1327454 -0.98084146 0.40799308 0.37636554 -0.83179963 0.75419873 -0.65643233 -0.016759994 0.72157127 0.68994868 -0.057495765 -0.21461213 0.3939456 -0.8937273 -0.23704249 0.38519403 -0.89187241 -0.060385603 0.66136479 0.74762976 -0.32134408 0.5494985 0.77122593 -0.21862023 0.4017888 0.88925302 0.84386015 -0.51107025 0.16342354 0.82418507 -0.56181484 0.071296372 0.83617735 -0.54422385 0.068027891 0.83211756 -0.27012774 0.48436701 0.83088946 -0.55107105 -0.077092893 0.50609922 0.83122975 -0.23004518 0.35020465 0.87703437 -0.32888794 0.35262915 0.87853307 0.32223019 0.83211756 -0.27012774 0.48436701 0.69764131 0.71479654 -0.048606146 0.70840561 0.70560569 -0.016800156 0.69577235 0.71812648 -0.013971364 0.69586074 0.7181282 0.0083502959 0.026604434 0.11306868 -0.99323094 -0.018476663 0.17783859 -0.98388618 0.46432063 0.8770501 0.12324566 -0.042154294 0.26036489 0.9645896 -0.19494003 0.81326503 -0.54826856 -0.0080429567 0.87133247 -0.49062729 0.35262915 0.87853307 0.32223019 -0.002668449 0.87263942 0.48835787 -0.061445083 0.22120231 -0.97329032 -0.097928822 0.25770715 -0.96124774 -0.1282886 0.28864941 -0.9488011 -0.15597191 0.33979595 -0.92747593 -0.3144981 0.50510305 -0.80371749 -0.29027215 0.34712955 0.89176404 -0.060469441 0.2645542 0.96247315 0.67740929 0.62784278 0.38331446 0.51711786 0.47708297 -0.71062011 0.46571624 0.87714642 -0.11714333 0.82526016 -0.56060779 -0.068297394 0.8433392 -0.51488084 -0.15387248 0.86044401 -0.23631915 -0.45143017 0.83755744 -0.26270258 -0.47904587 0.7167567 -0.69723409 -0.011155789 0.63068241 0.77579504 -0.01953442 0.30078271 0.93822116 -0.17108741 0.82084137 -0.56629473 -0.074361913 0.62497342 0.78052247 0.013888245 0.84486705 -0.51516283 0.14424558 0.81393707 -0.57689565 0.068541974 0.87526661 -0.22105706 0.43016514 -0.38212299 0.58965534 0.71153957 -0.19137448 0.81713861 0.54374647 -0.44095886 0.67814142 0.58794522 0.75377268 0.65713519 0 0.87526661 -0.22105706 0.43016514 0.75464624 0.64893705 0.096900091 0.67740929 0.62784284 -0.38331464 0.45131123 0.89187717 0.029550197 0.30078271 0.93822116 0.17108741 0.28174073 0.95842165 -0.045279741 0.28174073 0.95842165 -0.045279741 0.76290023 0.64013475 -0.090612687 -0.27894616 0.91529173 -0.29056877 -0.084250934 0.9625023 -0.25785866 -0.078790165 0.96327323 0.25670335 0.079788931 0.99514484 -0.057625297 0.075050786 0.99552679 0.057391837 -0.18773037 0.38412517 -0.90399408 -0.37841433 0.58901012 -0.71405154 -0.27729616 0.48604742 0.82877314 -0.044579435 0.25509363 0.96588814 0.81275123 -0.57890713 -0.065590464 0.84439063 -0.52007449 -0.12855779 0.90245426 -0.18801129 -0.38759255 0.88080162 -0.21056202 -0.4240897 0.88135219 -0.21366113 -0.42138726 0.095519207 0.17634292 0.97968328 0.095143259 0.17076975 -0.98070657 -0.11447521 0.99135554 0.064106166 -0.27502748 0.9177233 0.28660753 -0.11196058 0.99165094 -0.063977517 0.81043351 -0.58214241 -0.065633714 -0.4955571 0.74333572 0.44930527 -0.44451278 0.67846704 -0.5848853 -0.49525836 0.6502372 -0.57611698 -0.26177078 0.4291825 -0.86445266 -0.29504225 0.48650584 -0.82235163 -0.37546623 0.53871238 -0.7541976 -0.39695743 0.59212798 -0.7012912 -0.41615596 0.61924016 -0.66584975 -0.37454429 0.58481479 0.71951944 -0.27354291 0.53136522 0.80176395 -0.47529936 0.69286597 0.54224288 -0.44179776 0.64596194 0.62253338 0.81398082 -0.57609206 0.074519441 0.84876186 -0.51448923 0.12208226 0.80332756 -0.59252524 0.059822205 0.91568589 -0.17631221 0.36115563 0.91568589 -0.17631221 0.36115563 -0.30368713 0.94999582 -0.072677314 -0.47644696 0.71633649 -0.50976509 -0.49650088 0.73813146 -0.45678097 -0.5309763 0.75057757 0.39331588 -0.30679578 0.94898713 0.072799049 -0.53262824 0.78777969 0.30937093 -0.5362488 0.78522152 -0.30961984 -0.48140004 0.87323737 -0.075568669 0.80332756 -0.5925253 -0.059822299 0.80446762 -0.59126949 -0.056852881 0.85009396 -0.51694906 -0.10051783 0.94224775 -0.14977928 -0.29955855 0.92242241 -0.16592361 -0.34872076 0.92202711 -0.17199899 -0.34681761 -0.56422442 0.82199204 -0.077330314 -0.56422442 0.82199204 0.077330314 0.70697039 0.70697051 -0.019638078 0.44983774 0.54646939 0.70641166 0.21916521 0.31024683 0.92504776 0.095331244 0.17355154 -0.98019987 0.34405059 0.43874356 -0.83014059 0.64112467 0.76710981 -0.022397367 0.7249251 0.68054187 -0.10651965 0.72066969 0.6922968 0.036884699 0.72933364 0.67254132 0.12554112 0.80802882 -0.58610541 0.059748553 0.79609406 -0.60275698 0.054020636 0.78363347 -0.62014169 0.036644764 0.85417765 -0.5113638 0.094273776 0.95316309 -0.13844831 0.2689091 0.95316309 -0.13844831 0.2689091 -0.5626424 0.77561998 0.28608945 -0.55107129 0.76698804 0.3287091 -0.55107129 0.76698804 0.3287091 -0.47802562 0.73031694 -0.48798442 -0.57707548 0.79194397 -0.19952075 -0.55589664 0.76797277 -0.31811419 -0.53987879 0.82481486 -0.1679624 -0.57304037 0.80043763 0.17585377 0.6333878 -0.77383459 0 0.78619897 -0.6165157 -0.042420816 0.70708215 -0.70708215 0.0083513316 -0.55344045 0.82872689 -0.083159477 -0.55981767 0.82706714 0.050636746 -0.57616389 0.81013882 0.10821344 0.95873207 -0.13133313 -0.25215966 0.97285199 -0.12129064 -0.19709732 0.7909407 -0.61079764 -0.036591597 0.85660529 -0.51228356 -0.061586022 0.97285199 -0.12129064 -0.19709732 0.70708215 -0.70708215 0.0083513316 0.70708215 -0.70708215 0.0083513316 0.5931077 -0.80473292 -0.025060877 0.62405139 -0.78006411 -0.045385551 0.60654771 0.69884825 0.37909222 0.49847493 0.56583613 -0.65677416 0.77726537 -0.62854671 -0.028060101 0.79461843 -0.60582614 0.039449163 0.98027295 -0.11301394 0.16215038 0.98027295 -0.11301394 0.16215038 0.77595305 -0.63028669 0.025211371 0.85836506 -0.51000261 0.055737946 0.99136525 -0.10350684 -0.080505274 0.78930587 -0.61359471 -0.022312533 0.86228895 -0.50594872 -0.021761235 0.99136525 -0.10350684 -0.080505274 0.65222001 0.73258847 0.1947387 0.60718137 0.69627863 -0.3827883 0.67748815 0.72778189 -0.10650472 0.65222001 0.73258847 -0.1947387 0.99408221 -0.10007542 0.042254027 0.99408221 -0.10007542 0.042254027 0.79170084 -0.61050171 0.022301346 0.76931089 -0.63877797 0.01110914 0.86073983 -0.50886512 0.013533593 0.76577848 -0.64280683 -0.019563695 0.70512319 0.70796663 0.039805368 0.67134804 0.73345488 0.10646923 0.78381002 -0.62097621 -0.0055197673 0.78753626 -0.61621261 0.0082898233 0.75649977 -0.65397054 -0.0055421018 0.13156776 0.44332612 0.88665205 -0.019698715 0.27824327 -0.96030861 0.30167049 0.48078758 -0.8233093 0.23234078 0.54522622 -0.80544782 0.30101156 0.47346586 -0.8277815 0.29009306 0.57062244 0.76826823 0.53747576 0.76736009 -0.34968311 0.36484155 0.69352758 -0.62121671 -0.08274439 0.34699252 -0.93421072 0.24602742 0.74123651 0.62453103 0 0.55344743 0.83288401 0.005497369 0.59646684 -0.80261886 0.53747576 0.76736009 0.34968311 0.44076228 0.72908062 0.52361244 0.63823235 0.76412207 0.093685471 0.64768183 0.75611717 -0.093781978 -0.090943523 0.69234419 0.7158134 0.63408494 0.7731384 0.013905315 0.6350652 0.76676065 -0.093650162 0.46259609 0.82763755 0.31783795 0.24938007 0.74498379 -0.61871535 0.14868529 0.82371563 0.54716122 -0.11270798 0.66141832 -0.74150038 0.5778566 0.81611985 0.0054772934 -0.19415499 0.75812984 0.62252939 0.49176317 0.87066263 -0.010748963 0.57379329 0.81263089 -0.10194292 0.5992704 0.79613215 -0.083955787 0.62301767 0.77731657 -0.087338954 0.6350652 0.76676065 -0.093650162 0.61982268 0.77987093 0.087298997 0.58370602 0.80551416 0.1021485 0.48970586 0.87178385 0.013453404 0.57085258 0.81214052 0.12064397 0.4662742 0.82543123 -0.31820065 0.57218152 -0.82012695 0 0.49038777 -0.87150437 0 0.39467758 0.87436271 0.28234631 0.15183756 0.82468599 -0.54482871 0.066187151 0.88800979 0.45503604 -0.21091084 0.76300085 -0.61102092 0.57346016 -0.81922889 -0.0027307526 -0.28749284 0.82810485 0.48123831 0.53586507 0.83961731 0.08883325 0.54715997 0.83087248 0.10132588 0.56050915 0.82188654 -0.10164671 0.39757431 0.87405658 -0.27921256 0.33961576 0.91144764 0.23221594 0.068934977 0.89063889 -0.44945553 -0.25502509 0.84496272 -0.47010663 0.0025203219 0.93756324 0.3478058 -0.34357613 0.87870359 0.33141419 0.54035264 0.83639681 -0.091974914 -0.33032885 0.88188702 -0.33638993 0.50908005 0.85784221 0.070315011 0.51578766 0.8530336 0.079352006 0.52792984 0.84582329 -0.076635048 0.3389453 0.91254526 -0.22886056 -0.3000128 0.93615085 -0.1833411 -0.044106368 0.97034055 0.23768441 0.0025203985 0.93756324 -0.34780571 -0.38276181 0.90834534 0.16852954 0.28951785 0.94024342 0.17922528 -0.45404369 0.87916732 -0.14459987 -0.47931987 0.875521 0.060954098 -0.47486615 0.87753069 -0.066647984 0.5057677 0.85980499 -0.070245497 -0.059987899 0.98980182 0.12920496 -0.041561555 0.97058481 -0.23714539 0.25611919 0.95914036 0.12021925 0.28951785 0.94024342 -0.17922528 0.49140322 0.86897868 0.058302023 0.49691811 0.86541885 0.064208426 0.49910328 0.86436862 -0.061342318 0.48591167 0.87243235 -0.052456342 -0.43229032 0.89992517 0.057094894 -0.077287525 0.98834455 -0.13115479 -0.10228565 0.99394959 -0.040024798 -0.089384213 0.99599499 0.0021281864 -0.47494787 0.87810123 -0.057987764 -0.073508896 0.99669439 0.034592427 -0.088444367 0.99499834 0.046433214 0.061191823 0.9926666 0.10425268 0.25611919 0.95914036 -0.12021925 0.47715655 0.87708539 0.05516256 0.46957225 0.88181287 0.043681134 0.46524635 0.88423997 -0.040811088 0.47279704 0.87962228 -0.052227542 0.12120145 0.99205679 -0.033667091 0.24093534 0.96870875 -0.059612852 -0.087456286 0.99614775 0.0063992119 0.35940313 0.9323644 0.039065558 0.43972477 0.8979919 0.015893603 0.45131123 0.89187717 0.029550197 0.45026621 0.892492 -0.02680154 0.45121121 0.89161521 -0.037826117 0.31537014 0.94863325 0.025229668 0.3123464 0.94963425 0.025189294 0.31691813 0.94823945 -0.02012179 0.37890261 0.92534685 0.012887791 0.40392676 0.91469854 0.013029845 0.43450409 0.90060818 0.01053339 0.39008445 0.92059922 -0.01820395 0.43869781 0.89853758 -0.013213819 0.43858635 0.89843738 -0.021264791 0.36832294 0.92969793 0 0.37006536 0.92899173 -0.0051043304 0.4998768 -0.86609656 0 0.4210349 -0.90704441 0 0.42416713 0.90558392 0 0.34395966 0.93898451 0 0.42202812 0.90657902 0.0026051023 0.42202812 0.90657902 0.0026051023 0.33491105 -0.94224972 0 0.42202812 -0.90657902 -0.0026051023 0.34395951 -0.93898445 0 0.1772851 0.98415953 0 0.25885594 0.96591592 0 0.34093791 0.94008583 0 0.25885594 -0.96591592 0 0.31473947 -0.94917488 0.002478254 0.31250119 -0.94990438 -0.0049603176 0.2795344 -0.95981693 -0.024737531 0.27198651 -0.96184349 -0.0296713 0.27136016 -0.96209532 -0.027136067 0.17625856 -0.98430133 -0.0091563258 0.27531734 -0.9611522 0.019665444 0.28214514 -0.95929337 0.012267131 0.25885594 -0.96591592 0 0.25885594 -0.96591592 0 0.30347794 -0.9527216 0.014925085 0.17469126 -0.98462325 0 0.25885594 0.96591592 0 0.17469126 0.98462325 0 0.086904064 0.99621665 0 0.0059053865 0.9999826 0 0.36683208 -0.92999661 0.023249825 0.36597332 -0.93039691 -0.020618215 0.44615233 -0.89230466 0.068850748 0.23622137 -0.97140014 0.024104279 0.087087698 -0.99619848 0.0021240823 0.43526375 -0.89790261 -0.065700188 0.22753891 -0.97309184 -0.036309406 0.21165283 -0.97648925 -0.040887471 0.20279856 -0.97777897 -0.053113937 0.18852153 -0.9807896 -0.050113361 0.17413113 -0.98276752 -0.062019292 0.16475096 -0.98373073 -0.071630895 0.13901381 -0.98723334 -0.077753454 0.12496007 -0.98789167 -0.091951743 0.097422607 -0.99046338 -0.097422607 0.082979016 -0.9911387 -0.10372384 -0.0080464305 -0.99976522 -0.020115985 0.23110534 -0.97256827 -0.026480867 0.11063543 -0.99350631 0.026552541 0.23163216 -0.97237247 0.028954057 0.42007509 -0.89935547 0.12122979 0.083510853 -0.9955371 0.043953039 0.09064541 -0.9901275 0.10691519 0.13433729 -0.98749644 0.082487747 0.15700361 -0.98484093 0.073744133 0.1643924 -0.98397213 0.069092505 0.17724605 -0.98203951 0.064670935 0.17724605 -0.98203951 0.064670935 0.18660875 -0.98089212 0.055025589 0.20045565 -0.97812676 0.055547874 0.2093325 -0.97688496 0.043310151 0.42007509 -0.89935547 -0.12122979 0.37081859 -0.92834324 0.025931435 0.37139067 -0.92847675 0 0.59893453 -0.79952121 -0.045202609 0.65817386 -0.71485871 0.23618686 0.68114138 -0.72014946 0.13202745 0.69671607 -0.71654141 0.033986196 0.70848364 -0.70570529 0.0055567133 0.69519359 -0.70717984 -0.12885061 0.71788424 -0.69518441 -0.03688737 0.38173494 -0.90697938 -0.17795166 0.38173494 -0.90697938 0.17795166 0.60108566 -0.71868956 0.3495445 0.65589041 -0.71580344 -0.23965231 0.83258808 -0.55130833 0.053443119 0.70710409 -0.70710409 0.0027729466 0.83419561 -0.51265109 -0.20324033 0.86545998 -0.47526947 0.1584231 0.81828928 -0.46623456 0.33619645 0.92622298 -0.37102315 0.066730842 0.92751205 -0.36780646 -0.0666316 0.92780763 -0.36847225 -0.05831936 0.9343763 -0.33854216 -0.11104181 0.94742459 -0.27881354 0.15700185 0.95776767 -0.27548701 0.082388625 0.96146047 -0.26930967 -0.055372093 0.75672227 -0.46061364 0.46390373 0.6003558 -0.72107953 -0.34585711 0.829018 -0.45075881 -0.33097675 0.32644919 -0.91579115 0.23400339 0.52139914 -0.72398078 0.45165765 0.32644919 -0.91579115 -0.23400339 0.91323459 -0.25593838 0.3170146 0.96526301 -0.24259257 -0.097037047 0.95093322 -0.24653831 -0.18693563 0.92840421 -0.23281081 -0.28959399 0.96031857 -0.26817405 0.076621182 0.96031857 -0.26817405 -0.076621182 0.91482836 -0.26137948 -0.30784696 0.91482836 -0.26137951 0.30784708 0.85212004 -0.24738964 0.4611831 0.85117251 -0.25412697 0.45926559 0.85117251 -0.25412697 0.45926559 0.87708062 -0.22076176 -0.42660722 0.75386482 -0.44441813 -0.48392189 0.91033387 -0.23558161 -0.34028459 0.92955154 -0.23238786 -0.2862339 0.25763449 -0.92462128 0.28053522 0.85668743 -0.24999414 0.45120895 0.85668737 -0.24999414 -0.45120904 0.63716424 -0.45272201 0.62375039 0.5177241 -0.72680509 -0.45134923 -0.003967952 -0.99994296 0.0099200914 0.068007573 -0.9929114 0.097477645 0.086904064 0.99621665 0 0.86082989 -0.20695916 -0.46490824 0.82514685 -0.23399693 -0.51417738 0.41305447 -0.72697586 0.54853624 0.25763449 -0.92462128 -0.28053522 0.73464096 -0.20148379 0.64784789 0.80222076 -0.21906799 0.55538356 0.78704184 -0.21999988 -0.5763377 0.74141771 -0.20474294 -0.63904625 0.64634579 -0.44540933 -0.61955428 0.77822751 -0.23753136 0.58132672 0.77738512 -0.23415223 -0.58381951 0.51670986 -0.47337285 0.71339279 0.41280654 -0.72984213 -0.54490477 0.1760333 -0.9304617 0.32133058 0.71601087 -0.20857701 0.66620123 0.6726101 -0.20863363 0.70997721 0.92914027 -0.3614811 0.077651523 0.93039817 -0.35825679 -0.077533215 0.80424833 -0.52039605 -0.28700635 0.55581754 -0.23288451 0.79801738 0.64010668 -0.20818998 0.7395407 0.68423039 -0.20526908 -0.699781 0.51206452 -0.43608081 -0.7400158 0.67261004 -0.20863363 -0.70997733 0.84473509 -0.5300855 -0.073701702 0.68327689 -0.68327689 -0.25742057 0.72267312 -0.68798482 -0.066485941 0.84154207 -0.53552687 0.070836961 0.80180454 -0.52401406 0.28726077 0.54619485 -0.18813382 -0.81625795 0.71854669 -0.69257504 0.06348598 0.23881818 -0.84198707 0.48375991 0.17573309 -0.93166423 -0.31799316 0.67250162 -0.50101376 0.54472631 0.67546713 -0.49735892 -0.54440629 0.56842458 -0.66260153 -0.48770159 0.68009204 -0.68644798 0.25741798 0.58681208 -0.80792969 -0.053861946 0.71309596 -0.68912643 0.12883674 0.57520014 -0.81604743 0.056669917 0.37327993 -0.91182894 -0.17096797 0.37327993 -0.91182894 -0.17096797 0.39999399 -0.91231513 -0.087669916 0.3992908 -0.91570687 -0.045252945 0.36986035 -0.91327059 0.17070483 0.39608195 -0.91710246 0.045190547 0.3570466 -0.42656001 0.831002 0.33015257 -0.57614833 0.74769807 0.28857875 -0.7278595 -0.62204731 0.1467755 -0.96190375 -0.23064722 0.2973702 -0.89805812 -0.32413357 0.56487584 -0.66574651 0.48754162 0.36986035 -0.91327059 0.17070483 0.29386944 -0.89941871 0.32355329 0.35999852 -0.1857135 0.9142819 0.35981485 -0.41978404 -0.83325547 0.23838636 -0.97057313 -0.034055214 0.39669487 -0.91376621 0.08754646 0.22089039 -0.97479904 0.031212805 -0.090716958 -0.99572676 -0.017279424 -0.0041025421 -0.99897277 -0.045128148 -0.0080940677 -0.99962121 -0.026305845 -0.069739386 -0.99748468 -0.012679906 0.008336178 -0.99826115 0.058353502 -0.073946849 -0.99722642 0.008451039 0.34850171 -0.19424692 -0.91695946 0.48170766 -0.1146923 -0.86879414 0.044129506 -0.99511957 -0.088258944 0.4713724 -0.4614836 -0.75155896 0.38704601 -0.63184446 -0.67154151 0.47225598 -0.46895349 0.74636257 -0.076774858 -0.99587989 -0.048258513 -0.022032628 -0.99366927 0.11016288 -0.090646595 -0.994901 0.044217788 -0.073661938 -0.99660295 0.036830969 -0.079138488 -0.9967168 0.017111018 0.29386944 -0.89941871 0.32355329 0.080018237 -0.93354583 0.34941283 0.14172 -0.72367656 0.67543143 0.10913416 -0.90105629 -0.41974676 0.17608634 -0.8774972 -0.44608551 0.17608634 -0.8774972 -0.44608551 0.38342336 -0.63463187 0.67099106 0.17279485 -0.87861764 0.44516617 -0.27567461 -0.96120149 -0.0097583542 -0.2727775 -0.96202785 0.0097420169 -0.13638459 -0.98761213 -0.077598087 -0.13433729 -0.98749644 -0.082487747 -0.26535445 -0.96404022 -0.014606688 -0.27216429 -0.96131408 -0.042447627 -0.25217184 -0.96665865 -0.044500891 -0.25484598 -0.96331763 -0.084099151 -0.098914862 -0.99144924 -0.085112832 -0.11101411 -0.99233031 -0.054374263 -0.22797367 -0.97136593 -0.066905275 -0.21934827 -0.97067904 -0.098328538 -0.18878734 -0.97826153 -0.08581239 -0.16630495 -0.98070985 -0.10271772 -0.18598063 -0.977018 -0.10414911 0.70524317 -0.072555862 0.70524311 0.6018551 -0.21406187 0.76938158 0.56939465 -0.18573841 -0.80080646 0.18433745 -0.42426869 0.88657528 0.17810103 -0.67555577 -0.7154749 -0.065915972 -0.98638487 -0.150665 -0.090879828 -0.99286133 0.077247776 -0.11927833 -0.99092734 0.061932933 0.067403503 -0.94883311 0.30850032 0.21820275 -0.16299488 0.96219546 0.28786814 -0.15479702 -0.94507664 0.18582286 -0.40068051 -0.89717603 0.44354701 -0.080392927 0.89263833 0.42861512 -0.174945 0.88638777 0.21705733 -0.422221 0.88012248 0.42683354 -0.16841047 -0.88851053 0.19870184 -0.1725568 0.96474952 0.286632 -0.14872417 0.94642651 0.28415787 -0.13671739 -0.94897979 0.017313153 -0.99551004 -0.093058586 0.01851113 -0.9834038 -0.18048353 0.21676038 -0.41867423 -0.88188815 0.27731067 -0.60562098 -0.74587005 0.03050378 -0.99572784 0.087153353 0.0042901598 -0.99532086 0.096528992 0.017313153 -0.99551004 -0.093058586 0.10597451 -0.86211741 -0.49550274 0.024674196 -0.84988934 -0.52638304 0.15667418 -0.59355396 0.78939652 0.021883015 -0.85070223 0.52519232 -0.028225018 -0.98081809 0.19287069 -0.015501906 -0.92494112 0.37979424 -0.0027039698 -0.84632003 -0.53266782 -0.0054201959 -0.84554088 -0.53388309 -0.0045241858 -0.98626125 -0.1651309 -0.0042406903 -0.99656606 -0.082693785 0.05614762 -0.842215 -0.53621018 -0.1669596 0.98596376 0 -0.08690393 0.99621665 0 0 1 0 -0.090057835 -0.94295782 -0.32049972 -0.12548855 -0.98733425 0.097076021 0.0080008795 -0.88010019 0.47472066 0.0083513316 -0.70708215 0.70708215 -0.0027039698 -0.84632003 -0.53266782 0.024819573 -0.54878855 -0.83559263 0.031398058 -0.38200921 0.92362505 0.037971769 -0.19460529 0.98014629 0.086340129 -0.1166757 0.98941004 0.036430493 -0.36170337 -0.93158126 0.030397264 -0.54162461 -0.84007072 0.18591972 -0.12310896 -0.97482198 -0.071993589 -0.99732417 0.012704782 0.061438456 -0.10922384 0.99211657 0.048942469 -0.093435571 -0.99442166 0.29181406 -0.14320509 -0.94569385 -0.01079401 -0.99521154 0.097146489 -0.19302191 -0.9811945 0 -0.11676566 -0.98655069 0.11438269 -0.086965017 -0.99452293 0.057976656 -0.051997952 -0.99248391 0.11077837 -0.021605715 -0.99602425 -0.086422928 -0.053724632 -0.99390566 -0.096256606 -0.17783861 -0.98388618 -0.018476736 0.05891934 -0.10650808 -0.99256456 0.0051331655 -0.38242233 -0.92397332 -0.030494289 -0.55444223 -0.83166337 0.033390492 -0.56207258 -0.82641363 0.040737007 -0.20608102 0.97768658 0.0051474376 -0.38862711 0.92138076 -0.14274786 -0.97669542 0.16027823 -0.15565971 -0.9842484 0.083816744 -0.1289061 -0.91075009 -0.39232314 -0.056423198 -0.82942039 -0.55576801 -0.066326514 -0.65172994 -0.75554538 -0.033390407 -0.56207263 0.82641363 -0.030540327 -0.56083208 0.82736605 -0.10444083 -0.82972473 0.54831463 -0.098028935 -0.98962563 -0.10503105 -0.069362342 -0.98303139 -0.16981809 -0.10408759 -0.83848298 -0.53489435 -0.12413988 -0.97822183 -0.16634734 -0.11632205 -0.91672873 0.38220108 -0.10408759 -0.83848298 -0.53489435 -0.087861784 -0.69996536 0.7087515 -0.067913502 -0.53764856 -0.84042954 -0.068138659 -0.55078745 0.83185953 -0.023458919 -0.19470856 0.98058051 -0.067913502 -0.53764856 -0.84042954 -0.020793863 -0.17559274 -0.98424327 -0.010773093 -0.094803616 0.99543768 -0.010689718 -0.085517541 -0.99627936 -0.14804642 -0.98293149 -0.10921463 -0.15783148 -0.96768844 -0.19664261 -0.10140835 -0.82865143 0.55050272 -0.10140835 -0.82865143 0.55050272 -0.15141098 -0.97005707 0.18990532 -0.16077065 -0.98167497 0.10230854 -0.093732275 -0.082301423 0.99218982 -0.019366208 -0.083920278 -0.99628425 -0.093732275 -0.082301423 -0.99218982 -0.10871885 -0.17543276 -0.97847003 -0.10893455 -0.17825668 0.97793549 -0.13593762 -0.35787663 -0.92382109 -0.16118255 -0.53429025 -0.82979161 -0.14925323 -0.29307926 0.94436646 -0.098303244 -0.5493418 0.82979518 -0.16132347 -0.53774482 0.82752961 -0.178138 -0.68183863 -0.70948076 -0.16118255 -0.53429025 0.82979161 -0.18489693 -0.81536502 0.54862839 -0.18813382 -0.81625795 0.54619485 -0.18843594 -0.81149018 -0.55315065 -0.18843594 -0.81149018 -0.55315065 -0.1890441 -0.9635998 -0.1890441 -0.19072513 -0.90449965 0.38145027 -0.1795325 -0.9788211 0.098373979 -0.15362041 -0.98413074 -0.08881183 -0.16099064 -0.98488367 -0.063922711 -0.22358704 -0.95823002 -0.17833722 -0.18765751 -0.82327157 -0.53573185 -0.18765751 -0.82327157 -0.53573185 -0.11937441 -0.52699393 -0.84144342 -0.17519915 -0.98062813 0.087599501 -0.20394658 -0.90027791 0.38458472 -0.12254284 -0.52810091 -0.84029323 -0.039830629 -0.17338011 -0.98404926 -0.15487795 -0.68632162 0.71061617 -0.12297471 -0.54167485 0.83154404 -0.042749051 -0.18999587 0.98085368 -0.021733314 -0.093453363 0.99538648 -0.17469126 0.98462325 0 -0.33268818 0.94303358 0.0025014055 -0.25885594 0.96591592 0 -0.25791669 -0.96597105 -0.019465411 -0.22445869 -0.97424656 0.021490723 -0.23223571 -0.96506894 0.12127871 -0.18468097 -0.98096758 -0.059961338 -0.35109502 -0.93625343 0.012720864 -0.28799614 -0.9511801 0.11097099 -0.24028274 -0.9637149 -0.11626589 -0.2795344 -0.95981693 -0.024737531 -0.30856422 -0.93130285 0.19355385 -0.27845719 -0.78474337 0.55375028 -0.29796591 -0.875655 0.38005865 -0.21030618 -0.51814586 0.82903332 -0.20343699 -0.51618356 0.83196634 -0.26075572 -0.96040702 -0.098106116 -0.2879934 -0.79435557 -0.53484493 -0.23155977 -0.81509054 -0.53104389 -0.32882142 -0.90055591 -0.28438607 -0.23155977 -0.81509054 -0.53104389 -0.21270715 -0.5013808 -0.83867335 -0.20283757 -0.50558031 -0.8385973 -0.10292238 -0.16908662 0.98021257 -0.10312695 -0.1718781 0.97970551 -0.17722169 -0.33475205 -0.92549098 -0.060332276 -0.087146834 0.99436682 -0.12330151 -0.05251731 -0.9909786 -0.31660947 -0.94455165 -0.087067597 -0.3396827 -0.93613344 0.09093865 -0.3396827 -0.93613344 -0.09093865 -0.39637792 -0.84893537 -0.3495616 -0.39637792 -0.84893537 0.3495616 -0.34226862 -0.77171892 -0.53600562 -0.35097945 -0.4690361 -0.8104434 -0.40021527 -0.7512235 -0.52487236 -0.38699093 -0.62844694 0.67475361 -0.356646 -0.92944133 0.094565213 -0.31229389 -0.30931985 0.89821708 -0.23247266 -0.046494499 0.97149098 -0.13205665 -0.062553197 0.98926651 -0.31557935 -0.3550266 -0.87998062 -0.22568874 -0.085260153 -0.97046131 -0.34395945 0.93898451 0 -0.49038768 0.87150443 0 -0.4210349 0.90704441 0 -0.15560882 -0.0090207653 0.98777759 -0.32599536 -0.030562105 -0.94487715 -0.41772041 -0.90854192 0.0078322273 -0.41379297 -0.90981442 0.031830277 -0.36315086 -0.92562509 0.10648786 -0.36637455 -0.9267121 -0.083511852 -0.41772041 -0.90854192 -0.0078322273 -0.40360925 -0.90950286 -0.099520028 -0.50653255 -0.86218303 -0.0080829347 -0.38457328 -0.91748208 0.10163727 -0.48389387 -0.81597775 0.31627041 -0.520612 -0.58484346 0.62202996 -0.48465556 -0.81409448 -0.31993592 -0.41638476 -0.90263265 -0.10898662 -0.45248395 -0.0079382835 0.89173728 -0.38606885 -0.034142178 0.92183799 -0.48157769 -0.27341202 0.83266366 -0.50732344 -0.42825994 -0.74780774 -0.51423407 -0.70790648 -0.48418137 -0.32437083 -0.046338666 0.94479436 -0.31380334 -0.030368108 0.94900221 -0.47877601 -0.27669522 -0.83319473 -0.25971022 -0.07893154 -0.96245539 -0.40876102 -0.90650386 0.10566612 -0.45883107 -0.0079565775 -0.88848788 -0.51088357 -0.85958189 0.01081231 -0.4351283 -0.89536005 0.094835624 -0.42202812 0.90657902 0.0026051023 -0.34843531 -0.31813651 -0.88169265 -0.22395271 -0.51846588 -0.82525045 -0.3490285 -0.32171333 0.8801589 -0.35078353 -0.50525701 0.78845829 -0.27630615 -0.88598186 -0.37241274 -0.3125191 -0.79086447 -0.52617991 -0.3119801 -0.79586768 0.51890564 -0.3119801 -0.79586768 0.51890564 -0.23409463 -0.95766026 0.16759054 -0.19700617 -0.97505629 0.10224374 -0.2097576 -0.97475618 0.076499857 -0.63870674 -0.54408348 0.54408348 -0.63167882 -0.23570114 0.7385301 -0.63869947 -0.54069793 -0.54745662 -0.56087697 -0.77952391 -0.27885407 -0.55731642 -0.78214324 0.27865827 -0.4578844 -0.88505715 -0.083759375 -0.4428134 -0.89123195 -0.098091535 -0.57601732 0.0082287882 0.8173961 -0.4192161 -0.029185986 0.90741724 -0.64700562 -0.26772639 -0.71393716 -0.29530904 -0.08885403 -0.95126098 -0.60118639 0.022266163 -0.79879856 -0.55492067 -0.039039664 0.83098668 -0.59752995 -0.027921939 -0.80136025 -0.57925868 0.02217258 -0.81484222 -0.70662534 0.036892124 -0.70662552 -0.70243675 0.033988923 0.7109341 -0.68780959 0.16813138 0.70615149 -0.45861658 -0.88347012 0.095662341 -0.73528868 -0.50344104 0.45375928 -0.75912547 -0.19749606 0.62026107 -0.7352888 -0.50344098 -0.45375928 -0.62056774 -0.74906915 -0.23192933 -0.71361828 0.039803438 0.69940299 -0.75469846 -0.21119127 -0.62115091 -0.27324644 -0.95100468 0.14465989 -0.21022281 -0.97444487 0.079142727 -0.69249111 0.031091405 -0.72075605 -0.47019723 -0.87882125 0.081165045 -0.62056774 -0.74906915 0.23192933 -0.48810187 -0.87021589 -0.066939682 -0.47914198 -0.87422401 -0.078456044 -0.46153653 -0.76922768 0.44189674 -0.46153653 -0.76922768 0.44189674 -0.44347265 -0.79307133 -0.41757634 -0.42202812 0.90657902 0.0026051023 -0.60215801 -0.27718404 0.74871528 -0.57645136 -0.46250176 0.67364377 -0.57957512 -0.45896983 -0.67337912 -0.47268403 -0.47268403 -0.74373353 -0.46576411 -0.76424664 -0.4460839 -0.60471219 -0.27371189 -0.74793369 -0.28106427 -0.9519065 -0.12197132 -0.49360958 -0.86662114 0.072919562 -0.86235046 -0.16187477 0.47973764 -0.76870388 0.060234204 0.63676214 -0.76742965 0.057270825 0.63857019 -0.8104434 -0.4690361 -0.35097945 -0.86117715 -0.16515726 -0.48072553 -0.78140777 0.06010833 -0.62111914 -0.81013006 -0.47204423 0.34765428 -0.66922498 -0.72141236 -0.17805067 -0.83930796 0.064996928 -0.53975701 -0.81386399 0.062605038 0.57767284 -0.80995756 0.042185299 0.58496934 -0.51213771 -0.85727376 0.052883744 -0.66922498 -0.72141236 0.17805067 -0.50022066 -0.86350924 0.064274162 -0.50672007 -0.86031044 -0.055683479 -0.50022054 -0.8635093 -0.064274162 -0.32091412 -0.94134808 -0.10429709 -0.25127789 -0.96450114 0.081221148 -0.2340547 -0.97071135 0.054202173 -0.85462338 0.061645083 0.51557624 -0.89114708 0.060323909 0.4496865 -0.87903982 0.098927267 0.46637151 -0.90020496 0.094465934 0.42509687 -0.93369609 -0.14005437 0.32953978 -0.86239791 -0.44784167 -0.23602471 -0.93176609 -0.14334857 -0.33356121 -0.46316227 -0.85669911 0.22704044 -0.58167189 -0.74647915 0.32315105 -0.58793861 -0.74299932 -0.31981272 -0.91585779 0.084498793 -0.39251047 -0.81119037 0.045066133 -0.5830431 -0.86099756 -0.44868881 0.23950285 -0.70355034 -0.70056933 -0.11924583 -0.80207431 -0.23937881 0.54715145 -0.75874859 -0.43357053 0.48612455 -0.76106501 -0.42645875 -0.48878729 -0.58793861 -0.74299932 -0.31981272 -0.52195764 -0.85132116 -0.053033091 -0.8069827 -0.23899107 -0.54005772 -0.52522784 -0.8493045 0.053081501 -0.93494481 0.091083422 0.34290236 -0.95367908 -0.23437889 0.18858066 -0.9527458 0.096844986 0.28791767 -0.95321602 0.099511497 0.28544107 -0.88665205 -0.44332612 -0.13156776 -0.97759074 -0.12188789 -0.17163801 -0.95647663 0.096167527 -0.27550694 -0.93906742 0.09337315 -0.33080789 -0.53352892 -0.84475416 0.041681956 -0.70355034 -0.70056933 0.11924583 -0.52822429 -0.84793901 -0.044482045 -0.26747081 -0.96239477 0.047494777 -0.25445667 -0.9669354 0.016963787 -0.89444137 0.060176503 -0.44311771 -0.53038692 -0.83929354 -0.11948275 -0.98744619 0.0067633037 0.15781097 -0.97728932 0.093780227 0.1900285 -0.94883305 0.06740351 0.3085005 -0.89511389 -0.42624485 0.13071509 -0.82972473 -0.54831463 -0.10444083 -0.97443044 0.084301844 -0.20827515 -0.95042324 0.069922112 -0.30299589 -0.9954831 0.077254765 0.055182051 -0.98991251 0.1024851 0.097826704 -0.91253418 -0.40704888 0.039906755 -0.90657902 -0.42202812 -0.0026051023 -0.99784982 -0.027600126 0.059446406 -0.99741936 -0.027765445 0.06620986 -0.9856779 0.085711084 -0.14523277 -0.99816024 -0.021058217 -0.056857202 -0.97071141 -0.23405479 -0.054202177 -0.99416101 0.076301277 -0.076301277 -0.99416101 0.076301277 0.076301277 -0.99686408 0.071204573 -0.034523431 -0.90022212 -0.43403563 -0.034830052 -0.52249479 -0.8446998 0.11610994 -0.65739405 -0.73383522 0.17122822 -0.72006655 -0.69126391 0.060485624 -0.79921013 -0.60010886 0.033651002 -0.54681736 -0.83679628 -0.027617017 -0.55001551 -0.83469689 0.027638949 -0.54726654 -0.8361789 0.036114071 -0.62764734 -0.77749097 -0.039581381 -0.55779123 -0.82981759 -0.016486462 -0.47582525 -0.87947488 0.010692662 -0.36116698 -0.93237454 -0.01536883 -0.90657902 -0.42202812 -0.0026051023 -0.93324351 -0.21644507 0.28671944 -0.87509513 -0.41038954 0.25649336 -0.87824023 -0.40603572 -0.25264439 -0.66379476 -0.72803301 -0.17130189 -0.66210419 -0.74907559 0.022444211 -0.66345292 -0.7477901 -0.025301158 -0.66641694 -0.74514967 -0.025306961 -0.58298647 -0.81231272 0.016577834 -0.55845165 -0.82946491 0.01094999 -0.5590378 -0.82891816 0.019277176 -0.60965222 -0.79254794 -0.013855765 -0.59288079 -0.8052147 -0.011030297 -0.56348765 -0.82608384 -0.0082060993 -0.93544215 -0.21565585 -0.28007245 -0.68331712 -0.72887164 0.042707331 -0.68207711 -0.72598785 0.087821126 -0.6196419 -0.7848798 0.0027539537 -0.62133652 -0.78354388 0 -0.54483336 -0.83799237 -0.030422132 -0.4998768 0.86609656 0 -0.57218152 0.82012695 0 -0.63338768 0.77383471 0 -0.68331712 -0.72887164 0.042707331 -0.69363815 -0.71922326 -0.039798934 -0.91249537 -0.40344742 0.067692518 -0.91249537 -0.40344742 0.067692518 -0.91536415 -0.39692777 -0.067504719 -0.91596311 -0.39601931 -0.06465622 -0.64235115 -0.76641047 0 -0.57218152 -0.82012695 0 -0.99678743 -0.021436337 0.07717061 -0.97442973 -0.21215443 0.074007347 -0.97563964 -0.2083652 -0.068638004 -0.57346016 -0.81922889 0.0027307526 -0.58298635 -0.81231284 -0.016577834 -0.57346016 -0.81922889 0.0027307526 -0.57346016 0.81922889 0.0027307526 -0.64235109 0.76641053 0 -0.69735503 0.71672595 0 -0.70572162 0.70848918 0 -0.7639091 -0.64532387 0 -0.63372469 -0.77331167 -0.019542182 -0.70710409 -0.70710409 0.0027729466 -0.70710409 -0.70710409 0.0027729466 -0.71537131 -0.69860476 -0.013972128 -0.80683947 0.59077072 0 -0.70710409 0.70710409 0.0027729466 -0.76641035 0.64235127 0 -0.817949 0.57529074 0 -0.8370173 0.54717648 0 -0.86358112 -0.50420272 0.0026819189 -0.7581228 -0.65181774 -0.019582519 -0.81922889 -0.57346016 0.0027307526 -0.82012695 0.57218152 0 -0.81922889 -0.57346016 0.0027307526 -0.86609656 0.4998768 0 -0.86609656 0.4998768 0 -0.86609656 -0.4998768 0 -0.90558392 -0.42416713 0 -0.93674237 -0.3500194 0 -0.90657902 -0.42202812 -0.0026051023 -0.89178103 0.45246714 0 -0.90657902 0.42202812 0.0026051023 -0.90704441 0.4210349 0 -0.94436228 0.32890713 0 -0.90657902 0.42202812 -0.0026051023 -0.90657902 -0.42202812 0.0026051023 -0.93898451 0.34395966 0 -0.94008583 -0.34093779 0 -0.96591592 -0.25885594 0 -0.98320633 -0.1824977 0 -0.96591592 0.25885594 0 -0.98462325 0.17469126 0 -0.98681593 0.16184688 0 -0.96591592 -0.25885594 0 -0.98462325 -0.17469126 0 -0.99994904 -0.0099005084 -0.0019800896 -0.99619842 -0.087087765 0.0021240823 -0.99619842 0.087087765 0.0021240823 -0.99999809 0 0.001960773 -0.44931129 -0.78141081 -0.43303177 -0.44931129 -0.78141081 -0.43303177 -0.44931129 -0.78141081 -0.43303177 -0.44931129 -0.78141081 -0.43303177 -0.44931129 -0.78141081 0.43303177 -0.44931129 -0.78141081 0.43303177 -0.44931129 -0.78141081 0.43303177 -0.44931129 -0.78141081 0.43303177 -0.4998768 -0.86609656 0 -0.4998768 -0.86609656 0 -0.4998768 -0.86609656 0 -0.4998768 -0.86609656 0 0 0 1 0 0 1 0 0 1 0 0 1 0 0 1 0 0 1 0 0 1 0 0 1 0 0 1 0 0 1 0 0 1 0 0 1 0 0 1 0 0 1 0 0 1 0 0 1 0 0 1 0 0 1 0 0 1 0 0 1 0 0 1 0 0 1 0 0 1 0 0 1 0 0 1 0 0 1 0 0 1 0 0 1 0 0 1 0 0 1 0 0 1 0 0 1 0 0 1 0 0 1 0 0 1 0 0 1 0 0 1 0 0 1 0 0 1 0 0 1 0 0 1 0 0 1 0 0 1 0 0 1 0 0 1 0 0 1 0 0 1 0 0 1 0 0 1 0 0 1 0 0 1 0 0 1 0 0 1 0 0 1 0 0 1 0 0 1 0 0 1 0 0 1 0 0 1 0 0 1 0 0 1 0 0 1 0 0 1 0 0 1 0 0 1 0 0 1 0 0 1 0 0 1 0 0 1 0 0 1 0 0 1 0 0 1 0 0 1 0 0 1 0 0 1 0 0 1 0 0 1 0 0 1 0 0 1 0 0 1 0 0 1 0 0 1 0 0 1 0 0 1 0 0 1 0 0 1 0 0 1 0 0 1 0 0 1 0 0 1 0 0 1 0 0 1 0 0 1 0 0 1 0 0 1 0 0 1 0 0 1 0 0 1 0 0 1 0 0 1 0 0 1 0 0 1 0 0 1 0 0 1 0 0 1 0 0 1 0 0 1 0 0 1 0 0 1 0 0 1 0 0 1 0 0 1 0 0 1 0 0 1 0 0 1 0 0 1 0 0 1 0 0 1 0 0 1 0 0 1 0 0 1 0 0 1 0 0 1 0 0 1 0 0 1 0 0 1 0 0 1 0 0 1 0 0 1 0 0 1 0 0 1 0 0 1 0 0 1 0 0 1 0 0 1 0 0 1 0 0 1 0 0 1 0 0 1 0 0 1 0 0 1 0 0 1 0 0 1 0 0 1 0 0 1 0 0 1 0 0 1 0 0 1 0 0 1 0 0 1 0 0 1 0 0 1 0 0 1 0 0 1 0 0 1 0 0 1 0 0 1 0 0 1 0 0 1 0 0 1 0 0 1 0 0 1 0 0 1 0 0 1 0 0 1 0 0 1 0 0 1 0 0 1 0 0 1 0 0 1 0 0 1 0 0 1 0 0 1 0 0 1 0 0 1 0 0 1 0 0 1 0 0 1 0 0 1 0 0 1 0 0 1 0 0 1 0 0 1 0 0 1 0 0 1 0 0 1 0 0 1 0 0 1 0 0 1 0 0 1 0 0 1 0 0 1 0 0 1 0 0 1 0 0 1 0 0 1 0 0 1 0 0 1 0 0 1 0 0 1 0 0 1 0 0 1 0 0 1 0 0 1 0 0 1 0 0 1 0 0 1 0 0 1 0 0 1 0 0 1 0 0 1 0 0 1 0 0 1 0 0 1 0 0 1 0 0 1 0 0 1 0 0 1 0 0 1 0 0 1 0 0 1 0 0 1 0 0 1 0 0 1 0 0 1 0 0 1 0 0 1 0 0 1 0 0 1 0 0 1 0 0 1 0 0 1 0 0 1 0 0 1 0 0 1 0 0 1 0 0 1 0 0 1 0 0 1 0 0 1 0 0 1 0 0 1 0 0 1 0 0 1 0 0 1 0 0 1 0 0 1 0 0 1 0 0 1 0 0 1 0 0 1 0 0 1 0 0 1 0 0 1 0 0 1 0 0 1 0 0 1 0 0 1 0 0 1 0 0 1 0 0 1 0 0 1 0 0 1 0 0 1 0 0 1 0 0 1 0 0 1 0 0 1 0 0 1 0 0 1 0 0 1 0 0 1 0 0 1 0 0 1 0 0 1 0 0 1 0 0 1 0 0 1 0 0 1 0 0 1 0 0 1 0 0 1 0 0 1 0 0 1 0 0 1 0 0 1 0 0 1 0 0 1 0 0 1 0 0 1 0 0 1 0 0 1 0 0 1 0 0 1 0 0 1 0 0 1 0 0 1 0 0 1 0 0 1 0 0 1 0 0 1 0 0 1 0 0 1 0 0 1 0 0 1 0 0 1 0 0 1 0 0 1 0 0 1 0 0 1 0 0 1 0 0 1 0 0 1 0 0 1 0 0 1 0 0 1 0 0 1 0 0 1 0 0 1 0 0 1 0 0 1 0 0 1 0 0 1 0 0 1 0 0 1 0 0 1 0 0 1 0 0 1 0 0 1 0 0 1 0 0 1 0 0 1 0 0 1 0 0 1 0 0 1 0 0 1 0 0 1 0 0 1 0 0 1 0 0 1 0 0 1 0 0 1 0 0 1 0 0 1 0 0 1 0 0 1 0 0 1 0 0 1 0 0 1 0 0 1 0 0 1 0 0 1 0 0 1 0 0 1 0 0 1 0 0 1 0 0 1 0 0 1 0 0 1 0 0 1 0 0 1 0 0 1 0 0 1 0 0 1 0 0 1 0 0 1 0 0 1 0 0 1 0 0 1 0 0 1 0 0 1 0 0 1 0 0 1 0 0 1 0 0 1 0 0 1 0 0 1 0 0 1 0 0 1 0 0 1 0 0 1 0 0 1 0 0 1 0 0 1 0 0 1 0 0 1 0 0 1 0 0 1 0 0 1 0 0 1 0 0 1 0 0 1 0 0 1 0 0 1 0 0 1 0 0 1 0 0 1 0 0 1 0 0 1 0 0 1 0 0 1 0 0 1 0 0 1 0 0 1 0 0 1 0 0 1 0 0 1 0 0 1 0 0 1 0 0 1 0 0 1 0 0 1 0 0 1 0 0 1 0 0 1 0 0 1 0 0 1 0 0 1 0 0 1 0 0 1 0 0 1 0 0 1 0 0 1 0 0 1 0 0 1 0 0 1 0 0 1 0 0 1 0 0 1 0 0 1 0 0 1 0 0 1 0 0 1 0 0 1 0 0 1 0 0 1 0 0 1 0 0 1 0 0 1 0 0 1 0 0 1 0 0 1 0 0 1 0 0 1 0 0 1 0 0 1 0 0 -1 0 0 -1 0 0 -1 0 0 -1 0 0 -1 0 0 -1 0 0 -1 0 0 -1 0 0 -1 0 0 -1 0 0 -1 0 0 -1 0 0 -1 0 0 -1 0 0 -1 0 0 -1 0 0 -1 0 0 -1 0 0 -1 0 0 -1 0 0 -1 0 0 -1 0 0 -1 0 0 -1 0 0 -1 0 0 -1 0 0 -1 0 0 -1 0 0 -1 0 0 -1 0 0 -1 0 0 -1 0 0 -1 0 0 -1 0 0 -1 0 0 -1 0 0 -1 0 0 -1 0 0 -1 0 0 -1 -0.95842546 0.28533271 -0.0024387322 -0.96580166 0.2589995 -0.012102732 -0.96580166 0.2589995 -0.012102732 -0.9559902 0.29339862 0 -0.96364611 0.26700523 -0.0097092437 -0.93190819 -0.36255059 0.010212653 -0.98887396 -0.14833108 0.01123723 -0.9719457 -0.23460756 -0.016757693 -0.96575892 -0.25851119 -0.021949057 -0.86602652 -0.49952626 -0.021718532 -0.82677257 -0.56220543 0.019291373 -0.70687956 -0.70687968 -0.02534627 -0.5508998 -0.83453131 0.0081816483 -0.49952626 -0.86602652 -0.021718532 -0.28599855 -0.95821756 0.0048888461 -0.25970337 -0.9653123 -0.026950317 -0.23750016 -0.97137588 0.0047499859 -0.089195281 -0.99601418 0 -0.2597698 -0.96485895 0.039583959 0 0 1 0 0 1 0 0 1 0 0 1 0 0 1 0 0 1 0 0 1 0 0 1 0 0 1 0 0 1 0 0 1 0 0 1 0 0 1 0 0 1 0 0 1 0 0 1 0 0 1 0 0 1 0 0 1 0 0 1 0 0 1 0 0 1 0 0 1 0 0 1 0 0 1 0 0 1 0 0 1 0 0 1 -0.73289186 0.68034512 0 -0.73289186 0.68034512 0 -0.73289186 0.68034512 0 -0.73289186 0.68034512 0 -0.86609656 0.4998768 0 -0.86609656 0.4998768 0 -0.93786997 0.34698683 0 -0.93786997 0.34698683 0 -0.76889849 0.63937092 0 -0.76889849 0.63937092 0 -0.99819493 -0.060057398 0 -0.99819493 -0.060057398 0 -0.99819493 -0.060057398 0 -0.99819493 -0.060057398 0 0 0 1 0 0 1 0 0 1 0 0 1 0 0 1 0 0 1 0 0 1 0 0 1 0 0 1 0 0 1 0 0 1 0 0 1 0 0 1 0 0 1 0 0 1 0 0 1 0 0 1 0 0 1 0 0 1 0 0 1 0 0 1 0 0 1 0 0 1 0 0 1 0 0 1 0 0 1 0 0 1 0 0 1 0 0 1 0 0 1 0 0 1 0 0 1 0 0 1 0 0 1 0 0 1 0 0 1 0 0 1 0 0 1 0 0 1 0 0 1 0 0 1 0 0 1 0 0 1 0 0 1 0 0 1 0 0 1 0 0 1 0 0 1 0 0 1 0 0 1 0 0 1 0 0 1 0 0 1 0 0 1 0 0 1 0 0 1 0 0 1 0 0 1 0 0 1 0 0 1 0 0 1 0 0 1 0 0 1 0 0 1 0 0 1 0 0 1 0 0 1 0 0 1 0 0 1 0 0 1 0 0 1 0 0 1 0 0 1 0 0 1 0 0 1 0 0 1 0 0 1 0 0 1 0 0 1 0 0 1 0 0 1 0 0 1 0 0 1 0 0 1 0 0 1 0 0 1 0 0 1 0 0 1 0 0 1 0 0 1 0 0 1 0 0 1 0 0 1 0 0 1 0 0 1 0 0 1 0 0 1 0 0 1 0 0 1 0 0 1 0 0 1 0 0 1 0 0 1 0 0 1 0 0 1 0 0 1 0 0 1 0 0 1 0 0 1 0 0 1 0 0 1 0 0 1 0 0 1 0 0 1 0 0 1 0 0 1 0 0 1 0 0 1 0 0 1 0 0 1 0 0 1 0 0 1 0 0 1 0 0 1 0 0 1 0 0 1 0 0 1 0 0 1 0 0 1 0 0 1 0 0 1 0 0 1 0 0 1 0 0 1 0 0 1 0 0 1 0 0 1 0 0 1 0 0 1 0 0 1 0 0 1 0 0 1 0 0 1 0 0 1 0 0 1 0 0 1 0.060945567 -0.99318743 -0.09931878 0.14412342 -0.98199314 0.12213843 0.14214019 -0.98799068 -0.060584318 0.14817658 -0.95785636 -0.24607913 0.15325208 -0.9591468 -0.23780496 0.14351837 -0.98273563 0.11676067 0.15841258 -0.94228178 0.29497522 0.12005316 -0.91017073 -0.39645475 0.17626593 -0.89866757 -0.40165535 -0.053731672 -0.95181763 0.30192068 0.18626088 -0.87217432 0.45234811 0.013872673 -0.98264641 0.18496874 0.10892293 -0.783068 -0.61232382 0.21161766 -0.81273437 -0.54284519 -0.14436392 -0.97819012 -0.14934205 -0.10742421 -0.98146629 -0.15869479 -0.027125346 -0.99007642 -0.13788737 -0.027125346 -0.99007642 -0.13788737 0.020754941 -0.9847104 0.17295854 0.020754941 -0.9847104 0.17295854 -0.066287436 -0.97467124 0.21359295 0.18602867 -0.87403905 0.44883078 0.22376969 -0.7800864 0.58428782 0.17148954 -0.9088943 0.38013497 -0.15463464 -0.97768986 -0.14216408 0.086917698 -0.92078435 -0.38026497 -0.54036057 -0.7226907 -0.43096232 -0.44331667 -0.77906388 -0.44331667 -0.43582597 -0.78383625 -0.44233081 -0.15463464 -0.97768986 -0.14216408 -0.25638103 -0.91190112 0.32047641 0.041038033 -0.87547779 0.48151278 0.25371268 -0.71039557 -0.65648162 0.25371268 -0.71039557 -0.65648162 -0.2959533 -0.81544566 -0.49745339 -0.37778333 -0.79108441 -0.48110843 0.080689251 -0.88758141 0.453529 -0.039039582 -0.8309868 0.55492067 0.16064805 -0.7668674 0.62137479 0.27156284 -0.67411447 0.68689388 -0.5439986 -0.71980298 -0.43121836 -0.11606157 -0.70529777 -0.69934589 -0.15161192 -0.69741499 -0.7004472 0.10316852 -0.75165659 -0.65143573 -0.1714592 -0.68583679 -0.70726919 -0.45031482 -0.77662998 -0.44052541 0.2580339 -0.56956273 -0.78039527 0.3056401 -0.59519386 -0.74318802 -0.063490301 -0.69550717 0.71570861 -0.094058678 -0.70250076 0.70544004 0.060490135 -0.7172398 0.69419593 0.14177029 -0.68472022 0.71488416 -0.24683917 -0.6740607 -0.69621301 -0.1950371 -0.68417776 0.70275265 0.32546955 -0.55748761 0.76372582 -0.26740465 -0.4943876 -0.82708865 0.10642651 -0.73907268 -0.66516542 0.036890935 -0.71227825 0.70092708 -0.26847619 -0.50885594 0.81791574 -0.35650057 -0.59198707 0.72281301 -0.15170968 -0.54139584 0.82696718 -0.19520058 -0.48950273 0.84987289 0.036890935 -0.71227825 0.70092708 0.30205941 -0.53098881 0.79171395 0.21168205 -0.43827122 -0.87356114 0.36659738 -0.47914928 -0.79751015 -0.29400218 -0.51845539 -0.80297363 -0.35650057 -0.59198707 0.72281301 0.16237074 -0.38456234 0.90870655 0.39140171 -0.43952489 0.80846924 0.21161766 -0.54284519 -0.81273437 0.21161766 -0.54284519 -0.81273437 -0.25351912 -0.38176993 -0.88880807 -0.040764343 -0.46199572 -0.88594484 0.010681067 -0.47263899 -0.88119143 -0.27699792 -0.48241219 0.83099377 0.23657174 -0.50079459 0.83260953 0.22456852 -0.52912062 0.81829119 0.22456852 -0.52912062 0.81829119 -0.1626123 -0.38798758 0.90720612 0.056419738 -0.30261487 0.95144159 -0.12944868 -0.1954422 -0.97213447 0.43026555 -0.35750005 -0.82889396 0.43026555 -0.35750005 -0.82889396 -0.15144363 -0.36178192 0.91987967 -0.0024743513 -0.31176946 0.95015454 -0.093925826 -0.23608397 0.96718264 0.32728931 -0.33941108 -0.8818627 0.07864847 -0.25370499 -0.9640789 -0.05155988 -0.31967154 -0.94612455 0.42284918 -0.37833872 0.82344306 0.45523953 -0.31709784 0.83198923 0.45523953 -0.31709784 0.83198923 0.13909312 -0.15151225 0.97861999 -0.016490165 -0.20966153 0.97763491 0 -0.14670976 0.98917955 -0.031830303 -0.2521944 0.96715295 0.49987534 -0.23307078 -0.83414787 0.49987534 -0.23307078 -0.83414787 0.34832427 -0.33915785 -0.8738662 -0.10524972 -0.1005719 -0.9893471 -0.14440237 -0.10108162 -0.98434258 0.20099321 -0.043069948 -0.97864532 0.018764207 -0.047953002 -0.99867326 0.027435528 -0.052760575 -0.99823028 0.34832427 -0.33915785 -0.8738662 0.52476555 -0.19716623 0.82809818 0.084854506 -0.13199584 0.98761171 -0.012046145 -0.014053826 -0.99982876 0.049626578 0.0082710544 0.99873358 0.06018167 0.0020752212 0.99818522 0.51168478 -0.17654631 0.84083897 0.0059992238 0.015997605 0.99985409 0.57753825 -0.12081156 -0.80737484 0.1552657 -0.0067506558 -0.98784977 0.034194842 0.14133866 0.98937047 0.46632463 -0.12953466 0.87507832 0.46632463 -0.12953466 0.87507832 0.46632463 -0.12953466 0.87507832 0.15206087 0.12017712 -0.98103774 0.1005719 0.10524972 -0.9893471 0.50915885 -0.021782197 -0.86039686 0.30653024 0.12368766 -0.9437905 0.24179806 0.036636084 -0.96963477 0.59803367 -0.080893479 0.79737812 0.15322612 0.20776416 -0.96610332 0.26097977 0.057716597 0.96361732 0.48468983 0.032675762 0.87407553 0.10303628 0.20858547 0.9725613 0.013770219 0.17442347 0.98457444 0.60847449 -0.059990481 -0.79130262 0.64804041 -0.0055387854 -0.76158583 0.41198674 0.18992294 -0.89117688 0.25009719 0.20887245 -0.94542247 0.57968295 0.0027343435 -0.81483752 0.2560488 0.20649101 0.94435191 0.67206711 0.031061977 0.73983848 0.29867265 0.4873082 -0.82056409 0.3774876 0.26663813 0.88679612 0.62426269 0.060135335 0.77889651 0.23073688 0.35632789 0.9054231 0.57440364 0.086593546 0.81397921 0.66506994 0.21544512 -0.71502823 0.68303835 0.048584308 -0.72876477 0.71957624 0.10026879 -0.68713623 0.59310776 0.025060792 -0.80473292 0.39017347 0.4028621 -0.8279292 0.32357964 0.41691974 -0.84939635 0.7430312 0.13182819 0.65614468 0.29441062 0.4792003 0.82685518 0.27186802 0.46341118 -0.84340847 0.57440364 0.086593546 0.81397921 0.57440364 0.086593546 0.81397921 0.73524541 0.18458048 0.65218413 0.20297186 0.41182712 0.88836986 0.78527951 0.21332391 -0.58123052 0.7900852 0.19292779 -0.5818457 0.32786152 0.60703093 -0.72389245 0.64148933 0.31426495 -0.69980651 0.64403993 0.31069261 -0.69905841 0.64148933 0.31426495 -0.69980651 0.64403993 0.31069261 -0.69905841 0.32786152 0.60703093 -0.72389245 0.30101451 0.51647747 0.80164915 0.5505479 0.4537847 0.70069712 0.69493133 0.27861291 0.66290677 0.69493133 0.27861291 0.66290677 0.81036717 0.22184944 0.54229885 0.52769667 0.47425905 -0.70470881 0.72780478 0.31699941 0.6081214 0.52848727 0.48165923 0.69907486 0.849617 0.27089223 -0.45251328 0.849617 0.27089223 -0.45251328 0.46119818 0.55143243 0.69513917 0.49831676 0.50834972 -0.7023254 0.77823746 0.41028419 -0.47540861 0.70320451 0.44658473 -0.55323195 0.57378274 0.39241445 -0.71887702 0.8680796 0.29343534 0.40041694 0.507635 0.49093634 0.70801705 0.44706127 0.77664649 0.44379786 0.62833184 0.58441615 0.51347536 0.48019841 0.75647658 0.44401884 0.84893537 0.3495616 0.39637792 0.803536 0.51565492 -0.2973716 0.8965205 0.33061054 -0.29486883 0.35011613 0.83270806 0.42897075 0.35011613 0.83270806 0.42897075 0.66297746 0.67597693 -0.32173899 0.80971295 0.37125173 -0.45446339 0.35425147 0.82869488 0.43332511 0.83989257 0.38691694 0.38062561 0.90778643 0.34443334 0.239352 0.89508361 0.37812111 0.2363257 0.45779759 0.77171588 0.44144753 0.46576431 0.76424664 0.44608381 0.92421812 0.36308563 -0.11827797 0.92421812 0.36308563 -0.11827797 0.92856485 0.36611992 0.061019905 0.85379219 0.4866018 -0.18508783 0.81273437 0.54284519 -0.21161766 0.7683531 0.62428689 0.14106484 0.79548031 0.58455741 0.15969862 0.7683531 0.62428689 0.14106484 0.88956225 0.44478112 0.10415754 0.7683531 0.62428689 0.14106484 0.7683531 0.62428689 0.14106484 0.7683531 0.62428689 0.14106484 0.92874008 0.36941487 -0.031218195 0.86275446 0.47569677 -0.171369 0.86275446 0.47569677 -0.171369 0.84299898 0.5198983 0.13805211 0.84299898 0.5198983 0.13805211 -0.85101044 -0.52514875 0 -0.85101044 -0.52514875 0 -0.85101044 -0.52514875 0 -0.85101044 -0.52514875 0 -0.43302968 -0.90080869 0.032076314 -0.43302968 -0.90080869 0.032076314 -0.43302968 -0.90080869 0.032076314 -0.85570389 -0.50061595 0.13097513 -0.85570389 -0.50061595 0.13097513 -0.85570389 -0.50061595 0.13097513 -0.85570389 -0.50061595 0.13097513 -0.85570389 -0.50061595 0.13097513 -0.85570389 -0.50061595 0.13097513 -0.85570389 -0.50061595 0.13097513 -0.85570389 -0.50061595 0.13097513 0.755638 -0.65220463 -0.060336147 0.755638 -0.65220463 -0.060336147 0.755638 -0.65220463 -0.060336147 -0.15930299 -0.98722976 0 -0.15930299 -0.98722976 0 -0.15930299 -0.98722976 0 -0.83736461 -0.53602928 -0.10720588 -0.83736461 -0.53602928 -0.10720588 -0.83736461 -0.53602928 -0.10720588 -0.83736461 -0.53602928 -0.10720588 -0.83736461 -0.53602928 -0.10720588 -0.83736461 -0.53602928 -0.10720588 -0.83736461 -0.53602928 -0.10720588 0.03313366 -0.94558281 -0.32369009 0.03313366 -0.94558281 -0.32369009 0.03313366 -0.94558281 -0.32369009 -0.36525998 0.93090564 0 -0.36525998 0.93090564 0 -0.36525998 0.93090564 0 -0.36525998 0.93090564 0 -0.58225244 -0.67594844 0.45174766 -0.58225244 -0.67594844 0.45174766 -0.58225244 -0.67594844 0.45174766 -0.58225244 -0.67594844 0.45174766 -0.58225244 -0.67594844 0.45174766 -0.58225244 -0.67594844 0.45174766 -0.58225244 -0.67594844 0.45174766 -0.58225244 -0.67594844 0.45174766 0.054262787 -0.94572377 0.32040918 0.054262787 -0.94572377 0.32040918 0.054262787 -0.94572377 0.32040918 0.86609656 -0.4998768 0 0.86609656 -0.4998768 0 0.86609656 -0.4998768 0 0.86609656 -0.4998768 0 0.86609656 -0.4998768 0 0.86609656 -0.4998768 0 0.86609656 -0.4998768 0 0.86609656 -0.4998768 0 0.86609656 -0.4998768 0 0.86609656 -0.4998768 0 0.86609656 -0.4998768 0 0.86609656 -0.4998768 0 0.86609656 -0.4998768 0 0.86609656 -0.4998768 0 0.86609656 -0.4998768 0 0.86609656 -0.4998768 0 0.86609656 -0.4998768 0 0.86609656 -0.4998768 0 0.86609656 -0.4998768 0 0.86609656 -0.4998768 0 0.86609656 -0.4998768 0 0.86609656 -0.4998768 0 0.86609656 -0.4998768 0 0.86609656 -0.4998768 0 0.86609656 -0.4998768 0 0.86609656 -0.4998768 0 0.86609656 -0.4998768 0 0.86609656 -0.4998768 0 0.86609656 -0.4998768 0 0.86609656 -0.4998768 0 0.86609656 -0.4998768 0 0.86609656 -0.4998768 0 -0.4998768 -0.86609656 0 -0.32821983 -0.9445715 -0.0075164554 -0.4998768 -0.86609656 0 -0.27857882 -0.96036363 -0.009774656 -0.098392479 -0.99485707 -0.024051463 -0.16870701 -0.98372817 -0.061780009 -0.16540323 -0.98543048 -0.03960358 -0.16072039 -0.9869585 -0.009054631 0.22191727 -0.97501975 -0.0094433269 0.09986376 -0.99419892 -0.039945476 0.058875788 -0.99652761 -0.058875855 0.0081902724 -0.9992094 -0.03890362 0.16476457 -0.98633039 -0.0022570405 0.32591394 -0.94539934 0 0.44616345 -0.89495146 0 0.44616345 -0.89495146 0 -0.44616356 0.89495146 0 -0.44616356 0.89495146 0 -0.44616356 0.89495146 0 -0.44616356 0.89495146 0 -0.24854192 -0.5250448 -0.8139748 -0.24854192 -0.5250448 -0.8139748 -0.24854192 -0.5250448 -0.8139748 0.17768209 0.98408526 -0.0022779666 0.26247242 0.96482927 -0.014581821 0.030228125 0.99954307 0 0.030228125 0.99954307 0 0.3266812 0.94513124 -0.0024937403 0.36698771 0.9302119 -0.0050970321 0.40516207 0.91421175 -0.0077915476 0.43336388 0.9010796 -0.015854795 0.47814277 0.87794554 -0.02431233 0.50388891 0.86342049 -0.024513505 0.70423758 0.70982683 -0.013973 0.31544086 0.94882631 -0.015021015 0.58042216 0.81424135 -0.011003304 0.75120634 0.66006738 0 0.85101044 0.52514875 0 0.85101044 0.52514875 0 0.075572707 0.99714029 0 0.075572707 0.99714029 0 0.075572707 0.99714029 0 0.075572707 0.99714029 0 0.075572707 0.99714029 0 -0.97151643 -0.03895805 -0.2337483 -0.98102331 -0.092503458 -0.1704011 -0.99564993 -0.041668143 -0.083336353 -0.92799956 -0.083385475 -0.36313027 -0.91951263 -0.039634176 -0.39105704 -0.92284322 -0.050385084 -0.38186613 -0.84163964 -0.076771148 -0.53455496 -0.9660902 -0.19269721 -0.17186508 -0.6437946 -0.028113278 -0.76468176 -0.53471935 -0.044559944 -0.84385395 -0.64716041 -0.022412481 -0.76202434 -0.91522843 -0.18247545 -0.35924858 -0.64778495 -0.036773853 -0.76093525 -0.5391587 -0.047490653 -0.84086412 -0.82618064 -0.16463745 -0.53881341 -0.52480084 -0.10380671 -0.8448717 -0.23471518 -0.0047417018 -0.97205257 -0.17033289 -0.020716155 -0.98516876 -0.23471518 -0.0047417018 -0.97205257 -0.10805891 -0.0021611704 -0.99414217 -0.089763105 -0.0064116223 -0.99594247 -0.083392568 -0.012829641 -0.99643415 -0.065121032 -0.010503414 -0.99782205 -0.12702629 -0.020056775 -0.9916966 -0.51468885 -0.10351278 -0.85110545 -0.93964356 -0.29484424 -0.17359985 0 0 -1 -0.89103019 -0.27807322 -0.35880411 0.070421942 -0.097682171 -0.99272305 0.037126303 -0.08298824 -0.99585867 0 0 -1 -0.80503625 -0.25274393 -0.53669089 -0.51350683 -0.1602854 -0.84298241 -0.10579542 -0.026448889 -0.99403614 -0.33056509 -0.10481334 -0.93794501 -0.20543626 0.11920377 -0.97138381 -0.33896267 0.19654126 -0.92004126 -0.33896267 0.19654126 -0.92004126 -0.20543626 0.11920377 -0.97138381 -0.21474944 0.12271399 -0.96892923 -0.86471325 -0.47219834 -0.17117187 -0.79245371 -0.29162303 -0.53569871 -0.75459182 -0.37892911 -0.53572738 -0.83249277 -0.43201327 -0.346872 -0.056740388 -0.01891344 -0.99820977 -0.20543626 0.11920377 -0.97138381 -0.039459996 0.022845214 -0.9989599 0 0 -1 0 0 -1 -0.50418633 -0.1860688 -0.84331167 -0.49094307 -0.23933476 -0.83767158 -0.47647226 -0.25206915 -0.84227985 -0.15298784 -0.063548744 -0.98618275 -0.27642566 -0.14492221 -0.95004547 -0.021478556 -0.079470739 -0.99660575 -0.002202715 -0.13216344 -0.99122548 0 0 -1 0.02135193 -0.072596379 -0.99713284 0 0 -1 0 0 -1 -0.041535217 -0.020767577 -0.99892122 -0.083510853 -0.043953039 -0.9955371 0 0 -1 -0.80695039 -0.58661294 -0.068676636 -0.62215787 -0.58158249 -0.52410054 -0.81937581 -0.5707376 -0.053683206 -0.7157408 -0.45940569 -0.52598625 -0.52777112 -0.3198612 -0.78685868 -0.55897534 -0.56913847 -0.60301572 0 0 -1 -0.79609418 -0.60275692 -0.054020636 -0.50261766 -0.69361234 -0.51602072 -0.40966868 -0.88464689 -0.2226461 -0.49004138 -0.87118459 -0.029946938 -0.58810896 -0.80830127 -0.027872438 -0.38228455 -0.35120445 -0.8547011 -0.32886118 -0.68702668 -0.64795411 -0.15810841 -0.14806974 -0.97625667 -0.21987452 -0.45782095 -0.86142629 -0.18735632 -0.97014648 -0.15399155 -0.029077653 -0.033231586 -0.99902451 -0.097207904 -0.20189331 -0.97457147 -0.062944449 -0.93892133 -0.33832639 -0.066306114 -0.75819594 -0.64864665 0.014420436 -0.039141137 -0.99912965 0 -0.036486827 -0.99933416 -0.014363493 -0.034882739 -0.99928814 -0.044191308 -0.50543809 -0.86173052 -0.019059453 -0.2239486 -0.97441453 -0.02316574 -0.054755274 -0.99823105 0.050761506 -0.99536675 -0.081659824 0.063299559 -0.9870047 -0.14769904 0.23221585 -0.91144764 -0.33961585 0.19486722 -0.72379249 -0.66192991 0.13723043 -0.49928552 -0.85550088 0.074146375 -0.21502466 -0.97378987 0.0041105747 -0.047271799 -0.99887353 0.14200445 -0.24193364 -0.9598453 0.15877508 -0.2056267 -0.96566457 0.33543006 -0.61549807 -0.71319622 0.31405729 -0.63135231 -0.70905727 0.40471682 -0.77026767 -0.49284074 0.44843137 -0.85720539 -0.25319588 0.41047257 -0.88340837 -0.22605741 0.051419716 -0.98632336 -0.15659633 0.38249195 -0.88750082 -0.2569868 0.077341408 -0.17643507 -0.98126906 0.2293407 -0.49537578 -0.83785778 0.2265583 -0.50516385 -0.83275491 0.28531942 -0.63475555 -0.71810728 0.34348843 -0.75826693 -0.55411822 0.37746853 -0.83986771 -0.39005095 0.48094809 -0.83857608 -0.25588897 0.40315568 -0.89395374 -0.19573493 -0.92729539 -0.0806344 -0.36554253 -0.97826153 -0.08581239 -0.18878734 -0.97826153 -0.08581239 -0.18878734 -0.81899893 0.43340027 -0.37603858 -0.88383412 0.29260039 -0.36499643 -0.93217355 0.30792519 -0.19035371 -0.86717159 0.46031377 -0.19006501 -0.82647568 0.095362566 -0.55483681 -0.88842946 -0.26622969 -0.37391818 -0.73586726 0.38764444 -0.55518574 -0.79675055 -0.57390469 -0.18926646 -0.86452973 -0.46643016 -0.18716624 -0.79516655 -0.57496667 -0.19267499 -0.79709017 -0.23974982 -0.55422676 -0.75145346 -0.54235339 -0.37572667 -0.39105704 0.039634176 -0.91951263 -0.52976894 -0.15774024 -0.83334446 -0.54959279 0.065157905 -0.83288783 -0.49178419 0.2567175 -0.8320123 -0.48904222 0.25999707 -0.83260989 -0.52976894 -0.15774024 -0.83334446 -0.45004839 -0.32730791 -0.83085853 -0.67800128 -0.4833276 -0.5538128 -0.656187 0.656187 -0.37260866 -0.69352502 0.69352502 -0.19505392 -0.58950549 0.58950549 -0.55223787 -0.11355418 0.03117176 -0.99304271 -0.08479964 -0.0021199828 -0.99639577 -0.17569268 -0.054607198 -0.98292941 -0.17113893 0.097793661 -0.98038149 -0.084740207 -0.060210109 -0.99458224 -0.15660471 -0.11255965 -0.98122638 -0.12593032 -0.011046546 -0.99197751 -0.078470901 -0.039235417 -0.99614406 -0.17317642 -0.092685983 -0.98051995 -0.36036649 -0.26804116 -0.8934707 -0.39227724 0.39227745 -0.83200783 0.0095270593 -0.2357938 -0.9717564 -0.64027411 -0.67967564 -0.35789686 -0.67646128 -0.71625304 -0.17141099 -0.61587429 -0.57865131 -0.53466022 0.071016699 -0.54540837 -0.83515656 -0.073752813 0.073752813 -0.99454558 -0.091411106 0.053508945 -0.99437457 -0.13766529 0.13766529 -0.98086518 -0.39227724 0.39227745 -0.83200783 0.071016699 -0.54540837 -0.83515656 -0.37113348 -0.39629507 -0.83976805 -0.54723376 0.81477034 -0.19153184 -0.51373219 0.77059823 -0.37717038 0.10782218 -0.82178032 -0.55950999 0.11988042 -0.91164905 -0.39309642 0.12688841 -0.97196537 -0.19794597 -0.46489862 0.69233096 -0.55185795 -0.40901732 0.63181531 -0.65841794 -0.34078881 0.44176352 -0.82988435 -0.37113348 -0.39629507 -0.83976805 -0.12064033 -0.1278788 -0.98442525 -0.21738347 0.32321483 -0.92101926 -0.055518135 0.0843876 -0.99488515 -0.30689654 0.46034479 -0.83300501 -0.063887686 -0.066090696 -0.99576622 0 0 -1 -0.066002429 -0.10469348 -0.99231195 -0.055070277 -0.074895479 -0.99566948 -0.57767946 0.80578887 -0.13034825 -0.58307368 0.8118394 -0.030688142 -0.56688952 0.79302591 -0.22303863 -0.53585666 0.74296695 -0.40107074 -0.48352391 0.67491865 -0.5573954 -0.47672209 0.67143965 -0.5673666 -0.31998822 0.44861105 -0.83447933 -0.326913 0.44636214 -0.83299983 -0.31230935 0.44347939 -0.84011239 0 0 -1 -0.052758031 0.074740432 -0.99580652 -0.11233255 0.15384674 -0.98168868 -0.091227569 -0.3461282 -0.93374121 -0.14167193 -0.53126937 -0.83527356 -0.21575683 -0.80138201 -0.55788517 -0.23774917 -0.88858718 -0.39228594 -0.25448531 -0.94679463 -0.19702084 -0.59659559 -0.77803451 -0.19681504 -0.56004435 -0.72805774 -0.39532545 -0.33302224 -0.43669906 -0.83569735 -0.50541735 -0.6570425 -0.55932856 -0.049040619 -0.095852062 -0.99418676 -0.21359015 -0.28947094 -0.93305194 -0.58220059 -0.79446125 -0.17284079 -0.54350656 -0.64815688 -0.53337914 -0.55341715 -0.75199634 -0.3580935 -0.32610857 -0.43899238 -0.83722103 -0.50031835 -0.68164188 -0.5338968 -0.11339005 -0.13510303 -0.98432207 -0.25338766 -0.3506178 -0.90158856 -0.641325 0.74307364 -0.1911642 -0.72805762 0.56004435 -0.39532554 -0.78845859 0.58290714 -0.19634767 -0.65704262 0.50541735 -0.55932844 -0.43669897 0.33302224 -0.83569747 -0.29016536 0.23611484 -0.92739087 -0.84853208 -0.4904635 -0.19859257 -0.79695249 -0.45816702 -0.39363641 -0.087055974 0.091637842 -0.99197966 -0.47513923 -0.27638817 -0.83537555 -0.71826351 -0.41374633 -0.55938494 -0.054513596 -0.063235804 -0.99650866 -0.19627848 -0.13510084 -0.97119641 -0.47513923 -0.27638817 -0.83537555 -0.88858712 0.23774904 -0.39228588 -0.94679451 0.25448531 -0.19702093 -0.10854909 -0.080834396 -0.99079907 -0.80138212 0.21575673 -0.55788517 -0.3788681 0.11614933 -0.91813302 -0.53126937 0.14167184 -0.83527362 -0.97196537 -0.12688841 -0.19794597 -0.91164905 -0.11988042 -0.39309642 -0.1283752 0.052725542 -0.99032307 -0.064211592 0.032105796 -0.99741971 -0.54540837 -0.071016699 -0.83515656 -0.8202157 -0.12347331 -0.55856985 -0.83258814 0.053443119 -0.55130827 -0.0730514 -0.027931448 -0.99693698 -0.30574411 -0.012428652 -0.95203263 -0.54234153 -0.079924069 -0.83634788 -0.055813402 -0.0020671538 -0.99843901 -0.14297944 -0.008936177 -0.98968536 0 0 -1 0 0 -1 0.025222978 0.050445829 -0.99840832 0.064750873 0.12718907 -0.98976278 0.010606656 0.076367714 -0.99702334 -0.015621789 0.1339016 -0.99087155 -0.02804248 0.077655993 -0.99658573 0 0 -1 0 0 -1 0.057799987 0.038533282 -0.99758422 0.10900591 0.085813105 -0.99033016 -0.52582204 -0.81657076 -0.23816651 -0.5293864 -0.81420249 -0.23837872 -0.50153291 -0.77183968 -0.39080486 -0.42359462 -0.6270535 -0.65373653 -0.36108494 -0.5432539 -0.75795305 -0.24317357 -0.37958807 -0.89262509 -0.12713757 -0.20087741 -0.97133124 0 0 -1 0 0 -1 -0.39473072 0.90183008 -0.17575605 -0.44234094 0.86347383 -0.24237861 -0.43874776 0.86539215 -0.24206774 -0.37612671 0.85483319 -0.35747567 -0.44234094 0.86347383 -0.24237861 -0.33985284 0.6699025 -0.66009909 -0.33260056 0.67172289 -0.66194057 0 0 -1 -0.33856711 0.77386749 -0.53525829 -0.26515299 0.51158905 -0.81729466 -0.21226443 0.49427301 -0.84299344 -0.17751542 0.33812475 -0.92420775 -0.21593331 0.49877521 -0.83940226 -0.071630903 0.16475098 -0.98373079 -0.10537315 0.20321952 -0.97344661 -0.034938678 0.085163198 -0.9957543 -0.01854218 0.035024006 -0.99921447 0 0 -1 -0.053508945 -0.091411106 -0.99437457 0.1014244 0.0064738723 -0.9948222 0.11600754 0.031232825 -0.99275714 0.069626354 0.045692209 -0.99652624 0.043689299 0.076456189 -0.99611527 0.12342105 0.031416301 -0.99185693 0.089953139 0.0085669281 -0.99590921 -0.26761419 0.89502114 -0.35681915 -0.28179228 0.94386733 -0.17235839 -0.2421134 0.81014895 -0.53389126 -0.1061592 0.35658568 -0.92821163 -0.15730183 0.51939303 -0.83993274 -0.026087599 0.089132741 -0.99567807 0 0 -1 0 0 -1 -0.2963396 -0.92606127 -0.23365235 -0.24398191 -0.95447844 -0.17159164 -0.30020374 -0.95021027 -0.083534963 -0.23147258 -0.90244997 -0.36332408 -0.27487186 -0.87898564 -0.38965341 -0.2674458 -0.88347268 -0.38464117 -0.21126027 -0.81748527 -0.53580499 -0.1939858 -0.61582792 -0.76362658 -0.13805211 -0.5198983 -0.84299898 -0.2008422 -0.61797607 -0.76011056 -0.18733442 -0.62035316 -0.76162177 -0.13496239 -0.52224565 -0.84204781 -0.03307699 -0.099230967 -0.99451452 -0.030745724 -0.096629612 -0.99484545 0 0 -1 -0.074424297 -0.22079201 -0.9724772 -0.034393277 -0.14903748 -0.98823321 -0.074563004 -0.22368893 -0.9718042 -0.071916945 -0.2231904 -0.97211826 -0.091290101 0.97705132 -0.19244951 -0.093962468 0.97671491 -0.1928703 -0.086660974 0.92348188 -0.37372586 -0.047645584 0.55212831 -0.83239663 -0.056379158 0.5525161 -0.83159328 -0.074136756 0.82976061 -0.55317372 -0.0086669745 0.10400409 -0.99453908 -0.016310984 0.1934007 -0.98098433 -0.018648699 0.19114842 -0.98138398 -0.014824031 -0.069884673 -0.99744499 -0.12765925 -0.97621799 -0.17521863 -0.12110927 -0.92483413 -0.36057517 -0.11033608 -0.83623117 -0.53716236 -0.070774958 -0.53222781 -0.84363759 -0.014940807 -0.078972816 -0.99676472 -0.032214928 -0.15647238 -0.98715687 -0.060886651 -0.47602347 -0.87732226 0.042668749 0.9813816 -0.18726848 0.042668749 0.9813816 -0.18726848 0.21559295 0.80385357 -0.55438185 0.3075023 0.84796101 -0.43174577 0.14179789 0.5346961 -0.83306265 0.14179789 0.5346961 -0.83306265 0.04744117 0.18264867 -0.98203295 0.0064116223 0.089763105 -0.99594247 0.044838842 0.10761331 -0.99318117 0.10877209 0.14261241 -0.9837836 0.35658762 0.42285594 -0.83308941 0.35658762 0.42285594 -0.83308941 0.53389037 0.63864112 -0.55416477 0.45326427 0.87097818 -0.18960071 0.45326427 0.87097818 -0.18960071 0.63807553 0.63807553 -0.43095151 0.45326427 0.87097818 -0.18960071 0 -0.98462325 -0.17469126 0 -0.93328041 -0.35914856 0 -0.84310466 -0.53774947 0 -0.53774947 -0.84310466 -0.0085836248 -0.092273593 -0.99569672 -0.0025277829 -0.35389102 -0.93528324 0.11108462 0.080999173 -0.99050456 -0.0020873654 -0.066795945 -0.99776447 0.15329044 0.08622583 -0.98441207 0.49987534 0.23307078 -0.83414787 0.75378329 0.35089919 -0.55559039 0.49987534 0.23307078 -0.83414787 0.84173155 0.39259875 -0.37061319 0.7787419 0.597853 -0.19008662 0.7787419 0.597853 -0.19008662 0.39196664 0.042374779 -0.91900301 0.36799076 0.036538109 -0.92911136 0.28797489 0.13995035 -0.94735646 0.55130833 0.053443119 -0.83258808 0.5536949 0.03617106 -0.83193368 0.83081704 0.071131676 -0.55198121 0.8309319 0.083093226 -0.55013424 0.82979512 0.098303236 -0.54934174 0.5461126 0.10747955 -0.83078831 0.5461126 0.10747955 -0.83078831 0.54926097 0.05633441 -0.83374989 0.95858318 0.21301848 -0.18905391 0.97607607 0.10706963 -0.18923929 0.97471076 0.11275578 -0.19293764 0.55170321 -0.039009344 -0.83312774 0.91308987 0.09048637 -0.39759165 0.82760471 0.080183201 -0.55555475 0.82869107 0 -0.55970615 0.84905106 0.35273078 -0.39331046 0.76527333 0.31832793 -0.55948555 0.83288401 0 -0.55344743 0.4647727 0.31089517 -0.82905394 0.29236814 0.26921037 -0.91763091 0.98689932 0.094894089 -0.13047947 0.90546799 0.37607294 -0.19671515 0.9946084 0.099020779 -0.030806473 0.38802415 0.38802427 -0.83598709 0.58624524 0.58624536 -0.55913574 0.64975876 0.6497587 -0.39449638 0.69352502 0.69352502 -0.19505392 0.16776338 0.37249142 -0.91274625 0.20969364 0.50751901 -0.83573496 0.31832793 0.76527333 -0.55948555 0.35273078 0.84905106 -0.39331046 0.54477799 0.81564534 -0.19478096 -0.019229455 0.23796356 -0.9710837 0 0.55031341 -0.83495814 0 0.55031341 -0.83495814 0 0.82869107 -0.55970615 7.8233022e-08 0.91954309 -0.3929891 0.19245009 0.96225053 -0.19245009 -7.0115476e-08 0.98066908 -0.19567336 -0.37607303 0.90546799 -0.19671506 -0.35273078 0.84905106 -0.39331046 -0.31832793 0.76527333 -0.55948555 -0.20969355 0.50751913 -0.83573496 -0.20969355 0.50751913 -0.83573496 -0.085147619 0.1775935 -0.98041344 0.12765925 -0.97621799 -0.17521863 0.12110927 -0.92483413 -0.36057517 0.11033608 -0.83623117 -0.53716236 0.070774868 -0.53222781 -0.8436377 0.0065364195 -0.1132984 -0.99353951 0.044144813 -0.34536836 -0.9374283 0 0 -1 0 0 -1 0.058276173 -0.047484327 -0.99717051 0.071056843 -0.032298576 -0.9969492 -0.69352502 0.69352502 -0.19505392 -0.6497587 0.6497587 -0.39449647 -0.58624536 0.58624536 -0.55913568 -0.38802406 0.38802427 -0.83598721 -0.37584329 0.3789753 -0.84564739 0.0062514548 -0.060430985 -0.99815273 0 0 -1 -0.058094047 0.089375481 -0.99430227 -0.058875781 0.058875781 -0.99652761 -0.13737999 0.13492678 -0.98128563 -0.90546811 0.37607294 -0.19671506 -0.84905106 0.35273078 -0.39331046 -0.76527333 0.31832793 -0.55948555 -0.50751913 0.20969345 -0.8357349 -0.50751913 0.20969345 -0.8357349 -0.20949784 0.10853498 -0.97176689 -0.11496196 0.068977199 -0.99097222 -0.9769479 0.096458159 -0.19044305 -0.83312035 0.083025776 -0.54682475 -0.70103717 0.06952434 -0.70972759 -0.92087156 0.092632033 -0.37870166 -0.94679451 0.25448531 -0.19702093 -0.97854102 0.062975392 -0.19619262 -0.97854102 0.062975392 -0.19619262 -0.94679451 0.25448531 -0.19702093 -0.92258799 0.058661684 -0.38130084 -0.80138212 0.21575673 -0.55788517 -0.82824796 0.053526189 -0.55779952 -0.83036017 0.52124804 -0.19698325 -0.78368068 0.49222913 -0.37888682 -0.80138212 0.21575673 -0.55788517 -0.19697429 0.021104375 -0.9801814 -0.09227366 0.0085835597 -0.99569672 -0.072294511 0.017010462 -0.99723822 -0.5577997 0.053526189 -0.82824779 -0.20786828 0.021259246 -0.97792578 -0.8216176 0.053645108 -0.56750917 -0.82405788 0.10773905 -0.55616629 -0.53126937 0.14167184 -0.83527362 -0.55048227 0.036142811 -0.83406419 -0.55048227 0.036142811 -0.83406419 -0.37796304 0.10133795 -0.92025793 -0.46458036 0.29309103 -0.83562118 -0.46744391 0.28981531 -0.83516663 -0.70294678 0.44308966 -0.5563609 -0.73258847 0.65222001 -0.1947387 -0.49450129 0.66606289 -0.55841625 -0.59449381 0.67465013 -0.43752062 -0.38652316 0.026116407 -0.92190987 -0.10099068 0.026345424 -0.99453849 -0.099075146 0.0064613968 -0.99505895 -0.16353293 0.10251313 -0.98119724 -0.33017713 0.44338089 -0.83330452 0 0 -1 -0.33017713 0.44338089 -0.83330452 -0.089375481 0.058094047 -0.99430227 -0.1278787 0.12064031 -0.98442513 -0.063495904 0.059116889 -0.99622959 -0.13402386 0.89254242 -0.43058765 -0.19568563 0.80108839 -0.5656541 -0.095430262 0.37626767 -0.92158318 -0.13257612 0.54503542 -0.82786471 -0.054482948 0.11350598 -0.99204236 -0.094955266 0.16799758 -0.9812035 -0.030262735 0.077818386 -0.99650812 0.0244775 -0.12016242 -0.99245244 0.060681682 -0.27053955 -0.96079457 0.18084802 -0.63143557 -0.75404441 0.23449121 -0.90279114 -0.36053029 0.16449456 -0.82845438 -0.53535491 0.24765123 -0.95291871 -0.17497094 0.10072948 0.9608041 -0.25828072 0.10335374 0.96118897 -0.25580028 -0.016400578 0.97935253 -0.20149368 0.096645117 0.86696368 -0.48891073 0.081709132 0.70328182 -0.70619994 0.061586116 0.5122835 -0.85660535 0.036960583 0.25625938 -0.96590108 0.017926656 0.13669129 -0.99045151 -0.002202715 0.13216344 -0.99122548 0.038546097 0.12924312 -0.99086344 0.072980322 0.24662302 -0.96635973 0.20181556 0.67685872 -0.70790726 0.20181556 0.67685872 -0.70790726 0.2771599 0.92577094 -0.25715858 0.2771599 0.92577094 -0.25715858 0.016810479 -0.05883693 -0.99812597 0.01025862 -0.038982641 -0.99918729 0.069024757 -0.21693505 -0.9737426 0.11809494 -0.35977739 -0.92553431 0.11809494 -0.35977739 -0.92553431 0.21550407 -0.70897698 -0.67149806 0.16358393 -0.5145461 -0.84171414 0.2051025 -0.72096646 -0.6619218 0.22574528 -0.71799541 -0.65842372 0.29411653 -0.92518198 -0.23986205 0.29750615 -0.92398542 -0.24029347 0.21544512 -0.71502823 -0.66506994 0.29130378 -0.92531782 -0.24275318 0.052517377 0.12330143 -0.9909786 0.27845302 0.64972395 -0.70733494 0.10221749 0.23765586 -0.96595603 0.27845302 0.64972395 -0.70733494 0.38249207 0.88750082 -0.25698683 0.38249207 0.88750082 -0.25698683 0 0 -1 0 0 -1 0.049829278 0.11551327 -0.9920553 0.083642446 0.24585813 -0.96569026 0.30338213 0.63903886 -0.70681584 0.38125518 0.57188284 -0.72635698 0.068129539 0.25737801 -0.96390611 0.4283933 0.86590147 -0.25825134 0.41321144 0.87468117 -0.25335598 0.40391815 0.58270162 -0.70520145 0.25381994 0.66627729 -0.7011776 0.45565337 0.85320294 -0.25382021 0 0 -1 0.12172388 -0.038320463 -0.99182403 0.06916111 0.0041915667 -0.99759674 0.13950215 0.020250224 -0.99001467 0.046246104 0.029429385 -0.99849653 0.10350684 0.080505274 -0.99136525 0.046814356 0.042558458 -0.99799663 0.050659202 0.079292618 -0.99556327 0 0 -1 0.076687932 -0.014911557 -0.99694359 0.08587864 -0.015028771 -0.99619228 0.052651204 -0.072395399 -0.99598527 0.055855487 -0.091603003 -0.99422783 0.080505274 0.10350684 -0.99136525 0.10328869 -0.13931964 -0.984846 0.12408403 -0.19752154 -0.97241366 0.0019684774 0.0039369548 -0.99999028 0.047462892 0.11526693 -0.99219996 0.059828129 0.24679069 -0.96722019 0.12408403 -0.19752154 -0.97241366 0.12408403 -0.19752154 -0.97241366 0.0098072281 0.28440851 -0.95865291 0.31840032 -0.43389863 -0.84282458 0.35365191 -0.54183376 -0.76246077 0.35711077 -0.53891277 -0.76291871 0.39412969 0.54192811 -0.74227738 0.44182104 0.49457556 -0.74845779 0.3845751 0.5653584 -0.72970676 0.37173811 0.53804183 -0.7565195 0.077796936 0.80101967 -0.59356141 0.31840032 -0.43389863 -0.84282458 0.50079298 -0.67556632 -0.54112524 0.43726709 -0.68093514 -0.58747339 0.5570268 -0.74921745 -0.3583214 0.50027162 -0.77639562 -0.38332507 0.13430502 0.85254472 -0.50510359 0.13430502 0.85254472 -0.50510359 0.13430502 0.85254472 -0.50510359 0.13430502 0.85254472 -0.50510359 0.13430502 0.85254472 -0.50510359 0.46790311 0.54143065 -0.69851243 0.50027162 -0.77639562 -0.38332507 0.42760062 0.86733192 -0.25474089 0.37251216 0.89580303 -0.24242853 0.58560449 -0.79193151 -0.17295054 0.54252362 -0.8353141 -0.088985361 0.54351199 -0.83529204 -0.082957119 0.48553827 0.83893633 -0.24584216 0 0 -1 0.061558057 -0.06595511 -0.99592197 0.1177377 -0.12494625 -0.9851529 0.36692619 -0.39201525 -0.84361678 0.36692619 -0.39201525 -0.84361678 0.5788036 -0.61265182 -0.53818583 0.64027411 -0.67967564 -0.35789686 0.67646128 -0.71625304 -0.17141099 0 0 -1 0 0 -1 0 0 -1 0.075192325 0.025780268 -0.99683577 0.085521176 0.039471291 -0.99555409 0.026784847 0.026784908 -0.9992823 0.042386517 0.04238645 -0.99820173 0.093732275 0.082301423 -0.99218982 0.048742495 0.036027048 -0.99816138 0.094620265 0.063080221 -0.99351293 0.059568908 0.029784486 -0.99777979 0.37252882 -0.061201181 -0.92600036 0.36115563 -0.17631221 -0.91568589 0.39099216 0.090228945 -0.91596067 0.54540837 -0.071016699 -0.83515656 0.47286236 -0.25178379 -0.84439689 0.47199985 -0.2482596 -0.84592164 0.061432283 0.063626349 -0.99608111 0.53235567 0.14491904 -0.83402395 0.32679746 0.25385144 -0.91036415 0.15182289 0.16700512 -0.97419667 0.13577394 -0.095279969 -0.9861477 0.25140712 0.28283286 -0.92563492 0.24528916 0.23971426 -0.93934566 0.91094828 -0.11700251 -0.39558002 0.7997371 0.21923284 -0.55888963 0.82297701 -0.1046897 -0.55834484 0.73983139 -0.39786488 -0.54254305 0.73947173 -0.39438492 -0.54556584 0.38625839 0.42775705 -0.81720763 0.43369415 0.33627027 -0.83596152 0.88732535 0.24118574 -0.39304349 0.65399992 0.50904101 -0.55960816 0.81884104 -0.43650281 -0.37277982 0.97258836 -0.12663908 -0.19502425 0.50869435 0.55248916 -0.66029203 0.50834996 0.49831656 -0.7023254 0.36640403 -0.38832575 -0.84554791 0.15306269 -0.17857321 -0.97194833 0.36640403 -0.38832575 -0.84554791 0.082809359 -0.10121152 -0.99141252 0.94584465 0.25770843 -0.19739367 0.86814845 -0.46360317 -0.17717321 0.51193541 0.54561532 -0.66349524 0.66415405 0.6542902 -0.36166802 0.7251569 0.56364483 -0.39554018 0.77441746 0.6023246 -0.19360436 0.10943597 0.15077843 -0.98249155 0.21800783 0.30011481 -0.92865694 0.65260732 0.71881384 -0.23960467 0.65029544 0.71974438 -0.24307163 0.65589041 0.71580344 -0.23965231 0.70232522 0.69005746 -0.17481455 0.57894295 -0.60941374 -0.54170102 0.66665161 -0.51513982 -0.53870833 0.62029469 -0.72044641 -0.31014735 0.67758584 -0.71437782 -0.17476195 0.032234229 -0.068766341 -0.99711192 0.3240324 0.45301616 -0.83052963 0.48679361 0.67815411 -0.55058056 0.064172104 -0.16637221 -0.98397267 0.22166954 -0.48281452 -0.84720284 0.22166954 -0.48281452 -0.84720284 0.56156462 0.78744549 -0.25411585 0.5308792 0.73861456 -0.41547069 0.57966477 0.81266731 -0.059671409 0.57207894 0.80392158 -0.16259089 0.35019001 -0.76198769 -0.54474008 0.38635519 -0.8418147 -0.37693194 0.41207227 -0.89379048 -0.17701699 0.12944868 0.1954422 -0.97213447 0.26200908 0.39753079 -0.87938637 0.026760291 -0.12042148 -0.99236214 0.36552727 0.55481839 -0.74737298 0.51401961 0.7791115 -0.35884389 0.45489991 0.81754732 -0.35310411 0.44910589 0.63679206 -0.62673748 0.36552727 0.55481839 -0.74737298 0.072545335 -0.054958582 -0.99584967 0.13692859 -0.10569936 -0.98492557 0.5169878 0.77871287 -0.35542914 0.56144744 0.82515758 -0.062383071 0.54784667 0.81105763 -0.20505984 0.04461265 -0.36739844 -0.92899305 0.044521291 -0.53147292 -0.84590453 0.4279474 -0.32486519 -0.84340006 0.42495641 -0.32809135 -0.84366351 0.07095775 -0.83730155 -0.5421173 0.078118838 -0.92395788 -0.37443197 0.082534783 -0.98070669 -0.1772069 0.67272991 -0.5112747 -0.53482026 0.74309689 -0.56710035 -0.35525253 0.78163898 -0.59915519 -0.1733596 0.27620354 0.2120351 -0.93741816 0.66966945 0.51150614 -0.53842759 0.42426944 0.32444116 -0.84541905 0.74076676 0.56781244 -0.35896191 0.7816391 0.59915513 -0.1733596 -0.0041997922 -0.071395636 -0.99743921 -0.12836693 -0.33320773 -0.93407416 -0.047450308 -0.53590947 -0.84294099 -0.16808887 -0.67846781 -0.71514165 -0.15953694 -0.88470483 -0.43800142 -0.22716153 -0.95675081 -0.18172915 -0.045911998 -0.13773613 -0.98940432 0.047580559 0.060557168 -0.99703002 0.065799557 0.021225732 -0.99760711 0.26887819 0.24623567 -0.9311673 -0.35849753 -0.91616023 -0.17924877 -0.42358777 -0.87421292 -0.2373293 -0.43074831 -0.87053323 -0.23796585 -0.33256528 -0.67817229 -0.6553492 -0.34712327 -0.66477388 -0.66149908 -0.42358777 -0.87421292 -0.2373293 0.54184234 0.47160357 -0.6956988 -0.24808735 -0.51788235 -0.81868821 -0.097769015 -0.21057919 -0.97267544 -0.16276407 -0.34797844 -0.92326528 -0.016514014 -0.039220612 -0.99909401 0.70105171 0.61915326 -0.35380188 0.73848826 0.65304321 -0.16783823 0.089188606 0.055742983 -0.99445373 0.090076387 -0.03734874 -0.99523431 0.15362032 -0.088811822 -0.98413074 0.35044786 0.13245273 -0.92716908 0.49753672 -0.19901465 -0.84430468 0.50107175 -0.19922125 -0.84216267 -0.43433234 -0.86866468 -0.23827955 -0.42992601 -0.87187785 -0.23450512 -0.42358777 -0.87421292 -0.2373293 -0.48375991 -0.84198707 -0.23881818 -0.28571022 -0.69661933 -0.65809661 -0.31452918 -0.66796923 -0.67445433 -0.3600198 -0.76869094 -0.5286777 0.78662819 0.30254933 -0.53821927 0.50264513 0.19263045 -0.84275824 0.10185791 0.010835906 -0.99474001 0.16395037 -0.030019118 -0.98601174 -0.27500743 -0.70030987 -0.65873891 -0.15883723 -0.33718079 -0.92794389 -0.17751551 -0.33812475 -0.92420769 0.86888754 -0.3469409 -0.35308143 0.78321147 -0.31328455 -0.53705925 0.87383366 0.33608988 -0.35136664 0.9193455 0.35359445 -0.17255412 0.37801191 -0.010286078 -0.92574352 -0.094100021 -0.23906505 -0.96643317 0.91519755 -0.36380523 -0.17337596 -0.02076764 -0.041535154 -0.99892122 0.53509891 -0.0081486832 -0.84475005 0.93474168 -0.015323654 -0.35499758 0.84313321 -0.013642964 -0.53753155 0.98482442 -0.018407933 -0.17257442 0.30802569 0.1748254 -0.93517703 0.73072726 0.42322662 -0.5356462 0.46622047 0.26861694 -0.84290171 0.80871964 0.46669191 -0.35801026 0.85268384 0.49318984 -0.17231934 -0.21477865 -0.95987463 -0.18030789 -0.19751003 -0.91598839 -0.34922054 -0.19431029 -0.62919527 -0.75256675 -0.19127698 -0.73734182 -0.64787352 -0.11004145 -0.52704054 -0.84268558 -0.057326276 -0.18153325 -0.98171246 -0.024004344 -0.09601751 -0.99509019 0 0 -1 0.040865321 -0.0040865135 -0.9991563 0.062507473 -0.0041671479 -0.99803573 0.11720303 -0.019902389 -0.99290854 0.060932532 -0.014707871 -0.99803358 0.08298824 -0.037126303 -0.99585867 0.10624748 -0.030988866 -0.99385667 0.14704479 -0.9735381 -0.17493266 0.14165625 -0.92493218 -0.35275191 -0.035963126 -0.84651595 -0.53114724 0.12594704 -0.83476555 -0.53600734 0.079646803 -0.52908206 -0.84482461 0.025432361 -0.17109059 -0.98492706 0.079646803 -0.52908206 -0.84482461 0.075206317 -0.059722718 -0.9953779 0.01517597 -0.097560205 -0.99511391 0.33870938 0.1376867 -0.93076217 0.77966756 0.32405928 -0.5358209 0.49592116 0.20562579 -0.84367067 0.86202723 0.35840553 -0.35840562 0.90942937 0.37749892 -0.17445031 0.050863929 -0.08403606 -0.99516368 0.088457741 -0.14822657 -0.9849894 0.27511755 -0.46059012 -0.84389997 0.18325418 -0.51371276 -0.83816284 0.47712559 -0.80374861 -0.35544258 0.43069735 -0.72555953 -0.53671521 0.50367934 -0.84641981 -0.17286034 0.137218 -0.10833003 -0.98459935 0.42195538 -0.33131307 -0.84391075 0.36157978 -0.40559822 -0.83949405 0.41894433 -0.33453029 -0.84414172 0.73397452 -0.5806554 -0.35230783 0.66059202 -0.5257774 -0.53588843 0.068197973 0.023443116 -0.99739635 0.13773613 0.045911998 -0.98940432 0.7737397 -0.60924381 -0.17363448 0.51860577 0.14438455 -0.8427344 0.34351137 -0.14405322 -0.9280349 0.49592108 -0.20562588 -0.84367067 0.81355649 0.22496057 -0.53620762 0.51860577 0.14438455 -0.8427344 0.89830428 0.25117052 -0.36050361 0.94810003 0.26622865 -0.17386362 0.77758855 -0.32774395 -0.53660035 0.33980477 -0.079641767 -0.93711787 0.52129906 -0.12231595 -0.84456265 0.86202717 -0.35840565 -0.35840565 0.90942931 -0.37749904 -0.17445032 0.82035053 -0.19445345 -0.53778529 0.90802485 -0.21467678 -0.35972872 0.95810771 -0.22621991 -0.17565307 0.10294914 0.021904133 -0.99444544 0.10056207 0.021861382 -0.9946906 0.15295447 0.044032328 -0.98725176 0.22960936 0.046410367 -0.97217572 0.23247266 0.046494499 -0.97149098 0.63081264 0.1411819 -0.76298296 0.6331594 0.14773719 -0.75979131 0.34688374 -0.038830284 -0.93710405 0.70782334 -0.078647092 -0.70199764 0.63493258 0.13477346 -0.76072121 0.63493258 0.13477346 -0.76072121 0.89979684 0.20092544 -0.38729122 0.89964312 0.21030606 -0.38264033 0.94995266 0.20686655 -0.2340858 0.97283244 0.21646136 -0.082106046 0.92757267 -0.1033659 -0.35906047 0.97883368 -0.10601982 -0.17505591 0.97041506 -0.16943753 -0.17200474 0.22796413 -0.011873162 -0.97359717 0.57737476 -0.024982549 -0.81609702 0.37979421 -0.015501826 -0.92494112 0.74916303 -0.039728366 -0.66119313 0.96910691 -0.049318455 -0.24166022 0.96937072 -0.046746273 -0.24111247 0.74778742 -0.048520543 -0.6621629 0.96883494 -0.051901899 -0.2422087 0.27151456 -0.96242213 -0.0048484555 0.35750368 -0.9336248 -0.023147712 0.25851119 -0.96575892 -0.021949057 0.34578297 -0.93819052 -0.01525515 0.25791675 -0.96597105 0.019465337 0.86609656 -0.4998768 0 0.86609656 -0.4998768 0 0.86609656 -0.4998768 0 0.86609656 -0.4998768 0 0.86609656 -0.4998768 0 0.86609656 -0.4998768 0 0.86609656 -0.4998768 0 0.86609656 -0.4998768 0 0.86609656 -0.4998768 0 0.86609656 -0.4998768 0 0.86609656 -0.4998768 0 0.86609656 -0.4998768 0 -0.84134847 0.4864524 -0.23557761 -0.84047097 0.48465118 -0.24232559 -0.84047097 0.48465118 -0.24232559 -0.86301214 0.49800044 -0.084886461 -0.8010987 0.46006882 -0.38285458 -0.8398391 0.48735189 -0.23907831 -0.8010987 0.46006882 -0.38285458 -0.56823587 0.32608983 -0.75549549 -0.65017903 0.37624574 -0.66008043 -0.65017903 0.37624574 -0.66008043 -0.56823587 0.32608983 -0.75549549 -0.56823587 0.32608983 -0.75549549 -0.65017903 0.37624574 -0.66008043 0.4998768 0.86609656 0 0.4998768 0.86609656 0 0.4998768 0.86609656 0 0.4998768 0.86609656 0 0.76889855 -0.63937086 0 0.86609656 -0.4998768 0 0.76889855 -0.63937086 0 0.86609656 -0.4998768 0 0.93787003 -0.34698674 0 0.93787003 -0.34698674 0 0.70986038 -0.70429289 -0.0083512664 0.73172641 -0.68145525 -0.013964278 0.70703769 -0.70703781 -0.01397311 0.7276634 -0.68584377 -0.011151973 0.70572162 -0.70848918 0 0.82657236 0.56283051 0 0.82657236 0.56283051 0 0.82657236 0.56283051 0 0.82657236 0.56283051 0 -0.9559902 0.29339862 0 -0.9559902 0.29339862 0 -0.9559902 0.29339862 0 -0.9559902 0.29339862 0 -0.98880523 -0.14921157 0 -0.98880523 -0.14921157 0 -0.98880523 -0.14921157 0 -0.98880523 -0.14921157 0 0 0 1 0 0 1 0 0 1 0 0 1 0 0 1 0 0 1 0 0 1 0 0 1 0 0 1 0 0 1 0 0 1 0 0 1 0 0 1 0 0 1 -0.9559902 0.29339862 0 -0.9559902 0.29339862 0 -0.9559902 0.29339862 0 -0.9559902 0.29339862 0 -0.9559902 0.29339862 0 -0.9559902 0.29339862 0 -0.98880523 -0.14921157 0 -0.98880523 -0.14921157 0 -0.98880523 -0.14921157 0 -0.98880523 -0.14921157 0 0 0 1 0 0 1 0 0 1 0 0 1 0 0 1 0 0 1 0 0 1 0 0 1 0 0 1 0 0 1 0 0 1 0 0 1 0 0 1 0 0 1 0.99819493 0.060057398 0 0.99819493 0.060057398 0 0.99819493 0.060057398 0 0.99819493 0.060057398 0 -0.38832575 -0.84554791 -0.36640403 -0.38832575 -0.84554791 -0.36640403 -0.38832575 -0.84554791 -0.36640403 -0.82657236 -0.56283051 0 -0.82657236 -0.56283051 0 -0.82657236 -0.56283051 0 -0.82657236 -0.56283051 0 -0.82657236 -0.56283051 0 -0.82657236 -0.56283051 0 -0.82657236 -0.56283051 0 -0.82657236 -0.56283051 0 0.33360922 0.4765844 0.81337082 0.33360922 0.4765844 0.81337082 0.33360922 0.4765844 0.81337082 -0.73289186 0.68034512 0 -0.73289186 0.68034512 0 -0.73289186 0.68034512 0 -0.73289186 0.68034512 0 -0.73289186 0.68034512 0 -0.73289186 0.68034512 0 -0.73289186 0.68034512 0 -0.73289186 0.68034512 0 -0.73289186 0.68034512 0 -0.73289186 0.68034512 0 0.9559902 -0.29339853 0 0.9559902 -0.29339853 0 0.9559902 -0.29339853 0 0.9559902 -0.29339853 0 -0.4998768 -0.86609656 0 -0.4998768 -0.86609656 0 -0.4998768 -0.86609656 0 -0.4998768 -0.86609656 0 -0.4998768 -0.86609656 0 -0.4998768 -0.86609656 0 -0.4998768 -0.86609656 0 -0.4998768 -0.86609656 0 0.98880523 0.14921157 0 0.98880523 0.14921157 0 0.98880523 0.14921157 0 0.98880523 0.14921157 0 -0.36525998 0.93090564 0 -0.36525998 0.93090564 0 -0.36525998 0.93090564 0 -0.36525998 0.93090564 0 -0.36525998 0.93090564 0 -0.36525998 0.93090564 0 -0.36525998 0.93090564 0 -0.36525998 0.93090564 0 0.29205367 0.84198451 -0.45361522 0.30980638 0.83553857 -0.45375684 0.31344879 0.83377397 -0.45450079 0.28845152 0.84364301 -0.4528378 0.28845152 0.84364301 -0.4528378 0.28845152 0.84364301 -0.4528378 0.28845152 0.84364301 -0.4528378 -0.075572766 -0.99714023 0 -0.075572766 -0.99714023 0 -0.075572766 -0.99714023 0 -0.075572766 -0.99714023 0 -0.075572766 -0.99714023 0 -0.075572766 -0.99714023 0 -0.075572766 -0.99714023 0 -0.075572766 -0.99714023 0 0.075572707 0.99714029 0 0.075572707 0.99714029 0 0.075572707 0.99714029 0 0.075572707 0.99714029 0 0.075572707 0.99714029 0 0.075572707 0.99714029 0 0.075572707 0.99714029 0 0.075572707 0.99714029 0 0.075572707 0.99714029 0 0.075572707 0.99714029 0 0.83512068 0.44267675 0.32651323 0.83512068 0.44267675 0.32651323 0.83512068 0.44267675 0.32651323 0.8471548 0.42357725 -0.32079756 0.8471548 0.42357725 -0.32079756 0.8471548 0.42357725 -0.32079756 0.36525998 -0.93090564 0 0.36525998 -0.93090564 0 0.36525998 -0.93090564 0 0.36525998 -0.93090564 0 0.36525998 -0.93090564 0 0.36525998 -0.93090564 0 0.36525998 -0.93090564 0 0.36525998 -0.93090564 0 0.36525998 -0.93090564 0 0.36525998 -0.93090564 0 0.002202715 0.99122548 -0.13216344 0.002202715 0.99122548 -0.13216344 0.002202715 0.99122548 -0.13216344 0.002202715 0.99122548 -0.13216344 0.002202715 0.99122548 -0.13216344 0.56845689 0.82203317 -0.033438683 0.56845689 0.82203317 -0.033438683 0.56845689 0.82203317 -0.033438683 0.044838842 0.99318117 0.10761331 0.044838842 0.99318117 0.10761331 0.044838842 0.99318117 0.10761331 0.044838842 0.99318117 0.10761331 0.044838842 0.99318117 0.10761331 0.044838842 0.99318117 0.10761331 0.044838842 0.99318117 0.10761331 0.4998768 0.86609656 0 0.4998768 0.86609656 0 0.4998768 0.86609656 0 0.4998768 0.86609656 0 0.4998768 0.86609656 0 0.4998768 0.86609656 0 0.4998768 0.86609656 0 0.4998768 0.86609656 0 0.94228905 -0.32888758 0.062645167 0.94228905 -0.32888758 0.062645167 0.94228905 -0.32888758 0.062645167 0.77871662 0.6273759 0 0.77871662 0.6273759 0 0.77871662 0.6273759 0 0.73289198 -0.680345 0 0.73289198 -0.680345 0 0.73289198 -0.680345 0 0.73289198 -0.680345 0 0.73289198 -0.680345 0 0.73289198 -0.680345 0 0.73289198 -0.680345 0 0.73289198 -0.680345 0 0.82657236 0.56283051 0 0.82657236 0.56283051 0 0.82657236 0.56283051 0 0.82657236 0.56283051 0 0.82657236 0.56283051 0 0.82657236 0.56283051 0 0.82657236 0.56283051 0 0.82657236 0.56283051 0 0.9559902 -0.29339853 0 0.9559902 -0.29339853 0 0.9559902 -0.29339853 0 0.9559902 -0.29339853 0 0.9559902 -0.29339853 0 0.9559902 -0.29339853 0 0.9559902 -0.29339853 0 0.9559902 -0.29339853 0 0.98880523 0.14921157 0 0.98880523 0.14921157 0 0.98880523 0.14921157 0 0.98880523 0.14921157 0 0.98880523 0.14921157 0 0.98880523 0.14921157 0 0.98880523 0.14921157 0 0.98880523 0.14921157 0 -0.96575892 -0.25851119 -0.021949057 -0.93190819 -0.36255059 0.010212653 -0.9719457 -0.23460756 -0.016757693 -0.98887396 -0.14833108 0.01123723 -0.96575892 -0.25851119 -0.021949057 -0.86602652 -0.49952626 -0.021718532 -0.68145525 -0.73172641 0.013964278 -0.70687956 -0.70687968 -0.02534627 -0.49952626 -0.86602652 -0.021718532 -0.28018382 -0.959934 -0.004872743 -0.23919083 -0.97097254 0 -0.10467259 -0.99438959 -0.015264761 -0.2597698 -0.96485895 0.039583959 -0.95842546 0.28533271 -0.0024387322 -0.96580166 0.2589995 -0.012102732 -0.96580166 0.2589995 -0.012102732 -0.9559902 0.29339862 0 -0.96364611 0.26700523 -0.0097092437 0 0 1 0 0 1 0 0 1 0 0 1 0 0 1 0 0 1 0 0 1 0 0 1 0 0 1 0 0 1 0 0 1 0 0 1 0 0 1 0 0 1 0 0 1 0 0 1 0 0 1 0 0 1 0 0 1 0 0 1 0 0 1 0 0 1 0 0 1 0 0 1 0 0 1 0 0 1 0 0 1 0 0 1 -0.73289186 0.68034512 0 -0.73289186 0.68034512 0 -0.73289186 0.68034512 0 -0.73289186 0.68034512 0 -0.73289186 0.68034512 0 -0.86609656 0.4998768 0 -0.86609656 0.4998768 0 -0.93786997 0.34698683 0 -0.93786997 0.34698683 0 -0.76889849 0.63937092 0 -0.76889849 0.63937092 0 -0.99819493 -0.060057398 0 -0.99819493 -0.060057398 0 -0.99819493 -0.060057398 0 -0.99819493 -0.060057398 0 -0.85101044 -0.52514875 0 -0.76410919 -0.64506316 -0.0055370019 -0.85101044 -0.52514875 0 -0.69730574 -0.71675241 -0.0055561992 -0.63140458 -0.77540904 -0.0083079226 -0.67341083 -0.73848844 -0.033953533 -0.6709646 -0.74114919 -0.022459066 -0.6643613 -0.74740642 -0.0027681615 -0.4146311 -0.90785241 -0.062330175 -0.49116385 -0.87045157 -0.0327443 -0.53798872 -0.84266591 -0.021958722 -0.57229954 -0.81992918 -0.013757233 -0.40068105 -0.91430563 -0.059160978 -0.4998768 -0.86609656 0 -0.36525998 0.93090564 0 -0.36525998 0.93090564 0 -0.36525998 0.93090564 0 -0.36525998 0.93090564 0 -0.44616356 0.89495146 0 -0.44616356 0.89495146 0 -0.44616356 0.89495146 0 -0.44616356 0.89495146 0 -0.030228125 -0.99954307 0 -0.030228125 -0.99954307 0 -0.030228125 -0.99954307 0 -0.030228125 -0.99954307 0 0.030228125 0.99954307 0 0.030228125 0.99954307 0 0.030228125 0.99954307 0 0.030228125 0.99954307 0 0.075572707 0.99714029 0 0.075572707 0.99714029 0 0.075572707 0.99714029 0 0.075572707 0.99714029 0 0.27151456 -0.96242213 -0.0048484555 0.35750368 -0.9336248 -0.023147712 0.25851119 -0.96575892 -0.021949057 0.34578297 -0.93819052 -0.01525515 0.25791675 -0.96597105 0.019465337 0.44616345 -0.89495146 0 0.44616345 -0.89495146 0 0.44616345 -0.89495146 0 0.44616345 -0.89495146 0 0.4998768 0.86609656 0 0.69302899 0.72086132 -0.0083497139 0.4998768 0.86609656 0 0.65100956 0.75904936 -0.005540485 0.77489382 0.63118631 -0.033813592 0.78537512 0.61886454 -0.013875918 0.8289181 0.55903786 -0.019277176 0.85726899 0.51381195 -0.03297193 0.87578231 0.48044485 -0.046671774 0.90017217 0.43099156 -0.062739283 0.91034281 0.41282997 -0.029109852 0.95440996 0.29840732 -0.0073984987 0.94331235 0.33190614 0 0.98221815 0.18774331 0 0.99819493 0.060057398 0 0.99819493 0.060057398 0 0.4998768 0.86609656 0 0.4998768 0.86609656 0 0.4998768 0.86609656 0 0.4998768 0.86609656 0 -0.95842546 0.28533271 -0.0024387322 -0.96580166 0.2589995 -0.012102732 -0.96580166 0.2589995 -0.012102732 -0.9559902 0.29339862 0 -0.96364611 0.26700523 -0.0097092437 -0.93190819 -0.36255059 0.010212653 -0.98887396 -0.14833108 0.01123723 -0.9719457 -0.23460756 -0.016757693 -0.96575892 -0.25851119 -0.021949057 -0.86602652 -0.49952626 -0.021718532 -0.68145525 -0.73172641 0.013964278 -0.70687956 -0.70687968 -0.02534627 -0.49952626 -0.86602652 -0.021718532 -0.28018382 -0.959934 -0.004872743 -0.23919083 -0.97097254 0 -0.10467259 -0.99438959 -0.015264761 -0.2597698 -0.96485895 0.039583959 0 0 1 0 0 1 0 0 1 0 0 1 0 0 1 0 0 1 0 0 1 0 0 1 0 0 1 0 0 1 0 0 1 0 0 1 0 0 1 0 0 1 0 0 1 0 0 1 0 0 1 0 0 1 0 0 1 0 0 1 0 0 1 0 0 1 0 0 1 0 0 1 0 0 1 0 0 1 0 0 1 0 0 1 -0.73289186 0.68034512 0 -0.73289186 0.68034512 0 -0.73289186 0.68034512 0 -0.73289186 0.68034512 0 0.76889855 -0.63937086 0 0.86609656 -0.4998768 0 0.76889855 -0.63937086 0 0.86609656 -0.4998768 0 0.93787003 -0.34698674 0 0.93787003 -0.34698674 0 0.70986038 -0.70429289 -0.0083512664 0.73172641 -0.68145525 -0.013964278 0.70703769 -0.70703781 -0.01397311 0.7276634 -0.68584377 -0.011151973 0.70572162 -0.70848918 0 -0.92190993 0.38652313 -0.026116489 -0.86839563 0.49584314 -0.0053604464 -0.93786997 0.34698683 0 -0.93964404 0.34191898 -0.012663618 -0.94449371 0.32595301 -0.041064944 -0.94672972 0.30496895 -0.10342436 -0.94449371 0.32595301 -0.041064944 -0.84510374 0.53460228 0 -0.82482576 0.56536067 -0.0054624011 -0.79228878 0.61009002 -0.0082817329 -0.75393718 0.65692323 -0.0055436343 -0.61793399 0.78621066 -0.0055172467 -0.58459246 0.8113271 0 -0.44616356 0.89495146 0 -0.44616356 0.89495146 0 -0.99819493 -0.060057398 0 -0.99819493 -0.060057398 0 -0.99819493 -0.060057398 0 -0.99819493 -0.060057398 0 -0.85101044 -0.52514875 0 -0.85101044 -0.52514875 0 -0.85101044 -0.52514875 0 -0.85101044 -0.52514875 0 0.82657236 0.56283051 0 0.82657236 0.56283051 0 0.82657236 0.56283051 0 0.82657236 0.56283051 0 0.82657236 0.56283051 0 -0.36525998 0.93090564 0 -0.36525998 0.93090564 0 -0.36525998 0.93090564 0 -0.36525998 0.93090564 0 -0.4998768 -0.86609656 0 -0.4998768 -0.86609656 0 -0.4998768 -0.86609656 0 -0.4998768 -0.86609656 0 0.9559902 -0.29339853 0 0.9559902 -0.29339853 0 0.9559902 -0.29339853 0 0.9559902 -0.29339853 0 0.9559902 -0.29339853 0 0.98880523 0.14921157 0 0.98880523 0.14921157 0 0.98880523 0.14921157 0 0.98880523 0.14921157 0 -0.030228125 -0.99954307 0 -0.030228125 -0.99954307 0 -0.030228125 -0.99954307 0 -0.030228125 -0.99954307 0 0.030228125 0.99954307 0 0.030228125 0.99954307 0 0.030228125 0.99954307 0 0.030228125 0.99954307 0 0.075572707 0.99714029 0 0.075572707 0.99714029 0 0.075572707 0.99714029 0 0.075572707 0.99714029 0 0.075572707 0.99714029 0 0.25851119 -0.96575892 -0.021949057 0.35750368 -0.9336248 -0.023147712 0.25851119 -0.96575892 -0.021949057 0.27151456 -0.96242213 -0.0048484555 0.34578297 -0.93819052 -0.01525515 0.25791675 -0.96597105 0.019465337 0.44616345 -0.89495146 0 0.44616345 -0.89495146 0 0.44616345 -0.89495146 0 0.44616345 -0.89495146 0 0.4998768 0.86609656 0 0.4998768 0.86609656 0 0.4998768 0.86609656 0 0.4998768 0.86609656 0 0.4998768 0.86609656 0 0.4998768 0.86609656 0 0.4998768 0.86609656 0 0.4998768 0.86609656 0 -0.67015266 -0.23282309 0.70476156 -0.67015266 -0.23282309 0.70476156 -0.70528054 -0.03398947 0.70811301 -0.69759059 -0.13530855 0.70360428 -0.70528054 -0.03398947 0.70811301 -0.68780959 0.16813138 0.70615149 -0.68780959 0.16813138 0.70615149 -0.61224645 0.35359699 0.70719397 -0.70842689 0.066505484 0.70264387 -0.57673788 -0.41100863 0.70600659 -0.57673788 -0.41100863 0.70600659 -0.63033217 -0.32491341 0.70506221 -0.61224645 0.35359699 0.70719397 -0.48756406 0.51094055 0.70796973 -0.48756406 0.51094055 0.70796973 -0.51498115 -0.4915728 0.70224684 -0.43565369 -0.55537546 0.70835292 -0.51498115 -0.4915728 0.70224684 -0.41118032 0.58029473 0.70298558 -0.41118032 0.58029473 0.70298558 -0.41118032 0.58029473 0.70298558 -0.41118032 0.58029473 0.70298558 -0.43565369 -0.55537546 0.70835292 -0.32491341 0.63033205 0.70506227 -0.32491341 0.63033205 0.70506227 -0.26431376 -0.65600777 0.70695978 -0.35370308 -0.61570549 0.70413125 -0.26431376 -0.65600777 0.70695978 -0.23282309 0.67015266 0.70476156 -0.23282309 0.67015266 0.70476156 -0.13530469 0.69456494 0.70659196 -0.13530469 0.69456494 0.70659196 -0.16813913 -0.6908989 0.70312726 -0.16813913 -0.6908989 0.70312726 -0.066505484 -0.70264387 0.70842689 -0.066505484 -0.70264387 0.70842689 -0.033988748 0.71093404 0.70243686 0.066505484 0.70264387 0.70842689 0.066505484 0.70264387 0.70842689 0.13530479 -0.69456488 0.70659202 0.033988923 -0.7109341 0.70243675 0.16813923 0.69089895 0.70312721 0.26431376 0.65600777 0.70695978 0.13530479 -0.69456488 0.70659202 0.23282298 -0.67015278 0.70476156 0.32491341 -0.63033205 0.70506227 0.26431376 0.65600777 0.70695978 0.4356539 0.55537528 0.70835292 0.3537032 0.61570549 0.70413119 0.32491341 -0.63033205 0.70506227 0.41118032 -0.58029473 0.70298558 0.48756415 -0.51094043 0.70796973 0.4356539 0.55537528 0.70835292 0.51498115 0.4915728 0.70224684 0.57673788 0.41100863 0.70600659 0.51498115 0.4915728 0.70224684 0.48756415 -0.51094043 0.70796973 0.61224669 -0.35359704 0.70719391 0.61224669 -0.35359704 0.70719391 0.57673788 0.41100863 0.70600659 0.67015266 0.23282309 0.70476156 0.63033205 0.32491341 0.70506227 0.68780982 -0.16813129 0.70615131 0.67015266 0.23282309 0.70476156 0.68780982 -0.16813129 0.70615131 0.70528048 0.03398947 0.70811307 0.69759053 0.13530855 0.7036044 0.70842695 -0.066505395 0.70264381 0.70528048 0.03398947 0.70811307 0.76889855 -0.63937086 0 0.82657236 -0.56283051 0 0.76889855 -0.63937086 0 0.79536873 -0.60612589 0 0.97275704 -0.23057944 -0.024018673 0.96074158 -0.27556157 -0.032273002 0.93805683 -0.34639832 -0.007585336 0.98944348 -0.14485095 -0.0044569355 0.9475264 -0.31919324 -0.017593337 0.91788417 -0.39671266 -0.010371612 0.89350021 -0.44809172 -0.029515075 0.89702994 -0.44193849 -0.0052611525 0.89410663 -0.44705331 -0.026769638 0.89096445 -0.45225248 -0.040621489 0.99759674 0.06916111 -0.0041915667 0.99819493 0.060057398 0 0.99695224 -0.077985719 -0.0021077134 0.97732306 -0.21175338 0 0.70986038 -0.70429289 -0.0083512664 0.73172641 -0.68145525 -0.013964278 0.70703769 -0.70703781 -0.01397311 0.7276634 -0.68584377 -0.011151973 0.70848918 -0.70572162 0 0.85101044 0.52514875 0 0.85101044 0.52514875 0 0.85101044 0.52514875 0 0.85101044 0.52514875 0 -0.99754995 0.069449671 0.0084181111 -0.99543768 0.094803616 -0.010773093 -0.99905264 -0.043080322 -0.0061543048 -0.99444455 -0.10444932 0.013056181 -0.98177344 -0.18889226 -0.020988021 -0.94635844 -0.32296357 -0.010014337 -0.91376603 -0.4058274 0.018327696 -0.8658886 0.50017178 0.0080672549 -0.9708339 0.23974133 -0.0023736679 -0.93885541 0.34416273 0.010122392 -0.86609656 0.4998768 0 -0.88818502 -0.45885095 -0.024150036 -0.81646115 -0.57729566 -0.010996066 -0.74245423 -0.66960967 0.019612009 -0.69310606 0.7208302 -0.0027724134 -0.67001587 0.7422998 0.0083404146 -0.72351909 -0.68960398 -0.031088674 -0.61753899 -0.78646225 -0.011076891 -0.49952626 -0.86602652 0.021718532 -0.5804221 0.81424135 -0.01100322 -0.40707216 0.9133029 0.013047134 -0.46200681 0.88684064 -0.0079656038 -0.4997333 -0.86565822 -0.03003858 -0.3718133 -0.92825091 -0.010256877 -0.20739898 -0.97807473 0.018854452 -0.32600185 0.94515294 -0.020217251 -0.10489617 0.99432957 0.017482784 -0.19210035 0.98133165 -0.0092578102 -0.23499775 -0.97148556 -0.031494573 -0.092469245 -0.99565744 -0.010752265 0.10489637 -0.99432951 0.01748265 -0.048247665 0.99851811 -0.025172757 0.20739906 0.97807473 0.018854382 0.092469245 0.99565744 -0.010752265 0.048247665 -0.99851811 -0.025172757 0.23499775 0.97148556 -0.031494573 0.19210027 -0.98133165 -0.009257881 0.40707216 -0.9133029 0.013047134 0.32600194 -0.94515294 -0.020217175 0.37181315 0.92825103 -0.010256955 0.49952632 0.86602652 0.02171845 0.49973324 0.86565828 -0.030038666 0.46200681 -0.88684064 -0.0079656038 0.54437333 -0.83855474 0.021994794 0.5804221 -0.81424147 -0.011003304 0.71675241 -0.69730574 0.0055561992 0.61753899 0.78646231 -0.011076976 0.74245423 0.66960961 0.019611923 0.72351897 0.68960398 -0.03108876 0.69310606 -0.7208302 -0.0027724134 0.86588871 -0.50017166 0.0080672549 0.86609656 -0.4998768 0 0.81646109 0.57729572 -0.010996151 0.91376603 0.40582737 0.018327616 0.88818502 0.45885095 -0.024150036 0.97083384 -0.2397414 -0.0023736679 0.97790647 -0.20871383 0.011725452 0.94635844 0.3229636 -0.010014414 0.99444449 0.10444931 0.013056113 0.98177344 0.18889226 -0.020988021 0.99543768 -0.094803631 -0.01077316 0.99905258 0.043080255 -0.0061543044 0 0 1 0 0 1 0 0 1 0 0 1 0 0 1 0 0 1 0 0 1 0 0 1 0 0 1 0 0 1 0 0 1 0 0 1 0 0 1 0 0 1 0 0 1 0 0 1 0 0 1 0 0 1 0 0 1 0 0 1 0.82657236 0.56283051 0 0.82657236 0.56283051 0 0.82657236 0.56283051 0 0.82657236 0.56283051 0 -0.98880523 -0.14921157 0 -0.98880523 -0.14921157 0 -0.98880523 -0.14921157 0 -0.98880523 -0.14921157 0 -0.9559902 0.29339862 0 -0.9559902 0.29339862 0 -0.9559902 0.29339862 0 -0.9559902 0.29339862 0 -0.9559902 0.29339862 0 0 0 1 0 0 1 0 0 1 0 0 1 0 0 1 0 0 1 0 0 1 0 0 1 0 0 1 0 0 1 0 0 1 0 0 1 0 0 1 0 0 1 -0.82657236 -0.56283051 0 -0.82657236 -0.56283051 0 -0.82657236 -0.56283051 0 -0.82657236 -0.56283051 0 -0.82657236 -0.56283051 0 -0.82657236 -0.56283051 0 -0.82657236 -0.56283051 0 0.9559902 -0.29339853 0 0.9559902 -0.29339853 0 0.9559902 -0.29339853 0 0.9559902 -0.29339853 0 -0.73289186 0.68034512 0 -0.73289186 0.68034512 0 -0.73289186 0.68034512 0 -0.73289186 0.68034512 0 0.98880523 0.14921157 0 0.98880523 0.14921157 0 0.98880523 0.14921157 0 0.98880523 0.14921157 0 -0.4998768 -0.86609656 0 -0.4998768 -0.86609656 0 -0.4998768 -0.86609656 0 -0.4998768 -0.86609656 0 -0.36525998 0.93090564 0 -0.36525998 0.93090564 0 -0.36525998 0.93090564 0 -0.36525998 0.93090564 0 -0.075572766 -0.99714023 0 -0.075572766 -0.99714023 0 -0.075572766 -0.99714023 0 -0.075572766 -0.99714023 0 0.075572707 0.99714029 0 0.075572707 0.99714029 0 0.075572707 0.99714029 0 0.075572707 0.99714029 0 0.075572707 0.99714029 0 0.36525998 -0.93090564 0 0.36525998 -0.93090564 0 0.36525998 -0.93090564 0 0.36525998 -0.93090564 0 0.36525998 -0.93090564 0 0.4998768 0.86609656 0 0.4998768 0.86609656 0 0.4998768 0.86609656 0 0.4998768 0.86609656 0 0.73289198 -0.680345 0 0.73289198 -0.680345 0 0.73289198 -0.680345 0 0.73289198 -0.680345 0 0.73289198 -0.680345 0 0.82657236 0.56283051 0 0.82657236 0.56283051 0 0.82657236 0.56283051 0 0.82657236 0.56283051 0 0.82657236 0.56283051 0 0.9559902 -0.29339853 0 0.9559902 -0.29339853 0 0.9559902 -0.29339853 0 0.9559902 -0.29339853 0 0.98880523 0.14921157 0 0.98880523 0.14921157 0 0.98880523 0.14921157 0 0.98880523 0.14921157 0 -0.9559902 0.29339862 0 -0.9559902 0.29339862 0 -0.9559902 0.29339862 0 -0.9559902 0.29339862 0 -0.98880523 -0.14921157 0 -0.98880523 -0.14921157 0 -0.98880523 -0.14921157 0 -0.98880523 -0.14921157 0 -0.98880523 -0.14921157 0 -0.9559902 0.29339862 0 -0.9559902 0.29339862 0 -0.9559902 0.29339862 0 -0.9559902 0.29339862 0 -0.98880523 -0.14921157 0 -0.98880523 -0.14921157 0 -0.98880523 -0.14921157 0 -0.98880523 -0.14921157 0 0 0 1 0 0 1 0 0 1 0 0 1 0 0 1 0 0 1 0 0 1 0 0 1 0 0 1 0 0 1 0 0 1 0 0 1 0 0 1 0 0 1 0 0 1 0 0 1 0 0 1 0 0 1 0 0 1 0 0 1 0 0 1 0 0 1 0 0 1 0 0 1 0 0 1 0 0 1 0 0 1 0 0 1 -0.82657236 -0.56283051 0 -0.82657236 -0.56283051 0 -0.82657236 -0.56283051 0 -0.82657236 -0.56283051 0 -0.82657236 -0.56283051 0 -0.82657236 -0.56283051 0 -0.82657236 -0.56283051 0 -0.82657236 -0.56283051 0 -0.73289186 0.68034512 0 -0.73289186 0.68034512 0 -0.73289186 0.68034512 0 -0.73289186 0.68034512 0 -0.73289186 0.68034512 0 -0.73289186 0.68034512 0 -0.73289186 0.68034512 0 -0.73289186 0.68034512 0 -0.4998768 -0.86609656 0 -0.4998768 -0.86609656 0 -0.4998768 -0.86609656 0 -0.4998768 -0.86609656 0 -0.4998768 -0.86609656 0 -0.4998768 -0.86609656 0 -0.4998768 -0.86609656 0 -0.4998768 -0.86609656 0 -0.4998768 -0.86609656 0 -0.36525998 0.93090564 0 -0.36525998 0.93090564 0 -0.36525998 0.93090564 0 -0.36525998 0.93090564 0 -0.36525998 0.93090564 0 -0.36525998 0.93090564 0 -0.36525998 0.93090564 0 -0.36525998 0.93090564 0 -0.075572766 -0.99714023 0 -0.075572766 -0.99714023 0 -0.075572766 -0.99714023 0 -0.075572766 -0.99714023 0 -0.075572766 -0.99714023 0 -0.075572766 -0.99714023 0 -0.075572766 -0.99714023 0 -0.075572766 -0.99714023 0 0.075572707 0.99714029 0 0.075572707 0.99714029 0 0.075572707 0.99714029 0 0.075572707 0.99714029 0 0.075572707 0.99714029 0 0.075572707 0.99714029 0 0.075572707 0.99714029 0 0.075572707 0.99714029 0 0.36525998 -0.93090564 0 0.36525998 -0.93090564 0 0.36525998 -0.93090564 0 0.36525998 -0.93090564 0 0.36525998 -0.93090564 0 0.36525998 -0.93090564 0 0.36525998 -0.93090564 0 0.36525998 -0.93090564 0 0.4998768 0.86609656 0 0.4998768 0.86609656 0 0.4998768 0.86609656 0 0.4998768 0.86609656 0 0.4998768 0.86609656 0 0.4998768 0.86609656 0 0.4998768 0.86609656 0 0.4998768 0.86609656 0 0.73289198 -0.680345 0 0.73289198 -0.680345 0 0.73289198 -0.680345 0 0.73289198 -0.680345 0 0.73289198 -0.680345 0 0.73289198 -0.680345 0 0.73289198 -0.680345 0 0.73289198 -0.680345 0 0.73289198 -0.680345 0 0.73289198 -0.680345 0 0.73289198 -0.680345 0 0.82657236 0.56283051 0 0.82657236 0.56283051 0 0.82657236 0.56283051 0 0.82657236 0.56283051 0 0.82657236 0.56283051 0 0.82657236 0.56283051 0 0.82657236 0.56283051 0 0.82657236 0.56283051 0 0.9559902 -0.29339853 0 0.9559902 -0.29339853 0 0.9559902 -0.29339853 0 0.9559902 -0.29339853 0 0.9559902 -0.29339853 0 0.9559902 -0.29339853 0 0.9559902 -0.29339853 0 0.9559902 -0.29339853 0 0.98880523 0.14921157 0 0.98880523 0.14921157 0 0.98880523 0.14921157 0 0.98880523 0.14921157 0 0.98880523 0.14921157 0 0.98880523 0.14921157 0 0.98880523 0.14921157 0 0.98880523 0.14921157 0 0.98880523 0.14921157 0 -0.41548717 0.88949364 -0.19018777 -0.41548717 0.88949364 -0.19018777 -0.41548717 0.88949364 -0.19018777 -0.41548717 0.88949364 -0.19018777 -0.95842546 0.28533271 -0.0024387322 -0.96580166 0.2589995 -0.012102732 -0.96580166 0.2589995 -0.012102732 -0.9559902 0.29339862 0 -0.96364611 0.26700523 -0.0097092437 -0.93190819 -0.36255059 0.010212653 -0.98887396 -0.14833108 0.01123723 -0.9719457 -0.23460756 -0.016757693 -0.96575892 -0.25851119 -0.021949057 -0.86602652 -0.49952626 -0.021718532 -0.82677257 -0.56220543 0.019291373 -0.70687956 -0.70687968 -0.02534627 -0.5508998 -0.83453131 0.0081816483 -0.49952626 -0.86602652 -0.021718532 -0.29388988 -0.95575947 0.012348342 -0.25970337 -0.9653123 -0.026950317 -0.23804593 -0.97122765 0.0071413522 -0.076688007 -0.99694359 0.014911558 -0.2597698 -0.96485895 0.039583959 0 0 1 0 0 1 0 0 1 0 0 1 0 0 1 0 0 1 0 0 1 0 0 1 0 0 1 0 0 1 0 0 1 0 0 1 0 0 1 0 0 1 0 0 1 0 0 1 0 0 1 0 0 1 0 0 1 0 0 1 0 0 1 0 0 1 0 0 1 0 0 1 0 0 1 0 0 1 0 0 1 0 0 1 -0.73289186 0.68034512 0 -0.73289186 0.68034512 0 -0.73289186 0.68034512 0 -0.73289186 0.68034512 0 -0.98320633 0.1824977 0 -0.98769993 0.15595256 -0.01130087 -0.99611539 -0.087641038 -0.0085503133 -0.95079893 -0.30944642 -0.014973232 -0.97650576 -0.21544017 -0.0046834634 -0.86609656 0.4998768 0 -0.86609656 0.4998768 0 -0.96958077 -0.24477161 0 -0.95508808 -0.29632217 0 -0.94642401 -0.32292679 0 -0.85458797 -0.5192433 -0.0081131458 -0.91570687 -0.3992908 -0.045252945 -0.88695419 -0.45980138 -0.043531492 -0.83888012 -0.54361629 -0.027594717 -0.83244205 -0.55405164 -0.0081879236 -0.82605374 -0.56103992 -0.05356659 -0.83288401 -0.55344743 0 -0.76889849 0.63937092 0 -0.76889849 0.63937092 0 -0.36525998 0.93090564 0 -0.36525998 0.93090564 0 -0.36525998 0.93090564 0 -0.36525998 0.93090564 0 -0.4998768 -0.86609656 0 -0.4998768 -0.86609656 0 -0.4998768 -0.86609656 0 -0.4998768 -0.86609656 0 -0.44616356 0.89495146 0 -0.44616356 0.89495146 0 -0.44616356 0.89495146 0 -0.44616356 0.89495146 0 -0.030228125 -0.99954307 0 -0.030228125 -0.99954307 0 -0.030228125 -0.99954307 0 -0.030228125 -0.99954307 0 0.030228125 0.99954307 0 0.030228125 0.99954307 0 0.030228125 0.99954307 0 0.030228125 0.99954307 0 0.075572707 0.99714029 0 0.075572707 0.99714029 0 0.075572707 0.99714029 0 0.075572707 0.99714029 0 0.075572707 0.99714029 0 0.27151456 -0.96242213 -0.0048484555 0.35750368 -0.9336248 -0.023147712 0.25851119 -0.96575892 -0.021949057 0.34578297 -0.93819052 -0.01525515 0.25791675 -0.96597105 0.019465337 0.44616345 -0.89495146 0 0.44616345 -0.89495146 0 0.44616345 -0.89495146 0 0.44616345 -0.89495146 0 0.4998768 0.86609656 0 0.69007611 0.72360206 -0.013969184 0.4998768 0.86609656 0 0.62133652 0.78354388 0 0.76410925 0.64506304 -0.0055370019 0.80389637 0.5938189 -0.033612434 0.84906453 0.52757406 -0.027477795 0.83002687 0.55614579 -0.041920554 0.85692984 0.51470554 -0.02737793 0.9010796 0.43336377 -0.015854793 0.99416965 0.10782749 0 0.92596662 0.37460759 -0.047485448 0.92575997 0.37658036 -0.033996865 0.98013467 0.19833307 0 0.92575997 0.37658036 -0.033996865 0.92358136 0.38332477 -0.00771792 0.99819493 0.060057398 0 0.99819493 0.060057398 0 0.4998768 0.86609656 0 0.4998768 0.86609656 0 0.4998768 0.86609656 0 0.4998768 0.86609656 0 -0.96575892 -0.25851119 -0.021949057 -0.93190819 -0.36255059 0.010212653 -0.9719457 -0.23460756 -0.016757693 -0.98887396 -0.14833108 0.01123723 -0.96575892 -0.25851119 -0.021949057 -0.86602652 -0.49952626 -0.021718532 -0.68145525 -0.73172641 0.013964278 -0.70687956 -0.70687968 -0.02534627 -0.49952626 -0.86602652 -0.021718532 -0.28018382 -0.959934 -0.004872743 -0.23919083 -0.97097254 0 -0.10467259 -0.99438959 -0.015264761 -0.2597698 -0.96485895 0.039583959 -0.95842546 0.28533271 -0.0024387322 -0.96580166 0.2589995 -0.012102732 -0.96580166 0.2589995 -0.012102732 -0.9559902 0.29339862 0 -0.96364611 0.26700523 -0.0097092437 0 0 1 0 0 1 0 0 1 0 0 1 0 0 1 0 0 1 0 0 1 0 0 1 0 0 1 0 0 1 0 0 1 0 0 1 0 0 1 0 0 1 0 0 1 0 0 1 0 0 1 0 0 1 0 0 1 0 0 1 0 0 1 0 0 1 0 0 1 0 0 1 0 0 1 0 0 1 0 0 1 0 0 1 -0.73289186 0.68034512 0 -0.73289186 0.68034512 0 -0.73289186 0.68034512 0 -0.73289186 0.68034512 0 -0.73289186 0.68034512 0 -0.73289186 0.68034512 0 -0.73289186 0.68034512 0 -0.73289186 0.68034512 0 0.76889855 -0.63937086 0 0.86609656 -0.4998768 0 0.76889855 -0.63937086 0 0.86609656 -0.4998768 0 0.93787003 -0.34698674 0 0.93787003 -0.34698674 0 0.70986038 -0.70429289 -0.0083512664 0.73172641 -0.68145525 -0.013964278 0.70703769 -0.70703781 -0.01397311 0.7276634 -0.68584377 -0.011151973 0.70848918 -0.70572162 0 -0.98974824 0.14266641 -0.0066874623 -0.99819493 -0.060057398 0 -0.99490899 0.10077743 0 -0.95416903 0.29910478 -0.0098877242 -0.86404341 0.50335246 -0.0080751413 -0.99819493 -0.060057398 0 -0.93392575 0.3572394 -0.012758499 -0.92228538 0.38643244 -0.0077286186 -0.90213126 0.431454 -0.002614863 -0.88855129 0.45877725 0 -0.84181333 0.53920066 -0.024759289 -0.76889849 0.63937092 0 -0.78116852 0.6232428 -0.036661372 -0.73784852 0.66701496 -0.10329875 -0.76563066 0.64312971 -0.013920504 -0.75443769 0.65516961 -0.03970727 -0.75443769 0.65516961 -0.03970727 -0.85101044 -0.52514875 0 -0.85101044 -0.52514875 0 -0.85101044 -0.52514875 0 -0.85101044 -0.52514875 0 0.82657236 0.56283051 0 0.82657236 0.56283051 0 0.82657236 0.56283051 0 0.82657236 0.56283051 0 -0.36525998 0.93090564 0 -0.36525998 0.93090564 0 -0.36525998 0.93090564 0 -0.36525998 0.93090564 0 -0.4998768 -0.86609656 0 -0.4998768 -0.86609656 0 -0.4998768 -0.86609656 0 -0.4998768 -0.86609656 0 -0.44616356 0.89495146 0 -0.44616356 0.89495146 0 -0.44616356 0.89495146 0 -0.44616356 0.89495146 0 0.9559902 -0.29339853 0 0.9559902 -0.29339853 0 0.9559902 -0.29339853 0 0.9559902 -0.29339853 0 0.98880523 0.14921157 0 0.98880523 0.14921157 0 0.98880523 0.14921157 0 0.98880523 0.14921157 0 -0.030228125 -0.99954307 0 -0.030228125 -0.99954307 0 -0.030228125 -0.99954307 0 -0.030228125 -0.99954307 0 0.030228125 0.99954307 0 0.030228125 0.99954307 0 0.030228125 0.99954307 0 0.030228125 0.99954307 0 0.075572707 0.99714029 0 0.075572707 0.99714029 0 0.075572707 0.99714029 0 0.075572707 0.99714029 0 0.25851119 -0.96575892 -0.021949057 0.34862608 -0.93724817 -0.0050525321 0.25851119 -0.96575892 -0.021949057 0.27088487 -0.96260875 -0.0024186056 0.35694146 -0.93412334 -0.0025314898 0.25791675 -0.96597105 0.019465337 0.62401181 -0.78139544 -0.0055222078 0.54841727 -0.83620048 -0.0027149264 0.44405618 -0.89599508 -0.0026275413 0.43358004 -0.90111506 0 0.64828885 -0.7613945 0 0.68857884 -0.72496706 -0.016794626 0.86724997 -0.49786568 -0.0026766872 0.70528054 -0.70811301 -0.03398947 0.74114919 -0.6709646 -0.022459066 0.76444215 -0.64447498 -0.016739631 0.79228878 -0.61009002 -0.0082817329 0.82482576 -0.56536067 -0.0054624011 0.88962191 -0.45669022 -0.0026398175 0.83104825 -0.55586666 -0.019262718 0.93787003 -0.34698674 0 0.93787003 -0.34698674 0 0.4998768 0.86609656 0 0.4998768 0.86609656 0 0.4998768 0.86609656 0 0.4998768 0.86609656 0 0.4998768 0.86609656 0 0.4998768 0.86609656 0 0.4998768 0.86609656 0 0.4998768 0.86609656 0 0.4998768 0.86609656 0 0.70986038 -0.70429289 -0.0083512664 0.73172641 -0.68145525 -0.013964278 0.70703769 -0.70703781 -0.01397311 0.7276634 -0.68584377 -0.011151973 0.70848918 -0.70572162 0 0.85101044 0.52514875 0 0.85101044 0.52514875 0 0.85101044 0.52514875 0 0.85101044 0.52514875 0 0.82657236 0.56283051 0 0.82657236 0.56283051 0 0.82657236 0.56283051 0 0.82657236 0.56283051 0 0.82657236 0.56283051 0 0.99819493 0.060057398 0 0.99819493 0.060057398 0 0.99819493 0.060057398 0 0.99819493 0.060057398 0 0.9559902 -0.29339853 0 0.9559902 -0.29339853 0 0.9559902 -0.29339853 0 0.9559902 -0.29339853 0 0.9559902 -0.29339853 0 0.98880523 0.14921157 0 0.98880523 0.14921157 0 0.98880523 0.14921157 0 0.98880523 0.14921157 0 -0.9559902 0.29339862 0 -0.9559902 0.29339862 0 -0.9559902 0.29339862 0 -0.9559902 0.29339862 0 -0.98880523 -0.14921157 0 -0.98880523 -0.14921157 0 -0.98880523 -0.14921157 0 -0.98880523 -0.14921157 0 -0.9559902 0.29339862 0 -0.9559902 0.29339862 0 -0.9559902 0.29339862 0 -0.9559902 0.29339862 0 -0.98880523 -0.14921157 0 -0.98880523 -0.14921157 0 -0.98880523 -0.14921157 0 -0.98880523 -0.14921157 0 0 0 1 0 0 1 0 0 1 0 0 1 0 0 1 0 0 1 0 0 1 0 0 1 0 0 1 0 0 1 0 0 1 0 0 1 0 0 1 0 0 1 0 0 1 0 0 1 0 0 1 0 0 1 0 0 1 0 0 1 0 0 1 0 0 1 0 0 1 0 0 1 0 0 1 0 0 1 0 0 1 0 0 1 -0.82657236 -0.56283051 0 -0.82657236 -0.56283051 0 -0.82657236 -0.56283051 0 -0.82657236 -0.56283051 0 -0.82657236 -0.56283051 0 -0.82657236 -0.56283051 0 -0.82657236 -0.56283051 0 -0.82657236 -0.56283051 0 -0.73289186 0.68034512 0 -0.73289186 0.68034512 0 -0.73289186 0.68034512 0 -0.73289186 0.68034512 0 -0.73289186 0.68034512 0 -0.73289186 0.68034512 0 -0.73289186 0.68034512 0 -0.73289186 0.68034512 0 -0.4998768 -0.86609656 0 -0.4998768 -0.86609656 0 -0.4998768 -0.86609656 0 -0.4998768 -0.86609656 0 -0.4998768 -0.86609656 0 -0.4998768 -0.86609656 0 -0.4998768 -0.86609656 0 -0.4998768 -0.86609656 0 -0.36525998 0.93090564 0 -0.36525998 0.93090564 0 -0.36525998 0.93090564 0 -0.36525998 0.93090564 0 -0.36525998 0.93090564 0 -0.36525998 0.93090564 0 -0.36525998 0.93090564 0 -0.36525998 0.93090564 0 -0.36525998 0.93090564 0 -0.36525998 0.93090564 0 -0.075572766 -0.99714023 0 -0.075572766 -0.99714023 0 -0.075572766 -0.99714023 0 -0.075572766 -0.99714023 0 -0.075572766 -0.99714023 0 -0.075572766 -0.99714023 0 -0.075572766 -0.99714023 0 -0.075572766 -0.99714023 0 -0.075572766 -0.99714023 0 -0.075572766 -0.99714023 0 0.075572707 0.99714029 0 0.075572707 0.99714029 0 0.075572707 0.99714029 0 0.075572707 0.99714029 0 0.075572707 0.99714029 0 0.075572707 0.99714029 0 0.075572707 0.99714029 0 0.075572707 0.99714029 0 0.36525998 -0.93090564 0 0.36525998 -0.93090564 0 0.36525998 -0.93090564 0 0.36525998 -0.93090564 0 0.36525998 -0.93090564 0 0.36525998 -0.93090564 0 0.36525998 -0.93090564 0 0.36525998 -0.93090564 0 0.4998768 0.86609656 0 0.4998768 0.86609656 0 0.4998768 0.86609656 0 0.4998768 0.86609656 0 0.4998768 0.86609656 0 0.4998768 0.86609656 0 0.4998768 0.86609656 0 0.4998768 0.86609656 0 -0.95842546 0.28533271 -0.0024387322 -0.96580166 0.2589995 -0.012102732 -0.96580166 0.2589995 -0.012102732 -0.9559902 0.29339862 0 -0.96364611 0.26700523 -0.0097092437 -0.93190819 -0.36255059 0.010212653 -0.98887396 -0.14833108 0.01123723 -0.9719457 -0.23460756 -0.016757693 -0.96575892 -0.25851119 -0.021949057 -0.86602652 -0.49952626 -0.021718532 -0.68145525 -0.73172641 0.013964278 -0.70687956 -0.70687968 -0.02534627 -0.49952626 -0.86602652 -0.021718532 -0.28018382 -0.959934 -0.004872743 -0.23919083 -0.97097254 0 -0.10467259 -0.99438959 -0.015264761 -0.2597698 -0.96485895 0.039583959 0 0 1 0 0 1 0 0 1 0 0 1 0 0 1 0 0 1 0 0 1 0 0 1 0 0 1 0 0 1 0 0 1 0 0 1 0 0 1 0 0 1 0 0 1 0 0 1 0 0 1 0 0 1 0 0 1 0 0 1 0 0 1 0 0 1 0 0 1 0 0 1 0 0 1 0 0 1 0 0 1 0 0 1 0.73289198 -0.680345 0 0.73289198 -0.680345 0 0.73289198 -0.680345 0 0.73289198 -0.680345 0 0.73289198 -0.680345 0 0.73289198 -0.680345 0 0.73289198 -0.680345 0 0.73289198 -0.680345 0 0.73289198 -0.680345 0 0.73289198 -0.680345 0 0.73289198 -0.680345 0 0.73289198 -0.680345 0 0.82657236 0.56283051 0 0.82657236 0.56283051 0 0.82657236 0.56283051 0 0.82657236 0.56283051 0 0.82657236 0.56283051 0 0.82657236 0.56283051 0 0.82657236 0.56283051 0 0.82657236 0.56283051 0 -0.73289186 0.68034512 0 -0.73289186 0.68034512 0 -0.73289186 0.68034512 0 -0.73289186 0.68034512 0 0.9559902 -0.29339853 0 0.9559902 -0.29339853 0 0.9559902 -0.29339853 0 0.9559902 -0.29339853 0 0.9559902 -0.29339853 0 0.9559902 -0.29339853 0 0.9559902 -0.29339853 0 0.9559902 -0.29339853 0 0.98880523 0.14921157 0 0.98880523 0.14921157 0 0.98880523 0.14921157 0 0.98880523 0.14921157 0 0.98880523 0.14921157 0 0.98880523 0.14921157 0 0.98880523 0.14921157 0 0.98880523 0.14921157 0 0.98880523 0.14921157 0 0.98880523 0.14921157 0 0.98880523 0.14921157 0 0.98880523 0.14921157 0 -0.86609656 0.4998768 0 -0.86609656 0.4998768 0 -0.93786997 0.34698683 0 -0.93786997 0.34698683 0 -0.76889849 0.63937092 0 -0.76889849 0.63937092 0 -0.99819493 -0.060057398 0 -0.99819493 -0.060057398 0 -0.99819493 -0.060057398 0 -0.99819493 -0.060057398 0 -0.85101044 -0.52514875 0 -0.85101044 -0.52514875 0 -0.85101044 -0.52514875 0 -0.85101044 -0.52514875 0 -0.36525998 0.93090564 0 -0.36525998 0.93090564 0 -0.36525998 0.93090564 0 -0.36525998 0.93090564 0 -0.36832294 -0.92969793 0 -0.4998768 -0.86609656 0 -0.4998768 -0.86609656 0 -0.28149018 -0.95951414 -0.0097909234 -0.19655873 -0.98048109 -0.004624893 0.22242363 -0.97487831 -0.011831074 -0.10821102 -0.99377471 -0.026500693 -0.083510853 -0.9955371 -0.043953039 -0.031154756 -0.99902892 -0.031154756 0.0040150373 -0.99974811 -0.022082828 0.052008778 -0.99856865 -0.012482124 0.067353494 -0.99767363 -0.010524007 0.28891647 -0.95734179 -0.0048968703 0.13006666 -0.99119836 -0.024667874 0.12321748 -0.99234074 -0.0088012815 0.44616345 -0.89495146 0 0.44616345 -0.89495146 0 -0.4131164 0.91043496 -0.0210506 -0.21495037 0.97662216 -0.0023364078 -0.49214408 0.87008905 -0.027190346 -0.44616356 0.89495146 0 -0.3058486 0.95207697 -0.0024665112 -0.25038272 0.96814698 0 -0.13803469 0.98924839 -0.048312087 0.030289073 0.99953914 -0.0020192633 -0.14256613 0.98608214 -0.085539617 -0.010380399 0.99859828 -0.051902253 0.080012843 0.99215871 -0.096015342 0.056391001 0.99833006 -0.012531355 0.077898063 0.99486983 -0.064544156 0.072294511 0.99723822 -0.017010462 0.075572707 0.99714029 0 0.075572707 0.99714029 0 0.075572707 0.99714029 0 0.075572707 0.99714029 0 0.075572707 0.99714029 0 0.27151456 -0.96242213 -0.0048484555 0.35750368 -0.9336248 -0.023147712 0.25851119 -0.96575892 -0.021949057 0.34578297 -0.93819052 -0.01525515 0.25791675 -0.96597105 0.019465337 0.25791675 -0.96597105 0.019465337 0.4998768 0.86609656 0 0.4998768 0.86609656 0 0.4998768 0.86609656 0 0.4998768 0.86609656 0 0.4998768 0.86609656 0 0.4998768 0.86609656 0 0.4998768 0.86609656 0 0.4998768 0.86609656 0 0.76889855 -0.63937086 0 0.86609656 -0.4998768 0 0.76889855 -0.63937086 0 0.86609656 -0.4998768 0 0.93787003 -0.34698674 0 0.93787003 -0.34698674 0 0.70986038 -0.70429289 -0.0083512664 0.73172641 -0.68145525 -0.013964278 0.70703769 -0.70703781 -0.01397311 0.7276634 -0.68584377 -0.011151973 0.70848918 -0.70572162 0 0.85101044 0.52514875 0 0.85101044 0.52514875 0 0.85101044 0.52514875 0 0.85101044 0.52514875 0 0.82657236 0.56283051 0 0.82657236 0.56283051 0 0.82657236 0.56283051 0 0.82657236 0.56283051 0 0.99819493 0.060057398 0 0.99819493 0.060057398 0 0.99819493 0.060057398 0 0.99819493 0.060057398 0 0.9559902 -0.29339853 0 0.9559902 -0.29339853 0 0.9559902 -0.29339853 0 0.9559902 -0.29339853 0 0.98880523 0.14921157 0 0.98880523 0.14921157 0 0.98880523 0.14921157 0 0.98880523 0.14921157 0 </float_array>
          <technique_common>
            <accessor count="6625" offset="0" source="#meshId1-normals-array" stride="3">
              <param name="X" type="float" />
              <param name="Y" type="float" />
              <param name="Z" type="float" />
            </accessor>
          </technique_common>
        </source>
        <vertices id="meshId1-vertices">
          <input semantic="POSITION" source="#meshId1-positions" />
        </vertices>
        <polylist count="6984" material="defaultMaterial">
          <input offset="0" semantic="VERTEX" source="#meshId1-vertices" />
          <input offset="1" semantic="NORMAL" source="#meshId1-normals" />
          <vcount>3 3 3 3 3 3 3 3 3 3 3 3 3 3 3 3 3 3 3 3 3 3 3 3 3 3 3 3 3 3 3 3 3 3 3 3 3 3 3 3 3 3 3 3 3 3 3 3 3 3 3 3 3 3 3 3 3 3 3 3 3 3 3 3 3 3 3 3 3 3 3 3 3 3 3 3 3 3 3 3 3 3 3 3 3 3 3 3 3 3 3 3 3 3 3 3 3 3 3 3 3 3 3 3 3 3 3 3 3 3 3 3 3 3 3 3 3 3 3 3 3 3 3 3 3 3 3 3 3 3 3 3 3 3 3 3 3 3 3 3 3 3 3 3 3 3 3 3 3 3 3 3 3 3 3 3 3 3 3 3 3 3 3 3 3 3 3 3 3 3 3 3 3 3 3 3 3 3 3 3 3 3 3 3 3 3 3 3 3 3 3 3 3 3 3 3 3 3 3 3 3 3 3 3 3 3 3 3 3 3 3 3 3 3 3 3 3 3 3 3 3 3 3 3 3 3 3 3 3 3 3 3 3 3 3 3 3 3 3 3 3 3 3 3 3 3 3 3 3 3 3 3 3 3 3 3 3 3 3 3 3 3 3 3 3 3 3 3 3 3 3 3 3 3 3 3 3 3 3 3 3 3 3 3 3 3 3 3 3 3 3 3 3 3 3 3 3 3 3 3 3 3 3 3 3 3 3 3 3 3 3 3 3 3 3 3 3 3 3 3 3 3 3 3 3 3 3 3 3 3 3 3 3 3 3 3 3 3 3 3 3 3 3 3 3 3 3 3 3 3 3 3 3 3 3 3 3 3 3 3 3 3 3 3 3 3 3 3 3 3 3 3 3 3 3 3 3 3 3 3 3 3 3 3 3 3 3 3 3 3 3 3 3 3 3 3 3 3 3 3 3 3 3 3 3 3 3 3 3 3 3 3 3 3 3 3 3 3 3 3 3 3 3 3 3 3 3 3 3 3 3 3 3 3 3 3 3 3 3 3 3 3 3 3 3 3 3 3 3 3 3 3 3 3 3 3 3 3 3 3 3 3 3 3 3 3 3 3 3 3 3 3 3 3 3 3 3 3 3 3 3 3 3 3 3 3 3 3 3 3 3 3 3 3 3 3 3 3 3 3 3 3 3 3 3 3 3 3 3 3 3 3 3 3 3 3 3 3 3 3 3 3 3 3 3 3 3 3 3 3 3 3 3 3 3 3 3 3 3 3 3 3 3 3 3 3 3 3 3 3 3 3 3 3 3 3 3 3 3 3 3 3 3 3 3 3 3 3 3 3 3 3 3 3 3 3 3 3 3 3 3 3 3 3 3 3 3 3 3 3 3 3 3 3 3 3 3 3 3 3 3 3 3 3 3 3 3 3 3 3 3 3 3 3 3 3 3 3 3 3 3 3 3 3 3 3 3 3 3 3 3 3 3 3 3 3 3 3 3 3 3 3 3 3 3 3 3 3 3 3 3 3 3 3 3 3 3 3 3 3 3 3 3 3 3 3 3 3 3 3 3 3 3 3 3 3 3 3 3 3 3 3 3 3 3 3 3 3 3 3 3 3 3 3 3 3 3 3 3 3 3 3 3 3 3 3 3 3 3 3 3 3 3 3 3 3 3 3 3 3 3 3 3 3 3 3 3 3 3 3 3 3 3 3 3 3 3 3 3 3 3 3 3 3 3 3 3 3 3 3 3 3 3 3 3 3 3 3 3 3 3 3 3 3 3 3 3 3 3 3 3 3 3 3 3 3 3 3 3 3 3 3 3 3 3 3 3 3 3 3 3 3 3 3 3 3 3 3 3 3 3 3 3 3 3 3 3 3 3 3 3 3 3 3 3 3 3 3 3 3 3 3 3 3 3 3 3 3 3 3 3 3 3 3 3 3 3 3 3 3 3 3 3 3 3 3 3 3 3 3 3 3 3 3 3 3 3 3 3 3 3 3 3 3 3 3 3 3 3 3 3 3 3 3 3 3 3 3 3 3 3 3 3 3 3 3 3 3 3 3 3 3 3 3 3 3 3 3 3 3 3 3 3 3 3 3 3 3 3 3 3 3 3 3 3 3 3 3 3 3 3 3 3 3 3 3 3 3 3 3 3 3 3 3 3 3 3 3 3 3 3 3 3 3 3 3 3 3 3 3 3 3 3 3 3 3 3 3 3 3 3 3 3 3 3 3 3 3 3 3 3 3 3 3 3 3 3 3 3 3 3 3 3 3 3 3 3 3 3 3 3 3 3 3 3 3 3 3 3 3 3 3 3 3 3 3 3 3 3 3 3 3 3 3 3 3 3 3 3 3 3 3 3 3 3 3 3 3 3 3 3 3 3 3 3 3 3 3 3 3 3 3 3 3 3 3 3 3 3 3 3 3 3 3 3 3 3 3 3 3 3 3 3 3 3 3 3 3 3 3 3 3 3 3 3 3 3 3 3 3 3 3 3 3 3 3 3 3 3 3 3 3 3 3 3 3 3 3 3 3 3 3 3 3 3 3 3 3 3 3 3 3 3 3 3 3 3 3 3 3 3 3 3 3 3 3 3 3 3 3 3 3 3 3 3 3 3 3 3 3 3 3 3 3 3 3 3 3 3 3 3 3 3 3 3 3 3 3 3 3 3 3 3 3 3 3 3 3 3 3 3 3 3 3 3 3 3 3 3 3 3 3 3 3 3 3 3 3 3 3 3 3 3 3 3 3 3 3 3 3 3 3 3 3 3 3 3 3 3 3 3 3 3 3 3 3 3 3 3 3 3 3 3 3 3 3 3 3 3 3 3 3 3 3 3 3 3 3 3 3 3 3 3 3 3 3 3 3 3 3 3 3 3 3 3 3 3 3 3 3 3 3 3 3 3 3 3 3 3 3 3 3 3 3 3 3 3 3 3 3 3 3 3 3 3 3 3 3 3 3 3 3 3 3 3 3 3 3 3 3 3 3 3 3 3 3 3 3 3 3 3 3 3 3 3 3 3 3 3 3 3 3 3 3 3 3 3 3 3 3 3 3 3 3 3 3 3 3 3 3 3 3 3 3 3 3 3 3 3 3 3 3 3 3 3 3 3 3 3 3 3 3 3 3 3 3 3 3 3 3 3 3 3 3 3 3 3 3 3 3 3 3 3 3 3 3 3 3 3 3 3 3 3 3 3 3 3 3 3 3 3 3 3 3 3 3 3 3 3 3 3 3 3 3 3 3 3 3 3 3 3 3 3 3 3 3 3 3 3 3 3 3 3 3 3 3 3 3 3 3 3 3 3 3 3 3 3 3 3 3 3 3 3 3 3 3 3 3 3 3 3 3 3 3 3 3 3 3 3 3 3 3 3 3 3 3 3 3 3 3 3 3 3 3 3 3 3 3 3 3 3 3 3 3 3 3 3 3 3 3 3 3 3 3 3 3 3 3 3 3 3 3 3 3 3 3 3 3 3 3 3 3 3 3 3 3 3 3 3 3 3 3 3 3 3 3 3 3 3 3 3 3 3 3 3 3 3 3 3 3 3 3 3 3 3 3 3 3 3 3 3 3 3 3 3 3 3 3 3 3 3 3 3 3 3 3 3 3 3 3 3 3 3 3 3 3 3 3 3 3 3 3 3 3 3 3 3 3 3 3 3 3 3 3 3 3 3 3 3 3 3 3 3 3 3 3 3 3 3 3 3 3 3 3 3 3 3 3 3 3 3 3 3 3 3 3 3 3 3 3 3 3 3 3 3 3 3 3 3 3 3 3 3 3 3 3 3 3 3 3 3 3 3 3 3 3 3 3 3 3 3 3 3 3 3 3 3 3 3 3 3 3 3 3 3 3 3 3 3 3 3 3 3 3 3 3 3 3 3 3 3 3 3 3 3 3 3 3 3 3 3 3 3 3 3 3 3 3 3 3 3 3 3 3 3 3 3 3 3 3 3 3 3 3 3 3 3 3 3 3 3 3 3 3 3 3 3 3 3 3 3 3 3 3 3 3 3 3 3 3 3 3 3 3 3 3 3 3 3 3 3 3 3 3 3 3 3 3 3 3 3 3 3 3 3 3 3 3 3 3 3 3 3 3 3 3 3 3 3 3 3 3 3 3 3 3 3 3 3 3 3 3 3 3 3 3 3 3 3 3 3 3 3 3 3 3 3 3 3 3 3 3 3 3 3 3 3 3 3 3 3 3 3 3 3 3 3 3 3 3 3 3 3 3 3 3 3 3 3 3 3 3 3 3 3 3 3 3 3 3 3 3 3 3 3 3 3 3 3 3 3 3 3 3 3 3 3 3 3 3 3 3 3 3 3 3 3 3 3 3 3 3 3 3 3 3 3 3 3 3 3 3 3 3 3 3 3 3 3 3 3 3 3 3 3 3 3 3 3 3 3 3 3 3 3 3 3 3 3 3 3 3 3 3 3 3 3 3 3 3 3 3 3 3 3 3 3 3 3 3 3 3 3 3 3 3 3 3 3 3 3 3 3 3 3 3 3 3 3 3 3 3 3 3 3 3 3 3 3 3 3 3 3 3 3 3 3 3 3 3 3 3 3 3 3 3 3 3 3 3 3 3 3 3 3 3 3 3 3 3 3 3 3 3 3 3 3 3 3 3 3 3 3 3 3 3 3 3 3 3 3 3 3 3 3 3 3 3 3 3 3 3 3 3 3 3 3 3 3 3 3 3 3 3 3 3 3 3 3 3 3 3 3 3 3 3 3 3 3 3 3 3 3 3 3 3 3 3 3 3 3 3 3 3 3 3 3 3 3 3 3 3 3 3 3 3 3 3 3 3 3 3 3 3 3 3 3 3 3 3 3 3 3 3 3 3 3 3 3 3 3 3 3 3 3 3 3 3 3 3 3 3 3 3 3 3 3 3 3 3 3 3 3 3 3 3 3 3 3 3 3 3 3 3 3 3 3 3 3 3 3 3 3 3 3 3 3 3 3 3 3 3 3 3 3 3 3 3 3 3 3 3 3 3 3 3 3 3 3 3 3 3 3 3 3 3 3 3 3 3 3 3 3 3 3 3 3 3 3 3 3 3 3 3 3 3 3 3 3 3 3 3 3 3 3 3 3 3 3 3 3 3 3 3 3 3 3 3 3 3 3 3 3 3 3 3 3 3 3 3 3 3 3 3 3 3 3 3 3 3 3 3 3 3 3 3 3 3 3 3 3 3 3 3 3 3 3 3 3 3 3 3 3 3 3 3 3 3 3 3 3 3 3 3 3 3 3 3 3 3 3 3 3 3 3 3 3 3 3 3 3 3 3 3 3 3 3 3 3 3 3 3 3 3 3 3 3 3 3 3 3 3 3 3 3 3 3 3 3 3 3 3 3 3 3 3 3 3 3 3 3 3 3 3 3 3 3 3 3 3 3 3 3 3 3 3 3 3 3 3 3 3 3 3 3 3 3 3 3 3 3 3 3 3 3 3 3 3 3 3 3 3 3 3 3 3 3 3 3 3 3 3 3 3 3 3 3 3 3 3 3 3 3 3 3 3 3 3 3 3 3 3 3 3 3 3 3 3 3 3 3 3 3 3 3 3 3 3 3 3 3 3 3 3 3 3 3 3 3 3 3 3 3 3 3 3 3 3 3 3 3 3 3 3 3 3 3 3 3 3 3 3 3 3 3 3 3 3 3 3 3 3 3 3 3 3 3 3 3 3 3 3 3 3 3 3 3 3 3 3 3 3 3 3 3 3 3 3 3 3 3 3 3 3 3 3 3 3 3 3 3 3 3 3 3 3 3 3 3 3 3 3 3 3 3 3 3 3 3 3 3 3 3 3 3 3 3 3 3 3 3 3 3 3 3 3 3 3 3 3 3 3 3 3 3 3 3 3 3 3 3 3 3 3 3 3 3 3 3 3 3 3 3 3 3 3 3 3 3 3 3 3 3 3 3 3 3 3 3 3 3 3 3 3 3 3 3 3 3 3 3 3 3 3 3 3 3 3 3 3 3 3 3 3 3 3 3 3 3 3 3 3 3 3 3 3 3 3 3 3 3 3 3 3 3 3 3 3 3 3 3 3 3 3 3 3 3 3 3 3 3 3 3 3 3 3 3 3 3 3 3 3 3 3 3 3 3 3 3 3 3 3 3 3 3 3 3 3 3 3 3 3 3 3 3 3 3 3 3 3 3 3 3 3 3 3 3 3 3 3 3 3 3 3 3 3 3 3 3 3 3 3 3 3 3 3 3 3 3 3 3 3 3 3 3 3 3 3 3 3 3 3 3 3 3 3 3 3 3 3 3 3 3 3 3 3 3 3 3 3 3 3 3 3 3 3 3 3 3 3 3 3 3 3 3 3 3 3 3 3 3 3 3 3 3 3 3 3 3 3 3 3 3 3 3 3 3 3 3 3 3 3 3 3 3 3 3 3 3 3 3 3 3 3 3 3 3 3 3 3 3 3 3 3 3 3 3 3 3 3 3 3 3 3 3 3 3 3 3 3 3 3 3 3 3 3 3 3 3 3 3 3 3 3 3 3 3 3 3 3 3 3 3 3 3 3 3 3 3 3 3 3 3 3 3 3 3 3 3 3 3 3 3 3 3 3 3 3 3 3 3 3 3 3 3 3 3 3 3 3 3 3 3 3 3 3 3 3 3 3 3 3 3 3 3 3 3 3 3 3 3 3 3 3 3 3 3 3 3 3 3 3 3 3 3 3 3 3 3 3 3 3 3 3 3 3 3 3 3 3 3 3 3 3 3 3 3 3 3 3 3 3 3 3 3 3 3 3 3 3 3 3 3 3 3 3 3 3 3 3 3 3 3 3 3 3 3 3 3 3 3 3 3 3 3 3 3 3 3 3 3 3 3 3 3 3 3 3 3 3 3 3 3 3 3 3 3 3 3 3 3 3 3 3 3 3 3 3 3 3 3 3 3 3 3 3 3 3 3 3 3 3 3 3 3 3 3 3 3 3 3 3 3 3 3 3 3 3 3 3 3 3 3 3 3 3 3 3 3 3 3 3 3 3 3 3 3 3 3 3 3 3 3 3 3 3 3 3 3 3 3 3 3 3 3 3 3 3 3 3 3 3 3 3 3 3 3 3 3 3 3 3 3 3 3 3 3 3 3 3 3 3 3 3 3 3 3 3 3 3 3 3 3 3 3 3 3 3 3 3 3 3 3 3 3 3 3 3 3 3 3 3 3 3 3 3 3 3 3 3 3 3 3 3 3 3 3 3 3 3 3 3 3 3 3 3 3 3 3 3 3 3 3 3 3 3 3 3 3 3 3 3 3 3 3 3 3 3 3 3 3 3 3 3 3 3 3 3 3 3 3 3 3 3 3 3 3 3 3 3 3 3 3 3 3 3 3 3 3 3 3 3 3 3 3 3 3 3 3 3 3 3 3 3 3 3 3 3 3 3 3 3 3 3 3 3 3 3 3 3 3 3 3 3 3 3 3 3 3 3 3 3 3 3 3 3 3 3 3 3 3 3 3 3 3 3 3 3 3 3 3 3 3 3 3 3 3 3 3 3 3 3 3 3 3 3 3 3 3 3 3 3 3 3 3 3 3 3 3 3 3 3 3 3 3 3 3 3 3 3 3 3 3 3 3 3 3 3 3 3 3 3 3 3 3 3 3 3 3 3 3 3 3 3 3 3 3 3 3 3 3 3 3 3 3 3 3 3 3 3 3 3 3 3 3 3 3 3 3 3 3 3 3 3 3 3 3 3 3 3 3 3 3 3 3 3 3 3 3 3 3 3 3 3 3 3 3 3 3 3 3 3 3 3 3 3 3 3 3 3 3 3 3 3 3 3 3 3 3 3 3 3 3 3 3 3 3 3 3 3 3 3 3 3 3 3 3 3 3 3 3 3 3 3 3 3 3 3 3 3 3 3 3 3 3 3 3 3 3 3 3 3 3 3 3 3 3 3 3 3 3 3 3 3 3 3 3 3 3 3 3 3 3 3 3 3 3 3 3 3 3 3 3 3 3 3 3 3 3 3 3 3 3 3 3 3 3 3 3 3 3 3 3 3 3 3 3 3 3 3 3 3 3 3 3 3 3 3 3 3 3 3 3 3 3 3 3 3 3 3 3 3 3 3 3 3 3 3 3 3 3 3 3 3 3 3 3 3 3 3 3 3 3 3 3 3 3 3 3 3 3 3 3 3 3 3 3 3 3 3 3 3 3 3 3 3 3 3 3 3 3 3 3 3 3 3 3 3 3 3 3 3 3 3 3 3 3 3 3 3 3 3 3 3 3 3 3 3 3 3 3 3 3 3 3 3 3 3 3 3 3 3 3 3 3 3 3 3 3 3 3 3 3 3 3 3 3 3 3 3 3 3 3 3 3 3 3 3 3 3 3 3 3 3 3 3 3 3 3 3 3 3 3 3 3 3 3 3 3 3 3 3 3 3 3 3 3 3 3 3 3 3 3 3 3 3 3 3 3 3 3 3 3 3 3 3 3 3 3 3 3 3 3 3 3 3 3 3 3 3 3 3 3 3 3 3 3 3 3 3 3 3 3 3 3 3 3 3 3 3 3 3 3 3 3 3 3 3 3 3 3 3 3 3 3 3 3 3 3 3 3 3 3 3 3 3 3 3 3 3 3 3 3 3 3 3 3 3 3 3 3 3 3 3 3 3 3 3 3 3 3 3 3 3 3 3 3 3 3 3 3 3 3 3 3 3 3 3 3 3 3 3 3 3 3 3 3 3 3 3 3 3 3 3 3 3 3 3 3 3 3 3 3 3 3 3 3 3 3 3 3 3 3 3 3 3 3 3 3 3 3 3 3 3 3 3 3 3 3 3 3 3 3 3 3 3 3 3 3 3 3 3 3 3 3 3 3 3 3 3 3 3 3 3 3 3 3 3 3 3 3 3 3 3 3 3 3 3 3 3 3 3 3 3 3 3 3 3 3 3 3 3 3 3 3 3 3 3 3 3 3 3 3 3 3 3 3 3 3 3 3 3 3 3 3 3 3 3 3 3 3 3 3 3 3 3 3 3 3 3 3 3 3 3 3 3 3 3 3 3 3 3 3 3 3 3 3 3 3 3 3 3 3 3 3 3 3 3 3 3 3 3 3 3 3 3 3 3 3 3 3 3 3 3 3 3 3 3 3 3 3 3 3 3 3 3 3 3 3 3 3 3 3 3 3 3 3 3 3 3 3 3 3 3 3 3 3 3 3 3 3 3 3 3 3 3 3 3 3 3 3 3 3 3 3 3 3 3 3 3 3 3 3 3 3 3 3 3 3 3 3 3 3 3 3 3 3 3 3 3 3 3 3 3 3 3 3 3 3 3 3 3 3 3 3 3 3 3 3 3 3 3 3 3 3 3 3 3 3 3 3 3 3 3 3 3 3 3 3 3 3 3 3 3 3 3 3 3 3 3 3 3 3 3 3 3 3 3 3 3 3 3 3 3 3 3 3 3 3 3 3 3 3 3 3 3 3 3 3 3 3 3 3 3 3 3 3 3 3 3 3 3 3 3 3 3 3 3 3 3 3 3 3 3 3 3 3 3 3 3 3 3 3 3 3 3 3 3 3 3 3 3 3 3 3 3 3 3 3 3 3 3 3 3 3 3 3 3 3 3 3 3 3 3 3 3 3 3 3 3 3 3 3 3 3 3 3 3 3 3 3 3 3 3 3 3 3 3 3 3 3 3 3 3 3 3 3 3 3 3 3 3 3 3 3 3 3 3 3 3 3 3 3 3 3 3 3 3 3 3 3 3 3 3 3 3 3 3 3 3 3 3 3 3 3 3 3 3 3 3 3 3 3 3 3 3 3 3 3 3 3 3 3 3 3 3 3 3 3 3 3 3 3 3 3 3 3 3 3 3 3 3 3 3 3 3 3 3 3 3 3 3 3 3 3 3 3 3 3 3 3 3 3 3 3 3 3 3 3 3 3 3 3 3 3 3 3 3 3 3 3 3 3 3 3 3 3 3 3 3 3 3 3 3 3 3 3 3 3 3 3 3 3 3 3 3 3 3 3 3 3 3 3 3 3 3 3 3 3 3 3 3 3 3 3 3 3 3 3 3 3 3 3 3 3 3 3 3 3 3 3 3 3 3 3 3 3 3 3 3 3 3 3 3 3 3 3 3 3 3 3 3 3 3 3 3 3 3 3 3 3 3 3 3 3 3 3 3 3 3 3 3 3 3 3 3 3 3 3 3 3 3 3 3 3 3 3 3 3 3 3 3 3 3 3 3 3 3 3 3 3 3 3 3 3 3 3 3 3 3 3 3 3 3 3 3 3 3 3 3 3 3 3 3 3 3 3 3 3 3 3 3 3 3 3 3 3 3 3 3 3 3 3 3 3 3 3 3 3 3 3 3 3 3 3 3 3 3 3 3 3 3 3 3 3 3 3 3 3 3 3 3 3 3 3 3 3 3 3 3 3 3 3 3 3 3 3 3 3 3 3 3 3 3 3 3 3 3 3 3 3 3 3 3 3 3 3 3 3 3 3 3 3 3 3 3 3 3 3 3 3 3 3 3 3 3 3 3 3 3 3 3 3 3 3 3 3 3 3 3 3 3 3 3 3 3 3 3 3 3 3 3 3 3 3 3 3 3 3 3 3 3 3 3 3 3 3 3 3 3 3 3 3 3 3 3 3 3 3 3 3 3 3 3 3 3 3 3 3 3 3 3 3 3 3 3 3 3 3 3 3 3 3 3 3 3 3 3 3 3 3 3 3 3 3 3 3 3 3 3 3 3 3 3 3 3 3 3 3 3 3 3 3 3 3 3 3 3 3 3 3 3 3 3 3 3 3 3 3 3 3 3 3 3 3 3 3 3 3 3 3 3 3 3 3 3 3 3 3 3 3 3 3 3 3 3 3 3 3 3 3 3 3 3 3 3 3 3 3 3 3 3 3 3 3 3 3 3 3 3 3 3 3 3 3 3 3 3 3 3 3 3 3 3 3 3 3 3 3 3 3 3 3 3 3 3 3 3 3 3 3 3 3 3 3 3 3 3 3 3 3 3 3 3 3 3 3 3 3 3 3 3 3 3 3 3 3 3 3 3 3 3 3 3 3 3 3 3 3 3 3 3 3 3 3 3 3 3 3 3 3 3 3 3 3 3 3 3 3 3 3 3 3 3 3 3 3 3 3 3 3 3 3 3 3 3 3 3 3 3 3 3 3 3 3 3 3 3 3 3 3 3 3 3 3 3 3 3 3 3 3 3 3 3 3 3 3 3 3 3 3 3 3 3 3 3 3 3 3 3 3 3 3 3 3 3 3 3 3 3 3 3 3 3 3 3 3 3 3 3 3 3 3 3 3 3 3 3 3 3 3 3 3 3 3 3 3 3 3 3 3 3 3 3 3 3 3 3 3 3 3 3 3 3 3 3 3 3 3 3 3 3 3 3 3 3 3 3 3 3 3 3 3 3 3 3 3 3 3 3 3 3 3 3 3 3 3 3 3 3 3 3 3 3 3 3 3 3 3 3 3 3 3 3 3 3 3 3 3 3 3 3 3 3 3 3 3 3 3 3 3 3 3 3 3 3 3 3 3 3 3 3 3 3 3 3 3 3 3 3 3 3 3 3 3 3 3 3 3 3 3 3 3 3 3 3 3 3 3 3 3 3 3 3 3 3 3 3 3 3 3 3 3 3 3 3 3 3 3 3 3 3 3 3 3 3 3 3 3 3 3 3 3 3 3 3 3 3 3 3 3 3 3 3 3 3 3 3 3 3 3 3 3 3 3 3 3 3 3 3 3 3 3 3 3 3 3 3 3 3 3 3 3 3 3 3 3 3 3 3 3 3 3 3 3 3 3 3 3 3 3 3 3 3 3 3 3 3 3 3 3 3 3 3 3 3 3 3 3 3 3 3 3 3 3 3 3 3 3 3 3 3 3 3 3 3 3 3 3 3 3 3 3 3 3 3 3 3 3 3 3 3 3 3 3 3 3 3 3 3 3 3 3 3 3 3 3 3 3 3 3 3 3 3 3 3 3 3 3 3 3 3 3 3 3 3 3 3 3 3 3 3 3 3 3 3 3 3 3 3 3 3 3 3 3 3 3 3 3 3 3 3 3 3 3 3 3 3 3 3 3 3 3 3 3 3 3 3 3 3 3 3 3 3 3 3 3 3 3 3 3 3 3 3 3 3 3 3 3 3 3 3 3 3 3 3 3 3 3 3 3 3 3 3 3 3 3 3 3 3 3 3 3 3 3 3 3 3 3 3 3 3 3 3 3 3 3 3 3 3 3 3 3 3 3 3 3 3 3 3 3 3 3 3 3 3 3 3 3 3 3 3 3 3 3 3 3 3 3 3 3 3 3 3 3 3 3 3 3 3 3 3 3 3 3 3 3 3 3 3 3 3 3 3 3 3 3 3 3 3 3 3 3 3 3 3 3 3 3 3 3 3 3 3 3 3 3 3 3 3 3 3 3 3 3 3 3 3 3 3 3 3 3 3 3 3 3 3 3 3 3 3 3 3 3 3 3 3 3 3 3 3 3 3 3 3 3 3 3 3 3 3 3 3 3 3 3 3 3 3 3 3 3 3 3 3 3 3 3 3 3 3 3 3 3 3 3 3 3 3 3 3 3 3 3 3 3 3 3 3 3 3 3 3 3 3 3 3 3 3 3 3 3 3 3 3 3 3 3 3 3 3 3 3 3 3 3 3 3 3 3 3 3 3 3 3 3 3 3 3 3 3 3 3 3 3 3 3 3 3 3 3 3 3 3 3 3 3 3 3 3 3 3 3 3 3 3 3 3 3 3 3 3 3 3 3 3 3 3 3 3 3 3 3 3 3 3 3 3 3 3 3 3 3 3 3 3 3 3 3 3 3 3 3 3 3 3 3 3 3 3 3 3 3 3 3 3 3 3 3 3 3 3 3 3 3 3 3 3 3 3 3 3 3 3 3 3 3 3 3 3 3 3 3 3 3 3 3 3 3 3 3 3 3 3 3 3 3 3 3 3 3 3 3 3 3 3 3 3 3 3 3 3 3 3 3 3 3 3 3 3 3 3 3 3 3 3 3 3 3 3 3 3 3 3 3 3 3 3 3 3 3 3 3 3 3 3 3 3 3 3 3 3 3 3 3 3 3 3 3 3 3 3 3 3 3 3 3 3 3 3 3 3 3 3 3 3 3 3 3 3 3 3 3 3 3 3 3 3 3 3 3 3 3 3 3 3 3 3 3 3 3 3 3 3 3 3 3 3 3 3 3 3 3 3 3 3 3 3 3 3 3 3 3 3 3 3 3 3 3 3 3 3 3 3 3 3 3 3 3 3 3 3 3 3 3 3 3 3 3 3 3 3 3 3 3 3 3 3 3 3 3 3 3 3 3 3 3 3 3 3 3 3 3 3 3 3 3 3 3 3 3 3 3 3 3 3 3 3 3 3 3 3 3 3 3 3 3 3 3 3 3 3 3 3 3 3 3 3 3 3 3 3 3 3 3 3 3 3 3 3 3 3 3 3 3 3 3 3 3 3 3 3 3 3 3 3 3 3 3 3 3 3 3 3 3 3 3 3 3 3 3 3 3 3 3 3 3 3 3 3 3 3 3 3 3 3 3 3 3 3 3 3 3 3 3 3 3 3 3 3 3 3 3 3 3 3 3 3 3 3 3 3 3 3 3 3 3 3 3 3 3 3 3 3 3 3 3 3 3 3 3 3 3 3 3 3 3 3 3 3 3 3 3 3 3 3 3 3 3 3 3 3 3 3 3 3 3 3 3 3 3 3 3 3 3 3 3 3 3 3 3 3 3 3 3 3 3 3 3 3 3 3 3 3 3 3 3 3 3 3 3 3 3 3 3 3 3 3 3 3 3 3 3 3 3 3 3 3 3 3 3 3 3 3 3 3 3 3 3 3 3 3 3 3 3 3 3 3 3 3 3 3 3 3 3 3 3 3 3 3 3 3 3 3 3 3 3 3 3 3 3 3 3 3 3 3 3 3 3 3 3 3 3 3 3 3 3 3 3 3 3 3 3 3 3 3 3 3 3 3 3 3 3 3 3 3 3 3 3 3 3 3 3 3 3 3 3 3 3 3 3 3 3 3 3 3 3 3 3 3 3 3 3 3 3 3 3 3 3 3 3 3 3 3 3 3 3 3 3 3 3 3 3 3 3 3 3 3 3 3 3 3 3 3 3 3 3 3 3 3 3 3 3 3 3 3 3 3 3 3 3 3 3 3 3 3 3 3 3 3 3 3 3 3 3 3 3 3 3 3 3 3 3 3 3 3 3 3 3 3 3 3 3 3 3 3 3 3 3 3 3 3 3 3 3 3 3 3 3 3 3 3 3 3 3 3 3 3 3 3 3 3 3 3 3 3 3 3 3 3 3 3 3 3 3 3 3 3 3 3 3 3 3 3 3 3 3 3 3 3 3 3 3 3 3 3 3 3 3 3 3 3 3 3 3 3 3 3 3 3 3 3 3 3 3 3 3 3 3 3 3 3 3 3 3 3 3 3 3 3 3 3 3 3 3 3 3 3 3 3 3 3 3 3 3 3 3 3 3 3 3 3 3 3 3 3 3 3 3 3 3 3 3 3 3 3 3 3 3 3 3 3 3 3 3 3 3 3 3 3 3 3 3 3 3 3 3 3 3 3 3 3 3 3 3 3 3 3 3 3 3 3 3 3 3 3 3 3 3 3 3 3 3 3 3 3 3 3 3 3 3 3 3 3 3 3 3 3 3 3 3 3 3 3 3 3 3 3 3 3 3 3 3 3 3 3 3 3 3 3 3 3 3 3 3 3 3 3 3 3 3 3 3 3 3 3 3 3 3 3 3 3 3 3 3 3 3 3 3 3 3 3 3 3 3 3 3 3 3 3 3 3 3 3 3 3 3 3 3 3 3 3 3 3 3 3 3 3 3 3 3 3 3 3 3 3 3 3 3 3 3 3 3 3 3 3 3 3 3 3 3 3 3 3 3 3 3 3 3 3 3 3 3 3 3 3 3 3 3 3 3 3 3 3 3 3 3 3 3 3 3 3 3 3 3 3 3 3 3 3 3 3 3 3 3 3 3 3 3 3 3 3 3 3 3 3 3 3 3 3 3 3 3 3 3 3 3 3 3 3 3 3 3 3 3 3 3 3 3 3 3 3 3 3 3 3 3 3 3 3 3 3 3 3 3 3 3 3 3 3 3 3 3 3 3 3 3 3 3 3 3 3 3 3 3 3 3 3 3 3 3 3 3 3 3 3 3 3 3 3 3 3 3 3 3 3 3 3 3 3 3 3 3 3 3 3 3 3 3 3 3 3 3 3 3 3 3 3 3 3 3 3 3 3 3 3 3 3 3 3 3 3 3 3 3 3 3 3 3 3 3 3 3 3 3 3 3 3 3 3 3 3 3 3 3 3 3 3 3 3 3 3 3 3 3 3 3 3 3 3 3 3 3 3 3 3 3 3 3 3 3 3 3 3 3 3 3 3 3 3 3 3 3 3 3 3 3 3 3 3 3 3 3 3 3 3 3 3 3 3 3 3 3 3 3 3 3 3 3 3 3 3 3 3 3 3 3 3 3 3 3 3 3 3 3 3 3 3 3 3 3 3 3 3 3 3 3 3 3 3 3 3 3 3 3 3 3 3 3 3 3 3 3 3 3 3 3 3 3 3 3 3 3 3 3 3 3 3 3 3 3 3 3 3 3 3 3 3 3 3 3 3 3 3 3 3 3 3 3 3 3 3 3 3 3 3 3 3 3 3 3 3 3 3 3 3 3 3 3 3 3 3 3 3 3 3 3 3 3 3 3 3 3 3 3 3 3 3 3 3 3 3 3 3 3 3 3 3 3 3 3 3 3 </vcount>
          <p>0 0 1 1 2 2 1 1 3 3 2 2 3 3 4 4 2 2 0 0 5 5 1 1 3 3 6 6 4 4 6 6 7 7 4 4 8 8 5 5 0 0 8 8 9 9 5 5 6 6 10 10 7 7 10 10 11 11 7 7 12 12 9 9 8 8 12 12 13 13 9 9 10 10 14 14 11 11 14 14 15 15 11 11 16 16 13 13 12 12 16 16 17 17 13 13 14 14 18 18 15 15 18 18 19 19 15 15 20 20 17 17 16 16 20 20 21 21 17 17 18 18 22 22 19 19 22 22 23 23 19 19 24 24 21 21 20 20 24 24 25 25 21 21 22 22 26 26 27 27 26 26 28 28 27 27 29 29 25 25 24 24 29 29 30 30 25 25 26 26 31 31 28 28 31 31 32 32 28 28 33 33 30 30 29 29 33 33 34 34 30 30 31 31 35 35 32 32 35 35 36 36 32 32 37 37 34 34 33 33 37 37 38 38 34 34 35 35 39 39 40 40 39 39 41 41 40 40 42 42 38 38 37 37 42 42 43 43 38 38 39 39 44 44 41 41 44 44 45 45 41 41 46 46 43 43 42 42 46 46 47 47 43 43 44 44 48 48 45 45 48 48 49 49 45 45 50 50 47 47 46 46 50 50 51 51 47 47 48 48 52 52 49 49 52 52 53 53 49 49 54 54 51 51 50 50 54 54 55 55 51 51 52 52 56 56 53 53 56 56 57 57 53 53 58 58 55 55 54 54 58 58 59 59 55 55 56 56 60 60 57 57 60 60 61 61 57 57 62 62 59 59 58 58 62 62 63 63 59 59 60 60 64 64 61 61 64 64 65 65 61 61 66 66 63 63 62 62 66 66 67 67 63 63 64 64 68 68 65 65 68 68 69 69 65 65 70 70 67 67 66 66 70 70 71 71 67 67 68 68 72 72 69 69 72 72 73 73 69 69 74 74 71 71 70 70 74 74 75 75 71 71 72 72 76 76 73 73 76 76 77 77 73 73 78 78 75 75 74 74 78 78 79 79 75 75 80 80 81 81 82 82 83 83 80 80 82 82 84 84 80 80 83 83 80 80 85 85 81 81 86 86 80 80 84 84 80 80 87 87 85 85 88 88 89 89 86 86 90 90 88 88 86 86 91 91 80 80 86 86 89 89 91 91 86 86 80 80 92 92 87 87 93 93 88 88 90 90 80 80 94 94 92 92 95 95 88 88 93 93 80 80 96 96 94 94 80 80 97 97 96 96 80 80 98 98 97 97 99 99 100 100 98 98 80 80 99 99 98 98 101 101 102 102 100 100 102 102 103 103 100 100 103 103 104 104 100 100 99 99 101 101 100 100 105 105 99 99 80 80 103 103 106 106 104 104 106 106 107 107 104 104 107 107 108 108 104 104 108 108 109 109 104 104 110 110 99 99 105 105 108 108 111 111 109 109 112 112 99 99 110 110 108 108 113 113 111 111 114 114 99 99 112 112 108 108 115 115 113 113 116 116 99 99 114 114 117 117 99 99 116 116 118 118 99 99 117 117 119 119 99 99 118 118 120 120 99 99 119 119 121 121 122 122 123 123 122 122 124 124 123 123 124 124 125 125 123 123 124 124 126 126 125 125 126 126 127 127 125 125 128 128 127 127 126 126 129 129 130 130 121 121 130 130 122 122 121 121 128 128 131 131 127 127 132 132 131 131 128 128 133 133 134 134 129 129 134 134 130 130 129 129 132 132 135 135 131 131 136 136 135 135 132 132 137 137 138 138 133 133 138 138 134 134 133 133 136 136 139 139 135 135 140 140 139 139 136 136 141 141 142 142 137 137 142 142 138 138 137 137 140 140 143 143 139 139 144 144 143 143 140 140 145 145 146 146 141 141 146 146 142 142 141 141 144 144 147 147 143 143 148 148 147 147 144 144 145 145 149 149 146 146 150 150 151 151 145 145 152 152 150 150 145 145 151 151 149 149 145 145 148 148 153 153 147 147 154 154 153 153 148 148 155 155 150 150 152 152 156 156 155 155 152 152 154 154 157 157 153 153 158 158 157 157 154 154 159 159 155 155 156 156 160 160 159 159 156 156 161 161 157 157 158 158 162 162 161 161 158 158 163 163 159 159 160 160 164 164 163 163 160 160 165 165 161 161 162 162 166 166 165 165 162 162 167 167 163 163 164 164 167 167 168 168 163 163 169 169 165 165 166 166 170 170 169 169 166 166 171 171 168 168 167 167 171 171 172 172 168 168 173 173 169 169 170 170 174 174 173 173 170 170 175 175 172 172 171 171 175 175 176 176 172 172 177 177 173 173 174 174 178 178 173 173 177 177 178 178 179 179 173 173 180 180 179 179 178 178 181 181 176 176 175 175 181 181 182 182 176 176 183 183 184 184 180 180 184 184 179 179 180 180 185 185 182 182 181 181 185 185 186 186 182 182 187 187 188 188 183 183 188 188 184 184 183 183 189 189 186 186 185 185 189 189 190 190 186 186 191 191 192 192 187 187 192 192 188 188 187 187 193 193 190 190 189 189 193 193 194 194 190 190 195 195 196 196 191 191 196 196 192 192 191 191 197 197 194 194 193 193 197 197 198 198 194 194 199 199 200 200 195 195 200 200 196 196 195 195 201 201 198 198 197 197 201 201 202 202 198 198 203 203 200 200 199 199 204 204 205 205 206 206 207 207 204 204 206 206 208 208 207 207 206 206 208 208 209 209 207 207 210 210 211 211 205 205 204 204 210 210 205 205 212 212 209 209 208 208 212 212 213 213 209 209 214 214 215 215 211 211 210 210 214 214 211 211 212 212 216 216 213 213 216 216 217 217 213 213 218 218 219 219 215 215 214 214 218 218 215 215 220 220 217 217 216 216 220 220 221 221 217 217 222 222 223 223 219 219 218 218 222 222 219 219 224 224 221 221 220 220 224 224 225 225 221 221 226 226 227 227 223 223 222 222 226 226 223 223 228 228 225 225 224 224 228 228 229 229 225 225 230 230 231 231 227 227 226 226 230 230 227 227 232 232 229 229 228 228 232 232 233 233 229 229 234 234 235 235 231 231 230 230 234 234 231 231 236 236 233 233 232 232 236 236 237 237 233 233 238 238 239 239 235 235 234 234 238 238 235 235 240 240 237 237 236 236 240 240 241 241 237 237 242 242 243 243 239 239 238 238 242 242 239 239 244 244 241 241 240 240 244 244 245 245 241 241 246 246 247 247 243 243 242 242 246 246 243 243 248 248 245 245 244 244 248 248 249 249 245 245 250 250 251 251 247 247 246 246 250 250 247 247 252 252 249 249 248 248 252 252 253 253 249 249 254 254 255 255 251 251 250 250 254 254 251 251 256 256 253 253 252 252 256 256 257 257 253 253 258 258 259 259 255 255 254 254 258 258 255 255 256 256 260 260 257 257 260 260 261 261 257 257 262 262 259 259 258 258 262 262 263 263 259 259 264 264 261 261 260 260 264 264 265 265 261 261 266 266 267 267 263 263 262 262 266 266 263 263 268 268 265 265 264 264 268 268 269 269 265 265 270 270 271 271 267 267 266 266 270 270 267 267 272 272 269 269 268 268 272 272 273 273 269 269 274 274 275 275 271 271 270 270 274 274 271 271 272 272 276 276 273 273 276 276 277 277 273 273 278 278 279 279 275 275 274 274 278 278 275 275 276 276 279 279 277 277 279 279 278 278 277 277 280 280 281 281 282 282 283 283 280 280 282 282 284 284 283 283 282 282 285 285 284 284 282 282 286 286 284 284 285 285 280 280 287 287 281 281 288 288 284 284 286 286 289 289 288 288 286 286 290 290 291 291 287 287 292 292 293 293 287 287 280 280 292 292 287 287 293 293 294 294 287 287 294 294 295 295 287 287 295 295 296 296 287 287 296 296 297 297 287 287 297 297 298 298 287 287 298 298 290 290 287 287 299 299 300 300 291 291 290 290 301 301 291 291 301 301 299 299 291 291 299 299 302 302 300 300 299 299 303 303 302 302 299 299 304 304 303 303 299 299 305 305 304 304 306 306 307 307 305 305 299 299 308 308 305 305 308 308 306 306 305 305 307 307 309 309 305 305 309 309 310 310 305 305 310 310 311 311 305 305 311 311 312 312 305 305 312 312 313 313 305 305 313 313 314 314 305 305 314 314 315 315 305 305 315 315 316 316 305 305 316 316 317 317 305 305 318 318 319 319 320 320 319 319 321 321 320 320 321 321 322 322 320 320 321 321 323 323 322 322 323 323 324 324 322 322 318 318 325 325 319 319 326 326 325 325 318 318 327 327 324 324 323 323 327 327 328 328 324 324 326 326 329 329 325 325 330 330 329 329 326 326 331 331 328 328 327 327 330 330 332 332 329 329 331 331 333 333 328 328 334 334 332 332 330 330 335 335 333 333 331 331 334 334 336 336 332 332 335 335 337 337 333 333 338 338 336 336 334 334 339 339 337 337 335 335 338 338 340 340 336 336 339 339 341 341 337 337 342 342 340 340 338 338 343 343 341 341 339 339 342 342 344 344 340 340 345 345 346 346 341 341 343 343 345 345 341 341 347 347 344 344 342 342 348 348 346 346 345 345 349 349 346 346 348 348 347 347 350 350 344 344 349 349 351 351 346 346 352 352 350 350 347 347 353 353 351 351 349 349 352 352 354 354 350 350 353 353 355 355 351 351 356 356 354 354 352 352 357 357 355 355 353 353 356 356 358 358 354 354 357 357 359 359 355 355 360 360 358 358 356 356 361 361 359 359 357 357 360 360 362 362 358 358 361 361 363 363 359 359 364 364 362 362 360 360 365 365 363 363 361 361 364 364 366 366 362 362 365 365 367 367 363 363 368 368 366 366 364 364 369 369 367 367 365 365 368 368 370 370 366 366 369 369 371 371 367 367 372 372 373 373 368 368 373 373 370 370 368 368 374 374 371 371 369 369 372 372 375 375 373 373 372 372 376 376 375 375 374 374 377 377 371 371 378 378 376 376 372 372 379 379 377 377 374 374 378 378 380 380 376 376 379 379 381 381 377 377 382 382 380 380 378 378 383 383 381 381 379 379 382 382 384 384 380 380 383 383 385 385 381 381 386 386 384 384 382 382 387 387 385 385 383 383 386 386 388 388 384 384 387 387 389 389 385 385 390 390 388 388 386 386 391 391 389 389 387 387 390 390 392 392 388 388 391 391 393 393 389 389 394 394 393 393 391 391 395 395 392 392 390 390 395 395 396 396 392 392 394 394 397 397 393 393 396 396 397 397 394 394 395 395 397 397 396 396 398 398 399 399 400 400 401 401 398 398 400 400 399 399 402 402 400 400 403 403 404 404 405 405 406 406 403 403 405 405 404 404 407 407 405 405 399 399 408 408 402 402 404 404 409 409 407 407 410 410 398 398 401 401 411 411 403 403 406 406 412 412 413 413 408 408 399 399 412 412 408 408 414 414 415 415 409 409 404 404 414 414 409 409 416 416 398 398 410 410 417 417 416 416 410 410 418 418 403 403 411 411 419 419 418 418 411 411 412 412 420 420 413 413 414 414 421 421 415 415 422 422 416 416 417 417 423 423 418 418 419 419 424 424 416 416 422 422 414 414 425 425 421 421 412 412 426 426 420 420 414 414 427 427 425 425 428 428 416 416 424 424 429 429 418 418 423 423 412 412 430 430 426 426 414 414 431 431 427 427 432 432 416 416 428 428 433 433 432 432 428 428 434 434 435 435 429 429 435 435 418 418 429 429 436 436 437 437 430 430 412 412 436 436 430 430 438 438 439 439 431 431 414 414 438 438 431 431 440 440 432 432 433 433 441 441 435 435 434 434 442 442 432 432 440 440 443 443 435 435 441 441 436 436 444 444 437 437 438 438 445 445 439 439 436 436 446 446 444 444 438 438 447 447 445 445 447 447 448 448 442 442 448 448 432 432 442 442 446 446 449 449 443 443 449 449 435 435 443 443 436 436 449 449 446 446 438 438 448 448 447 447 450 450 451 451 452 452 453 453 454 454 455 455 456 456 453 453 455 455 457 457 453 453 456 456 458 458 457 457 456 456 459 459 460 460 454 454 453 453 459 459 454 454 461 461 457 457 458 458 462 462 461 461 458 458 463 463 460 460 459 459 463 463 464 464 460 460 465 465 461 461 462 462 466 466 465 465 462 462 467 467 464 464 463 463 467 467 468 468 464 464 469 469 468 468 467 467 466 466 470 470 465 465 471 471 470 470 466 466 472 472 473 473 469 469 473 473 468 468 469 469 471 471 474 474 470 470 475 475 474 474 471 471 476 476 477 477 472 472 477 477 473 473 472 472 475 475 476 476 474 474 475 475 478 478 476 476 478 478 477 477 476 476 479 479 480 480 481 481 479 479 482 482 480 480 483 483 484 484 485 485 486 486 483 483 485 485 487 487 488 488 489 489 487 487 490 490 488 488 491 491 492 492 493 493 494 494 491 491 493 493 495 495 496 496 497 497 495 495 498 498 496 496 499 499 500 500 501 501 502 502 499 499 501 501 503 503 504 504 505 505 503 503 506 506 504 504 507 507 508 508 509 509 510 510 507 507 509 509 511 511 512 512 513 513 511 511 514 514 512 512 515 515 516 516 517 517 518 518 515 515 517 517 519 519 520 520 521 521 519 519 522 522 520 520 523 523 524 524 525 525 526 526 523 523 525 525 527 527 528 528 529 529 530 530 527 527 529 529 527 527 531 531 528 528 532 532 527 527 530 530 527 527 533 533 531 531 534 534 527 527 532 532 527 527 535 535 533 533 536 536 527 527 534 534 527 527 537 537 535 535 538 538 527 527 536 536 527 527 539 539 537 537 539 539 527 527 538 538 540 540 541 541 542 542 543 543 540 540 542 542 544 544 543 543 542 542 540 540 545 545 541 541 545 545 546 546 541 541 547 547 543 543 544 544 548 548 543 543 547 547 545 545 549 549 546 546 545 545 550 550 549 549 551 551 543 543 548 548 552 552 553 553 548 548 554 554 555 555 550 550 545 545 554 554 550 550 556 556 553 553 552 552 557 557 553 553 556 556 558 558 559 559 555 555 558 558 560 560 559 559 561 561 553 553 557 557 558 558 562 562 560 560 562 562 563 563 560 560 564 564 553 553 561 561 565 565 564 564 561 561 566 566 564 564 565 565 562 562 567 567 563 563 568 568 564 564 566 566 562 562 569 569 567 567 562 562 570 570 569 569 570 570 571 571 569 569 572 572 573 573 568 568 573 573 564 564 568 568 574 574 573 573 572 572 570 570 575 575 571 571 576 576 577 577 575 575 570 570 576 576 575 575 578 578 579 579 574 574 579 579 573 573 574 574 576 576 580 580 577 577 581 581 579 579 578 578 582 582 579 579 581 581 576 576 583 583 580 580 576 576 584 584 583 583 585 585 579 579 582 582 586 586 585 585 582 582 587 587 588 588 584 584 576 576 587 587 584 584 589 589 585 585 586 586 590 590 585 585 589 589 587 587 591 591 588 588 587 587 592 592 591 591 592 592 593 593 590 590 593 593 585 585 590 590 587 587 593 593 592 592 594 594 595 595 596 596 597 597 594 594 596 596 595 595 598 598 596 596 595 595 599 599 598 598 599 599 600 600 598 598 601 601 594 594 597 597 602 602 594 594 601 601 599 599 603 603 600 600 604 604 605 605 603 603 606 606 594 594 602 602 607 607 608 608 605 605 604 604 607 607 605 605 609 609 594 594 606 606 610 610 609 609 606 606 607 607 611 611 608 608 612 612 609 609 610 610 613 613 609 609 612 612 607 607 614 614 611 611 607 607 615 615 614 614 616 616 609 609 613 613 607 607 617 617 615 615 617 617 618 618 615 615 619 619 609 609 616 616 620 620 619 619 616 616 621 621 619 619 620 620 617 617 622 622 618 618 617 617 623 623 622 622 623 623 624 624 622 622 625 625 619 619 621 621 626 626 625 625 621 621 627 627 625 625 626 626 623 623 628 628 624 624 629 629 630 630 628 628 623 623 629 629 628 628 631 631 625 625 627 627 632 632 631 631 627 627 629 629 633 633 630 630 634 634 631 631 632 632 635 635 631 631 634 634 629 629 636 636 633 633 629 629 637 637 636 636 638 638 631 631 635 635 639 639 638 638 635 635 640 640 641 641 637 637 629 629 640 640 637 637 642 642 638 638 639 639 643 643 638 638 642 642 644 644 645 645 641 641 646 646 638 638 643 643 644 644 647 647 645 645 644 644 648 648 647 647 648 648 649 649 646 646 649 649 638 638 646 646 644 644 649 649 648 648 650 650 651 651 652 652 653 653 650 650 652 652 654 654 653 653 652 652 655 655 656 656 651 651 650 650 655 655 651 651 657 657 653 653 654 654 658 658 657 657 654 654 659 659 660 660 656 656 655 655 659 659 656 656 661 661 657 657 658 658 662 662 661 661 658 658 663 663 660 660 659 659 663 663 664 664 660 660 665 665 661 661 662 662 666 666 667 667 663 663 667 667 664 664 663 663 665 665 668 668 661 661 669 669 668 668 665 665 670 670 671 671 666 666 671 671 667 667 666 666 669 669 672 672 668 668 673 673 674 674 670 670 674 674 671 671 670 670 669 669 675 675 672 672 675 675 673 673 672 672 675 675 674 674 673 673 676 676 677 677 678 678 679 679 676 676 678 678 680 680 679 679 678 678 681 681 679 679 680 680 682 682 681 681 680 680 683 683 684 684 677 677 676 676 683 683 677 677 685 685 681 681 682 682 686 686 685 685 682 682 687 687 688 688 684 684 683 683 687 687 684 684 689 689 688 688 687 687 690 690 685 685 686 686 689 689 691 691 688 688 690 690 692 692 685 685 693 693 694 694 689 689 694 694 691 691 689 689 695 695 692 692 690 690 695 695 696 696 692 692 697 697 698 698 693 693 698 698 694 694 693 693 695 695 699 699 696 696 699 699 700 700 696 696 700 700 701 701 697 697 701 701 698 698 697 697 699 699 701 701 700 700 702 702 703 703 704 704 702 702 705 705 703 703 706 706 707 707 708 708 709 709 706 706 708 708 710 710 711 711 712 712 713 713 710 710 712 712 714 714 715 715 716 716 714 714 717 717 715 715 718 718 719 719 720 720 718 718 721 721 719 719 722 722 723 723 724 724 725 725 722 722 724 724 726 726 727 727 728 728 729 729 726 726 728 728 730 730 731 731 732 732 730 730 733 733 731 731 734 734 735 735 736 736 734 734 737 737 735 735 738 738 739 739 740 740 741 741 738 738 740 740 742 742 743 743 744 744 745 745 742 742 744 744 746 746 747 747 748 748 746 746 749 749 747 747 750 750 751 751 752 752 750 750 753 753 751 751 754 754 755 755 756 756 757 757 754 754 756 756 758 758 759 759 760 760 761 761 758 758 760 760 762 762 763 763 764 764 762 762 765 765 763 763 766 766 767 767 768 768 766 766 769 769 767 767 770 770 771 771 772 772 773 773 770 770 772 772 774 774 775 775 776 776 777 777 774 774 776 776 778 778 779 779 780 780 778 778 781 781 779 779 782 782 783 783 784 784 782 782 785 785 783 783 786 786 787 787 788 788 789 789 786 786 788 788 790 790 791 791 792 792 793 793 790 790 792 792 794 794 795 795 796 796 794 794 797 797 795 795 798 798 799 799 800 800 801 801 798 798 800 800 798 798 802 802 799 799 803 803 798 798 801 801 798 798 804 804 802 802 805 805 798 798 803 803 798 798 806 806 804 804 807 807 798 798 805 805 798 798 808 808 806 806 809 809 798 798 807 807 810 810 808 808 798 798 809 809 810 810 798 798 811 811 812 812 813 813 812 812 814 814 813 813 815 815 812 812 811 811 812 812 816 816 814 814 817 817 812 812 815 815 812 812 818 818 816 816 819 819 812 812 817 817 812 812 820 820 818 818 821 821 812 812 819 819 812 812 822 822 820 820 821 821 823 823 812 812 823 823 822 822 812 812 824 824 825 825 826 826 827 827 824 824 826 826 828 828 827 827 826 826 829 829 825 825 824 824 829 829 830 830 825 825 831 831 827 827 828 828 832 832 833 833 829 829 833 833 834 834 829 829 834 834 830 830 829 829 831 831 835 835 827 827 835 835 836 836 827 827 837 837 836 836 835 835 832 832 838 838 833 833 839 839 836 836 837 837 840 840 838 838 832 832 841 841 840 840 832 832 842 842 841 841 832 832 839 839 843 843 836 836 843 843 844 844 836 836 844 844 845 845 836 836 842 842 846 846 841 841 847 847 845 845 844 844 848 848 846 846 842 842 849 849 848 848 842 842 850 850 851 851 845 845 847 847 850 850 845 845 849 849 852 852 848 848 853 853 851 851 850 850 854 854 851 851 853 853 849 849 855 855 852 852 856 856 851 851 854 854 849 849 857 857 855 855 858 858 857 857 849 849 856 856 859 859 851 851 858 858 860 860 857 857 861 861 859 859 856 856 858 858 862 862 860 860 863 863 859 859 861 861 864 864 859 859 863 863 858 858 865 865 862 862 866 866 867 867 858 858 867 867 865 865 858 858 864 864 868 868 859 859 869 869 868 868 864 864 866 866 870 870 867 867 871 871 868 868 869 869 872 872 868 868 871 871 866 866 873 873 870 870 874 874 875 875 866 866 875 875 873 873 866 866 872 872 874 874 868 868 875 875 874 874 872 872 876 876 877 877 878 878 879 879 876 876 878 878 880 880 879 879 878 878 881 881 882 882 877 877 876 876 881 881 877 877 883 883 879 879 880 880 884 884 883 883 880 880 885 885 886 886 882 882 881 881 885 885 882 882 887 887 883 883 884 884 888 888 887 887 884 884 889 889 886 886 885 885 889 889 890 890 886 886 891 891 887 887 888 888 892 892 893 893 889 889 893 893 890 890 889 889 891 891 894 894 887 887 895 895 894 894 891 891 896 896 897 897 892 892 897 897 893 893 892 892 895 895 898 898 894 894 899 899 900 900 896 896 900 900 897 897 896 896 895 895 901 901 898 898 901 901 899 899 898 898 901 901 900 900 899 899 902 902 903 903 904 904 905 905 902 902 904 904 906 906 905 905 904 904 907 907 903 903 902 902 906 906 908 908 905 905 909 909 903 903 907 907 909 909 910 910 903 903 910 910 911 911 903 903 912 912 913 913 906 906 913 913 914 914 906 906 914 914 908 908 906 906 915 915 916 916 910 910 912 912 917 917 913 913 918 918 916 916 915 915 918 918 919 919 916 916 919 919 920 920 916 916 920 920 921 921 916 916 922 922 917 917 912 912 923 923 922 922 924 924 925 925 923 923 924 924 925 925 926 926 923 923 927 927 921 921 920 920 928 928 929 929 921 921 930 930 928 928 921 921 927 927 930 930 921 921 931 931 932 932 925 925 932 932 933 933 925 925 933 933 926 926 925 925 931 931 934 934 932 932 935 935 929 929 928 928 936 936 929 929 935 935 931 931 937 937 934 934 936 936 938 938 929 929 939 939 937 937 931 931 939 939 940 940 937 937 941 941 938 938 936 936 939 939 942 942 940 940 943 943 938 938 941 941 944 944 938 938 943 943 939 939 945 945 942 942 944 944 946 946 938 938 947 947 948 948 939 939 948 948 945 945 939 939 949 949 946 946 944 944 947 947 950 950 948 948 951 951 946 946 949 949 952 952 946 946 951 951 947 947 953 953 950 950 952 952 954 954 946 946 954 954 955 955 947 947 955 955 953 953 947 947 955 955 954 954 952 952 956 956 957 957 958 958 959 959 956 956 958 958 960 960 959 959 958 958 961 961 959 959 960 960 962 962 961 961 960 960 963 963 964 964 957 957 956 956 963 963 957 957 965 965 961 961 962 962 966 966 965 965 962 962 967 967 968 968 964 964 963 963 967 967 964 964 969 969 968 968 967 967 970 970 965 965 966 966 969 969 971 971 968 968 970 970 972 972 965 965 973 973 974 974 969 969 974 974 971 971 969 969 975 975 972 972 970 970 975 975 976 976 972 972 977 977 978 978 973 973 978 978 974 974 973 973 975 975 979 979 976 976 979 979 980 980 976 976 980 980 981 981 977 977 981 981 978 978 977 977 979 979 981 981 980 980 982 982 983 983 984 984 985 985 983 983 982 982 986 986 987 987 988 988 989 989 986 986 988 988 990 990 991 991 992 992 993 993 990 990 992 992 990 990 994 994 991 991 995 995 990 990 993 993 990 990 996 996 994 994 997 997 990 990 995 995 990 990 998 998 996 996 999 999 998 998 990 990 1000 1000 999 999 990 990 1001 1001 1000 1000 990 990 1002 1002 1001 1001 990 990 997 997 1002 1002 990 990 1003 1003 1004 1004 1005 1005 1006 1006 1004 1004 1003 1003 1007 1007 1008 1008 1009 1009 1008 1008 1010 1010 1009 1009 1011 1011 1008 1008 1007 1007 1008 1008 1012 1012 1010 1010 1013 1013 1008 1008 1011 1011 1008 1008 1014 1014 1012 1012 1015 1015 1008 1008 1013 1013 1016 1016 1017 1017 1008 1008 1015 1015 1016 1016 1008 1008 1018 1018 1014 1014 1008 1008 1019 1019 1018 1018 1008 1008 1017 1017 1019 1019 1008 1008 1020 1020 1021 1021 1022 1022 1021 1021 1023 1023 1022 1022 1024 1024 1025 1025 1026 1026 1027 1027 1025 1025 1024 1024 1028 1028 1029 1029 1030 1030 1031 1031 1029 1029 1028 1028 1032 1032 1033 1033 1034 1034 1035 1035 1032 1032 1034 1034 1036 1036 1037 1037 1038 1038 1037 1037 1039 1039 1038 1038 1040 1040 1041 1041 1042 1042 1043 1043 1041 1041 1040 1040 1044 1044 1045 1045 1046 1046 1047 1047 1045 1045 1044 1044 1048 1048 1049 1049 1050 1050 1051 1051 1048 1048 1050 1050 1052 1052 1053 1053 1054 1054 1053 1053 1055 1055 1054 1054 1056 1056 1057 1057 1058 1058 1059 1059 1057 1057 1056 1056 1060 1060 1061 1061 1062 1062 1063 1063 1061 1061 1060 1060 1064 1064 1065 1065 1066 1066 1067 1067 1064 1064 1066 1066 1068 1068 1069 1069 1070 1070 1069 1069 1071 1071 1070 1070 1072 1072 1073 1073 1074 1074 1075 1075 1073 1073 1072 1072 1076 1076 1077 1077 1078 1078 1079 1079 1077 1077 1076 1076 1080 1080 1081 1081 1082 1082 1083 1083 1080 1080 1082 1082 1084 1084 1085 1085 1086 1086 1085 1085 1087 1087 1086 1086 1088 1088 1089 1089 1090 1090 1091 1091 1089 1089 1088 1088 1092 1092 1093 1093 1094 1094 1095 1095 1093 1093 1092 1092 1096 1096 1097 1097 1098 1098 1099 1099 1096 1096 1098 1098 1100 1100 1101 1101 1102 1102 1101 1101 1103 1103 1102 1102 1104 1104 1105 1105 1106 1106 1105 1105 1107 1107 1106 1106 1108 1108 1109 1109 1110 1110 1111 1111 1108 1108 1110 1110 1108 1108 1112 1112 1109 1109 1113 1113 1108 1108 1111 1111 1114 1114 1115 1115 1108 1108 1116 1116 1114 1114 1108 1108 1117 1117 1116 1116 1108 1108 1115 1115 1112 1112 1108 1108 1113 1113 1118 1118 1108 1108 1119 1119 1117 1117 1108 1108 1120 1120 1119 1119 1108 1108 1118 1118 1120 1120 1108 1108 1121 1121 1122 1122 1123 1123 1121 1121 1124 1124 1122 1122 1125 1125 1126 1126 1127 1127 1125 1125 1128 1128 1126 1126 1129 1129 1130 1130 1131 1131 1130 1130 1132 1132 1131 1131 1133 1133 1130 1130 1129 1129 1130 1130 1134 1134 1132 1132 1133 1133 1135 1135 1130 1130 1136 1136 1137 1137 1130 1130 1138 1138 1136 1136 1130 1130 1135 1135 1138 1138 1130 1130 1139 1139 1140 1140 1130 1130 1141 1141 1139 1139 1130 1130 1137 1137 1141 1141 1130 1130 1140 1140 1134 1134 1130 1130 1142 1142 1143 1143 1144 1144 1143 1143 1145 1145 1144 1144 1146 1146 1147 1147 1148 1148 1147 1147 1149 1149 1148 1148 1150 1150 1151 1151 1152 1152 1150 1150 1153 1153 1151 1151 1154 1154 1155 1155 1156 1156 1154 1154 1157 1157 1155 1155 1158 1158 1159 1159 1160 1160 1159 1159 1161 1161 1160 1160 1162 1162 1163 1163 1164 1164 1163 1163 1165 1165 1164 1164 1166 1166 1167 1167 1168 1168 1166 1166 1169 1169 1167 1167 1170 1170 1171 1171 1172 1172 1170 1170 1173 1173 1171 1171 1174 1174 1175 1175 1176 1176 1175 1175 1177 1177 1176 1176 1178 1178 1179 1179 1180 1180 1179 1179 1181 1181 1180 1180 1182 1182 1183 1183 1184 1184 1182 1182 1185 1185 1183 1183 1186 1186 1187 1187 1188 1188 1186 1186 1189 1189 1187 1187 1190 1190 1191 1191 1192 1192 1191 1191 1193 1193 1192 1192 1194 1194 1195 1195 1196 1196 1195 1195 1197 1197 1196 1196 1198 1198 1199 1199 1200 1200 1198 1198 1201 1201 1199 1199 1202 1202 1203 1203 1204 1204 1202 1202 1205 1205 1203 1203 1206 1206 1207 1207 1208 1208 1207 1207 1209 1209 1208 1208 1210 1210 1211 1211 1212 1212 1211 1211 1213 1213 1212 1212 1214 1214 1215 1215 1216 1216 1214 1214 1217 1217 1215 1215 1218 1218 1219 1219 1220 1220 1218 1218 1221 1221 1219 1219 1222 1222 1223 1223 1224 1224 1223 1223 1225 1225 1224 1224 1226 1226 1227 1227 1228 1228 1229 1229 1226 1226 1228 1228 1227 1227 1230 1230 1228 1228 1231 1231 1226 1226 1229 1229 1232 1232 1231 1231 1229 1229 1233 1233 1234 1234 1235 1235 1234 1234 1236 1236 1229 1229 1236 1236 1232 1232 1229 1229 1237 1237 1238 1238 1230 1230 1238 1238 1239 1239 1230 1230 1239 1239 1240 1240 1230 1230 1227 1227 1241 1241 1230 1230 1241 1241 1237 1237 1230 1230 1242 1242 1234 1234 1233 1233 1243 1243 1244 1244 1233 1233 1244 1244 1245 1245 1233 1233 1245 1245 1242 1242 1233 1233 1246 1246 1247 1247 1240 1240 1247 1247 1248 1248 1240 1240 1248 1248 1249 1249 1240 1240 1239 1239 1250 1250 1240 1240 1250 1250 1246 1246 1240 1240 1251 1251 1252 1252 1243 1243 1252 1252 1253 1253 1243 1243 1253 1253 1244 1244 1243 1243 1254 1254 1255 1255 1249 1249 1248 1248 1256 1256 1249 1249 1256 1256 1254 1254 1249 1249 1257 1257 1258 1258 1251 1251 1258 1258 1259 1259 1251 1251 1259 1259 1252 1252 1251 1251 1260 1260 1261 1261 1255 1255 1254 1254 1262 1262 1255 1255 1262 1262 1260 1260 1255 1255 1263 1263 1264 1264 1257 1257 1264 1264 1258 1258 1257 1257 1265 1265 1266 1266 1257 1257 1266 1266 1267 1267 1257 1257 1267 1267 1263 1263 1257 1257 1268 1268 1269 1269 1261 1261 1269 1269 1270 1270 1261 1261 1270 1270 1271 1271 1261 1261 1260 1260 1272 1272 1261 1261 1272 1272 1268 1268 1261 1261 1273 1273 1274 1274 1265 1265 1274 1274 1266 1266 1265 1265 1275 1275 1276 1276 1265 1265 1276 1276 1277 1277 1265 1265 1277 1277 1273 1273 1265 1265 1278 1278 1275 1275 1271 1271 1279 1279 1278 1278 1271 1271 1270 1270 1280 1280 1271 1271 1280 1280 1279 1279 1271 1271 1278 1278 1276 1276 1275 1275 1281 1281 1282 1282 1283 1283 1284 1284 1281 1281 1283 1283 1285 1285 1284 1284 1283 1283 1286 1286 1287 1287 1282 1282 1281 1281 1286 1286 1282 1282 1288 1288 1284 1284 1285 1285 1289 1289 1288 1288 1285 1285 1290 1290 1291 1291 1287 1287 1286 1286 1290 1290 1287 1287 1292 1292 1288 1288 1289 1289 1293 1293 1292 1292 1289 1289 1294 1294 1291 1291 1290 1290 1294 1294 1295 1295 1291 1291 1296 1296 1292 1292 1293 1293 1297 1297 1298 1298 1294 1294 1298 1298 1295 1295 1294 1294 1296 1296 1299 1299 1292 1292 1300 1300 1299 1299 1296 1296 1301 1301 1302 1302 1297 1297 1302 1302 1298 1298 1297 1297 1300 1300 1303 1303 1299 1299 1304 1304 1305 1305 1301 1301 1305 1305 1302 1302 1301 1301 1300 1300 1306 1306 1303 1303 1306 1306 1304 1304 1303 1303 1306 1306 1305 1305 1304 1304 1307 1307 1308 1308 1309 1309 1310 1310 1307 1307 1309 1309 1311 1311 1310 1310 1309 1309 1312 1312 1313 1313 1308 1308 1313 1313 1314 1314 1308 1308 1307 1307 1315 1315 1308 1308 1315 1315 1312 1312 1308 1308 1316 1316 1310 1310 1311 1311 1317 1317 1318 1318 1311 1311 1318 1318 1319 1319 1311 1311 1319 1319 1316 1316 1311 1311 1320 1320 1321 1321 1314 1314 1321 1321 1322 1322 1314 1314 1322 1322 1323 1323 1314 1314 1313 1313 1324 1324 1314 1314 1324 1324 1320 1320 1314 1314 1325 1325 1326 1326 1317 1317 1326 1326 1318 1318 1317 1317 1327 1327 1325 1325 1317 1317 1328 1328 1327 1327 1317 1317 1329 1329 1330 1330 1323 1323 1322 1322 1331 1331 1323 1323 1331 1331 1329 1329 1323 1323 1332 1332 1327 1327 1328 1328 1333 1333 1332 1332 1328 1328 1334 1334 1333 1333 1328 1328 1335 1335 1336 1336 1330 1330 1337 1337 1335 1335 1330 1330 1329 1329 1338 1338 1330 1330 1338 1338 1337 1337 1330 1330 1339 1339 1333 1333 1334 1334 1340 1340 1341 1341 1334 1334 1341 1341 1342 1342 1334 1334 1342 1342 1339 1339 1334 1334 1343 1343 1344 1344 1336 1336 1344 1344 1345 1345 1336 1336 1345 1345 1346 1346 1336 1336 1335 1335 1343 1343 1336 1336 1347 1347 1348 1348 1340 1340 1348 1348 1341 1341 1340 1340 1349 1349 1350 1350 1340 1340 1350 1350 1351 1351 1340 1340 1351 1351 1347 1347 1340 1340 1352 1352 1353 1353 1346 1346 1354 1354 1352 1352 1346 1346 1345 1345 1355 1355 1346 1346 1355 1355 1354 1354 1346 1346 1356 1356 1350 1350 1349 1349 1353 1353 1357 1357 1349 1349 1357 1357 1358 1358 1349 1349 1358 1358 1356 1356 1349 1349 1352 1352 1357 1357 1353 1353 1359 1359 1360 1360 1361 1361 1362 1362 1359 1359 1361 1361 1363 1363 1362 1362 1361 1361 1364 1364 1362 1362 1363 1363 1365 1365 1364 1364 1363 1363 1366 1366 1367 1367 1360 1360 1359 1359 1366 1366 1360 1360 1368 1368 1364 1364 1365 1365 1369 1369 1368 1368 1365 1365 1370 1370 1371 1371 1367 1367 1366 1366 1370 1370 1367 1367 1372 1372 1371 1371 1370 1370 1373 1373 1368 1368 1369 1369 1372 1372 1374 1374 1371 1371 1373 1373 1375 1375 1368 1368 1376 1376 1377 1377 1372 1372 1377 1377 1374 1374 1372 1372 1378 1378 1375 1375 1373 1373 1378 1378 1379 1379 1375 1375 1380 1380 1381 1381 1376 1376 1381 1381 1377 1377 1376 1376 1378 1378 1382 1382 1379 1379 1382 1382 1383 1383 1379 1379 1383 1383 1384 1384 1380 1380 1384 1384 1381 1381 1380 1380 1382 1382 1384 1384 1383 1383 1385 1385 1386 1386 1387 1387 1388 1388 1385 1385 1387 1387 1389 1389 1388 1388 1387 1387 1390 1390 1391 1391 1387 1387 1392 1392 1390 1390 1387 1387 1386 1386 1392 1392 1387 1387 1393 1393 1394 1394 1387 1387 1395 1395 1393 1393 1387 1387 1391 1391 1395 1395 1387 1387 1396 1396 1389 1389 1387 1387 1397 1397 1396 1396 1387 1387 1394 1394 1397 1397 1387 1387 1398 1398 1399 1399 1400 1400 1399 1399 1401 1401 1400 1400 1402 1402 1403 1403 1404 1404 1402 1402 1405 1405 1403 1403 1406 1406 1407 1407 1408 1408 1406 1406 1409 1409 1407 1407 1410 1410 1411 1411 1412 1412 1411 1411 1413 1413 1412 1412 1414 1414 1415 1415 1416 1416 1414 1414 1417 1417 1415 1415 1418 1418 1419 1419 1420 1420 1419 1419 1421 1421 1420 1420 1422 1422 1423 1423 1424 1424 1422 1422 1425 1425 1423 1423 1426 1426 1427 1427 1428 1428 1427 1427 1429 1429 1428 1428 1430 1430 1431 1431 1432 1432 1430 1430 1433 1433 1431 1431 1434 1434 1435 1435 1436 1436 1435 1435 1437 1437 1436 1436 1438 1438 1439 1439 1440 1440 1438 1438 1441 1441 1439 1439 1442 1442 1443 1443 1444 1444 1443 1443 1445 1445 1444 1444 1446 1446 1447 1447 1448 1448 1449 1449 1450 1450 1448 1448 1450 1450 1451 1451 1448 1448 1451 1451 1446 1446 1448 1448 1452 1452 1453 1453 1449 1449 1453 1453 1454 1454 1449 1449 1454 1454 1450 1450 1449 1449 1455 1455 1456 1456 1447 1447 1456 1456 1457 1457 1447 1447 1457 1457 1458 1458 1447 1447 1446 1446 1459 1459 1447 1447 1459 1459 1455 1455 1447 1447 1460 1460 1461 1461 1452 1452 1461 1461 1453 1453 1452 1452 1462 1462 1463 1463 1452 1452 1463 1463 1464 1464 1452 1452 1464 1464 1460 1460 1452 1452 1465 1465 1466 1466 1458 1458 1467 1467 1465 1465 1458 1458 1457 1457 1468 1468 1458 1458 1468 1468 1467 1467 1458 1458 1469 1469 1463 1463 1462 1462 1470 1470 1471 1471 1462 1462 1471 1471 1472 1472 1462 1462 1472 1472 1469 1469 1462 1462 1465 1465 1473 1473 1466 1466 1473 1473 1474 1474 1466 1466 1475 1475 1471 1471 1470 1470 1476 1476 1475 1475 1470 1470 1477 1477 1478 1478 1474 1474 1478 1478 1479 1479 1474 1474 1473 1473 1480 1480 1474 1474 1480 1480 1477 1477 1474 1474 1481 1481 1475 1475 1476 1476 1482 1482 1481 1481 1476 1476 1483 1483 1482 1482 1476 1476 1484 1484 1483 1483 1476 1476 1485 1485 1486 1486 1479 1479 1486 1486 1487 1487 1479 1479 1487 1487 1488 1488 1479 1479 1488 1488 1489 1489 1479 1479 1478 1478 1490 1490 1479 1479 1490 1490 1485 1485 1479 1479 1491 1491 1483 1483 1484 1484 1492 1492 1493 1493 1484 1484 1493 1493 1494 1494 1484 1484 1494 1494 1491 1491 1484 1484 1495 1495 1492 1492 1489 1489 1488 1488 1496 1496 1489 1489 1496 1496 1495 1495 1489 1489 1495 1495 1497 1497 1492 1492 1497 1497 1493 1493 1492 1492 1498 1498 1499 1499 1500 1500 1501 1501 1498 1498 1500 1500 1502 1502 1501 1501 1500 1500 1498 1498 1503 1503 1499 1499 1504 1504 1501 1501 1502 1502 1505 1505 1504 1504 1502 1502 1506 1506 1507 1507 1503 1503 1498 1498 1506 1506 1503 1503 1508 1508 1507 1507 1506 1506 1509 1509 1504 1504 1505 1505 1510 1510 1509 1509 1505 1505 1508 1508 1511 1511 1507 1507 1512 1512 1511 1511 1508 1508 1513 1513 1509 1509 1510 1510 1514 1514 1513 1513 1510 1510 1515 1515 1516 1516 1512 1512 1516 1516 1511 1511 1512 1512 1514 1514 1517 1517 1513 1513 1518 1518 1519 1519 1515 1515 1519 1519 1516 1516 1515 1515 1520 1520 1517 1517 1514 1514 1520 1520 1521 1521 1517 1517 1521 1521 1522 1522 1518 1518 1522 1522 1519 1519 1518 1518 1520 1520 1523 1523 1521 1521 1523 1523 1522 1522 1521 1521 1524 1524 1525 1525 1526 1526 1524 1524 1527 1527 1525 1525 1528 1528 1529 1529 1530 1530 1531 1531 1528 1528 1530 1530 1531 1531 1532 1532 1528 1528 1533 1533 1534 1534 1535 1535 1536 1536 1533 1533 1535 1535 1537 1537 1534 1534 1533 1533 1538 1538 1539 1539 1540 1540 1538 1538 1541 1541 1539 1539 1542 1542 1543 1543 1544 1544 1545 1545 206 206 1546 1546 206 206 205 205 1546 1546 205 205 1547 1547 1546 1546 1545 1545 1548 1548 206 206 205 205 211 211 1547 1547 211 211 1549 1549 1547 1547 1550 1550 1551 1551 1545 1545 1550 1550 1552 1552 1551 1551 211 211 215 215 1549 1549 215 215 1553 1553 1549 1549 1554 1554 1555 1555 1550 1550 1554 1554 1556 1556 1555 1555 215 215 219 219 1553 1553 219 219 1557 1557 1553 1553 1558 1558 1559 1559 1554 1554 1558 1558 1560 1560 1559 1559 219 219 223 223 1561 1561 223 223 1562 1562 1561 1561 1563 1563 1564 1564 1558 1558 1563 1563 1565 1565 1564 1564 223 223 227 227 1566 1566 227 227 1567 1567 1566 1566 1568 1568 1569 1569 1563 1563 1568 1568 1570 1570 1569 1569 227 227 231 231 1571 1571 231 231 1572 1572 1571 1571 1573 1573 1574 1574 1568 1568 1573 1573 1575 1575 1574 1574 231 231 235 235 1572 1572 235 235 1576 1576 1572 1572 1577 1577 1578 1578 1573 1573 1577 1577 1579 1579 1578 1578 235 235 239 239 1576 1576 239 239 1580 1580 1576 1576 1581 1581 1582 1582 1577 1577 1581 1581 1583 1583 1582 1582 239 239 243 243 1580 1580 243 243 1584 1584 1580 1580 1585 1585 1586 1586 1581 1581 1585 1585 1587 1587 1586 1586 243 243 1588 1588 1584 1584 1588 1588 1589 1589 1584 1584 1590 1590 1591 1591 1585 1585 1590 1590 1592 1592 1591 1591 1593 1593 251 251 1589 1589 251 251 1594 1594 1589 1589 1595 1595 1596 1596 1590 1590 1595 1595 1597 1597 1596 1596 251 251 1598 1598 1594 1594 1598 1598 1599 1599 1594 1594 1600 1600 1601 1601 1595 1595 1600 1600 1602 1602 1601 1601 1603 1603 259 259 1599 1599 259 259 1604 1604 1599 1599 1605 1605 1606 1606 1600 1600 1605 1605 1607 1607 1606 1606 259 259 1608 1608 1604 1604 1609 1609 1610 1610 1604 1604 1611 1611 1612 1612 1605 1605 1611 1611 264 264 1612 1612 1609 1609 267 267 1610 1610 267 267 1613 1613 1610 1610 1614 1614 264 264 1611 1611 1614 1614 268 268 264 264 267 267 271 271 1615 1615 271 271 1616 1616 1615 1615 1617 1617 268 268 1614 1614 1617 1617 272 272 268 268 271 271 275 275 1616 1616 275 275 1618 1618 1616 1616 1619 1619 272 272 1617 1617 1619 1619 276 276 272 272 275 275 279 279 1620 1620 279 279 1621 1621 1620 1620 1621 1621 276 276 1619 1619 1621 1621 279 279 276 276 1622 1622 1623 1623 1624 1624 1625 1625 1626 1626 1624 1624 1627 1627 1625 1625 1624 1624 1623 1623 1627 1627 1624 1624 1628 1628 1622 1622 1624 1624 1629 1629 1628 1628 1624 1624 1630 1630 1628 1628 1629 1629 1625 1625 1631 1631 1626 1626 1632 1632 1628 1628 1630 1630 1625 1625 1633 1633 1631 1631 1634 1634 1628 1628 1632 1632 1625 1625 1635 1635 1633 1633 1636 1636 1628 1628 1634 1634 1625 1625 1637 1637 1635 1635 1638 1638 1628 1628 1636 1636 1625 1625 1639 1639 1637 1637 1640 1640 1628 1628 1638 1638 1625 1625 1641 1641 1639 1639 1642 1642 1628 1628 1640 1640 1625 1625 1643 1643 1641 1641 1644 1644 1645 1645 1642 1642 1646 1646 1628 1628 1642 1642 1645 1645 1646 1646 1642 1642 1625 1625 1647 1647 1643 1643 1648 1648 1645 1645 1644 1644 1625 1625 1649 1649 1647 1647 1625 1625 1650 1650 1649 1649 1650 1650 1651 1651 1649 1649 1651 1651 1652 1652 1649 1649 1652 1652 1653 1653 1649 1649 1653 1653 1654 1654 1649 1649 1654 1654 1655 1655 1649 1649 1654 1654 1656 1656 1655 1655 1654 1654 1657 1657 1656 1656 1654 1654 1658 1658 1657 1657 1654 1654 1659 1659 1658 1658 1660 1660 1661 1661 1662 1662 1663 1663 1660 1660 1662 1662 1660 1660 1664 1664 1661 1661 1665 1665 1660 1660 1663 1663 1660 1660 1666 1666 1664 1664 1660 1660 1667 1667 1666 1666 1660 1660 1668 1668 1667 1667 1660 1660 1669 1669 1668 1668 1660 1660 1670 1670 1669 1669 1660 1660 1671 1671 1670 1670 1672 1672 1673 1673 1671 1671 1674 1674 1672 1672 1671 1671 1660 1660 1674 1674 1671 1671 1675 1675 1660 1660 1665 1665 1676 1676 1660 1660 1675 1675 1677 1677 1676 1676 1675 1675 1678 1678 1677 1677 1675 1675 1679 1679 1680 1680 1675 1675 1681 1681 1680 1680 1679 1679 1680 1680 1678 1678 1675 1675 1682 1682 1683 1683 1679 1679 1683 1683 1681 1681 1679 1679 1684 1684 1685 1685 1679 1679 1685 1685 1686 1686 1679 1679 1686 1686 1682 1682 1679 1679 1687 1687 1688 1688 1679 1679 1688 1688 1689 1689 1679 1679 1689 1689 1684 1684 1679 1679 1690 1690 1691 1691 1687 1687 1691 1691 1692 1692 1687 1687 1692 1692 1693 1693 1687 1687 1693 1693 1694 1694 1687 1687 1694 1694 1688 1688 1687 1687 1695 1695 1691 1691 1690 1690 1696 1696 1697 1697 1695 1695 1697 1697 1691 1691 1695 1695 1698 1698 1699 1699 1700 1700 1701 1701 1699 1699 1698 1698 1702 1702 1703 1703 1704 1704 1703 1703 1705 1705 1704 1704 1706 1706 1707 1707 1708 1708 1709 1709 1706 1706 1708 1708 1710 1710 1706 1706 1709 1709 1711 1711 1710 1710 1709 1709 1712 1712 1713 1713 1707 1707 1706 1706 1712 1712 1707 1707 1714 1714 1710 1710 1711 1711 1715 1715 1714 1714 1711 1711 1716 1716 1713 1713 1712 1712 1716 1716 1717 1717 1713 1713 1718 1718 1714 1714 1715 1715 1719 1719 1718 1718 1715 1715 1720 1720 1717 1717 1716 1716 1720 1720 1721 1721 1717 1717 1722 1722 1721 1721 1720 1720 1719 1719 1723 1723 1718 1718 1724 1724 1723 1723 1719 1719 1725 1725 1726 1726 1722 1722 1726 1726 1721 1721 1722 1722 1724 1724 1727 1727 1723 1723 1728 1728 1727 1727 1724 1724 1729 1729 1730 1730 1725 1725 1730 1730 1726 1726 1725 1725 1728 1728 1729 1729 1727 1727 1728 1728 1731 1731 1729 1729 1731 1731 1730 1730 1729 1729 1732 1732 1733 1733 1734 1734 1733 1733 1735 1735 1734 1734 1736 1736 1737 1737 1738 1738 1739 1739 1737 1737 1736 1736 1740 1740 1741 1741 1742 1742 1741 1741 1743 1743 1742 1742 1744 1744 1745 1745 1746 1746 1745 1745 1747 1747 1746 1746 1748 1748 1749 1749 1750 1750 1748 1748 1751 1751 1749 1749 1752 1752 1753 1753 1754 1754 1752 1752 1755 1755 1753 1753 1756 1756 1757 1757 1758 1758 1757 1757 1759 1759 1758 1758 1760 1760 1761 1761 1762 1762 1763 1763 1761 1761 1760 1760 1764 1764 1765 1765 1766 1766 1765 1765 1767 1767 1766 1766 1768 1768 1769 1769 1770 1770 1768 1768 1771 1771 1769 1769 1772 1772 1773 1773 1774 1774 1773 1773 1775 1775 1774 1774 1776 1776 1777 1777 1778 1778 1779 1779 1777 1777 1776 1776 1780 1780 1781 1781 1782 1782 1780 1780 1783 1783 1781 1781 1784 1784 1785 1785 1786 1786 1785 1785 1787 1787 1786 1786 1788 1788 1789 1789 1790 1790 1789 1789 1791 1791 1790 1790 1792 1792 1793 1793 1794 1794 1792 1792 1795 1795 1793 1793 1796 1796 1797 1797 1798 1798 1797 1797 1799 1799 1798 1798 1800 1800 1801 1801 1802 1802 1803 1803 1801 1801 1800 1800 1804 1804 1805 1805 1806 1806 1805 1805 1807 1807 1806 1806 1808 1808 1809 1809 1810 1810 1808 1808 1811 1811 1809 1809 1812 1812 1813 1813 1814 1814 1813 1813 1815 1815 1814 1814 1816 1816 1817 1817 1818 1818 1819 1819 1820 1820 1821 1821 1820 1820 1822 1822 1818 1818 1822 1822 1823 1823 1818 1818 1823 1823 1816 1816 1818 1818 1820 1820 1824 1824 1822 1822 1824 1824 1825 1825 1822 1822 1826 1826 1823 1823 1822 1822 1819 1819 1827 1827 1820 1820 1827 1827 1828 1828 1820 1820 1828 1828 1824 1824 1820 1820 1829 1829 1830 1830 1823 1823 1830 1830 1816 1816 1823 1823 1826 1826 1831 1831 1823 1823 1831 1831 1829 1829 1823 1823 1830 1830 1832 1832 1816 1816 1832 1832 1817 1817 1816 1816 1833 1833 1834 1834 1830 1830 1834 1834 1835 1835 1830 1830 1829 1829 1833 1833 1830 1830 1836 1836 1833 1833 1829 1829 1831 1831 1837 1837 1829 1829 1837 1837 1836 1836 1829 1829 1827 1827 1838 1838 1828 1828 1838 1838 1839 1839 1828 1828 1839 1839 1824 1824 1828 1828 1839 1839 1840 1840 1824 1824 1840 1840 1825 1825 1824 1824 1841 1841 1827 1827 1819 1819 1842 1842 1843 1843 1817 1817 1832 1832 1842 1842 1817 1817 1840 1840 1844 1844 1825 1825 1844 1844 1845 1845 1825 1825 1846 1846 1831 1831 1826 1826 1838 1838 1847 1847 1839 1839 1847 1847 1848 1848 1839 1839 1848 1848 1840 1840 1839 1839 1827 1827 1849 1849 1838 1838 1849 1849 1850 1850 1838 1838 1850 1850 1847 1847 1838 1838 1851 1851 1837 1837 1852 1852 1846 1846 1853 1853 1831 1831 1854 1854 1851 1851 1852 1852 1855 1855 1842 1842 1835 1835 1834 1834 1855 1855 1835 1835 1856 1856 1849 1849 1827 1827 1857 1857 1856 1856 1827 1827 1841 1841 1857 1857 1827 1827 1848 1848 1858 1858 1840 1840 1858 1858 1844 1844 1840 1840 1837 1837 1851 1851 1836 1836 1859 1859 1833 1833 1836 1836 1851 1851 1859 1859 1836 1836 1859 1859 1834 1834 1833 1833 1854 1854 1860 1860 1851 1851 1860 1860 1859 1859 1851 1851 1859 1859 1861 1861 1834 1834 1861 1861 1862 1862 1834 1834 1862 1862 1863 1863 1834 1834 1863 1863 1855 1855 1834 1834 1864 1864 1865 1865 1850 1850 1849 1849 1864 1864 1850 1850 1865 1865 1847 1847 1850 1850 1865 1865 1866 1866 1847 1847 1866 1866 1867 1867 1847 1847 1867 1867 1868 1868 1847 1847 1868 1868 1848 1848 1847 1847 1863 1863 1842 1842 1855 1855 1869 1869 1857 1857 1841 1841 1870 1870 1871 1871 1843 1843 1842 1842 1870 1870 1843 1843 1844 1844 1872 1872 1845 1845 1872 1872 1873 1873 1845 1845 1874 1874 1853 1853 1846 1846 1875 1875 1860 1860 1876 1876 1877 1877 1875 1875 1876 1876 1874 1874 1878 1878 1853 1853 1879 1879 1877 1877 1876 1876 1880 1880 1870 1870 1842 1842 1863 1863 1880 1880 1842 1842 1868 1868 1881 1881 1848 1848 1881 1881 1858 1858 1848 1848 1882 1882 1864 1864 1849 1849 1856 1856 1882 1882 1849 1849 1881 1881 1883 1883 1858 1858 1883 1883 1884 1884 1858 1858 1884 1884 1885 1885 1858 1858 1885 1885 1844 1844 1858 1858 1886 1886 1882 1882 1856 1856 1887 1887 1888 1888 1856 1856 1888 1888 1889 1889 1856 1856 1889 1889 1886 1886 1856 1856 1857 1857 1887 1887 1856 1856 1890 1890 1887 1887 1857 1857 1891 1891 1890 1890 1857 1857 1869 1869 1891 1891 1857 1857 1885 1885 1892 1892 1844 1844 1892 1892 1872 1872 1844 1844 1862 1862 1893 1893 1863 1863 1893 1893 1894 1894 1863 1863 1894 1894 1880 1880 1863 1863 1875 1875 1859 1859 1860 1860 1877 1877 1859 1859 1875 1875 1895 1895 1870 1870 1880 1880 1894 1894 1895 1895 1880 1880 1890 1890 1896 1896 1887 1887 1896 1896 1888 1888 1887 1887 1884 1884 1897 1897 1885 1885 1897 1897 1892 1892 1885 1885 1898 1898 1870 1870 1895 1895 1894 1894 1898 1898 1895 1895 1874 1874 1899 1899 1878 1878 1899 1899 1900 1900 1878 1878 1900 1900 1901 1901 1879 1879 1901 1901 1877 1877 1879 1879 1902 1902 1871 1871 1903 1903 1904 1904 1905 1905 1870 1870 1898 1898 1904 1904 1870 1870 1906 1906 1891 1891 1869 1869 1902 1902 1907 1907 1871 1871 1872 1872 1908 1908 1873 1873 1908 1908 1909 1909 1873 1873 1894 1894 1904 1904 1898 1898 1901 1901 1859 1859 1877 1877 1910 1910 1911 1911 1892 1892 1911 1911 1912 1912 1892 1892 1912 1912 1913 1913 1892 1892 1897 1897 1914 1914 1892 1892 1914 1914 1910 1910 1892 1892 1913 1913 1872 1872 1892 1892 1915 1915 1916 1916 1890 1890 1916 1916 1917 1917 1890 1890 1917 1917 1918 1918 1890 1890 1918 1918 1919 1919 1890 1890 1919 1919 1920 1920 1890 1890 1920 1920 1921 1921 1890 1890 1921 1921 1896 1896 1890 1890 1891 1891 1915 1915 1890 1890 1922 1922 1915 1915 1891 1891 1923 1923 1922 1922 1891 1891 1906 1906 1923 1923 1891 1891 1913 1913 1924 1924 1872 1872 1924 1924 1908 1908 1872 1872 1912 1912 1925 1925 1913 1913 1925 1925 1924 1924 1913 1913 1922 1922 1926 1926 1915 1915 1926 1926 1927 1927 1915 1915 1900 1900 1928 1928 1901 1901 1928 1928 1859 1859 1901 1901 1904 1904 1929 1929 1905 1905 1929 1929 1930 1930 1905 1905 1930 1930 1931 1931 1902 1902 1931 1931 1907 1907 1902 1902 1932 1932 1928 1928 1900 1900 1933 1933 1932 1932 1900 1900 1899 1899 1933 1933 1900 1900 1932 1932 1934 1934 1928 1928 1934 1934 1859 1859 1928 1928 1935 1935 1929 1929 1904 1904 1894 1894 1935 1935 1904 1904 1936 1936 1923 1923 1906 1906 1937 1937 1936 1936 1906 1906 1931 1931 1937 1937 1907 1907 1938 1938 1933 1933 1899 1899 1939 1939 1940 1940 1909 1909 1908 1908 1939 1939 1909 1909 1935 1935 1930 1930 1929 1929 1941 1941 1922 1922 1923 1923 1942 1942 1941 1941 1923 1923 1936 1936 1942 1942 1923 1923 1924 1924 1943 1943 1908 1908 1944 1944 1939 1939 1908 1908 1943 1943 1945 1945 1908 1908 1945 1945 1946 1946 1908 1908 1946 1946 1944 1944 1908 1908 1925 1925 1947 1947 1924 1924 1947 1947 1943 1943 1924 1924 1941 1941 1948 1948 1922 1922 1948 1948 1949 1949 1922 1922 1949 1949 1950 1950 1922 1922 1950 1950 1951 1951 1922 1922 1951 1951 1926 1926 1922 1922 1952 1952 1953 1953 1941 1941 1953 1953 1954 1954 1941 1941 1942 1942 1952 1952 1941 1941 1947 1947 1955 1955 1943 1943 1955 1955 1945 1945 1943 1943 1956 1956 1930 1930 1935 1935 1894 1894 1956 1956 1935 1935 1932 1932 1957 1957 1934 1934 1958 1958 1959 1959 1934 1934 1959 1959 1859 1859 1934 1934 1933 1933 1957 1957 1932 1932 1956 1956 1960 1960 1930 1930 1960 1960 1931 1931 1930 1930 1961 1961 1937 1937 1931 1931 1962 1962 1961 1961 1931 1931 1960 1960 1962 1962 1931 1931 1938 1938 1963 1963 1933 1933 1963 1963 1957 1957 1933 1933 1939 1939 1964 1964 1940 1940 1965 1965 1936 1936 1937 1937 1966 1966 1965 1965 1937 1937 1944 1944 1967 1967 1939 1939 1967 1967 1964 1964 1939 1939 1946 1946 1968 1968 1944 1944 1969 1969 1942 1942 1936 1936 1965 1965 1969 1969 1936 1936 1970 1970 1952 1952 1942 1942 1969 1969 1970 1970 1942 1942 1945 1945 1971 1971 1946 1946 1971 1971 1968 1968 1946 1946 1972 1972 1953 1953 1952 1952 1973 1973 1972 1972 1952 1952 1974 1974 1973 1973 1952 1952 1970 1970 1974 1974 1952 1952 1955 1955 1975 1975 1945 1945 1975 1975 1971 1971 1945 1945 1976 1976 1977 1977 1978 1978 1977 1977 1979 1979 1978 1978 1979 1979 1980 1980 1978 1978 1981 1981 1980 1980 1979 1979 1982 1982 1981 1981 1979 1979 1983 1983 1984 1984 1977 1977 1984 1984 1985 1985 1977 1977 1985 1985 1986 1986 1977 1977 1986 1986 1987 1987 1977 1977 1987 1987 1988 1988 1977 1977 1988 1988 1989 1989 1977 1977 1989 1989 1990 1990 1977 1977 1976 1976 1983 1983 1977 1977 1991 1991 1992 1992 1993 1993 1994 1994 1991 1991 1993 1993 1992 1992 1995 1995 1993 1993 1995 1995 1996 1996 1993 1993 1996 1996 1997 1997 1976 1976 1998 1998 1994 1994 1993 1993 1997 1997 1983 1983 1976 1976 1999 1999 1994 1994 1998 1998 1982 1982 2000 2000 1981 1981 2001 2001 2002 2002 1982 1982 2002 2002 2003 2003 1982 1982 2004 2004 2005 2005 1982 1982 2005 2005 2006 2006 1982 1982 2006 2006 2001 2001 1982 1982 2003 2003 2000 2000 1982 1982 2007 2007 2008 2008 2000 2000 2008 2008 2009 2009 2000 2000 2009 2009 2010 2010 2000 2000 2003 2003 2007 2007 2000 2000 2011 2011 1994 1994 1999 1999 2012 2012 2011 2011 1999 1999 2013 2013 2014 2014 1865 1865 1864 1864 2015 2015 1865 1865 2014 2014 2016 2016 1865 1865 2016 2016 1866 1866 1865 1865 2016 2016 1867 1867 1866 1866 2016 2016 2017 2017 1867 1867 2017 2017 1868 1868 1867 1867 2017 2017 1881 1881 1868 1868 1882 1882 2015 2015 1864 1864 2017 2017 2018 2018 1881 1881 2018 2018 1883 1883 1881 1881 2018 2018 1884 1884 1883 1883 2019 2019 2015 2015 1882 1882 1886 1886 2019 2019 1882 1882 1889 1889 2019 2019 1886 1886 2018 2018 1897 1897 1884 1884 2020 2020 2019 2019 1889 1889 1888 1888 2020 2020 1889 1889 2021 2021 1984 1984 1983 1983 1997 1997 2021 2021 1983 1983 1996 1996 2021 2021 1997 1997 2022 2022 2023 2023 1984 1984 2023 2023 1985 1985 1984 1984 1995 1995 2024 2024 1996 1996 2024 2024 2021 2021 1996 1996 2023 2023 1986 1986 1985 1985 1992 1992 2024 2024 1995 1995 2025 2025 1914 1914 1897 1897 2018 2018 2025 2025 1897 1897 2026 2026 2020 2020 1888 1888 1896 1896 2026 2026 1888 1888 2027 2027 2028 2028 2029 2029 2030 2030 2027 2027 2029 2029 2031 2031 2030 2030 2029 2029 1991 1991 2032 2032 1992 1992 2033 2033 2024 2024 1992 1992 2034 2034 1987 1987 1986 1986 2023 2023 2034 2034 1986 1986 2035 2035 2036 2036 2028 2028 2027 2027 2035 2035 2028 2028 2034 2034 1988 1988 1987 1987 2037 2037 2030 2030 2031 2031 2038 2038 2037 2037 2031 2031 1921 1921 2026 2026 1896 1896 2039 2039 1988 1988 2034 2034 2040 2040 2041 2041 2036 2036 2035 2035 2040 2040 2036 2036 1994 1994 2032 2032 1991 1991 2042 2042 1910 1910 1914 1914 2025 2025 2042 2042 1914 1914 1920 1920 2026 2026 1921 1921 2043 2043 2026 2026 1920 1920 1919 1919 2043 2043 1920 1920 2042 2042 1911 1911 1910 1910 2011 2011 2044 2044 1994 1994 2044 2044 2032 2032 1994 1994 2039 2039 1989 1989 1988 1988 2014 2014 2045 2045 2016 2016 2046 2046 2017 2017 2016 2016 2013 2013 2047 2047 2014 2014 2047 2047 2045 2045 2014 2014 2048 2048 1990 1990 1989 1989 2039 2039 2048 2048 1989 1989 2049 2049 2037 2037 2038 2038 2050 2050 2049 2049 2038 2038 1918 1918 2043 2043 1919 1919 2051 2051 2018 2018 2017 2017 2046 2046 2051 2051 2017 2017 2052 2052 2053 2053 2015 2015 2019 2019 2052 2052 2015 2015 2053 2053 2054 2054 2015 2015 2054 2054 2055 2055 2015 2015 2056 2056 2048 2048 2039 2039 2057 2057 2058 2058 2041 2041 2040 2040 2057 2057 2041 2041 2059 2059 2060 2060 1990 1990 2061 2061 2059 2059 1990 1990 2060 2060 2062 2062 1990 1990 2062 2062 2063 2063 1990 1990 2063 2063 2064 2064 1990 1990 2064 2064 2065 2065 1990 1990 2065 2065 2066 2066 1990 1990 2066 2066 2067 2067 1990 1990 2048 2048 2061 2061 1990 1990 2012 2012 2068 2068 2011 2011 2068 2068 2044 2044 2011 2011 2056 2056 2061 2061 2048 2048 2069 2069 2025 2025 2018 2018 2051 2051 2069 2069 2018 2018 2070 2070 2052 2052 2019 2019 2020 2020 2070 2070 2019 2019 2054 2054 2071 2071 2055 2055 2071 2071 2046 2046 2055 2055 2071 2071 2051 2051 2046 2046 2072 2072 2043 2043 1918 1918 1917 1917 2072 2072 1918 1918 2073 2073 2074 2074 2012 2012 2075 2075 2076 2076 2012 2012 2076 2076 2077 2077 2012 2012 2077 2077 2073 2073 2012 2012 2074 2074 2068 2068 2012 2012 2074 2074 2044 2044 2068 2068 2078 2078 1912 1912 1911 1911 2042 2042 2078 2078 1911 1911 2079 2079 2044 2044 2074 2074 2073 2073 2079 2079 2074 2074 2080 2080 2008 2008 2007 2007 2003 2003 2080 2080 2007 2007 2081 2081 2080 2080 2003 2003 2002 2002 2081 2081 2003 2003 2001 2001 2082 2082 2002 2002 2083 2083 2081 2081 2002 2002 2056 2056 2059 2059 2061 2061 2054 2054 2084 2084 2071 2071 2084 2084 2082 2082 2071 2071 2082 2082 2051 2051 2071 2071 2053 2053 2085 2085 2054 2054 2085 2085 2084 2084 2054 2054 2086 2086 2049 2049 2050 2050 2087 2087 2086 2086 2050 2050 2056 2056 2060 2060 2059 2059 2088 2088 2089 2089 2075 2075 2089 2089 2076 2076 2075 2075 2009 2009 2090 2090 2010 2010 2090 2090 2091 2091 2010 2010 1927 1927 2092 2092 1917 1917 2093 2093 2042 2042 2025 2025 2069 2069 2093 2093 2025 2025 2094 2094 2070 2070 2020 2020 2026 2026 2094 2094 2020 2020 2080 2080 2095 2095 2008 2008 2095 2095 2009 2009 2008 2008 2096 2096 2058 2058 2057 2057 2006 2006 2082 2082 2001 2001 2095 2095 2090 2090 2009 2009 2005 2005 2082 2082 2006 2006 2085 2085 2095 2095 2080 2080 2081 2081 2085 2085 2080 2080 2097 2097 2085 2085 2081 2081 2083 2083 2097 2097 2081 2081 2082 2082 2069 2069 2051 2051 2095 2095 2085 2085 2053 2053 2098 2098 2095 2095 2053 2053 2052 2052 2098 2098 2053 2053 2099 2099 2100 2100 2004 2004 2101 2101 2102 2102 2004 2004 2102 2102 2103 2103 2004 2004 2103 2103 2099 2099 2004 2004 2100 2100 2104 2104 2004 2004 2104 2104 2105 2105 2004 2004 2105 2105 2106 2106 2004 2004 2106 2106 2107 2107 2004 2004 2107 2107 2108 2108 2004 2004 2108 2108 2109 2109 2004 2004 2109 2109 2110 2110 2004 2004 2110 2110 2005 2005 2004 2004 2111 2111 2091 2091 2090 2090 2095 2095 2111 2111 2090 2090 2112 2112 2082 2082 2005 2005 2110 2110 2112 2112 2005 2005 2113 2113 2060 2060 2056 2056 2096 2096 2114 2114 2058 2058 2115 2115 2116 2116 2091 2091 2116 2116 2117 2117 2091 2091 2117 2117 2118 2118 2091 2091 2118 2118 2119 2119 2091 2091 2119 2119 2120 2120 2091 2091 2120 2120 2121 2121 2091 2091 2111 2111 2115 2115 2091 2091 2095 2095 2098 2098 2111 2111 2098 2098 2115 2115 2111 2111 1926 1926 2092 2092 1927 1927 2112 2112 2069 2069 2082 2082 2120 2120 2122 2122 2121 2121 2122 2122 2123 2123 2121 2121 2123 2123 2124 2124 2121 2121 2125 2125 2126 2126 2088 2088 2126 2126 2089 2089 2088 2088 2109 2109 2112 2112 2110 2110 2098 2098 2116 2116 2115 2115 2127 2127 1925 1925 1912 1912 2078 2078 2127 2127 1912 1912 2112 2112 2093 2093 2069 2069 2128 2128 2098 2098 2052 2052 2070 2070 2128 2128 2052 2052 2129 2129 1947 1947 1925 1925 2127 2127 2129 2129 1925 1925 2130 2130 2094 2094 2026 2026 2043 2043 2130 2130 2026 2026 2131 2131 2078 2078 2042 2042 2093 2093 2131 2131 2042 2042 1951 1951 2092 2092 1926 1926 2077 2077 2079 2079 2073 2073 2132 2132 2079 2079 2077 2077 2076 2076 2132 2132 2077 2077 2133 2133 2114 2114 2096 2096 2128 2128 2116 2116 2098 2098 2109 2109 2134 2134 2112 2112 2134 2134 2093 2093 2112 2112 2113 2113 2062 2062 2060 2060 2135 2135 2092 2092 1951 1951 1950 1950 2135 2135 1951 1951 2136 2136 2086 2086 2137 2137 2138 2138 2136 2136 2137 2137 2128 2128 2117 2117 2116 2116 2134 2134 2131 2131 2093 2093 2139 2139 2128 2128 2070 2070 2094 2094 2139 2139 2070 2070 2108 2108 2134 2134 2109 2109 2113 2113 2063 2063 2062 2062 2107 2107 2134 2134 2108 2108 2128 2128 2118 2118 2117 2117 2140 2140 2063 2063 2113 2113 2133 2133 2141 2141 2114 2114 2142 2142 2130 2130 2043 2043 2072 2072 2142 2142 2043 2043 2143 2143 2127 2127 2078 2078 2131 2131 2143 2143 2078 2078 1949 1949 2135 2135 1950 1950 2139 2139 2118 2118 2128 2128 2107 2107 2144 2144 2134 2134 2144 2144 2131 2131 2134 2134 2129 2129 1955 1955 1947 1947 1954 1954 2135 2135 1949 1949 2139 2139 2119 2119 2118 2118 2145 2145 2139 2139 2094 2094 2130 2130 2145 2145 2094 2094 2144 2144 2143 2143 2131 2131 2146 2146 2141 2141 2133 2133 2139 2139 2120 2120 2119 2119 2106 2106 2144 2144 2107 2107 2147 2147 2132 2132 2076 2076 2089 2089 2147 2147 2076 2076 1953 1953 2148 2148 1954 1954 2148 2148 2135 2135 1954 1954 2105 2105 2144 2144 2106 2106 2139 2139 2122 2122 2120 2120 2140 2140 2064 2064 2063 2063 2149 2149 2136 2136 2138 2138 2150 2150 2149 2149 2138 2138 2151 2151 2144 2144 2105 2105 2104 2104 2151 2151 2105 2105 2145 2145 2122 2122 2139 2139 2151 2151 2143 2143 2144 2144 2152 2152 2142 2142 2072 2072 2153 2153 2152 2152 2072 2072 2154 2154 2129 2129 2127 2127 2143 2143 2154 2154 2127 2127 2140 2140 2155 2155 2064 2064 2155 2155 2156 2156 2064 2064 2156 2156 2065 2065 2064 2064 1972 1972 2148 2148 1953 1953 2129 2129 2157 2157 1955 1955 2158 2158 1975 1975 1955 1955 2157 2157 2158 2158 1955 1955 2146 2146 2159 2159 2141 2141 2159 2159 2160 2160 2141 2141 2161 2161 2155 2155 2140 2140 2162 2162 2145 2145 2130 2130 2142 2142 2162 2162 2130 2130 2151 2151 2154 2154 2143 2143 2145 2145 2123 2123 2122 2122 2163 2163 2124 2124 2123 2123 2145 2145 2163 2163 2123 2123 2100 2100 2151 2151 2104 2104 2162 2162 2163 2163 2145 2145 2100 2100 2164 2164 2151 2151 2164 2164 2154 2154 2151 2151 2165 2165 2152 2152 2153 2153 2148 2148 2166 2166 2135 2135 2126 2126 2147 2147 2089 2089 2167 2167 2168 2168 2129 2129 2168 2168 2169 2169 2129 2129 2169 2169 2170 2170 2129 2129 2170 2170 2157 2157 2129 2129 2099 2099 2164 2164 2100 2100 2156 2156 2066 2066 2065 2065 2125 2125 2171 2171 2126 2126 2172 2172 2147 2147 2126 2126 2171 2171 2172 2172 2126 2126 2173 2173 2149 2149 2150 2150 2174 2174 2173 2173 2150 2150 2175 2175 2162 2162 2142 2142 2176 2176 2175 2175 2142 2142 2164 2164 2177 2177 2154 2154 2178 2178 2067 2067 2066 2066 2156 2156 2178 2178 2066 2066 2155 2155 2179 2179 2156 2156 2179 2179 2178 2178 2156 2156 2161 2161 2179 2179 2155 2155 2180 2180 2179 2179 2161 2161 2159 2159 2180 2180 2161 2161 2181 2181 2124 2124 2163 2163 2162 2162 2181 2181 2163 2163 2170 2170 2158 2158 2157 2157 1972 1972 2182 2182 2148 2148 2182 2182 2166 2166 2148 2148 2183 2183 2124 2124 2181 2181 2162 2162 2183 2183 2181 2181 2103 2103 2164 2164 2099 2099 2175 2175 2183 2183 2162 2162 2103 2103 2184 2184 2164 2164 2184 2184 2177 2177 2164 2164 2185 2185 2186 2186 2165 2165 2186 2186 2187 2187 2165 2165 2187 2187 2152 2152 2165 2165 2169 2169 2188 2188 2170 2170 2189 2189 2171 2171 2125 2125 2190 2190 2189 2189 2125 2125 2183 2183 2191 2191 2124 2124 2191 2191 2192 2192 2124 2124 2102 2102 2184 2184 2103 2103 2189 2189 2172 2172 2171 2171 2193 2193 2175 2175 2176 2176 2194 2194 2169 2169 2177 2177 2184 2184 2194 2194 2177 2177 2179 2179 2195 2195 2178 2178 2195 2195 2067 2067 2178 2178 2190 2190 2196 2196 2189 2189 2196 2196 2172 2172 2189 2189 2196 2196 2197 2197 2172 2172 2198 2198 2173 2173 2174 2174 2199 2199 2198 2198 2174 2174 2175 2175 2191 2191 2183 2183 2200 2200 2201 2201 2175 2175 2201 2201 2191 2191 2175 2175 2202 2202 2200 2200 2175 2175 2203 2203 2202 2202 2175 2175 2193 2193 2203 2203 2175 2175 2204 2204 2205 2205 2184 2184 2206 2206 2204 2204 2184 2184 2102 2102 2206 2206 2184 2184 2205 2205 2194 2194 2184 2184 2195 2195 2207 2207 2067 2067 2208 2208 2207 2207 2195 2195 2179 2179 2208 2208 2195 2195 2190 2190 2209 2209 2196 2196 2209 2209 2210 2210 2196 2196 2210 2210 2197 2197 2196 2196 2211 2211 2207 2207 2208 2208 2179 2179 2211 2211 2208 2208 2201 2201 2192 2192 2191 2191 2212 2212 2213 2213 2179 2179 2213 2213 2211 2211 2179 2179 2180 2180 2212 2212 2179 2179 2214 2214 2192 2192 2201 2201 2200 2200 2214 2214 2201 2201 2101 2101 2206 2206 2102 2102 2215 2215 1960 1960 1956 1956 1894 1894 2215 2215 1956 1956 1958 1958 2216 2216 1959 1959 2216 2216 2217 2217 1959 1959 2217 2217 1859 1859 1959 1959 2101 2101 2204 2204 2206 2206 2218 2218 2219 2219 2193 2193 2219 2219 2203 2203 2193 2193 2194 2194 2220 2220 2169 2169 2220 2220 2188 2188 2169 2169 2215 2215 2221 2221 1960 1960 2222 2222 1962 1962 1960 1960 2223 2223 2224 2224 1957 1957 1963 1963 2223 2223 1957 1957 2222 2222 1961 1961 1962 1962 2225 2225 2212 2212 2180 2180 2226 2226 2227 2227 2209 2209 2227 2227 2228 2228 2209 2209 2228 2228 2210 2210 2209 2209 2228 2228 2197 2197 2210 2210 2213 2213 2207 2207 2211 2211 2213 2213 2229 2229 2207 2207 2230 2230 1965 1965 1966 1966 2221 2221 2231 2231 1961 1961 2232 2232 2233 2233 1964 1964 1967 1967 2232 2232 1964 1964 2230 2230 1969 1969 1965 1965 2234 2234 2235 2235 2101 2101 2235 2235 2236 2236 2101 2101 2236 2236 2204 2204 2101 2101 2237 2237 2214 2214 2200 2200 2202 2202 2237 2237 2200 2200 2236 2236 2205 2205 2204 2204 2238 2238 2239 2239 2214 2214 2237 2237 2238 2238 2214 2214 2202 2202 2238 2238 2237 2237 2227 2227 2197 2197 2228 2228 2240 2240 2241 2241 2229 2229 2241 2241 2242 2242 2229 2229 2242 2242 2243 2243 2229 2229 2213 2213 2240 2240 2229 2229 2226 2226 2244 2244 2227 2227 2244 2244 2245 2245 2227 2227 2245 2245 2197 2197 2227 2227 2246 2246 2240 2240 2213 2213 2245 2245 2247 2247 2197 2197 2248 2248 2198 2198 2197 2197 2247 2247 2248 2248 2197 2197 2219 2219 2202 2202 2203 2203 2205 2205 2249 2249 2194 2194 2249 2249 2220 2220 2194 2194 2250 2250 2244 2244 2226 2226 2236 2236 2235 2235 2205 2205 2235 2235 2249 2249 2205 2205 2219 2219 2238 2238 2202 2202 2250 2250 2251 2251 2244 2244 2251 2251 2245 2245 2244 2244 2252 2252 1970 1970 1969 1969 2230 2230 2252 2252 1969 1969 2253 2253 2232 2232 1968 1968 1971 1971 2253 2253 1968 1968 2252 2252 1974 1974 1970 1970 2254 2254 2255 2255 2198 2198 2256 2256 2182 2182 1972 1972 1973 1973 2256 2256 1972 1972 2257 2257 2258 2258 1975 1975 2258 2258 1971 1971 1975 1975 2259 2259 2239 2239 2238 2238 2219 2219 2259 2259 2238 2238 2216 2216 2260 2260 2217 2217 2260 2260 1859 1859 2217 2217 2261 2261 2221 2221 2215 2215 1894 1894 2261 2261 2215 2215 2246 2246 2241 2241 2240 2240 2262 2262 2242 2242 2246 2246 2242 2242 2241 2241 2246 2246 2225 2225 2263 2263 2212 2212 2216 2216 2264 2264 2260 2260 2264 2264 1859 1859 2260 2260 2265 2265 2263 2263 2225 2225 2266 2266 2264 2264 2216 2216 2223 2223 2267 2267 2224 2224 2267 2267 2268 2268 2224 2224 2269 2269 2231 2231 2221 2221 2261 2261 2269 2269 2221 2221 2270 2270 2271 2271 1974 1974 2271 2271 1973 1973 1974 1974 2252 2252 2270 2270 1974 1974 2272 2272 2253 2253 1971 1971 2258 2258 2272 2272 1971 1971 1894 1894 2273 2273 2261 2261 2232 2232 2274 2274 2233 2233 2274 2274 2275 2275 2233 2233 2269 2269 2276 2276 2231 2231 2277 2277 2252 2252 2230 2230 2250 2250 2278 2278 2251 2251 2278 2278 2245 2245 2251 2251 2278 2278 2279 2279 2245 2245 2279 2279 2247 2247 2245 2245 2279 2279 2248 2248 2247 2247 2280 2280 2255 2255 2254 2254 1893 1893 2281 2281 1894 1894 2281 2281 2273 2273 1894 1894 2266 2266 2282 2282 2264 2264 2282 2282 1859 1859 2264 2264 2280 2280 2283 2283 2255 2255 2284 2284 2186 2186 2185 2185 2285 2285 2284 2284 2185 2185 2286 2286 2258 2258 2257 2257 2220 2220 2287 2287 2188 2188 2288 2288 2278 2278 2250 2250 2266 2266 2289 2289 2282 2282 2289 2289 1859 1859 2282 2282 2290 2290 2274 2274 2232 2232 2291 2291 2290 2290 2232 2232 2292 2292 2293 2293 2252 2252 2293 2293 2294 2294 2252 2252 2294 2294 2270 2270 2252 2252 2277 2277 2292 2292 2252 2252 2295 2295 2296 2296 2262 2262 2296 2296 2297 2297 2262 2262 2297 2297 2242 2242 2262 2262 2265 2265 2298 2298 2263 2263 2297 2297 2243 2243 2242 2242 2288 2288 2299 2299 2278 2278 2299 2299 2279 2279 2278 2278 2300 2300 2289 2289 2266 2266 2267 2267 2301 2301 2268 2268 2301 2301 2300 2300 2268 2268 2302 2302 2276 2276 2269 2269 2303 2303 2298 2298 2265 2265 2296 2296 2243 2243 2297 2297 1862 1862 2281 2281 1893 1893 2300 2300 2304 2304 2289 2289 2304 2304 2305 2305 2289 2289 2305 2305 2306 2306 2289 2289 2306 2306 2307 2307 2289 2289 2307 2307 1859 1859 2289 2289 2272 2272 2308 2308 2253 2253 2309 2309 2290 2290 2291 2291 2310 2310 2281 2281 1862 1862 1861 1861 2310 2310 1862 1862 2294 2294 2311 2311 2270 2270 2311 2311 2271 2271 2270 2270 2274 2274 2312 2312 2275 2275 2312 2312 2313 2313 2275 2275 2302 2302 2314 2314 2276 2276 2315 2315 2292 2292 2277 2277 2309 2309 2316 2316 2290 2290 2316 2316 2317 2317 2290 2290 2317 2317 2318 2318 2290 2290 2318 2318 2319 2319 2290 2290 2319 2319 2320 2320 2290 2290 2320 2320 2274 2274 2290 2290 2321 2321 2322 2322 2294 2294 2322 2322 2311 2311 2294 2294 2323 2323 2219 2219 2218 2218 2284 2284 2323 2323 2218 2218 2324 2324 2287 2287 2220 2220 2249 2249 2324 2324 2220 2220 2300 2300 2325 2325 2304 2304 2325 2325 2305 2305 2304 2304 2299 2299 2326 2326 2279 2279 2326 2326 2327 2327 2279 2279 2328 2328 2283 2283 2280 2280 2329 2329 2328 2328 2280 2280 2330 2330 2326 2326 2299 2299 2288 2288 2330 2330 2299 2299 2325 2325 2331 2331 2305 2305 2331 2331 2306 2306 2305 2305 2301 2301 2332 2332 2300 2300 2332 2332 2325 2325 2300 2300 2310 2310 2314 2314 2302 2302 1859 1859 2310 2310 1861 1861 2307 2307 2310 2310 1859 1859 2330 2330 2333 2333 2326 2326 2333 2333 2327 2327 2326 2326 2306 2306 2334 2334 2307 2307 2334 2334 2310 2310 2307 2307 2331 2331 2334 2334 2306 2306 2320 2320 2312 2312 2274 2274 2335 2335 2336 2336 2295 2295 2336 2336 2296 2296 2295 2295 2303 2303 2337 2337 2298 2298 2338 2338 2293 2293 2292 2292 2315 2315 2339 2339 2292 2292 2340 2340 2338 2338 2292 2292 2339 2339 2340 2340 2292 2292 2259 2259 2341 2341 2239 2239 2336 2336 2243 2243 2296 2296 2342 2342 2337 2337 2303 2303 2343 2343 2259 2259 2219 2219 2323 2323 2343 2343 2219 2219 2344 2344 2324 2324 2249 2249 2235 2235 2344 2344 2249 2249 2334 2334 2345 2345 2310 2310 2346 2346 2314 2314 2310 2310 2345 2345 2346 2346 2310 2310 2332 2332 2347 2347 2325 2325 2347 2347 2348 2348 2325 2325 2343 2343 2341 2341 2259 2259 2234 2234 2349 2349 2235 2235 2349 2349 2344 2344 2235 2235 2312 2312 2350 2350 2313 2313 2350 2350 2351 2351 2313 2313 2352 2352 2339 2339 2315 2315 2331 2331 2345 2345 2334 2334 2347 2347 2345 2345 2348 2348 2347 2347 2353 2353 2345 2345 2353 2353 2354 2354 2345 2345 2354 2354 2346 2346 2345 2345 2332 2332 2353 2353 2347 2347 2319 2319 2355 2355 2320 2320 2355 2355 2356 2356 2320 2320 2356 2356 2312 2312 2320 2320 2338 2338 2357 2357 2293 2293 2358 2358 2322 2322 2321 2321 2359 2359 2360 2360 2327 2327 2333 2333 2359 2359 2327 2327 2361 2361 2328 2328 2362 2362 2363 2363 2361 2361 2362 2362 2330 2330 2359 2359 2333 2333 2364 2364 2256 2256 1973 1973 2271 2271 2364 2364 1973 1973 2365 2365 2272 2272 2258 2258 2286 2286 2365 2365 2258 2258 2354 2354 2366 2366 2352 2352 2367 2367 2339 2339 2352 2352 2366 2366 2367 2367 2352 2352 2350 2350 2368 2368 2351 2351 2368 2368 2353 2353 2351 2351 2330 2330 2369 2369 2359 2359 2369 2369 2360 2360 2359 2359 2370 2370 2340 2340 2339 2339 2367 2367 2370 2370 2339 2339 2356 2356 2371 2371 2312 2312 2371 2371 2350 2350 2312 2312 2372 2372 2371 2371 2356 2356 2355 2355 2373 2373 2356 2356 2373 2373 2374 2374 2356 2356 2374 2374 2375 2375 2356 2356 2375 2375 2376 2376 2356 2356 2376 2376 2377 2377 2356 2356 2377 2377 2372 2372 2356 2356 2378 2378 2379 2379 2338 2338 2379 2379 2357 2357 2338 2338 2340 2340 2380 2380 2338 2338 2380 2380 2381 2381 2338 2338 2381 2381 2378 2378 2338 2338 2382 2382 2243 2243 2336 2336 2335 2335 2382 2382 2336 2336 2383 2383 2384 2384 2335 2335 2384 2384 2382 2382 2335 2335 2342 2342 2385 2385 2337 2337 2386 2386 2385 2385 2342 2342 2368 2368 2354 2354 2353 2353 2350 2350 2387 2387 2368 2368 2366 2366 2354 2354 2368 2368 2387 2387 2366 2366 2368 2368 2384 2384 2243 2243 2382 2382 2372 2372 2388 2388 2371 2371 2388 2388 2389 2389 2371 2371 2389 2389 2350 2350 2371 2371 2370 2370 2390 2390 2340 2340 2390 2390 2380 2380 2340 2340 2366 2366 2391 2391 2367 2367 2392 2392 2370 2370 2367 2367 2391 2391 2392 2392 2367 2367 2389 2389 2393 2393 2350 2350 2393 2393 2394 2394 2350 2350 2394 2394 2387 2387 2350 2350 2395 2395 2396 2396 2360 2360 2396 2396 2397 2397 2360 2360 2369 2369 2395 2395 2360 2360 2398 2398 2361 2361 2399 2399 2400 2400 2398 2398 2399 2399 2387 2387 2391 2391 2366 2366 2394 2394 2391 2391 2387 2387 2393 2393 2401 2401 2394 2394 2402 2402 2391 2391 2394 2394 2401 2401 2402 2402 2394 2394 2402 2402 2392 2392 2391 2391 2343 2343 2403 2403 2341 2341 2330 2330 2395 2395 2369 2369 2404 2404 2284 2284 2285 2285 2405 2405 2404 2404 2285 2285 2364 2364 2405 2405 2256 2256 2406 2406 2365 2365 2286 2286 2324 2324 2407 2407 2287 2287 2330 2330 2396 2396 2395 2395 2408 2408 2409 2409 2234 2234 2409 2409 2349 2349 2234 2234 2343 2343 2410 2410 2403 2403 2411 2411 2410 2410 2343 2343 2323 2323 2411 2411 2343 2343 2409 2409 2344 2344 2349 2349 2412 2412 2243 2243 2384 2384 2383 2383 2412 2412 2384 2384 2413 2413 2412 2412 2383 2383 2414 2414 2413 2413 2383 2383 2415 2415 2414 2414 2383 2383 2386 2386 2416 2416 2385 2385 2417 2417 2416 2416 2386 2386 2418 2418 2419 2419 2370 2370 2392 2392 2418 2418 2370 2370 2419 2419 2420 2420 2370 2370 2420 2420 2390 2390 2370 2370 2388 2388 2421 2421 2389 2389 2422 2422 2393 2393 2389 2389 2423 2423 2422 2422 2389 2389 2421 2421 2423 2423 2389 2389 2413 2413 2243 2243 2412 2412 2424 2424 2401 2401 2393 2393 2422 2422 2424 2424 2393 2393 2425 2425 2418 2418 2392 2392 2402 2402 2425 2425 2392 2392 2413 2413 2426 2426 2243 2243 2414 2414 2426 2426 2413 2413 2330 2330 2427 2427 2396 2396 2427 2427 2397 2397 2396 2396 2428 2428 2427 2427 2330 2330 2401 2401 2429 2429 2402 2402 2429 2429 2430 2430 2402 2402 2431 2431 2425 2425 2402 2402 2430 2430 2431 2431 2402 2402 2424 2424 2429 2429 2401 2401 2432 2432 2433 2433 2398 2398 2427 2427 2434 2434 2397 2397 2434 2434 2435 2435 2397 2397 2436 2436 2433 2433 2432 2432 2428 2428 2437 2437 2427 2427 2437 2437 2438 2438 2427 2427 2439 2439 2434 2434 2427 2427 2440 2440 2439 2439 2427 2427 2438 2438 2440 2440 2427 2427 2441 2441 2323 2323 2284 2284 2404 2404 2441 2441 2284 2284 2442 2442 2407 2407 2324 2324 2344 2344 2442 2442 2324 2324 2439 2439 2443 2443 2434 2434 2443 2443 2435 2435 2434 2434 2444 2444 2426 2426 2414 2414 2415 2415 2444 2444 2414 2414 2445 2445 2446 2446 2417 2417 2446 2446 2416 2416 2417 2417 2447 2447 2444 2444 2415 2415 2448 2448 2447 2447 2415 2415 2447 2447 2426 2426 2444 2444 2436 2436 2449 2449 2433 2433 2450 2450 2451 2451 2435 2435 2443 2443 2450 2450 2435 2435 2452 2452 2449 2449 2436 2436 2453 2453 2411 2411 2323 2323 2441 2441 2453 2453 2323 2323 2454 2454 2442 2442 2344 2344 2409 2409 2455 2455 2344 2344 2455 2455 2456 2456 2344 2344 2456 2456 2454 2454 2344 2344 2439 2439 2450 2450 2443 2443 2457 2457 2458 2458 2445 2445 2458 2458 2446 2446 2445 2445 2459 2459 2447 2447 2448 2448 2460 2460 2459 2459 2448 2448 2461 2461 2460 2460 2448 2448 2439 2439 2462 2462 2450 2450 2462 2462 2451 2451 2450 2450 2459 2459 2426 2426 2447 2447 2463 2463 2410 2410 2411 2411 2464 2464 2463 2463 2411 2411 2453 2453 2464 2464 2411 2411 2408 2408 2455 2455 2409 2409 2460 2460 2426 2426 2459 2459 2452 2452 2457 2457 2449 2449 2462 2462 2465 2465 2451 2451 2465 2465 2461 2461 2451 2451 2458 2458 2457 2457 2452 2452 2466 2466 2460 2460 2461 2461 2465 2465 2467 2467 2461 2461 2467 2467 2466 2466 2461 2461 2439 2439 2465 2465 2462 2462 2466 2466 2426 2426 2460 2460 2439 2439 2467 2467 2465 2465 2467 2467 2426 2426 2466 2466 2439 2439 2426 2426 2467 2467 2468 2468 2364 2364 2271 2271 2311 2311 2468 2468 2271 2271 2365 2365 2308 2308 2272 2272 2365 2365 2469 2469 2309 2309 2469 2469 2316 2316 2309 2309 2468 2468 2405 2405 2364 2364 2406 2406 2469 2469 2365 2365 2468 2468 2404 2404 2405 2405 2470 2470 2471 2471 2407 2407 2472 2472 2470 2470 2407 2407 2469 2469 2317 2317 2316 2316 2322 2322 2468 2468 2311 2311 2469 2469 2318 2318 2317 2317 2473 2473 2441 2441 2404 2404 2468 2468 2473 2473 2404 2404 2454 2454 2474 2474 2442 2442 2474 2474 2475 2475 2442 2442 2476 2476 2319 2319 2318 2318 2469 2469 2476 2476 2318 2318 2477 2477 2473 2473 2468 2468 2478 2478 2477 2477 2468 2468 2322 2322 2478 2478 2468 2468 2475 2475 2479 2479 2471 2471 2479 2479 2355 2355 2319 2319 2358 2358 2478 2478 2322 2322 2480 2480 2453 2453 2441 2441 2481 2481 2480 2480 2441 2441 2456 2456 2474 2474 2454 2454 2482 2482 2464 2464 2453 2453 2480 2480 2482 2482 2453 2453 2455 2455 2483 2483 2456 2456 2483 2483 2474 2474 2456 2456 2484 2484 2478 2478 2357 2357 2379 2379 2484 2484 2357 2357 2479 2479 2373 2373 2355 2355 2485 2485 2463 2463 2464 2464 2482 2482 2485 2485 2464 2464 2408 2408 2483 2483 2455 2455 2408 2408 2486 2486 2483 2483 2486 2486 2474 2474 2483 2483 2487 2487 2480 2480 2481 2481 2477 2477 2487 2487 2481 2481 2488 2488 2479 2479 2475 2475 2474 2474 2488 2488 2475 2475 2479 2479 2374 2374 2373 2373 2489 2489 2477 2477 2478 2478 2484 2484 2489 2489 2478 2478 2490 2490 2374 2374 2479 2479 2488 2488 2490 2490 2479 2479 2482 2482 2491 2491 2485 2485 2492 2492 2484 2484 2379 2379 2378 2378 2492 2492 2379 2379 2493 2493 2494 2494 2408 2408 2494 2494 2495 2495 2408 2408 2495 2495 2496 2496 2408 2408 2496 2496 2497 2497 2408 2408 2497 2497 2486 2486 2408 2408 2498 2498 2491 2491 2482 2482 2480 2480 2498 2498 2482 2482 2499 2499 2500 2500 2491 2491 2498 2498 2499 2499 2491 2491 2497 2497 2474 2474 2486 2486 2490 2490 2375 2375 2374 2374 2487 2487 2501 2501 2480 2480 2501 2501 2499 2499 2480 2480 2499 2499 2498 2498 2480 2480 2495 2495 2502 2502 2474 2474 2496 2496 2495 2495 2474 2474 2497 2497 2496 2496 2474 2474 2502 2502 2488 2488 2474 2474 2503 2503 2504 2504 2426 2426 2439 2439 2503 2503 2426 2426 2501 2501 2500 2500 2499 2499 2490 2490 2376 2376 2375 2375 2505 2505 2487 2487 2477 2477 2489 2489 2505 2505 2477 2477 2506 2506 2490 2490 2488 2488 2502 2502 2506 2506 2488 2488 2494 2494 2502 2502 2495 2495 2507 2507 2489 2489 2484 2484 2492 2492 2507 2507 2484 2484 2506 2506 2508 2508 2490 2490 2508 2508 2376 2376 2490 2490 2509 2509 2504 2504 2503 2503 2381 2381 2492 2492 2378 2378 2508 2508 2377 2377 2376 2376 2510 2510 2492 2492 2381 2381 2380 2380 2510 2510 2381 2381 2508 2508 2372 2372 2377 2377 2508 2508 2388 2388 2372 2372 2505 2505 2511 2511 2487 2487 2511 2511 2512 2512 2487 2487 2512 2512 2501 2501 2487 2487 2513 2513 2514 2514 2502 2502 2494 2494 2513 2513 2502 2502 2514 2514 2506 2506 2502 2502 2512 2512 2500 2500 2501 2501 2515 2515 2505 2505 2489 2489 2507 2507 2515 2515 2489 2489 2516 2516 2508 2508 2506 2506 2514 2514 2516 2516 2506 2506 2517 2517 2421 2421 2388 2388 2508 2508 2517 2517 2388 2388 2518 2518 2507 2507 2492 2492 2510 2510 2518 2518 2492 2492 2511 2511 2500 2500 2512 2512 2516 2516 2517 2517 2508 2508 2493 2493 2513 2513 2494 2494 2519 2519 2510 2510 2380 2380 2390 2390 2519 2519 2380 2380 2493 2493 2520 2520 2513 2513 2520 2520 2514 2514 2513 2513 2517 2517 2521 2521 2421 2421 2521 2521 2423 2423 2421 2421 2420 2420 2519 2519 2390 2390 2419 2419 2519 2519 2420 2420 2515 2515 2522 2522 2505 2505 2522 2522 2523 2523 2505 2505 2523 2523 2511 2511 2505 2505 2524 2524 2525 2525 2514 2514 2520 2520 2524 2524 2514 2514 2525 2525 2516 2516 2514 2514 2521 2521 2422 2422 2423 2423 2418 2418 2519 2519 2419 2419 2526 2526 2424 2424 2422 2422 2521 2521 2526 2526 2422 2422 2527 2527 2518 2518 2510 2510 2519 2519 2527 2527 2510 2510 2528 2528 2521 2521 2517 2517 2516 2516 2528 2528 2517 2517 2529 2529 2519 2519 2418 2418 2425 2425 2529 2529 2418 2418 2530 2530 2515 2515 2507 2507 2518 2518 2530 2530 2507 2507 2525 2525 2528 2528 2516 2516 2531 2531 2429 2429 2424 2424 2431 2431 2529 2529 2425 2425 2430 2430 2532 2532 2431 2431 2532 2532 2529 2529 2431 2431 2523 2523 2500 2500 2511 2511 2429 2429 2532 2532 2430 2430 2531 2531 2533 2533 2429 2429 2533 2533 2532 2532 2429 2429 2522 2522 2500 2500 2523 2523 2493 2493 2524 2524 2520 2520 2493 2493 2534 2534 2524 2524 2534 2534 2525 2525 2524 2524 2535 2535 2527 2527 2519 2519 2529 2529 2535 2535 2519 2519 2536 2536 2526 2526 2521 2521 2528 2528 2536 2536 2521 2521 2537 2537 2530 2530 2518 2518 2527 2527 2537 2537 2518 2518 2538 2538 2536 2536 2528 2528 2525 2525 2538 2538 2528 2528 2530 2530 2539 2539 2515 2515 2539 2539 2540 2540 2515 2515 2540 2540 2522 2522 2515 2515 2534 2534 2541 2541 2525 2525 2541 2541 2542 2542 2525 2525 2542 2542 2538 2538 2525 2525 2543 2543 2535 2535 2529 2529 2532 2532 2543 2543 2529 2529 2536 2536 2544 2544 2526 2526 2544 2544 2545 2545 2526 2526 2545 2545 2546 2546 2526 2526 2547 2547 2533 2533 2531 2531 2533 2533 2543 2543 2532 2532 2547 2547 2543 2543 2533 2533 2540 2540 2500 2500 2522 2522 2546 2546 2548 2548 2549 2549 2548 2548 2535 2535 2549 2549 2545 2545 2548 2548 2546 2546 2550 2550 2537 2537 2527 2527 2535 2535 2550 2550 2527 2527 2551 2551 2544 2544 2536 2536 2538 2538 2551 2551 2536 2536 2493 2493 2541 2541 2534 2534 2539 2539 2500 2500 2540 2540 2552 2552 2500 2500 2539 2539 2530 2530 2552 2552 2539 2539 2493 2493 2542 2542 2541 2541 2537 2537 2553 2553 2530 2530 2553 2553 2552 2552 2530 2530 2554 2554 2551 2551 2538 2538 2542 2542 2555 2555 2538 2538 2555 2555 2554 2554 2538 2538 2493 2493 2555 2555 2542 2542 2548 2548 2550 2550 2535 2535 2556 2556 2545 2545 2544 2544 2557 2557 2556 2556 2544 2544 2551 2551 2557 2557 2544 2544 2545 2545 2558 2558 2548 2548 2558 2558 2550 2550 2548 2548 2556 2556 2558 2558 2545 2545 2559 2559 2560 2560 2537 2537 2560 2560 2561 2561 2537 2537 2561 2561 2553 2553 2537 2537 2562 2562 2557 2557 2551 2551 2554 2554 2563 2563 2551 2551 2563 2563 2562 2562 2551 2551 2493 2493 2554 2554 2555 2555 2553 2553 2500 2500 2552 2552 2561 2561 2500 2500 2553 2553 2493 2493 2563 2563 2554 2554 2556 2556 2564 2564 2565 2565 2564 2564 2559 2559 2565 2565 2557 2557 2566 2566 2556 2556 2566 2566 2564 2564 2556 2556 2567 2567 2568 2568 2559 2559 2568 2568 2569 2569 2559 2559 2569 2569 2560 2560 2559 2559 2564 2564 2567 2567 2559 2559 2570 2570 2566 2566 2557 2557 2571 2571 2570 2570 2557 2557 2562 2562 2572 2572 2557 2557 2572 2572 2571 2571 2557 2557 2566 2566 2573 2573 2564 2564 2573 2573 2567 2567 2564 2564 2570 2570 2574 2574 2566 2566 2574 2574 2573 2573 2566 2566 2493 2493 2562 2562 2563 2563 2560 2560 2500 2500 2561 2561 2493 2493 2572 2572 2562 2562 2575 2575 2504 2504 2509 2509 2569 2569 2500 2500 2560 2560 2493 2493 2571 2571 2572 2572 2568 2568 2500 2500 2569 2569 2493 2493 2570 2570 2571 2571 2576 2576 2504 2504 2575 2575 2568 2568 2577 2577 2500 2500 2578 2578 2570 2570 2493 2493 2578 2578 2574 2574 2570 2570 2567 2567 2577 2577 2568 2568 2573 2573 2579 2579 2567 2567 2579 2579 2580 2580 2567 2567 2580 2580 2577 2577 2567 2567 2578 2578 2579 2579 2573 2573 2574 2574 2578 2578 2573 2573 2576 2576 2581 2581 2504 2504 2582 2582 2581 2581 2576 2576 2583 2583 2581 2581 2582 2582 2584 2584 2585 2585 2578 2578 2585 2585 2586 2586 2578 2578 2586 2586 2579 2579 2578 2578 2587 2587 2581 2581 2583 2583 2587 2587 2588 2588 2581 2581 2588 2588 2589 2589 2581 2581 2589 2589 2590 2590 2581 2581 2590 2590 2591 2591 2581 2581 2591 2591 2592 2592 2581 2581 2592 2592 2593 2593 2581 2581 2594 2594 2595 2595 2596 2596 2597 2597 2594 2594 2596 2596 2595 2595 2598 2598 2587 2587 2598 2598 2588 2588 2587 2587 2599 2599 2594 2594 2597 2597 2584 2584 2600 2600 2585 2585 2601 2601 2600 2600 2584 2584 2602 2602 2601 2601 2584 2584 2603 2603 2602 2602 2584 2584 2598 2598 2604 2604 2588 2588 2605 2605 2589 2589 2588 2588 2604 2604 2605 2605 2588 2588 2605 2605 2590 2590 2589 2589 2595 2595 2606 2606 2598 2598 2606 2606 2604 2604 2598 2598 2607 2607 2594 2594 2599 2599 2608 2608 2607 2607 2599 2599 2605 2605 2609 2609 2590 2590 2609 2609 2591 2591 2590 2590 2594 2594 2606 2606 2595 2595 2609 2609 2592 2592 2591 2591 2607 2607 2606 2606 2594 2594 2610 2610 2611 2611 2593 2593 2611 2611 2612 2612 2593 2593 2612 2612 2613 2613 2593 2593 2613 2613 2614 2614 2593 2593 2614 2614 2615 2615 2593 2593 2615 2615 2616 2616 2593 2593 2616 2616 2617 2617 2593 2593 2617 2617 2618 2618 2593 2593 2618 2618 2619 2619 2593 2593 2619 2619 2620 2620 2593 2593 2592 2592 2621 2621 2593 2593 2621 2621 2610 2610 2593 2593 2609 2609 2621 2621 2592 2592 2622 2622 2623 2623 2607 2607 2624 2624 2606 2606 2607 2607 2623 2623 2624 2624 2607 2607 2625 2625 2626 2626 2622 2622 2626 2626 2627 2627 2622 2622 2627 2627 2628 2628 2622 2622 2628 2628 2629 2629 2622 2622 2629 2629 2630 2630 2622 2622 2630 2630 2631 2631 2622 2622 2631 2631 2632 2632 2622 2622 2632 2632 2633 2633 2622 2622 2633 2633 2634 2634 2622 2622 2634 2634 2623 2623 2622 2622 2609 2609 2635 2635 2621 2621 2635 2635 2610 2610 2621 2621 2634 2634 2624 2624 2623 2623 2635 2635 2611 2611 2610 2610 2606 2606 2636 2636 2604 2604 2637 2637 2605 2605 2604 2604 2636 2636 2637 2637 2604 2604 2638 2638 2609 2609 2605 2605 2639 2639 2640 2640 2606 2606 2624 2624 2639 2639 2606 2606 2640 2640 2641 2641 2606 2606 2641 2641 2642 2642 2606 2606 2643 2643 2635 2635 2609 2609 2638 2638 2643 2643 2609 2609 2644 2644 2638 2638 2642 2642 2641 2641 2644 2644 2642 2642 2644 2644 2643 2643 2638 2638 2635 2635 2645 2645 2611 2611 2645 2645 2612 2612 2611 2611 2646 2646 2624 2624 2634 2634 2633 2633 2646 2646 2634 2634 2647 2647 2639 2639 2624 2624 2646 2646 2647 2647 2624 2624 2648 2648 2645 2645 2635 2635 2643 2643 2648 2648 2635 2635 2632 2632 2646 2646 2633 2633 2645 2645 2613 2613 2612 2612 2640 2640 2649 2649 2641 2641 2650 2650 2644 2644 2641 2641 2649 2649 2650 2650 2641 2641 2650 2650 2651 2651 2644 2644 2651 2651 2643 2643 2644 2644 2652 2652 2649 2649 2640 2640 2653 2653 2652 2652 2640 2640 2639 2639 2653 2653 2640 2640 2651 2651 2648 2648 2643 2643 2652 2652 2654 2654 2649 2649 2655 2655 2656 2656 2649 2649 2654 2654 2655 2655 2649 2649 2655 2655 2657 2657 2656 2656 2658 2658 2659 2659 2654 2654 2652 2652 2658 2658 2654 2654 2660 2660 2655 2655 2654 2654 2659 2659 2660 2660 2654 2654 2660 2660 2657 2657 2655 2655 2661 2661 2653 2653 2639 2639 2647 2647 2661 2661 2639 2639 2662 2662 2645 2645 2648 2648 2663 2663 2662 2662 2648 2648 2651 2651 2663 2663 2648 2648 2632 2632 2664 2664 2646 2646 2665 2665 2647 2647 2646 2646 2664 2664 2665 2665 2646 2646 2666 2666 2613 2613 2645 2645 2662 2662 2666 2666 2645 2645 2666 2666 2614 2614 2613 2613 2667 2667 2658 2658 2652 2652 2653 2653 2667 2667 2652 2652 2660 2660 2668 2668 2657 2657 2668 2668 2669 2669 2657 2657 2669 2669 2670 2670 2651 2651 2670 2670 2663 2663 2651 2651 2658 2658 2671 2671 2659 2659 2672 2672 2660 2660 2659 2659 2671 2671 2672 2672 2659 2659 2672 2672 2668 2668 2660 2660 2631 2631 2664 2664 2632 2632 2666 2666 2615 2615 2614 2614 2672 2672 2669 2669 2668 2668 2673 2673 2670 2670 2669 2669 2672 2672 2673 2673 2669 2669 2630 2630 2664 2664 2631 2631 2629 2629 2664 2664 2630 2630 2666 2666 2616 2616 2615 2615 2667 2667 2674 2674 2658 2658 2674 2674 2671 2671 2658 2658 2675 2675 2676 2676 2653 2653 2661 2661 2675 2675 2653 2653 2677 2677 2667 2667 2653 2653 2676 2676 2677 2677 2653 2653 2678 2678 2679 2679 2663 2663 2680 2680 2678 2678 2663 2663 2670 2670 2681 2681 2663 2663 2681 2681 2680 2680 2663 2663 2679 2679 2662 2662 2663 2663 2628 2628 2682 2682 2629 2629 2682 2682 2664 2664 2629 2629 2677 2677 2683 2683 2667 2667 2683 2683 2674 2674 2667 2667 2676 2676 2683 2683 2677 2677 2673 2673 2684 2684 2670 2670 2684 2684 2681 2681 2670 2670 2685 2685 2661 2661 2647 2647 2665 2665 2685 2685 2647 2647 2686 2686 2666 2666 2662 2662 2679 2679 2686 2686 2662 2662 2684 2684 2680 2680 2681 2681 2684 2684 2678 2678 2680 2680 2675 2675 2683 2683 2676 2676 2687 2687 2688 2688 2625 2625 2688 2688 2626 2626 2625 2625 2603 2603 2689 2689 2602 2602 2690 2690 2679 2679 2678 2678 2684 2684 2690 2690 2678 2678 2691 2691 2679 2679 2690 2690 2684 2684 2691 2691 2690 2690 2692 2692 2665 2665 2664 2664 2682 2682 2692 2692 2664 2664 2693 2693 2616 2616 2666 2666 2686 2686 2693 2693 2666 2666 2685 2685 2694 2694 2661 2661 2695 2695 2675 2675 2661 2661 2694 2694 2695 2695 2661 2661 2691 2691 2696 2696 2679 2679 2696 2696 2697 2697 2679 2679 2697 2697 2698 2698 2679 2679 2698 2698 2686 2686 2679 2679 2684 2684 2696 2696 2691 2691 2699 2699 2683 2683 2675 2675 2695 2695 2699 2699 2675 2675 2700 2700 2697 2697 2696 2696 2684 2684 2700 2700 2696 2696 2693 2693 2617 2617 2616 2616 2701 2701 2685 2685 2665 2665 2692 2692 2701 2701 2665 2665 2702 2702 2693 2693 2686 2686 2698 2698 2702 2702 2686 2686 2694 2694 2699 2699 2695 2695 2627 2627 2682 2682 2628 2628 2693 2693 2618 2618 2617 2617 2626 2626 2703 2703 2627 2627 2703 2703 2682 2682 2627 2627 2685 2685 2704 2704 2694 2694 2705 2705 2699 2699 2694 2694 2704 2704 2705 2705 2694 2694 2674 2674 2706 2706 2671 2671 2706 2706 2707 2707 2671 2671 2707 2707 2672 2672 2671 2671 2708 2708 2673 2673 2672 2672 2707 2707 2708 2708 2672 2672 2701 2701 2709 2709 2685 2685 2709 2709 2710 2710 2685 2685 2710 2710 2704 2704 2685 2685 2697 2697 2711 2711 2698 2698 2711 2711 2712 2712 2698 2698 2712 2712 2702 2702 2698 2698 2710 2710 2705 2705 2704 2704 2713 2713 2711 2711 2697 2697 2700 2700 2713 2713 2697 2697 2709 2709 2705 2705 2710 2710 2714 2714 2708 2708 2707 2707 2706 2706 2714 2714 2707 2707 2715 2715 2708 2708 2714 2714 2716 2716 2715 2715 2714 2714 2717 2717 2716 2716 2714 2714 2706 2706 2717 2717 2714 2714 2718 2718 2717 2717 2706 2706 2674 2674 2718 2718 2706 2706 2719 2719 2712 2712 2711 2711 2713 2713 2719 2719 2711 2711 2718 2718 2720 2720 2717 2717 2720 2720 2716 2716 2717 2717 2721 2721 2692 2692 2682 2682 2703 2703 2721 2721 2682 2682 2683 2683 2718 2718 2674 2674 2708 2708 2684 2684 2673 2673 2722 2722 2618 2618 2693 2693 2702 2702 2722 2722 2693 2693 2723 2723 2718 2718 2683 2683 2699 2699 2723 2723 2683 2683 2708 2708 2700 2700 2684 2684 2724 2724 2700 2700 2708 2708 2725 2725 2724 2724 2708 2708 2715 2715 2725 2725 2708 2708 2726 2726 2720 2720 2718 2718 2723 2723 2726 2726 2718 2718 2727 2727 2715 2715 2716 2716 2720 2720 2727 2727 2716 2716 2728 2728 2729 2729 2720 2720 2729 2729 2727 2727 2720 2720 2730 2730 2731 2731 2732 2732 2733 2733 2730 2730 2727 2727 2729 2729 2733 2733 2727 2727 2734 2734 2735 2735 2729 2729 2735 2735 2733 2733 2729 2729 2736 2736 2701 2701 2692 2692 2737 2737 2736 2736 2692 2692 2738 2738 2722 2722 2702 2702 2712 2712 2738 2738 2702 2702 2739 2739 2740 2740 2731 2731 2730 2730 2739 2739 2731 2731 2723 2723 2741 2741 2726 2726 2742 2742 2735 2735 2734 2734 2743 2743 2742 2742 2734 2734 2722 2722 2619 2619 2618 2618 2736 2736 2744 2744 2701 2701 2744 2744 2709 2709 2701 2701 2719 2719 2745 2745 2712 2712 2745 2745 2738 2738 2712 2712 2705 2705 2723 2723 2699 2699 2724 2724 2713 2713 2700 2700 2746 2746 2730 2730 2733 2733 2735 2735 2746 2746 2733 2733 2747 2747 2748 2748 2735 2735 2748 2748 2746 2746 2735 2735 2749 2749 2750 2750 2751 2751 2752 2752 2749 2749 2746 2746 2748 2748 2752 2752 2746 2746 2753 2753 2754 2754 2748 2748 2754 2754 2752 2752 2748 2748 2755 2755 2745 2745 2719 2719 2713 2713 2756 2756 2719 2719 2744 2744 2705 2705 2709 2709 2688 2688 2703 2703 2626 2626 2757 2757 2620 2620 2619 2619 2722 2722 2757 2757 2619 2619 2758 2758 2713 2713 2724 2724 2759 2759 2758 2758 2724 2724 2725 2725 2759 2759 2724 2724 2705 2705 2760 2760 2723 2723 2760 2760 2741 2741 2723 2723 2761 2761 2739 2739 2750 2750 2749 2749 2761 2761 2750 2750 2762 2762 2763 2763 2753 2753 2763 2763 2764 2764 2753 2753 2764 2764 2765 2765 2753 2753 2765 2765 2754 2754 2753 2753 2743 2743 2766 2766 2742 2742 2688 2688 2767 2767 2703 2703 2768 2768 2721 2721 2703 2703 2767 2767 2768 2768 2703 2703 2769 2769 2757 2757 2722 2722 2738 2738 2769 2769 2722 2722 2770 2770 2771 2771 2740 2740 2739 2739 2770 2770 2740 2740 2760 2760 2772 2772 2741 2741 2773 2773 2766 2766 2743 2743 2774 2774 2752 2752 2754 2754 2775 2775 2774 2774 2754 2754 2765 2765 2775 2775 2754 2754 2776 2776 2777 2777 2752 2752 2774 2774 2778 2778 2752 2752 2778 2778 2779 2779 2752 2752 2779 2779 2780 2780 2752 2752 2780 2780 2781 2781 2752 2752 2777 2777 2782 2782 2752 2752 2782 2782 2783 2783 2752 2752 2783 2783 2749 2749 2752 2752 2781 2781 2784 2784 2752 2752 2784 2784 2785 2785 2752 2752 2785 2785 2786 2786 2752 2752 2787 2787 2776 2776 2752 2752 2788 2788 2787 2787 2752 2752 2786 2786 2788 2788 2752 2752 2789 2789 2790 2790 2705 2705 2790 2790 2760 2760 2705 2705 2791 2791 2756 2756 2713 2713 2758 2758 2791 2791 2713 2713 2792 2792 2736 2736 2737 2737 2768 2768 2792 2792 2737 2737 2793 2793 2769 2769 2738 2738 2745 2745 2793 2793 2738 2738 2764 2764 2775 2775 2765 2765 2763 2763 2775 2775 2764 2764 2783 2783 2761 2761 2749 2749 2783 2783 2794 2794 2739 2739 2761 2761 2783 2783 2739 2739 2795 2795 2763 2763 2762 2762 2796 2796 2795 2795 2762 2762 2797 2797 2796 2796 2762 2762 2773 2773 2797 2797 2766 2766 2792 2792 2798 2798 2736 2736 2798 2798 2744 2744 2736 2736 2799 2799 2800 2800 2745 2745 2755 2755 2799 2799 2745 2745 2800 2800 2793 2793 2745 2745 2791 2791 2799 2799 2755 2755 2798 2798 2801 2801 2744 2744 2798 2798 2802 2802 2801 2801 2803 2803 2760 2760 2790 2790 2802 2802 2803 2803 2790 2790 2804 2804 2799 2799 2791 2791 2758 2758 2804 2804 2791 2791 2792 2792 2805 2805 2798 2798 2805 2805 2806 2806 2798 2798 2806 2806 2802 2802 2798 2798 2807 2807 2800 2800 2799 2799 2804 2804 2807 2807 2799 2799 2808 2808 2620 2620 2757 2757 2809 2809 2808 2808 2757 2757 2810 2810 2804 2804 2758 2758 2811 2811 2810 2810 2758 2758 2759 2759 2811 2811 2758 2758 2803 2803 2772 2772 2760 2760 2795 2795 2775 2775 2763 2763 2782 2782 2794 2794 2783 2783 2796 2796 2775 2775 2795 2795 2687 2687 2812 2812 2688 2688 2812 2812 2767 2767 2688 2688 2687 2687 2813 2813 2812 2812 2813 2813 2767 2767 2812 2812 2814 2814 2620 2620 2808 2808 2809 2809 2814 2814 2808 2808 2815 2815 2816 2816 2771 2771 2770 2770 2815 2815 2771 2771 2803 2803 2817 2817 2772 2772 2818 2818 2797 2797 2773 2773 2813 2813 2819 2819 2767 2767 2820 2820 2768 2768 2767 2767 2819 2819 2820 2820 2767 2767 2821 2821 2822 2822 2769 2769 2823 2823 2824 2824 2809 2809 2824 2824 2814 2814 2809 2809 2825 2825 2821 2821 2769 2769 2826 2826 2827 2827 2603 2603 2827 2827 2828 2828 2603 2603 2828 2828 2689 2689 2603 2603 2782 2782 2777 2777 2794 2794 2777 2777 2776 2776 2794 2794 2776 2776 2829 2829 2794 2794 2830 2830 2796 2796 2797 2797 2831 2831 2830 2830 2797 2797 2818 2818 2831 2831 2797 2797 2832 2832 2792 2792 2768 2768 2820 2820 2832 2832 2768 2768 2833 2833 2821 2821 2825 2825 2800 2800 2834 2834 2793 2793 2832 2832 2835 2835 2792 2792 2835 2835 2836 2836 2792 2792 2836 2836 2837 2837 2792 2792 2837 2837 2805 2805 2792 2792 2838 2838 2839 2839 2800 2800 2840 2840 2838 2838 2800 2800 2807 2807 2840 2840 2800 2800 2839 2839 2834 2834 2800 2800 2841 2841 2813 2813 2687 2687 2804 2804 2840 2840 2807 2807 2837 2837 2842 2842 2805 2805 2842 2842 2806 2806 2805 2805 2843 2843 2838 2838 2840 2840 2844 2844 2843 2843 2840 2840 2804 2804 2844 2844 2840 2840 2845 2845 2813 2813 2841 2841 2846 2846 2847 2847 2848 2848 2847 2847 2849 2849 2841 2841 2849 2849 2845 2845 2841 2841 2845 2845 2819 2819 2813 2813 2814 2814 2824 2824 2620 2620 2824 2824 2850 2850 2620 2620 2850 2850 2851 2851 2620 2620 2851 2851 2852 2852 2620 2620 2830 2830 2775 2775 2796 2796 2806 2806 2803 2803 2802 2802 2810 2810 2844 2844 2804 2804 2823 2823 2850 2850 2824 2824 2842 2842 2803 2803 2806 2806 2853 2853 2843 2843 2844 2844 2810 2810 2854 2854 2844 2844 2854 2854 2853 2853 2844 2844 2855 2855 2854 2854 2810 2810 2856 2856 2855 2855 2810 2810 2842 2842 2857 2857 2803 2803 2857 2857 2858 2858 2803 2803 2858 2858 2817 2817 2803 2803 2859 2859 2860 2860 2830 2830 2860 2860 2775 2775 2830 2830 2849 2849 2819 2819 2845 2845 2823 2823 2851 2851 2850 2850 2861 2861 2862 2862 2816 2816 2863 2863 2855 2855 2856 2856 2829 2829 2861 2861 2816 2816 2864 2864 2865 2865 2817 2817 2858 2858 2864 2864 2817 2817 2866 2866 2831 2831 2818 2818 2847 2847 2819 2819 2849 2849 2867 2867 2852 2852 2851 2851 2868 2868 2867 2867 2851 2851 2821 2821 2869 2869 2822 2822 2870 2870 2867 2867 2868 2868 2847 2847 2871 2871 2819 2819 2871 2871 2820 2820 2819 2819 2833 2833 2872 2872 2821 2821 2872 2872 2869 2869 2821 2821 2871 2871 2873 2873 2820 2820 2873 2873 2832 2832 2820 2820 2839 2839 2874 2874 2834 2834 2873 2873 2875 2875 2832 2832 2875 2875 2835 2835 2832 2832 2876 2876 2836 2836 2835 2835 2876 2876 2837 2837 2836 2836 2838 2838 2877 2877 2839 2839 2877 2877 2874 2874 2839 2839 2843 2843 2878 2878 2838 2838 2876 2876 2879 2879 2837 2837 2879 2879 2842 2842 2837 2837 2880 2880 2878 2878 2843 2843 2853 2853 2880 2880 2843 2843 2776 2776 2881 2881 2829 2829 2882 2882 2861 2861 2829 2829 2881 2881 2882 2882 2829 2829 2883 2883 2884 2884 2831 2831 2885 2885 2860 2860 2859 2859 2866 2866 2883 2883 2831 2831 2885 2885 2886 2886 2860 2860 2886 2886 2775 2775 2860 2860 2787 2787 2881 2881 2776 2776 2787 2787 2882 2882 2881 2881 2879 2879 2887 2887 2842 2842 2887 2887 2857 2857 2842 2842 2888 2888 2880 2880 2853 2853 2889 2889 2888 2888 2853 2853 2890 2890 2889 2889 2853 2853 2854 2854 2890 2890 2853 2853 2887 2887 2891 2891 2857 2857 2891 2891 2858 2858 2857 2857 2892 2892 2890 2890 2854 2854 2855 2855 2892 2892 2854 2854 2893 2893 2892 2892 2855 2855 2863 2863 2893 2893 2855 2855 2891 2891 2894 2894 2858 2858 2895 2895 2864 2864 2858 2858 2895 2895 2896 2896 2864 2864 2896 2896 2865 2865 2864 2864 2897 2897 2893 2893 2863 2863 2861 2861 2897 2897 2863 2863 2896 2896 2898 2898 2865 2865 2899 2899 2883 2883 2866 2866 2899 2899 2900 2900 2883 2883 2900 2900 2884 2884 2883 2883 2882 2882 2901 2901 2861 2861 2901 2901 2902 2902 2861 2861 2902 2902 2897 2897 2861 2861 2787 2787 2788 2788 2882 2882 2788 2788 2903 2903 2882 2882 2900 2900 2904 2904 2885 2885 2904 2904 2886 2886 2885 2885 2904 2904 2905 2905 2886 2886 2905 2905 2775 2775 2886 2886 2906 2906 2852 2852 2867 2867 2870 2870 2906 2906 2867 2867 2907 2907 2852 2852 2906 2906 2870 2870 2907 2907 2906 2906 2908 2908 2907 2907 2870 2870 2872 2872 2909 2909 2869 2869 2910 2910 2909 2909 2872 2872 2877 2877 2911 2911 2874 2874 2846 2846 2912 2912 2847 2847 2912 2912 2913 2913 2847 2847 2913 2913 2871 2871 2847 2847 2914 2914 2911 2911 2877 2877 2880 2880 2915 2915 2878 2878 2913 2913 2916 2916 2871 2871 2916 2916 2873 2873 2871 2871 2916 2916 2917 2917 2873 2873 2917 2917 2875 2875 2873 2873 2888 2888 2915 2915 2880 2880 2918 2918 2919 2919 2876 2876 2919 2919 2879 2879 2876 2876 2919 2919 2887 2887 2879 2879 2826 2826 2920 2920 2827 2827 2921 2921 2922 2922 2826 2826 2922 2922 2920 2920 2826 2826 2923 2923 2912 2912 2846 2846 2924 2924 2925 2925 2912 2912 2925 2925 2913 2913 2912 2912 2926 2926 2852 2852 2907 2907 2908 2908 2926 2926 2907 2907 2927 2927 2928 2928 2924 2924 2928 2928 2925 2925 2924 2924 2926 2926 2929 2929 2852 2852 2929 2929 2930 2930 2852 2852 2908 2908 2929 2929 2926 2926 2928 2928 2913 2913 2925 2925 2928 2928 2931 2931 2913 2913 2932 2932 2916 2916 2913 2913 2933 2933 2932 2932 2913 2913 2931 2931 2933 2933 2913 2913 2934 2934 2917 2917 2916 2916 2935 2935 2934 2934 2916 2916 2936 2936 2930 2930 2929 2929 2908 2908 2936 2936 2929 2929 2937 2937 2938 2938 2909 2909 2939 2939 2936 2936 2908 2908 2940 2940 2937 2937 2909 2909 2910 2910 2940 2940 2909 2909 2941 2941 2942 2942 2911 2911 2914 2914 2941 2941 2911 2911 2943 2943 2919 2919 2918 2918 2944 2944 2943 2943 2918 2918 2945 2945 2941 2941 2914 2914 2888 2888 2945 2945 2915 2915 2943 2943 2946 2946 2919 2919 2946 2946 2887 2887 2919 2919 2947 2947 2945 2945 2888 2888 2889 2889 2947 2947 2888 2888 2948 2948 2930 2930 2936 2936 2939 2939 2948 2948 2936 2936 2927 2927 2949 2949 2928 2928 2949 2949 2931 2931 2928 2928 2950 2950 2930 2930 2948 2948 2939 2939 2950 2950 2948 2948 2937 2937 2951 2951 2939 2939 2951 2951 2950 2950 2939 2939 2949 2949 2952 2952 2931 2931 2952 2952 2933 2933 2931 2931 2953 2953 2951 2951 2937 2937 2952 2952 2932 2932 2933 2933 2941 2941 2954 2954 2942 2942 2955 2955 2951 2951 2953 2953 2956 2956 2934 2934 2935 2935 2952 2952 2956 2956 2932 2932 2927 2927 2957 2957 2949 2949 2957 2957 2952 2952 2949 2949 2958 2958 2943 2943 2944 2944 2956 2956 2958 2958 2934 2934 2958 2958 2959 2959 2943 2943 2959 2959 2960 2960 2943 2943 2960 2960 2946 2946 2943 2943 2945 2945 2961 2961 2941 2941 2961 2961 2954 2954 2941 2941 2962 2962 2961 2961 2945 2945 2947 2947 2962 2962 2945 2945 2921 2921 2963 2963 2922 2922 2964 2964 2965 2965 2921 2921 2965 2965 2963 2963 2921 2921 2966 2966 2887 2887 2946 2946 2960 2960 2966 2966 2946 2946 2967 2967 2962 2962 2947 2947 2889 2889 2967 2967 2947 2947 2968 2968 2957 2957 2927 2927 2969 2969 2970 2970 2968 2968 2970 2970 2957 2957 2968 2968 2970 2970 2952 2952 2957 2957 2971 2971 2972 2972 2950 2950 2951 2951 2971 2971 2950 2950 2971 2971 2973 2973 2972 2972 2973 2973 2974 2974 2972 2972 2970 2970 2975 2975 2952 2952 2975 2975 2976 2976 2952 2952 2977 2977 2956 2956 2952 2952 2976 2976 2977 2977 2952 2952 2978 2978 2979 2979 2951 2951 2979 2979 2973 2973 2951 2951 2973 2973 2971 2971 2951 2951 2955 2955 2978 2978 2951 2951 2980 2980 2981 2981 2960 2960 2959 2959 2980 2980 2960 2960 2982 2982 2958 2958 2956 2956 2977 2977 2982 2982 2956 2956 2961 2961 2983 2983 2954 2954 2984 2984 2978 2978 2955 2955 2969 2969 2975 2975 2970 2970 2979 2979 2974 2974 2973 2973 2982 2982 2985 2985 2958 2958 2985 2985 2986 2986 2958 2958 2986 2986 2959 2959 2958 2958 2987 2987 2983 2983 2961 2961 2988 2988 2987 2987 2961 2961 2962 2962 2988 2988 2961 2961 2969 2969 2989 2989 2975 2975 2989 2989 2976 2976 2975 2975 2986 2986 2980 2980 2959 2959 2990 2990 2988 2988 2962 2962 2967 2967 2990 2990 2962 2962 2985 2985 2980 2980 2986 2986 2991 2991 2992 2992 2969 2969 2992 2992 2989 2989 2969 2969 2964 2964 2993 2993 2965 2965 2966 2966 2891 2891 2887 2887 2994 2994 2967 2967 2889 2889 2890 2890 2994 2994 2889 2889 2966 2966 2894 2894 2891 2891 2892 2892 2994 2994 2890 2890 2995 2995 2994 2994 2892 2892 2893 2893 2995 2995 2892 2892 2996 2996 2896 2896 2894 2894 2981 2981 2996 2996 2894 2894 2997 2997 2898 2898 2896 2896 2996 2996 2997 2997 2896 2896 2897 2897 2995 2995 2893 2893 2998 2998 2999 2999 2897 2897 2902 2902 2998 2998 2897 2897 3000 3000 2900 2900 2899 2899 3001 3001 2904 2904 2900 2900 3000 3000 3001 3001 2900 2900 2901 2901 2998 2998 2902 2902 2786 2786 2998 2998 2903 2903 2788 2788 2786 2786 2903 2903 3002 3002 3003 3003 2904 2904 3003 3003 2905 2905 2904 2904 3004 3004 2775 2775 2905 2905 3003 3003 3004 3004 2905 2905 2976 2976 3005 3005 2977 2977 3006 3006 2982 2982 2977 2977 3005 3005 3006 3006 2977 2977 2987 2987 3007 3007 2983 2983 3008 3008 2978 2978 2984 2984 3007 3007 3008 3008 2984 2984 2992 2992 3009 3009 2976 2976 2989 2989 2992 2992 2976 2976 3009 3009 3005 3005 2976 2976 3008 3008 3010 3010 2978 2978 3010 3010 3011 3011 2978 2978 3011 3011 2979 2979 2978 2978 3006 3006 3012 3012 2982 2982 3012 3012 3013 3013 2982 2982 3013 3013 2985 2985 2982 2982 3014 3014 3007 3007 2987 2987 3015 3015 3014 3014 2987 2987 2988 2988 3015 3015 2987 2987 3011 3011 2974 2974 2979 2979 3016 3016 3015 3015 2988 2988 2990 2990 3016 3016 2988 2988 3017 3017 2980 2980 2985 2985 3013 3013 3017 3017 2985 2985 3018 3018 3014 3014 3019 3019 3020 3020 3018 3018 3019 3019 3016 3016 3020 3020 3019 3019 3010 3010 2974 2974 3011 3011 3021 3021 3022 3022 3013 3013 3012 3012 3021 3021 3013 3013 2991 2991 3023 3023 2992 2992 3023 3023 3009 3009 2992 2992 3002 3002 3004 3004 3003 3003 3009 3009 3024 3024 3005 3005 3025 3025 3006 3006 3005 3005 3024 3024 3025 3025 3005 3005 3014 3014 3026 3026 3007 3007 3027 3027 3008 3008 3007 3007 3026 3026 3027 3027 3007 3007 3025 3025 3028 3028 3006 3006 3028 3028 3012 3012 3006 3006 3018 3018 3029 3029 3014 3014 3029 3029 3026 3026 3014 3014 3030 3030 3031 3031 3004 3004 3002 3002 3030 3030 3004 3004 3031 3031 2775 2775 3004 3004 2785 2785 2998 2998 2786 2786 3032 3032 3029 3029 3018 3018 3020 3020 3032 3032 3018 3018 3033 3033 3034 3034 3009 3009 3023 3023 3033 3033 3009 3009 3034 3034 3024 3024 3009 3009 3027 3027 3035 3035 3008 3008 3035 3035 3036 3036 3008 3008 3036 3036 3010 3010 3008 3008 3028 3028 3021 3021 3012 3012 3000 3000 3037 3037 3001 3001 3037 3037 3038 3038 3001 3001 2785 2785 3039 3039 2998 2998 3039 3039 2999 2999 2998 2998 2980 2980 2996 2996 2981 2981 2994 2994 2990 2990 2967 2967 2964 2964 3040 3040 2993 2993 2996 2996 3041 3041 2997 2997 3041 3041 3042 3042 2997 2997 3043 3043 2994 2994 3044 3044 3039 3039 3045 3045 2999 2999 2980 2980 3041 3041 2996 2996 3016 3016 2990 2990 2994 2994 3046 3046 3016 3016 2994 2994 3043 3043 3046 3046 2994 2994 3036 3036 2974 2974 3010 3010 3017 3017 3041 3041 2980 2980 3035 3035 2974 2974 3036 3036 2991 2991 3033 3033 3023 3023 2784 2784 3047 3047 2785 2785 2991 2991 3048 3048 3033 3033 3048 3048 3034 3034 3033 3033 3049 3049 3050 3050 3025 3025 3050 3050 3051 3051 3025 3025 3051 3051 3028 3028 3025 3025 3024 3024 3049 3049 3025 3025 3052 3052 3026 3026 3029 3029 3053 3053 3052 3052 3029 3029 3032 3032 3054 3054 3029 3029 3054 3054 3053 3053 3029 3029 3034 3034 3055 3055 3024 3024 3055 3055 3049 3049 3024 3024 3056 3056 3027 3027 3026 3026 3052 3052 3056 3056 3026 3026 3051 3051 3021 3021 3028 3028 3020 3020 3054 3054 3032 3032 3050 3050 3021 3021 3051 3051 3057 3057 3053 3053 3054 3054 3020 3020 3057 3057 3054 3054 3049 3049 3058 3058 3050 3050 3059 3059 3021 3021 3050 3050 3058 3058 3059 3059 3050 3050 3060 3060 3061 3061 3034 3034 3062 3062 3060 3060 3034 3034 3048 3048 3062 3062 3034 3034 3061 3061 3055 3055 3034 3034 3056 3056 3063 3063 3027 3027 3063 3063 3064 3064 3027 3027 3064 3064 3035 3035 3027 3027 2781 2781 3065 3065 2784 2784 3065 3065 3047 3047 2784 2784 3030 3030 3066 3066 3031 3031 3066 3066 3067 3067 3031 3031 3067 3067 2775 2775 3031 3031 3030 3030 3067 3067 3066 3066 3064 3064 2974 2974 3035 3035 3049 3049 3068 3068 3058 3058 3069 3069 3059 3059 3058 3058 3068 3068 3069 3069 3058 3058 3070 3070 3068 3068 3049 3049 3071 3071 3070 3070 3049 3049 3072 3072 3071 3071 3049 3049 3055 3055 3072 3072 3049 3049 3073 3073 3052 3052 3053 3053 3074 3074 3073 3073 3053 3053 3057 3057 3074 3074 3053 3053 3075 3075 3067 3067 3030 3030 3037 3037 3076 3076 3038 3038 3076 3076 3075 3075 3038 3038 3077 3077 3045 3045 3039 3039 3070 3070 3069 3069 3068 3068 3078 3078 3074 3074 3057 3057 3079 3079 3078 3078 3057 3057 3020 3020 3079 3079 3057 3057 3061 3061 3080 3080 3055 3055 3080 3080 3072 3072 3055 3055 3081 3081 3056 3056 3052 3052 3073 3073 3081 3081 3052 3052 2991 2991 3062 3062 3048 3048 3063 3063 2974 2974 3064 3064 3041 3041 3082 3082 3042 3042 3082 3082 3083 3083 3042 3042 3084 3084 3046 3046 3043 3043 3077 3077 3085 3085 3045 3045 2991 2991 3060 3060 3062 3062 3086 3086 2974 2974 3063 3063 3056 3056 3086 3086 3063 3063 3021 3021 3082 3082 3017 3017 3082 3082 3041 3041 3017 3017 3046 3046 3020 3020 3016 3016 3087 3087 3020 3020 3046 3046 3084 3084 3087 3087 3046 3046 3071 3071 3069 3069 3070 3070 2991 2991 3088 3088 3060 3060 3088 3088 3061 3061 3060 3060 2780 2780 3065 3065 2781 2781 3072 3072 3089 3089 3071 3071 3089 3089 3069 3069 3071 3071 3090 3090 3091 3091 3072 3072 3091 3091 3092 3092 3072 3072 3092 3092 3089 3089 3072 3072 3080 3080 3090 3090 3072 3072 3093 3093 3073 3073 3074 3074 3094 3094 3093 3093 3074 3074 3095 3095 3094 3094 3074 3074 3096 3096 3095 3095 3074 3074 3078 3078 3096 3096 3074 3074 3097 3097 3098 3098 3061 3061 3088 3088 3097 3097 3061 3061 3098 3098 3080 3080 3061 3061 3081 3081 3099 3099 3056 3056 3099 3099 3086 3086 3056 3056 3075 3075 3100 3100 3067 3067 3101 3101 2775 2775 3067 3067 3100 3100 3101 3101 3067 3067 3092 3092 3069 3069 3089 3089 3102 3102 3096 3096 3078 3078 3079 3079 3102 3102 3078 3078 3091 3091 3069 3069 3092 3092 3103 3103 3065 3065 2780 2780 2779 2779 3103 3103 2780 2780 3104 3104 3105 3105 3091 3091 3106 3106 3069 3069 3091 3091 3105 3105 3106 3106 3091 3091 3102 3102 3095 3095 3096 3096 3098 3098 3107 3107 3080 3080 3107 3107 3090 3090 3080 3080 3108 3108 3081 3081 3073 3073 3093 3093 3108 3108 3073 3073 3109 3109 3094 3094 3095 3095 3110 3110 3109 3109 3095 3095 3102 3102 3110 3110 3095 3095 3111 3111 3112 3112 3104 3104 3112 3112 3105 3105 3104 3104 3113 3113 3114 3114 3090 3090 3115 3115 3116 3116 3104 3104 3116 3116 3111 3111 3104 3104 3107 3107 3113 3113 3090 3090 3117 3117 3118 3118 3094 3094 3109 3109 3117 3117 3094 3094 3119 3119 3093 3093 3094 3094 3118 3118 3119 3119 3094 3094 3120 3120 3117 3117 3109 3109 3110 3110 3120 3120 3109 3109 3121 3121 3106 3106 3105 3105 3112 3112 3121 3121 3105 3105 3111 3111 3121 3121 3112 3112 3122 3122 3118 3118 3117 3117 3120 3120 3122 3122 3117 3117 3087 3087 3079 3079 3020 3020 3059 3059 3082 3082 3021 3021 3116 3116 3118 3118 3111 3111 3118 3118 3122 3122 3111 3111 3122 3122 3121 3121 3111 3111 3120 3120 3121 3121 3122 3122 3115 3115 3119 3119 3116 3116 3119 3119 3118 3118 3116 3116 3113 3113 3123 3123 3114 3114 3123 3123 3119 3119 3114 3114 3123 3123 3093 3093 3119 3119 3124 3124 3100 3100 3075 3075 3076 3076 3125 3125 3075 3075 3125 3125 3124 3124 3075 3075 3124 3124 3101 3101 3100 3100 2991 2991 3097 3097 3088 3088 3103 3103 3085 3085 3077 3077 3098 3098 3126 3126 3107 3107 3126 3126 3127 3127 3107 3107 3127 3127 3113 3113 3107 3107 3123 3123 3108 3108 3093 3093 3099 3099 2974 2974 3086 3086 3128 3128 2974 2974 3099 3099 3081 3081 3128 3128 3099 3099 3129 3129 3126 3126 3098 3098 3130 3130 3129 3129 3098 3098 3097 3097 3130 3130 3098 3098 3131 3131 3132 3132 3081 3081 3132 3132 3128 3128 3081 3081 3124 3124 3133 3133 3101 3101 3133 3133 2775 2775 3101 3101 2778 2778 3103 3103 2779 2779 3134 3134 3103 3103 2778 2778 2774 2774 3134 3134 2778 2778 2991 2991 3130 3130 3097 3097 3127 3127 3135 3135 3113 3113 3135 3135 3123 3123 3113 3113 3135 3135 3108 3108 3123 3123 3082 3082 3136 3136 3083 3083 3136 3136 3137 3137 3083 3083 3138 3138 3087 3087 3084 3084 3103 3103 3139 3139 3085 3085 3134 3134 2774 2774 2775 2775 3133 3133 3134 3134 2775 2775 3126 3126 3140 3140 3127 3127 3140 3140 3141 3141 3127 3127 3141 3141 3142 3142 3127 3127 3141 3141 3131 3131 3142 3142 3136 3136 3082 3082 3059 3059 3069 3069 3136 3136 3059 3059 3087 3087 3102 3102 3079 3079 3143 3143 3140 3140 3126 3126 3144 3144 3143 3143 3126 3126 3145 3145 3144 3144 3126 3126 3129 3129 3145 3145 3126 3126 3146 3146 3147 3147 3131 3131 3147 3147 3148 3148 3131 3131 3148 3148 3132 3132 3131 3131 3141 3141 3146 3146 3131 3131 3149 3149 3102 3102 3087 3087 3138 3138 3149 3149 3087 3087 3125 3125 3150 3150 3124 3124 3150 3150 3151 3151 3124 3124 3143 3143 3152 3152 3140 3140 3152 3152 3153 3153 3140 3140 3153 3153 3141 3141 3140 3140 3153 3153 3146 3146 3141 3141 3134 3134 3154 3154 3103 3103 3154 3154 3139 3139 3103 3103 2991 2991 3129 3129 3130 3130 3132 3132 2974 2974 3128 3128 2991 2991 3145 3145 3129 3129 2964 2964 3155 3155 3040 3040 3156 3156 3155 3155 2964 2964 3157 3157 3156 3156 2964 2964 3154 3154 3134 3134 3133 3133 3150 3150 3154 3154 3133 3133 3125 3125 3158 3158 3150 3150 3159 3159 3154 3154 3150 3150 3158 3158 3159 3159 3150 3150 3159 3159 3139 3139 3154 3154 3136 3136 3160 3160 3137 3137 3160 3160 3161 3161 3137 3137 3162 3162 3163 3163 3138 3138 3163 3163 3149 3149 3138 3138 3148 3148 2974 2974 3132 3132 2991 2991 3144 3144 3145 3145 3147 3147 2974 2974 3148 3148 2991 2991 3143 3143 3144 3144 3149 3149 3110 3110 3102 3102 3106 3106 3136 3136 3069 3069 3146 3146 3164 3164 3147 3147 3164 3164 2974 2974 3147 3147 2991 2991 3165 3165 3143 3143 3165 3165 3152 3152 3143 3143 3106 3106 3166 3166 3136 3136 3166 3166 3167 3167 3136 3136 3167 3167 3160 3160 3136 3136 3121 3121 3166 3166 3106 3106 3163 3163 3168 3168 3149 3149 3168 3168 3110 3110 3149 3149 3168 3168 3120 3120 3110 3110 3153 3153 3164 3164 3146 3146 3169 3169 3170 3170 3152 3152 3170 3170 3153 3153 3152 3152 3165 3165 3171 3171 3152 3152 3171 3171 3169 3169 3152 3152 3170 3170 3164 3164 3153 3153 3160 3160 3162 3162 3161 3161 3167 3167 3163 3163 3160 3160 3163 3163 3162 3162 3160 3160 3166 3166 3168 3168 3167 3167 3168 3168 3163 3163 3167 3167 3121 3121 3120 3120 3166 3166 3120 3120 3168 3168 3166 3166 3157 3157 3172 3172 3156 3156 3157 3157 3173 3173 3172 3172 3174 3174 3175 3175 3157 3157 3175 3175 3173 3173 3157 3157 3176 3176 3164 3164 3170 3170 3177 3177 3176 3176 3170 3170 3178 3178 3176 3176 3177 3177 3179 3179 3176 3176 3178 3178 3180 3180 3176 3176 3179 3179 3181 3181 3182 3182 3175 3175 3181 3181 3183 3183 3182 3182 3184 3184 3183 3183 3181 3181 3185 3185 3184 3184 3181 3181 3186 3186 3176 3176 3180 3180 3187 3187 3186 3186 3180 3180 3188 3188 3186 3186 3187 3187 3185 3185 3189 3189 3184 3184 3190 3190 3186 3186 3188 3188 3185 3185 3191 3191 3189 3189 3191 3191 3192 3192 3189 3189 3193 3193 3186 3186 3190 3190 3194 3194 3195 3195 3186 3186 3196 3196 3194 3194 3186 3186 3193 3193 3196 3196 3186 3186 3191 3191 3197 3197 3192 3192 3197 3197 3198 3198 3192 3192 3197 3197 3199 3199 3198 3198 3200 3200 3199 3199 3197 3197 3200 3200 3201 3201 3199 3199 3202 3202 3195 3195 3194 3194 3200 3200 3203 3203 3201 3201 3204 3204 3195 3195 3202 3202 3204 3204 3205 3205 3195 3195 3205 3205 3206 3206 3195 3195 3200 3200 3207 3207 3203 3203 3200 3200 3208 3208 3207 3207 3209 3209 3208 3208 3200 3200 3210 3210 3206 3206 3205 3205 3211 3211 3206 3206 3210 3210 3211 3211 3212 3212 3206 3206 3213 3213 3212 3212 3211 3211 3209 3209 3214 3214 3208 3208 3209 3209 3215 3215 3214 3214 3212 3212 3215 3215 3209 3209 3215 3215 3212 3212 3213 3213 3216 3216 3217 3217 3218 3218 3219 3219 3217 3217 3216 3216 3220 3220 3221 3221 3222 3222 3221 3221 3223 3223 3222 3222 3224 3224 3225 3225 3226 3226 3227 3227 3225 3225 3224 3224 3228 3228 3229 3229 3230 3230 3231 3231 3228 3228 3230 3230 3229 3229 3232 3232 3230 3230 3232 3232 3233 3233 3230 3230 3233 3233 3234 3234 3230 3230 3235 3235 3228 3228 3231 3231 3236 3236 3235 3235 3231 3231 3233 3233 3237 3237 3234 3234 3237 3237 3238 3238 3234 3234 3238 3238 3239 3239 3234 3234 3238 3238 3240 3240 3239 3239 3240 3240 3241 3241 3239 3239 3242 3242 3235 3235 3236 3236 3243 3243 3242 3242 3236 3236 3244 3244 3242 3242 3243 3243 3240 3240 3245 3245 3241 3241 3245 3245 3246 3246 3241 3241 3245 3245 3247 3247 3246 3246 3248 3248 3249 3249 3247 3247 3245 3245 3248 3248 3247 3247 3250 3250 3251 3251 3244 3244 3252 3252 3242 3242 3244 3244 3251 3251 3252 3252 3244 3244 3253 3253 3251 3251 3250 3250 3254 3254 3251 3251 3253 3253 3248 3248 3255 3255 3249 3249 3256 3256 3245 3245 3240 3240 3257 3257 3245 3245 3256 3256 3258 3258 3259 3259 3255 3255 3260 3260 3258 3258 3255 3255 3248 3248 3260 3260 3255 3255 3261 3261 3262 3262 3248 3248 3262 3262 3260 3260 3248 3248 3263 3263 3261 3261 3248 3248 3245 3245 3263 3263 3248 3248 3257 3257 3264 3264 3245 3245 3264 3264 3263 3263 3245 3245 3265 3265 3264 3264 3257 3257 3251 3251 3266 3266 3252 3252 3267 3267 3268 3268 3251 3251 3254 3254 3267 3267 3251 3251 3269 3269 3270 3270 3251 3251 3271 3271 3269 3269 3251 3251 3268 3268 3271 3271 3251 3251 3270 3270 3266 3266 3251 3251 3272 3272 3267 3267 3254 3254 3273 3273 3272 3272 3254 3254 3258 3258 3274 3274 3259 3259 3274 3274 3275 3275 3259 3259 3274 3274 3276 3276 3275 3275 3277 3277 3272 3272 3273 3273 3278 3278 3277 3277 3273 3273 3279 3279 3277 3277 3278 3278 3280 3280 3279 3279 3278 3278 3269 3269 3281 3281 3270 3270 3282 3282 3283 3283 3276 3276 3274 3274 3282 3282 3276 3276 3284 3284 3264 3264 3265 3265 3285 3285 3286 3286 3283 3283 3282 3282 3285 3285 3283 3283 3269 3269 3287 3287 3281 3281 3269 3269 3288 3288 3287 3287 3289 3289 3264 3264 3284 3284 3290 3290 3279 3279 3280 3280 3291 3291 3290 3290 3280 3280 3292 3292 3291 3291 3280 3280 3269 3269 3293 3293 3288 3288 3293 3293 3264 3264 3289 3289 3294 3294 3285 3285 3282 3282 3295 3295 3269 3269 3271 3271 3269 3269 3264 3264 3293 3293 3285 3285 3296 3296 3286 3286 3297 3297 3291 3291 3292 3292 3298 3298 3291 3291 3297 3297 3263 3263 3299 3299 3261 3261 3285 3285 3300 3300 3296 3296 3301 3301 3285 3285 3294 3294 3302 3302 3269 3269 3295 3295 3263 3263 3303 3303 3299 3299 3291 3291 3304 3304 3290 3290 3285 3285 3305 3305 3300 3300 3305 3305 3306 3306 3300 3300 3306 3306 3307 3307 3300 3300 3301 3301 3308 3308 3285 3285 3308 3308 3305 3305 3285 3285 3263 3263 3309 3309 3303 3303 3264 3264 3310 3310 3263 3263 3310 3310 3309 3309 3263 3263 3311 3311 3310 3310 3264 3264 3269 3269 3311 3311 3264 3264 3302 3302 3312 3312 3269 3269 3312 3312 3313 3313 3269 3269 3313 3313 3311 3311 3269 3269 3291 3291 3314 3314 3304 3304 3315 3315 3314 3314 3291 3291 3298 3298 3316 3316 3291 3291 3316 3316 3315 3315 3291 3291 3317 3317 3305 3305 3308 3308 3318 3318 3313 3313 3312 3312 3306 3306 3319 3319 3307 3307 3310 3310 3320 3320 3309 3309 3315 3315 3321 3321 3314 3314 3322 3322 3305 3305 3317 3317 3323 3323 3313 3313 3318 3318 3310 3310 3324 3324 3320 3320 3315 3315 3325 3325 3321 3321 3310 3310 3305 3305 3322 3322 3324 3324 3310 3310 3322 3322 3325 3325 3313 3313 3323 3323 3315 3315 3313 3313 3325 3325 3306 3306 3326 3326 3319 3319 3326 3326 3327 3327 3319 3319 3327 3327 3328 3328 3319 3319 3305 3305 3329 3329 3306 3306 3329 3329 3330 3330 3306 3306 3330 3330 3331 3331 3306 3306 3331 3331 3326 3326 3306 3306 3332 3332 3333 3333 3305 3305 3334 3334 3332 3332 3305 3305 3333 3333 3335 3335 3305 3305 3335 3335 3329 3329 3305 3305 3336 3336 3334 3334 3305 3305 3310 3310 3336 3336 3305 3305 3337 3337 3336 3336 3310 3310 3311 3311 3337 3337 3310 3310 3313 3313 3338 3338 3311 3311 3338 3338 3337 3337 3311 3311 3339 3339 3338 3338 3313 3313 3315 3315 3339 3339 3313 3313 3340 3340 3341 3341 3315 3315 3342 3342 3340 3340 3315 3315 3316 3316 3343 3343 3315 3315 3343 3343 3342 3342 3315 3315 3341 3341 3339 3339 3315 3315 3344 3344 3343 3343 3316 3316 3327 3327 3345 3345 3328 3328 3346 3346 3347 3347 3344 3344 3347 3347 3343 3343 3344 3344 3348 3348 3349 3349 3346 3346 3349 3349 3347 3347 3346 3346 3327 3327 3350 3350 3345 3345 3351 3351 3352 3352 3350 3350 3352 3352 3353 3353 3350 3350 3327 3327 3354 3354 3350 3350 3354 3354 3351 3351 3350 3350 3355 3355 3353 3353 3352 3352 3356 3356 3357 3357 3355 3355 3357 3357 3353 3353 3355 3355 3357 3357 3358 3358 3353 3353 3336 3336 3359 3359 3334 3334 3357 3357 3360 3360 3358 3358 3361 3361 3362 3362 3348 3348 3363 3363 3361 3361 3348 3348 3362 3362 3364 3364 3348 3348 3364 3364 3349 3349 3348 3348 3357 3357 3365 3365 3360 3360 3336 3336 3366 3366 3359 3359 3367 3367 3357 3357 3356 3356 3336 3336 3368 3368 3366 3366 3336 3336 3369 3369 3368 3368 3370 3370 3357 3357 3367 3367 3371 3371 3370 3370 3367 3367 3372 3372 3370 3370 3371 3371 3373 3373 3341 3341 3340 3340 3363 3363 3374 3374 3361 3361 3336 3336 3375 3375 3369 3369 3376 3376 3374 3374 3363 3363 3377 3377 3376 3376 3363 3363 3378 3378 3379 3379 3375 3375 3336 3336 3378 3378 3375 3375 3378 3378 3370 3370 3372 3372 3379 3379 3378 3378 3372 3372 3376 3376 3380 3380 3374 3374 3381 3381 3341 3341 3373 3373 3376 3376 3382 3382 3380 3380 3383 3383 3384 3384 3365 3365 3357 3357 3385 3385 3365 3365 3385 3385 3383 3383 3365 3365 3370 3370 3386 3386 3357 3357 3386 3386 3387 3387 3357 3357 3387 3387 3385 3385 3357 3357 3388 3388 3386 3386 3370 3370 3389 3389 3388 3388 3370 3370 3378 3378 3389 3389 3370 3370 3390 3390 3389 3389 3378 3378 3391 3391 3390 3390 3378 3378 3336 3336 3391 3391 3378 3378 3392 3392 3391 3391 3336 3336 3337 3337 3392 3392 3336 3336 3338 3338 3393 3393 3337 3337 3393 3393 3392 3392 3337 3337 3394 3394 3393 3393 3338 3338 3395 3395 3396 3396 3338 3338 3396 3396 3397 3397 3338 3338 3397 3397 3394 3394 3338 3338 3398 3398 3395 3395 3338 3338 3339 3339 3398 3398 3338 3338 3399 3399 3398 3398 3339 3339 3400 3400 3401 3401 3339 3339 3401 3401 3402 3402 3339 3339 3402 3402 3399 3399 3339 3339 3341 3341 3400 3400 3339 3339 3381 3381 3403 3403 3341 3341 3403 3403 3404 3404 3341 3341 3404 3404 3400 3400 3341 3341 3376 3376 3405 3405 3382 3382 3406 3406 3405 3405 3376 3376 3407 3407 3406 3406 3376 3376 3377 3377 3407 3407 3376 3376 3408 3408 3407 3407 3377 3377 3409 3409 3407 3407 3408 3408 3383 3383 3410 3410 3384 3384 3411 3411 3407 3407 3409 3409 3412 3412 3404 3404 3403 3403 3413 3413 3414 3414 3410 3410 3383 3383 3413 3413 3410 3410 3407 3407 3415 3415 3406 3406 3407 3407 3416 3416 3415 3415 3417 3417 3404 3404 3412 3412 3407 3407 3418 3418 3416 3416 3418 3418 3407 3407 3417 3417 3407 3407 3404 3404 3417 3417 3419 3419 3414 3414 3413 3413 3391 3391 3420 3420 3390 3390 3421 3421 3414 3414 3419 3419 3422 3422 3394 3394 3397 3397 3391 3391 3423 3423 3420 3420 3421 3421 3424 3424 3414 3414 3425 3425 3424 3424 3421 3421 3391 3391 3426 3426 3423 3423 3427 3427 3426 3426 3391 3391 3392 3392 3427 3427 3391 3391 3393 3393 3428 3428 3392 3392 3428 3428 3427 3427 3392 3392 3429 3429 3428 3428 3393 3393 3394 3394 3430 3430 3393 3393 3430 3430 3431 3431 3393 3393 3431 3431 3429 3429 3393 3393 3422 3422 3430 3430 3394 3394 3400 3400 3432 3432 3401 3401 3433 3433 3434 3434 3400 3400 3434 3434 3435 3435 3400 3400 3435 3435 3432 3432 3400 3400 3404 3404 3433 3433 3400 3400 3407 3407 3436 3436 3404 3404 3436 3436 3433 3433 3404 3404 3411 3411 3437 3437 3407 3407 3437 3437 3436 3436 3407 3407 3438 3438 3437 3437 3411 3411 3439 3439 3440 3440 3425 3425 3440 3440 3424 3424 3425 3425 3427 3427 3441 3441 3426 3426 3442 3442 3437 3437 3438 3438 3443 3443 3444 3444 3441 3441 3427 3427 3443 3443 3441 3441 3445 3445 3446 3446 3439 3439 3446 3446 3447 3447 3439 3439 3447 3447 3440 3440 3439 3439 3448 3448 3437 3437 3442 3442 3443 3443 3449 3449 3444 3444 3450 3450 3446 3446 3445 3445 3443 3443 3446 3446 3450 3450 3449 3449 3443 3443 3450 3450 3451 3451 3429 3429 3431 3431 3446 3446 3452 3452 3447 3447 3452 3452 3453 3453 3447 3447 3453 3453 3454 3454 3447 3447 3454 3454 3455 3455 3447 3447 3456 3456 3457 3457 3446 3446 3443 3443 3456 3456 3446 3446 3457 3457 3452 3452 3446 3446 3458 3458 3459 3459 3443 3443 3460 3460 3456 3456 3443 3443 3459 3459 3460 3460 3443 3443 3461 3461 3458 3458 3443 3443 3427 3427 3461 3461 3443 3443 3462 3462 3461 3461 3427 3427 3428 3428 3462 3462 3427 3427 3463 3463 3462 3462 3428 3428 3429 3429 3463 3463 3428 3428 3464 3464 3465 3465 3429 3429 3451 3451 3464 3464 3429 3429 3466 3466 3463 3463 3429 3429 3465 3465 3466 3466 3429 3429 3433 3433 3467 3467 3434 3434 3468 3468 3469 3469 3433 3433 3469 3469 3467 3467 3433 3433 3436 3436 3468 3468 3433 3433 3470 3470 3471 3471 3436 3436 3472 3472 3473 3473 3436 3436 3473 3473 3474 3474 3436 3436 3474 3474 3470 3470 3436 3436 3475 3475 3476 3476 3436 3436 3476 3476 3477 3477 3436 3436 3477 3477 3472 3472 3436 3436 3437 3437 3475 3475 3436 3436 3471 3471 3468 3468 3436 3436 3478 3478 3479 3479 3437 3437 3479 3479 3480 3480 3437 3437 3448 3448 3478 3478 3437 3437 3480 3480 3475 3475 3437 3437 3481 3481 3482 3482 3448 3448 3482 3482 3478 3478 3448 3448 3483 3483 3455 3455 3454 3454 3481 3481 3484 3484 3482 3482 3485 3485 3455 3455 3483 3483 3486 3486 3485 3485 3483 3483 3487 3487 3488 3488 3472 3472 3488 3488 3473 3473 3472 3472 3489 3489 3484 3484 3481 3481 3490 3490 3491 3491 3489 3489 3491 3491 3484 3484 3489 3489 3486 3486 3492 3492 3485 3485 3461 3461 3493 3493 3458 3458 3494 3494 3492 3492 3486 3486 3495 3495 3488 3488 3487 3487 3496 3496 3466 3466 3465 3465 3461 3461 3497 3497 3493 3493 3490 3490 3498 3498 3491 3491 3499 3499 3500 3500 3498 3498 3501 3501 3502 3502 3498 3498 3502 3502 3503 3503 3498 3498 3503 3503 3499 3499 3498 3498 3500 3500 3504 3504 3498 3498 3505 3505 3501 3501 3498 3498 3490 3490 3505 3505 3498 3498 3506 3506 3492 3492 3494 3494 3507 3507 3506 3506 3494 3494 3508 3508 3488 3488 3495 3495 3461 3461 3509 3509 3497 3497 3500 3500 3510 3510 3504 3504 3511 3511 3506 3506 3507 3507 3512 3512 3511 3511 3507 3507 3513 3513 3488 3488 3508 3508 3510 3510 3513 3513 3508 3508 3514 3514 3511 3511 3512 3512 3509 3509 3514 3514 3512 3512 3461 3461 3514 3514 3509 3509 3500 3500 3513 3513 3510 3510 3468 3468 3515 3515 3469 3469 3516 3516 3466 3466 3496 3496 3468 3468 3517 3517 3515 3515 3518 3518 3501 3501 3505 3505 3519 3519 3520 3520 3516 3516 3520 3520 3466 3466 3516 3516 3521 3521 3520 3520 3519 3519 3468 3468 3522 3522 3517 3517 3523 3523 3520 3520 3521 3521 3468 3468 3524 3524 3522 3522 3525 3525 3471 3471 3470 3470 3526 3526 3520 3520 3523 3523 3468 3468 3526 3526 3524 3524 3468 3468 3520 3520 3526 3526 3527 3527 3501 3501 3518 3518 3514 3514 3528 3528 3511 3511 3529 3529 3501 3501 3527 3527 3501 3501 3530 3530 3502 3502 3514 3514 3531 3531 3528 3528 3532 3532 3471 3471 3525 3525 3514 3514 3533 3533 3531 3531 3534 3534 3535 3535 3514 3514 3461 3461 3534 3534 3514 3514 3535 3535 3536 3536 3514 3514 3536 3536 3533 3533 3514 3514 3537 3537 3534 3534 3461 3461 3462 3462 3538 3538 3461 3461 3538 3538 3539 3539 3461 3461 3539 3539 3537 3537 3461 3461 3540 3540 3538 3538 3462 3462 3463 3463 3541 3541 3462 3462 3541 3541 3542 3542 3462 3462 3542 3542 3540 3540 3462 3462 3543 3543 3544 3544 3463 3463 3545 3545 3543 3543 3463 3463 3544 3544 3546 3546 3463 3463 3546 3546 3541 3541 3463 3463 3547 3547 3545 3545 3463 3463 3466 3466 3547 3547 3463 3463 3548 3548 3547 3547 3466 3466 3520 3520 3548 3548 3466 3466 3549 3549 3548 3548 3520 3520 3468 3468 3549 3549 3520 3520 3550 3550 3549 3549 3468 3468 3471 3471 3550 3550 3468 3468 3532 3532 3551 3551 3471 3471 3552 3552 3550 3550 3471 3471 3551 3551 3552 3552 3471 3471 3501 3501 3553 3553 3530 3530 3529 3529 3554 3554 3501 3501 3555 3555 3553 3553 3501 3501 3554 3554 3555 3555 3501 3501 3554 3554 3556 3556 3555 3555 3557 3557 3552 3552 3551 3551 3558 3558 3556 3556 3554 3554 3559 3559 3558 3558 3554 3554 3559 3559 3560 3560 3558 3558 3561 3561 3552 3552 3557 3557 3562 3562 3536 3536 3535 3535 3559 3559 3563 3563 3560 3560 3563 3563 3564 3564 3560 3560 3564 3564 3565 3565 3561 3561 3565 3565 3552 3552 3561 3561 3563 3563 3565 3565 3564 3564 3566 3566 3567 3567 3562 3562 3567 3567 3536 3536 3562 3562 3547 3547 3568 3568 3545 3545 3547 3547 3569 3569 3568 3568 3570 3570 3567 3567 3566 3566 3570 3570 3571 3571 3567 3567 3571 3571 3572 3572 3567 3567 3547 3547 3573 3573 3569 3569 3574 3574 3573 3573 3547 3547 3575 3575 3574 3574 3547 3547 3548 3548 3576 3576 3547 3547 3576 3576 3577 3577 3547 3547 3577 3577 3575 3575 3547 3547 3578 3578 3579 3579 3548 3548 3580 3580 3578 3578 3548 3548 3579 3579 3581 3581 3548 3548 3581 3581 3576 3576 3548 3548 3549 3549 3580 3580 3548 3548 3550 3550 3582 3582 3549 3549 3582 3582 3580 3580 3549 3549 3583 3583 3584 3584 3550 3550 3552 3552 3583 3583 3550 3550 3584 3584 3585 3585 3550 3550 3585 3585 3586 3586 3550 3550 3586 3586 3587 3587 3550 3550 3587 3587 3582 3582 3550 3550 3588 3588 3589 3589 3552 3552 3590 3590 3583 3583 3552 3552 3589 3589 3590 3590 3552 3552 3565 3565 3591 3591 3552 3552 3591 3591 3592 3592 3552 3552 3592 3592 3588 3588 3552 3552 3574 3574 3593 3593 3573 3573 3574 3574 3594 3594 3593 3593 3595 3595 3572 3572 3571 3571 3596 3596 3572 3572 3595 3595 3597 3597 3596 3596 3595 3595 3598 3598 3599 3599 3594 3594 3574 3574 3598 3598 3594 3594 3600 3600 3601 3601 3599 3599 3598 3598 3600 3600 3599 3599 3602 3602 3596 3596 3597 3597 3601 3601 3602 3602 3597 3597 3600 3600 3602 3602 3601 3601 3603 3603 3588 3588 3592 3592 3604 3604 3574 3574 3575 3575 3605 3605 3587 3587 3586 3586 3580 3580 3606 3606 3578 3578 3588 3588 3607 3607 3589 3589 3574 3574 3608 3608 3598 3598 3604 3604 3609 3609 3574 3574 3609 3609 3610 3610 3574 3574 3610 3610 3611 3611 3574 3574 3611 3611 3608 3608 3574 3574 3580 3580 3612 3612 3606 3606 3613 3613 3612 3612 3580 3580 3614 3614 3613 3613 3580 3580 3582 3582 3614 3614 3580 3580 3615 3615 3616 3616 3582 3582 3616 3616 3617 3617 3582 3582 3617 3617 3618 3618 3582 3582 3618 3618 3619 3619 3582 3582 3587 3587 3615 3615 3582 3582 3619 3619 3614 3614 3582 3582 3605 3605 3620 3620 3587 3587 3621 3621 3622 3622 3587 3587 3623 3623 3621 3621 3587 3587 3624 3624 3623 3623 3587 3587 3620 3620 3624 3624 3587 3587 3622 3622 3625 3625 3587 3587 3625 3625 3626 3626 3587 3587 3626 3626 3627 3627 3587 3587 3627 3627 3615 3615 3587 3587 3588 3588 3628 3628 3607 3607 3629 3629 3628 3628 3588 3588 3630 3630 3629 3629 3588 3588 3631 3631 3630 3630 3588 3588 3603 3603 3631 3631 3588 3588 3632 3632 3610 3610 3609 3609 3629 3629 3633 3633 3628 3628 3634 3634 3610 3610 3632 3632 3635 3635 3623 3623 3624 3624 3614 3614 3636 3636 3613 3613 3629 3629 3637 3637 3633 3633 3638 3638 3610 3610 3634 3634 3639 3639 3638 3638 3634 3634 3640 3640 3623 3623 3635 3635 3614 3614 3641 3641 3636 3636 3642 3642 3643 3643 3637 3637 3644 3644 3642 3642 3637 3637 3629 3629 3645 3645 3637 3637 3645 3645 3644 3644 3637 3637 3646 3646 3638 3638 3639 3639 3647 3647 3646 3646 3639 3639 3641 3641 3647 3647 3639 3639 3643 3643 3648 3648 3640 3640 3648 3648 3623 3623 3640 3640 3614 3614 3647 3647 3641 3641 3642 3642 3648 3648 3643 3643 3649 3649 3619 3619 3618 3618 3623 3623 3650 3650 3621 3621 3651 3651 3619 3619 3649 3649 3623 3623 3652 3652 3650 3650 3623 3623 3653 3653 3652 3652 3614 3614 3654 3654 3647 3647 3655 3655 3656 3656 3614 3614 3656 3656 3654 3654 3614 3614 3619 3619 3655 3655 3614 3614 3651 3651 3657 3657 3619 3619 3657 3657 3655 3655 3619 3619 3658 3658 3657 3657 3651 3651 3659 3659 3660 3660 3653 3653 3661 3661 3659 3659 3653 3653 3623 3623 3661 3661 3653 3653 3662 3662 3661 3661 3623 3623 3648 3648 3663 3663 3623 3623 3663 3663 3662 3662 3623 3623 3664 3664 3657 3657 3658 3658 3665 3665 3664 3664 3658 3658 3666 3666 3667 3667 3660 3660 3659 3659 3666 3666 3660 3660 3668 3668 3669 3669 3667 3667 3666 3666 3668 3668 3667 3667 3670 3670 3664 3664 3665 3665 3671 3671 3670 3670 3665 3665 3668 3668 3672 3672 3669 3669 3672 3672 3670 3670 3671 3671 3668 3668 3673 3673 3672 3672 3673 3673 3670 3670 3672 3672 3674 3674 3675 3675 3676 3676 3677 3677 3674 3674 3676 3676 3678 3678 3674 3674 3677 3677 3674 3674 3679 3679 3675 3675 3680 3680 3674 3674 3678 3678 3674 3674 3681 3681 3679 3679 3682 3682 3674 3674 3680 3680 3683 3683 3684 3684 3680 3680 3684 3684 3685 3685 3680 3680 3685 3685 3682 3682 3680 3680 3686 3686 3687 3687 3683 3683 3687 3687 3684 3684 3683 3683 3674 3674 3688 3688 3681 3681 3689 3689 3687 3687 3686 3686 3690 3690 3691 3691 3686 3686 3691 3691 3692 3692 3686 3686 3692 3692 3693 3693 3686 3686 3693 3693 3689 3689 3686 3686 3694 3694 3695 3695 3686 3686 3695 3695 3696 3696 3686 3686 3696 3696 3690 3690 3686 3686 3697 3697 3694 3694 3686 3686 3698 3698 3697 3697 3686 3686 3674 3674 3699 3699 3688 3688 3700 3700 3697 3697 3698 3698 3674 3674 3701 3701 3699 3699 3702 3702 3697 3697 3700 3700 3674 3674 3703 3703 3701 3701 3704 3704 3697 3697 3702 3702 3674 3674 3705 3705 3703 3703 3706 3706 3697 3697 3704 3704 3674 3674 3707 3707 3705 3705 3708 3708 3697 3697 3706 3706 3709 3709 3710 3710 3707 3707 3711 3711 3709 3709 3707 3707 3674 3674 3711 3711 3707 3707 3712 3712 3697 3697 3708 3708 3713 3713 3697 3697 3712 3712 3714 3714 3715 3715 3716 3716 3717 3717 3718 3718 3714 3714 3718 3718 3715 3715 3714 3714 3719 3719 3720 3720 3721 3721 3722 3722 3719 3719 3721 3721 3722 3722 3723 3723 3719 3719 3723 3723 3724 3724 3719 3719 3725 3725 3726 3726 3723 3723 3725 3725 3727 3727 3726 3726 3727 3727 3728 3728 3726 3726 3729 3729 3728 3728 3727 3727 3729 3729 3730 3730 3728 3728 3730 3730 3731 3731 3728 3728 3732 3732 3731 3731 3730 3730 3733 3733 3734 3734 3735 3735 3736 3736 3733 3733 3735 3735 3737 3737 3736 3736 3735 3735 3738 3738 3736 3736 3737 3737 3739 3739 3738 3738 3737 3737 3740 3740 3741 3741 3734 3734 3733 3733 3740 3740 3734 3734 3742 3742 3738 3738 3739 3739 3743 3743 3742 3742 3739 3739 3744 3744 3741 3741 3740 3740 3744 3744 3745 3745 3741 3741 3746 3746 3745 3745 3744 3744 3747 3747 3742 3742 3743 3743 3748 3748 3747 3747 3743 3743 3749 3749 3750 3750 3746 3746 3750 3750 3745 3745 3746 3746 3751 3751 3747 3747 3748 3748 3752 3752 3751 3751 3748 3748 3753 3753 3754 3754 3749 3749 3754 3754 3750 3750 3749 3749 3752 3752 3755 3755 3751 3751 3756 3756 3757 3757 3753 3753 3757 3757 3754 3754 3753 3753 3758 3758 3755 3755 3752 3752 3758 3758 3759 3759 3755 3755 3759 3759 3760 3760 3756 3756 3760 3760 3757 3757 3756 3756 3758 3758 3760 3760 3759 3759 3761 3761 3762 3762 3763 3763 3762 3762 3764 3764 3763 3763 3765 3765 3766 3766 3767 3767 3766 3766 3768 3768 3767 3767 3769 3769 3770 3770 3765 3765 3770 3770 3766 3766 3765 3765 3771 3771 3772 3772 3773 3773 3774 3774 3772 3772 3771 3771 3775 3775 3776 3776 3777 3777 3776 3776 3778 3778 3777 3777 3778 3778 3779 3779 3777 3777 3778 3778 3780 3780 3779 3779 3780 3780 3781 3781 3779 3779 3780 3780 3782 3782 3781 3781 3780 3780 3783 3783 3782 3782 3784 3784 3785 3785 3780 3780 3785 3785 3786 3786 3780 3780 3786 3786 3787 3787 3780 3780 3787 3787 3783 3783 3780 3780 3788 3788 3784 3784 3780 3780 3789 3789 3788 3788 3780 3780 3790 3790 3788 3788 3789 3789 3791 3791 3792 3792 3790 3790 3793 3793 3788 3788 3790 3790 3794 3794 3791 3791 3790 3790 3795 3795 3794 3794 3790 3790 3792 3792 3796 3796 3790 3790 3796 3796 3797 3797 3790 3790 3797 3797 3793 3793 3790 3790 3798 3798 3794 3794 3795 3795 3799 3799 3794 3794 3798 3798 3800 3800 3794 3794 3799 3799 3801 3801 3794 3794 3800 3800 3802 3802 3794 3794 3801 3801 3803 3803 3794 3794 3802 3802 3804 3804 3794 3794 3803 3803 3805 3805 3794 3794 3804 3804 3806 3806 3805 3805 3804 3804 3807 3807 3808 3808 3809 3809 3810 3810 3808 3808 3807 3807 3810 3810 3811 3811 3808 3808 3812 3812 3813 3813 3810 3810 3813 3813 3811 3811 3810 3810 3812 3812 3814 3814 3813 3813 3815 3815 3816 3816 3792 3792 3817 3817 3815 3815 3792 3792 3816 3816 3818 3818 3792 3792 3818 3818 3796 3796 3792 3792 3819 3819 3814 3814 3812 3812 3820 3820 3821 3821 3814 3814 3822 3822 3820 3820 3814 3814 3819 3819 3822 3822 3814 3814 3823 3823 3824 3824 3817 3817 3824 3824 3825 3825 3817 3817 3825 3825 3826 3826 3817 3817 3827 3827 3815 3815 3817 3817 3826 3826 3827 3827 3817 3817 3828 3828 3829 3829 3830 3830 3829 3829 3831 3831 3830 3830 3831 3831 3832 3832 3830 3830 3820 3820 3833 3833 3821 3821 3831 3831 3834 3834 3832 3832 3834 3834 3835 3835 3832 3832 3820 3820 3836 3836 3823 3823 3837 3837 3820 3820 3823 3823 3836 3836 3838 3838 3823 3823 3838 3838 3824 3824 3823 3823 3820 3820 3837 3837 3833 3833 3786 3786 3831 3831 3829 3829 3834 3834 3839 3839 3835 3835 3785 3785 3831 3831 3786 3786 3834 3834 3840 3840 3839 3839 3841 3841 3822 3822 3842 3842 3843 3843 3841 3841 3842 3842 3844 3844 3843 3843 3842 3842 3845 3845 3846 3846 3842 3842 3846 3846 3847 3847 3842 3842 3847 3847 3844 3844 3842 3842 3785 3785 3848 3848 3831 3831 3841 3841 3820 3820 3822 3822 3785 3785 3849 3849 3848 3848 3785 3785 3850 3850 3849 3849 3850 3850 3851 3851 3849 3849 3850 3850 3852 3852 3851 3851 3850 3850 3853 3853 3852 3852 3850 3850 3854 3854 3853 3853 3797 3797 3855 3855 3793 3793 3855 3855 3856 3856 3793 3793 3857 3857 3858 3858 3856 3856 3859 3859 3857 3857 3856 3856 3860 3860 3861 3861 3856 3856 3861 3861 3862 3862 3856 3856 3862 3862 3859 3859 3856 3856 3863 3863 3864 3864 3856 3856 3864 3864 3865 3865 3856 3856 3865 3865 3860 3860 3856 3856 3866 3866 3863 3863 3856 3856 3855 3855 3867 3867 3856 3856 3867 3867 3866 3866 3856 3856 3857 3857 3868 3868 3858 3858 3857 3857 3869 3869 3868 3868 3857 3857 3870 3870 3869 3869 3870 3870 3871 3871 3872 3872 3871 3871 3873 3873 3872 3872 3873 3873 3874 3874 3872 3872 3875 3875 3876 3876 3870 3870 3857 3857 3875 3875 3870 3870 3876 3876 3877 3877 3870 3870 3877 3877 3871 3871 3870 3870 3873 3873 3878 3878 3874 3874 3873 3873 3879 3879 3878 3878 3873 3873 3880 3880 3879 3879 3881 3881 3815 3815 3827 3827 3882 3882 3883 3883 3827 3827 3883 3883 3884 3884 3827 3827 3884 3884 3881 3881 3827 3827 3885 3885 3886 3886 3882 3882 3886 3886 3883 3883 3882 3882 3887 3887 3881 3881 3884 3884 3888 3888 3816 3816 3815 3815 3889 3889 3888 3888 3815 3815 3890 3890 3891 3891 3875 3875 3857 3857 3890 3890 3875 3875 3892 3892 3893 3893 3891 3891 3894 3894 3892 3892 3891 3891 3890 3890 3894 3894 3891 3891 3895 3895 3888 3888 3889 3889 3894 3894 3896 3896 3892 3892 3894 3894 3897 3897 3896 3896 3895 3895 3898 3898 3888 3888 3899 3899 3898 3898 3895 3895 3900 3900 3863 3863 3866 3866 3901 3901 3863 3863 3900 3900 3899 3899 3902 3902 3898 3898 3903 3903 3904 3904 3901 3901 3904 3904 3905 3905 3901 3901 3905 3905 3863 3863 3901 3901 3906 3906 3907 3907 3902 3902 3899 3899 3906 3906 3902 3902 3908 3908 3907 3907 3906 3906 3909 3909 3910 3910 3903 3903 3910 3910 3904 3904 3903 3903 3911 3911 3912 3912 3909 3909 3912 3912 3913 3913 3909 3909 3913 3913 3910 3910 3909 3909 3863 3863 3914 3914 3864 3864 3914 3914 3915 3915 3864 3864 3915 3915 3916 3916 3864 3864 3916 3916 3917 3917 3864 3864 3917 3917 3918 3918 3864 3864 3917 3917 3919 3919 3918 3918 3917 3917 3920 3920 3919 3919 3921 3921 3922 3922 3923 3923 3924 3924 3921 3921 3923 3923 3925 3925 3924 3924 3923 3923 3926 3926 3927 3927 3922 3922 3921 3921 3926 3926 3922 3922 3928 3928 3924 3924 3925 3925 3929 3929 3928 3928 3925 3925 3930 3930 3931 3931 3927 3927 3932 3932 3930 3930 3927 3927 3933 3933 3928 3928 3929 3929 3934 3934 3933 3933 3929 3929 3935 3935 3936 3936 3921 3921 3936 3936 3937 3937 3921 3921 3937 3937 3938 3938 3921 3921 3939 3939 3940 3940 3932 3932 3940 3940 3941 3941 3932 3932 3941 3941 3930 3930 3932 3932 3942 3942 3943 3943 3931 3931 3944 3944 3942 3942 3931 3931 3945 3945 3936 3936 3935 3935 3928 3928 3946 3946 3924 3924 3947 3947 3948 3948 3949 3949 3950 3950 3945 3945 3935 3935 3941 3941 3951 3951 3930 3930 3951 3951 3952 3952 3930 3930 3953 3953 3933 3933 3934 3934 3954 3954 3953 3953 3934 3934 3955 3955 3956 3956 3928 3928 3956 3956 3946 3946 3928 3928 3951 3951 3957 3957 3952 3952 3957 3957 3958 3958 3952 3952 3958 3958 3959 3959 3952 3952 3959 3959 3943 3943 3952 3952 3959 3959 3960 3960 3943 3943 3947 3947 3961 3961 3948 3948 3962 3962 3963 3963 3933 3933 3964 3964 3962 3962 3933 3933 3963 3963 3965 3965 3933 3933 3966 3966 3956 3956 3955 3955 3956 3956 3961 3961 3947 3947 3967 3967 3953 3953 3954 3954 3968 3968 3967 3967 3954 3954 3969 3969 3970 3970 3971 3971 3970 3970 3972 3972 3959 3959 3972 3972 3960 3960 3959 3959 3966 3966 3961 3961 3956 3956 3963 3963 3973 3973 3965 3965 3974 3974 3970 3970 3969 3969 3972 3972 3975 3975 3960 3960 3976 3976 3973 3973 3963 3963 3962 3962 3976 3976 3963 3963 3977 3977 3962 3962 3964 3964 3978 3978 3972 3972 3970 3970 3979 3979 3980 3980 3970 3970 3974 3974 3979 3979 3970 3970 3981 3981 3982 3982 3972 3972 3983 3983 3981 3981 3972 3972 3978 3978 3983 3983 3972 3972 3984 3984 3975 3975 3972 3972 3985 3985 3967 3967 3968 3968 3986 3986 3985 3985 3968 3968 3987 3987 3976 3976 3962 3962 3979 3979 3988 3988 3980 3980 3989 3989 3990 3990 3975 3975 3984 3984 3989 3989 3975 3975 3967 3967 3991 3991 3992 3992 3993 3993 3976 3976 3987 3987 3985 3985 3994 3994 3967 3967 3994 3994 3995 3995 3967 3967 3995 3995 3991 3991 3967 3967 3979 3979 3996 3996 3988 3988 3995 3995 3976 3976 3993 3993 3997 3997 3998 3998 3999 3999 3979 3979 4000 4000 3996 3996 3997 3997 4001 4001 3984 3984 4001 4001 3989 3989 3984 3984 4002 4002 3976 3976 3995 3995 3994 3994 4002 4002 3995 3995 4003 4003 3985 3985 3986 3986 4004 4004 4003 4003 3986 3986 4005 4005 4006 4006 4000 4000 4007 4007 4005 4005 4000 4000 3979 3979 4007 4007 4000 4000 4008 4008 4009 4009 3985 3985 4009 4009 4010 4010 3985 3985 4010 4010 3994 3994 3985 3985 4011 4011 4012 4012 3990 3990 4012 4012 4013 4013 3990 3990 4001 4001 4014 4014 3989 3989 4015 4015 4016 4016 4001 4001 4016 4016 4014 4014 4001 4001 4017 4017 4015 4015 4006 4006 4005 4005 4017 4017 4006 4006 4010 4010 4002 4002 3994 3994 4009 4009 4002 4002 4010 4010 4007 4007 4017 4017 4005 4005 4007 4007 4015 4015 4017 4017 4018 4018 4003 4003 4004 4004 4019 4019 4018 4018 4004 4004 4007 4007 4016 4016 4015 4015 4008 4008 4020 4020 4009 4009 4021 4021 4002 4002 4022 4022 4023 4023 4024 4024 4025 4025 4026 4026 4020 4020 4008 4008 4012 4012 4027 4027 4013 4013 4028 4028 4014 4014 4016 4016 4007 4007 4028 4028 4016 4016 4024 4024 4029 4029 4021 4021 4029 4029 4002 4002 4021 4021 4028 4028 4030 4030 4014 4014 4030 4030 4031 4031 4014 4014 4032 4032 4027 4027 4012 4012 4033 4033 4030 4030 4028 4028 4007 4007 4033 4033 4028 4028 4034 4034 4018 4018 4019 4019 4035 4035 4029 4029 4024 4024 4023 4023 4035 4035 4024 4024 4033 4033 4036 4036 4030 4030 4037 4037 4038 4038 4039 4039 4040 4040 4041 4041 4023 4023 4041 4041 4035 4035 4023 4023 4034 4034 4042 4042 4018 4018 4043 4043 4040 4040 4023 4023 4044 4044 4043 4043 4023 4023 4032 4032 4045 4045 4027 4027 4046 4046 4029 4029 4035 4035 4041 4041 4046 4046 4035 4035 4047 4047 4048 4048 4032 4032 4037 4037 4047 4047 4038 4038 4048 4048 4045 4045 4032 4032 4040 4040 4046 4046 4041 4041 4033 4033 4049 4049 4036 4036 4049 4049 4050 4050 4036 4036 4051 4051 4042 4042 4034 4034 4052 4052 4043 4043 4042 4042 4051 4051 4052 4052 4042 4042 4053 4053 4054 4054 4043 4043 4055 4055 4053 4053 4043 4043 4054 4054 4040 4040 4043 4043 4054 4054 4046 4046 4040 4040 4049 4049 4056 4056 4047 4047 4056 4056 4048 4048 4047 4047 4048 4048 4057 4057 4045 4045 4058 4058 4046 4046 4054 4054 4053 4053 4058 4058 4054 4054 4056 4056 4059 4059 4048 4048 4059 4059 4060 4060 4048 4048 4060 4060 4057 4057 4048 4048 4049 4049 4059 4059 4056 4056 4049 4049 4061 4061 4059 4059 4062 4062 4060 4060 4059 4059 4063 4063 4052 4052 4064 4064 4065 4065 4063 4063 4064 4064 4066 4066 4053 4053 4055 4055 4063 4063 4067 4067 4068 4068 4060 4060 4069 4069 4057 4057 4070 4070 4061 4061 4049 4049 4071 4071 4058 4058 4053 4053 4072 4072 4073 4073 4060 4060 4062 4062 4072 4072 4060 4060 4074 4074 4069 4069 4060 4060 4070 4070 4075 4075 4061 4061 4076 4076 4063 4063 4065 4065 4077 4077 4076 4076 4065 4065 4078 4078 4058 4058 4071 4071 4063 4063 4079 4079 4067 4067 4080 4080 4081 4081 4063 4063 4082 4082 4080 4080 4063 4063 4081 4081 4079 4079 4063 4063 4083 4083 4058 4058 4078 4078 4070 4070 4084 4084 4075 4075 4070 4070 4085 4085 4084 4084 4085 4085 4086 4086 4087 4087 4074 4074 4088 4088 4069 4069 4089 4089 4058 4058 4083 4083 4085 4085 4090 4090 4074 4074 4090 4090 4088 4088 4074 4074 4070 4070 4091 4091 4085 4085 4091 4091 4090 4090 4085 4085 4092 4092 4076 4076 4077 4077 4093 4093 4092 4092 4077 4077 4094 4094 4091 4091 4070 4070 4089 4089 4095 4095 4058 4058 4096 4096 4097 4097 4076 4076 4098 4098 4089 4089 4082 4082 4090 4090 4099 4099 4088 4088 4098 4098 4095 4095 4089 4089 4091 4091 4100 4100 4090 4090 4101 4101 4102 4102 4103 4103 4102 4102 4104 4104 4090 4090 4104 4104 4099 4099 4090 4090 4094 4094 4100 4100 4091 4091 4105 4105 4092 4092 4093 4093 4106 4106 4105 4105 4093 4093 4107 4107 4108 4108 4101 4101 4105 4105 4109 4109 4096 4096 4109 4109 4110 4110 4096 4096 4110 4110 4097 4097 4096 4096 4107 4107 4111 4111 4108 4108 4112 4112 4104 4104 4102 4102 4104 4104 4113 4113 4099 4099 4112 4112 4114 4114 4104 4104 4114 4114 4113 4113 4104 4104 4107 4107 4115 4115 4111 4111 4115 4115 4116 4116 4111 4111 4117 4117 4105 4105 4106 4106 4118 4118 4117 4117 4106 4106 4114 4114 4119 4119 4113 4113 4120 4120 4121 4121 4105 4105 4121 4121 4109 4109 4105 4105 4122 4122 4123 4123 4124 4124 4123 4123 4125 4125 4114 4114 4126 4126 4127 4127 4128 4128 4125 4125 4119 4119 4114 4114 4129 4129 4117 4117 4118 4118 4119 4119 4125 4125 4118 4118 4130 4130 4131 4131 4120 4120 4131 4131 4121 4121 4120 4120 4123 4123 4132 4132 4125 4125 4132 4132 4133 4133 4125 4125 4134 4134 4135 4135 4136 4136 4137 4137 4135 4135 4134 4134 4138 4138 4139 4139 4140 4140 4141 4141 4142 4142 4143 4143 4144 4144 4145 4145 4146 4146 4141 4141 4147 4147 4148 4148 4149 4149 4150 4150 4151 4151 4152 4152 4153 4153 4154 4154 4155 4155 4156 4156 4157 4157 4158 4158 4156 4156 4155 4155 4159 4159 4160 4160 4161 4161 4162 4162 4163 4163 4164 4164 4165 4165 4166 4166 4167 4167 4166 4166 4168 4168 4167 4167 4169 4169 4170 4170 4171 4171 4169 4169 4172 4172 4170 4170 4173 4173 4174 4174 4175 4175 4169 4169 4176 4176 4172 4172 4177 4177 4178 4178 4179 4179 4180 4180 4181 4181 4182 4182 4183 4183 4180 4180 4182 4182 4184 4184 4183 4183 4182 4182 4185 4185 4183 4183 4184 4184 4186 4186 4185 4185 4184 4184 4187 4187 4188 4188 4181 4181 4180 4180 4187 4187 4181 4181 4189 4189 4185 4185 4186 4186 4190 4190 4189 4189 4186 4186 4191 4191 4192 4192 4188 4188 4187 4187 4191 4191 4188 4188 4193 4193 4189 4189 4190 4190 4194 4194 4193 4193 4190 4190 4195 4195 4192 4192 4191 4191 4195 4195 4196 4196 4192 4192 4197 4197 4193 4193 4194 4194 4195 4195 4198 4198 4196 4196 4199 4199 4198 4198 4195 4195 4200 4200 4199 4199 4195 4195 4201 4201 4202 4202 4193 4193 4197 4197 4201 4201 4193 4193 4203 4203 4202 4202 4201 4201 4204 4204 4199 4199 4200 4200 4205 4205 4204 4204 4200 4200 4203 4203 4206 4206 4202 4202 4207 4207 4204 4204 4205 4205 4208 4208 4207 4207 4205 4205 4209 4209 4210 4210 4206 4206 4203 4203 4209 4209 4206 4206 4211 4211 4207 4207 4208 4208 4210 4210 4211 4211 4208 4208 4209 4209 4211 4211 4210 4210 4212 4212 4213 4213 4214 4214 4215 4215 4213 4213 4212 4212 4216 4216 4217 4217 4213 4213 4217 4217 4218 4218 4213 4213 4218 4218 4219 4219 4213 4213 4215 4215 4216 4216 4213 4213 4220 4220 4221 4221 4215 4215 4221 4221 4222 4222 4215 4215 4222 4222 4223 4223 4215 4215 4223 4223 4216 4216 4215 4215 4220 4220 4224 4224 4221 4221 4220 4220 4225 4225 4224 4224 4220 4220 4226 4226 4225 4225 4227 4227 4226 4226 4220 4220 4228 4228 4229 4229 4230 4230 4229 4229 4231 4231 4230 4230 4232 4232 4233 4233 4234 4234 4235 4235 4236 4236 4237 4237 4236 4236 4238 4238 4237 4237 4239 4239 4240 4240 4236 4236 4240 4240 4241 4241 4236 4236 4241 4241 4242 4242 4236 4236 4242 4242 4243 4243 4236 4236 4243 4243 4244 4244 4236 4236 4244 4244 4245 4245 4236 4236 4235 4235 4239 4239 4236 4236 4246 4246 4239 4239 4235 4235 4247 4247 4245 4245 4244 4244 4248 4248 4245 4245 4247 4247 4249 4249 4250 4250 4248 4248 4250 4250 4245 4245 4248 4248 4251 4251 4252 4252 4253 4253 4252 4252 4254 4254 4253 4253 4254 4254 4255 4255 4253 4253 4256 4256 4257 4257 4258 4258 4259 4259 4257 4257 4256 4256 4260 4260 4259 4259 4256 4256 4261 4261 4262 4262 4260 4260 4262 4262 4259 4259 4260 4260 4259 4259 4263 4263 4257 4257 4264 4264 4265 4265 4266 4266 4267 4267 4263 4263 4259 4259 4262 4262 4267 4267 4259 4259 4268 4268 4269 4269 4264 4264 4269 4269 4265 4265 4264 4264 4270 4270 4267 4267 4262 4262 4269 4269 4271 4271 4265 4265 4272 4272 4273 4273 4274 4274 4275 4275 4273 4273 4272 4272 4275 4275 4276 4276 4273 4273 4276 4276 4277 4277 4273 4273 4277 4277 4278 4278 4273 4273 4278 4278 4279 4279 4273 4273 4280 4280 4271 4271 4269 4269 4267 4267 4281 4281 4263 4263 4282 4282 4276 4276 4275 4275 4283 4283 4281 4281 4267 4267 4270 4270 4283 4283 4267 4267 4284 4284 4276 4276 4282 4282 4285 4285 4284 4284 4282 4282 4286 4286 4285 4285 4282 4282 4284 4284 4277 4277 4276 4276 4284 4284 4278 4278 4277 4277 4287 4287 4283 4283 4270 4270 4280 4280 4288 4288 4271 4271 4278 4278 4289 4289 4279 4279 4289 4289 4290 4290 4280 4280 4290 4290 4288 4288 4280 4280 4284 4284 4289 4289 4278 4278 4291 4291 4292 4292 4293 4293 4294 4294 4295 4295 4292 4292 4291 4291 4294 4294 4292 4292 4283 4283 4296 4296 4281 4281 4297 4297 4298 4298 4283 4283 4298 4298 4299 4299 4283 4283 4299 4299 4296 4296 4283 4283 4287 4287 4297 4297 4283 4283 4284 4284 4300 4300 4289 4289 4300 4300 4290 4290 4289 4289 4301 4301 4302 4302 4295 4295 4294 4294 4301 4301 4295 4295 4303 4303 4304 4304 4302 4302 4305 4305 4306 4306 4288 4288 4306 4306 4307 4307 4288 4288 4290 4290 4305 4305 4288 4288 4300 4300 4308 4308 4290 4290 4308 4308 4309 4309 4290 4290 4310 4310 4311 4311 4286 4286 4312 4312 4310 4310 4286 4286 4313 4313 4285 4285 4286 4286 4311 4311 4313 4313 4286 4286 4303 4303 4314 4314 4304 4304 4314 4314 4315 4315 4304 4304 4316 4316 4317 4317 4300 4300 4284 4284 4316 4316 4300 4300 4317 4317 4308 4308 4300 4300 4318 4318 4310 4310 4312 4312 4299 4299 4319 4319 4296 4296 4298 4298 4320 4320 4299 4299 4321 4321 4319 4319 4299 4299 4322 4322 4320 4320 4298 4298 4306 4306 4323 4323 4307 4307 4324 4324 4320 4320 4322 4322 4314 4314 4325 4325 4315 4315 4325 4325 4318 4318 4315 4315 4321 4321 4326 4326 4319 4319 4324 4324 4327 4327 4320 4320 4328 4328 4329 4329 4330 4330 4309 4309 4331 4331 4306 4306 4331 4331 4323 4323 4306 4306 4325 4325 4310 4310 4318 4318 4331 4331 4332 4332 4324 4324 4332 4332 4327 4327 4324 4324 4308 4308 4333 4333 4309 4309 4333 4333 4331 4331 4309 4309 4333 4333 4334 4334 4331 4331 4334 4334 4332 4332 4331 4331 4317 4317 4316 4316 4308 4308 4316 4316 4333 4333 4308 4308 4328 4328 4335 4335 4329 4329 4316 4316 4336 4336 4333 4333 4336 4336 4337 4337 4333 4333 4337 4337 4334 4334 4333 4333 4332 4332 4338 4338 4328 4328 4338 4338 4335 4335 4328 4328 4334 4334 4339 4339 4332 4332 4339 4339 4338 4338 4332 4332 4284 4284 4340 4340 4316 4316 4340 4340 4341 4341 4316 4316 4341 4341 4342 4342 4316 4316 4342 4342 4336 4336 4316 4316 4342 4342 4337 4337 4336 4336 4337 4337 4343 4343 4334 4334 4343 4343 4339 4339 4334 4334 4342 4342 4344 4344 4337 4337 4344 4344 4343 4343 4337 4337 4341 4341 4345 4345 4342 4342 4345 4345 4344 4344 4342 4342 4338 4338 4346 4346 4335 4335 4341 4341 4344 4344 4345 4345 4338 4338 4347 4347 4346 4346 4339 4339 4348 4348 4338 4338 4348 4348 4347 4347 4338 4338 4343 4343 4349 4349 4339 4339 4349 4349 4348 4348 4339 4339 4344 4344 4350 4350 4343 4343 4350 4350 4349 4349 4343 4343 4341 4341 4351 4351 4344 4344 4351 4351 4350 4350 4344 4344 4340 4340 4352 4352 4341 4341 4352 4352 4351 4351 4341 4341 4340 4340 4351 4351 4352 4352 4284 4284 4351 4351 4340 4340 4353 4353 4350 4350 4351 4351 4354 4354 4353 4353 4351 4351 4284 4284 4354 4354 4351 4351 4355 4355 4349 4349 4350 4350 4356 4356 4355 4355 4350 4350 4357 4357 4348 4348 4349 4349 4355 4355 4357 4357 4349 4349 4285 4285 4354 4354 4284 4284 4357 4357 4358 4358 4348 4348 4358 4358 4359 4359 4348 4348 4360 4360 4347 4347 4348 4348 4358 4358 4361 4361 4359 4359 4285 4285 4362 4362 4354 4354 4363 4363 4353 4353 4354 4354 4363 4363 4364 4364 4356 4356 4364 4364 4355 4355 4356 4356 4364 4364 4365 4365 4355 4355 4365 4365 4357 4357 4355 4355 4365 4365 4366 4366 4357 4357 4366 4366 4358 4358 4357 4357 4366 4366 4367 4367 4358 4358 4367 4367 4368 4368 4358 4358 4367 4367 4369 4369 4368 4368 4370 4370 4371 4371 4372 4372 4373 4373 4374 4374 4375 4375 4376 4376 4373 4373 4375 4375 4377 4377 4378 4378 4370 4370 4378 4378 4371 4371 4370 4370 4379 4379 4377 4377 4374 4374 4373 4373 4379 4379 4374 4374 4378 4378 4380 4380 4381 4381 4380 4380 4382 4382 4381 4381 4383 4383 4384 4384 4378 4378 4384 4384 4380 4380 4378 4378 4377 4377 4383 4383 4378 4378 4385 4385 4386 4386 4387 4387 4388 4388 4385 4385 4387 4387 4389 4389 4388 4388 4387 4387 4390 4390 4391 4391 4386 4386 4392 4392 4384 4384 4383 4383 4385 4385 4390 4390 4386 4386 4393 4393 4373 4373 4376 4376 4394 4394 4393 4393 4376 4376 4393 4393 4395 4395 4373 4373 4395 4395 4379 4379 4373 4373 4396 4396 4397 4397 4385 4385 4397 4397 4398 4398 4385 4385 4399 4399 4396 4396 4385 4385 4400 4400 4401 4401 4398 4398 4397 4397 4402 4402 4398 4398 4402 4402 4403 4403 4398 4398 4403 4403 4400 4400 4398 4398 4401 4401 4404 4404 4398 4398 4405 4405 4391 4391 4390 4390 4406 4406 4388 4388 4389 4389 4407 4407 4362 4362 4285 4285 4313 4313 4407 4407 4285 4285 4408 4408 4409 4409 4382 4382 4380 4380 4408 4408 4382 4382 4384 4384 4408 4408 4380 4380 4410 4410 4408 4408 4384 4384 4392 4392 4410 4410 4384 4384 4411 4411 4364 4364 4363 4363 4397 4397 4412 4412 4402 4402 4412 4412 4403 4403 4402 4402 4413 4413 4396 4396 4399 4399 4414 4414 4413 4413 4399 4399 4406 4406 4415 4415 4388 4388 4396 4396 4413 4413 4397 4397 4413 4413 4412 4412 4397 4397 4411 4411 4416 4416 4364 4364 4416 4416 4365 4365 4364 4364 4405 4405 4417 4417 4391 4391 4412 4412 4400 4400 4403 4403 4418 4418 4393 4393 4394 4394 4418 4418 4419 4419 4393 4393 4419 4419 4395 4395 4393 4393 4420 4420 4366 4366 4365 4365 4420 4420 4421 4421 4366 4366 4421 4421 4367 4367 4366 4366 4421 4421 4422 4422 4367 4367 4422 4422 4369 4369 4367 4367 4419 4419 4423 4423 4395 4395 4423 4423 4424 4424 4395 4395 4425 4425 4415 4415 4406 4406 4414 4414 4412 4412 4413 4413 4426 4426 4417 4417 4405 4405 4401 4401 4426 4426 4405 4405 4400 4400 4427 4427 4401 4401 4428 4428 4429 4429 4414 4414 4429 4429 4412 4412 4414 4414 4425 4425 4430 4430 4415 4415 4430 4430 4428 4428 4415 4415 4412 4412 4431 4431 4400 4400 4431 4431 4427 4427 4400 4400 4432 4432 4433 4433 4412 4412 4433 4433 4434 4434 4412 4412 4434 4434 4431 4431 4412 4412 4429 4429 4432 4432 4412 4412 4435 4435 4419 4419 4418 4418 4436 4436 4435 4435 4418 4418 4435 4435 4437 4437 4419 4419 4438 4438 4423 4423 4419 4419 4437 4437 4438 4438 4419 4419 4439 4439 4424 4424 4423 4423 4438 4438 4439 4439 4423 4423 4440 4440 4430 4430 4424 4424 4439 4439 4440 4440 4424 4424 4311 4311 4407 4407 4313 4313 4441 4441 4428 4428 4430 4430 4442 4442 4441 4441 4430 4430 4443 4443 4429 4429 4428 4428 4441 4441 4443 4443 4428 4428 4444 4444 4432 4432 4429 4429 4445 4445 4444 4444 4429 4429 4446 4446 4445 4445 4429 4429 4310 4310 4407 4407 4311 4311 4310 4310 4447 4447 4407 4407 4447 4447 4448 4448 4411 4411 4448 4448 4416 4416 4411 4411 4449 4449 4450 4450 4420 4420 4450 4450 4421 4421 4420 4420 4450 4450 4451 4451 4421 4421 4451 4451 4422 4422 4421 4421 4450 4450 4452 4452 4451 4451 4449 4449 4453 4453 4450 4450 4453 4453 4452 4452 4450 4450 4447 4447 4454 4454 4448 4448 4455 4455 4453 4453 4449 4449 4456 4456 4457 4457 4447 4447 4310 4310 4456 4456 4447 4447 4457 4457 4454 4454 4447 4447 4325 4325 4456 4456 4310 4310 4408 4408 4458 4458 4409 4409 4459 4459 4460 4460 4408 4408 4460 4460 4458 4458 4408 4408 4426 4426 4461 4461 4417 4417 4462 4462 4460 4460 4459 4459 4431 4431 4463 4463 4427 4427 4464 4464 4461 4461 4426 4426 4465 4465 4435 4435 4436 4436 4465 4465 4437 4437 4435 4435 4466 4466 4438 4438 4437 4437 4467 4467 4466 4466 4437 4437 4466 4466 4439 4439 4438 4438 4434 4434 4463 4463 4431 4431 4468 4468 4440 4440 4439 4439 4466 4466 4468 4468 4439 4439 4469 4469 4441 4441 4442 4442 4470 4470 4443 4443 4441 4441 4469 4469 4470 4470 4441 4441 4470 4470 4445 4445 4446 4446 4453 4453 4471 4471 4452 4452 4455 4455 4472 4472 4453 4453 4472 4472 4471 4471 4453 4453 4473 4473 4444 4444 4445 4445 4470 4470 4473 4473 4445 4445 4457 4457 4474 4474 4454 4454 4475 4475 4472 4472 4455 4455 4476 4476 4477 4477 4457 4457 4456 4456 4476 4476 4457 4457 4478 4478 4474 4474 4457 4457 4325 4325 4476 4476 4456 4456 4479 4479 4466 4466 4467 4467 4480 4480 4479 4479 4467 4467 4325 4325 4481 4481 4476 4476 4481 4481 4477 4477 4476 4476 4482 4482 4468 4468 4466 4466 4479 4479 4482 4482 4466 4466 4483 4483 4470 4470 4469 4469 4484 4484 4483 4483 4469 4469 4472 4472 4485 4485 4471 4471 4475 4475 4486 4486 4472 4472 4486 4486 4485 4485 4472 4472 4483 4483 4487 4487 4470 4470 4487 4487 4488 4488 4470 4470 4488 4488 4473 4473 4470 4470 4478 4478 4489 4489 4474 4474 4490 4490 4486 4486 4475 4475 4486 4486 4479 4479 4480 4480 4485 4485 4486 4486 4480 4480 4488 4488 4444 4444 4473 4473 4491 4491 4482 4482 4479 4479 4486 4486 4490 4490 4479 4479 4492 4492 4493 4493 4477 4477 4481 4481 4492 4492 4477 4477 4494 4494 4489 4489 4478 4478 4493 4493 4483 4483 4484 4484 4489 4489 4494 4494 4484 4484 4487 4487 4444 4444 4488 4488 4325 4325 4492 4492 4481 4481 4495 4495 4487 4487 4483 4483 4496 4496 4495 4495 4483 4483 4493 4493 4496 4496 4483 4483 4492 4492 4496 4496 4493 4493 4325 4325 4496 4496 4492 4492 4495 4495 4444 4444 4487 4487 4325 4325 4495 4495 4496 4496 4497 4497 4498 4498 4495 4495 4498 4498 4444 4444 4495 4495 4499 4499 4500 4500 4495 4495 4500 4500 4501 4501 4495 4495 4501 4501 4502 4502 4495 4495 4502 4502 4503 4503 4495 4495 4504 4504 4497 4497 4495 4495 4505 4505 4504 4504 4495 4495 4503 4503 4505 4505 4495 4495 4325 4325 4506 4506 4495 4495 4506 4506 4507 4507 4495 4495 4507 4507 4499 4499 4495 4495 4508 4508 4509 4509 4458 4458 4460 4460 4508 4508 4458 4458 4510 4510 4508 4508 4460 4460 4511 4511 4510 4510 4460 4460 4512 4512 4511 4511 4460 4460 4462 4462 4512 4512 4460 4460 4513 4513 4512 4512 4461 4461 4464 4464 4513 4513 4461 4461 4514 4514 4513 4513 4464 4464 4434 4434 4514 4514 4464 4464 4433 4433 4514 4514 4434 4434 4515 4515 4506 4506 4325 4325 4516 4516 4506 4506 4515 4515 4517 4517 4518 4518 4519 4519 4517 4517 4520 4520 4518 4518 4520 4520 4521 4521 4518 4518 4520 4520 4522 4522 4523 4523 4524 4524 4506 4506 4516 4516 4525 4525 4526 4526 4522 4522 4520 4520 4525 4525 4522 4522 4527 4527 4528 4528 4526 4526 4529 4529 4527 4527 4526 4526 4530 4530 4531 4531 4528 4528 4532 4532 4533 4533 4531 4531 4530 4530 4532 4532 4531 4531 4532 4532 4534 4534 4533 4533 4433 4433 4535 4535 4514 4514 4536 4536 4524 4524 4534 4534 4537 4537 4536 4536 4534 4534 4538 4538 4537 4537 4534 4534 4539 4539 4538 4538 4534 4534 4532 4532 4539 4539 4534 4534 4432 4432 4535 4535 4433 4433 4540 4540 4506 4506 4524 4524 4541 4541 4540 4540 4524 4524 4536 4536 4541 4541 4524 4524 4542 4542 4520 4520 4517 4517 4543 4543 4542 4542 4517 4517 4544 4544 4525 4525 4520 4520 4542 4542 4544 4544 4520 4520 4545 4545 4527 4527 4529 4529 4546 4546 4545 4545 4529 4529 4547 4547 4532 4532 4530 4530 4545 4545 4547 4547 4530 4530 4497 4497 4548 4548 4498 4498 4547 4547 4539 4539 4532 4532 4497 4497 4549 4549 4548 4548 4550 4550 4551 4551 4552 4552 4553 4553 4551 4551 4550 4550 4554 4554 4553 4553 4550 4550 4555 4555 4556 4556 4554 4554 4556 4556 4553 4553 4554 4554 4557 4557 4558 4558 4559 4559 4560 4560 4561 4561 4557 4557 4561 4561 4558 4558 4557 4557 4562 4562 4563 4563 4549 4549 4564 4564 4562 4562 4549 4549 4497 4497 4564 4564 4549 4549 4565 4565 4566 4566 4567 4567 4562 4562 4566 4566 4565 4565 4568 4568 4562 4562 4565 4565 4563 4563 4562 4562 4568 4568 4569 4569 4542 4542 4543 4543 4570 4570 4569 4569 4543 4543 4571 4571 4544 4544 4542 4542 4569 4569 4571 4571 4542 4542 4572 4572 4545 4545 4546 4546 4573 4573 4572 4572 4546 4546 4571 4571 4574 4574 4544 4544 4575 4575 4547 4547 4545 4545 4576 4576 4575 4575 4545 4545 4577 4577 4576 4576 4545 4545 4575 4575 4539 4539 4547 4547 4578 4578 4566 4566 4562 4562 4564 4564 4578 4578 4562 4562 4553 4553 4579 4579 4551 4551 4580 4580 4579 4579 4553 4553 4556 4556 4580 4580 4553 4553 4581 4581 4580 4580 4556 4556 4561 4561 4582 4582 4558 4558 4578 4578 4583 4583 4566 4566 4583 4583 4584 4584 4566 4566 4585 4585 4582 4582 4561 4561 4564 4564 4583 4583 4578 4578 4586 4586 4569 4569 4570 4570 4587 4587 4571 4571 4569 4569 4586 4586 4587 4587 4569 4569 4588 4588 4574 4574 4571 4571 4589 4589 4588 4588 4571 4571 4590 4590 4572 4572 4573 4573 4591 4591 4590 4590 4573 4573 4592 4592 4576 4576 4577 4577 4592 4592 4575 4575 4576 4576 4593 4593 4539 4539 4575 4575 4592 4592 4593 4593 4575 4575 4594 4594 4539 4539 4593 4593 4592 4592 4594 4594 4593 4593 4539 4539 4594 4594 4592 4592 4595 4595 4539 4539 4592 4592 4591 4591 4596 4596 4590 4590 4597 4597 4596 4596 4591 4591 4589 4589 4598 4598 4588 4588 4599 4599 4600 4600 4589 4589 4601 4601 4598 4598 4589 4589 4602 4602 4600 4600 4599 4599 4580 4580 4603 4603 4579 4579 4604 4604 4603 4603 4580 4580 4581 4581 4604 4604 4580 4580 4605 4605 4604 4604 4581 4581 4585 4585 4606 4606 4582 4582 4583 4583 4607 4607 4584 4584 4607 4607 4608 4608 4585 4585 4608 4608 4606 4606 4585 4585 4564 4564 4607 4607 4583 4583 4609 4609 4538 4538 4539 4539 4595 4595 4609 4609 4539 4539 4564 4564 4610 4610 4607 4607 4610 4610 4608 4608 4607 4607 4595 4595 4538 4538 4609 4609 4611 4611 4538 4538 4595 4595 4597 4597 4612 4612 4596 4596 4601 4601 4613 4613 4598 4598 4614 4614 4612 4612 4597 4597 4615 4615 4613 4613 4601 4601 4616 4616 4615 4615 4601 4601 4617 4617 4615 4615 4616 4616 4611 4611 4537 4537 4538 4538 4618 4618 4536 4536 4537 4537 4611 4611 4618 4618 4537 4537 4619 4619 4541 4541 4536 4536 4618 4618 4619 4619 4536 4536 4620 4620 4540 4540 4541 4541 4619 4619 4620 4620 4541 4541 4621 4621 4618 4618 4612 4612 4614 4614 4622 4622 4612 4612 4622 4622 4621 4621 4612 4612 4615 4615 4623 4623 4613 4613 4623 4623 4624 4624 4613 4613 4624 4624 4625 4625 4613 4613 4626 4626 4627 4627 4619 4619 4628 4628 4619 4619 4618 4618 4628 4628 4626 4626 4619 4619 4621 4621 4628 4628 4618 4618 4620 4620 4506 4506 4540 4540 4629 4629 4630 4630 4615 4615 4630 4630 4631 4631 4615 4615 4620 4620 4507 4507 4506 4506 4622 4622 4632 4632 4621 4621 4633 4633 4634 4634 4635 4635 4636 4636 4637 4637 4634 4634 4633 4633 4636 4636 4634 4634 4624 4624 4638 4638 4625 4625 4639 4639 4640 4640 4620 4620 4640 4640 4507 4507 4620 4620 4623 4623 4641 4641 4624 4624 4641 4641 4633 4633 4624 4624 4642 4642 4636 4636 4633 4633 4641 4641 4642 4642 4633 4633 4630 4630 4641 4641 4631 4631 4643 4643 4642 4642 4641 4641 4630 4630 4643 4643 4641 4641 4644 4644 4640 4640 4639 4639 4636 4636 4645 4645 4637 4637 4646 4646 4645 4645 4636 4636 4642 4642 4646 4646 4636 4636 4647 4647 4646 4646 4642 4642 4640 4640 4499 4499 4507 4507 4500 4500 4499 4499 4640 4640 4648 4648 4500 4500 4640 4640 4644 4644 4648 4648 4640 4640 4649 4649 4648 4648 4644 4644 4646 4646 4650 4650 4645 4645 4651 4651 4650 4650 4646 4646 4647 4647 4651 4651 4646 4646 4652 4652 4651 4651 4647 4647 4648 4648 4501 4501 4500 4500 4653 4653 4501 4501 4648 4648 4649 4649 4654 4654 4648 4648 4655 4655 4654 4654 4649 4649 4651 4651 4656 4656 4650 4650 4657 4657 4656 4656 4651 4651 4658 4658 4657 4657 4651 4651 4659 4659 4657 4657 4658 4658 4653 4653 4502 4502 4501 4501 4653 4653 4503 4503 4502 4502 4660 4660 4661 4661 4659 4659 4661 4661 4657 4657 4659 4659 4661 4661 4662 4662 4657 4657 4662 4662 4656 4656 4657 4657 4663 4663 4664 4664 4655 4655 4664 4664 4654 4654 4655 4655 4665 4665 4503 4503 4653 4653 4604 4604 4666 4666 4603 4603 4667 4667 4666 4666 4604 4604 4605 4605 4667 4667 4604 4604 4668 4668 4667 4667 4605 4605 4608 4608 4669 4669 4606 4606 4670 4670 4671 4671 4608 4608 4610 4610 4670 4670 4608 4608 4671 4671 4669 4669 4608 4608 4672 4672 4670 4670 4610 4610 4673 4673 4672 4672 4610 4610 4564 4564 4674 4674 4610 4610 4674 4674 4675 4675 4610 4610 4675 4675 4673 4673 4610 4610 4676 4676 4677 4677 4660 4660 4677 4677 4661 4661 4660 4660 4677 4677 4678 4678 4661 4661 4678 4678 4662 4662 4661 4661 4679 4679 4680 4680 4663 4663 4680 4680 4664 4664 4663 4663 4672 4672 4681 4681 4670 4670 4681 4681 4671 4671 4670 4670 4682 4682 4505 4505 4503 4503 4683 4683 4682 4682 4503 4503 4665 4665 4683 4683 4503 4503 4680 4680 4683 4683 4665 4665 4684 4684 4682 4682 4683 4683 4685 4685 4684 4684 4683 4683 4686 4686 4687 4687 4676 4676 4687 4687 4677 4677 4676 4676 4687 4687 4688 4688 4677 4677 4688 4688 4678 4678 4677 4677 4689 4689 4690 4690 4679 4679 4690 4690 4680 4680 4679 4679 4691 4691 4684 4684 4685 4685 4692 4692 4682 4682 4684 4684 4691 4691 4692 4692 4684 4684 4693 4693 4687 4687 4686 4686 4694 4694 4695 4695 4687 4687 4695 4695 4688 4688 4687 4687 4693 4693 4696 4696 4687 4687 4696 4696 4694 4694 4687 4687 4695 4695 4690 4690 4689 4689 4697 4697 4698 4698 4699 4699 4696 4696 4693 4693 4699 4699 4698 4698 4696 4696 4699 4699 4698 4698 4694 4694 4696 4696 4697 4697 4700 4700 4698 4698 4700 4700 4701 4701 4698 4698 4701 4701 4694 4694 4698 4698 4702 4702 4703 4703 4701 4701 4695 4695 4694 4694 4701 4701 4703 4703 4695 4695 4701 4701 4704 4704 4705 4705 4697 4697 4705 4705 4700 4700 4697 4697 4706 4706 4703 4703 4702 4702 4705 4705 4706 4706 4702 4702 4707 4707 4708 4708 4691 4691 4708 4708 4709 4709 4691 4691 4709 4709 4692 4692 4691 4691 4695 4695 4710 4710 4690 4690 4711 4711 4707 4707 4691 4691 4712 4712 4710 4710 4695 4695 4703 4703 4712 4712 4695 4695 4713 4713 4712 4712 4703 4703 4714 4714 4715 4715 4716 4716 4715 4715 4711 4711 4716 4716 4717 4717 4715 4715 4714 4714 4718 4718 4717 4717 4714 4714 4719 4719 4718 4718 4714 4714 4705 4705 4720 4720 4706 4706 4709 4709 4682 4682 4692 4692 4721 4721 4705 4705 4704 4704 4722 4722 4720 4720 4705 4705 4721 4721 4723 4723 4705 4705 4723 4723 4722 4722 4705 4705 4715 4715 4707 4707 4711 4711 4717 4717 4724 4724 4715 4715 4724 4724 4707 4707 4715 4715 4717 4717 4725 4725 4724 4724 4725 4725 4726 4726 4724 4724 4726 4726 4708 4708 4724 4724 4708 4708 4707 4707 4724 4724 4727 4727 4725 4725 4717 4717 4728 4728 4718 4718 4719 4719 4708 4708 4682 4682 4709 4709 4729 4729 4708 4708 4726 4726 4725 4725 4729 4729 4726 4726 4729 4729 4682 4682 4708 4708 4728 4728 4730 4730 4718 4718 4731 4731 4725 4725 4727 4727 4732 4732 4731 4731 4727 4727 4731 4731 4729 4729 4725 4725 4733 4733 4729 4729 4731 4731 4732 4732 4733 4733 4731 4731 4734 4734 4735 4735 4723 4723 4735 4735 4722 4722 4723 4723 4736 4736 4730 4730 4728 4728 4737 4737 4736 4736 4728 4728 4738 4738 4733 4733 4739 4739 4740 4740 4738 4738 4739 4739 4736 4736 4740 4740 4739 4739 4738 4738 4740 4740 4733 4733 4740 4740 4729 4729 4733 4733 4672 4672 4741 4741 4681 4681 4741 4741 4671 4671 4681 4681 4741 4741 4742 4742 4671 4671 4743 4743 4669 4669 4671 4671 4742 4742 4743 4743 4671 4671 4744 4744 4667 4667 4668 4668 4745 4745 4744 4744 4668 4668 4746 4746 4666 4666 4667 4667 4744 4744 4746 4746 4667 4667 4747 4747 4748 4748 4749 4749 4748 4748 4734 4734 4749 4749 4748 4748 4750 4750 4734 4734 4750 4750 4735 4735 4734 4734 4750 4750 4751 4751 4735 4735 4751 4751 4752 4752 4737 4737 4752 4752 4736 4736 4737 4737 4753 4753 4754 4754 4736 4736 4754 4754 4755 4755 4736 4736 4755 4755 4740 4740 4736 4736 4752 4752 4753 4753 4736 4736 4755 4755 4729 4729 4740 4740 4754 4754 4729 4729 4755 4755 4756 4756 4729 4729 4754 4754 4757 4757 4756 4756 4754 4754 4753 4753 4757 4757 4754 4754 4752 4752 4757 4757 4753 4753 4751 4751 4758 4758 4752 4752 4758 4758 4759 4759 4752 4752 4750 4750 4758 4758 4751 4751 4748 4748 4760 4760 4750 4750 4747 4747 4761 4761 4748 4748 4761 4761 4760 4760 4748 4748 4672 4672 4762 4762 4741 4741 4762 4762 4742 4742 4741 4741 4672 4672 4763 4763 4762 4762 4763 4763 4764 4764 4762 4762 4764 4764 4742 4742 4762 4762 4764 4764 4765 4765 4742 4742 4765 4765 4766 4766 4742 4742 4767 4767 4743 4743 4768 4768 4769 4769 4767 4767 4768 4768 4770 4770 4744 4744 4743 4743 4767 4767 4770 4770 4743 4743 4771 4771 4746 4746 4744 4744 4772 4772 4771 4771 4744 4744 4770 4770 4773 4773 4744 4744 4771 4771 4774 4774 4746 4746 4775 4775 4729 4729 4756 4756 4757 4757 4775 4775 4756 4756 4758 4758 4776 4776 4759 4759 4777 4777 4775 4775 4757 4757 4778 4778 4776 4776 4758 4758 4761 4761 4779 4779 4760 4760 4780 4780 4779 4779 4761 4761 4675 4675 4781 4781 4673 4673 4675 4675 4782 4782 4781 4781 4783 4783 4729 4729 4775 4775 4777 4777 4784 4784 4775 4775 4784 4784 4783 4783 4775 4775 4778 4778 4785 4785 4776 4776 4785 4785 4786 4786 4776 4776 4787 4787 4784 4784 4777 4777 4788 4788 4789 4789 4779 4779 4780 4780 4788 4788 4779 4779 4790 4790 4791 4791 4778 4778 4791 4791 4785 4785 4778 4778 4792 4792 4788 4788 4780 4780 4675 4675 4793 4793 4782 4782 4794 4794 4795 4795 4793 4793 4795 4795 4796 4796 4793 4793 4796 4796 4797 4797 4793 4793 4797 4797 4798 4798 4793 4793 4675 4675 4794 4794 4793 4793 4798 4798 4799 4799 4793 4793 4799 4799 4800 4800 4793 4793 4800 4800 4801 4801 4793 4793 4802 4802 4803 4803 4801 4801 4803 4803 4804 4804 4801 4801 4804 4804 4805 4805 4801 4801 4800 4800 4806 4806 4801 4801 4806 4806 4802 4802 4801 4801 4807 4807 4808 4808 4805 4805 4804 4804 4807 4807 4805 4805 4783 4783 4809 4809 4729 4729 4810 4810 4809 4809 4783 4783 4811 4811 4810 4810 4783 4783 4784 4784 4811 4811 4783 4783 4812 4812 4813 4813 4808 4808 4814 4814 4811 4811 4784 4784 4787 4787 4814 4814 4784 4784 4815 4815 4816 4816 4817 4817 4818 4818 4819 4819 4786 4786 4820 4820 4818 4818 4786 4786 4821 4821 4818 4818 4820 4820 4791 4791 4822 4822 4785 4785 4815 4815 4823 4823 4816 4816 4824 4824 4825 4825 4816 4816 4824 4824 4826 4826 4825 4825 4826 4826 4827 4827 4825 4825 4828 4828 4822 4822 4829 4829 4830 4830 4831 4831 4832 4832 4790 4790 4833 4833 4791 4791 4826 4826 4834 4834 4827 4827 4835 4835 4836 4836 4789 4789 4788 4788 4835 4835 4789 4789 4826 4826 4837 4837 4838 4838 4837 4837 4839 4839 4838 4838 4792 4792 4835 4835 4788 4788 4840 4840 4835 4835 4792 4792 4841 4841 4497 4497 4504 4504 4803 4803 4842 4842 4804 4804 4842 4842 4843 4843 4804 4804 4843 4843 4807 4807 4804 4804 4844 4844 4845 4845 4815 4815 4845 4845 4823 4823 4815 4815 4846 4846 4847 4847 4824 4824 4847 4847 4826 4826 4824 4824 4847 4847 4848 4848 4826 4826 4848 4848 4837 4837 4826 4826 4849 4849 4850 4850 4841 4841 4850 4850 4851 4851 4841 4841 4851 4851 4497 4497 4841 4841 4852 4852 4849 4849 4841 4841 4853 4853 4852 4852 4841 4841 4854 4854 4855 4855 4841 4841 4855 4855 4856 4856 4841 4841 4856 4856 4857 4857 4841 4841 4857 4857 4858 4858 4841 4841 4858 4858 4859 4859 4841 4841 4859 4859 4853 4853 4841 4841 4794 4794 4860 4860 4795 4795 4860 4860 4796 4796 4795 4795 4675 4675 4861 4861 4794 4794 4861 4861 4860 4860 4794 4794 4862 4862 4797 4797 4796 4796 4860 4860 4862 4862 4796 4796 4863 4863 4862 4862 4860 4860 4861 4861 4864 4864 4860 4860 4864 4864 4865 4865 4860 4860 4865 4865 4863 4863 4860 4860 4862 4862 4798 4798 4797 4797 4866 4866 4855 4855 4854 4854 4867 4867 4868 4868 4862 4862 4868 4868 4798 4798 4862 4862 4863 4863 4867 4867 4862 4862 4869 4869 4855 4855 4866 4866 4674 4674 4870 4870 4675 4675 4871 4871 4872 4872 4869 4869 4872 4872 4855 4855 4869 4869 4873 4873 4874 4874 4875 4875 4876 4876 4877 4877 4875 4875 4877 4877 4873 4873 4875 4875 4878 4878 4872 4872 4871 4871 4879 4879 4868 4868 4867 4867 4880 4880 4881 4881 4874 4874 4873 4873 4880 4880 4874 4874 4877 4877 4882 4882 4873 4873 4883 4883 4880 4880 4873 4873 4882 4882 4883 4883 4873 4873 4884 4884 4885 4885 4878 4878 4885 4885 4872 4872 4878 4878 4886 4886 4864 4864 4861 4861 4674 4674 4887 4887 4870 4870 4886 4886 4888 4888 4864 4864 4888 4888 4865 4865 4864 4864 4564 4564 4889 4889 4674 4674 4889 4889 4887 4887 4674 4674 4890 4890 4880 4880 4883 4883 4882 4882 4891 4891 4883 4883 4892 4892 4893 4893 4884 4884 4893 4893 4885 4885 4884 4884 4894 4894 4881 4881 4880 4880 4890 4890 4894 4894 4880 4880 4895 4895 4894 4894 4890 4890 4896 4896 4799 4799 4798 4798 4897 4897 4896 4896 4798 4798 4868 4868 4897 4897 4798 4798 4898 4898 4893 4893 4899 4899 4900 4900 4901 4901 4898 4898 4901 4901 4893 4893 4898 4898 4902 4902 4877 4877 4876 4876 4879 4879 4897 4897 4868 4868 4902 4902 4903 4903 4877 4877 4903 4903 4882 4882 4877 4877 4904 4904 4905 4905 4882 4882 4905 4905 4891 4891 4882 4882 4564 4564 4906 4906 4889 4889 4906 4906 4887 4887 4889 4889 4907 4907 4897 4897 4879 4879 4894 4894 4908 4908 4881 4881 4906 4906 4909 4909 4887 4887 4910 4910 4911 4911 4886 4886 4911 4911 4888 4888 4886 4886 4912 4912 4913 4913 4894 4894 4913 4913 4908 4908 4894 4894 4895 4895 4912 4912 4894 4894 4914 4914 4915 4915 4895 4895 4915 4915 4912 4912 4895 4895 4896 4896 4800 4800 4799 4799 4916 4916 4917 4917 4902 4902 4917 4917 4904 4904 4902 4902 4917 4917 4918 4918 4904 4904 4918 4918 4905 4905 4904 4904 4896 4896 4806 4806 4800 4800 4897 4897 4919 4919 4896 4896 4919 4919 4806 4806 4896 4896 4907 4907 4920 4920 4897 4897 4920 4920 4919 4919 4897 4897 4564 4564 4921 4921 4906 4906 4921 4921 4909 4909 4906 4906 4922 4922 4920 4920 4907 4907 4923 4923 4924 4924 4908 4908 4913 4913 4923 4923 4908 4908 4925 4925 4926 4926 4907 4907 4926 4926 4922 4922 4907 4907 4803 4803 4927 4927 4842 4842 4927 4927 4928 4928 4842 4842 4928 4928 4843 4843 4842 4842 4912 4912 4923 4923 4913 4913 4929 4929 4923 4923 4912 4912 4915 4915 4929 4929 4912 4912 4914 4914 4930 4930 4915 4915 4931 4931 4929 4929 4915 4915 4930 4930 4931 4931 4915 4915 4921 4921 4932 4932 4909 4909 4932 4932 4933 4933 4910 4910 4933 4933 4911 4911 4910 4910 4934 4934 4935 4935 4844 4844 4935 4935 4845 4845 4844 4844 4936 4936 4937 4937 4916 4916 4937 4937 4917 4917 4916 4916 4937 4937 4938 4938 4917 4917 4938 4938 4918 4918 4917 4917 4939 4939 4940 4940 4846 4846 4940 4940 4847 4847 4846 4846 4940 4940 4848 4848 4847 4847 4940 4940 4941 4941 4848 4848 4872 4872 4856 4856 4855 4855 4942 4942 4856 4856 4872 4872 4885 4885 4942 4942 4872 4872 4893 4893 4943 4943 4885 4885 4944 4944 4942 4942 4885 4885 4901 4901 4945 4945 4893 4893 4945 4945 4943 4943 4893 4893 4946 4946 4945 4945 4901 4901 4564 4564 4947 4947 4921 4921 4947 4947 4932 4932 4921 4921 4947 4947 4948 4948 4932 4932 4949 4949 4950 4950 4932 4932 4950 4950 4933 4933 4932 4932 4950 4950 4951 4951 4936 4936 4951 4951 4937 4937 4936 4936 4951 4951 4952 4952 4937 4937 4952 4952 4938 4938 4937 4937 4564 4564 4953 4953 4947 4947 4953 4953 4948 4948 4947 4947 4954 4954 4955 4955 4806 4806 4955 4955 4802 4802 4806 4806 4919 4919 4954 4954 4806 4806 4956 4956 4954 4954 4919 4919 4957 4957 4958 4958 4952 4952 4958 4958 4959 4959 4952 4952 4920 4920 4956 4956 4919 4919 4960 4960 4961 4961 4951 4951 4962 4962 4958 4958 4957 4957 4950 4950 4960 4960 4951 4951 4942 4942 4857 4857 4856 4856 4922 4922 4963 4963 4920 4920 4963 4963 4956 4956 4920 4920 4948 4948 4964 4964 4950 4950 4964 4964 4960 4960 4950 4950 4965 4965 4966 4966 4948 4948 4953 4953 4965 4965 4948 4948 4966 4966 4964 4964 4948 4948 4926 4926 4963 4963 4922 4922 4925 4925 4963 4963 4926 4926 4564 4564 4967 4967 4953 4953 4967 4967 4965 4965 4953 4953 4923 4923 4968 4968 4925 4925 4968 4968 4963 4963 4925 4925 4929 4929 4968 4968 4923 4923 4931 4931 4968 4968 4929 4929 4930 4930 4969 4969 4931 4931 4969 4969 4968 4968 4931 4931 4970 4970 4955 4955 4954 4954 4956 4956 4970 4970 4954 4954 4803 4803 4971 4971 4927 4927 4972 4972 4928 4928 4927 4927 4971 4971 4972 4972 4927 4927 4973 4973 4970 4970 4956 4956 4963 4963 4973 4973 4956 4956 4973 4973 4955 4955 4970 4970 4974 4974 4935 4935 4934 4934 4975 4975 4974 4974 4934 4934 4958 4958 4976 4976 4959 4959 4976 4976 4977 4977 4959 4959 4977 4977 4978 4978 4959 4959 4979 4979 4976 4976 4958 4958 4962 4962 4979 4979 4958 4958 4960 4960 4980 4980 4961 4961 4980 4980 4981 4981 4961 4961 4981 4981 4982 4982 4961 4961 4968 4968 4983 4983 4963 4963 4984 4984 4973 4973 4963 4963 4985 4985 4802 4802 4955 4955 4973 4973 4985 4985 4955 4955 4803 4803 4972 4972 4971 4971 4802 4802 4986 4986 4803 4803 4987 4987 4980 4980 4960 4960 4964 4964 4987 4987 4960 4960 4966 4966 4988 4988 4964 4964 4988 4988 4989 4989 4964 4964 4990 4990 4940 4940 4939 4939 4991 4991 4990 4990 4939 4939 4969 4969 4992 4992 4968 4968 4992 4992 4983 4983 4968 4968 4993 4993 4992 4992 4969 4969 4994 4994 4986 4986 4802 4802 4985 4985 4994 4994 4802 4802 4995 4995 4988 4988 4966 4966 4965 4965 4995 4995 4966 4966 4973 4973 4994 4994 4985 4985 4996 4996 4941 4941 4940 4940 4990 4990 4996 4996 4940 4940 4967 4967 4997 4997 4965 4965 4997 4997 4995 4995 4965 4965 4998 4998 4974 4974 4975 4975 4994 4994 4998 4998 4975 4975 4984 4984 4994 4994 4973 4973 4564 4564 4997 4997 4967 4967 4984 4984 4998 4998 4994 4994 4999 4999 4990 4990 4991 4991 5000 5000 4999 4999 4991 4991 4992 4992 5000 5000 4983 4983 4942 4942 4858 4858 4857 4857 5001 5001 4996 4996 4990 4990 4999 4999 5001 5001 4990 4990 4993 4993 4999 4999 4992 4992 4999 4999 5000 5000 4992 4992 5001 5001 4999 4999 4993 4993 5002 5002 4858 4858 4942 4942 4944 4944 5002 5002 4942 4942 4945 4945 5003 5003 4943 4943 5004 5004 5002 5002 4944 4944 4946 4946 5005 5005 4945 4945 5005 5005 5003 5003 4945 4945 5006 5006 5005 5005 4946 4946 4977 4977 5007 5007 4978 4978 4976 4976 5008 5008 4977 4977 5008 5008 5007 5007 4977 4977 4982 4982 5008 5008 4976 4976 5009 5009 5008 5008 4982 4982 4981 4981 5009 5009 4982 4982 4980 4980 5010 5010 4981 4981 5011 5011 5009 5009 4981 4981 4987 4987 5010 5010 4980 4980 4988 4988 5012 5012 4989 4989 5002 5002 4859 4859 4858 4858 5013 5013 5012 5012 4988 4988 4995 4995 5013 5013 4988 4988 4997 4997 5013 5013 4995 4995 4564 4564 5014 5014 4997 4997 5014 5014 5015 5015 4997 4997 5015 5015 5016 5016 4997 4997 5016 5016 5017 5017 4997 4997 5017 5017 5018 5018 4997 4997 5019 5019 5013 5013 4997 4997 5020 5020 5019 5019 4997 4997 5018 5018 5020 5020 4997 4997 5008 5008 5021 5021 5007 5007 5022 5022 5021 5021 5008 5008 5023 5023 5022 5022 5008 5008 5002 5002 4853 4853 4859 4859 5024 5024 5022 5022 5023 5023 5011 5011 5025 5025 5009 5009 5013 5013 5026 5026 5012 5012 5027 5027 5025 5025 5011 5011 5028 5028 5029 5029 5013 5013 5019 5019 5028 5028 5013 5013 5029 5029 5026 5026 5013 5013 5030 5030 4853 4853 5002 5002 5004 5004 5030 5030 5002 5002 5005 5005 5031 5031 5003 5003 5032 5032 5030 5030 5004 5004 5006 5006 5033 5033 5005 5005 5033 5033 5031 5031 5005 5005 5034 5034 5033 5033 5006 5006 5028 5028 5035 5035 5029 5029 5036 5036 5026 5026 5029 5029 5035 5035 5036 5036 5029 5029 5037 5037 5025 5025 5027 5027 5038 5038 5037 5037 5027 5027 5039 5039 5022 5022 5024 5024 5040 5040 5039 5039 5024 5024 5041 5041 5021 5021 5022 5022 5039 5039 5041 5041 5022 5022 5042 5042 5036 5036 5035 5035 5028 5028 5042 5042 5035 5035 5043 5043 5037 5037 5044 5044 5045 5045 5043 5043 5044 5044 5030 5030 4852 4852 4853 4853 5046 5046 5039 5039 5040 5040 5047 5047 5046 5046 5040 5040 5048 5048 4849 4849 4852 4852 5049 5049 5048 5048 4852 4852 5030 5030 5049 5049 4852 4852 5050 5050 5041 5041 5039 5039 5046 5046 5050 5050 5039 5039 5032 5032 5051 5051 5030 5030 5019 5019 5042 5042 5028 5028 5019 5019 5052 5052 5042 5042 5053 5053 5043 5043 5045 5045 5052 5052 5053 5053 5045 5045 5033 5033 5054 5054 5031 5031 5055 5055 5051 5051 5032 5032 5020 5020 5052 5052 5019 5019 5034 5034 5056 5056 5033 5033 5056 5056 5054 5054 5033 5033 5057 5057 5056 5056 5034 5034 5058 5058 5046 5046 5047 5047 5020 5020 5059 5059 5052 5052 5059 5059 5060 5060 5052 5052 5060 5060 5053 5053 5052 5052 5061 5061 5050 5050 5046 5046 5058 5058 5061 5061 5046 5046 5061 5061 5062 5062 5050 5050 5063 5063 5064 5064 5058 5058 5064 5064 5061 5061 5058 5058 5018 5018 5059 5059 5020 5020 5064 5064 5065 5065 5061 5061 5065 5065 5062 5062 5061 5061 5066 5066 5067 5067 4849 4849 5048 5048 5066 5066 4849 4849 5068 5068 5066 5066 5048 5048 5017 5017 5059 5059 5018 5018 5069 5069 5067 5067 5066 5066 5068 5068 5069 5069 5066 5066 5070 5070 5069 5069 5068 5068 5071 5071 5072 5072 5051 5051 5055 5055 5071 5071 5051 5051 5017 5017 5073 5073 5059 5059 5073 5073 5074 5074 5059 5059 5074 5074 5060 5060 5059 5059 5075 5075 5076 5076 5055 5055 5077 5077 5078 5078 5054 5054 5056 5056 5077 5077 5054 5054 5076 5076 5071 5071 5055 5055 5057 5057 5079 5079 5056 5056 5079 5079 5077 5077 5056 5056 5080 5080 5079 5079 5057 5057 5074 5074 5081 5081 5063 5063 5081 5081 5064 5064 5063 5063 5016 5016 5073 5073 5017 5017 5081 5081 5082 5082 5064 5064 5083 5083 5065 5065 5064 5064 5084 5084 5073 5073 5016 5016 5015 5015 5084 5084 5016 5016 5085 5085 5074 5074 5073 5073 5086 5086 5085 5085 5073 5073 5084 5084 5086 5086 5073 5073 5087 5087 5081 5081 5074 5074 5085 5085 5087 5087 5074 5074 5088 5088 5082 5082 5081 5081 5089 5089 5088 5088 5081 5081 5087 5087 5090 5090 5081 5081 5088 5088 5091 5091 5082 5082 5092 5092 5093 5093 5094 5094 5095 5095 5093 5093 5092 5092 5096 5096 5095 5095 5092 5092 5097 5097 5098 5098 5099 5099 5098 5098 5100 5100 5099 5099 5098 5098 5101 5101 5100 5100 5102 5102 5103 5103 5097 5097 5103 5103 5098 5098 5097 5097 5104 5104 5105 5105 5101 5101 5098 5098 5104 5104 5101 5101 5098 5098 5106 5106 5104 5104 5107 5107 5108 5108 5098 5098 5108 5108 5106 5106 5098 5098 5109 5109 5110 5110 5111 5111 5112 5112 5109 5109 5111 5111 5113 5113 5114 5114 5110 5110 5115 5115 5113 5113 5110 5110 5109 5109 5115 5115 5110 5110 5116 5116 5117 5117 5118 5118 5119 5119 5116 5116 5118 5118 5120 5120 5121 5121 5117 5117 5116 5116 5120 5120 5117 5117 5122 5122 5123 5123 5124 5124 5123 5123 5125 5125 5124 5124 5126 5126 5127 5127 5128 5128 5127 5127 5129 5129 5128 5128 5127 5127 5130 5130 5129 5129 5131 5131 5130 5130 5127 5127 5132 5132 5133 5133 5134 5134 5135 5135 5133 5133 5132 5132 5136 5136 5135 5135 5132 5132 5137 5137 5138 5138 5139 5139 5138 5138 5140 5140 5139 5139 5141 5141 5142 5142 5143 5143 5142 5142 5144 5144 5143 5143 5145 5145 5146 5146 5147 5147 5148 5148 5146 5146 5145 5145 5149 5149 5150 5150 5151 5151 5152 5152 5150 5150 5149 5149 5153 5153 5154 5154 5150 5150 5155 5155 5153 5153 5150 5150 5152 5152 5155 5155 5150 5150 5156 5156 5157 5157 5150 5150 5158 5158 5156 5156 5150 5150 5159 5159 5158 5158 5150 5150 5154 5154 5159 5159 5150 5150 5156 5156 5160 5160 5157 5157 5161 5161 5154 5154 5153 5153 5158 5158 5162 5162 5156 5156 5163 5163 5164 5164 5165 5165 5166 5166 5167 5167 5168 5168 5169 5169 5170 5170 5171 5171 5172 5172 5170 5170 5169 5169 5173 5173 5174 5174 5175 5175 5176 5176 5173 5173 5175 5175 5177 5177 5173 5173 5176 5176 5178 5178 5177 5177 5176 5176 5179 5179 5178 5178 5176 5176 5180 5180 5181 5181 5174 5174 5173 5173 5180 5180 5174 5174 5182 5182 5183 5183 5181 5181 5184 5184 5182 5182 5181 5181 5180 5180 5184 5184 5181 5181 5182 5182 5185 5185 5183 5183 5186 5186 5173 5173 5177 5177 5187 5187 5188 5188 5189 5189 5188 5188 5190 5190 5189 5189 5191 5191 5192 5192 5193 5193 5194 5194 5195 5195 5196 5196 5197 5197 5194 5194 5196 5196 5198 5198 5199 5199 5200 5200 5201 5201 5198 5198 5200 5200 5202 5202 5203 5203 5204 5204 5205 5205 5206 5206 5207 5207 5208 5208 5206 5206 5205 5205 5209 5209 5210 5210 5211 5211 5212 5212 5213 5213 5214 5214 5215 5215 5216 5216 5217 5217 5218 5218 5216 5216 5215 5215 5219 5219 5220 5220 5221 5221 5222 5222 5219 5219 5221 5221 5223 5223 5224 5224 5225 5225 5226 5226 5223 5223 5225 5225 5227 5227 5228 5228 5229 5229 5230 5230 5228 5228 5227 5227 5231 5231 5232 5232 5233 5233 5232 5232 5234 5234 5233 5233 5235 5235 5236 5236 5237 5237 5236 5236 5238 5238 5237 5237 5239 5239 5240 5240 5241 5241 5239 5239 5242 5242 5240 5240 5243 5243 5242 5242 5244 5244 5245 5245 5242 5242 5243 5243 5246 5246 5247 5247 5248 5248 5249 5249 5247 5247 5246 5246 5250 5250 5251 5251 5252 5252 5253 5253 5251 5251 5250 5250 5254 5254 5255 5255 5256 5256 5257 5257 5255 5255 5254 5254 5257 5257 5258 5258 5255 5255 5259 5259 5260 5260 5261 5261 5262 5262 5260 5260 5259 5259 5262 5262 5263 5263 5260 5260 5264 5264 5265 5265 5266 5266 5267 5267 5268 5268 5269 5269 5270 5270 5271 5271 5272 5272 5271 5271 5273 5273 5272 5272 5274 5274 5273 5273 5271 5271 5275 5275 5276 5276 5277 5277 5276 5276 5278 5278 5277 5277 5279 5279 5278 5278 5276 5276 5280 5280 5281 5281 5282 5282 5283 5283 5281 5281 5280 5280 5284 5284 5281 5281 5283 5283 5285 5285 5286 5286 5287 5287 5288 5288 5289 5289 5290 5290 5291 5291 5292 5292 5293 5293 5291 5291 5294 5294 5292 5292 5295 5295 5296 5296 5297 5297 5296 5296 5298 5298 5297 5297 5299 5299 5300 5300 5301 5301 5300 5300 5302 5302 5301 5301 5303 5303 5304 5304 5305 5305 5306 5306 5307 5307 5308 5308 5309 5309 5310 5310 5311 5311 5312 5312 5309 5309 5311 5311 5313 5313 5314 5314 5315 5315 5316 5316 5313 5313 5315 5315 5317 5317 5318 5318 5319 5319 5318 5318 5320 5320 5319 5319 5321 5321 5322 5322 5323 5323 5322 5322 5324 5324 5323 5323 5325 5325 5326 5326 5327 5327 5328 5328 5326 5326 5325 5325 5329 5329 5330 5330 5331 5331 5332 5332 5330 5330 5329 5329 5333 5333 5334 5334 5335 5335 5334 5334 5336 5336 5335 5335 5337 5337 5338 5338 5339 5339 5338 5338 5340 5340 5339 5339 5341 5341 5342 5342 5343 5343 5342 5342 5344 5344 5343 5343 5341 5341 5345 5345 5342 5342 5345 5345 5346 5346 5342 5342 5346 5346 5347 5347 5342 5342 5348 5348 5347 5347 5346 5346 5348 5348 5349 5349 5347 5347 5349 5349 5350 5350 5347 5347 5351 5351 5350 5350 5349 5349 5351 5351 5352 5352 5350 5350 5353 5353 5352 5352 5351 5351 5354 5354 5355 5355 5356 5356 5357 5357 5358 5358 5354 5354 5358 5358 5355 5355 5354 5354 5359 5359 5360 5360 5361 5361 5362 5362 5359 5359 5361 5361 5363 5363 5362 5362 5361 5361 5364 5364 5362 5362 5363 5363 5365 5365 5364 5364 5363 5363 5359 5359 5366 5366 5360 5360 5366 5366 5367 5367 5360 5360 5368 5368 5364 5364 5365 5365 5369 5369 5368 5368 5365 5365 5370 5370 5367 5367 5366 5366 5370 5370 5371 5371 5367 5367 5372 5372 5371 5371 5370 5370 5373 5373 5368 5368 5369 5369 5374 5374 5373 5373 5369 5369 5375 5375 5376 5376 5372 5372 5376 5376 5371 5371 5372 5372 5377 5377 5373 5373 5374 5374 5378 5378 5377 5377 5374 5374 5379 5379 5380 5380 5375 5375 5380 5380 5376 5376 5375 5375 5378 5378 5381 5381 5377 5377 5382 5382 5383 5383 5379 5379 5383 5383 5380 5380 5379 5379 5384 5384 5381 5381 5378 5378 5384 5384 5385 5385 5381 5381 5385 5385 5386 5386 5382 5382 5386 5386 5383 5383 5382 5382 5384 5384 5386 5386 5385 5385 5387 5387 5388 5388 5389 5389 5390 5390 5391 5391 5387 5387 5391 5391 5388 5388 5387 5387 5392 5392 5393 5393 5394 5394 5393 5393 5395 5395 5394 5394 5392 5392 5396 5396 5393 5393 5397 5397 5396 5396 5392 5392 5398 5398 5399 5399 5400 5400 5401 5401 5399 5399 5398 5398 5402 5402 5403 5403 5404 5404 5405 5405 5403 5403 5402 5402 5406 5406 5407 5407 5403 5403 5407 5407 5408 5408 5403 5403 5408 5408 5409 5409 5403 5403 5405 5405 5406 5406 5403 5403 5410 5410 5411 5411 5405 5405 5411 5411 5412 5412 5405 5405 5412 5412 5413 5413 5405 5405 5414 5414 5410 5410 5405 5405 5415 5415 5414 5414 5405 5405 5413 5413 5406 5406 5405 5405 5416 5416 5417 5417 5418 5418 5419 5419 5417 5417 5416 5416 5420 5420 5421 5421 5422 5422 5421 5421 5423 5423 5422 5422 5424 5424 5425 5425 5426 5426 5427 5427 5425 5425 5424 5424 5428 5428 5429 5429 5430 5430 5429 5429 5431 5431 5430 5430 5432 5432 5433 5433 5434 5434 5433 5433 5435 5435 5434 5434 5436 5436 5437 5437 5438 5438 5439 5439 5437 5437 5436 5436 5440 5440 5439 5439 5436 5436 5441 5441 5442 5442 5443 5443 5444 5444 5442 5442 5441 5441 5445 5445 5446 5446 5447 5447 5448 5448 5446 5446 5445 5445 5449 5449 5450 5450 5448 5448 5450 5450 5446 5446 5448 5448 5450 5450 5451 5451 5446 5446 5451 5451 5452 5452 5446 5446 5452 5452 5453 5453 5446 5446 5453 5453 5454 5454 5446 5446 5454 5454 5455 5455 5446 5446 5455 5455 5456 5456 5446 5446 5457 5457 5456 5456 5455 5455 5458 5458 5456 5456 5457 5457 5459 5459 5460 5460 5458 5458 5460 5460 5456 5456 5458 5458 5461 5461 5462 5462 5463 5463 5462 5462 5464 5464 5463 5463 5465 5465 5466 5466 5467 5467 5468 5468 5469 5469 5465 5465 5469 5469 5466 5466 5465 5465 5470 5470 5471 5471 5472 5472 5473 5473 5470 5470 5472 5472 5473 5473 5474 5474 5470 5470 5474 5474 5475 5475 5470 5470 5476 5476 5475 5475 5474 5474 5476 5476 5477 5477 5475 5475 5477 5477 5478 5478 5475 5475 5479 5479 5478 5478 5477 5477 5479 5479 5480 5480 5478 5478 5481 5481 5480 5480 5479 5479 5482 5482 5483 5483 5484 5484 5485 5485 5482 5482 5484 5484 5486 5486 5485 5485 5484 5484 5487 5487 5485 5485 5486 5486 5488 5488 5487 5487 5486 5486 5489 5489 5490 5490 5483 5483 5482 5482 5489 5489 5483 5483 5491 5491 5487 5487 5488 5488 5492 5492 5491 5491 5488 5488 5493 5493 5490 5490 5489 5489 5493 5493 5494 5494 5490 5490 5495 5495 5494 5494 5493 5493 5496 5496 5491 5491 5492 5492 5497 5497 5496 5496 5492 5492 5498 5498 5499 5499 5495 5495 5499 5499 5494 5494 5495 5495 5500 5500 5496 5496 5497 5497 5501 5501 5500 5500 5497 5497 5502 5502 5503 5503 5498 5498 5503 5503 5499 5499 5498 5498 5501 5501 5504 5504 5500 5500 5505 5505 5506 5506 5502 5502 5506 5506 5503 5503 5502 5502 5507 5507 5504 5504 5501 5501 5507 5507 5508 5508 5504 5504 5508 5508 5509 5509 5505 5505 5509 5509 5506 5506 5505 5505 5507 5507 5509 5509 5508 5508 5510 5510 5511 5511 5512 5512 5513 5513 5511 5511 5510 5510 5514 5514 5515 5515 5516 5516 5515 5515 5517 5517 5516 5516 5515 5515 5518 5518 5517 5517 5519 5519 5518 5518 5515 5515 5520 5520 5521 5521 5522 5522 5523 5523 5521 5521 5520 5520 5524 5524 5523 5523 5520 5520 5525 5525 5526 5526 5527 5527 5528 5528 5525 5525 5527 5527 5529 5529 5530 5530 5528 5528 5531 5531 5529 5529 5528 5528 5530 5530 5525 5525 5528 5528 5532 5532 5533 5533 5526 5526 5525 5525 5532 5532 5526 5526 5533 5533 5534 5534 5526 5526 5534 5534 5535 5535 5526 5526 5535 5535 5536 5536 5526 5526 5537 5537 5536 5536 5535 5535 5537 5537 5538 5538 5536 5536 5539 5539 5538 5538 5537 5537 5540 5540 5541 5541 5542 5542 5543 5543 5540 5540 5542 5542 5544 5544 5545 5545 5546 5546 5547 5547 5545 5545 5544 5544 5548 5548 5549 5549 5550 5550 5549 5549 5551 5551 5550 5550 5551 5551 5552 5552 5550 5550 5553 5553 5554 5554 5555 5555 5556 5556 5554 5554 5553 5553 5557 5557 5558 5558 5559 5559 5560 5560 5557 5557 5559 5559 5561 5561 5562 5562 5563 5563 5561 5561 5564 5564 5562 5562 5565 5565 5564 5564 5561 5561 5566 5566 5567 5567 5568 5568 5569 5569 5567 5567 5566 5566 5570 5570 5571 5571 5572 5572 5573 5573 5571 5571 5570 5570 5574 5574 5575 5575 5576 5576 5577 5577 5575 5575 5574 5574 5578 5578 5579 5579 5580 5580 5581 5581 5582 5582 5578 5578 5582 5582 5579 5579 5578 5578 5583 5583 5584 5584 5585 5585 5586 5586 5584 5584 5583 5583 5587 5587 5584 5584 5586 5586 5588 5588 5587 5587 5586 5586 5589 5589 5590 5590 5591 5591 5592 5592 5589 5589 5591 5591 5593 5593 5594 5594 5595 5595 5596 5596 5594 5594 5593 5593 5597 5597 5598 5598 5599 5599 5600 5600 5598 5598 5597 5597 5601 5601 5602 5602 5603 5603 5602 5602 5604 5604 5603 5603 5604 5604 5605 5605 5603 5603 5605 5605 5606 5606 5603 5603 5607 5607 5608 5608 5606 5606 5609 5609 5607 5607 5606 5606 5605 5605 5609 5609 5606 5606 5610 5610 5611 5611 5601 5601 5611 5611 5612 5612 5601 5601 5612 5612 5602 5602 5601 5601 5613 5613 5608 5608 5607 5607 5613 5613 5614 5614 5608 5608 5615 5615 5614 5614 5613 5613 5616 5616 5617 5617 5610 5610 5617 5617 5618 5618 5610 5610 5618 5618 5611 5611 5610 5610 5615 5615 5619 5619 5614 5614 5620 5620 5619 5619 5615 5615 5621 5621 5622 5622 5619 5619 5623 5623 5617 5617 5616 5616 5620 5620 5624 5624 5622 5622 5625 5625 5624 5624 5620 5620 5626 5626 5627 5627 5623 5623 5627 5627 5617 5617 5623 5623 5626 5626 5628 5628 5627 5627 5625 5625 5629 5629 5624 5624 5630 5630 5629 5629 5625 5625 5631 5631 5629 5629 5630 5630 5632 5632 5631 5631 5630 5630 5633 5633 5628 5628 5626 5626 5633 5633 5634 5634 5628 5628 5635 5635 5636 5636 5633 5633 5636 5636 5634 5634 5633 5633 5632 5632 5637 5637 5631 5631 5637 5637 5638 5638 5631 5631 5639 5639 5638 5638 5637 5637 5640 5640 5641 5641 5635 5635 5641 5641 5636 5636 5635 5635 5642 5642 5638 5638 5639 5639 5642 5642 5643 5643 5638 5638 5640 5640 5644 5644 5641 5641 5640 5640 5645 5645 5644 5644 5646 5646 5645 5645 5640 5640 5647 5647 5643 5643 5642 5642 5648 5648 5643 5643 5647 5647 5649 5649 5648 5648 5647 5647 5646 5646 5650 5650 5645 5645 5646 5646 5651 5651 5650 5650 5652 5652 5651 5651 5646 5646 5653 5653 5648 5648 5649 5649 5654 5654 5648 5648 5653 5653 5655 5655 5654 5654 5653 5653 5656 5656 5655 5655 5653 5653 5652 5652 5657 5657 5651 5651 5652 5652 5658 5658 5657 5657 5659 5659 5658 5658 5652 5652 5660 5660 5655 5655 5656 5656 5661 5661 5655 5655 5660 5660 5662 5662 5661 5661 5660 5660 5659 5659 5663 5663 5658 5658 5664 5664 5661 5661 5662 5662 5665 5665 5663 5663 5659 5659 5666 5666 5661 5661 5664 5664 5667 5667 5666 5666 5664 5664 5665 5665 5668 5668 5663 5663 5665 5665 5669 5669 5668 5668 5669 5669 5666 5666 5667 5667 5665 5665 5666 5666 5669 5669 5670 5670 5671 5671 5672 5672 5673 5673 5671 5671 5670 5670 5674 5674 5675 5675 5676 5676 5677 5677 5674 5674 5676 5676 5675 5675 5678 5678 5673 5673 5678 5678 5679 5679 5673 5673 5679 5679 5671 5671 5673 5673 5680 5680 5681 5681 5682 5682 5679 5679 5683 5683 5682 5682 5683 5683 5680 5680 5682 5682 5684 5684 5677 5677 5685 5685 5686 5686 5677 5677 5684 5684 5677 5677 5687 5687 5674 5674 5677 5677 5686 5686 5687 5687 5688 5688 5689 5689 5690 5690 5691 5691 5689 5689 5688 5688 5692 5692 5691 5691 5688 5688 5693 5693 5694 5694 5695 5695 5696 5696 5694 5694 5693 5693 5697 5697 5698 5698 5699 5699 5700 5700 5697 5697 5699 5699 5701 5701 5700 5700 5699 5699 5701 5701 5702 5702 5700 5700 5702 5702 5703 5703 5700 5700 5704 5704 5705 5705 5706 5706 5705 5705 5698 5698 5706 5706 5704 5704 5707 5707 5705 5705 5708 5708 5703 5703 5702 5702 5708 5708 5709 5709 5703 5703 5709 5709 5710 5710 5703 5703 5711 5711 5707 5707 5704 5704 5712 5712 5711 5711 5704 5704 5713 5713 5710 5710 5709 5709 5713 5713 5714 5714 5710 5710 5714 5714 5715 5715 5710 5710 5712 5712 5716 5716 5711 5711 5717 5717 5718 5718 5712 5712 5718 5718 5716 5716 5712 5712 5719 5719 5715 5715 5714 5714 5719 5719 5720 5720 5715 5715 5720 5720 5721 5721 5715 5715 5717 5717 5722 5722 5718 5718 5723 5723 5724 5724 5717 5717 5724 5724 5722 5722 5717 5717 5725 5725 5721 5721 5720 5720 5725 5725 5726 5726 5721 5721 5726 5726 5727 5727 5721 5721 5723 5723 5728 5728 5724 5724 5729 5729 5730 5730 5723 5723 5730 5730 5728 5728 5723 5723 5731 5731 5727 5727 5726 5726 5729 5729 5732 5732 5730 5730 5733 5733 5727 5727 5731 5731 5733 5733 5734 5734 5727 5727 5735 5735 5734 5734 5733 5733 5729 5729 5736 5736 5732 5732 5737 5737 5736 5736 5729 5729 5737 5737 5738 5738 5736 5736 5739 5739 5734 5734 5735 5735 5739 5739 5740 5740 5734 5734 5741 5741 5742 5742 5739 5739 5737 5737 5743 5743 5738 5738 5744 5744 5743 5743 5737 5737 5744 5744 5745 5745 5743 5743 5746 5746 5742 5742 5741 5741 5746 5746 5747 5747 5742 5742 5748 5748 5747 5747 5746 5746 5744 5744 5749 5749 5745 5745 5750 5750 5749 5749 5744 5744 5750 5750 5751 5751 5749 5749 5752 5752 5747 5747 5748 5748 5752 5752 5753 5753 5747 5747 5750 5750 5754 5754 5751 5751 5755 5755 5754 5754 5750 5750 5755 5755 5756 5756 5754 5754 5757 5757 5753 5753 5752 5752 5758 5758 5753 5753 5757 5757 5758 5758 5755 5755 5753 5753 5755 5755 5758 5758 5756 5756 5759 5759 5760 5760 5761 5761 5762 5762 5759 5759 5761 5761 5759 5759 5763 5763 5760 5760 5764 5764 5759 5759 5762 5762 5759 5759 5765 5765 5763 5763 5765 5765 5766 5766 5763 5763 5767 5767 5759 5759 5764 5764 5768 5768 5769 5769 5766 5766 5769 5769 5770 5770 5766 5766 5765 5765 5771 5771 5766 5766 5771 5771 5768 5768 5766 5766 5770 5770 5772 5772 5766 5766 5772 5772 5773 5773 5766 5766 5773 5773 5774 5774 5766 5766 5775 5775 5759 5759 5767 5767 5776 5776 5759 5759 5775 5775 5777 5777 5759 5759 5776 5776 5778 5778 5759 5759 5777 5777 5779 5779 5780 5780 5781 5781 5782 5782 5780 5780 5779 5779 5783 5783 5784 5784 5785 5785 5786 5786 5783 5783 5785 5785 5787 5787 5788 5788 5789 5789 5790 5790 5788 5788 5787 5787 5790 5790 5791 5791 5788 5788 5792 5792 5793 5793 5794 5794 5795 5795 5792 5792 5794 5794 5796 5796 5795 5795 5794 5794 5797 5797 5796 5796 5794 5794 5798 5798 5796 5796 5797 5797 5792 5792 5799 5799 5793 5793 5800 5800 5801 5801 5793 5793 5802 5802 5800 5800 5793 5793 5799 5799 5802 5802 5793 5793 5803 5803 5796 5796 5798 5798 5800 5800 5804 5804 5801 5801 5805 5805 5795 5795 5796 5796 5806 5806 5807 5807 5808 5808 5806 5806 5809 5809 5807 5807 5810 5810 5811 5811 5812 5812 5813 5813 5814 5814 5815 5815 5816 5816 5813 5813 5815 5815 5817 5817 5818 5818 5819 5819 5820 5820 5818 5818 5817 5817 5821 5821 5822 5822 5823 5823 5822 5822 5824 5824 5823 5823 5825 5825 5826 5826 5827 5827 5828 5828 5825 5825 5827 5827 5829 5829 5830 5830 5831 5831 5832 5832 5830 5830 5829 5829 5833 5833 5834 5834 5835 5835 5836 5836 5833 5833 5835 5835 5837 5837 5838 5838 5839 5839 5840 5840 5838 5838 5837 5837 5840 5840 5841 5841 5838 5838 5842 5842 5843 5843 5844 5844 5842 5842 5845 5845 5843 5843 5846 5846 5845 5845 5842 5842 5847 5847 5848 5848 5849 5849 5850 5850 5848 5848 5847 5847 5851 5851 5852 5852 5853 5853 5851 5851 5854 5854 5852 5852 5855 5855 5854 5854 5851 5851 5856 5856 5857 5857 5858 5858 5859 5859 5857 5857 5856 5856 5859 5859 5860 5860 5857 5857 5861 5861 5862 5862 5863 5863 5864 5864 5861 5861 5863 5863 5865 5865 5866 5866 5867 5867 5868 5868 5866 5866 5865 5865 5869 5869 5870 5870 5871 5871 5872 5872 5870 5870 5869 5869 5873 5873 5874 5874 5875 5875 5873 5873 5876 5876 5874 5874 5877 5877 5876 5876 5873 5873 5878 5878 5879 5879 5880 5880 5881 5881 5879 5879 5878 5878 5882 5882 5883 5883 5884 5884 5885 5885 5882 5882 5884 5884 5886 5886 5887 5887 5888 5888 5889 5889 5886 5886 5888 5888 5890 5890 5889 5889 5888 5888 5891 5891 5889 5889 5890 5890 5886 5886 5892 5892 5887 5887 5892 5892 5893 5893 5887 5887 5894 5894 5889 5889 5891 5891 5892 5892 5895 5895 5893 5893 5896 5896 5897 5897 5895 5895 5892 5892 5896 5896 5895 5895 5898 5898 5886 5886 5889 5889 5896 5896 5899 5899 5897 5897 5900 5900 5901 5901 5902 5902 5903 5903 5900 5900 5902 5902 5904 5904 5900 5900 5903 5903 5905 5905 5906 5906 5901 5901 5907 5907 5905 5905 5901 5901 5900 5900 5907 5907 5901 5901 5908 5908 5909 5909 5904 5904 5909 5909 5910 5910 5904 5904 5910 5910 5900 5900 5904 5904 5911 5911 5912 5912 5905 5905 5907 5907 5911 5911 5905 5905 5911 5911 5913 5913 5912 5912 5914 5914 5915 5915 5916 5916 5917 5917 5914 5914 5916 5916 5918 5918 5919 5919 5920 5920 5921 5921 5918 5918 5920 5920 5922 5922 5923 5923 5924 5924 5925 5925 5923 5923 5922 5922 5926 5926 5927 5927 5928 5928 5929 5929 5927 5927 5926 5926 5930 5930 5931 5931 5932 5932 5933 5933 5930 5930 5932 5932 5934 5934 5935 5935 5936 5936 5934 5934 5937 5937 5935 5935 5938 5938 5937 5937 5934 5934 5939 5939 5940 5940 5941 5941 5942 5942 5940 5940 5939 5939 5943 5943 5944 5944 5945 5945 5946 5946 5944 5944 5943 5943 5947 5947 5948 5948 5949 5949 5950 5950 5947 5947 5949 5949 5951 5951 5952 5952 5953 5953 5954 5954 5951 5951 5953 5953 5955 5955 5956 5956 5957 5957 5958 5958 5956 5956 5955 5955 5959 5959 5960 5960 5961 5961 5962 5962 5960 5960 5959 5959 5963 5963 5964 5964 5965 5965 5966 5966 5963 5963 5965 5965 5967 5967 5968 5968 5969 5969 5970 5970 5967 5967 5969 5969 5971 5971 5972 5972 5973 5973 5974 5974 5972 5972 5971 5971 5975 5975 5976 5976 5977 5977 5978 5978 5976 5976 5975 5975 5979 5979 5980 5980 5981 5981 5982 5982 5979 5979 5981 5981 5983 5983 5984 5984 5985 5985 5986 5986 5987 5987 5988 5988 5989 5989 5987 5987 5986 5986 5990 5990 5991 5991 5992 5992 5993 5993 5991 5991 5990 5990 5994 5994 5995 5995 5996 5996 5997 5997 5995 5995 5994 5994 5998 5998 5999 5999 6000 6000 6001 6001 5998 5998 6000 6000 6002 6002 6003 6003 6004 6004 6005 6005 6002 6002 6004 6004 6006 6006 6007 6007 6008 6008 6009 6009 6007 6007 6006 6006 6009 6009 6010 6010 6007 6007 6011 6011 6012 6012 6013 6013 6014 6014 6012 6012 6011 6011 6015 6015 6016 6016 6017 6017 6018 6018 6015 6015 6017 6017 6019 6019 6020 6020 6021 6021 6022 6022 6023 6023 6019 6019 6023 6023 6020 6020 6019 6019 6024 6024 6025 6025 6026 6026 6027 6027 6024 6024 6026 6026 6027 6027 6028 6028 6024 6024 6028 6028 6029 6029 6024 6024 6030 6030 6031 6031 6028 6028 6030 6030 6032 6032 6031 6031 6032 6032 6033 6033 6031 6031 6034 6034 6033 6033 6032 6032 6034 6034 6035 6035 6033 6033 6035 6035 6036 6036 6033 6033 6037 6037 6036 6036 6035 6035 6038 6038 6039 6039 6040 6040 6041 6041 6038 6038 6040 6040 6042 6042 6041 6041 6040 6040 6043 6043 6041 6041 6042 6042 6044 6044 6043 6043 6042 6042 6045 6045 6046 6046 6039 6039 6038 6038 6045 6045 6039 6039 6047 6047 6043 6043 6044 6044 6048 6048 6047 6047 6044 6044 6049 6049 6046 6046 6045 6045 6049 6049 6050 6050 6046 6046 6051 6051 6050 6050 6049 6049 6052 6052 6047 6047 6048 6048 6053 6053 6052 6052 6048 6048 6054 6054 6055 6055 6051 6051 6055 6055 6050 6050 6051 6051 6056 6056 6052 6052 6053 6053 6057 6057 6056 6056 6053 6053 6058 6058 6059 6059 6054 6054 6059 6059 6055 6055 6054 6054 6057 6057 6060 6060 6056 6056 6061 6061 6062 6062 6058 6058 6062 6062 6059 6059 6058 6058 6063 6063 6060 6060 6057 6057 6063 6063 6064 6064 6060 6060 6064 6064 6065 6065 6061 6061 6065 6065 6062 6062 6061 6061 6063 6063 6065 6065 6064 6064 6066 6066 6067 6067 6068 6068 6069 6069 6067 6067 6066 6066 6070 6070 6071 6071 6072 6072 6071 6071 6073 6073 6072 6072 6073 6073 6074 6074 6072 6072 6070 6070 6075 6075 6071 6071 6076 6076 6075 6075 6070 6070 6073 6073 6077 6077 6074 6074 6073 6073 6078 6078 6077 6077 6073 6073 6079 6079 6078 6078 6080 6080 6081 6081 6073 6073 6081 6081 6079 6079 6073 6073 6080 6080 6082 6082 6081 6081 6080 6080 6083 6083 6082 6082 6084 6084 6085 6085 6083 6083 6086 6086 6084 6084 6083 6083 6087 6087 6088 6088 6075 6075 6076 6076 6087 6087 6075 6075 6089 6089 6090 6090 6091 6091 6092 6092 6090 6090 6089 6089 6093 6093 6094 6094 6095 6095 6096 6096 6093 6093 6095 6095 6097 6097 6098 6098 6099 6099 6100 6100 6098 6098 6097 6097 6101 6101 6102 6102 6103 6103 6104 6104 6102 6102 6101 6101 6105 6105 6106 6106 6107 6107 6106 6106 6108 6108 6107 6107 6109 6109 6110 6110 6111 6111 6112 6112 6113 6113 6109 6109 6113 6113 6110 6110 6109 6109 6114 6114 6115 6115 6116 6116 6117 6117 6115 6115 6114 6114 6118 6118 6117 6117 6114 6114 6119 6119 6120 6120 6121 6121 6122 6122 6119 6119 6121 6121 6123 6123 6124 6124 6125 6125 6126 6126 6124 6124 6123 6123 6127 6127 6124 6124 6126 6126 6127 6127 6128 6128 6124 6124 6128 6128 6129 6129 6124 6124 6130 6130 6129 6129 6128 6128 6131 6131 6129 6129 6130 6130 6132 6132 6133 6133 6131 6131 6134 6134 6135 6135 6132 6132 6136 6136 6133 6133 6132 6132 6137 6137 6135 6135 6134 6134 6138 6138 6135 6135 6137 6137 6136 6136 6139 6139 6133 6133 6140 6140 6139 6139 6136 6136 6141 6141 6142 6142 6143 6143 6142 6142 6144 6144 6143 6143 6145 6145 6146 6146 6147 6147 6146 6146 6148 6148 6147 6147 6145 6145 6149 6149 6146 6146 6149 6149 6150 6150 6146 6146 6150 6150 6151 6151 6146 6146 6152 6152 6151 6151 6150 6150 6152 6152 6153 6153 6151 6151 6153 6153 6154 6154 6151 6151 6155 6155 6154 6154 6153 6153 6155 6155 6156 6156 6154 6154 6157 6157 6156 6156 6155 6155 6158 6158 6159 6159 6160 6160 6161 6161 6162 6162 6158 6158 6162 6162 6159 6159 6158 6158 6163 6163 6164 6164 6165 6165 6166 6166 6163 6163 6165 6165 6167 6167 6166 6166 6165 6165 6168 6168 6166 6166 6167 6167 6169 6169 6168 6168 6167 6167 6170 6170 6171 6171 6164 6164 6163 6163 6170 6170 6164 6164 6172 6172 6168 6168 6169 6169 6173 6173 6172 6172 6169 6169 6174 6174 6171 6171 6170 6170 6174 6174 6175 6175 6171 6171 6176 6176 6175 6175 6174 6174 6177 6177 6172 6172 6173 6173 6178 6178 6177 6177 6173 6173 6179 6179 6180 6180 6176 6176 6180 6180 6175 6175 6176 6176 6181 6181 6177 6177 6178 6178 6182 6182 6181 6181 6178 6178 6183 6183 6184 6184 6179 6179 6184 6184 6180 6180 6179 6179 6182 6182 6185 6185 6181 6181 6186 6186 6187 6187 6183 6183 6187 6187 6184 6184 6183 6183 6188 6188 6185 6185 6182 6182 6188 6188 6189 6189 6185 6185 6189 6189 6190 6190 6186 6186 6190 6190 6187 6187 6186 6186 6188 6188 6190 6190 6189 6189 6191 6191 6192 6192 6193 6193 6194 6194 6195 6195 6191 6191 6196 6196 6197 6197 6198 6198 6199 6199 6200 6200 6201 6201 6202 6202 6200 6200 6199 6199 6202 6202 6203 6203 6200 6200 6204 6204 6203 6203 6202 6202 6205 6205 6206 6206 6207 6207 6208 6208 6206 6206 6205 6205 6209 6209 6208 6208 6205 6205 6210 6210 6211 6211 6212 6212 6213 6213 6210 6210 6212 6212 6213 6213 6214 6214 6210 6210 6215 6215 6211 6211 6210 6210 6216 6216 6214 6214 6213 6213 6217 6217 6214 6214 6216 6216 6218 6218 6214 6214 6217 6217 6219 6219 6214 6214 6218 6218 6220 6220 6214 6214 6219 6219 6220 6220 6221 6221 6214 6214 6222 6222 6221 6221 6220 6220 6223 6223 6224 6224 6222 6222 6224 6224 6221 6221 6222 6222 6225 6225 6224 6224 6223 6223 6226 6226 6224 6224 6225 6225 6227 6227 6228 6228 6229 6229 6228 6228 6230 6230 6229 6229 6231 6231 6232 6232 6233 6233 6232 6232 6234 6234 6233 6233 6235 6235 6236 6236 6237 6237 6238 6238 6236 6236 6235 6235 6239 6239 6240 6240 6241 6241 6240 6240 6242 6242 6241 6241 6243 6243 6244 6244 6245 6245 6244 6244 6246 6246 6245 6245 6247 6247 6248 6248 6249 6249 6250 6250 6247 6247 6249 6249 6251 6251 6252 6252 6253 6253 6254 6254 6252 6252 6251 6251 6255 6255 6256 6256 6257 6257 6256 6256 6258 6258 6257 6257 6259 6259 6260 6260 6261 6261 6262 6262 6260 6260 6259 6259 6263 6263 6264 6264 6265 6265 6266 6266 6264 6264 6263 6263 6267 6267 6268 6268 6269 6269 6270 6270 6268 6268 6267 6267 6270 6270 6271 6271 6268 6268 6272 6272 6271 6271 6270 6270 6273 6273 6274 6274 6275 6275 6274 6274 6276 6276 6275 6275 6273 6273 6277 6277 6274 6274 6273 6273 6278 6278 6277 6277 6279 6279 6278 6278 6273 6273 6279 6279 6280 6280 6278 6278 6279 6279 6281 6281 6280 6280 6279 6279 6282 6282 6281 6281 6279 6279 6283 6283 6282 6282 6279 6279 6284 6284 6283 6283 6285 6285 6286 6286 6284 6284 6279 6279 6285 6285 6284 6284 6279 6279 6287 6287 6285 6285 6288 6288 6287 6287 6279 6279 6289 6289 6290 6290 6291 6291 6290 6290 6292 6292 6291 6291 6293 6293 6294 6294 6295 6295 6296 6296 6297 6297 6293 6293 6297 6297 6294 6294 6293 6293 6298 6298 6299 6299 6300 6300 6301 6301 6299 6299 6298 6298 6302 6302 6301 6301 6298 6298 6303 6303 6304 6304 6305 6305 6306 6306 6304 6304 6303 6303 6307 6307 6308 6308 6309 6309 6308 6308 6310 6310 6309 6309 6310 6310 6311 6311 6309 6309 6312 6312 6313 6313 6314 6314 6315 6315 6313 6313 6312 6312 6316 6316 6317 6317 6318 6318 6316 6316 6319 6319 6317 6317 6320 6320 6319 6319 6316 6316 6321 6321 6322 6322 6323 6323 6322 6322 6324 6324 6323 6323 6325 6325 6326 6326 6327 6327 6328 6328 6326 6326 6325 6325 6329 6329 6330 6330 6331 6331 6332 6332 6329 6329 6331 6331 6333 6333 6334 6334 6335 6335 6336 6336 6334 6334 6333 6333 6337 6337 6338 6338 6339 6339 6340 6340 6337 6337 6339 6339 6341 6341 6342 6342 6343 6343 6342 6342 6344 6344 6343 6343 6344 6344 6345 6345 6343 6343 6345 6345 6346 6346 6343 6343 6346 6346 6347 6347 6343 6343 6346 6346 6348 6348 6347 6347 6348 6348 6349 6349 6347 6347 6348 6348 6350 6350 6349 6349 6350 6350 6351 6351 6349 6349 6350 6350 6352 6352 6351 6351 6353 6353 6346 6346 6345 6345 6350 6350 6354 6354 6352 6352 6355 6355 6356 6356 6357 6357 6358 6358 6355 6355 6357 6357 6359 6359 6355 6355 6358 6358 6355 6355 6360 6360 6356 6356 6360 6360 6361 6361 6356 6356 6361 6361 6362 6362 6356 6356 6362 6362 6363 6363 6356 6356 6363 6363 6364 6364 6356 6356 6364 6364 6365 6365 6356 6356 6366 6366 6355 6355 6359 6359 6367 6367 6368 6368 6366 6366 6368 6368 6355 6355 6366 6366 6369 6369 6370 6370 6371 6371 6372 6372 6370 6370 6369 6369 6373 6373 6374 6374 6375 6375 6376 6376 6374 6374 6373 6373 6377 6377 6378 6378 6379 6379 6378 6378 6380 6380 6379 6379 6381 6381 6382 6382 6383 6383 6382 6382 6384 6384 6383 6383 6385 6385 6386 6386 6387 6387 6388 6388 6386 6386 6385 6385 6389 6389 6390 6390 6391 6391 6392 6392 6390 6390 6389 6389 6393 6393 6394 6394 6395 6395 6396 6396 6394 6394 6393 6393 6396 6396 6397 6397 6394 6394 6398 6398 6399 6399 6400 6400 6401 6401 6399 6399 6398 6398 6401 6401 6402 6402 6399 6399 6403 6403 6404 6404 6405 6405 6403 6403 6406 6406 6404 6404 6407 6407 6406 6406 6403 6403 6408 6408 6409 6409 6410 6410 6408 6408 6411 6411 6409 6409 6412 6412 6411 6411 6408 6408 6413 6413 6414 6414 6415 6415 6414 6414 6416 6416 6415 6415 6417 6417 6418 6418 6419 6419 6418 6418 6420 6420 6419 6419 6421 6421 6422 6422 6423 6423 6424 6424 6421 6421 6423 6423 6425 6425 6426 6426 6427 6427 6428 6428 6425 6425 6427 6427 6429 6429 6430 6430 6431 6431 6432 6432 6430 6430 6429 6429 6433 6433 6434 6434 6435 6435 6436 6436 6434 6434 6433 6433 6437 6437 6438 6438 6439 6439 6440 6440 6441 6441 6437 6437 6441 6441 6438 6438 6437 6437 6442 6442 6443 6443 6444 6444 6445 6445 6442 6442 6444 6444 6445 6445 6446 6446 6442 6442 6446 6446 6447 6447 6442 6442 6448 6448 6447 6447 6446 6446 6448 6448 6449 6449 6447 6447 6449 6449 6450 6450 6447 6447 6451 6451 6450 6450 6449 6449 6451 6451 6452 6452 6450 6450 6453 6453 6452 6452 6451 6451 6454 6454 6455 6455 6456 6456 6457 6457 6454 6454 6456 6456 6458 6458 6457 6457 6456 6456 6459 6459 6457 6457 6458 6458 6460 6460 6459 6459 6458 6458 6461 6461 6462 6462 6455 6455 6454 6454 6461 6461 6455 6455 6463 6463 6459 6459 6460 6460 6464 6464 6463 6463 6460 6460 6465 6465 6462 6462 6461 6461 6465 6465 6466 6466 6462 6462 6467 6467 6466 6466 6465 6465 6468 6468 6463 6463 6464 6464 6469 6469 6468 6468 6464 6464 6470 6470 6471 6471 6467 6467 6471 6471 6466 6466 6467 6467 6472 6472 6468 6468 6469 6469 6473 6473 6472 6472 6469 6469 6474 6474 6475 6475 6470 6470 6475 6475 6471 6471 6470 6470 6473 6473 6476 6476 6472 6472 6477 6477 6478 6478 6474 6474 6478 6478 6475 6475 6474 6474 6479 6479 6476 6476 6473 6473 6479 6479 6480 6480 6476 6476 6480 6480 6481 6481 6477 6477 6481 6481 6478 6478 6477 6477 6479 6479 6481 6481 6480 6480 6482 6482 6483 6483 6484 6484 6485 6485 6486 6486 6487 6487 6488 6488 6489 6489 6490 6490 6491 6491 6492 6492 6493 6493 6494 6494 6495 6495 6496 6496 6497 6497 6495 6495 6494 6494 6498 6498 6499 6499 6500 6500 6501 6501 6499 6499 6498 6498 6502 6502 6503 6503 6504 6504 6503 6503 6505 6505 6504 6504 6506 6506 6507 6507 6508 6508 6509 6509 6506 6506 6508 6508 6510 6510 6511 6511 6512 6512 6513 6513 6510 6510 6512 6512 6514 6514 6515 6515 6516 6516 6517 6517 6518 6518 6519 6519 6520 6520 6521 6521 6522 6522 6523 6523 6524 6524 6525 6525 6526 6526 6527 6527 6528 6528 6527 6527 6529 6529 6528 6528 6530 6530 6527 6527 6526 6526 6530 6530 6531 6531 6527 6527 6532 6532 6533 6533 6534 6534 6535 6535 6533 6533 6532 6532 6536 6536 6537 6537 6538 6538 6539 6539 6536 6536 6538 6538 6540 6540 6541 6541 6542 6542 6541 6541 6543 6543 6542 6542 6544 6544 6545 6545 6546 6546 6547 6547 6544 6544 6546 6546 6547 6547 6548 6548 6544 6544 6549 6549 6550 6550 6547 6547 6550 6550 6548 6548 6547 6547 6549 6549 6551 6551 6550 6550 6549 6549 6552 6552 6551 6551 6549 6549 6553 6553 6552 6552 6549 6549 6554 6554 6553 6553 6549 6549 6555 6555 6554 6554 6556 6556 6557 6557 6558 6558 6549 6549 6556 6556 6558 6558 6559 6559 6556 6556 6549 6549 6560 6560 6559 6559 6549 6549 6561 6561 6562 6562 6563 6563 6562 6562 6564 6564 6563 6563 6565 6565 6562 6562 6561 6561 6566 6566 6562 6562 6565 6565 6567 6567 6562 6562 6566 6566 6567 6567 6568 6568 6562 6562 6569 6569 6568 6568 6567 6567 6570 6570 6568 6568 6569 6569 6571 6571 6572 6572 6570 6570 6572 6572 6568 6568 6570 6570 6573 6573 6572 6572 6571 6571 6574 6574 6572 6572 6573 6573 6575 6575 6576 6576 6577 6577 6576 6576 6578 6578 6577 6577 6575 6575 6579 6579 6576 6576 6580 6580 6581 6581 6582 6582 6583 6583 6581 6581 6580 6580 6584 6584 6583 6583 6580 6580 6585 6585 6583 6583 6584 6584 6586 6586 6587 6587 6588 6588 6589 6589 6587 6587 6586 6586 6590 6590 6591 6591 6592 6592 6593 6593 6591 6591 6590 6590 6594 6594 6595 6595 6596 6596 6597 6597 6595 6595 6594 6594 6598 6598 6595 6595 6597 6597 6599 6599 6598 6598 6597 6597 6600 6600 6601 6601 6602 6602 6603 6603 6601 6601 6600 6600 6604 6604 6603 6603 6600 6600 6605 6605 6606 6606 6607 6607 6606 6606 6608 6608 6607 6607 6609 6609 6610 6610 6611 6611 6610 6610 6612 6612 6611 6611 6613 6613 6614 6614 6615 6615 6614 6614 6616 6616 6615 6615 6617 6617 6618 6618 6619 6619 6620 6620 6618 6618 6617 6617 6621 6621 6622 6622 6623 6623 6622 6622 6624 6624 6623 6623</p>
        </polylist>
      </mesh>
    </geometry>
  </library_geometries>
  <library_controllers>
  </library_controllers>
  <library_visual_scenes>
    <visual_scene id="Scene" name="Scene">
      <node id="Mesh.001" name="Mesh.001" type="NODE">
        <matrix sid="matrix">0.001 0 0 0 0 0.001 0 0 0 0 0.001 0 0 0 0 1</matrix>
        <instance_geometry url="#meshId0">
          <bind_material>
            <technique_common>
              <instance_material symbol="defaultMaterial" target="#Material__________">
              </instance_material>
            </technique_common>
          </bind_material>
        </instance_geometry>
      </node>
      <node id="Mesh" name="Mesh" type="NODE">
        <matrix sid="matrix">0.001 0 0 0 0 0.001 0 0 0 0 0.001 0 0 0 0 1</matrix>
        <instance_geometry url="#meshId1">
          <bind_material>
            <technique_common>
              <instance_material symbol="defaultMaterial" target="#Material_______">
              </instance_material>
            </technique_common>
          </bind_material>
        </instance_geometry>
      </node>
    </visual_scene>
  </library_visual_scenes>
  <scene>
    <instance_visual_scene url="#Scene" />
  </scene>
</COLLADA>