<?xml version='1.0' encoding='utf-8'?>
<COLLADA xmlns="http://www.collada.org/2005/11/COLLADASchema" version="1.4.1">
  <asset>
    <contributor>
      <author>Assimp</author>
      <authoring_tool>Assimp Exporter</authoring_tool>
    </contributor>
    <created>2026-10-09T10:33:47</created>
    <modified>2026-10-09T10:33:47</modified>
    <unit name="meter" meter="0.001" />
    <up_axis>Y_UP</up_axis>
  </asset>
  <library_effects>
    <effect id="rm_dae_effect_0" name="Material_______">
      <profile_COMMON>
        <technique sid="standard">
          <phong>
            <emission>
              <color sid="emission">0   0   0   1</color>
            </emission>
            <diffuse>
              <color sid="diffuse">0.98823518   0.98823518   0.98823518   1</color>
            </diffuse>
            <shininess>
              <float sid="shininess">0</float>
            </shininess>
          </phong>
        </technique>
      </profile_COMMON>
    </effect>
    <effect id="rm_dae_effect_1" name="Material_______">
      <profile_COMMON>
        <technique sid="standard">
          <phong>
            <emission>
              <color sid="emission">0   0   0   1</color>
            </emission>
            <diffuse>
              <color sid="diffuse">0   0   0   1</color>
            </diffuse>
            <shininess>
              <float sid="shininess">0</float>
            </shininess>
          </phong>
        </technique>
      </profile_COMMON>
    </effect>
    <effect id="rm_dae_effect_2" name="m2mat">
      <profile_COMMON>
        <technique sid="standard">
          <phong>
            <emission>
              <color sid="emission">0   0   0   1</color>
            </emission>
            <diffuse>
              <color sid="diffuse">1   1   1   1</color>
            </diffuse>
            <shininess>
              <float sid="shininess">0</float>
            </shininess>
          </phong>
        </technique>
      </profile_COMMON>
    </effect>
  </library_effects>
  <library_materials>
    <material id="rm_dae_material_0" name="Material_______">
      <instance_effect url="#rm_dae_effect_0" />
    </material>
    <material id="rm_dae_material_1" name="Material_______">
      <instance_effect url="#rm_dae_effect_1" />
    </material>
    <material id="rm_dae_material_2" name="m2mat">
      <instance_effect url="#rm_dae_effect_2" />
    </material>
  </library_materials>
  <library_geometries>
    <geometry id="meshId0" name="meshId0_name">
      <mesh>
        <source id="meshId0-positions" name="meshId0-positions">
          <float_array id="meshId0-positions-array" count="35373"> 4.0312214 -23.628742 -28.051144 4.0312214 -23.628742 -28.051144 4.641119 -23.830793 -27.512341 4.3380413 -23.86821 -28.152168 4.2482395 -24.20122 -29.510401 4.2482395 -24.20122 -29.510401 4.0536747 -23.898144 -29.502916 4.3604908 -24.193737 -28.713421 4.1434727 -23.886917 -28.814447 4.3866825 -24.189995 -28.604912 4.5176411 -24.175028 -28.200811 5.0976009 -24.107677 -27.138172 8.5624027 -23.239607 -25.334681 7.9001255 -23.46785 -25.390806 8.4389248 -22.906597 -25.256105 7.7803898 -23.13484 -25.312231 7.0507603 -23.714802 -25.626532 7.125597 -23.329407 -25.473124 6.4969921 -23.494041 -25.742525 6.7963276 -23.77841 -25.738783 5.9058056 -23.621258 -26.105469 6.0442486 -23.946785 -26.191526 5.7074986 -24.010393 -26.46467 5.0377369 -23.774668 -26.936121 5.0377369 -23.774668 -26.936121 5.0377369 -23.774668 -26.936121 5.2510128 -24.085228 -26.943605 4.3567486 -23.583841 -27.37764 4.3567486 -23.583841 -27.37764 3.6645374 -23.531458 -27.920185 4.0125141 -23.479074 -27.194298 3.7580814 -23.501526 -27.250423 3.4999027 -23.542683 -27.860317 3.4400387 -23.565134 -28.679747 3.8216877 -23.651192 -28.758322 3.8216877 -23.651192 -28.758322 3.7281475 -23.662418 -29.487949 3.7281475 -23.662418 -29.487949 3.7693043 -23.658676 -30.32983 3.7693043 -23.658676 -30.32983 4.0910892 -23.894402 -30.292412 4.0910892 -23.894402 -30.292412 4.2744312 -24.20122 -30.202612 4.2744312 -24.20122 -30.202612 4.2819157 -24.20122 -30.273705 4.3604908 -24.193737 -30.68903 4.6560841 -24.160061 -31.523426 4.839426 -25.117931 -31.033264 4.7496281 -25.151608 -30.677805 4.7496281 -25.151608 -30.677805 4.2744312 -24.20122 -30.202612 4.6523418 -25.185282 -29.416859 4.7496281 -25.151608 -28.720905 4.7496281 -25.151608 -28.720905 4.3866825 -24.189995 -28.604912 5.0339947 -25.046841 -27.84161 5.3183613 -24.942074 -27.306549 9.4304714 -23.086197 -26.722845 9.4304714 -23.086197 -26.722845 5.7112408 -24.440687 -29.428083 5.7112408 -24.440687 -29.428083 8.6933613 -23.355598 -26.599371 8.6933613 -23.355598 -26.599371 8.0460491 -23.591326 -26.659237 8.0460491 -23.591326 -26.659237 6.710268 -24.077744 -27.351448 6.710268 -24.077744 -27.351448 7.3351307 -23.849503 -26.913671 7.3351307 -23.849503 -26.913671 6.2126255 -24.257345 -27.942635 6.2126255 -24.257345 -27.942635 5.8721294 -24.380821 -28.649813 5.8721294 -24.380821 -28.649813 6.1714649 -25.739052 -29.701225 6.1714649 -25.739052 -29.701225 6.1714649 -25.739052 -29.701225 5.7000141 -24.444429 -29.701225 5.7000141 -24.444429 -29.701225 5.7000141 -24.444429 -29.701225 5.7935543 -24.410753 -30.48698 5.7935543 -24.410753 -30.48698 6.463316 -25.656734 -31.033264 6.463316 -25.656734 -31.033264 6.0779247 -24.305986 -31.227833 6.0779247 -24.305986 -31.227833 6.526926 -24.145094 -31.863918 6.526926 -24.145094 -31.863918 7.2790051 -25.417267 -32.11087 7.2790051 -25.417267 -32.11087 6.6279507 -24.107677 -31.972427 6.6279507 -24.107677 -31.972427 7.1106281 -23.931818 -32.357822 7.1106281 -23.931818 -32.357822 8.536211 -23.411724 -32.799339 8.536211 -23.411724 -32.799339 7.7953548 -23.681126 -32.675865 7.7953548 -23.681126 -32.675865 10.115202 -22.835505 -27.04089 10.115202 -22.835505 -27.04089 11.151648 -22.461336 -28.17462 11.151648 -22.461336 -28.17462 10.702646 -22.622229 -27.538532 10.702646 -22.622229 -27.538532 10.702646 -22.622229 -27.538532 11.196547 -24.26857 -27.44125 11.196547 -24.26857 -27.44125 11.196547 -24.26857 -27.44125 11.02817 -24.317211 -27.28784 11.02817 -24.317211 -27.28784 9.9131489 -24.646481 -26.700396 9.9131489 -24.646481 -26.700396 9.8458004 -24.665188 -26.681686 8.5287266 -25.050583 -26.666721 7.3313885 -25.4023 -27.246681 7.1517887 -25.454683 -27.400091 7.1517887 -25.454683 -27.400091 6.4932499 -25.64551 -28.298094 6.4932499 -25.64551 -28.298094 6.1377926 -26.652023 -28.960373 6.0629559 -26.678215 -29.701225 6.1377926 -26.652023 -30.438337 6.3622913 -26.569706 -31.145515 6.7439442 -26.431263 -31.807793 7.2528133 -26.244179 -32.361565 7.8701916 -26.019678 -32.77689 8.5586605 -25.768986 -33.035065 10.006693 -25.24515 -33.035065 9.2808056 -25.507067 -33.124866 8.4613781 -25.073032 -32.717022 8.4613781 -25.073032 -32.717022 9.1835232 -23.175999 -32.743214 9.1835232 -23.175999 -32.743214 9.333189 -23.119873 -32.705799 9.333189 -23.119873 -32.705799 11.379889 -22.375278 -28.724646 11.379889 -22.375278 -28.724646 10.515562 -22.693321 -32.051003 10.515562 -22.693321 -32.051003 9.8906994 -22.917822 -32.488781 9.8906994 -22.917822 -32.488781 11.016947 -22.509979 -31.456076 11.016947 -22.509979 -31.456076 11.016947 -22.509979 -31.456076 11.357439 -22.386503 -30.748898 11.357439 -22.386503 -30.748898 11.518332 -22.326637 -29.970627 11.518332 -22.326637 -29.970627 11.529558 -22.322895 -29.701225 11.529558 -22.322895 -29.701225 11.432272 -22.356569 -28.91173 11.432272 -22.356569 -28.91173 11.843859 -24.077744 -28.365444 11.843859 -24.077744 -28.365444 12.19932 -24.444429 -28.256935 11.817667 -24.58287 -27.594658 11.308798 -24.769955 -27.04089 10.695162 -24.994457 -26.62182 10.006693 -25.24515 -26.363644 9.8458004 -24.665188 -26.681686 9.2808056 -25.507067 -26.273844 8.5287266 -25.050583 -26.666721 8.5287266 -25.050583 -26.666721 8.5586605 -25.768986 -26.363644 7.8701916 -26.019678 -26.62182 7.3313885 -25.4023 -27.246681 7.2528133 -26.244179 -27.04089 6.7439442 -26.431263 -27.594658 6.3622913 -26.569706 -28.256935 6.0891476 -26.824141 -28.937922 6.0105724 -26.854073 -29.701225 6.0891476 -26.824141 -30.464529 6.3173923 -26.741823 -31.190416 6.710268 -26.595898 -31.875145 7.2378445 -26.405071 -32.44762 7.8739338 -26.173086 -32.877914 8.5848522 -25.914911 -33.143574 9.333189 -25.64551 -33.237118 10.077784 -25.372366 -33.143574 10.788702 -25.114191 -32.877914 10.695162 -24.994457 -32.77689 9.7784481 -24.683897 -32.731991 9.7784481 -24.683897 -32.731991 10.975786 -24.332178 -32.155769 10.975786 -24.332178 -32.155769 11.185324 -24.272312 -31.972427 11.185324 -24.272312 -31.972427 11.185324 -24.272312 -31.972427 11.813925 -24.085228 -31.100616 11.813925 -24.085228 -31.100616 12.13571 -23.991686 -29.701225 12.13571 -23.991686 -29.701225 12.423819 -24.362112 -28.960373 12.345243 -24.549196 -28.208294 11.952368 -24.69138 -27.527308 11.424791 -24.882206 -26.95483 10.788702 -25.114191 -26.524536 10.077784 -25.372366 -26.255135 9.333189 -25.64551 -26.165335 8.5848522 -25.914911 -26.255135 7.8739338 -26.173086 -26.524536 7.2378445 -26.405071 -26.95483 6.710268 -26.595898 -27.527308 6.3173923 -26.741823 -28.208294 5.9769001 -26.966324 -28.904247 5.8945827 -26.996258 -29.701225 5.9769001 -26.966324 -30.498203 6.2201061 -26.880264 -31.257767 6.6279507 -26.730598 -31.968685 7.1779804 -26.528547 -32.567356 7.8439999 -26.28908 -33.016357 8.5848522 -26.019678 -33.296982 9.3631229 -25.73531 -33.390526 10.145136 -25.450943 -33.296982 10.885988 -25.181541 -33.016357 11.548265 -24.938332 -32.567356 11.424791 -24.882206 -32.44762 11.308798 -24.769955 -32.361565 11.817667 -24.58287 -31.807793 12.19932 -24.444429 -31.145515 12.423819 -24.362112 -30.438337 12.498652 -24.33592 -29.701225 12.577227 -24.463139 -28.937922 12.509878 -24.590355 -28.144686 12.098291 -24.740023 -27.430023 11.548265 -24.938332 -26.831354 10.885988 -25.181541 -26.382353 10.145136 -25.450943 -26.101727 9.3631229 -25.73531 -26.008184 8.5848522 -26.019678 -26.101727 7.8439999 -26.28908 -26.382353 7.1779804 -26.528547 -26.831354 6.6279507 -26.730598 -27.430023 6.2201061 -26.880264 -28.144686 5.8234882 -27.059866 -28.863089 5.7374325 -27.0898 -29.701225 5.8234882 -27.059866 -30.535622 6.0779247 -26.966324 -31.3326 6.5082188 -26.809174 -32.080936 7.0844364 -26.59964 -32.709541 7.7803898 -26.348946 -33.180992 8.5549183 -26.064579 -33.472843 9.3743458 -25.765244 -33.573868 10.193777 -25.46965 -33.472843 10.972048 -25.185282 -33.180992 11.668001 -24.934589 -32.709541 12.244219 -24.721313 -32.080936 12.098291 -24.740023 -31.968685 11.952368 -24.69138 -31.875145 12.345243 -24.549196 -31.190416 12.577227 -24.463139 -30.464529 12.655806 -24.436947 -29.701225 12.753088 -24.504295 -28.904247 12.674513 -24.567905 -28.066111 12.244219 -24.721313 -27.317774 11.668001 -24.934589 -26.692913 10.972048 -25.185282 -26.22146 10.193777 -25.46965 -25.925867 9.3743458 -25.765244 -25.828583 8.5549183 -26.064579 -25.925867 7.7803898 -26.348946 -26.22146 7.0844364 -26.59964 -26.692913 6.5082188 -26.809174 -27.317774 6.0779247 -26.966324 -28.066111 5.3108768 -27.24695 -29.207323 5.2846851 -27.254433 -29.701225 5.3108768 -27.24695 -30.195129 5.6176968 -27.134699 -31.414917 6.2388172 -26.906456 -32.492523 7.125597 -26.584673 -33.3344 8.2031994 -26.195538 -33.869461 9.378088 -25.765244 -34.056545 10.552977 -25.338692 -33.869461 11.630583 -24.945814 -33.3344 12.517363 -24.624031 -32.492523 13.138479 -24.395786 -31.414917 12.674513 -24.567905 -31.3326 12.509878 -24.590355 -31.257767 12.753088 -24.504295 -30.498203 12.835405 -24.474361 -29.701225 12.928946 -24.474361 -28.863089 13.138479 -24.395786 -27.983793 12.517363 -24.624031 -26.906189 11.630583 -24.945814 -26.06431 10.552977 -25.338692 -25.529249 9.378088 -25.765244 -25.345905 8.2031994 -26.195538 -25.529249 7.125597 -26.584673 -26.06431 6.2388172 -26.906456 -26.906189 5.6176968 -27.134699 -27.983793 5.4717693 -27.224501 -27.912701 5.1537266 -27.340492 -29.184874 5.1237926 -27.351717 -29.701225 5.1537266 -27.340492 -30.213837 5.4717693 -27.224501 -31.48975 6.1190815 -26.988773 -32.612255 7.0432796 -26.652023 -33.487808 8.1657848 -26.244179 -34.045319 9.3893147 -25.798918 -34.239887 10.616587 -25.353659 -34.045319 11.739092 -24.945814 -33.487808 12.663286 -24.609062 -32.612255 13.310598 -24.373337 -31.48975 13.628641 -24.257345 -30.213837 13.445299 -24.287277 -30.195129 12.928946 -24.474361 -30.535622 13.015005 -24.444429 -29.701225 13.445299 -24.287277 -29.207323 13.628641 -24.257345 -29.184874 13.310598 -24.373337 -27.912701 12.663286 -24.609062 -26.790195 11.739092 -24.945814 -25.9109 10.616587 -25.353659 -25.35339 9.3893147 -25.798918 -25.162563 8.1657848 -26.244179 -25.35339 7.0432796 -26.652023 -25.9109 6.1190815 -26.988773 -26.790195 6.0405064 -27.123474 -26.685429 5.8085232 -27.209534 -27.007214 5.3670025 -27.366684 -27.849092 5.3670025 -27.366684 -27.849092 5.0414791 -27.486418 -29.166164 5.0115452 -27.497643 -29.701225 5.0414791 -27.486418 -30.232544 5.3670025 -27.366684 -31.549618 5.8085232 -27.209534 -32.395237 6.0405064 -27.123474 -32.71328 6.9946346 -26.775497 -33.622509 8.1545582 -26.352688 -34.19873 8.58111 -26.19928 -34.310982 9.4229908 -25.89246 -34.397038 10.264868 -25.585642 -34.310982 10.69142 -25.432234 -34.19873 11.855085 -25.009422 -33.622509 12.809214 -24.661446 -32.71328 13.037455 -24.575388 -32.395237 13.037455 -24.575388 -32.395237 13.478975 -24.418238 -31.549618 13.478975 -24.418238 -31.549618 13.808241 -24.298504 -30.232544 13.654833 -24.24612 -29.701225 13.471491 -24.276054 -29.701225 13.654833 -24.24612 -29.701225 13.838175 -24.287277 -29.701225 13.808241 -24.298504 -29.166164 13.478975 -24.418238 -27.849092 13.037455 -24.575388 -27.007214 12.809214 -24.661446 -26.685429 11.855085 -25.009422 -25.779942 10.69142 -25.432234 -25.203722 10.264868 -25.585642 -25.091471 9.4229908 -25.89246 -25.005413 8.58111 -26.19928 -25.091471 8.1545582 -26.352688 -25.203722 6.9946346 -26.775497 -25.779942 5.6588535 -27.594927 -26.816387 5.6588535 -27.594927 -26.816387 4.9254856 -27.860586 -28.567495 4.9254856 -27.860586 -28.567495 4.8057499 -27.905487 -29.701225 4.9254856 -27.860586 -30.831215 5.6588535 -27.594927 -32.586063 6.9572201 -27.123474 -33.918102 7.5970478 -26.887749 -34.288528 8.6297512 -26.51358 -34.636505 10.433245 -25.858786 -34.636505 11.544523 -25.450943 -34.251114 12.105776 -25.248892 -33.918102 12.674513 -25.039356 -33.454136 13.4004 -24.777439 -32.586063 14.13751 -24.508038 -30.831215 14.13751 -24.508038 -30.831215 14.13751 -24.508038 -30.831215 14.257246 -24.466879 -29.701225 14.13751 -24.508038 -28.567495 13.4004 -24.777439 -26.816387 12.105776 -25.248892 -25.480606 11.465948 -25.480875 -25.11018 10.433245 -25.858786 -24.762203 8.6297512 -26.51358 -24.762203 7.5147305 -26.917683 -25.151339 6.9572201 -27.123474 -25.480606 6.388483 -27.329268 -25.944576 6.9572201 -27.123474 -33.918102 6.9572201 -27.123474 -33.918102 6.9572201 -27.123474 -33.918102 7.5970478 -26.887749 -34.288528 7.5820789 -26.943874 -34.359623 7.5820789 -26.943874 -34.359623 7.5820789 -26.943874 -34.359623 8.6297512 -26.51358 -34.636505 8.6297512 -26.51358 -34.636505 8.902895 -26.461197 -34.759983 8.902895 -26.461197 -34.759983 8.902895 -26.461197 -34.759983 10.433245 -25.858786 -34.636505 10.279833 -25.95981 -34.748756 10.279833 -25.95981 -34.748756 11.593164 -25.484617 -34.318462 11.593164 -25.484617 -34.318462 11.593164 -25.484617 -34.318462 11.544523 -25.450943 -34.251114 12.105776 -25.248892 -33.918102 12.105776 -25.248892 -33.918102 12.105776 -25.248892 -33.918102 12.738119 -25.065548 -33.514 12.738119 -25.065548 -33.514 12.738119 -25.065548 -33.514 12.674513 -25.039356 -33.454136 13.4004 -24.777439 -32.586063 13.4004 -24.777439 -32.586063 13.624899 -24.743763 -32.395237 13.624899 -24.743763 -32.395237 13.624899 -24.743763 -32.395237 14.13751 -24.508038 -30.831215 14.174929 -24.545454 -31.055716 14.174929 -24.545454 -31.055716 14.347044 -24.481846 -29.701225 14.347044 -24.481846 -29.701225 14.257246 -24.466879 -29.701225 14.13751 -24.508038 -28.567495 14.13751 -24.508038 -28.567495 14.148737 -24.552938 -28.253195 14.148737 -24.552938 -28.253195 14.148737 -24.552938 -28.253195 13.4004 -24.777439 -26.816387 13.4004 -24.777439 -26.816387 13.576258 -24.762472 -26.924896 13.576258 -24.762472 -26.924896 12.670771 -25.09174 -25.8211 12.670771 -25.09174 -25.8211 12.670771 -25.09174 -25.8211 12.670771 -25.09174 -25.8211 12.105776 -25.248892 -25.480606 12.105776 -25.248892 -25.480606 12.105776 -25.248892 -25.480606 11.510847 -25.514551 -25.039087 11.510847 -25.514551 -25.039087 11.510847 -25.514551 -25.039087 11.465948 -25.480875 -25.11018 10.433245 -25.858786 -24.762203 10.433245 -25.858786 -24.762203 10.190035 -25.993486 -24.638727 10.190035 -25.993486 -24.638727 10.190035 -25.993486 -24.638727 8.6297512 -26.51358 -24.762203 8.8130932 -26.494871 -24.653694 8.8130932 -26.494871 -24.653694 7.4997654 -26.973808 -25.080246 7.4997654 -26.973808 -25.080246 7.4997654 -26.973808 -25.080246 7.5147305 -26.917683 -25.151339 6.9572201 -27.123474 -25.480606 6.9572201 -27.123474 -25.480606 6.9572201 -27.123474 -25.480606 6.3548069 -27.389133 -25.884708 6.3548069 -27.389133 -25.884708 6.3548069 -27.389133 -25.884708 5.4680309 -27.710918 -27.003471 5.4680309 -27.710918 -27.003471 4.9254856 -27.860586 -28.567495 4.9180012 -27.91297 -28.346737 4.7458858 -27.972837 -29.701225 4.7458858 -27.972837 -29.701225 4.8057499 -27.905487 -29.701225 4.9254856 -27.860586 -30.831215 4.9254856 -27.860586 -30.831215 4.9441929 -27.901745 -31.145515 4.9441929 -27.901745 -31.145515 4.9441929 -27.901745 -31.145515 5.6588535 -27.594927 -32.586063 5.6588535 -27.594927 -32.586063 5.5166721 -27.692211 -32.477554 5.5166721 -27.692211 -32.477554 6.4221592 -27.362942 -33.57761 6.4221592 -27.362942 -33.57761 6.4221592 -27.362942 -33.57761 6.4221592 -27.362942 -33.57761 7.5484066 -26.958841 -34.445679 7.5484066 -26.958841 -34.445679 8.8954105 -26.472422 -34.853523 8.8954105 -26.472422 -34.853523 10.294802 -25.963552 -34.838558 10.294802 -25.963552 -34.838558 11.630583 -25.473392 -34.404522 11.630583 -25.473392 -34.404522 12.797987 -25.050583 -33.585094 12.797987 -25.050583 -33.585094 13.699732 -24.721313 -32.443878 13.699732 -24.721313 -32.443878 14.260984 -24.519262 -31.078165 14.260984 -24.519262 -31.078165 14.436846 -24.455654 -29.701225 14.436846 -24.455654 -29.701225 14.234793 -24.526747 -28.227003 14.234793 -24.526747 -28.227003 13.651091 -24.740023 -26.872513 13.651091 -24.740023 -26.872513 12.730639 -25.076775 -25.75375 12.730639 -25.076775 -25.75375 11.548265 -25.507067 -24.95303 11.548265 -25.507067 -24.95303 10.201258 -25.993486 -24.545185 10.201258 -25.993486 -24.545185 8.8018703 -26.502356 -24.560152 8.8018703 -26.502356 -24.560152 7.4660892 -26.992516 -24.994188 7.4660892 -26.992516 -24.994188 6.2986851 -27.415325 -25.817358 6.2986851 -27.415325 -25.817358 5.3969364 -27.744595 -26.95483 5.3969364 -27.744595 -26.95483 4.8356838 -27.946646 -28.320545 4.8356838 -27.946646 -28.320545 4.6598263 -28.010254 -29.701225 4.6598263 -28.010254 -29.701225 4.8618755 -27.939161 -31.175449 4.8618755 -27.939161 -31.175449 5.4455776 -27.725885 -32.526199 5.4455776 -27.725885 -32.526199 6.3660336 -27.389133 -33.648705 6.3660336 -27.389133 -33.648705 7.5035038 -26.93639 -34.524254 7.5035038 -26.93639 -34.524254 8.8692188 -26.438747 -34.939583 8.8692188 -26.438747 -34.939583 10.291059 -25.922394 -34.924614 10.291059 -25.922394 -34.924614 11.653032 -25.428492 -34.483097 11.653032 -25.428492 -34.483097 12.839148 -24.994457 -33.648705 12.839148 -24.994457 -33.648705 12.839148 -24.994457 -33.648705 13.755857 -24.661446 -32.488781 13.755857 -24.661446 -32.488781 14.324594 -24.455654 -31.100616 14.324594 -24.455654 -31.100616 14.504194 -24.392046 -29.701225 14.504194 -24.392046 -29.701225 14.298403 -24.463139 -28.200811 14.298403 -24.463139 -28.200811 13.703474 -24.680155 -26.827612 13.703474 -24.680155 -26.827612 12.768053 -25.020649 -25.686399 12.768053 -25.020649 -25.686399 11.566973 -25.458426 -24.878195 11.566973 -25.458426 -24.878195 10.201258 -25.95607 -24.46287 10.201258 -25.95607 -24.46287 8.7794209 -26.472422 -24.474094 8.7794209 -26.472422 -24.474094 7.417448 -26.970066 -24.919353 7.417448 -26.970066 -24.919353 6.2313328 -27.40036 -25.75375 6.2313328 -27.40036 -25.75375 6.2313328 -27.40036 -25.75375 5.3146191 -27.73337 -26.909929 5.3146191 -27.73337 -26.909929 4.7458858 -27.939161 -28.298094 4.7458858 -27.939161 -28.298094 4.5662823 -28.006512 -29.701225 4.5662823 -28.006512 -29.701225 4.7720776 -27.931679 -31.197899 4.7720776 -27.931679 -31.197899 5.3670025 -27.714661 -32.574837 5.3670025 -27.714661 -32.574837 6.3024235 -27.374168 -33.712311 6.3024235 -27.374168 -33.712311 7.4548626 -26.880264 -34.576641 7.4548626 -26.880264 -34.576641 8.8392849 -26.375137 -34.995708 8.8392849 -26.375137 -34.995708 10.276094 -25.851303 -34.984482 10.276094 -25.851303 -34.984482 11.653032 -25.349916 -34.53548 11.653032 -25.349916 -34.53548 11.653032 -25.349916 -34.53548 12.85037 -24.915882 -33.689861 12.85037 -24.915882 -33.689861 12.85037 -24.915882 -33.689861 12.85037 -24.915882 -33.689861 13.778311 -24.57913 -32.518715 13.778311 -24.57913 -32.518715 13.778311 -24.57913 -32.518715 13.778311 -24.57913 -32.518715 14.354528 -24.369595 -31.119324 14.354528 -24.369595 -31.119324 14.354528 -24.369595 -31.119324 14.534128 -24.302246 -29.701225 14.534128 -24.302246 -29.701225 14.328337 -24.377079 -28.185844 14.328337 -24.377079 -28.185844 13.725924 -24.597837 -26.793938 13.725924 -24.597837 -26.793938 12.77928 -24.942074 -25.641499 12.77928 -24.942074 -25.641499 11.566973 -25.383591 -24.822071 11.566973 -25.383591 -24.822071 10.18255 -25.884977 -24.403002 10.18255 -25.884977 -24.403002 8.7457447 -26.408813 -24.417969 8.7457447 -26.408813 -24.417969 7.368803 -26.910198 -24.86323 7.368803 -26.910198 -24.86323 7.368803 -26.910198 -24.86323 6.1714649 -27.347975 -25.708849 6.1714649 -27.347975 -25.708849 6.1714649 -27.347975 -25.708849 6.1714649 -27.347975 -25.708849 5.2435284 -27.684727 -26.879997 5.2435284 -27.684727 -26.879997 5.2435284 -27.684727 -26.879997 4.6673107 -27.894262 -28.283129 4.6673107 -27.894262 -28.283129 4.4877071 -27.95787 -29.701225 4.4877071 -27.95787 -29.701225 4.6935024 -27.883036 -31.216608 4.6935024 -27.883036 -31.216608 5.2959118 -27.666019 -32.604774 5.2959118 -27.666019 -32.604774 6.2425594 -27.321783 -33.75721 6.2425594 -27.321783 -33.75721 6.1976566 -27.243208 -33.772179 6.1976566 -27.243208 -33.772179 7.417448 -26.797949 -34.595348 7.5521488 -26.749306 -34.658958 8.8056126 -26.29282 -35.018158 9.4791126 -26.049612 -35.066799 9.4791126 -26.049612 -35.066799 9.4791126 -26.049612 -35.066799 10.249903 -25.768986 -35.003193 11.409822 -25.346174 -34.658958 11.630583 -25.263859 -34.554192 12.835405 -24.82608 -33.704826 12.835405 -24.82608 -33.704826 13.044939 -24.751247 -33.495293 13.044939 -24.751247 -33.495293 13.763342 -24.48933 -32.529938 13.763342 -24.48933 -32.529938 14.141253 -24.350887 -31.751669 14.141253 -24.350887 -31.751669 14.141253 -24.350887 -31.751669 14.343302 -24.279795 -31.123066 14.522905 -24.212444 -29.701225 14.31711 -24.287277 -28.17836 14.141253 -24.350887 -27.647041 14.141253 -24.350887 -27.647041 14.141253 -24.350887 -27.647041 14.141253 -24.350887 -27.647041 13.714701 -24.508038 -26.782713 13.044939 -24.751247 -25.907158 13.044939 -24.751247 -25.907158 13.044939 -24.751247 -25.907158 12.764311 -24.852272 -25.626532 11.544523 -25.297533 -24.803362 11.409822 -25.346174 -24.743496 10.156359 -25.80266 -24.380552 9.4791126 -26.049612 -24.335651 9.4791126 -26.049612 -24.335651 9.4791126 -26.049612 -24.335651 8.7120686 -26.326496 -24.395519 7.5521488 -26.749306 -24.743496 7.3313885 -26.831623 -24.844521 6.1265659 -27.2694 -25.693882 6.1265659 -27.2694 -25.693882 5.9170322 -27.344234 -25.907158 5.9170322 -27.344234 -25.907158 5.1986294 -27.606152 -26.868771 5.1986294 -27.606152 -26.868771 4.8207188 -27.744595 -27.647041 4.8207188 -27.744595 -27.647041 4.8207188 -27.744595 -27.647041 4.6186657 -27.815685 -28.275644 4.4390659 -27.883036 -29.701225 4.6448574 -27.808203 -31.220348 4.8207188 -27.744595 -31.751669 4.8207188 -27.744595 -31.751669 4.8207188 -27.744595 -31.751669 5.2472706 -27.587444 -32.615997 5.9170322 -27.344234 -33.495293 5.9170322 -27.344234 -33.495293 5.9170322 -27.344234 -33.495293 5.9170322 -27.344234 -33.495293 4.6448574 -27.808203 -31.220348 4.3305569 -27.044899 -30.483238 4.4390659 -27.883036 -29.701225 10.897211 -24.485588 -24.829554 11.409822 -25.346174 -24.743496 11.409822 -25.346174 -24.743496 10.130167 -24.784922 -24.586344 10.130167 -24.784922 -24.586344 10.156359 -25.80266 -24.380552 9.2845478 -25.114191 -24.481577 9.2845478 -25.114191 -24.481577 9.4791126 -26.049612 -24.335651 9.1573277 -25.162832 -24.477835 7.8814144 -25.660477 -24.657436 8.7120686 -26.326496 -24.395519 7.6382046 -25.754019 -24.732269 7.5521488 -26.749306 -24.743496 7.2939701 -25.88872 -24.870712 6.5418911 -26.184313 -25.286039 7.3313885 -26.831623 -24.844521 6.1677227 -26.326496 -25.566666 6.1265659 -27.2694 -25.693882 5.7112408 -26.506096 -26.0007 5.9170322 -27.344234 -25.907158 5.4343548 -26.614605 -26.315002 5.0452175 -26.764273 -26.879997 5.1986294 -27.606152 -26.868771 5.0040607 -26.782982 -26.95483 4.6673107 -26.91394 -27.650784 4.8207188 -27.744595 -27.647041 4.6485996 -26.921423 -27.695684 4.4278431 -27.00374 -28.39912 4.6186657 -27.815685 -28.275644 4.4016514 -27.014965 -28.526337 4.2744312 -27.063608 -29.701225 4.255724 -26.607122 -29.701225 4.3081074 -26.584673 -30.460789 4.4689999 -26.521063 -31.205383 4.5588017 -26.955099 -31.456076 4.8207188 -27.744595 -31.751669 4.6485996 -26.921423 -31.703026 5.1350193 -26.730598 -32.664639 5.2472706 -27.587444 -32.615997 5.3782291 -26.637056 -33.008873 5.7112408 -26.506096 -33.401752 6.1377926 -26.341463 -33.809593 6.6354351 -26.146894 -34.176281 7.417448 -26.797949 -34.595348 6.7476864 -26.101995 -34.247372 7.2939701 -25.88872 -34.531738 7.5521488 -26.749306 -34.658958 7.5521488 -26.749306 -34.658958 7.4137058 -25.843819 -34.580383 8.1171398 -25.570675 -34.804882 8.1171398 -25.570675 -34.804882 8.8056126 -26.29282 -35.018158 8.1882343 -25.540743 -34.819847 9.1573277 -25.162832 -34.920876 9.4791126 -26.049612 -35.066799 9.2845478 -25.114191 -34.917133 10.249903 -25.768986 -35.003193 10.676455 -24.571646 -34.655216 11.409822 -25.346174 -34.658958 11.409822 -25.346174 -34.658958 10.91218 -24.478104 -34.561672 11.016947 -24.436947 -34.516773 11.016947 -24.436947 -34.516773 11.630583 -25.263859 -34.554192 11.978559 -24.062778 -33.944294 12.835405 -24.82608 -33.704826 12.334021 -23.924335 -33.637478 12.592196 -23.823309 -33.383041 13.044939 -24.751247 -33.495293 13.018747 -23.658676 -32.851723 13.763342 -24.48933 -32.529938 13.366724 -23.520233 -32.286728 13.639868 -23.415466 -31.691803 14.141253 -24.350887 -31.751669 13.714701 -23.385532 -31.478527 13.931719 -23.299473 -30.606712 14.343302 -24.279795 -31.123066 14.006552 -23.269541 -29.701225 14.522905 -24.212444 -29.701225 13.954168 -23.29199 -28.919214 14.31711 -24.287277 -28.17836 13.722185 -23.38179 -27.942635 13.639868 -23.415466 -27.706909 13.15719 -23.602551 -26.749037 12.906496 -23.703575 -26.389835 12.592196 -23.823309 -26.015667 12.161901 -23.991686 -25.607824 12.764311 -24.852272 -25.626532 11.675482 -24.18251 -25.241138 11.544523 -25.297533 -24.803362 11.016947 -24.436947 -24.881937 10.687677 -24.096453 -24.95303 10.130167 -24.784922 -24.586344 9.3743458 -24.609062 -24.634987 9.1161709 -24.710089 -24.62002 8.4501514 -24.968266 -24.649954 8.4501514 -24.968266 -24.649954 7.7504559 -25.241407 -24.795879 7.6382046 -25.754019 -24.732269 7.0806942 -25.503326 -25.050314 6.4520931 -25.750277 -25.409515 6.4520931 -25.750277 -25.409515 6.1677227 -26.326496 -25.566666 6.1677227 -26.326496 -25.566666 5.8796139 -25.971035 -25.869741 5.3819714 -26.165604 -26.412287 5.0452175 -26.764273 -26.879997 4.962904 -26.330238 -27.033405 4.6336346 -26.457455 -27.710649 4.4053898 -26.547255 -28.436537 4.2819157 -26.595898 -29.188616 4.3754597 -26.161861 -29.701225 4.4278431 -26.143154 -30.419628 4.4652576 -26.128187 -30.651613 4.5775089 -26.083286 -31.123066 4.730917 -26.420038 -31.920044 5.0901203 -26.281595 -32.578583 5.3782291 -26.637056 -33.008873 5.5353794 -26.105736 -33.173508 6.0629559 -25.899944 -33.693604 6.6354351 -26.146894 -34.176281 6.6541424 -25.671701 -34.120155 7.2977123 -25.421009 -34.445679 7.982439 -25.151608 -34.666439 8.1882343 -25.540743 -34.819847 8.6858768 -24.878464 -34.771206 9.1161709 -24.710089 -34.77869 9.7821903 -24.44817 -34.711342 10.474401 -24.17877 -34.528 10.91218 -24.478104 -34.561672 11.13294 -23.920593 -34.232407 11.742834 -23.684868 -33.835785 12.334021 -23.924335 -33.637478 12.289118 -23.46785 -33.349365 12.760572 -23.284508 -32.77689 13.149706 -23.13484 -32.13332 13.441557 -23.018848 -31.437366 13.931719 -23.299473 -30.606712 13.931719 -23.299473 -30.606712 13.718443 -22.910339 -30.019268 13.718443 -22.910339 -30.019268 13.725924 -22.906597 -29.701225 13.67354 -22.929047 -28.937922 13.722185 -23.38179 -27.942635 13.512648 -22.988914 -28.193327 13.250731 -23.093681 -27.482407 12.895273 -23.232124 -26.820129 12.906496 -23.703575 -26.389835 12.446268 -23.407982 -26.225203 11.922434 -23.613775 -25.708849 11.675482 -24.18251 -25.241138 11.331247 -23.842018 -25.282297 11.06933 -23.538942 -25.506798 10.459436 -23.77841 -25.196239 9.2134533 -24.26857 -24.896904 8.9702473 -24.362112 -24.885679 8.3004856 -24.624031 -24.919353 7.398737 -24.97949 -25.147596 6.5606022 -25.308758 -25.566666 5.819746 -25.596869 -26.161592 5.2098522 -25.836336 -26.906189 4.7533665 -26.015936 -27.770517 4.4727421 -26.124445 -28.713421 4.7159519 -25.551968 -28.833155 4.6373768 -25.578159 -29.701225 4.7159519 -25.551968 -30.565556 4.8132343 -25.514551 -30.988365 4.824461 -25.986002 -31.79657 5.161211 -25.855043 -32.425171 5.5840206 -25.690411 -32.986423 6.0779247 -25.495842 -33.476585 6.4071903 -25.368626 -33.731018 6.6391773 -25.275084 -33.88443 7.2490711 -25.039356 -34.194988 7.8926411 -24.784922 -34.404522 8.5624027 -24.523005 -34.505547 8.9702473 -24.362112 -34.516773 9.4342136 -24.18251 -34.479355 10.33222 -23.827051 -34.251114 11.170355 -23.501526 -33.832047 11.465948 -23.385532 -33.622509 11.907469 -23.209673 -33.237118 12.517363 -22.970205 -32.492523 12.973848 -22.790606 -31.631935 13.254473 -22.682096 -30.685287 13.348017 -22.64468 -29.701225 13.299372 -22.663387 -28.97534 13.269442 -22.674612 -28.791996 13.145964 -22.723255 -28.268162 12.895273 -22.820538 -27.590916 12.554777 -22.955238 -26.966055 12.131968 -23.123615 -26.40106 11.634325 -23.318182 -25.9109 10.515562 -23.437916 -25.574148 9.333189 -23.871952 -25.241138 8.8542538 -24.044069 -25.211206 8.3753185 -24.219929 -25.241138 7.1929455 -24.650223 -25.574148 6.4745426 -24.91214 -25.993217 6.1490154 -25.028131 -26.255135 5.3333302 -25.327467 -27.227974 4.8132343 -25.514551 -28.410345 4.8543949 -25.323725 -28.440279 4.8543949 -25.323725 -28.440279 4.6785336 -25.383591 -29.701225 4.6785336 -25.383591 -29.701225 4.8543949 -25.323725 -30.958431 4.8543949 -25.323725 -30.958431 5.3333302 -25.327467 -32.170738 6.1490154 -25.028131 -33.143574 6.4745426 -24.91214 -33.405495 7.1929455 -24.650223 -33.824562 8.3753185 -24.219929 -34.161312 8.8542538 -24.044069 -34.187504 9.333189 -23.871952 -34.161312 10.515562 -23.437916 -33.824562 11.233965 -23.179741 -33.405495 11.559492 -23.060005 -33.143574 12.375177 -22.764414 -32.170738 12.895273 -22.573587 -30.988365 12.992556 -22.539913 -30.565556 13.071131 -22.509979 -29.701225 12.992556 -22.539913 -28.833155 12.895273 -22.573587 -28.410345 12.375177 -22.764414 -27.227974 11.559492 -23.060005 -26.255135 11.439756 -22.925304 -26.337452 11.439756 -22.925304 -26.337452 10.418276 -23.295732 -25.671432 10.418276 -23.295732 -25.671432 9.2620983 -23.714802 -25.345905 9.2620983 -23.714802 -25.345905 8.7831631 -23.849503 -25.33094 8.7831631 -23.849503 -25.33094 8.7831631 -23.849503 -25.33094 8.3304157 -24.055294 -25.345905 7.1742382 -24.478104 -25.671432 7.1742382 -24.478104 -25.671432 6.1564999 -24.848532 -26.337452 6.1564999 -24.848532 -26.337452 6.1564999 -24.848532 -26.337452 5.3595219 -25.136641 -27.28784 5.3595219 -25.136641 -27.28784 5.0339947 -25.046841 -27.84161 4.7496281 -25.151608 -28.720905 4.6523418 -25.185282 -29.416859 4.7496281 -25.151608 -30.677805 4.839426 -25.117931 -31.033264 5.3183613 -24.942074 -32.092163 5.3595219 -25.136641 -32.11087 5.3595219 -25.136641 -32.11087 6.1564999 -24.848532 -33.061256 6.1564999 -24.848532 -33.061256 7.1742382 -24.478104 -33.72728 7.1742382 -24.478104 -33.72728 8.3304157 -24.055294 -34.052803 8.3304157 -24.055294 -34.052803 8.7831631 -23.849503 -34.067772 8.7831631 -23.849503 -34.067772 9.2620983 -23.714802 -34.052803 10.418276 -23.295732 -33.72728 10.418276 -23.295732 -33.72728 11.439756 -22.925304 -33.061256 11.439756 -22.925304 -33.061256 12.232992 -22.637196 -32.11087 12.232992 -22.637196 -32.11087 12.741861 -22.450111 -30.958431 12.741861 -22.450111 -30.958431 12.91398 -22.386503 -29.701225 12.91398 -22.386503 -29.701225 12.741861 -22.450111 -28.440279 12.741861 -22.450111 -28.440279 12.232992 -22.637196 -27.28784 12.232992 -22.637196 -27.28784 11.888758 -22.551136 -26.943605 11.522074 -22.685837 -26.524536 10.451952 -23.074974 -25.757492 10.231192 -23.15729 -25.656466 8.7307758 -23.703575 -25.349648 8.5174999 -23.77841 -25.357132 7.1031437 -24.294762 -25.708849 7.0058613 -24.328438 -25.757492 7.0058613 -24.328438 -25.757492 5.8384571 -24.75499 -26.625563 5.8384571 -24.75499 -26.625563 5.8384571 -24.75499 -26.625563 5.5540867 -24.856014 -26.962313 5.8384571 -24.75499 -26.625563 7.0058613 -24.328438 -25.757492 7.1031437 -24.294762 -25.708849 8.5174999 -23.77841 -25.357132 8.7307758 -23.703575 -25.349648 10.231192 -23.15729 -25.656466 9.6287823 -22.80183 -25.488091 9.901926 -22.674612 -25.581633 10.451952 -23.074974 -25.757492 10.253641 -22.502495 -25.738783 11.522074 -22.685837 -26.524536 10.758772 -22.236835 -26.049343 11.170355 -22.004852 -26.40106 11.888758 -22.551136 -26.943605 11.630583 -21.727966 -26.939863 11.903727 -22.547396 -26.962313 11.645548 -21.716742 -26.966055 12.045908 -21.454824 -27.673233 11.559492 -21.372507 -26.88748 11.140421 -21.626942 -26.382353 10.650263 -21.903826 -25.963284 10.650263 -21.903826 -25.963284 9.5090466 -22.468821 -25.405773 8.397768 -22.794346 -25.196239 7.6419468 -22.831764 -25.083988 7.6419468 -22.831764 -25.083988 6.9647045 -23.037556 -25.252363 6.9647045 -23.037556 -25.252363 6.9647045 -23.037556 -25.252363 6.3099079 -23.209673 -25.525507 6.3099079 -23.209673 -25.525507 5.6925297 -23.351858 -25.903418 5.6925297 -23.351858 -25.903418 4.7758198 -23.520233 -26.767746 4.7758198 -23.520233 -26.767746 4.4652576 -23.404242 -26.543245 4.2856579 -23.411724 -26.39732 3.5635128 -23.531458 -26.745296 2.9611015 -23.617517 -28.08856 2.938652 -23.617517 -28.163393 3.2305031 -23.580101 -28.994047 3.3390121 -23.576359 -29.472982 3.3801708 -23.572617 -30.382214 3.5485439 -23.550167 -31.141773 3.9227123 -23.639967 -31.033264 4.1846333 -23.606293 -31.699284 4.5438328 -23.55765 -32.320404 4.4802265 -23.849503 -31.583294 4.4802265 -23.849503 -31.583294 4.4802265 -23.849503 -31.583294 4.7608509 -24.148836 -31.729218 5.2510128 -24.085228 -32.458847 5.5690556 -24.852272 -32.458847 5.5540867 -24.856014 -32.44014 5.5690556 -24.852272 -32.458847 5.9357395 -24.717571 -32.874176 7.0058613 -24.328438 -33.644958 7.2303638 -24.24612 -33.745987 8.7307758 -23.703575 -34.049065 8.9403133 -23.625 -34.04158 10.35467 -23.108648 -33.689861 10.35467 -23.108648 -33.689861 10.451952 -23.074974 -33.644958 11.619356 -22.64842 -32.77689 11.619356 -22.64842 -32.77689 11.619356 -22.64842 -32.77689 11.903727 -22.547396 -32.44014 12.143194 -22.461336 -32.092163 12.423819 -22.356569 -31.557102 12.711927 -22.251802 -30.677805 12.809214 -22.218128 -29.981852 12.711927 -22.251802 -28.720905 12.618387 -22.285477 -28.369186 12.143194 -22.461336 -27.306549 12.618387 -22.285477 -28.369186 12.210543 -21.342573 -28.092302 12.711927 -22.251802 -28.720905 12.37892 -21.230324 -28.709681 12.37892 -21.230324 -28.709681 12.45001 -21.17794 -29.199841 12.809214 -22.218128 -29.981852 12.47246 -21.162971 -29.813477 12.711927 -22.251802 -30.677805 12.37892 -21.230324 -30.68903 12.423819 -22.356569 -31.557102 12.35647 -21.245289 -30.790056 12.363951 -20.844929 -30.505688 12.423819 -20.803772 -29.817219 12.45001 -21.17794 -29.199841 12.412596 -20.811255 -29.345766 12.412596 -20.811255 -29.345766 12.150675 -20.990856 -28.036177 12.150675 -20.990856 -28.036177 12.150675 -20.990856 -28.036177 11.948626 -20.788803 -27.291582 11.593164 -21.013306 -26.715363 11.144163 -21.275223 -26.191526 10.62781 -21.559591 -25.757492 10.051592 -21.855185 -25.416998 9.4342136 -22.143293 -25.181273 8.3229351 -22.596037 -25.027863 8.2780323 -22.476303 -24.86323 7.5222149 -22.64842 -24.750978 6.803812 -22.869181 -24.926838 6.1041164 -23.056265 -25.218689 5.4455776 -23.213415 -25.619049 4.7458858 -23.321924 -25.862259 3.7805309 -23.497784 -26.423512 3.4662304 -23.572617 -26.681686 2.8226585 -23.658676 -28.129719 2.8226585 -23.658676 -28.129719 2.6580257 -23.677383 -28.90799 2.6580257 -23.677383 -28.90799 2.6056423 -23.681126 -29.701225 2.6056423 -23.681126 -29.701225 2.7216339 -23.643709 -29.701225 3.1893444 -23.587584 -29.4655 3.2978535 -23.572617 -30.812506 3.3876534 -23.55765 -31.186674 3.8291721 -23.509008 -31.860176 4.2183056 -23.449141 -32.526199 4.6935024 -23.363083 -33.121124 4.9890957 -23.482817 -32.874176 4.9890957 -23.482817 -32.874176 5.2360439 -23.744734 -32.698315 5.2360439 -23.744734 -32.698315 5.7823315 -23.995426 -33.001389 5.3894558 -24.062778 -32.615997 5.9357395 -24.717571 -32.874176 5.7823315 -23.995426 -33.001389 6.2724895 -23.898144 -33.368076 6.7963276 -23.77841 -33.659927 7.0058613 -24.328438 -33.644958 7.1817188 -23.681126 -33.82082 7.2303638 -24.24612 -33.745987 7.5035038 -23.587584 -33.921844 8.5624027 -23.239607 -34.067772 8.7307758 -23.703575 -34.049065 8.9403133 -23.625 -34.04158 9.7597408 -22.741962 -33.869461 10.017916 -22.618488 -33.772179 10.253641 -22.502495 -33.66367 10.878504 -22.173227 -33.259567 11.619356 -22.64842 -32.77689 11.230223 -21.967434 -32.937782 11.630583 -21.724224 -32.458847 11.720385 -21.6681 -32.324146 11.761541 -21.641909 -32.264278 12.270411 -21.305157 -31.123066 11.761541 -21.641909 -32.264278 12.210543 -20.949696 -31.171707 12.457495 -20.459536 -30.558071 12.457495 -20.459536 -30.558071 12.524843 -20.414635 -29.828444 12.524843 -20.414635 -29.828444 12.51362 -20.422119 -29.319574 12.51362 -20.422119 -29.319574 12.416334 -20.485729 -28.612396 12.225512 -20.612946 -27.93141 12.139452 -20.49321 -27.104498 11.754057 -20.725195 -26.483377 11.267637 -21.002079 -25.925867 10.710127 -21.301414 -25.461899 10.092749 -21.611975 -25.102697 9.4304714 -21.918793 -24.852003 8.2481022 -22.393986 -24.691111 8.2293911 -22.33412 -24.414227 7.7167797 -22.513721 -24.365585 6.141531 -22.992657 -24.837038 5.9544468 -23.04504 -24.938063 7.4511204 -22.603521 -24.403002 6.141531 -22.992657 -24.837038 6.5306683 -22.88789 -24.369328 6.0479908 -23.018848 -24.556412 5.1686954 -23.232124 -25.054054 4.5625439 -23.359341 -25.540474 4.4839649 -23.400499 -25.450674 4.4839649 -23.400499 -25.450674 3.933939 -23.501526 -26.026892 3.933939 -23.501526 -26.026892 3.3839111 -23.673641 -26.62182 3.3839111 -23.673641 -26.62182 3.0060024 -23.726027 -27.336481 3.0060024 -23.726027 -27.336481 2.7253761 -23.759701 -28.096045 2.7253761 -23.759701 -28.096045 2.5569992 -23.77841 -28.88928 2.5569992 -23.77841 -28.88928 2.5008736 -23.785892 -29.701225 2.5008736 -23.785892 -29.701225 2.5195827 -23.78215 -30.183903 2.5195827 -23.78215 -30.183903 2.6206074 -23.681126 -30.17642 2.6206074 -23.681126 -30.17642 2.7403412 -23.643709 -30.165195 3.0209675 -23.606293 -31.508459 3.0583858 -23.602551 -31.605743 3.7917538 -23.497784 -32.993908 3.9563885 -23.46785 -32.51123 4.5101566 -23.370565 -33.285759 5.1125698 -23.243349 -33.880688 5.7074986 -23.153549 -33.955521 5.9357395 -23.295732 -33.659927 5.9357395 -23.295732 -33.659927 6.1377926 -23.572617 -33.454136 6.1377926 -23.572617 -33.454136 6.1377926 -23.572617 -33.454136 7.3800297 -23.258316 -34.004162 8.4389248 -22.906597 -34.142605 8.397768 -22.794346 -34.202473 9.011404 -22.682096 -34.101448 9.6400051 -22.408953 -33.951778 9.6400051 -22.408953 -33.951778 10.231192 -22.120844 -33.697342 10.769995 -21.836475 -33.345627 10.769995 -21.836475 -33.345627 11.638067 -21.323864 -32.402721 11.638067 -21.323864 -32.402721 11.967333 -21.11433 -31.815277 11.967333 -21.11433 -31.815277 12.29286 -20.568045 -31.268991 12.29286 -20.568045 -31.268991 12.696962 -20.145233 -30.629164 12.768053 -20.096592 -29.835926 12.75683 -20.104076 -29.28964 12.648321 -20.175167 -28.522596 12.44253 -20.306126 -27.789225 12.569746 -20.208843 -27.725616 12.274153 -20.388443 -27.003471 12.218027 -20.425861 -26.88748 11.8925 -20.616688 -26.341194 11.189062 -21.005821 -25.518024 10.833605 -21.192905 -25.214947 9.8046398 -21.686808 -24.634987 9.4903393 -21.825251 -24.522736 8.2256489 -22.33412 -24.335651 7.7242641 -22.509979 -24.118633 7.2415867 -22.700806 -24.058767 7.2415867 -22.700806 -24.058767 6.5007343 -22.921564 -24.253334 6.5007343 -22.921564 -24.253334 5.7860737 -23.112389 -24.55267 5.7860737 -23.112389 -24.55267 5.1050854 -23.273281 -24.95303 5.1050854 -23.273281 -24.95303 4.4278431 -23.501526 -25.364614 4.4278431 -23.501526 -25.364614 3.8665905 -23.602551 -25.955801 3.8665905 -23.602551 -25.955801 3.3539791 -23.812084 -26.588144 3.3539791 -23.812084 -26.588144 2.9685841 -23.860725 -27.310289 2.6879578 -23.894402 -28.081078 2.5121002 -23.913111 -28.881798 2.5121002 -23.913111 -28.881798 2.4559746 -23.920593 -29.701225 2.4559746 -23.920593 -29.701225 2.4784241 -23.916851 -30.191387 2.815176 -23.879435 -31.706768 2.815176 -23.879435 -31.706768 2.8525925 -23.744734 -31.688061 2.8525925 -23.744734 -31.688061 2.9461346 -23.643709 -31.6469 2.9461346 -23.643709 -31.6469 3.0209675 -23.606293 -31.508459 3.2754021 -23.602551 -32.384014 3.2754021 -23.602551 -32.384014 3.6982136 -23.538942 -33.068741 3.6982136 -23.538942 -33.068741 4.210825 -23.452883 -33.682377 4.210825 -23.452883 -33.682377 3.8852978 -23.479074 -33.121124 4.86936 -23.295732 -34.120155 5.2210789 -23.220898 -34.382072 5.5428638 -23.146065 -34.209953 6.3809986 -22.985172 -34.310982 6.5680828 -23.146065 -33.996677 7.2303638 -22.962723 -34.228664 8.3229351 -22.596037 -34.370846 8.2780323 -22.476303 -34.53548 8.91786 -22.364052 -34.329689 9.5689144 -22.083427 -34.176281 9.5689144 -22.083427 -34.176281 10.186293 -21.787834 -33.91436 10.186293 -21.787834 -33.91436 10.186293 -21.787834 -33.91436 10.75503 -21.492241 -33.551418 10.75503 -21.492241 -33.551418 11.24893 -21.215355 -33.098675 11.24893 -21.215355 -33.098675 11.675482 -20.960922 -32.567356 11.675482 -20.960922 -32.567356 12.030943 -20.740162 -31.949978 12.030943 -20.740162 -31.949978 12.517363 -20.261227 -31.392467 12.640837 -20.163944 -31.448593 12.846628 -20.036726 -30.400921 12.880304 -20.010534 -29.839668 12.786764 -20.074142 -28.586205 12.768053 -20.085367 -28.48892 12.786764 -20.074142 -28.586205 12.857855 -20.025501 -27.893993 12.831663 -20.044209 -27.796709 12.195578 -20.437086 -26.404802 12.117002 -20.485729 -26.277586 11.245188 -20.975887 -25.278555 10.927145 -21.144264 -25.02038 10.055334 -21.570816 -24.507769 9.4005375 -21.866409 -24.272043 8.6933613 -22.154518 -24.1336 7.982439 -22.450111 -23.980192 7.982439 -22.450111 -23.980192 7.2528133 -22.786863 -23.950258 7.2528133 -22.786863 -23.950258 6.4895077 -23.015106 -24.144825 6.4895077 -23.015106 -24.144825 5.759882 -23.209673 -24.447903 5.759882 -23.209673 -24.447903 5.0639286 -23.370565 -24.859488 5.0639286 -23.370565 -24.859488 4.4166164 -23.636225 -25.319714 4.4166164 -23.636225 -25.319714 3.8441372 -23.737251 -25.918385 3.8553638 -23.830793 -25.914642 3.4999027 -23.894402 -26.389835 3.3689442 -23.916851 -26.588144 2.983551 -23.976719 -27.310289 2.8338833 -23.995426 -27.680717 2.6991844 -24.014135 -28.096045 2.5308075 -24.036587 -28.881798 2.4746819 -24.044069 -29.701225 2.493391 -24.044069 -30.191387 2.7740173 -24.006653 -31.549618 2.7740173 -24.006653 -31.549618 2.830143 -23.999168 -31.706768 2.830143 -23.999168 -31.706768 3.1706352 -23.946785 -32.466331 3.1706352 -23.946785 -32.466331 3.1556683 -23.838276 -32.466331 3.1556683 -23.838276 -32.466331 3.1893444 -23.703575 -32.44014 3.1893444 -23.703575 -32.44014 3.6233807 -23.639967 -33.136093 3.6233807 -23.639967 -33.136093 4.1472149 -23.553909 -33.760952 4.1472149 -23.553909 -33.760952 4.1472149 -23.553909 -33.760952 4.7496281 -23.437916 -34.30724 4.7496281 -23.437916 -34.30724 4.8020115 -23.336891 -34.217438 4.8020115 -23.336891 -34.217438 6.1265659 -23.026331 -35.006935 6.8412266 -22.82428 -35.250145 6.8412266 -22.82428 -35.250145 6.1639843 -22.988914 -34.890942 6.6092434 -22.865438 -34.767464 7.0844364 -22.786863 -34.55793 8.2481022 -22.393986 -34.7076 8.2293911 -22.33412 -34.988224 8.8804455 -22.150776 -34.662697 9.5763988 -21.851442 -34.501808 10.238676 -21.540882 -34.224922 10.84857 -21.230324 -33.839527 11.379889 -20.938471 -33.360592 11.843859 -20.672812 -32.788116 12.22925 -20.440826 -32.125839 12.390142 -20.317352 -32.144547 12.91398 -19.991825 -31.313892 12.932688 -19.9806 -31.235317 13.112288 -19.860867 -29.701225 13.097322 -19.872091 -29.233515 12.940172 -20.006792 -27.751808 12.940172 -20.006792 -27.751808 12.663286 -20.182652 -27.014696 12.663286 -20.182652 -27.014696 12.296602 -20.407152 -26.33371 12.296602 -20.407152 -26.33371 11.847601 -20.672812 -25.716333 11.847601 -20.672812 -25.716333 11.323763 -20.964664 -25.181273 10.107718 -21.574558 -24.395519 10.107718 -21.574558 -24.395519 9.4267292 -21.881376 -24.148567 9.4267292 -21.881376 -24.148567 8.7158108 -22.176968 -24.010124 8.7158108 -22.176968 -24.010124 8.0086308 -22.532429 -23.867941 8.0086308 -22.532429 -23.867941 7.2827473 -22.914082 -23.89039 6.5082188 -23.146065 -24.088701 5.7636242 -23.344374 -24.395519 5.7636242 -23.344374 -24.395519 5.0601864 -23.505266 -24.810844 5.0751514 -23.583841 -24.807104 4.7982693 -23.643709 -25.009155 4.7982693 -23.643709 -25.009155 3.8628483 -23.830793 -25.907158 3.8628483 -23.830793 -25.907158 4.7982693 -23.643709 -25.009155 3.6233807 -24.24612 -26.39732 2.9648438 -24.35463 -27.680717 2.830143 -24.380821 -28.099785 2.6131248 -24.433205 -29.701225 2.9274254 -24.429462 -31.549618 2.7740173 -24.006653 -31.549618 3.8216877 -24.33592 -33.222149 3.8216877 -24.33592 -33.222149 3.612154 -23.875694 -33.169765 5.8609066 -23.943043 -34.097702 5.8609066 -23.943043 -34.097702 5.3819714 -24.051552 -33.760952 5.3819714 -24.051552 -33.760952 5.3819714 -24.051552 -33.760952 6.051733 -23.894402 -34.209953 6.051733 -23.894402 -34.209953 4.6897602 -24.17877 -33.106159 4.6897602 -24.17877 -33.106159 4.6897602 -24.17877 -33.106159 4.5737667 -24.20122 -32.967716 4.5737667 -24.20122 -32.967716 2.9274254 -24.429462 -31.549618 3.9900646 -24.17877 -25.907158 3.9900646 -24.17877 -25.907158 4.2594662 -24.148836 -26.80142 3.6233807 -24.24612 -26.39732 4.117281 -24.175028 -27.022181 4.117281 -24.175028 -27.022181 2.9648438 -24.35463 -27.680717 5.4156475 -24.04781 -25.615307 5.3632641 -23.905626 -25.615307 5.3632641 -23.905626 -25.615307 4.22579 -24.283537 -26.917414 4.2594662 -24.148836 -26.80142 4.1621799 -24.294762 -27.022181 4.1621799 -24.294762 -27.022181 3.5709972 -24.388304 -28.410345 3.5709972 -24.388304 -28.410345 3.5373211 -24.294762 -28.410345 3.5373211 -24.294762 -28.410345 2.830143 -24.380821 -28.099785 3.4213276 -24.320953 -29.005272 3.4213276 -24.320953 -29.005272 2.6131248 -24.433205 -29.701225 3.3913956 -24.343403 -30.015528 3.3913956 -24.343403 -30.015528 3.3913956 -24.343403 -30.015528 3.5822201 -24.332178 -31.104359 3.5822201 -24.332178 -31.104359 3.8067226 -24.309729 -31.717995 3.8067226 -24.309729 -31.717995 4.5812511 -24.219929 -32.967716 4.5812511 -24.219929 -32.967716 4.7870426 -24.18251 -33.207184 4.7870426 -24.18251 -33.207184 4.7870426 -24.18251 -33.207184 4.7870426 -24.18251 -33.207184 5.4044209 -24.051552 -34.206215 5.4044209 -24.051552 -34.206215 4.6897602 -24.17877 -33.106159 4.3754597 -24.253603 -33.861977 4.3754597 -24.253603 -33.861977 4.0349636 -24.305986 -33.49155 4.0349636 -24.305986 -33.49155 3.657053 -23.86821 -33.233376 3.5971889 -23.774668 -33.169765 3.5971889 -23.774668 -33.169765 4.1322498 -23.68861 -33.802113 4.1322498 -23.68861 -33.802113 4.7421436 -23.572617 -34.355881 4.7421436 -23.572617 -34.355881 5.4044209 -23.430433 -34.808624 5.4044209 -23.295732 -34.756241 5.4044209 -23.295732 -34.756241 6.1078587 -23.119873 -35.111702 6.1078587 -23.119873 -35.111702 6.8412266 -22.914082 -35.35865 6.8412266 -22.914082 -35.35865 7.5933056 -22.674612 -35.500835 7.5933056 -22.674612 -35.500835 8.3154507 -22.326637 -35.418518 8.3154507 -22.326637 -35.418518 8.3491268 -22.408953 -35.530769 8.3491268 -22.408953 -35.530769 7.5783405 -22.588554 -35.388584 7.5783405 -22.588554 -35.388584 6.8524532 -22.790606 -35.130409 6.9834118 -22.753189 -34.890942 8.2256489 -22.33412 -35.066799 8.7382603 -22.139553 -35.036865 9.8944416 -21.645649 -34.730049 10.246161 -21.481016 -34.561672 10.339701 -21.436115 -34.509289 10.972048 -21.118073 -34.07151 11.522074 -20.822479 -33.536453 11.982302 -20.564304 -32.922813 12.393885 -20.317352 -32.653416 12.393885 -20.317352 -32.653416 13.044939 -19.939442 -31.272732 13.044939 -19.939442 -31.272732 13.183382 -19.8459 -30.494463 13.183382 -19.8459 -30.494463 13.228281 -19.815968 -29.701225 13.228281 -19.815968 -29.701225 13.228281 -19.815968 -29.701225 13.213316 -19.82719 -29.226032 13.213316 -19.82719 -29.226032 13.078615 -20.021759 -27.714392 13.078615 -20.021759 -27.714392 12.794245 -20.205101 -26.962313 12.794245 -20.205101 -26.962313 12.416334 -20.437086 -26.266361 12.416334 -20.437086 -26.266361 11.959852 -20.710228 -25.637758 11.959852 -20.710228 -25.637758 11.959852 -20.710228 -25.637758 11.424791 -21.009563 -25.091471 11.424791 -21.009563 -25.091471 10.833605 -21.320124 -24.642469 10.833605 -21.320124 -24.642469 10.18255 -21.638166 -24.290751 10.18255 -21.638166 -24.290751 10.18255 -21.638166 -24.290751 9.4865971 -21.952469 -24.040058 9.4865971 -21.952469 -24.040058 8.7569675 -22.251802 -23.897875 8.7569675 -22.251802 -23.897875 8.0497913 -22.655905 -23.808075 8.259325 -22.640938 -23.800591 8.1882343 -22.66713 -23.800591 8.0684986 -22.708288 -23.804333 7.2977123 -22.970205 -23.88665 7.2715206 -22.97769 -23.89039 6.526926 -23.205933 -24.081217 6.4259014 -23.235865 -24.118633 6.4259014 -23.235865 -24.118633 5.4156475 -23.501526 -24.590086 5.4156475 -23.501526 -24.590086 4.914259 -23.991686 -25.016638 4.914259 -23.991686 -25.016638 5.5353794 -23.864468 -25.488091 5.5353794 -23.864468 -25.488091 5.5877628 -24.006653 -25.488091 5.5877628 -24.006653 -25.488091 8.3940258 -22.996397 -24.548927 8.3940258 -22.996397 -24.548927 7.398737 -23.336891 -24.653694 7.398737 -23.336891 -24.653694 7.4548626 -23.494041 -24.653694 7.4548626 -23.494041 -24.653694 6.8075504 -23.69235 -24.840778 6.8786449 -23.501526 -24.795879 6.8786449 -23.501526 -24.795879 5.8534222 -23.943043 -25.308489 5.8534222 -23.943043 -25.308489 2.6131248 -24.059036 -18.700676 2.6131248 -24.059036 -18.700676 2.6131248 -24.059036 -18.700676 2.6131248 -24.059036 -18.00098 2.6131248 -24.059036 -18.00098 2.6131248 -24.059036 -18.00098 3.1594105 -24.328438 -18.700676 3.1594105 -24.328438 -18.700676 3.1594105 -24.328438 -18.700676 3.1594105 -24.328438 -18.00098 3.1594105 -24.328438 -18.00098 3.1594105 -24.328438 -18.00098 3.7693043 -24.362112 -18.700676 3.7693043 -24.362112 -18.700676 3.7693043 -24.362112 -18.700676 3.7693043 -24.362112 -18.00098 3.7693043 -24.362112 -18.00098 3.7693043 -24.362112 -18.00098 2.2202473 -23.595066 -18.00098 2.2202473 -23.595066 -18.00098 2.2202473 -23.595066 -18.00098 2.2202473 -23.595066 -18.700676 2.2202473 -23.595066 -18.700676 2.2202473 -23.595066 -18.700676 0.69364166 -23.000139 -18.700676 0.69364166 -23.000139 -18.700676 0.69364166 -23.000139 -18.700676 -2.7487087 -27 -41.199421 -2.7487087 -27 -41.199421 -2.7487087 -27 -41.199421 -2.4793072 -27 -42.393017 -2.4793072 -27 -42.393017 -1.3231258 -27 -41.663387 -1.3231258 -27 -41.663387 -1.3231258 -27 -41.663387 -0.94521713 -27 -42.232124 -0.94521713 -27 -42.232124 -1.7160034 -27 -43.350887 -1.7160034 -27 -43.350887 2.4484901 -28.092571 -42.449142 2.4484901 -28.092571 -42.449142 1.7151203 -27 -43.350887 1.7151203 -27 -43.350887 1.7151203 -27 -43.350887 1.6103535 -28.152437 -43.429462 1.6103535 -28.152437 -43.429462 0.61132431 -27 -43.882206 0.61132431 -27 -43.882206 0.61132431 -27 -43.882206 0.41675568 -28.197338 -43.919624 0.41675568 -28.197338 -43.919624 -0.61220741 -27 -43.882206 -0.61220741 -27 -43.882206 -0.86664009 -28.186113 -43.811115 -1.7160034 -28.148697 -43.350887 -1.9442463 -28.13373 -43.145096 -2.4793072 -28.092571 -42.393017 -2.6177483 -28.077604 -42.041298 -2.7487087 -28.06638 -41.199421 -2.7487087 -28.06638 -41.199421 -2.4793072 -27 -40.005821 -2.4793072 -27 -40.005821 -2.4793072 -27 -40.005821 -2.4493732 -28.092571 -39.949699 -2.4493732 -28.092571 -39.949699 -1.7160034 -27 -39.051693 -1.7160034 -27 -39.051693 -1.7160034 -27 -39.051693 -1.6112366 -28.152437 -38.969376 -1.6112366 -28.152437 -38.969376 -0.41389656 -28.197338 -38.482956 -0.41389656 -28.197338 -38.482956 -0.61220741 -27 -38.520374 -0.61220741 -27 -38.520374 -0.61220741 -27 -38.520374 -0.94521713 -27 -40.166714 -0.94521713 -27 -40.166714 -0.94521713 -27 -40.166714 -1.3231258 -27 -40.739193 -1.3231258 -27 -40.739193 -1.3231258 -27 -40.739193 -1.401701 -27 -41.199421 -1.401701 -27 -41.199421 -1.2969341 -24.964523 -41.723255 -1.2969341 -24.964523 -41.723255 -1.2969341 -24.964523 -41.723255 -1.0088253 -24.97949 -42.168514 -1.0088253 -24.97949 -42.168514 -0.94521713 -24.983231 -42.232124 -0.94521713 -24.983231 -42.232124 -0.57478905 -24.994457 -42.475334 -0.57478905 -24.994457 -42.475334 -0.34280586 -24.998198 -42.557652 -0.34280586 -24.998198 -42.557652 -0.34280586 -27 -42.557652 -0.34280586 -27 -42.557652 0.34192276 -27 -42.557652 0.34192276 -27 -42.557652 0.94433403 -27 -42.232124 0.94433403 -27 -42.232124 0.94433403 -27 -42.232124 1.3222446 -27 -41.663387 1.3222446 -27 -41.663387 2.4784241 -27 -42.393017 2.4784241 -27 -42.393017 2.4784241 -27 -42.393017 2.7515678 -28.06638 -41.199421 2.7515678 -28.06638 -41.199421 2.7515678 -27 -41.199421 2.7515678 -27 -41.199421 2.7515678 -27 -41.199421 2.4784241 -27 -40.005821 2.4784241 -27 -40.005821 2.6168671 -28.077604 -40.35754 2.4784241 -28.092571 -40.005821 1.7151203 -27 -39.051693 1.7151203 -27 -39.051693 1.9433632 -28.13373 -39.253746 1.7151203 -28.148697 -39.051693 0.8657589 -28.186113 -38.591465 0.61132431 -27 -38.520374 0.61132431 -27 -38.520374 -0.34280586 -27 -39.84119 -0.34280586 -27 -39.84119 -0.34280586 -24.998198 -39.84119 -0.34280586 -24.998198 -39.84119 -0.4700222 -24.994457 -39.882347 -0.4700222 -24.994457 -39.882347 -0.93025017 -24.983231 -40.151749 -0.93025017 -24.983231 -40.151749 -0.93025017 -24.983231 -40.151749 -1.2557755 -24.968266 -40.5783 -1.2557755 -24.968266 -40.5783 -1.2557755 -24.968266 -40.5783 -1.3942184 -24.960781 -41.090912 -1.3942184 -24.960781 -41.090912 -1.401701 -24.960781 -41.199421 -1.401701 -24.960781 -41.199421 -1.401701 -24.960781 -41.199421 -1.7197456 -24.942074 -45.42004 -1.7197456 -24.942074 -45.42004 -1.7197456 -24.942074 -45.42004 6.0105724 28.055134 -27.534792 6.0105724 28.055134 -27.534792 6.0105724 28.055134 -27.534792 7.2602978 27.60239 -26.038118 7.2602978 27.60239 -26.038118 7.2602978 27.60239 -26.038118 12.524843 25.682907 -26.33371 12.524843 25.682907 -26.33371 12.524843 25.682907 -26.33371 10.874762 26.285316 -25.372097 10.874762 26.285316 -25.372097 10.874762 26.285316 -25.372097 8.996439 26.970047 -25.26733 8.996439 26.970047 -25.26733 8.996439 26.970047 -25.26733 7.2939701 27.695934 -26.038118 7.2939701 27.695934 -26.038118 7.2939701 27.695934 -26.038118 6.0442486 28.148678 -27.534792 6.0442486 28.148678 -27.534792 6.0442486 28.148678 -27.534792 5.527895 28.335762 -29.461758 5.527895 28.335762 -29.461758 5.527895 28.335762 -29.461758 5.4942226 28.242218 -29.461758 5.4942226 28.242218 -29.461758 5.4942226 28.242218 -29.461758 5.8160076 28.126228 -31.433624 5.8160076 28.126228 -31.433624 5.8160076 28.126228 -31.433624 6.9085789 27.729607 -33.064999 6.9085789 27.729607 -33.064999 6.9085789 27.729607 -33.064999 13.621157 25.286289 -27.965084 13.621157 25.286289 -27.965084 13.621157 25.286289 -27.965084 8.5586605 27.127197 -34.026611 8.5586605 27.127197 -34.026611 8.5586605 27.127197 -34.026611 10.440725 26.442471 -34.13512 10.440725 26.442471 -34.13512 10.440725 26.442471 -34.13512 13.426592 25.35738 -31.863918 13.426592 25.35738 -31.863918 13.426592 25.35738 -31.863918 12.176867 25.813866 -33.360592 12.176867 25.813866 -33.360592 12.176867 25.813866 -33.360592 13.939199 25.170296 -29.936953 13.939199 25.170296 -29.936953 13.939199 25.170296 -29.936953 13.654833 25.379829 -27.965084 13.654833 25.379829 -27.965084 13.654833 25.379829 -27.965084 12.558519 25.78019 -26.33371 12.558519 25.78019 -26.33371 12.558519 25.78019 -26.33371 10.91218 26.37886 -25.372097 10.91218 26.37886 -25.372097 10.91218 26.37886 -25.372097 9.0301113 27.063587 -25.26733 9.0301113 27.063587 -25.26733 9.0301113 27.063587 -25.26733 7.784132 27.516331 -24.724787 9.0824947 27.04488 -24.346876 9.0488224 27.02243 -24.178501 9.0488224 27.02243 -24.178501 7.7130413 27.512589 -24.567636 7.7130413 27.512589 -24.567636 6.6242085 27.939144 -25.450674 5.6850452 28.279636 -26.472153 5.0302525 28.519104 -27.725616 4.7084675 28.635094 -29.113781 4.6785336 28.64632 -29.701225 4.7084675 28.635094 -30.284927 5.0302525 28.519104 -31.676834 5.8496799 28.219769 -31.433624 5.8496799 28.219769 -31.433624 5.8496799 28.219769 -31.433624 6.9422512 27.823151 -33.064999 6.9422512 27.823151 -33.064999 6.9422512 27.823151 -33.064999 8.5923367 27.220737 -34.026611 8.5923367 27.220737 -34.026611 8.5923367 27.220737 -34.026611 10.474401 26.539753 -34.13512 10.474401 26.539753 -34.13512 10.474401 26.539753 -34.13512 10.42576 26.554718 -35.051834 11.724123 26.083267 -34.677666 12.210543 25.90741 -33.360592 12.210543 25.90741 -33.360592 12.210543 25.90741 -33.360592 13.460264 25.450924 -31.863918 13.460264 25.450924 -31.863918 13.460264 25.450924 -31.863918 13.976618 25.26384 -29.936953 13.976618 25.26384 -29.936953 13.976618 25.26384 -29.936953 14.829721 24.953278 -29.701225 14.799788 24.964504 -29.113781 14.478003 25.080498 -27.725616 13.82321 25.319965 -26.472153 12.884047 25.660458 -25.450674 11.724123 26.083267 -24.724787 10.42576 26.554718 -24.346876 10.436987 26.521046 -24.178501 10.436987 26.521046 -24.178501 10.422018 26.40131 -23.995159 10.422018 26.40131 -23.995159 8.9889545 26.921406 -23.995159 8.9889545 26.921406 -23.995159 7.6045322 27.426533 -24.39926 7.6045322 27.426533 -24.39926 6.5156994 27.946625 -25.315973 6.5156994 27.946625 -25.315973 5.5466061 28.298344 -26.371128 5.5466061 28.298344 -26.371128 4.8731022 28.545296 -27.662008 4.8731022 28.545296 -27.662008 4.5400906 28.665028 -29.095074 4.5400906 28.665028 -29.095074 4.5064182 28.676254 -29.701225 4.5064182 28.676254 -29.701225 4.5064182 28.676254 -29.701225 4.5363483 28.665028 -30.303637 4.5363483 28.665028 -30.303637 4.86936 28.545296 -31.740444 4.86936 28.545296 -31.740444 5.6850452 28.279636 -32.926559 6.6242085 27.939144 -33.951778 7.784132 27.516331 -34.677666 9.0824947 27.04488 -35.051834 9.0488224 27.02243 -35.223953 9.0488224 27.02243 -35.223953 10.436987 26.517303 -35.223953 10.436987 26.517303 -35.223953 11.776506 26.030884 -34.834816 11.776506 26.030884 -34.834816 12.884047 25.660458 -33.951778 13.82321 25.319965 -32.926559 14.478003 25.080498 -31.676834 14.799788 24.964504 -30.284927 14.979391 24.867222 -29.701225 14.979391 24.867222 -29.701225 14.949457 24.878445 -29.095074 14.949457 24.878445 -29.095074 14.616446 24.99818 -27.662008 14.616446 24.99818 -27.662008 13.942942 25.245129 -26.371128 13.942942 25.245129 -26.371128 12.973848 25.596848 -25.315973 12.973848 25.596848 -25.315973 11.776506 26.030884 -24.567636 11.776506 26.030884 -24.567636 11.802698 25.899925 -24.39926 11.802698 25.899925 -24.39926 11.783991 25.709099 -24.290751 10.373377 26.225452 -23.882908 8.9103794 26.756771 -23.882908 8.8505116 26.595879 -23.852974 8.8505116 26.595879 -23.852974 8.5998173 26.689419 -23.894133 8.5998173 26.689419 -23.894133 7.4324131 27.112228 -24.264559 7.4324131 27.112228 -24.264559 7.4997654 27.269382 -24.290751 6.3697758 27.875534 -25.170048 6.3697758 27.875534 -25.170048 5.3670025 28.238476 -26.262619 5.3670025 28.238476 -26.262619 4.6710491 28.492912 -27.594658 4.6710491 28.492912 -27.594658 4.3305569 28.620129 -29.076365 4.3305569 28.620129 -29.076365 4.2968807 28.627613 -29.701225 4.2968807 28.627613 -29.701225 4.2968807 28.627613 -29.701225 4.3305569 28.616386 -30.326088 4.3305569 28.616386 -30.326088 4.6710491 28.492912 -31.804052 4.6710491 28.492912 -31.804052 5.5428638 28.298344 -33.031326 5.5428638 28.298344 -33.031326 6.511961 27.946625 -34.086479 6.511961 27.946625 -34.086479 7.7092991 27.50885 -34.834816 7.7092991 27.50885 -34.834816 7.6045322 27.426533 -35.003193 7.6045322 27.426533 -35.003193 8.9889545 26.921406 -35.403553 8.9889545 26.921406 -35.403553 10.422018 26.40131 -35.403553 10.422018 26.40131 -35.403553 11.802698 25.896183 -35.003193 11.802698 25.896183 -35.003193 12.973848 25.593105 -34.086479 12.973848 25.593105 -34.086479 13.942942 25.24139 -33.031326 13.942942 25.24139 -33.031326 14.616446 24.994438 -31.740444 14.616446 24.994438 -31.740444 14.949457 24.874702 -30.303637 15.080416 24.706329 -30.326088 15.080416 24.706329 -30.326088 15.11035 24.695103 -29.701225 15.11035 24.695103 -29.701225 15.080416 24.706329 -29.076365 15.080416 24.706329 -29.076365 14.736181 24.829803 -27.594658 14.736181 24.829803 -27.594658 14.040228 25.084236 -26.262619 14.040228 25.084236 -26.262619 13.037455 25.447182 -25.170048 13.037455 25.447182 -25.170048 13.044939 25.252613 -25.080246 13.003778 25.084236 -25.054054 13.003778 25.084236 -25.054054 13.003778 25.084236 -25.054054 13.003778 25.084236 -25.054054 12.412596 25.301254 -24.627502 12.412596 25.301254 -24.627502 11.73535 25.548206 -24.264559 11.73535 25.548206 -24.264559 10.567945 25.971016 -23.894133 10.567945 25.971016 -23.894133 10.317251 26.06456 -23.852974 10.317251 26.06456 -23.852974 9.9842434 26.588394 -23.808075 9.9842434 26.588394 -23.808075 9.2695789 26.842831 -23.8193 9.2209377 26.861538 -23.82304 9.2209377 26.861538 -23.82304 8.7232952 27.026173 -23.894133 8.7232952 27.026173 -23.894133 8.4576359 27.10849 -23.950258 8.4576359 27.10849 -23.950258 7.7092991 27.332989 -24.189726 7.7092991 27.332989 -24.189726 7.5184727 27.38163 -24.268301 6.8300037 27.561234 -24.623762 6.8300037 27.561234 -24.623762 6.755167 27.35918 -24.623762 6.755167 27.35918 -24.623762 6.1639843 27.576199 -25.054054 6.1639843 27.576199 -25.054054 6.2388172 27.729607 -25.080246 5.2173367 28.100033 -26.191526 5.1387615 27.946625 -26.172819 5.1387615 27.946625 -26.172819 5.1387615 27.946625 -26.172819 4.5064182 28.358212 -27.553499 4.1584415 28.485428 -29.061398 4.1285076 28.500397 -29.701225 4.1584415 28.48917 -30.337311 4.5101566 28.361954 -31.848953 5.3670025 28.238476 -33.136093 5.3670025 28.238476 -33.136093 6.3697758 27.875534 -34.228664 6.3697758 27.875534 -34.228664 6.2425594 27.729607 -34.318462 7.4997654 27.273121 -35.10796 8.9103794 26.756771 -35.5158 10.373377 26.225452 -35.5158 11.783991 25.712841 -35.10796 13.037455 25.447182 -34.228664 13.037455 25.447182 -34.228664 14.040228 25.084236 -33.136093 14.040228 25.084236 -33.136093 14.736181 24.829803 -31.804052 14.736181 24.829803 -31.804052 14.773596 24.624012 -31.848953 15.125315 24.496792 -30.337311 15.158991 24.481827 -29.701225 15.125315 24.493053 -29.061398 14.773596 24.62027 -27.553499 14.06642 24.878445 -26.191526 14.029001 24.71381 -26.172819 14.029001 24.71381 -26.172819 13.864367 24.773678 -25.948317 13.864367 24.773678 -25.948317 13.864367 24.773678 -25.948317 13.853144 24.77742 -25.937092 13.853144 24.77742 -25.937092 13.351755 25.054306 -25.342165 13.351755 25.054306 -25.342165 13.351755 25.054306 -25.342165 12.77928 25.353638 -24.833296 12.77928 25.353638 -24.833296 12.595938 25.447182 -24.698595 12.595938 25.447182 -24.698595 11.454721 25.985985 -24.107409 11.454721 25.985985 -24.107409 11.013205 26.176807 -23.968967 10.69142 26.311508 -23.894133 10.69142 26.311508 -23.894133 10.021658 26.678196 -23.707048 10.021658 26.678196 -23.707048 9.793417 26.764252 -23.699566 9.793417 26.764252 -23.699566 9.2433872 26.95882 -23.722015 9.2433872 26.95882 -23.722015 9.2695789 26.842831 -23.8193 8.4651165 27.213257 -23.852974 8.4651165 27.213257 -23.852974 7.7018147 27.441498 -24.096184 7.7018147 27.441498 -24.096184 7.5184727 27.38163 -24.268301 6.9684429 27.636066 -24.44416 6.9684429 27.636066 -24.44416 6.2762318 27.800701 -24.896904 6.2762318 27.800701 -24.896904 5.6513729 27.935402 -25.44319 5.6513729 27.935402 -25.44319 5.9469662 27.759541 -25.278555 6.3099079 27.680965 -24.979221 6.3099079 27.680965 -24.979221 5.9469662 27.759541 -25.278555 5.3033962 27.886757 -25.948317 5.3033962 27.886757 -25.948317 5.3033962 27.886757 -25.948317 5.3033962 27.886757 -25.948317 4.8319416 27.969074 -26.610596 4.8319416 27.969074 -26.610596 4.8319416 27.969074 -26.610596 4.8319416 27.969074 -26.610596 4.3455257 28.047649 -27.583433 4.3455257 28.047649 -27.583433 4.4241009 28.208542 -27.542274 4.4241009 28.208542 -27.542274 4.072382 28.335762 -29.061398 4.0387058 28.346985 -29.667551 4.0387058 28.346985 -29.682518 4.0387058 28.346985 -29.701225 4.072382 28.335762 -30.341053 4.4241009 28.208542 -31.860176 4.4241009 28.208542 -31.860176 5.1387615 27.946625 -33.225891 5.1387615 27.946625 -33.225891 5.2210789 28.100033 -33.207184 6.1639843 27.572456 -34.344654 6.1639843 27.572456 -34.344654 6.1639843 27.572456 -34.344654 6.1639843 27.572456 -34.344654 6.7514286 27.35918 -34.771206 6.7514286 27.35918 -34.771206 7.4286709 27.112228 -35.137894 7.4286709 27.112228 -35.137894 8.5960789 26.689419 -35.504578 8.5960789 26.689419 -35.504578 8.8467693 26.595879 -35.549477 8.8467693 26.595879 -35.549477 8.8467693 26.595879 -35.549477 10.317251 26.060818 -35.549477 10.317251 26.060818 -35.549477 10.317251 26.060818 -35.549477 10.567945 25.971016 -35.504578 10.567945 25.971016 -35.504578 11.73535 25.544464 -35.137894 11.73535 25.544464 -35.137894 12.416334 25.297512 -34.771206 12.416334 25.297512 -34.771206 13.003778 25.084236 -34.344654 13.003778 25.084236 -34.344654 13.044939 25.252613 -34.318462 14.06642 24.882187 -33.207184 14.029001 24.710068 -33.225891 14.029001 24.710068 -33.225891 14.029001 24.710068 -33.225891 14.743662 24.451893 -31.860176 14.743662 24.451893 -31.860176 15.095381 24.324677 -30.341053 15.129057 24.31345 -29.731159 15.129057 24.31345 -29.716192 15.129057 24.31345 -29.701225 15.095381 24.324677 -29.061398 14.743662 24.451893 -27.542274 14.743662 24.451893 -27.542274 14.275953 24.53421 -26.603111 14.275953 24.53421 -26.603111 14.275953 24.53421 -26.603111 14.275953 24.53421 -26.603111 14.260984 24.676395 -26.296293 14.260984 24.676395 -26.296293 13.976618 24.837288 -25.873484 13.976618 24.837288 -25.873484 13.464006 25.117912 -25.26733 13.464006 25.117912 -25.26733 12.876562 25.424732 -24.750978 12.876562 25.424732 -24.750978 12.225512 25.742775 -24.328169 12.225512 25.742775 -24.328169 11.525816 26.06456 -24.013866 11.525816 26.06456 -24.013866 11.013205 26.176807 -23.968967 10.788702 26.37886 -23.804333 10.788702 26.37886 -23.804333 9.793417 26.764252 -11.501675 9.793417 26.764252 -11.501675 12.176867 -25.813885 -26.038118 12.176867 -25.813885 -26.038118 12.176867 -25.813885 -26.038118 10.440725 -26.442488 -25.26733 10.440725 -26.442488 -25.26733 10.440725 -26.442488 -25.26733 13.426592 -25.357399 -27.534792 13.426592 -25.357399 -27.534792 13.426592 -25.357399 -27.534792 8.5586605 -27.127216 -25.372097 8.5586605 -27.127216 -25.372097 8.5586605 -27.127216 -25.372097 6.9085789 -27.729628 -26.33371 6.9085789 -27.729628 -26.33371 6.9085789 -27.729628 -26.33371 13.939199 -25.170315 -29.461758 13.939199 -25.170315 -29.461758 13.939199 -25.170315 -29.461758 13.621157 -25.286308 -31.433624 13.621157 -25.286308 -31.433624 13.621157 -25.286308 -31.433624 5.8160076 -28.126245 -27.965084 5.8160076 -28.126245 -27.965084 5.8160076 -28.126245 -27.965084 10.874762 -26.285337 -34.026611 10.874762 -26.285337 -34.026611 10.874762 -26.285337 -34.026611 12.524843 -25.682926 -33.064999 12.524843 -25.682926 -33.064999 12.524843 -25.682926 -33.064999 8.996439 -26.970066 -34.13512 8.996439 -26.970066 -34.13512 8.996439 -26.970066 -34.13512 7.2602978 -27.602409 -33.360592 7.2602978 -27.602409 -33.360592 7.2602978 -27.602409 -33.360592 6.0105724 -28.055153 -31.863918 6.0105724 -28.055153 -31.863918 6.0105724 -28.055153 -31.863918 5.4942226 -28.242237 -29.936953 5.4942226 -28.242237 -29.936953 5.4942226 -28.242237 -29.936953 5.8496799 -28.219788 -27.965084 5.8496799 -28.219788 -27.965084 5.8496799 -28.219788 -27.965084 6.9422512 -27.82317 -26.33371 6.9422512 -27.82317 -26.33371 6.9422512 -27.82317 -26.33371 8.5923367 -27.220758 -25.372097 8.5923367 -27.220758 -25.372097 8.5923367 -27.220758 -25.372097 10.474401 -26.539772 -25.26733 10.474401 -26.539772 -25.26733 10.474401 -26.539772 -25.26733 10.436987 -26.517323 -24.174759 10.436987 -26.517323 -24.174759 10.42576 -26.554739 -24.346876 11.724123 -26.083286 -24.724787 12.210543 -25.907427 -26.038118 12.210543 -25.907427 -26.038118 12.210543 -25.907427 -26.038118 13.460264 -25.450943 -27.534792 13.460264 -25.450943 -27.534792 13.460264 -25.450943 -27.534792 13.976618 -25.263859 -29.461758 13.976618 -25.263859 -29.461758 13.976618 -25.263859 -29.461758 14.829721 -24.953299 -29.701225 14.799788 -24.964523 -30.284927 14.478003 -25.080515 -31.676834 13.654833 -25.37985 -31.433624 13.654833 -25.37985 -31.433624 13.654833 -25.37985 -31.433624 12.558519 -25.78021 -33.064999 12.558519 -25.78021 -33.064999 12.558519 -25.78021 -33.064999 10.91218 -26.37888 -34.026611 10.91218 -26.37888 -34.026611 10.91218 -26.37888 -34.026611 9.0301113 -27.063608 -34.13512 9.0301113 -27.063608 -34.13512 9.0301113 -27.063608 -34.13512 9.0824947 -27.044899 -35.051834 7.784132 -27.516352 -34.677666 7.2939701 -27.695951 -33.360592 7.2939701 -27.695951 -33.360592 7.2939701 -27.695951 -33.360592 6.0442486 -28.148697 -31.863918 6.0442486 -28.148697 -31.863918 6.0442486 -28.148697 -31.863918 5.527895 -28.335781 -29.936953 5.527895 -28.335781 -29.936953 5.527895 -28.335781 -29.936953 4.6785336 -28.646339 -29.701225 4.7084675 -28.635115 -29.113781 5.0302525 -28.519123 -27.725616 5.6850452 -28.279655 -26.472153 6.6242085 -27.939161 -25.450674 7.784132 -27.516352 -24.724787 9.0824947 -27.044899 -24.346876 9.0488224 -27.022449 -24.174759 9.0488224 -27.022449 -24.174759 8.9889545 -26.921423 -23.998899 8.9889545 -26.921423 -23.998899 10.422018 -26.401329 -23.998899 10.422018 -26.401329 -23.998899 11.776506 -26.030903 -24.563894 11.776506 -26.030903 -24.563894 12.884047 -25.660477 -25.450674 13.82321 -25.319983 -26.472153 14.478003 -25.080515 -27.725616 14.799788 -24.964523 -29.113781 14.979391 -24.867239 -29.701225 14.979391 -24.867239 -29.701225 14.949457 -24.878464 -30.303637 14.949457 -24.878464 -30.303637 14.616446 -24.998198 -31.736702 14.616446 -24.998198 -31.736702 13.82321 -25.319983 -32.926559 12.884047 -25.660477 -33.951778 11.724123 -26.083286 -34.677666 10.42576 -26.554739 -35.051834 10.436987 -26.521063 -35.220207 10.436987 -26.521063 -35.220207 9.0488224 -27.022449 -35.220207 9.0488224 -27.022449 -35.220207 7.7130413 -27.512609 -34.834816 7.7130413 -27.512609 -34.834816 6.6242085 -27.939161 -33.951778 5.6850452 -28.279655 -32.926559 5.0302525 -28.519123 -31.676834 4.7084675 -28.635115 -30.284927 4.5064182 -28.676273 -29.701225 4.5064182 -28.676273 -29.701225 4.5064182 -28.676273 -29.701225 4.5363483 -28.665049 -29.095074 4.5363483 -28.665049 -29.095074 4.86936 -28.545315 -27.662008 4.86936 -28.545315 -27.662008 5.5428638 -28.298363 -26.371128 5.5428638 -28.298363 -26.371128 6.511961 -27.946646 -25.312231 6.511961 -27.946646 -25.312231 7.7092991 -27.508867 -24.563894 7.7092991 -27.508867 -24.563894 7.6045322 -27.426552 -24.39926 7.6045322 -27.426552 -24.39926 7.4997654 -27.273142 -24.290751 8.9103794 -26.75679 -23.882908 11.73535 -25.544483 -24.264559 11.73535 -25.544483 -24.264559 10.567945 -25.971035 -23.894133 10.567945 -25.971035 -23.894133 10.373377 -26.225471 -23.882908 10.317251 -26.060837 -23.852974 10.317251 -26.060837 -23.852974 8.8467693 -26.595898 -23.852974 8.8467693 -26.595898 -23.852974 11.802698 -25.896202 -24.39926 11.802698 -25.896202 -24.39926 12.973848 -25.593126 -25.312231 12.973848 -25.593126 -25.312231 13.942942 -25.241407 -26.371128 13.942942 -25.241407 -26.371128 14.616446 -24.994457 -27.662008 14.616446 -24.994457 -27.662008 14.949457 -24.874723 -29.095074 15.080416 -24.706347 -29.076365 15.080416 -24.706347 -29.076365 15.11035 -24.695122 -29.701225 15.11035 -24.695122 -29.701225 15.080416 -24.706347 -30.326088 15.080416 -24.706347 -30.326088 14.736181 -24.829823 -31.804052 14.736181 -24.829823 -31.804052 13.942942 -25.24515 -33.027584 13.942942 -25.24515 -33.027584 12.973848 -25.596869 -34.086479 12.973848 -25.596869 -34.086479 11.776506 -26.030903 -34.834816 11.776506 -26.030903 -34.834816 11.802698 -25.899944 -35.003193 11.802698 -25.899944 -35.003193 10.422018 -26.401329 -35.403553 10.422018 -26.401329 -35.403553 8.9889545 -26.921423 -35.403553 8.9889545 -26.921423 -35.403553 7.6045322 -27.426552 -35.003193 7.6045322 -27.426552 -35.003193 6.5156994 -27.946646 -34.086479 6.5156994 -27.946646 -34.086479 5.5466061 -28.298363 -33.027584 5.5466061 -28.298363 -33.027584 4.8731022 -28.545315 -31.736702 4.8731022 -28.545315 -31.736702 4.5400906 -28.665049 -30.303637 4.5400906 -28.665049 -30.303637 4.3305569 -28.620148 -30.326088 4.3305569 -28.620148 -30.326088 4.2968807 -28.627632 -29.701225 4.2968807 -28.627632 -29.701225 4.2968807 -28.627632 -29.701225 4.3305569 -28.616405 -29.076365 4.3305569 -28.616405 -29.076365 4.6710491 -28.492931 -27.594658 4.6710491 -28.492931 -27.594658 5.3670025 -28.238497 -26.262619 5.3670025 -28.238497 -26.262619 6.3697758 -27.875553 -25.170048 6.3697758 -27.875553 -25.170048 6.2425594 -27.729628 -25.080246 6.1639843 -27.572477 -25.054054 6.1639843 -27.572477 -25.054054 6.7514286 -27.359201 -24.627502 6.7514286 -27.359201 -24.627502 7.4286709 -27.112249 -24.264559 7.4286709 -27.112249 -24.264559 8.5998173 -26.68944 -23.894133 8.5998173 -26.68944 -23.894133 9.2209377 -26.861557 -23.82304 9.2209377 -26.861557 -23.82304 9.2770634 -26.842848 -23.8193 9.9842434 -26.588413 -23.808075 9.9842434 -26.588413 -23.808075 10.69142 -26.307787 -23.894133 10.69142 -26.307787 -23.894133 11.020689 -26.173086 -23.968967 11.454721 -25.986002 -24.107409 12.59968 -25.443459 -24.702337 12.77928 -25.353659 -24.833296 12.77928 -25.353659 -24.833296 12.416334 -25.297533 -24.627502 12.416334 -25.297533 -24.627502 12.416334 -25.297533 -24.627502 11.783991 -25.71286 -24.290751 13.037455 -25.447201 -25.170048 13.037455 -25.447201 -25.170048 14.040228 -25.084257 -26.262619 14.040228 -25.084257 -26.262619 14.736181 -24.829823 -27.594658 14.736181 -24.829823 -27.594658 14.773596 -24.624031 -27.553499 15.125315 -24.496813 -29.061398 15.158991 -24.481846 -29.701225 15.125315 -24.493071 -30.337311 14.773596 -24.620289 -31.848953 14.040228 -25.084257 -33.139832 14.040228 -25.084257 -33.139832 13.037455 -25.447201 -34.228664 13.037455 -25.447201 -34.228664 13.044939 -25.252632 -34.322205 11.783991 -25.709118 -35.10796 10.373377 -26.225471 -35.519543 8.9103794 -26.75679 -35.519543 7.4997654 -27.2694 -35.10796 6.3697758 -27.875553 -34.228664 6.3697758 -27.875553 -34.228664 5.3670025 -28.238497 -33.139832 5.3670025 -28.238497 -33.139832 4.6710491 -28.492931 -31.804052 4.6710491 -28.492931 -31.804052 4.5064182 -28.358231 -31.848953 4.1584415 -28.485447 -30.337311 4.1285076 -28.500414 -29.701225 4.1584415 -28.489189 -29.061398 4.5101566 -28.361973 -27.553499 5.2210789 -28.100054 -26.191526 5.1387615 -27.946646 -26.172819 5.1387615 -27.946646 -26.172819 5.299654 -27.886778 -25.955801 5.299654 -27.886778 -25.955801 5.299654 -27.886778 -25.955801 5.299654 -27.886778 -25.955801 5.9544468 -27.759562 -25.271072 6.3099079 -27.680986 -24.979221 6.3099079 -27.680986 -24.979221 6.8225193 -27.561253 -24.627502 6.8225193 -27.561253 -24.627502 7.5259571 -27.381651 -24.264559 7.7092991 -27.33301 -24.189726 7.7092991 -27.33301 -24.189726 8.4576359 -27.108507 -23.950258 8.4576359 -27.108507 -23.950258 8.719553 -27.026192 -23.894133 8.719553 -27.026192 -23.894133 9.2433872 -26.958841 -23.722015 9.2433872 -26.958841 -23.722015 9.2770634 -26.842848 -23.8193 9.5127888 -26.865299 -23.703306 9.5127888 -26.865299 -23.703306 10.021658 -26.678215 -23.707048 10.021658 -26.678215 -23.707048 10.788702 -26.37888 -23.804333 10.788702 -26.37888 -23.804333 11.020689 -26.173086 -23.968967 11.454721 -25.986002 -24.107409 11.525816 -26.064579 -24.013866 11.525816 -26.064579 -24.013866 12.59968 -25.443459 -24.702337 12.225512 -25.742794 -24.328169 12.225512 -25.742794 -24.328169 12.876562 -25.424751 -24.750978 12.876562 -25.424751 -24.750978 13.351755 -25.054323 -25.342165 13.351755 -25.054323 -25.342165 13.351755 -25.054323 -25.342165 13.464006 -25.117931 -25.26733 13.464006 -25.117931 -25.26733 13.853144 -24.777439 -25.937092 13.853144 -24.777439 -25.937092 13.003778 -25.084257 -25.054054 13.003778 -25.084257 -25.054054 13.003778 -25.084257 -25.054054 13.003778 -25.084257 -25.054054 13.044939 -25.252632 -25.080246 14.06642 -24.882206 -26.191526 14.029001 -24.710089 -26.172819 14.029001 -24.710089 -26.172819 14.743662 -24.451912 -27.542274 14.743662 -24.451912 -27.542274 15.095381 -24.324696 -29.061398 15.129057 -24.313471 -29.667551 15.129057 -24.313471 -29.682518 15.129057 -24.313471 -29.701225 15.095381 -24.324696 -30.341053 14.743662 -24.451912 -31.860176 14.743662 -24.451912 -31.860176 14.029001 -24.713831 -33.225891 14.029001 -24.713831 -33.225891 14.06642 -24.878464 -33.207184 13.003778 -25.084257 -34.344654 13.003778 -25.084257 -34.344654 12.412596 -25.301275 -34.774948 12.412596 -25.301275 -34.774948 11.73535 -25.548225 -35.137894 11.73535 -25.548225 -35.137894 10.567945 -25.971035 -35.504578 10.567945 -25.971035 -35.504578 10.317251 -26.064579 -35.549477 10.317251 -26.064579 -35.549477 8.8505116 -26.595898 -35.549477 8.8505116 -26.595898 -35.549477 8.5998173 -26.68944 -35.504578 8.5998173 -26.68944 -35.504578 7.4324131 -27.112249 -35.137894 7.4324131 -27.112249 -35.137894 6.755167 -27.359201 -34.774948 6.755167 -27.359201 -34.774948 6.755167 -27.359201 -34.774948 6.1639843 -27.576218 -34.344654 6.1639843 -27.576218 -34.344654 6.1639843 -27.576218 -34.344654 6.1639843 -27.576218 -34.344654 6.2388172 -27.729628 -34.322205 5.2173367 -28.100054 -33.207184 5.1387615 -27.946646 -33.225891 5.1387615 -27.946646 -33.225891 4.4241009 -28.208563 -31.860176 4.4241009 -28.208563 -31.860176 4.4241009 -28.208563 -31.860176 4.072382 -28.335781 -30.341053 4.0387058 -28.347006 -29.731159 4.0387058 -28.347006 -29.716192 4.0387058 -28.347006 -29.701225 4.072382 -28.335781 -29.061398 4.4241009 -28.208563 -27.542274 4.4241009 -28.208563 -27.542274 4.730917 -27.987804 -26.775229 4.730917 -27.987804 -26.775229 4.730917 -27.987804 -26.775229 4.730917 -27.987804 -26.775229 4.6448574 -28.118763 -26.764004 4.6448574 -28.118763 -26.764004 5.1050854 -28.040188 -26.06805 5.1050854 -28.040188 -26.06805 5.9544468 -27.759562 -25.271072 5.6513729 -27.935419 -25.44319 5.6513729 -27.935419 -25.44319 6.2762318 -27.80072 -24.896904 6.2762318 -27.80072 -24.896904 6.9684429 -27.636086 -24.44416 6.9684429 -27.636086 -24.44416 7.5259571 -27.381651 -24.264559 7.7018147 -27.441517 -24.096184 7.7018147 -27.441517 -24.096184 8.4651165 -27.213276 -23.852974 8.4651165 -27.213276 -23.852974 9.5127888 -26.865299 -11.501675 9.5127888 -26.865299 -11.501675 5.1088276 -25.667959 -10.798241 5.1088276 -25.667959 -10.798241 5.1088276 -25.667959 -10.798241 5.4942226 -25.836336 -10.798241 5.4942226 -25.836336 -10.798241 5.4942226 -25.836336 -10.798241 4.824461 -25.357399 -10.798241 4.824461 -25.357399 -10.798241 5.91329 -25.832594 -10.798241 5.91329 -25.832594 -10.798241 5.91329 -25.832594 -8.9984894 5.91329 -25.832594 -8.9984894 5.4942226 -25.836336 -8.9984894 5.4942226 -25.836336 -8.9984894 5.4942226 -25.836336 -8.9984894 5.1088276 -25.667959 -8.9984894 5.1088276 -25.667959 -8.9984894 5.1088276 -25.667959 -8.9984894 4.824461 -25.357399 -8.9984894 4.824461 -25.357399 -8.9984894 0.57390785 -17.990025 -8.9984894 0.57390785 -17.990025 -8.9984894 0.57390785 -17.990025 -8.9984894 15.323626 -17.324005 -4.9986305 15.323626 -17.324005 -4.9986305 15.323626 -17.324005 -4.9986305 15.593027 -16.324976 -4.9986305 15.593027 -16.324976 -4.9986305 15.593027 -16.324976 -4.9986305 15.593027 -16.324976 0.00025939941 15.593027 -16.324976 0.00025939941 15.593027 -16.324976 0.00025939941 8.0984325 -5.8258114 -16.7999 8.0984325 -5.8258114 -16.7999 7.9412823 -5.2495918 -16.7999 7.9412823 -5.2495918 -16.7999 7.4436398 -5.2495918 -16.500566 7.4436398 -5.2495918 -16.500566 7.4436398 -5.2495918 -16.500566 7.6643963 -4.4264221 -16.500566 7.6643963 -4.4264221 -16.500566 7.6643963 -4.4264221 -16.500566 8.0984325 -4.6733723 -16.7999 8.0984325 -4.6733723 -16.7999 8.2668095 -3.8202686 -16.500566 8.2668095 -3.8202686 -16.500566 8.2668095 -3.8202686 -16.500566 8.5174999 -4.2543049 -16.7999 8.5174999 -4.2543049 -16.7999 9.0937214 -3.5995102 -16.500566 9.0937214 -3.5995102 -16.500566 9.0937214 -3.5995102 -16.500566 9.0937214 -4.1008949 -16.7999 9.0937214 -4.1008949 -16.7999 9.669939 -4.2543049 -16.7999 9.669939 -4.2543049 -16.7999 10.242418 -5.2495918 -16.7999 10.242418 -5.2495918 -16.7999 10.08901 -4.6733723 -16.7999 10.08901 -4.6733723 -16.7999 10.08901 -5.8258114 -16.7999 10.08901 -5.8258114 -16.7999 9.0937214 -6.4020309 -16.7999 9.0937214 -6.4020309 -16.7999 9.669939 -6.2448807 -16.7999 9.669939 -6.2448807 -16.7999 9.669939 -6.2448807 -16.7999 8.5174999 -6.2448807 -16.7999 8.5174999 -6.2448807 -16.7999 7.6643963 -6.0765038 -16.500566 7.6643963 -6.0765038 -16.500566 7.6643963 -6.0765038 -16.500566 7.4436398 -5.2495918 -8.5008469 7.4436398 -5.2495918 -8.5008469 7.4436398 -5.2495918 -8.5008469 7.1443043 -4.1233444 -8.5008469 7.1443043 -4.1233444 -8.5008469 7.1443043 -4.1233444 -8.5008469 7.6643963 -4.4264221 -8.5008469 7.6643963 -4.4264221 -8.5008469 7.6643963 -4.4264221 -8.5008469 8.2668095 -3.8202686 -8.5008469 8.2668095 -3.8202686 -8.5008469 8.2668095 -3.8202686 -8.5008469 9.0937214 -3.5995102 -8.5008469 9.0937214 -3.5995102 -8.5008469 9.0937214 -3.5995102 -8.5008469 9.9168911 -3.8202686 -8.5008469 9.9168911 -3.8202686 -8.5008469 9.9168911 -3.8202686 -8.5008469 9.9168911 -3.8202686 -16.500566 9.9168911 -3.8202686 -16.500566 9.9168911 -3.8202686 -16.500566 10.523043 -4.4264221 -16.500566 10.523043 -4.4264221 -16.500566 10.523043 -4.4264221 -16.500566 10.743803 -5.2495918 -16.500566 10.743803 -5.2495918 -16.500566 10.743803 -5.2495918 -16.500566 10.523043 -6.0765038 -16.500566 10.523043 -6.0765038 -16.500566 10.523043 -6.0765038 -16.500566 9.9168911 -6.678915 -16.500566 9.9168911 -6.678915 -16.500566 9.9168911 -6.678915 -16.500566 9.0937214 -6.8996735 -16.500566 9.0937214 -6.8996735 -16.500566 9.0937214 -6.8996735 -16.500566 9.0937214 -6.8996735 -16.500566 8.2668095 -6.678915 -16.500566 8.2668095 -6.678915 -16.500566 8.2668095 -6.678915 -16.500566 7.6643963 -6.0765038 -8.5008469 7.6643963 -6.0765038 -8.5008469 7.6643963 -6.0765038 -8.5008469 6.8449688 -5.2495918 -8.5008469 6.8449688 -5.2495918 -8.5008469 6.8449688 -5.2495918 -8.5008469 7.1443043 -4.1233444 -6.0986862 7.1443043 -4.1233444 -6.0986862 7.1443043 -4.1233444 -6.0986862 7.7242641 -1.3844318 -3.4982147 7.7242641 -1.3844318 -3.4982147 6.2313328 -2.3123703 -3.4982147 6.2313328 -2.3123703 -3.4982147 6.2313328 -2.3123703 -3.4982147 6.2313328 -2.3123703 -6.0986862 6.2313328 -2.3123703 -6.0986862 6.2313328 -2.3123703 -6.0986862 5.5428638 -3.1991501 -6.0986862 5.5428638 -3.1991501 -6.0986862 5.5428638 -3.1991501 -3.4982147 5.5428638 -3.1991501 -3.4982147 7.0432796 1.6987152 -3.4982147 7.0432796 1.6987152 -3.4982147 7.0432796 1.6987152 -3.4982147 -0.99760056 -9.9229546 -16.7999 -0.99760056 -9.9229546 -16.7999 -1.4278927 -9.6760044 -16.500566 -1.4278927 -9.6760044 -16.500566 -1.4278927 -9.6760044 -16.500566 -1.1510086 -10.499174 -16.7999 -1.1510086 -10.499174 -16.7999 -0.99760056 -11.075394 -16.7999 -0.99760056 -11.075394 -16.7999 -1.648653 -10.499174 -16.500566 -1.648653 -10.499174 -16.500566 -1.648653 -10.499174 -16.500566 -1.4278927 -9.6760044 -8.5008469 -1.4278927 -9.6760044 -8.5008469 -1.4278927 -9.6760044 -8.5008469 -1.1248169 -8.549757 -8.5008469 -1.1248169 -8.549757 -8.5008469 -1.1248169 -8.549757 -8.5008469 -0.82548332 -9.0698509 -8.5008469 -0.82548332 -9.0698509 -8.5008469 -0.82548332 -9.0698509 -8.5008469 -0.82548332 -9.0698509 -16.500566 -0.82548332 -9.0698509 -16.500566 -0.82548332 -9.0698509 -16.500566 -0.57478905 -9.5038853 -16.7999 -0.57478905 -9.5038853 -16.7999 1.1501274 -10.499174 -16.7999 1.1501274 -10.499174 -16.7999 0.99671745 -9.9229546 -16.7999 0.99671745 -9.9229546 -16.7999 0.99671745 -11.075394 -16.7999 0.99671745 -11.075394 -16.7999 0.57390785 -9.5038853 -16.7999 0.57390785 -9.5038853 -16.7999 0.0014305115 -9.3504772 -16.7999 0.0014305115 -9.3504772 -16.7999 0.57390785 -11.498203 -16.7999 0.57390785 -11.498203 -16.7999 0.57390785 -11.498203 -16.7999 0.0014305115 -11.651613 -16.7999 0.0014305115 -11.651613 -16.7999 -0.57478905 -11.498203 -16.7999 -0.57478905 -11.498203 -16.7999 -0.57478905 -11.498203 -16.7999 -0.82548332 -11.928497 -16.500566 -0.82548332 -11.928497 -16.500566 -0.82548332 -11.928497 -16.500566 -1.4278927 -11.326086 -16.500566 -1.4278927 -11.326086 -16.500566 -1.4278927 -11.326086 -16.500566 -1.4278927 -11.326086 -16.500566 -1.648653 -10.499174 -8.5008469 -1.648653 -10.499174 -8.5008469 -1.648653 -10.499174 -8.5008469 -1.9479885 -9.3766689 -8.5008469 -1.9479885 -9.3766689 -8.5008469 -1.9479885 -9.3766689 -8.5008469 -1.1248169 -8.549757 -6.0986862 -1.1248169 -8.549757 -6.0986862 -1.1248169 -8.549757 -6.0986862 9.0937214 3.5994911 -16.500566 9.0937214 3.5994911 -16.500566 9.0937214 3.5994911 -16.500566 9.669939 4.2542839 -16.7999 9.669939 4.2542839 -16.7999 9.0937214 4.1008759 -16.7999 9.0937214 4.1008759 -16.7999 8.0984325 4.6733551 -16.7999 8.0984325 4.6733551 -16.7999 8.5174999 4.2542839 -16.7999 8.5174999 4.2542839 -16.7999 7.9412823 5.2495728 -16.7999 7.9412823 5.2495728 -16.7999 9.0937214 6.4020119 -16.7999 9.0937214 6.4020119 -16.7999 8.5174999 6.2448616 -16.7999 8.5174999 6.2448616 -16.7999 9.669939 6.2448616 -16.7999 9.669939 6.2448616 -16.7999 8.0984325 5.8257904 -16.7999 8.0984325 5.8257904 -16.7999 10.08901 5.8257904 -16.7999 10.08901 5.8257904 -16.7999 10.242418 5.2495728 -16.7999 10.242418 5.2495728 -16.7999 10.08901 4.6733551 -16.7999 10.08901 4.6733551 -16.7999 9.9168911 3.8202477 -16.500566 9.9168911 3.8202477 -16.500566 9.9168911 3.8202477 -16.500566 9.0937214 3.5994911 -8.5008469 9.0937214 3.5994911 -8.5008469 9.0937214 3.5994911 -8.5008469 7.967474 3.3001556 -8.5008469 7.967474 3.3001556 -8.5008469 7.967474 3.3001556 -8.5008469 8.2668095 3.8202477 -8.5008469 8.2668095 3.8202477 -8.5008469 8.2668095 3.8202477 -8.5008469 8.2668095 3.8202477 -16.500566 8.2668095 3.8202477 -16.500566 8.2668095 3.8202477 -16.500566 7.6643963 4.426403 -16.500566 7.6643963 4.426403 -16.500566 7.6643963 4.426403 -16.500566 7.4436398 5.2495728 -16.500566 7.4436398 5.2495728 -16.500566 7.4436398 5.2495728 -16.500566 7.6643963 6.0764847 -16.500566 7.6643963 6.0764847 -16.500566 7.6643963 6.0764847 -16.500566 8.2668095 6.678894 -16.500566 8.2668095 6.678894 -16.500566 8.2668095 6.678894 -16.500566 9.0937214 6.8996544 -16.500566 9.0937214 6.8996544 -16.500566 9.0937214 6.8996544 -16.500566 9.9168911 6.678894 -16.500566 9.9168911 6.678894 -16.500566 9.9168911 6.678894 -16.500566 10.523043 6.0764847 -16.500566 10.523043 6.0764847 -16.500566 10.523043 6.0764847 -16.500566 10.743803 5.2495728 -16.500566 10.743803 5.2495728 -16.500566 10.743803 5.2495728 -16.500566 10.523043 4.426403 -16.500566 10.523043 4.426403 -16.500566 10.523043 4.426403 -16.500566 9.9168911 3.8202477 -8.5008469 9.9168911 3.8202477 -8.5008469 9.9168911 3.8202477 -8.5008469 9.0937214 3.0008202 -8.5008469 9.0937214 3.0008202 -8.5008469 9.0937214 3.0008202 -8.5008469 7.967474 3.3001556 -6.0986862 7.967474 3.3001556 -6.0986862 7.967474 3.3001556 -6.0986862 1.1501274 10.499153 -16.7999 1.1501274 10.499153 -16.7999 0.99671745 9.9229355 -16.7999 0.99671745 9.9229355 -16.7999 1.4307537 9.6759834 -16.500566 1.4307537 9.6759834 -16.500566 1.4307537 9.6759834 -16.500566 0.82460022 9.0698318 -8.5008469 0.82460022 9.0698318 -8.5008469 0.82460022 9.0698318 -8.5008469 0.82460022 9.0698318 -16.500566 0.82460022 9.0698318 -16.500566 0.82460022 9.0698318 -16.500566 0.57390785 9.5038681 -16.7999 0.57390785 9.5038681 -16.7999 -0.99760056 9.9229355 -16.7999 -0.99760056 9.9229355 -16.7999 -0.57478905 9.5038681 -16.7999 -0.57478905 9.5038681 -16.7999 -1.1510086 10.499153 -16.7999 -1.1510086 10.499153 -16.7999 0.0014305115 11.651592 -16.7999 0.0014305115 11.651592 -16.7999 -0.57478905 11.498184 -16.7999 -0.57478905 11.498184 -16.7999 0.57390785 11.498184 -16.7999 0.57390785 11.498184 -16.7999 -0.99760056 11.075375 -16.7999 -0.99760056 11.075375 -16.7999 0.0014305115 9.3504562 -16.7999 0.0014305115 9.3504562 -16.7999 0.99671745 11.075375 -16.7999 0.99671745 11.075375 -16.7999 1.6515121 10.499153 -16.500566 1.6515121 10.499153 -16.500566 1.6515121 10.499153 -16.500566 1.4307537 9.6759834 -8.5008469 1.4307537 9.6759834 -8.5008469 1.4307537 9.6759834 -8.5008469 1.1239338 8.549736 -8.5008469 1.1239338 8.549736 -8.5008469 1.1239338 8.549736 -8.5008469 0.0014305115 8.2504044 -6.0986862 0.0014305115 8.2504044 -6.0986862 0.0014305115 8.2504044 -6.0986862 0.0014305115 8.2504044 -8.5008469 0.0014305115 8.2504044 -8.5008469 0.0014305115 8.2504044 -8.5008469 0.0014305115 8.8490715 -8.5008469 0.0014305115 8.8490715 -8.5008469 0.0014305115 8.8490715 -8.5008469 0.0014305115 8.8490715 -16.500566 0.0014305115 8.8490715 -16.500566 0.0014305115 8.8490715 -16.500566 -0.82548332 9.0698318 -16.500566 -0.82548332 9.0698318 -16.500566 -0.82548332 9.0698318 -16.500566 -1.4278927 9.6759834 -16.500566 -1.4278927 9.6759834 -16.500566 -1.4278927 9.6759834 -16.500566 -1.648653 10.499153 -16.500566 -1.648653 10.499153 -16.500566 -1.648653 10.499153 -16.500566 -1.4278927 11.326065 -16.500566 -1.4278927 11.326065 -16.500566 -1.4278927 11.326065 -16.500566 -0.82548332 11.928478 -16.500566 -0.82548332 11.928478 -16.500566 -0.82548332 11.928478 -16.500566 0.0014305115 12.149239 -16.500566 0.0014305115 12.149239 -16.500566 0.0014305115 12.149239 -16.500566 0.82460022 11.928478 -16.500566 0.82460022 11.928478 -16.500566 0.82460022 11.928478 -16.500566 1.4307537 11.326065 -16.500566 1.4307537 11.326065 -16.500566 1.4307537 11.326065 -16.500566 1.6515121 10.499153 -8.5008469 1.6515121 10.499153 -8.5008469 1.6515121 10.499153 -8.5008469 1.9471054 9.3766479 -8.5008469 1.9471054 9.3766479 -8.5008469 1.9471054 9.3766479 -8.5008469 1.1239338 8.549736 -6.0986862 1.1239338 8.549736 -6.0986862 1.1239338 8.549736 -6.0986862 -0.3764801 6.4169769 -6.0986862 -0.3764801 6.4169769 -6.0986862 -0.3764801 6.4169769 -6.0986862 1.3671436 6.6339951 -6.0986862 1.3671436 6.6339951 -6.0986862 1.3671436 6.6339951 -6.0986862 -0.3764801 6.4169769 -3.4982147 -0.3764801 6.4169769 -3.4982147 -0.3764801 6.4169769 -3.4982147 5.7449131 2.8848286 -6.0986862 5.7449131 2.8848286 -6.0986862 5.7449131 2.8848286 -6.0986862 5.0601864 4.501236 -3.4982147 5.0601864 4.501236 -3.4982147 5.0601864 4.501236 -3.4982147 5.7449131 2.8848286 -3.4982147 5.7449131 2.8848286 -3.4982147 5.7449131 2.8848286 -3.4982147 1.3671436 6.6339951 -3.4982147 1.3671436 6.6339951 -3.4982147 1.3671436 6.6339951 -3.4982147 2.860075 7.5619316 -3.4982147 2.860075 7.5619316 -3.4982147 2.860075 7.5619316 -6.0986862 2.860075 7.5619316 -6.0986862 -1.3680267 -6.6340141 -3.4982147 -1.3680267 -6.6340141 -3.4982147 -1.3680267 -6.6340141 -3.4982147 -5.7457962 -2.8848476 -3.4982147 -5.7457962 -2.8848476 -3.4982147 -5.7457962 -2.8848476 -3.4982147 -1.3680267 -6.6340141 -6.0986862 -1.3680267 -6.6340141 -6.0986862 -1.3680267 -6.6340141 -6.0986862 -2.8609581 -7.5619526 -6.0986862 -2.8609581 -7.5619526 -6.0986862 -2.8609581 -7.5619526 -3.4982147 -2.8609581 -7.5619526 -3.4982147 -5.0610676 -4.501255 -3.4982147 -5.0610676 -4.501255 -3.4982147 -5.0610676 -4.501255 -3.4982147 -5.7457962 -2.8848476 -6.0986862 -5.7457962 -2.8848476 -6.0986862 -5.7457962 -2.8848476 -6.0986862 -10.089891 -5.8258114 -16.7999 -10.089891 -5.8258114 -16.7999 -9.6670818 -6.2448807 -16.7999 -9.6670818 -6.2448807 -16.7999 -10.243299 -5.2495918 -16.7999 -10.243299 -5.2495918 -16.7999 -9.0946026 -6.4020309 -16.7999 -9.0946026 -6.4020309 -16.7999 -10.089891 -4.6733723 -16.7999 -10.089891 -4.6733723 -16.7999 -9.6670818 -4.2543049 -16.7999 -9.6670818 -4.2543049 -16.7999 -9.9177742 -3.8202686 -16.500566 -9.9177742 -3.8202686 -16.500566 -9.9177742 -3.8202686 -16.500566 -9.0946026 -3.5995102 -8.5008469 -9.0946026 -3.5995102 -8.5008469 -9.0946026 -3.5995102 -8.5008469 -9.0946026 -3.5995102 -16.500566 -9.0946026 -3.5995102 -16.500566 -9.0946026 -3.5995102 -16.500566 -9.0946026 -4.1008949 -16.7999 -9.0946026 -4.1008949 -16.7999 -8.5183849 -4.2543049 -16.7999 -8.5183849 -4.2543049 -16.7999 -8.0955734 -4.6733723 -16.7999 -8.0955734 -4.6733723 -16.7999 -8.0955734 -5.8258114 -16.7999 -8.0955734 -5.8258114 -16.7999 -7.9421654 -5.2495918 -16.7999 -7.9421654 -5.2495918 -16.7999 -8.5183849 -6.2448807 -16.7999 -8.5183849 -6.2448807 -16.7999 -9.0946026 -6.8996735 -16.500566 -9.0946026 -6.8996735 -16.500566 -9.0946026 -6.8996735 -16.500566 -9.9177742 -6.678915 -16.500566 -9.9177742 -6.678915 -16.500566 -9.9177742 -6.678915 -16.500566 -10.523926 -6.0765038 -16.500566 -10.523926 -6.0765038 -16.500566 -10.523926 -6.0765038 -16.500566 -10.744686 -5.2495918 -16.500566 -10.744686 -5.2495918 -16.500566 -10.744686 -5.2495918 -16.500566 -10.523926 -4.4264221 -16.500566 -10.523926 -4.4264221 -16.500566 -10.523926 -4.4264221 -16.500566 -9.9177742 -3.8202686 -8.5008469 -9.9177742 -3.8202686 -8.5008469 -9.9177742 -3.8202686 -8.5008469 -9.0946026 -3.0008392 -8.5008469 -9.0946026 -3.0008392 -8.5008469 -9.0946026 -3.0008392 -8.5008469 -7.9683571 -3.3001747 -6.0986862 -7.9683571 -3.3001747 -6.0986862 -7.9683571 -3.3001747 -6.0986862 -7.9683571 -3.3001747 -8.5008469 -7.9683571 -3.3001747 -8.5008469 -7.9683571 -3.3001747 -8.5008469 -8.2676907 -3.8202686 -8.5008469 -8.2676907 -3.8202686 -8.5008469 -8.2676907 -3.8202686 -8.5008469 -8.2676907 -3.8202686 -16.500566 -8.2676907 -3.8202686 -16.500566 -8.2676907 -3.8202686 -16.500566 -7.6652794 -4.4264221 -16.500566 -7.6652794 -4.4264221 -16.500566 -7.6652794 -4.4264221 -16.500566 -7.444521 -5.2495918 -16.500566 -7.444521 -5.2495918 -16.500566 -7.444521 -5.2495918 -16.500566 -7.6652794 -6.0765038 -16.500566 -7.6652794 -6.0765038 -16.500566 -7.6652794 -6.0765038 -16.500566 -8.2676907 -6.678915 -16.500566 -8.2676907 -6.678915 -16.500566 -8.2676907 -6.678915 -16.500566 -9.0946026 -6.8996735 -8.5008469 -9.0946026 -6.8996735 -8.5008469 -9.0946026 -6.8996735 -8.5008469 -9.9177742 -6.678915 -8.5008469 -9.9177742 -6.678915 -8.5008469 -9.9177742 -6.678915 -8.5008469 -10.523926 -6.0765038 -8.5008469 -10.523926 -6.0765038 -8.5008469 -10.523926 -6.0765038 -8.5008469 -10.744686 -5.2495918 -8.5008469 -10.744686 -5.2495918 -8.5008469 -10.744686 -5.2495918 -8.5008469 -10.523926 -4.4264221 -8.5008469 -10.523926 -4.4264221 -8.5008469 -10.523926 -4.4264221 -8.5008469 -10.217108 -3.3001747 -8.5008469 -10.217108 -3.3001747 -8.5008469 -10.217108 -3.3001747 -8.5008469 -9.0946026 -3.0008392 -6.0986862 -9.0946026 -3.0008392 -6.0986862 -9.0946026 -3.0008392 -6.0986862 -7.0441608 -1.6987343 -6.0986862 -7.0441608 -1.6987343 -6.0986862 -7.0441608 -1.6987343 -6.0986862 -7.0441608 -1.6987343 -3.4982147 -7.0441608 -1.6987343 -3.4982147 -7.0441608 -1.6987343 -3.4982147 -5.543745 3.1991291 -6.0986862 -5.543745 3.1991291 -6.0986862 -6.2322159 2.3123512 -3.4982147 -6.2322159 2.3123512 -3.4982147 -5.543745 3.1991291 -3.4982147 -5.543745 3.1991291 -3.4982147 -7.7251472 1.3844128 -3.4982147 -7.7251472 1.3844128 -3.4982147 -6.2322159 2.3123512 -6.0986862 -6.2322159 2.3123512 -6.0986862 -7.1451855 4.1233253 -6.0986862 -7.1451855 4.1233253 -6.0986862 -7.1451855 4.1233253 -6.0986862 -9.0946026 4.1008759 -16.7999 -9.0946026 4.1008759 -16.7999 -8.5183849 4.2542839 -16.7999 -8.5183849 4.2542839 -16.7999 -9.6670818 4.2542839 -16.7999 -9.6670818 4.2542839 -16.7999 -10.243299 5.2495728 -16.7999 -10.243299 5.2495728 -16.7999 -10.089891 4.6733551 -16.7999 -10.089891 4.6733551 -16.7999 -10.089891 5.8257904 -16.7999 -10.089891 5.8257904 -16.7999 -8.0955734 4.6733551 -16.7999 -8.0955734 4.6733551 -16.7999 -9.6670818 6.2448616 -16.7999 -9.6670818 6.2448616 -16.7999 -9.0946026 6.4020119 -16.7999 -9.0946026 6.4020119 -16.7999 -7.9421654 5.2495728 -16.7999 -7.9421654 5.2495728 -16.7999 -8.5183849 6.2448616 -16.7999 -8.5183849 6.2448616 -16.7999 -8.0955734 5.8257904 -16.7999 -8.0955734 5.8257904 -16.7999 -7.6652794 6.0764847 -16.500566 -7.6652794 6.0764847 -16.500566 -7.6652794 6.0764847 -16.500566 -7.444521 5.2495728 -8.5008469 -7.444521 5.2495728 -8.5008469 -7.444521 5.2495728 -8.5008469 -7.444521 5.2495728 -16.500566 -7.444521 5.2495728 -16.500566 -7.444521 5.2495728 -16.500566 -7.6652794 4.426403 -16.500566 -7.6652794 4.426403 -16.500566 -7.6652794 4.426403 -16.500566 -8.2676907 3.8202477 -16.500566 -8.2676907 3.8202477 -16.500566 -8.2676907 3.8202477 -16.500566 -9.0946026 3.5994911 -16.500566 -9.0946026 3.5994911 -16.500566 -9.0946026 3.5994911 -16.500566 -9.9177742 3.8202477 -16.500566 -9.9177742 3.8202477 -16.500566 -9.9177742 3.8202477 -16.500566 -10.523926 4.426403 -16.500566 -10.523926 4.426403 -16.500566 -10.523926 4.426403 -16.500566 -10.744686 5.2495728 -16.500566 -10.744686 5.2495728 -16.500566 -10.744686 5.2495728 -16.500566 -10.523926 6.0764847 -16.500566 -10.523926 6.0764847 -16.500566 -10.523926 6.0764847 -16.500566 -9.9177742 6.678894 -16.500566 -9.9177742 6.678894 -16.500566 -9.9177742 6.678894 -16.500566 -9.0946026 6.8996544 -16.500566 -9.0946026 6.8996544 -16.500566 -9.0946026 6.8996544 -16.500566 -8.2676907 6.678894 -16.500566 -8.2676907 6.678894 -16.500566 -8.2676907 6.678894 -16.500566 -7.6652794 6.0764847 -8.5008469 -7.6652794 6.0764847 -8.5008469 -7.6652794 6.0764847 -8.5008469 -6.8421097 5.2495728 -8.5008469 -6.8421097 5.2495728 -8.5008469 -6.8421097 5.2495728 -8.5008469 -7.1451855 4.1233253 -8.5008469 -7.1451855 4.1233253 -8.5008469 -7.1451855 4.1233253 -8.5008469 -7.6652794 4.426403 -8.5008469 -7.6652794 4.426403 -8.5008469 -7.6652794 4.426403 -8.5008469 -8.2676907 3.8202477 -8.5008469 -8.2676907 3.8202477 -8.5008469 -8.2676907 3.8202477 -8.5008469 -9.0946026 3.5994911 -8.5008469 -9.0946026 3.5994911 -8.5008469 -9.0946026 3.5994911 -8.5008469 -9.9177742 3.8202477 -8.5008469 -9.9177742 3.8202477 -8.5008469 -9.9177742 3.8202477 -8.5008469 -10.523926 4.426403 -8.5008469 -10.523926 4.426403 -8.5008469 -10.523926 4.426403 -8.5008469 -10.744686 5.2495728 -8.5008469 -10.744686 5.2495728 -8.5008469 -10.744686 5.2495728 -8.5008469 -10.523926 6.0764847 -8.5008469 -10.523926 6.0764847 -8.5008469 -10.523926 6.0764847 -8.5008469 -9.9177742 6.678894 -8.5008469 -9.9177742 6.678894 -8.5008469 -9.9177742 6.678894 -8.5008469 -9.0946026 6.8996544 -8.5008469 -9.0946026 6.8996544 -8.5008469 -9.0946026 6.8996544 -8.5008469 -8.2676907 6.678894 -8.5008469 -8.2676907 6.678894 -8.5008469 -8.2676907 6.678894 -8.5008469 -7.1451855 6.3758202 -8.5008469 -7.1451855 6.3758202 -8.5008469 -7.1451855 6.3758202 -8.5008469 -6.8421097 5.2495728 -6.0986862 -6.8421097 5.2495728 -6.0986862 -6.8421097 5.2495728 -6.0986862 -5.1209354 4.2393188 -6.0986862 -5.1209354 4.2393188 -6.0986862 -5.1209354 4.2393188 -3.4982147 -5.1209354 4.2393188 -3.4982147 -2.0490131 6.9482956 -3.4982147 -2.0490131 6.9482956 -3.4982147 -2.0490131 6.9482956 -3.4982147 -3.3473778 8.1344109 -3.4982147 -3.3473778 8.1344109 -3.4982147 -2.0490131 6.9482956 -6.0986862 -2.0490131 6.9482956 -6.0986862 -2.0490131 6.9482956 -6.0986862 -1.1248169 8.549736 -6.0986862 -1.1248169 8.549736 -6.0986862 -1.1248169 8.549736 -6.0986862 -1.1248169 8.549736 -8.5008469 -1.1248169 8.549736 -8.5008469 -1.1248169 8.549736 -8.5008469 -0.82548332 9.0698318 -8.5008469 -0.82548332 9.0698318 -8.5008469 -0.82548332 9.0698318 -8.5008469 -1.4278927 9.6759834 -8.5008469 -1.4278927 9.6759834 -8.5008469 -1.4278927 9.6759834 -8.5008469 -1.648653 10.499153 -8.5008469 -1.648653 10.499153 -8.5008469 -1.648653 10.499153 -8.5008469 -1.4278927 11.326065 -8.5008469 -1.4278927 11.326065 -8.5008469 -1.4278927 11.326065 -8.5008469 -0.82548332 11.928478 -8.5008469 -0.82548332 11.928478 -8.5008469 -0.82548332 11.928478 -8.5008469 0.0014305115 12.149239 -8.5008469 0.0014305115 12.149239 -8.5008469 0.0014305115 12.149239 -8.5008469 0.82460022 11.928478 -8.5008469 0.82460022 11.928478 -8.5008469 0.82460022 11.928478 -8.5008469 1.4307537 11.326065 -8.5008469 1.4307537 11.326065 -8.5008469 1.4307537 11.326065 -8.5008469 2.2501812 10.499153 -8.5008469 2.2501812 10.499153 -8.5008469 2.2501812 10.499153 -8.5008469 1.9471054 9.3766479 -6.0986862 1.9471054 9.3766479 -6.0986862 1.9471054 9.3766479 -6.0986862 3.5522861 8.4487114 -6.0986862 3.5522861 8.4487114 -6.0986862 3.5073872 8.3776207 -0.91645432 3.5073872 8.3776207 -0.91645432 3.4624882 8.3065262 -0.99877167 3.4624882 8.3065262 -0.99877167 3.4624882 8.3065262 -0.99877167 5.4605465 7.1540909 -0.99877167 5.4605465 7.1540909 -0.99877167 5.4605465 7.1540909 -0.99877167 3.4624882 8.3065262 -3.4982147 3.4624882 8.3065262 -3.4982147 3.4624882 8.3065262 -3.4982147 5.1200542 6.2598267 -3.4982147 5.1200542 6.2598267 -3.4982147 5.1200542 6.2598267 -3.4982147 5.0601864 4.501236 -6.0986862 5.0601864 4.501236 -6.0986862 5.0601864 4.501236 -6.0986862 7.1443043 4.1233253 -6.0986862 7.1443043 4.1233253 -6.0986862 7.1443043 4.1233253 -6.0986862 7.1443043 4.1233253 -8.5008469 7.1443043 4.1233253 -8.5008469 7.1443043 4.1233253 -8.5008469 7.6643963 4.426403 -8.5008469 7.6643963 4.426403 -8.5008469 7.6643963 4.426403 -8.5008469 7.4436398 5.2495728 -8.5008469 7.4436398 5.2495728 -8.5008469 7.4436398 5.2495728 -8.5008469 7.6643963 6.0764847 -8.5008469 7.6643963 6.0764847 -8.5008469 7.6643963 6.0764847 -8.5008469 8.2668095 6.678894 -8.5008469 8.2668095 6.678894 -8.5008469 8.2668095 6.678894 -8.5008469 9.0937214 6.8996544 -8.5008469 9.0937214 6.8996544 -8.5008469 9.0937214 6.8996544 -8.5008469 9.9168911 6.678894 -8.5008469 9.9168911 6.678894 -8.5008469 9.9168911 6.678894 -8.5008469 10.523043 6.0764847 -8.5008469 10.523043 6.0764847 -8.5008469 10.523043 6.0764847 -8.5008469 10.743803 5.2495728 -8.5008469 10.743803 5.2495728 -8.5008469 10.743803 5.2495728 -8.5008469 10.523043 4.426403 -8.5008469 10.523043 4.426403 -8.5008469 10.523043 4.426403 -8.5008469 10.219969 3.3001556 -8.5008469 10.219969 3.3001556 -8.5008469 10.219969 3.3001556 -8.5008469 9.0937214 3.0008202 -6.0986862 9.0937214 3.0008202 -6.0986862 9.0937214 3.0008202 -6.0986862 7.0432796 1.6987152 -6.0986862 7.0432796 1.6987152 -6.0986862 7.0432796 1.6987152 -6.0986862 0.37559891 -6.4169979 -3.4982147 0.37559891 -6.4169979 -3.4982147 0.37559891 -6.4169979 -3.4982147 0.37559891 -6.4169979 -6.0986862 0.37559891 -6.4169979 -6.0986862 0.37559891 -6.4169979 -6.0986862 0.0014305115 -8.2504215 -6.0986862 0.0014305115 -8.2504215 -6.0986862 0.0014305115 -8.2504215 -6.0986862 0.0014305115 -8.2504215 -8.5008469 0.0014305115 -8.2504215 -8.5008469 0.0014305115 -8.2504215 -8.5008469 0.0014305115 -8.8490925 -8.5008469 0.0014305115 -8.8490925 -8.5008469 0.0014305115 -8.8490925 -8.5008469 0.0014305115 -8.8490925 -16.500566 0.0014305115 -8.8490925 -16.500566 0.0014305115 -8.8490925 -16.500566 0.82460022 -9.0698509 -16.500566 0.82460022 -9.0698509 -16.500566 0.82460022 -9.0698509 -16.500566 1.4307537 -9.6760044 -16.500566 1.4307537 -9.6760044 -16.500566 1.4307537 -9.6760044 -16.500566 1.6515121 -10.499174 -16.500566 1.6515121 -10.499174 -16.500566 1.6515121 -10.499174 -16.500566 1.4307537 -11.326086 -16.500566 1.4307537 -11.326086 -16.500566 1.4307537 -11.326086 -16.500566 0.82460022 -11.928497 -16.500566 0.82460022 -11.928497 -16.500566 0.82460022 -11.928497 -16.500566 0.0014305115 -12.149256 -16.500566 0.0014305115 -12.149256 -16.500566 0.0014305115 -12.149256 -16.500566 0.0014305115 -12.149256 -16.500566 -0.82548332 -11.928497 -8.5008469 -0.82548332 -11.928497 -8.5008469 -0.82548332 -11.928497 -8.5008469 -1.4278927 -11.326086 -8.5008469 -1.4278927 -11.326086 -8.5008469 -1.4278927 -11.326086 -8.5008469 -2.2510643 -10.499174 -8.5008469 -2.2510643 -10.499174 -8.5008469 -2.2510643 -10.499174 -8.5008469 -1.9479885 -9.3766689 -6.0986862 -1.9479885 -9.3766689 -6.0986862 -1.9479885 -9.3766689 -6.0986862 -3.5494289 -8.4487305 -6.0986862 -3.5494289 -8.4487305 -6.0986862 -3.5082703 -8.3776398 -0.91645432 -3.5082703 -8.3776398 -0.91645432 -3.4633694 -8.3065472 -0.99877167 -3.4633694 -8.3065472 -0.99877167 -3.4633694 -8.3065472 -0.99877167 -5.4614277 -7.154108 -0.99877167 -5.4614277 -7.154108 -0.99877167 -5.4614277 -7.154108 -0.99877167 -3.4633694 -8.3065472 -3.4982147 -3.4633694 -8.3065472 -3.4982147 -3.4633694 -8.3065472 -3.4982147 -5.1209354 -6.2598457 -3.4982147 -5.1209354 -6.2598457 -3.4982147 -5.0610676 -4.501255 -6.0986862 -5.0610676 -4.501255 -6.0986862 -5.0610676 -4.501255 -6.0986862 -7.1451855 -4.1233444 -6.0986862 -7.1451855 -4.1233444 -6.0986862 -7.1451855 -4.1233444 -6.0986862 -7.1451855 -4.1233444 -8.5008469 -7.1451855 -4.1233444 -8.5008469 -7.1451855 -4.1233444 -8.5008469 -7.6652794 -4.4264221 -8.5008469 -7.6652794 -4.4264221 -8.5008469 -7.6652794 -4.4264221 -8.5008469 -7.444521 -5.2495918 -8.5008469 -7.444521 -5.2495918 -8.5008469 -7.444521 -5.2495918 -8.5008469 -7.6652794 -6.0765038 -8.5008469 -7.6652794 -6.0765038 -8.5008469 -7.6652794 -6.0765038 -8.5008469 -8.2676907 -6.678915 -8.5008469 -8.2676907 -6.678915 -8.5008469 -8.2676907 -6.678915 -8.5008469 -9.0946026 -7.4983444 -8.5008469 -9.0946026 -7.4983444 -8.5008469 -9.0946026 -7.4983444 -8.5008469 -10.217108 -7.1990089 -8.5008469 -10.217108 -7.1990089 -8.5008469 -10.217108 -7.1990089 -8.5008469 -11.040279 -6.3758392 -8.5008469 -11.040279 -6.3758392 -8.5008469 -11.040279 -6.3758392 -8.5008469 -11.343355 -5.2495918 -8.5008469 -11.343355 -5.2495918 -8.5008469 -11.343355 -5.2495918 -8.5008469 -11.040279 -4.1233444 -8.5008469 -11.040279 -4.1233444 -8.5008469 -11.040279 -4.1233444 -8.5008469 -10.217108 -3.3001747 -6.0986862 -10.217108 -3.3001747 -6.0986862 -10.217108 -3.3001747 -6.0986862 -8.7166939 -1.1674156 -6.0986862 -8.7166939 -1.1674156 -6.0986862 -8.7166939 -1.1674156 -6.0986862 -8.7166939 -1.1674156 -3.4982147 -8.7166939 -1.1674156 -3.4982147 -8.7166939 -1.1674156 -3.4982147 -8.9262276 -1.1524487 -3.4982147 -8.9262276 -1.1524487 -3.4982147 -8.9262276 -1.1524487 -3.4982147 -8.9262276 -1.1524487 -0.99877167 -8.9262276 -1.1524487 -0.99877167 -8.9262276 -1.1524487 -0.99877167 -8.9262276 1.1524296 -0.99877167 -8.9262276 1.1524296 -0.99877167 -8.9262276 1.1524296 -0.99877167 -9.468771 1.1673965 -0.45996857 -9.468771 1.1673965 -0.45996857 -8.9262276 1.1524296 -3.4982147 -8.9262276 1.1524296 -3.4982147 -8.9262276 1.1524296 -3.4982147 -8.9262276 1.1524296 -3.4982147 -7.7251472 1.3844128 -6.0986862 -7.7251472 1.3844128 -6.0986862 -7.7251472 1.3844128 -6.0986862 -7.9683571 3.3001556 -6.0986862 -7.9683571 3.3001556 -6.0986862 -7.9683571 3.3001556 -6.0986862 -7.9683571 3.3001556 -8.5008469 -7.9683571 3.3001556 -8.5008469 -7.9683571 3.3001556 -8.5008469 -9.0946026 3.0008202 -8.5008469 -9.0946026 3.0008202 -8.5008469 -9.0946026 3.0008202 -8.5008469 -10.217108 3.3001556 -8.5008469 -10.217108 3.3001556 -8.5008469 -10.217108 3.3001556 -8.5008469 -11.040279 4.1233253 -8.5008469 -11.040279 4.1233253 -8.5008469 -11.040279 4.1233253 -8.5008469 -11.343355 5.2495728 -6.0986862 -11.343355 5.2495728 -6.0986862 -11.343355 5.2495728 -6.0986862 -11.343355 5.2495728 -8.5008469 -11.343355 5.2495728 -8.5008469 -11.343355 5.2495728 -8.5008469 -11.040279 6.3758202 -8.5008469 -11.040279 6.3758202 -8.5008469 -11.040279 6.3758202 -8.5008469 -10.217108 7.1989899 -8.5008469 -10.217108 7.1989899 -8.5008469 -10.217108 7.1989899 -8.5008469 -9.0946026 7.4983253 -8.5008469 -9.0946026 7.4983253 -8.5008469 -9.0946026 7.4983253 -8.5008469 -7.9683571 7.1989899 -8.5008469 -7.9683571 7.1989899 -8.5008469 -7.9683571 7.1989899 -8.5008469 -7.1451855 6.3758202 -6.0986862 -7.1451855 6.3758202 -6.0986862 -7.1451855 6.3758202 -6.0986862 -5.0610676 5.9979095 -6.0986862 -5.0610676 5.9979095 -6.0986862 -5.0610676 5.9979095 -6.0986862 -5.0610676 5.9979095 -3.4982147 -5.0610676 5.9979095 -3.4982147 -5.0610676 5.9979095 -3.4982147 -5.4614277 7.1540909 -3.4982147 -5.4614277 7.1540909 -3.4982147 -5.4614277 7.1540909 -3.4982147 -3.4633694 8.3065262 -3.4982147 -3.4633694 8.3065262 -3.4982147 -3.4633694 8.3065262 -3.4982147 -3.3473778 8.1344109 -6.0986862 -3.3473778 8.1344109 -6.0986862 -1.9479885 9.3766479 -6.0986862 -1.9479885 9.3766479 -6.0986862 -1.9479885 9.3766479 -6.0986862 -1.9479885 9.3766479 -8.5008469 -1.9479885 9.3766479 -8.5008469 -1.9479885 9.3766479 -8.5008469 -2.2510643 10.499153 -8.5008469 -2.2510643 10.499153 -8.5008469 -2.2510643 10.499153 -8.5008469 -1.9479885 11.625401 -8.5008469 -1.9479885 11.625401 -8.5008469 -1.9479885 11.625401 -8.5008469 -1.1248169 12.44857 -8.5008469 -1.1248169 12.44857 -8.5008469 -1.1248169 12.44857 -8.5008469 0.0014305115 12.751648 -8.5008469 0.0014305115 12.751648 -8.5008469 0.0014305115 12.751648 -8.5008469 1.1239338 12.44857 -8.5008469 1.1239338 12.44857 -8.5008469 1.1239338 12.44857 -8.5008469 1.9471054 11.625401 -8.5008469 1.9471054 11.625401 -8.5008469 1.9471054 11.625401 -8.5008469 2.2501812 10.499153 -6.0986862 2.2501812 10.499153 -6.0986862 2.2501812 10.499153 -6.0986862 3.9750996 9.4926414 -6.0986862 3.9750996 9.4926414 -6.0986862 3.5522861 8.4487114 -0.83413696 3.5522861 8.4487114 -0.83413696 5.5017033 7.2251816 -0.91645432 5.5017033 7.2251816 -0.91645432 5.4605465 7.1540909 -3.4982147 5.4605465 7.1540909 -3.4982147 5.4605465 7.1540909 -3.4982147 5.1200542 6.2598267 -6.0986862 5.1200542 6.2598267 -6.0986862 5.1200542 6.2598267 -6.0986862 6.8449688 5.2495728 -6.0986862 6.8449688 5.2495728 -6.0986862 6.8449688 5.2495728 -6.0986862 6.8449688 5.2495728 -8.5008469 6.8449688 5.2495728 -8.5008469 6.8449688 5.2495728 -8.5008469 7.1443043 6.3758202 -8.5008469 7.1443043 6.3758202 -8.5008469 7.1443043 6.3758202 -8.5008469 7.967474 7.1989899 -8.5008469 7.967474 7.1989899 -8.5008469 7.967474 7.1989899 -8.5008469 9.0937214 7.4983253 -8.5008469 9.0937214 7.4983253 -8.5008469 9.0937214 7.4983253 -8.5008469 10.219969 7.1989899 -8.5008469 10.219969 7.1989899 -8.5008469 10.219969 7.1989899 -8.5008469 11.043139 6.3758202 -8.5008469 11.043139 6.3758202 -8.5008469 11.043139 6.3758202 -8.5008469 11.342474 5.2495728 -8.5008469 11.342474 5.2495728 -8.5008469 11.342474 5.2495728 -8.5008469 11.043139 4.1233253 -8.5008469 11.043139 4.1233253 -8.5008469 11.043139 4.1233253 -8.5008469 10.219969 3.3001556 -6.0986862 10.219969 3.3001556 -6.0986862 10.219969 3.3001556 -6.0986862 8.719553 1.1673965 -6.0986862 8.719553 1.1673965 -6.0986862 8.719553 1.1673965 -6.0986862 8.719553 1.1673965 -3.4982147 8.719553 1.1673965 -3.4982147 8.719553 1.1673965 -3.4982147 8.719553 1.1673965 -3.4982147 8.9253445 1.1524296 -3.4982147 8.9253445 1.1524296 -3.4982147 8.9253445 1.1524296 -3.4982147 8.9253445 1.1524296 -0.99877167 8.9253445 1.1524296 -0.99877167 8.9253445 1.1524296 -0.99877167 8.9253445 -1.1524487 -0.99877167 8.9253445 -1.1524487 -0.99877167 8.9253445 -1.1524487 -0.99877167 9.4678898 -1.1674156 -0.45996857 9.4678898 -1.1674156 -0.45996857 9.4678898 -1.1674156 -0.45996857 8.9253445 -1.1524487 -3.4982147 8.9253445 -1.1524487 -3.4982147 8.9253445 -1.1524487 -3.4982147 8.9253445 -1.1524487 -3.4982147 7.7242641 -1.3844318 -6.0986862 7.7242641 -1.3844318 -6.0986862 7.7242641 -1.3844318 -6.0986862 7.967474 -3.3001747 -6.0986862 7.967474 -3.3001747 -6.0986862 7.967474 -3.3001747 -6.0986862 7.967474 -3.3001747 -8.5008469 7.967474 -3.3001747 -8.5008469 7.967474 -3.3001747 -8.5008469 9.0937214 -3.0008392 -8.5008469 9.0937214 -3.0008392 -8.5008469 9.0937214 -3.0008392 -8.5008469 10.219969 -3.3001747 -8.5008469 10.219969 -3.3001747 -8.5008469 10.219969 -3.3001747 -8.5008469 11.043139 -4.1233444 -8.5008469 11.043139 -4.1233444 -8.5008469 11.043139 -4.1233444 -8.5008469 10.523043 -4.4264221 -8.5008469 10.523043 -4.4264221 -8.5008469 10.523043 -4.4264221 -8.5008469 10.743803 -5.2495918 -8.5008469 10.743803 -5.2495918 -8.5008469 10.743803 -5.2495918 -8.5008469 10.523043 -6.0765038 -8.5008469 10.523043 -6.0765038 -8.5008469 10.523043 -6.0765038 -8.5008469 9.9168911 -6.678915 -8.5008469 9.9168911 -6.678915 -8.5008469 9.9168911 -6.678915 -8.5008469 9.0937214 -6.8996735 -8.5008469 9.0937214 -6.8996735 -8.5008469 9.0937214 -6.8996735 -8.5008469 8.2668095 -6.678915 -8.5008469 8.2668095 -6.678915 -8.5008469 8.2668095 -6.678915 -8.5008469 7.1443043 -6.3758392 -8.5008469 7.1443043 -6.3758392 -8.5008469 7.1443043 -6.3758392 -8.5008469 6.8449688 -5.2495918 -6.0986862 6.8449688 -5.2495918 -6.0986862 6.8449688 -5.2495918 -6.0986862 5.1200542 -4.2393379 -6.0986862 5.1200542 -4.2393379 -6.0986862 5.1200542 -4.2393379 -3.4982147 5.1200542 -4.2393379 -3.4982147 2.04813 -6.9483166 -3.4982147 2.04813 -6.9483166 -3.4982147 2.04813 -6.9483166 -3.4982147 3.3464947 -8.1344299 -3.4982147 3.3464947 -8.1344299 -3.4982147 2.04813 -6.9483166 -6.0986862 2.04813 -6.9483166 -6.0986862 2.04813 -6.9483166 -6.0986862 1.1239338 -8.549757 -6.0986862 1.1239338 -8.549757 -6.0986862 1.1239338 -8.549757 -6.0986862 1.1239338 -8.549757 -8.5008469 1.1239338 -8.549757 -8.5008469 1.1239338 -8.549757 -8.5008469 0.82460022 -9.0698509 -8.5008469 0.82460022 -9.0698509 -8.5008469 0.82460022 -9.0698509 -8.5008469 1.4307537 -9.6760044 -8.5008469 1.4307537 -9.6760044 -8.5008469 1.4307537 -9.6760044 -8.5008469 1.6515121 -10.499174 -8.5008469 1.6515121 -10.499174 -8.5008469 1.6515121 -10.499174 -8.5008469 1.4307537 -11.326086 -8.5008469 1.4307537 -11.326086 -8.5008469 1.4307537 -11.326086 -8.5008469 0.82460022 -11.928497 -8.5008469 0.82460022 -11.928497 -8.5008469 0.82460022 -11.928497 -8.5008469 0.0014305115 -12.149256 -8.5008469 0.0014305115 -12.149256 -8.5008469 0.0014305115 -12.149256 -8.5008469 -1.1248169 -12.448591 -8.5008469 -1.1248169 -12.448591 -8.5008469 -1.1248169 -12.448591 -8.5008469 -1.9479885 -11.625422 -8.5008469 -1.9479885 -11.625422 -8.5008469 -1.9479885 -11.625422 -8.5008469 -2.2510643 -10.499174 -6.0986862 -2.2510643 -10.499174 -6.0986862 -2.2510643 -10.499174 -6.0986862 -3.9722385 -9.4889202 -6.0986862 -3.9722385 -9.4889202 -6.0986862 -3.5494289 -8.4487305 -0.83413696 -3.5494289 -8.4487305 -0.83413696 -5.5025864 -7.2252007 -0.91645432 -5.5025864 -7.2252007 -0.91645432 -5.4614277 -7.154108 -3.4982147 -5.4614277 -7.154108 -3.4982147 -5.4614277 -7.154108 -3.4982147 -5.1209354 -6.2598457 -6.0986862 -5.1209354 -6.2598457 -6.0986862 -6.8421097 -5.2495918 -6.0986862 -6.8421097 -5.2495918 -6.0986862 -6.8421097 -5.2495918 -6.0986862 -6.8421097 -5.2495918 -8.5008469 -6.8421097 -5.2495918 -8.5008469 -6.8421097 -5.2495918 -8.5008469 -7.1451855 -6.3758392 -8.5008469 -7.1451855 -6.3758392 -8.5008469 -7.1451855 -6.3758392 -8.5008469 -7.9683571 -7.1990089 -8.5008469 -7.9683571 -7.1990089 -8.5008469 -7.9683571 -7.1990089 -8.5008469 -9.0946026 -7.4983444 -6.0986862 -9.0946026 -7.4983444 -6.0986862 -9.0946026 -7.4983444 -6.0986862 -10.217108 -7.1990089 -6.0986862 -10.217108 -7.1990089 -6.0986862 -10.217108 -7.1990089 -6.0986862 -11.040279 -6.3758392 -6.0986862 -11.040279 -6.3758392 -6.0986862 -11.040279 -6.3758392 -6.0986862 -11.343355 -5.2495918 -6.0986862 -11.343355 -5.2495918 -6.0986862 -11.343355 -5.2495918 -6.0986862 -11.040279 -4.1233444 -6.0986862 -11.040279 -4.1233444 -6.0986862 -11.040279 -4.1233444 -6.0986862 -11.953249 -2.3123703 -6.0986862 -11.953249 -2.3123703 -6.0986862 -10.460318 -1.3844318 -6.0986862 -10.460318 -1.3844318 -6.0986862 -10.460318 -1.3844318 -6.0986862 -9.0347366 -1.1487064 -0.89400482 -9.0347366 -1.1487064 -0.89400482 -9.9252567 -1.234766 0.00025939941 -9.9252567 -1.234766 0.00025939941 -9.9252567 -1.234766 0.00025939941 -9.8579063 1.2235203 -0.067092896 -9.8579063 1.2235203 -0.067092896 -9.468771 1.1673965 -6.0986862 -9.468771 1.1673965 -6.0986862 -9.0946026 3.0008202 -6.0986862 -9.0946026 3.0008202 -6.0986862 -9.0946026 3.0008202 -6.0986862 -10.217108 3.3001556 -6.0986862 -10.217108 3.3001556 -6.0986862 -10.217108 3.3001556 -6.0986862 -11.040279 4.1233253 -6.0986862 -11.040279 4.1233253 -6.0986862 -11.040279 4.1233253 -6.0986862 -13.124396 4.501236 -6.0986862 -13.124396 4.501236 -6.0986862 -13.124396 4.501236 -6.0986862 -13.068272 6.2598267 -6.0986862 -13.068272 6.2598267 -6.0986862 -12.645461 7.3000145 -6.0986862 -12.645461 7.3000145 -6.0986862 -11.040279 6.3758202 -6.0986862 -11.040279 6.3758202 -6.0986862 -11.040279 6.3758202 -6.0986862 -10.217108 7.1989899 -6.0986862 -10.217108 7.1989899 -6.0986862 -10.217108 7.1989899 -6.0986862 -9.0946026 7.4983253 -6.0986862 -9.0946026 7.4983253 -6.0986862 -9.0946026 7.4983253 -6.0986862 -7.9683571 7.1989899 -6.0986862 -7.9683571 7.1989899 -6.0986862 -7.9683571 7.1989899 -6.0986862 -5.7457962 7.6180573 -6.0986862 -5.7457962 7.6180573 -6.0986862 -5.513813 7.2476311 -0.89400482 -5.513813 7.2476311 -0.89400482 -5.4614277 7.1540909 -0.99877167 -5.4614277 7.1540909 -0.99877167 -5.4614277 7.1540909 -0.99877167 -3.4633694 8.3065262 -0.99877167 -3.4633694 8.3065262 -0.99877167 -3.4633694 8.3065262 -0.99877167 -3.8712139 9.148407 -0.067092896 -3.8712139 9.148407 -0.067092896 -4.0321045 9.7545586 -6.0986862 -4.0321045 9.7545586 -6.0986862 -4.0321045 9.7545586 -6.0986862 -2.2510643 10.499153 -6.0986862 -2.2510643 10.499153 -6.0986862 -2.2510643 10.499153 -6.0986862 -1.9479885 11.625401 -6.0986862 -1.9479885 11.625401 -6.0986862 -1.9479885 11.625401 -6.0986862 -1.1248169 12.44857 -6.0986862 -1.1248169 12.44857 -6.0986862 -1.1248169 12.44857 -6.0986862 0.0014305115 12.751648 -6.0986862 0.0014305115 12.751648 -6.0986862 0.0014305115 12.751648 -6.0986862 1.1239338 12.44857 -6.0986862 1.1239338 12.44857 -6.0986862 1.1239338 12.44857 -6.0986862 1.9471054 11.625401 -6.0986862 1.9471054 11.625401 -6.0986862 1.9471054 11.625401 -6.0986862 4.0312214 11.24749 -6.0986862 4.0312214 11.24749 -6.0986862 4.0312214 11.24749 -6.0986862 3.9750996 9.4926414 0.00025939941 3.9750996 9.4926414 0.00025939941 3.8927822 9.2120171 0.00025939941 3.8927822 9.2120171 0.00025939941 3.8927822 9.2120171 0.00025939941 6.0330219 7.9772606 0.00025939941 6.0330219 7.9772606 0.00025939941 6.0330219 7.9772606 0.00025939941 5.5428638 7.3000145 -0.83413696 5.5428638 7.3000145 -0.83413696 5.5428638 7.3000145 -6.0986862 5.5428638 7.3000145 -6.0986862 7.1443043 6.3758202 -6.0986862 7.1443043 6.3758202 -6.0986862 7.1443043 6.3758202 -6.0986862 7.967474 7.1989899 -6.0986862 7.967474 7.1989899 -6.0986862 7.967474 7.1989899 -6.0986862 9.0937214 7.4983253 -6.0986862 9.0937214 7.4983253 -6.0986862 9.0937214 7.4983253 -6.0986862 10.219969 7.1989899 -6.0986862 10.219969 7.1989899 -6.0986862 10.219969 7.1989899 -6.0986862 11.043139 6.3758202 -6.0986862 11.043139 6.3758202 -6.0986862 11.043139 6.3758202 -6.0986862 11.342474 5.2495728 -6.0986862 11.342474 5.2495728 -6.0986862 11.342474 5.2495728 -6.0986862 11.043139 4.1233253 -6.0986862 11.043139 4.1233253 -6.0986862 11.043139 4.1233253 -6.0986862 11.952368 2.3123512 -6.0986862 11.952368 2.3123512 -6.0986862 10.463179 1.3844128 -6.0986862 10.463179 1.3844128 -6.0986862 10.463179 1.3844128 -6.0986862 10.463179 1.3844128 -6.0986862 9.0338535 1.1486874 -0.89400482 9.0338535 1.1486874 -0.89400482 9.9243755 1.234745 0.00025939941 9.9243755 1.234745 0.00025939941 9.9243755 1.234745 0.00025939941 9.8570232 -1.2235394 -0.067092896 9.8570232 -1.2235394 -0.067092896 9.4678898 -1.1674156 -6.0986862 9.4678898 -1.1674156 -6.0986862 9.4678898 -1.1674156 -6.0986862 9.0937214 -3.0008392 -6.0986862 9.0937214 -3.0008392 -6.0986862 9.0937214 -3.0008392 -6.0986862 10.219969 -3.3001747 -6.0986862 10.219969 -3.3001747 -6.0986862 10.219969 -3.3001747 -6.0986862 11.043139 -4.1233444 -6.0986862 11.043139 -4.1233444 -6.0986862 11.043139 -4.1233444 -6.0986862 11.342474 -5.2495918 -6.0986862 11.342474 -5.2495918 -6.0986862 11.342474 -5.2495918 -6.0986862 11.342474 -5.2495918 -8.5008469 11.342474 -5.2495918 -8.5008469 11.342474 -5.2495918 -8.5008469 11.043139 -6.3758392 -8.5008469 11.043139 -6.3758392 -8.5008469 11.043139 -6.3758392 -8.5008469 10.219969 -7.1990089 -8.5008469 10.219969 -7.1990089 -8.5008469 10.219969 -7.1990089 -8.5008469 9.0937214 -7.4983444 -8.5008469 9.0937214 -7.4983444 -8.5008469 9.0937214 -7.4983444 -8.5008469 7.967474 -7.1990089 -8.5008469 7.967474 -7.1990089 -8.5008469 7.967474 -7.1990089 -8.5008469 7.1443043 -6.3758392 -6.0986862 7.1443043 -6.3758392 -6.0986862 7.1443043 -6.3758392 -6.0986862 5.0601864 -5.9979286 -6.0986862 5.0601864 -5.9979286 -6.0986862 5.0601864 -5.9979286 -6.0986862 5.0601864 -5.9979286 -3.4982147 5.0601864 -5.9979286 -3.4982147 5.0601864 -5.9979286 -3.4982147 5.0601864 -5.9979286 -3.4982147 5.4605465 -7.154108 -3.4982147 5.4605465 -7.154108 -3.4982147 5.4605465 -7.154108 -3.4982147 3.4624882 -8.3065472 -3.4982147 3.4624882 -8.3065472 -3.4982147 3.4624882 -8.3065472 -3.4982147 3.3464947 -8.1344299 -6.0986862 3.3464947 -8.1344299 -6.0986862 1.9471054 -9.3766689 -6.0986862 1.9471054 -9.3766689 -6.0986862 1.9471054 -9.3766689 -6.0986862 1.9471054 -9.3766689 -8.5008469 1.9471054 -9.3766689 -8.5008469 1.9471054 -9.3766689 -8.5008469 2.2501812 -10.499174 -8.5008469 2.2501812 -10.499174 -8.5008469 2.2501812 -10.499174 -8.5008469 1.9471054 -11.625422 -8.5008469 1.9471054 -11.625422 -8.5008469 1.9471054 -11.625422 -8.5008469 1.1239338 -12.448591 -8.5008469 1.1239338 -12.448591 -8.5008469 1.1239338 -12.448591 -8.5008469 0.0014305115 -12.751668 -8.5008469 0.0014305115 -12.751668 -8.5008469 0.0014305115 -12.751668 -8.5008469 -1.1248169 -12.448591 -6.0986862 -1.1248169 -12.448591 -6.0986862 -1.1248169 -12.448591 -6.0986862 -1.9479885 -11.625422 -6.0986862 -1.9479885 -11.625422 -6.0986862 -1.9479885 -11.625422 -6.0986862 -4.0321045 -11.247511 -6.0986862 -4.0321045 -11.247511 -6.0986862 -4.0321045 -11.247511 -6.0986862 -3.9722385 -9.4889202 0.00025939941 -3.9722385 -9.4889202 0.00025939941 -3.8936634 -9.2120342 0.00025939941 -3.8936634 -9.2120342 0.00025939941 -3.8936634 -9.2120342 0.00025939941 -6.0301647 -7.9772797 0.00025939941 -6.0301647 -7.9772797 0.00025939941 -6.0301647 -7.9772797 0.00025939941 -5.543745 -7.3000355 -0.83413696 -5.543745 -7.3000355 -0.83413696 -5.543745 -7.3000355 -6.0986862 -5.543745 -7.3000355 -6.0986862 -7.1451855 -6.3758392 -6.0986862 -7.1451855 -6.3758392 -6.0986862 -7.1451855 -6.3758392 -6.0986862 -7.9683571 -7.1990089 -6.0986862 -7.9683571 -7.1990089 -6.0986862 -7.9683571 -7.1990089 -6.0986862 -9.468771 -9.331768 -6.0986862 -9.468771 -9.331768 -6.0986862 -9.468771 -9.331768 -6.0986862 -11.145046 -8.8004494 -6.0986862 -11.145046 -8.8004494 -6.0986862 -11.145046 -8.8004494 -6.0986862 -12.439669 -7.6180782 -6.0986862 -12.439669 -7.6180782 -6.0986862 -12.439669 -7.6180782 -6.0986862 -13.124396 -5.9979286 -6.0986862 -13.124396 -5.9979286 -6.0986862 -13.124396 -5.9979286 -6.0986862 -13.068272 -4.2393379 -6.0986862 -13.068272 -4.2393379 -6.0986862 -12.645461 -3.1991501 -6.0986862 -12.645461 -3.1991501 -6.0986862 -11.953249 -2.3123703 0.00025939941 -11.953249 -2.3123703 0.00025939941 -10.460318 -1.3844318 0.00025939941 -10.460318 -1.3844318 0.00025939941 -10.460318 -1.3844318 0.00025939941 -9.9252567 1.234745 0.00025939941 -9.9252567 1.234745 0.00025939941 -9.9252567 1.234745 0.00025939941 -11.145046 1.6987152 -6.0986862 -11.145046 1.6987152 -6.0986862 -12.439669 2.8848286 -6.0986862 -12.439669 2.8848286 -6.0986862 -12.439669 2.8848286 -6.0986862 -13.124396 4.501236 0.00025939941 -13.124396 4.501236 0.00025939941 -13.124396 4.501236 0.00025939941 -13.068272 6.2598267 0.00025939941 -13.068272 6.2598267 0.00025939941 -12.645461 7.3000145 0.00025939941 -12.645461 7.3000145 0.00025939941 -11.953249 8.1867943 0.00025939941 -11.953249 8.1867943 0.00025939941 -11.953249 8.1867943 -6.0986862 -11.953249 8.1867943 -6.0986862 -10.460318 9.1147308 -6.0986862 -10.460318 9.1147308 -6.0986862 -10.460318 9.1147308 -6.0986862 -8.7166939 9.331749 -6.0986862 -8.7166939 9.331749 -6.0986862 -8.7166939 9.331749 -6.0986862 -7.0441608 8.8004303 -6.0986862 -7.0441608 8.8004303 -6.0986862 -7.0441608 8.8004303 -6.0986862 -5.7457962 7.6180573 -0.45996857 -5.7457962 7.6180573 -0.45996857 -6.0301647 7.9772606 0.00025939941 -6.0301647 7.9772606 0.00025939941 -6.0301647 7.9772606 0.00025939941 -3.8936634 9.2120171 0.00025939941 -3.8936634 9.2120171 0.00025939941 -3.8936634 9.2120171 0.00025939941 -3.8936634 9.2120171 0.00025939941 -4.0321045 9.7545586 0.00025939941 -4.0321045 9.7545586 0.00025939941 -3.9722385 11.509411 0.00025939941 -3.9722385 11.509411 0.00025939941 -3.9722385 11.509411 -6.0986862 -3.9722385 11.509411 -6.0986862 -3.5494289 12.549599 -6.0986862 -3.5494289 12.549599 -6.0986862 -2.8609581 13.436375 -6.0986862 -2.8609581 13.436375 -6.0986862 -1.3680267 14.364315 -6.0986862 -1.3680267 14.364315 -6.0986862 -1.3680267 14.364315 -6.0986862 0.37559891 14.581333 -6.0986862 0.37559891 14.581333 -6.0986862 0.37559891 14.581333 -6.0986862 2.04813 14.050011 -6.0986862 2.04813 14.050011 -6.0986862 2.04813 14.050011 -6.0986862 3.3464947 12.867641 -6.0986862 3.3464947 12.867641 -6.0986862 3.3464947 12.867641 -6.0986862 4.0312214 11.24749 0.00025939941 4.0312214 11.24749 0.00025939941 4.0312214 11.24749 0.00025939941 6.2313328 8.1867943 0.00025939941 6.2313328 8.1867943 0.00025939941 6.2313328 8.1867943 -6.0986862 6.2313328 8.1867943 -6.0986862 7.7242641 9.1147308 -6.0986862 7.7242641 9.1147308 -6.0986862 7.7242641 9.1147308 -6.0986862 9.4678898 9.331749 -6.0986862 9.4678898 9.331749 -6.0986862 9.4678898 9.331749 -6.0986862 11.144163 8.8004303 -6.0986862 11.144163 8.8004303 -6.0986862 11.144163 8.8004303 -6.0986862 12.44253 7.6180573 -6.0986862 12.44253 7.6180573 -6.0986862 12.44253 7.6180573 -6.0986862 13.123514 5.9979095 -6.0986862 13.123514 5.9979095 -6.0986862 13.123514 5.9979095 -6.0986862 13.067389 4.2393188 -6.0986862 13.067389 4.2393188 -6.0986862 12.644579 3.1991291 -6.0986862 12.644579 3.1991291 -6.0986862 11.952368 2.3123512 0.00025939941 11.952368 2.3123512 0.00025939941 10.463179 1.3844128 0.00025939941 10.463179 1.3844128 0.00025939941 10.463179 1.3844128 0.00025939941 9.9243755 -1.234766 0.00025939941 9.9243755 -1.234766 0.00025939941 9.9243755 -1.234766 0.00025939941 11.144163 -1.6987343 -6.0986862 11.144163 -1.6987343 -6.0986862 12.44253 -2.8848476 -6.0986862 12.44253 -2.8848476 -6.0986862 12.44253 -2.8848476 -6.0986862 13.123514 -4.501255 -6.0986862 13.123514 -4.501255 -6.0986862 13.123514 -4.501255 -6.0986862 13.067389 -6.2598457 -6.0986862 13.067389 -6.2598457 -6.0986862 11.952368 -8.1868134 -6.0986862 11.952368 -8.1868134 -6.0986862 12.644579 -7.3000355 -6.0986862 12.644579 -7.3000355 -6.0986862 11.043139 -6.3758392 -6.0986862 11.043139 -6.3758392 -6.0986862 11.043139 -6.3758392 -6.0986862 10.219969 -7.1990089 -6.0986862 10.219969 -7.1990089 -6.0986862 10.219969 -7.1990089 -6.0986862 9.0937214 -7.4983444 -6.0986862 9.0937214 -7.4983444 -6.0986862 9.0937214 -7.4983444 -6.0986862 7.967474 -7.1990089 -6.0986862 7.967474 -7.1990089 -6.0986862 7.967474 -7.1990089 -6.0986862 5.7449131 -7.6180782 -6.0986862 5.7449131 -7.6180782 -6.0986862 5.7449131 -7.6180782 -6.0986862 5.5129299 -7.2476501 -0.89400482 5.5129299 -7.2476501 -0.89400482 5.4605465 -7.154108 -0.99877167 5.4605465 -7.154108 -0.99877167 5.4605465 -7.154108 -0.99877167 3.4624882 -8.3065472 -0.99877167 3.4624882 -8.3065472 -0.99877167 3.4624882 -8.3065472 -0.99877167 3.8703289 -9.1484261 -0.067092896 3.8703289 -9.1484261 -0.067092896 3.8703289 -9.1484261 -0.067092896 4.0312214 -9.7545795 -6.0986862 4.0312214 -9.7545795 -6.0986862 4.0312214 -9.7545795 -6.0986862 2.2501812 -10.499174 -6.0986862 2.2501812 -10.499174 -6.0986862 2.2501812 -10.499174 -6.0986862 1.9471054 -11.625422 -6.0986862 1.9471054 -11.625422 -6.0986862 1.9471054 -11.625422 -6.0986862 1.1239338 -12.448591 -6.0986862 1.1239338 -12.448591 -6.0986862 1.1239338 -12.448591 -6.0986862 0.0014305115 -12.751668 -6.0986862 0.0014305115 -12.751668 -6.0986862 0.0014305115 -12.751668 -6.0986862 -2.0490131 -14.050032 -6.0986862 -2.0490131 -14.050032 -6.0986862 -2.0490131 -14.050032 -6.0986862 -3.3473778 -12.86766 -6.0986862 -3.3473778 -12.86766 -6.0986862 -3.3473778 -12.86766 -6.0986862 -4.0321045 -11.247511 0.00025939941 -4.0321045 -11.247511 0.00025939941 -4.0321045 -11.247511 0.00025939941 -6.2322159 -8.1868134 0.00025939941 -6.2322159 -8.1868134 0.00025939941 -6.2322159 -8.1868134 -6.0986862 -6.2322159 -8.1868134 -6.0986862 -7.7251472 -9.1147518 -6.0986862 -7.7251472 -9.1147518 -6.0986862 -7.7251472 -9.1147518 -6.0986862 -9.468771 -9.331768 0.00025939941 -9.468771 -9.331768 0.00025939941 -9.468771 -9.331768 0.00025939941 -11.145046 -8.8004494 0.00025939941 -11.145046 -8.8004494 0.00025939941 -11.145046 -8.8004494 0.00025939941 -12.439669 -7.6180782 0.00025939941 -12.439669 -7.6180782 0.00025939941 -12.439669 -7.6180782 0.00025939941 -13.124396 -5.9979286 0.00025939941 -13.124396 -5.9979286 0.00025939941 -13.124396 -5.9979286 0.00025939941 -13.068272 -4.2393379 0.00025939941 -13.068272 -4.2393379 0.00025939941 -12.645461 -3.1991501 0.00025939941 -12.645461 -3.1991501 0.00025939941 -11.145046 1.6987152 0.00025939941 -11.145046 1.6987152 0.00025939941 -12.439669 2.8848286 0.00025939941 -12.439669 2.8848286 0.00025939941 -12.439669 2.8848286 0.00025939941 -15.290832 4.7145119 0.00025939941 -15.290832 4.7145119 0.00025939941 -15.290832 4.7145119 -0.50112534 -15.290832 4.7145119 -0.50112534 -13.857767 7.9997101 0.00025939941 -13.857767 7.9997101 0.00025939941 -11.728748 10.884548 0.00025939941 -11.728748 10.884548 0.00025939941 -10.460318 9.1147308 0.00025939941 -10.460318 9.1147308 0.00025939941 -10.460318 9.1147308 0.00025939941 -8.7166939 9.331749 0.00025939941 -8.7166939 9.331749 0.00025939941 -8.7166939 9.331749 0.00025939941 -7.0441608 8.8004303 0.00025939941 -7.0441608 8.8004303 0.00025939941 -7.0441608 8.8004303 0.00025939941 -3.5494289 12.549599 0.00025939941 -3.5494289 12.549599 0.00025939941 -2.8609581 13.436375 0.00025939941 -2.8609581 13.436375 0.00025939941 -1.3680267 14.364315 0.00025939941 -1.3680267 14.364315 0.00025939941 -1.3680267 14.364315 0.00025939941 0.37559891 14.581333 0.00025939941 0.37559891 14.581333 0.00025939941 0.37559891 14.581333 0.00025939941 2.04813 14.050011 0.00025939941 2.04813 14.050011 0.00025939941 2.04813 14.050011 0.00025939941 3.3464947 12.867641 0.00025939941 3.3464947 12.867641 0.00025939941 3.3464947 12.867641 0.00025939941 7.7242641 9.1147308 0.00025939941 7.7242641 9.1147308 0.00025939941 7.7242641 9.1147308 0.00025939941 8.0011501 13.855446 0.00025939941 8.0011501 13.855446 0.00025939941 9.4678898 9.331749 0.00025939941 9.4678898 9.331749 0.00025939941 9.4678898 9.331749 0.00025939941 11.144163 8.8004303 0.00025939941 11.144163 8.8004303 0.00025939941 11.144163 8.8004303 0.00025939941 12.44253 7.6180573 0.00025939941 12.44253 7.6180573 0.00025939941 12.44253 7.6180573 0.00025939941 13.123514 5.9979095 0.00025939941 13.123514 5.9979095 0.00025939941 13.123514 5.9979095 0.00025939941 13.067389 4.2393188 0.00025939941 13.067389 4.2393188 0.00025939941 12.644579 3.1991291 0.00025939941 12.644579 3.1991291 0.00025939941 11.144163 -1.6987343 0.00025939941 11.144163 -1.6987343 0.00025939941 12.44253 -2.8848476 0.00025939941 12.44253 -2.8848476 0.00025939941 12.44253 -2.8848476 0.00025939941 13.123514 -4.501255 0.00025939941 13.123514 -4.501255 0.00025939941 13.123514 -4.501255 0.00025939941 13.067389 -6.2598457 0.00025939941 13.067389 -6.2598457 0.00025939941 12.644579 -7.3000355 0.00025939941 12.644579 -7.3000355 0.00025939941 11.952368 -8.1868134 0.00025939941 11.952368 -8.1868134 0.00025939941 10.463179 -9.1147518 0.00025939941 10.463179 -9.1147518 0.00025939941 10.463179 -9.1147518 0.00025939941 10.463179 -9.1147518 -6.0986862 10.463179 -9.1147518 -6.0986862 10.463179 -9.1147518 -6.0986862 8.719553 -9.331768 -6.0986862 8.719553 -9.331768 -6.0986862 8.719553 -9.331768 -6.0986862 7.0432796 -8.8004494 -6.0986862 7.0432796 -8.8004494 -6.0986862 7.0432796 -8.8004494 -6.0986862 5.7449131 -7.6180782 -0.45996857 5.7449131 -7.6180782 -0.45996857 6.0330219 -7.9772797 0.00025939941 6.0330219 -7.9772797 0.00025939941 6.0330219 -7.9772797 0.00025939941 3.8927822 -9.2120342 0.00025939941 3.8927822 -9.2120342 0.00025939941 3.8927822 -9.2120342 0.00025939941 4.0312214 -9.7545795 0.00025939941 4.0312214 -9.7545795 0.00025939941 3.9750996 -11.509428 0.00025939941 3.9750996 -11.509428 0.00025939941 3.9750996 -11.509428 -6.0986862 3.9750996 -11.509428 -6.0986862 3.5522861 -12.549616 -6.0986862 3.5522861 -12.549616 -6.0986862 2.860075 -13.436396 -6.0986862 2.860075 -13.436396 -6.0986862 1.3671436 -14.364333 -6.0986862 1.3671436 -14.364333 -6.0986862 1.3671436 -14.364333 -6.0986862 -0.3764801 -14.581351 -6.0986862 -0.3764801 -14.581351 -6.0986862 -0.3764801 -14.581351 -6.0986862 -2.0490131 -14.050032 0.00025939941 -2.0490131 -14.050032 0.00025939941 -2.0490131 -14.050032 0.00025939941 -3.3473778 -12.86766 0.00025939941 -3.3473778 -12.86766 0.00025939941 -3.3473778 -12.86766 0.00025939941 -7.7251472 -9.1147518 0.00025939941 -7.7251472 -9.1147518 0.00025939941 -7.7251472 -9.1147518 0.00025939941 -7.998291 -13.855464 0.00025939941 -7.998291 -13.855464 0.00025939941 -10.883129 -11.730188 0.00025939941 -10.883129 -11.730188 0.00025939941 -13.221681 -9.0137253 0.00025939941 -13.221681 -9.0137253 0.00025939941 -14.894213 -5.8445187 0.00025939941 -14.894213 -5.8445187 0.00025939941 -15.82215 -2.3834629 0.00025939941 -15.82215 -2.3834629 0.00025939941 -15.956851 1.1973286 0.00025939941 -15.956851 1.1973286 0.00025939941 -15.956851 1.1973286 -0.50112534 -15.956851 1.1973286 -0.50112534 -19.593769 0.96908569 -0.50112534 -19.593769 0.96908569 -0.50112534 -19.593769 0.96908569 0.00025939941 -19.593769 0.96908569 0.00025939941 -19.593769 -0.96910667 0.00025939941 -19.593769 -0.96910667 0.00025939941 -22.849033 -9.5367432e-06 0.00025939941 -22.849033 -9.5367432e-06 0.00025939941 -22.849033 -9.5367432e-06 0.00025939941 -22.849033 -9.5367432e-06 -7.0004311 -22.849033 -9.5367432e-06 -7.0004311 -22.849033 -9.5367432e-06 -7.0004311 -23.069792 0.82316017 -7.0004311 -23.069792 0.82316017 -7.0004311 -23.069792 0.82316017 -7.0004311 -23.675945 1.4293137 -7.0004311 -23.675945 1.4293137 -7.0004311 -23.675945 1.4293137 -7.0004311 -23.069792 0.82316017 0.00025939941 -23.069792 0.82316017 0.00025939941 -23.069792 0.82316017 0.00025939941 -20.330879 2.7613525 0.00025939941 -20.330879 2.7613525 0.00025939941 -20.330879 2.7613525 -0.50112534 -20.330879 2.7613525 -0.50112534 -13.857767 7.9997101 -0.50112534 -13.857767 7.9997101 -0.50112534 -11.728748 10.884548 -0.50112534 -11.728748 10.884548 -0.50112534 -9.0122871 13.21936 0.00025939941 -9.0122871 13.21936 0.00025939941 -5.8468227 14.895634 0.00025939941 -5.8468227 14.895634 0.00025939941 -2.3857651 15.819828 0.00025939941 -2.3857651 15.819828 0.00025939941 1.1950264 15.954529 0.00025939941 1.1950264 15.954529 0.00025939941 4.7159519 15.288509 0.00025939941 4.7159519 15.288509 0.00025939941 4.7159519 15.288509 -0.50112534 4.7159519 15.288509 -0.50112534 8.0011501 13.855446 -0.50112534 8.0011501 13.855446 -0.50112534 10.882246 11.730167 0.00025939941 10.882246 11.730167 0.00025939941 13.220797 9.0137062 0.00025939941 13.220797 9.0137062 0.00025939941 14.893332 5.8445015 0.00025939941 14.893332 5.8445015 0.00025939941 15.821268 2.3834419 0.00025939941 15.821268 2.3834419 0.00025939941 15.821268 2.3834419 -0.50112534 15.821268 2.3834419 -0.50112534 15.955969 -1.1973476 0.00025939941 15.955969 -1.1973476 0.00025939941 15.289949 -4.7145309 0.00025939941 15.289949 -4.7145309 0.00025939941 13.856886 -7.9997292 0.00025939941 13.856886 -7.9997292 0.00025939941 11.727865 -10.884567 0.00025939941 11.727865 -10.884567 0.00025939941 11.727865 -10.884567 -0.50112534 11.727865 -10.884567 -0.50112534 9.011404 -13.219378 0.00025939941 9.011404 -13.219378 0.00025939941 8.719553 -9.331768 0.00025939941 8.719553 -9.331768 0.00025939941 8.719553 -9.331768 0.00025939941 7.0432796 -8.8004494 0.00025939941 7.0432796 -8.8004494 0.00025939941 7.0432796 -8.8004494 0.00025939941 3.5522861 -12.549616 0.00025939941 3.5522861 -12.549616 0.00025939941 2.860075 -13.436396 0.00025939941 2.860075 -13.436396 0.00025939941 1.3671436 -14.364333 0.00025939941 1.3671436 -14.364333 0.00025939941 1.3671436 -14.364333 0.00025939941 -0.3764801 -14.581351 0.00025939941 -0.3764801 -14.581351 0.00025939941 -0.3764801 -14.581351 0.00025939941 -4.7168331 -15.288529 0.00025939941 -4.7168331 -15.288529 0.00025939941 -4.7168331 -15.288529 -0.50112534 -4.7168331 -15.288529 -0.50112534 -10.636177 -16.485867 -0.50112534 -10.636177 -16.485867 -0.50112534 -7.998291 -13.855464 -0.50112534 -7.998291 -13.855464 -0.50112534 -10.883129 -11.730188 -0.50112534 -10.883129 -11.730188 -0.50112534 -13.221681 -9.0137253 -0.50112534 -13.221681 -9.0137253 -0.50112534 -14.894213 -5.8445187 -0.50112534 -14.894213 -5.8445187 -0.50112534 -15.82215 -2.3834629 -0.50112534 -15.82215 -2.3834629 -0.50112534 -19.593769 -0.96910667 -0.50112534 -19.593769 -0.96910667 -0.50112534 -20.330879 -2.7613716 0.00025939941 -20.330879 -2.7613716 0.00025939941 -23.069792 -0.82317924 0.00025939941 -23.069792 -0.82317924 0.00025939941 -23.069792 -0.82317924 0.00025939941 -23.069792 -0.82317924 -7.0004311 -23.069792 -0.82317924 -7.0004311 -23.069792 -0.82317924 -7.0004311 -23.675945 -1.4293327 -7.0004311 -23.675945 -1.4293327 -7.0004311 -23.675945 -1.4293327 -7.0004311 -24.499115 -1.6500931 -7.0004311 -24.499115 -1.6500931 -7.0004311 -24.499115 -1.6500931 -7.0004311 -25.326027 -1.4293327 -7.0004311 -25.326027 -1.4293327 -7.0004311 -25.326027 -1.4293327 -7.0004311 -25.928438 -0.82317924 -7.0004311 -25.928438 -0.82317924 -7.0004311 -25.928438 -0.82317924 -7.0004311 -26.149197 -9.5367432e-06 -7.0004311 -26.149197 -9.5367432e-06 -7.0004311 -26.149197 -9.5367432e-06 -7.0004311 -25.928438 0.82316017 -7.0004311 -25.928438 0.82316017 -7.0004311 -25.928438 0.82316017 -7.0004311 -25.326027 1.4293137 -7.0004311 -25.326027 1.4293137 -7.0004311 -25.326027 1.4293137 -7.0004311 -24.499115 1.6500721 -7.0004311 -24.499115 1.6500721 -7.0004311 -24.499115 1.6500721 -7.0004311 -23.675945 1.4293137 0.00025939941 -23.675945 1.4293137 0.00025939941 -23.675945 1.4293137 0.00025939941 -21.696594 4.1382942 0.00025939941 -21.696594 4.1382942 0.00025939941 -21.696594 4.1382942 -0.50112534 -21.696594 4.1382942 -0.50112534 -10.636177 16.485847 -0.50112534 -10.636177 16.485847 -0.50112534 -12.55566 16.227673 -0.50112534 -12.55566 16.227673 -0.50112534 -12.55566 16.227673 0.00025939941 -12.55566 16.227673 0.00025939941 -10.636177 16.485847 0.00025939941 -10.636177 16.485847 0.00025939941 -12.248842 19.568996 0.00025939941 -12.248842 19.568996 0.00025939941 -12.248842 19.568996 0.00025939941 -12.248842 19.568996 -7.0004311 -12.248842 19.568996 -7.0004311 -12.248842 19.568996 -7.0004311 -11.425673 19.789757 -7.0004311 -11.425673 19.789757 -7.0004311 -11.425673 19.789757 -7.0004311 -11.425673 19.789757 0.00025939941 -11.425673 19.789757 0.00025939941 -11.425673 19.789757 0.00025939941 -8.9599037 17.454945 0.00025939941 -8.9599037 17.454945 0.00025939941 -8.9599037 17.454945 -0.50112534 -8.9599037 17.454945 -0.50112534 -9.0122871 13.21936 -0.50112534 -9.0122871 13.21936 -0.50112534 -5.8468227 14.895634 -0.50112534 -5.8468227 14.895634 -0.50112534 -2.3857651 15.819828 -0.50112534 -2.3857651 15.819828 -0.50112534 1.1950264 15.954529 -0.50112534 1.1950264 15.954529 -0.50112534 8.9590206 17.454945 -0.50112534 8.9590206 17.454945 -0.50112534 11.424791 19.789757 0.00025939941 11.424791 19.789757 0.00025939941 11.424791 19.789757 0.00025939941 8.9590206 17.454945 0.00025939941 8.9590206 17.454945 0.00025939941 10.635294 16.485847 0.00025939941 10.635294 16.485847 0.00025939941 10.635294 16.485847 -0.50112534 10.635294 16.485847 -0.50112534 10.882246 11.730167 -0.50112534 10.882246 11.730167 -0.50112534 13.220797 9.0137062 -0.50112534 13.220797 9.0137062 -0.50112534 14.893332 5.8445015 -0.50112534 14.893332 5.8445015 -0.50112534 19.596628 0.96908569 -0.50112534 19.596628 0.96908569 -0.50112534 20.169104 2.4994354 -0.50112534 20.169104 2.4994354 -0.50112534 19.596628 0.96908569 0.00025939941 19.596628 0.96908569 0.00025939941 20.169104 2.4994354 0.00025939941 20.169104 2.4994354 0.00025939941 22.84815 -9.5367432e-06 0.00025939941 22.84815 -9.5367432e-06 0.00025939941 22.84815 -9.5367432e-06 0.00025939941 19.596628 -0.96910667 0.00025939941 19.596628 -0.96910667 0.00025939941 19.596628 -0.96910667 -0.50112534 19.596628 -0.96910667 -0.50112534 15.955969 -1.1973476 -0.50112534 15.955969 -1.1973476 -0.50112534 15.289949 -4.7145309 -0.50112534 15.289949 -4.7145309 -0.50112534 13.856886 -7.9997292 -0.50112534 13.856886 -7.9997292 -0.50112534 14.279696 -13.357821 -0.50112534 14.279696 -13.357821 -0.50112534 9.2059727 -17.249172 -0.50112534 9.2059727 -17.249172 -0.50112534 14.279696 -13.357821 0.00025939941 14.279696 -13.357821 0.00025939941 9.2059727 -17.249172 0.00025939941 9.2059727 -17.249172 0.00025939941 7.9188328 -18.715912 0.00025939941 7.9188328 -18.715912 0.00025939941 7.9188328 -18.715912 -0.50112534 7.9188328 -18.715912 -0.50112534 9.011404 -13.219378 -0.50112534 9.011404 -13.219378 -0.50112534 5.8459377 -14.895653 0.00025939941 5.8459377 -14.895653 0.00025939941 2.384882 -15.819848 0.00025939941 2.384882 -15.819848 0.00025939941 -1.1959095 -15.954549 0.00025939941 -1.1959095 -15.954549 0.00025939941 -1.1959095 -15.954549 -0.50112534 -1.1959095 -15.954549 -0.50112534 -8.9599037 -17.454964 -0.50112534 -8.9599037 -17.454964 -0.50112534 -8.9599037 -17.454964 0.00025939941 -8.9599037 -17.454964 0.00025939941 -11.425673 -19.789776 0.00025939941 -11.425673 -19.789776 0.00025939941 -11.425673 -19.789776 0.00025939941 -10.636177 -16.485867 0.00025939941 -10.636177 -16.485867 0.00025939941 -12.55566 -16.227692 -0.50112534 -12.55566 -16.227692 -0.50112534 -20.330879 -2.7613716 -0.50112534 -20.330879 -2.7613716 -0.50112534 -21.696594 -4.1383114 0.00025939941 -21.696594 -4.1383114 0.00025939941 -23.675945 -1.4293327 0.00025939941 -23.675945 -1.4293327 0.00025939941 -23.675945 -1.4293327 0.00025939941 -24.499115 -1.6500931 0.00025939941 -24.499115 -1.6500931 0.00025939941 -24.499115 -1.6500931 0.00025939941 -25.326027 -1.4293327 0.00025939941 -25.326027 -1.4293327 0.00025939941 -25.326027 -1.4293327 0.00025939941 -25.928438 -0.82317924 0.00025939941 -25.928438 -0.82317924 0.00025939941 -25.928438 -0.82317924 0.00025939941 -26.149197 -9.5367432e-06 0.00025939941 -26.149197 -9.5367432e-06 0.00025939941 -26.149197 -9.5367432e-06 0.00025939941 -25.928438 0.82316017 0.00025939941 -25.928438 0.82316017 0.00025939941 -25.928438 0.82316017 0.00025939941 -25.326027 1.4293137 0.00025939941 -25.326027 1.4293137 0.00025939941 -25.326027 1.4293137 0.00025939941 -24.499115 1.6500721 0.00025939941 -24.499115 1.6500721 0.00025939941 -24.499115 1.6500721 0.00025939941 -23.481377 4.8941116 0.00025939941 -23.481377 4.8941116 0.00025939941 -23.481377 4.8941116 -0.50112534 -23.481377 4.8941116 -0.50112534 -14.430244 16.717834 -0.50112534 -14.430244 16.717834 -0.50112534 -14.430244 16.717834 0.00025939941 -14.430244 16.717834 0.00025939941 -13.075755 19.789757 0.00025939941 -13.075755 19.789757 0.00025939941 -13.075755 19.789757 0.00025939941 -13.075755 19.789757 -7.0004311 -13.075755 19.789757 -7.0004311 -13.075755 19.789757 -7.0004311 -13.678165 20.392166 0.00025939941 -13.678165 20.392166 0.00025939941 -13.678165 20.392166 0.00025939941 -13.678165 20.392166 -7.0004311 -13.678165 20.392166 -7.0004311 -13.678165 20.392166 -7.0004311 -10.819519 20.392166 -7.0004311 -10.819519 20.392166 -7.0004311 -10.819519 20.392166 -7.0004311 -10.598761 21.219078 -7.0004311 -10.598761 21.219078 -7.0004311 -10.598761 21.219078 -7.0004311 -10.819519 20.392166 0.00025939941 -10.819519 20.392166 0.00025939941 -10.819519 20.392166 0.00025939941 -7.7737885 18.989037 0.00025939941 -7.7737885 18.989037 0.00025939941 -7.7737885 18.989037 -0.50112534 -7.7737885 18.989037 -0.50112534 7.7729053 18.989037 -0.50112534 7.7729053 18.989037 -0.50112534 7.7729053 18.989037 0.00025939941 7.7729053 18.989037 0.00025939941 10.822378 20.392166 0.00025939941 10.822378 20.392166 0.00025939941 10.822378 20.392166 0.00025939941 10.822378 20.392166 -7.0004311 10.822378 20.392166 -7.0004311 10.822378 20.392166 -7.0004311 11.424791 19.789757 -7.0004311 11.424791 19.789757 -7.0004311 11.424791 19.789757 -7.0004311 12.251703 19.568996 -7.0004311 12.251703 19.568996 -7.0004311 12.251703 19.568996 -7.0004311 13.074873 19.789757 -7.0004311 13.074873 19.789757 -7.0004311 13.074873 19.789757 -7.0004311 12.251703 19.568996 0.00025939941 12.251703 19.568996 0.00025939941 12.251703 19.568996 0.00025939941 12.558519 16.227673 0.00025939941 12.558519 16.227673 0.00025939941 12.558519 16.227673 -0.50112534 12.558519 16.227673 -0.50112534 20.329996 2.7613525 -0.50112534 20.329996 2.7613525 -0.50112534 20.329996 2.7613525 0.00025939941 20.329996 2.7613525 0.00025939941 23.072653 0.82316017 0.00025939941 23.072653 0.82316017 0.00025939941 23.072653 0.82316017 0.00025939941 22.84815 -9.5367432e-06 -7.0004311 22.84815 -9.5367432e-06 -7.0004311 22.84815 -9.5367432e-06 -7.0004311 23.072653 0.82316017 -7.0004311 23.072653 0.82316017 -7.0004311 23.072653 0.82316017 -7.0004311 23.072653 -0.82317924 -7.0004311 23.072653 -0.82317924 -7.0004311 23.072653 -0.82317924 -7.0004311 23.675062 -1.4293327 -7.0004311 23.675062 -1.4293327 -7.0004311 23.675062 -1.4293327 -7.0004311 23.072653 -0.82317924 0.00025939941 23.072653 -0.82317924 0.00025939941 23.072653 -0.82317924 0.00025939941 20.329996 -2.7613716 0.00025939941 20.329996 -2.7613716 0.00025939941 20.329996 -2.7613716 -0.50112534 20.329996 -2.7613716 -0.50112534 16.120604 -12.471041 -0.50112534 16.120604 -12.471041 -0.50112534 16.120604 -12.471041 -0.50112534 16.120604 -12.471041 0.00025939941 16.120604 -12.471041 0.00025939941 16.120604 -12.471041 0.00025939941 16.322653 -15.591605 0.00025939941 16.322653 -15.591605 0.00025939941 16.322653 -15.591605 0.00025939941 16.322653 -15.591605 -4.9986305 16.322653 -15.591605 -4.9986305 16.322653 -15.591605 -4.9986305 17.325426 -15.325946 -4.9986305 17.325426 -15.325946 -4.9986305 17.325426 -15.325946 -4.9986305 17.325426 -17.324005 -6.2034531 15.593027 -18.323034 -4.9986305 15.593027 -18.323034 -4.9986305 15.593027 -18.323034 -4.9986305 15.323626 -17.324005 0.00025939941 15.323626 -17.324005 0.00025939941 15.323626 -17.324005 0.00025939941 12.251703 -19.569016 0.00025939941 12.251703 -19.569016 0.00025939941 12.251703 -19.569016 0.00025939941 11.424791 -19.789776 0.00025939941 11.424791 -19.789776 0.00025939941 11.424791 -19.789776 0.00025939941 11.424791 -19.789776 -7.0004311 11.424791 -19.789776 -7.0004311 11.424791 -19.789776 -7.0004311 12.251703 -19.569016 -7.0004311 12.251703 -19.569016 -7.0004311 12.251703 -19.569016 -7.0004311 13.074873 -19.789776 -7.0004311 13.074873 -19.789776 -7.0004311 13.074873 -19.789776 -7.0004311 13.677282 -20.392185 -7.0004311 13.677282 -20.392185 -7.0004311 13.677282 -20.392185 -7.0004311 10.822378 -20.392185 -7.0004311 10.822378 -20.392185 -7.0004311 10.822378 -20.392185 -7.0004311 10.601618 -21.219097 -7.0004311 10.601618 -21.219097 -7.0004311 10.601618 -21.219097 -7.0004311 10.822378 -20.392185 0.00025939941 10.822378 -20.392185 0.00025939941 10.822378 -20.392185 0.00025939941 7.8739338 -18.798229 0.00025939941 7.8739338 -18.798229 0.00025939941 7.8739338 -18.798229 -0.50112534 7.8739338 -18.798229 -0.50112534 5.8459377 -14.895653 -0.50112534 5.8459377 -14.895653 -0.50112534 2.384882 -15.819848 -0.50112534 2.384882 -15.819848 -0.50112534 -7.7737885 -18.989056 -0.50112534 -7.7737885 -18.989056 -0.50112534 -7.7737885 -18.989056 0.00025939941 -7.7737885 -18.989056 0.00025939941 -10.819519 -20.392185 0.00025939941 -10.819519 -20.392185 0.00025939941 -10.819519 -20.392185 0.00025939941 -10.819519 -20.392185 -7.0004311 -10.819519 -20.392185 -7.0004311 -10.819519 -20.392185 -7.0004311 -11.425673 -19.789776 -7.0004311 -11.425673 -19.789776 -7.0004311 -11.425673 -19.789776 -7.0004311 -12.248842 -19.569016 -7.0004311 -12.248842 -19.569016 -7.0004311 -12.248842 -19.569016 -7.0004311 -13.075755 -19.789776 -7.0004311 -13.075755 -19.789776 -7.0004311 -13.075755 -19.789776 -7.0004311 -12.248842 -19.569016 0.00025939941 -12.248842 -19.569016 0.00025939941 -12.248842 -19.569016 0.00025939941 -12.55566 -16.227692 0.00025939941 -12.55566 -16.227692 0.00025939941 -14.430244 -16.717854 -0.50112534 -14.430244 -16.717854 -0.50112534 -21.696594 -4.1383114 -0.50112534 -21.696594 -4.1383114 -0.50112534 -23.481377 -4.8941326 0.00025939941 -23.481377 -4.8941326 0.00025939941 -26.433565 -5.5115089 0.00025939941 -26.433565 -5.5115089 0.00025939941 -26.433565 -5.5115089 0.00025939941 -26.919985 -5.6125355 -0.50112534 -26.919985 -5.6125355 -0.50112534 -26.919985 -5.6125355 -0.50112534 -26.590717 -4.6883392 0.00025939941 -26.590717 -4.6883392 0.00025939941 -26.99856 -9.5367432e-06 0.00025939941 -26.99856 -9.5367432e-06 0.00025939941 -26.590717 4.6883202 0.00025939941 -26.590717 4.6883202 0.00025939941 -26.433565 5.5114899 0.00025939941 -26.433565 5.5114899 0.00025939941 -26.433565 5.5114899 0.00025939941 -26.919985 5.6125145 -0.50112534 -26.919985 5.6125145 -0.50112534 -26.919985 5.6125145 -0.50112534 -23.814386 13.750679 -0.50112534 -23.814386 13.750679 -0.50112534 -25.842381 9.4065819 -0.50112534 -25.842381 9.4065819 -0.50112534 -15.979301 17.885239 -0.50112534 -15.979301 17.885239 -0.50112534 -15.979301 17.885239 0.00025939941 -15.979301 17.885239 0.00025939941 -13.898925 21.219078 0.00025939941 -13.898925 21.219078 0.00025939941 -13.898925 21.219078 0.00025939941 -13.898925 21.219078 -7.0004311 -13.898925 21.219078 -7.0004311 -13.898925 21.219078 -7.0004311 -13.678165 22.042248 -7.0004311 -13.678165 22.042248 -7.0004311 -13.678165 22.042248 -7.0004311 -13.075755 22.648403 -7.0004311 -13.075755 22.648403 -7.0004311 -13.075755 22.648403 -7.0004311 -12.248842 22.86916 -7.0004311 -12.248842 22.86916 -7.0004311 -12.248842 22.86916 -7.0004311 -11.425673 22.648403 -7.0004311 -11.425673 22.648403 -7.0004311 -11.425673 22.648403 -7.0004311 -10.819519 22.042248 -7.0004311 -10.819519 22.042248 -7.0004311 -10.819519 22.042248 -7.0004311 -10.598761 21.219078 0.00025939941 -10.598761 21.219078 0.00025939941 -10.598761 21.219078 0.00025939941 -7.261179 20.856136 0.00025939941 -7.261179 20.856136 0.00025939941 -7.261179 20.856136 -0.50112534 -7.261179 20.856136 -0.50112534 7.2640362 20.856136 -0.50112534 7.2640362 20.856136 -0.50112534 7.2640362 20.856136 0.00025939941 7.2640362 20.856136 0.00025939941 10.601618 21.219078 0.00025939941 10.601618 21.219078 0.00025939941 10.601618 21.219078 0.00025939941 10.601618 21.219078 -7.0004311 10.601618 21.219078 -7.0004311 10.601618 21.219078 -7.0004311 10.822378 22.042248 0.00025939941 10.822378 22.042248 0.00025939941 10.822378 22.042248 0.00025939941 10.822378 22.042248 -7.0004311 10.822378 22.042248 -7.0004311 10.822378 22.042248 -7.0004311 12.251703 22.86916 -7.0004311 12.251703 22.86916 -7.0004311 12.251703 22.86916 -7.0004311 11.424791 22.648403 -7.0004311 11.424791 22.648403 -7.0004311 11.424791 22.648403 -7.0004311 13.074873 22.648403 -7.0004311 13.074873 22.648403 -7.0004311 13.074873 22.648403 -7.0004311 13.677282 22.042248 -7.0004311 13.677282 22.042248 -7.0004311 13.677282 22.042248 -7.0004311 13.901785 21.219078 -7.0004311 13.901785 21.219078 -7.0004311 13.901785 21.219078 -7.0004311 13.677282 20.392166 -7.0004311 13.677282 20.392166 -7.0004311 13.677282 20.392166 -7.0004311 13.074873 19.789757 0.00025939941 13.074873 19.789757 0.00025939941 13.074873 19.789757 0.00025939941 14.433104 16.717834 0.00025939941 14.433104 16.717834 0.00025939941 14.433104 16.717834 -0.50112534 14.433104 16.717834 -0.50112534 21.695711 4.1382942 -0.50112534 21.695711 4.1382942 -0.50112534 21.695711 4.1382942 0.00025939941 21.695711 4.1382942 0.00025939941 23.675062 1.4293137 0.00025939941 23.675062 1.4293137 0.00025939941 23.675062 1.4293137 0.00025939941 23.675062 1.4293137 -7.0004311 23.675062 1.4293137 -7.0004311 23.675062 1.4293137 -7.0004311 24.498232 1.6500721 0.00025939941 24.498232 1.6500721 0.00025939941 24.498232 1.6500721 0.00025939941 24.498232 1.6500721 -7.0004311 24.498232 1.6500721 -7.0004311 24.498232 1.6500721 -7.0004311 25.325144 1.4293137 -7.0004311 25.325144 1.4293137 -7.0004311 25.325144 1.4293137 -7.0004311 25.927557 0.82316017 -7.0004311 25.927557 0.82316017 -7.0004311 25.927557 0.82316017 -7.0004311 26.148314 -9.5367432e-06 -7.0004311 26.148314 -9.5367432e-06 -7.0004311 26.148314 -9.5367432e-06 -7.0004311 25.927557 -0.82317924 -7.0004311 25.927557 -0.82317924 -7.0004311 25.927557 -0.82317924 -7.0004311 25.325144 -1.4293327 -7.0004311 25.325144 -1.4293327 -7.0004311 25.325144 -1.4293327 -7.0004311 24.498232 -1.6500931 -7.0004311 24.498232 -1.6500931 -7.0004311 24.498232 -1.6500931 -7.0004311 23.675062 -1.4293327 0.00025939941 23.675062 -1.4293327 0.00025939941 23.675062 -1.4293327 0.00025939941 21.695711 -4.1383114 0.00025939941 21.695711 -4.1383114 0.00025939941 21.695711 -4.1383114 -0.50112534 21.695711 -4.1383114 -0.50112534 18.163561 -12.396208 -0.50112534 18.163561 -12.396208 -0.50112534 18.163561 -12.396208 -0.50112534 18.163561 -12.396208 0.00025939941 18.163561 -12.396208 0.00025939941 18.163561 -12.396208 0.00025939941 17.325426 -15.325946 0.00025939941 17.325426 -15.325946 0.00025939941 17.325426 -15.325946 0.00025939941 18.324453 -15.591605 0.00025939941 18.324453 -15.591605 0.00025939941 18.324453 -15.591605 0.00025939941 18.324453 -15.591605 -4.9986305 18.324453 -15.591605 -4.9986305 18.324453 -15.591605 -4.9986305 19.057825 -16.324976 -4.9986305 19.057825 -16.324976 -4.9986305 19.057825 -16.324976 -4.9986305 19.323484 -17.324005 -4.9986305 19.323484 -17.324005 -4.9986305 19.323484 -17.324005 -4.9986305 19.057825 -18.323034 -4.9986305 19.057825 -18.323034 -4.9986305 19.057825 -18.323034 -4.9986305 18.324453 -19.056404 -4.9986305 18.324453 -19.056404 -4.9986305 18.324453 -19.056404 -4.9986305 17.325426 -19.325806 -4.9986305 17.325426 -19.325806 -4.9986305 17.325426 -19.325806 -4.9986305 16.322653 -19.056404 -4.9986305 16.322653 -19.056404 -4.9986305 16.322653 -19.056404 -4.9986305 15.593027 -18.323034 0.00025939941 15.593027 -18.323034 0.00025939941 15.593027 -18.323034 0.00025939941 13.074873 -19.789776 0.00025939941 13.074873 -19.789776 0.00025939941 13.074873 -19.789776 0.00025939941 13.677282 -20.392185 0.00025939941 13.677282 -20.392185 0.00025939941 13.677282 -20.392185 0.00025939941 13.901785 -21.219097 0.00025939941 13.901785 -21.219097 0.00025939941 13.901785 -21.219097 0.00025939941 13.901785 -21.219097 -7.0004311 13.901785 -21.219097 -7.0004311 13.901785 -21.219097 -7.0004311 13.677282 -22.042269 -7.0004311 13.677282 -22.042269 -7.0004311 13.677282 -22.042269 -7.0004311 13.074873 -22.64842 -7.0004311 13.074873 -22.64842 -7.0004311 13.074873 -22.64842 -7.0004311 12.251703 -22.869181 -7.0004311 12.251703 -22.869181 -7.0004311 12.251703 -22.869181 -7.0004311 11.424791 -22.64842 -7.0004311 11.424791 -22.64842 -7.0004311 11.424791 -22.64842 -7.0004311 10.822378 -22.042269 -7.0004311 10.822378 -22.042269 -7.0004311 10.822378 -22.042269 -7.0004311 10.601618 -21.219097 0.00025939941 10.601618 -21.219097 0.00025939941 10.601618 -21.219097 0.00025939941 7.2715206 -20.751387 0.00025939941 7.2715206 -20.751387 0.00025939941 7.2715206 -20.751387 0.00025939941 7.2715206 -20.751387 -0.50112534 7.2715206 -20.751387 -0.50112534 7.2715206 -20.751387 -0.50112534 -7.261179 -20.856155 -0.50112534 -7.261179 -20.856155 -0.50112534 -7.261179 -20.856155 0.00025939941 -7.261179 -20.856155 0.00025939941 -10.598761 -21.219097 0.00025939941 -10.598761 -21.219097 0.00025939941 -10.598761 -21.219097 0.00025939941 -10.598761 -21.219097 -7.0004311 -10.598761 -21.219097 -7.0004311 -10.598761 -21.219097 -7.0004311 -10.819519 -22.042269 0.00025939941 -10.819519 -22.042269 0.00025939941 -10.819519 -22.042269 0.00025939941 -10.819519 -22.042269 -7.0004311 -10.819519 -22.042269 -7.0004311 -10.819519 -22.042269 -7.0004311 -12.248842 -22.869181 -7.0004311 -12.248842 -22.869181 -7.0004311 -12.248842 -22.869181 -7.0004311 -11.425673 -22.64842 -7.0004311 -11.425673 -22.64842 -7.0004311 -11.425673 -22.64842 -7.0004311 -13.075755 -22.64842 -7.0004311 -13.075755 -22.64842 -7.0004311 -13.075755 -22.64842 -7.0004311 -13.678165 -22.042269 -7.0004311 -13.678165 -22.042269 -7.0004311 -13.678165 -22.042269 -7.0004311 -13.898925 -21.219097 -7.0004311 -13.898925 -21.219097 -7.0004311 -13.898925 -21.219097 -7.0004311 -13.678165 -20.392185 -7.0004311 -13.678165 -20.392185 -7.0004311 -13.678165 -20.392185 -7.0004311 -13.075755 -19.789776 0.00025939941 -13.075755 -19.789776 0.00025939941 -13.075755 -19.789776 0.00025939941 -14.430244 -16.717854 0.00025939941 -14.430244 -16.717854 0.00025939941 -15.979301 -17.885258 -0.50112534 -15.979301 -17.885258 -0.50112534 -23.481377 -4.8941326 -0.50112534 -23.481377 -4.8941326 -0.50112534 -21.067991 -17.675724 -0.50112534 -21.067991 -17.675724 -0.50112534 -23.814386 -13.750697 -0.50112534 -23.814386 -13.750697 -0.50112534 -25.842381 -9.4066029 -0.50112534 -25.842381 -9.4066029 -0.50112534 -25.842381 -9.4066029 -0.50112534 -26.781542 -9.7470951 -1.5001564 -26.781542 -9.7470951 -1.5001564 -28.068682 -4.9502563 -1.5001564 -28.068682 -4.9502563 -1.5001564 -28.068682 -4.9502563 -1.5001564 -28.498976 -9.5367432e-06 -1.5001564 -28.498976 -9.5367432e-06 -1.5001564 -28.068682 4.9502373 -1.5001564 -28.068682 4.9502373 -1.5001564 -26.781542 9.7470779 -1.5001564 -26.781542 9.7470779 -1.5001564 -24.682457 14.248322 -1.5001564 -24.682457 14.248322 -1.5001564 -21.067991 17.675705 -0.50112534 -21.067991 17.675705 -0.50112534 -18.321594 20.50816 -0.50112534 -18.321594 20.50816 -0.50112534 -18.321594 20.50816 -0.50112534 -18.321594 20.50816 -0.50112534 -17.988586 20.133991 0.00025939941 -17.988586 20.133991 0.00025939941 -17.988586 20.133991 0.00025939941 -17.356241 20.684017 0.00025939941 -17.356241 20.684017 0.00025939941 -13.678165 22.042248 0.00025939941 -13.678165 22.042248 0.00025939941 -13.678165 22.042248 0.00025939941 -13.075755 22.648403 0.00025939941 -13.075755 22.648403 0.00025939941 -13.075755 22.648403 0.00025939941 -12.248842 22.86916 0.00025939941 -12.248842 22.86916 0.00025939941 -12.248842 22.86916 0.00025939941 -11.425673 22.648403 0.00025939941 -11.425673 22.648403 0.00025939941 -11.425673 22.648403 0.00025939941 -10.819519 22.042248 0.00025939941 -10.819519 22.042248 0.00025939941 -10.819519 22.042248 0.00025939941 -7.5006466 22.783104 0.00025939941 -7.5006466 22.783104 0.00025939941 -7.5006466 22.783104 -0.50112534 -7.5006466 22.783104 -0.50112534 7.4997654 22.783104 -0.50112534 7.4997654 22.783104 -0.50112534 7.4997654 22.783104 0.00025939941 7.4997654 22.783104 0.00025939941 11.424791 22.648403 0.00025939941 11.424791 22.648403 0.00025939941 11.424791 22.648403 0.00025939941 12.251703 22.86916 0.00025939941 12.251703 22.86916 0.00025939941 12.251703 22.86916 0.00025939941 13.074873 22.648403 0.00025939941 13.074873 22.648403 0.00025939941 13.074873 22.648403 0.00025939941 13.677282 22.042248 0.00025939941 13.677282 22.042248 0.00025939941 13.677282 22.042248 0.00025939941 13.901785 21.219078 0.00025939941 13.901785 21.219078 0.00025939941 13.901785 21.219078 0.00025939941 13.677282 20.392166 0.00025939941 13.677282 20.392166 0.00025939941 13.677282 20.392166 0.00025939941 15.978418 17.885239 0.00025939941 15.978418 17.885239 0.00025939941 15.978418 17.885239 -0.50112534 15.978418 17.885239 -0.50112534 23.480494 4.8941116 -0.50112534 23.480494 4.8941116 -0.50112534 23.480494 4.8941116 0.00025939941 23.480494 4.8941116 0.00025939941 25.325144 1.4293137 0.00025939941 25.325144 1.4293137 0.00025939941 25.325144 1.4293137 0.00025939941 25.927557 0.82316017 0.00025939941 25.927557 0.82316017 0.00025939941 25.927557 0.82316017 0.00025939941 26.148314 -9.5367432e-06 0.00025939941 26.148314 -9.5367432e-06 0.00025939941 26.148314 -9.5367432e-06 0.00025939941 25.927557 -0.82317924 0.00025939941 25.927557 -0.82317924 0.00025939941 25.927557 -0.82317924 0.00025939941 25.325144 -1.4293327 0.00025939941 25.325144 -1.4293327 0.00025939941 25.325144 -1.4293327 0.00025939941 24.498232 -1.6500931 0.00025939941 24.498232 -1.6500931 0.00025939941 24.498232 -1.6500931 0.00025939941 23.480494 -4.8941326 0.00025939941 23.480494 -4.8941326 0.00025939941 23.480494 -4.8941326 -0.50112534 23.480494 -4.8941326 -0.50112534 20.064337 -13.140802 -0.50112534 20.064337 -13.140802 -0.50112534 20.064337 -13.140802 0.00025939941 20.064337 -13.140802 0.00025939941 22.586233 -14.794627 0.00025939941 22.586233 -14.794627 0.00025939941 22.586233 -14.794627 0.00025939941 19.057825 -16.324976 0.00025939941 19.057825 -16.324976 0.00025939941 19.057825 -16.324976 0.00025939941 19.323484 -17.324005 0.00025939941 19.323484 -17.324005 0.00025939941 19.323484 -17.324005 0.00025939941 19.057825 -18.323034 0.00025939941 19.057825 -18.323034 0.00025939941 19.057825 -18.323034 0.00025939941 18.324453 -19.056404 0.00025939941 18.324453 -19.056404 0.00025939941 18.324453 -19.056404 0.00025939941 17.325426 -19.325806 0.00025939941 17.325426 -19.325806 0.00025939941 17.325426 -19.325806 0.00025939941 16.322653 -19.056404 0.00025939941 16.322653 -19.056404 0.00025939941 16.322653 -19.056404 0.00025939941 13.677282 -22.042269 0.00025939941 13.677282 -22.042269 0.00025939941 13.677282 -22.042269 0.00025939941 13.074873 -22.64842 0.00025939941 13.074873 -22.64842 0.00025939941 13.074873 -22.64842 0.00025939941 12.251703 -22.869181 0.00025939941 12.251703 -22.869181 0.00025939941 12.251703 -22.869181 0.00025939941 11.424791 -22.64842 0.00025939941 11.424791 -22.64842 0.00025939941 11.424791 -22.64842 0.00025939941 10.822378 -22.042269 0.00025939941 10.822378 -22.042269 0.00025939941 10.822378 -22.042269 0.00025939941 7.4997654 -22.783121 0.00025939941 7.4997654 -22.783121 0.00025939941 7.4997654 -22.783121 -0.50112534 7.4997654 -22.783121 -0.50112534 -7.5006466 -22.783121 -0.50112534 -7.5006466 -22.783121 -0.50112534 -7.5006466 -22.783121 0.00025939941 -7.5006466 -22.783121 0.00025939941 -11.425673 -22.64842 0.00025939941 -11.425673 -22.64842 0.00025939941 -11.425673 -22.64842 0.00025939941 -12.248842 -22.869181 0.00025939941 -12.248842 -22.869181 0.00025939941 -12.248842 -22.869181 0.00025939941 -13.075755 -22.64842 0.00025939941 -13.075755 -22.64842 0.00025939941 -13.075755 -22.64842 0.00025939941 -13.678165 -22.042269 0.00025939941 -13.678165 -22.042269 0.00025939941 -13.678165 -22.042269 0.00025939941 -13.898925 -21.219097 0.00025939941 -13.898925 -21.219097 0.00025939941 -13.898925 -21.219097 0.00025939941 -13.678165 -20.392185 0.00025939941 -13.678165 -20.392185 0.00025939941 -13.678165 -20.392185 0.00025939941 -15.979301 -17.885258 0.00025939941 -15.979301 -17.885258 0.00025939941 -17.988586 -20.13401 0.00025939941 -17.988586 -20.13401 0.00025939941 -17.988586 -20.13401 0.00025939941 -18.321594 -20.508179 -0.50112534 -18.321594 -20.508179 -0.50112534 -18.321594 -20.508179 -0.50112534 -18.321594 -20.508179 -0.50112534 -21.831295 -18.319294 -1.5001564 -21.831295 -18.319294 -1.5001564 -21.831295 -18.319294 -1.5001564 -24.682457 -14.248342 -1.5001564 -24.682457 -14.248342 -1.5001564 -24.682457 -14.248342 -11.00029 -24.682457 -14.248342 -11.00029 -26.781542 -9.7470951 -11.00029 -26.781542 -9.7470951 -11.00029 -28.068682 -4.9502563 -11.00029 -28.068682 -4.9502563 -11.00029 -28.498976 -9.5367432e-06 -11.00029 -28.498976 -9.5367432e-06 -11.00029 -28.068682 4.9502373 -11.00029 -28.068682 4.9502373 -11.00029 -26.781542 9.7470779 -11.00029 -26.781542 9.7470779 -11.00029 -24.682457 14.248322 -11.00029 -24.682457 14.248322 -11.00029 -21.831295 18.319275 -1.5001564 -21.831295 18.319275 -1.5001564 -18.317854 21.832714 -1.5001564 -18.317854 21.832714 -1.5001564 -18.317854 21.832714 -1.5001564 -13.498565 23.381771 0.00025939941 -13.498565 23.381771 0.00025939941 -9.2330456 25.372349 0.00025939941 -9.2330456 25.372349 0.00025939941 -9.2330456 25.372349 0.00025939941 -8.4435501 25.645489 0.00025939941 -8.4435501 25.645489 0.00025939941 -8.4435501 25.645489 0.00025939941 -8.6007004 26.120686 -0.50112534 -8.6007004 26.120686 -0.50112534 -8.6007004 26.120686 -0.50112534 -4.776701 27.082298 -0.50112534 -4.776701 27.082298 -0.50112534 0.0014305115 27.501366 -0.50112534 0.0014305115 27.501366 -0.50112534 4.7758198 27.082298 -0.50112534 4.7758198 27.082298 -0.50112534 8.5998173 26.120686 -0.50112534 8.5998173 26.120686 -0.50112534 8.5998173 26.120686 -0.50112534 8.5998173 26.120686 -0.50112534 8.442667 25.645489 0.00025939941 8.442667 25.645489 0.00025939941 8.442667 25.645489 0.00025939941 9.2359066 25.372349 0.00025939941 9.2359066 25.372349 0.00025939941 13.501425 23.381771 0.00025939941 13.501425 23.381771 0.00025939941 17.35536 20.684017 0.00025939941 17.35536 20.684017 0.00025939941 17.35536 20.684017 0.00025939941 17.987703 20.133991 0.00025939941 17.987703 20.133991 0.00025939941 17.987703 20.133991 0.00025939941 18.320711 20.50816 -0.50112534 18.320711 20.50816 -0.50112534 18.320711 20.50816 -0.50112534 21.06711 17.675705 -0.50112534 21.06711 17.675705 -0.50112534 23.817247 13.750679 -0.50112534 23.817247 13.750679 -0.50112534 25.841497 9.4065819 -0.50112534 25.841497 9.4065819 -0.50112534 26.922842 5.6125145 -0.50112534 26.922842 5.6125145 -0.50112534 26.922842 5.6125145 -0.50112534 26.922842 5.6125145 -0.50112534 26.432684 5.5114899 0.00025939941 26.432684 5.5114899 0.00025939941 26.432684 5.5114899 0.00025939941 26.589834 4.6883202 0.00025939941 26.589834 4.6883202 0.00025939941 27.001417 -9.5367432e-06 0.00025939941 27.001417 -9.5367432e-06 0.00025939941 26.589834 -4.6883392 0.00025939941 26.589834 -4.6883392 0.00025939941 26.589834 -4.6883392 0.00025939941 26.432684 -5.5115089 0.00025939941 26.432684 -5.5115089 0.00025939941 26.432684 -5.5115089 0.00025939941 26.922842 -5.6125355 -0.50112534 26.922842 -5.6125355 -0.50112534 26.922842 -5.6125355 -0.50112534 25.841497 -9.4066029 -0.50112534 25.841497 -9.4066029 -0.50112534 23.817247 -13.750697 -0.50112534 23.817247 -13.750697 -0.50112534 23.817247 -13.750697 -0.50112534 23.005301 -15.06777 -0.50112534 23.005301 -15.06777 -0.50112534 23.005301 -15.06777 -0.50112534 20.681715 -17.353939 0.00025939941 20.681715 -17.353939 0.00025939941 17.35536 -20.684036 0.00025939941 17.35536 -20.684036 0.00025939941 13.501425 -23.38179 0.00025939941 13.501425 -23.38179 0.00025939941 9.2359066 -25.372366 0.00025939941 9.2359066 -25.372366 0.00025939941 8.442667 -25.64551 0.00025939941 8.442667 -25.64551 0.00025939941 8.442667 -25.64551 0.00025939941 8.5998173 -26.120703 -0.50112534 8.5998173 -26.120703 -0.50112534 8.5998173 -26.120703 -0.50112534 8.5998173 -26.120703 -0.50112534 4.7758198 -27.082315 -0.50112534 4.7758198 -27.082315 -0.50112534 0.0014305115 -27.501385 -0.50112534 0.0014305115 -27.501385 -0.50112534 -4.776701 -27.082315 -0.50112534 -4.776701 -27.082315 -0.50112534 -4.776701 -27.082315 -0.50112534 -8.6007004 -26.120703 -0.50112534 -8.6007004 -26.120703 -0.50112534 -8.6007004 -26.120703 -0.50112534 -8.4435501 -25.64551 0.00025939941 -8.4435501 -25.64551 0.00025939941 -8.4435501 -25.64551 0.00025939941 -9.2330456 -25.372366 0.00025939941 -9.2330456 -25.372366 0.00025939941 -13.498565 -23.38179 0.00025939941 -13.498565 -23.38179 0.00025939941 -17.356241 -20.684036 0.00025939941 -17.356241 -20.684036 0.00025939941 -18.317854 -21.832733 -1.5001564 -18.317854 -21.832733 -1.5001564 -18.317854 -21.832733 -11.00029 -18.317854 -21.832733 -11.00029 -21.831295 -18.319294 -11.00029 -21.831295 -18.319294 -11.00029 -23.900446 -13.799339 -11.00029 -23.900446 -13.799339 -11.00029 -25.935921 -9.4402771 -11.00029 -25.935921 -9.4402771 -11.00029 -27.181902 -4.7931061 -11.00029 -27.181902 -4.7931061 -11.00029 -27.600971 -9.5367432e-06 -11.00029 -27.600971 -9.5367432e-06 -11.00029 -27.181902 4.793087 -11.00029 -27.181902 4.793087 -11.00029 -25.935921 9.440258 -11.00029 -25.935921 9.440258 -11.00029 -23.900446 13.79932 -11.00029 -23.900446 13.79932 -11.00029 -21.142824 17.739311 -11.00029 -21.142824 17.739311 -11.00029 -21.831295 18.319275 -11.00029 -21.831295 18.319275 -11.00029 -18.317854 21.832714 -11.00029 -18.317854 21.832714 -11.00029 -14.250644 24.680138 -1.5001564 -14.250644 24.680138 -1.5001564 -9.7493973 26.782963 -1.5001564 -9.7493973 26.782963 -1.5001564 -9.7493973 26.782963 -1.5001564 -4.9488182 28.06636 -1.5001564 -4.9488182 28.06636 -1.5001564 0.0014305115 28.500397 -1.5001564 0.0014305115 28.500397 -1.5001564 4.9479351 28.06636 -1.5001564 4.9479351 28.06636 -1.5001564 9.7485142 26.782963 -1.5001564 9.7485142 26.782963 -1.5001564 9.7485142 26.782963 -1.5001564 14.249762 24.680138 -1.5001564 14.249762 24.680138 -1.5001564 18.320711 21.832714 -1.5001564 18.320711 21.832714 -1.5001564 18.320711 21.832714 -1.5001564 21.830412 18.319275 -1.5001564 21.830412 18.319275 -1.5001564 24.681574 14.248322 -1.5001564 24.681574 14.248322 -1.5001564 26.780661 9.7470779 -1.5001564 26.780661 9.7470779 -1.5001564 28.067801 4.9502373 -1.5001564 28.067801 4.9502373 -1.5001564 28.067801 4.9502373 -1.5001564 28.501833 -9.5367432e-06 -1.5001564 28.501833 -9.5367432e-06 -1.5001564 28.067801 -4.9502563 -1.5001564 28.067801 -4.9502563 -1.5001564 28.067801 -4.9502563 -1.5001564 26.780661 -9.7470951 -1.5001564 26.780661 -9.7470951 -1.5001564 24.681574 -14.248342 -1.5001564 24.681574 -14.248342 -1.5001564 21.830412 -18.319294 -1.5001564 21.830412 -18.319294 -1.5001564 21.830412 -18.319294 -1.5001564 18.320711 -21.832733 -1.5001564 18.320711 -21.832733 -1.5001564 14.249762 -24.680155 -1.5001564 14.249762 -24.680155 -1.5001564 9.7485142 -26.782982 -1.5001564 9.7485142 -26.782982 -1.5001564 4.9479351 -28.06638 -1.5001564 4.9479351 -28.06638 -1.5001564 4.9479351 -28.06638 -1.5001564 0.0014305115 -28.500414 -1.5001564 0.0014305115 -28.500414 -1.5001564 -4.9488182 -28.06638 -1.5001564 -4.9488182 -28.06638 -1.5001564 -9.7493973 -26.782982 -1.5001564 -9.7493973 -26.782982 -1.5001564 -9.7493973 -26.782982 -1.5001564 -14.250644 -24.680155 -1.5001564 -14.250644 -24.680155 -1.5001564 -14.250644 -24.680155 -11.00029 -14.250644 -24.680155 -11.00029 -17.741634 -21.144264 -11.00029 -17.741634 -21.144264 -11.00029 -21.142824 -17.739332 -11.00029 -21.142824 -17.739332 -11.00029 -23.900446 -13.799339 -7.9994621 -23.900446 -13.799339 -7.9994621 -25.935921 -9.4402771 -7.9994621 -25.935921 -9.4402771 -7.9994621 -27.181902 -4.7931061 -7.9994621 -27.181902 -4.7931061 -7.9994621 -27.600971 -9.5367432e-06 -7.9994621 -27.600971 -9.5367432e-06 -7.9994621 -27.181902 4.793087 -7.9994621 -27.181902 4.793087 -7.9994621 -25.935921 9.440258 -7.9994621 -25.935921 9.440258 -7.9994621 -23.900446 13.79932 -7.9994621 -23.900446 13.79932 -7.9994621 -21.142824 17.739311 -7.9994621 -21.142824 17.739311 -7.9994621 -17.741634 21.144245 -7.9994621 -17.741634 21.144245 -7.9994621 -17.741634 21.144245 -11.00029 -17.741634 21.144245 -11.00029 -13.801641 23.901867 -11.00029 -13.801641 23.901867 -11.00029 -14.250644 24.680138 -11.00029 -14.250644 24.680138 -11.00029 -9.7493973 26.782963 -11.00029 -9.7493973 26.782963 -11.00029 -4.9488182 28.06636 -11.00029 -4.9488182 28.06636 -11.00029 0.0014305115 28.500397 -11.00029 0.0014305115 28.500397 -11.00029 4.9479351 28.06636 -11.00029 4.9479351 28.06636 -11.00029 9.7485142 26.782963 -11.00029 9.7485142 26.782963 -11.00029 14.249762 24.680138 -11.00029 14.249762 24.680138 -11.00029 18.320711 21.832714 -11.00029 18.320711 21.832714 -11.00029 21.830412 18.319275 -11.00029 21.830412 18.319275 -11.00029 24.681574 14.248322 -11.00029 24.681574 14.248322 -11.00029 26.780661 9.7470779 -11.00029 26.780661 9.7470779 -11.00029 28.067801 4.9502373 -11.00029 28.067801 4.9502373 -11.00029 28.501833 -9.5367432e-06 -11.00029 28.501833 -9.5367432e-06 -11.00029 28.067801 -4.9502563 -11.00029 28.067801 -4.9502563 -11.00029 26.780661 -9.7470951 -11.00029 26.780661 -9.7470951 -11.00029 24.681574 -14.248342 -11.00029 24.681574 -14.248342 -11.00029 21.830412 -18.319294 -11.00029 21.830412 -18.319294 -11.00029 18.320711 -21.832733 -11.00029 18.320711 -21.832733 -11.00029 14.249762 -24.680155 -11.00029 14.249762 -24.680155 -11.00029 9.7485142 -26.782982 -11.00029 9.7485142 -26.782982 -11.00029 4.9479351 -28.06638 -11.00029 4.9479351 -28.06638 -11.00029 0.0014305115 -28.500414 -11.00029 0.0014305115 -28.500414 -11.00029 -4.9488182 -28.06638 -11.00029 -4.9488182 -28.06638 -11.00029 -9.7493973 -26.782982 -11.00029 -9.7493973 -26.782982 -11.00029 -13.801641 -23.901886 -11.00029 -13.801641 -23.901886 -11.00029 -17.741634 -21.144264 -7.9994621 -17.741634 -21.144264 -7.9994621 -21.142824 -17.739332 -7.9994621 -21.142824 -17.739332 -7.9994621 -11.99815 -8.9987583 -7.9994621 -11.99815 -8.9987583 -7.9994621 -11.99815 -8.9987583 -7.9994621 -11.99815 8.9987411 -7.9994621 -11.99815 8.9987411 -7.9994621 -11.99815 8.9987411 -7.9994621 -9.9514484 11.221298 -7.9994621 -9.9514484 11.221298 -7.9994621 -7.5006466 12.991116 -7.9994621 -7.5006466 12.991116 -7.9994621 -13.801641 23.901867 -7.9994621 -13.801641 23.901867 -7.9994621 -9.438839 25.93734 -7.9994621 -9.438839 25.93734 -7.9994621 -9.438839 25.93734 -11.00029 -9.438839 25.93734 -11.00029 -4.7916679 27.179581 -11.00029 -4.7916679 27.179581 -11.00029 0.0014305115 27.598648 -11.00029 0.0014305115 27.598648 -11.00029 4.7945271 27.179581 -11.00029 4.7945271 27.179581 -11.00029 9.4379559 25.93734 -11.00029 9.4379559 25.93734 -11.00029 13.80076 23.901867 -11.00029 13.80076 23.901867 -11.00029 17.740751 21.144245 -11.00029 17.740751 21.144245 -11.00029 21.141943 17.739311 -11.00029 21.141943 17.739311 -11.00029 23.903303 13.79932 -11.00029 23.903303 13.79932 -11.00029 25.935038 9.440258 -11.00029 25.935038 9.440258 -11.00029 27.181021 4.793087 -11.00029 27.181021 4.793087 -11.00029 27.600088 -9.5367432e-06 -11.00029 27.600088 -9.5367432e-06 -11.00029 27.181021 -4.7931061 -11.00029 27.181021 -4.7931061 -11.00029 25.935038 -9.4402771 -11.00029 25.935038 -9.4402771 -11.00029 23.903303 -13.799339 -11.00029 23.903303 -13.799339 -11.00029 21.141943 -17.739332 -11.00029 21.141943 -17.739332 -11.00029 17.740751 -21.144264 -11.00029 17.740751 -21.144264 -11.00029 13.80076 -23.901886 -11.00029 13.80076 -23.901886 -11.00029 9.4379559 -25.937361 -11.00029 9.4379559 -25.937361 -11.00029 4.7945271 -27.1796 -11.00029 4.7945271 -27.1796 -11.00029 0.0014305115 -27.598669 -11.00029 0.0014305115 -27.598669 -11.00029 -4.7916679 -27.1796 -11.00029 -4.7916679 -27.1796 -11.00029 -9.438839 -25.937361 -11.00029 -9.438839 -25.937361 -11.00029 -13.801641 -23.901886 -7.9994621 -13.801641 -23.901886 -7.9994621 -9.9514484 -11.221319 -7.9994621 -9.9514484 -11.221319 -7.9994621 -9.9514484 -11.221319 -10.798241 -9.9514484 -11.221319 -10.798241 -11.99815 -8.9987583 -10.798241 -11.99815 -8.9987583 -10.798241 -11.99815 -8.9987583 -10.798241 -11.99815 8.9987411 -10.798241 -11.99815 8.9987411 -10.798241 -11.99815 8.9987411 -10.798241 -9.9514484 11.221298 -10.798241 -9.9514484 11.221298 -10.798241 -7.5006466 12.991116 -10.798241 -7.5006466 12.991116 -10.798241 -4.7430248 14.229614 -7.9994621 -4.7430248 14.229614 -7.9994621 -4.7916679 27.179581 -7.9994621 -4.7916679 27.179581 -7.9994621 0.0014305115 27.598648 -7.9994621 0.0014305115 27.598648 -7.9994621 4.7945271 27.179581 -7.9994621 4.7945271 27.179581 -7.9994621 9.4379559 25.93734 -7.9994621 9.4379559 25.93734 -7.9994621 13.80076 23.901867 -7.9994621 13.80076 23.901867 -7.9994621 17.740751 21.144245 -7.9994621 17.740751 21.144245 -7.9994621 21.141943 17.739311 -7.9994621 21.141943 17.739311 -7.9994621 23.903303 13.79932 -7.9994621 23.903303 13.79932 -7.9994621 25.935038 9.440258 -7.9994621 25.935038 9.440258 -7.9994621 27.181021 4.793087 -7.9994621 27.181021 4.793087 -7.9994621 27.600088 -9.5367432e-06 -7.9994621 27.600088 -9.5367432e-06 -7.9994621 27.181021 -4.7931061 -7.9994621 27.181021 -4.7931061 -7.9994621 25.935038 -9.4402771 -7.9994621 25.935038 -9.4402771 -7.9994621 23.903303 -13.799339 -7.9994621 23.903303 -13.799339 -7.9994621 21.141943 -17.739332 -7.9994621 21.141943 -17.739332 -7.9994621 17.740751 -21.144264 -7.9994621 17.740751 -21.144264 -7.9994621 13.80076 -23.901886 -7.9994621 13.80076 -23.901886 -7.9994621 9.4379559 -25.937361 -7.9994621 9.4379559 -25.937361 -7.9994621 4.7945271 -27.1796 -7.9994621 4.7945271 -27.1796 -7.9994621 0.0014305115 -27.598669 -7.9994621 0.0014305115 -27.598669 -7.9994621 -4.7916679 -27.1796 -7.9994621 -4.7916679 -27.1796 -7.9994621 -9.438839 -25.937361 -7.9994621 -9.438839 -25.937361 -7.9994621 -7.5006466 -12.991136 -7.9994621 -7.5006466 -12.991136 -7.9994621 -7.5006466 -12.991136 -10.798241 -7.5006466 -12.991136 -10.798241 -10.673594 -14.495293 -10.798241 -10.673594 -14.495293 -10.798241 -13.603333 -11.786314 -10.798241 -13.603333 -11.786314 -10.798241 -15.867051 -8.5011158 -10.798241 -15.867051 -8.5011158 -10.798241 -15.867051 -8.5011158 -10.798241 -25.123976 -8.1606216 -10.798241 -25.123976 -8.1606216 -10.798241 -25.123976 -8.1606216 -10.798241 -24.783484 -8.411314 -10.798241 -24.783484 -8.411314 -10.798241 -24.783484 -8.411314 -10.798241 -25.326027 -7.7939377 -10.798241 -25.326027 -7.7939377 -10.798241 -24.371899 -8.5011158 -10.798241 -24.371899 -8.5011158 -10.798241 -26.205322 -3.9400024 -10.798241 -26.205322 -3.9400024 -10.798241 -26.500916 -9.5367432e-06 -10.798241 -26.500916 -9.5367432e-06 -10.798241 -24.783484 8.4112968 -10.798241 -24.783484 8.4112968 -10.798241 -24.783484 8.4112968 -10.798241 -25.123976 8.1606026 -10.798241 -25.123976 8.1606026 -10.798241 -24.371899 8.5010948 -10.798241 -24.371899 8.5010948 -10.798241 -25.239969 7.9997101 -10.798241 -25.239969 7.9997101 -10.798241 -25.326027 7.7939186 -10.798241 -25.326027 7.7939186 -10.798241 -15.867051 8.5010948 -10.798241 -15.867051 8.5010948 -10.798241 -15.867051 8.5010948 -10.798241 -26.205322 3.9399834 -10.798241 -26.205322 3.9399834 -10.798241 -15.590166 8.9987411 -10.798241 -15.590166 8.9987411 -10.798241 -13.603333 11.786293 -10.798241 -13.603333 11.786293 -10.798241 -10.673594 14.495274 -10.798241 -10.673594 14.495274 -10.798241 -7.2162781 16.48959 -10.798241 -7.2162781 16.48959 -10.798241 -3.4072437 17.675705 -10.798241 -3.4072437 17.675705 -10.798241 -4.7430248 14.229614 -10.798241 -4.7430248 14.229614 -10.798241 -1.7945786 14.891891 -7.9994621 -1.7945786 14.891891 -7.9994621 -1.7945786 14.891891 -7.9994621 13.793276 5.8931427 -7.9994621 13.793276 5.8931427 -7.9994621 13.793276 5.8931427 -7.9994621 14.695021 3.0083046 -7.9994621 14.695021 3.0083046 -7.9994621 15.001841 -9.5367432e-06 -7.9994621 15.001841 -9.5367432e-06 -7.9994621 14.695021 -3.0083237 -7.9994621 14.695021 -3.0083237 -7.9994621 13.793276 -5.8931618 -7.9994621 13.793276 -5.8931618 -7.9994621 13.793276 -5.8931618 -7.9994621 -1.7945786 -14.891911 -7.9994621 -1.7945786 -14.891911 -7.9994621 -1.7945786 -14.891911 -7.9994621 -4.7430248 -14.229632 -7.9994621 -4.7430248 -14.229632 -7.9994621 -4.7430248 -14.229632 -10.798241 -4.7430248 -14.229632 -10.798241 -7.2162781 -16.489609 -10.798241 -7.2162781 -16.489609 -10.798241 -3.4072437 -17.675724 -8.9984894 -3.4072437 -17.675724 -8.9984894 -3.4072437 -17.675724 -10.798241 -3.4072437 -17.675724 -10.798241 -7.2162781 -16.489609 -8.9984894 -7.2162781 -16.489609 -8.9984894 -10.673594 -14.495293 -8.9984894 -10.673594 -14.495293 -8.9984894 -13.603333 -11.786314 -8.9984894 -13.603333 -11.786314 -8.9984894 -15.867051 -8.5011158 -8.9984894 -15.867051 -8.5011158 -8.9984894 -15.867051 -8.5011158 -8.9984894 -24.371899 -8.5011158 -8.9984894 -24.371899 -8.5011158 -8.9984894 -24.783484 -8.411314 -8.9984894 -24.783484 -8.411314 -8.9984894 -24.783484 -8.411314 -8.9984894 -25.123976 -8.1606216 -8.9984894 -25.123976 -8.1606216 -8.9984894 -25.123976 -8.1606216 -8.9984894 -25.326027 -7.7939377 -8.9984894 -25.326027 -7.7939377 -8.9984894 -26.205322 -3.9400024 -8.9984894 -26.205322 -3.9400024 -8.9984894 -26.500916 -9.5367432e-06 -8.9984894 -26.500916 -9.5367432e-06 -8.9984894 -26.205322 3.9399834 -8.9984894 -26.205322 3.9399834 -8.9984894 -25.326027 7.7939186 -8.9984894 -25.326027 7.7939186 -8.9984894 -25.239969 7.9997101 -8.9984894 -25.239969 7.9997101 -8.9984894 -25.123976 8.1606026 -8.9984894 -25.123976 8.1606026 -8.9984894 -24.783484 8.4112968 -8.9984894 -24.783484 8.4112968 -8.9984894 -24.783484 8.4112968 -8.9984894 -24.371899 8.5010948 -8.9984894 -24.371899 8.5010948 -8.9984894 -15.867051 8.5010948 -8.9984894 -15.867051 8.5010948 -8.9984894 -15.867051 8.5010948 -8.9984894 -15.590166 8.9987411 -8.9984894 -15.590166 8.9987411 -8.9984894 -13.603333 11.786293 -8.9984894 -13.603333 11.786293 -8.9984894 -10.673594 14.495274 -8.9984894 -10.673594 14.495274 -8.9984894 -7.2162781 16.48959 -8.9984894 -7.2162781 16.48959 -8.9984894 -3.4072437 17.675705 -8.9984894 -3.4072437 17.675705 -8.9984894 0.57390785 17.990005 -8.9984894 0.57390785 17.990005 -8.9984894 0.57390785 17.990005 -8.9984894 5.4942226 25.836315 -10.798241 5.4942226 25.836315 -10.798241 5.4942226 25.836315 -10.798241 5.1088276 25.667942 -10.798241 5.1088276 25.667942 -10.798241 5.1088276 25.667942 -10.798241 5.91329 25.832573 -10.798241 5.91329 25.832573 -10.798241 9.6886501 24.665169 -10.798241 9.6886501 24.665169 -10.798241 4.824461 25.35738 -10.798241 4.824461 25.35738 -10.798241 4.824461 25.35738 -8.9984894 4.824461 25.35738 -8.9984894 5.1088276 25.667942 -8.9984894 5.1088276 25.667942 -8.9984894 5.1088276 25.667942 -8.9984894 5.4942226 25.836315 -8.9984894 5.4942226 25.836315 -8.9984894 5.4942226 25.836315 -8.9984894 5.91329 25.832573 -8.9984894 5.91329 25.832573 -8.9984894 9.6886501 24.665169 -8.9984894 9.6886501 24.665169 -8.9984894 13.250731 22.951477 -8.9984894 13.250731 22.951477 -8.9984894 13.250731 22.951477 -10.798241 13.250731 22.951477 -10.798241 16.517221 20.725178 -8.9984894 16.517221 20.725178 -8.9984894 16.517221 20.725178 -10.798241 16.517221 20.725178 -10.798241 0.57390785 17.990005 -10.798241 0.57390785 17.990005 -10.798241 0.57390785 17.990005 -10.798241 -1.7945786 14.891891 -10.798241 -1.7945786 14.891891 -10.798241 -1.7945786 14.891891 -10.798241 13.793276 5.8931427 -10.798241 13.793276 5.8931427 -10.798241 13.793276 5.8931427 -10.798241 14.695021 3.0083046 -10.798241 14.695021 3.0083046 -10.798241 15.001841 -9.5367432e-06 -10.798241 15.001841 -9.5367432e-06 -10.798241 14.695021 -3.0083237 -10.798241 14.695021 -3.0083237 -10.798241 13.793276 -5.8931618 -10.798241 13.793276 -5.8931618 -10.798241 13.793276 -5.8931618 -10.798241 -1.7945786 -14.891911 -10.798241 -1.7945786 -14.891911 -10.798241 -1.7945786 -14.891911 -10.798241 0.0014305115 -18.001251 -10.798241 0.0014305115 -18.001251 -10.798241 0.57390785 -17.990025 -10.798241 0.57390785 -17.990025 -10.798241 0.57390785 -17.990025 -10.798241 9.6886501 -24.665188 -10.798241 9.6886501 -24.665188 -10.798241 9.6886501 -24.665188 -8.9984894 9.6886501 -24.665188 -8.9984894 13.250731 -22.951498 -10.798241 13.250731 -22.951498 -10.798241 16.517221 -20.725195 -10.798241 16.517221 -20.725195 -10.798241 13.250731 -22.951498 -8.9984894 13.250731 -22.951498 -8.9984894 9.1984882 -25.278824 -8.9984894 9.1984882 -25.278824 -8.9984894 9.3032551 -25.55945 -9.3015671 9.3032551 -25.55945 -9.3015671 4.6710491 -26.491131 -8.9984894 4.6710491 -26.491131 -8.9984894 0.0014305115 -26.898973 -8.9984894 0.0014305115 -26.898973 -8.9984894 -4.6719341 -26.491131 -8.9984894 -4.6719341 -26.491131 -8.9984894 -9.1993713 -25.278824 -8.9984894 -9.1993713 -25.278824 -8.9984894 -13.449924 -23.295732 -8.9984894 -13.449924 -23.295732 -8.9984894 -17.292633 -20.605461 -8.9984894 -17.292633 -20.605461 -8.9984894 -20.607765 -17.290329 -8.9984894 -20.607765 -17.290329 -8.9984894 -23.294292 -13.451363 -8.9984894 -23.294292 -13.451363 -8.9984894 -25.277386 -9.2008095 -8.9984894 -25.277386 -9.2008095 -8.9984894 -26.489691 -4.6696301 -8.9984894 -26.489691 -4.6696301 -8.9984894 -26.901276 -9.5367432e-06 -8.9984894 -26.901276 -9.5367432e-06 -8.9984894 -26.489691 4.6696129 -8.9984894 -26.489691 4.6696129 -8.9984894 -25.277386 9.2007904 -8.9984894 -25.277386 9.2007904 -8.9984894 -23.294292 13.451344 -8.9984894 -23.294292 13.451344 -8.9984894 -20.607765 17.29031 -8.9984894 -20.607765 17.29031 -8.9984894 -17.292633 20.605442 -8.9984894 -17.292633 20.605442 -8.9984894 -13.449924 23.295712 -8.9984894 -13.449924 23.295712 -8.9984894 -9.1993713 25.278805 -8.9984894 -9.1993713 25.278805 -8.9984894 -4.6719341 26.491112 -8.9984894 -4.6719341 26.491112 -8.9984894 0.0014305115 26.898952 -8.9984894 0.0014305115 26.898952 -8.9984894 4.6710491 26.491112 -8.9984894 4.6710491 26.491112 -8.9984894 9.1984882 25.278805 -8.9984894 9.1984882 25.278805 -8.9984894 9.3032551 25.559433 -9.3015671 9.3032551 25.559433 -9.3015671 13.449041 23.295712 -8.9984894 13.449041 23.295712 -8.9984894 17.29175 20.605442 -8.9984894 17.29175 20.605442 -8.9984894 19.413286 18.038647 -8.9984894 19.413286 18.038647 -8.9984894 19.413286 18.038647 -10.798241 19.413286 18.038647 -10.798241 19.630301 17.675705 -8.9984894 19.630301 17.675705 -8.9984894 19.630301 17.675705 -8.9984894 19.630301 17.675705 -10.798241 19.630301 17.675705 -10.798241 19.630301 17.675705 -10.798241 19.675203 17.256634 -10.798241 19.675203 17.256634 -10.798241 19.675203 17.256634 -10.798241 19.547987 16.856274 -10.798241 19.547987 16.856274 -10.798241 15.293692 9.4926414 -10.798241 15.293692 9.4926414 -10.798241 15.293692 9.4926414 -10.798241 15.589285 8.9987411 -10.798241 15.589285 8.9987411 -10.798241 16.973707 5.9941673 -10.798241 16.973707 5.9941673 -10.798241 17.860487 2.2225513 -10.798241 17.860487 2.2225513 -10.798241 17.924093 -1.6538334 -10.798241 17.924093 -1.6538334 -10.798241 17.153307 -5.451643 -10.798241 17.153307 -5.451643 -10.798241 15.589285 -8.9987583 -10.798241 15.589285 -8.9987583 -10.798241 15.293692 -9.4926605 -8.9984894 15.293692 -9.4926605 -8.9984894 15.293692 -9.4926605 -8.9984894 15.293692 -9.4926605 -10.798241 15.293692 -9.4926605 -10.798241 15.293692 -9.4926605 -10.798241 19.547987 -16.856295 -10.798241 19.547987 -16.856295 -10.798241 19.667719 -17.529797 -10.798241 19.667719 -17.529797 -10.798241 19.667719 -17.18182 -10.798241 19.667719 -17.18182 -10.798241 19.547987 -17.855324 -10.798241 19.547987 -17.855324 -10.798241 19.413286 -18.038666 -10.798241 19.413286 -18.038666 -10.798241 16.517221 -20.725195 -8.9984894 16.517221 -20.725195 -8.9984894 13.449041 -23.295732 -8.9984894 13.449041 -23.295732 -8.9984894 13.598707 -23.55765 -9.3015671 13.598707 -23.55765 -9.3015671 13.598707 -23.55765 -11.501675 13.598707 -23.55765 -11.501675 9.3032551 -25.55945 -11.501675 9.3032551 -25.55945 -11.501675 4.7234325 -26.786724 -9.3015671 4.7234325 -26.786724 -9.3015671 0.0014305115 -27.198309 -9.3015671 0.0014305115 -27.198309 -9.3015671 -4.7243176 -26.786724 -9.3015671 -4.7243176 -26.786724 -9.3015671 -9.3041382 -25.55945 -9.3015671 -9.3041382 -25.55945 -9.3015671 -13.59959 -23.55765 -9.3015671 -13.59959 -23.55765 -9.3015671 -17.483459 -20.837446 -9.3015671 -17.483459 -20.837446 -9.3015671 -20.836006 -17.484898 -9.3015671 -20.836006 -17.484898 -9.3015671 -23.556211 -13.601029 -9.3015671 -23.556211 -13.601029 -9.3015671 -25.558012 -9.301836 -9.3015671 -25.558012 -9.301836 -9.3015671 -26.785284 -4.7220154 -9.3015671 -26.785284 -4.7220154 -9.3015671 -27.200611 -9.5367432e-06 -9.3015671 -27.200611 -9.5367432e-06 -9.3015671 -26.785284 4.7219963 -9.3015671 -26.785284 4.7219963 -9.3015671 -25.558012 9.301815 -9.3015671 -25.558012 9.301815 -9.3015671 -23.556211 13.601009 -9.3015671 -23.556211 13.601009 -9.3015671 -20.836006 17.484879 -9.3015671 -20.836006 17.484879 -9.3015671 -17.483459 20.837425 -9.3015671 -17.483459 20.837425 -9.3015671 -13.59959 23.557632 -9.3015671 -13.59959 23.557632 -9.3015671 -9.3041382 25.559433 -9.3015671 -9.3041382 25.559433 -9.3015671 -4.7243176 26.786705 -9.3015671 -4.7243176 26.786705 -9.3015671 0.0014305115 27.198288 -9.3015671 0.0014305115 27.198288 -9.3015671 4.7234325 26.786705 -9.3015671 4.7234325 26.786705 -9.3015671 4.7234325 26.786705 -11.501675 4.7234325 26.786705 -11.501675 9.3032551 25.559433 -11.501675 9.3032551 25.559433 -11.501675 13.598707 23.557632 -9.3015671 13.598707 23.557632 -9.3015671 17.482576 20.837425 -9.3015671 17.482576 20.837425 -9.3015671 20.606882 17.29031 -8.9984894 20.606882 17.29031 -8.9984894 19.675203 17.256634 -8.9984894 19.675203 17.256634 -8.9984894 19.675203 17.256634 -8.9984894 19.547987 16.856274 -8.9984894 19.547987 16.856274 -8.9984894 15.293692 9.4926414 -8.9984894 15.293692 9.4926414 -8.9984894 15.293692 9.4926414 -8.9984894 16.973707 5.9941673 -8.9984894 16.973707 5.9941673 -8.9984894 17.860487 2.2225513 -8.9984894 17.860487 2.2225513 -8.9984894 17.924093 -1.6538334 -8.9984894 17.924093 -1.6538334 -8.9984894 17.153307 -5.451643 -8.9984894 17.153307 -5.451643 -8.9984894 15.589285 -8.9987583 -8.9984894 15.589285 -8.9987583 -8.9984894 19.547987 -16.856295 -8.9984894 19.547987 -16.856295 -8.9984894 19.667719 -17.18182 -8.9984894 19.667719 -17.18182 -8.9984894 19.667719 -17.529797 -8.9984894 19.667719 -17.529797 -8.9984894 19.547987 -17.855324 -8.9984894 19.547987 -17.855324 -8.9984894 19.413286 -18.038666 -8.9984894 19.413286 -18.038666 -8.9984894 17.29175 -20.605461 -8.9984894 17.29175 -20.605461 -8.9984894 17.482576 -20.837446 -9.3015671 17.482576 -20.837446 -9.3015671 17.482576 -20.837446 -11.501675 17.482576 -20.837446 -11.501675 13.991587 -24.829823 -11.501675 13.991587 -24.829823 -11.501675 13.976618 -24.837305 -25.873484 13.976618 -24.837305 -25.873484 14.990614 -24.238636 -28.073593 14.990614 -24.238636 -28.073593 14.78108 -24.227411 -27.849092 14.743662 -24.388304 -27.28784 14.743662 -24.388304 -27.28784 14.668829 -24.298504 -27.497374 14.208601 -24.571646 -26.48712 14.40317 -24.590355 -26.550728 14.40317 -24.590355 -26.550728 13.868109 -24.769955 -25.955801 13.868109 -24.769955 -25.955801 13.868109 -24.769955 -25.955801 14.208601 -24.571646 -26.48712 14.208601 -24.571646 -26.48712 14.208601 -24.571646 -26.48712 14.668829 -24.298504 -27.497374 14.78108 -24.227411 -27.849092 14.990614 -24.096453 -28.896765 14.990614 -24.096453 -28.896765 15.039255 -24.066519 -29.701225 15.039255 -24.066519 -29.701225 15.039255 -24.066519 -29.704967 15.039255 -24.066519 -29.704967 14.975649 -24.107677 -30.629164 14.975649 -24.107677 -30.629164 14.739923 -24.253603 -31.684319 14.739923 -24.253603 -31.684319 14.665087 -24.298504 -31.908819 14.665087 -24.298504 -31.908819 14.665087 -24.298504 -31.908819 14.362013 -24.481846 -32.630966 14.362013 -24.481846 -32.630966 14.362013 -24.481846 -32.630966 14.362013 -24.481846 -32.630966 13.860624 -24.773697 -33.450394 13.860624 -24.773697 -33.450394 13.860624 -24.773697 -33.450394 13.860624 -24.773697 -33.450394 13.288149 -25.087999 -34.123894 12.958879 -25.263859 -34.423233 12.958879 -25.263859 -34.423233 12.483686 -25.503326 -34.774948 12.483686 -25.503326 -34.774948 11.840117 -25.810144 -35.134151 11.664259 -25.89246 -35.212727 11.664259 -25.89246 -35.212727 10.945856 -26.20302 -35.448452 10.945856 -26.20302 -35.448452 10.69142 -26.311529 -35.504578 10.69142 -26.311529 -35.504578 10.201258 -26.502356 -35.575668 10.201258 -26.502356 -35.575668 10.156359 -26.521063 -35.579411 9.4416981 -26.782982 -35.594376 9.4416981 -26.782982 -35.594376 8.7232952 -27.026192 -35.504578 8.7232952 -27.026192 -35.504578 8.3865414 -27.130959 -35.433487 7.9263172 -27.2694 -35.291302 7.9263172 -27.2694 -35.291302 6.710268 -27.591185 -34.700115 6.710268 -27.591185 -34.700115 6.5082188 -27.636086 -34.565414 6.5082188 -27.636086 -34.565414 5.8758717 -27.774529 -34.056545 5.8758717 -27.774529 -34.056545 5.8758717 -27.774529 -34.056545 5.3146191 -27.886778 -33.461617 5.3146191 -27.886778 -33.461617 5.3033962 -27.886778 -33.450394 5.3033962 -27.886778 -33.450394 5.3033962 -27.886778 -33.450394 4.9180012 -27.954128 -32.926559 4.9180012 -27.954128 -32.926559 4.9180012 -27.954128 -32.926559 4.2519817 -28.062637 -31.55336 4.2519817 -28.062637 -31.55336 4.0050297 -28.096312 -30.505688 4.0050297 -28.096312 -30.505688 3.948904 -28.103796 -29.701225 3.948904 -28.103796 -29.701225 3.948904 -28.103796 -29.701225 4.0237408 -28.092571 -28.773289 4.0237408 -28.092571 -28.773289 4.0237408 -28.092571 -28.773289 4.2968807 -28.055153 -27.721876 4.2968807 -28.055153 -27.721876 4.2856579 -28.174889 -27.516083 4.2856579 -28.174889 -27.516083 4.7533665 -28.100054 -11.501675 4.7533665 -28.100054 -11.501675 4.7234325 -26.786724 -11.501675 4.7234325 -26.786724 -11.501675 0.0014305115 -27.198309 -11.501675 0.0014305115 -27.198309 -11.501675 -4.7243176 -26.786724 -11.501675 -4.7243176 -26.786724 -11.501675 -9.3041382 -25.55945 -11.501675 -9.3041382 -25.55945 -11.501675 -13.59959 -23.55765 -11.501675 -13.59959 -23.55765 -11.501675 -17.483459 -20.837446 -11.501675 -17.483459 -20.837446 -11.501675 -20.836006 -17.484898 -11.501675 -20.836006 -17.484898 -11.501675 -23.556211 -13.601029 -11.501675 -23.556211 -13.601029 -11.501675 -25.558012 -9.301836 -11.501675 -25.558012 -9.301836 -11.501675 -26.785284 -4.7220154 -11.501675 -26.785284 -4.7220154 -11.501675 -27.200611 -9.5367432e-06 -11.501675 -27.200611 -9.5367432e-06 -11.501675 -26.785284 4.7219963 -11.501675 -26.785284 4.7219963 -11.501675 -25.558012 9.301815 -11.501675 -25.558012 9.301815 -11.501675 -23.556211 13.601009 -11.501675 -23.556211 13.601009 -11.501675 -20.836006 17.484879 -11.501675 -20.836006 17.484879 -11.501675 -17.483459 20.837425 -11.501675 -17.483459 20.837425 -11.501675 -13.59959 23.557632 -11.501675 -13.59959 23.557632 -11.501675 -9.3041382 25.559433 -11.501675 -9.3041382 25.559433 -11.501675 -4.7243176 26.786705 -11.501675 -4.7243176 26.786705 -11.501675 0.0014305115 27.198288 -11.501675 0.0014305115 27.198288 -11.501675 5.0452175 28.051392 -11.501675 5.0452175 28.051392 -11.501675 5.1050854 28.040169 -26.06805 5.1050854 28.040169 -26.06805 4.6448574 28.118744 -26.764004 4.6448574 28.118744 -26.764004 4.2856579 28.17487 -27.516083 4.2856579 28.17487 -27.516083 4.0499325 28.08881 -28.627363 4.0499325 28.08881 -28.627363 4.0499325 28.08881 -28.627363 3.948904 28.103775 -29.701225 3.948904 28.103775 -29.701225 3.9825802 28.100033 -30.314861 4.3455257 28.047649 -31.815277 4.8356838 27.969074 -32.795597 4.8356838 27.969074 -32.795597 4.8356838 27.969074 -32.795597 4.8356838 27.969074 -32.795597 5.299654 27.890499 -33.446651 5.299654 27.890499 -33.446651 5.299654 27.890499 -33.446651 5.3146191 27.886757 -33.461617 5.3146191 27.886757 -33.461617 5.8758717 27.774509 -34.056545 5.8758717 27.774509 -34.056545 5.8758717 27.774509 -34.056545 6.5082188 27.636066 -34.565414 6.5082188 27.636066 -34.565414 6.7027836 27.591167 -34.696373 6.7027836 27.591167 -34.696373 7.9263172 27.269382 -35.291302 7.9263172 27.269382 -35.291302 8.3790607 27.134682 -35.429745 8.719553 27.026173 -35.504578 8.719553 27.026173 -35.504578 9.4416981 26.782963 -35.594376 9.4416981 26.782963 -35.594376 10.148874 26.524784 -35.583153 10.148874 26.524784 -35.583153 10.201258 26.502335 -35.575668 10.201258 26.502335 -35.575668 10.69142 26.311508 -35.504578 10.69142 26.311508 -35.504578 10.69142 26.311508 -35.504578 10.945856 26.203003 -35.448452 10.945856 26.203003 -35.448452 11.664259 25.892441 -35.212727 11.664259 25.892441 -35.212727 11.832632 25.813866 -35.137894 12.487429 25.499565 -34.771206 12.487429 25.499565 -34.771206 12.958879 25.26384 -34.423233 12.958879 25.26384 -34.423233 13.284407 25.091721 -34.12764 13.868109 24.769936 -33.446651 13.868109 24.769936 -33.446651 13.868109 24.769936 -33.446651 13.868109 24.769936 -33.446651 14.279696 24.53421 -32.788116 14.279696 24.53421 -32.788116 14.279696 24.53421 -32.788116 14.279696 24.53421 -32.788116 14.279696 24.53421 -32.788116 14.668829 24.298485 -31.901337 14.668829 24.298485 -31.901337 14.698763 24.279778 -31.815277 14.698763 24.279778 -31.815277 14.953199 24.118885 -30.771347 14.953199 24.118885 -30.771347 14.953199 24.118885 -30.771347 15.039255 24.066498 -29.701225 15.039255 24.066498 -29.701225 15.039255 24.066498 -29.697485 15.039255 24.066498 -29.697485 15.013063 24.085209 -29.095074 14.695021 24.279778 -27.579691 14.665087 24.298485 -27.489891 14.665087 24.298485 -27.489891 14.990614 24.238617 -28.073593 14.990614 24.238617 -28.073593 14.695021 24.279778 -27.579691 14.743662 24.388283 -27.28784 14.743662 24.388283 -27.28784 14.40317 24.590336 -26.550728 14.40317 24.590336 -26.550728 14.249762 24.680138 -11.501675 14.249762 24.680138 -11.501675 13.598707 23.557632 -11.501675 13.598707 23.557632 -11.501675 17.482576 20.837425 -11.501675 17.482576 20.837425 -11.501675 20.835123 17.484879 -9.3015671 20.835123 17.484879 -9.3015671 23.297152 13.451344 -8.9984894 23.297152 13.451344 -8.9984894 25.276503 9.2007904 -8.9984894 25.276503 9.2007904 -8.9984894 26.492552 4.6696129 -8.9984894 26.492552 4.6696129 -8.9984894 26.900393 -9.5367432e-06 -8.9984894 26.900393 -9.5367432e-06 -8.9984894 26.492552 -4.6696301 -8.9984894 26.492552 -4.6696301 -8.9984894 25.276503 -9.2008095 -8.9984894 25.276503 -9.2008095 -8.9984894 23.297152 -13.451363 -8.9984894 23.297152 -13.451363 -8.9984894 20.606882 -17.290329 -8.9984894 20.606882 -17.290329 -8.9984894 20.835123 -17.484898 -9.3015671 20.835123 -17.484898 -9.3015671 20.835123 -17.484898 -11.501675 20.835123 -17.484898 -11.501675 24.453333 -14.637476 -11.501675 24.453333 -14.637476 -11.501675 21.575979 -18.62237 -11.501675 21.575979 -18.62237 -11.501675 18.051313 -22.053493 -11.501675 18.051313 -22.053493 -11.501675 15.136541 -24.148836 -28.881798 15.136541 -24.148836 -28.881798 15.185183 -24.118902 -29.701225 15.185183 -24.118902 -29.701225 15.158991 -24.133869 -30.299896 15.158991 -24.133869 -30.299896 14.825979 -24.339663 -31.882627 14.825979 -24.339663 -31.882627 14.515421 -24.526747 -32.634705 14.515421 -24.526747 -32.634705 14.515421 -24.526747 -32.634705 14.111319 -24.75873 -33.330658 14.111319 -24.75873 -33.330658 13.999067 -24.82608 -33.495293 13.999067 -24.82608 -33.495293 13.624899 -25.031874 -33.955521 13.624899 -25.031874 -33.955521 13.624899 -25.031874 -33.955521 13.288149 -25.087999 -34.123894 13.059904 -25.331207 -34.501808 13.059904 -25.331207 -34.501808 12.427561 -25.649252 -34.954552 12.427561 -25.649252 -34.954552 11.840117 -25.810144 -35.134151 11.739092 -25.971035 -35.306267 11.739092 -25.971035 -35.306267 11.00572 -26.28908 -35.545734 11.00572 -26.28908 -35.545734 10.246161 -26.595898 -35.676697 10.246161 -26.595898 -35.676697 10.156359 -26.521063 -35.579411 9.471632 -26.880264 -35.691662 9.471632 -26.880264 -35.691662 9.471632 -26.880264 -35.691662 8.6896191 -27.142183 -35.594376 8.6896191 -27.142183 -35.594376 8.3865414 -27.130959 -35.433487 7.922575 -27.377909 -35.388584 7.922575 -27.377909 -35.388584 7.1817188 -27.57996 -35.070541 7.1817188 -27.57996 -35.070541 6.4782848 -27.752077 -34.647732 6.4782848 -27.752077 -34.647732 5.8347149 -27.898003 -34.131378 5.8347149 -27.898003 -34.131378 5.2584934 -28.010254 -33.525227 5.2584934 -28.010254 -33.525227 5.2584934 -28.010254 -33.525227 4.7720776 -28.096312 -32.84798 4.7720776 -28.096312 -32.84798 4.9180012 -27.954128 -32.926559 4.2519817 -28.062637 -31.55336 4.3829403 -28.159922 -32.11087 4.3829403 -28.159922 -32.11087 4.0985737 -28.204821 -31.328857 4.0985737 -28.204821 -31.328857 3.9264545 -28.227272 -30.516914 3.9264545 -28.227272 -30.516914 3.8703289 -28.234755 -29.701225 3.8703289 -28.234755 -29.701225 3.9002628 -28.231012 -29.098814 3.9002628 -28.231012 -29.098814 3.9002628 -28.231012 -29.098814 3.9002628 -28.231012 -29.098814 -0.14823723 -28.500414 -11.501675 -0.14823723 -28.500414 -11.501675 -5.0461025 -28.051413 -11.501675 -5.0461025 -28.051413 -11.501675 -9.7942982 -26.764273 -11.501675 -9.7942982 -26.764273 -11.501675 -14.250644 -24.680155 -11.501675 -14.250644 -24.680155 -11.501675 -18.280437 -21.862667 -11.501675 -18.280437 -21.862667 -11.501675 -21.767685 -18.394127 -11.501675 -21.767685 -18.394127 -11.501675 -24.607624 -14.3793 -11.501675 -24.607624 -14.3793 -11.501675 -26.714191 -9.9341793 -11.501675 -26.714191 -9.9341793 -11.501675 -28.023781 -5.1934662 -11.501675 -28.023781 -5.1934662 -11.501675 -28.498976 -0.29934502 -11.501675 -28.498976 -0.29934502 -11.501675 -28.124807 4.6060028 -11.501675 -28.124807 4.6060028 -11.501675 -26.916243 9.3729095 -11.501675 -26.916243 9.3729095 -11.501675 -24.903217 13.859188 -11.501675 -24.903217 13.859188 -11.501675 -24.682457 14.248322 -11.501675 -24.682457 14.248322 -11.501675 -24.454216 14.637455 -11.501675 -24.454216 14.637455 -11.501675 -21.573118 18.622349 -11.501675 -21.573118 18.622349 -11.501675 -18.052193 22.053474 -11.501675 -18.052193 22.053474 -11.501675 -13.992467 24.829803 -11.501675 -13.992467 24.829803 -11.501675 -9.5136719 26.86528 -11.501675 -9.5136719 26.86528 -11.501675 -4.7542496 28.100033 -11.501675 -4.7542496 28.100033 -11.501675 0.14735603 28.500397 -11.501675 0.14735603 28.500397 -11.501675 3.9002628 28.230995 -29.098814 3.9002628 28.230995 -29.098814 3.9002628 28.230995 -29.098814 3.8703289 28.234734 -29.701225 3.8703289 28.234734 -29.701225 3.9825802 28.100033 -30.314861 3.9264545 28.227253 -30.516914 3.9264545 28.227253 -30.516914 4.3455257 28.047649 -31.815277 4.0985737 28.204803 -31.328857 4.0985737 28.204803 -31.328857 4.3829403 28.159901 -32.11087 4.3829403 28.159901 -32.11087 4.7720776 28.096294 -32.84798 4.7720776 28.096294 -32.84798 5.0339947 28.051392 -33.237118 5.0339947 28.051392 -33.237118 5.0339947 28.051392 -33.237118 5.2584934 28.010235 -33.525227 5.2584934 28.010235 -33.525227 5.8347149 27.897984 -34.131378 5.8347149 27.897984 -34.131378 6.4782848 27.75206 -34.647732 6.4782848 27.75206 -34.647732 7.1817188 27.579941 -35.070541 7.1817188 27.579941 -35.070541 7.9263172 27.377892 -35.388584 7.9263172 27.377892 -35.388584 8.3790607 27.134682 -35.429745 8.6896191 27.142162 -35.594376 8.6896191 27.142162 -35.594376 9.471632 26.880245 -35.691662 9.471632 26.880245 -35.691662 9.793417 26.764252 -35.699146 9.793417 26.764252 -35.699146 10.246161 26.595879 -35.676697 10.246161 26.595879 -35.676697 10.246161 26.595879 -35.676697 10.148874 26.524784 -35.583153 11.00572 26.289059 -35.545734 11.00572 26.289059 -35.545734 11.739092 25.971016 -35.306267 11.739092 25.971016 -35.306267 11.832632 25.813866 -35.137894 12.427561 25.649231 -34.954552 12.427561 25.649231 -34.954552 13.059904 25.331188 -34.501808 13.059904 25.331188 -34.501808 13.284407 25.091721 -34.12764 13.624899 25.031853 -33.955521 13.624899 25.031853 -33.955521 14.111319 24.758713 -33.330658 14.111319 24.758713 -33.330658 14.515421 24.526726 -32.634705 14.515421 24.526726 -32.634705 14.825979 24.339642 -31.882627 14.825979 24.339642 -31.882627 14.825979 24.339642 -31.882627 15.158991 24.13385 -30.299896 15.158991 24.13385 -30.299896 15.158991 24.13385 -30.299896 15.185183 24.118885 -29.701225 15.185183 24.118885 -29.701225 15.136541 24.148815 -28.881798 15.136541 24.148815 -28.881798 15.136541 24.148815 -28.881798 15.013063 24.085209 -29.095074 18.279554 21.862648 -11.501675 18.279554 21.862648 -11.501675 21.766802 18.394108 -11.501675 21.766802 18.394108 -11.501675 20.835123 17.484879 -11.501675 20.835123 17.484879 -11.501675 23.555326 13.601009 -9.3015671 23.555326 13.601009 -9.3015671 25.560869 9.301815 -9.3015671 25.560869 9.301815 -9.3015671 26.788141 4.7219963 -9.3015671 26.788141 4.7219963 -9.3015671 27.199728 -9.5367432e-06 -9.3015671 27.199728 -9.5367432e-06 -9.3015671 26.788141 -4.7220154 -9.3015671 26.788141 -4.7220154 -9.3015671 25.560869 -9.301836 -9.3015671 25.560869 -9.301836 -9.3015671 23.555326 -13.601029 -9.3015671 23.555326 -13.601029 -9.3015671 23.555326 -13.601029 -11.501675 23.555326 -13.601029 -11.501675 24.681574 -14.248342 -11.501675 24.681574 -14.248342 -11.501675 24.681574 -14.248342 -38.198589 24.681574 -14.248342 -38.198589 24.453333 -14.637476 -38.198589 24.453333 -14.637476 -38.198589 21.575979 -18.62237 -38.198589 21.575979 -18.62237 -38.198589 18.051313 -22.053493 -38.198589 18.051313 -22.053493 -38.198589 13.991587 -24.829823 -38.198589 13.991587 -24.829823 -38.198589 13.991587 -24.829823 -38.198589 9.5127888 -26.865299 -38.198589 9.5127888 -26.865299 -38.198589 9.5127888 -26.865299 -38.198589 4.7533665 -28.100054 -38.198589 4.7533665 -28.100054 -38.198589 4.7533665 -28.100054 -38.198589 -0.14823723 -28.500414 -38.198589 -0.14823723 -28.500414 -38.198589 -0.14823723 -28.500414 -38.198589 -5.0461025 -28.051413 -38.198589 -5.0461025 -28.051413 -38.198589 -9.7942982 -26.764273 -38.198589 -9.7942982 -26.764273 -38.198589 -14.250644 -24.680155 -38.198589 -14.250644 -24.680155 -38.198589 -18.280437 -21.862667 -38.198589 -18.280437 -21.862667 -38.198589 -21.767685 -18.394127 -38.198589 -21.767685 -18.394127 -38.198589 -24.607624 -14.3793 -38.198589 -24.607624 -14.3793 -38.198589 -26.714191 -9.9341793 -38.198589 -26.714191 -9.9341793 -38.198589 -28.023781 -5.1934662 -38.198589 -28.023781 -5.1934662 -38.198589 -28.498976 -0.29934502 -38.198589 -28.498976 -0.29934502 -38.198589 -28.124807 4.6060028 -38.198589 -28.124807 4.6060028 -38.198589 -26.916243 9.3729095 -38.198589 -26.916243 9.3729095 -38.198589 -24.903217 13.859188 -38.198589 -24.903217 13.859188 -38.198589 -24.682457 14.248322 -38.198589 -24.682457 14.248322 -38.198589 -24.454216 14.637455 -38.198589 -24.454216 14.637455 -38.198589 -21.573118 18.622349 -38.198589 -21.573118 18.622349 -38.198589 -18.052193 22.053474 -38.198589 -18.052193 22.053474 -38.198589 -13.992467 24.829803 -38.198589 -13.992467 24.829803 -38.198589 -9.5136719 26.86528 -38.198589 -9.5136719 26.86528 -38.198589 -4.7542496 28.100033 -38.198589 -4.7542496 28.100033 -38.198589 0.14735603 28.500397 -38.198589 0.14735603 28.500397 -38.198589 5.0452175 28.051392 -38.198589 5.0452175 28.051392 -38.198589 5.0452175 28.051392 -38.198589 9.793417 26.764252 -38.198589 9.793417 26.764252 -38.198589 9.793417 26.764252 -38.198589 14.249762 24.680138 -38.198589 14.249762 24.680138 -38.198589 18.279554 21.862648 -38.198589 18.279554 21.862648 -38.198589 18.279554 21.862648 -38.198589 21.766802 18.394108 -38.198589 21.766802 18.394108 -38.198589 24.606741 14.37928 -38.198589 24.606741 14.37928 -38.198589 24.606741 14.37928 -11.501675 24.606741 14.37928 -11.501675 23.555326 13.601009 -11.501675 23.555326 13.601009 -11.501675 25.560869 9.301815 -11.501675 25.560869 9.301815 -11.501675 26.788141 4.7219963 -11.501675 26.788141 4.7219963 -11.501675 27.199728 -9.5367432e-06 -11.501675 27.199728 -9.5367432e-06 -11.501675 26.788141 -4.7220154 -11.501675 26.788141 -4.7220154 -11.501675 25.560869 -9.301836 -11.501675 25.560869 -9.301836 -11.501675 24.902334 -13.859206 -11.501675 24.902334 -13.859206 -11.501675 24.902334 -13.859206 -38.198589 24.902334 -13.859206 -38.198589 26.874201 -9.7807713 -38.198589 24.767633 -14.300725 -38.198589 21.908987 -18.3829 -38.198589 18.384321 -21.907568 -38.198589 14.298403 -24.769955 -38.198589 9.7821903 -26.876524 -38.198589 4.9666424 -28.163662 -38.198589 0.0014305115 -28.60144 -38.198589 -4.9675255 -28.163662 -38.198589 -9.7830734 -26.876524 -38.198589 -14.299285 -24.769955 -38.198589 -18.385204 -21.907568 -38.198589 -21.90987 -18.3829 -38.198589 -24.768517 -14.300725 -38.198589 -26.875084 -9.7807713 -38.198589 -28.165966 -4.9652233 -38.198589 -28.6 -9.5367432e-06 -38.198589 -28.165966 4.9652061 -38.198589 -26.875084 9.7807503 -38.198589 -24.768517 14.300705 -38.198589 -21.90987 18.382881 -38.198589 -18.385204 21.907547 -38.198589 -14.299285 24.769936 -38.198589 -9.7830734 26.876503 -38.198589 -4.9675255 28.163643 -38.198589 0.0014305115 28.601421 -38.198589 4.9666424 28.163643 -38.198589 9.7821903 26.876503 -38.198589 14.298403 24.769936 -38.198589 18.384321 21.907547 -38.198589 21.908987 18.382881 -38.198589 24.767633 14.300705 -38.198589 26.874201 9.7807503 -38.198589 28.599119 -9.5367432e-06 -38.198589 28.165083 4.9652061 -38.198589 28.498091 0.29932594 -38.198589 28.498091 0.29932594 -38.198589 28.022898 5.1934471 -38.198589 28.022898 5.1934471 -38.198589 26.713308 9.9341621 -38.198589 26.713308 9.9341621 -38.198589 26.713308 9.9341621 -11.501675 26.713308 9.9341621 -11.501675 28.022898 5.1934471 -11.501675 28.022898 5.1934471 -11.501675 28.498091 0.29932594 -11.501675 28.498091 0.29932594 -11.501675 28.123922 -4.6060219 -11.501675 28.123922 -4.6060219 -11.501675 26.915361 -9.3729267 -11.501675 26.915361 -9.3729267 -11.501675 26.915361 -9.3729267 -38.198589 26.915361 -9.3729267 -38.198589 26.915361 -9.3729267 -38.198589 28.165083 -4.9652233 -38.198589 28.123922 -4.6060219 -38.198589 28.123922 -4.6060219 -38.198589 28.453192 -1.6650581 -35.830105 28.453192 -1.6650581 -35.830105 28.486868 -0.8344059 -35.994736 28.486868 -0.8344059 -35.994736 28.501833 0.01121521 -36.050865 28.501833 0.01121521 -36.050865 28.498091 0.29932594 -36.043381 28.498091 0.29932594 -36.043381 28.486868 0.85683632 -35.990997 28.486868 0.85683632 -35.990997 28.44945 1.6912308 -35.82262 28.44945 1.6912308 -35.82262 28.389585 2.4994354 -35.541992 28.389585 2.4994354 -35.541992 28.311007 3.2664795 -35.152859 28.311007 3.2664795 -35.152859 28.221209 3.9661751 -34.670181 28.221209 3.9661751 -34.670181 28.127665 4.5985184 -34.097702 28.127665 4.5985184 -34.097702 28.030382 5.1485481 -33.439167 28.030382 5.1485481 -33.439167 27.944323 5.6087723 -32.717022 27.944323 5.6087723 -32.717022 27.86949 5.9642334 -31.938753 27.86949 5.9642334 -31.938753 27.817106 6.2074432 -31.13055 27.817106 6.2074432 -31.13055 27.779688 6.3720779 -29.701225 27.779688 6.3720779 -29.701225 27.790915 6.3159523 -28.859346 27.790915 6.3159523 -28.859346 27.828333 6.1475754 -28.028694 27.828333 6.1475754 -28.028694 27.888197 5.866951 -27.22049 27.888197 5.866951 -27.22049 27.970514 5.4778137 -26.453445 27.970514 5.4778137 -26.453445 28.019156 5.223381 -26.060568 28.019156 5.223381 -26.060568 28.127665 4.5835533 -25.286039 28.127665 4.5835533 -25.286039 28.224951 3.9437256 -24.70982 28.224951 3.9437256 -24.70982 28.314749 3.2328053 -24.227142 28.314749 3.2328053 -24.227142 28.393324 2.4695015 -23.845491 28.393324 2.4695015 -23.845491 28.453192 1.6650391 -23.568607 28.453192 1.6650391 -23.568607 28.486868 0.83438492 -23.403973 28.486868 0.83438492 -23.403973 28.498091 0.29932594 -23.35533 28.498091 0.29932594 -23.35533 28.501833 -0.011234283 -23.351589 28.501833 -0.011234283 -23.351589 28.486868 -0.85685539 -23.407715 28.486868 -0.85685539 -23.407715 28.44945 -1.6912498 -23.579832 28.44945 -1.6912498 -23.579832 28.389585 -2.4994545 -23.860458 28.389585 -2.4994545 -23.860458 28.311007 -3.2665005 -24.245852 28.311007 -3.2665005 -24.245852 28.221209 -3.9661942 -24.728529 28.221209 -3.9661942 -24.728529 28.127665 -4.5985394 -25.301006 28.127665 -4.5985394 -25.301006 28.030382 -5.1485672 -25.959541 28.030382 -5.1485672 -25.959541 27.944323 -5.6087933 -26.681686 27.944323 -5.6087933 -26.681686 27.86949 -5.9642544 -27.459957 27.86949 -5.9642544 -27.459957 27.817106 -6.2074623 -28.268162 27.817106 -6.2074623 -28.268162 27.779688 -6.372097 -29.701225 27.779688 -6.372097 -29.701225 27.779688 -6.372097 -29.701225 27.790915 -6.3159714 -30.539364 27.790915 -6.3159714 -30.539364 27.828333 -6.1475964 -31.373758 27.828333 -6.1475964 -31.373758 27.888197 -5.8669701 -32.181961 27.888197 -5.8669701 -32.181961 27.970514 -5.4778347 -32.945267 27.970514 -5.4778347 -32.945267 28.127665 -4.5835724 -34.112671 28.127665 -4.5835724 -34.112671 28.224951 -3.9437447 -34.688889 28.224951 -3.9437447 -34.688889 28.314749 -3.2328243 -35.17157 28.314749 -3.2328243 -35.17157 28.393324 -2.4695206 -35.553219 28.393324 -2.4695206 -35.553219 28.393324 -2.4695206 -35.553219 28.292299 -2.4208794 -35.463417 28.292299 -2.4208794 -35.463417 28.318491 -2.1178036 -35.579411 28.318491 -2.1178036 -35.579411 28.318491 -2.1178036 -35.579411 28.352167 -1.6313839 -35.732819 28.352167 -1.6313839 -35.732819 28.389585 -0.81569672 -35.897453 28.389585 -0.81569672 -35.897453 28.400808 0.01121521 -35.949837 28.400808 0.01121521 -35.949837 28.385843 0.84186935 -35.893711 28.385843 0.84186935 -35.893711 28.348425 1.6612988 -35.725338 28.348425 1.6612988 -35.725338 28.318491 2.1177826 -35.579411 28.318491 2.1177826 -35.579411 28.292299 2.4507923 -35.448452 28.292299 2.4507923 -35.448452 28.213724 3.2028713 -35.066799 28.213724 3.2028713 -35.066799 28.123922 3.8913422 -34.591606 28.123922 3.8913422 -34.591606 28.02664 4.5087204 -34.026611 28.02664 4.5087204 -34.026611 27.9331 5.0512619 -33.383041 27.9331 5.0512619 -33.383041 27.86949 5.3805313 -32.881657 27.86949 5.3805313 -32.881657 27.843298 5.500267 -32.668381 27.843298 5.500267 -32.668381 27.772207 5.8482437 -31.905079 27.772207 5.8482437 -31.905079 27.719824 6.0877113 -31.108099 27.719824 6.0877113 -31.108099 27.682405 6.2486038 -29.701225 27.682405 6.2486038 -29.701225 27.682405 6.2486038 -29.701225 27.693632 6.1962166 -28.874313 27.693632 6.1962166 -28.874313 27.731047 6.0278435 -28.054886 27.731047 6.0278435 -28.054886 27.790915 5.7546997 -27.257906 27.790915 5.7546997 -27.257906 27.86949 5.3730469 -26.505829 27.86949 5.3730469 -26.505829 28.030382 4.4937515 -25.357132 28.030382 4.4937515 -25.357132 28.127665 3.8651505 -24.788395 28.127665 3.8651505 -24.788395 28.217466 3.1691971 -24.313202 28.217466 3.1691971 -24.313202 28.292299 2.4208603 -23.939034 28.292299 2.4208603 -23.939034 28.318491 2.1177826 -23.8193 28.318491 2.1177826 -23.8193 28.352167 1.6313648 -23.66589 28.352167 1.6313648 -23.66589 28.389585 0.81567764 -23.504997 28.389585 0.81567764 -23.504997 28.400808 -0.011234283 -23.448872 28.400808 -0.011234283 -23.448872 28.385843 -0.84188843 -23.508739 28.385843 -0.84188843 -23.508739 28.348425 -1.6613178 -23.673374 28.348425 -1.6613178 -23.673374 28.318491 -2.1178036 -23.8193 28.318491 -2.1178036 -23.8193 28.292299 -2.4508133 -23.950258 28.292299 -2.4508133 -23.950258 28.213724 -3.2028904 -24.331909 28.213724 -3.2028904 -24.331909 28.123922 -3.8913612 -24.807104 28.123922 -3.8913612 -24.807104 28.02664 -4.5087376 -25.372097 28.02664 -4.5087376 -25.372097 27.9331 -5.0512829 -26.019409 27.9331 -5.0512829 -26.019409 27.86949 -5.3805504 -26.517054 27.86949 -5.3805504 -26.517054 27.843298 -5.5002842 -26.73033 27.843298 -5.5002842 -26.73033 27.772207 -5.8482609 -27.493633 27.772207 -5.8482609 -27.493633 27.719824 -6.0877285 -28.290611 27.719824 -6.0877285 -28.290611 27.682405 -6.248621 -29.701225 27.682405 -6.248621 -29.701225 27.693632 -6.1962376 -30.528137 27.693632 -6.1962376 -30.528137 27.731047 -6.0278625 -31.347567 27.731047 -6.0278625 -31.347567 27.790915 -5.7547188 -32.140804 27.790915 -5.7547188 -32.140804 27.86949 -5.3730679 -32.892883 27.86949 -5.3730679 -32.892883 28.030382 -4.4937725 -34.04158 28.030382 -4.4937725 -34.04158 28.127665 -3.8651695 -34.610313 28.127665 -3.8651695 -34.610313 28.217466 -3.1692162 -35.08551 28.217466 -3.1692162 -35.08551 23.798536 -2.1178036 -35.579411 23.798536 -2.1178036 -35.579411 23.798536 -9.5367432e-06 -35.949837 23.798536 -9.5367432e-06 -35.949837 23.798536 2.1177826 -35.579411 23.798536 2.1177826 -35.579411 23.798536 3.9848824 -34.516773 23.798536 3.9848824 -34.516773 23.798536 5.3805313 -32.881657 23.798536 5.3805313 -32.881657 23.798536 6.1400948 -30.872372 23.798536 6.1400948 -30.872372 23.798536 6.2486038 -29.701225 23.798536 6.2486038 -29.701225 23.798536 6.1400948 -28.530079 23.798536 6.1400948 -28.530079 23.798536 6.1400948 -28.530079 23.798536 5.3805313 -26.517054 23.798536 5.3805313 -26.517054 23.798536 3.9848824 -24.885679 23.798536 3.9848824 -24.885679 23.798536 2.1177826 -23.8193 23.798536 2.1177826 -23.8193 23.798536 -9.5367432e-06 -23.448872 23.798536 -9.5367432e-06 -23.448872 23.798536 -2.1178036 -23.8193 23.798536 -2.1178036 -23.8193 23.798536 -3.9849033 -24.885679 23.798536 -3.9849033 -24.885679 23.798536 -5.3805504 -26.517054 23.798536 -5.3805504 -26.517054 23.798536 -6.1401119 -28.530079 23.798536 -6.1401119 -28.530079 23.798536 -6.248621 -29.701225 23.798536 -6.248621 -29.701225 23.798536 -6.1401119 -30.872372 23.798536 -6.1401119 -30.872372 23.798536 -5.3805504 -32.881657 23.798536 -5.3805504 -32.881657 23.798536 -3.9849033 -34.516773 23.798536 -3.9849033 -34.516773 23.798536 -2.0504532 -35.332458 23.798536 -2.0504532 -35.332458 23.798536 -9.5367432e-06 -35.695404 23.798536 -9.5367432e-06 -35.695404 23.798536 2.0504322 -35.332458 23.798536 2.0504322 -35.332458 23.798536 3.8539238 -34.292271 23.798536 3.8539238 -34.292271 23.798536 5.1934471 -32.698315 23.798536 5.1934471 -32.698315 23.798536 5.9043655 -30.741413 23.798536 5.9043655 -30.741413 23.798536 5.9043655 -28.657297 23.798536 5.9043655 -28.657297 23.798536 5.1934471 -26.700396 23.798536 5.1934471 -26.700396 23.798536 3.8539238 -25.106438 23.798536 3.8539238 -25.106438 23.798536 2.0504322 -24.06625 23.798536 2.0504322 -24.06625 23.798536 -9.5367432e-06 -23.703306 23.798536 -9.5367432e-06 -23.703306 23.798536 -2.0504532 -24.06625 23.798536 -2.0504532 -24.06625 23.798536 -3.8539448 -25.106438 23.798536 -3.8539448 -25.106438 23.798536 -5.1934662 -26.700396 23.798536 -5.1934662 -26.700396 23.798536 -5.9043865 -28.657297 23.798536 -5.9043865 -28.657297 23.798536 -5.9043865 -30.741413 23.798536 -5.9043865 -30.741413 23.798536 -5.1934662 -32.698315 23.798536 -5.1934662 -32.698315 23.798536 -3.8539448 -34.292271 23.798536 -3.8539448 -34.292271 24.898592 -3.8539448 -34.292271 24.898592 -3.8539448 -34.292271 24.898592 -2.0504532 -35.332458 24.898592 -2.0504532 -35.332458 24.898592 -9.5367432e-06 -35.695404 24.898592 -9.5367432e-06 -35.695404 24.898592 2.0504322 -35.332458 24.898592 2.0504322 -35.332458 24.898592 3.8539238 -34.292271 24.898592 3.8539238 -34.292271 24.898592 5.1934471 -32.698315 24.898592 5.1934471 -32.698315 24.898592 5.9043655 -30.741413 24.898592 5.9043655 -30.741413 24.898592 5.9043655 -28.657297 24.898592 5.9043655 -28.657297 24.898592 5.1934471 -26.700396 24.898592 5.1934471 -26.700396 24.898592 3.8539238 -25.106438 24.898592 3.8539238 -25.106438 24.898592 2.0504322 -24.06625 24.898592 2.0504322 -24.06625 24.898592 -9.5367432e-06 -23.703306 24.898592 -9.5367432e-06 -23.703306 24.898592 -2.0504532 -24.06625 24.898592 -2.0504532 -24.06625 24.898592 -3.8539448 -25.106438 24.898592 -3.8539448 -25.106438 24.898592 -5.1934662 -26.700396 24.898592 -5.1934662 -26.700396 24.898592 -5.9043865 -28.657297 24.898592 -5.9043865 -28.657297 24.898592 -5.9043865 -30.741413 24.898592 -5.9043865 -30.741413 24.898592 -5.1934662 -32.698315 24.898592 -5.1934662 -32.698315 25.501005 -4.6733723 -32.398979 25.501005 -4.6733723 -32.398979 25.501005 -3.4685497 -33.832047 25.501005 -3.4685497 -33.832047 25.501005 -1.8446598 -34.771206 25.501005 -1.8446598 -34.771206 25.501005 -9.5367432e-06 -35.096733 25.501005 -9.5367432e-06 -35.096733 25.501005 1.8446407 -34.771206 25.501005 1.8446407 -34.771206 25.501005 3.4685326 -33.832047 25.501005 3.4685326 -33.832047 25.501005 4.6733551 -32.398979 25.501005 4.6733551 -32.398979 25.501005 5.3131828 -30.636646 25.501005 5.3131828 -30.636646 25.501005 5.3131828 -28.762064 25.501005 5.3131828 -28.762064 25.501005 4.6733551 -27.003471 25.501005 4.6733551 -27.003471 25.501005 3.4685326 -25.566666 25.501005 3.4685326 -25.566666 25.501005 1.8446407 -24.631245 25.501005 1.8446407 -24.631245 25.501005 -9.5367432e-06 -24.305717 25.501005 -9.5367432e-06 -24.305717 25.501005 -1.8446598 -24.631245 25.501005 -1.8446598 -24.631245 25.501005 -3.4685497 -25.566666 25.501005 -3.4685497 -25.566666 25.501005 -4.6733723 -27.003471 25.501005 -4.6733723 -27.003471 25.501005 -5.3132 -28.762064 25.501005 -5.3132 -28.762064 25.501005 -5.3132 -30.636646 25.501005 -5.3132 -30.636646 25.501005 -4.6172466 -31.613226 25.501005 -4.6172466 -31.613226 25.501005 -3.5321598 -33.233376 25.501005 -3.5321598 -33.233376 25.501005 -3.5321598 -33.233376 25.501005 -1.9120102 -34.31472 25.501005 -1.9120102 -34.31472 25.501005 -9.5367432e-06 -34.696373 25.501005 -9.5367432e-06 -34.696373 25.501005 -9.5367432e-06 -34.696373 25.501005 1.9119911 -34.31472 25.501005 1.9119911 -34.31472 25.501005 3.5321388 -33.233376 25.501005 3.5321388 -33.233376 25.501005 3.5321388 -33.233376 25.501005 4.6172295 -31.613226 25.501005 4.6172295 -31.613226 25.501005 4.9951363 -29.701225 25.501005 4.9951363 -29.701225 25.501005 4.9951363 -29.701225 25.501005 4.6172295 -27.789225 25.501005 4.6172295 -27.789225 25.501005 3.5321388 -26.169077 25.501005 3.5321388 -26.169077 25.501005 3.5321388 -26.169077 25.501005 1.9119911 -25.083988 25.501005 1.9119911 -25.083988 25.501005 1.9119911 -25.083988 25.501005 -9.5367432e-06 -24.702337 25.501005 -9.5367432e-06 -24.702337 25.501005 -1.9120102 -25.083988 25.501005 -1.9120102 -25.083988 25.501005 -1.9120102 -25.083988 25.501005 -3.5321598 -26.169077 25.501005 -3.5321598 -26.169077 25.501005 -4.6172466 -27.789225 25.501005 -4.6172466 -27.789225 25.501005 -4.6172466 -27.789225 25.501005 -4.9951572 -29.701225 25.501005 -4.9951572 -29.701225 32.700005 -4.9951572 -29.701225 32.700005 -4.9951572 -29.701225 32.700005 -4.6172466 -31.613226 32.700005 -4.6172466 -31.613226 32.700005 -3.5321598 -33.233376 32.700005 -3.5321598 -33.233376 32.700005 -3.5321598 -33.233376 32.700005 -1.9120102 -34.31472 32.700005 -1.9120102 -34.31472 32.700005 -9.5367432e-06 -34.696373 32.700005 -9.5367432e-06 -34.696373 32.700005 -9.5367432e-06 -34.696373 32.700005 1.9119911 -34.31472 32.700005 1.9119911 -34.31472 32.700005 3.5321388 -33.233376 32.700005 3.5321388 -33.233376 32.700005 3.5321388 -33.233376 32.700005 4.6172295 -31.613226 32.700005 4.6172295 -31.613226 32.700005 4.9951363 -29.701225 32.700005 4.9951363 -29.701225 32.700005 4.9951363 -29.701225 32.700005 4.6172295 -27.789225 32.700005 4.6172295 -27.789225 32.700005 3.5321388 -26.169077 32.700005 3.5321388 -26.169077 32.700005 3.5321388 -26.169077 32.700005 1.9119911 -25.083988 32.700005 1.9119911 -25.083988 32.700005 1.9119911 -25.083988 32.700005 -9.5367432e-06 -24.702337 32.700005 -9.5367432e-06 -24.702337 32.700005 -1.9120102 -25.083988 32.700005 -1.9120102 -25.083988 32.700005 -1.9120102 -25.083988 32.700005 -3.5321598 -26.169077 32.700005 -3.5321598 -26.169077 32.700005 -4.6172466 -27.789225 32.700005 -4.6172466 -27.789225 32.700005 -4.6172466 -27.789225 32.700005 -0.68473816 -29.701225 32.700005 -0.68473816 -29.701225 32.700005 -0.68473816 -29.701225 32.700005 -0.59493828 -30.041719 32.700005 -0.59493828 -30.041719 32.700005 -0.59493828 -30.041719 32.700005 -0.344244 -30.292412 32.700005 -0.344244 -30.292412 32.700005 -0.344244 -30.292412 32.700005 -9.5367432e-06 -30.385954 32.700005 -9.5367432e-06 -30.385954 32.700005 -9.5367432e-06 -30.385954 32.700005 0.29932594 -30.318604 32.700005 0.29932594 -30.318604 32.700005 0.29932594 -30.318604 32.700005 0.53505135 -30.127777 32.700005 0.53505135 -30.127777 32.700005 0.53505135 -30.127777 32.700005 0.66975212 -29.850893 32.700005 0.66975212 -29.850893 32.700005 0.66975212 -29.850893 32.700005 0.66975212 -29.547817 32.700005 0.66975212 -29.547817 32.700005 0.66975212 -29.547817 32.700005 0.53505135 -29.270933 32.700005 0.53505135 -29.270933 32.700005 0.53505135 -29.270933 32.700005 0.29932594 -29.083849 32.700005 0.29932594 -29.083849 32.700005 0.29932594 -29.083849 32.700005 -9.5367432e-06 -29.012756 32.700005 -9.5367432e-06 -29.012756 32.700005 -9.5367432e-06 -29.012756 32.700005 -0.344244 -29.106298 32.700005 -0.344244 -29.106298 32.700005 -0.344244 -29.106298 32.700005 -0.59493828 -29.356991 32.700005 -0.59493828 -29.356991 32.700005 -0.59493828 -29.356991 13.501425 -0.68473816 -29.701225 13.501425 -0.68473816 -29.701225 13.501425 -0.68473816 -29.701225 13.501425 -0.59493828 -30.041719 13.501425 -0.59493828 -30.041719 13.501425 -0.59493828 -30.041719 13.501425 -0.344244 -30.292412 13.501425 -0.344244 -30.292412 13.501425 -0.344244 -30.292412 13.501425 -9.5367432e-06 -30.385954 13.501425 -9.5367432e-06 -30.385954 13.501425 -9.5367432e-06 -30.385954 13.501425 0.29932594 -30.318604 13.501425 0.29932594 -30.318604 13.501425 0.29932594 -30.318604 13.501425 3.1542301 -32.978943 13.501425 3.1542301 -32.978943 13.501425 0.53505135 -30.127777 13.501425 0.53505135 -30.127777 13.501425 0.53505135 -30.127777 13.501425 0.66975212 -29.850893 13.501425 0.66975212 -29.850893 13.501425 0.66975212 -29.850893 13.501425 0.66975212 -29.547817 13.501425 0.66975212 -29.547817 13.501425 0.66975212 -29.547817 13.501425 0.53505135 -29.270933 13.501425 0.53505135 -29.270933 13.501425 0.53505135 -29.270933 13.501425 0.29932594 -29.083849 13.501425 0.29932594 -29.083849 13.501425 0.29932594 -29.083849 13.501425 -9.5367432e-06 -29.012756 13.501425 -9.5367432e-06 -29.012756 13.501425 -9.5367432e-06 -29.012756 13.501425 -0.344244 -29.106298 13.501425 -0.344244 -29.106298 13.501425 -0.344244 -29.106298 13.501425 -0.59493828 -29.356991 13.501425 -0.59493828 -29.356991 13.501425 -0.59493828 -29.356991 13.501425 -4.1495361 -31.564585 13.501425 -4.1495361 -31.564585 13.501425 -4.1495361 -31.564585 13.501425 -3.1542492 -32.978943 13.501425 -3.1542492 -32.978943 13.501425 -1.6987343 -33.921844 13.501425 -1.6987343 -33.921844 13.501425 -9.5367432e-06 -34.251114 13.501425 -9.5367432e-06 -34.251114 13.501425 1.6987152 -33.921844 13.501425 1.6987152 -33.921844 23.798536 1.6987152 -33.921844 23.798536 1.6987152 -33.921844 23.798536 3.1542301 -32.978943 23.798536 3.1542301 -32.978943 23.798536 4.1495171 -31.564585 23.798536 4.1495171 -31.564585 23.798536 4.1495171 -31.564585 13.501425 4.1495171 -31.564585 13.501425 4.1495171 -31.564585 13.501425 4.1495171 -31.564585 13.501425 4.1495171 -27.834126 13.501425 4.1495171 -27.834126 13.501425 4.1495171 -27.834126 13.501425 3.1542301 -26.419769 13.501425 3.1542301 -26.419769 13.501425 1.6987152 -25.480606 13.501425 1.6987152 -25.480606 13.501425 -9.5367432e-06 -25.151339 13.501425 -9.5367432e-06 -25.151339 13.501425 -1.6987343 -25.480606 13.501425 -1.6987343 -25.480606 13.501425 -3.1542492 -26.419769 13.501425 -3.1542492 -26.419769 13.501425 -4.1495361 -27.834126 13.501425 -4.1495361 -27.834126 13.501425 -4.1495361 -27.834126 23.798536 -4.1495361 -31.564585 23.798536 -4.1495361 -31.564585 23.798536 -4.1495361 -31.564585 23.798536 -3.1542492 -32.978943 23.798536 -3.1542492 -32.978943 23.798536 -1.6987343 -33.921844 23.798536 -1.6987343 -33.921844 23.798536 -9.5367432e-06 -34.251114 23.798536 -9.5367432e-06 -34.251114 23.798536 1.7061977 -34.026611 23.798536 1.7061977 -34.026611 23.798536 3.1729374 -33.098675 23.798536 3.1729374 -33.098675 23.798536 4.1981583 -31.695543 23.798536 4.1981583 -31.695543 23.798536 4.1981583 -31.695543 23.798536 4.1981583 -27.703167 23.798536 4.1981583 -27.703167 23.798536 4.1981583 -27.703167 23.798536 4.1495171 -27.834126 23.798536 4.1495171 -27.834126 23.798536 4.1495171 -27.834126 23.798536 3.1542301 -26.419769 23.798536 3.1542301 -26.419769 23.798536 1.6987152 -25.480606 23.798536 1.6987152 -25.480606 23.798536 -9.5367432e-06 -25.151339 23.798536 -9.5367432e-06 -25.151339 23.798536 -1.6987343 -25.480606 23.798536 -1.6987343 -25.480606 23.798536 -3.1542492 -26.419769 23.798536 -3.1542492 -26.419769 23.798536 -4.1495361 -27.834126 23.798536 -4.1495361 -27.834126 23.798536 -4.1495361 -27.834126 23.798536 -4.1981792 -31.695543 23.798536 -4.1981792 -31.695543 23.798536 -4.1981792 -31.695543 23.798536 -3.1729584 -33.098675 23.798536 -3.1729584 -33.098675 23.798536 -1.7062168 -34.026611 23.798536 -1.7062168 -34.026611 23.798536 -9.5367432e-06 -34.348396 23.798536 -9.5367432e-06 -34.348396 21.800478 1.7061977 -34.026611 21.800478 1.7061977 -34.026611 21.800478 3.1729374 -33.098675 21.800478 3.1729374 -33.098675 21.800478 4.1981583 -31.695543 21.800478 4.1981583 -31.695543 21.800478 4.1981583 -31.695543 21.800478 4.1981583 -27.703167 21.800478 4.1981583 -27.703167 21.800478 4.1981583 -27.703167 21.800478 3.1729374 -26.303778 21.800478 3.1729374 -26.303778 23.798536 3.1729374 -26.303778 23.798536 3.1729374 -26.303778 23.798536 1.7061977 -25.375839 23.798536 1.7061977 -25.375839 23.798536 -9.5367432e-06 -25.050314 23.798536 -9.5367432e-06 -25.050314 23.798536 -1.7062168 -25.375839 23.798536 -1.7062168 -25.375839 23.798536 -3.1729584 -26.303778 23.798536 -3.1729584 -26.303778 23.798536 -4.1981792 -27.703167 23.798536 -4.1981792 -27.703167 23.798536 -4.1981792 -27.703167 21.800478 -4.1981792 -31.695543 21.800478 -4.1981792 -31.695543 21.800478 -4.1981792 -31.695543 21.800478 -3.1729584 -33.098675 21.800478 -3.1729584 -33.098675 21.800478 -1.7062168 -34.026611 21.800478 -1.7062168 -34.026611 21.800478 -9.5367432e-06 -34.348396 21.800478 -9.5367432e-06 -34.348396 21.800478 6.7986298 -36.200531 21.800478 6.7986298 -36.200531 21.800478 6.7986298 -36.200531 28.198759 -9.5367432e-06 -43.949558 28.198759 -9.5367432e-06 -43.949558 28.198759 -9.5367432e-06 -43.949558 28.191275 0.65104294 -43.870983 28.191275 0.65104294 -43.870983 27.001417 0.67349243 -43.867241 27.001417 0.67349243 -43.867241 28.168825 1.3469963 -43.597839 28.168825 1.3469963 -43.597839 27.001417 1.8558655 -43.231155 27.001417 1.8558655 -43.231155 28.131407 1.9456654 -43.145096 28.131407 1.9456654 -43.145096 28.101473 2.3497677 -42.628742 28.101473 2.3497677 -42.628742 27.001417 2.5967178 -42.10865 27.001417 2.5967178 -42.10865 28.075281 2.6491032 -41.940273 28.075281 2.6491032 -41.940273 27.001417 2.7501278 -41.199421 27.001417 2.7501278 -41.199421 28.09025 2.476984 -40.005821 27.001417 2.476984 -40.005821 27.001417 2.476984 -40.005821 28.079023 2.6191692 -40.35754 28.064058 2.7501278 -41.199421 28.064058 2.7501278 -41.199421 28.079023 2.6191692 -40.35754 28.09025 2.476984 -40.005821 28.131407 1.9456654 -39.257484 28.146376 1.7136822 -39.051693 28.187532 0.86431885 -38.587723 28.198759 -0.41907883 -38.482956 28.198759 -0.41907883 -38.482956 28.191275 -0.7408638 -43.848534 28.191275 -0.7408638 -43.848534 28.165083 -1.4293327 -43.549198 28.165083 -1.4293327 -43.549198 28.131407 -1.9456844 -43.145096 28.131407 -1.9456844 -43.145096 28.097731 -2.3946877 -42.550167 28.097731 -2.3946877 -42.550167 28.071539 -2.6715717 -41.854214 28.071539 -2.6715717 -41.854214 28.093992 -2.4508133 -39.949699 28.153856 -1.6089344 -38.969376 28.064058 -2.7501469 -41.199421 28.064058 -2.7501469 -41.199421 28.064058 -2.7501469 -41.199421 27.001417 -2.5967388 -42.10865 27.001417 -2.5967388 -42.10865 27.001417 -1.8558846 -43.231155 27.001417 -1.8558846 -43.231155 27.001417 -0.67351341 -43.867241 27.001417 -0.67351341 -43.867241 27.001417 0.34048271 -42.557652 27.001417 0.34048271 -42.557652 27.001417 0.94289398 -42.232124 27.001417 0.94289398 -42.232124 27.001417 0.94289398 -42.232124 27.001417 1.3208046 -41.663387 27.001417 1.3208046 -41.663387 24.962202 1.3993797 -41.199421 24.962202 1.3993797 -41.199421 24.962202 1.3956375 -41.30793 24.962202 1.3956375 -41.30793 27.001417 1.3993797 -41.199421 27.001417 1.3993797 -41.199421 27.001417 1.3208046 -40.739193 27.001417 1.3208046 -40.739193 27.001417 1.3208046 -40.739193 27.001417 0.94289398 -40.166714 27.001417 0.94289398 -40.166714 27.001417 1.7136822 -39.051693 27.001417 1.7136822 -39.051693 28.131407 1.9456654 -39.257484 28.146376 1.7136822 -39.051693 28.187532 0.86431885 -38.587723 27.001417 0.61362648 -38.520374 27.001417 0.61362648 -38.520374 28.198759 -0.41907883 -38.482956 28.198759 -0.41907883 -38.482956 27.001417 -0.61364555 -38.520374 27.001417 -0.61364555 -38.520374 27.001417 -0.61364555 -38.520374 28.153856 -1.6089344 -38.969376 28.153856 -1.6089344 -38.969376 27.001417 -1.7137012 -39.051693 27.001417 -1.7137012 -39.051693 27.001417 -1.7137012 -39.051693 28.093992 -2.4508133 -39.949699 28.093992 -2.4508133 -39.949699 27.001417 -2.477005 -40.005821 27.001417 -2.477005 -40.005821 27.001417 -2.477005 -40.005821 27.001417 -2.7501469 -41.199421 27.001417 -2.7501469 -41.199421 27.001417 -2.7501469 -41.199421 27.001417 -1.3208237 -41.663387 27.001417 -1.3208237 -41.663387 27.001417 -1.3208237 -41.663387 27.001417 -0.94291306 -42.232124 27.001417 -0.94291306 -42.232124 27.001417 -0.34050369 -42.557652 27.001417 -0.34050369 -42.557652 24.999617 -0.056135178 -42.598808 24.999617 -0.056135178 -42.598808 24.995878 0.34048271 -42.557652 24.995878 0.34048271 -42.557652 24.995878 0.47144318 -42.520233 24.995878 0.47144318 -42.520233 24.980909 0.93166924 -42.247093 24.980909 0.93166924 -42.247093 24.980909 0.93166924 -42.247093 24.969687 1.2534542 -41.82428 24.969687 1.2534542 -41.82428 24.419657 5.3468552 -45.42004 24.419657 5.3468552 -45.42004 24.348566 5.6686401 -45.42004 24.348566 5.6686401 -45.42004 4.7870426 24.182491 -26.195269 4.7870426 24.182491 -26.195269 4.7870426 24.182491 -26.195269 6.051733 23.894382 -25.188755 6.051733 23.894382 -25.188755 6.051733 23.894382 -25.188755 5.4044209 24.051533 -25.192497 5.4044209 24.051533 -25.192497 4.6897602 24.178749 -26.296293 4.6897602 24.178749 -26.296293 4.6897602 24.178749 -26.296293 -22.141853 9.7657852 -18.00098 -22.141853 9.7657852 -18.00098 -22.141853 9.7657852 -18.00098 -22.650723 9.4290314 -18.700676 -22.650723 9.4290314 -18.700676 -22.650723 9.4290314 -18.700676 -22.141853 9.7657852 -18.700676 -22.141853 9.7657852 -18.700676 -22.141853 9.7657852 -18.700676 -21.969738 11.180141 -18.700676 -21.969738 11.180141 -18.700676 -21.969738 11.180141 -18.700676 -28.19964 0.99901962 -45.985035 -28.19964 0.99901962 -45.985035 -28.19964 0.99901962 -45.985035 -28.19964 0.99901962 -45.985035 -28.484009 0.99901962 -45.700665 -28.484009 0.99901962 -45.700665 -28.484009 0.99901962 -45.700665 -28.068682 4.9502373 -45.700665 -28.068682 4.9502373 -45.700665 20.26639 11.700233 -12.699017 20.26639 11.700233 -12.699017 20.26639 11.700233 -12.699017 19.970797 11.992088 -12.699017 19.970797 11.992088 -12.699017 19.970797 11.992088 -12.699017 19.970797 11.992088 -18.700676 19.970797 11.992088 -18.700676 19.970797 11.992088 -18.700676 -18.658348 19.524097 -43.882206 -18.658348 19.524097 -43.882206 -19.526417 18.659767 -43.882206 -19.526417 18.659767 -43.882206 -19.526417 18.659767 -43.882206 -19.33559 18.850594 -42.557652 -19.33559 18.850594 -42.557652 -19.758402 18.424042 -42.232124 -19.758402 18.424042 -42.232124 -19.758402 18.424042 -42.232124 -20.304688 17.877754 -43.350887 -20.304688 17.877754 -43.350887 -20.304688 17.877754 -43.350887 -20.027803 18.158382 -41.663387 -20.027803 18.158382 -41.663387 -20.843491 17.338951 -42.393017 -20.843491 17.338951 -42.393017 -20.843491 17.338951 -42.393017 -21.614277 18.109737 -40.005821 -20.843491 17.338951 -40.005821 -20.843491 17.338951 -40.005821 -21.704077 18.004971 -40.35754 -21.790136 17.900204 -41.199421 -21.790136 17.900204 -41.199421 -21.038057 17.148125 -41.199421 -21.038057 17.148125 -41.199421 -21.038057 17.148125 -41.199421 -21.59557 18.132191 -42.449142 -21.59557 18.132191 -42.449142 -21.045542 18.768276 -43.429462 -21.045542 18.768276 -43.429462 -20.233597 19.643829 -43.919624 -20.233597 19.643829 -43.919624 -19.316883 20.541832 -43.811115 -17.902527 21.791557 -41.199421 -17.902527 21.791557 -41.199421 -18.003551 21.705498 -42.041298 -17.341274 20.84491 -42.393017 -17.341274 20.84491 -42.393017 -18.112061 21.615696 -42.393017 -17.880077 20.306107 -43.350887 -17.880077 20.306107 -43.350887 -18.516163 21.267719 -43.145096 -18.692022 21.114311 -43.350887 -18.849173 19.333271 -42.557652 -18.849173 19.333271 -42.557652 -17.636868 17.716862 -42.598808 -17.636868 17.716862 -42.598808 -17.917494 17.432495 -42.557652 -17.917494 17.432495 -42.557652 -18.007294 17.342693 -42.520233 -18.007294 17.342693 -42.520233 -18.321594 17.005943 -42.247093 -18.321594 17.005943 -42.247093 -18.321594 17.005943 -42.247093 -18.542355 16.770218 -41.82428 -18.542355 16.770218 -41.82428 -18.635897 16.661709 -41.30793 -18.635897 16.661709 -41.30793 -18.635897 16.661709 -41.30793 -20.080187 18.102257 -41.199421 -20.080187 18.102257 -41.199421 -20.027803 18.158382 -40.739193 -20.027803 18.158382 -40.739193 -20.027803 18.158382 -40.739193 -19.758402 18.424042 -40.166714 -19.758402 18.424042 -40.166714 -20.304688 17.877754 -39.051693 -20.304688 17.877754 -39.051693 -21.2663 18.517582 -39.253746 -21.116632 18.689701 -39.051693 -20.544155 19.318302 -38.591465 -19.526417 18.659767 -38.520374 -19.526417 18.659767 -38.520374 -19.646152 20.231274 -38.482956 -19.646152 20.231274 -38.482956 -18.658348 19.524097 -38.520374 -18.658348 19.524097 -38.520374 -18.658348 19.524097 -38.520374 -18.770597 21.046963 -38.969376 -18.770597 21.046963 -38.969376 -17.880077 20.306107 -39.051693 -17.880077 20.306107 -39.051693 -17.880077 20.306107 -39.051693 -18.13451 21.596989 -39.949699 -18.13451 21.596989 -39.949699 -17.341274 20.84491 -40.005821 -17.341274 20.84491 -40.005821 -17.341274 20.84491 -40.005821 -17.146706 21.035736 -41.199421 -17.146706 21.035736 -41.199421 -17.146706 21.035736 -41.199421 -18.156961 20.025482 -41.663387 -18.156961 20.025482 -41.663387 -18.156961 20.025482 -41.663387 -18.422621 19.759823 -42.232124 -18.422621 19.759823 -42.232124 -17.266441 18.079807 -42.475334 -17.266441 18.079807 -42.475334 -17.434816 17.918915 -42.557652 -17.434816 17.918915 -42.557652 -18.624672 16.676674 -45.42004 -18.624672 16.676674 -45.42004 -21.84252 12.081886 -18.700676 -21.84252 12.081886 -18.700676 -21.386034 12.875122 -18.700676 -21.386034 12.875122 -18.700676 -20.263529 11.700233 -18.700676 -20.263529 11.700233 -18.700676 -20.263529 11.700233 -18.700676 -19.971678 11.992088 -18.700676 -19.971678 11.992088 -18.700676 -19.971678 11.992088 -18.700676 -19.489 14.899376 -18.700676 -19.489 14.899376 -18.700676 -19.489 14.899376 -18.700676 -19.530159 14.293221 -18.700676 -19.530159 14.293221 -18.700676 -19.530159 14.293221 -18.700676 -20.667631 13.436375 -18.700676 -20.667631 13.436375 -18.700676 -21.386034 12.875122 -36.200531 -21.386034 12.875122 -36.200531 -21.651693 12.500954 -36.200531 -21.651693 12.500954 -36.200531 -21.651693 12.500954 -36.200531 -21.651693 12.500954 -36.200531 -21.84252 12.081886 -36.200531 -21.84252 12.081886 -36.200531 -21.954769 11.958412 -36.200531 -21.954769 11.958412 -36.200531 -23.578661 8.3102684 -45.42004 -23.578661 8.3102684 -45.42004 -21.651693 12.500954 -45.42004 -21.651693 12.500954 -45.42004 -21.90987 12.650623 -45.719376 -21.90987 12.650623 -45.719376 -18.983873 16.265091 -45.42004 -18.983873 16.265091 -45.42004 -19.212116 16.459656 -45.719376 -19.212116 16.459656 -45.719376 -23.642269 13.649651 -45.719376 -23.642269 13.649651 -45.719376 -20.914581 17.548489 -45.719376 -20.914581 17.548489 -45.719376 18.15608 20.025482 -40.739193 18.15608 20.025482 -40.739193 18.15608 20.025482 -40.739193 17.145823 21.035736 -41.199421 17.145823 21.035736 -41.199421 17.145823 21.035736 -41.199421 17.340391 20.84491 -40.005821 17.340391 20.84491 -40.005821 19.319742 20.541832 -38.591465 17.879194 20.306107 -39.051693 17.879194 20.306107 -39.051693 18.691141 21.114311 -39.051693 18.519022 21.267719 -39.253746 18.111177 21.615696 -40.005821 18.002668 21.705498 -40.35754 17.901644 21.791557 -41.199421 17.901644 21.791557 -41.199421 17.340391 20.84491 -42.393017 17.340391 20.84491 -42.393017 17.340391 20.84491 -42.393017 18.133627 21.596989 -42.449142 18.133627 21.596989 -42.449142 17.879194 20.306107 -43.350887 17.879194 20.306107 -43.350887 17.879194 20.306107 -43.350887 18.769716 21.046963 -43.429462 18.769716 21.046963 -43.429462 20.543272 19.318302 -43.811115 19.645269 20.231274 -43.919624 19.645269 20.231274 -43.919624 19.525534 18.659767 -43.882206 19.525534 18.659767 -43.882206 18.657465 19.524097 -43.882206 18.657465 19.524097 -43.882206 18.657465 19.524097 -43.882206 18.425482 19.759823 -42.232124 18.425482 19.759823 -42.232124 18.425482 19.759823 -42.232124 18.15608 20.025482 -41.663387 18.15608 20.025482 -41.663387 18.103697 20.081608 -41.199421 18.103697 20.081608 -41.199421 16.659407 18.64106 -41.199421 16.659407 18.64106 -41.199421 16.73424 18.573708 -40.675583 16.73424 18.573708 -40.675583 16.73424 18.573708 -40.675583 16.951258 18.375401 -40.230324 16.951258 18.375401 -40.230324 16.996157 18.33424 -40.166714 16.996157 18.33424 -40.166714 18.425482 19.759823 -40.166714 18.425482 19.759823 -40.166714 18.848291 19.333271 -39.84119 18.848291 19.333271 -39.84119 18.657465 19.524097 -38.520374 18.657465 19.524097 -38.520374 20.232714 19.643829 -38.482956 20.232714 19.643829 -38.482956 19.525534 18.659767 -38.520374 19.525534 18.659767 -38.520374 19.525534 18.659767 -38.520374 21.044657 18.768276 -38.969376 21.044657 18.768276 -38.969376 20.303804 17.877754 -39.051693 20.303804 17.877754 -39.051693 20.303804 17.877754 -39.051693 21.598429 18.132191 -39.949699 21.598429 18.132191 -39.949699 20.842607 17.338951 -40.005821 20.842607 17.338951 -40.005821 20.842607 17.338951 -40.005821 21.789255 17.900204 -41.199421 21.789255 17.900204 -41.199421 21.037176 17.148125 -41.199421 21.037176 17.148125 -41.199421 21.037176 17.148125 -41.199421 20.842607 17.338951 -42.393017 20.842607 17.338951 -42.393017 21.706938 18.004971 -42.041298 21.613394 18.109737 -42.393017 20.303804 17.877754 -43.350887 20.303804 17.877754 -43.350887 21.269159 18.517582 -43.145096 21.115751 18.689701 -43.350887 19.334707 18.850594 -42.557652 19.334707 18.850594 -42.557652 18.848291 19.333271 -42.557652 18.848291 19.333271 -42.557652 17.340391 18.008713 -42.520233 17.340391 18.008713 -42.520233 17.007383 18.323017 -42.247093 17.007383 18.323017 -42.247093 17.007383 18.323017 -42.247093 16.767916 18.543774 -41.82428 16.767916 18.543774 -41.82428 16.663149 18.637318 -41.30793 16.663149 18.637318 -41.30793 14.414396 20.425842 -36.200531 14.414396 20.425842 -36.200531 17.265558 18.079807 -39.923508 17.265558 18.079807 -39.923508 17.433935 17.918915 -39.84119 17.433935 17.918915 -39.84119 17.639727 17.716862 -39.80003 17.639727 17.716862 -39.80003 17.916613 17.432495 -39.84119 17.916613 17.432495 -39.84119 19.334707 18.850594 -39.84119 19.334707 18.850594 -39.84119 19.761263 18.424042 -40.166714 19.761263 18.424042 -40.166714 19.761263 18.424042 -40.166714 20.026922 18.158382 -40.739193 20.026922 18.158382 -40.739193 20.026922 18.158382 -40.739193 20.083044 18.102257 -41.199421 20.083044 18.102257 -41.199421 20.026922 18.158382 -41.663387 20.026922 18.158382 -41.663387 20.026922 18.158382 -41.663387 19.761263 18.424042 -42.232124 19.761263 18.424042 -42.232124 18.077505 17.26786 -42.475334 18.077505 17.26786 -42.475334 17.875452 17.477394 -42.572617 17.875452 17.477394 -42.572617 17.718302 17.638287 -42.598808 17.718302 17.638287 -42.598808 17.433935 17.918915 -42.557652 17.433935 17.918915 -42.557652 14.44433 20.403393 -45.42004 14.44433 20.403393 -45.42004 10.481886 22.697044 -36.200531 10.481886 22.697044 -36.200531 10.44821 22.712009 -45.42004 10.44821 22.712009 -45.42004 10.575426 22.985153 -45.719376 10.575426 22.985153 -45.719376 6.1714649 24.53421 -45.719376 6.1714649 24.53421 -45.719376 9.3369312 25.652973 -45.719376 9.3369312 25.652973 -45.719376 4.7421436 26.883987 -45.719376 4.7421436 26.883987 -45.719376 0.0014305115 27.299313 -45.719376 0.0014305115 27.299313 -45.719376 -18.127028 21.600731 -46 -18.127028 21.600731 -46 -13.648232 23.643688 -46 -13.648232 23.643688 -46 -17.547066 20.912262 -46 -17.547066 20.912262 -46 -17.547066 20.912262 -45.719376 -17.547066 20.912262 -45.719376 -13.648232 23.643688 -45.719376 -13.648232 23.643688 -45.719376 -9.3378124 25.652973 -45.719376 -9.3378124 25.652973 -45.719376 -9.3378124 25.652973 -46 -9.3378124 25.652973 -46 -4.7392845 26.883987 -45.719376 -4.7392845 26.883987 -45.719376 -4.7392845 26.883987 -46 -4.7392845 26.883987 -46 1.55797 25.252613 -45.719376 1.55797 25.252613 -45.719376 -2.4493732 28.092552 -42.449142 -2.4493732 28.092552 -42.449142 -1.7160034 26.999981 -43.350887 -1.7160034 26.999981 -43.350887 -1.7160034 26.999981 -43.350887 -1.6112366 28.15242 -43.429462 -1.6112366 28.15242 -43.429462 -0.61220741 26.999981 -43.882206 -0.61220741 26.999981 -43.882206 -0.61220741 26.999981 -43.882206 -0.41389656 28.197319 -43.919624 -0.41389656 28.197319 -43.919624 0.61132431 26.999981 -43.882206 0.61132431 26.999981 -43.882206 0.8657589 28.186092 -43.811115 1.7151203 26.999981 -43.350887 1.7151203 26.999981 -43.350887 1.7151203 28.148678 -43.350887 1.9433632 28.133709 -43.145096 2.4784241 28.092552 -42.393017 2.4784241 26.999981 -42.393017 2.4784241 26.999981 -42.393017 2.6168671 28.077583 -42.041298 2.7515678 28.06636 -41.199421 2.7515678 28.06636 -41.199421 0.41675568 28.197319 -38.482956 0.41675568 28.197319 -38.482956 1.6103535 28.15242 -38.969376 1.6103535 28.15242 -38.969376 0.61132431 26.999981 -38.520374 0.61132431 26.999981 -38.520374 0.61132431 26.999981 -38.520374 1.7151203 26.999981 -39.051693 1.7151203 26.999981 -39.051693 1.7151203 26.999981 -39.051693 2.4484901 28.092552 -39.949699 2.4484901 28.092552 -39.949699 2.4784241 26.999981 -40.005821 2.4784241 26.999981 -40.005821 2.4784241 26.999981 -40.005821 2.7515678 26.999981 -41.199421 2.7515678 26.999981 -41.199421 2.7515678 26.999981 -41.199421 1.3222446 26.999981 -41.663387 1.3222446 26.999981 -41.663387 1.3222446 26.999981 -41.663387 0.94433403 26.999981 -42.232124 0.94433403 26.999981 -42.232124 0.34192276 26.999981 -42.557652 0.34192276 26.999981 -42.557652 -0.34280586 26.999981 -42.557652 -0.34280586 26.999981 -42.557652 -0.94521713 26.999981 -42.232124 -0.94521713 26.999981 -42.232124 -0.94521713 26.999981 -42.232124 -1.3231258 26.999981 -41.663387 -1.3231258 26.999981 -41.663387 -2.4793072 26.999981 -42.393017 -2.4793072 26.999981 -42.393017 -2.4793072 26.999981 -42.393017 -2.7487087 28.06636 -41.199421 -2.7487087 28.06636 -41.199421 -2.7487087 26.999981 -41.199421 -2.7487087 26.999981 -41.199421 -2.7487087 26.999981 -41.199421 -2.4793072 26.999981 -40.005821 -2.4793072 26.999981 -40.005821 -2.6177483 28.077583 -40.35754 -2.4793072 28.092552 -40.005821 -1.7160034 26.999981 -39.051693 -1.7160034 26.999981 -39.051693 -1.9442463 28.133709 -39.253746 -1.7160034 28.148678 -39.051693 -0.86664009 28.186092 -38.591465 -0.61220741 26.999981 -38.520374 -0.61220741 26.999981 -38.520374 0.34192276 26.999981 -39.84119 0.34192276 26.999981 -39.84119 0.94433403 26.999981 -40.166714 0.94433403 26.999981 -40.166714 0.94433403 26.999981 -40.166714 1.3222446 26.999981 -40.739193 1.3222446 26.999981 -40.739193 1.3222446 26.999981 -40.739193 1.4008198 26.999981 -41.199421 1.4008198 26.999981 -41.199421 1.2997932 24.964504 -41.723255 1.2997932 24.964504 -41.723255 1.2997932 24.964504 -41.723255 1.0079422 24.979469 -42.168514 1.0079422 24.979469 -42.168514 0.94433403 24.983212 -42.232124 0.94433403 24.983212 -42.232124 0.57390785 24.994438 -42.475334 0.57390785 24.994438 -42.475334 0.34192276 24.99818 -42.557652 0.34192276 24.99818 -42.557652 1.5392609 24.953278 -45.42004 1.5392609 24.953278 -45.42004 0.053813934 24.99818 -42.598808 0.053813934 24.99818 -42.598808 -0.34280586 24.99818 -42.557652 -0.34280586 24.99818 -42.557652 -0.4700222 24.994438 -42.520233 -0.4700222 24.994438 -42.520233 -0.93025017 24.983212 -42.247093 -0.93025017 24.983212 -42.247093 -0.93025017 24.983212 -42.247093 -1.2557755 24.968246 -41.82428 -1.2557755 24.968246 -41.82428 -1.3942184 24.960762 -41.30793 -1.3942184 24.960762 -41.30793 -1.401701 26.999981 -41.199421 -1.401701 26.999981 -41.199421 -1.3231258 26.999981 -40.739193 -1.3231258 26.999981 -40.739193 -1.3231258 26.999981 -40.739193 -0.94521713 26.999981 -40.166714 -0.94521713 26.999981 -40.166714 -0.34280586 26.999981 -39.84119 -0.34280586 26.999981 -39.84119 -0.054695129 24.99818 -39.80003 -0.054695129 24.99818 -39.80003 0.34192276 24.99818 -39.84119 0.34192276 24.99818 -39.84119 0.47288132 24.994438 -39.882347 0.47288132 24.994438 -39.882347 0.92936707 24.983212 -40.151749 0.92936707 24.983212 -40.151749 0.92936707 24.983212 -40.151749 1.2548943 24.968246 -40.5783 1.2548943 24.968246 -40.5783 1.2548943 24.968246 -40.5783 1.3970776 24.960762 -41.090912 1.3970776 24.960762 -41.090912 1.4008198 24.960762 -41.199421 1.4008198 24.960762 -41.199421 1.7226048 24.942055 -45.42004 1.7226048 24.942055 -45.42004 6.096632 24.246101 -45.42004 6.096632 24.246101 -45.42004 6.2051411 24.216167 -36.200531 6.2051411 24.216167 -36.200531 10.766253 22.173206 -36.200531 10.766253 22.173206 -36.200531 12.37892 21.230305 -28.713421 12.47246 21.162952 -29.585234 12.423819 20.803753 -29.581491 12.45001 21.177921 -30.202612 12.412596 20.811234 -30.056686 12.412596 20.811234 -30.056686 12.416334 20.48571 -30.790056 12.225512 20.612926 -31.471043 11.948626 20.788784 -32.107128 12.150675 20.990837 -31.362534 12.150675 20.990837 -31.362534 12.150675 20.990837 -31.362534 12.37892 21.230305 -30.68903 12.37892 21.230305 -30.68903 12.045908 21.454803 -31.729218 12.210543 21.342552 -31.306408 9.4304714 23.086178 -32.675865 9.4304714 23.086178 -32.675865 5.7112408 24.440666 -29.970627 5.7112408 24.440666 -29.970627 8.6933613 23.355579 -32.799339 8.6933613 23.355579 -32.799339 8.0460491 23.591305 -32.743214 8.0460491 23.591305 -32.743214 6.710268 24.077724 -32.051003 6.710268 24.077724 -32.051003 7.3351307 23.849483 -32.488781 7.3351307 23.849483 -32.488781 6.2126255 24.257324 -31.456076 6.2126255 24.257324 -31.456076 5.8721294 24.380802 -30.748898 5.8721294 24.380802 -30.748898 6.1714649 25.739033 -29.701225 6.1714649 25.739033 -29.701225 6.1714649 25.739033 -29.701225 5.7000141 24.444408 -29.701225 5.7000141 24.444408 -29.701225 5.7000141 24.444408 -29.701225 5.7935543 24.410736 -28.91173 5.7935543 24.410736 -28.91173 6.463316 25.656715 -28.365444 6.463316 25.656715 -28.365444 6.0779247 24.305969 -28.17462 6.0779247 24.305969 -28.17462 6.526926 24.145077 -27.538532 6.526926 24.145077 -27.538532 7.2790051 25.417248 -27.28784 7.2790051 25.417248 -27.28784 6.6279507 24.107658 -27.430023 6.6279507 24.107658 -27.430023 7.1106281 23.931801 -27.04089 7.1106281 23.931801 -27.04089 8.536211 23.411705 -26.599371 8.536211 23.411705 -26.599371 7.7953548 23.681107 -26.722845 7.7953548 23.681107 -26.722845 10.115202 22.835487 -32.357822 10.115202 22.835487 -32.357822 10.115202 22.835487 -32.357822 11.151648 22.461319 -31.227833 11.151648 22.461319 -31.227833 10.702646 22.622211 -31.863918 10.702646 22.622211 -31.863918 10.702646 22.622211 -31.863918 11.196547 24.268551 -31.961203 11.196547 24.268551 -31.961203 11.196547 24.268551 -31.961203 11.02817 24.317192 -32.11087 11.02817 24.317192 -32.11087 11.02817 24.317192 -32.11087 9.9131489 24.646461 -32.698315 9.9131489 24.646461 -32.698315 9.8458004 24.665169 -32.717022 9.8458004 24.665169 -32.717022 8.5287266 25.050564 -32.731991 8.5287266 25.050564 -32.731991 7.3313885 25.402279 -32.155769 7.3313885 25.402279 -32.155769 7.1517887 25.454666 -31.998619 7.1517887 25.454666 -31.998619 6.4932499 25.645489 -31.100616 6.4932499 25.645489 -31.100616 6.1377926 26.652004 -30.438337 6.0629559 26.678196 -29.701225 6.1377926 26.652004 -28.960373 6.3622913 26.569687 -28.256935 6.7439442 26.431244 -27.594658 7.2528133 26.24416 -27.04089 7.8701916 26.019657 -26.62182 8.5586605 25.768967 -26.363644 10.006693 25.245129 -26.363644 9.2808056 25.50705 -26.273844 8.4613781 25.073013 -26.681686 8.4613781 25.073013 -26.681686 9.1835232 23.17598 -26.659237 9.1835232 23.17598 -26.659237 9.333189 23.119854 -26.692913 9.333189 23.119854 -26.692913 11.379889 22.375259 -30.674065 11.379889 22.375259 -30.674065 10.515562 22.693302 -27.351448 10.515562 22.693302 -27.351448 9.8906994 22.917801 -26.913671 9.8906994 22.917801 -26.913671 11.016947 22.50996 -27.942635 11.016947 22.50996 -27.942635 11.357439 22.386482 -28.649813 11.357439 22.386482 -28.649813 11.518332 22.326618 -29.428083 11.518332 22.326618 -29.428083 11.529558 22.322876 -29.701225 11.529558 22.322876 -29.701225 11.432272 22.356552 -30.48698 11.432272 22.356552 -30.48698 11.843859 24.077724 -31.033264 11.843859 24.077724 -31.033264 12.19932 24.444408 -31.145515 11.817667 24.582851 -31.807793 11.308798 24.769936 -32.361565 10.695162 24.994438 -32.77689 10.006693 25.245129 -33.035065 9.2808056 25.50705 -33.124866 8.5586605 25.768967 -33.035065 7.8701916 26.019657 -32.77689 7.2528133 26.24416 -32.361565 6.7439442 26.431244 -31.807793 6.3622913 26.569687 -31.145515 6.0891476 26.82412 -30.464529 6.0105724 26.854053 -29.701225 6.0891476 26.82412 -28.937922 6.3173923 26.741802 -28.208294 6.710268 26.595879 -27.527308 7.2378445 26.405052 -26.95483 7.8739338 26.173069 -26.524536 8.5848522 25.91489 -26.255135 9.333189 25.645489 -26.165335 10.077784 25.372349 -26.255135 10.788702 25.11417 -26.524536 10.695162 24.994438 -26.62182 9.7784481 24.683876 -26.666721 9.7784481 24.683876 -26.666721 10.975786 24.332161 -27.246681 10.975786 24.332161 -27.246681 11.185324 24.272293 -27.430023 11.185324 24.272293 -27.430023 11.813925 24.085209 -28.298094 12.13571 23.991665 -29.701225 12.13571 23.991665 -29.701225 12.423819 24.362091 -30.438337 12.345243 24.549175 -31.190416 11.952368 24.69136 -31.875145 11.424791 24.882187 -32.44762 10.788702 25.11417 -32.877914 10.077784 25.372349 -33.143574 9.333189 25.645489 -33.237118 8.5848522 25.91489 -33.143574 7.8739338 26.173069 -32.877914 7.2378445 26.405052 -32.44762 6.710268 26.595879 -31.875145 6.3173923 26.741802 -31.190416 5.9769001 26.966305 -30.498203 5.8945827 26.996239 -29.701225 5.9769001 26.966305 -28.904247 6.2201061 26.880245 -28.144686 6.6279507 26.730579 -27.430023 7.1779804 26.528526 -26.831354 7.8439999 26.289059 -26.382353 8.5848522 26.019657 -26.101727 9.3631229 25.735291 -26.008184 10.145136 25.450924 -26.101727 10.885988 25.181522 -26.382353 11.548265 24.938313 -26.831354 11.424791 24.882187 -26.95483 11.308798 24.769936 -27.04089 11.817667 24.582851 -27.594658 12.19932 24.444408 -28.256935 11.813925 24.085209 -28.298094 12.423819 24.362091 -28.960373 12.498652 24.335899 -29.701225 12.577227 24.46312 -30.464529 12.509878 24.590336 -31.257767 12.098291 24.740002 -31.968685 11.548265 24.938313 -32.567356 10.885988 25.181522 -33.016357 10.145136 25.450924 -33.296982 9.3631229 25.735291 -33.390526 8.5848522 26.019657 -33.296982 7.8439999 26.289059 -33.016357 7.1779804 26.528526 -32.567356 6.6279507 26.730579 -31.968685 6.2201061 26.880245 -31.257767 5.8234882 27.059845 -30.535622 5.7374325 27.089779 -29.701225 5.8234882 27.059845 -28.863089 6.0779247 26.966305 -28.066111 6.5082188 26.809155 -27.317774 7.0844364 26.599621 -26.692913 7.7803898 26.348927 -26.22146 8.5549183 26.06456 -25.925867 9.3743458 25.765224 -25.828583 10.193777 25.469631 -25.925867 10.972048 25.185265 -26.22146 11.668001 24.93457 -26.692913 12.244219 24.721294 -27.317774 12.098291 24.740002 -27.430023 11.952368 24.69136 -27.527308 12.345243 24.549175 -28.208294 12.577227 24.46312 -28.937922 12.655806 24.436928 -29.701225 12.753088 24.504276 -30.498203 12.674513 24.567886 -31.3326 12.244219 24.721294 -32.080936 11.668001 24.93457 -32.709541 10.972048 25.185265 -33.180992 10.193777 25.469631 -33.472843 9.3743458 25.765224 -33.573868 8.5549183 26.06456 -33.472843 7.7803898 26.348927 -33.180992 7.0844364 26.599621 -32.709541 6.5082188 26.809155 -32.080936 6.0779247 26.966305 -31.3326 5.3108768 27.246929 -30.195129 5.2846851 27.254414 -29.701225 5.3108768 27.246929 -29.207323 5.6176968 27.134682 -27.983793 6.2388172 26.906437 -26.906189 7.125597 26.584652 -26.06431 8.2031994 26.195518 -25.529249 9.378088 25.765224 -25.345905 10.552977 25.338673 -25.529249 11.630583 24.945797 -26.06431 12.517363 24.624012 -26.906189 13.138479 24.395767 -27.983793 12.674513 24.567886 -28.066111 12.509878 24.590336 -28.144686 12.753088 24.504276 -28.904247 12.835405 24.474342 -29.701225 12.928946 24.474342 -30.535622 13.138479 24.395767 -31.414917 12.517363 24.624012 -32.492523 11.630583 24.945797 -33.3344 10.552977 25.338673 -33.869461 9.378088 25.765224 -34.056545 8.2031994 26.195518 -33.869461 7.125597 26.584652 -33.3344 6.2388172 26.906437 -32.492523 5.6176968 27.134682 -31.414917 5.4717693 27.22448 -31.48975 5.1537266 27.340473 -30.213837 5.1237926 27.3517 -29.701225 5.1537266 27.340473 -29.184874 5.4717693 27.22448 -27.912701 6.1190815 26.988754 -26.790195 7.0432796 26.652004 -25.9109 8.1657848 26.24416 -25.35339 9.3893147 25.798901 -25.162563 10.616587 25.353638 -25.35339 11.739092 24.945797 -25.9109 12.663286 24.609043 -26.790195 13.310598 24.373318 -27.912701 13.628641 24.257324 -29.184874 13.445299 24.287258 -29.207323 12.928946 24.474342 -28.863089 13.015005 24.444408 -29.701225 13.445299 24.287258 -30.195129 13.628641 24.257324 -30.213837 13.310598 24.373318 -31.48975 12.663286 24.609043 -32.612255 11.739092 24.945797 -33.487808 10.616587 25.353638 -34.045319 9.3893147 25.798901 -34.239887 8.1657848 26.24416 -34.045319 7.0432796 26.652004 -33.487808 6.1190815 26.988754 -32.612255 6.0405064 27.123455 -32.71328 5.8085232 27.209515 -32.395237 5.3670025 27.366665 -31.549618 5.3670025 27.366665 -31.549618 5.0414791 27.486397 -30.232544 5.0115452 27.497623 -29.701225 5.0414791 27.486397 -29.166164 5.3670025 27.366665 -27.849092 5.8085232 27.209515 -27.007214 6.0405064 27.123455 -26.685429 6.9946346 26.775478 -25.779942 8.1545582 26.352669 -25.203722 8.58111 26.199261 -25.091471 9.4229908 25.892441 -25.005413 10.264868 25.585625 -25.091471 10.69142 25.432213 -25.203722 11.855085 25.009403 -25.779942 12.809214 24.661427 -26.685429 13.037455 24.575367 -27.007214 13.037455 24.575367 -27.007214 13.478975 24.418217 -27.849092 13.478975 24.418217 -27.849092 13.808241 24.298485 -29.166164 13.654833 24.246101 -29.701225 13.471491 24.276035 -29.701225 13.654833 24.246101 -29.701225 13.838175 24.287258 -29.701225 13.808241 24.298485 -30.232544 13.478975 24.418217 -31.549618 13.037455 24.575367 -32.395237 12.809214 24.661427 -32.71328 11.855085 25.009403 -33.622509 10.69142 25.432213 -34.19873 10.264868 25.585625 -34.310982 9.4229908 25.892441 -34.397038 8.58111 26.199261 -34.310982 8.1545582 26.352669 -34.19873 6.9946346 26.775478 -33.622509 4.9254856 27.860565 -30.831215 4.9254856 27.860565 -30.831215 4.8057499 27.905468 -29.701225 4.9254856 27.860565 -28.567495 5.6588535 27.594906 -26.816387 6.9572201 27.123455 -25.480606 7.5970478 26.88773 -25.11018 8.6297512 26.513561 -24.762203 10.433245 25.858765 -24.762203 11.544523 25.450924 -25.151339 12.105776 25.248871 -25.480606 12.674513 25.043079 -25.944576 12.105776 25.248871 -25.480606 12.105776 25.248871 -25.480606 12.105776 25.248871 -25.480606 11.593164 25.484596 -25.080246 11.593164 25.484596 -25.080246 11.593164 25.484596 -25.080246 11.544523 25.450924 -25.151339 10.433245 25.858765 -24.762203 10.279833 25.959793 -24.653694 10.279833 25.959793 -24.653694 8.902895 26.461178 -24.638727 8.902895 26.461178 -24.638727 8.902895 26.461178 -24.638727 8.6297512 26.513561 -24.762203 8.6297512 26.513561 -24.762203 7.5820789 26.943855 -25.039087 7.5820789 26.943855 -25.039087 7.5820789 26.943855 -25.039087 7.5970478 26.88773 -25.11018 6.9572201 27.123455 -25.480606 6.9572201 27.123455 -25.480606 6.9572201 27.123455 -25.480606 6.4221592 27.362923 -25.8211 6.4221592 27.362923 -25.8211 6.4221592 27.362923 -25.8211 6.4221592 27.362923 -25.8211 5.6588535 27.594906 -26.816387 5.6588535 27.594906 -26.816387 5.5166721 27.692192 -26.924896 5.5166721 27.692192 -26.924896 4.9441929 27.901726 -28.253195 4.9441929 27.901726 -28.253195 4.9441929 27.901726 -28.253195 4.9254856 27.860565 -28.567495 4.9254856 27.860565 -28.567495 4.7458858 27.972816 -29.701225 4.7458858 27.972816 -29.701225 4.8057499 27.905468 -29.701225 4.9254856 27.860565 -30.831215 4.9180012 27.912949 -31.055716 5.4680309 27.710899 -32.395237 5.4680309 27.710899 -32.395237 5.6588535 27.594906 -32.586063 5.6588535 27.594906 -32.586063 6.3548069 27.389114 -33.514 6.3548069 27.389114 -33.514 6.3548069 27.389114 -33.514 12.670771 25.091721 -33.57761 12.670771 25.091721 -33.57761 12.670771 25.091721 -33.57761 12.670771 25.091721 -33.57761 11.510847 25.51453 -34.359623 11.510847 25.51453 -34.359623 11.510847 25.51453 -34.359623 11.548265 25.50705 -34.445679 11.548265 25.50705 -34.445679 10.201258 25.993465 -34.853523 10.201258 25.993465 -34.853523 10.190035 25.993465 -34.759983 10.190035 25.993465 -34.759983 10.190035 25.993465 -34.759983 8.8018703 26.502335 -34.838558 8.8018703 26.502335 -34.838558 8.8130932 26.494854 -34.748756 8.8130932 26.494854 -34.748756 7.4660892 26.992496 -34.404522 7.4660892 26.992496 -34.404522 7.4997654 26.973789 -34.318462 7.4997654 26.973789 -34.318462 7.4997654 26.973789 -34.318462 6.2986851 27.415306 -33.585094 6.2986851 27.415306 -33.585094 5.3969364 27.744576 -32.443878 5.3969364 27.744576 -32.443878 4.8356838 27.946625 -31.078165 4.8356838 27.946625 -31.078165 4.6598263 28.010235 -29.701225 4.6598263 28.010235 -29.701225 4.8618755 27.939144 -28.227003 4.8618755 27.939144 -28.227003 5.4455776 27.725864 -26.872513 5.4455776 27.725864 -26.872513 6.3660336 27.389114 -25.75375 6.3660336 27.389114 -25.75375 7.5484066 26.95882 -24.95303 7.5484066 26.95882 -24.95303 8.8954105 26.472401 -24.545185 8.8954105 26.472401 -24.545185 10.294802 25.963531 -24.560152 10.294802 25.963531 -24.560152 11.630583 25.473373 -24.994188 11.630583 25.473373 -24.994188 12.797987 25.050564 -25.817358 12.797987 25.050564 -25.817358 12.738119 25.065529 -25.884708 12.738119 25.065529 -25.884708 12.738119 25.065529 -25.884708 13.4004 24.77742 -26.816387 13.4004 24.77742 -26.816387 14.13751 24.508018 -28.567495 14.13751 24.508018 -28.567495 14.13751 24.508018 -28.567495 14.257246 24.466862 -29.701225 14.13751 24.508018 -30.831215 13.4004 24.77742 -32.586063 12.105776 25.248871 -33.918102 11.465948 25.480858 -34.288528 10.433245 25.858765 -34.636505 8.6297512 26.513561 -34.636505 7.5147305 26.917664 -34.251114 6.9572201 27.123455 -33.918102 6.388483 27.329247 -33.454136 6.9572201 27.123455 -33.918102 6.9572201 27.123455 -33.918102 6.9572201 27.123455 -33.918102 7.5147305 26.917664 -34.251114 8.6297512 26.513561 -34.636505 10.433245 25.858765 -34.636505 10.433245 25.858765 -34.636505 11.465948 25.480858 -34.288528 12.105776 25.248871 -33.918102 12.105776 25.248871 -33.918102 12.105776 25.248871 -33.918102 13.4004 24.77742 -32.586063 13.4004 24.77742 -32.586063 13.576258 24.762451 -32.477554 13.576258 24.762451 -32.477554 14.13751 24.508018 -30.831215 14.13751 24.508018 -30.831215 14.148737 24.552917 -31.145515 14.148737 24.552917 -31.145515 14.148737 24.552917 -31.145515 13.651091 24.740002 -32.526199 13.651091 24.740002 -32.526199 12.730639 25.076756 -33.648705 12.730639 25.076756 -33.648705 11.566973 25.458405 -34.524254 11.566973 25.458405 -34.524254 10.201258 25.956051 -34.939583 10.201258 25.956051 -34.939583 8.7794209 26.472401 -34.924614 8.7794209 26.472401 -34.924614 7.417448 26.970047 -34.483097 7.417448 26.970047 -34.483097 6.2313328 27.400341 -33.648705 6.2313328 27.400341 -33.648705 6.2313328 27.400341 -33.648705 5.3146191 27.733349 -32.488781 5.3146191 27.733349 -32.488781 4.7458858 27.939144 -31.100616 4.7458858 27.939144 -31.100616 4.5662823 28.006493 -29.701225 4.5662823 28.006493 -29.701225 4.7720776 27.93166 -28.200811 4.7720776 27.93166 -28.200811 5.3670025 27.714642 -26.827612 5.3670025 27.714642 -26.827612 6.3024235 27.374149 -25.686399 6.3024235 27.374149 -25.686399 7.5035038 26.936371 -24.878195 7.5035038 26.936371 -24.878195 8.8692188 26.438728 -24.46287 8.8692188 26.438728 -24.46287 10.291059 25.922375 -24.474094 10.291059 25.922375 -24.474094 11.653032 25.428474 -24.919353 11.653032 25.428474 -24.919353 12.839148 24.994438 -25.75375 12.839148 24.994438 -25.75375 12.839148 24.994438 -25.75375 13.755857 24.661427 -26.909929 13.755857 24.661427 -26.909929 13.699732 24.721294 -26.95483 13.699732 24.721294 -26.95483 13.624899 24.743744 -27.003471 13.624899 24.743744 -27.003471 13.624899 24.743744 -27.003471 14.13751 24.508018 -28.567495 14.174929 24.545437 -28.346737 14.174929 24.545437 -28.346737 14.347044 24.481827 -29.701225 14.347044 24.481827 -29.701225 14.257246 24.466862 -29.701225 14.234793 24.526726 -31.175449 14.234793 24.526726 -31.175449 13.703474 24.680138 -32.574837 13.703474 24.680138 -32.574837 12.768053 25.02063 -33.712311 12.768053 25.02063 -33.712311 11.566973 25.383572 -34.576641 11.566973 25.383572 -34.576641 10.18255 25.884956 -34.995708 10.18255 25.884956 -34.995708 8.7457447 26.408794 -34.984482 8.7457447 26.408794 -34.984482 7.368803 26.910179 -34.53548 7.368803 26.910179 -34.53548 7.368803 26.910179 -34.53548 6.1714649 27.347958 -33.689861 6.1714649 27.347958 -33.689861 6.1714649 27.347958 -33.689861 6.1714649 27.347958 -33.689861 5.2435284 27.684708 -32.518715 5.2435284 27.684708 -32.518715 5.2435284 27.684708 -32.518715 4.6673107 27.894241 -31.119324 4.6673107 27.894241 -31.119324 4.4877071 27.957851 -29.701225 4.4877071 27.957851 -29.701225 4.6935024 27.883018 -28.185844 4.6935024 27.883018 -28.185844 5.2959118 27.666 -26.793938 5.2959118 27.666 -26.793938 6.2425594 27.321766 -25.641499 6.2425594 27.321766 -25.641499 7.4548626 26.880245 -24.822071 7.4548626 26.880245 -24.822071 8.8392849 26.375118 -24.403002 8.8392849 26.375118 -24.403002 10.276094 25.851284 -24.417969 10.276094 25.851284 -24.417969 11.653032 25.349895 -24.86323 11.653032 25.349895 -24.86323 11.653032 25.349895 -24.86323 12.85037 24.915863 -25.708849 12.85037 24.915863 -25.708849 12.85037 24.915863 -25.708849 12.85037 24.915863 -25.708849 13.778311 24.579109 -26.879997 13.778311 24.579109 -26.879997 13.778311 24.579109 -26.879997 13.778311 24.579109 -26.879997 14.354528 24.369576 -28.283129 14.354528 24.369576 -28.283129 14.354528 24.369576 -28.283129 14.324594 24.455635 -28.298094 14.324594 24.455635 -28.298094 14.260984 24.519245 -28.320545 14.260984 24.519245 -28.320545 14.436846 24.455635 -29.701225 14.436846 24.455635 -29.701225 14.298403 24.46312 -31.197899 14.298403 24.46312 -31.197899 14.328337 24.37706 -31.216608 14.328337 24.37706 -31.216608 13.725924 24.59782 -32.604774 13.725924 24.59782 -32.604774 12.77928 24.942055 -33.75721 12.77928 24.942055 -33.75721 12.764311 24.852253 -33.772179 12.764311 24.852253 -33.772179 11.544523 25.297512 -34.595348 11.409822 25.346157 -34.658958 10.156359 25.802639 -35.018158 9.4791126 26.049591 -35.066799 9.4791126 26.049591 -35.066799 9.4791126 26.049591 -35.066799 8.7120686 26.326477 -35.003193 7.5521488 26.749287 -34.658958 7.3313885 26.831604 -34.554192 6.1265659 27.269382 -33.704826 6.1265659 27.269382 -33.704826 5.9170322 27.344215 -33.495293 5.9170322 27.344215 -33.495293 5.1986294 27.606133 -32.529938 5.1986294 27.606133 -32.529938 4.8207188 27.744576 -31.751669 4.8207188 27.744576 -31.751669 4.8207188 27.744576 -31.751669 4.6186657 27.815666 -31.123066 4.4390659 27.883018 -29.701225 4.6448574 27.808182 -28.17836 4.8207188 27.744576 -27.647041 4.8207188 27.744576 -27.647041 4.8207188 27.744576 -27.647041 5.2472706 27.587425 -26.782713 5.9170322 27.344215 -25.907158 5.9170322 27.344215 -25.907158 5.9170322 27.344215 -25.907158 6.1976566 27.243191 -25.626532 7.417448 26.797928 -24.803362 7.5521488 26.749287 -24.743496 8.8056126 26.292801 -24.380552 9.4791126 26.049591 -24.335651 9.4791126 26.049591 -24.335651 9.4791126 26.049591 -24.335651 10.249903 25.768967 -24.395519 11.409822 25.346157 -24.743496 11.630583 25.26384 -24.844521 12.835405 24.826061 -25.693882 12.835405 24.826061 -25.693882 13.044939 24.751228 -25.907158 13.044939 24.751228 -25.907158 13.763342 24.489311 -26.868771 13.763342 24.489311 -26.868771 14.13751 24.350868 -27.647041 14.13751 24.350868 -27.647041 14.13751 24.350868 -27.647041 14.343302 24.279778 -28.275644 14.522905 24.212425 -29.701225 14.534128 24.302227 -29.701225 14.534128 24.302227 -29.701225 14.504194 24.392025 -29.701225 14.504194 24.392025 -29.701225 14.504194 24.392025 -29.701225 14.534128 24.302227 -29.701225 14.534128 24.302227 -29.701225 14.522905 24.212425 -29.701225 14.31711 24.287258 -31.220348 14.13751 24.350868 -31.751669 14.13751 24.350868 -31.751669 14.13751 24.350868 -31.751669 13.714701 24.508018 -32.615997 13.044939 24.751228 -33.495293 13.044939 24.751228 -33.495293 13.044939 24.751228 -33.495293 13.044939 24.751228 -33.495293 10.897211 24.485569 -34.569157 11.409822 25.346157 -34.658958 11.409822 25.346157 -34.658958 10.130167 24.784904 -34.812366 10.130167 24.784904 -34.812366 10.156359 25.802639 -35.018158 9.2845478 25.11417 -34.917133 9.2845478 25.11417 -34.917133 9.4791126 26.049591 -35.066799 9.1573277 25.162811 -34.920876 7.8814144 25.660458 -34.741272 8.7120686 26.326477 -35.003193 7.6382046 25.753998 -34.666439 7.5521488 26.749287 -34.658958 7.2939701 25.888699 -34.531738 6.5418911 26.184292 -34.112671 7.3313885 26.831604 -34.554192 6.1677227 26.326477 -33.832047 6.1265659 27.269382 -33.704826 5.7112408 26.506077 -33.401752 5.9170322 27.344215 -33.495293 5.4343548 26.614586 -33.08371 5.0452175 26.764252 -32.518715 5.1986294 27.606133 -32.529938 5.0040607 26.782963 -32.44762 4.6673107 26.913921 -31.747927 4.8207188 27.744576 -31.751669 4.6485996 26.921406 -31.703026 4.4278431 27.003723 -31.003332 4.6186657 27.815666 -31.123066 4.4016514 27.014946 -30.872372 4.2744312 27.063587 -29.701225 4.4390659 27.883018 -29.701225 4.3305569 27.04488 -28.915472 4.6448574 27.808182 -28.17836 4.5588017 26.955078 -27.942635 4.8207188 27.744576 -27.647041 4.6485996 26.921406 -27.695684 5.1350193 26.730579 -26.73407 5.2472706 27.587425 -26.782713 5.3782291 26.637035 -26.389835 5.9170322 27.344215 -25.907158 5.9170322 27.344215 -25.907158 5.7112408 26.506077 -26.0007 6.1377926 26.341442 -25.592857 6.1377926 26.341442 -25.592857 6.1976566 27.243191 -25.626532 6.6354351 26.146877 -25.226171 7.417448 26.797928 -24.803362 6.7476864 26.101974 -25.155081 7.2939701 25.888699 -24.870712 7.5521488 26.749287 -24.743496 7.5521488 26.749287 -24.743496 7.4137058 25.8438 -24.818329 8.1171398 25.570656 -24.597569 8.1171398 25.570656 -24.597569 8.8056126 26.292801 -24.380552 8.1882343 25.540722 -24.578861 9.1573277 25.162811 -24.477835 9.4791126 26.049591 -24.335651 9.2845478 25.11417 -24.481577 10.249903 25.768967 -24.395519 10.676455 24.571629 -24.747236 11.409822 25.346157 -24.743496 11.409822 25.346157 -24.743496 10.91218 24.478085 -24.837038 11.016947 24.436928 -24.881937 11.016947 24.436928 -24.881937 11.630583 25.26384 -24.844521 11.978559 24.062759 -25.458157 12.835405 24.826061 -25.693882 12.334021 23.924316 -25.761232 12.592196 23.823292 -26.015667 13.044939 24.751228 -25.907158 13.018747 23.658657 -26.546988 13.763342 24.489311 -26.868771 13.366724 23.520214 -27.115723 13.639868 23.415447 -27.706909 14.13751 24.350868 -27.647041 13.714701 23.385513 -27.920185 13.931719 23.299454 -28.791996 14.343302 24.279778 -28.275644 14.006552 23.273262 -29.701225 14.522905 24.212425 -29.701225 13.950426 23.291969 -30.479496 14.31711 24.287258 -31.220348 13.722185 23.381771 -31.456076 14.13751 24.350868 -31.751669 13.639868 23.415447 -31.691803 13.15719 23.602531 -32.649673 13.714701 24.508018 -32.615997 12.906496 23.703556 -33.008873 12.592196 23.823292 -33.383041 12.161901 23.991665 -33.794628 11.675482 24.182491 -34.15757 11.544523 25.297512 -34.595348 11.016947 24.436928 -34.516773 10.687677 24.096432 -34.445679 10.130167 24.784904 -34.812366 9.3743458 24.609043 -34.767464 9.1161709 24.710068 -34.77869 8.4501514 24.968246 -34.748756 8.4501514 24.968246 -34.748756 7.7504559 25.24139 -34.606575 7.6382046 25.753998 -34.666439 7.0806942 25.503307 -34.348396 6.4520931 25.750256 -33.989197 6.4520931 25.750256 -33.989197 5.8796139 25.971016 -33.532711 5.3819714 26.169327 -32.986423 5.0452175 26.764252 -32.518715 4.962904 26.330219 -32.369045 4.6336346 26.457436 -31.688061 4.4053898 26.547237 -30.962173 4.2819157 26.595879 -30.210094 4.255724 26.607101 -29.701225 4.3081074 26.584652 -28.937922 4.5588017 26.955078 -27.942635 4.4689999 26.521046 -28.193327 4.730917 26.420017 -27.482407 5.0901203 26.281578 -26.820129 5.5353794 26.105717 -26.225203 6.0629559 25.899925 -25.708849 6.6354351 26.146877 -25.226171 6.6541424 25.67168 -25.282297 7.2977123 25.42099 -24.95303 7.982439 25.151588 -24.736012 8.1882343 25.540722 -24.578861 8.6858768 24.878445 -24.627502 9.1161709 24.710068 -24.62002 9.7821903 24.448151 -24.68737 10.474401 24.178749 -24.874454 10.91218 24.478085 -24.837038 11.13294 23.920574 -25.166306 11.742834 23.684849 -25.562923 12.334021 23.924316 -25.761232 12.289118 23.467831 -26.053083 12.760572 23.284489 -26.625563 13.366724 23.520214 -27.115723 13.149706 23.134819 -27.26539 13.441557 23.018829 -27.965084 13.931719 23.299454 -28.791996 13.931719 23.299454 -28.791996 13.718443 22.91032 -29.37944 13.718443 22.91032 -29.37944 13.725924 22.906578 -29.701225 13.67354 22.929028 -30.460789 13.722185 23.381771 -31.456076 13.512648 22.988895 -31.205383 13.250731 23.093662 -31.920044 12.895273 23.232105 -32.578583 12.906496 23.703556 -33.008873 12.446268 23.407963 -33.173508 11.922434 23.613754 -33.689861 11.675482 24.182491 -34.15757 11.331247 23.841999 -34.120155 11.06933 23.538921 -33.891911 10.459436 23.778389 -34.202473 9.2134533 24.268551 -34.501808 8.9702473 24.362091 -34.516773 8.3004856 24.624012 -34.479355 7.398737 24.979469 -34.254856 6.5606022 25.308739 -33.835785 5.819746 25.596848 -33.24086 5.2098522 25.836315 -32.496262 4.7533665 26.015919 -31.631935 4.4727421 26.124424 -30.685287 4.3754597 26.161842 -29.701225 4.4278431 26.143135 -28.97908 4.4652576 26.128166 -28.747097 4.5775089 26.083267 -28.275644 4.824461 25.985985 -27.602142 5.161211 25.855026 -26.97728 5.5840206 25.690392 -26.412287 6.0779247 25.495823 -25.922125 6.4071903 25.368607 -25.671432 6.6391773 25.275063 -25.518024 7.2490711 25.039337 -25.207464 7.8926411 24.784904 -24.997929 8.5624027 24.522984 -24.893162 8.9702473 24.362091 -24.885679 9.4342136 24.182491 -24.923096 10.33222 23.82703 -25.147596 11.170355 23.501507 -25.566666 11.465948 23.385513 -25.776199 11.907469 23.209656 -26.161592 12.517363 22.970188 -26.906189 12.973848 22.790585 -27.770517 13.254473 22.682076 -28.713421 13.348017 22.644661 -29.701225 13.299372 22.663368 -30.42337 13.269442 22.674595 -30.606712 13.145964 22.723236 -31.13055 12.895273 22.820518 -31.807793 12.554777 22.955219 -32.436398 12.131968 23.123596 -33.001389 11.634325 23.318165 -33.49155 10.515562 23.437897 -33.824562 9.333189 23.871933 -34.161312 8.8542538 24.044048 -34.187504 8.3753185 24.21991 -34.161312 7.1929455 24.650204 -33.824562 6.4745426 24.912121 -33.405495 6.1490154 25.028111 -33.143574 5.3333302 25.327446 -32.170738 4.8132343 25.51453 -30.988365 4.7159519 25.551949 -30.565556 4.6373768 25.57814 -29.701225 4.7159519 25.551949 -28.833155 4.8132343 25.51453 -28.410345 5.3333302 25.327446 -27.227974 6.1490154 25.028111 -26.255135 6.4745426 24.912121 -25.993217 7.1929455 24.650204 -25.574148 8.3753185 24.21991 -25.241138 8.8542538 24.044048 -25.211206 9.333189 23.871933 -25.241138 10.515562 23.437897 -25.574148 11.233965 23.179722 -25.993217 11.559492 23.059986 -26.255135 12.375177 22.764393 -27.227974 12.895273 22.573566 -28.410345 12.992556 22.539894 -28.833155 13.071131 22.50996 -29.701225 12.992556 22.539894 -30.565556 12.895273 22.573566 -30.988365 12.375177 22.764393 -32.170738 11.559492 23.059986 -33.143574 11.439756 22.925285 -33.061256 11.439756 22.925285 -33.061256 10.418276 23.295712 -33.72728 10.418276 23.295712 -33.72728 10.231192 23.157272 -33.745987 10.231192 23.157272 -33.745987 9.2620983 23.718525 -34.052803 9.2620983 23.718525 -34.052803 8.7831631 23.849483 -34.067772 8.7831631 23.849483 -34.067772 8.7831631 23.849483 -34.067772 8.3304157 24.055275 -34.052803 7.1742382 24.478085 -33.72728 7.1742382 24.478085 -33.72728 6.1564999 24.848511 -33.061256 6.1564999 24.848511 -33.061256 6.1564999 24.848511 -33.061256 5.3595219 25.13662 -32.11087 5.3595219 25.13662 -32.11087 4.8543949 25.323704 -30.958431 4.8543949 25.323704 -30.958431 4.6785336 25.383572 -29.701225 4.6785336 25.383572 -29.701225 4.8543949 25.323704 -28.440279 4.8543949 25.323704 -28.440279 5.3595219 25.13662 -27.28784 5.3595219 25.13662 -27.28784 6.1564999 24.848511 -26.337452 6.1564999 24.848511 -26.337452 7.1742382 24.478085 -25.671432 7.1742382 24.478085 -25.671432 8.3304157 24.055275 -25.345905 8.3304157 24.055275 -25.345905 8.7831631 23.849483 -25.33094 8.7831631 23.849483 -25.33094 9.2620983 23.718525 -25.345905 10.418276 23.295712 -25.671432 10.418276 23.295712 -25.671432 11.439756 22.925285 -26.337452 11.439756 22.925285 -26.337452 12.232992 22.637177 -27.28784 12.232992 22.637177 -27.28784 12.741861 22.450092 -28.440279 12.741861 22.450092 -28.440279 12.91398 22.386482 -29.701225 12.91398 22.386482 -29.701225 12.741861 22.450092 -30.958431 12.741861 22.450092 -30.958431 12.232992 22.637177 -32.11087 12.232992 22.637177 -32.11087 11.888758 22.551117 -32.458847 11.522074 22.685818 -32.874176 10.451952 23.074955 -33.644958 10.451952 23.074955 -33.644958 11.645548 21.716721 -32.436398 11.903727 22.547375 -32.44014 11.630583 21.727947 -32.458847 11.888758 22.551117 -32.458847 11.170355 22.004833 -33.001389 11.522074 22.685818 -32.874176 10.758772 22.236816 -33.349365 10.253641 22.502476 -33.66367 9.901926 22.674595 -33.82082 9.6287823 22.801811 -33.91436 8.5624027 23.239586 -34.067772 8.4389248 22.906578 -34.142605 7.9001255 23.467831 -34.011646 7.0058613 24.328419 -33.644958 6.7963276 23.778389 -33.659927 7.1031437 24.294743 -33.689861 7.0507603 23.714783 -33.772179 8.5174999 23.778389 -34.04158 8.7307758 23.703556 -34.049065 8.7307758 23.703556 -34.049065 8.5174999 23.778389 -34.04158 7.1031437 24.294743 -33.689861 7.0058613 24.328419 -33.644958 7.0058613 24.328419 -33.644958 5.8384571 24.754971 -32.77689 5.8384571 24.754971 -32.77689 5.8384571 24.754971 -32.77689 5.5540867 24.855995 -32.44014 5.3183613 24.942055 -32.092163 5.0339947 25.046822 -31.557102 4.7496281 25.151588 -30.677805 4.6523418 25.185265 -29.981852 4.7496281 25.151588 -28.720905 4.839426 25.117912 -28.369186 5.3183613 24.942055 -27.306549 5.5540867 24.855995 -26.962313 5.5690556 24.852253 -26.943605 5.9357395 24.717552 -26.524536 7.0058613 24.328419 -25.757492 7.2303638 24.246101 -25.656466 8.7307758 23.703556 -25.349648 8.9403133 23.624981 -25.357132 10.35467 23.11237 -25.708849 10.451952 23.074955 -25.757492 10.451952 23.074955 -25.757492 11.619356 22.648403 -26.625563 11.619356 22.648403 -26.625563 11.619356 22.648403 -26.625563 11.903727 22.547375 -26.962313 12.143194 22.461319 -27.306549 12.423819 22.356552 -27.84161 12.711927 22.251781 -28.720905 12.809214 22.218109 -29.416859 12.711927 22.251781 -30.677805 12.618387 22.285458 -31.033264 12.143194 22.461319 -32.092163 12.045908 21.454803 -31.729218 12.618387 22.285458 -31.033264 12.711927 22.251781 -30.677805 12.45001 21.177921 -30.202612 12.809214 22.218109 -29.416859 12.711927 22.251781 -28.720905 12.423819 22.356552 -27.84161 12.35647 21.24527 -28.608654 12.363951 20.84491 -28.893023 12.210543 20.949677 -28.227003 12.457495 20.459518 -28.840639 12.457495 20.459518 -28.840639 12.524843 20.414616 -29.574009 12.524843 20.414616 -29.574009 12.51362 20.4221 -30.079136 12.51362 20.4221 -30.079136 12.648321 20.175148 -30.876114 12.44253 20.306107 -31.609486 12.139452 20.493191 -32.297955 11.754057 20.725178 -32.915333 11.593164 21.013287 -32.68335 11.559492 21.372486 -32.514973 11.140421 21.626923 -33.016357 10.650263 21.903805 -33.435425 10.650263 21.903805 -33.435425 9.5090466 22.4688 -33.992935 8.397768 22.794327 -34.202473 7.7803898 23.134819 -34.090221 7.125597 23.329388 -33.925587 6.4969921 23.494022 -33.659927 5.9058056 23.621239 -33.293243 5.7074986 24.010376 -32.93404 6.0442486 23.946766 -33.210926 5.8384571 24.754971 -32.77689 5.7074986 24.010376 -32.93404 5.2510128 24.085209 -32.458847 5.0976009 24.107658 -32.264278 4.5176411 24.175007 -31.197899 5.0339947 25.046822 -31.557102 4.3866825 24.189976 -30.793797 4.7496281 25.151588 -30.677805 4.7496281 25.151588 -30.677805 4.3604908 24.193718 -30.68903 4.2482395 24.201199 -29.892052 4.6523418 25.185265 -29.981852 4.2744312 24.201199 -29.199841 4.7496281 25.151588 -28.720905 4.7496281 25.151588 -28.720905 4.2819157 24.201199 -29.128748 4.3604908 24.193718 -28.713421 4.839426 25.117912 -28.369186 4.6560841 24.160042 -27.879026 4.7608509 24.148815 -27.669491 5.2510128 24.085209 -26.943605 5.5690556 24.852253 -26.943605 5.3894558 24.062759 -26.782713 5.9357395 24.717552 -26.524536 5.7823315 23.995407 -26.39732 6.2724895 23.901867 -26.030634 6.7963276 23.778389 -25.738783 7.0058613 24.328419 -25.757492 7.1817188 23.681107 -25.57789 7.2303638 24.246101 -25.656466 7.5035038 23.587563 -25.476866 7.5035038 23.587563 -25.476866 8.5624027 23.239586 -25.334681 8.7307758 23.703556 -25.349648 8.9403133 23.624981 -25.357132 9.7597408 22.741943 -25.529249 10.35467 23.11237 -25.708849 10.017916 22.618469 -25.626532 10.253641 22.502476 -25.738783 10.451952 23.074955 -25.757492 10.878504 22.173206 -26.139143 11.619356 22.648403 -26.625563 11.230223 21.967415 -26.46467 11.630583 21.727947 -26.943605 11.720385 21.668079 -27.078306 11.761541 21.641888 -27.138172 12.270411 21.305138 -28.275644 11.761541 21.641888 -27.138172 11.967333 21.114311 -27.587175 11.967333 21.114311 -27.587175 12.29286 20.568024 -28.133461 12.29286 20.568024 -28.133461 12.696962 20.145214 -28.773289 12.768053 20.096573 -29.562784 12.75683 20.104057 -30.10907 12.786764 20.074123 -30.816248 12.768053 20.08535 -30.90979 12.569746 20.208824 -31.673092 12.274153 20.388424 -32.395237 12.218027 20.425842 -32.514973 11.8925 20.616669 -33.057518 11.267637 21.00206 -33.476585 11.144163 21.275204 -33.207184 10.62781 21.55957 -33.644958 10.051592 21.855164 -33.981712 9.4342136 22.143272 -34.217438 8.3229351 22.59602 -34.370846 8.2780323 22.476284 -34.53548 7.6419468 22.831745 -34.31472 7.6419468 22.831745 -34.31472 6.9647045 23.037537 -34.150085 6.9647045 23.037537 -34.150085 6.9647045 23.037537 -34.150085 6.3099079 23.209656 -33.873203 6.3099079 23.209656 -33.873203 5.6925297 23.351837 -33.495293 5.6925297 23.351837 -33.495293 5.0377369 23.774647 -32.466331 5.0377369 23.774647 -32.466331 5.2510128 24.085209 -32.458847 5.0976009 24.107658 -32.264278 4.641119 23.830772 -31.886368 4.3380413 23.868191 -31.250282 4.5176411 24.175007 -31.197899 4.1434727 23.886898 -30.584263 4.3866825 24.189976 -30.793797 4.0536747 23.898125 -29.899534 4.0910892 23.894382 -29.106298 4.0910892 23.894382 -29.106298 4.4802265 23.849483 -27.819159 4.4802265 23.849483 -27.819159 4.4802265 23.849483 -27.819159 5.2360439 23.744717 -26.700396 5.2360439 23.744717 -26.700396 5.7823315 23.995407 -26.39732 6.1377926 23.572598 -25.944576 6.1377926 23.572598 -25.944576 6.1377926 23.572598 -25.944576 7.3800297 23.258297 -25.398291 7.3800297 23.258297 -25.398291 7.1817188 23.681107 -25.57789 8.4389248 22.906578 -25.256105 8.397768 22.794327 -25.196239 9.011404 22.682076 -25.297264 9.6400051 22.408936 -25.446932 9.6400051 22.408936 -25.446932 10.231192 22.120823 -25.701366 10.769995 21.836456 -26.056826 10.769995 21.836456 -26.056826 11.638067 21.323845 -26.999731 11.638067 21.323845 -26.999731 12.030943 20.740143 -27.452475 12.030943 20.740143 -27.452475 12.517363 20.261208 -28.006243 12.846628 20.036705 -28.997789 12.880304 20.010513 -29.559042 12.640837 20.163925 -27.953859 12.846628 20.036705 -28.997789 12.932688 19.980579 -28.163393 13.112288 19.860847 -29.701225 13.097322 19.872074 -30.165195 12.857855 20.025482 -31.508459 12.831663 20.044189 -31.605743 12.195578 20.437065 -32.993908 12.117002 20.48571 -33.121124 11.245188 20.975868 -34.120155 11.189062 21.005802 -33.880688 10.710127 21.301395 -33.940552 10.092749 21.611954 -34.299755 9.4304714 21.918774 -34.546707 8.2481022 22.393967 -34.7076 8.2293911 22.334099 -34.988224 7.5222149 22.648403 -34.651474 6.803812 22.86916 -34.47187 6.1041164 23.056244 -34.183762 5.4455776 23.213394 -33.779663 4.7758198 23.520214 -32.630966 4.7758198 23.520214 -32.630966 4.3567486 23.583824 -32.021069 4.3567486 23.583824 -32.021069 4.0312214 23.628723 -31.347567 4.0312214 23.628723 -31.347567 3.8216877 23.651173 -30.644131 3.8216877 23.651173 -30.644131 3.7281475 23.662399 -29.910761 3.7281475 23.662399 -29.910761 3.7693043 23.658657 -29.068882 3.7693043 23.658657 -29.068882 3.9227123 23.639946 -28.365444 4.1846333 23.606274 -27.699425 4.5438328 23.557632 -27.078306 4.9890957 23.482796 -26.524536 4.9890957 23.482796 -26.524536 5.9357395 23.295712 -25.738783 5.9357395 23.295712 -25.738783 6.5680828 23.146046 -25.402031 7.2303638 22.962704 -25.173788 8.3229351 22.59602 -25.027863 8.2780323 22.476284 -24.86323 8.91786 22.364033 -25.072763 9.5689144 22.083408 -25.226171 9.5689144 22.083408 -25.226171 10.186293 21.787815 -25.484348 10.186293 21.787815 -25.484348 10.186293 21.787815 -25.484348 10.75503 21.492222 -25.851034 10.75503 21.492222 -25.851034 11.24893 21.215336 -26.300035 11.24893 21.215336 -26.300035 11.675482 20.960903 -26.835096 11.675482 20.960903 -26.835096 12.22925 20.440807 -27.276615 12.390142 20.317333 -27.257906 12.91398 19.991806 -28.08856 13.044939 19.939423 -28.129719 13.044939 19.939423 -28.129719 13.183382 19.845879 -28.90799 13.183382 19.845879 -28.90799 13.228281 19.815948 -29.701225 13.228281 19.815948 -29.701225 13.228281 19.815948 -29.701225 13.213316 19.827171 -30.17642 13.213316 19.827171 -30.17642 12.940172 20.006771 -31.6469 12.940172 20.006771 -31.6469 12.663286 20.182632 -32.384014 12.663286 20.182632 -32.384014 12.296602 20.407131 -33.068741 12.296602 20.407131 -33.068741 11.847601 20.672794 -33.682377 11.847601 20.672794 -33.682377 11.323763 20.964645 -34.217438 10.107718 21.574539 -35.006935 10.107718 21.574539 -35.006935 10.927145 21.144245 -34.382072 10.833605 21.192886 -34.183762 9.8046398 21.68679 -34.767464 9.4903393 21.82523 -34.875977 8.2256489 22.334099 -35.066799 7.7167797 22.513702 -35.036865 7.4511204 22.6035 -34.995708 6.141531 22.992638 -34.561672 5.9544468 23.045021 -34.460648 4.7458858 23.321903 -33.540192 4.4652576 23.404221 -32.859207 4.0125141 23.479053 -32.204414 3.6645374 23.531441 -31.478527 3.4400387 23.565113 -30.718964 3.3390121 23.57634 -29.929468 3.3801708 23.572598 -29.016499 3.5485439 23.550148 -28.260677 3.8291721 23.508987 -27.542274 4.2183056 23.449123 -26.876255 4.6935024 23.363064 -26.281326 5.7074986 23.15353 -25.44319 6.3809986 22.985153 -25.08773 7.0844364 22.786842 -24.844521 8.2481022 22.393967 -24.691111 8.2293911 22.334099 -24.414227 8.8804455 22.150757 -24.736012 9.5763988 21.851421 -24.896904 10.238676 21.540863 -25.173788 10.84857 21.230305 -25.559181 11.379889 20.938454 -26.041859 11.843859 20.672794 -26.610596 11.982302 20.564285 -26.479637 12.393885 20.317333 -26.745296 12.393885 20.317333 -26.745296 12.498652 20.287399 -26.681686 12.498652 20.287399 -26.681686 12.947657 20.1078 -27.336481 12.947657 20.1078 -27.336481 13.183382 19.954388 -28.096045 13.183382 19.954388 -28.096045 13.325563 19.857105 -28.88928 13.325563 19.857105 -28.88928 13.374208 19.827171 -29.701225 13.374208 19.827171 -29.701225 13.374208 19.827171 -29.701225 13.355497 19.838398 -30.183903 13.355497 19.838398 -30.183903 13.078615 20.02174 -31.688061 13.078615 20.02174 -31.688061 12.794245 20.205082 -32.44014 12.794245 20.205082 -32.44014 12.416334 20.437065 -33.136093 12.416334 20.437065 -33.136093 11.959852 20.710209 -33.760952 11.959852 20.710209 -33.760952 11.959852 20.710209 -33.760952 11.424791 21.009544 -34.30724 11.424791 21.009544 -34.30724 10.833605 21.320103 -34.756241 10.833605 21.320103 -34.756241 10.18255 21.638145 -35.111702 10.18255 21.638145 -35.111702 10.18255 21.638145 -35.111702 9.4865971 21.95245 -35.35865 9.4865971 21.95245 -35.35865 9.4267292 21.881355 -35.250145 9.4267292 21.881355 -35.250145 8.7569675 22.251781 -35.500835 8.7569675 22.251781 -35.500835 8.7158108 22.176949 -35.388584 8.7158108 22.176949 -35.388584 8.0086308 22.53241 -35.530769 8.0086308 22.53241 -35.530769 7.982439 22.450092 -35.418518 7.982439 22.450092 -35.418518 7.2415867 22.700787 -35.339943 7.2415867 22.700787 -35.339943 7.7242641 22.50996 -35.283817 8.6933613 22.154499 -35.268852 9.4005375 21.86639 -35.130409 10.055334 21.570797 -34.890942 9.4005375 21.86639 -35.130409 8.6933613 22.154499 -35.268852 7.7242641 22.50996 -35.283817 6.5306683 22.887871 -35.033127 6.141531 22.992638 -34.561672 6.0479908 23.018829 -34.8423 5.1686954 23.232105 -34.344654 4.5625439 23.359322 -33.861977 3.7805309 23.497765 -32.975197 2.7216339 23.643688 -29.701225 3.2305031 23.580082 -30.404663 2.938652 23.617496 -31.235317 3.4999027 23.542664 -31.542133 2.9611015 23.617496 -31.313892 3.7580814 23.501507 -32.148285 3.5635128 23.531441 -32.653416 4.2856579 23.411705 -33.001389 3.7580814 23.501507 -32.148285 3.4999027 23.542664 -31.542133 3.2305031 23.580082 -30.404663 3.1893444 23.587563 -29.936953 3.2978535 23.572598 -28.586205 3.3876534 23.557632 -28.212036 3.9563885 23.467831 -26.88748 4.5101566 23.370548 -26.116693 5.1125698 23.243328 -25.518024 5.5428638 23.146046 -25.192497 6.6092434 22.865417 -24.634987 6.9834118 22.75317 -24.511511 8.2256489 22.334099 -24.335651 8.7382603 22.139534 -24.365585 9.8944416 21.64563 -24.672403 10.246161 21.480995 -24.840778 10.339701 21.436096 -24.889421 10.972048 21.118053 -25.327198 11.522074 20.82246 -25.862259 12.210543 20.429585 -26.423512 12.090811 20.530609 -26.026892 12.090811 20.530609 -26.026892 12.625872 20.309849 -26.62182 12.625872 20.309849 -26.62182 13.063646 20.186375 -27.310289 13.303114 20.032963 -28.081078 13.445299 19.93568 -28.881798 13.445299 19.93568 -28.881798 13.49394 19.902004 -29.701225 13.49394 19.902004 -29.701225 13.475233 19.913231 -30.191387 13.194605 20.100315 -31.706768 13.194605 20.100315 -31.706768 12.906496 20.287399 -32.466331 12.906496 20.287399 -32.466331 12.524843 20.523125 -33.169765 12.524843 20.523125 -33.169765 12.060877 20.800011 -33.802113 12.060877 20.800011 -33.802113 11.518332 21.106827 -34.355881 11.518332 21.106827 -34.355881 10.919664 21.421131 -34.808624 10.257383 21.746655 -35.164085 10.257383 21.746655 -35.164085 10.257383 21.746655 -35.164085 9.5539494 22.064697 -35.418518 9.5539494 22.064697 -35.418518 9.5539494 22.064697 -35.418518 8.8093548 22.371517 -35.560703 8.0497913 22.655884 -35.590637 7.2827473 22.914062 -35.50832 7.2528133 22.786842 -35.452194 7.2528133 22.786842 -35.452194 6.4895077 23.015087 -35.253883 6.4895077 23.015087 -35.253883 6.5007343 22.921543 -35.149117 6.5007343 22.921543 -35.149117 5.7860737 23.11237 -34.849785 5.7860737 23.11237 -34.849785 5.1050854 23.273262 -34.445679 5.1050854 23.273262 -34.445679 4.4839649 23.400478 -33.951778 4.4839649 23.400478 -33.951778 3.933939 23.501507 -33.371819 3.933939 23.501507 -33.371819 3.4662304 23.572598 -32.720764 2.8226585 23.658657 -31.272732 2.8226585 23.658657 -31.272732 2.6580257 23.677364 -30.494463 2.6580257 23.677364 -30.494463 2.6056423 23.681107 -29.701225 2.6056423 23.681107 -29.701225 2.6206074 23.681107 -29.226032 2.6206074 23.681107 -29.226032 2.7403412 23.643688 -29.233515 3.0209675 23.606274 -27.893993 3.0583858 23.602531 -27.796709 3.7917538 23.497765 -26.404802 3.8852978 23.479053 -26.277586 4.86936 23.295712 -25.278555 5.2210789 23.220879 -25.02038 6.1639843 22.988895 -24.507769 6.6092434 22.865417 -24.634987 6.8524532 22.790585 -24.272043 7.5820789 22.558601 -24.1336 8.5511761 22.210625 -24.118633 9.7110996 21.727947 -24.369328 10.160101 21.522156 -24.556412 10.975786 21.118053 -25.054054 11.518332 20.826202 -25.540474 11.604391 20.807491 -25.450674 11.604391 20.807491 -25.450674 12.210543 20.564285 -25.955801 12.210543 20.564285 -25.955801 12.734381 20.395908 -26.588144 12.734381 20.395908 -26.588144 12.790503 20.48571 -26.588144 13.123514 20.283657 -27.310289 13.254473 20.205082 -27.680717 13.370466 20.130249 -28.096045 13.512648 20.040447 -28.881798 13.561293 20.006771 -29.701225 13.542582 20.017998 -30.191387 13.303114 20.171406 -31.549618 13.258215 20.20134 -31.706768 13.254473 20.205082 -31.717995 12.962622 20.380939 -32.466331 12.577227 20.612926 -33.169765 12.539812 20.635376 -33.233376 12.35647 20.740143 -33.49155 12.35647 20.740143 -33.49155 12.35647 20.740143 -33.49155 11.480917 21.219078 -34.426971 10.960821 21.484737 -34.808624 10.960821 21.484737 -34.808624 9.9692745 21.948708 -35.298782 9.9692745 21.948708 -35.298782 9.9692745 21.948708 -35.298782 9.1984882 22.277973 -35.512062 9.1984882 22.277973 -35.512062 8.8318043 22.423901 -35.564445 8.259325 22.640919 -35.598122 8.1882343 22.66711 -35.598122 8.0684986 22.708267 -35.598122 7.2977123 22.970188 -35.5158 7.2715206 22.977669 -35.512062 6.5082188 23.146046 -35.313751 5.7636242 23.344357 -35.003193 5.7636242 23.344357 -35.003193 5.759882 23.209656 -34.950809 5.759882 23.209656 -34.950809 5.0639286 23.370548 -34.539223 5.0639286 23.370548 -34.539223 4.4278431 23.501507 -34.034096 4.4278431 23.501507 -34.034096 3.8665905 23.602531 -33.442909 3.8665905 23.602531 -33.442909 3.3839111 23.673622 -32.780632 3.3839111 23.673622 -32.780632 3.0060024 23.726006 -32.065971 3.0060024 23.726006 -32.065971 2.7253761 23.759682 -31.302666 2.7253761 23.759682 -31.302666 2.5569992 23.778389 -30.50943 2.5569992 23.778389 -30.50943 2.5008736 23.785873 -29.701225 2.5008736 23.785873 -29.701225 2.5195827 23.782131 -29.214808 2.5195827 23.782131 -29.214808 2.8525925 23.744717 -27.714392 2.8525925 23.744717 -27.714392 2.9461346 23.643688 -27.751808 2.9461346 23.643688 -27.751808 3.0209675 23.606274 -27.893993 3.2754021 23.602531 -27.014696 3.2754021 23.602531 -27.014696 3.6982136 23.538921 -26.33371 3.6982136 23.538921 -26.33371 4.210825 23.452862 -25.716333 4.210825 23.452862 -25.716333 4.8020115 23.336872 -25.181273 4.8020115 23.336872 -25.181273 6.1265659 23.02631 -24.395519 6.8412266 22.824261 -24.148567 6.8412266 22.824261 -24.148567 7.5783405 22.588535 -24.010124 7.5783405 22.588535 -24.010124 8.3154507 22.326618 -23.980192 8.3154507 22.326618 -23.980192 9.041338 22.042248 -24.058767 9.041338 22.042248 -24.058767 9.7559986 21.739174 -24.253334 9.7559986 21.739174 -24.253334 10.42576 21.42487 -24.55267 10.42576 21.42487 -24.55267 11.046881 21.110569 -24.95303 11.046881 21.110569 -24.95303 11.7129 20.848652 -25.364614 11.7129 20.848652 -25.364614 12.31531 20.654083 -25.918385 12.35647 20.740143 -25.907158 12.35647 20.740143 -25.907158 12.35647 20.740143 -25.907158 12.363951 20.736401 -25.914642 12.678255 20.553059 -26.389835 12.955137 20.942192 -26.588144 12.955137 20.942192 -26.588144 13.407881 20.631634 -27.680717 13.407881 20.631634 -27.680717 13.568773 20.511902 -28.320545 13.370466 20.130249 -28.096045 13.695993 20.407131 -29.37944 13.703474 20.395908 -29.701225 13.437815 20.534351 -31.545876 13.303114 20.171406 -31.549618 12.670771 20.97961 -33.225891 12.670771 20.97961 -33.225891 12.539812 20.635376 -33.233376 13.703474 20.395908 -29.701225 13.437815 20.534351 -31.545876 12.917723 20.874844 -30.943466 12.917723 20.874844 -30.943466 12.408854 21.155468 -32.335373 12.408854 21.155468 -32.335373 12.352728 21.185402 -32.44014 12.352728 21.185402 -32.44014 9.93186 22.558601 -34.587864 9.93186 22.558601 -34.587864 10.796186 22.158241 -34.165054 10.796186 22.158241 -34.165054 9.9992085 22.35281 -34.542965 9.9992085 22.35281 -34.542965 11.13294 21.821491 -33.88443 11.13294 21.821491 -33.88443 8.3079662 23.015087 -35.598122 8.3940258 22.99638 -34.849785 8.3940258 22.99638 -34.849785 8.3902836 22.985153 -35.598122 9.3257046 22.622211 -35.512062 9.378088 22.614727 -34.737534 9.378088 22.614727 -34.737534 10.096491 22.292942 -35.298782 11.084295 21.828972 -34.808624 11.611876 21.55957 -34.423233 11.293833 21.742912 -33.753471 11.293833 21.742912 -33.753471 12.483686 21.084377 -33.49155 12.483686 21.084377 -33.49155 12.35647 20.740143 -33.49155 11.611876 21.55957 -34.423233 11.480917 21.219078 -34.426971 11.084295 21.828972 -34.808624 10.960821 21.484737 -34.808624 10.096491 22.292942 -35.298782 9.9692745 21.948708 -35.298782 9.3257046 22.622211 -35.512062 8.3902836 22.985153 -35.598122 8.3079662 23.015087 -35.598122 7.398737 23.325645 -35.512062 7.398737 23.325645 -35.512062 6.5456333 23.583824 -35.280075 6.5456333 23.583824 -35.280075 5.5391216 23.845741 -34.808624 5.5391216 23.845741 -34.808624 6.4259014 23.235847 -35.283817 6.526926 23.205914 -35.317493 6.4259014 23.235847 -35.283817 6.4259014 23.235847 -35.283817 5.4156475 23.501507 -34.808624 5.4156475 23.501507 -34.808624 5.0601864 23.505249 -34.587864 4.4166164 23.636208 -34.078995 4.4166164 23.636208 -34.078995 3.8441372 23.737232 -33.48407 3.3539791 23.812065 -32.810566 3.3539791 23.812065 -32.810566 2.9685841 23.860706 -32.088421 2.6879578 23.894382 -31.317635 2.5121002 23.91309 -30.516914 2.5121002 23.91309 -30.516914 2.4559746 23.920574 -29.701225 2.4559746 23.920574 -29.701225 2.4784241 23.916832 -29.211065 2.815176 23.879414 -27.691942 2.815176 23.879414 -27.691942 3.1556683 23.838257 -26.932381 3.1556683 23.838257 -26.932381 3.1893444 23.703556 -26.962313 3.1893444 23.703556 -26.962313 3.6233807 23.639946 -26.266361 3.6233807 23.639946 -26.266361 4.1472149 23.55389 -25.637758 4.1472149 23.55389 -25.637758 4.1472149 23.55389 -25.637758 4.7496281 23.437897 -25.091471 4.7496281 23.437897 -25.091471 5.4044209 23.295712 -24.642469 5.4044209 23.295712 -24.642469 6.1078587 23.119854 -24.290751 6.1078587 23.119854 -24.290751 6.8412266 22.914062 -24.040058 6.8412266 22.914062 -24.040058 7.5933056 22.674595 -23.897875 7.5933056 22.674595 -23.897875 8.3491268 22.408936 -23.867941 8.3491268 22.408936 -23.867941 9.0937214 22.117081 -23.950258 9.0937214 22.117081 -23.950258 9.8233509 21.80278 -24.144825 9.8233509 21.80278 -24.144825 10.508078 21.480995 -24.447903 10.508078 21.480995 -24.447903 11.144163 21.15921 -24.859488 11.144163 21.15921 -24.859488 11.810183 20.942192 -25.319714 11.810183 20.942192 -25.319714 11.522074 21.196629 -25.009155 11.522074 21.196629 -25.009155 12.528585 21.211594 -25.907158 12.528585 21.211594 -25.907158 12.528585 21.211594 -25.907158 11.843859 21.600731 -26.161592 11.843859 21.600731 -26.161592 11.843859 21.600731 -26.161592 11.282606 21.915031 -25.162563 11.282606 21.915031 -25.162563 11.929918 21.570797 -26.258877 10.683935 22.214367 -25.166306 10.683935 22.214367 -25.166306 10.683935 22.214367 -25.166306 11.929918 21.570797 -26.258877 11.929918 21.570797 -26.258877 12.034685 21.514671 -26.393578 12.034685 21.514671 -26.393578 12.027201 21.492222 -26.393578 12.027201 21.492222 -26.393578 12.69322 21.080635 -27.639559 12.884047 20.949677 -28.249453 12.884047 20.949677 -28.249453 13.568773 20.511902 -28.320545 13.037455 20.837425 -29.203583 13.037455 20.837425 -29.203583 13.037455 20.837425 -29.203583 13.695993 20.407131 -29.37944 13.018747 20.826202 -30.348537 13.018747 20.826202 -30.348537 12.951395 20.972126 -30.943466 12.951395 20.972126 -30.943466 12.45001 21.275204 -32.339111 12.45001 21.275204 -32.339111 12.326536 21.346294 -32.559872 11.342474 21.885098 -33.75721 11.189062 21.963673 -33.88443 11.189062 21.963673 -33.88443 9.4342136 22.771877 -34.737534 9.4342136 22.771877 -34.737534 8.4538937 23.157272 -34.849785 8.4538937 23.157272 -34.849785 7.4548626 23.494022 -34.745014 7.4548626 23.494022 -34.745014 7.398737 23.336872 -34.745014 7.398737 23.336872 -34.745014 6.8786449 23.501507 -34.602833 6.8786449 23.501507 -34.602833 5.5353794 23.864449 -33.91436 5.5353794 23.864449 -33.91436 5.3632641 23.905609 -33.783401 4.914259 23.991665 -34.385815 4.914259 23.991665 -34.385815 4.7982693 23.643688 -34.389557 5.0751514 23.583824 -34.591606 4.7982693 23.643688 -34.389557 4.7982693 23.643688 -34.389557 3.8628483 23.830772 -33.49155 3.8628483 23.830772 -33.49155 3.8553638 23.830772 -33.48407 3.4999027 23.894382 -33.012615 3.3689442 23.916832 -32.810566 2.983551 23.9767 -32.088421 2.8338833 23.995407 -31.717995 2.6991844 24.014114 -31.302666 2.5308075 24.036568 -30.516914 2.4746819 24.044048 -29.701225 2.493391 24.044048 -29.211065 2.7740173 24.006634 -27.849092 2.7740173 24.006634 -27.849092 2.830143 23.999149 -27.691942 2.830143 23.999149 -27.691942 3.1706352 23.946766 -26.932381 3.1706352 23.946766 -26.932381 3.5971889 23.774647 -26.228943 3.5971889 23.774647 -26.228943 4.1322498 23.688591 -25.5966 4.1322498 23.688591 -25.5966 4.7421436 23.572598 -25.04283 4.7421436 23.572598 -25.04283 5.4044209 23.430412 -24.590086 6.1190815 23.254555 -24.234627 6.1190815 23.254555 -24.234627 6.1190815 23.254555 -24.234627 6.8636761 23.045021 -23.983932 6.8636761 23.045021 -23.983932 6.8636761 23.045021 -23.983932 7.630724 22.801811 -23.838007 8.397768 22.528667 -23.808075 9.1535892 22.233074 -23.89039 9.8906994 21.915031 -24.088701 10.586653 21.585762 -24.395519 10.586653 21.585762 -24.395519 11.233965 21.260239 -24.810844 11.271379 21.327587 -24.807104 11.873793 21.600731 -25.158821 11.873793 21.600731 -25.158821 11.873793 21.600731 -25.158821 12.708189 21.121796 -27.639559 12.708189 21.121796 -27.639559 12.69322 21.080635 -27.639559 12.902754 21.00206 -28.249453 12.902754 21.00206 -28.249453 13.071131 20.897293 -29.334541 13.071131 20.897293 -29.334541 13.048681 20.912262 -30.348537 13.048681 20.912262 -30.348537 13.071131 20.897293 -29.334541 13.071131 20.897293 -29.334541 14.575289 19.879555 -36.200531 14.575289 19.879555 -36.200531 14.575289 19.879555 -36.200531 12.326536 21.346294 -32.559872 11.342474 21.885098 -33.75721 17.91287 16.934849 -36.200531 17.91287 16.934849 -36.200531 17.91287 16.934849 -36.200531 19.211233 15.441917 -18.00098 19.211233 15.441917 -18.00098 19.211233 15.441917 -18.700676 19.211233 15.441917 -18.700676 19.488119 14.914341 -18.00098 19.488119 14.914341 -18.00098 19.488119 14.914341 -18.00098 19.488119 14.914341 -18.700676 19.488119 14.914341 -18.700676 19.488119 14.914341 -18.700676 19.533018 14.319412 -18.00098 19.533018 14.319412 -18.00098 19.533018 14.319412 -18.00098 19.342192 13.754421 -18.00098 19.342192 13.754421 -18.00098 19.342192 13.754421 -18.00098 19.342192 13.754421 -18.700676 19.342192 13.754421 -18.700676 19.342192 13.754421 -18.700676 19.533018 14.319412 -18.700676 19.533018 14.319412 -18.700676 19.533018 14.319412 -18.700676 20.66675 13.436375 -18.700676 20.66675 13.436375 -18.700676 20.66675 13.436375 -18.700676 20.66675 13.436375 -36.200531 20.66675 13.436375 -36.200531 17.87171 17.481136 -36.200531 17.87171 17.481136 -36.200531 18.006411 17.342693 -39.882347 18.006411 17.342693 -39.882347 18.324453 17.005943 -40.151749 18.324453 17.005943 -40.151749 18.324453 17.005943 -40.151749 18.541471 16.770218 -40.5783 18.541471 16.770218 -40.5783 18.541471 16.770218 -40.5783 18.638758 16.661709 -41.090912 18.638758 16.661709 -41.090912 18.638758 16.661709 -41.199421 18.638758 16.661709 -41.199421 18.571405 16.736542 -41.723255 18.571405 16.736542 -41.723255 18.571405 16.736542 -41.723255 18.376837 16.949818 -42.168514 18.376837 16.949818 -42.168514 18.331938 16.998459 -42.232124 18.331938 16.998459 -42.232124 17.946543 17.402561 -45.42004 17.946543 17.402561 -45.42004 14.616446 20.650341 -45.719376 14.616446 20.650341 -45.719376 13.651091 23.643688 -45.719376 13.651091 23.643688 -45.719376 9.3369312 25.652973 -46 9.3369312 25.652973 -46 4.7421436 26.883987 -46 4.7421436 26.883987 -46 0.0014305115 27.299313 -46 0.0014305115 27.299313 -46 -9.6446304 26.498592 -46 -14.100976 24.421959 -46 -14.100976 24.421959 -46 0.0014305115 28.500397 -45.700665 0.0014305115 28.500397 -45.700665 -4.9001751 27.770767 -46 -4.9001751 27.770767 -46 -4.9488182 28.06636 -45.700665 -4.9488182 28.06636 -45.700665 -9.6446304 26.498592 -46 -9.7493973 26.782963 -45.700665 -9.7493973 26.782963 -45.700665 -14.250644 24.680138 -45.700665 -14.250644 24.680138 -45.700665 -18.317854 21.832714 -45.700665 -18.317854 21.832714 -45.700665 -21.831295 18.319275 -45.700665 -21.831295 18.319275 -45.700665 -21.603052 18.128448 -46 -21.603052 18.128448 -46 -20.914581 17.548489 -46 -20.914581 17.548489 -46 -23.642269 13.649651 -46 -23.642269 13.649651 -46 -25.655296 9.3354912 -46 -25.655296 9.3354912 -46 -25.655296 9.3354912 -45.719376 -25.655296 9.3354912 -45.719376 -23.863029 8.4075546 -45.719376 -23.863029 8.4075546 -45.719376 -23.75452 7.7901764 -45.42004 -23.75452 7.7901764 -45.42004 -28.072422 2.6715527 -41.854214 -28.072422 2.6715527 -41.854214 -28.098616 2.3946686 -42.550167 -28.098616 2.3946686 -42.550167 -26.99856 2.5967178 -42.10865 -26.99856 2.5967178 -42.10865 -28.13229 1.9456654 -43.145096 -28.13229 1.9456654 -43.145096 -26.99856 1.8558655 -43.231155 -26.99856 1.8558655 -43.231155 -28.162224 1.4293137 -43.549198 -28.162224 1.4293137 -43.549198 -26.99856 0.67349243 -43.867241 -26.99856 0.67349243 -43.867241 -28.192158 0.74084282 -43.848534 -28.192158 0.74084282 -43.848534 -28.19964 -9.5367432e-06 -43.949558 -28.19964 -9.5367432e-06 -43.949558 -26.99856 -0.67351341 -43.867241 -26.99856 -0.67351341 -43.867241 -28.192158 -0.65106201 -43.870983 -28.192158 -0.65106201 -43.870983 -28.165966 -1.3470154 -43.597839 -28.165966 -1.3470154 -43.597839 -28.064939 -2.7501469 -41.199421 -28.064939 -2.7501469 -41.199421 -28.076164 -2.6491222 -41.940273 -28.076164 -2.6491222 -41.940273 -28.079906 -2.6191883 -40.35754 -28.102356 -2.3497868 -42.628742 -28.102356 -2.3497868 -42.628742 -28.13229 -1.9456844 -43.145096 -28.13229 -1.9456844 -43.145096 -28.091131 -2.477005 -40.005821 -28.13229 -1.9456844 -39.257484 -28.147257 -1.7137012 -39.051693 -28.188416 -0.86433792 -38.587723 -28.195898 0.41905975 -38.482956 -28.094873 2.4507923 -39.949699 -28.154739 1.6089134 -38.969376 -28.064939 2.7501278 -41.199421 -28.064939 2.7501278 -41.199421 -28.064939 2.7501278 -41.199421 -28.091131 -2.477005 -40.005821 -28.13229 -1.9456844 -39.257484 -26.99856 -1.7137012 -39.051693 -26.99856 -1.7137012 -39.051693 -28.147257 -1.7137012 -39.051693 -28.188416 -0.86433792 -38.587723 -26.99856 -0.61364555 -38.520374 -26.99856 -0.61364555 -38.520374 -28.195898 0.41905975 -38.482956 -28.195898 0.41905975 -38.482956 -26.99856 0.61362648 -38.520374 -26.99856 0.61362648 -38.520374 -26.99856 0.61362648 -38.520374 -28.154739 1.6089134 -38.969376 -28.154739 1.6089134 -38.969376 -26.99856 1.7136822 -39.051693 -26.99856 1.7136822 -39.051693 -26.99856 1.7136822 -39.051693 -28.094873 2.4507923 -39.949699 -28.094873 2.4507923 -39.949699 -26.99856 2.476984 -40.005821 -26.99856 2.476984 -40.005821 -26.99856 2.476984 -40.005821 -26.99856 2.7501278 -41.199421 -26.99856 2.7501278 -41.199421 -26.99856 2.7501278 -41.199421 -26.99856 1.3208046 -41.663387 -26.99856 1.3208046 -41.663387 -26.99856 1.3208046 -41.663387 -26.99856 0.94289398 -42.232124 -26.99856 0.94289398 -42.232124 -26.99856 0.34048271 -42.557652 -26.99856 0.34048271 -42.557652 -26.99856 -0.34050369 -42.557652 -26.99856 -0.34050369 -42.557652 -26.99856 -0.94291306 -42.232124 -26.99856 -0.94291306 -42.232124 -26.99856 -0.94291306 -42.232124 -26.99856 -1.8558846 -43.231155 -26.99856 -1.8558846 -43.231155 -26.99856 -2.5967388 -42.10865 -26.99856 -2.5967388 -42.10865 -26.99856 -2.7501469 -41.199421 -26.99856 -2.7501469 -41.199421 -26.99856 -2.477005 -40.005821 -26.99856 -2.477005 -40.005821 -28.079906 -2.6191883 -40.35754 -26.99856 -0.94291306 -40.166714 -26.99856 -0.94291306 -40.166714 -26.99856 -0.34050369 -39.84119 -26.99856 -0.34050369 -39.84119 -26.99856 0.34048271 -39.84119 -26.99856 0.34048271 -39.84119 -26.99856 0.94289398 -40.166714 -26.99856 0.94289398 -40.166714 -26.99856 0.94289398 -40.166714 -26.99856 1.3208046 -40.739193 -26.99856 1.3208046 -40.739193 -26.99856 1.3208046 -40.739193 -26.99856 1.3993797 -41.199421 -26.99856 1.3993797 -41.199421 -24.959343 1.3993797 -41.199421 -24.959343 1.3993797 -41.199421 -24.966825 1.2983551 -41.723255 -24.966825 1.2983551 -41.723255 -24.966825 1.2983551 -41.723255 -24.97805 1.0102444 -42.168514 -24.97805 1.0102444 -42.168514 -24.981792 0.94289398 -42.232124 -24.981792 0.94289398 -42.232124 -24.993017 0.5724678 -42.475334 -24.993017 0.5724678 -42.475334 -24.996759 0.34048271 -42.557652 -24.996759 0.34048271 -42.557652 -24.996759 0.34048271 -42.557652 -25.0005 0.056116104 -42.598808 -25.0005 0.056116104 -42.598808 -24.996759 -0.34050369 -42.557652 -24.996759 -0.34050369 -42.557652 -24.996759 -0.47146225 -42.520233 -24.996759 -0.47146225 -42.520233 -24.981792 -0.93168831 -42.247093 -24.981792 -0.93168831 -42.247093 -24.981792 -0.93168831 -42.247093 -24.966825 -1.2534733 -41.82428 -24.966825 -1.2534733 -41.82428 -24.966825 -1.2534733 -41.82428 -26.99856 -1.3208237 -41.663387 -26.99856 -1.3208237 -41.663387 -26.99856 -1.3993988 -41.199421 -26.99856 -1.3993988 -41.199421 -26.99856 -1.3208237 -40.739193 -26.99856 -1.3208237 -40.739193 -26.99856 -1.3208237 -40.739193 -24.97805 -1.0102634 -40.230324 -24.97805 -1.0102634 -40.230324 -24.981792 -0.94291306 -40.166714 -24.981792 -0.94291306 -40.166714 -24.993017 -0.57248688 -39.923508 -24.993017 -0.57248688 -39.923508 -24.996759 -0.34050369 -39.84119 -24.996759 -0.34050369 -39.84119 -25.0005 -0.056135178 -39.80003 -25.0005 -0.056135178 -39.80003 -24.996759 0.34048271 -39.84119 -24.996759 0.34048271 -39.84119 -24.996759 0.47144318 -39.882347 -24.996759 0.47144318 -39.882347 -24.981792 0.93166924 -40.151749 -24.981792 0.93166924 -40.151749 -24.981792 0.93166924 -40.151749 -24.966825 1.2534542 -40.5783 -24.966825 1.2534542 -40.5783 -24.966825 1.2534542 -40.5783 -24.959343 1.3956375 -41.090912 -24.959343 1.3956375 -41.090912 -24.772259 3.3637657 -45.42004 -24.772259 3.3637657 -45.42004 -24.772259 3.3637657 -45.42004 -24.989275 -0.77079582 -45.42004 -24.989275 -0.77079582 -45.42004 -24.974308 -1.1711559 -45.42004 -24.974308 -1.1711559 -45.42004 -24.974308 -1.1711559 -45.42004 -24.42054 -5.3468761 -45.42004 -24.42054 -5.3468761 -45.42004 -24.349447 -5.6686611 -45.42004 -24.349447 -5.6686611 -45.42004 -24.959343 -1.3956585 -41.30793 -24.959343 -1.3956585 -41.30793 -24.959343 -1.3993988 -41.199421 -24.959343 -1.3993988 -41.199421 -24.966825 -1.2983742 -40.675583 -24.966825 -1.2983742 -40.675583 -24.966825 -1.2983742 -40.675583 -24.966825 -1.2983742 -40.675583 -24.974308 -1.1711559 -36.200531 -24.974308 -1.1711559 -36.200531 -24.974308 -1.1711559 -36.200531 -24.772259 3.3637657 -36.200531 -24.772259 3.3637657 -36.200531 -24.704908 3.8352165 -45.42004 -24.704908 3.8352165 -45.42004 -23.75452 7.7901764 -36.200531 -23.75452 7.7901764 -36.200531 -21.969738 11.180141 -36.200531 -21.969738 11.180141 -36.200531 -20.372038 11.299873 -18.700676 -20.372038 11.299873 -18.700676 -20.372038 11.299873 -18.700676 -20.372038 11.299873 -12.699017 -20.372038 11.299873 -12.699017 -20.372038 11.299873 -12.699017 -20.263529 11.700233 -12.699017 -20.263529 11.700233 -12.699017 -20.263529 11.700233 -12.699017 -19.971678 11.992088 -12.699017 -19.971678 11.992088 -12.699017 -19.971678 11.992088 -12.699017 -19.571318 12.100594 -12.699017 -19.571318 12.100594 -12.699017 -19.571318 12.100594 -12.699017 -19.170958 11.992088 -12.699017 -19.170958 11.992088 -12.699017 -19.170958 11.992088 -12.699017 -19.571318 12.100594 -18.700676 -19.571318 12.100594 -18.700676 -19.571318 12.100594 -18.700676 -19.324368 13.720745 -18.700676 -19.324368 13.720745 -18.700676 -19.324368 13.720745 -18.700676 -19.324368 13.720745 -18.00098 -19.324368 13.720745 -18.00098 -19.324368 13.720745 -18.00098 -19.530159 14.293221 -18.00098 -19.530159 14.293221 -18.00098 -19.530159 14.293221 -18.00098 -19.489 14.899376 -18.00098 -19.489 14.899376 -18.00098 -19.489 14.899376 -18.00098 -19.212116 15.441917 -18.00098 -19.212116 15.441917 -18.00098 -19.212116 15.441917 -18.700676 -19.212116 15.441917 -18.700676 -20.667631 13.436375 -36.200531 -20.667631 13.436375 -36.200531 -21.333651 13.032276 -36.200531 -21.333651 13.032276 -36.200531 -21.333651 13.032276 -36.200531 -18.639639 16.661709 -41.199421 -18.639639 16.661709 -41.199421 -18.572289 16.736542 -40.675583 -18.572289 16.736542 -40.675583 -18.572289 16.736542 -40.675583 -18.37772 16.949818 -40.230324 -18.37772 16.949818 -40.230324 -18.332821 16.998459 -40.166714 -18.332821 16.998459 -40.166714 -18.078386 17.26786 -39.923508 -18.078386 17.26786 -39.923508 -17.917494 17.432495 -39.84119 -17.917494 17.432495 -39.84119 -19.33559 18.850594 -39.84119 -19.33559 18.850594 -39.84119 -18.849173 19.333271 -39.84119 -18.849173 19.333271 -39.84119 -18.422621 19.759823 -40.166714 -18.422621 19.759823 -40.166714 -18.422621 19.759823 -40.166714 -18.156961 20.025482 -40.739193 -18.156961 20.025482 -40.739193 -18.156961 20.025482 -40.739193 -18.100836 20.081608 -41.199421 -18.100836 20.081608 -41.199421 -16.660288 18.64106 -41.199421 -16.660288 18.64106 -41.199421 -16.735123 18.573708 -41.723255 -16.735123 18.573708 -41.723255 -16.735123 18.573708 -41.723255 -16.948399 18.375401 -42.168514 -16.948399 18.375401 -42.168514 -16.99704 18.33424 -42.232124 -16.99704 18.33424 -42.232124 -15.672483 19.475452 -45.42004 -15.672483 19.475452 -45.42004 -15.859568 19.711182 -45.719376 -15.859568 19.711182 -45.719376 -11.968216 22.2892 -45.719376 -11.968216 22.2892 -45.719376 -7.6690216 24.107658 -45.719376 -7.6690216 24.107658 -45.719376 -3.1079102 25.106689 -45.719376 -3.1079102 25.106689 -45.719376 -2.8197994 24.841026 -45.42004 -2.8197994 24.841026 -45.42004 -1.401701 24.960762 -41.199421 -1.401701 24.960762 -41.199421 -1.2969341 24.964504 -40.675583 -1.2969341 24.964504 -40.675583 -1.2969341 24.964504 -40.675583 -1.0088253 24.979469 -40.230324 -1.0088253 24.979469 -40.230324 -0.94521713 24.983212 -40.166714 -0.94521713 24.983212 -40.166714 -0.57478905 24.994438 -39.923508 -0.57478905 24.994438 -39.923508 -0.34280586 24.99818 -39.84119 -0.34280586 24.99818 -39.84119 -0.34280586 24.99818 -39.84119 1.7226048 24.942055 -36.200531 1.7226048 24.942055 -36.200531 1.7226048 24.942055 -36.200531 6.601759 23.748455 -36.200531 6.601759 23.748455 -36.200531 6.8075504 23.692333 -34.55793 6.8075504 23.692333 -34.55793 6.8075504 23.692333 -34.55793 5.5877628 24.010376 -33.91436 5.5877628 24.010376 -33.91436 5.4156475 24.047791 -33.787144 5.3632641 23.905609 -33.783401 4.22579 24.283516 -32.481297 4.2594662 24.148815 -32.59729 4.2594662 24.148815 -32.59729 4.1621799 24.294743 -32.37653 4.117281 24.175007 -32.37653 4.117281 24.175007 -32.37653 3.5709972 24.388283 -30.988365 3.5373211 24.294743 -30.988365 3.5373211 24.294743 -30.988365 3.4512615 24.406994 -30.393436 3.4512615 24.406994 -30.393436 3.4213276 24.320934 -30.393436 3.4213276 24.320934 -30.393436 4.5737667 24.201199 -26.430994 4.5737667 24.201199 -26.430994 2.9274254 24.429443 -27.852835 3.8067226 24.309708 -27.684458 3.8067226 24.309708 -27.684458 3.5822201 24.332161 -28.294353 3.5822201 24.332161 -28.294353 3.5822201 24.332161 -28.294353 2.6131248 24.433186 -29.701225 2.6131248 24.433186 -29.701225 3.3913956 24.343384 -29.383183 2.830143 24.380802 -31.298923 2.9648438 24.35461 -31.717995 3.6233807 24.246101 -33.005135 3.9900646 24.178749 -33.49155 3.9900646 24.178749 -33.49155 3.6233807 24.246101 -33.005135 2.9648438 24.35461 -31.717995 2.830143 24.380802 -31.298923 2.6991844 24.014114 -31.302666 2.6131248 24.433186 -29.701225 2.9274254 24.429443 -27.852835 2.7740173 24.006634 -27.849092 3.8216877 24.335899 -26.176559 3.8216877 24.335899 -26.176559 3.657053 23.868191 -26.169077 3.612154 23.875675 -26.228943 3.657053 23.868191 -26.169077 3.8628483 23.830772 -25.907158 3.8628483 23.830772 -25.907158 4.8431683 23.636208 -24.975479 5.4156475 23.501507 -24.590086 5.4156475 23.501507 -24.590086 6.4708004 23.220879 -24.099926 6.4708004 23.220879 -24.099926 7.2715206 22.977669 -23.89039 7.6494312 22.854195 -23.834267 8.2256489 22.652142 -23.800591 8.2967434 22.62595 -23.800591 8.4164753 22.581051 -23.804333 9.1760387 22.2892 -23.88665 9.1984882 22.277973 -23.89039 9.9168911 21.971157 -24.084959 10.010435 21.929996 -24.118633 10.010435 21.929996 -24.118633 10.960821 21.484737 -24.590086 10.960821 21.484737 -24.590086 11.144163 21.986122 -24.590086 11.144163 21.986122 -24.590086 14.575289 19.879555 -18.00098 14.575289 19.879555 -18.00098 17.91287 16.934849 -18.00098 17.91287 16.934849 -18.00098 18.904417 13.275482 -18.00098 18.904417 13.275482 -18.00098 18.904417 13.275482 -18.700676 18.904417 13.275482 -18.700676 19.570436 12.100594 -18.700676 19.570436 12.100594 -18.700676 19.570436 12.100594 -18.700676 19.570436 12.100594 -12.699017 19.570436 12.100594 -12.699017 19.570436 12.100594 -12.699017 18.878225 11.700233 -12.699017 18.878225 11.700233 -12.699017 18.878225 11.700233 -12.699017 19.173819 11.992088 -12.699017 19.173819 11.992088 -12.699017 19.173819 11.992088 -12.699017 19.570436 11.299873 -12.220081 20.371157 11.299873 -12.699017 20.371157 11.299873 -12.699017 20.371157 11.299873 -12.699017 20.26639 11.700233 -18.700676 20.26639 11.700233 -18.700676 20.26639 11.700233 -18.700676 21.841639 12.081886 -18.700676 21.841639 12.081886 -18.700676 21.385153 12.875122 -18.700676 21.385153 12.875122 -18.700676 21.385153 12.875122 -36.200531 21.385153 12.875122 -36.200531 20.737841 13.960213 -36.200531 20.737841 13.960213 -36.200531 20.838865 13.810543 -45.42004 20.838865 13.810543 -45.42004 18.163561 17.612095 -45.719376 18.163561 17.612095 -45.719376 20.913698 17.548489 -45.719376 20.913698 17.548489 -45.719376 17.549925 20.912262 -45.719376 17.549925 20.912262 -45.719376 13.651091 23.643688 -46 13.651091 23.643688 -46 4.8955517 27.770767 -46 -0.0023117065 28.201061 -46 -0.0023117065 28.201061 -46 4.9479351 28.06636 -45.700665 4.9479351 28.06636 -45.700665 4.8955517 27.770767 -46 9.7485142 26.782963 -45.700665 9.7485142 26.782963 -45.700665 9.6437473 26.498592 -46 9.6437473 26.498592 -46 14.249762 24.680138 -45.700665 14.249762 24.680138 -45.700665 18.320711 21.832714 -44.200249 18.320711 21.832714 -44.200249 14.249762 24.680138 -44.200249 14.249762 24.680138 -44.200249 9.7485142 26.782963 -44.200249 9.7485142 26.782963 -44.200249 4.9479351 28.06636 -44.200249 4.9479351 28.06636 -44.200249 0.0014305115 28.500397 -44.200249 0.0014305115 28.500397 -44.200249 -4.9488182 28.06636 -44.200249 -4.9488182 28.06636 -44.200249 -9.7493973 26.782963 -44.200249 -9.7493973 26.782963 -44.200249 -14.250644 24.680138 -44.200249 -14.250644 24.680138 -44.200249 -18.317854 21.832714 -44.200249 -18.317854 21.832714 -44.200249 -21.831295 18.319275 -44.200249 -21.831295 18.319275 -44.200249 -24.682457 14.248322 -45.700665 -24.682457 14.248322 -45.700665 -24.682457 14.248322 -44.200249 -24.682457 14.248322 -44.200249 -26.781542 9.7470779 -45.700665 -26.781542 9.7470779 -45.700665 -26.781542 9.7470779 -44.200249 -26.781542 9.7470779 -44.200249 -28.068682 4.9502373 -44.200249 -28.068682 4.9502373 -44.200249 -28.484009 0.99901962 -44.200249 -28.484009 0.99901962 -44.200249 -28.484009 0.99901962 -44.200249 -28.19964 0.99901962 -44.200249 -28.19964 0.99901962 -44.200249 -28.19964 0.99901962 -44.200249 -28.19964 0.64356041 -45.992516 -28.19964 0.64356041 -45.992516 -26.500916 9.6460495 -46 -24.424282 14.098656 -46 -24.424282 14.098656 -46 -26.500916 9.6460495 -46 -27.773088 4.8978539 -46 -27.773088 4.8978539 -46 -26.886309 4.7407036 -46 -26.886309 4.7407036 -46 -26.886309 4.7407036 -45.719376 -26.886309 4.7407036 -45.719376 -25.0005 3.8801155 -45.719376 -25.0005 3.8801155 -45.719376 -25.28861 -0.77828026 -45.719376 -25.28861 -0.77828026 -45.719376 -24.716133 -5.4142265 -45.719376 -24.716133 -5.4142265 -45.719376 -23.298035 -9.8630886 -45.719376 -23.298035 -9.8630886 -45.719376 -23.021151 -9.7433548 -45.42004 -23.021151 -9.7433548 -45.42004 -22.920124 -9.9790802 -45.42004 -22.920124 -9.9790802 -45.42004 -21.090441 -13.975198 -45.719376 -21.090441 -13.975198 -45.719376 -20.839748 -13.810564 -45.42004 -20.839748 -13.810564 -45.42004 -20.027803 -18.158401 -41.663387 -20.027803 -18.158401 -41.663387 -20.027803 -18.158401 -41.663387 -21.038057 -17.148146 -41.199421 -21.038057 -17.148146 -41.199421 -21.038057 -17.148146 -41.199421 -20.843491 -17.338972 -42.393017 -20.843491 -17.338972 -42.393017 -21.614277 -18.109758 -42.393017 -21.614277 -18.109758 -42.393017 -21.704077 -18.001251 -42.041298 -21.790136 -17.900225 -41.199421 -21.790136 -17.900225 -41.199421 -20.843491 -17.338972 -40.005821 -20.843491 -17.338972 -40.005821 -20.843491 -17.338972 -40.005821 -21.59557 -18.13221 -39.949699 -21.59557 -18.13221 -39.949699 -20.304688 -17.877773 -39.051693 -20.304688 -17.877773 -39.051693 -20.304688 -17.877773 -39.051693 -21.045542 -18.768295 -38.969376 -21.045542 -18.768295 -38.969376 -20.233597 -19.643848 -38.482956 -20.233597 -19.643848 -38.482956 -19.526417 -18.659786 -38.520374 -19.526417 -18.659786 -38.520374 -19.526417 -18.659786 -38.520374 -19.758402 -18.424061 -40.166714 -19.758402 -18.424061 -40.166714 -19.758402 -18.424061 -40.166714 -20.027803 -18.158401 -40.739193 -20.027803 -18.158401 -40.739193 -20.080187 -18.102276 -41.199421 -20.080187 -18.102276 -41.199421 -18.639639 -16.661728 -41.199421 -18.639639 -16.661728 -41.199421 -18.572289 -16.736561 -41.723255 -18.572289 -16.736561 -41.723255 -18.572289 -16.736561 -41.723255 -18.37772 -16.949837 -42.168514 -18.37772 -16.949837 -42.168514 -19.758402 -18.424061 -42.232124 -19.758402 -18.424061 -42.232124 -20.304688 -17.877773 -43.350887 -20.304688 -17.877773 -43.350887 -20.304688 -17.877773 -43.350887 -21.2663 -18.517601 -43.145096 -21.116632 -18.68972 -43.350887 -20.544155 -19.318321 -43.811115 -19.526417 -18.659786 -43.882206 -19.526417 -18.659786 -43.882206 -19.646152 -20.231293 -43.919624 -19.646152 -20.231293 -43.919624 -18.658348 -19.524117 -43.882206 -18.658348 -19.524117 -43.882206 -18.658348 -19.524117 -43.882206 -18.770597 -21.04698 -43.429462 -18.770597 -21.04698 -43.429462 -17.880077 -20.306126 -43.350887 -17.880077 -20.306126 -43.350887 -17.880077 -20.306126 -43.350887 -18.13451 -21.597008 -42.449142 -18.13451 -21.597008 -42.449142 -17.341274 -20.844929 -42.393017 -17.341274 -20.844929 -42.393017 -17.341274 -20.844929 -42.393017 -17.902527 -21.791576 -41.199421 -17.902527 -21.791576 -41.199421 -17.146706 -21.035755 -41.199421 -17.146706 -21.035755 -41.199421 -17.146706 -21.035755 -41.199421 -17.341274 -20.844929 -40.005821 -17.341274 -20.844929 -40.005821 -18.003551 -21.705517 -40.35754 -18.112061 -21.615717 -40.005821 -17.880077 -20.306126 -39.051693 -17.880077 -20.306126 -39.051693 -18.516163 -21.26774 -39.253746 -18.692022 -21.11433 -39.051693 -19.316883 -20.541853 -38.591465 -18.658348 -19.524117 -38.520374 -18.658348 -19.524117 -38.520374 -19.33559 -18.850613 -39.84119 -19.33559 -18.850613 -39.84119 -18.321594 -17.005962 -40.151749 -18.321594 -17.005962 -40.151749 -18.321594 -17.005962 -40.151749 -18.542355 -16.770237 -40.5783 -18.542355 -16.770237 -40.5783 -18.635897 -16.661728 -41.090912 -18.635897 -16.661728 -41.090912 -18.332821 -16.998478 -42.232124 -18.332821 -16.998478 -42.232124 -18.078386 -17.267879 -42.475334 -18.078386 -17.267879 -42.475334 -17.715443 -17.638306 -42.598808 -17.715443 -17.638306 -42.598808 -17.876335 -17.477413 -42.572617 -17.876335 -17.477413 -42.572617 -19.33559 -18.850613 -42.557652 -19.33559 -18.850613 -42.557652 -18.849173 -19.33329 -42.557652 -18.849173 -19.33329 -42.557652 -18.422621 -19.759842 -42.232124 -18.422621 -19.759842 -42.232124 -18.422621 -19.759842 -42.232124 -18.156961 -20.025501 -41.663387 -18.156961 -20.025501 -41.663387 -18.100836 -20.081627 -41.199421 -18.100836 -20.081627 -41.199421 -18.156961 -20.025501 -40.739193 -18.156961 -20.025501 -40.739193 -18.156961 -20.025501 -40.739193 -18.422621 -19.759842 -40.166714 -18.422621 -19.759842 -40.166714 -18.849173 -19.33329 -39.84119 -18.849173 -19.33329 -39.84119 -17.434816 -17.918934 -39.84119 -17.434816 -17.918934 -39.84119 -17.636868 -17.716881 -39.80003 -17.636868 -17.716881 -39.80003 -17.917494 -17.432514 -39.84119 -17.917494 -17.432514 -39.84119 -18.007294 -17.342712 -39.882347 -18.007294 -17.342712 -39.882347 -18.007294 -17.342712 -39.882347 -20.738724 -13.960232 -36.200531 -20.738724 -13.960232 -36.200531 -20.738724 -13.960232 -36.200531 -22.920124 -9.9790802 -36.200531 -22.920124 -9.9790802 -36.200531 -24.349447 -5.6686611 -36.200531 -24.349447 -5.6686611 -36.200531 -24.585175 -1.7660847 -36.200531 -24.585175 -1.7660847 -36.200531 -24.502857 2.6865196 -36.200531 -24.502857 2.6865196 -36.200531 -23.61982 7.0455818 -36.200531 -23.61982 7.0455818 -36.200531 -23.61982 7.0455818 -36.200531 -22.979992 8.9164238 -18.700676 -22.979992 8.9164238 -18.700676 -22.979992 8.9164238 -18.00098 -22.979992 8.9164238 -18.00098 -22.650723 9.4290314 -18.00098 -22.650723 9.4290314 -18.00098 -22.650723 9.4290314 -18.00098 -21.543184 9.8742943 -18.00098 -21.543184 9.8742943 -18.00098 -21.543184 9.8742943 -18.00098 -21.543184 9.8742943 -18.700676 -21.543184 9.8742943 -18.700676 -21.543184 9.8742943 -18.700676 -20.263529 10.899513 -18.700676 -20.263529 10.899513 -18.700676 -20.263529 10.899513 -18.700676 -20.263529 10.899513 -12.699017 -20.263529 10.899513 -12.699017 -20.263529 10.899513 -12.699017 -19.571318 11.299873 -12.220081 -18.879107 11.700233 -12.699017 -18.879107 11.700233 -12.699017 -18.879107 11.700233 -12.699017 -19.170958 11.992088 -18.700676 -19.170958 11.992088 -18.700676 -19.170958 11.992088 -18.700676 -18.905298 13.275482 -18.700676 -18.905298 13.275482 -18.700676 -18.905298 13.275482 -18.00098 -18.905298 13.275482 -18.00098 -17.913752 16.934849 -18.00098 -17.913752 16.934849 -18.00098 -17.913752 16.934849 -36.200531 -17.913752 16.934849 -36.200531 -18.624672 16.676674 -36.200531 -18.624672 16.676674 -36.200531 -17.715443 17.638287 -39.80003 -17.715443 17.638287 -39.80003 -17.434816 17.918915 -39.84119 -17.434816 17.918915 -39.84119 -17.341274 18.008713 -39.882347 -17.341274 18.008713 -39.882347 -17.008265 18.323017 -40.151749 -17.008265 18.323017 -40.151749 -17.008265 18.323017 -40.151749 -16.768797 18.543774 -40.5783 -16.768797 18.543774 -40.5783 -16.768797 18.543774 -40.5783 -16.664028 18.637318 -41.090912 -16.664028 18.637318 -41.090912 -15.302056 19.771046 -45.42004 -15.302056 19.771046 -45.42004 -11.826033 22.02354 -45.42004 -11.826033 22.02354 -45.42004 -11.470573 22.210625 -45.42004 -11.470573 22.210625 -45.42004 -7.5792217 23.823292 -45.42004 -7.5792217 23.823292 -45.42004 -7.2649193 23.920574 -45.42004 -7.2649193 23.920574 -45.42004 -3.0704918 24.811096 -45.42004 -3.0704918 24.811096 -45.42004 -2.8197994 24.841026 -36.200531 -2.8197994 24.841026 -36.200531 2.2239895 24.549175 -36.200531 2.2239895 24.549175 -36.200531 2.2239895 24.549175 -36.200531 5.4156475 24.047791 -33.787144 4.22579 24.283516 -32.481297 4.1621799 24.294743 -32.37653 3.5709972 24.388283 -30.988365 3.4250698 24.410736 -29.252224 3.4250698 24.410736 -29.252224 3.4250698 24.410736 -29.252224 3.3913956 24.343384 -29.383183 3.3913956 24.343384 -29.383183 3.6046696 24.384544 -28.294353 3.6046696 24.384544 -28.294353 3.8216877 24.350868 -27.680717 4.5812511 24.21991 -26.430994 4.5812511 24.21991 -26.430994 3.8216877 24.350868 -27.680717 4.3754597 24.253582 -25.536732 4.0349636 24.305969 -25.907158 4.0349636 24.305969 -25.907158 3.8628483 23.830772 -25.907158 3.8628483 23.830772 -25.907158 4.3754597 24.253582 -25.536732 4.7496281 24.189976 -25.196239 4.7496281 24.189976 -25.196239 4.7496281 24.189976 -25.196239 4.7496281 24.189976 -25.196239 4.8431683 23.636208 -24.975479 5.5989895 24.006634 -24.590086 5.5989895 24.006634 -24.590086 5.6962719 23.984184 -24.53396 6.5793095 23.755939 -24.129858 7.417448 23.508987 -23.897875 7.462347 23.494022 -23.89039 8.7345181 23.048763 -23.808075 9.3855724 22.794327 -23.89039 10.414534 22.341583 -24.204693 10.788702 22.161983 -24.384293 10.788702 22.161983 -24.384293 10.766253 22.173206 -18.00098 10.766253 22.173206 -18.00098 10.414534 22.341583 -24.204693 9.3855724 22.794327 -23.89039 8.7345181 23.048763 -23.808075 7.462347 23.494022 -23.89039 5.6962719 23.984184 -24.53396 6.5793095 23.755939 -24.129858 6.5793095 23.755939 -24.129858 6.601759 23.748455 -18.00098 6.601759 23.748455 -18.00098 6.601759 23.748455 -18.00098 7.417448 23.508987 -23.897875 18.42174 12.93499 -18.00098 18.42174 12.93499 -18.00098 18.42174 12.93499 -18.700676 18.42174 12.93499 -18.700676 19.173819 11.992088 -18.700676 19.173819 11.992088 -18.700676 19.173819 11.992088 -18.700676 18.878225 11.700233 -18.700676 18.878225 11.700233 -18.700676 18.878225 11.700233 -18.700676 18.773458 11.299873 -18.700676 18.773458 11.299873 -18.700676 18.773458 11.299873 -18.700676 18.773458 11.299873 -12.699017 18.773458 11.299873 -12.699017 18.773458 11.299873 -12.699017 18.878225 10.899513 -12.699017 18.878225 10.899513 -12.699017 18.878225 10.899513 -12.699017 19.173819 10.607662 -12.699017 19.173819 10.607662 -12.699017 19.173819 10.607662 -12.699017 19.570436 10.499153 -12.699017 19.570436 10.499153 -12.699017 19.570436 10.499153 -12.699017 19.970797 10.607662 -12.699017 19.970797 10.607662 -12.699017 19.970797 10.607662 -12.699017 20.26639 10.899513 -12.699017 20.26639 10.899513 -12.699017 20.26639 10.899513 -12.699017 20.371157 11.299873 -18.700676 20.371157 11.299873 -18.700676 20.371157 11.299873 -18.700676 21.968855 11.180141 -18.700676 21.968855 11.180141 -18.700676 22.372957 9.6497917 -18.700676 22.372957 9.6497917 -18.700676 22.372957 9.6497917 -18.700676 22.799509 9.3691673 -18.700676 22.799509 9.3691673 -18.700676 22.799509 9.3691673 -36.200531 22.799509 9.3691673 -36.200531 21.968855 11.180141 -36.200531 21.968855 11.180141 -36.200531 21.841639 12.081886 -36.200531 21.841639 12.081886 -36.200531 21.650812 12.500954 -36.200531 21.650812 12.500954 -36.200531 21.650812 12.500954 -36.200531 21.650812 12.500954 -36.200531 22.922983 9.9790611 -45.42004 22.922983 9.9790611 -45.42004 21.08956 13.975178 -45.719376 21.08956 13.975178 -45.719376 23.641386 13.649651 -45.719376 23.641386 13.649651 -45.719376 23.641386 13.649651 -46 23.641386 13.649651 -46 20.913698 17.548489 -46 20.913698 17.548489 -46 17.549925 20.912262 -46 17.549925 20.912262 -46 14.100092 24.421959 -46 14.100092 24.421959 -46 18.320711 21.832714 -45.700665 18.320711 21.832714 -45.700665 21.830412 18.319275 -44.200249 21.830412 18.319275 -44.200249 21.830412 18.319275 -45.700665 21.830412 18.319275 -45.700665 24.681574 14.248322 -44.200249 24.681574 14.248322 -44.200249 24.681574 14.248322 -45.700665 24.681574 14.248322 -45.700665 26.780661 9.7470779 -44.200249 26.780661 9.7470779 -44.200249 28.165083 -4.9652233 -44.200249 28.067801 -4.9502563 -44.200249 28.067801 -4.9502563 -44.200249 28.599119 -9.5367432e-06 -44.200249 28.501833 -9.5367432e-06 -44.200249 28.501833 -9.5367432e-06 -44.200249 28.165083 4.9652061 -44.200249 28.067801 4.9502373 -44.200249 28.067801 4.9502373 -44.200249 26.874201 9.7807503 -44.200249 24.767633 14.300705 -44.200249 21.908987 18.382881 -44.200249 18.384321 21.907547 -44.200249 14.298403 24.769936 -44.200249 9.7821903 26.876503 -44.200249 4.9666424 28.163643 -44.200249 0.0014305115 28.601421 -44.200249 -4.9675255 28.163643 -44.200249 -9.7830734 26.876503 -44.200249 -14.299285 24.769936 -44.200249 -18.385204 21.907547 -44.200249 -21.90987 18.382881 -44.200249 -24.768517 14.300705 -44.200249 -26.875084 9.7807503 -44.200249 -28.165966 4.9652061 -44.200249 -28.6 -9.5367432e-06 -44.200249 -14.299285 -24.769955 -44.200249 -18.385204 -21.907568 -44.200249 -18.317854 -21.832733 -44.200249 -18.317854 -21.832733 -44.200249 -21.831295 -18.319294 -44.200249 -21.831295 -18.319294 -44.200249 -21.90987 -18.3829 -44.200249 -24.682457 -14.248342 -44.200249 -24.682457 -14.248342 -44.200249 -24.768517 -14.300725 -44.200249 -26.781542 -9.7470951 -44.200249 -26.781542 -9.7470951 -44.200249 -26.875084 -9.7807713 -44.200249 -28.068682 -4.9502563 -44.200249 -28.068682 -4.9502563 -44.200249 -28.165966 -4.9652233 -44.200249 -28.484009 -0.9990387 -44.200249 -28.484009 -0.9990387 -44.200249 -28.484009 -0.9990387 -44.200249 -28.19964 -0.9990387 -44.200249 -28.19964 -0.9990387 -44.200249 -28.19964 -0.9990387 -44.200249 -28.19964 0.28809929 -46 -28.19964 0.28809929 -46 -27.301636 -9.5367432e-06 -46 -27.301636 -9.5367432e-06 -46 -27.301636 -9.5367432e-06 -45.719376 -27.301636 -9.5367432e-06 -45.719376 -26.886309 -4.7407227 -45.719376 -26.886309 -4.7407227 -45.719376 -25.655296 -9.3355103 -45.719376 -25.655296 -9.3355103 -45.719376 -23.642269 -13.649672 -45.719376 -23.642269 -13.649672 -45.719376 -23.642269 -13.649672 -45.719376 -20.914581 -17.548506 -45.719376 -20.914581 -17.548506 -45.719376 -17.547066 -20.912279 -45.719376 -17.547066 -20.912279 -45.719376 -17.547066 -20.912279 -45.719376 -18.164444 -17.612114 -45.719376 -18.164444 -17.612114 -45.719376 -17.947426 -17.40258 -45.42004 -17.947426 -17.40258 -45.42004 -17.434816 -17.918934 -42.557652 -17.434816 -17.918934 -42.557652 -17.341274 -18.008732 -42.520233 -17.341274 -18.008732 -42.520233 -17.341274 -18.008732 -42.520233 -17.008265 -18.323034 -42.247093 -17.008265 -18.323034 -42.247093 -17.008265 -18.323034 -42.247093 -16.768797 -18.543793 -41.82428 -16.768797 -18.543793 -41.82428 -16.664028 -18.637337 -41.30793 -16.664028 -18.637337 -41.30793 -16.664028 -18.637337 -41.30793 -16.660288 -18.641079 -41.199421 -16.660288 -18.641079 -41.199421 -16.735123 -18.573727 -40.675583 -16.735123 -18.573727 -40.675583 -16.735123 -18.573727 -40.675583 -16.948399 -18.37542 -40.230324 -16.948399 -18.37542 -40.230324 -16.99704 -18.334259 -40.166714 -16.99704 -18.334259 -40.166714 -17.266441 -18.079826 -39.923508 -17.266441 -18.079826 -39.923508 -17.872593 -17.481155 -36.200531 -17.872593 -17.481155 -36.200531 -17.266441 -17.593407 -36.200531 -17.266441 -17.593407 -36.200531 -20.147537 -14.203441 -36.200531 -20.147537 -14.203441 -36.200531 -22.373838 -10.349506 -36.200531 -22.373838 -10.349506 -36.200531 -23.870512 -6.1550789 -36.200531 -23.870512 -6.1550789 -36.200531 -24.585175 -1.7660847 -18.00098 -24.585175 -1.7660847 -18.00098 -24.502857 2.6865196 -18.00098 -24.502857 2.6865196 -18.00098 -23.61982 7.0455818 -18.00098 -23.61982 7.0455818 -18.00098 -20.948257 9.7358513 -18.00098 -20.948257 9.7358513 -18.00098 -20.948257 9.7358513 -18.700676 -20.948257 9.7358513 -18.700676 -20.413197 9.485157 -18.700676 -20.413197 9.485157 -18.700676 -19.971678 10.607662 -18.700676 -19.971678 10.607662 -18.700676 -19.971678 10.607662 -18.700676 -19.971678 10.607662 -12.699017 -19.971678 10.607662 -12.699017 -19.971678 10.607662 -12.699017 -19.571318 10.499153 -12.699017 -19.571318 10.499153 -12.699017 -19.571318 10.499153 -12.699017 -19.170958 10.607662 -12.699017 -19.170958 10.607662 -12.699017 -19.170958 10.607662 -12.699017 -18.879107 10.899513 -12.699017 -18.879107 10.899513 -12.699017 -18.879107 10.899513 -12.699017 -18.770597 11.299873 -12.699017 -18.770597 11.299873 -12.699017 -18.770597 11.299873 -12.699017 -18.879107 11.700233 -18.700676 -18.879107 11.700233 -18.700676 -18.879107 11.700233 -18.700676 -18.422621 12.93499 -18.700676 -18.422621 12.93499 -18.700676 -18.422621 12.93499 -18.00098 -18.422621 12.93499 -18.00098 -14.57617 19.879555 -18.00098 -14.57617 19.879555 -18.00098 -14.57617 19.879555 -36.200531 -14.57617 19.879555 -36.200531 -15.302056 19.771046 -36.200531 -15.302056 19.771046 -36.200531 -11.470573 22.210625 -36.200531 -11.470573 22.210625 -36.200531 -7.2649193 23.920574 -36.200531 -7.2649193 23.920574 -36.200531 -2.2248726 24.549175 -36.200531 -2.2248726 24.549175 -36.200531 2.2239895 24.549175 -18.00098 2.2239895 24.549175 -18.00098 17.841776 12.298904 -18.00098 17.841776 12.298904 -18.00098 17.841776 12.298904 -18.700676 17.841776 12.298904 -18.700676 17.78565 12.194138 -18.700676 17.78565 12.194138 -18.700676 17.572374 11.240009 -18.700676 17.572374 11.240009 -18.700676 17.572374 11.240009 -18.700676 17.841776 10.300846 -18.700676 17.841776 10.300846 -18.700676 17.841776 10.300846 -18.700676 18.878225 10.899513 -18.700676 18.878225 10.899513 -18.700676 18.878225 10.899513 -18.700676 19.173819 10.607662 -18.700676 19.173819 10.607662 -18.700676 19.173819 10.607662 -18.700676 19.570436 10.499153 -18.700676 19.570436 10.499153 -18.700676 19.570436 10.499153 -18.700676 19.970797 10.607662 -18.700676 19.970797 10.607662 -18.700676 19.970797 10.607662 -18.700676 20.26639 10.899513 -18.700676 20.26639 10.899513 -18.700676 20.26639 10.899513 -18.700676 21.673262 9.8705521 -18.700676 21.673262 9.8705521 -18.700676 21.673262 9.8705521 -18.700676 22.372957 9.6497917 -18.00098 22.372957 9.6497917 -18.00098 22.372957 9.6497917 -18.00098 22.881826 9.1222153 -18.00098 22.881826 9.1222153 -18.00098 22.881826 9.1222153 -18.00098 22.881826 9.1222153 -18.700676 22.881826 9.1222153 -18.700676 22.881826 9.1222153 -18.700676 22.945433 8.4749031 -36.200531 22.945433 8.4749031 -36.200531 22.922983 9.9790611 -36.200531 22.922983 9.9790611 -36.200531 23.024008 9.7433357 -45.42004 23.024008 9.7433357 -45.42004 23.297152 9.8630676 -45.719376 23.297152 9.8630676 -45.719376 25.654413 9.3354912 -45.719376 25.654413 9.3354912 -45.719376 25.654413 9.3354912 -46 25.654413 9.3354912 -46 21.602171 18.128448 -46 18.126146 21.600731 -46 18.126146 21.600731 -46 21.602171 18.128448 -46 24.419657 14.098656 -46 24.419657 14.098656 -46 26.780661 9.7470779 -45.700665 26.780661 9.7470779 -45.700665 28.067801 4.9502373 -45.700665 28.067801 4.9502373 -45.700665 28.501833 -9.5367432e-06 -45.700665 28.501833 -9.5367432e-06 -45.700665 28.067801 -4.9502563 -45.700665 28.067801 -4.9502563 -45.700665 26.780661 -9.7470951 -44.200249 26.780661 -9.7470951 -44.200249 26.874201 -9.7807713 -44.200249 24.681574 -14.248342 -44.200249 24.681574 -14.248342 -44.200249 24.767633 -14.300725 -44.200249 21.830412 -18.319294 -44.200249 21.830412 -18.319294 -44.200249 21.908987 -18.3829 -44.200249 18.320711 -21.832733 -44.200249 18.320711 -21.832733 -44.200249 18.384321 -21.907568 -44.200249 14.249762 -24.680155 -44.200249 14.249762 -24.680155 -44.200249 14.298403 -24.769955 -44.200249 9.7485142 -26.782982 -44.200249 9.7485142 -26.782982 -44.200249 9.7821903 -26.876524 -44.200249 4.9479351 -28.06638 -44.200249 4.9479351 -28.06638 -44.200249 4.9666424 -28.163662 -44.200249 0.0014305115 -28.500414 -44.200249 0.0014305115 -28.500414 -44.200249 0.0014305115 -28.60144 -44.200249 -4.9488182 -28.06638 -44.200249 -4.9488182 -28.06638 -44.200249 -4.9675255 -28.163662 -44.200249 -9.7493973 -26.782982 -44.200249 -9.7493973 -26.782982 -44.200249 -9.7830734 -26.876524 -44.200249 -14.250644 -24.680155 -44.200249 -14.250644 -24.680155 -44.200249 -14.250644 -24.680155 -45.700665 -14.250644 -24.680155 -45.700665 -18.317854 -21.832733 -45.700665 -18.317854 -21.832733 -45.700665 -21.831295 -18.319294 -45.700665 -21.831295 -18.319294 -45.700665 -24.682457 -14.248342 -45.700665 -24.682457 -14.248342 -45.700665 -26.781542 -9.7470951 -45.700665 -26.781542 -9.7470951 -45.700665 -28.068682 -4.9502563 -45.700665 -28.068682 -4.9502563 -45.700665 -28.484009 -0.9990387 -45.700665 -28.484009 -0.9990387 -45.700665 -28.484009 -0.9990387 -45.700665 -28.19964 -0.9990387 -45.985035 -28.19964 -0.9990387 -45.985035 -28.19964 -0.9990387 -45.985035 -28.19964 -0.9990387 -45.985035 -28.19964 -0.64357948 -45.992516 -28.19964 -0.64357948 -45.992516 -28.19964 -0.28812027 -46 -28.19964 -0.28812027 -46 -26.886309 -4.7407227 -46 -26.886309 -4.7407227 -46 -25.655296 -9.3355103 -46 -25.655296 -9.3355103 -46 -23.642269 -13.649672 -46 -23.642269 -13.649672 -46 -23.642269 -13.649672 -46 -20.914581 -17.548506 -46 -20.914581 -17.548506 -46 -17.547066 -20.912279 -46 -17.547066 -20.912279 -46 -17.547066 -20.912279 -46 -13.648232 -23.643709 -46 -13.648232 -23.643709 -46 -13.648232 -23.643709 -45.719376 -13.648232 -23.643709 -45.719376 -14.617329 -20.650362 -45.719376 -14.617329 -20.650362 -45.719376 -14.445211 -20.403412 -45.42004 -14.445211 -20.403412 -45.42004 -14.445211 -20.403412 -45.42004 -14.415277 -20.425861 -36.200531 -14.415277 -20.425861 -36.200531 -14.415277 -20.425861 -36.200531 -13.82035 -20.410894 -36.200531 -13.82035 -20.410894 -36.200531 -17.266441 -17.593407 -18.00098 -17.266441 -17.593407 -18.00098 -20.147537 -14.203441 -18.00098 -20.147537 -14.203441 -18.00098 -22.373838 -10.349506 -18.00098 -22.373838 -10.349506 -18.00098 -23.870512 -6.1550789 -18.00098 -23.870512 -6.1550789 -18.00098 -20.413197 9.485157 -18.00098 -20.413197 9.485157 -18.00098 -19.455326 9.301815 -18.700676 -19.455326 9.301815 -18.700676 -19.455326 9.301815 -18.700676 -19.571318 10.499153 -18.700676 -19.571318 10.499153 -18.700676 -19.571318 10.499153 -18.700676 -19.170958 10.607662 -18.700676 -19.170958 10.607662 -18.700676 -19.170958 10.607662 -18.700676 -18.879107 10.899513 -18.700676 -18.879107 10.899513 -18.700676 -18.879107 10.899513 -18.700676 -18.770597 11.299873 -18.700676 -18.770597 11.299873 -18.700676 -18.770597 11.299873 -18.700676 -17.782793 12.194138 -18.700676 -17.782793 12.194138 -18.700676 -17.782793 12.194138 -18.700676 -17.782793 12.194138 -18.00098 -17.782793 12.194138 -18.00098 -17.782793 12.194138 -18.00098 -10.767136 22.173206 -18.00098 -10.767136 22.173206 -18.00098 -10.767136 22.173206 -36.200531 -10.767136 22.173206 -36.200531 -6.6026421 23.748455 -36.200531 -6.6026421 23.748455 -36.200531 -2.2248726 24.549175 -18.00098 -2.2248726 24.549175 -18.00098 17.78565 12.194138 -18.00098 17.78565 12.194138 -18.00098 17.572374 11.240009 -18.00098 17.572374 11.240009 -18.00098 17.572374 11.240009 -18.00098 17.841776 10.300846 -18.00098 17.841776 10.300846 -18.00098 17.841776 10.300846 -18.00098 18.522764 9.5974083 -18.700676 18.522764 9.5974083 -18.700676 18.522764 9.5974083 -18.700676 19.454443 9.301815 -18.700676 19.454443 9.301815 -18.700676 19.454443 9.301815 -18.700676 20.416056 9.485157 -18.700676 20.416056 9.485157 -18.700676 20.951117 9.7358513 -18.700676 20.951117 9.7358513 -18.700676 21.673262 9.8705521 -18.00098 21.673262 9.8705521 -18.00098 21.673262 9.8705521 -18.00098 22.945433 8.4749031 -18.00098 22.945433 8.4749031 -18.00098 22.683516 7.6105766 -18.00098 22.683516 7.6105766 -18.00098 22.683516 7.6105766 -36.200531 22.683516 7.6105766 -36.200531 24.348566 5.6686401 -36.200531 24.348566 5.6686401 -36.200531 24.965944 1.2983551 -40.675583 24.965944 1.2983551 -40.675583 24.965944 1.2983551 -40.675583 24.980909 1.0102444 -40.230324 24.980909 1.0102444 -40.230324 24.980909 0.94289398 -40.166714 24.980909 0.94289398 -40.166714 24.992136 0.5724678 -39.923508 24.992136 0.5724678 -39.923508 24.995878 0.34048271 -39.84119 24.995878 0.34048271 -39.84119 27.001417 0.34048271 -39.84119 27.001417 0.34048271 -39.84119 27.001417 -0.34050369 -39.84119 27.001417 -0.34050369 -39.84119 27.001417 -0.94291306 -40.166714 27.001417 -0.94291306 -40.166714 27.001417 -0.94291306 -40.166714 27.001417 -1.3208237 -40.739193 27.001417 -1.3208237 -40.739193 27.001417 -1.3993988 -41.199421 27.001417 -1.3993988 -41.199421 24.962202 -1.3993988 -41.199421 24.962202 -1.3993988 -41.199421 24.965944 -1.2983742 -41.723255 24.965944 -1.2983742 -41.723255 24.965944 -1.2983742 -41.723255 24.980909 -1.0102634 -42.168514 24.980909 -1.0102634 -42.168514 24.980909 -0.94291306 -42.232124 24.980909 -0.94291306 -42.232124 24.992136 -0.57248688 -42.475334 24.992136 -0.57248688 -42.475334 24.995878 -0.34050369 -42.557652 24.995878 -0.34050369 -42.557652 24.988394 0.77077675 -45.42004 24.988394 0.77077675 -45.42004 24.973425 1.1711369 -45.42004 24.973425 1.1711369 -45.42004 24.71525 5.4142075 -45.719376 24.71525 5.4142075 -45.719376 26.885427 4.7407036 -45.719376 26.885427 4.7407036 -45.719376 26.885427 4.7407036 -46 26.885427 4.7407036 -46 27.768465 4.8978539 -46 26.49629 9.6460495 -46 26.49629 9.6460495 -46 27.768465 4.8978539 -46 28.198759 -9.5367432e-06 -46 28.198759 -9.5367432e-06 -46 27.768465 -4.8978729 -46 27.768465 -4.8978729 -46 26.780661 -9.7470951 -45.700665 26.780661 -9.7470951 -45.700665 24.681574 -14.248342 -45.700665 24.681574 -14.248342 -45.700665 21.830412 -18.319294 -45.700665 21.830412 -18.319294 -45.700665 18.320711 -21.832733 -45.700665 18.320711 -21.832733 -45.700665 14.249762 -24.680155 -45.700665 14.249762 -24.680155 -45.700665 9.7485142 -26.782982 -45.700665 9.7485142 -26.782982 -45.700665 4.9479351 -28.06638 -45.700665 4.9479351 -28.06638 -45.700665 0.0014305115 -28.500414 -45.700665 0.0014305115 -28.500414 -45.700665 -4.9488182 -28.06638 -45.700665 -4.9488182 -28.06638 -45.700665 -9.7493973 -26.782982 -45.700665 -9.7493973 -26.782982 -45.700665 -14.100976 -24.421978 -46 -18.127028 -21.60075 -46 -21.603052 -18.128468 -46 -24.424282 -14.098674 -46 -26.500916 -9.6460705 -46 -27.773088 -4.8978729 -46 -27.773088 -4.8978729 -46 -26.500916 -9.6460705 -46 -24.424282 -14.098674 -46 -21.603052 -18.128468 -46 -18.127028 -21.60075 -46 -14.100976 -24.421978 -46 -9.6446304 -26.498613 -46 -9.6446304 -26.498613 -46 -9.3378124 -25.652992 -46 -9.3378124 -25.652992 -46 -9.3378124 -25.652992 -45.719376 -9.3378124 -25.652992 -45.719376 -4.7392845 -26.884007 -46 -4.7392845 -26.884007 -46 0.0014305115 -27.299334 -46 0.0014305115 -27.299334 -46 -4.7392845 -26.884007 -45.719376 -4.7392845 -26.884007 -45.719376 -10.572569 -22.985172 -45.719376 -10.572569 -22.985172 -45.719376 -10.449093 -22.712029 -45.42004 -10.449093 -22.712029 -45.42004 -10.482767 -22.697063 -36.200531 -10.482767 -22.697063 -36.200531 -9.9252567 -22.562363 -36.200531 -9.9252567 -22.562363 -36.200531 -13.82035 -20.410894 -18.00098 -13.82035 -20.410894 -18.00098 -19.455326 9.301815 -18.00098 -19.455326 9.301815 -18.00098 -19.455326 9.301815 -18.00098 -18.519905 9.5974083 -18.700676 -18.519905 9.5974083 -18.700676 -18.519905 9.5974083 -18.700676 -17.838917 10.300846 -18.700676 -17.838917 10.300846 -18.700676 -17.838917 10.300846 -18.700676 -17.573257 11.240009 -18.700676 -17.573257 11.240009 -18.700676 -17.573257 11.240009 -18.700676 -17.573257 11.240009 -18.00098 -17.573257 11.240009 -18.00098 -17.573257 11.240009 -18.00098 -6.6026421 23.748455 -18.00098 -6.6026421 23.748455 -18.00098 18.522764 9.5974083 -18.00098 18.522764 9.5974083 -18.00098 18.522764 9.5974083 -18.00098 19.454443 9.301815 -18.00098 19.454443 9.301815 -18.00098 19.454443 9.301815 -18.00098 20.416056 9.485157 -18.00098 20.416056 9.485157 -18.00098 20.951117 9.7358513 -18.00098 20.951117 9.7358513 -18.00098 22.301863 7.139122 -18.00098 22.301863 7.139122 -18.00098 22.301863 7.139122 -36.200531 22.301863 7.139122 -36.200531 24.973425 1.1711369 -36.200531 24.973425 1.1711369 -36.200531 24.999617 0.056116104 -39.80003 24.999617 0.056116104 -39.80003 24.995878 -0.34050369 -39.84119 24.995878 -0.34050369 -39.84119 24.995878 -0.47146225 -39.882347 24.995878 -0.47146225 -39.882347 24.980909 -0.93168831 -40.151749 24.980909 -0.93168831 -40.151749 24.980909 -0.93168831 -40.151749 24.969687 -1.2534733 -40.5783 24.969687 -1.2534733 -40.5783 24.962202 -1.3956585 -41.090912 24.962202 -1.3956585 -41.090912 24.771376 -3.3637829 -45.42004 24.771376 -3.3637829 -45.42004 25.287729 0.77826118 -45.719376 25.287729 0.77826118 -45.719376 27.300753 -9.5367432e-06 -45.719376 27.300753 -9.5367432e-06 -45.719376 27.300753 -9.5367432e-06 -46 27.300753 -9.5367432e-06 -46 26.885427 -4.7407227 -46 26.885427 -4.7407227 -46 25.654413 -9.3355103 -46 25.654413 -9.3355103 -46 26.49629 -9.6460705 -46 26.49629 -9.6460705 -46 24.419657 -14.098674 -46 24.419657 -14.098674 -46 21.602171 -18.128468 -46 21.602171 -18.128468 -46 18.126146 -21.60075 -46 18.126146 -21.60075 -46 14.100092 -24.421978 -46 14.100092 -24.421978 -46 4.8955517 -27.770786 -46 -0.0023117065 -28.20108 -46 -4.9001751 -27.770786 -46 -4.9001751 -27.770786 -46 -0.0023117065 -28.20108 -46 4.8955517 -27.770786 -46 9.6437473 -26.498613 -46 9.6437473 -26.498613 -46 4.7421436 -26.884007 -46 4.7421436 -26.884007 -46 0.0014305115 -27.299334 -45.719376 0.0014305115 -27.299334 -45.719376 -6.172348 -24.534229 -45.719376 -6.172348 -24.534229 -45.719376 -6.0975151 -24.24612 -45.42004 -6.0975151 -24.24612 -45.42004 -6.202282 -24.216187 -36.200531 -6.202282 -24.216187 -36.200531 -5.7083797 -23.980461 -36.200531 -5.7083797 -23.980461 -36.200531 -5.7083797 -23.980461 -36.200531 -2.6327152 -24.074001 -18.00098 -2.6327152 -24.074001 -18.00098 -2.6327152 -24.074001 -18.00098 -2.2398396 -23.628742 -18.00098 -2.2398396 -23.628742 -18.00098 -2.2398396 -23.628742 -18.00098 -2.2398396 -23.628742 -18.700676 -2.2398396 -23.628742 -18.700676 -2.2398396 -23.628742 -18.700676 -2.0452709 -23.011364 -18.700676 -2.0452709 -23.011364 -18.700676 -0.79929161 -22.599779 -12.699017 -0.79929161 -22.599779 -12.699017 -0.79929161 -22.599779 -12.699017 -0.79929161 -22.599779 -18.700676 -0.79929161 -22.599779 -18.700676 -0.79929161 -22.599779 -18.700676 -0.69452286 -22.199419 -12.699017 -0.69452286 -22.199419 -12.699017 -0.69452286 -22.199419 -12.699017 0.0014305115 -21.799059 -12.699017 0.0014305115 -21.799059 -12.699017 0.0014305115 -21.799059 -12.699017 -0.3989315 -21.907568 -12.699017 -0.3989315 -21.907568 -12.699017 -0.3989315 -21.907568 -12.699017 -0.3989315 -21.907568 -18.700676 -0.3989315 -21.907568 -18.700676 -0.3989315 -21.907568 -18.700676 -0.69452286 -22.199419 -18.700676 -0.69452286 -22.199419 -18.700676 -0.69452286 -22.199419 -18.700676 -1.9928875 -22.42392 -18.700676 -1.9928875 -22.42392 -18.700676 -2.0452709 -23.011364 -18.00098 -2.0452709 -23.011364 -18.00098 -3.7664452 -24.362112 -18.00098 -3.7664452 -24.362112 -18.00098 -3.1715183 -24.332178 -18.00098 -3.1715183 -24.332178 -18.00098 -3.1715183 -24.332178 -18.00098 -3.7664452 -24.362112 -18.700676 -3.7664452 -24.362112 -18.700676 -3.1715183 -24.332178 -18.700676 -3.1715183 -24.332178 -18.700676 -3.1715183 -24.332178 -18.700676 -2.6327152 -24.074001 -18.700676 -2.6327152 -24.074001 -18.700676 -2.6327152 -24.074001 -18.700676 -0.69452286 -23.000139 -18.700676 -0.69452286 -23.000139 -18.700676 -0.69452286 -23.000139 -18.700676 -0.69452286 -23.000139 -12.699017 -0.69452286 -23.000139 -12.699017 -0.69452286 -23.000139 -12.699017 0.0014305115 -22.599779 -12.220081 0.40179062 -21.907568 -12.699017 0.40179062 -21.907568 -12.699017 0.40179062 -21.907568 -12.699017 0.0014305115 -21.799059 -18.700676 0.0014305115 -21.799059 -18.700676 0.0014305115 -21.799059 -18.700676 -0.94895744 -20.837446 -18.700676 -0.94895744 -20.837446 -18.700676 -0.94895744 -20.837446 -18.700676 -1.6711025 -21.499723 -18.700676 -1.6711025 -21.499723 -18.700676 -1.6711025 -21.499723 -18.700676 -1.6711025 -21.499723 -18.00098 -1.6711025 -21.499723 -18.00098 -1.6711025 -21.499723 -18.00098 -1.9928875 -22.42392 -18.00098 -1.9928875 -22.42392 -18.00098 -5.7083797 -23.980461 -18.00098 -5.7083797 -23.980461 -18.00098 -5.7083797 -23.980461 -18.00098 -1.3044186 -24.616547 -36.200531 -1.3044186 -24.616547 -36.200531 -1.3044186 -24.616547 -18.700676 -1.3044186 -24.616547 -18.700676 -0.3989315 -23.29199 -18.700676 -0.3989315 -23.29199 -18.700676 -0.3989315 -23.29199 -18.700676 -0.3989315 -23.29199 -12.699017 -0.3989315 -23.29199 -12.699017 -0.3989315 -23.29199 -12.699017 0.0014305115 -23.400499 -12.699017 0.0014305115 -23.400499 -12.699017 0.0014305115 -23.400499 -12.699017 0.40179062 -23.29199 -12.699017 0.40179062 -23.29199 -12.699017 0.40179062 -23.29199 -12.699017 0.69364166 -23.000139 -12.699017 0.69364166 -23.000139 -12.699017 0.69364166 -23.000139 -12.699017 0.79840851 -22.599779 -12.699017 0.79840851 -22.599779 -12.699017 0.79840851 -22.599779 -12.699017 0.69364166 -22.199419 -12.699017 0.69364166 -22.199419 -12.699017 0.69364166 -22.199419 -12.699017 0.40179062 -21.907568 -18.700676 0.40179062 -21.907568 -18.700676 0.40179062 -21.907568 -18.700676 0.0014305115 -20.601719 -18.700676 0.0014305115 -20.601719 -18.700676 0.0014305115 -20.601719 -18.700676 0.0014305115 -20.601719 -18.00098 0.0014305115 -20.601719 -18.00098 0.0014305115 -20.601719 -18.00098 -0.94895744 -20.837446 -18.00098 -0.94895744 -20.837446 -18.00098 -0.94895744 -20.837446 -18.00098 -9.9252567 -22.562363 -18.00098 -9.9252567 -22.562363 -18.00098 -18.519905 9.5974083 -18.00098 -18.519905 9.5974083 -18.00098 -18.519905 9.5974083 -18.00098 -17.838917 10.300846 -18.00098 -17.838917 10.300846 -18.00098 -17.838917 10.300846 -18.00098 21.800478 6.7986298 -18.00098 21.800478 6.7986298 -18.00098 21.800478 6.7986298 -18.00098 21.800478 1.7061977 -25.375839 21.800478 1.7061977 -25.375839 21.800478 -9.5367432e-06 -25.050314 21.800478 -9.5367432e-06 -25.050314 21.800478 -1.7062168 -25.375839 21.800478 -1.7062168 -25.375839 21.800478 -3.1729584 -26.303778 21.800478 -3.1729584 -26.303778 21.800478 -4.1981792 -27.703167 21.800478 -4.1981792 -27.703167 21.800478 -4.1981792 -27.703167 21.800478 -6.7986488 -36.200531 21.800478 -6.7986488 -36.200531 21.800478 -6.7986488 -36.200531 22.571264 -7.4422188 -36.200531 22.571264 -7.4422188 -36.200531 22.571264 -7.4422188 -36.200531 24.771376 -3.3637829 -36.200531 24.771376 -3.3637829 -36.200531 24.704023 -3.8352356 -45.42004 24.704023 -3.8352356 -45.42004 23.753637 -7.7901955 -45.42004 23.753637 -7.7901955 -45.42004 24.999617 -3.8801365 -45.719376 24.999617 -3.8801365 -45.719376 26.885427 -4.7407227 -45.719376 26.885427 -4.7407227 -45.719376 25.654413 -9.3355103 -45.719376 25.654413 -9.3355103 -45.719376 23.641386 -13.649672 -45.719376 23.641386 -13.649672 -45.719376 23.641386 -13.649672 -46 23.641386 -13.649672 -46 20.913698 -17.548506 -46 20.913698 -17.548506 -46 17.549925 -20.912279 -46 17.549925 -20.912279 -46 13.651091 -23.643709 -46 13.651091 -23.643709 -46 9.3369312 -25.652992 -46 9.3369312 -25.652992 -46 4.7421436 -26.884007 -45.719376 4.7421436 -26.884007 -45.719376 -1.5588531 -25.252632 -45.719376 -1.5588531 -25.252632 -45.719376 -1.540144 -24.953299 -45.42004 -1.540144 -24.953299 -45.42004 -0.054695129 -24.998198 -42.598808 -0.054695129 -24.998198 -42.598808 0.34192276 -24.998198 -42.557652 0.34192276 -24.998198 -42.557652 0.47288132 -24.994457 -42.520233 0.47288132 -24.994457 -42.520233 0.92936707 -24.983231 -42.247093 0.92936707 -24.983231 -42.247093 0.92936707 -24.983231 -42.247093 1.2548943 -24.968266 -41.82428 1.2548943 -24.968266 -41.82428 1.3970776 -24.960781 -41.30793 1.3970776 -24.960781 -41.30793 1.3970776 -24.960781 -41.30793 1.4008198 -27 -41.199421 1.4008198 -27 -41.199421 1.3222446 -27 -40.739193 1.3222446 -27 -40.739193 1.3222446 -27 -40.739193 0.94433403 -27 -40.166714 0.94433403 -27 -40.166714 0.34192276 -27 -39.84119 0.34192276 -27 -39.84119 0.34192276 -24.998198 -39.84119 0.34192276 -24.998198 -39.84119 0.053813934 -24.998198 -39.80003 0.053813934 -24.998198 -39.80003 -1.7197456 -24.942074 -36.200531 -1.7197456 -24.942074 -36.200531 -0.45505524 -24.957039 -36.200531 -0.45505524 -24.957039 -36.200531 -0.45505524 -24.957039 -18.700676 -0.45505524 -24.957039 -18.700676 0.0014305115 -23.400499 -18.700676 0.0014305115 -23.400499 -18.700676 0.0014305115 -23.400499 -18.700676 0.40179062 -23.29199 -18.700676 0.40179062 -23.29199 -18.700676 0.40179062 -23.29199 -18.700676 0.79840851 -22.599779 -18.700676 0.79840851 -22.599779 -18.700676 0.79840851 -22.599779 -18.700676 0.69364166 -22.199419 -18.700676 0.69364166 -22.199419 -18.700676 0.69364166 -22.199419 -18.700676 0.94807625 -20.837446 -18.700676 0.94807625 -20.837446 -18.700676 0.94807625 -20.837446 -18.700676 0.94807625 -20.837446 -18.00098 0.94807625 -20.837446 -18.00098 0.94807625 -20.837446 -18.00098 21.800478 -6.7986488 -18.00098 21.800478 -6.7986488 -18.00098 21.800478 -6.7986488 -18.00098 22.571264 -7.4422188 -18.00098 22.571264 -7.4422188 -18.00098 22.571264 -7.4422188 -18.00098 22.93421 -8.3776398 -18.00098 22.93421 -8.3776398 -18.00098 22.93421 -8.3776398 -18.00098 22.799509 -9.3691864 -18.00098 22.799509 -9.3691864 -18.00098 22.93421 -8.3776398 -36.200531 22.93421 -8.3776398 -36.200531 22.93421 -8.3776398 -36.200531 23.753637 -7.7901955 -36.200531 23.753637 -7.7901955 -36.200531 23.57778 -8.3102894 -45.42004 23.57778 -8.3102894 -45.42004 23.862146 -8.4075737 -45.719376 23.862146 -8.4075737 -45.719376 21.908987 -12.650642 -45.719376 21.908987 -12.650642 -45.719376 19.211233 -16.459675 -45.719376 19.211233 -16.459675 -45.719376 20.913698 -17.548506 -45.719376 20.913698 -17.548506 -45.719376 17.549925 -20.912279 -45.719376 17.549925 -20.912279 -45.719376 13.651091 -23.643709 -45.719376 13.651091 -23.643709 -45.719376 9.3369312 -25.652992 -45.719376 9.3369312 -25.652992 -45.719376 3.1107693 -25.106707 -45.719376 3.1107693 -25.106707 -45.719376 2.8189182 -24.841047 -45.42004 2.8189182 -24.841047 -45.42004 2.8189182 -24.841047 -45.42004 1.4008198 -24.960781 -41.199421 1.4008198 -24.960781 -41.199421 1.2997932 -24.964523 -40.675583 1.2997932 -24.964523 -40.675583 1.2997932 -24.964523 -40.675583 1.0079422 -24.97949 -40.230324 1.0079422 -24.97949 -40.230324 0.94433403 -24.983231 -40.166714 0.94433403 -24.983231 -40.166714 0.57390785 -24.994457 -39.923508 0.57390785 -24.994457 -39.923508 0.0014305115 -24.998198 -36.200531 0.0014305115 -24.998198 -36.200531 0.0014305115 -24.998198 -36.200531 0.0014305115 -24.998198 -36.200531 0.45791435 -24.957039 -36.200531 0.45791435 -24.957039 -36.200531 0.45791435 -24.957039 -18.700676 0.45791435 -24.957039 -18.700676 1.3035355 -24.616547 -18.700676 1.3035355 -24.616547 -18.700676 1.3035355 -24.616547 -18.700676 1.3035355 -24.616547 -18.700676 5.4156475 -24.04781 -25.615307 4.22579 -24.283537 -26.917414 3.4512615 -24.407013 -29.005272 3.4512615 -24.407013 -29.005272 3.4512615 -24.407013 -29.005272 3.4250698 -24.410753 -30.150227 3.4250698 -24.410753 -30.150227 3.4250698 -24.410753 -30.150227 3.6046696 -24.384562 -31.104359 3.6046696 -24.384562 -31.104359 3.8216877 -24.350887 -31.717995 3.8216877 -24.350887 -31.717995 4.7496281 -24.189995 -34.206215 4.7496281 -24.189995 -34.206215 4.7496281 -24.189995 -34.206215 4.8431683 -23.636225 -34.426971 3.8628483 -23.830793 -33.49155 3.8628483 -23.830793 -33.49155 4.8431683 -23.636225 -34.426971 5.4156475 -23.501526 -34.808624 5.4156475 -23.501526 -34.808624 6.1190815 -23.254574 -35.164085 6.1190815 -23.254574 -35.164085 6.1190815 -23.254574 -35.164085 6.8636761 -23.04504 -35.418518 6.8636761 -23.04504 -35.418518 6.8636761 -23.04504 -35.418518 7.630724 -22.80183 -35.560703 8.397768 -22.528687 -35.590637 9.1535892 -22.233093 -35.50832 9.0937214 -22.117102 -35.452194 9.0937214 -22.117102 -35.452194 9.041338 -22.042269 -35.339943 9.041338 -22.042269 -35.339943 8.5511761 -22.210644 -35.283817 7.5820789 -22.55862 -35.268852 8.5511761 -22.210644 -35.283817 9.7110996 -21.727966 -35.033127 10.160101 -21.522175 -34.8423 10.975786 -21.118073 -34.344654 11.518332 -20.826221 -33.861977 12.210543 -20.429604 -32.975197 12.498652 -20.287418 -32.720764 12.498652 -20.287418 -32.720764 12.947657 -20.107819 -32.065971 12.947657 -20.107819 -32.065971 13.183382 -19.954409 -31.302666 13.183382 -19.954409 -31.302666 13.325563 -19.857124 -30.50943 13.325563 -19.857124 -30.50943 13.374208 -19.82719 -29.701225 13.374208 -19.82719 -29.701225 13.374208 -19.82719 -29.701225 13.355497 -19.838417 -29.214808 13.355497 -19.838417 -29.214808 13.194605 -20.100334 -27.691942 13.194605 -20.100334 -27.691942 12.906496 -20.287418 -26.932381 12.906496 -20.287418 -26.932381 12.524843 -20.523144 -26.228943 12.524843 -20.523144 -26.228943 12.060877 -20.80003 -25.5966 12.060877 -20.80003 -25.5966 11.518332 -21.106848 -25.04283 11.518332 -21.106848 -25.04283 10.919664 -21.421148 -24.590086 10.257383 -21.746675 -24.234627 10.257383 -21.746675 -24.234627 10.257383 -21.746675 -24.234627 9.5539494 -22.064718 -23.983932 9.5539494 -22.064718 -23.983932 9.5539494 -22.064718 -23.983932 8.8093548 -22.371536 -23.838007 8.8318043 -22.42392 -23.834267 8.3902836 -22.985172 -23.800591 8.3079662 -23.015106 -23.800591 7.398737 -23.325665 -23.89039 6.5456333 -23.583841 -24.118633 6.4259014 -23.235865 -24.118633 5.5391216 -23.84576 -24.590086 5.5391216 -23.84576 -24.590086 6.5456333 -23.583841 -24.118633 7.398737 -23.325665 -23.89039 8.3079662 -23.015106 -23.800591 8.3902836 -22.985172 -23.800591 9.3257046 -22.622229 -23.89039 9.3257046 -22.622229 -23.89039 9.378088 -22.614746 -24.664919 9.378088 -22.614746 -24.664919 9.4342136 -22.771896 -24.664919 9.4342136 -22.771896 -24.664919 8.4538937 -23.153549 -24.548927 8.4538937 -23.153549 -24.548927 8.4538937 -23.153549 -24.548927 5.8796139 -23.939302 -18.00098 5.8796139 -23.939302 -18.00098 6.8075504 -23.69235 -24.840778 2.0443897 -23.011364 -18.00098 2.0443897 -23.011364 -18.00098 2.0443897 -23.011364 -18.700676 2.0443897 -23.011364 -18.700676 1.9920044 -22.42392 -18.700676 1.9920044 -22.42392 -18.700676 1.6702213 -21.499723 -18.700676 1.6702213 -21.499723 -18.700676 1.6702213 -21.499723 -18.700676 1.6702213 -21.499723 -18.00098 1.6702213 -21.499723 -18.00098 1.6702213 -21.499723 -18.00098 20.648039 -13.46633 -18.00098 20.648039 -13.46633 -18.00098 22.799509 -9.3691864 -36.200531 22.799509 -9.3691864 -36.200531 21.953886 -11.958431 -36.200531 21.953886 -11.958431 -36.200531 21.650812 -12.500975 -36.200531 21.650812 -12.500975 -36.200531 21.650812 -12.500975 -45.42004 21.650812 -12.500975 -45.42004 18.986734 -16.26511 -45.42004 18.986734 -16.26511 -45.42004 18.623789 -16.676693 -45.42004 18.623789 -16.676693 -45.42004 18.657465 -19.524117 -43.882206 18.657465 -19.524117 -43.882206 19.525534 -18.659786 -43.882206 19.525534 -18.659786 -43.882206 19.525534 -18.659786 -43.882206 19.334707 -18.850613 -42.557652 19.334707 -18.850613 -42.557652 19.761263 -18.424061 -42.232124 19.761263 -18.424061 -42.232124 19.761263 -18.424061 -42.232124 20.303804 -17.877773 -43.350887 20.303804 -17.877773 -43.350887 20.303804 -17.877773 -43.350887 21.613394 -18.109758 -40.005821 20.842607 -17.338972 -40.005821 20.842607 -17.338972 -40.005821 21.706938 -18.001251 -40.35754 21.789255 -17.900225 -41.199421 21.789255 -17.900225 -41.199421 21.037176 -17.148146 -41.199421 21.037176 -17.148146 -41.199421 21.037176 -17.148146 -41.199421 20.842607 -17.338972 -42.393017 20.842607 -17.338972 -42.393017 20.842607 -17.338972 -42.393017 21.598429 -18.13221 -42.449142 21.598429 -18.13221 -42.449142 21.044657 -18.768295 -43.429462 21.044657 -18.768295 -43.429462 20.232714 -19.643848 -43.919624 20.232714 -19.643848 -43.919624 19.319742 -20.541853 -43.811115 17.901644 -21.791576 -41.199421 17.901644 -21.791576 -41.199421 18.002668 -21.705517 -42.041298 17.340391 -20.844929 -42.393017 17.340391 -20.844929 -42.393017 18.111177 -21.615717 -42.393017 17.879194 -20.306126 -43.350887 17.879194 -20.306126 -43.350887 18.519022 -21.26774 -43.145096 18.691141 -21.11433 -43.350887 18.848291 -19.33329 -42.557652 18.848291 -19.33329 -42.557652 17.639727 -17.716881 -42.598808 17.639727 -17.716881 -42.598808 17.916613 -17.432514 -42.557652 17.916613 -17.432514 -42.557652 18.006411 -17.342712 -42.520233 18.006411 -17.342712 -42.520233 18.324453 -17.005962 -42.247093 18.324453 -17.005962 -42.247093 18.324453 -17.005962 -42.247093 18.541471 -16.770237 -41.82428 18.541471 -16.770237 -41.82428 20.026922 -18.158401 -41.663387 20.026922 -18.158401 -41.663387 20.083044 -18.102276 -41.199421 20.083044 -18.102276 -41.199421 20.026922 -18.158401 -40.739193 20.026922 -18.158401 -40.739193 20.026922 -18.158401 -40.739193 19.761263 -18.424061 -40.166714 19.761263 -18.424061 -40.166714 20.303804 -17.877773 -39.051693 20.303804 -17.877773 -39.051693 21.269159 -18.517601 -39.253746 21.115751 -18.68972 -39.051693 20.543272 -19.318321 -38.591465 19.525534 -18.659786 -38.520374 19.525534 -18.659786 -38.520374 19.645269 -20.231293 -38.482956 19.645269 -20.231293 -38.482956 18.657465 -19.524117 -38.520374 18.657465 -19.524117 -38.520374 18.657465 -19.524117 -38.520374 18.769716 -21.04698 -38.969376 18.769716 -21.04698 -38.969376 17.879194 -20.306126 -39.051693 17.879194 -20.306126 -39.051693 17.879194 -20.306126 -39.051693 18.133627 -21.597008 -39.949699 18.133627 -21.597008 -39.949699 17.340391 -20.844929 -40.005821 17.340391 -20.844929 -40.005821 17.340391 -20.844929 -40.005821 17.145823 -21.035755 -41.199421 17.145823 -21.035755 -41.199421 17.145823 -21.035755 -41.199421 18.15608 -20.025501 -41.663387 18.15608 -20.025501 -41.663387 18.15608 -20.025501 -41.663387 18.425482 -19.759842 -42.232124 18.425482 -19.759842 -42.232124 17.265558 -18.079826 -42.475334 17.265558 -18.079826 -42.475334 17.433935 -17.918934 -42.557652 17.433935 -17.918934 -42.557652 17.433935 -17.918934 -42.557652 18.638758 -16.661728 -41.30793 18.638758 -16.661728 -41.30793 18.638758 -16.661728 -41.30793 18.638758 -16.661728 -41.199421 18.638758 -16.661728 -41.199421 18.571405 -16.736561 -40.675583 18.571405 -16.736561 -40.675583 18.571405 -16.736561 -40.675583 18.376837 -16.949837 -40.230324 18.376837 -16.949837 -40.230324 18.331938 -16.998478 -40.166714 18.331938 -16.998478 -40.166714 18.077505 -17.267879 -39.923508 18.077505 -17.267879 -39.923508 17.916613 -17.432514 -39.84119 17.916613 -17.432514 -39.84119 19.334707 -18.850613 -39.84119 19.334707 -18.850613 -39.84119 18.848291 -19.33329 -39.84119 18.848291 -19.33329 -39.84119 18.425482 -19.759842 -40.166714 18.425482 -19.759842 -40.166714 18.425482 -19.759842 -40.166714 18.15608 -20.025501 -40.739193 18.15608 -20.025501 -40.739193 18.15608 -20.025501 -40.739193 18.103697 -20.081627 -41.199421 18.103697 -20.081627 -41.199421 16.659407 -18.641079 -41.199421 16.659407 -18.641079 -41.199421 16.73424 -18.573727 -41.723255 16.73424 -18.573727 -41.723255 16.73424 -18.573727 -41.723255 16.947515 -18.37542 -42.168514 16.947515 -18.37542 -42.168514 16.996157 -18.334259 -42.232124 16.996157 -18.334259 -42.232124 16.996157 -18.334259 -42.232124 15.671602 -19.475473 -45.42004 15.671602 -19.475473 -45.42004 15.671602 -19.475473 -45.42004 15.862425 -19.711199 -45.719376 15.862425 -19.711199 -45.719376 11.971075 -22.289219 -45.719376 11.971075 -22.289219 -45.719376 7.6681385 -24.107677 -45.719376 7.6681385 -24.107677 -45.719376 7.2640362 -23.920593 -45.42004 7.2640362 -23.920593 -45.42004 3.0733528 -24.811113 -45.42004 3.0733528 -24.811113 -45.42004 2.8189182 -24.841047 -36.200531 2.8189182 -24.841047 -36.200531 1.3035355 -24.616547 -36.200531 1.3035355 -24.616547 -36.200531 1.3035355 -24.616547 -36.200531 5.5989895 -24.006653 -34.808624 5.5989895 -24.006653 -34.808624 5.5989895 -24.006653 -34.808624 5.7000141 -23.980461 -34.868492 5.8721294 -23.939302 -34.962032 5.8721294 -23.939302 -34.962032 7.417448 -23.509008 -35.500835 7.417448 -23.509008 -35.500835 7.417448 -23.509008 -35.500835 6.4708004 -23.220898 -35.298782 6.4708004 -23.220898 -35.298782 6.4708004 -23.220898 -35.298782 7.2715206 -22.97769 -35.512062 7.6494312 -22.854214 -35.564445 8.2256489 -22.652163 -35.598122 8.2967434 -22.625971 -35.598122 8.4164753 -22.58107 -35.598122 9.1760387 -22.289219 -35.5158 9.1984882 -22.277994 -35.512062 9.9168911 -21.971176 -35.317493 9.8906994 -21.915051 -35.313751 9.8233509 -21.802801 -35.253883 9.8233509 -21.802801 -35.253883 9.7559986 -21.739193 -35.149117 9.7559986 -21.739193 -35.149117 10.42576 -21.424891 -34.849785 10.42576 -21.424891 -34.849785 11.046881 -21.110588 -34.445679 11.046881 -21.110588 -34.445679 11.604391 -20.807512 -33.951778 11.604391 -20.807512 -33.951778 12.090811 -20.530628 -33.371819 12.090811 -20.530628 -33.371819 12.625872 -20.309868 -32.780632 12.625872 -20.309868 -32.780632 13.063646 -20.186394 -32.088421 13.303114 -20.032984 -31.317635 13.445299 -19.935699 -30.516914 13.445299 -19.935699 -30.516914 13.49394 -19.902025 -29.701225 13.49394 -19.902025 -29.701225 13.475233 -19.91325 -29.211065 13.542582 -20.018017 -29.211065 13.303114 -20.171427 -27.849092 13.258215 -20.201359 -27.691942 13.254473 -20.205101 -27.680717 12.962622 -20.38096 -26.932381 12.577227 -20.612946 -26.228943 12.539812 -20.635395 -26.169077 12.35647 -20.740162 -25.907158 12.35647 -20.740162 -25.907158 12.35647 -20.740162 -25.907158 11.480917 -21.219097 -24.975479 9.9692745 -21.948727 -24.099926 9.9692745 -21.948727 -24.099926 9.9692745 -21.948727 -24.099926 9.1984882 -22.277994 -23.89039 9.1984882 -22.277994 -23.89039 9.9692745 -21.948727 -24.099926 10.960821 -21.484756 -24.590086 10.960821 -21.484756 -24.590086 10.096491 -22.292961 -24.103666 10.096491 -22.292961 -24.103666 9.9992085 -22.352829 -24.855745 9.9992085 -22.352829 -24.855745 9.93186 -22.55862 -24.810844 9.93186 -22.55862 -24.810844 10.272352 -22.408953 -24.949287 10.272352 -22.408953 -24.949287 11.13294 -21.821508 -25.514282 11.13294 -21.821508 -25.514282 12.408854 -21.155489 -27.063339 12.408854 -21.155489 -27.063339 12.352728 -21.185423 -26.962313 12.352728 -21.185423 -26.962313 12.326536 -21.346315 -26.838839 12.326536 -21.346315 -26.838839 11.342474 -21.885117 -25.641499 11.342474 -21.885117 -25.641499 11.293833 -21.742933 -25.645241 11.293833 -21.742933 -25.645241 11.189062 -21.963692 -25.514282 11.189062 -21.963692 -25.514282 11.189062 -21.963692 -25.514282 10.249903 -22.416437 -18.00098 10.249903 -22.416437 -18.00098 10.249903 -22.416437 -18.00098 1.9920044 -22.42392 -18.00098 1.9920044 -22.42392 -18.00098 17.766943 -17.08828 -18.00098 17.766943 -17.08828 -18.00098 17.766943 -17.08828 -18.00098 20.648039 -13.46633 -36.200531 20.648039 -13.46633 -36.200531 20.648039 -13.46633 -36.200531 21.332769 -13.032294 -36.200531 21.332769 -13.032294 -36.200531 21.332769 -13.032294 -36.200531 18.623789 -16.676693 -36.200531 18.623789 -16.676693 -36.200531 17.718302 -17.638306 -39.80003 17.718302 -17.638306 -39.80003 17.433935 -17.918934 -39.84119 17.433935 -17.918934 -39.84119 17.340391 -18.008732 -39.882347 17.340391 -18.008732 -39.882347 17.007383 -18.323034 -40.151749 17.007383 -18.323034 -40.151749 17.007383 -18.323034 -40.151749 16.767916 -18.543793 -40.5783 16.767916 -18.543793 -40.5783 16.767916 -18.543793 -40.5783 16.663149 -18.637337 -41.090912 16.663149 -18.637337 -41.090912 15.301172 -19.771067 -45.42004 15.301172 -19.771067 -45.42004 15.301172 -19.771067 -45.42004 11.82889 -22.02356 -45.42004 11.82889 -22.02356 -45.42004 11.473433 -22.210644 -45.42004 11.473433 -22.210644 -45.42004 7.5783405 -23.823309 -45.42004 7.5783405 -23.823309 -45.42004 7.2640362 -23.920593 -36.200531 7.2640362 -23.920593 -36.200531 5.8796139 -23.939302 -36.200531 5.8796139 -23.939302 -36.200531 5.8796139 -23.939302 -36.200531 5.7000141 -23.980461 -34.868492 8.7345181 -23.052523 -35.590637 7.462347 -23.494041 -35.512062 7.462347 -23.494041 -35.512062 8.7345181 -23.052523 -35.590637 9.3855724 -22.794346 -35.512062 9.3855724 -22.794346 -35.512062 10.257383 -22.416437 -35.261368 10.257383 -22.416437 -35.261368 10.257383 -22.416437 -35.261368 10.010435 -21.930017 -35.283817 10.010435 -21.930017 -35.283817 10.586653 -21.585783 -35.003193 10.586653 -21.585783 -35.003193 10.508078 -21.481016 -34.950809 10.508078 -21.481016 -34.950809 11.144163 -21.159231 -34.539223 11.144163 -21.159231 -34.539223 11.7129 -20.848671 -34.034096 11.7129 -20.848671 -34.034096 12.210543 -20.564304 -33.442909 12.210543 -20.564304 -33.442909 12.734381 -20.395927 -32.810566 12.734381 -20.395927 -32.810566 12.790503 -20.485729 -32.810566 13.123514 -20.283676 -32.088421 13.254473 -20.205101 -31.717995 13.370466 -20.130268 -31.302666 13.512648 -20.040466 -30.516914 13.561293 -20.006792 -29.701225 13.437815 -20.53437 -27.852835 12.670771 -20.97963 -26.172819 12.539812 -20.635395 -26.169077 12.483686 -21.084396 -25.907158 11.611876 -21.559591 -24.975479 11.084295 -21.828993 -24.590086 11.084295 -21.828993 -24.590086 11.611876 -21.559591 -24.975479 12.483686 -21.084396 -25.907158 12.670771 -20.97963 -26.172819 13.437815 -20.53437 -27.852835 12.917723 -20.874863 -28.455246 12.917723 -20.874863 -28.455246 13.703474 -20.395927 -29.701225 13.703474 -20.395927 -29.701225 13.018747 -20.826221 -29.053915 13.018747 -20.826221 -29.053915 12.951395 -20.972147 -28.455246 12.45001 -21.275223 -27.063339 12.45001 -21.275223 -27.063339 13.048681 -20.912279 -29.053915 13.048681 -20.912279 -29.053915 12.951395 -20.972147 -28.455246 14.260984 -20.107819 -18.00098 14.260984 -20.107819 -18.00098 14.260984 -20.107819 -18.00098 14.260984 -20.107819 -18.00098 17.766943 -17.08828 -36.200531 17.766943 -17.08828 -36.200531 17.766943 -17.08828 -36.200531 15.301172 -19.771067 -36.200531 15.301172 -19.771067 -36.200531 11.473433 -22.210644 -36.200531 11.473433 -22.210644 -36.200531 10.249903 -22.416437 -36.200531 10.249903 -22.416437 -36.200531 10.414534 -22.341602 -35.197762 10.414534 -22.341602 -35.197762 10.960821 -21.484756 -34.808624 11.233965 -21.260256 -34.587864 11.810183 -20.942213 -34.078995 11.810183 -20.942213 -34.078995 12.31531 -20.654102 -33.48407 12.363951 -20.73642 -33.48407 12.678255 -20.553078 -33.012615 12.955137 -20.942213 -32.810566 12.955137 -20.942213 -32.810566 13.407881 -20.631653 -31.717995 13.407881 -20.631653 -31.717995 13.568773 -20.511921 -31.078165 13.370466 -20.130268 -31.302666 13.695993 -20.407152 -30.019268 13.695993 -20.407152 -30.019268 13.568773 -20.511921 -31.078165 13.037455 -20.837446 -30.195129 13.037455 -20.837446 -30.195129 13.037455 -20.837446 -30.195129 13.071131 -20.897312 -30.064169 13.071131 -20.897312 -30.064169 13.071131 -20.897312 -30.064169 12.708189 -21.121815 -31.762894 12.708189 -21.121815 -31.762894 12.902754 -21.002079 -31.149258 12.902754 -21.002079 -31.149258 14.260984 -20.107819 -36.200531 14.260984 -20.107819 -36.200531 11.144163 -21.986143 -34.808624 11.144163 -21.986143 -34.808624 11.271379 -21.327606 -34.591606 11.522074 -21.196648 -34.389557 11.522074 -21.196648 -34.389557 12.35647 -20.740162 -33.49155 12.35647 -20.740162 -33.49155 11.522074 -21.196648 -34.389557 12.528585 -21.211615 -33.49155 12.528585 -21.211615 -33.49155 12.69322 -21.080656 -31.759151 12.884047 -20.949696 -31.149258 12.884047 -20.949696 -31.149258 12.69322 -21.080656 -31.759151 12.027201 -21.492241 -33.005135 12.027201 -21.492241 -33.005135 12.034685 -21.51469 -33.005135 12.034685 -21.51469 -33.005135 11.873793 -21.60075 -34.239887 11.873793 -21.60075 -34.239887 11.873793 -21.60075 -34.239887 11.282606 -21.915051 -34.236145 11.282606 -21.915051 -34.236145 11.282606 -21.915051 -34.236145 10.683935 -22.214386 -34.232407 10.683935 -22.214386 -34.232407 10.683935 -22.214386 -34.232407 11.843859 -21.60075 -33.24086 11.843859 -21.60075 -33.24086 11.843859 -21.60075 -33.24086 11.929918 -21.570816 -33.139832 11.929918 -21.570816 -33.139832 11.929918 -21.570816 -33.139832 11.929918 -21.570816 -33.139832 -21.59557 -18.13221 -39.949699 -21.045542 -18.768295 -38.969376 -21.790136 -17.900225 -41.199421 -20.233597 -19.643848 -38.482956 -21.704077 -18.001251 -42.041298 -21.614277 -18.109758 -42.393017 -21.2663 -18.517601 -43.145096 -21.116632 -18.68972 -43.350887 -20.544155 -19.318321 -43.811115 -19.646152 -20.231293 -43.919624 -19.316883 -20.541853 -38.591465 -18.692022 -21.11433 -39.051693 -18.13451 -21.597008 -42.449142 -18.770597 -21.04698 -43.429462 -17.902527 -21.791576 -41.199421 -18.003551 -21.705517 -40.35754 -18.112061 -21.615717 -40.005821 -18.516163 -21.26774 -39.253746 18.133627 -21.597008 -39.949699 18.769716 -21.04698 -38.969376 17.901644 -21.791576 -41.199421 19.645269 -20.231293 -38.482956 18.002668 -21.705517 -42.041298 18.111177 -21.615717 -42.393017 18.519022 -21.26774 -43.145096 18.691141 -21.11433 -43.350887 19.319742 -20.541853 -43.811115 20.232714 -19.643848 -43.919624 20.543272 -19.318321 -38.591465 21.115751 -18.68972 -39.051693 21.598429 -18.13221 -42.449142 21.044657 -18.768295 -43.429462 21.789255 -17.900225 -41.199421 21.706938 -18.001251 -40.35754 21.613394 -18.109758 -40.005821 21.269159 -18.517601 -39.253746 -2.4493732 -28.092571 -39.949699 -1.6112366 -28.152437 -38.969376 -2.7487087 -28.06638 -41.199421 -0.41389656 -28.197338 -38.482956 -2.6177483 -28.077604 -42.041298 -2.4793072 -28.092571 -42.393017 -1.9442463 -28.13373 -43.145096 -1.7160034 -28.148697 -43.350887 -0.86664009 -28.186113 -43.811115 0.41675568 -28.197338 -43.919624 0.8657589 -28.186113 -38.591465 1.7151203 -28.148697 -39.051693 2.4484901 -28.092571 -42.449142 1.6103535 -28.152437 -43.429462 2.7515678 -28.06638 -41.199421 2.6168671 -28.077604 -40.35754 2.4784241 -28.092571 -40.005821 1.9433632 -28.13373 -39.253746 2.4484901 28.092552 -39.949699 1.6103535 28.15242 -38.969376 2.7515678 28.06636 -41.199421 0.41675568 28.197319 -38.482956 2.6168671 28.077583 -42.041298 2.4784241 28.092552 -42.393017 1.9433632 28.133709 -43.145096 1.7151203 28.148678 -43.350887 0.8657589 28.186092 -43.811115 -0.41389656 28.197319 -43.919624 -0.86664009 28.186092 -38.591465 -1.7160034 28.148678 -39.051693 -2.4493732 28.092552 -42.449142 -1.6112366 28.15242 -43.429462 -2.7487087 28.06636 -41.199421 -2.6177483 28.077583 -40.35754 -2.4793072 28.092552 -40.005821 -1.9442463 28.133709 -39.253746 -21.59557 18.132191 -42.449142 -21.045542 18.768276 -43.429462 -21.790136 17.900204 -41.199421 -20.233597 19.643829 -43.919624 -21.704077 18.004971 -40.35754 -21.614277 18.109737 -40.005821 -21.2663 18.517582 -39.253746 -21.116632 18.689701 -39.051693 -20.544155 19.318302 -38.591465 -19.646152 20.231274 -38.482956 -19.316883 20.541832 -43.811115 -18.692022 21.114311 -43.350887 -18.13451 21.596989 -39.949699 -18.770597 21.046963 -38.969376 -17.902527 21.791557 -41.199421 -18.003551 21.705498 -42.041298 -18.112061 21.615696 -42.393017 -18.516163 21.267719 -43.145096 18.133627 21.596989 -42.449142 18.769716 21.046963 -43.429462 17.901644 21.791557 -41.199421 19.645269 20.231274 -43.919624 18.002668 21.705498 -40.35754 18.111177 21.615696 -40.005821 18.519022 21.267719 -39.253746 18.691141 21.114311 -39.051693 19.319742 20.541832 -38.591465 20.232714 19.643829 -38.482956 20.543272 19.318302 -43.811115 21.115751 18.689701 -43.350887 21.598429 18.132191 -39.949699 21.044657 18.768276 -38.969376 21.789255 17.900204 -41.199421 21.706938 18.004971 -42.041298 21.613394 18.109737 -42.393017 21.269159 18.517582 -43.145096 </float_array>
          <technique_common>
            <accessor count="11791" offset="0" source="#meshId0-positions-array" stride="3">
              <param name="X" type="float" />
              <param name="Y" type="float" />
              <param name="Z" type="float" />
            </accessor>
          </technique_common>
        </source>
        <source id="meshId0-normals" name="meshId0-normals">
          <float_array id="meshId0-normals-array" count="35373"> 0.20543626 0.97138381 -0.11920377 0.54392028 0.79544425 -0.26724413 0.59732723 0.70293194 -0.38611761 0.66065484 0.68965906 -0.29648903 0.88894367 0.45537901 -0.049082752 0.88894367 0.45537901 -0.049082752 0.74641854 0.66348296 -0.051477108 0.86588645 0.47123072 -0.16787593 0.73128378 0.6575408 -0.18128468 0.82691079 0.50172108 -0.2539576 0.82544678 0.42224768 -0.37462583 0.73705822 0.43298033 -0.51891547 -0.11964425 0.11725138 -0.98586887 0.079932734 0.17682067 -0.9809919 -0.11116508 0.29114693 -0.95019776 0.01595095 0.44928217 -0.89324754 0.23591313 0.26399809 -0.93522722 0.15103635 0.52418506 -0.83810389 0.28751013 0.5276283 -0.79934126 0.3903628 0.27839833 -0.87755978 0.44696835 0.50987518 -0.7350148 0.49933448 0.32122782 -0.80466002 0.61894512 0.33553326 -0.71015793 0.6893025 0.465112 -0.55545747 0.61533773 0.39037544 -0.68481129 0.4369261 0.75887132 -0.48291814 0.67628783 0.37608194 -0.63340122 0.49962881 0.77864236 -0.37958819 0.19088572 0.96488816 -0.18042627 0.067456566 0.99386084 -0.087693609 0.055245452 0.98981434 -0.13120794 -0.10798007 0.99385744 -0.024240468 -0.097353145 0.99516529 -0.012980367 0.079127796 0.995691 -0.048355874 0.21264149 0.97521788 -0.061103866 0.56986177 0.80680442 -0.15596223 0.21466023 0.97658622 -0.014153441 0.58180273 0.8128534 -0.027837425 0.21541943 0.97543818 0.045988373 0.57768488 0.81164742 0.086652763 0.6470449 0.75586599 0.099997818 0.84755999 0.49715525 0.18568453 0.84680802 0.52677703 0.073635556 0.84680802 0.52677703 0.073635556 0.87630528 0.45846435 0.14798529 0.8691982 0.42399916 0.25439942 0.82085317 0.4358792 0.36906564 0.85670918 0.36627409 0.36317009 0.91155028 0.3914634 0.12582754 0.89321715 0.36324176 0.26498789 0.91508305 0.3949019 0.081703864 0.92187762 0.38734347 -0.0103292 0.89976263 0.36755013 -0.23523207 0.92014027 0.36358124 -0.14543255 0.88175678 0.37444472 -0.28687295 0.86017007 0.34963745 -0.37129641 0.81583738 0.23486234 -0.52844024 0.25051811 0.092027031 0.96372795 -0.3409377 0.94008589 0 -0.92530489 -0.35631144 0.1298189 -0.3409377 0.94008589 0 0.030350141 -0.0040466692 0.99953109 -0.3409377 0.94008589 0 -0.25106385 -0.12553193 0.95979625 -0.3409377 0.94008589 0 -0.64367402 -0.24295545 0.72571099 -0.3409377 0.94008589 0 -0.39535382 -0.19186287 0.89826721 -0.3409377 0.94008589 0 -0.76757276 -0.30063269 0.56608492 -0.3409377 0.94008589 0 -0.3409377 0.94008589 0 -0.88764071 -0.34602934 0.303904 -0.91787046 -0.36149973 0.16380455 -0.98481691 0.16492152 -0.054188576 -0.91568589 -0.36115563 -0.17631221 -0.93898821 -0.34145021 -0.041387908 -0.3409377 0.94008589 0 -0.93898821 -0.34145021 -0.041387908 -0.3409377 0.94008589 0 -0.9066304 -0.34510449 -0.24274294 -0.89273995 0.18029279 -0.41292861 -0.82431239 -0.32846165 -0.46110958 -0.3409377 0.94008589 0 -0.81644988 -0.30262238 -0.49176139 -0.3409377 0.94008589 0 -0.70899278 -0.28552195 -0.64483052 -0.63311982 0.29245645 -0.71667886 -0.59520203 -0.23808084 -0.76749724 -0.3409377 0.94008589 0 -0.61073422 -0.22123535 -0.76030165 -0.45142958 -0.18293227 -0.87335396 -0.3409377 0.94008589 0 -0.02093327 -0.050239887 -0.99851781 -0.3409377 0.94008589 0 -0.26381263 -0.098283149 -0.95955366 -0.3409377 0.94008589 0 -0.3409377 0.94008589 0 0.46928915 0.161318 0.86818451 -0.3409377 0.94008589 0 0.79560208 0.28098658 0.53671587 0.59909695 0.22778147 0.76759267 -0.3409377 0.94008589 0 0.75680298 0.26282275 0.59847599 0.71555901 0.25012904 0.65223521 0.45965141 0.65424818 0.60056627 0.71555901 0.25012904 0.65223521 0.30650744 0.61946768 0.72271228 0.54723376 0.19153184 0.81477034 0.34833464 0.11157579 0.93070608 0.14228047 0.54837275 0.82404101 0.13119861 0.03393067 0.99077523 -0.1539865 -0.071070708 0.98551363 -0.45234802 -0.18626097 0.87217432 -0.74817199 0.21821676 0.62659413 -0.67949897 -0.24335551 0.692141 -0.80612171 -0.314197 0.50144583 -0.90651709 0.18418124 0.37987378 -0.95862591 0.22837085 0.16995032 -0.97457576 0.22343937 -0.016639182 -0.94663864 0.25717935 -0.19425257 -0.90595585 0.25214306 -0.34009987 -0.79623723 0.28437045 -0.5339846 -0.66919529 0.33622989 -0.66266668 -0.51929599 0.41083542 -0.74936372 -0.37739757 0.44456169 -0.81236446 -0.024982637 0.57737476 -0.81609696 -0.1776972 0.53610319 -0.82523751 -0.25123957 0.42680466 -0.86874419 -0.16763534 -0.092320912 -0.98151684 0.10356066 0.0043150107 -0.99461383 -0.3409377 0.94008589 0 0.31905249 0.08437752 -0.94397354 -0.3409377 0.94008589 0 0.88479269 0.31405598 0.34425375 -0.3409377 0.94008589 0 0.61413056 0.22133628 -0.7575314 -0.3409377 0.94008589 0 0.49219164 0.16900566 -0.85392296 -0.3409377 0.94008589 0 0.69678473 0.2608965 -0.66814965 0.79872751 0.28413239 -0.53038037 -0.3409377 0.94008589 0 0.88937032 0.3094767 -0.33651847 -0.3409377 0.94008589 0 0.93485445 0.31530592 -0.16318472 -0.3409377 0.94008589 0 0.93898821 0.34145021 0.041387908 -0.3409377 0.94008589 0 -0.3409377 0.94008589 0 0.9255054 0.31512612 0.21008413 0.875655 0.29796591 0.38005865 0.57496387 0.735039 0.35935244 0.52042222 0.76762277 0.37405342 0.44076228 0.72908062 0.52361244 0.32173902 0.67597699 0.66297752 0.1542137 0.62895012 0.76199728 -0.0081940908 0.55720031 0.83033764 -0.041211136 0.49453345 0.86818105 -0.192826 0.50616884 0.84060174 -0.27686194 0.40768665 0.87013733 -0.49092329 0.37142211 0.78806084 -0.38067374 0.44145375 0.8125307 -0.53937423 0.37919629 0.75185478 -0.59351045 0.28399169 0.75305647 -0.6920349 0.30721182 0.65322936 -0.81791568 0.26847628 0.50885594 -0.90714276 0.2487326 0.33944687 -0.86961818 0.46982723 0.15174539 -0.8857671 0.46409953 0.0053039743 -0.87095672 0.47031659 -0.14225625 -0.82707161 0.48688 -0.28089234 -0.7547639 0.51192695 -0.41019785 -0.65426755 0.54971963 -0.51936716 -0.53483176 0.59237695 -0.60253191 -0.40177619 0.64084947 -0.65413129 -0.25739726 0.69274795 -0.6736815 -0.11583202 0.74548352 -0.65638191 0.019461807 0.79515344 -0.60609591 0.15803714 0.66557974 -0.72940242 0.10782218 0.55950999 -0.82178032 0.20224719 0.065791309 -0.97712207 0.31996977 0.5914591 -0.74013203 0.45250863 0.15083615 -0.8789109 0.64699036 0.24301594 -0.72273564 0.48054552 0.66537046 -0.57127774 0.64699036 0.24301594 -0.72273564 0.59184253 0.73167342 -0.33819571 0.87542838 0.29484913 -0.38299996 0.94546658 0.32524046 0.017648641 0.63638306 0.77137315 0 0.57946849 0.79102039 0.19622211 0.32120711 0.90468413 0.27995113 0.24951956 0.87782723 0.40885097 0.14763397 0.84151381 0.51967168 0.027952988 0.7966584 0.60378307 -0.10631869 0.75013775 0.65267891 -0.24683917 0.69621301 0.6740607 -0.39083791 0.64587593 0.6558125 -0.52429241 0.59532547 0.60885555 -0.64808297 0.5501954 0.52656746 -0.74715126 0.51675224 0.41800976 -0.82361007 0.48852926 0.28810701 -0.64886755 0.75652713 0.081472196 -0.65692323 0.75393718 0.0055436343 -0.65122795 0.75542456 -0.07235875 -0.62872851 0.76410073 -0.14439698 -0.58916211 0.77831417 -0.21705964 -0.53584045 0.79745686 -0.27737638 -0.4736295 0.8209576 -0.31891039 -0.40006056 0.84700328 -0.35005301 -0.32685038 0.8736378 -0.36045209 -0.24996212 0.90280455 -0.34994715 -0.17633229 0.92924321 -0.32467526 -0.11077628 0.95214868 -0.28485337 0.14141339 0.83964205 -0.52440798 0.31090763 0.68011045 -0.66391742 0.43469769 0.75084132 -0.49726775 0.52274102 0.76950085 -0.36689276 0.5833959 0.79499012 -0.16625272 0.6029942 0.79750836 0.01945135 0.3653563 0.92036337 0.13944897 -0.0089699961 0.9889459 0.14800549 -0.048517793 0.9752084 0.21590441 -0.10163862 0.95644617 0.27364272 -0.16374181 0.93249547 0.32193291 -0.23674375 0.90605718 0.35073185 -0.31299752 0.87821662 0.3616187 -0.38963127 0.85095465 0.35222664 -0.46110958 0.82431233 0.32846174 -0.52677184 0.80119807 0.28388914 -0.58182645 0.78095442 0.22713023 -0.62352997 0.76579165 0.15739587 -0.42363471 0.9055196 0.023829531 -0.42830935 0.90362841 0.0026116327 -0.42483458 0.90508258 -0.018471163 -0.42117167 0.90631866 -0.034653395 -0.41178316 0.90969074 -0.053827815 -0.408066 0.90924788 -0.082160972 -0.38180557 0.9206658 -0.081235237 -0.36395544 0.92741233 -0.086270913 -0.3436777 0.9343738 -0.093974344 -0.32368037 0.94185662 -0.090205967 -0.29797477 0.94929993 -0.10020382 -0.28890845 0.95442969 -0.074806683 -0.27354395 0.9599368 -0.060787633 -0.056483716 0.97250342 -0.22593516 0.24360156 0.87516117 -0.41803238 0.31595337 0.90356737 -0.28937778 0.36436883 0.91933036 -0.14855038 0.37932649 0.92524868 -0.0051260125 0.012704847 0.99732417 0.071993664 -0.26149881 0.96458572 0.03453761 -0.26930952 0.96146053 0.055372167 -0.27243242 0.95865345 0.082243733 -0.29952484 0.95066595 0.080741495 -0.31732607 0.94404477 0.08990901 -0.33723009 0.93675017 0.093674988 -0.35584161 0.93004078 0.091656163 -0.38126582 0.91887796 0.10148796 -0.39221433 0.91697001 0.073033065 -0.40717372 0.91142213 0.059323438 -0.41765463 0.90759557 0.042836372 -0.42801297 0.90358341 0.018494485 -0.42830935 0.90362841 0.0026116327 -0.42817569 0.90363443 -0.010507338 -0.42339832 0.90537995 -0.031954627 -0.40948346 0.91056174 -0.056573313 -0.38629219 0.92012674 -0.064382128 -0.37046379 0.92480743 -0.086531691 -0.3436777 0.9343738 -0.093974344 -0.32049981 0.94295782 -0.090057753 -0.30299592 0.95042324 -0.069922194 -0.27479133 0.95922542 -0.066153534 -0.2603648 0.96458972 -0.042154294 -0.2633031 0.96378845 -0.042227838 -0.013616737 0.98720717 -0.15886088 0.010668915 0.99647439 -0.083217353 0.020075956 0.9997803 -0.0060227504 -0.25445661 0.9669354 0.016963862 -0.25798985 0.9656195 0.031941637 -0.26992407 0.96113193 0.058021173 -0.29546386 0.95319223 0.064231351 -0.31099933 0.94617623 0.089609973 -0.33723009 0.93675017 0.093674988 -0.36234608 0.92749804 0.091938548 -0.37833697 0.92303526 0.069764346 -0.40578344 0.91166025 0.064925447 -0.41990775 0.90667969 0.040118583 -0.61181474 0.78110361 0.12473903 -0.65786958 0.75020218 0.066364139 -0.68320465 0.73022699 0 -0.629237 0.77510554 -0.057203315 -0.64288878 0.75154597 -0.14789458 -0.57138163 0.78875524 -0.22668958 -0.51365453 0.80218893 -0.3043879 -0.41541678 0.82766277 -0.37736356 -0.31100518 0.88470399 -0.34723872 -0.22513942 0.91498965 -0.33482265 -0.13562898 0.94126469 -0.30923393 -0.024316991 0.96781993 -0.25046605 -0.033798728 0.99143106 -0.1261822 0.021225732 0.99760705 -0.065799624 -0.25445661 0.9669354 -0.016963862 -0.25621867 0.9663108 -0.024401842 -0.25378546 0.96725756 -0.0023941929 -0.25328729 0.96731591 0.01206125 -0.01464997 0.99829465 0.056507286 0.011237298 0.9888739 0.14833108 -0.069410443 0.97174788 0.22558436 -0.12052483 0.94545013 0.30265117 -0.21333276 0.90008855 0.37990749 -0.33195168 0.8770833 0.34717879 -0.4159236 0.8443563 0.33774257 -0.50065976 0.80802679 0.31053576 -0.60158449 0.75906736 0.24882293 -0.70238578 0.56257451 0.43607834 -0.78721178 0.51409751 0.34058967 -0.88610768 0.16560052 0.43288532 -0.75887281 0.62368912 0.18741398 -0.83849204 0.53903067 0.079856433 -0.86562079 0.50043696 -0.016230326 -0.82537359 0.55698287 -0.092349492 -0.81799626 0.5205431 -0.2447792 -0.7365846 0.59766728 -0.31660211 -0.687473 0.57734382 -0.44051662 -0.56718886 0.64146376 -0.5165472 -0.45568618 0.66677612 -0.58971155 -0.37048385 0.72785324 -0.5770368 -0.28115016 0.73801923 -0.61341852 -0.18913598 0.79925239 -0.57045883 -0.07446789 0.81628388 -0.57283086 0.076049149 0.86188972 -0.50136071 0.1754078 0.88288617 -0.4355962 0.57280856 0.69602895 -0.43293664 0.19068572 0.93099523 -0.31126648 0.57280856 0.69602895 -0.43293664 0.17969546 0.96618843 -0.18490401 0.29641598 0.95165145 -0.080604367 0.089132681 0.99567813 -0.02608767 -0.25319976 0.96741396 0 0.026624339 0.99943572 0.020480288 0.34272251 0.93931323 0.015232049 0.27427572 0.95737725 0.090562686 0.29187101 0.92425781 0.24608716 0.17889871 0.93083233 0.3186633 0.15630664 0.88573694 0.43707928 0.021823248 0.85656577 0.51557618 -0.077749647 0.80341434 0.59032232 -0.18260384 0.79736984 0.57520199 -0.25984648 0.74468213 0.61475879 -0.36658314 0.73316628 0.57278615 -0.46602583 0.67389375 0.57331258 -0.61111361 0.61111343 0.50307125 -0.73832554 0.53396755 0.41201207 -0.61772794 0.77365923 0.14093794 -0.8770501 0.46432063 0.12324566 -0.8751179 0.32016522 0.36285394 -0.89853758 0.43869764 0.013213736 -0.89588243 0.41635567 -0.1550567 -0.79987937 0.43864352 -0.40961564 -0.65410405 0.51249385 -0.5563255 -0.50655729 0.59773767 -0.62137711 -0.34266722 0.61353773 -0.71144271 -0.12884472 0.69216609 -0.71014446 0.0082936864 0.78513873 -0.6192643 0.1018713 0.8149699 -0.57047904 0.12922664 0.87874097 -0.45947242 0.25056094 0.87243521 -0.41961423 0.37386936 0.91944194 -0.12185378 0.46431211 0.80694246 -0.36504537 0.46431211 0.80694246 -0.36504537 0.4070721 0.9133029 -0.013047214 0.41890961 0.89520365 0.15206981 0.33271399 0.85199642 0.40423188 0.17199038 0.81167442 0.55821484 0.0027539537 0.7848798 0.6196419 -0.13207006 0.69336867 0.70837665 -0.34634408 0.61427087 0.70902544 -0.51008558 0.5945369 0.62156141 -0.60301572 0.55897522 0.56913859 -0.63955605 0.64621806 0.41637766 -0.50616878 0.84060174 -0.1928262 -0.60648638 0.30969515 -0.73229992 -0.51993883 0.73188841 -0.44045767 -0.47882956 0.74631369 -0.46231827 -0.60648638 0.30969515 -0.73229992 -0.36208805 0.93032867 -0.058145642 -0.46419814 0.7013064 -0.54100782 -0.43370691 0.68058634 -0.5905087 -0.32066935 0.88335311 -0.34184557 -0.42261317 0.58899629 -0.6888262 -0.33883572 0.92332733 -0.18071237 -0.33883572 0.92332733 -0.18071237 -0.21987443 0.86142629 -0.45782104 -0.33050394 0.94206655 -0.057252765 -0.19962534 0.83782208 -0.50813764 -0.10042107 0.852144 -0.51358175 -0.31421918 0.9478085 -0.054086849 0.28163943 0.63048798 -0.72330093 -0.10773524 0.8817277 -0.4592922 -0.065783061 0.89629418 -0.43855372 0.28163943 0.63048798 -0.72330093 -0.010371533 0.91788417 -0.39671275 0.28163943 0.63048798 -0.72330093 -0.3021872 0.95227057 -0.043169588 0.10522292 0.91100794 -0.39873907 0.023249986 0.92999661 -0.36683205 0.16332769 0.902601 -0.39829063 -0.024858559 0.98982364 -0.14011203 0.2641108 0.85068232 -0.45451626 -0.18157569 0.98050886 -0.075051308 -0.18157569 0.98050886 -0.075051308 0.12416581 0.98616338 -0.10983904 -0.28573424 0.95819491 -0.014779299 0.17410305 0.97746366 -0.11938488 -0.28533271 0.95842546 0.0024387322 0.28308782 0.95908153 0.0048808041 0.17469126 0.98462325 0 0.30889517 0.94762778 0.08115045 -0.034062691 0.99008858 0.13625076 0.4380416 0.89293087 0.10389442 -0.28706449 0.95770669 0.019797631 -0.0067253667 0.98863274 0.1502004 0.057103001 0.96826679 0.24330805 -0.15460977 0.9688887 0.19326241 -0.14070548 0.98000199 0.14070563 -0.14070548 0.98000199 0.14070563 -0.15460977 0.9688887 0.19326241 0.18713689 0.88890022 0.418134 -0.30664083 0.95058626 0.048551422 0.26728711 0.6268515 0.73185712 -0.15460977 0.9688887 0.19326241 0.26728711 0.6268515 0.73185712 -0.071589559 0.89486867 0.44055077 0.26728711 0.6268515 0.73185712 -0.32114753 0.94531369 0.056977909 -0.094970807 0.83746988 0.53816801 -0.11081281 0.88082045 0.46029964 -0.10534916 0.80182451 0.58819979 -0.32066935 0.88335311 0.34184557 -0.054516472 0.72306103 0.68862951 -0.33278 0.92501587 0.18331105 -0.33278 0.92501587 0.18331105 -0.38658813 0.79894906 0.4606843 -0.35255221 0.93400037 0.057881813 -0.38399825 0.7712509 0.50765884 -0.46965814 0.71614575 0.51629114 -0.36762324 0.92831469 0.055540144 -0.61863106 0.30287147 0.72495824 -0.48535997 0.74619973 0.45564416 -0.52361244 0.72908062 0.44076228 -0.61863106 0.30287147 0.72495824 -0.58151704 0.71037626 0.39648911 -0.61863106 0.30287147 0.72495824 -0.38239941 0.92303312 0.042195801 -0.6666711 0.63018674 0.39801276 -0.74884868 0.48163837 0.45524731 -0.4913812 0.86763871 0.075813152 -0.7290082 0.67566597 0.1096475 -0.55576819 0.82942033 0.056423113 -0.39796478 0.91738617 -0.0051683532 -0.8332926 0.5528053 -0.0054463362 -0.76641035 0.64235127 0 -0.84482461 0.52908206 -0.079646803 -0.60996699 0.78039902 -0.13754161 -0.90876859 0.40451279 -0.10251347 -0.4936094 0.86662126 -0.072919644 -0.4936094 0.86662126 -0.072919644 -0.66664422 0.70455766 -0.24327779 -0.50616878 0.84060174 -0.1928262 -0.38696939 0.92135578 -0.036854252 -0.68965906 0.66065484 -0.29648903 -0.60648638 0.30969515 -0.73229992 -0.50616878 0.84060174 -0.1928262 -0.71566743 0.5599435 -0.41747269 -0.37547618 0.9254694 -0.050239738 -0.17713927 0.91140997 0.37142098 -0.36677507 0.92881155 -0.052773342 -0.28234631 0.87436271 0.39467758 -0.35255221 0.93400037 -0.057881813 -0.38856968 0.83400363 0.39172897 -0.33440429 0.94051224 -0.060088374 -0.49051806 0.79829437 0.34945416 -0.32040918 0.94572377 -0.054262787 -0.5759455 0.76686674 0.28319985 -0.30593437 0.95094597 -0.045890134 -0.641325 0.74307364 0.1911642 -0.29408029 0.95513272 -0.035189118 -0.67905658 0.72881526 0.087809078 -0.28706449 0.95770669 -0.019797631 -0.68706739 0.72632843 -0.019630594 -0.2853328 0.95842546 -0.0024387324 -0.6675241 0.73337847 -0.12871547 -0.28573433 0.95819485 0.014779299 -0.61717886 0.7518931 -0.23183379 -0.29272231 0.95572609 0.030022847 -0.54428786 0.77801138 -0.31376588 -0.30218711 0.95227063 0.043169588 -0.45074621 0.81198251 -0.3708266 -0.31421918 0.9478085 0.054086849 -0.34589848 0.85072327 -0.3957577 -0.33126524 0.94162846 0.059993032 -0.23774917 0.88858718 -0.39228594 -0.34702131 0.93590605 0.060465936 -0.13857646 0.92569095 -0.35198426 -0.36443597 0.92957562 0.055457588 -0.050628405 0.9568761 -0.28605026 -0.37779301 0.92466819 0.047554344 0.013949468 0.98110628 -0.19296639 -0.38924053 0.92050141 0.034190081 0.051069148 0.99473798 -0.08881589 -0.3963699 0.91790944 0.018253971 0.061184861 0.99794585 0.018988326 -0.39702734 0.91780329 0.0025780892 0.040901788 0.99073255 0.12952244 -0.39764684 0.91744649 -0.012994943 -0.0095102778 0.97242963 0.23300266 -0.39058936 0.92011333 -0.028835511 -0.38010076 0.92385602 -0.044872995 -0.084238075 0.9450478 0.31589347 0.045656737 0.69341165 0.71909368 -0.14474794 0.92416024 0.35351911 -0.15401527 0.61908114 0.77007651 -0.24463226 0.88604623 0.39379826 -0.36133334 0.54688329 0.7552197 -0.35323021 0.84712738 0.39699328 -0.55665529 0.47617507 0.68072915 -0.45753732 0.80948913 0.36794955 -0.72409046 0.41329375 0.5521605 -0.72409046 0.41329375 0.5521605 -0.54985768 0.77683371 0.30689728 -0.85124409 0.36793721 0.3741734 -0.62192047 0.75005496 0.22501658 -0.92378241 0.34078568 0.17461744 -0.66943264 0.73219192 0.12551869 -0.94123137 0.33523306 -0.041259456 -0.68857884 0.724967 0.01679454 -0.90158856 0.35061783 -0.25338778 -0.67856413 0.72850174 -0.094000228 -0.80590826 0.3852948 -0.44951063 -0.63797885 0.7432763 -0.20130399 -0.66188163 0.43791157 -0.60839641 -0.57062244 0.76826823 -0.29009306 -0.48319632 0.50319082 -0.7164638 -0.48383272 0.8010475 -0.35246092 -0.27958506 0.57505536 -0.76885861 -0.38116524 0.83793348 -0.39061567 -0.072358757 0.65122813 -0.75542456 -0.27567792 0.87550437 -0.39685491 0.12238587 0.72237515 -0.68058491 -0.17070484 0.91327065 -0.36986038 0.28889766 0.78415054 -0.54922295 0.28889766 0.78415054 -0.54922295 -0.07848531 0.94705677 -0.31132537 0.41482094 0.82964164 -0.37365547 -0.0047167921 0.97402132 -0.22640689 0.48717904 0.85553402 -0.17526571 0.04309791 0.99125087 -0.12475699 0.50640297 0.86143571 0.038530689 0.061058544 0.99799204 -0.016843747 0.46649265 0.84705228 0.25472945 0.051274758 0.99428564 0.093632326 0.3708266 0.81198251 0.45074621 0.009308652 0.97972435 0.20013367 -0.05604203 0.95526296 0.29039988 0.22812174 0.75936383 0.609366 0.24047042 0.38594019 0.89063132 0.10970165 0.71750724 0.6878581 0.07935416 0.26877958 0.95992726 -0.12196053 0.6365751 0.76151025 -0.29633969 0.23365235 0.92606121 -0.27631015 0.58120441 0.76541108 -0.49941275 0.33934474 0.79713988 -0.58180267 0.027837513 0.81285352 -0.49941275 0.33934474 0.79713988 -0.64506328 0.0055370023 0.76410919 -0.79713982 0.3393448 0.49941301 -0.77756542 -0.04540528 0.62716049 -0.67428935 0.43394852 0.59751374 -0.77210969 0.39419964 0.49845076 -0.83930796 -0.064997017 0.53975701 -0.84939873 0.37161213 0.37473491 -0.84939873 0.37161213 0.37473491 -0.8779248 0.36757413 0.30681795 -0.97430563 -0.11551048 0.1933545 -0.90518582 0.3485992 0.2431405 -0.99273217 -0.12026492 -0.0043732529 -0.94164473 0.33520502 0.030705845 -0.97287256 -0.11341782 -0.20163162 -0.91266602 0.34658206 -0.21661383 -0.84141523 -0.064941458 -0.5364728 -0.83949405 0.36157978 -0.40559822 -0.61404765 0.016670998 -0.78909296 -0.73132026 0.39860252 -0.55343169 -0.42901808 0.14014593 -0.89235783 -0.54624528 0.47922137 -0.68699569 -0.23521361 0.15592811 -0.95935446 -0.3150669 0.56583446 -0.76194757 0.078002885 0.37118647 -0.92527622 -0.16071747 0.62467569 -0.76416641 0.16614495 0.57999688 -0.79749572 0.42892128 0.39371145 -0.81303006 0.16614495 0.57999688 -0.79749572 0.49141252 0.41933867 -0.76332742 0.39080483 0.77183956 -0.50153279 0.62484735 0.46359661 -0.62820697 0.23820712 0.76477003 -0.59865201 0.33934453 0.79713988 -0.49941295 0.68437505 0.48979777 -0.54011947 0.41111058 0.83170807 -0.37316185 0.82035053 0.53778529 -0.19445345 0.46093667 0.84812337 -0.26119748 0.83743596 0.54650837 0.0054378747 0.50619233 0.86189526 -0.03009798 0.8181957 0.53732252 0.20454888 0.47832909 0.85069925 0.21797265 0.68738949 0.48955539 0.53649908 0.41196397 0.81754094 0.40238345 0.30367562 0.77357364 0.55620587 0.46049318 0.40860662 0.78802699 0.47969848 0.41443342 0.77339149 0.60126406 0.080939434 0.79494041 0.37161207 0.37473467 0.84939879 0.18079184 0.41990358 0.88937908 0.077054419 0.34541622 0.93528086 -0.14823474 0.18657149 0.97119379 -0.22812174 0.609366 0.75936383 -0.01675762 0.23460756 0.97194576 -0.23471405 0.15295984 0.9599545 -0.39616495 0.19516942 0.89719683 -0.51541239 0.052934207 0.85530579 -0.62364209 0.011086929 0.78163147 -0.62364209 0.011086929 0.78163147 -0.79713982 0.3393448 0.49941301 -0.70560563 -0.016800068 0.70840561 -0.83930796 -0.064997017 0.53975701 -0.79713982 0.3393448 0.49941301 -0.94354385 -0.10394984 0.31451467 -0.8779248 0.36757413 0.30681795 -0.89186972 -0.083352335 0.44454566 -0.96791762 -0.11237042 0.22474077 -0.99273217 -0.12026492 -0.0043732529 -0.96616179 -0.1101988 -0.23321152 -0.79503471 -0.45245886 -0.40398112 -0.8884967 -0.083557703 -0.45121145 -0.87853307 0.35262915 -0.32223019 -0.93966889 -0.10173056 -0.32660854 -0.77952391 -0.27885407 -0.56087697 -0.69860476 -0.013972128 -0.71537131 -0.77386761 0.33856702 -0.53525829 -0.65892082 -0.31809965 -0.68164212 -0.634422 0.0083111739 -0.77294225 -0.52614814 0.047325481 -0.84907502 -0.40913329 0.20603839 -0.88890839 -0.27950737 0.21242566 -0.93634981 -0.0071413522 0.23804593 -0.97122765 -0.21437789 0.612064 -0.76119637 -0.13739741 0.19082986 -0.97195983 0.082098603 0.2693857 -0.95952654 0.17978561 0.40596771 -0.89602864 0.36060175 0.37303606 -0.85487449 0.47168249 0.40987587 -0.78071588 0.47168249 0.40987587 -0.78071588 0.39080483 0.77183956 -0.50153279 0.55275321 0.44286847 -0.70592582 0.68437505 0.48979777 -0.54011947 0.39080483 0.77183956 -0.50153279 0.78887177 0.52697897 -0.31618738 0.43541089 0.84594107 -0.30789763 0.73761433 0.50938404 -0.44323021 0.81355637 0.53620762 -0.22496065 0.83743596 0.54650837 0.0054378747 0.81106764 0.53555238 0.2352716 0.73253137 0.50713718 0.45410302 0.44636238 0.83299971 0.32691303 0.7853331 0.52569222 0.32695487 0.68738949 0.48955539 0.53649908 0.71793342 0.10340599 0.68838859 0.54501915 0.43867376 0.71450651 0.3751986 0.75692201 0.53506553 0.63551408 0.4707512 0.61197639 0.9497838 0.20138688 0.23948695 0.9824214 0.1218885 0.14139073 0.97623372 0.21481924 0.028642593 -0.21992914 -0.31704068 -0.92255974 -0.27379334 -0.25668123 -0.92690456 -0.20239621 -0.1997332 -0.95871913 -0.15322612 -0.20776416 -0.96610332 -0.15322612 -0.20776416 -0.96610332 -0.088285923 -0.1863815 -0.97850269 0.044343431 -0.24635254 -0.96816534 0.044343431 -0.24635254 -0.96816534 0.088457741 -0.14822657 -0.9849894 0.15914755 -0.18224968 -0.97028702 0.24555182 -0.14521886 -0.95844448 0.24902919 -0.070432544 -0.96593153 0.32372129 -0.012547366 -0.94606924 0.39823201 -0.023579517 -0.91698164 0.46560007 -0.08694943 -0.88071358 0.52876514 -0.030293889 -0.84822738 0.52079439 0.050129917 -0.85220891 0.59768289 0.09621235 -0.79593861 0.63948894 0.081389546 -0.76447999 0.71949291 0.016797435 -0.6942966 0.75021023 0.12852213 -0.64858812 0.78264952 0.057127655 -0.61983556 0.80089957 0.15298077 -0.57892734 0.84456956 0.15060502 -0.51382905 0.87323725 0.075568669 -0.48140013 0.9017058 0.088510998 -0.42319319 0.9146952 0.17044015 -0.36644623 0.93891281 0.082221188 -0.33418933 0.95245761 0.11905723 -0.28044581 0.96015811 0.1962755 -0.19892785 0.97838533 0.11641549 -0.17090786 0.9896968 0.13714047 -0.041142114 0.99654275 -0.079637356 0.023676004 0.97865623 -0.14406613 0.14655009 0.95741189 -0.12066015 0.26230457 0.95126092 0.088854022 0.29530901 0.89944381 0.16379657 0.40518084 0.90301162 0.076852098 0.4226864 0.85408372 0.08228717 0.51358515 0.81473684 0.14272763 0.56199002 0.76764315 0.13142534 0.62725705 0.7208302 0.0027724134 0.69310606 0.65075117 0.011123908 0.75920957 0.54117006 0.076903164 0.83738935 0.48255762 0.035442118 0.87514687 0.51099098 -0.049988218 0.85813135 0.453529 -0.080689251 0.88758141 0.37845054 -0.020737013 0.92538917 0.2798754 -0.014730301 0.95992327 0.38126573 -0.10148804 0.91887796 0.3115927 -0.11819039 0.94283664 0.3115927 -0.11819039 0.94283664 0.19641557 -0.081021413 0.97716749 0.19572142 -0.094144531 0.97613001 0.12081485 -0.19129021 0.97406971 0.043691989 -0.14257397 0.98881936 -0.0071164668 -0.23246975 0.97257757 -0.10557669 -0.2061258 0.97281325 -0.16033959 -0.28263277 0.94573253 -0.25511813 -0.24110086 0.93636805 -0.32470989 -0.28043127 0.90328383 -0.27768856 -0.26051202 0.92467433 -0.32581851 -0.35322371 0.87696934 -0.32581851 -0.35322371 0.87696934 -0.39748657 -0.29658616 0.86835539 -0.43711996 -0.37649769 0.81680828 -0.54400837 -0.34648165 0.76420242 -0.55050611 -0.36157504 0.75246692 -0.57915264 -0.45528775 0.67623603 -0.64136881 -0.38349879 0.66451091 -0.6574775 -0.45956349 0.59709692 -0.74465889 -0.42175373 0.51730734 -0.70229399 -0.51167142 0.49495003 -0.75422806 -0.51812196 0.40334815 -0.81472081 -0.46464542 0.34689286 -0.79478908 -0.52456069 0.305199 -0.85945189 -0.46139008 0.22014031 -0.8630684 -0.47157347 0.18091816 -0.84621185 -0.53198332 0.030320263 -0.88418692 -0.4663547 -0.026956897 -0.83083385 -0.53812015 -0.1419218 -0.85504389 -0.459472 -0.24038602 -0.82864553 -0.46768242 -0.30760321 -0.73938668 -0.5215317 -0.42580748 -0.7079066 -0.48418137 -0.51423401 -0.67260218 -0.39428407 -0.62621588 -0.55143255 -0.46119806 -0.69513917 -0.50453848 -0.40952808 -0.76008403 -0.51108819 -0.32581875 -0.79538101 -0.44126412 -0.30142686 -0.84523827 -0.38455728 -0.28463295 -0.87812287 -0.29779997 -0.35194531 -0.88738364 -0.12831047 -0.51324171 -0.84859848 -0.0666316 -0.36780646 -0.92751205 0.043631732 -0.46631417 -0.88354248 0.17674519 -0.4565919 -0.87194318 0.25157404 -0.43040383 -0.86686969 0.17693871 -0.21127014 -0.96127915 0.35318744 -0.3048884 -0.88447815 0.39802209 -0.18884259 -0.89772868 0.48687994 -0.28089222 -0.82707161 0.55732518 -0.11088149 -0.82285726 0.61080796 -0.34623331 -0.71206474 0.65635055 -0.084596328 -0.74969816 0.65635055 -0.084596328 -0.74969816 0.70280236 -0.22590075 -0.67456478 0.79749572 -0.16614495 -0.57999688 0.84146863 -0.019186592 -0.53996527 0.87720811 -0.11107507 -0.46708488 0.92204314 -0.14808576 -0.35764098 0.96552783 -0.10500435 -0.23818064 0.98933095 -0.10758683 -0.09823142 0.94818282 -0.3177157 -0.0024821444 0.93062878 -0.3550376 0.088759385 0.92242241 -0.34872076 0.16592361 0.91863722 -0.31677148 0.23613869 0.91977692 -0.13657291 0.36791068 0.85862899 -0.13388795 0.49480325 0.80047661 -0.036513001 0.59825087 0.77803451 -0.19681504 0.59659559 0.68093365 -0.2259319 0.69662338 0.59597975 -0.10862689 0.7956183 0.5692811 -0.24397767 0.78510761 0.45648867 -0.28879902 0.84155405 0.34945491 -0.34638953 0.87057197 0.2013389 -0.21476145 0.95568842 0.23704249 -0.38519403 0.89187241 0.14174773 -0.40256363 0.9043507 -0.0026084585 -0.42516738 0.90511096 -0.091395468 -0.51695508 0.85111946 -0.21027556 -0.42055112 0.88256496 -0.20833726 -0.54535329 0.81190234 -0.34044108 -0.56415951 0.75221264 -0.46832985 -0.50154501 0.72740626 -0.41630834 -0.62945819 0.65610182 -0.51971006 -0.64795011 0.55683208 -0.58296102 -0.68955964 0.42972553 -0.6572234 -0.69890112 0.2821252 -0.76401168 -0.62037754 0.17725068 -0.76401168 -0.62037754 0.17725068 -0.61090696 -0.78076875 0.13112153 -0.80210477 -0.59446764 0.056886815 -0.67565876 -0.7370823 -0.013959924 -0.65572685 -0.7403366 -0.14806733 -0.74815387 -0.5978837 -0.28775147 -0.65454465 -0.70563108 -0.27139649 -0.61565483 -0.69466925 -0.37202668 -0.56641477 -0.65070266 -0.50572753 -0.58568072 -0.53828454 -0.60599327 -0.463377 -0.64805609 -0.60440463 -0.37870982 -0.59605616 -0.70802259 -0.36753216 -0.4538224 -0.8117668 -0.25803399 -0.56956261 -0.78039527 -0.11921405 -0.71826464 -0.68548077 0.013954619 -0.66982424 -0.74238861 0.1474907 -0.62006301 -0.77056372 0.24173832 -0.59963655 -0.76288831 0.33631596 -0.55621511 -0.75994503 0.48583332 -0.49248862 -0.72209471 0.61089993 -0.45985323 -0.64446586 0.7250185 -0.42375511 -0.54293627 0.82782924 -0.38378286 -0.40915695 0.88847232 -0.35718989 -0.28815317 0.9241603 -0.35351917 -0.14474805 0.93644011 -0.32666516 -0.12794386 0.93274152 -0.36031935 0.012777233 0.91511291 -0.38222703 0.12833902 0.89769304 -0.36616433 0.24509379 0.86528736 -0.36951774 0.33872461 0.81625998 -0.36667925 0.44639224 0.74690038 -0.41457912 0.51986903 0.67846698 -0.4445129 0.58488536 0.63136601 -0.43093231 0.64472818 0.56619978 -0.46569109 0.68010998 0.49429819 -0.5043177 0.70804864 0.37970799 -0.5466485 0.74632245 0.27958494 -0.57505548 0.76885861 0.21100828 -0.61440635 0.76025021 0.10937896 -0.64444876 0.7567839 -0.025345981 -0.70405775 0.70969021 -0.12554112 -0.72933364 0.67254132 -0.21465769 -0.75285727 0.62219614 -0.27782369 -0.79242927 0.54301924 -0.35612324 -0.83515638 0.41915384 -0.42442131 -0.85194039 0.30669853 -0.49584612 -0.85752195 0.13708687 -0.5200305 -0.85414344 -0.0026944485 -0.4834117 -0.87070632 -0.090462998 -0.4817113 -0.8599875 -0.16845116 -0.46118319 -0.85211992 -0.24738964 -0.41851848 -0.83703685 -0.35243657 -0.34570792 -0.82145262 -0.45354339 -0.29231098 -0.78479159 -0.5464946 -0.1939858 -0.76362658 -0.61582792 -0.090917706 -0.72440875 -0.68334913 0.081069604 -0.61091703 -0.78753287 0.21011983 -0.58709967 -0.78176957 0.30644038 -0.54265481 -0.78206146 0.48756403 -0.51094037 -0.70796978 0.61293358 -0.48159069 -0.62640464 0.70071834 -0.41843846 -0.57784361 0.80719084 -0.36836082 -0.46125185 0.89432782 -0.3487879 -0.28022274 0.91737735 0.26045421 -0.30096924 0.9337306 -0.27843168 -0.22499532 0.96462357 0.2630792 -0.017051436 0.96315652 -0.26781651 -0.024570301 0.93080944 0.23482421 0.28009155 0.93588281 -0.27179828 0.22416353 0.82989132 -0.38327038 0.40544307 0.72009963 -0.4029915 0.56484884 0.60579962 -0.47790864 0.63608968 0.48015752 -0.51016724 0.7135672 0.32722411 -0.52933311 0.78277129 0.22027914 -0.5832746 0.78183621 0.11520788 -0.61148745 0.78282195 -0.04564856 -0.68758142 0.72467089 -0.13477346 -0.76072121 0.63493258 -0.26519009 -0.77662843 0.57142156 -0.3832711 -0.7987501 0.46379033 -0.45855606 -0.84275174 0.28195009 -0.50982291 -0.85067588 0.12818408 -0.4853873 -0.87423342 -0.01072675 -0.45506468 -0.88150889 -0.12592989 -0.4675315 -0.84950173 -0.24446091 -0.3943179 -0.83595383 -0.38169965 -0.26107222 -0.78636187 -0.55988967 -0.52432728 -0.33775678 -0.78166568 -0.29654443 -0.68011808 -0.67044818 -0.33054593 -0.23776105 -0.9133504 -0.093262754 -0.60620791 -0.789819 -0.073638491 -0.26154351 -0.96237844 0.047645587 -0.55212843 -0.83239663 0.11937432 -0.52699405 -0.84144342 0.040422484 -0.11453039 -0.99259698 0.19771379 -0.47631058 -0.85675991 0.25752783 -0.30382496 -0.91726214 0.55152899 0.16186167 -0.81830102 0.45037255 -0.24648769 -0.85814244 0.59847373 -0.32026425 -0.73434329 0.68717986 0.28578988 -0.6679132 0.70030564 -0.3682358 -0.61153442 0.86544615 -0.25507894 -0.43120483 0.8062219 0.23566492 -0.54264939 0.89007294 0.1932395 -0.41282994 0.94717765 0.24637577 -0.20531315 0.98191071 0.18602146 -0.035320539 0.97096217 0.17420952 0.16396195 0.91234761 0.1739163 0.3706412 0.81466717 0.2518627 0.52238184 0.7887482 0.21651904 0.57532227 0.82313311 -0.27125978 0.49886855 0.61925012 0.078129753 0.78129703 0.68209189 -0.37234968 0.62936985 0.40645686 0.02903269 0.9132086 0.48560119 -0.4298225 0.76121229 0.22244529 -0.15178616 0.96305716 0.31709796 -0.45523944 0.83198923 0.042759482 -0.11477549 0.99247074 0.1785959 -0.48816228 0.85428393 -0.0025815403 -0.40014032 0.91645026 -0.42557111 -0.26142246 0.86634153 -0.15699786 -0.51246494 0.84423411 -0.7109772 -0.22237624 0.66712832 -0.28567186 -0.69973588 0.65479869 -0.76857007 -0.33907515 0.54252011 -0.49992168 -0.75317127 0.42756447 -0.87064004 -0.38796943 0.30243281 -0.53620756 -0.81355649 0.22496065 -0.90803629 -0.4184863 0.018423935 -0.56662482 -0.82367921 0.022112191 -0.86459482 -0.41854945 -0.27801466 -0.54327977 -0.80874604 -0.22533761 -0.45678085 -0.73813146 -0.496501 -0.7437771 -0.34103313 -0.57488441 -0.71692085 -0.23268479 -0.65717739 -0.61602974 -0.30640221 -0.72568941 -0.39208224 -0.34540579 -0.85262322 -0.17859197 -0.31532645 -0.93202686 0.033138458 -0.19646357 -0.97995096 0.22758891 -0.146494 -0.96267486 0.35408691 -0.052457359 -0.9337402 0.4969303 0.072995476 -0.86471486 0.4969303 0.072995476 -0.86471486 0.69092858 0.27509183 -0.66853732 0.5943948 -0.28761038 -0.75098276 0.55152899 0.16186167 -0.81830102 0.71997535 0.26760137 -0.64033198 0.59001327 0.28384435 -0.75585496 0.44699115 0.23255625 -0.86378026 0.30607331 0.16544507 -0.93752182 0.13709489 0.13219851 -0.98169678 -0.02815786 0 -0.99960351 -0.26596841 -0.017080547 -0.96383035 -0.26694664 0.084704243 -0.95998162 -0.36484444 -0.036484465 -0.9303534 -0.42778942 -0.12465394 -0.89524162 -0.46518123 -0.049254458 -0.8838442 -0.59003621 -0.13707913 -0.79565483 -0.57800263 -0.03350744 -0.81534666 -0.67382789 -0.11279941 -0.73022759 -0.70587039 -0.22587852 -0.67136121 -0.75091326 -0.13816807 -0.64578545 -0.73450649 -0.29187819 -0.61262339 -0.79485667 -0.18272573 -0.57863134 -0.86273265 -0.19702543 -0.46569657 -0.84042954 0.067913502 -0.53764856 -0.74316162 0.14802812 -0.65253228 -0.62043476 0.34287187 -0.70533657 -0.53556508 -0.01639487 -0.84433478 -0.3472155 0.20373805 -0.91538638 -0.21292341 0.50493264 -0.83648467 -0.13137303 0.84954536 -0.51089501 -0.15160364 0.70647264 -0.69131225 -0.084798239 0.86494184 -0.49465629 -0.038002886 0.88492578 -0.46417892 0.057127655 0.61983562 -0.78264946 0.015835205 0.90260094 -0.43018699 0.18136005 0.66396189 -0.72543997 0.25295335 0.80258048 -0.54025847 0.25295335 0.80258048 -0.54025847 0.43357065 0.75874847 -0.48612466 0.150939 0.94875944 -0.27761996 -0.0022403714 0.9879775 -0.15458147 -0.12395408 0.99163258 -0.036059365 -0.2451193 0.96809769 0.051994964 -0.21252544 0.97666228 0.031043081 -0.21889555 0.97551334 0.02141377 -0.092078388 0.99573094 -0.0064240461 0.097146422 0.99521154 -0.010794076 0.052652512 0.99829304 0.025273273 0.072695501 0.99570823 0.057275303 0.32625043 0.93488538 0.13982154 0.3535043 0.90983933 0.21731836 0.27261499 0.91645038 0.29291603 0.4780246 0.80945516 0.34099099 0.4780246 0.80945516 0.34099099 0.79638076 0.46751088 0.38368127 0.77766871 0.40022287 0.48482269 0.72404951 0.3457174 0.59685153 0.69513768 0.29285902 0.65651906 0.75559729 0.23514444 0.61137533 0.69890106 0.28212509 0.65722346 0.66673231 0.16135524 0.72762108 0.52162164 -0.013583929 0.85306889 0.33977708 -0.12878647 0.9316467 0.10065389 -0.17430308 0.97953421 -0.081661165 -0.26029468 0.96206969 -0.31043118 -0.1268719 0.94209123 -0.31043118 -0.1268719 0.94209123 -0.46520311 -0.17077085 0.86857557 -0.70782375 -0.23279545 0.66692722 -0.27011901 -0.60379559 0.74997771 -0.52748889 -0.23135486 0.81745362 -0.72806352 -0.26388323 0.63268399 -0.77758855 -0.32774383 0.53660035 -0.80670708 -0.42424428 0.41138846 -0.88494039 -0.41887179 0.20353623 -0.87153602 -0.48904365 0.035517171 -0.85635191 -0.49018767 -0.16241159 -0.80971295 -0.45446339 -0.37125173 -0.78836036 -0.33008584 -0.51916409 -0.88735378 -0.2728014 -0.37172937 -0.91870236 -0.22106278 -0.32728767 -0.93238944 -0.29769057 -0.20501332 -0.93289793 -0.27620539 -0.23111063 -0.93289793 -0.27620539 -0.23111063 -0.95177948 -0.29104003 -0.097013369 -0.95532596 -0.29546171 0.0073865131 -0.96913928 -0.23855735 0.062124301 -0.92938226 -0.30226117 0.21186532 -0.9677791 -0.19407341 0.16043399 -0.8850565 -0.28598765 0.36726829 -0.93505019 -0.23025258 0.269564 -0.98543197 0.032461308 0.16694385 -0.9987222 0.043876879 0.025072556 -0.97308278 -0.19915426 -0.11596325 -0.95107758 0.28611812 -0.11656667 -0.98242146 -0.14139065 -0.1218885 -0.90955728 -0.14406027 -0.38981023 -0.93962795 -0.27994809 -0.19679523 -0.90372509 0.30419502 -0.30124161 -0.81430209 0.51790863 -0.26207417 -0.79829425 0.49051815 -0.34945416 -0.74092209 0.48953778 -0.45976868 -0.66361576 0.51876557 -0.53897721 -0.55498922 0.62267077 -0.55160505 -0.44108683 0.59145737 -0.67499667 -0.28580457 0.68400395 -0.67115885 -0.29501808 0.79305947 -0.5329361 -0.26026723 0.89910525 -0.35195249 -0.16565517 0.9237383 -0.34534901 -0.097515441 0.9487986 -0.30045289 -0.004840327 0.96322876 -0.26863918 -0.15854611 0.98624986 -0.046631161 -0.24734931 0.96691102 0.062462017 -0.47463718 0.85614932 0.20427416 -0.55289364 0.82042271 0.14565475 -0.32276911 0.94506782 0.05164301 -0.69648343 0.7138958 0.072550453 -0.30101663 0.95321959 0.027593246 -0.69873691 0.71537346 -0.0027727548 -0.31697056 0.94843537 0 -0.21271849 0.97710234 0.0046751131 -0.089195356 0.99601424 0 -0.09227366 0.99569672 0.0085835597 -0.10229302 0.99463767 0.015235224 0.070565261 0.99246615 0.10015717 0.076137625 0.98503053 0.15465455 0.014000565 0.98003328 0.19834003 0.19880199 0.92300868 0.32944307 0.40480906 0.74050426 0.53645414 0.42756468 0.75317127 0.49992147 0.65889901 0.41264391 0.62894917 0.55219865 0.39114055 0.73626471 0.65228367 0.3507255 0.67195064 0.55731672 0.27865818 0.782143 0.60099804 0.25937808 0.75599229 0.45724425 0.34610853 0.8192293 0.38678461 0.26085454 0.88450694 0.40944627 0.18004021 0.89439321 0.29708207 0.20179145 0.93328589 0.21211094 0.16235654 0.96366453 0.14146739 0.23577914 0.96145469 -0.032214928 0.15647238 0.98715687 0.063626356 0.061432354 0.99608117 -0.14453332 0.0022235811 0.98949742 -0.27845004 0.068973944 0.95797092 -0.39081272 0.002571126 0.92046654 -0.47283137 -0.035326511 0.88044453 -0.58137083 -0.071597472 0.8104825 -0.65095013 -0.17114192 0.73957717 -0.68114138 -0.13202745 0.72014946 -0.74699634 -0.16769317 0.64333153 -0.78838211 -0.16980547 0.59128654 -0.80534989 -0.26636079 0.52958798 -0.90616155 -0.21201867 0.36594993 -0.88455611 -0.046411883 0.4641189 -0.95361686 0.10770887 0.28109375 -0.79125232 0.60909367 0.05407837 -0.95733368 0.25123402 0.1428068 -0.79332817 0.60876924 0.0055092024 -0.96767801 0.24869072 0.041858833 -0.792216 0.60896319 -0.039469857 -0.9671495 0.24982627 -0.046997003 -0.85609978 0.50443596 -0.11241725 -0.86452973 0.46643016 -0.18716624 -0.65769696 0.74617636 -0.10322595 -0.67981333 0.71057415 -0.18148869 -0.63452959 0.74339491 -0.21150979 -0.5905875 0.76428962 -0.25897416 -0.53904551 0.78464615 -0.30620337 -0.43893337 0.8105852 -0.38767126 -0.34960544 0.88606888 -0.30439776 -0.34179989 0.93316805 -0.11122069 -0.3274498 0.94485527 0.0049992148 -0.19829023 0.96536011 -0.16959028 -0.19231433 0.97861207 -0.07303077 -0.28956425 0.95401084 -0.077561878 -0.26926285 0.96303922 0.0072773467 -0.31062919 0.945162 0.10088802 -0.29104 0.95177948 0.09701328 -0.27735201 0.95647544 0.090722576 -0.27984488 0.95461142 0.10199966 -0.56043309 0.69720531 0.44701192 -0.32386863 0.93285257 0.15778226 -0.3222636 0.93674952 0.13655238 -0.60083032 0.69986808 0.3862479 -0.83173329 0.29704767 0.46902272 -0.62728673 0.69916368 0.34304762 -0.88434118 0.3018229 0.35615119 -0.62494928 0.74428648 0.23553374 -0.92346418 0.30591545 0.23158079 -0.68272364 0.7102778 0.17144643 -0.94513553 0.308833 0.10649423 -0.69612885 0.7108773 0.10028972 -0.95087671 0.3095302 -0.0049524643 -0.69850457 0.71533608 0.019636773 -0.94185674 0.30215639 -0.1469951 -0.69711691 0.71440071 -0.060493555 -0.69784707 0.70962507 -0.097168565 -0.31914282 0.9472971 -0.027861727 -0.2430674 0.96986312 -0.01684634 -0.13216344 0.99122548 -0.002202715 -0.23822434 0.97008854 -0.046662457 -0.23352672 0.97097915 -0.051621631 -0.10913897 0.99338752 0.035637219 -0.1516216 0.98783779 0.034459464 -0.1718466 0.983998 0.04708121 -0.067028366 0.97067165 0.23087588 0.08984901 0.88164347 0.46328393 0.35692462 0.71384925 0.6025148 0.21879178 0.7220124 0.65637499 0.21879178 0.7220124 0.65637499 0.45373541 0.32769755 0.82869685 0.12795512 0.37552035 0.91793889 -0.087355092 0.32294923 0.94237626 -0.1383101 0.52675539 0.83868885 -0.27715251 0.37957838 0.88267028 -0.52354497 0.41488469 0.74415821 -0.40771812 0.22915553 0.88388556 -0.54835725 0.21872687 0.80713248 -0.66987717 0.24330451 0.70147526 -0.67552173 -0.093985632 0.73132569 -0.83659613 0.31959844 0.44493127 -0.78598887 -0.096422412 0.61067533 -0.90363443 -0.010507337 0.42817557 -0.90707934 0.270069 0.32290855 -0.93231863 0.25991923 0.25144362 -0.783068 0.61232382 0.10892293 -0.70207524 0.71063727 0.045663435 -0.70286667 0.71123409 0.01115657 -0.70560563 0.70840561 -0.016800068 -0.69919854 0.71346784 -0.045661945 -0.69445634 0.71488142 -0.081700787 -0.56978953 0.82149273 -0.022127835 -0.55269229 0.8331632 -0.019248089 -0.53798866 0.84266591 -0.021958806 -0.54120523 0.83970511 -0.044635486 -0.50886172 0.85922557 -0.052832607 -0.48256478 0.87307972 -0.069734879 -0.44354701 0.89263833 -0.080392927 -0.3949019 0.91508305 -0.081703864 -0.35192066 0.9359048 -0.015300838 -0.33100423 0.94005191 0.082089059 -0.34954429 0.7186895 0.60108584 -0.33079588 0.92109555 0.2053217 -0.40746585 0.70561141 0.57972777 -0.32944325 0.92300868 0.19880182 -0.46073529 0.70111877 0.54420167 -0.3267242 0.92665768 0.18589482 -0.32330543 0.93089682 0.17001411 -0.51235932 0.69654089 0.50231326 -0.68884385 0.29291967 0.66309279 -0.54546177 0.69270301 0.47184122 -0.59034652 0.69647622 0.40793616 -0.76624149 0.29372597 0.57148844 -0.84986824 -0.11892362 0.51340163 -0.81751782 0.22128315 0.53169405 -0.9052403 0.073841415 0.41843444 -0.95170528 0.10808849 0.28735706 -0.97747099 -0.13215801 0.16457416 -0.94006962 0.3060692 0.15030193 -0.99008858 -0.13625076 0.034062691 -0.95098674 0.30774647 0.030270176 -0.9901225 0.078838773 -0.11593938 -0.91793889 -0.12795514 -0.37552047 -0.93932372 0.23692136 -0.24807073 -0.89949006 0.29686135 -0.32061037 -0.68384635 0.70837903 -0.17479491 -0.67469376 0.70592946 -0.21552709 -0.32575393 0.94338351 -0.062544845 -0.33754942 0.93938196 -0.060183335 -0.64322525 0.70140636 -0.30706733 -0.3085418 0.94672221 -0.092298791 -0.61002314 0.69575602 -0.3792035 -0.32340419 0.93760037 -0.12773107 -0.56713003 0.69390023 -0.44369572 -0.30788213 0.94255155 -0.12963459 -0.25612661 0.96364486 -0.076077245 -0.25086302 0.9658227 -0.065224446 -0.27735201 0.95647544 -0.090722576 -0.20031901 0.97716594 0.070844561 -0.10360009 0.94568205 0.30814356 0.016473943 0.83193731 0.55462497 -0.054487772 0.73415148 0.6767959 -0.22591846 0.67775571 0.69971997 -0.28775418 0.79685813 0.53123885 -0.36525613 0.67128158 0.64495671 -0.50026399 0.71371019 0.49025875 -0.43208009 0.44182643 0.78619093 -0.55643594 0.39510265 0.73093969 -0.58747333 0.68093503 0.43726704 -0.55643594 0.39510265 0.73093969 -0.65618688 0.65618712 0.37260866 -0.66611814 0.35438809 0.65627426 -0.70757538 0.63649464 0.30693907 -0.77219409 0.34571037 0.53310466 -0.74519098 0.62256449 0.23896423 -0.84406543 0.29169911 0.44996133 -0.89214778 0.27152333 0.36103654 -0.77003622 0.61481172 0.17044292 -0.69445634 0.71488142 0.081700787 -0.56915617 0.82211447 0.013747681 -0.57161671 0.82050252 0.0054699956 -0.57657379 0.81704044 -0.0027325666 -0.6052565 0.79595369 -0.011054871 -0.56789106 0.82303053 -0.010973698 -0.54089415 0.84109068 0 -0.46527725 0.88483393 0.024205254 -0.46851143 0.88285959 0.032497942 -0.4466145 0.89322919 0.051741898 -0.42502445 0.90214902 0.074036591 -0.43099138 0.90017223 0.062739365 -0.4018015 0.91093361 0.093570195 -0.38701668 0.91676289 0.098812722 -0.37137273 0.92297024 0.10103516 -0.35082707 0.93010026 0.10878372 -0.33488902 0.91879821 0.20894796 -0.29187819 0.73450649 0.61262339 -0.29331195 0.34419256 0.89190787 -0.33153066 0.72156692 0.60780638 -0.39859432 0.32134762 0.85898679 -0.38583189 0.70900756 0.59028989 -0.50271928 0.30352861 0.80940962 -0.44330126 0.69994944 0.55995965 -0.49584919 0.69351888 0.52265197 -0.59962684 0.29500368 0.74392229 -0.56849813 -0.4547987 0.68554205 -0.67127711 0.17471607 0.72032034 -0.76970834 0.081327729 0.63319421 -0.7555483 -0.20436959 0.62239838 -0.7979793 -0.15959579 0.58116972 -0.83482331 -0.23632869 0.49721092 -0.87151432 -0.24426526 0.42520255 -0.91611081 -0.20964301 0.34174672 -0.93300909 -0.27341956 0.23395692 -0.9559949 -0.26599303 0.12377896 -0.97540587 -0.22040422 0.0023447168 -0.94979268 -0.28547147 -0.12806194 -0.9640789 -0.078648545 -0.25370494 -0.9640789 -0.078648545 -0.25370494 -0.825863 -0.40657872 -0.39069682 -0.91367525 -0.12852927 -0.38558769 -0.80985039 -0.32394019 -0.48908609 -0.87148523 -0.12367608 -0.47457108 -0.88067245 -0.12295099 -0.45749217 -0.85907173 0.29867369 -0.41567999 -0.84198451 0.29205367 -0.45361522 -0.65061086 0.70509571 -0.28203836 -0.77629483 0.28951988 -0.55995041 -0.61915314 0.70105177 -0.35380188 -0.70055914 0.28922164 -0.65235561 -0.70055914 0.28922164 -0.65235561 -0.58139533 0.69767439 -0.41860467 -0.61606538 0.29198939 -0.73157758 -0.5353806 0.69599479 -0.4784964 -0.31849253 0.93625867 -0.14826393 -0.46738222 0.78546178 -0.40571377 -0.39335752 0.82795429 -0.39970207 -0.3604852 0.71441621 -0.59971648 -0.33012006 0.9220596 -0.20205638 -0.29482982 0.95029944 -0.10003146 -0.2417952 0.96718079 0.078079708 -0.19790466 0.89930141 0.38998827 -0.31119487 0.90098298 0.30230343 -0.33540675 0.93199068 0.13746174 -0.37861741 0.85654408 0.35068652 -0.46627432 0.82543123 0.31820056 -0.53543103 0.78721136 0.30596063 -0.58897048 0.76312834 0.26598659 -0.63328439 0.74247134 0.21837384 -0.66379476 0.72803307 0.17130199 -0.68364912 0.71947354 0.12240015 -0.56028402 0.82800621 0.022080248 -0.46743265 0.88352889 -0.029721206 -0.46099347 0.88714445 -0.02144164 -0.46727106 0.88409811 -0.0053098784 -0.43972477 0.8979919 0.015893603 0.063808978 0.97431314 0.21596856 -0.35654566 0.93230104 0.060744919 0.043240912 0.95129681 0.30522886 -0.37214395 0.92356873 0.092356853 0.018102456 0.9258067 0.37756363 -0.35552841 0.92602754 0.1267776 -0.010559049 0.89752257 0.44084206 -0.36964551 0.919945 0.13062663 -0.24362896 0.92292404 0.29808736 -0.14988543 0.7973907 0.58455324 -0.25978887 0.91072094 0.32108751 -0.18339027 0.77940845 0.59907472 -0.33966061 0.91908139 0.19980024 -0.33762684 0.91845965 0.20600973 -0.23524855 0.75279516 0.61478263 -0.27406183 0.73932987 0.61504591 -0.18390121 0.37642276 0.90801227 -0.21170764 0.17995144 0.96062344 -0.3371807 0.1588373 0.92794389 -0.30331737 -0.39523163 0.86705852 -0.46942747 0.2241139 0.85405546 -0.57439709 0.13987911 0.80653691 -0.53469628 -0.1417979 0.83306259 -0.56849813 -0.4547987 0.68554205 -0.60394323 0.0082731629 0.79698437 -0.71138531 -0.17478012 0.6807223 -0.56849813 -0.4547987 0.68554205 -0.6185416 -0.22492434 0.75287139 -0.77823514 -0.29981193 0.55178154 -0.84712738 -0.35323021 0.39699328 -0.91016263 -0.32964224 0.25087819 -0.90963733 -0.41347161 0.040013384 -0.88341612 -0.37085396 -0.28643188 -0.90676683 -0.3286663 -0.26410681 0.16657512 -0.98556995 0.030076103 -0.78086865 -0.3517136 -0.51627678 -0.79790276 -0.20254451 -0.56773841 0.24925815 -0.96741766 0.04442222 -0.26754275 0.96163988 -0.060575817 -0.68330604 0.31088808 -0.6606372 0.24925815 -0.96741766 0.04442222 -0.33404702 0.92634881 -0.17404132 -0.30064571 0.94716698 -0.11174449 0.23321795 -0.9717415 0.036440317 -0.69430405 -0.31795228 -0.64563787 -0.68330604 0.31088808 -0.6606372 -0.3278878 0.93086809 -0.16116528 0.16179089 -0.98669606 0.015951147 -0.7626738 -0.27646926 -0.58471656 0.14140397 -0.98982728 0.015711484 -0.69495803 -0.25386593 0.67274469 0.18008097 -0.98351902 0.016161049 0.17033297 -0.98516876 0.020716086 0.15664239 -0.98752755 0.015891187 -0.84390104 -0.30828851 0.43907768 0.15186197 -0.98823529 0.018132688 0.13889447 -0.99018306 0.01568157 -0.60391599 -0.22102097 0.76579058 0.20149368 -0.97935253 0.016400578 -0.62719125 -0.29590568 0.7204659 -0.70977938 -0.31761813 0.62875426 -0.7442587 -0.32682651 0.58246315 -0.14329302 0.98961699 -0.01119472 -0.82361007 -0.28810701 0.48852926 -0.12782873 0.9917742 -0.0066118031 -0.88803464 -0.32511106 0.32511106 -0.90779591 -0.33090624 0.2576969 0.1341933 -0.9907937 0.017892368 0.1289434 -0.99152988 0.015562069 -0.91231513 -0.39999399 0.087669916 0.12675157 -0.99177498 0.017789617 0.1242884 -0.99208724 0.01775541 -0.85563231 -0.51613957 0.038641483 -0.95396686 -0.24185072 -0.1773572 0.12157115 -0.9924621 0.015472624 -0.90186566 -0.32821998 -0.280909 0.1289434 -0.99152988 0.015562069 0.13462047 -0.99089479 0.0022068843 -0.83475423 -0.30326274 -0.45958373 -0.17768209 0.98408526 0.0022779666 -0.75169683 -0.30517611 -0.58465314 0.24925815 -0.96741766 0.04442222 -0.68330604 0.31088808 -0.6606372 -0.66926032 -0.37254387 -0.64288545 -0.20729938 0.97826642 -0.004658394 -0.22040422 0.97540587 0.0023447168 0.21204595 -0.97684133 0.028590513 0.1965318 -0.98031878 0.018717233 -0.67685878 -0.20181566 -0.70790726 0.19243895 -0.98096931 0.025815027 0.17520224 -0.98435974 0.018442266 -0.72211385 -0.26403275 -0.63940471 -0.76285815 -0.20075214 -0.61461043 -0.81615478 0.062562414 -0.57443655 -0.81615478 0.062562414 -0.57443655 -0.61158651 -0.31711888 -0.7248432 -0.74049616 0.23218946 -0.63067693 -0.67044818 0.29654443 -0.68011808 -0.62923503 0.10291222 -0.77037168 -0.54274446 0.13568616 -0.82886535 -0.51928639 0.29763982 -0.80109435 -0.46832985 0.72740626 -0.50154501 -0.41851473 0.31311086 -0.8525297 -0.42551225 0.70143032 -0.57178217 -0.31302437 0.33710328 -0.88790607 -0.37856618 0.71104586 -0.59253818 -0.20569852 0.36793977 -0.90681225 -0.3243182 0.72322971 -0.60971838 -0.33488902 0.91879821 -0.20894796 -0.24917169 0.75066912 -0.6118899 -0.099658728 0.40693992 -0.9080022 -0.26688737 0.74347174 -0.61320537 -0.30276462 0.72792333 -0.61519188 -0.33147049 0.92011642 -0.2085979 -0.31062919 0.945162 -0.10088802 -0.29884648 0.9511115 0.077959977 -0.33367902 0.94200164 0.035934687 -0.38594797 0.91866481 0.084256254 -0.42869124 0.90107113 0.065532528 -0.45890868 0.88423878 0.086744949 -0.4759354 0.87672335 0.069581285 -0.50127602 0.86330885 0.058482151 -0.52822429 0.84793901 0.044482045 -0.54605001 0.83709204 0.033261977 -0.43907607 0.89712441 -0.048786201 -0.43907607 0.89712441 -0.048786201 -0.051320005 0.98674345 -0.15395994 -0.35818842 0.93129009 -0.066331275 0.073752813 0.99454558 -0.073752813 -0.38337317 0.92322528 -0.026079871 0.071797952 0.99646968 -0.043513991 0.075192325 0.99683577 0.025780268 -0.36832294 0.92969793 0 -0.36542341 0.93040472 0.02850827 0.077723451 0.99211723 0.098297372 0.4985635 0.80659318 0.31755629 0.067083843 0.98229867 0.17489699 0.4555026 0.76681763 0.4522258 0.045202579 0.95929956 0.27874935 0.4100188 0.7208395 0.55881578 0.023078889 0.93597442 0.35131085 0.3507255 0.67195064 0.65228367 0.3507255 0.67195064 0.65228367 -0.0052158707 0.907565 0.4198792 0.28486612 0.61774319 0.73296982 -0.038173247 0.87798417 0.47716531 0.20569299 0.56181765 0.80128098 -0.10929962 0.85713971 0.50335383 -0.12695312 0.81190914 0.5698126 0.11880672 0.50999928 0.8519305 -0.12695312 0.81190914 0.5698126 0.024149952 0.45885092 0.88818502 -0.1664598 0.78992683 0.59017521 -0.21775191 0.76213121 0.60970497 -0.079458475 0.41373286 0.90692419 -0.10539488 0.24420787 0.96397847 -0.0063868156 0.085157923 0.99634695 -0.029488213 0.048445176 0.9983905 -0.081266128 0.014970158 0.99657995 -0.14204241 -0.0022194041 0.98985803 -0.21989125 -0.026291395 0.97517008 -0.27466902 -0.052917834 0.96008158 -0.30331737 -0.39523163 0.86705852 -0.36086115 0.033749644 0.93200868 -0.49442908 -0.10288692 0.86310738 -0.30331737 -0.39523163 0.86705852 -0.55187267 -0.21889938 0.80468613 0.20918727 -0.9777739 0.014102454 0.22953053 -0.97311348 0.019127466 -0.53030849 -0.12891483 0.83794618 -0.53428346 -0.1942849 0.82267517 -0.20054363 0.97884375 -0.040586196 0.34659508 -0.93784529 0.01783938 -0.028442319 -0.010157927 0.99954385 0.31244045 -0.94981897 0.014997084 -0.18920064 -0.088457391 0.97794598 -0.14642328 -0.053456221 0.98777652 -0.3050307 0.95229089 -0.0099196583 -0.29977906 -0.09466701 0.94930011 0.2711409 -0.96242809 0.014656208 -0.37833869 -0.039410289 0.92482787 -0.19080769 0.98162484 -0.0022988785 -0.47715655 -0.05516256 0.87708539 0.76390898 0.64532399 0 0 0 -1 0.44301453 0.89651442 0 0 0 -1 0.76390898 0.64532399 0 0.44301453 0.89651442 0 0.44301453 0.89651442 0 0 0 -1 0.051372457 0.99867946 0 0.051372457 0.99867946 0 0 0 -1 0.44301453 0.89651442 0 0 0 -1 -0.16586588 0.9861064 0.0090885041 0.051372457 0.99867946 0 -0.073331416 0.9973076 0 -0.073331416 0.9973076 0 0 0 -1 0 0 -1 0.9577592 0.28757137 0 0.76390898 0.64532399 0 0.76390898 0.64532399 0 0.9577592 0.28757137 0 0 0 -1 -0.70572162 0.70848918 0 0 0 -1 -0.96591592 0.25885594 0 0.97490209 0 0.2226339 0.97490209 0 -0.2226339 0 -1 0 0.93634325 -0.020466518 0.35048902 0 -1 0 0.98618662 -0.0068012602 0.16549788 0.83660549 0.008175266 0.54774481 0 -1 0 0.65236771 0.0083280662 0.75785685 0 -1 0 0 -1 0 0.64882225 -0.019576544 0.76068813 -0.77159911 0.0055311546 0.63608515 -0.97227502 0.011915089 0.23353662 -0.43321198 -0.023919752 0.90097463 0 -1 0 -0.77159911 0.0055311546 0.63608515 -0.40733632 0.0051889778 0.91326356 -0.76079476 0.025266327 0.64850056 0 -0.030228125 0.99954307 0 -1 0 -0.40733632 0.0051889778 0.91326356 0.043080386 0.0061543048 0.99905258 -0.3797386 0.034045558 0.92446709 0 -1 0 0.17625856 -0.0091563258 0.98430133 0.33792174 0 0.94117427 0.57529074 0 0.817949 0.74517715 -0.031049104 0.6661433 0.84753567 -0.019137911 0.53039324 0.96325374 -0.039721806 0.2656396 0.97388643 0.0070913788 -0.22692499 0.98121905 -0.037830133 0.18915066 0.78163141 -0.011087012 -0.62364209 0 -1 0 0.97388643 0.0070913788 -0.22692499 0.77159899 0.0055311546 -0.63608521 0.97227502 0.011915089 -0.23353662 0.43321207 -0.023919672 -0.90097463 0 -1 0 0.77159899 0.0055311546 -0.63608521 0.40733632 0.0051889778 -0.91326356 0.76079488 0.02526615 -0.64850032 -0.043080255 0.0061543044 -0.99905258 0.3797386 0.034045558 -0.92446709 0.40733632 0.0051889778 -0.91326356 0 -0.030228125 -0.99954307 0 -1 0 0.47251433 0.002654565 -0.88131899 0.83413136 -0.00271703 -0.55155921 0 -1 0 0.81518692 0.0082341796 -0.57913947 0.97601891 -0.002340564 -0.2176733 0 -1 0 0 -1 0 0.99925518 0 0.038589098 0.98361069 -0.0022821508 0.18029061 0.051477998 0.99867201 0.0020591097 0.83948487 0.0054335375 0.54335576 0.045036208 0.9989832 0.0020470892 0.79567242 0.0055063623 0.60570222 0.038667496 0.99925011 0.0020351249 0.6273759 0 0.77871662 0.040699415 0.99917144 0 0.4514263 0.005279819 0.8922928 0.01602955 0.99983931 0.0080147134 0.23641185 0 0.97165293 0.17142649 0.011428387 0.98513067 0 -1 0 -0.3274498 0.0049992148 0.94485527 0 -1 0 -0.47251433 0.002654565 0.88131899 -0.83413136 -0.00271703 0.55155921 0 -1 0 -0.91370171 0.0025883804 0.40637729 0 -1 0 -0.78163147 -0.011086929 0.62364209 0 -1 0 -0.97388643 0.0070913788 0.22692499 -0.97388643 0.0070913788 0.22692499 -0.98121905 -0.037830133 -0.18915066 -0.97490209 0 0.2226339 0 -1 0 -0.97490209 0 -0.2226339 0 -1 0 -0.93634319 -0.020466518 -0.35048908 -0.96325374 -0.039721806 -0.2656396 -0.84753567 -0.019137911 -0.53039324 0 -1 0 -0.64882225 -0.019576544 -0.76068813 -0.74517715 -0.031049017 -0.6661433 -0.57529074 0 -0.817949 -0.33792162 0 -0.94117427 -0.17625864 -0.0091562569 -0.98430133 0 -1 0 0 -1 0 0.3274498 0.0049992148 -0.94485527 0.012022326 0.99985552 -0.012022326 0.13331987 0.011109944 -0.99101079 0.02418606 0.99968922 -0.0060464842 0.40516207 0.0077915476 -0.91421175 0.4906272 0.0080430387 -0.87133247 0.038667496 0.99925011 -0.0020351249 0.81518692 0.0082341796 -0.57913947 0.89546579 0.0052674254 -0.44509915 0.049322575 0.99878085 -0.0020550969 0.89546579 0.0052674254 -0.44509915 0.057873882 0.99832386 0 0.98757786 -0.0022444865 -0.15711467 0.99714029 0 0.075572707 0.06018167 0.99818522 -0.0020752212 0.055813402 0.99843901 0.0020671538 0.066657268 0.99777597 0 0.066657268 0.99777597 0 0.081700787 0.71488142 -0.69445634 0.70208985 -0.25732702 -0.66396725 0.90428376 -0.32990158 -0.27099061 0.34093791 0.94008583 0 0.36376396 -0.13328756 -0.9219057 0.70208985 -0.25732702 -0.66396725 0.34093791 0.94008583 0 -0.76614553 0.27975443 -0.57858312 -0.45283514 0.16360497 -0.87645525 0.34093791 0.94008583 0 -0.45283514 0.16360497 -0.87645525 -0.05013717 0.01880143 -0.99856532 0.34093791 0.94008583 0 0.34093791 0.94008583 0 -0.05013717 0.01880143 -0.99856532 0.36376396 -0.13328756 -0.9219057 0.36376396 -0.13328756 -0.9219057 0.34174207 0.93979043 -0.0025127993 0.70208985 -0.25732702 -0.66396725 0.70208985 -0.25732702 -0.66396725 0.34395966 0.93898451 0 0.90428376 -0.32990158 -0.27099061 0.34174207 0.93979043 -0.0025127993 0.92592579 -0.33670029 0.17115602 0.90428376 -0.32990158 -0.27099061 0.90428376 -0.32990158 -0.27099061 0.92592579 -0.33670029 0.17115602 0.34093791 0.94008583 0 0.92592579 -0.33670029 0.17115602 0.76614571 -0.27975443 0.57858294 0.34093791 0.94008583 0 0.76614571 -0.27975443 0.57858294 0.45283514 -0.16360497 0.87645525 0.34093791 0.94008583 0 -0.92592579 0.33670029 -0.17115602 -0.76614553 0.27975443 -0.57858312 0.34093791 0.94008583 0 0.45283514 -0.16360497 0.87645525 0.05013717 -0.01880143 0.99856532 0.34093791 0.94008583 0 0.05013717 -0.01880143 0.99856532 -0.36376396 0.13328756 0.9219057 0.34093791 0.94008583 0 -0.70208985 0.25732702 0.66396725 -0.90428376 0.32990158 0.27099061 0.34093791 0.94008583 0 -0.36376396 0.13328756 0.9219057 -0.70208985 0.25732702 0.66396725 0.34093791 0.94008583 0 0.34093791 0.94008583 0 -0.90428376 0.32990158 0.27099061 -0.92592579 0.33670029 -0.17115602 -0.92592579 0.33670029 -0.17115602 0.34093791 0.94008583 0 -0.76614553 0.27975443 -0.57858312 -0.76614553 0.27975443 -0.57858312 0.34093791 0.94008583 0 -0.45283514 0.16360497 -0.87645525 -0.45283514 0.16360497 -0.87645525 0.34093791 0.94008583 0 -0.05013717 0.01880143 -0.99856532 0.36376396 -0.13328756 -0.9219057 -0.05013717 0.01880143 -0.99856532 0.34174207 0.93979043 -0.0025127993 0.31203312 0.9465875 0.081285924 0.33056518 0.93794501 0.10481326 0.24231903 0.80773002 0.53745121 0.30737546 0.93597209 0.17168722 0.11241724 0.85609967 0.5044359 0.2660358 0.95127958 0.15585943 0.28225562 0.95552576 0.085453518 0.2783027 0.95887929 0.055660479 0.25159746 0.96692312 0.041932885 0.24817556 0.96860725 0.014456769 0.25885594 0.96591592 0 0.25840208 0.96598923 -0.0096599292 0.24699391 0.96841198 -0.034236804 0.92592579 -0.33670029 0.17115602 0.34093791 0.94008583 0 0.76614571 -0.27975443 0.57858294 0.76614571 -0.27975443 0.57858294 0.34093791 0.94008583 0 0.45283514 -0.16360497 0.87645525 0.45283514 -0.16360497 0.87645525 0.34093791 0.94008583 0 0.05013717 -0.01880143 0.99856532 -0.36376396 0.13328756 0.9219057 0.05013717 -0.01880143 0.99856532 0.34174207 0.93979043 -0.0025127993 0.35004377 0.9307363 -0.10582718 0.36962429 0.9254095 -0.08363761 -0.36376396 0.13328756 0.9219057 0.34174207 0.93979043 -0.0025127993 -0.70208985 0.25732702 0.66396725 -0.70208985 0.25732702 0.66396725 0.34395966 0.93898451 0 -0.90428376 0.32990158 0.27099061 -0.92592579 0.33670029 -0.17115602 -0.90428376 0.32990158 0.27099061 0.34174207 0.93979043 -0.0025127993 0.42202812 0.90657902 -0.0026051023 0.42185783 0.90660143 0.0104809 0.43302968 0.90080869 0.032076314 0.40760058 0.91173792 0.050950032 0.40385184 0.91139543 0.079133168 0.37528527 0.92336357 0.080996834 0.35423377 0.93120563 0.085874863 0.35020292 0.92069459 0.17227724 0.37837261 0.76000667 0.52841669 0.32403249 0.45301616 0.83052951 0.33143324 0.77548909 0.53737205 0.11317678 0.52815777 0.84157014 0.20076375 0.82434821 0.52928632 -0.093212098 0.60296577 0.79230285 0.072686762 0.87224025 0.48364612 -0.0052546686 0.89857918 0.43877995 0.23121727 0.96383792 0.13249521 -0.10239308 0.93501109 0.33951414 0.20189348 0.97457153 0.097207837 -0.17195827 0.96032089 0.21957746 0.18153325 0.98171252 0.057326205 -0.21309787 0.97380805 0.079292253 0.17598398 0.98412061 0.023155835 -0.2176733 0.97601891 -0.002340564 -0.2176733 0.97601891 -0.002340564 0.17210571 0.98507851 0 -0.2154863 0.97458613 -0.061217785 0.17450219 0.98419207 -0.030247066 -0.19309576 0.96547848 -0.17482986 0.18631731 0.97998047 -0.070171475 0.27105832 0.96125329 -0.050196033 0.2748664 0.95817894 -0.07963419 0.30507147 0.94911146 -0.078223489 0.32612923 0.94126713 -0.087498061 0.19752276 0.82351804 -0.5317921 0.32133058 0.9304617 -0.1760333 0.33143309 0.77548903 -0.53737211 0.36722046 0.91378111 -0.17364691 0.46495199 0.72731793 -0.50480509 0.40776822 0.89881325 -0.16081002 0.39909032 0.91298753 -0.084738374 0.4062385 0.91201884 -0.056496773 0.43057919 0.90152514 -0.043057919 0.43336388 0.9010796 -0.015854795 0.65986735 0.75136155 -0.0055450825 0.50017178 0.8658886 0.0080672549 0.79009187 0.60974467 0.06297826 0.49763748 0.86676431 0.032811306 0.76568872 0.61926234 0.17388161 0.48588005 0.87123305 0.06981042 0.70681584 0.63903886 0.30338213 0.46369186 0.8790229 0.11094457 0.61818576 0.67136323 0.40880039 0.43244836 0.89067155 0.14033088 0.39485171 0.90415347 0.16309105 0.50357687 0.71367824 0.486902 0.46495211 0.72731793 0.50480497 0.52475297 0.37808284 0.76268452 0.44925582 0.25671747 0.85572499 0.23065868 0.32580537 0.91686827 -0.017998595 0.36511579 0.9307881 0.094803549 -0.01077316 -0.99543768 -0.013898185 0.1876262 0.98214221 0.2301289 -0.048963644 -0.97192764 -0.10721079 0.32163268 0.94077539 0.37304342 -0.11882131 -0.92017394 -0.22476149 0.33137906 0.91633523 -0.22005172 0.51039803 0.83130682 -0.2786729 0.67265892 0.68547165 -0.039906591 0.91253424 0.40704885 -0.43042341 0.72840893 0.53306288 -0.12918872 0.94469249 0.30144033 -0.54037941 0.76688588 0.34623122 -0.19010231 0.96613598 0.17447737 -0.60194993 0.78876215 0.12454145 -0.21022281 0.97444487 0.079142727 -0.21760049 0.97561598 0.02869462 -0.60612589 0.79536873 0 -0.21809374 0.97543037 -0.031156281 -0.60216165 0.79216409 -0.099385872 -0.21057919 0.97267544 -0.097769015 -0.56353658 0.7788204 -0.27543658 -0.17496791 0.95967215 -0.22003531 -0.1321696 0.94406867 -0.30210197 0.20995438 0.97135532 -0.11130117 -0.042665977 0.91198707 -0.40799427 0.2393651 0.96009094 -0.14467125 0.28000599 0.94603997 -0.16311038 0.06988512 0.86936992 -0.48919532 -0.1542137 0.62895012 -0.76199728 0.11241724 0.85609967 -0.5044359 0.044813793 0.55737042 -0.82905358 0.24231903 0.80773002 -0.53745121 0.25235066 0.48008186 -0.84014314 0.37837261 0.76000667 -0.52841669 0.4599227 0.40486163 -0.79028988 0.50395256 0.71087325 -0.49060267 0.58394682 0.68405199 -0.43712583 0.44428301 0.88569951 -0.13471806 0.68025827 0.64755338 -0.34339955 0.47311452 0.87540323 -0.099155679 0.7509976 0.62323439 -0.21813209 0.49358243 0.86792892 -0.055458754 0.70423532 0.70712143 -0.063496642 0.96752894 0.22070944 -0.1231867 0.79001772 0.60770595 -0.081027508 0.97673249 0.21446158 0 0.79303181 0.60918021 0 0.97135597 0.216416 0.098142102 0.78598887 0.61067533 0.096422412 0.9339819 0.23068224 0.27288023 0.7509976 0.62323427 0.21813196 0.84025484 0.26566875 0.47264344 0.67957544 0.65017045 0.33978751 0.58088821 0.68437976 0.44067374 0.69980657 0.31426495 0.64148921 0.64896154 0.19468848 0.73548979 -0.21983436 0.83353823 -0.50684005 -0.50738311 0.53090429 -0.67875111 -0.53523254 0.22147556 -0.81515318 0.68596035 0.0055543128 0.72761768 -0.4728424 0.10824105 -0.87447351 0.55107111 0.077092901 0.83088952 -0.30855805 0.13262582 -0.94191414 0.39971006 0.03705924 0.91589218 -0.19371299 0.099340029 -0.97601581 0.29311565 0.13445668 0.94657522 0.10634572 0.14501688 0.98369747 -0.043339074 0.067175627 -0.99679953 -0.027765445 0.06620986 -0.99741936 0.23286459 0.67656571 -0.69859356 0.059237711 0.065819725 -0.99607158 0.30287147 0.61863106 -0.72495824 0.10185247 -0.035426941 -0.99416852 0.32406607 0.60276306 -0.72914881 0.15265584 -0.061062291 -0.98639113 0.37211943 0.61910141 -0.69154936 0.24166022 -0.049318455 -0.96910691 0.31089649 -0.064770088 -0.94823426 0.41223329 0.60837638 -0.67819017 0.3889671 -0.14093006 -0.91040832 0.52749377 0.5748331 -0.62555355 0.45726565 -0.16707784 -0.8734948 0.49816552 -0.16605517 -0.85103273 -0.36995128 0.41421896 0.83160013 0.62606281 -0.12819389 -0.76916289 -0.52775449 0.37464049 0.76231211 -0.41435939 0.57015878 0.70938367 -0.5718767 0.61925137 0.53803796 -0.8142727 -0.12686139 0.5664506 -0.66069067 0.59361553 0.45946524 -0.71182835 0.44239783 0.54551315 -0.68978196 0.63747621 0.34325653 -0.78407621 0.60451686 0.14065492 -0.76410919 0.64506316 -0.0055370019 -0.71244514 0.68515992 -0.15158403 -0.69158179 0.63938695 -0.3360045 -0.47268403 0.74373353 -0.47268403 -0.10532352 0.93440849 -0.34027597 -0.0078912629 0.8995983 -0.43664706 -0.3323535 0.69403195 -0.63863975 -0.36989981 0.56630683 -0.73652619 -0.1784001 0.48465344 -0.85632026 0.034378931 0.40196863 -0.91500777 0.24954824 0.26939869 -0.93013436 0.49722865 0.25015852 -0.83077335 0.64348525 0.33970776 -0.68594855 0.61818576 0.67136323 -0.40880039 0.79872751 0.28413239 -0.53038037 0.70681584 0.63903886 -0.30338213 0.76838911 0.61593109 -0.1738023 0.90805727 0.24234322 -0.34161642 0.93815613 0.046777848 -0.34303772 0.98947465 -0.038847726 -0.13939483 0.99999225 0 0.0039292276 0.98618275 0.063548818 0.15298778 0.94083238 0.043939963 0.33601153 0.81505299 0.06554614 0.57566684 0.5449993 -0.61608613 0.56869477 0.85884523 -0.013546487 0.51205605 0.76680583 0.011113083 0.64178294 0.5449993 -0.61608613 0.56869477 -0.20110507 0.85544717 -0.47724944 -0.18270592 0.84464073 -0.50319034 -0.50738311 0.53090429 -0.67875111 -0.50738311 0.53090429 -0.67875111 -0.12925471 0.83134311 -0.54052001 -0.62569427 0.11861502 -0.77099752 -0.074759245 0.80222446 -0.59232348 -0.54131293 0.2183706 -0.81196964 -0.0055119642 0.79096985 -0.61183035 -0.46846005 0.2072034 -0.85884333 -0.37466529 0.10118701 -0.92162198 0.078326769 0.76586109 -0.63821769 -0.21636829 0.15119706 -0.96453315 0.16481735 0.69284314 -0.70199972 -0.15295447 0.044032328 -0.98725176 0.35610038 0.93444771 0 0.1950071 0.67788219 -0.70883572 0.34093791 0.94008583 0 0.25037774 0.68140745 -0.68774617 0.30135959 0.95348179 0.0074104522 0.28212517 0.65722346 -0.698901 0.26778081 0.650325 -0.71089441 0.2945753 0.95551282 0.014852475 0.3535969 0.61224663 -0.70719391 0.26700523 0.96364611 0.0097092437 0.43739864 0.59098905 -0.67780107 0.46668208 0.59090686 -0.65805542 0.24309368 0.96999109 0.0047665229 0.50224763 0.56966317 -0.65056223 0.22040422 0.97540587 0.0023447168 0.5790692 0.54520541 -0.60616004 0.19833323 0.98013467 0 0.65130264 0.53656542 -0.53656542 0.61617082 0.55861634 -0.55523086 0.55175489 -0.19509566 -0.81086642 0.57271695 0.56593907 -0.59305 0.66264939 -0.11588937 -0.73990899 0.67455369 0.56380588 -0.47655034 -0.8142727 -0.12686139 0.5664506 -0.59361553 0.45946524 0.66069067 0.72223592 0.016796118 -0.69144285 -0.5538156 0.71631265 0.42448151 -0.8142727 -0.12686139 0.5664506 0.73132044 0.55343151 -0.39860252 -0.8493765 0.2841551 0.44476444 0.78673083 0.545636 -0.28867957 -0.8767904 0.31966332 0.35924071 -0.86823291 0.37735927 0.32213601 -0.75927204 0.54836327 0.35043335 -0.89892882 0.41532782 0.13939084 -0.89708167 0.44048315 0.034916382 -0.90558392 0.42416713 0 -0.91269517 0.40740594 -0.031745959 -0.88645023 0.43453449 -0.15932941 -0.87106287 0.38204512 -0.30869237 -0.69233096 0.55185795 -0.46489862 -0.81449807 -0.12055746 -0.5675022 -0.66651547 0.54533088 -0.50830239 -0.57960773 0.57621819 -0.57621831 0.70520473 0.49798802 0.50467241 0.73063052 0.078593768 0.67823452 0.55238628 -0.17507322 0.81499618 -0.52043557 0.44419348 -0.7292729 0.43372571 -0.22134961 0.87343365 -0.36995128 0.41421896 -0.83160013 0.32267356 -0.098668806 0.94135344 -0.28237194 0.29110506 -0.91407007 0.21308507 -0.048428461 0.97583276 -0.13720337 0.29054841 -0.94697249 0.091883533 0.0042736344 0.99576056 0.030443357 0.08480639 0.99593222 0.011513392 0.18191227 -0.9832474 -0.058635317 0.054292101 0.99680197 -0.14642322 0.053456221 0.98777664 0.13247192 0.13983159 -0.98127383 -0.20702517 0.11108673 0.97200847 0.28951776 0.17922527 -0.94024342 -0.36100194 0.14831857 0.92069495 0.38715863 0.11061665 -0.9153536 -0.4895027 0.19520046 0.84987289 0.55225641 0.080120146 -0.82981539 -0.55978578 0.30388373 0.77090502 0.64697045 -0.048451524 -0.76097411 0.68583685 0.17145909 -0.70726913 0.83623117 0.11033598 -0.5371623 0.83171016 -0.11673125 -0.54280025 0.54137844 -0.62258518 -0.56506377 0.88895869 0.03512606 -0.45663837 0.92098075 -0.031486563 -0.38833383 0.9168247 -0.2487285 -0.31235674 0.95675844 -0.25636896 -0.13743496 0.96986377 -0.24124749 -0.034115829 0.96096975 -0.27664277 -0.002426682 0.96100569 -0.2749269 0.029721864 0.95792371 -0.23881753 0.15921174 0.90707934 -0.270069 0.32290855 0.88483387 -0.024205172 0.4652774 0.5449993 -0.61608613 0.56869477 0.88318992 0.19430175 0.42687508 0.84894741 -0.28092447 0.4476268 -0.19962645 0.88951218 -0.41099575 0.4998768 0.86609656 0 -0.16818385 0.89021415 -0.42335916 0.48722461 0.87327665 0 -0.16169131 0.86431348 -0.47625434 0.47251433 0.88131899 0.002654565 -0.11088149 0.8228572 -0.5573253 0.45352924 0.89123762 0.0026367877 -0.066043086 0.7839036 -0.61736006 0.43032774 0.90263838 0.0078718169 0.025211543 0.77595294 -0.63028669 0.40707216 0.9133029 0.013047134 0.075583696 0.7180444 -0.69188094 0.10657182 0.70455843 -0.70159811 0.13206314 0.69032967 -0.71133983 0.39577991 0.91831267 0.0077603594 0.3478058 0.93756324 0.0025203219 0 0 1 -0.36376396 -0.13328756 -0.9219057 -0.70208985 -0.25732702 -0.66396725 0.34093779 -0.94008583 0 0.050137233 0.018801367 -0.99856532 -0.36376396 -0.13328756 -0.9219057 0.34093779 -0.94008583 0 -0.70208985 -0.25732702 -0.66396725 -0.90428376 -0.32990158 -0.27099061 0.34093779 -0.94008583 0 0.45283523 0.16360489 -0.87645525 0.050137233 0.018801367 -0.99856532 0.34093779 -0.94008583 0 0.76614571 0.27975434 -0.57858306 0.45283523 0.16360489 -0.87645525 0.34093779 -0.94008583 0 -0.90428376 -0.32990158 -0.27099061 -0.92592573 -0.33670038 0.17115602 0.34093779 -0.94008583 0 -0.92592573 -0.33670038 0.17115602 -0.76614553 -0.27975452 0.57858306 0.34093779 -0.94008583 0 0.92592579 0.33670017 -0.171156 0.76614571 0.27975434 -0.57858306 0.34093779 -0.94008583 0 -0.45283505 -0.16360506 0.87645525 -0.050137106 -0.018801495 0.99856532 0.34093779 -0.94008583 0 -0.76614553 -0.27975452 0.57858306 -0.45283505 -0.16360506 0.87645525 0.34093779 -0.94008583 0 -0.050137106 -0.018801495 0.99856532 0.36376396 0.13328756 0.9219057 0.34093779 -0.94008583 0 0.36376396 0.13328756 0.9219057 0.70208985 0.25732702 0.66396725 0.34093779 -0.94008583 0 0.70208985 0.25732702 0.66396725 0.90428376 0.32990158 0.27099061 0.34093779 -0.94008583 0 0.34093779 -0.94008583 0 0.90428376 0.32990158 0.27099061 0.92592579 0.33670017 -0.171156 0.92592579 0.33670017 -0.171156 0.34093779 -0.94008583 0 0.76614571 0.27975434 -0.57858306 0.76614571 0.27975434 -0.57858306 0.34093779 -0.94008583 0 0.45283523 0.16360489 -0.87645525 0.45283523 0.16360489 -0.87645525 0.34093779 -0.94008583 0 0.050137233 0.018801367 -0.99856532 -0.36376396 -0.13328756 -0.9219057 0.050137233 0.018801367 -0.99856532 0.34174198 -0.93979043 0.0025127991 0.33143324 -0.77548909 0.53737205 0.36722046 -0.91378111 0.17364691 0.35004374 -0.9307363 0.10582709 0.36962423 -0.92540956 0.08363761 -0.36376396 -0.13328756 -0.9219057 0.34174198 -0.93979043 0.0025127991 -0.70208985 -0.25732702 -0.66396725 -0.70208985 -0.25732702 -0.66396725 0.34395951 -0.93898445 0 -0.90428376 -0.32990158 -0.27099061 -0.92592573 -0.33670038 0.17115602 -0.90428376 -0.32990158 -0.27099061 0.34174198 -0.93979043 0.0025127991 0.42202812 -0.90657902 0.0026051023 0.4218578 -0.90660149 -0.010480981 0.43302968 -0.90080869 -0.032076314 -0.92592573 -0.33670038 0.17115602 0.34093779 -0.94008583 0 -0.76614553 -0.27975452 0.57858306 -0.76614553 -0.27975452 0.57858306 0.34093779 -0.94008583 0 -0.45283505 -0.16360506 0.87645525 -0.45283505 -0.16360506 0.87645525 0.34093779 -0.94008583 0 -0.050137106 -0.018801495 0.99856532 0.36376396 0.13328756 0.9219057 -0.050137106 -0.018801495 0.99856532 0.34174198 -0.93979043 0.0025127991 0.33056509 -0.93794501 -0.10481334 0.31203303 -0.9465875 -0.081285916 0.36376396 0.13328756 0.9219057 0.34174198 -0.93979043 0.0025127991 0.70208985 0.25732702 0.66396725 0.70208985 0.25732702 0.66396725 0.34395951 -0.93898445 0 0.90428376 0.32990158 0.27099061 0.92592579 0.33670017 -0.171156 0.90428376 0.32990158 0.27099061 0.34174198 -0.93979043 0.0025127991 0.25885594 -0.96591592 0 0.25840217 -0.96598923 0.0096598556 0.24699391 -0.96841198 0.034236804 0.27105838 -0.96125323 0.050195951 0.27486631 -0.95817894 0.079634182 0.30507147 -0.94911146 0.078223489 0.32612923 -0.94126713 0.087498061 0.32133058 -0.9304617 0.1760333 0.19752276 -0.82351804 0.5317921 0.044813793 -0.55737048 0.82905352 0.24231903 -0.80773002 0.53745121 0.25235066 -0.48008186 0.84014314 0.37837246 -0.76000667 0.52841663 0.46495211 -0.72731793 0.50480497 0.4077684 -0.89881319 0.16080993 0.39909032 -0.91298753 0.084738374 0.40623853 -0.91201872 0.056496687 0.43057919 -0.90152514 0.043057919 0.4333638 -0.90107954 0.015854711 0.65986735 -0.75136155 0.0055450825 0.50017178 -0.8658886 -0.0080672549 0.79009175 -0.60974479 -0.062978357 0.49763748 -0.86676431 -0.032811306 0.76568878 -0.61926234 -0.17388152 0.48587999 -0.87123305 -0.069810331 0.40760058 -0.91173792 -0.050950032 0.40385184 -0.91139543 -0.079133168 0.37528521 -0.92336369 -0.080996834 0.35423377 -0.93120563 -0.085874863 0.37837246 -0.76000667 -0.52841663 0.35020283 -0.92069465 -0.17227724 0.24231903 -0.80773002 -0.53745121 0.30737546 -0.93597209 -0.17168722 0.11241715 -0.85609978 -0.5044359 0.26603585 -0.95127958 -0.15585935 0.28225562 -0.95552576 -0.085453518 0.27830264 -0.95887929 -0.055660557 0.25159737 -0.96692318 -0.041932885 0.2481755 -0.96860725 -0.014456843 -0.2176733 -0.97601891 0.002340564 -0.2176733 -0.97601891 0.002340564 0.17210571 -0.98507851 0 -0.21548635 -0.97458601 0.061217703 0.1745021 -0.98419207 0.030247064 -0.19309576 -0.96547848 0.17482986 0.18631724 -0.97998053 0.070171475 -0.1321696 -0.94406867 0.30210197 0.20995438 -0.97135532 0.11130117 -0.042665973 -0.91198707 0.40799415 0.23936516 -0.96009088 0.14467116 0.28000599 -0.94603997 0.16311038 0.06988503 -0.86936992 0.48919529 0.11241715 -0.85609978 0.5044359 -0.1542137 -0.62895012 0.76199728 -0.1784001 -0.48465344 0.85632026 0.034378853 -0.40196869 0.91500777 -0.37965852 -0.10729481 -0.91888374 0.38802004 -0.11363444 0.91461885 -0.20250568 -0.1189721 -0.9720273 0.28951785 -0.17922528 0.94024342 0.24954835 -0.26939872 0.93013436 -0.075050853 -0.05739177 -0.99552679 0.13247199 -0.13983151 0.98127383 0.074879244 -0.02139404 -0.99696302 0.011513392 -0.18191227 0.9832474 0.45992285 -0.40486166 0.79028988 0.50395244 -0.71087337 0.49060267 0.58394682 -0.68405199 0.43712583 0.44428292 -0.88569957 0.13471806 0.68025827 -0.6475535 0.34339947 0.47311443 -0.87540334 0.099155679 0.75099748 -0.62323439 0.21813196 0.49358261 -0.86792886 0.055458672 0.70423526 -0.70712149 0.063496552 0.96752906 -0.22070956 0.12318672 0.79001772 -0.60770595 0.081027508 0.97673249 -0.21446158 0 0.79303181 -0.60918021 0 0.97135592 -0.21641611 -0.098142184 0.78598887 -0.61067533 -0.096422412 0.9339819 -0.23068224 -0.27288023 0.75099754 -0.62323445 -0.21813209 0.70681572 -0.63903892 -0.30338213 0.46369165 -0.8790229 -0.11094464 0.61818582 -0.67136312 -0.40880039 0.43244824 -0.89067155 -0.14033088 0.3948518 -0.90415347 -0.16309096 0.50357676 -0.71367836 -0.486902 0.52475303 -0.37808299 -0.76268452 0.46495199 -0.72731793 -0.50480509 0.3240324 -0.45301616 -0.83052963 0.33143309 -0.77548903 -0.53737211 0.11317669 -0.52815783 -0.84157014 0.20076375 -0.82434821 -0.52928632 -0.093212098 -0.60296577 -0.79230285 0.072686665 -0.87224025 -0.48364606 -0.0052548288 -0.89857918 -0.43877989 0.23121727 -0.96383792 -0.13249521 -0.10239317 -0.93501109 -0.33951417 0.20189331 -0.97457147 -0.097207904 -0.17195836 -0.96032089 -0.21957748 0.18153317 -0.98171252 -0.057326276 0.17598398 -0.98412073 -0.023155764 -0.21309794 -0.97380793 -0.079292253 -0.60195005 -0.78876203 -0.12454136 -0.21022291 -0.97444487 -0.079142734 -0.21760061 -0.9756161 -0.028694626 -0.60612589 -0.79536873 0 -0.21809365 -0.97543037 0.031156277 -0.60216165 -0.79216409 0.099385872 -0.21057928 -0.9726755 0.097768947 -0.56353658 -0.77882051 0.27543649 -0.17496784 -0.95967227 0.22003531 -0.47268403 -0.74373353 0.47268403 -0.10532343 -0.93440849 0.34027594 -0.0078911018 -0.8995983 0.43664709 -0.3323535 -0.69403195 0.63863975 -0.36989981 -0.56630683 0.73652619 0.59786797 0.14049898 -0.7891857 -0.52043563 -0.44419336 0.7292729 0.46075538 0.1672807 -0.87162012 -0.36995137 -0.41421896 0.83160001 0.33891499 0.088064514 -0.93668634 -0.28237203 -0.29110506 0.91406995 -0.13720337 -0.29054841 0.94697249 0.18427332 0.057435758 -0.98119551 0.11502108 0.045106255 -0.99233836 0.29988614 -0.64491636 -0.70295882 0.061692175 -0.027655154 -0.99771208 0.20181566 -0.67685872 -0.70790732 -0.012605476 -0.063027315 -0.9979322 -0.15295455 -0.044032328 -0.9872517 0.15819502 -0.69362456 -0.70275116 -0.21382073 -0.11709234 -0.96982992 -0.30788213 -0.12963459 -0.94255155 -0.46708488 -0.11107507 -0.87720811 -0.068801805 -0.79982102 -0.5962823 -0.54826862 -0.19493994 -0.81326503 -0.48757175 -0.188448 -0.85250288 0.58368266 0.025014868 0.81159657 0.53140908 -0.13211831 0.8367492 0.49722865 -0.25015852 0.83077335 0.64348513 -0.33970785 0.68594855 0.61818582 -0.67136312 0.40880039 0.79872763 -0.28413227 0.53038019 0.70681572 -0.63903892 0.30338213 0.76838911 -0.61593097 0.17380239 0.90805727 -0.2423432 0.3416163 0.93815619 -0.046777848 0.34303766 0.98947465 0.038847726 0.13939483 0.99999225 0 -0.0039292276 0.98618275 -0.063548818 -0.15298778 0.94083238 -0.043939963 -0.33601153 0.84025484 -0.26566884 -0.47264335 0.67957526 -0.65017056 -0.33978763 0.58088809 -0.68437976 -0.44067383 0.69980645 -0.31426492 -0.64148927 0.64569247 -0.19463459 -0.7383756 0.44925565 -0.25671756 -0.85572511 0.23065868 -0.32580537 -0.91686827 -0.017998675 -0.36511582 -0.9307881 -0.22005181 -0.51039797 -0.83130682 -0.27867302 -0.67265892 -0.68547153 -0.039906755 -0.91253424 -0.40704879 -0.43042341 -0.72840893 -0.53306288 -0.12918872 -0.94469249 -0.30144033 -0.19010231 -0.96613598 -0.17447737 -0.54037941 -0.76688588 -0.34623122 -0.68978196 -0.63747615 -0.34325638 -0.78407627 -0.6045168 -0.14065492 -0.76410919 -0.64506328 0.0055370023 -0.71244514 -0.68515992 0.15158403 -0.69158185 -0.63938689 0.33600438 -0.57960773 -0.57621831 0.57621819 -0.80989021 0.25231194 0.5295437 -0.67272991 -0.53482026 0.5112747 0.72223347 -0.011154228 -0.69155949 -0.58019114 -0.50260735 0.64090884 -0.80989021 0.25231194 0.5295437 0.7074964 -0.5272851 -0.47055194 0.6595208 0.11586167 -0.7427035 0.58521795 -0.52771109 -0.61566293 0.56355053 0.1888656 -0.80420184 0.49961317 0.15963963 -0.85141164 0.52383101 -0.57114482 -0.63197684 0.40002134 0.14468853 -0.90501279 0.41951308 -0.60596347 -0.67588234 0.32221842 0.084516309 -0.94288516 0.37940156 -0.61694008 -0.68952113 0.255676 0.047163505 -0.96561134 0.15728189 0.056339666 -0.9859454 0.32464617 -0.62007433 -0.71422172 0.31994563 -0.94743592 0 0.29607102 -0.63397831 -0.71443236 0.26441833 -0.66582453 -0.69768226 0.33491105 -0.94224972 0 0.26447472 -0.6755259 -0.68827164 0.37402835 -0.92738545 0.0076854853 0.2259319 -0.68093365 -0.69662338 0.3806873 -0.92452621 0.018127894 0.13206303 -0.69032973 -0.71133977 0.090917706 -0.68334913 -0.72440875 0.057507172 -0.71308839 -0.69871157 0.40611649 -0.91376203 0.010413203 0.090470582 -0.77337748 -0.6274572 0.013869318 -0.78778028 -0.61580008 0.42931795 -0.90313828 0.0052355644 0.045176655 -0.80188572 -0.59576714 0.45352924 -0.89123762 0.0026367877 -0.071938127 -0.79131854 -0.60715711 -0.51103193 -0.53120428 -0.67577249 -0.62245512 -0.11856289 -0.77362287 -0.11088149 -0.8228572 -0.5573253 0.47141278 -0.88191271 0 -0.12925482 -0.83134317 -0.54051995 -0.17303576 -0.84429479 -0.50717354 -0.51103193 -0.53120428 -0.67577249 -0.5670073 -0.18900247 -0.80173618 -0.51103193 -0.53120428 -0.67577249 -0.21983427 -0.83353823 -0.50684011 0.64697045 0.048451524 0.76097411 0.68583685 -0.1714592 0.70726913 0.83623111 -0.11033609 0.53716248 0.60588914 0.53480721 0.58896488 0.86254054 0.041335814 0.50429672 0.92183799 0.034142178 0.38606885 0.92486537 0.23407082 0.29972476 0.95523703 0.26460853 0.13230427 0.96986377 0.24124749 0.034115829 0.96096975 0.27664277 0.002426682 0.95513272 0.29408029 -0.035189118 0.96204931 0.22079815 -0.16034158 0.91421175 0.24959424 -0.31924856 0.88217884 0.035287187 -0.46959066 0.46340808 0.71011436 -0.53008544 0.85771543 0.024584103 -0.51353663 0.81505305 -0.065546229 -0.57566679 -0.55017853 -0.27825135 0.78732449 0.68596023 -0.0055543128 -0.7276178 -0.46075538 -0.1672807 0.87162012 0.55107111 -0.077092901 -0.83088952 -0.31918156 -0.15133619 0.93553221 0.39971006 -0.03705924 -0.91589218 -0.17880811 -0.074906118 0.98102844 0.28991541 -0.13422006 -0.94759375 -0.045508154 -0.065011725 0.9968462 0.10634564 -0.14501686 -0.98369747 0.094202034 0.0042818929 0.99554384 -0.013898255 -0.1876262 -0.98214215 0.23089765 0.038888022 0.97220057 -0.10721087 -0.32163262 -0.94077539 0.36072946 0.16063741 0.91873276 -0.22476149 -0.33137906 -0.91633523 -0.32285547 -0.44196722 -0.83691657 0.49467868 0.16588014 0.85309839 -0.46231121 -0.35390723 -0.81303006 0.55538374 0.21906789 0.8022207 0.7319029 -0.081646577 0.67649978 0.70520467 -0.49798813 0.50467241 -0.52775455 -0.37464049 -0.762312 -0.41435951 -0.57015878 -0.70938361 -0.57187682 -0.61925125 -0.53803796 -0.80620247 0.0082546016 -0.59158218 -0.69066483 -0.51967514 -0.50291139 -0.73013276 -0.56239969 -0.38808864 -0.89031899 -0.11908723 -0.43948874 -0.85059232 -0.47390154 -0.22783732 -0.90228629 -0.41013011 -0.13293874 -0.89708167 -0.44048315 -0.034916382 -0.90558392 -0.42416713 0 -0.92001212 -0.39014834 0.036905948 -0.87754351 -0.45189127 0.1603485 -0.86885917 -0.39159849 0.30287692 -0.69851243 -0.54143065 0.46790311 -0.80989021 0.25231194 0.5295437 -0.57636899 -0.6929754 0.43310958 -0.87553555 -0.23387598 0.4227758 0.7552197 -0.54688323 -0.36133358 0.16439897 -0.98639387 0 0.73586726 -0.55518556 -0.38764438 0.17988725 -0.98368722 0 0.67100108 -0.57370609 -0.46970087 0.6480239 -0.52314442 -0.55352056 0.19833314 -0.98013461 0 0.62265652 -0.55836046 -0.54820842 0.21816988 -0.97589952 0.0046918071 0.57613879 -0.56597167 -0.5896951 0.24084581 -0.97053701 0.0071538081 0.51654708 -0.56718898 -0.64146376 0.46668208 -0.59090686 -0.65805542 0.26700523 -0.96364611 0.0097092437 0.42656952 -0.59653074 -0.67984521 0.3535969 -0.61224663 -0.70719391 0.2808364 -0.9597277 0.0073261377 0.32968175 -0.94408882 0.0024975797 0 0 1 0.39919701 0.91686523 0 0.74081504 0.67170906 0 0 0 1 -0.013887496 0.99990356 0 0.39919701 0.91686523 0 0 0 1 0.82869107 0.55970615 0 0 0 1 0 0 1 -0.10782749 0.99416965 0 0 0 1 -0.20367688 0.97903818 0 -0.013887496 0.99990356 0 0 0 1 0.39919701 0.91686523 0 0.39919701 0.91686523 0 0 0 1 0.74081504 0.67170906 0 0 0 1 0.78593671 0.61830688 0 0.86609656 0.4998768 0 0 0 1 0.030719142 0.99939376 -0.016383504 0.51568019 0 0.85678113 0.96591592 0.25885594 0 0.96591592 -0.25885594 0 0.70572162 -0.70848918 0 0.44564202 -0.25639689 0.85770857 0.96591592 -0.25885594 0 0.70572162 -0.70848918 0 0.96591592 -0.25885594 0 0 0 1 0 0 1 0.46762967 0.21722141 0.8568182 0 0 1 0.51637 -0.047195088 0.85506409 0.96591592 0.25885594 0 0.96591592 -0.25885594 0 0.51637 0.047195088 0.85506409 0.96591592 -0.25885594 0 0.70848918 -0.70572162 0 0.46762958 -0.2172215 0.8568182 0 0 1 0.42225075 -0.29588369 0.85682976 0.70848918 -0.70572162 0 0.25885594 -0.96591592 0 0.29588377 -0.42225066 0.85682976 0 0 1 0.21722141 -0.46762967 0.8568182 0.25885594 -0.96591592 0 -0.25885594 -0.96591592 0 0.047195178 -0.51636994 0.85506415 -0.047195088 -0.51637 0.85506409 0 0 1 -0.29588357 -0.42225072 0.85682976 0 0 1 -0.51637 0.047195088 0.85506409 0 0 1 -0.46762949 -0.21722159 0.8568182 0 0 1 -0.42225054 0.29588366 0.85682988 0 0 1 0.047195088 0.51637 0.85506409 0 0 1 -0.25639677 0.44564208 0.85770851 -0.1376501 0.50959826 0.84933037 0 0 1 0 0 1 0.29588386 0.42225057 0.85682976 0.42225075 0.29588369 0.85682976 0.70848918 0.70572162 0 0.96591592 0.25885594 0 0.96591592 -0.25885594 0 0.96591592 0.25885594 0 0 0 1 0.96591592 -0.25885594 0 0.70572162 -0.70848918 0 0 0 1 0.96591592 -0.25885594 0 0 0 1 0.70848918 -0.70572162 0 0.70848918 -0.70572162 0 0 0 1 0.25885594 -0.96591592 0 0.25885594 -0.96591592 0 0 0 1 -0.25885594 -0.96591592 0 0 0 1 -0.70710409 -0.70710409 0.0027729466 -0.25885594 -0.96591592 0 -0.25885594 -0.96591592 0 -0.70710409 -0.70710409 0.0027729466 -0.21722141 -0.46762967 0.8568182 -0.70710409 -0.70710409 0.0027729466 -0.96591592 -0.25885594 0 -0.42225063 -0.29588366 0.85682976 -0.96591592 -0.25885594 0 -0.96591592 0.25885594 0 -0.51637 -0.047195088 0.85506409 -0.96591592 0.25885594 0 -0.70572162 0.70848918 0 -0.46762949 0.21722159 0.8568182 -0.70572162 0.70848918 0 -0.25885594 0.96591592 0 -0.29588348 0.42225072 0.85682988 -0.047195088 0.51637 0.85506409 -0.25885594 0.96591592 0 0.25885594 0.96591592 0 -0.047195088 0.51637 0.85506409 0.21722141 0.46762967 0.8568182 0.25885594 0.96591592 0 0.70848918 0.70572162 0 0.96591592 0.25885594 0 0.70848918 0.70572162 0 0 0 1 0 0 1 0.96591592 0.25885594 0 0.96591592 -0.25885594 0 0.70572162 -0.70848918 0 0.96591592 -0.25885594 0 0 0 1 0 0 1 0.4210349 -0.90704441 0 0.78831571 -0.61527079 0 0 0 1 0.52830184 -0.8490566 0 0.62435955 -0.78113717 0 0.62435955 -0.78113717 0 0 0 1 0 0 1 0.84109056 -0.54089427 0 0.88855129 -0.45877725 0 0 0 1 0.67459702 0.73818624 0 0.30218944 0.95324779 0 0 0 1 0 0 1 0.42225075 -0.29588369 0.85682976 0.96591592 -0.25885594 0 0.70572162 -0.70848918 0 0.46762958 -0.2172215 0.8568182 0 0 1 0.51637 -0.047195088 0.85506409 0 0 1 0.46762967 0.21722141 0.8568182 0.51637 0.047195088 0.85506409 0.96591592 0.25885594 0 0.96591592 -0.25885594 0 0.70572162 -0.70848918 0 0.96591592 -0.25885594 0 0 0 1 0.70848918 -0.70572162 0 0.25885594 -0.96591592 0 0 0 1 0 0 1 0.25885594 -0.96591592 0 0.70572162 -0.70848918 0 0.70572162 -0.70848918 0 0.25885594 -0.96591592 0 0.29588377 -0.42225066 0.85682976 0.21722141 -0.46762967 0.8568182 0 0 1 -0.51637 0.047195088 0.85506409 0 0 1 -0.46762949 -0.21722159 0.8568182 0 0 1 -0.42225054 0.29588366 0.85682988 0 0 1 -0.29588357 -0.42225072 0.85682976 0 0 1 -0.047195088 -0.51637 0.85506409 0 0 1 -0.25639677 0.44564208 0.85770851 -0.1376501 0.50959826 0.84933037 0 0 1 0 0 1 0.047195088 0.51637 0.85506409 0.25639677 0.44564208 0.85770851 0.37529159 0.37529141 0.84753329 0 0 1 0.25885594 0.96591592 0 0.70572162 0.70848918 0 0.21722141 0.46762967 0.8568182 0.42225075 0.29588369 0.85682976 0.42225075 0.29588369 0.85682976 0.70572162 0.70848918 0 0.96591592 0.25885594 0 0.96591592 -0.25885594 0 0.96591592 0.25885594 0 0 0 1 0 0 1 0.96591592 -0.25885594 0 0.70848918 -0.70572162 0 0.25885594 -0.96591592 0 0.70848918 -0.70572162 0 0 0 1 -0.25885594 0.96591592 0 0.25885594 0.96591592 0 -0.047195088 0.51637 0.85506409 0 0 1 -0.21722141 0.46762967 0.8568182 0.047195088 0.51637 0.85506409 0 0 1 0.46762967 0.21722141 0.8568182 0 0 1 0.29588386 0.42225057 0.85682976 0 0 1 0.51637 -0.047195088 0.85506409 0 0 1 -0.047195088 -0.51637 0.85506409 0 0 1 0.21722141 -0.46762967 0.8568182 0 0 1 -0.29588357 -0.42225072 0.85682976 0 0 1 0.42225075 -0.29588369 0.85682976 0 0 1 -0.46762949 -0.21722159 0.8568182 0 0 1 -0.51637 0.047195088 0.85506409 0 0 1 0 0 1 -0.42225054 0.29588366 0.85682988 -0.29588348 0.42225072 0.85682988 -0.70848918 0.70572162 0 -0.25885594 0.96591592 0 0.25885594 0.96591592 0 -0.25885594 0.96591592 0 0 0 1 0.25885594 0.96591592 0 0.70848918 0.70572162 0 0 0 1 0 0 1 0.70848918 0.70572162 0 0.25885594 0.96591592 0 0.25885594 0.96591592 0 0.70848918 0.70572162 0 0.21722141 0.46762967 0.8568182 0.70848918 0.70572162 0 0.96591592 0.25885594 0 0.42225075 0.29588369 0.85682976 0.96591592 0.25885594 0 0.96591592 -0.25885594 0 0.51637 0.047195088 0.85506409 0.96591592 -0.25885594 0 0.70848918 -0.70572162 0 0.46762958 -0.2172215 0.8568182 0.70848918 -0.70572162 0 0.25885594 -0.96591592 0 0.29588377 -0.42225066 0.85682976 0.25885594 -0.96591592 0 -0.25885594 -0.96591592 0 0.047195178 -0.51636994 0.85506415 -0.25885594 -0.96591592 0 -0.70710409 -0.70710409 0.0027729466 -0.21722141 -0.46762967 0.8568182 -0.70710409 -0.70710409 0.0027729466 -0.96591592 -0.25885594 0 -0.42225063 -0.29588366 0.85682976 -0.96591592 -0.25885594 0 -0.96591592 0.25885594 0 -0.51637 -0.047195088 0.85506409 -0.46762949 0.21722159 0.8568182 -0.96591592 0.25885594 0 -0.70848918 0.70572162 0 -0.25885594 0.96591592 0 -0.70848918 0.70572162 0 0 0 1 0 0 1 -0.25885594 0.96591592 0 0.25885594 0.96591592 0 0.70848918 0.70572162 0 0.25885594 0.96591592 0 0 0 1 0 0 1 -0.51637 0.047195088 0.85506409 0 0 1 -0.42225054 0.29588366 0.85682988 -0.46762949 0.21722159 0.8568182 -0.96591592 0.25885594 0 -0.70572162 0.70848918 0 0 0 1 -0.25885594 0.96591592 0 -0.70572162 0.70848918 0 -0.70572162 0.70848918 0 -0.25885594 0.96591592 0 -0.29588348 0.42225072 0.85682988 -0.21722141 0.46762967 0.8568182 0 0 1 0.46762967 0.21722141 0.8568182 0 0 1 0.29588386 0.42225057 0.85682976 0 0 1 0.51637 -0.047195088 0.85506409 0 0 1 -0.047195088 -0.51637 0.85506409 0 0 1 0.21722141 -0.46762967 0.8568182 0 0 1 -0.29588357 -0.42225072 0.85682976 0 0 1 0.42225075 -0.29588369 0.85682976 0 0 1 0.047195088 0.51637 0.85506409 0 0 1 0 0 1 -0.46762949 -0.21722159 0.8568182 -0.51637 -0.047195088 0.85506409 -0.96591592 -0.25885594 0 -0.96591592 0.25885594 0 -0.70572162 0.70848918 0 -0.96591592 0.25885594 0 0 0 1 0 0 1 -0.70572162 0.70848918 0 -0.25885594 0.96591592 0 0 0 1 0.25885594 0.96591592 0 -0.25885594 0.96591592 0 -0.25885594 0.96591592 0 0.25885594 0.96591592 0 0 0 1 0 0 1 0.25885594 0.96591592 0 -0.25885594 0.96591592 0 -0.25885594 0.96591592 0 0.25885594 0.96591592 0 -0.047195088 0.51637 0.85506409 0.25885594 0.96591592 0 0.70572162 0.70848918 0 0.21722141 0.46762967 0.8568182 0.70572162 0.70848918 0 0.96591592 0.25885594 0 0.42225075 0.29588369 0.85682976 0.96591592 0.25885594 0 0.96591592 -0.25885594 0 0.51637 0.047195088 0.85506409 0.96591592 -0.25885594 0 0.70848918 -0.70572162 0 0.46762958 -0.2172215 0.8568182 0.70848918 -0.70572162 0 0.25885594 -0.96591592 0 0.29588377 -0.42225066 0.85682976 0.25885594 -0.96591592 0 -0.25885594 -0.96591592 0 0.047195178 -0.51636994 0.85506415 -0.25885594 -0.96591592 0 -0.70572162 -0.70848918 0 -0.21722141 -0.46762967 0.8568182 -0.42225063 -0.29588366 0.85682976 -0.70572162 -0.70848918 0 -0.96591592 -0.25885594 0 -0.96591592 0.25885594 0 -0.96591592 -0.25885594 0 0 0 1 0 0 1 -0.96591592 0.25885594 0 -0.70572162 0.70848918 0 -0.25885594 0.96591592 0 -0.70572162 0.70848918 0 0 0 1 -0.12457274 0.99221039 0 0.30218944 0.95324779 0 0 0 1 -0.12457274 0.99221039 0 0 0 1 -0.52830184 0.8490566 0 0 0 1 0.30218944 0.95324779 0 -0.12457274 0.99221039 0 0 0 1 0.67459702 0.73818624 0 0.92086101 0.38989091 0 0 0 1 0.99947792 -0.032306358 0 0.92086101 0.38989091 0 0.92086101 0.38989091 0 0.67459702 0.73818624 0 0 0 1 -0.12457274 0.99221039 0 -0.52830184 0.8490566 0 0 0 1 -0.70710409 0.70710409 0.0027729466 0 0 1 0 0 1 -0.62435955 0.78113717 0 0 0 1 0.12457267 -0.99221045 0 0.52830184 -0.8490566 0 -0.92086101 -0.389891 0 -0.67459714 -0.73818612 0 0 0 1 0.12457267 -0.99221045 0 0 0 1 0.52830184 -0.8490566 0 0 0 1 0.62435955 -0.78113717 0 0.70710409 -0.70710409 0.0027729466 0 0 1 0 0 1 -0.99947792 0.032306358 0 -0.92086101 -0.389891 0 -0.67459714 -0.73818612 0 -0.92086101 -0.389891 0 0 0 1 0.46762967 0.21722141 0.8568182 0 0 1 0.29588386 0.42225057 0.85682976 0 0 1 0.51637 -0.047195088 0.85506409 0 0 1 0.047195088 0.51637 0.85506409 0 0 1 0 0 1 0.42225075 -0.29588369 0.85682976 0.21722141 -0.46762967 0.8568182 0 0 1 0.29588377 -0.42225066 0.85682976 0.70848918 -0.70572162 0 0.25885594 -0.96591592 0 0 0 1 -0.25885594 -0.96591592 0 0.25885594 -0.96591592 0 0.25885594 -0.96591592 0 -0.25885594 -0.96591592 0 0.047195178 -0.51636994 0.85506415 -0.047195088 -0.51637 0.85506409 0 0 1 -0.29588357 -0.42225072 0.85682976 0 0 1 -0.46762949 -0.21722159 0.8568182 0 0 1 -0.42225054 0.29588366 0.85682988 0 0 1 -0.51637 0.047195088 0.85506409 0 0 1 0 0 1 -0.21722141 0.46762967 0.8568182 -0.25885594 0.96591592 0 0.25885594 0.96591592 0 -0.047195088 0.51637 0.85506409 0.25885594 0.96591592 0 0.70848918 0.70572162 0 0.21722141 0.46762967 0.8568182 0.70848918 0.70572162 0 0.96591592 0.25885594 0 0.42225075 0.29588369 0.85682976 0.96591592 0.25885594 0 0.96591592 -0.25885594 0 0.51637 0.047195088 0.85506409 0.46762958 -0.2172215 0.8568182 0.96591592 -0.25885594 0 0.70848918 -0.70572162 0 0.25885594 -0.96591592 0 0.70848918 -0.70572162 0 0 0 1 0 0 1 0.25885594 -0.96591592 0 -0.25885594 -0.96591592 0 0 0 1 -0.70710409 -0.70710409 0.0027729466 -0.25885594 -0.96591592 0 -0.25885594 -0.96591592 0 -0.70710409 -0.70710409 0.0027729466 0 0 1 0 0 1 -0.70710409 -0.70710409 0.0027729466 -0.25885594 -0.96591592 0 -0.25885594 -0.96591592 0 -0.70710409 -0.70710409 0.0027729466 -0.21722141 -0.46762967 0.8568182 -0.70710409 -0.70710409 0.0027729466 -0.96591592 -0.25885594 0 -0.42225063 -0.29588366 0.85682976 -0.96591592 -0.25885594 0 -0.96591592 0.25885594 0 -0.51637 -0.047195088 0.85506409 -0.96591592 0.25885594 0 -0.70572162 0.70848918 0 -0.46762949 0.21722159 0.8568182 -0.29588348 0.42225072 0.85682988 -0.70572162 0.70848918 0 -0.25885594 0.96591592 0 -0.25885594 0.96591592 0 0 0 1 0.25885594 0.96591592 0 0.25885594 0.96591592 0 0 0 1 0.70848918 0.70572162 0 0.70848918 0.70572162 0 0 0 1 0.96591592 0.25885594 0 0.96591592 0.25885594 0 0 0 1 0.96591592 -0.25885594 0 0.70848918 -0.70572162 0 0.96591592 -0.25885594 0 0 0 1 0 0 1 0.70848918 -0.70572162 0 0.25885594 -0.96591592 0 -0.25885594 -0.96591592 0 0.25885594 -0.96591592 0 0 0 1 0 0 1 -0.30218944 -0.95324779 0 -0.67459714 -0.73818612 0 -0.67459714 -0.73818612 0 -0.30218944 -0.95324779 0 0 0 1 0 0 1 -0.84109056 0.54089439 0 0 0 1 -0.71124578 0.70294333 0 -0.88855129 0.45877725 0 0 0 1 0 0 1 -0.4210349 0.90704441 0 -0.62435955 0.78113717 0 0 0 1 0 0 1 -0.70572162 0.70848918 0 -0.96591592 0.25885594 0 0.047195088 0.51637 0.85506409 0 0 1 -0.21722141 0.46762967 0.8568182 0 0 1 0.29588386 0.42225057 0.85682976 0 0 1 0.51637 -0.047195088 0.85506409 0 0 1 0.46762967 0.21722141 0.8568182 0 0 1 0.42225075 -0.29588369 0.85682976 0 0 1 -0.42225054 0.29588366 0.85682988 0 0 1 0.21722141 -0.46762967 0.8568182 0 0 1 -0.047195088 -0.51637 0.85506409 0 0 1 -0.51637 0.047195088 0.85506409 0 0 1 0 0 1 -0.29588357 -0.42225072 0.85682976 -0.46762949 -0.21722159 0.8568182 0 0 1 -0.42225063 -0.29588366 0.85682976 -0.70710409 -0.70710409 0.0027729466 -0.96591592 -0.25885594 0 0 0 1 -0.96591592 0.25885594 0 -0.96591592 -0.25885594 0 -0.96591592 -0.25885594 0 -0.96591592 0.25885594 0 -0.51637 -0.047195088 0.85506409 -0.96591592 0.25885594 0 -0.70572162 0.70848918 0 -0.46762949 0.21722159 0.8568182 -0.70572162 0.70848918 0 -0.25885594 0.96591592 0 -0.29588348 0.42225072 0.85682988 -0.25885594 0.96591592 0 0.25885594 0.96591592 0 -0.047195088 0.51637 0.85506409 0.25885594 0.96591592 0 0.70848918 0.70572162 0 0.21722141 0.46762967 0.8568182 0.70848918 0.70572162 0 0.96591592 0.25885594 0 0.42225075 0.29588369 0.85682976 0.96591592 0.25885594 0 0.96591592 -0.25885594 0 0.51637 0.047195088 0.85506409 0.96591592 -0.25885594 0 0.70848918 -0.70572162 0 0.46762958 -0.2172215 0.8568182 0.70848918 -0.70572162 0 0.25885594 -0.96591592 0 0.29588377 -0.42225066 0.85682976 0.25885594 -0.96591592 0 -0.25885594 -0.96591592 0 0.047195178 -0.51636994 0.85506415 -0.21722141 -0.46762967 0.8568182 -0.25885594 -0.96591592 0 -0.70710409 -0.70710409 0.0027729466 -0.96591592 -0.25885594 0 -0.70710409 -0.70710409 0.0027729466 0 0 1 0 0 1 -0.96591592 -0.25885594 0 -0.96591592 0.25885594 0 -0.96591592 0.25885594 0 -0.70572162 0.70848918 0 0 0 1 -0.96591592 0.25885594 0 0 0 1 -0.70572162 0.70848918 0 -0.70572162 0.70848918 0 0 0 1 -0.25885594 0.96591592 0 -0.25885594 0.96591592 0 0 0 1 0.25885594 0.96591592 0 0.25885594 0.96591592 0 0 0 1 0.70848918 0.70572162 0 0.70848918 0.70572162 0 0 0 1 0.96591592 0.25885594 0 0.96591592 0.25885594 0 0 0 1 0.96591592 -0.25885594 0 0.96591592 -0.25885594 0 0 0 1 0.70848918 -0.70572162 0 0.70848918 -0.70572162 0 0 0 1 0.25885594 -0.96591592 0 0.25885594 -0.96591592 0 0 0 1 -0.25885594 -0.96591592 0 -0.70710409 -0.70710409 0.0027729466 -0.25885594 -0.96591592 0 0 0 1 0 0 1 -0.70710409 -0.70710409 0.0027729466 -0.96591592 -0.25885594 0 -0.96591592 0.25885594 0 -0.96591592 -0.25885594 0 0 0 1 0 0 1 -0.9643743 0.2645416 0 -0.98880523 0.14921157 0 0 0 1 0.30218944 0.95324779 0 0 0 1 0.67459702 0.73818624 0 0 0 1 0.73022699 0.68320465 0 0.30218944 0.95324779 0 0.67459702 0.73818624 0 0 0 1 0 0 1 0.70572162 0.70848918 0 0.25885594 0.96591592 0 0.25885594 0.96591592 0 0.70572162 0.70848918 0 0 0 1 0.25885594 0.96591592 0 0 0 1 0.70572162 0.70848918 0 0.70572162 0.70848918 0 0 0 1 0.96591592 0.25885594 0 0.96591592 0.25885594 0 0 0 1 0.96591592 -0.25885594 0 0.96591592 -0.25885594 0 0 0 1 0.70848918 -0.70572162 0 0.70848918 -0.70572162 0 0 0 1 0.25885594 -0.96591592 0 0.25885594 -0.96591592 0 0 0 1 -0.25885594 -0.96591592 0 -0.25885594 -0.96591592 0 0 0 1 -0.70572162 -0.70848918 0 -0.96591592 -0.25885594 0 -0.70572162 -0.70848918 0 0 0 1 0 0 1 -0.96591592 -0.25885594 0 -0.96591592 0.25885594 0 -0.70572162 0.70848918 0 -0.96591592 0.25885594 0 0 0 1 0 0 1 -0.84632009 0.53266782 0.0027038876 -0.8548727 0.51883781 0 -0.34979835 -0.60806084 0.71267331 -0.4998768 -0.86609656 0 -0.85101044 0.52514875 0 -0.34979835 -0.60806084 0.71267331 -0.34979835 -0.60806084 0.71267331 0.88021559 -0.47457403 0 -0.4998768 -0.86609656 0 -0.82783407 0.56096655 0.0027231281 -0.4998768 -0.86609656 0 0 0 1 0 0 1 0.93328041 -0.35914856 0 0.99947792 -0.032306358 0 0.92086101 0.38989091 0 0.99947792 -0.032306358 0 0 0 1 0 0 1 0.96591592 0.25885594 0 0.70848918 0.70572162 0 0.70848918 0.70572162 0 0.96591592 0.25885594 0 0 0 1 0.70848918 0.70572162 0 0 0 1 0.96591592 0.25885594 0 0.96591592 0.25885594 0 0 0 1 0.96591592 -0.25885594 0 0.96591592 -0.25885594 0 0 0 1 0.70848918 -0.70572162 0 0.70848918 -0.70572162 0 0 0 1 0.25885594 -0.96591592 0 0.25885594 -0.96591592 0 0 0 1 -0.25885594 -0.96591592 0 -0.25885594 -0.96591592 0 0 0 1 -0.70710409 -0.70710409 0.0027729466 -0.70710409 -0.70710409 0.0027729466 0 0 1 -0.96591592 -0.25885594 0 -0.96591592 -0.25885594 0 0 0 1 -0.96591592 0.25885594 0 -0.70848918 0.70572162 0 -0.96591592 0.25885594 0 0 0 1 0 0 1 -0.70572162 0.70848918 0 -0.25885594 0.96591592 0 0.25885594 0.96591592 0 -0.25885594 0.96591592 0 0 0 1 0 0 1 0.30218944 0.95324779 0 0.67459702 0.73818624 0 0 0 1 -0.30218944 -0.95324779 0 0.12457267 -0.99221045 0 0.12457267 -0.99221045 0 -0.30218944 -0.95324779 0 0 0 1 0 0 1 -0.25885594 -0.96591592 0 0.25885594 -0.96591592 0 0.25885594 -0.96591592 0 -0.25885594 -0.96591592 0 0 0 1 0 0 1 -0.25885594 -0.96591592 0 0.25885594 -0.96591592 0 0.25885594 -0.96591592 0 -0.25885594 -0.96591592 0 0.047195178 -0.51636994 0.85506415 -0.25885594 -0.96591592 0 -0.70572162 -0.70848918 0 -0.21722141 -0.46762967 0.8568182 -0.70572162 -0.70848918 0 -0.96591592 -0.25885594 0 -0.42225063 -0.29588366 0.85682976 -0.96591592 -0.25885594 0 -0.96591592 0.25885594 0 -0.51637 -0.047195088 0.85506409 -0.96591592 0.25885594 0 -0.70848918 0.70572162 0 -0.46762949 0.21722159 0.8568182 -0.70848918 0.70572162 0 -0.25885594 0.96591592 0 -0.29588348 0.42225072 0.85682988 -0.047195088 0.51637 0.85506409 -0.047195088 0.51637 0.85506409 -0.25885594 0.96591592 0 0.25885594 0.96591592 0 0.25885594 0.96591592 0 0 0 1 0.70572162 0.70848918 0 0.96591592 0.25885594 0 0.70572162 0.70848918 0 0 0 1 0 0 1 0.96591592 0.25885594 0 0.96591592 -0.25885594 0 0.70848918 -0.70572162 0 0.96591592 -0.25885594 0 0 0 1 0 0 1 0.84632003 -0.53266793 0.0027038876 0.8548727 -0.51883781 0 0.34979823 0.60806078 0.71267337 0.4998768 0.86609656 0 0.85101044 -0.52514875 0 0.34979823 0.60806078 0.71267337 0.34979823 0.60806078 0.71267337 -0.88021559 0.47457403 0 0.4998768 0.86609656 0 0.82783407 -0.56096655 0.0027231281 0.4998768 0.86609656 0 0 0 1 0 0 1 -0.98990524 0.1417314 0 -0.92086101 -0.389891 0 -0.99947792 0.032306358 0 0 0 1 0 0 1 -0.96591592 -0.25885594 0 -0.70710409 -0.70710409 0.0027729466 -0.70710409 -0.70710409 0.0027729466 -0.96591592 -0.25885594 0 0 0 1 -0.70710409 -0.70710409 0.0027729466 0 0 1 -0.96591592 -0.25885594 0 -0.96591592 -0.25885594 0 0 0 1 -0.96591592 0.25885594 0 -0.96591592 0.25885594 0 0 0 1 -0.70572162 0.70848918 0 -0.25885594 0.96591592 0 -0.70572162 0.70848918 0 0 0 1 -0.25885594 0.96591592 0 0.25885594 0.96591592 0 0 0 1 0.25885594 0.96591592 0 0.70848918 0.70572162 0 0 0 1 0.70848918 0.70572162 0 0.96591592 0.25885594 0 0 0 1 0.96591592 0.25885594 0 0.96591592 -0.25885594 0 0 0 1 0 0 1 0.96591592 -0.25885594 0 0.70848918 -0.70572162 0 0.25885594 -0.96591592 0 0.70848918 -0.70572162 0 0 0 1 0 0 1 0.12457267 -0.99221045 0 -0.30218944 -0.95324779 0 -0.30218944 -0.95324779 0 0.029903559 -0.99749672 0.064079039 0 0 1 0 0 1 0.041004568 -0.99705911 0.064744115 1 0 0 0.081779405 -0.99641812 0.021520957 0.70294333 0 0.71124578 1 0 0 1 0 0 0.70572162 0 0.70848918 0.026095552 0.99965948 0 0.70848918 0 0.70572162 0.064449072 0.99792099 0 0 0 1 1 0 0 -0.024283122 0.99965394 0.010117916 -0.19037846 0.98171079 0 -0.28507096 0.95842773 0.012287489 -0.28507096 0.95842773 0.012287489 0 0 1 0 0 1 -0.25885594 0.96591592 0 -0.70572162 0.70848918 0 -0.70572162 0.70848918 0 -0.25885594 0.96591592 0 0 0 1 -0.25885594 0.96591592 0 0.25885594 0.96591592 0 0 0 1 0.25885594 0.96591592 0 0.70572162 0.70848918 0 0 0 1 0 0 1 0.70572162 0.70848918 0 0.96591592 0.25885594 0 0 0 1 0.96591592 -0.25885594 0 0.96591592 0.25885594 0 0.96591592 0.25885594 0 0.96591592 -0.25885594 0 0 0 1 0.96591592 -0.25885594 0 0.70848918 -0.70572162 0 0 0 1 0.70848918 -0.70572162 0 0.25885594 -0.96591592 0 0 0 1 0.25885594 -0.96591592 0 -0.25885594 -0.96591592 0 0 0 1 0 0 1 -0.25885594 -0.96591592 0 -0.70710409 -0.70710409 0.0027729466 -0.96591592 -0.25885594 0 -0.70710409 -0.70710409 0.0027729466 0 0 1 0 0 1 -0.92086101 -0.389891 0 -0.99947792 0.032306358 0 -0.99947792 0.032306358 0 -0.93362474 -0.35750374 0.023147712 0 0 1 -0.89799201 -0.43972459 0.015893683 0.4998768 -0.86609656 0 0 0 1 0 0 1 0.4998768 -0.86609656 0 0.89649874 0.4429757 0.0079102516 0.82140249 0.57034254 0.0027289013 0 0 1 0 0 1 0.96591592 0.25885594 0 0.70572162 0.70848918 0 0.70572162 0.70848918 0 0.96591592 0.25885594 0 0 0 1 0.96591592 0.25885594 0 0.96591592 -0.25885594 0 0 0 1 0.96591592 -0.25885594 0 0.70848918 -0.70572162 0 0 0 1 0.70848918 -0.70572162 0 0.25885594 -0.96591592 0 0 0 1 0.25885594 -0.96591592 0 -0.25885594 -0.96591592 0 0 0 1 -0.25885594 -0.96591592 0 -0.70710409 -0.70710409 0.0027729466 0 0 1 0 0 1 -0.70710409 -0.70710409 0.0027729466 -0.96591592 -0.25885594 0 -0.96591592 0.25885594 0 -0.96591592 -0.25885594 0 0 0 1 0 0 1 -0.9643743 0.2645416 0 -0.92183799 0.38606885 0.034142178 -0.3535969 -0.61224663 0.70719391 -0.35348326 -0.60877687 0.71023959 0.87677622 -0.4808985 0 0 0 1 -0.4998768 -0.86609656 0 0.90657902 -0.42202812 0.0026051023 0.96575195 -0.2594558 0.0024023589 0.96575195 -0.2594558 0.0024023589 0 0 1 0 0 1 0.96591592 -0.25885594 0 0.96591592 0.25885594 0 0.96591592 0.25885594 0 0.96591592 -0.25885594 0 0 0 1 0.96591592 -0.25885594 0 0.70848918 -0.70572162 0 0 0 1 0.70848918 -0.70572162 0 0.25885594 -0.96591592 0 0 0 1 0.25885594 -0.96591592 0 -0.25885594 -0.96591592 0 0 0 1 -0.25885594 -0.96591592 0 -0.70710409 -0.70710409 0.0027729466 0 0 1 -0.70710409 -0.70710409 0.0027729466 -0.96591592 -0.25885594 0 0 0 1 -0.96591592 -0.25885594 0 -0.96591592 0.25885594 0 0 0 1 0 0 1 -0.96591592 0.25885594 0 -0.70572162 0.70848918 0 -0.25885594 0.96591592 0 -0.70572162 0.70848918 0 0 0 1 0 0 1 -0.12457274 0.99221039 0 0.30218944 0.95324779 0 0.30218944 0.95324779 0 -0.029903559 0.99749672 0.064079039 -0.029903559 0.99749672 0.064079039 0 0 1 0 0 1 -0.041004568 0.99705911 0.064744115 -1 0 0 -0.081779405 0.99641812 0.021520957 -0.70294333 0 0.71124578 -1 0 0 -1 0 0 -0.70572162 0 0.70848918 -0.026095552 -0.99965948 0 -0.70848918 0 0.70572162 -0.064449072 -0.99792099 0 -0.064449072 -0.99792099 0 0 0 1 -1 0 0 0.024283122 -0.99965394 0.010117916 0.19037846 -0.98171079 0 0.28507084 -0.95842773 0.012287488 0.28507084 -0.95842773 0.012287488 0 0 1 0 0 1 0.25885594 -0.96591592 0 0.70572162 -0.70848918 0 0.70572162 -0.70848918 0 0.25885594 -0.96591592 0 0 0 1 0.25885594 -0.96591592 0 -0.25885594 -0.96591592 0 0 0 1 -0.25885594 -0.96591592 0 -0.70572162 -0.70848918 0 0 0 1 -0.70572162 -0.70848918 0 -0.96591592 -0.25885594 0 0 0 1 -0.70710409 -0.70710409 0.0027729466 0 0 1 -0.96591592 -0.25885594 0 -0.96591592 -0.25885594 0 0 0 1 -0.96591592 0.25885594 0 -0.96591592 0.25885594 0 0 0 1 -0.70572162 0.70848918 0 -0.70572162 0.70848918 0 0 0 1 -0.25885594 0.96591592 0 -0.25885594 0.96591592 0 0 0 1 0.25885594 0.96591592 0 0.70848918 0.70572162 0 0.25885594 0.96591592 0 0 0 1 0 0 1 0.70848918 0.70572162 0 0.96591592 0.25885594 0 0.96591592 -0.25885594 0 0.96591592 0.25885594 0 0 0 1 0 0 1 0.9643743 -0.2645416 0 0.98880523 -0.14921157 0 0 0 1 -0.30218944 -0.95324779 0 0 0 1 -0.67459714 -0.73818612 0 0 0 1 -0.73022693 -0.68320471 0 -0.30218944 -0.95324779 0 -0.67459714 -0.73818612 0 0 0 1 0 0 1 -0.70572162 -0.70848918 0 -0.25885594 -0.96591592 0 -0.25885594 -0.96591592 0 -0.70572162 -0.70848918 0 0 0 1 -0.25885594 -0.96591592 0 0 0 1 -0.70572162 -0.70848918 0 -0.70572162 -0.70848918 0 0 0 1 -0.96591592 -0.25885594 0 -0.96591592 -0.25885594 0 0 0 1 -0.96591592 0.25885594 0 -0.96591592 0.25885594 0 0 0 1 -0.70848918 0.70572162 0 -0.70848918 0.70572162 0 0 0 1 -0.25885594 0.96591592 0 0.25885594 0.96591592 0 -0.25885594 0.96591592 0 0 0 1 0.25885594 0.96591592 0 0.70848918 0.70572162 0 0 0 1 0 0 1 0.70848918 0.70572162 0 0.96591592 0.25885594 0 0.96591592 -0.25885594 0 0.96591592 0.25885594 0 0 0 1 0 0 1 0.9643743 -0.2645416 0 0.92183799 -0.38606885 0.034142178 0.35359704 0.61224669 0.70719391 0.35348317 0.60877687 0.71023971 -0.87677628 0.48089844 0 0 0 1 0.4998768 0.86609656 0 -0.90657902 0.42202812 0.0026051023 -0.96575195 0.2594558 0.0024023589 0 0 1 0 0 1 -0.96591592 0.25885594 0 -0.96591592 -0.25885594 0 -0.96591592 -0.25885594 0 -0.96591592 0.25885594 0 0 0 1 -0.96591592 0.25885594 0 -0.70572162 0.70848918 0 0 0 1 0 0 1 -0.70572162 0.70848918 0 -0.25885594 0.96591592 0 -0.25885594 0.96591592 0 0 0 1 0.25885594 0.96591592 0 0.25885594 0.96591592 0 0 0 1 0.70848918 0.70572162 0 0.70848918 0.70572162 0 0 0 1 0.96591592 0.25885594 0 0.96591592 0.25885594 0 0 0 1 0.96591592 -0.25885594 0 0.70848918 -0.70572162 0 0.96591592 -0.25885594 0 0 0 1 0.62435955 -0.78113717 0 0 0 1 0 0 1 0.52830184 -0.8490566 0 0.07798107 -0.99642521 0.032492135 0.1486606 -0.98635119 0.070790775 0.70572162 0 0.70848918 0.26622865 -0.94810003 0.17386362 0 0 1 0.70848918 0 0.70572162 0.71124578 0 0.70294333 0.22293103 0.97473031 0.014229584 0.087826304 0.99607819 0.010710478 0 0 1 -0.25885594 0.96591592 0 0 0 1 0.25885594 0.96591592 0 0.25885594 0.96591592 0 0 0 1 0.70572162 0.70848918 0 0.96591592 0.25885594 0 0.70572162 0.70848918 0 0 0 1 0.92086101 0.38989091 0 0.99947792 -0.032306358 0 0 0 1 0.9643743 -0.2645416 0 0 0 1 0.84109056 -0.54089427 0 0 0 1 0.96591592 -0.25885594 0 0 0 1 0.70848918 -0.70572162 0 0.70848918 -0.70572162 0 0 0 1 0.25885594 -0.96591592 0 0.25885594 -0.96591592 0 0 0 1 -0.25885594 -0.96591592 0 -0.70710409 -0.70710409 0.0027729466 -0.25885594 -0.96591592 0 0 0 1 0 0 1 -0.86146712 -0.50769854 0.010802054 -0.86172402 -0.50737023 0.0026844882 0.35348326 -0.60877681 0.71023971 0.34979835 -0.60806072 0.71267343 0.4998768 -0.86609656 0 -0.88021559 -0.47457403 0 0.4998768 -0.86609656 0 0.35359704 -0.61224669 0.70719391 0.89959627 0.43672249 0 0.3537032 -0.61570549 0.70413119 0.92486334 0.38022155 0.0077071646 0.93154365 0.36340439 0.01279588 0.99806064 0.06224912 0 0 0 1 0.96591592 0.25885594 0 0 0 1 0.96591592 -0.25885594 0 0.96591592 -0.25885594 0 0 0 1 0.70848918 -0.70572162 0 0.70848918 -0.70572162 0 0 0 1 0.25885594 -0.96591592 0 0.25885594 -0.96591592 0 0 0 1 -0.25885594 -0.96591592 0 -0.25885594 -0.96591592 0 0 0 1 -0.70710409 -0.70710409 0.0027729466 -0.96591592 -0.25885594 0 -0.70710409 -0.70710409 0.0027729466 0 0 1 0 0 1 -0.92086101 -0.389891 0 -0.99947792 0.032306358 0 -0.98258048 0.18291476 0.032830872 0 0 1 0 0 1 -0.3535969 -0.61224663 0.70719391 -0.95093066 0.27780005 0.1362288 0 0 1 0.76661921 -0.64207816 0.0055351355 -0.3535969 -0.61224663 0.70719391 -0.3535969 -0.61224663 0.70719391 0.82356119 -0.56722093 0.0027270133 0.87085813 -0.49152729 0.0026713337 0 0 1 0.96591592 -0.25885594 0 0 0 1 0.70848918 -0.70572162 0 0.70848918 -0.70572162 0 0 0 1 0.25885594 -0.96591592 0 0.25885594 -0.96591592 0 0 0 1 -0.25885594 -0.96591592 0 -0.25885594 -0.96591592 0 0 0 1 -0.70710409 -0.70710409 0.0027729466 -0.70710409 -0.70710409 0.0027729466 0 0 1 -0.96591592 -0.25885594 0 -0.96591592 -0.25885594 0 0 0 1 -0.96591592 0.25885594 0 -0.70572162 0.70848918 0 -0.96591592 0.25885594 0 0 0 1 -0.62435955 0.78113717 0 0 0 1 -0.12457274 0.99221039 0 0 0 1 -0.52830184 0.8490566 0 -0.064877816 0.99695551 0.043251831 -0.1486606 0.98635119 0.070790775 -0.70572162 0 0.70848918 -0.26622865 0.94810003 0.17386362 0 0 1 -0.70848918 0 0.70572162 -0.71124578 0 0.70294333 -0.22293098 -0.97473043 0.014229658 0.049932383 -0.99864638 0.014563537 -0.22141197 -0.97515482 0.0070663118 0 0 1 0.25885594 -0.96591592 0 0 0 1 -0.25885594 -0.96591592 0 -0.25885594 -0.96591592 0 0 0 1 -0.70572162 -0.70848918 0 -0.70572162 -0.70848918 0 0 0 1 -0.96591592 -0.25885594 0 0 0 1 -0.96591592 0.25885594 0 -0.96591592 -0.25885594 0 -0.96591592 -0.25885594 0 -0.96591592 0.25885594 0 0 0 1 -0.96591592 0.25885594 0 -0.70572162 0.70848918 0 0 0 1 -0.70572162 0.70848918 0 -0.25885594 0.96591592 0 0 0 1 -0.25885594 0.96591592 0 0.25885594 0.96591592 0 0 0 1 0 0 1 0.25885594 0.96591592 0 0.70848918 0.70572162 0 0.96591592 0.25885594 0 0.70848918 0.70572162 0 0 0 1 0 0 1 0.92086101 0.38989091 0 0.99947792 -0.032306358 0 0.99947792 -0.032306358 0 0.93362474 0.35750371 0.023147631 0.93362474 0.35750371 0.023147631 0 0 1 0.89799201 0.43972456 0.015893601 -0.4998768 0.86609656 0 0 0 1 0 0 1 -0.4998768 0.86609656 0 -0.89649868 -0.44297591 0.0079102525 -0.82140249 -0.57034254 0.0027289013 0 0 1 0 0 1 -0.96591592 -0.25885594 0 -0.70572162 -0.70848918 0 -0.70572162 -0.70848918 0 -0.96591592 -0.25885594 0 0 0 1 -0.96591592 -0.25885594 0 -0.96591592 0.25885594 0 0 0 1 -0.96591592 0.25885594 0 -0.70572162 0.70848918 0 0 0 1 -0.70572162 0.70848918 0 -0.25885594 0.96591592 0 0 0 1 0 0 1 -0.25885594 0.96591592 0 0.25885594 0.96591592 0 0.25885594 0.96591592 0 0 0 1 0.70848918 0.70572162 0 0.96591592 0.25885594 0 0.70848918 0.70572162 0 0 0 1 0 0 1 0.92086101 0.38989091 0 0.99947792 -0.032306358 0 0.98258048 -0.18291476 0.032830872 0 0 1 0 0 1 0.35359704 0.61224669 0.70719391 0.9509306 -0.27779993 0.13622878 0 0 1 -0.76661915 0.64207822 0.0055351355 0.35359704 0.61224669 0.70719391 0.35359704 0.61224669 0.70719391 -0.82356119 0.56722093 0.0027270133 -0.87085807 0.49152735 0.0026713337 0 0 1 -0.96591592 0.25885594 0 0 0 1 -0.70572162 0.70848918 0 -0.25885594 0.96591592 0 -0.70572162 0.70848918 0 0 0 1 -0.12457274 0.99221039 0 0.30218944 0.95324779 0 0 0 1 0.30218944 0.95324779 0 0.67459702 0.73818624 0 0 0 1 0.67459702 0.73818624 0 0.92086101 0.38989091 0 0 0 1 0.92086101 0.38989091 0 0.99947792 -0.032306358 0 0 0 1 0.9643743 -0.2645416 0 0 0 1 0 0 1 0.84109056 -0.54089427 0 0 0 1 0.71124578 -0.70294333 0 0.21451722 -0.97281057 0.087303482 0.52830184 -0.8490566 0 0 0 1 0.7139914 0 0.70015442 0 0 1 0.29162133 0.95641881 0.014828143 0.45672214 0.88954598 0.010621403 0 0 1 0 0 1 0.67459702 0.73818624 0 0.92086101 0.38989091 0 0.92086101 0.38989091 0 0 0 1 0.99947792 -0.032306358 0 0 0 1 0.98880523 -0.14921157 0 0 0 1 0.88855129 -0.45877725 0 0 0 1 0.71124578 -0.70294333 0 0.62435955 -0.78113717 0 0 0 1 0.52830184 -0.8490566 0 0.12457267 -0.99221045 0 0 0 1 0.12457267 -0.99221045 0 -0.30218944 -0.95324779 0 0 0 1 0 0 1 -0.30218944 -0.95324779 0 -0.67459714 -0.73818612 0 -0.71177155 -0.70029122 0.054530844 0.35359704 -0.61224669 0.70719391 -0.61778313 -0.75748265 0.2111017 0 0 1 0.35738474 -0.61640674 0.70165431 0.95928508 0.28242904 0.0024347242 0.35738474 -0.61640674 0.70165431 0 0 1 0.95928508 0.28242904 0.0024347242 0 0 1 0.99391007 0.11019435 0 0 0 1 0.98880523 -0.14921157 0 0.9643743 -0.2645416 0 0 0 1 0.84109056 -0.54089427 0 0 0 1 0.62435955 -0.78113717 0 0 0 1 0.52830184 -0.8490566 0 0.12457267 -0.99221045 0 0 0 1 0.12457267 -0.99221045 0 -0.30218944 -0.95324779 0 0 0 1 -0.30218944 -0.95324779 0 -0.67459714 -0.73818612 0 0 0 1 0 0 1 -0.67459714 -0.73818612 0 -0.92086101 -0.389891 0 -0.99947792 0.032306358 0 -0.92086101 -0.389891 0 0 0 1 0 0 1 0.63038528 -0.77628243 0 0.6845836 -0.7289291 0.0027715829 0 0 1 0.52830184 -0.8490566 0 0.12457267 -0.99221045 0 0 0 1 0.12457267 -0.99221045 0 -0.30218944 -0.95324779 0 0 0 1 -0.30218944 -0.95324779 0 -0.67459714 -0.73818612 0 0 0 1 -0.67459714 -0.73818612 0 -0.92086101 -0.389891 0 0 0 1 -0.92086101 -0.389891 0 -0.99947792 0.032306358 0 0 0 1 -0.9643743 0.2645416 0 0 0 1 0 0 1 -0.84109056 0.54089439 0 0 0 1 -0.71124578 0.70294333 0 -0.21451731 0.97281057 0.087303489 -0.52830184 0.8490566 0 0 0 1 -0.7139914 0 0.70015442 0 0 1 -0.2916213 -0.95641887 0.014828219 -0.45672214 -0.88954598 0.010621403 0 0 1 -0.67459714 -0.73818612 0 -0.92086101 -0.389891 0 0 0 1 -0.92086101 -0.389891 0 -0.99947792 0.032306358 0 0 0 1 -0.9643743 0.2645416 0 0 0 1 -0.62435955 0.78113717 0 0 0 1 -0.84109056 0.54089439 0 0 0 1 -0.96591592 0.25885594 0 0 0 1 -0.70572162 0.70848918 0 -0.70572162 0.70848918 0 0 0 1 -0.25885594 0.96591592 0 -0.25885594 0.96591592 0 0 0 1 0.25885594 0.96591592 0 0.70848918 0.70572162 0 0.25885594 0.96591592 0 0 0 1 0.92086101 0.38989091 0 0 0 1 0.84394765 0.53631502 0.010889605 0.86172402 0.50737023 0.0026844882 -0.35348317 0.60877687 0.71023971 -0.34979823 0.60806078 0.71267337 -0.4998768 0.86609656 0 0.88021559 0.47457403 0 -0.4998768 0.86609656 0 -0.35359681 0.61224663 0.70719397 -0.89959615 -0.43672258 0 -0.35370299 0.61570549 0.70413136 -0.92486334 -0.38022155 0.0077071646 -0.92486334 -0.38022155 0.0077071646 -0.92146069 -0.38825607 0.012941895 -0.99190289 -0.12699859 0 0 0 1 -0.96591592 -0.25885594 0 0 0 1 -0.96591592 0.25885594 0 -0.96591592 0.25885594 0 0 0 1 -0.70572162 0.70848918 0 -0.70572162 0.70848918 0 0 0 1 -0.25885594 0.96591592 0 0.25885594 0.96591592 0 -0.25885594 0.96591592 0 0 0 1 0.30218944 0.95324779 0 0.67459702 0.73818624 0 0 0 1 0 0 1 0.67459702 0.73818624 0 0.92086101 0.38989091 0 0.99947792 -0.032306358 0 0.92086101 0.38989091 0 0 0 1 0 0 1 -0.63038528 0.77628243 0 -0.68458354 0.72892922 0.0027715829 0 0 1 0 0 1 -0.52830184 0.8490566 0 -0.12457274 0.99221039 0 -0.12457274 0.99221039 0 0 0 1 0.30218944 0.95324779 0 0.30218944 0.95324779 0 0 0 1 0.67459702 0.73818624 0 0.67459702 0.73818624 0 0 0 1 0.92086101 0.38989091 0 0.92086101 0.38989091 0 0 0 1 0.99947792 -0.032306358 0 0 0 1 0.98880523 -0.14921157 0 0.88855129 -0.45877725 0 0 0 1 0 0 1 0.52514875 0.85101044 0 0.92086101 0.38989091 0 0.67459702 0.73818624 0 0 0 1 0 0 1 -0.96591592 0.25885594 0 0 0 1 -0.94331235 0.33190614 0 -0.88359475 0.4682523 0 0 0 1 -0.75886685 0.65124577 0 0 0 1 0.52830184 -0.8490566 0 0 0 1 0.12457267 -0.99221045 0 0.12457267 -0.99221045 0 0 0 1 -0.30218944 -0.95324779 0 -0.64953297 -0.7528677 0.10628716 -0.30218944 -0.95324779 0 0 0 1 0 0 1 0.88855129 -0.45877725 0 0 0 1 0.71124578 -0.70294333 0 0.52830184 -0.8490566 0 0 0 1 0.12457267 -0.99221045 0 0.12457267 -0.99221045 0 0 0 1 -0.30218944 -0.95324779 0 -0.30218944 -0.95324779 0 0 0 1 -0.67459714 -0.73818612 0 -0.92086101 -0.389891 0 -0.67459714 -0.73818612 0 0 0 1 0.12457267 -0.99221045 0 0.52830184 -0.8490566 0 0 0 1 0.4682523 0.88359475 0 0 0 1 0.12457267 -0.99221045 0 0 0 1 -0.30218944 -0.95324779 0 -0.30218944 -0.95324779 0 0 0 1 -0.67459714 -0.73818612 0 -0.67459714 -0.73818612 0 0 0 1 -0.92086101 -0.389891 0 -0.92086101 -0.389891 0 0 0 1 -0.99947792 0.032306358 0 0 0 1 -0.98880523 0.14921157 0 -0.88855129 0.45877725 0 0 0 1 0 0 1 -0.52514875 -0.85101044 0 -0.67459714 -0.73818612 0 0 0 1 -0.92086101 -0.389891 0 -0.92086101 -0.389891 0 0 0 1 -0.99947792 0.032306358 0 0 0 1 -0.98880523 0.14921157 0 0 0 1 -0.88855129 0.45877725 0 0 0 1 -0.71124578 0.70294333 0 0 0 1 -0.12457274 0.99221039 0 -0.52830184 0.8490566 0 -0.52830184 0.8490566 0 -0.12457274 0.99221039 0 0 0 1 -0.12457274 0.99221039 0 0.30218944 0.95324779 0 0 0 1 0 0 1 0.30218944 0.95324779 0 0.67459702 0.73818624 0 0.71177155 0.70029122 0.054530844 -0.35359681 0.61224663 0.70719397 0.61778313 0.75748265 0.2111017 0 0 1 -0.35738456 0.61640674 0.70165449 -0.35738456 0.61640674 0.70165449 0 0 1 -0.95928508 -0.28242904 0.0024347242 0 0 1 -0.99391007 -0.11019435 0 0 0 1 -0.98880523 0.14921157 0 -0.9643743 0.2645416 0 0 0 1 -0.84109056 0.54089439 0 0 0 1 -0.62435955 0.78113717 0 0 0 1 -0.52830184 0.8490566 0 -0.12457274 0.99221039 0 0 0 1 0 0 1 -0.12457274 0.99221039 0 0.30218944 0.95324779 0 0.30218944 0.95324779 0 0 0 1 0.67459702 0.73818624 0 0.92086101 0.38989091 0 0.67459702 0.73818624 0 0 0 1 -0.12457274 0.99221039 0 -0.52830184 0.8490566 0 0 0 1 -0.4682523 -0.88359475 0 0 0 1 -0.65124577 -0.75886685 0 0 0 1 -0.80457407 -0.59385222 0 0 0 1 -0.91686523 -0.39919701 0 0 0 1 -0.98271662 -0.18511637 0 0 0 1 0 0 1 -0.99933416 0.036486827 0 -0.99364382 0.11256963 0 0 0 1 0 0 1 0.99158812 0.12943301 0 0 0 1 0.96591592 0.25885594 0 0.99158812 -0.12943301 0 0 0 1 0 0 1 -0.96591592 0.25885594 0 -0.96591592 -0.25885594 0 -0.96591592 0.25885594 0 0 0 1 -0.96591592 -0.25885594 0 -0.96591592 -0.25885594 0 0 0 1 -0.70710409 -0.70710409 0.0027729466 0 0 1 -0.25885594 -0.96591592 0 -0.70710409 -0.70710409 0.0027729466 -0.96591592 -0.25885594 0 -0.70710409 -0.70710409 0.0027729466 0 0 1 0 0 1 0.79536873 0.60612589 0 0.86791414 0.49671403 0 0 0 1 0 0 1 -0.8470878 0.53145307 0 0 0 1 -0.70572162 0.70848918 0 -0.59385234 0.80457395 0 0 0 1 -0.39919701 0.91686523 0 0 0 1 -0.18511637 0.98271662 0 0 0 1 0.036486827 0.99933416 0 0 0 1 0 0 1 0.25885594 0.96591592 0 0 0 1 0.33190614 0.94331235 0 0 0 1 0.53145307 0.8470878 0 0.65124577 0.75886685 0 0 0 1 0.80457395 0.59385234 0 0 0 1 0.91686523 0.39919701 0 0 0 1 0 0 1 0.98271662 0.18511637 0 0 0 1 0.99364382 0.11256963 0 0.99933416 -0.036486827 0 0 0 1 0.96591592 -0.25885594 0 0 0 1 0.88359475 -0.4682523 0 0 0 1 0 0 1 0.75886685 -0.65124577 0 0 0 1 0.70572162 -0.70848918 0 0.59385222 -0.80457407 0 0 0 1 -0.12457274 0.99221039 0 0 0 1 0.30218944 0.95324779 0 0.64953297 0.7528677 0.10628716 0.30218944 0.95324779 0 0 0 1 0 0 1 -0.88855129 0.45877725 0 0 0 1 -0.71124578 0.70294333 0 -0.52830184 0.8490566 0 0 0 1 -0.12457274 0.99221039 0 0.30218944 0.95324779 0 -0.12457274 0.99221039 0 0 0 1 0 0 1 -0.25885594 -0.96591592 0 -0.33190626 -0.94331247 0 0 0 1 0.38370711 0.92345482 0 0 0 1 0 0 1 -0.53145313 -0.84708774 0 0 0 1 -0.70848918 -0.70572162 0 0 0 1 -0.8470878 -0.53145307 0 0 0 1 -0.94436228 -0.32890713 0 -0.99364382 -0.11256963 0 0 0 1 0 0 1 0.96591592 -0.25885594 0 0.86791426 -0.49671397 0 0 0 1 0 0 1 -0.70572162 0.70848918 0 -0.96591592 0.25885594 0 -0.96591592 0.25885594 0 -0.70572162 0.70848918 0 0 0 1 -0.70572162 0.70848918 0 -0.25885594 0.96591592 0 0 0 1 -0.25885594 0.96591592 0 0.25885594 0.96591592 0 0 0 1 0.25885594 0.96591592 0 0.70572162 0.70848918 0 0 0 1 0.70572162 0.70848918 0 0.96591592 0.25885594 0 0 0 1 0.96591592 0.25885594 0 0.96591592 -0.25885594 0 0 0 1 0.96591592 -0.25885594 0 0.70848918 -0.70572162 0 0 0 1 0.70848918 -0.70572162 0 0.25885594 -0.96591592 0 0 0 1 0 0 1 0.25885594 -0.96591592 0 -0.25885594 -0.96591592 0 -0.70710409 -0.70710409 0.0027729466 -0.25885594 -0.96591592 0 0 0 1 0 0 1 0.50620061 0.86241585 0 0.61527079 0.78831571 0 0 0 1 0.25885594 -0.96591592 0 0 0 1 0 0 1 -0.12699859 -0.99190289 0 0.0039292276 -0.99999225 0 0 0 1 0 0 1 0.38370705 -0.92345488 0 0 0 1 0.25885594 0.96591592 0 -0.25885594 0.96591592 0 0.25885594 0.96591592 0 0 0 1 -0.25885594 0.96591592 0 0 0 1 -0.70572162 0.70848918 0 -0.25885594 0.96591592 0 -0.25885594 0.96591592 0 -0.70572162 0.70848918 0 0 0 1 0 0 1 0.70572162 -0.70848918 0 0.60612589 -0.79536873 0 0 0 1 0 0 1 -0.53145307 0.8470878 0 0 0 1 -0.32890713 0.94436228 0 0 0 1 -0.11256963 0.99364382 0 0.11256963 0.99364382 0 0 0 1 0 0 1 -0.70572162 -0.70848918 0 0.70848918 0.70572162 0 0.25885594 0.96591592 0 0 0 1 -0.60612589 -0.79536873 0 0 0 1 0 0 1 -0.25885594 -0.96591592 0 -0.38370705 -0.92345488 0 0 0 1 0 0 1 0.70848918 0.70572162 0 0 0 1 0.8470878 0.53145307 0 0.94436228 0.32890713 0 0 0 1 -0.98368722 0.17988725 0 0 0 1 0 0 1 -0.91133922 0.41165608 0 0 0 1 -0.98368722 0.17988725 0 -0.88191271 0.47141278 0 0 0 1 0.96591592 -0.25885594 0 0.96591592 0.25885594 0 0 0 1 0 0 1 -0.96591592 -0.25885594 0 -0.99158812 -0.12943293 0 0 0 1 0 0 1 0.99364388 -0.11256971 0 0 0 1 0.94331247 -0.33190626 0 0.84708774 -0.53145313 0 0 0 1 0 0 1 -0.52514875 0.85101044 0 -0.70848918 0.70572162 0 0 0 1 0 0 1 -0.52514875 0.85101044 0 0 0 1 -0.66006738 0.75120634 0 0 0 1 -0.79536873 0.60612589 0 -0.83495814 0.55031341 0 0 0 1 0 0 1 0.53145307 -0.8470878 0 0.39919701 -0.91686523 0 0 0 1 0.18511637 -0.98271662 0 0 0 1 0 0 1 -0.036486827 -0.99933416 0 -0.11256971 -0.99364388 0 0 0 1 0 0 1 0.70572162 0.70848918 0 0.60612589 0.79536873 0 0 0 1 -0.70848918 -0.70572162 0 -0.25885594 -0.96591592 0 0 0 1 0 0 1 0.25885594 0.96591592 0 0.0039292276 0.99999225 0 0 0 1 0 0 1 0.79536873 -0.60612589 0 0.61527079 -0.78831571 0 0 0 1 -0.70572162 0.70848918 0 0 0 1 -0.25885594 0.96591592 0 -0.25885594 0.96591592 0 0 0 1 0.25885594 0.96591592 0 0.25885594 0.96591592 0 0 0 1 0.70572162 0.70848918 0 0.70572162 0.70848918 0 0 0 1 0.96591592 0.25885594 0 0.96591592 0.25885594 0 0 0 1 0.96591592 -0.25885594 0 0.96591592 -0.25885594 0 0 0 1 0.70848918 -0.70572162 0 0.70848918 -0.70572162 0 0 0 1 0.25885594 -0.96591592 0 -0.25885594 -0.96591592 0 0.25885594 -0.96591592 0 0 0 1 0 0 1 0.29925257 0.95417398 0 0.29925257 0.95417398 0 0 0 1 0 0 1 -0.49355096 -0.86971682 0 -0.37754002 -0.92599332 0 0 0 1 0.25885594 0.96591592 0 0 0 1 0.70848918 0.70572162 0 0.70848918 0.70572162 0 0 0 1 0.25885594 0.96591592 0 0 0 1 0.96591592 0.25885594 0 0.70848918 0.70572162 0 0.70848918 0.70572162 0 0.96591592 0.25885594 0 0 0 1 -0.70572162 0.70848918 0 0 0 1 -0.96591592 0.25885594 0 0 0 1 -0.96591592 -0.25885594 0 -0.96591592 0.25885594 0 -0.70572162 0.70848918 0 -0.96591592 0.25885594 0 0 0 1 0 0 1 0.92216492 -0.38679695 0 0.86426377 -0.503039 0 0 0 1 0 0 1 -0.92216492 -0.38679695 0 -0.86426377 -0.503039 0 0 0 1 0 0 1 0.96591592 0.25885594 0 0.70848918 0.70572162 0 0.96591592 0.25885594 0 0 0 1 0.70848918 0.70572162 0 0.25885594 0.96591592 0 0.70848918 0.70572162 0 0 0 1 0 0 1 -0.25885594 0.96591592 0 0.25885594 0.96591592 0 0 0 1 -0.70848918 0.70572162 0 -0.25885594 0.96591592 0 0.25885594 0.96591592 0 -0.25885594 0.96591592 0 0 0 1 0 0 1 0.12699859 -0.99190289 0 -0.0039292276 -0.99999225 0 0 0 1 0 0 1 -0.78593671 0.61830688 0 -0.78593671 0.61830688 0 0 0 1 0 0 1 0.70572162 -0.70848918 0 0.96591592 -0.25885594 0 0 0 1 0.96591592 0.25885594 0 0.96591592 -0.25885594 0 0.96591592 -0.25885594 0 0.70572162 -0.70848918 0 0 0 1 0.96591592 0.25885594 0 0 0 1 0.70848918 0.70572162 0 0 0 1 0.25885594 0.96591592 0 0.70848918 0.70572162 0 0.96591592 0.25885594 0 0.70848918 0.70572162 0 0 0 1 0 0 1 -0.79536873 -0.60612589 0 -0.86791426 -0.49671397 0 0 0 1 0 0 1 -0.036486827 0.99933416 0 -0.43357995 0.90111518 0 -0.43357995 0.90111518 0 -0.036486827 0.99933416 0 0 0 1 0 0 1 0.25885594 -0.96591592 0 0.70572162 -0.70848918 0 0.70572162 -0.70848918 0 0.25885594 -0.96591592 0 0.25639677 -0.44564208 0.85770851 0.25885594 -0.96591592 0 -0.25885594 -0.96591592 0 0 -0.51568019 0.85678113 0 0 1 0.44564208 0.25639677 0.85770851 0.70572162 0.70848918 0 0.96591592 0.25885594 0 0.96591592 -0.25885594 0 0.96591592 0.25885594 0 0 0 1 0 0 1 -0.25885594 -0.96591592 0 0.25885594 -0.96591592 0 0.25885594 -0.96591592 0 0.70572162 -0.70848918 0 0 0 1 0 0 1 0.70572162 -0.70848918 0 0.25885594 -0.96591592 0 0.25885594 -0.96591592 0 -0.25885594 -0.96591592 0 0 0 1 -0.25885594 -0.96591592 0 -0.70848918 -0.70572162 0 0 0 1 -0.70848918 -0.70572162 0 -0.96591592 -0.25885594 0 0 0 1 0.70572162 -0.70848918 0 0 0 1 0.96591592 -0.25885594 0 0 0 1 0.96591592 0.25885594 0 0.96591592 -0.25885594 0 0.70572162 -0.70848918 0 0.96591592 -0.25885594 0 0 0 1 0 0 1 -0.91821116 0.39609116 0 -0.91821116 0.39609116 0 0 0 1 0 0 1 0.32890713 -0.94436228 0 0.11256963 -0.99364382 0 0 0 1 0 0 1 0.92216492 0.38679683 0 0.86426377 0.503039 0 0 0 1 0 0 1 -0.96591592 -0.25885594 0 -0.70848918 -0.70572162 0 -0.96591592 -0.25885594 0 0 0 1 -0.70848918 -0.70572162 0 -0.25885594 -0.96591592 0 -0.70848918 -0.70572162 0 0 0 1 0 0 1 0.25885594 -0.96591592 0 -0.25885594 -0.96591592 0 0 0 1 0.70848918 -0.70572162 0 0.25885594 -0.96591592 0 -0.25885594 -0.96591592 0 0.25885594 -0.96591592 0 0 0 1 0 0 1 -0.12699865 0.99190283 0 -0.3775399 0.92599326 0 0 0 1 0 0 1 0.50620061 -0.86241585 0 0 0 1 0.29925245 -0.95417386 0 -0.69336855 -0.13207026 0.70837665 0 0 1 0.20367695 -0.97903812 0 0.20367695 -0.97903812 0 0 0 1 -0.69857204 -0.15490071 0.69857204 -0.69986552 -0.10972462 0.70579654 0 0 1 -0.70697039 -0.019638166 0.70697057 0 0 1 -0.70163137 0.084780492 0.70747828 0 0 1 0 0 1 -0.69336855 0.13207026 0.70837665 0.20367704 0.97903812 0 0.20367704 0.97903812 0 -0.69510025 0.17147857 0.69816232 0 0 1 -0.62238085 0.33562967 0.70710313 0 0 1 -0.66111112 0.24673048 0.70855927 0 0 1 0 0 1 -0.67747575 -0.7355451 0 -0.67747575 -0.7355451 0 0 0 1 0 0 1 0.96591592 -0.25885594 0 0.96591592 0.25885594 0 0.96591592 0.25885594 0 0.96591592 -0.25885594 0 0 0 1 0.96591592 -0.25885594 0 0.70848918 -0.70572162 0 0 0 1 0.70848918 -0.70572162 0 0.25885594 -0.96591592 0 0 0 1 0.25885594 -0.96591592 0 -0.25885594 -0.96591592 0 0 0 1 -0.25885594 -0.96591592 0 -0.70572162 -0.70848918 0 0 0 1 0 0 1 -0.70572162 -0.70848918 0 -0.96591592 -0.25885594 0 -0.96591592 0.25885594 0 -0.96591592 -0.25885594 0 0 0 1 0 0 1 0.9999826 -0.0059053865 0 0.99060047 -0.13678671 0 0 0 1 0 0 1 -0.9999826 -0.0059053865 0 -0.99060047 -0.13678671 0 0 0 1 0.96591592 0.25885594 0 0 0 1 0.96591592 -0.25885594 0 0.96591592 -0.25885594 0 0 0 1 0.96591592 0.25885594 0 0 0 1 0.70572162 -0.70848918 0 0.96591592 -0.25885594 0 0.96591592 -0.25885594 0 0.70572162 -0.70848918 0 0 0 1 0.25885594 -0.96591592 0 -0.25885594 -0.96591592 0 0 0 1 0.70572162 -0.70848918 0 0.25885594 -0.96591592 0 0 0 1 -0.25885594 -0.96591592 0 -0.70710409 -0.70710409 0.0027729466 0 0 1 -0.70710409 -0.70710409 0.0027729466 -0.96591592 -0.25885594 0 0 0 1 -0.96591592 -0.25885594 0 -0.96591592 0.25885594 0 0 0 1 0 0 1 -0.96591592 0.25885594 0 -0.70848918 0.70572162 0 -0.25885594 0.96591592 0 -0.70848918 0.70572162 0 0 0 1 0 0 1 0.49355096 -0.86971682 0 0.3775399 -0.92599326 0 0 0 1 0 0 1 -0.50620061 0.86241585 0 -0.61527079 0.78831571 0 0 0 1 0.70572162 -0.70848918 0 0 0 1 0.25885594 -0.96591592 0 0.25885594 -0.96591592 0 0 0 1 0.70572162 -0.70848918 0 0 0 1 -0.25885594 -0.96591592 0 0.25885594 -0.96591592 0 0.25885594 -0.96591592 0 -0.25885594 -0.96591592 0 0 0 1 -0.25885594 -0.96591592 0 -0.70572162 -0.70848918 0 0 0 1 -0.70572162 -0.70848918 0 -0.96591592 -0.25885594 0 0 0 1 -0.96591592 -0.25885594 0 -0.96591592 0.25885594 0 0 0 1 -0.96591592 0.25885594 0 -0.70848918 0.70572162 0 0 0 1 -0.70848918 0.70572162 0 -0.25885594 0.96591592 0 0 0 1 0 0 1 -0.25885594 0.96591592 0 0.25885594 0.96591592 0 0.70848918 0.70572162 0 0.25885594 0.96591592 0 0 0 1 0 0 1 -0.50620061 -0.86241585 0 -0.61527079 -0.78831571 0 0 0 1 0 0 1 0.36525998 0.93090564 0 -0.036486827 0.99933416 0 -0.036486827 0.99933416 0 0.36525998 0.93090564 0 0 0 1 0.25885594 -0.96591592 0 0 0 1 -0.25885594 -0.96591592 0 0 0 1 -0.70710409 -0.70710409 0.0027729466 -0.25885594 -0.96591592 0 -0.25885594 -0.96591592 0 -0.70710409 -0.70710409 0.0027729466 -0.25639689 -0.44564211 0.85770845 -0.70710409 -0.70710409 0.0027729466 -0.96591592 -0.25885594 0 -0.4456422 -0.2563968 0.85770845 -0.96591592 -0.25885594 0 -0.96591592 0.25885594 0 -0.51568019 0 0.85678113 -0.96591592 0.25885594 0 -0.70572162 0.70848918 0 -0.44564208 0.25639677 0.85770851 -0.70572162 0.70848918 0 -0.25885594 0.96591592 0 -0.25639677 0.44564208 0.85770851 -0.25885594 0.96591592 0 0.25885594 0.96591592 0 0 0.51568019 0.85678113 0.25639677 0.44564208 0.85770851 0.25885594 0.96591592 0 0.70572162 0.70848918 0 0.96591592 0.25885594 0 0.70572162 0.70848918 0 0 0 1 -0.25885594 -0.96591592 0 0 0 1 -0.70848918 -0.70572162 0 -0.70848918 -0.70572162 0 0 0 1 -0.96591592 -0.25885594 0 0 0 1 -0.96591592 0.25885594 0 -0.96591592 -0.25885594 0 -0.96591592 -0.25885594 0 -0.96591592 0.25885594 0 0 0 1 -0.96591592 0.25885594 0 -0.70848918 0.70572162 0 0 0 1 -0.70848918 0.70572162 0 -0.25885594 0.96591592 0 0 0 1 -0.25885594 0.96591592 0 0.25885594 0.96591592 0 0 0 1 0.25885594 0.96591592 0 0.70572162 0.70848918 0 0 0 1 0 0 1 0.70572162 0.70848918 0 0.96591592 0.25885594 0 0.96591592 -0.25885594 0 0.96591592 0.25885594 0 0 0 1 0 0 1 -0.99364382 -0.11256963 0 -0.9559902 0.29339862 0 -0.9559902 0.29339862 0 -0.99364382 -0.11256963 0 0 0 1 0 0 1 0.9999826 0.0059053865 0 0.99060047 0.13678671 0 0 0 1 -0.96591592 -0.25885594 0 0 0 1 -0.96591592 0.25885594 0 -0.96591592 0.25885594 0 0 0 1 -0.96591592 -0.25885594 0 0 0 1 -0.70572162 0.70848918 0 -0.96591592 0.25885594 0 -0.96591592 0.25885594 0 -0.70572162 0.70848918 0 0 0 1 -0.25885594 0.96591592 0 0.25885594 0.96591592 0 0 0 1 -0.70572162 0.70848918 0 -0.25885594 0.96591592 0 0 0 1 0.25885594 0.96591592 0 0.70848918 0.70572162 0 0 0 1 0.70848918 0.70572162 0 0.96591592 0.25885594 0 0 0 1 0.96591592 0.25885594 0 0.96591592 -0.25885594 0 0 0 1 0 0 1 0.96591592 -0.25885594 0 0.70848918 -0.70572162 0 0.25885594 -0.96591592 0 0.70848918 -0.70572162 0 0 0 1 0 0 1 -0.49355108 0.86971682 0 -0.67747569 0.73554516 0 0 0 1 0.29925245 -0.95417386 0 0 0 1 -0.54646939 -0.44983774 0.70641166 0 0 1 -0.60175556 -0.3715758 0.70698059 0 0 1 -0.67084235 -0.24681939 0.69932157 0 0 1 -0.67084235 -0.24681939 0.69932157 -0.92969793 -0.36832294 0 -0.66339862 -0.24324621 0.70762527 -0.68404907 -0.18487817 0.70561814 -0.97959107 -0.201001 0 -0.70529771 -0.11606177 0.69934601 -0.99960351 -0.02815786 0 -0.70697039 0.019638166 0.70697057 -0.98954624 0.14421637 0 -0.70121181 0.12885524 0.70121199 -0.94942248 0.31400171 0 -0.66761124 0.24679472 0.7024157 -0.88021559 0.47457403 0 -0.60175544 0.3715758 0.70698065 -0.5473817 0.45726413 0.70091563 0 0 1 -0.7460357 -0.66590595 0 0 0 1 -0.48535168 0.52886599 0.69622862 -0.48535168 0.52886599 0.69622862 -0.46368131 0.53373379 0.70719725 0 0 1 -0.7460357 -0.66590595 0 -0.4426381 0.54913723 0.70888633 0 0 1 0.96591592 -0.25885594 0 0 0 1 0.70848918 -0.70572162 0 0.70848918 -0.70572162 0 0 0 1 0.25885594 -0.96591592 0 0.25885594 -0.96591592 0 0 0 1 -0.25885594 -0.96591592 0 -0.25885594 -0.96591592 0 0 0 1 -0.70572162 -0.70848918 0 -0.96591592 -0.25885594 0 -0.70572162 -0.70848918 0 0 0 1 0 0 1 0.97552198 0.21990186 0 0.97552198 0.21990186 0 0 0 1 0 0 1 -0.97552198 0.21990186 0 -0.97552198 0.21990186 0 0 0 1 0.70572162 -0.70848918 0 0 0 1 0.25885594 -0.96591592 0 0.25885594 -0.96591592 0 0 0 1 -0.25885594 -0.96591592 0 -0.25885594 -0.96591592 0 0 0 1 -0.70710409 -0.70710409 0.0027729466 -0.70710409 -0.70710409 0.0027729466 0 0 1 -0.96591592 -0.25885594 0 -0.96591592 -0.25885594 0 0 0 1 -0.96591592 0.25885594 0 -0.70848918 0.70572162 0 -0.96591592 0.25885594 0 0 0 1 0 0 1 0.67747569 -0.73554516 0 0.67747569 -0.73554516 0 0 0 1 0 0 1 -0.29925257 0.95417398 0 -0.29925257 0.95417398 0 0 0 1 -0.25885594 -0.96591592 0 0 0 1 -0.70572162 -0.70848918 0 -0.70572162 -0.70848918 0 0 0 1 -0.96591592 -0.25885594 0 -0.96591592 -0.25885594 0 0 0 1 -0.96591592 0.25885594 0 -0.96591592 0.25885594 0 0 0 1 -0.70848918 0.70572162 0 -0.70848918 0.70572162 0 0 0 1 -0.25885594 0.96591592 0 0.25885594 0.96591592 0 -0.25885594 0.96591592 0 0 0 1 0 0 1 -0.29925245 -0.95417386 0 -0.29925245 -0.95417386 0 0 0 1 0 0 1 0.45877725 0.88855129 0 0.45877725 0.88855129 0 0 0 1 0.54717648 0.8370173 0 0.56767422 -0.42160597 0.70710284 0 0 1 -0.70710409 -0.70710409 0.0027729466 0 0 1 -0.96591592 -0.25885594 0 -0.96591592 -0.25885594 0 0 0 1 -0.96591592 0.25885594 0 -0.96591592 0.25885594 0 0 0 1 -0.70572162 0.70848918 0 -0.70572162 0.70848918 0 0 0 1 -0.25885594 0.96591592 0 -0.25885594 0.96591592 0 0 0 1 0.25885594 0.96591592 0 0.70572162 0.70848918 0 0.25885594 0.96591592 0 0 0 1 -0.96591592 0.25885594 0 0 0 1 -0.70848918 0.70572162 0 -0.70848918 0.70572162 0 0 0 1 -0.25885594 0.96591592 0 -0.25885594 0.96591592 0 0 0 1 0.25885594 0.96591592 0 0.25885594 0.96591592 0 0 0 1 0.70572162 0.70848918 0 0.96591592 0.25885594 0 0.70572162 0.70848918 0 0 0 1 0 0 1 -0.97673249 -0.21446158 0 -0.97673249 -0.21446158 0 0 0 1 0 0 1 0.97552198 -0.21990186 0 0.97552198 -0.21990186 0 0 0 1 -0.70572162 0.70848918 0 0 0 1 -0.25885594 0.96591592 0 -0.25885594 0.96591592 0 0 0 1 0.25885594 0.96591592 0 0.25885594 0.96591592 0 0 0 1 0.70848918 0.70572162 0 0.70848918 0.70572162 0 0 0 1 0.96591592 0.25885594 0 0.96591592 0.25885594 0 0 0 1 0.96591592 -0.25885594 0 0.70848918 -0.70572162 0 0.96591592 -0.25885594 0 0 0 1 0 0 1 -0.67747569 0.73554516 0 0 0 1 -0.46368131 -0.53373379 0.70719725 -0.7460357 0.66590595 0 0 0 1 -0.7460357 0.66590595 0 -0.48876467 -0.52558947 0.69632232 -0.507635 -0.49093634 0.70801705 -0.5473817 -0.45726413 0.70091563 -0.7460357 -0.66590595 0 -0.5473817 -0.45726413 0.70091563 -0.62238097 -0.33562967 0.70710307 -0.85101044 -0.52514875 0 0 0 -1 -0.88021559 -0.47457403 0 0 0 -1 -0.94942248 -0.31400171 0 0 0 -1 -0.98954624 -0.14421637 0 0 0 -1 -0.99960351 0.02815786 0 0 0 -1 -0.97959101 0.20100108 0 0 0 -1 -0.92969793 0.36832294 0 0 0 -1 -0.85101044 0.52514875 0 -0.78354388 0.62133652 0 -0.54330611 0.45331076 0.70663124 -0.51634538 0.50628698 0.690696 -0.66590595 0.7460357 0 -0.42512721 0.56462216 0.70743817 -0.37157562 0.60175562 0.70698065 0 0 1 -0.27850151 0.65303826 0.70425695 -0.27850151 0.65303826 0.70425695 0 0 1 0 0 1 -0.23279545 0.66692722 0.70782375 0.94942248 0.31400171 0 0.94942248 0.31400171 0 -0.19845079 0.68837619 0.69767857 0 0 1 -0.1160585 0.69635153 0.70825493 0 0 1 -0.019637991 0.70697045 0.70697045 0 0 1 0.12243815 0.70476657 0.69879401 0 0 1 -0.94942248 0.31400171 0 0 0 1 0.21557127 0.6842047 0.69670153 0.21557127 0.6842047 0.69670153 0.23279545 0.66692722 0.70782375 0 0 1 -0.94942248 0.31400171 0 0.25375354 0.65975916 0.70733798 0 0 1 0.33562946 0.62238103 0.70710313 0 0 1 0.42512721 0.56462216 0.70743817 0.42512721 0.56462216 0.70743817 0 0 1 0 0 1 0.46368131 0.53373379 0.70719725 0.7460357 -0.66590595 0 0.7460357 -0.66590595 0 0.49526027 0.51533854 0.69938791 0 0 1 0.54646951 0.44983748 0.70641154 0 0 1 0.60175574 0.37157586 0.70698059 0 0 1 0.67084235 0.24681939 0.69932157 0 0 1 -0.20367688 0.97903818 0 0 0 1 0.6985721 0.15490071 0.69857192 0.6985721 0.15490071 0.69857192 0.69336855 0.13207026 0.70837665 0 0 1 -0.20367688 0.97903818 0 0.69986552 0.10972462 0.70579654 0 0 1 0.70697045 0.019637991 0.70697045 0 0 1 0.70163137 -0.084780492 0.70747828 0.70163137 -0.084780492 0.70747828 0 0 1 0 0 1 0.69336855 -0.13207026 0.70837665 -0.20367695 -0.97903812 0 -0.20367695 -0.97903812 0 0.69510031 -0.17147848 0.69816232 0 0 1 0.66111112 -0.24673048 0.70855927 0 0 1 0.64430118 -0.36159766 0.67388654 0.64430118 -0.36159766 0.67388654 0 0 1 0.54717648 0.8370173 0 0 0 1 0.61387593 -0.42704406 0.66391999 0.54646945 -0.44983763 0.70641166 0 0 1 0.47055194 -0.5272851 0.7074964 0 0 1 0.37157595 -0.60175562 0.70698059 0 0 1 0.27850151 -0.65303826 0.70425695 0 0 1 0 0 1 0.23279531 -0.66692722 0.70782363 -0.94942248 -0.31400171 0 -0.94942248 -0.31400171 0 0.20869839 -0.68527848 0.69773799 0.17145929 -0.68583679 0.70726913 0 0 1 0.1160586 -0.69635147 0.70825499 0 0 1 0.019637991 -0.70697045 0.70697045 0 0 1 -0.12243824 -0.70476657 0.69879389 -0.12243824 -0.70476657 0.69879389 0 0 1 0.94942248 -0.31400171 0 0 0 1 -0.21557127 -0.6842047 0.69670153 -0.23279545 -0.66692722 0.70782375 0 0 1 0.94942248 -0.31400171 0 -0.25375354 -0.65975916 0.70733798 0 0 1 -0.33562955 -0.62238103 0.70710301 0 0 1 0 0 1 -0.42512721 -0.56462216 0.70743817 -0.46419814 -0.54100782 0.7013064 -0.62133652 -0.78354388 0 0 0 -1 -0.66590595 -0.7460357 0 -0.78354388 -0.62133652 0 0 0 -1 0.88021559 0.47457403 0 0 0 -1 0.94942248 0.31400171 0 0 0 -1 0.98954624 0.14421637 0 0 0 -1 0.99960351 -0.02815786 0 0 0 -1 0.97959107 -0.201001 0 0 0 -1 0.92969793 -0.36832294 0 0 0 -1 0.85101044 -0.52514875 0 0 0 -1 0.7460357 -0.66590595 0 0 0 -1 0 0 -1 -0.7460357 0.66590595 0 0 0 -1 -0.62133652 0.78354388 0 -0.52514875 0.85101044 0 -0.33562946 0.62238103 0.70710313 -0.29982671 0.64156514 0.70604396 -0.36832294 0.92969793 0 -0.21901423 0.68207318 0.69771695 -0.20100091 0.97959101 0 -0.12243924 0.70178652 0.70178652 -0.02815786 0.99960351 0 0.019637991 0.70697045 0.70697045 0.14421637 0.98954624 0 0.12243507 0.69578898 0.70773399 0.18152992 0.69842839 0.69227487 0.31400171 0.94942248 0 0.27850151 0.65303826 0.70425695 0.47457403 0.88021559 0 0.37157607 0.60175556 0.70698059 0.40746579 0.57972771 0.70561135 0.62133652 0.78354388 0 0.48165923 0.52848727 0.69907486 0.7460357 0.66590595 0 0.54738194 0.45726392 0.70091563 0.85101044 0.52514875 0 0.62238103 0.33562946 0.70710313 0.92969793 0.36832294 0 0.66339862 0.24324621 0.70762527 0.6955418 0.19166043 0.69245052 0.97959101 0.20100091 0 0.70163137 0.084780492 0.70747828 0.99960351 0.02815786 0 0.70697039 -0.019638078 0.70697051 0.70581162 -0.060498171 0.70581156 0.98954624 -0.14421637 0 0.69741505 -0.15161192 0.70044714 0.94942248 -0.31400171 0 0.66761124 -0.24679472 0.7024157 0.88021559 -0.47457403 0 0.61224669 -0.35359704 0.70719391 0.57972771 -0.40746579 0.70561135 0.78354388 -0.62133652 0 0.56976116 -0.4658637 0.67701054 0.66590595 -0.7460357 0 0.4393732 -0.55587363 0.70565987 0.52514875 -0.85101044 0 0.33562946 -0.62238103 0.70710313 0.36832294 -0.92969793 0 0.23981918 -0.67212498 0.70052463 0.12243924 -0.70178652 0.70178652 0.201001 -0.97959107 0 0.12243924 -0.70178652 0.70178652 0.02815786 -0.99960351 0 -0.019637991 -0.70697045 0.70697045 -0.14421637 -0.98954624 0 -0.12243487 -0.69578904 0.70773387 -0.18487817 -0.68404907 0.70561814 -0.31400171 -0.94942248 0 -0.25384548 -0.6695174 0.69807512 -0.37157571 -0.60175562 0.70698059 -0.47457403 -0.88021559 0 -0.52514875 -0.85101044 0 0 0 -1 0.66590595 0.7460357 0 0 0 -1 0 0 -1 0.78354388 0.62133652 0 0 0 -1 0.85101044 0.52514875 0 0 0 -1 0.92969793 0.36832294 0 0 0 -1 0.97959101 0.20100091 0 0 0 -1 0.99960351 0.02815786 0 0 0 -1 0.98954624 -0.14421637 0 0 0 -1 0.94942248 -0.31400171 0 0 0 -1 0.88021559 -0.47457403 0 0 0 -1 0.78354388 -0.62133652 0 0 0 -1 0.66590595 -0.7460357 0 0.62133652 -0.78354388 0 0 0 -1 0.47457403 -0.88021559 0 0 0 -1 0 0 -1 -0.47457403 0.88021559 0 0 0 -1 -0.31400171 0.94942248 0 0 0 -1 -0.14421637 0.98954624 0 0 0 -1 0.02815786 0.99960351 0 0 0 -1 0.20100108 0.97959101 0 0 0 -1 0.36832294 0.92969793 0 0 0 -1 0.52514875 0.85101044 0 0 0 -1 0.66590595 0.7460357 0 0 0 -1 0.78354388 0.62133652 0 0 0 -1 0.88021559 0.47457403 0 0 0 -1 0.94942248 0.31400171 0 0 0 -1 0.98954624 0.14421637 0 0 0 -1 0.99960351 -0.02815786 0 0 0 -1 0.97959107 -0.201001 0 0 0 -1 0.92969793 -0.36832294 0 0 0 -1 0.85101044 -0.52514875 0 0 0 -1 0.7460357 -0.66590595 0 0 0 -1 0.62133652 -0.78354388 0 0 0 -1 0.47457403 -0.88021559 0 0 0 -1 0.31400171 -0.94942248 0 0 0 -1 0.14421637 -0.98954624 0 0 0 -1 -0.02815786 -0.99960351 0 0 0 -1 -0.201001 -0.97959107 0 -0.36832294 -0.92969793 0 0 0 -1 0 0 -1 0.52514875 0.85101044 0 0 0 -1 0.62133652 0.78354388 0 0.7460357 0.66590595 0 0 0 -1 -0.73554516 -0.67747569 0 -1 0 0 0 0 -1 -1 0 0 -0.73554516 0.67747569 0 0 0 -1 -0.68889499 0.72486126 0 0 0 -1 -0.52830184 0.8490566 0 0 0 -1 0 0 -1 0.52514875 -0.85101044 0 0 0 -1 0.36832294 -0.92969793 0 0.31400171 -0.94942248 0 0 0 -1 0.14421637 -0.98954624 0 0 0 -1 -0.02815786 -0.99960351 0 0 0 -1 -0.201001 -0.97959107 0 0 0 -1 -0.36832294 -0.92969793 0 0 0 -1 -0.52514875 -0.85101044 0 0 0 -1 -0.66590595 -0.7460357 0 0 0 -1 -0.78354388 -0.62133652 0 0 0 -1 -0.88021559 -0.47457403 0 0 0 -1 -0.94942248 -0.31400171 0 0 0 -1 -0.98954624 -0.14421637 0 0 0 -1 -0.99960351 0.02815786 0 0 0 -1 -0.97959101 0.20100108 0 0 0 -1 -0.92969793 0.36832294 0 0 0 -1 -0.85101044 0.52514875 0 0 0 -1 -0.7460357 0.66590595 0 0 0 -1 -0.62133652 0.78354388 0 0 0 -1 -0.47457403 0.88021559 0 0 0 -1 -0.31400171 0.94942248 0 0 0 -1 -0.14421637 0.98954624 0 0 0 -1 0.02815786 0.99960351 0 0 0 -1 0.20100108 0.97959101 0 0 0 -1 0 0 -1 0.36832294 0.92969793 0 0.47457403 0.88021559 0 0 0 -1 0 0 -1 -0.63638294 -0.77137327 0 0 0 1 -0.68889493 -0.72486132 0 -0.73554516 -0.67747569 0 0 0 1 -1 0 0 -1 0 0 0 0 1 -0.73554516 0.67747569 0 0 0 1 -0.63638288 0.77137333 0 0 0 1 -0.47141278 0.88191271 0 -0.34698683 0.93786997 0 0 0 -1 0 0 -1 0.201001 -0.97959107 0 0 0 -1 0.02815786 -0.99960351 0 0 0 -1 -0.14421637 -0.98954624 0 0 0 -1 -0.31400171 -0.94942248 0 0 0 -1 -0.47457403 -0.88021559 0 0 0 -1 -0.62133652 -0.78354388 0 0 0 -1 -0.7460357 -0.66590595 0 0 0 -1 -0.85101044 -0.52514875 0 0 0 -1 -0.92969793 -0.36832294 0 0 0 -1 -0.97959107 -0.201001 0 0 0 -1 -0.99960351 -0.02815786 0 0 0 -1 -0.98954624 0.14421637 0 0 0 -1 -0.94942248 0.31400171 0 0 0 -1 -0.88021559 0.47457403 0 0 0 -1 -0.78354388 0.62133652 0 0 0 -1 -0.66590595 0.7460357 0 0 0 -1 -0.52514875 0.85101044 0 0 0 -1 -0.36832294 0.92969793 0 0 0 -1 -0.20100091 0.97959101 0 0 0 -1 -0.02815786 0.99960351 0 0 0 -1 0.14421637 0.98954624 0 0.31400171 0.94942248 0 0 0 -1 0 0 -1 -0.47141278 -0.88191271 0 -0.52830195 -0.8490566 0 0 0 1 0.62133652 0.78354388 0 0 0 1 0.77871662 0.6273759 0 0 0 1 0.82443869 0.56595135 0 0 1 0 0 0 1 0.59385234 0.80457395 0 0.87327683 0.48722446 0 0 0 1 0.21175338 0.97732306 0 0.59385234 0.80457395 0 0 0 1 0.94942248 0.31400171 0 0 0 1 0.1417314 0.98990524 0 0 0 1 0.99221039 0.12457274 0 0 0 1 0.99971104 -0.024041178 0 0 0 1 0.59385222 -0.80457407 0 0.21175338 -0.97732306 0 0 0 1 0.67459702 -0.73818624 0 0 0 1 0.071098424 -0.99746931 0 0 0 1 0.85101044 -0.52514875 0 0 0 1 0.94008583 -0.34093779 0 0 0 1 0 -1 0 0.87327677 -0.48722455 0 0 0 1 0.98507851 -0.17210571 0 0 0 1 0.83495814 -0.55031341 0 0 0 1 0.72754997 -0.68605477 0 0 0 1 0.56283051 -0.82657236 0 0 0 1 0.36525998 -0.93090564 0 0 0 1 0.15172182 -0.98842323 0 0 0 1 0 0 1 -0.28466812 0.95862615 0 -0.21990186 0.97552198 0 0.4998768 0.86609656 0 0 0 -1 0.4998768 0.86609656 0 0.95417398 0.29925257 0 0 0 -1 0.97232306 0.2336407 0 0 0 -1 0.99940848 0.034392592 0 0 0 -1 0.9859637 -0.16695951 0 0 0 -1 0.95417386 -0.29925245 0 0.4998768 -0.86609656 0 0 0 -1 0.4998768 -0.86609656 0 -0.21990186 -0.97552198 0 0 0 -1 0 0 -1 -0.28466821 -0.95862615 0 -0.34698674 -0.93787003 0 0 0 1 0 0 1 0.43357995 0.90111518 0 0 0 1 0.1581603 0.98737204 -0.0090377647 0 0 1 0.23087727 0.97298288 0 0 0 1 0.36525998 0.93090564 0 0 0 1 0.56283051 0.82657236 0 0 0 1 0.73022699 0.68320465 0 0.82443869 0.56595135 0 0 0 1 0 1 0 0 0 1 0.071098424 0.99746931 0 0.21175338 0.97732306 0 0 0 1 0.59385234 0.80457395 0 0.59385234 0.80457395 0 0 0 1 0.87327683 0.48722446 0 0 0 1 0.91550511 0.40230653 0 0 0 1 0.98507851 0.17210571 0 0 0 1 0.99971104 0.024041178 0 0 0 1 0.99221045 -0.12457267 0 0 0 1 0.95948142 -0.28177181 0 0 0 1 0.88691407 -0.46193442 0 0 0 1 0.74862736 -0.66299099 0 0.59385222 -0.80457407 0 0 0 1 0.21175338 -0.97732306 0 0 0 1 0.1417314 -0.98990524 0 0 -1 0 0 0 1 0.87327677 -0.48722455 0 0 0 1 0.8548727 -0.51883781 0 0 0 1 0.77383459 -0.6333878 0 0 0 1 0.62133652 -0.78354388 0 0 0 1 0.43358004 -0.90111506 0 0 0 1 0.22537383 -0.97427231 0 0.080080271 -0.99678838 0 0 0 1 0.86609656 -0.4998768 0 0.39919701 -0.91686523 0 -0.013887556 -0.9999035 0 0 0 1 0.74081504 -0.67170906 0 0.39919701 -0.91686523 0 0 0 1 -0.20367695 -0.97903812 0 0 0 1 -0.389891 -0.92086101 0 0 0 1 0 0 1 0.78593671 -0.61830688 0 0 0 1 0.82869107 -0.55970615 0 0.74081504 -0.67170906 0 0 0 1 0.39919701 -0.91686523 0 0.39919701 -0.91686523 0 0 0 1 -0.013887556 -0.9999035 0 0 0 1 -0.10782749 -0.99416965 0 0 0 1 -0.34093779 -0.94008583 0 0 0 1 -0.47773609 -0.8785035 0 0 0 1 -0.52199405 -0.85294908 0 0 0 1 -0.60306573 -0.79769146 0 -0.64235115 -0.76641047 0 0 0 1 0.080080271 -0.99678838 0 0.86609656 -0.4998768 0 0 0 1 -0.21990186 0.97552198 0 0 0 1 0.4998768 0.86609656 0 0.4998768 0.86609656 0 0 0 1 0.95417398 0.29925257 0 0 0 1 0.98596376 0.1669596 0 0 0 1 0.99940848 -0.034392592 0 0 0 1 0.97232306 -0.2336407 0 0.95417386 -0.29925245 0 0 0 1 0.4998768 -0.86609656 0 -0.21990186 -0.97552198 0 0.4998768 -0.86609656 0 0 0 1 0 0 1 0.05190219 0.99859828 -0.010380463 0.86609656 0.4998768 0 -0.015902499 0.99987352 0 0 0 1 0 0 1 -0.3409377 0.94008589 0 0 0 1 -0.38989091 0.92086101 0 0 0 1 -0.47773597 0.8785035 0 0 0 1 -0.60306573 0.79769146 0 -0.52199405 0.85294908 0 0 0 1 0 0 1 0.26080149 -0.65836483 0.70607245 0.36832294 -0.92969793 0 0.22240449 -0.67034596 0.70793539 0.14179082 -0.6908536 0.70895457 0 0 1 0.019637991 -0.70697045 0.70697045 0 0 1 -0.10342766 -0.70035326 0.70626342 0 0 1 -0.22240439 -0.67034596 0.70793533 0 0 1 -0.33562955 -0.62238103 0.70710301 0 0 1 -0.43937305 -0.55587369 0.70565981 0 0 1 -0.5272851 -0.47055194 0.7074964 0 0 1 -0.60175556 -0.3715758 0.70698059 0 0 1 -0.65836483 -0.26080149 0.70607245 0 0 1 -0.6908536 -0.14179093 0.70895463 0 0 1 -0.70697039 -0.019638166 0.70697057 0 0 1 -0.70035326 0.10342766 0.70626342 0 0 1 -0.67034584 0.2224046 0.70793539 0 0 1 -0.62238085 0.33562967 0.70710313 0 0 1 -0.55587369 0.43937305 0.70565981 0 0 1 -0.47055194 0.5272851 0.7074964 0 0 1 -0.37157562 0.60175562 0.70698065 0 0 1 -0.26080149 0.65836483 0.70607245 0 0 1 -0.14179093 0.6908536 0.70895463 0 0 1 -0.019637991 0.70697045 0.70697045 0 0 1 0.10342766 0.70035326 0.70626342 0 0 1 0 0 1 0.2224046 0.67034584 0.70793539 0.31400171 0.94942248 0 0.26080149 0.65836483 0.70607245 0.33562946 0.62238103 0.70710313 0 0 1 0.43937328 0.55587351 0.70565987 0 0 1 0 0 1 -0.7460357 -0.66590595 0 0 0 1 -0.80683953 -0.59077066 0 0 0 1 -0.99364382 -0.11256963 0 -0.85867447 -0.51252133 0 -0.85867447 -0.51252133 0 -0.99364382 -0.11256963 0 0 0 1 -0.99364382 -0.11256963 0 -0.95230973 0.30513287 0 0 0 1 -0.89959615 0.4367227 0 0 0 1 -0.86609656 0.4998768 0 -0.85867447 -0.51252133 0 0 0 1 -0.89012015 -0.45565677 -0.007947471 0 0 1 -0.9559902 -0.29339853 0 0 0 1 -0.99621671 -0.086904004 0 0 0 1 -0.99190283 0.12699865 0 0 0 1 -0.94117427 0.33792174 0 0 0 1 0 0 1 -0.8785035 0.47773597 0 0 0 1 -0.86609656 -0.4998768 0 -0.85867447 0.51252133 0 -0.85867447 0.51252133 0 -0.86609656 -0.4998768 0 0 0 1 -0.91821122 -0.3960911 0 0 0 1 -0.97298288 0.23087727 0 0 0 1 -0.99337089 -0.11495342 0 0 0 1 -0.85678113 0.51568019 0 0 0 1 0 0 1 -0.72486126 0.68889499 0 -0.64235109 0.76641053 0 0 0 1 0 0 1 0.37157595 -0.60175562 0.70698059 0.33562946 -0.62238103 0.70710313 0.52514875 -0.85101044 0 0.47457403 -0.88021559 0 0 0 1 0 0 1 0.31400171 -0.94942248 0 0.201001 -0.97959107 0 0.10342766 -0.70035326 0.70626342 0.02815786 -0.99960351 0 -0.019637991 -0.70697045 0.70697045 -0.14421637 -0.98954624 0 -0.14179093 -0.6908536 0.70895463 -0.31400171 -0.94942248 0 -0.26080149 -0.65836483 0.70607245 -0.47457403 -0.88021559 0 -0.37157571 -0.60175562 0.70698059 -0.62133652 -0.78354388 0 -0.47055194 -0.5272851 0.7074964 -0.7460357 -0.66590595 0 -0.55587369 -0.43937305 0.70565981 -0.85101044 -0.52514875 0 -0.62238097 -0.33562967 0.70710307 -0.92969793 -0.36832294 0 -0.67034584 -0.2224046 0.70793539 -0.97959107 -0.201001 0 -0.70035326 -0.10342766 0.70626342 -0.99960351 -0.02815786 0 -0.70697039 0.019638166 0.70697057 -0.98954624 0.14421637 0 -0.6908536 0.14179093 0.70895463 -0.94942248 0.31400171 0 -0.65836483 0.26080149 0.70607245 -0.88021559 0.47457403 0 -0.60175544 0.3715758 0.70698065 -0.78354388 0.62133652 0 -0.5272851 0.47055194 0.7074964 -0.66590595 0.7460357 0 -0.43937305 0.55587369 0.70565981 -0.52514875 0.85101044 0 -0.33562946 0.62238103 0.70710313 -0.36832294 0.92969793 0 -0.22240439 0.67034596 0.70793533 -0.20100091 0.97959101 0 -0.10342766 0.70035326 0.70626342 -0.02815786 0.99960351 0 0.019637991 0.70697045 0.70697045 0.14179093 0.6908536 0.70895463 0.14421637 0.98954624 0 0.20100108 0.97959101 0 0 0 1 0 0 1 0.36832294 0.92969793 0 0.47457403 0.88021559 0 0.37157607 0.60175556 0.70698059 0.62133652 0.78354388 0 0.47055194 0.5272851 0.7074964 0.5272851 0.47055194 0.7074964 0 0 1 -0.99364382 -0.11256963 0 0 0 1 -0.95230973 0.30513287 0 0 0 1 -0.92847675 0.37139067 0 -0.86609656 0.4998768 0 0 0 1 -0.88056409 -0.47373813 -0.013382464 0 0 1 -0.93190819 -0.36255059 -0.010212653 0 0 1 -0.98722976 -0.15930299 0 0 0 1 -0.9984476 0.055698566 0 0 0 1 -0.96358693 0.26739538 0 -0.89806265 0.43986753 0 0 0 1 0 0 1 -0.89337373 -0.4493145 0 0 0 1 -0.97298288 -0.23087727 0 0 0 1 -0.99337095 0.11495335 0 0 0 1 -0.9026193 0.43043977 0 -0.76641035 0.64235127 0 0 0 1 0 0 1 0.47055194 -0.5272851 0.7074964 0.4393732 -0.55587363 0.70565987 0.66590595 -0.7460357 0 0.62133652 -0.78354388 0 0 0 1 0 0 1 0.44509926 -0.89546579 0.0052674259 0.52122384 -0.85340285 0.005401263 -0.1784001 -0.85632026 -0.48465344 0.5508998 -0.83453131 0.0081816483 -0.2943556 -0.93352783 -0.20464723 -0.29808736 -0.92292404 -0.24362896 0.53948551 -0.84192431 0.010898655 -0.26524973 -0.91234255 -0.31188715 -0.25798401 -0.91598821 -0.30726182 -0.21030627 -0.89964306 -0.38264039 0.52600276 -0.85032564 0.016352354 -0.21705723 -0.88012254 -0.42222098 0.60588914 0.53480721 0.58896488 0.75046372 0.031034272 0.66018254 -0.21110308 -0.85345948 -0.47648978 0.84437615 0.27836582 0.45775697 0.88378757 -0.19737919 0.42421803 0.60588914 0.53480721 0.58896488 0.86339831 0.30418655 0.40250948 0.93179816 0.23153768 0.27953941 -0.28864941 -0.9488011 -0.1282886 0.9509173 0.25663963 0.17289405 -0.3244434 -0.94522876 -0.035765432 0.935588 0.35149151 0.03359849 -0.29708591 -0.95419991 0.035247508 0.93979383 0.34057918 -0.028168257 -0.39065284 -0.9086923 0.14720245 0.93709528 0.32594606 -0.12494604 -0.40652102 -0.88179219 0.23913006 0.92678392 0.25094447 -0.27946094 -0.2661739 -0.90967178 0.31882387 -0.2661739 -0.90967178 0.31882387 0.86548281 0.30690873 -0.39591229 0.88645023 -0.15932931 -0.43453446 0.85378808 0.28665093 -0.43459979 -0.2373971 -0.89023918 0.38873771 0.46340808 0.71011436 -0.53008544 -0.54224288 -0.47529936 0.69286597 0.76680571 -0.011113169 -0.64178306 0.46340808 0.71011436 -0.53008544 -0.16093631 -0.87198269 0.46232638 -0.58123928 -0.33770341 0.74034953 -0.10582144 -0.78190327 0.61435252 -0.55187267 -0.21889938 0.80468613 -0.48338756 -0.19815886 0.85268372 -0.033827029 -0.7723828 0.63425595 -0.40002134 -0.14468853 0.90501279 0.06946151 -0.73513341 0.67435455 -0.30084836 -0.14093792 0.94320023 0.106544 -0.71917105 0.68661594 -0.22769138 -0.12937009 0.965101 0.14829908 -0.68399167 0.71425688 -0.15728174 -0.056339812 0.9859454 -0.11923549 -0.038245331 0.99212909 0.18488871 -0.68716955 0.70257688 -0.02984398 -0.061819665 0.99764103 0.27839893 -0.64639747 0.7103973 0.048941676 -0.040429998 0.9979831 0.14506866 0.063175097 0.98740262 0.32498908 -0.63372838 0.701976 0.23876491 0.049229842 0.96982872 0.41134319 -0.58384186 0.69994676 0.31628931 0.098341979 0.94355184 0.49594006 -0.61402094 0.61402082 0.43202829 0.21452422 0.87597424 0.56589365 -0.56928223 0.5963909 0.54332715 0.20145838 0.81499088 0.55427372 0.31077772 0.77213854 0.61290467 -0.5587253 0.55872518 0.7319029 -0.081646577 0.67649978 0.7319029 -0.081646577 0.67649978 0.67571908 -0.53452402 0.50762963 -0.80620247 0.0082546016 -0.59158218 -0.59361565 -0.45946515 -0.66069067 0.71061999 -0.51711792 0.47708297 -0.89031899 -0.11908723 -0.43948874 -0.55742627 -0.71337289 -0.42470571 -0.80620247 0.0082546016 -0.59158218 -0.82676148 -0.52168351 -0.21050379 -0.89031899 -0.11908723 -0.43948874 0.83033347 -0.54279751 0.1261638 -0.89317393 -0.41468793 -0.17399497 -0.94341975 -0.32904014 -0.041130017 0.85617739 -0.51642448 0.016308079 -0.93939006 -0.34065789 0.038711138 0.8226527 -0.56627804 -0.050711446 0.92824715 -0.29238367 -0.22993276 -0.92802173 -0.35144019 0.12355322 -0.87586558 -0.37710884 0.30107877 0.86686969 -0.43040383 -0.25157404 0.81088382 -0.51230252 -0.28286642 0.11520136 -0.99333984 0.0021736019 0.2019127 -0.97939259 0.0046416535 0 0 1 0 0 1 0.14421637 -0.98954624 0 0 0 1 -0.02815786 -0.99960351 0 0 0 1 -0.201001 -0.97959107 0 0 0 1 -0.36832294 -0.92969793 0 0 0 1 -0.52514875 -0.85101044 0 0 0 1 -0.66590595 -0.7460357 0 0 0 1 -0.78354388 -0.62133652 0 0 0 1 -0.88021559 -0.47457403 0 0 0 1 -0.94942248 -0.31400171 0 0 0 1 -0.98954624 -0.14421637 0 0 0 1 -0.99960351 0.02815786 0 0 0 1 -0.97959101 0.20100108 0 0 0 1 -0.92969793 0.36832294 0 0 0 1 -0.85101044 0.52514875 0 0 0 1 -0.7460357 0.66590595 0 0 0 1 -0.62133652 0.78354388 0 0 0 1 -0.47457403 0.88021559 0 0 0 1 -0.31400171 0.94942248 0 0 0 1 -0.14421637 0.98954624 0 0.02815786 0.99960351 0 0 0 1 0 0 1 0.22916843 0.97337532 0.0047251047 0.1423541 0.98980582 0.0044485484 0.71589148 0.52276736 -0.46283227 0.1363937 0.99053109 0.015651673 0.75839466 0.54031539 -0.36455017 0.11861839 0.99287909 0.010983135 0.86015195 0.43922654 -0.25926569 0.89624131 0.38494295 -0.22038727 0.7888664 0.61101282 -0.065977924 -0.90785962 0.36719161 0.202389 -0.94619465 0.3229678 0.020185564 0.83526254 0.54951471 -0.019233027 -0.93494564 0.3360385 -0.11381954 -0.89386839 0.32585844 -0.30792135 0.73215568 0.56471205 0.38085222 -0.81449807 -0.12055746 -0.5675022 -0.55019701 0.71923339 -0.42424825 -0.8493765 0.2841551 -0.44476444 -0.58340508 0.49909788 -0.64073384 -0.81449807 -0.12055746 -0.5675022 0.6956988 0.54184234 0.47160357 0.68171114 0.53059286 0.50372732 0.73063052 0.078593768 0.67823452 0.73063052 0.078593768 0.67823452 0.63547981 0.55435461 0.53745359 0.55427372 -0.31077772 0.77213854 0.57613885 0.56597149 0.58969498 0.55451226 -0.18180737 0.81207275 0.51015568 0.6013754 0.61488944 0.49447566 -0.14336865 0.85728598 0.35134974 -0.16302621 0.92194134 0.43094671 0.63472778 0.6414091 0.26200238 -0.024486188 0.96475655 0.31777173 0.63554347 0.70363754 0.14506866 -0.063175097 0.98740262 0.064211592 0.032105796 0.99741971 0.257379 0.67045641 0.69587666 -0.0021240823 0.087087765 0.99619842 -0.0021240823 0.087087765 0.99619842 0.16804482 0.67217964 0.72106546 -0.10206887 0.03772109 0.99406195 -0.15659633 0.051419787 0.9863233 0.13841304 0.66799331 0.7311818 -0.15659633 0.051419787 0.9863233 0.11286913 0.71582717 0.68909496 -0.21678236 0.11731756 0.96914494 -0.28021753 0.14819209 0.94842881 0.075539023 0.73214686 0.67694515 -0.38557917 0.14072227 0.91188043 -0.033785176 0.77987337 0.62502497 -0.45726556 0.16707793 0.8734948 -0.54784644 0.20505983 0.81105775 -0.074759156 0.80222452 0.59232342 -0.58047473 0.33401632 0.7426185 -0.15226755 0.86382586 0.48022851 0.54137844 -0.62258518 -0.56506377 0.75046384 -0.031034272 -0.66018248 -0.54546177 0.47184122 0.69270301 0.88378757 0.19737919 -0.42421803 0.54137844 -0.62258518 -0.56506377 -0.22038727 0.89624131 0.38494295 -0.22038727 0.89624131 0.38494295 0.84733939 -0.28450817 -0.44840953 -0.27696821 0.90456629 0.32411173 0.86126125 -0.3014414 -0.40909913 -0.29640678 0.92087567 0.25324091 0.89537877 -0.31338257 -0.31636715 -0.43999547 0.8710115 0.21850125 -0.21311684 0.97494859 0.063690163 0.93187487 -0.30314007 -0.19928652 -0.28809026 0.95696086 0.035071883 0.92990971 -0.36569488 -0.039181601 0.93931323 -0.34272239 0.015232048 -0.34837928 0.93675309 -0.033547662 0.93253016 -0.34256214 0.11418743 0.90328383 -0.32470989 0.28043127 -0.2470628 0.9126789 -0.32554153 0.8631295 -0.30102021 0.40545577 0.55405164 0.83244205 0.0081879236 -0.21208304 0.95571589 -0.20402928 -0.23231073 0.94837421 -0.21591231 0.54070729 0.84109998 0.01365417 -0.27751562 0.91142005 -0.30380675 -0.2190446 0.90246391 -0.37091559 0.53704315 0.84353721 0.0054246564 0.46727106 0.88409811 0.0053098784 0 0 1 0 0 1 0.52514875 0.85101044 0 0 0 1 0.66590595 0.7460357 0 0.7460357 0.66590595 0 0.55587369 0.43937305 0.70565981 0.60175574 0.37157586 0.70698059 0 0 1 0.65836483 0.26080149 0.70607245 0 0 1 0.6908536 0.14179093 0.70895463 0 0 1 0.70697045 0.019637991 0.70697045 0 0 1 0.70035326 -0.10342766 0.70626342 0 0 1 0.67034596 -0.22240449 0.70793539 0 0 1 0.62238091 -0.33562955 0.70710313 0 0 1 0 0 1 0.55587363 -0.4393732 0.70565987 0.5272851 -0.47055194 0.7074964 0.78354388 -0.62133652 0 0.7460357 -0.66590595 0 0 0 1 0.84510368 -0.53460234 0 0 0 1 0.77628237 -0.63038534 0 0 0 1 0 0 1 0.59028304 -0.80717772 0.0054909838 0.5778566 -0.81611985 0.0054772934 -0.32049981 -0.94295782 -0.090057753 0.58588815 -0.81038731 0.0027377845 -0.32444796 -0.94589037 -0.0049914871 0.57161671 -0.82050252 -0.0054699956 -0.3805345 -0.91496193 0.13430633 0.55779123 -0.82981759 -0.016486462 -0.32411173 -0.90456629 0.27696821 -0.27930585 -0.89734429 0.34170392 0.54559535 -0.83768171 -0.024799777 -0.20455512 -0.89712024 0.39157695 0.53314233 -0.84595555 -0.010880498 -0.16213924 -0.88886994 0.42851055 0.49038777 -0.87150437 0 -0.17213418 -0.8547349 0.48969182 0.47773597 -0.8785035 0 0.47773597 -0.8785035 0 -0.13591093 -0.82432985 0.54955316 -0.13633537 -0.81504822 0.5631243 0.46092919 -0.88742113 -0.0052980161 -0.077701338 -0.80579293 0.58707768 0.44187471 -0.89697915 -0.013229812 -0.028113363 -0.76468176 0.64379448 0.022438476 -0.75169182 0.65913278 0.42019337 -0.90687323 -0.031913467 0.054496285 -0.73139799 0.67976987 0.40009829 -0.91601479 -0.028954539 0.12243497 -0.69578904 0.70773393 0.36084685 -0.93261117 -0.0050823302 0.18482552 -0.67461306 0.71465844 0.21893719 -0.66932219 0.70998192 0.33190614 -0.94331235 0 0.33190614 -0.94331235 0 0.25371268 -0.65648162 0.71039557 0.28082964 -0.95929414 -0.029822655 0.34266722 -0.61353773 0.71144271 0.3708348 -0.58414686 0.72197932 0.26215532 -0.9637329 -0.049934387 0.42725337 -0.65089381 0.62752843 0.2418955 -0.97000074 -0.024189526 0.48134512 -0.64291549 0.5957908 0.21966545 -0.9755038 -0.01181 0.56220824 -0.55882144 0.60962331 0.2019127 -0.97939259 -0.0046416535 0.63547969 -0.55435473 0.53745359 0.18511637 -0.98271662 0 0.18511637 -0.98271662 0 0.68714225 -0.54300994 0.48267552 0.12321748 -0.99234074 -0.0088012815 0.71405154 -0.58901012 0.37841433 0.73947185 -0.54556584 0.39438483 0.75958115 -0.59500527 0.26268846 0.105345 -0.99419349 -0.021946859 0.74948406 -0.59958726 0.28065774 0.092861719 -0.99556428 -0.015117036 0.82516551 -0.52676624 0.20400769 0.080755837 -0.99669772 -0.0085006524 0.85111946 -0.5169552 0.091395386 0.066657268 -0.99777597 0 0.83490866 -0.55021846 -0.013687058 0.91090316 -0.3527942 -0.21398991 0.78608382 -0.61703366 -0.036627598 0.075889803 -0.99710727 0.0042160824 0.075889803 -0.99710727 0.0042160824 0.040782318 -0.99916601 0.0020391066 0 0 1 -0.14921157 -0.98880523 0 0 0 1 -0.31697056 -0.94843537 0 0 0 1 -0.47457403 -0.88021559 0 0 0 1 -0.61830688 -0.78593671 0 0 0 1 -0.7460357 -0.66590595 0 0 0 1 -0.8490566 -0.52830184 0 0 0 1 -0.92724186 -0.37446302 0 0 0 1 -0.97732306 -0.21175338 0 0 0 1 -0.99925518 -0.038589098 0 0 0 1 -0.99126619 0.13187581 0 0 0 1 -0.95324779 0.30218944 0 0 0 1 -0.89959615 0.4367227 0 0 0 1 -0.86791414 0.49671403 0 0 0 1 -0.84510374 0.53460228 0 0 0 1 -0.77628243 0.63038528 0 0 0 1 -0.65419465 0.75632626 0 0 0 1 -0.51568019 0.85678113 0 0 0 1 -0.36220184 0.93209982 0 0 0 1 -0.19567336 0.98066914 0 0 0 1 0 0 1 0.05592848 0.99842626 0.0041428315 0.94090104 0.25812334 -0.21926604 0.080417462 0.99675226 0.0042324779 0.82384378 0.5642764 -0.053606234 0.071098424 0.99746931 0 0.86489892 0.50158721 0.018978901 0.84280819 0.53033864 0.091734231 0.08533752 0.99631554 -0.0085337842 0.7915529 0.59957182 0.11814213 0.76941073 0.59808433 0.22428153 0.097560138 0.99511391 -0.015176036 0.77821904 0.59292877 0.20690739 0.10992734 0.9937427 -0.019786905 0.78430235 0.53140473 0.32012331 0.12593032 0.99197751 -0.011046546 0.74816853 0.53159344 0.39705446 0.1772851 0.98415953 0 0.1772851 0.98415953 0 0.70592594 0.55275309 0.44286847 0.18774331 0.98221815 0 0.67546719 0.54440629 0.49735883 0.20413905 0.97893918 -0.0023197525 0.61290479 0.55872518 0.55872518 0.22191727 0.97501975 -0.0094433269 0.55523103 0.55861634 0.61617076 0.24362546 0.96967745 -0.019297063 0.47795197 0.60922039 0.63278151 0.2684347 0.96291697 -0.027089784 0.40450391 0.59680891 0.69296151 0.37181711 0.60872728 0.70085877 0.30206442 0.9532361 -0.0099037895 0.34266722 0.61353773 0.71144271 0.32890713 0.94436228 0 0.28552207 0.64483041 0.70899278 0.34395966 0.93898451 0 0.24685402 0.69309014 0.677266 0.36305761 0.93176323 -0.0025388547 0.36305761 0.93176323 -0.0025388547 0.20528097 0.69049066 0.69360095 0.21547686 0.66829008 0.71201003 0.40327573 0.91461909 -0.028993737 0.12243507 0.69578898 0.70773399 0.42215064 0.90575355 -0.037405774 0.042701449 0.73161799 0.68037629 0.022438476 0.75169182 0.65913278 0.44394332 0.89586163 -0.018608412 -0.016750241 0.75934708 0.6504702 0.46200681 0.88684064 -0.0079656038 -0.096320488 0.79099566 0.60419226 -0.11385652 0.82619023 0.55176663 0.47885042 0.87789255 -0.0026602701 -0.15144733 0.83147579 0.53452003 0.53509903 0.84475005 -0.0081486832 -0.21353689 0.86016303 0.46316475 0.55001551 0.83469689 -0.027638949 -0.22275138 0.8997981 0.37516013 -0.1748254 0.93517703 0.30802569 0.56095415 0.82768244 -0.016498674 -0.35814503 0.89237833 0.27457798 -0.55538362 0.80222082 0.21906811 0.57601732 0.8173961 -0.0082287882 -0.26869589 0.96178043 0.052734651 0.59077072 0.80683947 0 -0.32444796 0.94589037 -0.0049914871 -0.25163558 0.96289098 -0.097572893 0.58097035 0.81390631 0.0054808301 0.58097035 0.81390631 0.0054808301 -0.30247656 0.94722962 -0.10613225 0.58718359 0.80943513 0.0054876753 0 0 1 0.7460357 0.66590595 0 0 0 1 0 0 1 0.78354388 0.62133652 0 0.85101044 0.52514875 0 0.62238103 0.33562946 0.70710313 0.92969793 0.36832294 0 0.67034596 0.22240439 0.70793533 0.97959101 0.20100091 0 0.70035326 0.10342766 0.70626342 0.99960351 0.02815786 0 0.70697039 -0.019638078 0.70697051 0.98954624 -0.14421637 0 0.6908536 -0.14179093 0.70895463 0.94942248 -0.31400171 0 0.65836483 -0.26080149 0.70607245 0.60175574 -0.37157586 0.70698059 0.88021559 -0.47457403 0 0.85101044 -0.52514875 0 0 0 1 0 0 1 0.86791426 -0.49671397 0 0 0 1 0.86426377 -0.503039 0 0 0 1 0.82869107 -0.55970615 0 0 0 1 0.73818612 -0.67459714 0 0 0 1 0.5853703 -0.81072414 -0.0082446206 0.51568019 -0.85678113 0 0 0 1 0.43539336 -0.89998978 -0.021238698 0.37890247 -0.92534691 -0.012887869 0 0 1 0.28507078 -0.95842773 -0.012287563 0.23622145 -0.97140014 -0.024104204 0 0 1 0.12943293 -0.99158812 0 0.08533752 -0.99631554 -0.0085337842 0 0 1 -0.038589098 -0.99925518 0 0 0 1 -0.20636101 -0.97847587 0 0 0 1 -0.37139067 -0.92847675 0 0 0 1 -0.52514875 -0.85101044 0 0 0 1 -0.66299099 -0.74862736 0 0 0 1 -0.78113717 -0.62435955 0 0 0 1 -0.87677628 -0.48089844 0 0 0 1 -0.94743592 -0.31994563 0 0 0 1 -0.98803324 -0.15424043 0 0 0 1 -0.99983937 0.01792546 0 0 0 1 -0.98171079 0.19037846 0 0 0 1 -0.93444771 0.35610038 0 0 0 1 -0.88526195 0.46509284 0 0 0 1 -0.86426377 0.503039 0 0 0 1 -0.82869107 0.55970615 0 0 0 1 -0.73818624 0.67459702 0 0 0 1 -0.61222851 0.79068077 0 0 0 1 -0.46509284 0.88526195 0 0 0 1 -0.30513287 0.95230973 0 0 0 1 -0.13925485 0.99025661 0 0 0 1 0.067074165 0.99772823 -0.0062881792 0.13216344 0.99122548 -0.002202715 0 0 1 0.22293098 0.97473043 -0.014229658 0.31171098 0.95009524 -0.012468469 0 0 1 0.39951864 0.91654283 -0.018278642 0 0 1 0.46524554 0.88503623 -0.016042972 0.57102996 0.82085574 -0.010981388 0 0 1 0.66881204 0.74343157 0 0 0 1 0.78113717 0.62435955 0 0 0 1 0.87677628 0.48089844 0 0.8490566 0.52830184 0 0 0 1 0 0 1 0.88021559 0.47457403 0 0 0 1 0.94942248 0.31400171 0 0 0 1 0.98954624 0.14421637 0 0 0 1 0.99960351 -0.02815786 0 0 0 1 0.97959107 -0.201001 0 0.92969793 -0.36832294 0 0 0 1 0 0 1 0.89959615 -0.43672258 0 0.88526195 -0.46509284 0 0 0 1 0 0 1 0 0 1 0 0 1 0 0 1 0 0 1 0 0 1 0 0 1 0 0 1 0 0 1 0 0 1 0 0 1 0 0 1 0 0 1 0 0 1 0 0 1 0 0 1 0 0 1 0 0 1 0 0 1 0 0 1 0 0 1 0 0 1 0 0 1 0 0 1 0 0 1 0 0 1 0 0 1 0 0 1 0 0 1 0 0 1 0 0 1 0 0 1 0 0 1 0 0 1 0 0 1 0.9998287 0.012046083 -0.014053824 0 0 1 0.98832619 0.15152824 -0.015831321 0 0 1 0 0 1 0.95555478 0.29477257 -0.0049128588 0.95555478 0.29477257 0.0049128588 0 0 1 0.99145508 0.13028033 0.0066243964 0 0 1 0.99998045 0.0059170215 0.0019723405 0 0 1 0.9921326 -0.12511405 0.0043899505 0 0 1 0 0 1 0.96402413 -0.26577106 0.0048321825 0.93090564 -0.36525998 0 0.96932989 -0.2453391 -0.014431729 0 0 1 0 0 1 0 0 1 0.99231696 -0.12209718 -0.019979527 0.71309513 0.14503628 0.68590069 0.99628645 -0.06991484 -0.050251298 0.70747828 0.084780492 0.70163137 0.99824291 -0.048643202 -0.033838741 0.70697045 0.019637991 0.70697045 0.99999028 -0.0039369548 -0.0019684774 0.71932745 -0.033984017 0.69383937 0.99990356 0.013887496 0 0.70782334 -0.078647092 0.70199764 0.99946558 0.032437015 -0.0040546115 0.70230526 -0.14833167 0.69625074 0.99650812 0.077818386 -0.030262735 0.70080459 -0.21900149 0.67890459 0.99416852 0.10185247 -0.035426941 0.72248745 -0.27812567 0.63297558 0.99215871 0.12401976 -0.015502487 0.72993612 -0.34541613 0.58981431 0.98974824 0.14266641 -0.0066874623 0.74111462 -0.41173038 0.53030866 0.9867543 0.16220611 -0.0022528549 0.74360359 -0.48582098 0.45938185 0.98368722 0.17988725 0 0.74909842 -0.54301459 0.37945589 0.97190779 0.23525393 -0.0071288804 0.76894832 -0.5679369 0.29354048 0.9669354 0.25445658 -0.016963787 0.77677292 -0.60245782 0.18348972 0.96424288 0.26474178 -0.012144146 0.781268 -0.62274992 0.042460229 0.95862615 0.28466812 0 0.78107554 -0.6178658 -0.090348303 0.96013319 0.2795324 0.0024307077 0.77707237 -0.59892923 -0.19350024 0.96895868 0.2470364 0.0095936125 0.76894832 -0.5679369 -0.29354048 0.97227502 0.23353662 0.011915089 0.76231211 -0.52775449 -0.37464049 0.97520763 0.22066744 0.016609311 0.78144401 -0.44607428 -0.43630627 0.97589952 0.21816988 0.0046918071 0.74191189 -0.42206544 -0.52098703 0.98681587 0.16184671 0 0.73316628 -0.36658314 -0.57278615 0.99021119 0.13955997 0.002215229 0.72421432 -0.29934195 -0.62121493 0.99330378 0.11544973 0.0043565785 0.70286763 -0.2155461 -0.67787677 0.99587101 0.090143546 0.010731327 0.71309513 -0.14503628 -0.68590069 0.9978525 0.063288756 0.016876932 0.71960276 -0.072540589 -0.69058657 0.9985078 0.053973444 0.0083035678 0.7303893 -0.028200336 -0.68244863 0.99992943 0.011880304 0 0.70566678 0.011156744 -0.70845598 0.9999826 -0.0059053865 0 0.70581156 0.060498077 -0.70581156 0.99893886 -0.045312706 0.0082386397 0.70230514 0.14833167 -0.6962508 0.99796498 -0.062896967 0.010482785 0.70080465 0.21900135 -0.67890441 0.99594253 -0.089763038 0.0064116223 0.72248739 0.27812555 -0.63297564 0.99333984 -0.11520136 0.0021736019 0.729936 0.34541628 -0.58981448 0.99025661 -0.13925485 0 0.74111462 0.41173038 -0.53030866 0.98681587 -0.1618468 0 0.74360359 0.48582098 -0.45938185 0.97768921 -0.21000481 0.0046667564 0.74909842 0.54301447 -0.37945598 0.97611922 -0.21691541 0.011788835 0.76894832 0.5679369 -0.29354048 0.97309244 -0.23021941 0.0094935484 0.77677298 0.6024577 -0.18348972 0.96928298 -0.24590185 0.0047747749 0.96358693 -0.26739538 0 0.781268 0.62274992 -0.042460229 0.96358693 -0.26739538 0 0.7810756 0.61786574 0.090348303 0.96480823 -0.26291028 -0.0048240228 0.77707237 0.59892923 0.19350024 0.96749574 -0.25270411 -0.0096268598 0.76894832 0.5679369 0.29354048 0.970568 -0.24023965 -0.016816782 0.75870085 0.51997167 0.39243132 0.97323436 -0.22828956 -0.026433572 0.74590719 0.44556385 0.49507096 0.9786061 -0.20553064 -0.009342337 0.73316628 0.36658314 0.57278615 0.99021119 -0.13955997 -0.002215229 0.72421432 0.29934195 0.62121493 0.99293172 -0.11836275 -0.008767643 0.67777067 0.18484658 0.71165907 0.99509013 -0.09601751 -0.024004411 0.71787256 0.23614237 0.65490133 0.0025883804 0.40637729 0.91370171 0.71799541 0.22574514 0.6584236 0.67788219 0.19500721 0.7088356 0 0.33190614 0.94331235 0.67788219 0.19500721 0.7088356 0.0071912212 0.24929149 0.96840179 0.69320464 0.1483276 0.70531279 0.01119472 0.14329296 0.98961705 0.70868665 0.060497578 0.70292485 0 -0.001960773 0.99999809 0.71810746 -0.0027726053 0.69592661 0.011237298 -0.14833108 0.9888739 0.71518582 -0.075588718 0.69483501 0.0047913156 -0.2515412 0.96783471 0.71074992 -0.13853602 0.6896683 -7.6124714e-08 -0.33491099 0.94224972 0.70168424 -0.19164948 0.68622869 0.0025917685 -0.40950102 0.91230601 0.71787256 -0.23614237 0.65490133 0.010802054 -0.50769854 0.86146712 0.72421432 -0.29934195 0.62121493 0 -0.62133652 0.78354388 0.73316628 -0.36658314 0.57278615 0.0083497139 -0.72086132 0.69302899 0.74529028 -0.43200451 0.50785273 0.013869318 -0.78778028 0.61580008 0.75152624 -0.47464818 0.4581674 0 -0.85294908 0.52199405 0.74415821 -0.52354497 0.41488469 0.0026367875 -0.89123756 0.45352921 0.7642023 -0.54400843 0.34648165 0.010167814 -0.93544245 0.35333291 0.77320153 -0.5775342 0.2619417 7.0495311e-08 -0.97903812 0.20367688 0.7789005 -0.61113739 0.14080127 -0.0020351249 -0.99925011 0.038667496 0.0084016789 -0.99770325 -0.067213692 0.78139544 -0.62401181 -0.0055222078 0.002202715 -0.99122548 -0.13216344 0.77996916 -0.61389208 -0.12159213 0.0123685 -0.95484602 -0.29684332 0.77478415 -0.59120077 -0.22403397 0.012959706 -0.92013693 -0.39138222 0.76643103 -0.55389142 -0.32525021 0.0082232831 -0.81959033 -0.57289088 0.7873649 -0.47306693 -0.39530247 0.01396221 -0.73441058 -0.67856181 0.76745355 -0.40168855 -0.49966127 0 -0.61830688 -0.78593671 0.72993606 -0.34541613 -0.58981442 0.010791671 -0.50451255 -0.86333692 0.72166181 -0.27461469 -0.63544559 0.0025883804 -0.40637729 -0.91370171 0.71799541 -0.22574528 -0.65842372 -7.6008959e-08 -0.3319062 -0.94331247 0.67788208 -0.19500721 -0.70883572 0.0071911486 -0.24929157 -0.96840179 0.69320458 -0.1483276 -0.70531291 0.01119472 -0.14329296 -0.98961705 0.70813936 -0.072555244 -0.70233488 0 0.001960773 -0.99999809 0.71810746 -0.0027726053 -0.69592661 0.01123723 0.14833108 -0.98887396 0.70747828 0.084780492 -0.70163137 0.0047913888 0.25154114 -0.96783471 0.71074986 0.13853602 -0.68966836 7.6124714e-08 0.33491099 -0.94224972 0.70168424 0.19164948 -0.68622869 0.0025917685 0.40950102 -0.91230601 0.71787256 0.23614237 -0.65490133 0.010802054 0.50769854 -0.86146712 0.72421432 0.29934195 -0.62121493 0 0.62133652 -0.78354388 0.73316628 0.36658314 -0.57278615 0.0083497996 0.72086138 -0.69302893 0.74529034 0.43200451 -0.50785267 0.013869318 0.78778028 -0.61580008 0.75152624 0.47464818 -0.4581674 0 0.85294908 -0.52199405 0.74415821 0.52354497 -0.41488469 0.0026367875 0.89123756 -0.45352921 0.76420242 0.54400837 -0.34648165 0.010167814 0.93544245 -0.35333291 0.77320164 0.57753408 -0.2619417 7.0495318e-08 0.97903812 -0.20367697 0.7789005 0.61113739 -0.14080127 -6.0308565e-08 0.99992949 -0.011880305 0.78139544 0.62401181 0.0055222078 0.002202715 0.99122548 0.13216344 0.77996916 0.61389202 0.12159204 0.012368577 0.95484614 0.29684329 0.77478421 0.59120077 0.22403388 0.012959786 0.92013705 0.39138216 0.76643109 0.55389136 0.32525009 0.0082232831 0.81959033 0.57289088 0.75582284 0.49621397 0.42720413 0.013962296 0.73441052 0.67856187 0.74139613 0.41518188 0.52721506 0 0.61830688 0.78593671 0.72993612 0.34541628 0.58981436 0.72166187 0.27461457 0.63544542 0.010791671 0.50451255 0.86333692 1 0 0 0.010061139 0.33201376 0.94322097 1 0 0 0.0098809032 0 0.99995124 1 0 0 0.0100765 -0.33504239 0.94214916 1 0 0 0.011133212 -0.65964532 0.75149465 1 0 0 0.0080592744 -0.86771846 0.49699053 1 0 0 0.0046834634 -0.97650576 0.21544017 1 0 0 0 -1 0 0.004574534 -0.98352855 -0.18069479 1 0 0 0.004574534 -0.98352855 -0.18069479 1 0 0 0.010596856 -0.89278179 -0.45036468 1 0 0 0.011138562 -0.66553164 -0.74628651 1 0 0 0.010060984 -0.33201379 -0.94322085 1 0 0 0.0098809628 0 -0.99995118 1 0 0 0.0100765 0.33504233 -0.94214922 1 0 0 0.011133212 0.65964532 -0.75149465 1 0 0 0.0080593564 0.86771852 -0.4969905 1 0 0 0.0046834634 0.97650576 -0.21544017 1 0 0 0 1 0 1 0 0 0.004574534 0.98352855 0.18069479 1 0 0 0.010596776 0.89278179 0.45036477 0.011138562 0.66553164 0.74628651 1 0 0 0 -0.3960911 -0.91821122 1 0 0 0 -0.057873882 -0.99832386 1 0 0 7.4227493e-08 0.2875714 -0.9577592 1 0 0 -8.3400202e-08 0.59692883 -0.80229425 1 0 0 0 0.83495814 -0.55031341 1 0 0 0 0.97298288 -0.23087727 1 0 0 0 0.99337095 0.11495335 1 0 0 0 0.89337373 0.4493145 1 0 0 1.6851483e-07 0.68605471 0.72754997 1 0 0 0 0.39609116 0.91821116 1 0 0 0 0.057873882 0.99832386 1 0 0 7.4227501e-08 -0.28757152 0.9577592 1 0 0 8.3400202e-08 -0.59692883 0.80229425 1 0 0 0 -0.83495814 0.55031341 1 0 0 0 -0.97298288 0.23087727 1 0 0 0 -0.99337089 -0.11495342 1 0 0 0 -0.89337373 -0.4493145 1 0 0 1 0 0 0 -0.68605477 -0.72754997 0.7079066 -0.48418137 -0.51423401 0 -0.59692883 -0.80229425 0.70816964 -0.28198609 -0.64728624 0 -0.28757149 -0.9577592 0.70646101 -0.042729508 -0.70646101 0 0.057873882 -0.99832386 0.70486349 0.20183316 -0.6800226 -7.833853e-08 0.39609113 -0.91821122 0.70710284 0.42160597 -0.56767422 8.4257415e-08 0.68605471 -0.72755003 0.70645535 0.59091353 -0.38954082 0 0.89337373 -0.4493145 0.7069065 0.68862438 -0.1614916 -6.6061276e-08 0.99337089 -0.11495335 0.70619994 0.70328182 0.081709132 0 0.97298288 0.23087727 0.7067166 0.63215464 0.31769824 0 0.83495814 0.55031341 0.7050156 0.48448941 0.51790255 0 0.59692889 0.80229419 0.70816964 0.281986 0.64728636 1.48455e-07 0.28757143 0.9577592 0.70646101 0.042729504 0.70646083 0 -0.057873882 0.99832386 0.70486349 -0.20183316 0.6800226 7.833853e-08 -0.39609113 0.91821122 0.70710284 -0.42160597 0.56767422 8.4257415e-08 -0.68605483 0.72754997 0.70645547 -0.59091353 0.3895407 0 -0.89337373 0.4493145 0.70690656 -0.68862438 0.16149151 6.6061276e-08 -0.99337089 0.11495335 0.70619994 -0.70328182 -0.081709132 0 -0.97298288 -0.23087727 0 -0.83495814 -0.55031341 0.7067166 -0.63215464 -0.31769824 1 0 0 0.70645535 -0.59091353 -0.38954082 1 0 0 0.70710284 -0.42160597 -0.56767422 1 0 0 0.70486349 -0.20183316 -0.6800226 1 0 0 0.70646101 0.042729508 -0.70646101 1 0 0 0.70816976 0.281986 -0.64728624 1 0 0 0.7079066 0.48418137 -0.51423401 1 0 0 0.7067166 0.63215464 -0.31769824 1 0 0 0.70619994 0.70328182 -0.081709132 1 0 0 0.70690656 0.68862438 0.16149151 1 0 0 0.70645547 0.59091353 0.3895407 1 0 0 0.70710284 0.42160597 0.56767422 1 0 0 0.70486349 0.20183316 0.6800226 1 0 0 0.70646101 -0.042729504 0.70646083 1 0 0 0.70816958 -0.28198609 0.64728636 1 0 0 0.70790648 -0.48418137 0.51423407 1 0 0 0.7067166 -0.63215464 0.31769824 1 0 0 0.70619994 -0.70328182 0.081709132 0.7069065 -0.68862438 -0.1614916 1 0 0 0 -0.94743592 -0.31994563 1 0 0 0 -0.83079505 -0.5565784 0 -0.5565784 -0.83079505 1 0 0 0 -0.44301444 -0.89651448 1 0 0 -7.0115476e-08 -0.19567336 -0.98066908 0 0.19567336 -0.98066914 1 0 0 0 0.31994563 -0.94743592 1 0 0 0 0.5565784 -0.83079505 0 0.83079505 -0.5565784 1 0 0 7.9842145e-08 0.89651442 -0.44301444 1 0 0 -7.0115476e-08 0.98066908 -0.19567336 0 0.98066914 0.19567336 1 0 0 0 0.94743592 0.31994563 1 0 0 0 0.83079505 0.5565784 0 0.5565784 0.83079505 1 0 0 0 0.5565784 0.83079505 0 0.19567336 0.98066914 1 0 0 0 0.066657268 0.99777597 1 0 0 -7.0115476e-08 -0.19567336 0.98066908 0 -0.5565784 0.83079505 1 0 0 0 -0.66006738 0.75120634 1 0 0 0 -0.83079505 0.5565784 0 -0.98066914 0.19567336 1 0 0 1 0 0 0 -0.99777597 0.066657268 1 0 0 0 -0.99777597 -0.066657268 1 0 0 0 -0.89651448 -0.44301444 0 -0.83079505 -0.5565784 1 0 0 0 -0.5565784 -0.83079505 1 0 0 0 -0.31994563 -0.94743592 -7.0115476e-08 -0.19567336 -0.98066908 1 0 0 0 0.19567336 -0.98066914 1 0 0 7.9842145e-08 0.44301435 -0.89651448 0 0.5565784 -0.83079505 1 0 0 0 0.83079505 -0.5565784 1 0 0 0 0.94743592 -0.31994563 -7.0115476e-08 0.98066908 -0.19567336 1 0 0 0 0.98066914 0.19567336 1 0 0 1.596843e-07 0.89651448 0.44301441 0 0.83079505 0.5565784 1 0 0 0 0.5565784 0.83079505 0 0.5565784 0.83079505 1 0 0 0 0.19567336 0.98066914 1 0 0 0 -0.066657268 0.99777597 -7.0115476e-08 -0.19567336 0.98066908 1 0 0 0 -0.5565784 0.83079505 1 0 0 0 -0.75120634 0.66006738 0 -0.98066914 0.19567336 0 -0.83079505 0.5565784 1 0 0 0 0.96591592 -0.25885594 0 0.96591592 0.25885594 1 0 0 0 0.96591592 0.25885594 0 0.70848918 0.70572162 1 0 0 0 0.70848918 0.70572162 0 0.25885594 0.96591592 1 0 0 0 0.25885594 0.96591592 0 -0.2226339 0.97490209 1 0 0 0 -0.2226339 0.97490209 0 -0.62435955 0.78113717 1 0 0 0 -0.62435955 0.78113717 7.9554034e-08 -0.90111518 0.43357998 1 0 0 7.9554034e-08 -0.90111518 0.43357998 0 -1 0 1 0 0 0 -1 0 0 -0.90111506 -0.43358004 1 0 0 0 -0.90111506 -0.43358004 0 -0.62435955 -0.78113717 1 0 0 0 -0.62435955 -0.78113717 0 -0.2226339 -0.97490209 1 0 0 0 -0.2226339 -0.97490209 0 0.25885594 -0.96591592 1 0 0 0 0.25885594 -0.96591592 0 0.70848918 -0.70572162 1 0 0 1 0 0 0 0.70848918 -0.70572162 0 0.96591592 -0.25885594 0 0.96591592 -0.25885594 -1 0 0 0 0.96591592 0.25885594 0 0.96591592 0.25885594 -1 0 0 0 0.70848918 0.70572162 0 0.70848918 0.70572162 -1 0 0 0 0.25885594 0.96591592 0 0.25885594 0.96591592 -1 0 0 0 -0.2226339 0.97490209 0 -0.62435955 0.78113717 0 -0.2226339 0.97490209 -1 0 0 -8.3996831e-08 0.64532387 -0.76390898 -1 0 0 0 -0.62435955 0.78113717 -1 0 0 7.9554034e-08 -0.90111518 0.43357998 7.9554034e-08 -0.90111518 0.43357998 -1 0 0 0 -1 0 0 -1 0 -1 0 0 0 -0.90111506 -0.43358004 0 -0.90111506 -0.43358004 -1 0 0 0 -0.62435955 -0.78113717 0 -0.62435955 -0.78113717 -1 0 0 0 -0.2226339 -0.97490209 0 -0.2226339 -0.97490209 -1 0 0 0 0.25885594 -0.96591592 0 0.25885594 -0.96591592 -1 0 0 0 0.70848918 -0.70572162 0 0.96591592 -0.25885594 0 0.70848918 -0.70572162 -1 0 0 0 -1 0 0 -0.817949 -0.57529074 -1 0 0 -8.4208452e-08 -0.73818618 -0.67459708 -1 0 0 0 -0.43358004 -0.90111506 -1 0 0 0 -0.064449072 -0.99792099 -1 0 0 -1 0 0 0 0.31400171 -0.94942248 -1 0 0 7.9554034e-08 0.43357998 -0.90111518 -1 0 0 -8.4208452e-08 0.73818618 -0.67459708 -1 0 0 0 1 0 0 0.817949 -0.57529074 0 0.817949 -0.57529074 0 1 0 -1 0 0 0 1 0 0 0.817949 0.57529074 -1 0 0 0 0.73818624 0.67459702 -1 0 0 0 0.43357995 0.90111518 -1 0 0 0 0.064449072 0.99792099 -1 0 0 0 -0.31400171 0.94942248 -1 0 0 8.3996831e-08 -0.64532387 0.76390898 -1 0 0 -1 0 0 0 -0.817949 0.57529074 0 -1 0 0 -1 0 -1 0 0 0 -0.817949 -0.57529074 -1 0 0 0 -0.64532387 -0.7639091 -1 0 0 0 -0.31400171 -0.94942248 0 0.064449072 -0.99792099 -1 0 0 0 -0.42416713 0.90558392 -1 0 0 8.4257415e-08 -0.72755003 0.68605471 -1 0 0 8.3304066e-08 -0.80683959 0.5907706 0 -1 0 -1 0 0 0 -1 0 0 -0.80683953 -0.59077066 -1 0 0 0 1 0 -1 0 0 0 0.817949 0.57529074 -1 0 0 0 0.64532399 0.76390898 -1 0 0 0 0.31400171 0.94942248 -1 0 0 0 -0.064449072 0.99792099 -1 0 0 -7.9554034e-08 -0.43357998 0.90111518 -1 0 0 0 -0.73818624 0.67459702 0 -1 0 0 -0.817949 0.57529074 -1 0 0 0 1 0 1.6660815e-07 0.80683959 0.59077066 -1 0 0 1.6781765e-07 0.636383 0.77137333 -1 0 0 0 0.30808279 0.95135957 -1 0 0 -1 0 0 0 -0.06224912 0.99806064 -1 0 0 0 -0.30808279 0.95135957 -1 0 0 8.3908816e-08 -0.636383 0.77137321 8.3304066e-08 -0.80683959 0.5907706 -1 0 0 0 -1 0 0 -1 0 -1 0 0 0 -0.80683953 -0.59077066 -1 0 0 0 -0.72754997 -0.68605477 0 -0.63638294 -0.77137327 -1 0 0 0 -0.30808279 -0.95135957 -1 0 0 0 0.06224912 -0.99806064 -1 0 0 0 0.42416713 -0.90558392 -1 0 0 8.4257415e-08 0.72754997 -0.68605483 -1 0 0 -1 0 0 8.3304066e-08 0.80683953 -0.59077072 0 1 0 0 1 0 -1 0 0 1.6660815e-07 0.80683959 0.59077066 -1 0 0 1.6851483e-07 0.72754997 0.68605471 -1 0 0 0 0.42416713 0.90558392 0 0.06224912 0.99806064 -1 0 0 -0.5565784 0.83079505 0 -1 0 0 0 0 -1 -0.99917144 -0.040699415 0 -0.99990356 0.013887619 0 0.022127014 0.0060346066 0.99973691 -0.99958128 -0.018322255 -0.022393854 7.2381049e-08 -0.24477164 0.96958077 1 0 0 0.036701087 -0.24467437 0.9689104 -0.99907452 -0.041198917 -0.0123597 0.018882757 -0.48555636 0.87400138 1 0 0 0.036877573 -0.68648958 0.72620386 -0.99789494 -0.064717039 -0.0041752765 0.0027728612 -0.7015366 0.71262801 -0.99660379 -0.082346506 0 0.024652159 -0.8518694 0.52317381 1 0 0 0.026006039 -0.92581284 0.3770867 -0.9958055 -0.091494925 0 0.0023654192 -0.97219104 0.23417737 1 0 0 0.0080940677 -0.99962121 0.026305845 0.019137911 -0.84753567 -0.53039324 1 0 0 0.020466518 -0.93634319 -0.35048908 0.039721806 -0.96325374 -0.2656396 -0.99536979 -0.096119426 0 0.025933625 -0.99628472 -0.082123265 -0.99828345 -0.058233235 -0.006239248 -0.99796504 -0.062896974 0.01048285 -0.99823427 -0.058474012 0.010441806 -0.99873358 -0.049626578 0.0082710544 -0.99965614 -0.026147969 0.0020113729 -0.99917144 0.040699415 0 -0.99917144 0.040699415 0 0 0.26739538 0.96358693 -0.99965948 0.026095552 0 0.021718616 0.49952617 0.86602652 -0.9988845 0.047175251 -0.0020510897 0.036796235 0.75573742 0.65384012 -0.99815273 0.060430985 -0.0062514548 0.038376354 0.86894983 0.49340993 -0.99770325 0.067213692 -0.0084016789 0.0095937606 0.96895874 0.24703644 -0.99787515 0.064851433 -0.0062759202 -0.99787515 0.064851433 0.0062759202 -0.99887371 0.043609831 0.018690001 -0.0070913788 0.97388643 -0.22692499 0.0203279 0.98928815 0.14455353 -0.99870902 0.049728315 0.010360013 1 0 0 0.028591353 0.92791772 0.37168697 1 0 0 0.028148092 0.65584898 0.75436723 0.034417741 0.25567332 0.96615034 1 0 0 -0.0049992921 -0.32744986 0.94485539 1 0 0 -0.002654565 -0.47251433 0.88131899 0.00271703 -0.83413136 0.55155921 1 0 0 1 0 0 -0.0025883804 -0.91370171 0.40637729 -0.99079472 -0.13520914 -0.0066496036 -6.3938678e-08 -0.99714023 -0.075572707 -0.98752749 -0.15664224 -0.015891256 0.0022445549 -0.98757786 0.15711461 0 -0.99925518 -0.038589098 1 0 0 0.006801331 -0.98618668 -0.16549799 -0.0081753489 -0.83660543 -0.54774493 1 0 0 -0.0083280662 -0.65236771 -0.75785685 1 0 0 1 0 0 0.019576544 -0.64882225 -0.76068813 0.031049017 -0.74517715 -0.6661433 0 -0.57529074 -0.817949 0 -0.33792162 -0.94117427 1 0 0 0.0091562569 -0.17625864 -0.98430133 -0.0061543048 -0.043080322 -0.99905264 -0.034045558 0.3797386 -0.92446709 0.030228125 0 -0.99954307 1 0 0 -0.0051889778 0.40733632 -0.91326356 -0.0051889778 0.40733632 -0.91326356 -0.02526615 0.76079476 -0.64850044 0.023919752 0.43321198 -0.90097463 1 0 0 -0.0055312389 0.77159899 -0.63608515 -0.0055312389 0.77159899 -0.63608515 -0.011915162 0.97227502 -0.23353663 0.011086929 0.78163147 -0.62364209 1 0 0 -0.0070913788 0.97388643 -0.22692499 0 0.98596376 0.1669596 0 0.97490209 -0.2226339 1 0 0 0.0068013999 0.98618668 0.16549793 -0.008175266 0.83660543 0.54774499 1 0 0 -0.0083280662 0.65236771 0.75785685 1 0 0 1 0 0 -0.011428387 0.17142649 0.98513067 -0.99999028 0.0019684774 0.0039369548 -0.018285779 0.020317655 0.9996264 -0.99979812 -0.019996008 0.0019995887 -0.011109944 -0.13331987 0.99101079 -0.99974811 -0.022082828 0.0040150373 -0.0077915476 -0.40516207 0.91421175 -0.0080429567 -0.49062729 0.87133247 -0.99933416 -0.036486827 0 -0.0082341796 -0.81518692 0.57913947 -0.005267506 -0.89546579 0.44509917 -0.99528939 -0.096734412 0.0064489348 -0.69700205 -0.12563984 -0.70597643 -0.98733217 -0.15733463 -0.020521905 -0.97434974 -0.22318853 -0.028798552 -0.69254994 -0.20186432 -0.69254994 -0.57950115 -0.58966792 0.56255674 -0.66926032 0.37254387 0.64288545 -0.2100049 -0.97768921 0.0046667568 0.23321795 0.9717415 -0.036440317 -0.57950115 -0.58966792 0.56255674 -0.23180339 -0.97261882 0.016728096 -0.21916598 -0.97564203 0.0094264569 0.21204595 0.97684133 -0.028590513 -0.57950115 -0.58966792 0.56255674 0.19653173 0.98031878 -0.018717304 -0.69430393 0.31795228 0.64563793 0 0 -1 0.1772851 -0.98415953 0 0.55344743 -0.83288401 0 0 0 -1 0.83906144 -0.54403657 0 0.55344743 -0.83288401 0 0.55344743 -0.83288401 0 0.1772851 -0.98415953 0 0 0 -1 0.95112187 -0.30880582 0.002470437 0.95112187 -0.30880582 0.002470437 0 0 -1 0 -1 0 -1 0 0 -0.29204497 0.027457189 -0.9560104 -0.70653576 0.075596385 -0.70362812 -0.99442261 0.10546906 0 0 -1 0 -0.70653576 0.075596385 -0.70362812 -0.69986546 0.10972471 -0.70579654 -0.98320633 0.1824977 0 -0.4456422 -0.2563968 -0.85770845 -0.96591592 -0.25885594 0 -0.70710409 -0.70710409 0.0027729466 -0.25885594 -0.96591592 0 -0.25639689 -0.44564211 -0.85770845 -0.70710409 -0.70710409 0.0027729466 -0.25885594 -0.96591592 0 -0.70710409 -0.70710409 0.0027729466 0 0 -1 -0.13028856 -0.11822478 0.9844023 -0.70848918 0.70572162 0 0.29110506 0.28237194 0.91407007 -0.022483427 0.022483552 0.99949437 -0.70572162 0.70848918 0 0.23416524 0.22865532 0.94492507 -0.70710409 0.70710409 -0.0027729466 0.33695051 0.33391494 0.88032109 0.58942431 0.59281182 0.5487743 -0.70710409 0.70710409 -0.0027729466 0.55099964 0.54085857 0.63550884 0.29037702 0.32297042 0.90076143 -0.70848918 0.70572162 0 0.64804089 0.64471757 0.40544105 -0.70848918 0.70572162 0 0.54479969 0.56171864 0.62262791 -0.70848918 0.70572162 0 0.69351274 0.68409854 0.22594069 0.58538556 0.61245531 -0.53124589 -0.70848918 0.70572162 0 0.64895707 0.67517769 -0.35069913 0.65271074 0.71002191 -0.26426819 0.69351274 0.68409854 0.22594069 0.66616863 0.72168285 -0.188131 0.68938428 0.68938428 0.22248301 -0.70710409 0.70710409 -0.0027729466 0.68938422 0.68938428 -0.22248311 0.55099964 0.54085857 0.63550884 0.69646126 0.6775527 0.23635569 0.29110506 0.28237194 0.91407007 0.55328101 0.51954448 0.65111732 -0.026946343 -0.033164702 0.99908662 0.29187098 0.24608715 0.92425776 -0.23878476 -0.23878492 0.9412564 -0.68409848 -0.69351274 -0.22594079 -0.72168267 -0.66616881 0.188131 -0.71002191 -0.65271074 0.26426819 -0.70572162 0.70848918 0 -0.67517769 -0.64895707 0.35069913 -0.61245531 -0.58538556 0.53124589 -0.47274128 -0.44319516 0.76163888 -0.70572162 0.70848918 0 -0.54862243 -0.50486749 0.66642499 -0.40505269 -0.40505269 0.81967348 -0.70848918 0.70572162 0 -0.11292558 -0.12974444 0.98509604 0.70560563 -0.70840561 0.016800068 -0.0020113729 -0.026147969 0.99965614 0.71538353 -0.69868207 0.0083507486 0.10142319 0.085287608 0.99118084 0.72354156 -0.69027525 0.0027721792 0.29056874 0.27894604 0.91529173 0.35556561 0.34023955 0.87052286 0.73289198 -0.680345 0 0.58297056 0.56941295 0.5795812 0.74081504 -0.67170906 0 0.63640606 0.6297071 0.44548416 0.7848798 -0.6196419 0.0027539537 0.7848798 -0.6196419 0.0027539537 0.69667983 0.69972187 0.15819795 0.70662534 0.70662552 -0.036892124 -0.70848918 0.70572162 0 0.69397551 0.70008969 -0.16814384 0.59618556 0.58602333 -0.54876167 -0.70848918 0.70572162 0 0.46671903 0.45357215 -0.75924027 -0.70710409 0.70710409 0.0027729466 -0.70710409 0.70710409 0.0027729466 0.44319507 0.4727414 -0.76163888 0.50486743 0.54862255 -0.66642499 0.40505269 0.40505269 -0.81967348 0.23878492 0.23878476 -0.9412564 -0.70848918 0.70572162 0 0.11822485 0.13028848 -0.9844023 0.033164702 0.026946343 -0.99908662 -0.24608724 -0.29187089 -0.92425776 -0.022483489 0.022483489 -0.99949437 -0.70572162 0.70848918 0 -0.28237203 -0.29110506 -0.91406995 -0.28237203 -0.29110506 -0.91406995 -0.51954448 -0.55328101 -0.65111732 -0.32297042 -0.29037702 -0.90076143 -0.70572162 0.70848918 0 -0.54085857 -0.55099964 -0.63550884 -0.54085857 -0.55099964 -0.63550884 -0.6775527 -0.69646126 -0.23635569 -0.56171876 -0.54479951 -0.62262797 -0.70572162 0.70848918 0 -0.68409848 -0.69351274 -0.22594079 -0.68938422 -0.68938428 0.22248311 -0.68938422 -0.68938428 -0.22248311 -0.70710409 0.70710409 0.0027729466 -0.70008975 -0.69397539 0.16814384 -0.58602333 -0.59618556 0.54876167 -0.70710409 0.70710409 -0.0027729466 -0.70572162 0.70848918 0 -0.45357206 -0.46671912 0.75924027 0.68264633 -0.7304033 0.022473864 -0.31446004 -0.32344466 0.89246756 -0.16618605 -0.16874275 0.97154933 0.69130319 -0.722215 0.022481315 0.73160511 -0.681723 0.0027712209 0.53149271 -0.51467323 -0.67277551 0.9530198 -0.30289781 -0.002462574 0 0 -1 0.77628237 -0.63038534 0 0 0 -1 0.96591592 -0.25885594 0 0.70848918 -0.70572162 0 0 0 -1 0.70848918 -0.70572162 0 0.25885594 -0.96591592 0 0 0 -1 0.99792099 -0.064449072 0 0.89017367 -0.45562148 0 0 0 -1 0.94117433 0.33792156 0 0.99792099 -0.064449072 0 0 0 -1 0 0 -1 0.68605477 -0.72754997 0 0 0 -1 0.68889493 -0.72486132 0 0 0 -1 0.86609656 -0.4998768 0 0 0 -1 0.88056415 -0.4737381 0.013382382 0 0 -1 0.95948142 -0.28177181 0 0.89586169 -0.44394332 0.018608332 0 0 -1 0.65507835 -0.26075929 -0.70913815 0.91281599 -0.40829661 0.0078018159 0.86358112 -0.50420272 0.0026819189 0.62238103 -0.33562955 -0.70710301 0 0 -1 0.60175556 -0.3715758 -0.70698059 0.78427482 -0.62018901 -0.016686721 0.56155479 -0.42864239 -0.70775843 0.53613746 -0.48587459 -0.69027704 0 0 -1 0.88021559 -0.47457403 0 0 0 -1 0 0 -1 0.78354388 -0.62133652 0 0.70008975 -0.69397539 -0.16814384 0.58602333 -0.59618556 -0.54876167 0.70572162 0.70848918 0 0.68938422 -0.68938428 -0.22248311 0.68938428 -0.68938428 0.22248301 0.70710409 0.70710409 -0.0027729466 0.70572162 0.70848918 0 0.67517757 -0.64895719 -0.35069913 0.23878485 -0.23878485 -0.9412564 0.70710409 0.70710409 0.0027729466 0.4727414 -0.44319507 -0.76163888 0.40505269 -0.40505269 -0.81967348 0.54862255 -0.50486743 -0.66642499 0.61245531 -0.58538556 -0.53124589 0.71002191 -0.65271074 -0.26426819 0.68409854 -0.69351274 0.22594069 0.72168273 -0.66616869 -0.188131 0.56171888 -0.54479951 0.62262791 0.70572162 0.70848918 0 0.68409854 -0.69351274 0.22594069 0.54085857 -0.55099964 0.63550884 0.6775527 -0.69646126 0.23635569 0.32297042 -0.29037702 0.90076143 0.70572162 0.70848918 0 0.54085857 -0.55099964 0.63550884 0.28237185 -0.29110515 0.91407007 0.51954436 -0.55328107 0.65111732 -0.23878476 0.23878492 0.9412564 -0.033164702 0.026946343 0.99908662 0.24608724 -0.29187089 0.92425776 0.70572162 0.70848918 0 -0.11822462 0.13028862 0.9844023 0.28237185 -0.29110515 0.91407007 0.022483554 0.022483554 0.99949437 0.70848918 0.70572162 0 0.33391494 -0.33695051 0.88032109 0.59281182 -0.58942431 0.5487743 0.70710409 0.70710409 -0.0027729466 0.64471757 -0.64804089 0.40544105 0.70572162 0.70848918 0 0.70572162 0.70848918 0 0.7066254 -0.7066254 -0.036892124 -0.62570065 -0.78005844 -0.0027563798 0.70491654 -0.70491654 -0.07864777 0.69732696 -0.69425493 -0.1781716 -0.64146543 -0.76696944 -0.016733902 0.58922148 -0.59938043 -0.54181284 -0.65284801 -0.75696605 -0.028139981 0.55890471 -0.56567931 -0.60632688 -0.66152132 -0.74915874 -0.033924215 0.44331667 -0.44331667 -0.77906388 0.45357206 -0.46671912 -0.75924027 0.70710409 0.70710409 0.0027729466 0.11292558 -0.12974438 -0.9850961 0.70710409 0.70710409 0.0027729466 0.70572162 0.70848918 0 0.13028856 -0.11822478 -0.9844023 0.026946343 -0.033164702 -0.99908662 -0.29187089 0.24608724 -0.92425776 0.022483489 0.022483552 -0.99949431 0.70848918 0.70572162 0 -0.29110506 0.28237194 -0.91407007 -0.29110506 0.28237194 -0.91407007 -0.55328107 0.51954436 -0.65111732 -0.29037702 0.32297042 -0.90076143 0.70848918 0.70572162 0 -0.55099964 0.54085857 -0.63550884 -0.55099964 0.54085857 -0.63550884 -0.6964612 0.67755282 -0.23635569 -0.54479939 0.56171876 -0.62262809 0.70848918 0.70572162 0 -0.69351274 0.68409854 -0.22594091 -0.69351274 0.68409854 -0.22594091 -0.66616863 0.72168285 0.188131 -0.68938416 0.68938434 -0.22248322 0.70710409 0.70710409 0.0027729466 -0.68938416 0.68938434 0.22248322 0.70848918 0.70572162 0 -0.64895707 0.67517769 0.35069913 -0.65271074 0.71002191 0.26426819 -0.58538556 0.61245531 0.53124589 -0.4431949 0.47274131 0.76163888 0.70848918 0.70572162 0 -0.50486749 0.54862255 0.66642487 -0.40505269 0.40505269 0.81967348 -0.1239061 0.10722649 0.98648351 0.70572162 0.70848918 0 0.70710409 0.70710409 -0.0027729466 0.2286554 -0.23416515 0.94492507 -0.67044044 -0.73949873 0.060425997 0.27894595 -0.29056883 0.91529173 0.34023947 -0.3555657 0.87052286 -0.65685487 -0.75311822 0.036806557 0.56941295 -0.58297056 0.5795812 -0.64280683 -0.76577848 0.019563695 0.6297071 -0.63640606 0.44548416 0.69972199 -0.69667971 0.15819795 -0.62704068 -0.7789669 0.0055245669 0 0 -1 -0.62497348 -0.78052241 -0.013888331 -0.66960967 -0.74245423 -0.019612009 0.31445995 -0.32344466 -0.89246762 -0.69735503 -0.71672595 0 0.16618605 -0.16874275 -0.97154933 -0.70572162 -0.70848918 0 0.0020113729 -0.026147969 -0.99965614 -0.7139914 -0.70015442 0 -0.10142311 0.085287675 -0.99118084 -0.23416507 0.22865532 -0.94492519 0.70848918 0.70572162 0 -0.33695051 0.33391494 -0.88032109 -0.58942431 0.59281182 -0.5487743 0.70572162 0.70848918 0 -0.58297044 0.56941307 -0.5795812 -0.68837106 0.69150001 -0.21902707 0.70848918 0.70572162 0 -0.70662534 0.70662552 0.036892124 0.70848918 0.70572162 0 -0.69397551 0.70008981 0.16814396 -0.59618556 0.58602333 0.54876167 0.70710409 0.70710409 -0.0027729466 0.70848918 0.70572162 0 -0.46671891 0.45357212 0.75924033 -0.72486132 -0.68889493 0 -0.31934595 0.31039253 0.89536285 -0.71672595 -0.69735503 0 -0.15309298 0.15309298 0.97628129 -0.70710409 -0.70710409 0.0027729466 -0.020116046 -0.00804637 0.99976522 0.085287608 -0.10142319 0.99118084 -0.67795265 -0.73444861 0.031072795 -0.61359465 -0.78930593 0.022312533 -0.38954082 -0.59091353 -0.70645535 0 0 -1 -0.44616345 -0.89495146 0 -0.27492312 -0.65214342 -0.70648867 -0.389891 -0.92086101 0 -0.31405729 -0.63135231 -0.70905727 0 0 -1 0 0 -1 -0.19502401 -0.68103623 -0.70580113 -0.31400171 -0.94942248 0 0 0 -1 -0.14421637 -0.98954624 0 0 0 -1 0 0 -1 0.02815786 -0.99960351 0 -0.4393732 0.55587363 -0.70565987 0 0 -1 0.47457403 -0.88021559 0 0 0 -1 0 0 -1 0.62133652 -0.78354388 0 0 0 -1 0.66590595 -0.7460357 0 0 0 -1 0.52514875 -0.85101044 0 0 0 -1 0.36832294 -0.92969793 0 0 0 -1 0.31400171 -0.94942248 0 0.201001 -0.97959107 0 0 0 -1 0 0 -1 0.14421637 -0.98954624 0 0 0 -1 -0.060497671 -0.70868665 -0.70292491 0.77159911 -0.0055311546 0.63608515 0.97227502 -0.011915162 0.23353663 0.4332121 0.023919588 0.90097457 0 1 0 0.77159911 -0.0055311546 0.63608515 0.40733632 -0.0051889778 0.91326356 0.76079488 -0.025266236 0.64850026 0 0.030228125 0.99954307 0 1 0 0.40733632 -0.0051889778 0.91326356 -0.043080322 -0.0061543048 0.99905264 0.3797386 -0.034045558 0.92446709 0 1 0 -0.17625864 0.0091562569 0.98430133 -0.33792156 0 0.94117433 0 1 0 -0.64882219 0.01957663 0.76068819 -0.57529074 0 0.817949 -0.74517715 0.031049104 0.6661433 -0.84753567 0.019137997 0.5303933 0 1 0 -0.93634307 0.020466596 0.3504892 -0.96325374 0.039721806 0.2656396 -0.97388643 -0.0070913788 -0.22692499 -0.98121905 0.037830133 0.18915066 0.043080322 -0.0061543048 -0.99905264 -0.3797386 -0.034045558 -0.92446709 -0.40733632 -0.0051889778 -0.91326356 -0.76079494 -0.025266241 -0.64850044 0 0.030228125 -0.99954307 0 1 0 -0.40733632 -0.0051889778 -0.91326356 -0.43321207 0.023919672 -0.90097463 0 1 0 -0.77159899 -0.0055311546 -0.63608521 -0.77159899 -0.0055311546 -0.63608521 -0.97227502 -0.011915162 -0.23353663 -0.78163147 0.011086929 -0.62364209 0 1 0 -0.97388643 -0.0070913788 -0.22692499 -0.97490209 0 0.2226339 -0.97490209 0 -0.2226339 0 1 0 -0.98618668 0.0068012616 0.16549806 -0.83660549 -0.008175266 0.54774493 0 1 0 -0.65236771 -0.0083280662 0.75785685 0 1 0 -0.17142649 -0.011428387 0.98513067 0 1 0 0.3274498 -0.0049992148 0.94485527 0 1 0 0.47251433 -0.002654565 0.88131899 0.83413136 0.00271703 0.55155921 0 1 0 0.91370171 -0.0025883804 0.40637729 0 1 0 0.78163147 0.011086929 0.62364209 0 1 0 0.97388643 -0.0070913788 0.22692499 0.97388643 -0.0070913788 0.22692499 0.98121905 0.037830133 -0.18915066 0.97490209 0 0.2226339 0 1 0 0.97490209 0 -0.2226339 0 1 0 0.93634313 0.020466438 -0.35048905 0.96325374 0.039721806 -0.2656396 0.84753567 0.019137828 -0.53039318 0 1 0 0.64882225 0.019576456 -0.76068807 0.74517715 0.031049104 -0.6661433 0.57529074 0 -0.817949 0.33792162 0 -0.94117427 0.17625864 0.0091562569 -0.98430133 0 1 0 -0.32744995 -0.0049992157 -0.94485539 0 1 0 -0.47251433 -0.002654565 -0.88131899 -0.83413136 0.00271703 -0.55155921 0 1 0 -0.81518692 -0.0082341796 -0.57913947 -0.97601891 0.002340564 -0.2176733 0 1 0 0 1 0 -0.99925518 0 0.038589098 -0.98361069 0.0022821508 0.18029061 -0.051477998 -0.99867201 0.0020591097 -0.83948487 -0.005433538 0.54335588 -0.045036081 -0.99898326 0.0020470889 -0.79567242 -0.0055063623 0.60570222 -0.038667496 -0.99925011 0.0020351249 -0.6273759 0 0.77871662 -0.4514263 -0.005279819 0.8922928 -0.040699478 -0.99917138 0 -0.01602955 -0.99983931 0.0080147134 -0.23641185 0 0.97165293 -0.0027726053 -0.71810746 -0.69592661 -0.01810476 -0.99978548 0.010058227 0.0081260055 -0.99950254 0.030472646 -0.020317532 -0.018285902 0.9996264 0.018615969 -0.99905401 0.039300241 0.1333198 -0.011110011 0.99101079 0.033164702 -0.99908662 0.026946343 0.40516207 -0.0077915476 0.91421175 0.49062729 -0.0080430387 0.87133241 0.047855195 -0.99871558 0.016645197 0.81518692 -0.0082341796 0.57913947 0.064851433 -0.99787515 0.0062759202 0.89546585 -0.0052674254 0.44509906 0.075731128 -0.99712604 0.0021036335 0.98757792 0.0022444865 0.15711461 0.99925518 0 -0.038589098 0 1 0 0.98618668 0.0068012611 -0.16549797 0.83660549 -0.008175266 -0.54774493 0 1 0 0.65236771 -0.0083280662 -0.75785685 0 1 0 0 1 0 0.17142643 -0.011428456 -0.98513067 0.0019956743 -0.99983668 -0.01796113 0.020317594 -0.018285841 -0.9996264 -0.012022326 -0.99985552 -0.012022326 -0.1333198 -0.011110011 -0.99101079 -0.02418606 -0.99968922 -0.0060464842 -0.40516207 -0.0077915476 -0.91421175 -0.4906272 -0.0080430387 -0.87133247 -0.038667556 -0.99925005 -0.0020351249 -0.81518692 -0.0082341796 -0.57913947 -0.89546579 -0.0052674254 -0.44509915 -0.049322508 -0.99878079 -0.0020550967 -0.89546579 -0.0052674254 -0.44509915 -0.057873882 -0.99832386 0 -0.98757792 0.0022444865 -0.15711461 -0.99714029 0 0.075572707 -0.060057398 -0.99819493 0 -0.066657268 -0.99777597 0 -0.081700787 -0.71488142 -0.69445634 -0.15161192 -0.69741499 -0.7004472 -0.21717773 -0.97613204 0 -0.2759999 -0.96115768 0 0 0 -1 0 0 -1 -0.428013 -0.90358335 0.018494403 -0.9677791 0.19407341 -0.16043399 -0.96913928 0.23855738 -0.062124383 -0.99872226 -0.043876946 -0.025072558 -0.97308278 0.19915426 0.11596325 -0.9824214 0.14139073 0.1218885 -0.95107758 -0.28611812 0.11656667 -0.85609972 -0.5044359 0.11241715 -0.86452973 -0.46643016 0.18716624 -0.81430221 -0.51790851 0.26207417 -0.93962795 0.27994809 0.19679533 -0.90372497 -0.30419514 0.30124173 -0.90955728 0.14406028 0.38981035 -0.93289793 0.27620539 0.23111063 -0.93289793 0.27620539 0.23111063 -0.8722024 0.13285205 0.4707582 -0.91870236 0.22106278 0.32728767 0.25051814 -0.092027113 -0.96372795 -0.34093779 -0.94008583 0 -0.92530489 0.35631144 -0.1298189 -0.34093779 -0.94008583 0 0.030350141 0.0040466692 -0.99953109 -0.34093779 -0.94008583 0 -0.25106385 0.12553193 -0.95979625 -0.34093779 -0.94008583 0 -0.64367414 0.24295545 -0.72571087 -0.34093779 -0.94008583 0 -0.39535391 0.19186287 -0.89826709 -0.34093779 -0.94008583 0 -0.76757276 0.30063269 -0.56608492 -0.34093779 -0.94008583 0 -0.34093779 -0.94008583 0 -0.88764071 0.34602934 -0.303904 -0.91787034 0.36149973 -0.16380464 -0.98481697 -0.16492145 0.054188501 -0.91568589 0.36115563 0.17631221 -0.93898821 0.34145021 0.041387908 -0.34093779 -0.94008583 0 -0.93898821 0.34145021 0.041387908 -0.34093779 -0.94008583 0 -0.9066304 0.3451046 0.24274297 -0.89273995 -0.18029279 0.41292861 -0.82431233 0.32846174 0.46110958 -0.34093779 -0.94008583 0 -0.81644988 0.30262238 0.49176139 -0.34093779 -0.94008583 0 -0.7089926 0.28552207 0.64483064 -0.63311982 -0.29245645 0.71667886 -0.59520203 0.23808084 0.76749724 -0.34093779 -0.94008583 0 -0.61073422 0.22123547 0.76030177 -0.45142949 0.18293227 0.87335408 -0.34093779 -0.94008583 0 -0.020933207 0.05023995 0.99851781 -0.34093779 -0.94008583 0 -0.26381269 0.098283067 0.95955366 -0.34093779 -0.94008583 0 0.40834379 -0.12672742 -0.90398866 -0.34093779 -0.94008583 0 0.57835138 -0.22698736 -0.78357291 -0.34093779 -0.94008583 0 0.79560226 -0.28098649 -0.53671575 0.59909678 -0.22778158 -0.76759273 -0.34093779 -0.94008583 0 0.75680298 -0.26282275 -0.59847599 0.71555901 -0.25012904 -0.65223521 0.45965141 -0.65424818 -0.60056627 0.71555901 -0.25012904 -0.65223521 0.54723376 -0.19153184 -0.81477034 0.30650744 -0.61946768 -0.72271228 0.54723376 -0.19153184 -0.81477034 0.14228047 -0.54837263 -0.82404107 0.34833446 -0.11157587 -0.9307062 -0.041211136 -0.49453345 -0.86818105 0.13119854 -0.03393067 -0.99077535 -0.33224851 -0.40056121 -0.85390955 -0.1539865 0.071070708 -0.98551363 -0.59351051 -0.28399158 -0.75305641 -0.4523479 0.18626095 -0.87217432 -0.74817199 -0.21821685 -0.62659401 -0.67949897 0.24335551 -0.692141 -0.80612171 0.314197 -0.50144583 -0.90651709 -0.18418124 -0.37987378 -0.95862597 -0.22837076 -0.16995032 -0.97457576 -0.22343934 0.016639108 -0.9466387 -0.25717932 0.19425246 -0.90595579 -0.25214317 0.3400999 -0.79623729 -0.28437057 0.53398454 -0.66919523 -0.33622998 0.66266668 -0.51929599 -0.41083542 0.74936372 -0.37739757 -0.44456169 0.81236446 -0.024982549 -0.57737476 0.81609702 -0.1776972 -0.53610319 0.82523751 -0.25123957 -0.42680466 0.86874419 -0.16763541 0.092320837 0.98151684 0.10356066 -0.0043150107 0.99461383 -0.34093779 -0.94008583 0 0.31905261 -0.084377527 0.94397354 -0.34093779 -0.94008583 0 0.88479275 -0.3140561 -0.34425378 -0.34093779 -0.94008583 0 0.6141305 -0.22133636 0.7575314 -0.34093779 -0.94008583 0 0.49219173 -0.16900557 0.85392296 -0.34093779 -0.94008583 0 0.7654112 -0.27631024 0.58120418 -0.34093779 -0.94008583 0 0.88937026 -0.30947682 0.33651847 -0.34093779 -0.94008583 0 0.93485445 -0.31530592 0.16318472 -0.34093779 -0.94008583 0 0.93898815 -0.34145027 -0.041387908 -0.34093779 -0.94008583 0 -0.34093779 -0.94008583 0 0.9255054 -0.31512609 -0.21008402 0.875655 -0.29796591 -0.38005865 0.57496387 -0.735039 -0.35935244 0.52042222 -0.76762277 -0.37405342 0.44076228 -0.72908062 -0.52361244 0.32173902 -0.67597699 -0.66297752 0.1542137 -0.62895012 -0.76199728 -0.0081940908 -0.55720031 -0.83033764 -0.1928262 -0.50616878 -0.84060174 -0.38067386 -0.44145367 -0.8125307 -0.53937417 -0.37919629 -0.75185484 -0.69203502 -0.30721182 -0.65322924 -0.81791574 -0.26847619 -0.50885594 -0.90714276 -0.2487326 -0.33944687 -0.86961818 -0.46982723 -0.15174539 -0.8857671 -0.46409953 -0.0053039743 -0.87095672 -0.47031659 0.14225625 -0.82707161 -0.48687994 0.28089222 -0.7547639 -0.51192695 0.41019785 -0.65426767 -0.54971963 0.51936704 -0.53483176 -0.59237695 0.60253191 -0.40177619 -0.64084947 0.65413129 -0.25739717 -0.69274807 0.6736815 -0.11583202 -0.74548352 0.65638191 0.019461721 -0.79515338 0.60609597 0.15803714 -0.66557974 0.72940242 0.10782218 -0.55950999 0.82178032 0.20224719 -0.065791309 0.97712207 0.31996977 -0.59145921 0.74013191 0.45250857 -0.15083624 0.87891096 0.64699042 -0.24301594 0.72273558 0.48054525 -0.66537046 0.57127774 0.87542838 -0.29484913 0.38299996 0.63638294 -0.77137327 0 0.94546658 -0.32524049 -0.017648719 0.57946849 -0.79102039 -0.19622211 0.32120711 -0.90468413 -0.27995113 0.24951947 -0.87782723 -0.40885106 0.14763397 -0.84151381 -0.51967168 0.027952902 -0.7966584 -0.60378319 -0.10631869 -0.75013775 -0.65267891 -0.24683917 -0.69621301 -0.6740607 -0.39083782 -0.64587593 -0.65581256 -0.52429241 -0.59532547 -0.60885555 -0.64808297 -0.5501954 -0.52656746 -0.74715126 -0.51675224 -0.41800976 -0.82361007 -0.48852926 -0.28810701 -0.64886755 -0.75652713 -0.081472196 -0.65692323 -0.75393718 -0.0055436343 -0.65122813 -0.7554245 0.07235866 -0.62872851 -0.76410073 0.14439698 -0.58916211 -0.77831429 0.21705978 -0.53584051 -0.79745686 0.27737629 -0.4736295 -0.8209576 0.31891039 -0.40006056 -0.84700328 0.35005301 -0.32685047 -0.8736378 0.36045197 -0.24996221 -0.90280455 0.34994707 -0.17633229 -0.92924321 0.32467526 -0.1107762 -0.95214874 0.28485337 0.14141339 -0.83964205 0.52440798 0.31090763 -0.68011045 0.66391742 0.43469769 -0.75084138 0.49726766 0.52274102 -0.76950085 0.36689276 0.59184265 -0.73167342 0.33819562 0.5833959 -0.79499012 0.16625261 0.60299414 -0.79750836 -0.019451434 0.3653563 -0.92036337 -0.13944897 -0.0089700641 -0.98894578 -0.14800549 -0.048517868 -0.9752084 -0.21590434 -0.10163871 -0.95644629 -0.27364266 -0.16374181 -0.93249547 -0.32193291 -0.23674394 -0.90605718 -0.35073179 -0.31299764 -0.87821662 -0.36161861 -0.38963127 -0.85095465 -0.35222664 -0.46110958 -0.82431239 -0.32846165 -0.52677196 -0.80119807 -0.28388906 -0.58182651 -0.78095442 -0.22713014 -0.62352997 -0.76579165 -0.15739587 -0.42363486 -0.90551955 -0.023829451 -0.42830947 -0.90362841 -0.0026116329 -0.42483458 -0.90508264 0.018471083 -0.42117167 -0.90631866 0.034653395 -0.41178316 -0.90969074 0.053827815 -0.408066 -0.90924788 0.082160972 -0.38180557 -0.9206658 0.081235237 -0.36395535 -0.92741245 0.086270913 -0.3436777 -0.9343738 0.093974344 -0.32368037 -0.94185662 0.090205967 -0.29797459 -0.94929993 0.10020389 -0.28890845 -0.95442969 0.074806683 -0.27354392 -0.95993674 0.060787551 -0.056483716 -0.97250342 0.22593516 0.24360156 -0.87516117 0.41803238 0.31595337 -0.90356737 0.28937778 0.3643688 -0.91933036 0.14855027 0.37932637 -0.92524868 0.005126012 0.012704782 -0.99732411 -0.071993656 -0.2614989 -0.96458566 -0.03453761 -0.26930958 -0.96146053 -0.055372093 -0.27243233 -0.95865351 -0.082243733 -0.29952484 -0.95066595 -0.080741495 -0.31732595 -0.94404477 -0.089909002 -0.33723009 -0.93675017 -0.093674988 -0.35584173 -0.93004078 -0.091656171 -0.38126573 -0.91887796 -0.10148804 -0.39221439 -0.91697001 -0.073032983 -0.40717381 -0.91142213 -0.059323356 -0.41765463 -0.90759557 -0.042836372 -0.42801312 -0.90358335 -0.018494405 -0.42830947 -0.90362841 -0.0026116329 -0.42817557 -0.90363443 0.010507337 -0.42339832 -0.90537995 0.031954627 -0.40948337 -0.91056174 0.056573395 -0.38629216 -0.92012674 0.064382039 -0.37046367 -0.92480743 0.086531684 -0.3436777 -0.9343738 0.093974344 -0.32049981 -0.94295782 0.090057753 -0.30299601 -0.95042324 0.069922119 -0.2747913 -0.95922542 0.066153452 -0.26036489 -0.9645896 0.042154294 -0.2633031 -0.96378845 0.042227838 -0.013616667 -0.98720706 0.15886092 0.01066898 -0.99647439 0.083217293 0.020075956 -0.9997803 0.0060227504 -0.25445667 -0.9669354 -0.016963787 -0.25798994 -0.9656195 -0.031941641 -0.26992413 -0.96113181 -0.058021091 -0.29546395 -0.95319223 -0.064231277 -0.31099945 -0.94617623 -0.089609988 -0.33723009 -0.93675017 -0.093674988 -0.36234614 -0.92749792 -0.091938548 -0.37833712 -0.92303514 -0.069764264 -0.40578353 -0.91166025 -0.064925358 -0.41990775 -0.90667969 -0.040118583 -0.61181492 -0.78110349 -0.12473894 -0.6578697 -0.75020218 -0.066364057 -0.68320471 -0.73022693 0 -0.629237 -0.77510554 0.057203315 -0.64288861 -0.75154603 0.14789456 -0.57138175 -0.78875524 0.22668947 -0.51365453 -0.80218893 0.3043879 -0.41541699 -0.82766265 0.37736347 -0.31100526 -0.88470393 0.34723872 -0.22513942 -0.91498965 0.33482265 -0.13562888 -0.94126463 0.30923387 -0.024317067 -0.96781999 0.25046599 -0.033798728 -0.99143112 0.12618214 0.021225667 -0.99760711 0.065799624 -0.25445667 -0.9669354 0.016963787 -0.25621876 -0.9663108 0.024401769 -0.25378546 -0.96725756 0.0023941929 -0.2532872 -0.96731591 -0.012061324 -0.014650035 -0.99829465 -0.056507219 0.01123723 -0.98887396 -0.14833108 -0.069410518 -0.97174782 -0.22558436 -0.12052483 -0.94545013 -0.30265117 -0.21333276 -0.90008855 -0.37990749 -0.33195168 -0.8770833 -0.34717879 -0.4159236 -0.8443563 -0.33774257 -0.50065976 -0.80802679 -0.31053576 -0.60158449 -0.75906736 -0.24882293 -0.70238578 -0.56257433 -0.43607828 -0.78721189 -0.51409751 -0.34058958 -0.88610768 -0.16560042 -0.43288529 -0.75887281 -0.62368912 -0.18741398 -0.83849204 -0.53903067 -0.079856433 -0.86562079 -0.50043714 0.016230412 -0.82537359 -0.55698287 0.092349492 -0.81799626 -0.52054322 0.24477923 -0.73658448 -0.5976674 0.31660211 -0.687473 -0.57734382 0.44051662 -0.56718898 -0.64146376 0.51654708 -0.45568606 -0.66677624 0.58971155 -0.37048385 -0.72785324 0.5770368 -0.28115004 -0.73801923 0.61341852 -0.18913607 -0.79925227 0.57045883 -0.074467979 -0.81628388 0.5728308 0.076049149 -0.86188972 0.50136071 0.17540789 -0.88288617 0.43559611 0.57280856 -0.69602895 0.43293664 0.19068572 -0.93099523 0.31126648 0.57280856 -0.69602895 0.43293664 0.17969553 -0.96618843 0.18490392 0.29641598 -0.95165145 0.080604367 0.089132749 -0.99567807 0.02608767 -0.2531997 -0.96741402 0 0.026624335 -0.99943572 -0.020480225 0.34272242 -0.93931323 -0.015232126 0.27427572 -0.95737725 -0.090562686 0.29187092 -0.92425781 -0.24608725 0.17889871 -0.93083233 -0.3186633 0.15630655 -0.88573694 -0.43707937 0.021823248 -0.85656577 -0.51557618 -0.077749737 -0.80341434 -0.59032238 -0.18260372 -0.79736978 -0.57520193 -0.25984648 -0.74468213 -0.61475879 -0.36658314 -0.73316628 -0.57278615 -0.46602592 -0.67389363 -0.57331258 -0.61111361 -0.61111343 -0.50307125 -0.87705016 -0.4643206 -0.12324557 -0.87511796 -0.3201651 -0.3628538 -0.89853758 -0.43869781 -0.013213819 -0.89588255 -0.41635567 0.15505661 -0.79987925 -0.4386436 0.40961564 -0.65410393 -0.51249397 0.5563255 -0.50655735 -0.59773767 0.62137699 -0.34266731 -0.61353773 0.71144265 -0.12884463 -0.69216609 0.7101444 0.0082936864 -0.78513873 0.6192643 0.1018713 -0.81496996 0.57047892 0.07664796 -0.90608799 0.41608864 -0.065782972 -0.89629418 0.43855369 0.28163928 -0.63048798 0.72330081 -0.010371612 -0.91788417 0.39671266 -0.31421912 -0.9478085 0.054086927 0.28163928 -0.63048798 0.72330081 -0.10042097 -0.85214406 0.51358169 -0.10773515 -0.88172776 0.4592922 -0.21987452 -0.86142629 0.45782095 -0.33050391 -0.94206655 0.057252679 -0.19962555 -0.83782202 0.50813758 -0.42261317 -0.58899629 0.6888262 -0.33883563 -0.92332739 0.18071237 -0.33883563 -0.92332739 0.18071237 -0.43370691 -0.68058634 0.5905087 -0.32066935 -0.88335311 0.34184557 -0.60648638 -0.30969515 0.73229992 -0.36208811 -0.93032867 0.05814556 -0.46419814 -0.7013064 0.54100782 -0.47882956 -0.74631369 0.46231827 -0.50616866 -0.8406018 0.1928262 -0.60648638 -0.30969515 0.73229992 -0.51993883 -0.73188841 0.44045767 -0.50616866 -0.8406018 0.1928262 -0.71566737 -0.55994362 0.41747269 -0.37547618 -0.9254694 0.050239738 -0.60648638 -0.30969515 0.73229992 -0.66664422 -0.70455766 0.24327779 -0.50616866 -0.8406018 0.1928262 -0.38696939 -0.92135578 0.036854252 -0.68965906 -0.66065484 0.29648903 -0.90876859 -0.40451282 0.10251356 -0.49360958 -0.86662114 0.072919562 -0.49360958 -0.86662114 0.072919562 -0.84482455 -0.52908218 0.079646811 -0.60996705 -0.78039891 0.13754161 -0.39796478 -0.91738617 0.0051683532 -0.8332926 -0.5528053 0.0054463362 -0.76641047 -0.64235115 0 -0.72900808 -0.67566597 -0.10964759 -0.55576813 -0.82942039 -0.056423113 -0.74884874 -0.48163834 -0.45524719 -0.49138114 -0.86763871 -0.075813055 -0.73832554 -0.53396755 -0.41201207 -0.61772794 -0.77365923 -0.14093794 -0.66667122 -0.63018674 -0.39801267 -0.61863106 -0.30287147 -0.72495824 -0.38239941 -0.92303312 -0.042195801 0.2672869 -0.62685156 -0.73185718 -0.15460984 -0.96888864 -0.19326241 0.18713689 -0.88890022 -0.418134 -0.30664083 -0.95058626 -0.048551422 -0.094970807 -0.83746988 -0.53816801 0.2672869 -0.62685156 -0.73185718 -0.32114762 -0.94531369 -0.056977827 -0.45074621 -0.81198251 0.3708266 -0.31421912 -0.9478085 -0.054086927 -0.34589848 -0.85072327 0.3957577 -0.33126539 -0.94162834 -0.059992954 -0.33278012 -0.92501587 -0.18331106 -0.054516472 -0.72306103 -0.68862951 -0.33278012 -0.92501587 -0.18331106 -0.23774904 -0.88858712 0.39228588 -0.34702137 -0.93590599 -0.06046585 -0.38399825 -0.7712509 -0.50765884 -0.35255229 -0.93400037 -0.057881735 -0.13857646 -0.92569095 0.35198426 -0.36443588 -0.92957562 -0.055457667 -0.61863106 -0.30287147 -0.72495824 -0.46965826 -0.71614569 -0.51629114 -0.36762321 -0.92831481 -0.05554023 -0.050628327 -0.95687622 0.28605026 -0.37779301 -0.92466819 -0.047554344 0.013949395 -0.98110628 0.19296637 -0.38924053 -0.92050141 -0.034190081 0.051069215 -0.99473798 0.088815823 -0.39636996 -0.91790938 -0.018253889 0.061184861 -0.99794579 -0.01898839 -0.39702734 -0.91780329 -0.0025780892 0.040901855 -0.99073255 -0.12952237 -0.39764681 -0.91744655 0.012995023 -0.0095103495 -0.97242957 -0.23300266 -0.39058942 -0.92011327 0.028835427 -0.084238239 -0.9450478 -0.31589341 -0.38010076 -0.92385602 0.044872995 -0.17713927 -0.91140997 -0.37142098 -0.36677507 -0.92881155 0.052773342 -0.28234631 -0.87436271 -0.39467758 -0.35255229 -0.93400037 0.057881735 -0.3885698 -0.83400357 -0.391729 -0.33440423 -0.94051218 0.060088284 -0.49051815 -0.79829425 -0.34945416 -0.32040909 -0.94572377 0.054262865 -0.57594562 -0.76686674 -0.28319976 -0.30593446 -0.95094603 0.045890138 0.28163928 -0.63048798 0.72330081 -0.30218711 -0.95227063 0.043169588 0.10522281 -0.91100788 0.39873901 0.22264589 -0.88464695 0.40966874 -0.024858484 -0.98982346 0.14011201 0.37386936 -0.91944194 0.12185378 0.46431211 -0.80694246 0.36504537 0.46431211 -0.80694246 0.36504537 0.40707216 -0.9133029 0.013047134 0.4189094 -0.89520365 -0.15206988 0.33271399 -0.85199642 -0.40423188 0.17199048 -0.81167454 -0.55821478 0.0027539537 -0.7848798 -0.6196419 -0.13207017 -0.69336861 -0.70837665 -0.3463442 -0.61427093 -0.70902544 -0.51008564 -0.5945369 -0.62156129 -0.60301584 -0.55897522 -0.56913847 -0.63955605 -0.64621806 -0.41637766 -0.52361244 -0.72908062 -0.44076228 -0.61863106 -0.30287147 -0.72495824 -0.58151722 -0.71037614 -0.39648902 -0.48536009 -0.74619973 -0.45564407 -0.38658822 -0.798949 -0.4606843 -0.10534925 -0.80182451 -0.58819973 -0.32066935 -0.88335311 -0.34184557 -0.1108129 -0.88082045 -0.46029967 -0.15460984 -0.96888864 -0.19326241 0.2672869 -0.62685156 -0.73185718 -0.071589477 -0.89486879 -0.44055077 0.057102915 -0.96826667 -0.24330801 -0.15460984 -0.96888864 -0.19326241 -0.29408029 -0.95513272 -0.035189118 0.10289379 -0.94978881 -0.29548985 0.30889517 -0.94762778 -0.08115045 -0.034062691 -0.99008858 -0.13625076 -0.17841685 -0.98129272 -0.072331175 0.43804151 -0.89293087 -0.1038945 -0.17841685 -0.98129272 -0.072331175 -0.61717898 -0.7518931 0.23183368 -0.29272231 -0.95572609 -0.030022847 -0.3021872 -0.95227057 -0.043169588 -0.54428786 -0.77801138 0.31376588 -0.48319632 -0.50319088 0.71646369 -0.48383263 -0.80104756 0.35246092 -0.27958506 -0.57505536 0.76885861 -0.38116512 -0.83793354 0.39061564 -0.07235866 -0.65122807 0.75542456 -0.27567792 -0.87550437 0.39685491 0.12238596 -0.72237521 0.68058485 -0.17070484 -0.91327065 0.36986038 0.28889757 -0.78415066 0.54922295 0.28889757 -0.78415066 0.54922295 -0.078485303 -0.94705677 0.31132528 0.41482091 -0.8296417 0.37365535 -0.0047167921 -0.97402132 0.22640689 0.48717904 -0.85553402 0.17526571 0.043097906 -0.99125087 0.12475691 0.50640303 -0.86143559 -0.038530689 0.061058678 -0.9979921 0.016843684 0.46649265 -0.84705228 -0.25472945 0.051274825 -0.99428564 -0.093632258 0.3708266 -0.81198251 -0.45074621 0.0093085086 -0.97972429 -0.20013373 0.22812174 -0.75936383 -0.609366 -0.056042109 -0.9552629 -0.29039988 0.045656737 -0.69341165 -0.71909368 -0.14474794 -0.92416024 -0.35351911 -0.15401527 -0.61908114 -0.77007651 -0.24463236 -0.88604623 -0.39379829 -0.36133358 -0.54688323 -0.7552197 -0.35323021 -0.84712738 -0.39699328 -0.55665529 -0.47617507 -0.68072915 -0.45753732 -0.80948913 -0.36794955 -0.72409052 -0.41329375 -0.55216038 -0.72409052 -0.41329375 -0.55216038 -0.54985768 -0.77683371 -0.30689728 -0.85124415 -0.36793706 -0.37417325 -0.62192053 -0.7500549 -0.22501647 -0.641325 -0.74307364 -0.1911642 -0.29408029 -0.95513272 0.035189118 0.2641108 -0.85068238 0.45451617 -0.18157576 -0.9805088 0.075051308 -0.18157576 -0.9805088 0.075051308 0.12416581 -0.98616338 0.10983904 -0.28573427 -0.95819497 0.014779376 0.17410298 -0.97746378 0.11938488 0.28308773 -0.95908159 -0.0048808041 -0.2853328 -0.95842546 -0.0024387324 0.17469126 -0.98462325 0 -0.28573418 -0.95819491 -0.014779375 -0.66752416 -0.73337841 0.12871537 -0.8059082 -0.38529491 0.44951069 -0.63797885 -0.7432763 0.20130399 -0.57062244 -0.76826823 0.29009306 -0.66188169 -0.43791157 0.60839629 -0.4290182 -0.14014593 0.89235783 -0.54624528 -0.47922137 0.68699569 -0.23521361 -0.15592818 0.9593544 -0.3150669 -0.56583446 0.76194757 0.078003064 -0.37118644 0.92527634 -0.16071747 -0.62467569 0.76416641 0.16614506 -0.57999694 0.79749566 0.42892128 -0.39371145 0.81303006 0.16614506 -0.57999694 0.79749566 0.4914127 -0.41933873 0.76332742 0.39080471 -0.77183956 0.50153291 0.62518609 -0.46720913 0.62518632 0.23820701 -0.76477009 0.59865195 0.33934465 -0.79713982 0.49941295 0.68437505 -0.48979777 0.54011947 0.41111058 -0.83170819 0.37316176 0.82035053 -0.53778529 0.19445345 0.46093673 -0.84812331 0.26119736 0.8374359 -0.54650843 -0.0054378747 0.50619233 -0.86189526 0.03009798 0.8181957 -0.53732252 -0.20454888 0.47832912 -0.85069925 -0.21797276 0.68738949 -0.48955539 -0.53649908 0.41196397 -0.81754094 -0.40238345 0.46049318 -0.40860662 -0.78802699 0.30346173 -0.77622312 -0.55261981 0.24047042 -0.38594019 -0.89063132 0.10970156 -0.71750724 -0.68785816 0.079354003 -0.26877964 -0.95992738 -0.12196062 -0.63657498 -0.76151025 -0.2963396 -0.23365235 -0.92606127 -0.27631024 -0.5812043 -0.76541108 -0.49941295 -0.33934465 -0.79713982 -0.58180273 -0.027837425 -0.8128534 -0.49941295 -0.33934465 -0.79713982 -0.64506328 -0.0055370023 -0.76410919 -0.79713982 -0.33934465 -0.49941295 -0.77756542 0.04540528 -0.62716049 -0.67428935 -0.43394852 -0.59751374 -0.77210993 -0.39419955 -0.49845067 -0.83930796 0.064996928 -0.53975701 -0.84939879 -0.37161198 -0.37473476 -0.84939879 -0.37161198 -0.37473476 -0.87792492 -0.36757404 -0.30681795 -0.97430563 0.11551048 -0.1933545 -0.90518588 -0.34859911 -0.2431405 -0.92378241 -0.34078556 -0.17461742 -0.6694327 -0.73219186 -0.12551859 -0.6790567 -0.72881514 -0.087809078 -0.28706458 -0.95770669 0.019797554 -0.28533271 -0.95842546 0.0024387322 -0.68706745 -0.72632837 0.019630508 -0.67856401 -0.7285018 0.094000228 -0.90158856 -0.35061792 0.25338769 -0.97287256 0.11341782 0.20163162 -0.91266602 -0.34658217 0.21661386 -0.84141511 0.06494154 0.5364728 -0.83949405 -0.36157978 0.40559822 -0.73132026 -0.3986026 0.55343163 -0.61404765 -0.016670913 0.7890929 -0.63442206 -0.0083111739 0.77294213 -0.51108819 0.32581866 0.79538113 -0.52614814 -0.047325481 0.84907502 -0.40913337 -0.2060383 0.88890839 -0.27950737 -0.21242566 0.93634981 -0.0071414253 -0.23804596 0.97122765 -0.21437789 -0.612064 0.76119637 -0.13739741 -0.19082986 0.97195983 0.082098611 -0.26938581 0.95952654 0.1797857 -0.40596771 0.89602858 0.36060166 -0.37303615 0.85487449 0.47168249 -0.40987587 0.78071588 0.47168249 -0.40987587 0.78071588 0.39080471 -0.77183956 0.50153291 0.55275327 -0.44286862 0.70592582 0.68437505 -0.48979777 0.54011947 0.39080471 -0.77183956 0.50153291 0.78887171 -0.52697909 0.31618741 0.43541089 -0.84594107 0.30789763 0.73761451 -0.50938392 0.44323009 0.81355649 -0.53620762 0.22496057 0.8374359 -0.54650843 -0.0054378747 0.81106764 -0.53555238 -0.2352716 0.73253137 -0.50713706 -0.45410314 0.44636217 -0.83299977 -0.32691312 0.78533292 -0.52569234 -0.32695499 0.68738949 -0.48955539 -0.53649908 0.54501891 -0.43867385 -0.71450663 0.37519839 -0.75692207 -0.53506565 0.63551396 -0.4707512 -0.6119765 0.47969848 -0.41443342 -0.77339149 0.37161198 -0.37473476 -0.84939879 0.18079184 -0.41990358 -0.88937908 0.077054419 -0.34541622 -0.93528086 -0.14823483 -0.18657143 -0.97119385 -0.22812174 -0.609366 -0.75936383 -0.016757693 -0.23460756 -0.9719457 -0.23471412 -0.15295975 -0.9599545 -0.39616495 -0.19516942 -0.89719683 -0.51541239 -0.052934207 -0.85530579 -0.62364215 -0.011086929 -0.78163141 -0.62364215 -0.011086929 -0.78163141 -0.79713982 -0.33934465 -0.49941295 -0.70560557 0.016800156 -0.70840567 -0.83930796 0.064996928 -0.53975701 -0.79713982 -0.33934465 -0.49941295 -0.94354385 0.10394976 -0.31451476 -0.87792492 -0.36757404 -0.30681795 -0.89186972 0.083352335 -0.44454566 -0.9679175 0.11237042 -0.22474085 -0.98404247 0.12088972 -0.13056101 -0.93678117 -0.33379564 -0.1049841 -0.98404247 0.12088972 -0.13056101 -0.93674707 -0.33204585 0.11068193 -0.68857884 -0.72496706 -0.016794626 -0.93678117 -0.33379564 -0.1049841 -0.98279381 0.11920023 0.14109422 -0.93674707 -0.33204585 0.11068193 -0.98279381 0.11920023 0.14109422 -0.96616179 0.11019889 0.23321153 -0.8884967 0.083557703 0.45121145 -0.87853318 -0.35262915 0.3222301 -0.93966889 0.10173047 0.32660863 -0.84141511 0.06494154 0.5364728 -0.61411566 0.38299677 0.6900546 -0.69860488 0.013972043 0.71537131 -0.77386743 -0.33856711 0.53525841 -0.78873891 0.048232231 0.61283326 -0.21992914 0.31704068 0.92255974 -0.27379334 0.25668132 0.92690444 -0.20239612 0.19973318 0.95871913 -0.15322612 0.20776416 0.96610332 -0.15322612 0.20776416 0.96610332 -0.088285923 0.1863815 0.97850269 0.044343587 0.24635249 0.96816534 0.044343587 0.24635249 0.96816534 0.088457741 0.14822657 0.9849894 0.15914762 0.18224961 0.97028702 0.2455519 0.14521877 0.95844448 0.24902919 0.070432544 0.96593153 0.32372129 0.01254729 0.9460693 0.3982321 0.023579437 0.91698164 0.46560007 0.08694943 0.88071358 0.52876514 0.030293889 0.84822738 0.52079439 -0.050129917 0.85220891 0.63006264 -0.0055268444 0.77652466 0.639489 -0.081389546 0.76447994 0.71949291 -0.01679752 0.69429648 0.75021017 -0.12852214 0.6485883 0.78264946 -0.057127748 0.61983567 0.80089957 -0.15298077 0.57892734 0.84456956 -0.15060502 0.51382905 0.87323725 -0.075568669 0.48140013 0.90170568 -0.088510998 0.42319328 0.9146952 -0.17044015 0.36644623 0.93891281 -0.082221188 0.33418933 0.95245755 -0.11905723 0.2804459 0.96015811 -0.1962754 0.19892783 0.97838545 -0.11641549 0.17090778 0.9896968 -0.13714047 0.041142114 0.97623372 -0.21481913 -0.028642591 0.98242146 -0.1218885 -0.14139065 0.9497838 -0.20138679 -0.23948704 0.93517703 -0.1748254 -0.30802569 0.89944381 -0.16379647 -0.40518081 0.90301168 -0.076852098 -0.42268631 0.85408366 -0.08228717 -0.51358527 0.81473684 -0.14272763 -0.56199002 0.78628796 -0.048255928 -0.61597282 0.72858936 -0.11597953 -0.67506027 0.684645 -0.072525933 -0.72525942 0.72083032 -0.0027724134 -0.693106 0.65075105 -0.011123993 -0.75920957 0.65075105 -0.011123993 -0.75920957 0.60126406 -0.080939434 -0.79494041 0.54116994 -0.076903164 -0.83738947 0.48255762 -0.035442118 -0.87514687 0.51099086 0.049988218 -0.85813147 0.453529 0.080689251 -0.88758141 0.37845054 0.020736935 -0.92538923 0.27987537 0.014730224 -0.95992327 0.38126582 0.10148796 -0.91887796 0.3115927 0.11819039 -0.94283664 0.3115927 0.11819039 -0.94283664 0.19641557 0.081021413 -0.97716749 0.19572151 0.094144456 -0.97613001 0.12081485 0.19129021 -0.97406971 0.043691989 0.14257397 -0.98881936 -0.0071163946 0.23246975 -0.97257763 -0.10557669 0.2061258 -0.97281325 -0.16033967 0.28263271 -0.94573253 -0.25511819 0.24110077 -0.93636805 -0.32470989 0.28043127 -0.90328383 -0.27768856 0.26051202 -0.92467433 -0.32581851 0.35322371 -0.87696934 -0.32581851 0.35322371 -0.87696934 -0.39748657 0.29658616 -0.86835539 -0.43712005 0.3764976 -0.81680828 -0.54400837 0.34648165 -0.76420242 -0.550506 0.36157504 -0.75246704 -0.57915264 0.45528767 -0.67623615 -0.64136869 0.38349879 -0.66451102 -0.65747762 0.45956337 -0.59709692 -0.74465889 0.42175373 -0.51730734 -0.75613326 0.43395463 -0.48984271 -0.75422806 0.51812196 -0.40334815 -0.81472081 0.46464542 -0.34689286 -0.79478908 0.52456069 -0.305199 -0.85945189 0.46138996 -0.2201404 -0.8630684 0.47157347 -0.18091816 -0.84621185 0.53198338 -0.030320348 -0.88418692 0.46635476 0.026956981 -0.83083373 0.53812027 0.1419218 -0.85504383 0.45947212 0.24038602 -0.82864553 0.46768242 0.30760321 -0.79503471 0.45245886 0.40398112 -0.73938668 0.5215317 0.42580748 -0.70790648 0.48418137 0.51423407 -0.7153219 0.41395953 0.562985 -0.67260212 0.39428419 0.62621593 -0.55143243 0.46119818 0.69513917 -0.50453836 0.40952805 0.76008409 -0.44126412 0.30142686 0.84523827 -0.38455728 0.28463295 0.87812287 -0.29779986 0.35194525 0.88738358 -0.12831047 0.51324171 0.84859848 -0.066631518 0.36780652 0.92751199 0.043631732 0.46631417 0.88354248 0.17674531 0.45659199 0.87194318 0.25157404 0.43040383 0.86686969 0.17693871 0.21127014 0.96127915 0.35318765 0.30488831 0.88447809 0.3980222 0.18884261 0.89772868 0.48688 0.28089234 0.82707161 0.55732524 0.11088139 0.8228572 0.61080772 0.3462334 0.71206486 0.70280254 0.22590066 0.67456466 0.79749578 0.16614486 0.57999688 0.84146869 0.019186506 0.53996515 0.87720817 0.11107497 0.46708477 0.92204314 0.14808565 0.35764095 0.96552783 0.10500426 0.23818062 0.98933095 0.10758685 0.098231502 0.99654263 0.079637274 -0.023675999 0.97865617 0.1440662 -0.14655009 0.95895243 -0.024779113 -0.28248209 0.95741183 0.12066015 -0.26230466 0.91977686 0.13657293 -0.3679108 0.85862905 0.13388795 -0.49480316 0.77803451 0.19681504 -0.59659559 0.68093371 0.22593181 -0.69662338 0.59597975 0.10862678 -0.79561818 0.5692811 0.24397767 -0.78510761 0.45648867 0.28879902 -0.84155405 0.34945491 0.34638953 -0.87057197 0.2013389 0.21476145 -0.95568842 0.23704249 0.38519403 -0.89187241 0.14174773 0.40256363 -0.9043507 -0.0026083789 0.42516735 -0.90511096 -0.091395371 0.51695502 -0.85111946 -0.21027547 0.42055112 -0.88256502 -0.20833714 0.54535323 -0.8119024 -0.34044093 0.56415951 -0.7522127 -0.46832994 0.50154489 -0.72740626 -0.41630834 0.62945819 -0.65610182 -0.51971006 0.64795011 -0.55683208 -0.66277391 0.5652082 -0.49119279 -0.58296102 0.68955964 -0.42972553 -0.6572234 0.69890106 -0.28212529 -0.76401162 0.6203776 -0.1772508 -0.76401162 0.6203776 -0.1772508 -0.61090684 0.78076887 -0.13112153 -0.80210477 0.59446764 -0.056886815 -0.6756587 0.7370823 0.013959837 -0.65572685 0.7403366 0.14806733 -0.74815381 0.59788376 0.28775159 -0.65454465 0.70563108 0.27139649 -0.61565483 0.69466925 0.37202668 -0.56641465 0.65070266 0.50572759 -0.58568072 0.53828454 0.60599327 -0.463377 0.64805609 0.60440463 -0.3787097 0.5960561 0.70802265 -0.36753216 0.4538224 0.8117668 -0.2580339 0.56956261 0.78039539 -0.11921414 0.71826464 0.68548071 0.013954619 0.66982424 0.74238861 0.1474907 0.62006301 0.77056372 0.24173832 0.59963655 0.76288831 0.33631596 0.55621511 0.75994503 0.48583332 0.49248853 0.72209483 0.61090004 0.45985311 0.64446586 0.72501856 0.42375511 0.54293621 0.82782924 0.38378301 0.40915701 0.88847238 0.3571898 0.28815317 0.92416024 0.35351911 0.14474794 0.94818282 0.3177157 0.0024821444 0.93062884 0.35503754 -0.088759385 0.92242241 0.34872076 -0.16592361 0.91863722 0.31677148 -0.23613869 0.86528748 0.36951765 -0.33872461 0.81625998 0.36667925 -0.44639224 0.74690038 0.41457912 -0.51986903 0.67846704 0.44451278 -0.5848853 0.63136601 0.43093231 -0.64472818 0.56619978 0.46569109 -0.68010998 0.49429819 0.50431764 -0.70804876 0.37970799 0.54664838 -0.74632257 0.27958506 0.57505536 -0.76885861 0.21100827 0.61440623 -0.76025027 0.10937887 0.64444888 -0.7567839 -0.025346069 0.70405775 -0.70969027 -0.12554112 0.72933364 -0.67254132 -0.2146576 0.75285727 -0.6221962 -0.27782369 0.79242927 -0.54301924 -0.35612339 0.83515638 -0.4191539 -0.42442131 0.85194039 -0.30669853 -0.49584603 0.85752201 -0.13708687 -0.5200305 0.85414344 0.0026944485 -0.4834117 0.87070632 0.090462998 -0.48171121 0.8599875 0.16845125 -0.4611831 0.85212004 0.24738964 -0.41851839 0.83703697 0.35243657 -0.34570792 0.82145262 0.45354339 -0.29231089 0.78479165 0.5464946 -0.19398558 0.76362658 0.61582792 -0.090917513 0.72440875 0.68334913 0.081069604 0.61091703 0.78753287 0.21011983 0.58709967 0.78176957 0.30644038 0.54265493 0.78206134 0.48756406 0.51094055 0.70796973 0.61293352 0.48159069 0.6264047 0.70071834 0.41843846 0.57784361 0.80719084 0.36836082 0.46125185 0.89432788 0.34878781 0.28022274 0.93644023 0.32666507 0.12794386 0.93274152 0.36031938 -0.012777311 0.91511291 0.38222691 -0.12833902 0.89769304 0.36616433 -0.24509379 0.82989132 0.38327053 -0.40544313 0.72009963 0.40299168 -0.56484896 0.60579962 0.47790864 -0.63608968 0.48015732 0.51016736 -0.71356732 0.32722408 0.529333 -0.78277129 0.22027914 0.5832746 -0.78183621 0.11520778 0.61148739 -0.78282201 -0.04564856 0.68758142 -0.72467089 -0.13477346 0.76072121 -0.63493258 -0.26519021 0.77662832 -0.57142156 -0.38327119 0.79875004 -0.46379033 -0.45855606 0.84275174 -0.28195009 -0.50982291 0.85067588 -0.12818408 -0.48538741 0.87423342 0.010726751 -0.45506468 0.88150889 0.12592989 -0.46753138 0.84950179 0.24446091 -0.39431766 0.83595389 0.38169974 -0.26107207 0.78636187 0.55988955 -0.52432716 0.33775687 0.78166568 -0.29654443 0.68011808 0.67044818 -0.093262754 0.60620791 0.789819 -0.33054584 0.23776105 0.91335046 -0.26596826 0.017080622 0.96383047 -0.17859197 0.31532645 0.93202686 -0.073638335 0.26154357 0.96237856 0.047645763 0.55212837 0.83239657 0.11937441 0.52699393 0.84144342 0.040422484 0.11453039 0.99259698 0.19771379 0.47631058 0.85675991 0.25752792 0.30382487 0.91726214 0.55152893 -0.16186178 0.81830108 0.45037255 0.24648769 0.85814244 0.59847373 0.32026425 0.73434329 0.68717992 -0.28578976 0.6679132 0.70030552 0.3682358 0.61153454 0.8062219 -0.23566492 0.54264939 0.86544627 0.25507885 0.43120483 0.91737735 -0.26045409 0.30096909 0.9337306 0.27843168 0.22499532 0.96462357 -0.26307917 0.017051362 0.96315664 0.26781657 0.024570381 0.93080944 -0.23482421 -0.28009155 0.93588281 0.27179828 -0.22416353 0.78874826 -0.21651915 -0.57532221 0.82313323 0.2712597 -0.49886855 0.61925012 -0.078129753 -0.78129703 0.68209189 0.37234968 -0.62936985 0.40645686 -0.02903269 -0.9132086 0.48560104 0.42982247 -0.76121235 0.22244522 0.15178624 -0.96305716 0.31709781 0.45523936 -0.83198917 0.042759553 0.11477551 -0.99247074 0.178596 0.48816222 -0.85428399 -0.0025815403 0.40014032 -0.91645026 -0.52748877 0.23135485 -0.81745368 -0.18781887 0.47700027 -0.8586005 -0.71097726 0.22237614 -0.66712832 -0.28567195 0.69973582 -0.65479869 -0.76857007 0.33907506 -0.54252023 -0.49992168 0.75317127 -0.42756447 -0.87064004 0.38796943 -0.30243281 -0.53620756 0.81355637 -0.22496074 -0.90803629 0.41848633 -0.018424015 -0.56662488 0.82367915 -0.022112276 -0.86459476 0.41854957 0.27801469 -0.54327977 0.80874592 0.2253377 -0.45678076 0.73813146 0.49650109 -0.74377698 0.34103325 0.57488441 -0.71692085 0.23268493 0.65717751 -0.61602974 0.30640221 0.72568941 -0.41286853 0.23635225 0.87958926 -0.41286853 0.23635225 0.87958926 -0.79485667 0.18272573 0.57863134 -0.73450649 0.29187819 0.61262339 -0.7509132 0.13816807 0.64578557 -0.70587027 0.22587866 0.67136139 -0.67382783 0.11279931 0.73022765 -0.59003609 0.13707913 0.79565489 -0.57800263 0.03350744 0.81534666 -0.46518123 0.049254458 0.8838442 -0.3648445 0.036484465 0.93035334 -0.26694676 -0.08470425 0.95998162 -0.11964425 -0.11725138 0.98586887 -0.11116517 -0.29114696 0.95019776 0.079932742 -0.17682076 0.9809919 0.44699115 -0.23255625 0.86378026 0.39106894 -0.28193346 0.87611568 0.30607331 -0.16544507 0.93752182 0.23591313 -0.26399809 0.93522722 0.13709481 -0.13219859 0.98169678 0.033138458 0.19646357 0.97995096 -0.02815786 0 0.99960351 0.22758898 0.14649393 0.96267486 0.354087 0.052457277 0.9337402 0.49693039 -0.072995394 0.86471486 0.49693039 -0.072995394 0.86471486 0.69092858 -0.27509195 0.66853732 0.59439474 0.28761047 0.75098276 0.55152893 -0.16186178 0.81830108 0.71997535 -0.26760149 0.64033186 0.81583738 -0.23486234 0.52844024 0.89007294 -0.1932395 0.41282994 0.94717771 -0.24637569 0.20531315 0.98191071 -0.18602146 0.035320539 0.97096211 -0.17420961 -0.16396195 0.91234761 -0.1739163 -0.3706412 0.81466705 -0.2518627 -0.5223819 0.75559729 -0.23514444 -0.61137533 0.698901 -0.28212517 -0.65722346 0.66673231 -0.16135535 -0.72762114 0.52162164 0.013583845 -0.85306883 0.33977708 0.12878647 -0.9316467 0.10065396 0.17430301 -0.97953421 -0.081661001 0.26029471 -0.96206969 -0.2396401 0.26783311 -0.93318701 -0.4255712 0.26142237 -0.86634153 -0.4255712 0.26142237 -0.86634153 -0.70782375 0.23279531 -0.66692716 -0.27011901 0.60379559 -0.74997771 -0.52748877 0.23135485 -0.81745368 -0.72806346 0.26388323 -0.63268411 -0.77758843 0.32774395 -0.53660047 -0.80670708 0.42424428 -0.41138846 -0.88494039 0.41887179 -0.20353623 -0.87153602 0.48904365 -0.035517171 -0.85635191 0.49018759 0.16241167 -0.80971295 0.45446339 0.37125173 -0.7883603 0.33008593 0.51916409 -0.84759527 0.25796375 0.46372074 -0.88735378 0.2728014 0.37172937 -0.93238932 0.29769066 0.20501341 -0.95177948 0.29104 0.09701328 -0.95532602 0.29546165 -0.0073865131 -0.92938226 0.30226117 -0.21186532 -0.88505638 0.28598765 -0.36726838 -0.93505019 0.23025258 -0.269564 -0.98543179 -0.0324613 -0.16694374 -0.95361698 -0.1077088 -0.28109375 -0.79125243 -0.60909361 -0.05407837 -0.95733362 -0.25123397 -0.14280669 -0.79332817 -0.60876924 -0.0055092024 -0.96767801 -0.24869072 -0.041858833 -0.9671495 -0.24982627 0.046997003 -0.79221588 -0.60896325 0.039469857 -0.69919848 -0.71346796 0.045661945 -0.69445634 -0.71488142 0.081700787 -0.65769696 -0.74617636 0.10322595 -0.67981333 -0.71057427 0.1814886 -0.79829419 -0.49051824 0.34945416 -0.84042948 -0.067913584 0.53764856 -0.74316168 -0.14802812 0.65253222 -0.62043476 -0.34287199 0.70533645 -0.5355652 0.016394787 0.84433472 -0.34721541 -0.20373814 0.91538638 -0.21292351 -0.50493258 0.83648473 0.015950868 -0.4492822 0.89324749 0.15103635 -0.52418506 0.83810389 0.28751001 -0.52762836 0.7993412 0.44696844 -0.50987506 0.7350148 0.58919418 -0.40051958 0.70173675 0.49933439 -0.32122794 0.80466002 0.59001333 -0.28384426 0.75585496 0.64792109 -0.27129704 0.71175569 0.7044642 -0.29272261 0.64656287 0.76946396 -0.31099167 0.55786139 0.84391075 -0.33131304 0.42195523 0.86017013 -0.34963745 0.37129632 0.88175678 -0.37444472 0.28687295 0.89976263 -0.36755013 0.23523207 0.92014027 -0.36358121 0.14543244 0.86588633 -0.47123072 0.16787602 0.88894361 -0.45537907 0.049082752 0.92187762 -0.38734356 0.010329122 0.89005768 -0.44918796 -0.077637471 0.91155028 -0.3914634 -0.12582754 0.89321727 -0.36324164 -0.26498777 0.87630528 -0.45846435 -0.14798529 0.86919826 -0.42399922 -0.25439957 0.85670912 -0.36627424 -0.36317024 0.82085305 -0.43587932 -0.36906576 0.7776686 -0.40022287 -0.48482278 0.72404951 -0.34571731 -0.59685165 0.69513768 -0.29285902 -0.65651906 0.65228367 -0.3507255 -0.67195064 0.55731654 -0.27865827 -0.78214312 0.60099804 -0.25937808 -0.75599229 0.45724425 -0.34610853 -0.8192293 0.38678443 -0.26085463 -0.88450706 0.40944627 -0.18004021 -0.89439321 0.32317361 -0.15468137 -0.93361259 0.21211094 -0.16235654 -0.96366453 0.14146747 -0.23577906 -0.96145469 0.14146747 -0.23577906 -0.96145469 -0.032214928 -0.15647238 -0.98715687 0.063626282 -0.06143235 -0.99608111 -0.14453332 -0.0022235811 -0.98949742 -0.27845022 -0.068973869 -0.9579708 -0.3430672 0.057614353 -0.93754226 -0.39081264 -0.002571126 -0.92046666 -0.47283137 0.035326511 -0.88044453 -0.4897944 0.10884323 -0.86501712 -0.58137077 0.071597382 -0.8104825 -0.65095019 0.17114182 -0.73957711 -0.68114138 0.13202745 -0.72014946 -0.74699634 0.16769305 -0.64333147 -0.78838217 0.16980538 -0.59128654 -0.80534983 0.26636079 -0.5295881 -0.90616155 0.21201856 -0.3659499 -0.884556 0.046411883 -0.46411899 -0.90363443 0.010507337 -0.42817557 -0.90707934 -0.270069 -0.32290855 -0.93231863 -0.2599192 -0.25144351 -0.78306794 -0.61232382 -0.10892302 -0.7020753 -0.71063715 -0.045663435 -0.70286667 -0.71123409 -0.01115657 -0.70560557 -0.70840567 0.016800156 -0.5747388 -0.81831861 0.0054736822 -0.56789106 -0.82303053 0.010973698 -0.56978947 -0.82149273 0.022127749 -0.55269235 -0.83316308 0.019248003 -0.53798872 -0.84266591 0.021958722 -0.54120523 -0.83970511 0.044635486 -0.63452959 -0.74339491 0.21150979 -0.74092209 -0.48953778 0.45976868 -0.66361564 -0.51876569 0.53897721 -0.5549891 -0.62267083 0.55160505 -0.44108692 -0.59145737 0.67499655 -0.28580457 -0.68400395 0.67115885 -0.29501808 -0.79305959 0.53293598 -0.13137303 -0.84954536 0.51089501 -0.15160355 -0.70647275 0.69131225 -0.084798239 -0.86494184 0.49465629 -0.038002972 -0.88492578 0.46417895 0.057127748 -0.61983556 0.78264952 0.015835123 -0.90260088 0.43018693 0.18135993 -0.66396195 0.72543991 0.25295335 -0.80258048 0.54025847 0.25295335 -0.80258048 0.54025847 0.43692595 -0.75887132 0.48291808 0.65459645 -0.43083134 0.62119877 0.64083505 -0.45630133 0.61734873 0.70492905 -0.52117985 0.48108903 0.59732723 -0.70293206 0.38611752 0.66065472 -0.68965918 0.29648903 0.79829854 -0.50452465 0.32889888 0.73128366 -0.65754086 0.18128468 0.82691079 -0.50172108 0.2539576 0.74641842 -0.66348302 0.051477108 0.6470449 -0.75586599 -0.099997818 0.84755993 -0.49715534 -0.18568453 0.4780246 -0.80945516 -0.34099099 0.4780246 -0.80945516 -0.34099099 0.7963807 -0.46751091 -0.38368139 0.42756447 -0.75317132 -0.49992156 0.65889901 -0.41264391 -0.62894917 0.55219853 -0.39114064 -0.73626471 0.21879169 -0.72201252 -0.65637499 0.21879169 -0.72201252 -0.65637499 0.4537352 -0.32769766 -0.82869697 0.29243657 -0.24943118 -0.92318201 0.02673747 -0.44384238 -0.89570594 0.26338556 -0.27483708 -0.92471218 -0.087355174 -0.32294914 -0.94237626 -0.1383101 -0.52675539 -0.83868885 -0.27715239 -0.37957835 -0.88267028 -0.52354497 -0.41488469 -0.74415821 -0.40771821 -0.22915553 -0.8838855 -0.54835725 -0.21872678 -0.8071326 -0.66987717 -0.24330451 -0.70147526 -0.67552167 0.093985632 -0.73132575 -0.78598887 0.096422412 -0.61067533 -0.83659601 -0.31959853 -0.44493127 -0.89214784 -0.27152333 -0.36103642 -0.7700364 -0.6148116 -0.17044283 -0.69445634 -0.71488142 -0.081700787 -0.60086113 -0.79931062 -0.008268699 -0.57657367 -0.81704056 0.0027325666 -0.56915623 -0.82211447 -0.013747766 -0.54403657 -0.83906144 0 -0.46099347 -0.88714451 0.021441558 -0.46727106 -0.88409811 0.0053098784 -0.43972471 -0.89799201 -0.015893685 -0.4652774 -0.88483387 -0.024205172 -0.46851131 -0.88285959 -0.032497939 -0.44661459 -0.89322913 -0.051741898 -0.42502463 -0.9021489 -0.074036509 -0.43099156 -0.90017217 -0.062739283 -0.50886184 -0.85922545 0.052832607 -0.5905875 -0.76428962 0.25897416 -0.53904533 -0.78464609 0.30620331 -0.43893346 -0.8105852 0.38767117 -0.34960553 -0.88606882 0.30439776 -0.34179989 -0.93316817 0.11122061 -0.26026735 -0.89910537 0.35195243 -0.16565506 -0.9237383 0.34534898 -0.097515352 -0.9487986 0.30045286 -0.004840327 -0.96322876 0.26863918 0.15093909 -0.9487595 0.2776199 0.43357065 -0.75874859 0.48612458 0.1908858 -0.96488816 0.1804262 0.4996289 -0.77864236 0.37958807 0.20543626 -0.97138381 0.11920377 0.54392034 -0.79544419 0.26724401 0.21264142 -0.97521788 0.06110394 0.56986183 -0.80680442 0.15596214 0.21466029 -0.97658622 0.014153369 0.58180267 -0.81285352 0.027837513 0.21541943 -0.97543818 -0.045988373 0.577685 -0.81164742 -0.086652771 0.32625031 -0.93488538 -0.13982153 0.3535043 -0.90983933 -0.21731836 0.2726149 -0.91645038 -0.29291612 0.1988018 -0.92300868 -0.32944313 0.40480906 -0.74050426 -0.53645414 0.35692459 -0.71384913 -0.60251486 0.089848928 -0.88164347 -0.46328402 0.016474029 -0.83193743 -0.55462492 -0.054487772 -0.73415148 -0.6767959 -0.22591855 -0.67775565 -0.69971997 -0.28775427 -0.79685813 -0.53123873 -0.36525613 -0.67128158 -0.64495671 -0.50026411 -0.71371007 -0.49025875 -0.43208021 -0.44182634 -0.78619093 -0.55643606 -0.39510253 -0.73093969 -0.58747333 -0.68093503 -0.43726704 -0.55643606 -0.39510253 -0.73093969 -0.656187 -0.656187 -0.37260866 -0.6661182 -0.35438809 -0.65627414 -0.70757538 -0.63649464 -0.30693907 -0.77219409 -0.34571037 -0.53310466 -0.84406543 -0.29169911 -0.44996133 -0.74519086 -0.62256461 -0.23896423 -0.68364912 -0.71947348 -0.12240004 -0.56028408 -0.82800609 -0.022080163 -0.46743265 -0.88352895 0.029721122 -0.051319934 -0.98674351 0.15395994 -0.35818848 -0.93129003 0.066331185 0.073752813 -0.99454558 0.073752813 -0.38337326 -0.92322528 0.026079791 0.071798086 -0.99646962 0.043513924 0.075192325 -0.99683577 -0.025780268 -0.36832294 -0.92969793 0 0.077723451 -0.99211723 -0.098297372 -0.36542359 -0.93040466 -0.02850819 0.063808896 -0.97431314 -0.21596864 -0.35654575 -0.93230104 -0.060744837 0.043240752 -0.95129675 -0.30522889 -0.37214395 -0.92356873 -0.092356853 0.018102374 -0.9258067 -0.3775636 -0.35552841 -0.92602754 -0.1267776 -0.01055913 -0.89752257 -0.440842 -0.36964563 -0.919945 -0.13062665 -0.24362905 -0.92292404 -0.29808727 -0.14988552 -0.79739058 -0.58455324 -0.25978896 -0.91072094 -0.32108754 -0.40180162 -0.91093361 -0.093570203 -0.48256475 -0.87307972 0.069734789 -0.44354701 -0.89263833 0.080392927 -0.3949019 -0.91508305 0.081703864 -0.3519206 -0.9359048 0.015300916 -0.32744995 -0.94485539 -0.0049992157 -0.28956425 -0.95401084 0.077561878 -0.19829023 -0.96536011 0.16959028 -0.19231433 -0.97861207 0.07303077 -0.15854603 -0.98624992 0.046631161 -0.0022403032 -0.98797756 0.15458147 0.055245381 -0.98981434 0.131208 0.067456633 -0.99386084 0.087693542 0.079127789 -0.99569094 0.048355799 0.097146489 -0.99521154 0.01079401 0.052652575 -0.99829298 -0.025273273 0.072695501 -0.99570829 -0.057275236 0.070565261 -0.99246615 -0.10015717 0.076137625 -0.98503053 -0.15465455 0.014000494 -0.98003328 -0.1983401 -0.067028441 -0.97067159 -0.23087588 -0.10360009 -0.94568205 -0.30814356 -0.19790447 -0.89930141 -0.3899883 -0.31119478 -0.90098298 -0.30230352 -0.33540675 -0.93199068 -0.13746174 -0.37861741 -0.85654408 -0.35068652 -0.4662742 -0.82543129 -0.31820056 -0.53543109 -0.78721124 -0.30596063 -0.58897048 -0.76312834 -0.26598659 -0.63328433 -0.7424714 -0.21837395 -0.66379476 -0.72803301 -0.17130189 -0.54605001 -0.83709204 -0.033261977 -0.43907595 -0.89712441 0.048786197 -0.43907595 -0.89712441 0.048786197 -0.35221636 -0.92731959 0.12657778 -0.099626936 -0.96561569 0.24012665 0.4845247 -0.79898441 0.35617378 0 -0.97165293 0.23641185 0.5106048 -0.82742602 0.23377095 0.066954069 -0.98278958 0.17216744 0.52592164 -0.84378612 0.10691805 0.075587332 -0.99179757 0.10307367 0.074879177 -0.99696302 0.021394106 0.53072119 -0.84752923 -0.0054155015 0.074879177 -0.99696302 0.021394106 0.52656037 -0.83717191 -0.14791019 0.075362071 -0.99522287 -0.06206293 0.49856341 -0.80659318 -0.31755641 0.067083776 -0.98229867 -0.17489706 0.45550278 -0.76681751 -0.45222571 0.045202579 -0.95929956 -0.27874935 0.4100188 -0.72083938 -0.55881584 0.02307881 -0.93597442 -0.35131091 0.35072538 -0.67195064 -0.65228373 0.35072538 -0.67195064 -0.65228373 -0.0052158707 -0.907565 -0.4198792 0.28486601 -0.61774313 -0.73296988 -0.038173247 -0.87798417 -0.47716531 0.2056928 -0.56181777 -0.80128109 -0.10929971 -0.85713965 -0.50335383 -0.12695312 -0.81190914 -0.5698126 0.11880662 -0.50999922 -0.85193056 -0.12695312 -0.81190914 -0.5698126 0.024149952 -0.45885092 -0.88818502 -0.16645968 -0.78992683 -0.59017515 -0.33966053 -0.91908139 -0.19980033 -0.18339027 -0.77940845 -0.59907472 -0.079458646 -0.4137328 -0.90692419 -0.21775191 -0.76213121 -0.60970497 -0.33762693 -0.91845965 -0.20600964 -0.23524855 -0.75279516 -0.61478263 -0.18390121 -0.37642276 -0.90801227 -0.27406195 -0.73932981 -0.61504591 -0.29187819 -0.73450649 -0.61262339 -0.33488908 -0.91879821 -0.20894787 -0.34954441 -0.71868956 -0.60108578 -0.33079597 -0.92109555 -0.20532162 -0.33420798 -0.91978598 -0.20566644 -0.33488908 -0.91879821 -0.20894787 -0.33762693 -0.91845965 -0.20600964 -0.38701668 -0.91676289 -0.098812722 -0.40014032 -0.91645026 0.0025815403 -0.36391479 -0.9314183 -0.0050896979 -0.32372123 -0.9460693 0.012547366 -0.31062913 -0.945162 -0.1008881 -0.26926285 -0.96303922 -0.0072773467 -0.29104003 -0.95177948 -0.097013369 -0.27735201 -0.95647544 -0.090722576 -0.27984494 -0.95461142 -0.10199958 -0.24734935 -0.9669109 -0.062461935 -0.21271849 -0.97710234 -0.0046751131 -0.12727477 -0.99186504 0.0021943834 -0.2188957 -0.97551328 -0.021413697 -0.13462047 -0.99089479 0.0022068843 -0.21252553 -0.97666234 -0.031043084 -0.14703269 -0.98912913 0.0022277597 -0.24511933 -0.96809769 -0.051995043 -0.123954 -0.99163252 0.036059361 -0.069626212 -0.99652618 0.045692272 -0.057209074 -0.99798214 0.027545176 -0.056391001 -0.99833006 0.012531355 -0.089195281 -0.99601418 0 -0.09227366 -0.99569672 -0.0085835597 -0.10229316 -0.99463761 -0.015235158 -0.10913897 -0.99338752 -0.035637219 -0.1516216 -0.98783779 -0.034459464 -0.1718466 -0.983998 -0.04708121 -0.20031901 -0.97716594 -0.070844561 -0.20605853 -0.96508414 -0.16171683 -0.29884648 -0.9511115 -0.077959977 -0.33367902 -0.94200164 -0.035934687 -0.38594797 -0.91866481 -0.084256254 -0.42869145 -0.90107113 -0.065532446 -0.45890868 -0.88423878 -0.086744949 -0.47593561 -0.87672335 -0.069581211 -0.50127602 -0.86330885 -0.058482241 -0.52822429 -0.84793901 -0.044482045 -0.43427217 -0.89858854 0.062819265 -0.35454342 -0.92513674 0.13572365 0.010314903 -0.92318034 0.38422862 0.030800773 -0.93942243 0.34137475 0.44651645 -0.76170456 0.46949893 0.64621806 -0.63955605 0.41637766 0.65895963 -0.69431847 0.28929943 0.83516628 -0.52496159 0.16405042 0.52418506 -0.83810389 0.15103635 0.84535217 -0.53317964 0.033151109 0.52876514 -0.84822738 0.030293889 0.70702875 -0.69811672 -0.11288697 0.77067822 -0.48657233 -0.41146386 0.65479869 -0.69973582 -0.28567195 0.74634624 -0.46564084 -0.47554806 0.46534401 -0.78099692 -0.41653171 0.69054872 -0.44035003 -0.57378942 0.46141458 -0.69212192 -0.555035 0.67154121 -0.14822304 -0.72599047 0.41996959 -0.65328622 -0.62995458 0.32172203 -0.65969276 -0.67919099 0.41482666 -0.48342019 -0.77085918 0.32769766 -0.4537352 -0.82869697 0.48586369 0.12725008 -0.86472189 0.19247033 -0.44712344 -0.87351924 0.19247033 -0.44712344 -0.87351924 0.15553674 -0.37611613 -0.91342479 0.29132518 0.072186813 -0.95389664 0.05167878 -0.44334906 -0.89485794 -0.0049445876 -0.30656561 -0.95183671 -0.10539496 -0.24420787 -0.96397841 -0.21170773 -0.17995146 -0.96062344 -0.29331204 -0.34419256 -0.89190781 -0.33153066 -0.72156692 -0.60780638 -0.39859453 -0.32134753 -0.85898674 -0.38583198 -0.70900744 -0.59028989 -0.40746585 -0.70561141 -0.57972777 -0.32944307 -0.9230088 -0.1988019 -0.46073529 -0.70111877 -0.54420167 -0.32672432 -0.92665768 -0.18589483 -0.51235944 -0.69654095 -0.5023132 -0.32330543 -0.93089682 -0.17001411 -0.56043297 -0.69720531 -0.44701204 -0.32386872 -0.93285257 -0.15778217 -0.60083032 -0.69986808 -0.3862479 -0.32226369 -0.93674946 -0.13655238 -0.47463718 -0.85614932 -0.20427416 -0.55289364 -0.82042271 -0.14565475 -0.32276911 -0.94506782 -0.05164301 -0.69648355 -0.71389568 -0.072550356 -0.30101669 -0.95321953 -0.027593167 -0.69873691 -0.71537346 0.0027727548 -0.31697056 -0.94843537 0 -0.69784707 -0.70962507 0.097168565 -0.31914279 -0.9472971 0.027861647 -0.24306747 -0.96986312 0.016846268 -0.13216344 -0.99122548 0.002202715 -0.23822427 -0.9700886 0.046662457 -0.23352654 -0.97097909 0.051621702 -0.25612661 -0.96364486 0.076077245 -0.25086308 -0.9658227 0.065224372 -0.27735201 -0.95647544 0.090722576 -0.29482967 -0.9502995 0.10003154 -0.27376023 -0.96179485 0.0024226478 -0.31062913 -0.945162 0.1008881 -0.32882151 -0.93440086 0.13700891 -0.34456402 -0.93486369 0.085473247 -0.37137267 -0.92297029 0.10103524 -0.3949019 -0.91508305 0.081703864 -0.4032971 -0.91084796 0.087792568 -0.40991485 -0.90786535 0.08803542 -0.35245472 -0.92309594 0.15384932 -0.018630676 -0.89427197 0.44713598 0.0051957667 -0.91186053 0.41046715 0.39613453 -0.71634322 0.57439506 0.48535168 -0.69622862 0.52886599 0.72695714 -0.45476314 0.51451313 0.78774869 -0.36804652 0.49395728 0.8233183 -0.37510255 0.42596379 0.84009236 -0.42631555 0.33541009 0.82033128 -0.51696348 0.2445516 0.89022177 -0.43800047 0.12514305 0.89546579 -0.44509915 0.0052674254 0.91075003 -0.39232317 -0.12890619 0.79001534 -0.55802667 -0.25393346 0.84634209 -0.41224051 -0.33728769 0.83591223 -0.39745262 -0.3785263 0.79989904 -0.36621884 -0.47544208 0.74076676 -0.35896191 -0.56781244 0.66109908 -0.43071601 -0.61435467 0.71932733 -0.033984017 -0.69383949 0.60611552 -0.48152515 -0.63305408 0.60611552 -0.48152515 -0.63305408 0.56320167 -0.24718298 -0.78848243 0.48586369 0.12725008 -0.86472189 0.41130438 -0.27724972 -0.86830944 0.29132518 0.072186813 -0.95389664 0.15553674 -0.37611613 -0.91342479 0.48586369 0.12725008 -0.86472189 0.12561078 -0.15270334 -0.98025692 0.29132518 0.072186813 -0.95389664 0.079788931 -0.057625297 -0.99514484 -0.0063868803 -0.085157864 -0.99634695 -0.02948834 -0.048445113 -0.99839044 -0.081266195 -0.014970093 -0.99657995 -0.14204241 0.0022194041 -0.98985803 -0.21989124 0.02629132 -0.97517002 -0.33718079 -0.15883723 -0.92794389 -0.30331728 0.39523163 -0.86705863 -0.46942765 -0.22411379 -0.85405535 -0.50271928 -0.30352861 -0.80940962 -0.44330135 -0.69994944 -0.55995959 -0.59962702 -0.29500371 -0.74392229 -0.49584919 -0.69351888 -0.52265197 -0.68884385 -0.29291967 -0.66309279 -0.54546177 -0.69270301 -0.47184122 -0.76624149 -0.29372597 -0.57148844 -0.59034652 -0.69647622 -0.40793616 -0.83173341 -0.29704767 -0.46902263 -0.62728685 -0.6991635 -0.3430475 -0.88434118 -0.30182287 -0.35615107 -0.62494928 -0.74428648 -0.23553374 -0.92346418 -0.30591545 -0.23158079 -0.68272376 -0.71027768 -0.17144632 -0.94513553 -0.30883297 -0.10649414 -0.69612885 -0.7108773 -0.10028972 -0.95087671 -0.3095302 0.0049524643 -0.69850463 -0.71533608 -0.019636687 -0.94185668 -0.30215636 0.14699499 -0.69711685 -0.71440095 0.060493652 -0.89949006 -0.29686135 0.32061037 -0.68384635 -0.70837915 0.17479481 -0.67469376 -0.70592946 0.21552709 -0.32575393 -0.94338363 0.062544763 -0.33754939 -0.93938196 0.060183249 -0.64322513 -0.70140648 0.30706733 -0.30854169 -0.94672221 0.092298783 -0.61002314 -0.69575602 0.3792035 -0.3234041 -0.93760037 0.12773107 -0.56713003 -0.69390023 0.44369572 -0.30788213 -0.94255155 0.12963459 -0.31849271 -0.93625855 0.14826386 -0.46738222 -0.78546178 0.40571377 -0.39335763 -0.82795417 0.39970207 -0.3604852 -0.71441633 0.59971637 -0.33012015 -0.9220596 0.20205629 -0.30276462 -0.72792333 0.61519188 -0.33147058 -0.92011642 0.20859782 -0.24917169 -0.75066912 0.6118899 -0.33488908 -0.91879821 0.20894787 -0.19360436 -0.77441746 0.6023246 -0.33762693 -0.91845965 0.20600964 -0.14323509 -0.80271333 0.57890844 -0.34237546 -0.91870719 0.19686578 -0.095131673 -0.83312291 0.5448451 -0.34633812 -0.919783 0.18452436 -0.34946206 -0.92156577 0.16909465 -0.05557245 -0.86415231 0.50015241 -0.026987033 -0.88247943 0.46957618 0.33986008 -0.66664886 0.66338098 0.53759485 -0.55788159 0.63226581 0.67552602 -0.26447472 0.68827158 0.67552602 -0.26447472 0.68827158 0.67552602 -0.26447472 0.68827158 0.6991635 -0.3430475 0.62728685 0.72441888 -0.36712632 0.58346856 0.51440227 0.8573373 -0.019051949 0.80364907 -0.2836408 0.52315968 0.87167174 -0.2925891 0.3931666 0.5335862 0.84552878 -0.019154387 0.90714264 -0.33944696 0.2487326 0.92747015 -0.3034842 0.21839516 0.93674707 -0.33204582 0.11068183 0.95241642 -0.29955035 -0.056325722 0.91234255 -0.26524985 -0.31188715 0.9065873 -0.33153513 -0.26112059 0.51322889 0.85809714 -0.016293002 0.80130023 -0.23604198 -0.54972923 0.74428368 -0.27035949 -0.61069429 0.54315108 0.83941525 -0.019202322 0.53237969 0.84634709 -0.016380934 0.89100844 -0.32400313 -0.318003 0.53798872 0.84266591 -0.021958722 0.8285985 -0.29079121 -0.47839838 0.52080333 0.85346329 -0.019087046 0.70905727 -0.31405729 -0.63135231 0.50158715 0.86489892 -0.018978983 -0.40829661 -0.91281599 0.0078018159 0.32163262 -0.10721087 -0.94077539 -0.43358004 -0.90111506 0 0.41595072 -0.21985961 -0.88240963 0.30536124 -0.17766471 -0.9355157 0.42067254 0.90707541 -0.015775243 0.45033053 0.89266706 -0.018652754 0.46539149 -0.26505741 -0.84448522 0.3282735 0.94441736 -0.017676271 -0.028442258 0.010157989 -0.99954385 0.34659499 0.93784529 -0.017839458 0.35274738 0.93554747 -0.017892994 0.37444466 0.92707306 -0.018076645 0.15463288 -0.056230146 -0.9863705 0.38694775 0.92192239 -0.018178761 0.40898696 0.91235566 -0.018351991 0.44290853 0.8964256 -0.015912902 0.46844208 0.88334817 -0.016060894 0.61073411 -0.22123535 -0.76030177 0.47803721 0.87819177 -0.016113631 0.70824349 -0.25725433 -0.65742779 0.49403736 0.86928976 -0.016197966 0.677266 -0.24685402 -0.69309014 0.60391605 -0.22102085 -0.76579052 0.56181777 -0.2056928 -0.80128109 0.47569689 -0.17136902 -0.8627544 0.43016005 -0.15589695 -0.88918978 0.33500808 -0.12256397 -0.93420964 0.28295818 -0.10217936 -0.95367402 0.17453362 -0.047171291 -0.98352069 0.051477935 0.0020591097 -0.99867207 -0.02651771 0.016318614 -0.99951518 0.29892486 0.95406848 -0.019928323 -0.14214012 0.060584318 -0.98799074 0.26824394 0.96323985 -0.01463151 -0.28485331 0.11077628 -0.95214874 0.23968968 0.970743 -0.014381397 -0.43361843 0.15610264 -0.88747227 -0.35963643 0.13002242 -0.92398906 -0.27466896 0.052917909 -0.96008158 -0.30331728 0.39523163 -0.86705863 -0.36086124 -0.033749644 -0.93200862 -0.49442908 0.10288692 -0.86310738 -0.30331728 0.39523163 -0.86705863 -0.57439709 -0.13987911 -0.80653691 -0.56849819 0.45479858 -0.68554205 -0.67127711 -0.17471597 -0.72032028 -0.76970845 -0.081327729 -0.63319409 -0.84986824 0.11892352 -0.51340157 -0.81751782 -0.22128302 -0.53169394 -0.90524042 -0.073841326 -0.41843435 -0.95170528 -0.1080884 -0.28735703 -0.97747099 0.1321581 -0.16457418 -0.94006968 -0.3060692 -0.15030184 -0.99008858 0.13625076 -0.034062691 -0.9509868 -0.30774638 -0.030270176 -0.9901225 -0.078838773 0.11593938 -0.91793889 0.12795515 0.37552059 -0.93932378 -0.23692136 0.24807064 -0.88067245 0.12295108 0.4574922 -0.85907179 -0.29867369 0.4156799 -0.84198451 -0.29205367 0.45361522 -0.65061092 -0.70509571 0.28203827 -0.77629483 -0.28951988 0.55995041 -0.61915302 -0.70105189 0.35380188 -0.70055902 -0.28922173 0.65235561 -0.70055902 -0.28922173 0.65235561 -0.58139533 -0.69767439 0.41860467 -0.61606538 -0.29198939 0.73157758 -0.5353806 -0.69599479 0.4784964 -0.51928639 -0.29763982 0.80109435 -0.46832994 -0.72740626 0.50154489 -0.41851473 -0.31311086 0.8525297 -0.42551225 -0.70143032 0.57178217 -0.31302449 -0.33710331 0.88790601 -0.37856606 -0.71104598 0.59253818 -0.20569862 -0.3679398 0.90681219 -0.3243182 -0.72322971 0.60971838 -0.099658817 -0.40693998 0.9080022 -0.26688725 -0.74347186 0.61320537 0.0026337311 -0.45036981 0.89283824 -0.21080932 -0.76573414 0.60762697 0.10012222 -0.50347191 0.85819083 -0.15979877 -0.7929641 0.58793902 0.18858221 -0.55662191 0.80907887 -0.11096645 -0.82056826 0.56067294 -0.064650893 -0.85170513 0.52001792 0.27047181 -0.61412978 0.74141049 0.40299141 -0.56484884 0.72009975 0.72768635 -0.016792784 0.68570435 0.72768635 -0.016792784 0.68570435 0.55894572 -0.30023372 0.77294201 0.74836212 -0.2631951 0.60883695 0.64514709 -0.26060122 0.71824247 0.48988932 0.87151569 -0.021652564 0.68405199 0.58394682 0.43712583 0.64764446 -0.36162895 0.67065728 0.47693089 0.87883878 -0.013396964 0.4695763 0.88247931 -0.026987117 -0.45672214 -0.88954598 0.010621403 -0.46727106 -0.88409811 0.0053098784 0.68405199 0.58394682 0.43712583 0.44590631 0.894499 -0.032234237 -0.44497907 -0.89528722 0.021316363 0.68011045 -0.31090763 0.66391742 0.68405199 0.58394682 0.43712583 -0.49671397 -0.86791426 0 0.75714433 -0.27677128 0.59171796 0.50158715 0.86489892 -0.018978983 0.74248892 -0.30213842 0.59784836 0.52281147 0.85229176 -0.016337881 0.93289793 -0.27620539 0.23111063 0.53556514 0.84433472 -0.01639487 0.53996527 0.84146863 -0.019186592 0.97093028 -0.16139475 0.17676561 0.89843738 -0.43858635 -0.021264791 0.54192913 0.84026378 -0.016422115 0.54315108 0.83941525 -0.019202322 0.54633439 0.83734667 -0.019217804 0.93164665 -0.33977705 -0.12878646 -0.54142708 -0.84070814 0.0081621846 0.91016263 -0.32964224 -0.25087819 0.84796101 -0.3075023 -0.43174577 -0.53117335 -0.84715366 0.013619863 0.74140316 -0.32699448 -0.58599997 0.62378126 -0.29581386 -0.72345769 -0.48569453 -0.87370735 0.02713375 0.54580522 -0.19819742 -0.81413418 -0.37487665 -0.92522764 0.05849142 0.19529396 -0.091466852 -0.97647023 -0.34702137 -0.93590599 0.06046585 0.037007809 -0.014391939 -0.99921125 -0.30574411 -0.95203263 0.012428652 -0.14642328 0.05345615 -0.98777664 -0.18920064 0.088457391 -0.97794598 0.31244043 0.94981903 -0.014997161 -0.3672612 0.1096302 -0.92363441 0.27114084 0.96242809 -0.014656283 0.22953054 0.97311354 -0.01912754 -0.51121163 0.18644194 -0.83898878 0.20149361 0.97935253 -0.01640065 0.20918719 0.9777739 -0.014102526 -0.55187285 0.21889928 -0.80468601 -0.61854166 0.22492424 -0.75287139 -0.5346961 0.14179789 -0.83306265 -0.56849819 0.45479858 -0.68554205 -0.60394323 -0.0082731629 -0.79698437 -0.71138537 0.17478001 -0.68072224 -0.56849819 0.45479858 -0.68554205 -0.75554824 0.20436959 -0.62239844 -0.79797924 0.15959589 -0.58116978 -0.83482331 0.23632869 -0.49721092 -0.87151432 0.24426526 -0.42520255 -0.91611081 0.20964293 -0.34174681 -0.96068364 0.13350096 -0.24344303 -0.9559949 0.26599303 -0.12377896 -0.97540587 0.22040422 -0.0023447168 -0.94979268 0.28547147 0.12806194 -0.9640789 0.078648545 0.25370494 -0.9640789 0.078648545 0.25370494 -0.825863 0.40657872 0.39069682 -0.91367513 0.12852927 0.38558778 -0.80985034 0.32394004 0.48908615 -0.87148523 0.12367617 0.47457111 -0.81615484 -0.062562503 0.57443655 -0.81615484 -0.062562503 0.57443655 -0.61158651 0.31711888 0.7248432 -0.74049616 -0.23218957 0.63067687 -0.67044818 -0.29654443 0.68011808 -0.62923491 -0.10291222 0.77037174 -0.54274452 -0.13568616 0.82886529 -0.29109758 0.41060072 0.86410022 -0.43643573 -0.21821797 0.87287146 -0.43643573 -0.21821797 0.87287146 -0.35999852 -0.1857135 0.9142819 -0.17769626 0.24500553 0.95309824 -0.32585835 -0.30792135 0.89386839 -0.19514479 -0.23851047 0.95133126 -0.075940624 -0.25313532 0.96444571 0.047659446 -0.27341491 0.9607147 0.15571605 -0.33645788 0.92873502 0.48640373 0.10872547 0.86694306 0.21428834 -0.47384909 0.85413563 0.3480261 -0.47574222 0.80780393 0.50873119 -0.22678375 0.83051902 0.47064692 0.88109469 -0.046517413 0.58709961 -0.21011993 0.78176963 -0.49380901 -0.86953312 -0.0080512017 -0.5192433 -0.85458797 -0.0081131458 0.83041924 -0.30396473 0.46691486 0.8582986 -0.31182793 0.4075374 0.90066665 -0.32589912 0.28738374 -0.53704309 -0.84353733 -0.0054246564 0.84705901 -0.53078693 -0.027501892 0.95132005 -0.25134313 0.17837249 -0.55469817 -0.83204722 0.0027190982 0.91058207 -0.40621781 -0.076336265 -0.55344743 -0.83288401 0 -0.55344743 -0.83288401 0 -0.52719837 -0.84952718 0.019121198 -0.63038534 -0.77628237 0 0 0 -1 -0.51675034 -0.85578251 0.024607152 -0.50217831 -0.86363649 0.044147547 -0.78593671 -0.61830688 0 0 0 -1 -0.74480385 -0.66727775 0.0027687768 0 0 -1 -0.82657236 -0.56283051 0 0 0 -1 -0.82356119 -0.56722093 0.0027270133 -0.99714029 -0.075572707 0 -0.88855129 -0.45877725 0 0 0 -1 -0.99714029 -0.075572707 0 0 0 -1 -0.88855129 -0.45877725 0 0 0 -1 -0.94843537 0.31697056 0 -0.99714029 -0.075572707 0 0 0 -1 -0.73818624 0.67459702 0 -0.94843537 0.31697056 0 -0.73818624 0.67459702 0 0 0 -1 -0.94843537 0.31697056 0 -0.99714029 -0.075572707 0 -0.94843537 0.31697056 0 0 0 -1 -0.74218875 -0.67018527 0.0027693503 0 0 -1 -0.74218875 -0.67018527 0.0027693503 -0.67747575 -0.7355451 0 0 0 -1 0 0 -1 -0.70848364 -0.70570529 -0.0055567133 -0.74772894 -0.66371453 -0.019603392 -0.29056874 0.27894604 -0.91529173 -0.35556561 0.34023955 -0.87052286 -0.75575197 -0.6534698 -0.042617604 -0.58297044 0.56941307 -0.5795812 -0.63640606 0.6297071 -0.44548416 -0.76963216 -0.63809496 -0.022389298 -0.63640606 0.6297071 -0.44548416 -0.78621066 -0.61793399 -0.0055172467 -0.69667971 0.69972199 -0.15819795 -0.78859729 -0.61488527 0.005514645 -0.70491654 0.70491654 0.07864777 -0.69425499 0.6973269 0.17817171 -0.77711564 -0.62896049 0.022363039 -0.59938043 0.58922148 0.54181284 -0.76607794 -0.64169621 0.036749158 -0.56567943 0.55890465 0.60632688 -0.44331664 0.44331685 0.779064 -0.75812274 -0.65181786 0.019582519 -0.71675241 -0.69730574 0.0055561992 -0.49093646 -0.50763488 -0.70801705 -0.4251273 -0.56462204 -0.70743817 0 0 -1 0 0 -1 -0.47457403 -0.88021559 0 0 0 -1 -0.36832294 -0.92969793 0 0 0 -1 -0.201001 -0.97959107 0 -0.02815786 -0.99960351 0 0 0 -1 0 0 -1 -0.33562946 0.62238103 -0.70710313 0 0 -1 0.02815786 0.99960351 0 -0.019637991 0.70697045 -0.70697045 0 0 -1 -0.10342766 0.70035326 -0.70626342 -0.14421637 0.98954624 0 -0.14179729 0.69390202 -0.70596993 -0.22240449 0.67034596 -0.70793539 -0.31400171 0.94942248 0 -0.26080149 0.65836483 -0.70607245 -0.47457403 0.88021559 0 -0.37157571 0.60175556 -0.70698065 -0.62133652 0.78354388 0 -0.47082993 0.53093588 -0.70457524 -0.7460357 0.66590595 0 -0.55587369 0.43937305 -0.70565981 -0.53093588 0.47082993 -0.70457524 0 0 -1 0 0 -1 0.7460357 -0.66590595 0 0 0 -1 0.85101044 -0.52514875 0 0 0 -1 0.92969793 -0.36832294 0 0.94942248 -0.31400171 0 0 0 -1 0 0 -1 0.67501456 -0.25035757 -0.69402921 0.69861978 -0.19165678 -0.68934608 0.96032524 -0.27888229 0 0.99787515 -0.064851433 -0.0062759202 -0.009593687 -0.96895874 0.24703652 0.99770325 -0.067213699 -0.0084017441 -0.038376354 -0.86894983 0.49340993 -1 0 0 -0.028591353 -0.92791772 0.37168697 0.99815273 -0.060430985 -0.0062514548 -0.036796149 -0.75573742 0.65384024 -1 0 0 -0.028147917 -0.65584904 0.75436705 0.9988845 -0.047175251 -0.0020510897 -0.02171845 -0.49952632 0.86602652 -1 0 0 -0.034417517 -0.25567347 0.96615046 0.99965948 -0.026095552 0 0 -0.26739538 0.96358693 0.99947381 0.032371622 0.0020232187 -0.022127014 -0.0060346066 0.99973691 -1 0 0 -0.036701161 0.2446743 0.9689104 0.99958128 0.018322194 -0.022393916 1.447621e-07 0.24477157 0.96958077 -0.018882841 0.48555633 0.87400144 0.99907452 0.041198917 -0.0123597 0.99536979 0.096119426 0 -0.02593369 0.99628472 -0.082123205 -0.0023654192 0.97219104 0.23417737 0.99580544 0.091494985 0 0.99828345 0.058233235 -0.006239248 -0.024652073 0.8518694 0.52317381 0.99660373 0.082346432 0 -0.0027728612 0.7015366 0.71262801 0.99789494 0.064717039 -0.0041752765 0.99796498 0.062896967 0.010482785 0.99823439 0.058474012 0.010441742 0.99873358 0.049626447 0.0082710534 0.99965614 0.026147969 0.0020113729 0.99917138 -0.040699478 0 0.99787515 -0.064851433 0.0062759202 0.99887377 -0.043609895 0.018689875 0.0070913788 -0.97388643 -0.22692499 -0.02032776 -0.98928815 0.14455351 0.99870896 -0.049728245 0.010360012 -0.019137911 0.84753567 -0.53039324 -0.031049017 0.74517715 -0.6661433 -1 0 0 -0.019576544 0.64882225 -0.76068813 0 0.57529074 -0.817949 7.6240056e-08 0.33792156 -0.94117427 -1 0 0 -0.0091562569 0.17625864 -0.98430133 0.0061543672 0.043080259 -0.99905264 0.034045558 -0.3797386 -0.92446709 -0.030228125 0 -0.99954307 -1 0 0 0.0051889778 -0.40733632 -0.91326356 0.0051889778 -0.40733632 -0.91326356 0.025266241 -0.76079494 -0.64850044 -0.023919752 -0.43321198 -0.90097463 -1 0 0 0.0055311546 -0.77159899 -0.63608521 0.0055311546 -0.77159899 -0.63608521 0.011915162 -0.97227502 -0.23353663 -0.011087012 -0.78163141 -0.62364209 -1 0 0 0.0070913788 -0.97388643 -0.22692499 -6.8719586e-08 -0.98596376 0.16695952 0 -0.97490209 -0.2226339 -1 0 0 -0.006801331 -0.98618668 0.16549799 0.0081754327 -0.83660549 0.54774487 -1 0 0 0.0083280662 -0.65236771 0.75785685 -1 0 0 0.011428387 -0.17142649 0.98513067 -1 0 0 0.0049992148 0.3274498 0.94485527 -1 0 0 0.002654565 0.47251433 0.88131899 -0.00271703 0.83413136 0.55155921 -1 0 0 -1 0 0 -0.036877573 0.68648958 0.72620386 -1 0 0 -0.026006039 0.92581284 0.3770867 -1 0 0 -0.0080940677 0.99962121 0.026305845 -0.020466439 0.93634319 -0.35048917 -1 0 0 -0.039721806 0.96325374 -0.2656396 0.0083280662 0.65236771 -0.75785685 -1 0 0 0.011428387 0.17142649 -0.98513067 -1 0 0 0.0049992148 -0.3274498 -0.94485527 -1 0 0 0.002654565 -0.47251433 -0.88131899 -0.00271703 -0.83413136 -0.55155921 -1 0 0 0.0082342634 -0.81518692 -0.57913953 -0.002340564 -0.97601891 -0.2176733 -1 0 0 -1 0 0 0 -0.99925518 0.038589098 0.99578542 -0.091689065 0.0021322947 0 -0.99714029 0.075572707 -0.0022821508 -0.98361069 0.18029061 0.99705601 -0.076208137 0.0084675346 0.0054336214 -0.83948493 0.54335588 0.9978525 -0.063288756 0.016876932 0.0055063623 -0.79567242 0.60570222 0.99823105 -0.054755274 0.02316574 -8.3809645e-08 -0.6273759 0.77871656 0.99847025 -0.04212958 0.035810106 0.005279819 -0.4514263 0.8922928 0.9985494 -0.033635348 0.042044152 0.99942768 -0.030657297 0.01430668 -7.200628e-08 -0.23641188 0.97165298 0.99999028 -0.0019684774 0.0039369548 0.018285841 -0.020317594 0.9996264 0.99979812 0.019996008 0.0019995887 0.011109944 0.13331987 0.99101079 0.99974811 0.022082828 0.0040150373 0.0077915476 0.40516207 0.91421175 0.0080432016 0.49062714 0.87133241 0.99933416 0.036486827 0 0.0082343481 0.81518692 0.57913959 0.99908286 0.042817794 0 0.99228525 0.12348431 0.011025349 0.0052675866 0.89546579 0.44509909 0.0025883804 0.91370171 0.40637729 -1 0 0 0 0.99925518 -0.038589098 -1 0 0 -1 0 0 -0.0068012616 0.98618668 -0.16549806 0.0081753489 0.83660543 -0.54774493 0.99908286 0.042817794 0 0.0055063623 0.79567242 -0.60570222 0.99940395 0.034462195 -0.0020271807 0 0.6273759 -0.77871662 0.99970782 0.024089376 -0.0020074379 0.005279819 0.4514263 -0.8922928 0.99989486 0.013942703 -0.0039836294 0 0.23641185 -0.97165293 0.99956882 -0.016286254 -0.024429413 0.018285779 0.020317655 -0.9996264 0.99877614 -0.018727046 -0.045777258 0.011109944 -0.13331987 -0.99101079 0.9988094 -0.035522502 -0.033432949 0.0077915476 -0.40516207 -0.91421175 0.0080430387 -0.4906272 -0.87133247 0.99840397 -0.052437171 -0.020974856 0.0082342634 -0.81518692 -0.57913953 0.005267506 -0.89546579 -0.44509917 0.99751961 -0.069594383 -0.010544629 0.005267506 -0.89546579 -0.44509917 -0.0022444865 -0.98757786 -0.15711467 0.99578542 -0.091689065 -0.0021322947 0.99694359 -0.076687999 0.014911491 0.72006655 -0.060485624 -0.69126391 0.99694359 -0.076687999 0.014911491 0.70848364 -0.0055567133 -0.70570529 0.99996072 -0.0039602253 0.0079204505 0.99867201 0.051477998 0.0020591097 0.71830976 0.069513746 -0.69224197 0.99867201 0.051477998 0.0020591097 0.69700205 0.12563995 -0.70597649 0.98733217 0.15733463 -0.020521905 0.69254994 0.20186432 -0.69254994 0.97434974 0.22318853 -0.028798552 0.98752749 0.15664224 -0.015891256 -0.0022444865 0.98757792 0.15711461 0.99079472 0.13520914 -0.0066496036 -6.3938678e-08 0.99714023 -0.075572707 0.0054336214 0.83948487 -0.54335594 -0.0022821508 0.98361069 -0.18029061 0.99140036 0.13056393 -0.0088518234 0.99889112 0.047078829 0 0.99939537 0.034531944 -0.0040625669 0 0 -1 0.99939537 0.034531944 -0.0040625669 0 0 -1 0.99653101 -0.081436954 -0.017144619 0.69336855 -0.13207026 -0.70837665 0.97959107 -0.201001 0 0.95577615 -0.29408497 -0.0024506988 0 0 -1 0 0 -1 0.97552198 -0.21990186 0 0 0 -1 0.96591592 0.25885594 0 0.96591592 -0.25885594 0 0.96591592 0.25885594 0 0.51568019 0 -0.85678113 0.96591592 -0.25885594 0 0.96591592 -0.25885594 0 0.44564211 -0.25639689 -0.85770845 0.70848918 -0.70572162 0 0.70848918 -0.70572162 0 0.25639689 -0.44564211 -0.85770845 0.25885594 -0.96591592 0 0.25885594 -0.96591592 0 0 -0.51568019 -0.85678113 -0.25885594 -0.96591592 0 -0.25639689 -0.44564211 -0.85770845 -0.70710409 -0.70710409 0.0027729466 -0.25885594 -0.96591592 0 0.25885594 -0.96591592 0 -0.25885594 -0.96591592 0 0 0 -1 0 0 -1 0.72755009 0.68605465 0 0.94117433 0.33792156 0 0.72755009 0.68605465 0 0 0 -1 0.94117433 0.33792156 0 0.94117433 0.33792156 0 0 0 -1 0.99792099 -0.064449072 0 0.99792099 -0.064449072 0 0 0 -1 0.89017367 -0.45562148 0 0 0 -1 0.85101044 -0.52514875 0 0 0 -1 0.80229425 -0.59692883 0 0.74343157 -0.66881204 0 0 0 -1 0.80847073 -0.58847868 -0.0082496693 0 0 -1 0.80360276 -0.59515971 0.0027426609 0.7848798 -0.6196419 0.0027539537 0.70491654 0.70491654 -0.07864777 0.69425505 0.6973269 -0.1781716 0.74081504 -0.67170906 0 0.59938043 0.58922148 -0.54181284 0.73692125 -0.67597294 -0.0027703701 0.56567943 0.55890465 -0.60632688 0.73160511 -0.681723 -0.0027712209 0.44331685 0.44331664 -0.779064 0.72624123 -0.68743443 -0.0027719024 0.32344466 0.31445995 -0.89246762 0.71675241 -0.69730574 -0.0055561992 0.16874275 0.16618605 -0.97154933 0.12974431 0.11292565 -0.9850961 -0.70710409 0.70710409 0.0027729466 -0.2286554 -0.23416507 -0.94492513 -0.70572162 0.70848918 0 -0.33391494 -0.33695051 -0.88032109 -0.59281182 -0.58942431 -0.5487743 -0.70848918 0.70572162 0 -0.56941295 -0.58297056 -0.5795812 -0.69150001 -0.68837112 -0.21902719 -0.70572162 0.70848918 0 -0.70572162 0.70848918 0 -0.70662534 -0.70662552 0.036892124 0.64235115 -0.76641047 0 -0.70491654 -0.70491648 0.078647673 -0.69732696 -0.69425493 0.1781716 0.65533054 -0.75529617 0.0083304401 -0.58922148 -0.59938043 0.54181284 0.66236007 -0.74899793 0.016768545 -0.55890465 -0.56567943 0.60632688 -0.44331664 -0.44331685 0.779064 0.65555966 -0.75513834 0.0027660639 0.66846144 -0.74366337 0.011140982 0.48635539 -0.54337633 -0.68425179 0.43664479 -0.57330471 -0.69329864 0 0 -1 0.32153532 -0.64307076 -0.69503605 0 0 -1 0.19845079 -0.68837619 -0.69767857 0 0 -1 0 0 -1 0.069522008 -0.71260059 -0.69811678 0.051557288 -0.71893811 -0.69315934 0.056623723 -0.9982546 0.016777324 0.080080271 -0.99678838 0 0.99714023 0 -0.075572766 0.98361069 0.0022821508 -0.18029061 0.064851433 -0.99787515 -0.0062759202 0.83948487 -0.005433538 -0.54335588 0.054084439 -0.99848223 -0.01040088 0.79567242 -0.0055063623 -0.60570222 0.045590904 -0.99885488 -0.014506199 0.6273759 0 -0.77871662 0.032964755 -0.99924415 -0.020602956 0.4514263 -0.005279819 -0.8922928 0.23641185 0 -0.97165293 0.024674982 -0.99933803 -0.026731288 0.010097964 -0.99970222 -0.022215642 -0.051689699 -0.99864388 -0.0062027336 -0.051689699 -0.99864388 -0.0062027336 0 0 -1 0 0 -1 -0.3031182 -0.95229661 0.035363816 -0.23471518 -0.97205257 -0.0047417018 -0.21022281 -0.97444487 0.079142727 -0.31099933 0.089609973 -0.94617623 -0.48003945 0.13013123 -0.86754137 -0.19943318 -0.9777087 0.065666974 -0.60391599 0.22102085 -0.76579064 -0.62719125 0.29590568 -0.7204659 -0.70977938 0.31761813 -0.62875426 -0.7442587 0.32682651 -0.58246315 0.17033289 0.98516876 -0.020716155 -0.82361007 0.28810701 -0.48852926 0.15186189 0.98823529 -0.018132759 -0.84390104 0.30828851 -0.43907768 -0.88803464 0.32511106 -0.32511106 0.13419324 0.9907937 -0.017892437 -0.90779591 0.33090627 -0.25769702 -0.12242001 -0.99247593 0.002186062 -0.93076217 0.33870938 -0.1376867 0.1267515 0.99177498 -0.017789686 -0.91231513 0.39999399 -0.087669916 -0.76267362 0.27646935 0.58471668 0.16179082 0.98669606 -0.015951216 0.14140384 0.98982733 -0.015711553 -0.83475423 0.30326274 0.45958373 0.13462047 0.99089479 -0.0022068843 -0.90186566 0.32821998 0.280909 0.12894334 0.99152994 -0.015562138 0.12894334 0.99152994 -0.015562138 0.12183389 0.99239236 -0.017721292 0.12978508 0.99128968 -0.022376724 0.1215711 0.99246222 -0.015472693 0.12894334 0.99152994 -0.015562138 0.13889439 0.99018306 -0.015681639 0.15664233 0.98752755 -0.015891258 -0.69495803 0.25386593 -0.67274469 0.18008089 0.98351902 -0.01616112 -0.77823514 0.29981193 -0.55178154 -0.84712738 0.35323021 -0.39699328 -0.91016263 0.32964227 -0.2508783 -0.88656181 0.41077375 -0.21277495 -0.90963733 0.41347161 -0.040013384 -0.88341612 0.37085396 0.28643188 -0.90676683 0.32866633 0.26410693 0.16657512 0.98556995 -0.030076103 -0.78086865 0.3517136 0.51627678 -0.7442838 0.2703594 0.61069429 -0.79790264 0.20254451 0.56773853 -0.78346175 0.096471019 0.6139065 -0.57330471 0.43664479 0.69329864 -0.77331167 0.019542269 0.63372475 -0.59239328 0.17316121 0.78681982 -0.42032272 0.22357605 0.879399 -0.49574974 0.052621454 0.86686981 -0.35999852 -0.1857135 0.9142819 -0.29012507 0.18236426 0.93945229 -0.1897403 0.025767248 0.98149616 -0.090525359 0.015087647 0.99577987 -0.054847106 -0.07020431 0.9960236 -0.0062027336 -0.051689699 0.99864388 0.054847181 -0.070204318 0.99602365 0.10946386 -0.09083166 0.98983198 0.19046907 -0.11528391 0.9749006 0.24744703 -0.12242117 0.96113628 0.30792513 -0.1903538 0.93217355 0.48640373 0.10872547 0.86694306 0.43039387 -0.1945616 0.88142318 0.43039387 -0.1945616 0.88142318 0.49816552 -0.16605517 0.85103273 -0.47283137 -0.88044453 -0.035326511 0 0 -1 -0.53631508 -0.84394759 -0.010889605 -0.70848918 -0.70572162 0 0 0 -1 0 0 -1 -0.68605465 0.72755009 0 -0.63338768 0.77383471 0 0 0 -1 0 0 -1 0.25885594 -0.96591592 0 -0.25885594 -0.96591592 0 -0.25885594 -0.96591592 0 0.25885594 -0.96591592 0 0 -0.51568019 -0.85678113 0.70848918 -0.70572162 0 0.96591592 -0.25885594 0 0.44564211 -0.25639689 -0.85770845 0.25885594 -0.96591592 0 0.70848918 -0.70572162 0 0.25639689 -0.44564211 -0.85770845 0 0 -1 -0.51568019 0 -0.85678113 -0.96591592 0.25885594 0 -0.96591592 -0.25885594 0 -0.70710409 -0.70710409 0.0027729466 -0.96591592 -0.25885594 0 0 0 -1 -0.93444771 -0.35610038 0 0 0 -1 0 0 -1 -0.73818624 -0.67459702 0 -0.722161 -0.69172508 0 0 0 -1 0 0 -1 -0.78427482 -0.62018901 -0.016686721 -0.80191004 -0.59728485 0.013826068 -0.57673788 -0.41100863 -0.70600659 -0.52444464 -0.47767884 -0.70482677 0 0 -1 -0.7460357 -0.66590595 0 0 0 -1 0 0 -1 -0.62133652 -0.78354388 0 -0.52514875 -0.85101044 0 0 0 -1 0 0 -1 0.019637991 0.70697045 -0.70697045 0 0 -1 0.20100108 0.97959101 0 0.10342766 0.70035326 -0.70626342 0.14179093 0.6908536 -0.70895463 0.36832294 0.92969793 0 0.2224046 0.67034584 -0.70793539 0 0 -1 0.26075929 0.65507835 -0.70913815 0.33562955 0.62238103 -0.70710301 0.52514875 0.85101044 0 0 0 -1 0.62133652 0.78354388 0 0 0 -1 0.47457403 0.88021559 0 0 0 -1 0.31400171 0.94942248 0 0 0 -1 0.14421637 0.98954624 0 0 0 -1 -0.02815786 0.99960351 0 0 0 -1 -0.20100091 0.97959101 0 0 0 -1 -0.36832294 0.92969793 0 0 0 -1 -0.52514875 0.85101044 0 0 0 -1 -0.66590595 0.7460357 0 0 0 -1 -0.78354388 0.62133652 0 -0.62238091 0.33562955 -0.70710313 -0.85101044 0.52514875 0 0 0 -1 -0.88021559 0.47457403 0 -0.67355108 0.2224285 -0.70487899 -0.92969793 0.36832294 0 0 0 -1 -0.94942248 0.31400171 0 0 0 -1 -0.98320633 0.1824977 0 -0.99442261 0.10546906 0 0 0 -1 0 -1 0 0 -1 0 0 0 -1 -1 0 0 -1 0 0 -0.23286453 0.021605972 -0.97226912 -0.65836483 0.26080149 -0.70607245 0 0 -1 -0.60175544 0.3715758 -0.70698065 0 0 -1 -0.69320446 0.1483276 -0.70531303 -0.094602689 0.0086002089 -0.99547797 0 0 -1 0.97959107 -0.201001 0 0.98954624 -0.14421637 0 0 0 -1 0 0 -1 0.72357541 -0.12557916 -0.6787256 0 0 -1 0.72899097 0.0083471928 -0.68447244 0 0 -1 0.71192598 0.14178188 -0.68779296 0 0 -1 0.66998351 0.26799333 -0.69231617 0.94088453 0.33871832 -0.0025090156 0.6620723 0.25025702 -0.70642167 0.89178103 0.45246714 0 0.63970822 0.32147768 -0.69815868 0 0 -1 0.61002314 0.3792035 -0.69575602 0.57673776 0.41100863 -0.70600671 0.79491013 0.60656911 0.013848555 0.69397551 -0.70008975 0.16814375 0.59618556 -0.58602333 0.54876167 -0.70710409 -0.70710409 -0.0027729466 0.68938428 -0.68938428 0.22248301 0.68938422 -0.68938428 -0.22248311 -0.70710409 -0.70710409 0.0027729466 -0.70848918 -0.70572162 0 0.64895707 -0.67517769 0.35069913 0.58538544 -0.61245543 0.53124589 0.58538544 -0.61245543 0.53124589 0.65271074 -0.71002191 0.26426819 0.69351274 -0.68409848 -0.22594079 0.66616869 -0.72168273 0.188131 0.54479951 -0.56171876 -0.62262797 -0.70848918 -0.70572162 0 0.69351274 -0.68409848 -0.22594079 0.55099964 -0.54085857 -0.63550884 0.6964612 -0.67755282 -0.23635569 0.29037702 -0.32297042 -0.90076143 -0.70710409 -0.70710409 0.0027729466 0.55099964 -0.54085857 -0.63550884 0.29110506 -0.28237194 -0.91407007 0.55328107 -0.51954436 -0.65111732 -0.026946343 0.033164702 -0.99908662 0.29187089 -0.24608724 -0.92425776 0.29110506 -0.28237194 -0.91407007 -0.022483552 -0.022483489 -0.99949431 -0.70710409 -0.70710409 0.0027729466 0.33695051 -0.33391494 -0.88032109 0.58942431 -0.59281182 -0.5487743 -0.70572162 -0.70848918 0 0.64804095 -0.64471757 -0.40544093 -0.70848918 -0.70572162 0 -0.70848918 -0.70572162 0 0.7066254 -0.7066254 0.036892124 0.78859729 0.61488527 0.005514645 0.70491654 -0.70491654 0.07864777 0.69425499 -0.6973269 0.17817171 0.77711564 0.62896043 0.022362953 0.59938043 -0.58922148 0.54181284 0.76607794 0.64169621 0.036749158 0.56567931 -0.55890471 0.60632688 0.46671924 -0.45357206 0.75924015 -0.70848918 -0.70572162 0 0.55147237 -0.55147237 0.62590438 -0.70848918 -0.70572162 0 0.4147611 -0.45040467 0.79063827 0.50486749 -0.54862255 0.66642487 0.40505269 -0.40505269 0.81967348 0.23878485 -0.23878485 0.9412564 -0.70572162 -0.70848918 0 0.11822485 -0.13028856 0.98440224 0.033164702 -0.026946343 0.99908662 -0.24608734 0.29187083 0.92425781 -0.022483489 -0.022483552 0.99949431 -0.70848918 -0.70572162 0 -0.28237194 0.29110506 0.91407007 -0.28237194 0.29110506 0.91407007 -0.51954448 0.55328101 0.65111732 -0.32297042 0.29037702 0.90076143 -0.70572162 -0.70848918 0 -0.54085857 0.55099964 0.63550884 -0.54085857 0.55099964 0.63550884 -0.6775527 0.69646126 0.23635569 -0.56171864 0.54479951 0.62262809 -0.70572162 -0.70848918 0 -0.68409848 0.69351286 0.22594091 -0.68409848 0.69351286 0.22594091 -0.72168273 0.66616869 -0.188131 -0.68938416 0.68938434 0.22248322 -0.70710409 -0.70710409 -0.0027729466 -0.68938416 0.68938434 -0.22248322 -0.70572162 -0.70848918 0 -0.67517757 0.64895719 -0.35069913 -0.71002191 0.65271074 -0.26426819 -0.61245531 0.58538556 -0.53124589 -0.70710409 -0.70710409 0.0027729466 -0.47274122 0.44319499 -0.76163888 -0.54862261 0.50486743 -0.66642487 -0.40505269 0.40505269 -0.81967348 -0.23878485 0.23878485 -0.9412564 -0.13028847 0.11822476 -0.9844023 -0.70572162 -0.70848918 0 -0.70710409 -0.70710409 0.0027729466 0.23416515 -0.22865532 -0.94492513 0.35556561 -0.34023955 -0.87052286 0.75575203 0.65346968 -0.042617604 0.58297044 -0.56941307 -0.5795812 0.76963216 0.63809496 -0.022389298 0.63640606 -0.62970716 -0.44548434 0.69667959 -0.69972199 -0.15819806 0.78621066 0.61793399 -0.0055172467 0.75812292 0.65181762 0.019582432 0.44331667 -0.44331667 0.77906388 0.72486126 0.68889499 0 0.31934604 -0.31039244 0.89536285 0.70710409 0.70710409 0.0027729466 0.020116046 0.00804637 0.99976522 0.71672595 0.69735503 0 0.15309298 -0.15309298 0.97628129 0.1239061 -0.10722649 0.98648351 -0.70572162 -0.70848918 0 -0.22865532 0.23416507 0.94492519 -0.70710409 -0.70710409 -0.0027729466 -0.33391494 0.33695051 0.88032109 -0.59281182 0.58942431 0.5487743 -0.70710409 -0.70710409 -0.0027729466 -0.64471757 0.64804089 0.40544105 -0.70572162 -0.70848918 0 -0.7066254 0.7066254 -0.036892124 -0.70572162 -0.70848918 0 -0.70008981 0.69397551 -0.16814396 -0.58602333 0.59618556 -0.54876167 -0.70572162 -0.70848918 0 -0.45357195 0.46671909 -0.75924033 -0.70710409 -0.70710409 0.0027729466 -0.70710409 -0.70710409 0.0027729466 -0.11292558 0.12974438 -0.9850961 0.69735503 0.71672595 0 -0.16618605 0.16874275 -0.97154933 0.70572162 0.70848918 0 -0.0020113729 0.026147969 -0.99965614 0.7139914 0.70015442 0 0.10142311 -0.085287675 -0.99118084 0.29056874 -0.27894604 -0.91529173 0.74772894 0.66371453 -0.019603392 0.74772894 0.66371453 -0.019603392 0.77518207 0.63173193 -0.0027586443 0 0 -1 0.8100571 0.58611637 -0.01658822 0 0 -1 0.91780329 0.39702734 -0.0025780892 0.98057806 0.19611555 -0.0023072336 0 0 -1 0.99917144 0.040699415 0 0 0 -1 0.99025661 -0.13925485 0 0 0 -1 0.92847675 -0.37139067 0 0 0 -1 0.95015454 -0.31176946 0.0024743513 0 0 -1 0.9021312 -0.43145406 0.002614863 0 0 -1 0.89959615 -0.43672258 0 0.55344743 -0.83288401 0 0.83906144 -0.54403657 0 0 0 -1 0 0 -1 -0.22812165 -0.97363269 0 0.1772851 -0.98415953 0 0.1772851 -0.98415953 0 -0.22812165 -0.97363269 0 0 0 -1 0 0 -1 0.70848918 0.70572162 0 0.96591592 0.25885594 0 0.96591592 0.25885594 0 0.70848918 0.70572162 0 0.4456422 0.2563968 -0.85770845 0 0 -1 -0.4456422 -0.2563968 -0.85770845 -0.96591592 -0.25885594 0 -0.70710409 -0.70710409 0.0027729466 -0.25885594 -0.96591592 0 -0.70710409 -0.70710409 0.0027729466 0 0 -1 0 0 -1 0.68034512 0.73289186 0 0.63038528 0.77628243 0 0 0 -1 0 0 -1 0.72486132 -0.68889493 0 0.71810746 -0.69592661 0.0027726053 0 0 -1 0 0 -1 0.7342692 -0.67885268 -0.0027708167 0.69838101 -0.71527737 -0.025344463 0.026147969 0.0020113729 -0.99965614 0.69363815 -0.71922326 -0.039798934 -0.085287608 -0.10142319 -0.99118084 0.68244869 -0.73038924 -0.028200336 -0.27894613 -0.29056874 -0.91529167 -0.34023955 -0.35556561 -0.87052286 0.67118496 -0.74110001 -0.016779644 -0.56941295 -0.58297056 -0.5795812 -0.6297071 -0.63640606 -0.44548416 0.65828508 -0.75272256 -0.0083326902 -0.6297071 -0.63640606 -0.44548416 -0.69972205 -0.69667959 -0.15819795 0.64370781 -0.76526636 -0.0027626839 0.63173199 -0.77518201 0.0027586443 0.42656952 -0.59653074 -0.67984521 0.51686722 -0.85606134 -0.0026920065 0.37948832 -0.620381 -0.68637896 0.42416713 -0.90558392 0 0.31088808 -0.6606372 -0.68330604 0.3530573 -0.93560171 0 0.25739717 -0.67368162 -0.69274795 0.2531997 -0.96741402 0 0.18152468 -0.7014854 -0.68917859 0.12885052 -0.70717984 -0.69519365 0.17508188 -0.98455119 -0.0022737817 0.07410147 -0.99719447 -0.010585953 0 0 -1 -0.14140384 -0.98982733 0.015711553 0 0 -1 -0.14140384 -0.98982733 0.015711553 -0.18063229 -0.982921 0.035188112 -0.16179082 -0.98669606 0.015951216 -0.14800549 -0.9889459 0.0089699961 -0.1349145 -0.99084735 0.0044234088 -0.90138459 0.43202457 -0.029335054 -0.1221552 -0.99251103 0 -0.97170162 0.14537276 0.18617915 -0.85563231 0.51613957 -0.038641483 -0.9539668 0.24185081 0.1773572 -0.93505019 0.269564 0.23025258 -0.13708599 -0.99055666 -0.0022110557 -0.86227351 0.31411383 0.39726168 -0.17768209 -0.98408526 -0.0022779666 -0.75169683 0.30517611 0.58465332 -0.15492326 -0.98791629 -0.0044905115 0.19243895 0.98096931 -0.025815027 -0.72211379 0.26403275 0.63940483 0.17520216 0.98435974 -0.018442336 -0.69562393 0.22247447 0.68309039 -0.65964264 0.17795019 0.73020917 -0.67685878 0.20181566 0.70790726 0.20608109 0.97768658 -0.040736932 -0.18331803 -0.98304302 -0.0045829336 -0.61700863 0.18725143 0.76435417 -0.61700863 0.18725143 0.76435417 -0.57120562 0.20268582 0.79538834 -0.50362688 0.19602245 0.84138882 -0.20559566 -0.97835171 -0.023631666 -0.41532782 0.13939084 0.89892882 -0.31341615 0.11250845 0.94292742 -0.21309787 0.079292253 0.97380805 -0.11172344 0.061561942 0.99183059 0.012117804 0.020196462 0.99972266 0.15232435 -0.058586255 0.98659259 0.29285172 -0.09151613 0.95176816 -0.47054622 -0.88227415 -0.013367821 0.38963354 -0.16903229 0.90532523 0 0 -1 -0.39984363 -0.91652459 -0.010385509 -0.41575837 -0.90947145 -0.0025984799 -0.38552257 -0.92268401 -0.0051402813 -0.34740821 -0.9374913 -0.020435777 -0.32750577 -0.94472826 -0.015115671 -0.21417336 -0.9767248 -0.011767795 -0.26739538 -0.96358693 0 -0.26739538 -0.96358693 0 -0.31250119 -0.94990438 -0.0049603176 -0.21544017 -0.97650576 -0.0046834634 0 0 -1 -0.29339853 -0.9559902 0 0 0 -1 -0.63338768 0.77383471 0 -0.68605465 0.72755009 0 0 0 -1 0.25885594 -0.96591592 0 0 0 -1 0.70848918 -0.70572162 0 0.70848918 -0.70572162 0 0 0 -1 0.96591592 -0.25885594 0 0 0 -1 0.96591592 0.25885594 0 0.96591592 -0.25885594 0 0.96591592 -0.25885594 0 0.96591592 0.25885594 0 0.51568019 0 -0.85678113 0.96591592 0.25885594 0 0.70848918 0.70572162 0 0.4456422 0.2563968 -0.85770845 0.70848918 0.70572162 0 0.25885594 0.96591592 0 0.25639689 0.44564211 -0.85770845 0.25885594 0.96591592 0 -0.25885594 0.96591592 0 0 0.51568019 -0.85678113 -0.25885594 0.96591592 0 -0.70572162 0.70848918 0 -0.25639677 0.44564208 -0.85770851 -0.44564208 0.25639677 -0.85770851 -0.70572162 0.70848918 0 -0.96591592 0.25885594 0 -0.96591592 -0.25885594 0 -0.96591592 0.25885594 0 0 0 -1 -0.97232306 -0.2336407 0 0 0 -1 -0.30218944 -0.95324779 0 -0.7194491 -0.69454521 0 0 0 -1 0 0 -1 -0.92345488 -0.38370705 0 0 0 -1 -0.95395064 -0.29995364 0.0024586264 0 0 -1 -0.94436228 -0.32890713 0 0 0 -1 -0.97232306 -0.2336407 0 0 0 -1 -0.86609656 -0.4998768 0 0 0 -1 -0.87440556 -0.48518857 0.0026658606 -0.89755118 -0.44090244 0.0026244088 -0.63970822 -0.32147768 -0.69815868 -0.61002314 -0.3792035 -0.69575602 0 0 -1 0 0 -1 -0.85101044 -0.52514875 0 0 0 -1 -0.88021559 -0.47457403 0 0 0 -1 -0.78354388 -0.62133652 0 -0.66590595 -0.7460357 0 0 0 -1 0 0 -1 0.37157595 0.60175556 -0.70698065 0.43937317 0.55587345 -0.70565987 0.66590595 0.7460357 0 0 0 -1 0.7460357 0.66590595 0 0.52728504 0.47055194 -0.70749652 0.78354388 0.62133652 0 0 0 -1 0.85101044 0.52514875 0 0.60175556 0.3715758 -0.70698059 0.88021559 0.47457403 0 0.92969793 0.36832294 0 0 0 -1 0 0 -1 0.98954624 -0.14421637 0 0 0 -1 0 0 -1 0.99960351 0.02815786 0 0 0 -1 0 0 -1 0.97959101 0.20100091 0 0 0 -1 0 0 -1 0 0 -1 0 0 -1 0 0 -1 0 0 -1 0 0 -1 0 0 -1 0 0 -1 0 0 -1 0 0 -1 0 0 -1 0 0 -1 0 0 -1 0 0 -1 0 0 -1 0 0 -1 0 0 -1 0 0 -1 0 0 -1 -0.62133652 -0.78354388 0 0 0 -1 -0.7460357 -0.66590595 0 0 0 -1 0 0 -1 -0.85101044 -0.52514875 0 0 0 -1 0 0 -1 -0.92969793 -0.36832294 0 0 0 -1 0 0 -1 -0.97790432 -0.20905316 0 0 0 -1 0 0 -1 -0.99442261 -0.10546906 0 0 1 0 0 0 -1 0 0 -1 0 1 0 -1 0 0 -1 0 0 -0.042992596 0.004094521 -0.99906701 0 0 -1 0.99960351 -0.02815786 0 0.99960351 0.02815786 0 0 0 -1 0.97959101 0.20100091 0 0 0 -1 0.92969793 0.36832294 0 0 0 -1 0.85101044 0.52514875 0 0.85101044 0.52514875 0 0 0 -1 0.7460357 0.66590595 0 0 0 -1 0.62133652 0.78354388 0 0.62133652 0.78354388 0 0 0 -1 0 0 -1 0.52444464 0.47767884 -0.70482677 0.49093646 0.50763482 -0.70801717 0.71675241 0.69730574 0.0055561992 0.67795259 0.73444861 0.031072881 -0.085287608 0.10142319 0.99118084 0.67044055 0.73949873 0.060425911 0.67044055 0.73949873 0.060425911 -0.27894604 0.29056874 0.91529173 -0.34023955 0.35556561 0.87052286 0.65685487 0.75311822 0.036806557 -0.56941295 0.58297056 0.5795812 0.64280683 0.76577842 0.019563608 -0.6297071 0.63640606 0.44548416 0.62704068 0.7789669 0.0055245669 0.62704068 0.7789669 0.0055245669 -0.69972205 0.69667959 0.15819795 0.62570059 0.7800585 -0.0027563798 -0.70491654 0.70491654 -0.07864777 -0.6973269 0.69425499 -0.17817171 0.64146543 0.76696944 -0.016733902 -0.58922148 0.59938043 -0.54181284 0.65284801 0.75696605 -0.028139981 -0.55890471 0.56567931 -0.60632688 0.66152138 0.74915868 -0.033924215 -0.44331667 0.44331667 -0.77906388 -0.31445995 0.32344466 -0.89246762 0.66960979 0.74245411 -0.019612009 0.70848364 0.70570529 -0.0055567133 0 0 -1 0.72216094 0.69172513 0 0 0 -1 0.83495814 0.55031341 0 0 0 -1 0.91954303 0.39298916 0 0 0 -1 0 0 -1 0.97552198 0.21990186 0 0 0 -1 0.99490899 0.10077743 0 0 0 -1 0.99696726 -0.077822365 0 0.96515065 -0.26169512 0 0 0 -1 0 0 -1 -0.29339853 -0.9559902 0 -0.35914856 -0.93328041 0 0 0 -1 -0.30513287 -0.95230973 0 0 0 -1 0 0 -1 0.25885594 0.96591592 0 0.70848918 0.70572162 0 0.70848918 0.70572162 0 0.25885594 0.96591592 0 0.25639689 0.44564211 -0.85770845 0.25885594 0.96591592 0 -0.25885594 0.96591592 0 0 0.51568019 -0.85678113 -0.25885594 0.96591592 0 -0.70572162 0.70848918 0 -0.25639677 0.44564208 -0.85770851 -0.70572162 0.70848918 0 -0.96591592 0.25885594 0 -0.44564208 0.25639677 -0.85770851 -0.51568019 0 -0.85678113 -0.96591592 0.25885594 0 -0.96591592 -0.25885594 0 -0.70710409 -0.70710409 0.0027729466 -0.96591592 -0.25885594 0 0 0 -1 0 0 -1 0.67170906 0.74081504 0 0.67170906 0.74081504 0 0 0 -1 0 0 -1 0.61527079 -0.78831571 0 0.56595135 -0.82443869 0 0 0 -1 0 0 -1 0.64447498 -0.76444215 -0.016739631 0 0 -1 0.44090235 -0.89755124 -0.0026244088 0.27088487 -0.96260875 -0.0024186056 0 0 -1 0 0 -1 0.060057398 -0.99819493 0 -0.12565775 -0.99203444 -0.0088180508 0 0 -1 0 0 -1 -0.79068077 0.61222851 0 -0.83906144 0.54403669 0 0 0 -1 -0.93786997 0.34698683 0 0 0 -1 -0.97673249 0.21446158 0 -0.96197867 -0.27312458 0 0 0 -1 -0.96197867 -0.27312458 0 -0.71672595 -0.69735503 0 0 0 -1 0.96591592 0.25885594 0 0 0 -1 0.70848918 0.70572162 0 0.70848918 0.70572162 0 0 0 -1 0.25885594 0.96591592 0 0.25885594 0.96591592 0 0 0 -1 -0.25885594 0.96591592 0 -0.25885594 0.96591592 0 0 0 -1 -0.70572162 0.70848918 0 -0.96591592 0.25885594 0 -0.70572162 0.70848918 0 0 0 -1 0 0 -1 0.18511637 -0.98271662 0 -0.30218944 -0.95324779 0 -0.30218944 -0.95324779 0 0 0 -1 -0.7194491 -0.69454521 0 0 0 -1 -0.99536979 -0.096119426 0 -0.7194491 -0.69454521 0 0 0 -1 -0.7194491 -0.69454521 0 -0.98589814 -0.1673314 0.0022612258 -0.9965871 0.08252003 0.0021158883 0 0 -1 0 0 -1 -0.92216492 -0.38679695 0 -0.94088447 -0.33871841 -0.0025090156 -0.6620723 -0.25025702 -0.70642167 -0.66998351 -0.26799333 -0.69231617 0 0 -1 0 0 -1 -0.92969793 -0.36832294 0 -0.94942248 -0.31400171 0 0 0 -1 0 0 -1 0.47055182 0.5272851 -0.70749652 0 0 -1 0.55226356 0.43914929 -0.70862734 0 0 -1 0.62238109 0.33562946 -0.70710301 0.65507835 0.26075929 -0.70913815 0.94942248 0.31400171 0 0.6908536 0.14179093 -0.70895463 0.98954624 0.14421637 0 0.70415944 0.019637836 -0.70977026 0.99960351 -0.02815786 0 0.69737995 -0.10342495 -0.70919991 0.97959107 -0.201001 0 0.94942248 -0.31400171 0 0 0 -1 0 0 -1 0.88021559 -0.47457403 0 0 0 -1 0 0 -1 0.78354388 -0.62133652 0 0 0 -1 0 0 -1 0.66590595 -0.7460357 0 0 0 -1 0 0 -1 0.52514875 -0.85101044 0 0 0 -1 0 0 -1 0.36832294 -0.92969793 0 0 0 -1 0 0 -1 0.201001 -0.97959107 0 0 0 -1 0 0 -1 0.02815786 -0.99960351 0 0 0 -1 0 0 -1 -0.14421637 -0.98954624 0 0 0 -1 0 0 -1 -0.31400171 -0.94942248 0 0 0 -1 0 0 -1 0 0 -1 -0.47457403 -0.88021559 0 -0.33562955 -0.62238103 -0.70710301 -0.52514875 -0.85101044 0 -0.4393732 -0.55587363 -0.70565987 -0.66590595 -0.7460357 0 -0.53093588 -0.47082993 -0.70457524 -0.78354388 -0.62133652 0 -0.60175556 -0.3715758 -0.70698059 -0.88021559 -0.47457403 0 -0.65836483 -0.26080149 -0.70607245 -0.94942248 -0.31400171 0 -0.69320458 -0.1483276 -0.70531291 -0.98763555 -0.15676756 0 -0.99442261 -0.10546906 0 -0.70653576 -0.075596385 -0.70362812 0 1 0 0 1 0 -0.70653576 -0.075596385 -0.70362812 -0.29204497 -0.027457189 -0.9560104 -1 0 0 -0.23286447 -0.021605972 -0.97226924 -1 0 0 -1 0 0 -0.042992659 -0.004094521 -0.99906695 0 0 -1 0.98954624 0.14421637 0 0 0 -1 0.94942248 0.31400171 0 0.90558392 0.42416713 0 0 0 -1 0.82012695 0.57218152 0 0 0 -1 0.78354388 0.62133652 0 0.70848918 0.70572162 0 0 0 -1 0.57218152 0.82012695 0 0 0 -1 0.52514875 0.85101044 0 0.47457403 0.88021559 0 0 0 -1 0 0 -1 0.42512712 0.56462216 -0.70743829 0.66385007 0.74647504 0.045586266 0.38954082 0.59091353 -0.70645535 0.59728479 0.80191004 0.013825983 0.64581853 0.7632401 -0.019570271 0.56283051 0.82657236 0 0 0 -1 0 0 -1 0.5845927 0.81132698 0 0 0 -1 0.67747569 0.73554516 0 0 0 -1 0.79999995 0.60000002 0 0 0 -1 0.89495146 0.44616356 0 0.96032524 0.27888229 0 0 0 -1 0 0 -1 -0.30513287 -0.95230973 0 -0.18774331 -0.98221815 0 0.30218944 -0.95324779 0 0 0 -1 0.25885594 0.96591592 0 0 0 -1 -0.25885594 0.96591592 0 -0.25885594 0.96591592 0 0 0 -1 -0.70572162 0.70848918 0 -0.70572162 0.70848918 0 0 0 -1 -0.96591592 0.25885594 0 -0.96591592 -0.25885594 0 -0.96591592 0.25885594 0 0 0 -1 0 0 -1 0.97673249 0.21446158 0 0.75632626 0.65419465 0 0.75632626 0.65419465 0 0.97673249 0.21446158 0 0 0 -1 0 0 -1 0.46509284 -0.88526195 0 0.40853614 -0.91274208 0 0 0 -1 0 0 -1 0.23919076 -0.9709726 0 0.11974617 -0.99280459 0 0 0 -1 0 0 -1 -0.93786997 0.34698683 0 -0.97673249 0.21446158 0 0 0 -1 -0.96197867 -0.27312458 0 -0.96197867 -0.27312458 0 0 0 -1 -0.71672595 -0.69735503 0 -0.71672595 -0.69735503 0 -0.30218944 -0.95324779 0 0 0 -1 -0.30218944 -0.95324779 0 0.18774331 -0.98221815 0 0 0 -1 0.30513287 -0.95230973 0 0 0 -1 0 0 -1 0.26739538 -0.96358693 0 -0.30218944 -0.95324779 0 0.18511637 -0.98271662 0 0 0 -1 0 0 -1 -0.99940848 0.034392592 0 0 0 -1 -0.91274208 0.40853614 0 -0.85294908 0.52199405 0 0 0 -1 0 0 -1 -0.98057806 -0.19611555 -0.0023072336 0.0022821508 -0.98361069 -0.18029061 -0.99461383 -0.10356066 -0.0043150107 -0.005433538 -0.83948487 -0.54335588 -0.99908286 -0.042817861 0 -0.0055063623 -0.79567242 -0.60570222 -0.99940395 -0.034462195 -0.0020271807 -8.3809645e-08 -0.6273759 -0.77871656 -0.99970782 -0.024089376 -0.0020074379 -0.005279819 -0.4514263 -0.8922928 -0.99989492 -0.013942765 -0.0039836299 -7.200628e-08 -0.23641188 -0.97165298 -0.011428387 -0.17142649 -0.98513067 1 0 0 -0.0049992148 0.3274498 -0.94485527 1 0 0 -0.002654565 0.47251433 -0.88131899 0.00271703 0.83413136 -0.55155921 1 0 0 -0.0025883804 0.91370171 -0.40637729 1 0 0 1 0 0 0 0.99925518 0.038589098 -0.99578542 0.091689065 0.0021322947 0 0.99714029 0.075572707 0.0022821508 0.98361069 0.18029061 -0.99705595 0.076208062 0.0084675336 -0.0054335385 0.83948487 0.543356 -0.9978525 0.063288763 0.016877063 -0.0055063623 0.79567242 0.60570222 -0.99823099 0.054755341 0.02316574 0 0.6273759 0.77871662 -0.99847019 0.042129509 0.035810102 -0.005279819 0.4514263 0.8922928 0 0.23641185 0.97165293 -0.99921334 0.030967366 0.024773918 -0.70848364 0.0055567133 -0.70570529 -0.99996072 0.0039602253 0.0079204505 -0.99867201 -0.051477998 0.0020591097 -0.71830964 -0.069513835 -0.69224197 -0.71192604 -0.14178188 -0.6877929 0 0 -1 0 0 -1 -0.97959107 -0.201001 0 -0.98954624 -0.14421637 0 0 0 -1 0 0 -1 0.67034596 0.22240439 -0.70793533 0 0 -1 0.69737995 0.10342495 -0.70919991 0 0 -1 0.70415944 -0.019637924 -0.70977032 0 0 -1 0.6908536 -0.14179093 -0.70895463 0.67034596 -0.22240449 -0.70793539 0.92969793 -0.36832294 0 0.62238103 -0.33562955 -0.70710301 0.85101044 -0.52514875 0 0.55226356 -0.43914944 -0.70862746 0.7460357 -0.66590595 0 0.47055182 -0.5272851 -0.70749652 0.62133652 -0.78354388 0 0.3715758 -0.60175556 -0.70698059 0.47457403 -0.88021559 0 0.26075929 -0.65507835 -0.70913815 0.31400171 -0.94942248 0 0.14179082 -0.6908536 -0.70895457 0.14421637 -0.98954624 0 0.019637991 -0.70697045 -0.70697045 -0.02815786 -0.99960351 0 -0.10342766 -0.70035326 -0.70626342 -0.201001 -0.97959107 0 -0.36832294 -0.92969793 0 -0.22240449 -0.67034596 -0.70793539 -0.3715758 -0.60175556 -0.70698059 -0.47082993 -0.53093588 -0.70457524 -0.55587369 -0.43937305 -0.70565981 -0.62238103 -0.33562955 -0.70710301 -0.67355108 -0.2224285 -0.70487899 -0.11861832 -0.010983202 -0.99287909 -0.69986546 -0.10972471 -0.70579654 0 0 -1 0 0 -1 0 0 -1 0 0 -1 0 0 -1 -0.26080149 -0.65836483 -0.70607245 0 0 -1 0 0 -1 0.36832294 0.92969793 0 0 0 -1 0.31400171 0.94942248 0 0 0 -1 0.20100108 0.97959101 0 0 0 -1 0.02815786 0.99960351 0 0.14421637 0.98954624 0 0 0 -1 0 0 -1 0.31405729 0.63135231 -0.70905727 0.27492312 0.65214342 -0.70648867 0.38989109 0.92086095 0 0.44616356 0.89495146 0 0 0 -1 0 0 -1 0.43043977 0.9026193 0 0.53460228 0.84510374 0 0 0 -1 -0.18774331 -0.98221815 0 0 0 -1 0.30218944 -0.95324779 0 0.30218944 -0.95324779 0 0.71672595 -0.69735503 0 0 0 -1 0.71672595 -0.69735503 0 0.96197867 -0.27312458 0 0 0 -1 0 0 -1 0.96197867 -0.27312458 0 0.97673249 0.21446158 0 0.97673249 0.21446158 0 0.96197867 -0.27312458 0 0 0 -1 0.29632217 -0.95508808 0 0 0 -1 -0.71672595 -0.69735503 0 0 0 -1 -0.30218944 -0.95324779 0 -0.30218944 -0.95324779 0 0 0 -1 0.18774331 -0.98221815 0 0 0 -1 0.30513287 -0.95230973 0 0.34395951 -0.93898445 0 0 0 -1 0 0 -1 -0.7139914 0.70015442 0 -0.63937074 0.76889867 0 0 0 -1 0 0 -1 -0.99939537 -0.034531944 -0.0040625669 -0.99956882 0.016286254 -0.024429413 -0.018285841 -0.020317594 -0.9996264 -0.99877608 0.018727046 -0.045777321 -0.011109944 0.13331987 -0.99101079 -0.9988094 0.035522502 -0.033432949 -0.0077915476 0.40516207 -0.91421175 -0.0080431197 0.4906272 -0.87133241 -0.99840397 0.052437179 -0.020974923 -0.0082342634 0.81518692 -0.57913953 -0.99751961 0.069594376 -0.010544564 -0.0052674259 0.89546579 -0.44509926 0.0022445549 0.9875778 -0.15711467 -0.99578547 0.091688998 -0.0021322947 -0.99694359 0.076687939 0.014911624 -0.72006655 0.060485624 -0.69126391 -0.72899097 -0.0083471928 -0.68447244 0 0 -1 0 0 -1 -0.99960351 -0.02815786 0 -0.99960351 0.02815786 0 0 0 -1 -0.97959101 0.20100108 0 0 0 -1 -0.92969793 0.36832294 0 0 0 -1 0 0 -1 0.65507835 -0.26075929 -0.70913815 0 0 -1 0.60175556 -0.3715758 -0.70698059 0 0 -1 0.52728504 -0.47055194 -0.70749652 0 0 -1 0.43937305 -0.55587357 -0.70565987 0 0 -1 0.33562955 -0.62238103 -0.70710301 0.10342766 -0.70035326 -0.70626342 -0.019637991 -0.70697045 -0.70697045 0 0 -1 -0.14179738 -0.69390202 -0.70596987 0 0 -1 0 0 -1 0.22240449 -0.67034596 -0.70793539 0 0 -1 0 0 -1 -0.14421637 0.98954624 0 -0.02815786 0.99960351 0 0 0 -1 0 0 -1 0.19502391 0.68103617 -0.70580113 0.15161201 0.69741488 -0.7004472 0.21717773 0.97613204 0 0.2759999 0.96115768 0 0 0 -1 0.31697056 0.94843537 0 0 0 -1 0.1673314 0.98589814 0.0022612258 0 0 -1 -0.43357995 0.90111518 0 -0.74862736 0.66299099 0 -0.95324779 0.30218944 0 0 0 -1 -0.74862736 0.66299099 0 -0.74862736 0.66299099 0 0 0 -1 -0.95324779 0.30218944 0 -0.97298288 0.23087727 0 0 0 -1 0.96591592 0.25885594 0 0.51568019 0 -0.85678113 0.96591592 -0.25885594 0 0 0 -1 0.96591592 0.25885594 0 0.96591592 -0.25885594 0 0.96591592 -0.25885594 0 0.44564211 -0.25639689 -0.85770845 0.70572162 -0.70848918 0 0 -0.51568019 -0.85678113 -0.25885594 -0.96591592 0 0.25885594 -0.96591592 0 0.70572162 -0.70848918 0 0.25639689 -0.44564211 -0.85770845 0.25885594 -0.96591592 0 0.25885594 -0.96591592 0 0 0 -1 0.70572162 -0.70848918 0 0.96591592 -0.25885594 0 0.70572162 -0.70848918 0 0 0 -1 0 0 -1 -0.97732306 0.21175338 0 -0.9872297 0.15930307 0 0 0 -1 0 0 -1 0.032306358 0.99947792 0 -0.047078829 0.99889112 0 -0.43357995 0.90111518 0 0 0 -1 0 0 -1 0.11734565 0.99309117 0 -0.047078829 0.99889112 0 0 0 -1 -0.43357995 0.90111518 0 -0.74862736 0.66299099 0 -0.43357995 0.90111518 0 0 0 -1 0 0 -1 0.70848918 0.70572162 0 0.96591592 0.25885594 0 0.96591592 0.25885594 0 0.70848918 0.70572162 0 0.4456422 0.2563968 -0.85770845 0 0 -1 -0.25639689 -0.44564211 -0.85770845 -0.70848918 -0.70572162 0 -0.25885594 -0.96591592 0 0.25885594 -0.96591592 0 -0.25885594 -0.96591592 0 0 0 -1 -0.24477154 0.96958083 0 -0.67459702 0.73818624 0 0 0 -1 0 0 -1 -0.67459702 0.73818624 0 -0.94436228 0.32890713 0 -0.67459702 0.73818624 0 0 0 -1 -0.94436228 0.32890713 0 -0.97732306 0.21175338 0 0 0 -1 0 0 -1 0.2336407 0.97232306 0 0.2336407 0.97232306 0 0 0 -1 0.20682977 0.97837418 0.0023239204 0.28466812 0.95862615 0 0 0 -1 0 0 -1 0.25885594 0.96591592 0 0.70848918 0.70572162 0 0.70848918 0.70572162 0 0.25885594 0.96591592 0 0.25639689 0.44564211 -0.85770845 0.25885594 0.96591592 0 -0.25885594 0.96591592 0 0 0.51568019 -0.85678113 -0.25885594 0.96591592 0 -0.70572162 0.70848918 0 -0.25639677 0.44564208 -0.85770851 -0.70572162 0.70848918 0 -0.96591592 0.25885594 0 -0.44564208 0.25639677 -0.85770851 -0.96591592 0.25885594 0 -0.96591592 -0.25885594 0 -0.51568019 0 -0.85678113 -0.4456422 -0.2563968 -0.85770845 -0.96591592 -0.25885594 0 -0.70848918 -0.70572162 0 -0.25885594 -0.96591592 0 -0.70848918 -0.70572162 0 0 0 -1 0 0 -1 0.24477172 0.96958077 0 -0.24477154 0.96958083 0 0.24477172 0.96958077 0 0 0 -1 -0.24477154 0.96958083 0 -0.67459702 0.73818624 0 -0.24477154 0.96958083 0 0 0 -1 0.37446302 0.92724186 0 0 0 -1 0.30218944 -0.95324779 0 0 0 -1 0.71672595 -0.69735503 0 0.96197867 -0.27312458 0 0.71672595 -0.69735503 0 0 0 -1 -0.5565784 0.83079505 0 0 0 -1 -1 0 0 -1 0 0 0 -0.42416713 -0.90558392 -1 0 0 0 -0.06224912 -0.99806064 -1 0 0 0 0.30808279 -0.95135957 -1 0 0 8.3908816e-08 0.63638294 -0.77137333 0 1 0 8.3304066e-08 0.80683953 -0.59077072 -1 0 0 -1 0 0 -0.63937086 -0.76889855 0 0 0 -1 -0.63937086 -0.76889855 0 -0.93209982 -0.36220184 0 0 0 -1 0 0 -1 -0.99653101 0.081436969 -0.017144686 -0.97959101 0.20100108 0 -0.69336855 0.13207026 -0.70837665 -0.96032524 0.27888229 0 -0.69861978 0.19165678 -0.68934608 -0.72357541 0.12557916 -0.6787256 0 0 -1 0 0 -1 -0.98954624 0.14421637 0 0 0 -1 -0.94942248 0.31400171 0 0 0 -1 -0.88021559 0.47457403 0 -0.85101044 0.52514875 0 0 0 -1 -0.7460357 0.66590595 0 0 0 -1 -0.62133652 0.78354388 0 0 0 -1 -0.47457403 0.88021559 0 0 0 -1 0 0 -1 -0.31400171 0.94942248 0 -0.20100091 0.97959101 0 0 0 -1 0 0 -1 0.060497668 0.70868647 -0.70292491 0.0027726053 0.71810746 -0.69592661 0.018104821 0.99978548 0.010058166 -0.0081260055 0.99950254 0.030472646 0.020317655 0.018285779 0.9996264 -0.018615969 0.99905401 0.039300241 -0.13331987 0.011109944 0.99101079 -0.033164702 0.99908662 0.026946343 -0.40516207 0.0077915476 0.91421175 -0.49062729 0.0080430387 0.87133241 -0.047855068 0.99871558 0.016645323 -0.81518692 0.0082341796 0.57913947 -0.064851433 0.99787515 0.0062759202 -0.89546579 0.0052674259 0.44509926 -0.075731061 0.9971261 0.0021036335 -0.075731061 0.9971261 0.0021036335 -0.98757786 -0.0022444865 0.15711467 -0.99925518 0 -0.038589098 0 -1 0 -0.98618668 -0.0068012611 -0.16549797 -0.83660543 0.008175266 -0.54774499 0 -1 0 -0.65236771 0.0083280662 -0.75785685 0 -1 0 0 -1 0 -0.17142643 0.011428456 -0.98513067 -0.013887496 0.99990356 0 -0.23641193 0 -0.97165287 -0.020317594 0.018285841 -0.9996264 0.011927563 0.99992096 -0.0039758137 0.062507473 0.99803573 -0.0041671479 0 0 -1 0 0 -1 0.28466812 0.95862615 0 0.15930307 0.9872297 0 0 0 -1 0.25885594 0.96591592 0 0 0 -1 -0.25885594 0.96591592 0 -0.25885594 0.96591592 0 0 0 -1 -0.70572162 0.70848918 0 -0.96591592 0.25885594 0 0 0 -1 -0.96591592 -0.25885594 0 -0.70848918 -0.70572162 0 -0.96591592 -0.25885594 0 0 0 -1 0 0 -1 0.67459702 0.73818624 0 0.24477172 0.96958077 0 0.24477172 0.96958077 0 0.67459702 0.73818624 0 0 0 -1 -1 0 0 0 0 -1 -0.63937086 -0.76889855 0 -0.63937086 -0.76889855 0 0 0 -1 -0.93209982 -0.36220184 0 -0.93209982 -0.36220184 0 0 0 -1 -0.99060047 0.13678671 0 0 0 -1 -0.9681468 0.25038287 0 -0.93209982 -0.36220184 0 -0.99060047 0.13678671 0 0 0 -1 0 0 -1 -0.95577615 0.29408497 -0.0024506988 -0.91281599 0.40829661 0.0078018159 -0.65507835 0.26075929 -0.70913815 -0.67501456 0.25035757 -0.69402921 0 0 -1 -0.60175544 0.3715758 -0.70698065 0 0 -1 -0.53613746 0.48587459 -0.69027704 0 0 -1 0 0 -1 -0.78354388 0.62133652 0 0 0 -1 -0.66590595 0.7460357 0 0 0 -1 -0.52514875 0.85101044 0 -0.36832294 0.92969793 0 0 0 -1 0 0 -1 -0.069522008 0.71260059 -0.69811678 -0.037384234 0.99899018 0.024922865 -0.051557288 0.71893811 -0.69315934 -0.093803018 0.99559075 0 -0.080080204 0.99678844 0 -0.99714029 0 -0.075572707 -0.98361069 -0.0022821508 -0.18029061 -0.064851433 0.99787515 -0.0062759202 -0.83948487 0.0054335385 -0.543356 -0.054084502 0.99848223 -0.010400817 -0.79567242 0.0055063623 -0.60570222 -0.04559084 0.99885488 -0.014506263 -0.62737596 0 -0.77871656 -0.4514263 0.005279819 -0.8922928 -0.038903683 0.9992094 -0.00819021 0 0 -1 -0.01190391 0.99992716 -0.0019839748 0 0 -1 0 1 0 0 0 -1 -0.23641185 0.97165293 0 -0.21446158 0.97673249 0 0 0 -1 0 0 -1 -0.17364776 0.98476541 -0.009139319 -0.17364776 0.98476541 -0.009139319 -0.17364776 0.98476541 -0.009139319 -0.18478079 0.98237884 -0.028068002 -0.16179076 0.98669606 -0.015951285 -0.11810766 0.99297905 -0.0065615107 -0.094002321 0.99556971 -0.0021364077 -0.93076217 -0.33870938 0.1376867 -0.90138459 -0.43202451 0.02933497 -0.10333961 0.99464375 0.0021529004 -0.97170168 -0.14537267 -0.18617904 -0.11810774 0.99297911 0.0065615112 -0.93505019 -0.269564 -0.23025258 -0.86227345 -0.31411391 -0.39726168 -0.14047915 0.99004352 0.0089192772 0.20608102 -0.97768664 0.040736932 -0.1721909 0.98493248 0.016071238 -0.61700875 -0.18725143 -0.76435411 -0.57120562 -0.20268582 -0.79538834 -0.57330471 -0.43664479 -0.69329864 -0.72015154 -0.14826648 -0.67778963 -0.59239334 -0.1731611 -0.78681976 -0.39551428 -0.22137003 -0.89138311 -0.49574983 -0.052621454 -0.86686969 -0.29109761 -0.41060084 -0.86410022 -0.43643582 0.21821786 -0.87287146 -0.43643582 0.21821786 -0.87287146 -0.35999852 0.1857135 -0.9142819 -0.17769626 -0.24500553 -0.95309824 -0.32585835 0.30792126 -0.89386851 -0.19514489 0.23851041 -0.95133132 -0.075940624 0.25313532 -0.96444571 0.047659446 0.27341491 -0.9607147 0.0026337311 0.45036981 -0.89283824 -0.21080944 0.76573414 -0.60762703 -0.19360436 0.77441746 -0.6023246 -0.33762684 0.91845965 -0.20600973 -0.33488902 0.91879821 -0.20894796 -0.32882142 0.93440092 -0.13700891 -0.34944779 0.93692505 0.0075966609 -0.37137273 0.92297024 -0.10103516 -0.3949019 0.91508305 -0.081703864 -0.4032971 0.91084796 -0.087792568 -0.40991497 0.90786529 -0.088035427 -0.4342722 0.89858854 -0.062819354 -0.35221636 0.92731959 -0.12657778 -0.099627025 0.96561569 -0.24012667 0.48452458 0.79898447 -0.35617375 -7.200628e-08 0.97165298 -0.23641188 0.5106048 0.82742602 -0.23377095 0.066953994 0.98278958 -0.17216751 0.52592152 0.84378612 -0.10691814 0.075587332 0.99179757 -0.10307367 0.074879244 0.99696302 -0.02139404 0.53072107 0.84752923 0.0054155011 0.074879244 0.99696302 -0.02139404 0.075362071 0.99522287 0.06206293 0.52656037 0.83717191 0.14791019 0.77067834 0.48657224 0.41146386 0.65479851 0.69973588 0.28567204 0.74634624 0.46564084 0.47554806 0.46534401 0.78099692 0.41653171 0.69054884 0.44034994 0.57378942 0.46141466 0.69212192 0.55503488 0.67154121 0.14822304 0.72599047 0.41996971 0.6532861 0.62995458 0.32172203 0.65969276 0.67919099 0.41482675 0.48342007 0.77085918 0.32769778 0.45373526 0.82869691 0.48586369 -0.12725008 0.86472189 0.19247051 0.44712335 0.87351918 0.19247051 0.44712335 0.87351918 0.15553685 0.37611607 0.91342485 0.29132518 -0.072186813 0.95389664 0.05167887 0.44334912 0.894858 -0.0049445876 0.30656561 0.95183671 0.079788864 0.057625365 0.99514484 0.051477998 -0.0020591097 0.99867201 -0.02651771 -0.016318677 0.99951512 -0.14214012 -0.060584389 0.98799068 -0.28485334 -0.11077637 0.95214874 -0.35963643 -0.13002242 0.92398906 0.23968968 -0.97074306 0.014381324 -0.43361834 -0.15610273 0.88747227 0.26824403 -0.96323985 0.014631435 0.29892492 -0.95406848 0.019928249 0.32827348 -0.94441736 0.017676193 0.35274747 -0.93554747 0.017892916 0.17453369 0.04717122 0.98352069 0.37444463 -0.92707306 0.018076565 0.38694784 -0.92192239 0.018178683 0.15463305 0.056230083 0.98637056 -0.37843251 0.92562538 -0.0025569666 0.19529404 0.091466777 0.97647023 0.036933076 0.012310942 0.99924183 -0.36391479 0.9314183 -0.0050896979 -0.32448035 0.94577199 -0.015092049 -0.26577106 0.96402413 -0.0048321825 0 0 -1 -0.27376023 0.96179485 -0.0024226478 0 0 -1 0.97490209 0.2226339 0 0.98763561 0.1567675 0 0 0 -1 0.97732306 0.21175338 0 0 0 -1 0 0 -1 0.94436228 0.32890713 0 0.67459702 0.73818624 0 0.67459702 0.73818624 0 0.94436228 0.32890713 0 0 0 -1 0 0 -1 -0.8548727 0.51883781 0 -0.93328041 0.35914856 0 0 0 -1 0 0 -1 -0.89586163 0.44394347 0.018608496 0 0 -1 -0.88056415 0.4737381 0.013382382 -0.86358112 0.50420272 0.0026819189 -0.62238091 0.33562955 -0.70710313 -0.78427494 0.62018901 -0.016686635 -0.56155485 0.42864239 -0.70775831 -0.53149259 0.51467323 -0.67277563 -0.73160505 0.68172306 0.0027712209 0.13028863 0.11822478 0.98440224 0.70848918 -0.70572162 0 -0.29110515 -0.28237194 0.91406995 0.022483554 -0.022483554 0.99949437 0.70572162 -0.70848918 0 -0.23416515 -0.22865532 0.94492513 0.70710409 -0.70710409 -0.0027729466 -0.33695051 -0.33391494 0.88032109 -0.58942431 -0.59281182 0.5487743 0.70710409 -0.70710409 -0.0027729466 -0.29037702 -0.32297042 0.90076143 0.70848918 -0.70572162 0 -0.55099964 -0.54085857 0.63550884 -0.58538556 -0.61245531 -0.53124589 0.70848918 -0.70572162 0 -0.64895707 -0.67517769 -0.35069913 -0.65271074 -0.71002191 -0.26426819 -0.69351262 -0.68409854 0.22594079 -0.66616869 -0.72168273 -0.188131 -0.68938422 -0.68938428 0.22248311 0.70710409 -0.70710409 -0.0027729466 -0.68938422 -0.68938428 -0.22248311 -0.54479957 -0.56171864 0.62262797 0.70848918 -0.70572162 0 -0.69351262 -0.68409854 0.22594079 -0.55099964 -0.54085857 0.63550884 -0.69646108 -0.67755288 0.23635569 -0.29110515 -0.28237194 0.91406995 -0.55328101 -0.51954448 0.65111732 0.026946343 0.033164702 0.99908662 -0.29187083 -0.24608734 0.92425781 0.23878492 0.23878476 0.9412564 0.68409848 0.69351274 -0.22594079 0.72168285 0.66616863 0.188131 0.71002191 0.65271074 0.26426819 0.70572162 -0.70848918 0 0.67517769 0.64895707 0.35069913 0.61245531 0.58538556 0.53124589 0.47274157 0.44319496 0.76163882 0.70572162 -0.70848918 0 0.54862273 0.50486732 0.66642487 0.40505269 0.40505269 0.81967348 0.70848918 -0.70572162 0 0.11292565 0.12974431 0.9850961 -0.70560563 0.70840561 0.016800068 0.0020113729 0.026147969 0.99965614 -0.71538353 0.69868207 0.0083507486 -0.10142319 -0.085287608 0.99118084 -0.7235415 0.69027537 0.0027721792 -0.29056883 -0.27894604 0.91529167 -0.35556561 -0.34023955 0.87052286 -0.73289186 0.68034512 0 -0.58297032 -0.56941313 0.5795812 -0.74081504 0.67170906 0 -0.63640606 -0.6297071 0.44548416 -0.64804095 -0.64471757 0.40544093 0.70848918 -0.70572162 0 -0.7066254 -0.7066254 -0.036892124 0.70848918 -0.70572162 0 -0.69397551 -0.70008969 -0.16814384 -0.59618556 -0.58602333 -0.54876167 0.70848918 -0.70572162 0 -0.46671912 -0.45357206 -0.75924027 0.70710409 -0.70710409 0.0027729466 0.70710409 -0.70710409 0.0027729466 -0.44319507 -0.4727414 -0.76163888 -0.50486743 -0.54862255 -0.66642499 -0.40505269 -0.40505269 -0.81967348 -0.23878485 -0.23878485 -0.9412564 0.70848918 -0.70572162 0 -0.11822478 -0.13028856 -0.9844023 -0.033164702 -0.026946343 -0.99908662 0.24608734 0.29187083 -0.92425781 0.022483489 -0.022483552 -0.99949431 0.70848918 -0.70572162 0 0.28237194 0.29110506 -0.91407007 0.28237194 0.29110506 -0.91407007 0.51954448 0.55328101 -0.65111732 0.32297042 0.29037702 -0.90076143 0.70848918 -0.70572162 0 0.54085857 0.55099964 -0.63550884 0.54085857 0.55099964 -0.63550884 0.6775527 0.69646126 -0.23635569 0.56171876 0.54479951 -0.62262797 0.70572162 -0.70848918 0 0.68409848 0.69351274 -0.22594079 0.68938428 0.68938428 0.22248301 0.68938422 0.68938428 -0.22248311 0.70710409 -0.70710409 0.0027729466 0.70008981 0.69397533 0.16814373 0.58602333 0.59618556 0.54876167 0.70710409 -0.70710409 -0.0027729466 0.70572162 -0.70848918 0 0.45357215 0.46671912 0.75924015 -0.68264621 0.73040336 0.022474036 0.31445995 0.32344466 0.89246762 0.16618605 0.16874275 0.97154933 -0.68689889 0.72631115 0.025336511 -0.69416809 0.71946174 0.022483265 -0.7848798 0.6196419 0.0027539537 -0.7848798 0.6196419 0.0027539537 -0.69667983 -0.69972187 0.15819795 -0.7848798 0.6196419 0.0027539537 -0.70491654 -0.70491648 -0.078647673 -0.69425505 -0.6973269 -0.1781716 -0.74081504 0.67170906 0 -0.59938043 -0.58922148 -0.54181284 -0.73692131 0.67597288 -0.0027703701 -0.56567943 -0.55890465 -0.60632688 -0.73160511 0.681723 -0.0027712209 -0.44331667 -0.44331667 -0.77906388 -0.72624123 0.68743443 -0.0027719024 -0.32344466 -0.31446004 -0.89246756 -0.71675241 0.69730574 -0.0055561992 -0.16874275 -0.16618605 -0.97154933 -0.12974438 -0.11292565 -0.98509604 0.70710409 -0.70710409 0.0027729466 0.2286554 0.23416507 -0.94492513 0.70848918 -0.70572162 0 0.33391494 0.33695051 -0.88032109 0.59281182 0.58942431 -0.5487743 0.70848918 -0.70572162 0 0.56941295 0.58297056 -0.5795812 0.69150001 0.68837112 -0.21902719 0.70572162 -0.70848918 0 0.70572162 -0.70848918 0 0.70662534 0.70662552 0.036892124 -0.64235109 0.76641053 0 0.70491654 0.70491654 0.07864777 0.6973269 0.69425499 0.17817171 -0.65533054 0.75529617 0.0083304401 0.58922148 0.59938043 0.54181284 -0.66236007 0.74899793 0.016768545 0.55890483 0.56567919 0.60632688 0.44331685 0.44331664 0.779064 -0.6653108 0.74637812 0.016772477 -0.64964986 0.76022851 -0.0027644569 -0.66846144 0.74366337 0.011140982 -0.66846144 0.74366337 0.011140982 -0.48635539 0.54337633 -0.68425179 -0.43664479 0.57330471 -0.69329864 0 0 -1 -0.3215352 0.6430707 -0.69503611 0 0 -1 0 0 -1 -0.19845079 0.68837619 -0.69767857 -0.25319976 0.96741396 0 -0.18152477 0.70148528 -0.68917859 -0.12885042 0.70717978 -0.69519371 -0.17508188 0.98455119 -0.0022737817 -0.085157923 0.99634695 -0.0063868156 0 0 -1 -0.37446302 0.92724186 0 0 0 -1 -0.12401976 0.99215865 0.015502554 -0.503627 -0.19602247 -0.84138882 -0.17943068 0.98337311 0.027963255 -0.17943068 0.98337311 0.027963255 -0.45189115 -0.16034849 -0.87754351 -0.25319976 0.96741396 0 -0.38594797 -0.084256254 -0.91866481 -0.28018147 0.9595595 0.02727435 -0.19778782 0.040510755 -0.97940737 -0.31994644 -0.20102832 -0.92586279 -0.35999852 0.1857135 -0.9142819 -0.29658616 -0.39748657 -0.86835539 -0.20477933 -0.097395062 -0.97395056 -0.19383588 -0.018682972 -0.980856 -0.090525426 -0.015087581 -0.99577987 -0.054847181 0.070204318 -0.99602365 -0.0062027965 0.051689636 -0.99864388 0.054847106 0.07020431 -0.9960236 0.10946385 0.090831578 -0.98983192 0.1855219 0.12033854 -0.97524363 0.24397017 0.13641337 -0.96014053 0.15571594 0.33645794 -0.92873496 0.10012222 0.50347191 -0.85819083 -0.15979888 0.79296404 -0.58793908 -0.14323509 0.80271333 -0.57890844 -0.34237546 0.91870719 -0.19686578 -0.095131673 0.83312291 -0.5448451 -0.34633812 0.919783 -0.18452436 -0.05557254 0.86415231 -0.50015241 -0.34946215 0.92156565 -0.16909465 -0.018630594 0.89427191 -0.44713601 -0.35245475 0.92309594 -0.15384942 -0.35454342 0.92513674 -0.13572365 0.010314903 0.92318028 -0.38422871 0.030800695 0.93942243 -0.34137484 0.44651657 0.76170444 -0.46949893 0.64621806 0.63955605 -0.41637766 0.65895969 0.69431829 -0.28929931 0.83516628 0.52496165 -0.16405053 0.52418506 0.83810389 -0.15103635 0.84535217 0.53317964 -0.033151109 0.52876514 0.84822738 -0.030293889 0.70702875 0.69811666 0.11288688 0.91075003 0.39232317 0.12890619 0.84341234 0.47095662 0.25856432 0.84634215 0.41224042 0.33728769 0.83591235 0.39745262 0.37852621 0.79989916 0.36621884 0.47544196 0.74076676 0.35896191 0.56781244 0.66109914 0.43071601 0.61435455 0.69042236 0.19505207 0.6966145 0.60611552 0.48152515 0.63305408 0.60611552 0.48152515 0.63305408 0.56187069 0.22971517 0.79469007 0.29132518 -0.072186813 0.95389664 0.15553685 0.37611607 0.91342485 0.48586369 -0.12725008 0.86472189 0.12561078 0.15270334 0.98025692 0.29132518 -0.072186813 0.95389664 0.28295824 0.10217928 0.95367402 0.48586369 -0.12725008 0.86472189 0.42324552 0.20718305 0.88200819 0.33500817 0.12256397 0.93420953 0.40898702 -0.9123556 0.018351909 0.42067268 -0.90707529 0.015775163 0.29623753 0.16457643 0.94082826 -0.40230653 0.91550511 0 0.28106436 0.12197132 0.95190638 -0.42416713 0.90558392 0 0.38919148 0.19459565 0.90036803 0.45033062 -0.89266706 0.018652674 0.46404335 0.23050529 0.85529584 0.52080351 -0.85346311 0.019086963 0.82859838 0.29079121 0.47839847 0.50158721 -0.86489892 0.018978901 0.70905727 0.31405729 0.63135231 -0.50451255 0.86333692 -0.010791671 0.74140334 0.32699439 0.58599985 -0.48235002 0.87577546 -0.018862948 0.62378126 0.29581386 0.72345769 0.47803715 -0.87819177 0.016113549 0.61073428 0.22123525 0.76030165 0.53077841 0.19411325 0.82498133 -0.47170836 0.88142091 -0.024259362 -0.46727106 0.88409811 -0.0053098784 -0.40516207 0.91421175 -0.0077915476 -0.40516207 0.91421175 -0.0077915476 0 0 -1 0.97732306 0.21175338 0 0 0 -1 0 0 -1 -0.74343157 0.66881204 0 -0.74343157 0.66881204 0 -0.8370173 0.54717648 0 -0.78354388 0.62133652 0 0 0 -1 -0.80847073 0.58847868 -0.0082496693 0 0 -1 -0.8036027 0.59515977 0.0027426609 0 0 -1 -0.73426926 0.67885262 -0.0027708167 -0.69838095 0.71527737 -0.025344549 -0.026147969 -0.0020113729 -0.99965614 -0.69363815 0.71922326 -0.039798934 0.085287608 0.10142319 -0.99118084 -0.68244869 0.7303893 -0.028200423 0.27894604 0.29056874 -0.91529173 0.34023955 0.35556561 -0.87052286 -0.67118496 0.74109995 -0.016779559 0.56941295 0.58297056 -0.5795812 0.6297071 0.63640618 -0.44548434 -0.65828508 0.75272256 -0.0083326902 0.6297071 0.63640618 -0.44548434 0.69972199 0.69667959 -0.15819806 -0.64370781 0.76526636 -0.0027626839 -0.63173193 0.77518207 0.0027586443 -0.63173193 0.77518207 0.0027586443 -0.42656952 0.59653074 -0.67984521 -0.51686722 0.85606134 -0.0026920065 -0.37948832 0.620381 -0.68637896 -0.42416713 0.90558392 0 -0.31088808 0.6606372 -0.68330604 -0.25739717 0.6736815 -0.69274807 -0.3530573 0.93560171 0 -0.27088487 0.96260875 -0.0024186056 0 0 -1 -0.14677009 0.98900563 0.018064097 0 0 -1 -0.27893892 0.95853603 0.058323704 -0.23087727 0.97298288 0 -0.33854195 0.9343763 0.11104188 -0.15001787 -0.041543394 -0.98781008 -0.30470127 0.94825155 0.089308985 0.012117865 -0.020196401 -0.99972266 -0.38471675 0.92280042 0.020795582 0.14968756 0.058471791 -0.98700285 -0.40853614 0.91274208 0 0.27489114 0.093359195 -0.95693213 0.27489114 0.093359195 -0.95693213 0.39835513 0.061906449 -0.91513979 0.26907614 0.20804863 -0.94037956 0.48640367 -0.10872555 -0.86694306 0.21428834 0.47384909 -0.85413563 0.18858233 0.55662191 -0.80907905 -0.11096655 0.82056826 -0.560673 0.27047172 0.61412978 -0.74141055 -0.064650804 0.85170501 -0.52001798 0.33986008 0.66664886 -0.66338098 -0.026987117 0.88247943 -0.46957621 0.0051957667 0.91186053 -0.41046715 0.39613441 0.71634334 -0.57439506 0.48535168 0.69622862 -0.52886599 0.7269572 0.45476303 -0.51451308 0.78774875 0.36804649 -0.49395716 0.8233183 0.37510243 -0.42596391 0.84009236 0.42631543 -0.33541006 0.82033128 0.51696336 -0.24455158 0.89022171 0.43800056 -0.12514305 0.89546579 0.44509903 -0.005267425 0.91234255 0.26524985 0.31188715 0.80130023 0.23604198 0.54972923 0.7442838 0.2703594 0.61069429 0.70824349 0.25725433 0.65742779 0.60391623 0.22102076 0.76579046 0.44290856 -0.89642555 0.01591282 0.4756968 0.17136911 0.8627544 0.46844217 -0.88334817 0.016060812 0.49403745 -0.86928976 0.016197884 0.51322895 -0.85809702 0.016292918 0.53237969 -0.84634715 0.01638085 0.89100844 0.32400313 0.31800312 0.53798884 -0.84266591 0.021958638 0.95241642 0.29955024 0.056325637 0.5431512 -0.83941525 0.019202238 0.54633445 -0.83734661 0.019217718 0.93164665 0.33977705 0.12878646 0.91016275 0.32964224 0.2508781 -0.5192433 0.85458797 -0.0081131458 0.84796101 0.3075023 0.43174577 0.91058213 0.40621772 0.076336265 -0.55031341 0.83495814 0 -0.53266793 0.84632003 -0.0027038876 0 0 -1 -0.53193164 0.84674823 -0.0081417793 -0.53193164 0.84674823 -0.0081417793 -0.65124577 0.75886685 0 -0.69735503 0.71672595 0 -0.69735503 0.71672595 0 0 0 -1 0 0 -1 -0.64447504 0.76444209 -0.016739545 -0.44090235 0.89755124 -0.0026244088 0 0 -1 0 0 -1 -0.40478095 0.91342044 0.042608529 -0.46742412 0.88321406 0.038046166 0.37111905 0.14900985 -0.91655153 0.42952141 0.19122528 -0.88257831 0.34802622 0.47574213 -0.80780393 0.72768629 0.016792696 -0.68570441 0.4029915 0.56484884 -0.72009963 0.53759491 0.55788147 -0.63226581 0.69916362 0.34304738 -0.62728685 0.72441888 0.36712632 -0.58346856 0.51440239 -0.8573373 0.019051867 0.80364901 0.28364092 -0.52315986 0.87167174 0.2925891 -0.3931666 0.5335862 -0.84552884 0.019154301 0.90714276 0.3394469 -0.24873272 0.92747015 0.3034842 -0.21839516 0.5431512 -0.83941525 0.019202238 0.93674707 0.33204585 -0.11068193 0.53996527 -0.84146857 0.019186506 0.54192913 -0.84026372 0.01642203 0.97093034 0.16139477 -0.17676573 0.8984375 0.43858624 0.021264708 0.84705901 0.53078699 0.02750198 0.95132005 0.25134313 -0.17837249 -0.55031341 0.83495814 0 0.83041912 0.30396473 -0.46691495 -0.52241784 0.85265094 0.0081204539 0.90066665 0.32589912 -0.28738374 -0.53897476 0.84231758 0.002708406 0 0 -1 -0.53798866 0.84266591 0.021958806 -0.48914054 0.86864603 0.078712307 0.48670459 0.16223474 -0.85836965 0.50873113 0.22678386 -0.83051902 0.72768629 0.016792696 -0.68570441 0.45816699 0.39363655 -0.79695261 0.65715826 0.32532579 -0.67993098 0.72768629 0.016792696 -0.68570441 0.61818081 0.23534812 -0.7499758 0.71002191 0.26426819 -0.65271074 0.48988935 -0.87151563 0.021652481 0.52281159 -0.8522917 0.016337799 0.93289793 0.27620539 -0.23111063 0.53556514 -0.84433478 0.016394787 0.8582986 0.31182784 -0.40753749 0.50158721 -0.86489892 0.018978901 0.74248904 0.30213842 -0.5978483 0.75714439 0.27677116 -0.59171778 -0.49671403 0.86791414 0 0.58709967 0.21011983 -0.78176957 -0.49609396 0.86816424 0.01348076 0.47064692 -0.88109469 0.046517413 -0.45672214 0.88954598 -0.010621403 -0.45672214 0.88954598 -0.010621403 0.46957612 -0.88247943 0.026987199 -0.44497901 0.89528728 -0.021316445 0.68405199 -0.58394682 -0.43712583 0.44590631 -0.894499 0.032234237 0.4769308 -0.87883866 0.013396881 0.68405199 -0.58394682 -0.43712583 0.64764446 0.36162895 -0.67065728 -0.47773597 0.8785035 0 0.68011045 0.31090763 -0.66391742 0.68405199 -0.58394682 -0.43712583 -0.44497901 0.89528728 -0.021316445 0.75136155 0.65986735 0.0055450825 0.73844212 0.67410803 0.016782708 0.7422998 0.67001587 0.0083404146 0.73554516 0.67747569 0 0.75136155 0.65986735 -0.0055450825 0.75272256 0.65828508 -0.0083326902 0.75013602 0.66123098 -0.0083348127 0.74355865 0.66864783 -0.0055489237 0.72486126 0.68889499 0 0.67747569 0.73554516 0 0.68889499 0.72486126 0 0.66864783 0.74355865 0.0055489237 0.65986735 0.75136155 -0.0055450825 0.67410815 0.73844194 -0.016782794 0.67001587 0.7422998 -0.0083404146 0.65986735 0.75136155 0.0055450825 0.65828508 0.75272256 0.0083326902 0.66123098 0.75013602 0.0083348127 -0.65986735 0.75136155 0.0055450825 -0.67410803 0.73844212 0.016782708 -0.67001587 0.7422998 0.0083404146 -0.67747569 0.73554516 0 -0.65986735 0.75136155 -0.0055450825 -0.65828508 0.75272256 -0.0083326902 -0.66123098 0.75013602 -0.0083348127 -0.66864783 0.74355865 -0.0055489237 -0.68889499 0.72486126 0 -0.73554516 0.67747569 0 -0.72486126 0.68889499 0 -0.74355865 0.66864783 0.0055489237 -0.75136155 0.65986735 -0.0055450825 -0.73844212 0.67410803 -0.016782708 -0.7422998 0.67001587 -0.0083404146 -0.75136155 0.65986735 0.0055450825 -0.75272256 0.65828508 0.0083326902 -0.75013602 0.66123098 0.0083348127 0.064851433 0.99787515 0.0062759202 0.043609958 0.99887371 0.018689875 0.049728315 0.99870902 0.010360013 0.040699415 0.99917144 0 0.064986035 0.99785095 -0.0083853332 0.067213625 0.99770325 -0.0084017431 0.062766813 0.99799311 -0.0083689466 0.051583741 0.99866009 -0.0041266792 0.026095552 0.99965948 0 -0.040699415 0.99917144 0 -0.026095552 0.99965948 0 -0.051583741 0.99866009 0.0041266792 -0.064851433 0.99787515 -0.0062759202 -0.043609831 0.99887371 -0.018690001 -0.049728315 0.99870902 -0.010360013 -0.064986095 0.99785095 0.0083852699 -0.067213692 0.99770325 0.0084016789 -0.06276688 0.99799311 0.0083688833 -0.064851433 -0.99787515 0.0062759202 -0.043609895 -0.99887371 0.018689938 -0.049728256 -0.99870914 0.010360077 -0.040699478 -0.99917138 0 -0.064986095 -0.99785095 -0.0083852699 -0.067213759 -0.99770325 -0.0084016798 -0.06276688 -0.99799311 -0.0083688833 -0.051583741 -0.99866009 -0.0041266792 -0.026095552 -0.99965948 0 0.040699415 -0.99917144 0 0.026095552 -0.99965948 0 0.051583678 -0.99866015 0.0041266792 0.064851433 -0.99787515 -0.0062759202 0.043609895 -0.99887371 -0.018689938 0.049728256 -0.99870914 -0.010360077 0.064986095 -0.99785095 0.0083852699 0.067213692 -0.99770325 0.0084016789 0.06276688 -0.99799311 0.0083688833 0.75136155 -0.65986735 -0.0055450825 0.738442 -0.67410803 -0.016782794 0.7422998 -0.67001587 -0.0083404146 0.7355451 -0.67747575 0 0.75136155 -0.65986735 0.0055450825 0.75272256 -0.65828508 0.0083326902 0.75013602 -0.66123098 0.0083348127 0.74355865 -0.66864783 0.0055489237 0.72486132 -0.68889493 0 0.67747569 -0.73554516 0 0.68889493 -0.72486132 0 0.66864783 -0.74355865 -0.0055489237 0.65986735 -0.75136155 0.0055450825 0.67410815 -0.738442 0.016782708 0.67001587 -0.7422998 0.0083404146 0.65986735 -0.75136155 -0.0055450825 0.65828508 -0.75272256 -0.0083326902 0.66123098 -0.75013602 -0.0083348127 -0.65986735 -0.75136155 -0.0055450825 -0.67410803 -0.738442 -0.016782794 -0.67001593 -0.74229974 -0.0083404146 -0.67747575 -0.7355451 0 -0.65986735 -0.75136155 0.0055450825 -0.65828508 -0.75272256 0.0083326902 -0.66123098 -0.75013602 0.0083348127 -0.66864783 -0.74355865 0.0055489237 -0.68889493 -0.72486132 0 -0.73554516 -0.67747569 0 -0.72486132 -0.68889493 0 -0.74355865 -0.66864783 -0.0055489237 -0.75136155 -0.65986735 0.0055450825 -0.738442 -0.67410803 0.016782794 -0.7422998 -0.67001587 0.0083404146 -0.75136155 -0.65986735 -0.0055450825 -0.75272256 -0.65828508 -0.0083326902 -0.75013602 -0.66123098 -0.0083348127 </float_array>
          <technique_common>
            <accessor count="11791" offset="0" source="#meshId0-normals-array" stride="3">
              <param name="X" type="float" />
              <param name="Y" type="float" />
              <param name="Z" type="float" />
            </accessor>
          </technique_common>
        </source>
        <vertices id="meshId0-vertices">
          <input semantic="POSITION" source="#meshId0-positions" />
        </vertices>
        <polylist count="11550" material="defaultMaterial">
          <input offset="0" semantic="VERTEX" source="#meshId0-vertices" />
          <input offset="0" semantic="NORMAL" source="#meshId0-normals" />
          <vcount>3 3 3 3 3 3 3 3 3 3 3 3 3 3 3 3 3 3 3 3 3 3 3 3 3 3 3 3 3 3 3 3 3 3 3 3 3 3 3 3 3 3 3 3 3 3 3 3 3 3 3 3 3 3 3 3 3 3 3 3 3 3 3 3 3 3 3 3 3 3 3 3 3 3 3 3 3 3 3 3 3 3 3 3 3 3 3 3 3 3 3 3 3 3 3 3 3 3 3 3 3 3 3 3 3 3 3 3 3 3 3 3 3 3 3 3 3 3 3 3 3 3 3 3 3 3 3 3 3 3 3 3 3 3 3 3 3 3 3 3 3 3 3 3 3 3 3 3 3 3 3 3 3 3 3 3 3 3 3 3 3 3 3 3 3 3 3 3 3 3 3 3 3 3 3 3 3 3 3 3 3 3 3 3 3 3 3 3 3 3 3 3 3 3 3 3 3 3 3 3 3 3 3 3 3 3 3 3 3 3 3 3 3 3 3 3 3 3 3 3 3 3 3 3 3 3 3 3 3 3 3 3 3 3 3 3 3 3 3 3 3 3 3 3 3 3 3 3 3 3 3 3 3 3 3 3 3 3 3 3 3 3 3 3 3 3 3 3 3 3 3 3 3 3 3 3 3 3 3 3 3 3 3 3 3 3 3 3 3 3 3 3 3 3 3 3 3 3 3 3 3 3 3 3 3 3 3 3 3 3 3 3 3 3 3 3 3 3 3 3 3 3 3 3 3 3 3 3 3 3 3 3 3 3 3 3 3 3 3 3 3 3 3 3 3 3 3 3 3 3 3 3 3 3 3 3 3 3 3 3 3 3 3 3 3 3 3 3 3 3 3 3 3 3 3 3 3 3 3 3 3 3 3 3 3 3 3 3 3 3 3 3 3 3 3 3 3 3 3 3 3 3 3 3 3 3 3 3 3 3 3 3 3 3 3 3 3 3 3 3 3 3 3 3 3 3 3 3 3 3 3 3 3 3 3 3 3 3 3 3 3 3 3 3 3 3 3 3 3 3 3 3 3 3 3 3 3 3 3 3 3 3 3 3 3 3 3 3 3 3 3 3 3 3 3 3 3 3 3 3 3 3 3 3 3 3 3 3 3 3 3 3 3 3 3 3 3 3 3 3 3 3 3 3 3 3 3 3 3 3 3 3 3 3 3 3 3 3 3 3 3 3 3 3 3 3 3 3 3 3 3 3 3 3 3 3 3 3 3 3 3 3 3 3 3 3 3 3 3 3 3 3 3 3 3 3 3 3 3 3 3 3 3 3 3 3 3 3 3 3 3 3 3 3 3 3 3 3 3 3 3 3 3 3 3 3 3 3 3 3 3 3 3 3 3 3 3 3 3 3 3 3 3 3 3 3 3 3 3 3 3 3 3 3 3 3 3 3 3 3 3 3 3 3 3 3 3 3 3 3 3 3 3 3 3 3 3 3 3 3 3 3 3 3 3 3 3 3 3 3 3 3 3 3 3 3 3 3 3 3 3 3 3 3 3 3 3 3 3 3 3 3 3 3 3 3 3 3 3 3 3 3 3 3 3 3 3 3 3 3 3 3 3 3 3 3 3 3 3 3 3 3 3 3 3 3 3 3 3 3 3 3 3 3 3 3 3 3 3 3 3 3 3 3 3 3 3 3 3 3 3 3 3 3 3 3 3 3 3 3 3 3 3 3 3 3 3 3 3 3 3 3 3 3 3 3 3 3 3 3 3 3 3 3 3 3 3 3 3 3 3 3 3 3 3 3 3 3 3 3 3 3 3 3 3 3 3 3 3 3 3 3 3 3 3 3 3 3 3 3 3 3 3 3 3 3 3 3 3 3 3 3 3 3 3 3 3 3 3 3 3 3 3 3 3 3 3 3 3 3 3 3 3 3 3 3 3 3 3 3 3 3 3 3 3 3 3 3 3 3 3 3 3 3 3 3 3 3 3 3 3 3 3 3 3 3 3 3 3 3 3 3 3 3 3 3 3 3 3 3 3 3 3 3 3 3 3 3 3 3 3 3 3 3 3 3 3 3 3 3 3 3 3 3 3 3 3 3 3 3 3 3 3 3 3 3 3 3 3 3 3 3 3 3 3 3 3 3 3 3 3 3 3 3 3 3 3 3 3 3 3 3 3 3 3 3 3 3 3 3 3 3 3 3 3 3 3 3 3 3 3 3 3 3 3 3 3 3 3 3 3 3 3 3 3 3 3 3 3 3 3 3 3 3 3 3 3 3 3 3 3 3 3 3 3 3 3 3 3 3 3 3 3 3 3 3 3 3 3 3 3 3 3 3 3 3 3 3 3 3 3 3 3 3 3 3 3 3 3 3 3 3 3 3 3 3 3 3 3 3 3 3 3 3 3 3 3 3 3 3 3 3 3 3 3 3 3 3 3 3 3 3 3 3 3 3 3 3 3 3 3 3 3 3 3 3 3 3 3 3 3 3 3 3 3 3 3 3 3 3 3 3 3 3 3 3 3 3 3 3 3 3 3 3 3 3 3 3 3 3 3 3 3 3 3 3 3 3 3 3 3 3 3 3 3 3 3 3 3 3 3 3 3 3 3 3 3 3 3 3 3 3 3 3 3 3 3 3 3 3 3 3 3 3 3 3 3 3 3 3 3 3 3 3 3 3 3 3 3 3 3 3 3 3 3 3 3 3 3 3 3 3 3 3 3 3 3 3 3 3 3 3 3 3 3 3 3 3 3 3 3 3 3 3 3 3 3 3 3 3 3 3 3 3 3 3 3 3 3 3 3 3 3 3 3 3 3 3 3 3 3 3 3 3 3 3 3 3 3 3 3 3 3 3 3 3 3 3 3 3 3 3 3 3 3 3 3 3 3 3 3 3 3 3 3 3 3 3 3 3 3 3 3 3 3 3 3 3 3 3 3 3 3 3 3 3 3 3 3 3 3 3 3 3 3 3 3 3 3 3 3 3 3 3 3 3 3 3 3 3 3 3 3 3 3 3 3 3 3 3 3 3 3 3 3 3 3 3 3 3 3 3 3 3 3 3 3 3 3 3 3 3 3 3 3 3 3 3 3 3 3 3 3 3 3 3 3 3 3 3 3 3 3 3 3 3 3 3 3 3 3 3 3 3 3 3 3 3 3 3 3 3 3 3 3 3 3 3 3 3 3 3 3 3 3 3 3 3 3 3 3 3 3 3 3 3 3 3 3 3 3 3 3 3 3 3 3 3 3 3 3 3 3 3 3 3 3 3 3 3 3 3 3 3 3 3 3 3 3 3 3 3 3 3 3 3 3 3 3 3 3 3 3 3 3 3 3 3 3 3 3 3 3 3 3 3 3 3 3 3 3 3 3 3 3 3 3 3 3 3 3 3 3 3 3 3 3 3 3 3 3 3 3 3 3 3 3 3 3 3 3 3 3 3 3 3 3 3 3 3 3 3 3 3 3 3 3 3 3 3 3 3 3 3 3 3 3 3 3 3 3 3 3 3 3 3 3 3 3 3 3 3 3 3 3 3 3 3 3 3 3 3 3 3 3 3 3 3 3 3 3 3 3 3 3 3 3 3 3 3 3 3 3 3 3 3 3 3 3 3 3 3 3 3 3 3 3 3 3 3 3 3 3 3 3 3 3 3 3 3 3 3 3 3 3 3 3 3 3 3 3 3 3 3 3 3 3 3 3 3 3 3 3 3 3 3 3 3 3 3 3 3 3 3 3 3 3 3 3 3 3 3 3 3 3 3 3 3 3 3 3 3 3 3 3 3 3 3 3 3 3 3 3 3 3 3 3 3 3 3 3 3 3 3 3 3 3 3 3 3 3 3 3 3 3 3 3 3 3 3 3 3 3 3 3 3 3 3 3 3 3 3 3 3 3 3 3 3 3 3 3 3 3 3 3 3 3 3 3 3 3 3 3 3 3 3 3 3 3 3 3 3 3 3 3 3 3 3 3 3 3 3 3 3 3 3 3 3 3 3 3 3 3 3 3 3 3 3 3 3 3 3 3 3 3 3 3 3 3 3 3 3 3 3 3 3 3 3 3 3 3 3 3 3 3 3 3 3 3 3 3 3 3 3 3 3 3 3 3 3 3 3 3 3 3 3 3 3 3 3 3 3 3 3 3 3 3 3 3 3 3 3 3 3 3 3 3 3 3 3 3 3 3 3 3 3 3 3 3 3 3 3 3 3 3 3 3 3 3 3 3 3 3 3 3 3 3 3 3 3 3 3 3 3 3 3 3 3 3 3 3 3 3 3 3 3 3 3 3 3 3 3 3 3 3 3 3 3 3 3 3 3 3 3 3 3 3 3 3 3 3 3 3 3 3 3 3 3 3 3 3 3 3 3 3 3 3 3 3 3 3 3 3 3 3 3 3 3 3 3 3 3 3 3 3 3 3 3 3 3 3 3 3 3 3 3 3 3 3 3 3 3 3 3 3 3 3 3 3 3 3 3 3 3 3 3 3 3 3 3 3 3 3 3 3 3 3 3 3 3 3 3 3 3 3 3 3 3 3 3 3 3 3 3 3 3 3 3 3 3 3 3 3 3 3 3 3 3 3 3 3 3 3 3 3 3 3 3 3 3 3 3 3 3 3 3 3 3 3 3 3 3 3 3 3 3 3 3 3 3 3 3 3 3 3 3 3 3 3 3 3 3 3 3 3 3 3 3 3 3 3 3 3 3 3 3 3 3 3 3 3 3 3 3 3 3 3 3 3 3 3 3 3 3 3 3 3 3 3 3 3 3 3 3 3 3 3 3 3 3 3 3 3 3 3 3 3 3 3 3 3 3 3 3 3 3 3 3 3 3 3 3 3 3 3 3 3 3 3 3 3 3 3 3 3 3 3 3 3 3 3 3 3 3 3 3 3 3 3 3 3 3 3 3 3 3 3 3 3 3 3 3 3 3 3 3 3 3 3 3 3 3 3 3 3 3 3 3 3 3 3 3 3 3 3 3 3 3 3 3 3 3 3 3 3 3 3 3 3 3 3 3 3 3 3 3 3 3 3 3 3 3 3 3 3 3 3 3 3 3 3 3 3 3 3 3 3 3 3 3 3 3 3 3 3 3 3 3 3 3 3 3 3 3 3 3 3 3 3 3 3 3 3 3 3 3 3 3 3 3 3 3 3 3 3 3 3 3 3 3 3 3 3 3 3 3 3 3 3 3 3 3 3 3 3 3 3 3 3 3 3 3 3 3 3 3 3 3 3 3 3 3 3 3 3 3 3 3 3 3 3 3 3 3 3 3 3 3 3 3 3 3 3 3 3 3 3 3 3 3 3 3 3 3 3 3 3 3 3 3 3 3 3 3 3 3 3 3 3 3 3 3 3 3 3 3 3 3 3 3 3 3 3 3 3 3 3 3 3 3 3 3 3 3 3 3 3 3 3 3 3 3 3 3 3 3 3 3 3 3 3 3 3 3 3 3 3 3 3 3 3 3 3 3 3 3 3 3 3 3 3 3 3 3 3 3 3 3 3 3 3 3 3 3 3 3 3 3 3 3 3 3 3 3 3 3 3 3 3 3 3 3 3 3 3 3 3 3 3 3 3 3 3 3 3 3 3 3 3 3 3 3 3 3 3 3 3 3 3 3 3 3 3 3 3 3 3 3 3 3 3 3 3 3 3 3 3 3 3 3 3 3 3 3 3 3 3 3 3 3 3 3 3 3 3 3 3 3 3 3 3 3 3 3 3 3 3 3 3 3 3 3 3 3 3 3 3 3 3 3 3 3 3 3 3 3 3 3 3 3 3 3 3 3 3 3 3 3 3 3 3 3 3 3 3 3 3 3 3 3 3 3 3 3 3 3 3 3 3 3 3 3 3 3 3 3 3 3 3 3 3 3 3 3 3 3 3 3 3 3 3 3 3 3 3 3 3 3 3 3 3 3 3 3 3 3 3 3 3 3 3 3 3 3 3 3 3 3 3 3 3 3 3 3 3 3 3 3 3 3 3 3 3 3 3 3 3 3 3 3 3 3 3 3 3 3 3 3 3 3 3 3 3 3 3 3 3 3 3 3 3 3 3 3 3 3 3 3 3 3 3 3 3 3 3 3 3 3 3 3 3 3 3 3 3 3 3 3 3 3 3 3 3 3 3 3 3 3 3 3 3 3 3 3 3 3 3 3 3 3 3 3 3 3 3 3 3 3 3 3 3 3 3 3 3 3 3 3 3 3 3 3 3 3 3 3 3 3 3 3 3 3 3 3 3 3 3 3 3 3 3 3 3 3 3 3 3 3 3 3 3 3 3 3 3 3 3 3 3 3 3 3 3 3 3 3 3 3 3 3 3 3 3 3 3 3 3 3 3 3 3 3 3 3 3 3 3 3 3 3 3 3 3 3 3 3 3 3 3 3 3 3 3 3 3 3 3 3 3 3 3 3 3 3 3 3 3 3 3 3 3 3 3 3 3 3 3 3 3 3 3 3 3 3 3 3 3 3 3 3 3 3 3 3 3 3 3 3 3 3 3 3 3 3 3 3 3 3 3 3 3 3 3 3 3 3 3 3 3 3 3 3 3 3 3 3 3 3 3 3 3 3 3 3 3 3 3 3 3 3 3 3 3 3 3 3 3 3 3 3 3 3 3 3 3 3 3 3 3 3 3 3 3 3 3 3 3 3 3 3 3 3 3 3 3 3 3 3 3 3 3 3 3 3 3 3 3 3 3 3 3 3 3 3 3 3 3 3 3 3 3 3 3 3 3 3 3 3 3 3 3 3 3 3 3 3 3 3 3 3 3 3 3 3 3 3 3 3 3 3 3 3 3 3 3 3 3 3 3 3 3 3 3 3 3 3 3 3 3 3 3 3 3 3 3 3 3 3 3 3 3 3 3 3 3 3 3 3 3 3 3 3 3 3 3 3 3 3 3 3 3 3 3 3 3 3 3 3 3 3 3 3 3 3 3 3 3 3 3 3 3 3 3 3 3 3 3 3 3 3 3 3 3 3 3 3 3 3 3 3 3 3 3 3 3 3 3 3 3 3 3 3 3 3 3 3 3 3 3 3 3 3 3 3 3 3 3 3 3 3 3 3 3 3 3 3 3 3 3 3 3 3 3 3 3 3 3 3 3 3 3 3 3 3 3 3 3 3 3 3 3 3 3 3 3 3 3 3 3 3 3 3 3 3 3 3 3 3 3 3 3 3 3 3 3 3 3 3 3 3 3 3 3 3 3 3 3 3 3 3 3 3 3 3 3 3 3 3 3 3 3 3 3 3 3 3 3 3 3 3 3 3 3 3 3 3 3 3 3 3 3 3 3 3 3 3 3 3 3 3 3 3 3 3 3 3 3 3 3 3 3 3 3 3 3 3 3 3 3 3 3 3 3 3 3 3 3 3 3 3 3 3 3 3 3 3 3 3 3 3 3 3 3 3 3 3 3 3 3 3 3 3 3 3 3 3 3 3 3 3 3 3 3 3 3 3 3 3 3 3 3 3 3 3 3 3 3 3 3 3 3 3 3 3 3 3 3 3 3 3 3 3 3 3 3 3 3 3 3 3 3 3 3 3 3 3 3 3 3 3 3 3 3 3 3 3 3 3 3 3 3 3 3 3 3 3 3 3 3 3 3 3 3 3 3 3 3 3 3 3 3 3 3 3 3 3 3 3 3 3 3 3 3 3 3 3 3 3 3 3 3 3 3 3 3 3 3 3 3 3 3 3 3 3 3 3 3 3 3 3 3 3 3 3 3 3 3 3 3 3 3 3 3 3 3 3 3 3 3 3 3 3 3 3 3 3 3 3 3 3 3 3 3 3 3 3 3 3 3 3 3 3 3 3 3 3 3 3 3 3 3 3 3 3 3 3 3 3 3 3 3 3 3 3 3 3 3 3 3 3 3 3 3 3 3 3 3 3 3 3 3 3 3 3 3 3 3 3 3 3 3 3 3 3 3 3 3 3 3 3 3 3 3 3 3 3 3 3 3 3 3 3 3 3 3 3 3 3 3 3 3 3 3 3 3 3 3 3 3 3 3 3 3 3 3 3 3 3 3 3 3 3 3 3 3 3 3 3 3 3 3 3 3 3 3 3 3 3 3 3 3 3 3 3 3 3 3 3 3 3 3 3 3 3 3 3 3 3 3 3 3 3 3 3 3 3 3 3 3 3 3 3 3 3 3 3 3 3 3 3 3 3 3 3 3 3 3 3 3 3 3 3 3 3 3 3 3 3 3 3 3 3 3 3 3 3 3 3 3 3 3 3 3 3 3 3 3 3 3 3 3 3 3 3 3 3 3 3 3 3 3 3 3 3 3 3 3 3 3 3 3 3 3 3 3 3 3 3 3 3 3 3 3 3 3 3 3 3 3 3 3 3 3 3 3 3 3 3 3 3 3 3 3 3 3 3 3 3 3 3 3 3 3 3 3 3 3 3 3 3 3 3 3 3 3 3 3 3 3 3 3 3 3 3 3 3 3 3 3 3 3 3 3 3 3 3 3 3 3 3 3 3 3 3 3 3 3 3 3 3 3 3 3 3 3 3 3 3 3 3 3 3 3 3 3 3 3 3 3 3 3 3 3 3 3 3 3 3 3 3 3 3 3 3 3 3 3 3 3 3 3 3 3 3 3 3 3 3 3 3 3 3 3 3 3 3 3 3 3 3 3 3 3 3 3 3 3 3 3 3 3 3 3 3 3 3 3 3 3 3 3 3 3 3 3 3 3 3 3 3 3 3 3 3 3 3 3 3 3 3 3 3 3 3 3 3 3 3 3 3 3 3 3 3 3 3 3 3 3 3 3 3 3 3 3 3 3 3 3 3 3 3 3 3 3 3 3 3 3 3 3 3 3 3 3 3 3 3 3 3 3 3 3 3 3 3 3 3 3 3 3 3 3 3 3 3 3 3 3 3 3 3 3 3 3 3 3 3 3 3 3 3 3 3 3 3 3 3 3 3 3 3 3 3 3 3 3 3 3 3 3 3 3 3 3 3 3 3 3 3 3 3 3 3 3 3 3 3 3 3 3 3 3 3 3 3 3 3 3 3 3 3 3 3 3 3 3 3 3 3 3 3 3 3 3 3 3 3 3 3 3 3 3 3 3 3 3 3 3 3 3 3 3 3 3 3 3 3 3 3 3 3 3 3 3 3 3 3 3 3 3 3 3 3 3 3 3 3 3 3 3 3 3 3 3 3 3 3 3 3 3 3 3 3 3 3 3 3 3 3 3 3 3 3 3 3 3 3 3 3 3 3 3 3 3 3 3 3 3 3 3 3 3 3 3 3 3 3 3 3 3 3 3 3 3 3 3 3 3 3 3 3 3 3 3 3 3 3 3 3 3 3 3 3 3 3 3 3 3 3 3 3 3 3 3 3 3 3 3 3 3 3 3 3 3 3 3 3 3 3 3 3 3 3 3 3 3 3 3 3 3 3 3 3 3 3 3 3 3 3 3 3 3 3 3 3 3 3 3 3 3 3 3 3 3 3 3 3 3 3 3 3 3 3 3 3 3 3 3 3 3 3 3 3 3 3 3 3 3 3 3 3 3 3 3 3 3 3 3 3 3 3 3 3 3 3 3 3 3 3 3 3 3 3 3 3 3 3 3 3 3 3 3 3 3 3 3 3 3 3 3 3 3 3 3 3 3 3 3 3 3 3 3 3 3 3 3 3 3 3 3 3 3 3 3 3 3 3 3 3 3 3 3 3 3 3 3 3 3 3 3 3 3 3 3 3 3 3 3 3 3 3 3 3 3 3 3 3 3 3 3 3 3 3 3 3 3 3 3 3 3 3 3 3 3 3 3 3 3 3 3 3 3 3 3 3 3 3 3 3 3 3 3 3 3 3 3 3 3 3 3 3 3 3 3 3 3 3 3 3 3 3 3 3 3 3 3 3 3 3 3 3 3 3 3 3 3 3 3 3 3 3 3 3 3 3 3 3 3 3 3 3 3 3 3 3 3 3 3 3 3 3 3 3 3 3 3 3 3 3 3 3 3 3 3 3 3 3 3 3 3 3 3 3 3 3 3 3 3 3 3 3 3 3 3 3 3 3 3 3 3 3 3 3 3 3 3 3 3 3 3 3 3 3 3 3 3 3 3 3 3 3 3 3 3 3 3 3 3 3 3 3 3 3 3 3 3 3 3 3 3 3 3 3 3 3 3 3 3 3 3 3 3 3 3 3 3 3 3 3 3 3 3 3 3 3 3 3 3 3 3 3 3 3 3 3 3 3 3 3 3 3 3 3 3 3 3 3 3 3 3 3 3 3 3 3 3 3 3 3 3 3 3 3 3 3 3 3 3 3 3 3 3 3 3 3 3 3 3 3 3 3 3 3 3 3 3 3 3 3 3 3 3 3 3 3 3 3 3 3 3 3 3 3 3 3 3 3 3 3 3 3 3 3 3 3 3 3 3 3 3 3 3 3 3 3 3 3 3 3 3 3 3 3 3 3 3 3 3 3 3 3 3 3 3 3 3 3 3 3 3 3 3 3 3 3 3 3 3 3 3 3 3 3 3 3 3 3 3 3 3 3 3 3 3 3 3 3 3 3 3 3 3 3 3 3 3 3 3 3 3 3 3 3 3 3 3 3 3 3 3 3 3 3 3 3 3 3 3 3 3 3 3 3 3 3 3 3 3 3 3 3 3 3 3 3 3 3 3 3 3 3 3 3 3 3 3 3 3 3 3 3 3 3 3 3 3 3 3 3 3 3 3 3 3 3 3 3 3 3 3 3 3 3 3 3 3 3 3 3 3 3 3 3 3 3 3 3 3 3 3 3 3 3 3 3 3 3 3 3 3 3 3 3 3 3 3 3 3 3 3 3 3 3 3 3 3 3 3 3 3 3 3 3 3 3 3 3 3 3 3 3 3 3 3 3 3 3 3 3 3 3 3 3 3 3 3 3 3 3 3 3 3 3 3 3 3 3 3 3 3 3 3 3 3 3 3 3 3 3 3 3 3 3 3 3 3 3 3 3 3 3 3 3 3 3 3 3 3 3 3 3 3 3 3 3 3 3 3 3 3 3 3 3 3 3 3 3 3 3 3 3 3 3 3 3 3 3 3 3 3 3 3 3 3 3 3 3 3 3 3 3 3 3 3 3 3 3 3 3 3 3 3 3 3 3 3 3 3 3 3 3 3 3 3 3 3 3 3 3 3 3 3 3 3 3 3 3 3 3 3 3 3 3 3 3 3 3 3 3 3 3 3 3 3 3 3 3 3 3 3 3 3 3 3 3 3 3 3 3 3 3 3 3 3 3 3 3 3 3 3 3 3 3 3 3 3 3 3 3 3 3 3 3 3 3 3 3 3 3 3 3 3 3 3 3 3 3 3 3 3 3 3 3 3 3 3 3 3 3 3 3 3 3 3 3 3 3 3 3 3 3 3 3 3 3 3 3 3 3 3 3 3 3 3 3 3 3 3 3 3 3 3 3 3 3 3 3 3 3 3 3 3 3 3 3 3 3 3 3 3 3 3 3 3 3 3 3 3 3 3 3 3 3 3 3 3 3 3 3 3 3 3 3 3 3 3 3 3 3 3 3 3 3 3 3 3 3 3 3 3 3 3 3 3 3 3 3 3 3 3 3 3 3 3 3 3 3 3 3 3 3 3 3 3 3 3 3 3 3 3 3 3 3 3 3 3 3 3 3 3 3 3 3 3 3 3 3 3 3 3 3 3 3 3 3 3 3 3 3 3 3 3 3 3 3 3 3 3 3 3 3 3 3 3 3 3 3 3 3 3 3 3 3 3 3 3 3 3 3 3 3 3 3 3 3 3 3 3 3 3 3 3 3 3 3 3 3 3 3 3 3 3 3 3 3 3 3 3 3 3 3 3 3 3 3 3 3 3 3 3 3 3 3 3 3 3 3 3 3 3 3 3 3 3 3 3 3 3 3 3 3 3 3 3 3 3 3 3 3 3 3 3 3 3 3 3 3 3 3 3 3 3 3 3 3 3 3 3 3 3 3 3 3 3 3 3 3 3 3 3 3 3 3 3 3 3 3 3 3 3 3 3 3 3 3 3 3 3 3 3 3 3 3 3 3 3 3 3 3 3 3 3 3 3 3 3 3 3 3 3 3 3 3 3 3 3 3 3 3 3 3 3 3 3 3 3 3 3 3 3 3 3 3 3 3 3 3 3 3 3 3 3 3 3 3 3 3 3 3 3 3 3 3 3 3 3 3 3 3 3 3 3 3 3 3 3 3 3 3 3 3 3 3 3 3 3 3 3 3 3 3 3 3 3 3 3 3 3 3 3 3 3 3 3 3 3 3 3 3 3 3 3 3 3 3 3 3 3 3 3 3 3 3 3 3 3 3 3 3 3 3 3 3 3 3 3 3 3 3 3 3 3 3 3 3 3 3 3 3 3 3 3 3 3 3 3 3 3 3 3 3 3 3 3 3 3 3 3 3 3 3 3 3 3 3 3 3 3 3 3 3 3 3 3 3 3 3 3 3 3 3 3 3 3 3 3 3 3 3 3 3 3 3 3 3 3 3 3 3 3 3 3 3 3 3 3 3 3 3 3 3 3 3 3 3 3 3 3 3 3 3 3 3 3 3 3 3 3 3 3 3 3 3 3 3 3 3 3 3 3 3 3 3 3 3 3 3 3 3 3 3 3 3 3 3 3 3 3 3 3 3 3 3 3 3 3 3 3 3 3 3 3 3 3 3 3 3 3 3 3 3 3 3 3 3 3 3 3 3 3 3 3 3 3 3 3 3 3 3 3 3 3 3 3 3 3 3 3 3 3 3 3 3 3 3 3 3 3 3 3 3 3 3 3 3 3 3 3 3 3 3 3 3 3 3 3 3 3 3 3 3 3 3 3 3 3 3 3 3 3 3 3 3 3 3 3 3 3 3 3 3 3 3 3 3 3 3 3 3 3 3 3 3 3 3 3 3 3 3 3 3 3 3 3 3 3 3 3 3 3 3 3 3 3 3 3 3 3 3 3 3 3 3 3 3 3 3 3 3 3 3 3 3 3 3 3 3 3 3 3 3 3 3 3 3 3 3 3 3 3 3 3 3 3 3 3 3 3 3 3 3 3 3 3 3 3 3 3 3 3 3 3 3 3 3 3 3 3 3 3 3 3 3 3 3 3 3 3 3 3 3 3 3 3 3 3 3 3 3 3 3 3 3 3 3 3 3 3 3 3 3 3 3 3 3 3 3 3 3 3 3 3 3 3 3 3 3 3 3 3 3 3 3 3 3 3 3 3 3 3 3 3 3 3 3 3 3 3 3 3 3 3 3 3 3 3 3 3 3 3 3 3 3 3 3 3 3 3 3 3 3 3 3 3 3 3 3 3 3 3 3 3 3 3 3 3 3 3 3 3 3 3 3 3 3 3 3 3 3 3 3 3 3 3 3 3 3 3 3 3 3 3 3 3 3 3 3 3 3 3 3 3 3 3 3 3 3 3 3 3 3 3 3 3 3 3 3 3 3 3 3 3 3 3 3 3 3 3 3 3 3 3 3 3 3 3 3 3 3 3 3 3 3 3 3 3 3 3 3 3 3 3 3 3 3 3 3 3 3 3 3 3 3 3 3 3 3 3 3 3 3 3 3 3 3 3 3 3 3 3 3 3 3 3 3 3 3 3 3 3 3 3 3 3 3 3 3 3 3 3 3 3 3 3 3 3 3 3 3 3 3 3 3 3 3 3 3 3 3 3 3 3 3 3 3 3 3 3 3 3 3 3 3 3 3 3 3 3 3 3 3 3 3 3 3 3 3 3 3 3 3 3 3 3 3 3 3 3 3 3 3 3 3 3 3 3 3 3 3 3 3 3 3 3 3 3 3 3 3 3 3 3 3 3 3 3 3 3 3 3 3 3 3 3 3 3 3 3 3 3 3 3 3 3 3 3 3 3 3 3 3 3 3 3 3 3 3 3 3 3 3 3 3 3 3 3 3 3 3 3 3 3 3 3 3 3 3 3 3 3 3 3 3 3 3 3 3 3 3 3 3 3 3 3 3 3 3 3 3 3 3 3 3 3 3 3 3 3 3 3 3 3 3 3 3 3 3 3 3 3 3 3 3 3 3 3 3 3 3 3 3 3 3 3 3 3 3 3 3 3 3 3 3 3 3 3 3 3 3 3 3 3 3 3 3 3 3 3 3 3 3 3 3 3 3 3 3 3 3 3 3 3 3 3 3 3 3 3 3 3 3 3 3 3 3 3 3 3 3 3 3 3 3 3 3 3 3 3 3 3 3 3 3 3 3 3 3 3 3 3 3 3 3 3 3 3 3 3 3 3 3 3 3 3 3 3 3 3 3 3 3 3 3 3 3 3 3 3 3 3 3 3 3 3 3 3 3 3 3 3 3 3 3 3 3 3 3 3 3 3 3 3 3 3 3 3 3 3 3 3 3 3 3 3 3 3 3 3 3 3 3 3 3 3 3 3 3 3 3 3 3 3 3 3 3 3 3 3 3 3 3 3 3 3 3 3 3 3 3 3 3 3 3 3 3 3 3 3 3 3 3 3 3 3 3 3 3 3 3 3 3 3 3 3 3 3 3 3 3 3 3 3 3 3 3 3 3 3 3 3 3 3 3 3 3 3 3 3 3 3 3 3 3 3 3 3 3 3 3 3 3 3 3 3 3 3 3 3 3 3 3 3 3 3 3 3 3 3 3 3 3 3 3 3 3 3 3 3 3 3 3 3 3 3 3 3 3 3 3 3 3 3 3 3 3 3 3 3 3 3 3 3 3 3 3 3 3 3 3 3 3 3 3 3 3 3 3 3 3 3 3 3 3 3 3 3 3 3 3 3 3 3 3 3 3 3 3 3 3 3 3 3 3 3 3 3 3 3 3 3 3 3 3 3 3 3 3 3 3 3 3 3 3 3 3 3 3 3 3 3 3 3 3 3 3 3 3 3 3 3 3 3 3 3 3 3 3 3 3 3 3 3 3 3 3 3 3 3 3 3 3 3 3 3 3 3 3 3 3 3 3 3 3 3 3 3 3 3 3 3 3 3 3 3 3 3 3 3 3 3 3 3 3 3 3 3 3 3 3 3 3 3 3 3 3 3 3 3 3 3 3 3 3 3 3 3 3 3 3 3 3 3 3 3 3 3 3 3 3 3 3 3 3 3 3 3 3 3 3 3 3 3 3 3 3 3 3 3 3 3 3 3 3 3 3 3 3 3 3 3 3 3 3 3 3 3 3 3 3 3 3 3 3 3 3 3 3 3 3 3 3 3 3 3 3 3 3 3 3 3 3 3 3 3 3 3 3 3 3 3 3 3 3 3 3 3 3 3 3 3 3 3 3 3 3 3 3 3 3 3 3 3 3 3 3 3 3 3 3 3 3 3 3 3 3 3 3 3 3 3 3 3 3 3 3 3 3 3 3 3 3 3 3 3 3 3 3 3 3 3 3 3 3 3 3 3 3 3 3 3 3 3 3 3 3 3 3 3 3 3 3 3 3 3 3 3 3 3 3 3 3 3 3 3 3 3 3 3 3 3 3 3 3 3 3 3 3 3 3 3 3 3 3 3 3 3 3 3 3 3 3 3 3 3 3 3 3 3 3 3 3 3 3 3 3 3 3 3 3 3 3 3 3 3 3 3 3 3 3 3 3 3 3 3 3 3 3 3 3 3 3 3 3 3 3 3 3 3 3 3 3 3 3 3 3 3 3 3 3 3 3 3 3 3 3 3 3 3 3 3 3 3 3 3 3 3 3 3 3 3 3 3 3 3 3 3 3 3 3 3 3 3 3 3 3 3 3 3 3 3 3 3 3 3 3 3 3 3 3 3 3 3 3 3 3 3 3 3 3 3 3 3 3 3 3 3 3 3 3 3 3 3 3 3 3 3 3 3 3 3 3 3 3 3 3 3 3 3 3 3 3 3 3 3 3 3 3 3 3 3 3 3 3 3 3 3 3 3 3 3 3 3 3 3 3 3 3 3 3 3 3 3 3 3 3 3 3 3 3 3 3 3 3 3 3 3 3 3 3 3 3 3 3 3 3 3 3 3 3 3 3 3 3 3 3 3 3 3 3 3 3 3 3 3 3 3 3 3 3 3 3 3 3 3 3 3 3 3 3 3 3 3 3 3 3 3 3 3 3 3 3 3 3 3 3 3 3 3 3 3 3 3 3 3 3 3 3 3 3 3 3 3 3 3 3 3 3 3 3 3 3 3 3 3 3 3 3 3 3 3 3 3 3 3 3 3 3 3 3 3 3 3 3 3 3 3 3 3 3 3 3 3 3 3 3 3 3 3 3 3 3 3 3 3 3 3 3 3 3 3 3 3 3 3 3 3 3 3 3 3 3 3 3 3 3 3 3 3 3 3 3 3 3 3 3 3 3 3 3 3 3 3 3 3 3 3 3 3 3 3 3 3 3 3 3 3 3 3 3 3 3 3 3 3 3 3 3 3 3 3 3 3 3 3 3 3 3 3 3 3 3 3 3 3 3 3 3 3 3 3 3 3 3 3 3 3 3 3 3 3 3 3 3 3 3 3 3 3 3 3 3 3 3 3 3 3 3 3 3 3 3 3 3 3 3 3 3 3 3 3 3 3 3 3 3 3 3 3 3 3 3 3 3 3 3 3 3 3 3 3 3 3 3 3 3 3 3 3 3 3 3 3 3 3 3 3 3 3 3 3 3 3 3 3 3 3 3 3 3 3 3 3 3 3 3 3 3 3 3 3 3 3 3 3 3 3 3 3 3 3 3 3 3 3 3 3 3 3 3 3 3 3 3 3 3 3 3 3 3 3 3 3 3 3 3 3 3 3 3 3 3 3 3 3 3 3 3 3 3 3 3 3 3 3 3 3 3 3 3 3 3 3 3 3 3 3 3 3 3 3 3 3 3 3 3 3 3 3 3 3 3 3 3 3 3 3 3 3 3 3 3 3 3 3 3 3 3 3 3 3 3 3 3 3 3 3 3 3 3 3 3 3 3 3 3 3 3 3 3 3 3 3 3 3 3 3 3 3 3 3 3 3 3 3 3 3 3 3 3 3 3 3 3 3 3 3 3 3 3 3 3 3 3 3 3 3 3 3 3 3 3 3 3 3 3 3 3 3 3 3 3 3 3 3 3 3 3 3 3 3 3 3 3 3 3 3 3 3 3 3 3 3 3 3 3 3 3 3 3 3 3 3 3 3 3 3 3 3 3 3 3 3 3 3 3 3 3 3 3 3 3 3 3 3 3 3 3 3 3 3 3 3 3 3 3 3 3 3 3 3 3 3 3 3 3 3 3 3 3 3 3 3 3 3 3 3 3 3 3 3 3 3 3 3 3 3 3 3 3 3 3 3 3 3 3 3 3 3 3 3 3 3 3 3 3 3 3 3 3 3 3 3 3 3 3 3 3 3 3 3 3 3 3 3 3 3 3 3 3 3 3 3 3 3 3 3 3 3 3 3 3 3 3 3 3 3 3 3 3 3 3 3 3 3 3 3 3 3 3 3 3 3 3 3 3 3 3 3 3 3 3 3 3 3 3 3 3 3 3 3 3 3 3 3 3 3 3 3 3 3 3 3 3 3 3 3 3 3 3 3 3 3 3 3 3 3 3 3 3 3 3 3 3 3 3 3 3 3 3 3 3 3 3 3 3 3 3 3 3 3 3 3 3 3 3 3 3 3 3 3 3 3 3 3 3 3 3 3 3 3 3 3 3 3 3 3 3 3 3 3 3 3 3 3 3 3 3 3 3 3 3 3 3 3 3 3 3 3 3 3 3 3 3 3 3 3 3 3 3 3 3 3 3 3 3 3 3 3 3 3 3 3 3 3 3 3 3 3 3 3 3 3 3 3 3 3 3 3 3 3 3 3 3 3 3 3 3 3 3 3 3 3 3 3 3 3 3 3 3 3 3 3 3 3 3 3 3 3 3 3 3 3 3 3 3 3 3 3 3 3 3 3 3 3 3 3 3 3 3 3 3 3 3 3 3 3 3 3 3 3 3 3 3 3 3 3 3 3 3 3 3 3 3 3 3 3 3 3 3 3 3 3 3 3 3 3 3 3 3 3 3 3 3 3 3 3 3 3 3 3 3 3 3 3 3 3 3 3 3 3 3 3 3 3 3 3 3 3 3 3 3 3 3 3 3 3 3 3 3 3 3 3 3 3 3 3 3 3 3 3 3 3 3 3 3 3 3 3 3 3 3 3 3 3 3 3 3 3 3 3 3 3 3 3 3 3 3 3 3 3 3 3 3 3 3 3 3 3 3 3 3 3 3 3 3 3 3 3 3 3 3 3 3 3 3 3 3 3 3 3 3 3 3 3 3 3 3 3 3 3 3 3 3 3 3 3 3 3 3 3 3 3 3 3 3 3 3 3 3 3 3 3 3 3 3 3 3 3 3 3 3 3 3 3 3 3 3 3 3 3 3 3 3 3 3 3 3 3 3 3 3 3 3 3 3 3 3 3 3 3 3 3 3 3 3 3 3 3 3 3 3 3 3 3 3 3 3 3 3 3 3 3 3 3 3 3 3 3 3 3 3 3 3 3 3 3 3 3 3 3 3 3 3 3 3 3 3 3 3 3 3 3 3 3 3 3 3 3 3 3 3 3 3 3 3 3 3 3 3 3 3 3 3 3 3 3 3 3 3 3 3 3 3 3 3 3 3 3 3 3 3 3 3 3 3 3 3 3 3 3 3 3 3 3 3 3 3 3 3 3 3 3 3 3 3 3 3 3 3 3 3 3 3 3 3 3 3 3 3 3 3 3 3 3 3 3 3 3 3 3 3 3 3 3 3 3 3 3 3 3 3 3 3 3 3 3 3 3 3 3 3 3 3 3 3 3 3 3 3 3 3 3 3 3 3 3 3 3 3 3 3 3 3 3 3 3 3 3 3 3 3 3 3 3 3 3 3 3 3 3 3 3 3 3 3 3 3 3 3 3 3 3 3 3 3 3 3 3 3 3 3 3 3 3 3 3 3 3 3 3 3 3 3 3 3 3 3 3 3 3 3 3 3 3 3 3 3 3 3 3 3 3 3 3 3 3 3 3 3 3 3 3 3 3 3 3 3 3 3 3 3 3 3 3 3 3 3 3 3 3 3 3 3 3 3 3 3 3 3 3 3 3 3 3 3 3 3 3 3 3 3 3 3 3 3 3 3 3 3 3 3 3 3 3 3 3 3 3 3 3 3 3 3 3 3 3 3 3 3 3 3 3 3 3 3 3 3 3 3 3 3 3 3 3 3 3 3 3 3 3 3 3 3 3 3 3 3 3 3 3 3 3 3 3 3 3 3 3 3 3 3 3 3 3 3 3 3 3 3 3 3 3 3 3 3 3 3 3 3 3 3 3 3 3 3 3 3 3 3 3 3 3 3 3 3 3 3 3 3 3 3 3 3 3 3 3 3 3 3 3 3 3 3 3 3 3 3 3 3 3 3 3 3 3 3 3 3 3 3 3 3 3 3 3 3 3 3 3 3 3 3 3 3 3 3 3 3 3 3 3 3 3 3 3 3 3 3 3 3 3 3 3 3 3 3 3 3 3 3 3 3 3 3 3 3 3 3 3 3 3 3 3 3 3 3 3 3 3 3 3 3 3 3 3 3 3 3 3 3 3 3 3 3 3 3 3 3 3 3 3 3 3 3 3 3 3 3 3 3 3 3 3 3 3 3 3 3 3 3 3 3 3 3 3 3 3 3 3 3 3 3 3 3 3 3 3 3 3 3 3 3 3 3 3 3 3 3 3 3 3 3 3 3 3 3 3 3 3 3 3 3 3 3 3 3 3 3 3 3 3 3 3 3 3 3 3 3 3 3 3 3 3 3 3 3 3 3 3 3 3 3 3 3 3 3 3 3 3 3 3 3 3 3 3 3 3 3 3 3 3 3 3 3 3 3 3 3 3 3 3 3 3 3 3 3 3 3 3 3 3 3 3 3 3 3 3 3 3 3 3 3 3 3 3 3 3 3 3 3 3 3 3 3 3 3 3 3 3 3 3 3 3 3 3 3 3 3 3 3 3 3 3 3 3 3 3 3 3 3 3 3 3 3 3 3 3 3 3 3 3 3 3 3 3 3 3 3 3 3 3 3 3 3 3 3 3 3 3 3 3 3 3 3 3 3 3 3 3 3 3 3 3 3 3 3 3 3 3 3 3 3 3 3 3 3 3 3 3 3 3 3 3 3 3 3 3 3 3 3 3 3 3 3 3 3 3 3 3 3 3 3 3 3 3 3 3 3 3 3 3 3 3 3 3 3 3 3 3 3 3 3 3 3 3 3 3 3 3 3 3 3 3 3 3 3 3 3 3 3 3 3 3 3 3 3 3 3 3 3 3 3 3 3 3 3 3 3 3 3 3 3 3 3 3 3 3 3 3 3 3 3 3 3 3 3 3 3 3 3 3 3 3 3 3 3 3 3 3 3 3 3 3 3 3 3 3 3 3 3 3 3 3 3 3 3 3 3 3 3 3 3 3 3 3 3 3 3 3 3 3 3 3 3 3 3 3 3 3 3 3 3 3 3 3 3 3 3 3 3 3 3 3 3 3 3 3 3 3 3 3 3 3 3 3 3 3 3 3 3 3 3 3 3 3 3 3 3 3 3 3 3 3 3 3 3 3 3 3 3 3 3 3 3 3 3 3 3 3 3 3 3 3 3 3 3 3 3 3 3 3 3 3 3 3 3 3 3 3 3 3 3 3 3 3 3 3 3 3 3 3 3 3 3 3 3 3 3 3 3 3 3 3 3 3 3 3 3 3 3 3 3 3 3 3 3 3 3 3 3 3 3 3 3 3 3 3 3 3 3 3 3 3 3 3 3 3 3 3 3 3 3 3 3 3 3 3 3 3 3 3 3 3 3 3 3 3 3 3 3 3 3 3 3 3 3 3 3 3 3 3 3 3 3 3 3 3 3 3 3 3 3 3 3 3 3 3 3 3 3 3 3 3 3 3 3 3 3 3 3 3 3 3 3 3 3 3 3 3 3 3 3 3 3 3 3 3 3 3 3 3 3 3 3 3 3 3 3 3 3 3 3 3 3 3 3 3 3 3 3 3 3 3 3 3 3 3 3 3 3 3 3 3 3 3 3 3 3 3 3 3 3 3 3 3 3 3 3 3 3 3 3 3 3 3 3 3 3 3 3 3 3 3 3 3 3 3 3 3 3 3 3 3 3 3 3 3 3 3 3 3 3 3 3 3 3 3 3 3 3 3 3 3 3 3 3 3 3 3 3 3 3 3 3 3 3 3 3 3 3 3 3 3 3 3 3 3 3 3 3 3 3 3 3 3 3 3 3 3 3 3 3 3 3 3 3 3 3 3 3 3 3 3 3 3 3 3 3 3 3 3 3 3 3 3 3 3 3 3 3 3 3 3 3 3 3 3 3 3 3 3 3 3 3 3 3 3 3 3 3 3 3 3 3 3 3 3 3 3 3 3 3 3 3 3 3 3 3 3 3 3 3 3 3 3 3 3 3 3 3 3 3 3 3 3 3 3 3 3 3 3 3 3 3 3 3 3 3 3 3 3 3 3 3 3 3 3 3 3 3 3 3 3 3 3 3 3 3 3 3 3 3 3 3 3 3 3 3 3 3 3 3 3 3 3 3 3 3 3 3 3 3 3 3 3 3 3 3 3 3 3 3 3 3 3 3 3 3 3 3 3 3 3 3 3 3 3 3 3 3 3 3 3 3 3 3 3 3 3 3 3 3 3 3 3 3 3 3 3 3 3 3 3 3 3 3 3 3 3 3 3 3 3 3 3 3 3 3 3 3 3 3 3 3 3 3 3 3 3 3 3 3 3 3 3 3 3 3 3 3 3 3 3 3 3 3 3 3 3 3 3 3 3 3 3 3 3 3 3 3 3 3 3 3 3 3 3 3 3 3 3 3 3 3 3 3 3 3 3 3 3 3 3 3 3 3 3 3 3 3 3 3 3 3 3 3 3 3 3 3 3 3 3 3 3 3 3 3 3 3 3 3 3 3 3 3 3 3 3 3 3 3 3 3 3 3 3 3 3 3 3 3 3 3 3 3 3 3 3 3 3 3 3 3 3 3 3 3 3 3 3 3 3 3 3 3 3 3 3 3 3 3 3 3 3 3 3 3 3 3 3 3 3 3 3 3 3 3 3 3 3 3 3 3 3 3 3 3 3 3 3 3 3 3 3 3 3 3 3 3 3 3 3 3 3 3 3 3 3 3 3 3 3 3 3 3 3 3 3 3 3 3 3 3 3 3 3 3 3 3 3 3 3 3 3 3 3 3 3 3 3 3 3 3 3 3 3 3 3 3 3 3 3 3 3 3 3 3 3 3 3 3 3 3 3 3 3 3 3 3 3 3 3 3 3 3 3 3 3 3 3 3 3 3 3 3 3 3 3 3 3 3 3 3 3 3 3 3 3 3 3 3 3 3 3 3 3 3 3 3 3 3 3 3 3 3 3 3 3 3 3 3 3 3 3 3 3 3 3 3 3 3 3 3 3 3 3 3 3 3 3 3 3 3 3 3 3 3 3 3 3 3 3 3 3 3 3 3 3 3 3 3 3 3 3 3 3 3 3 3 3 3 3 3 3 3 3 3 3 3 3 3 3 3 3 3 3 3 3 3 3 3 3 3 3 3 3 3 3 3 3 3 3 3 3 3 3 3 3 3 3 3 3 3 3 3 3 3 3 3 3 3 3 3 3 3 3 3 3 3 3 3 3 3 3 3 3 3 3 3 3 3 3 3 3 3 3 3 3 3 3 3 3 3 3 3 3 3 3 3 3 3 3 3 3 3 3 3 3 3 3 3 3 3 3 3 3 3 3 3 3 3 3 3 3 3 3 3 3 3 3 3 3 3 3 3 3 3 3 3 3 3 3 3 3 3 3 3 3 3 3 3 3 3 3 3 3 3 3 3 3 3 3 3 3 3 3 3 3 3 3 3 3 3 3 3 3 3 3 3 3 3 3 3 3 3 3 3 3 3 3 3 3 3 3 3 3 3 3 3 3 3 3 3 3 3 3 3 3 3 3 3 3 3 3 3 3 3 3 3 3 3 3 3 3 3 3 3 3 3 3 3 3 3 3 3 3 3 3 3 3 3 3 3 3 3 3 3 3 3 3 3 3 3 3 3 3 3 3 3 3 3 3 3 3 3 3 3 3 3 3 3 3 3 3 3 3 3 3 3 3 3 3 3 3 3 3 3 3 3 3 3 3 3 3 3 3 3 3 3 3 3 3 3 3 3 3 3 3 3 3 3 3 3 3 3 3 3 3 3 3 3 3 3 3 3 3 3 3 3 3 3 3 3 3 3 3 3 3 3 3 3 3 3 3 3 3 3 3 3 3 3 3 3 3 3 3 3 3 3 3 3 3 3 3 3 3 3 3 3 3 3 3 3 3 3 3 3 3 3 3 3 3 3 3 3 3 3 3 3 3 3 3 3 3 3 3 3 3 3 3 3 3 3 3 3 3 3 3 3 3 3 3 3 3 3 3 3 3 3 3 3 3 3 3 3 3 3 3 3 3 3 3 3 3 3 3 3 3 3 3 3 3 3 3 3 3 3 3 3 3 3 3 3 3 3 3 3 3 3 3 3 3 3 3 3 3 3 3 3 3 3 3 3 3 3 3 3 3 3 3 3 3 3 3 3 3 3 3 3 3 3 3 3 3 3 3 3 3 3 3 3 3 3 3 3 3 3 3 3 3 3 3 3 3 3 3 3 3 3 3 3 3 3 3 3 3 3 3 3 3 3 3 3 3 3 3 3 3 3 3 3 3 3 3 3 3 3 3 3 3 3 3 3 3 3 3 3 3 3 3 3 3 3 3 3 3 3 3 3 3 3 3 3 3 3 3 3 3 3 3 3 3 3 3 3 3 3 3 3 3 3 3 3 3 3 3 3 3 3 3 3 3 3 3 3 3 3 3 3 3 3 3 3 3 3 3 3 3 3 3 3 3 3 3 3 3 3 3 3 3 3 3 3 3 3 3 3 3 3 3 3 3 3 3 3 3 3 3 3 3 3 3 3 3 3 3 3 3 3 3 3 3 3 3 3 3 3 3 3 3 3 3 3 3 3 3 3 3 3 3 3 3 3 3 3 3 3 3 3 3 3 3 3 3 3 3 3 3 3 3 3 3 3 3 3 3 3 3 3 3 3 3 3 3 3 3 3 3 3 3 3 3 3 3 3 3 3 3 3 3 3 3 3 3 3 3 3 3 3 3 3 3 3 3 3 3 3 3 3 3 3 3 3 3 3 3 3 3 3 3 3 3 3 3 3 3 3 3 3 3 3 3 3 3 3 3 3 3 3 3 3 3 3 3 3 3 3 3 3 3 3 3 3 3 3 3 3 3 3 3 3 3 3 3 3 3 3 3 3 3 3 3 3 3 3 3 3 3 3 3 3 3 3 3 3 3 3 3 3 3 3 3 3 3 3 3 3 3 3 3 3 3 3 3 3 3 3 3 3 3 3 3 3 3 3 3 3 3 3 3 3 3 3 3 3 3 3 3 3 3 3 3 3 3 3 3 3 3 3 3 3 3 3 3 3 3 3 3 3 3 3 3 3 3 3 3 3 3 3 3 3 3 3 3 3 3 3 3 3 3 3 3 3 3 3 3 3 3 3 3 3 3 3 3 3 3 3 3 3 3 3 3 3 3 3 3 3 3 3 3 3 3 3 3 3 3 3 3 3 3 3 3 3 3 3 3 3 3 3 3 3 3 3 3 3 3 3 3 3 3 3 3 3 3 3 3 3 3 3 3 3 3 3 3 3 3 3 3 3 3 3 3 3 3 3 3 3 3 3 3 3 3 3 3 3 3 3 3 3 3 3 3 3 3 3 3 3 3 3 3 3 3 3 3 3 3 3 3 3 3 3 3 3 3 3 3 3 3 3 3 3 3 3 3 3 3 3 3 3 3 3 3 3 3 3 3 3 3 3 3 3 3 3 3 3 3 3 3 3 3 3 3 3 3 3 3 3 3 3 3 3 3 3 3 3 3 3 3 3 3 3 3 3 3 3 3 3 3 3 3 3 3 3 3 3 3 3 3 3 3 3 3 3 3 3 3 3 3 3 3 3 3 3 3 3 3 3 3 3 3 3 3 3 3 3 3 3 3 3 3 3 3 3 3 3 3 3 3 3 3 3 3 3 3 3 3 3 3 3 3 3 3 3 3 3 3 3 3 3 3 3 3 3 3 3 3 3 3 3 3 3 3 3 3 3 3 3 3 3 3 3 3 3 3 3 3 3 3 3 3 3 3 3 3 3 3 3 3 3 3 3 3 3 3 3 3 3 3 3 3 3 3 3 3 3 3 3 3 3 3 3 3 3 3 3 3 3 3 3 3 3 3 3 3 3 3 3 3 3 3 3 3 3 3 3 3 3 3 3 3 3 3 3 3 3 3 3 3 3 3 3 3 3 3 3 3 3 3 3 3 3 3 3 3 3 3 3 3 3 3 3 3 3 3 3 3 3 3 3 3 3 3 3 3 3 3 3 3 3 3 3 3 3 3 3 3 3 3 3 3 3 3 3 3 3 3 3 3 3 3 3 3 3 3 3 3 3 3 3 3 3 3 3 3 3 3 3 3 3 3 3 3 3 3 3 3 3 3 3 3 3 3 3 3 3 3 3 3 3 3 3 3 3 3 3 3 3 3 3 3 3 3 3 3 3 3 3 3 3 3 3 3 3 3 3 3 3 3 3 3 3 3 3 3 3 3 3 3 3 3 3 3 3 3 3 3 3 3 3 3 3 3 3 3 3 3 3 3 3 3 3 3 3 3 3 3 3 3 3 3 3 3 3 3 3 3 3 3 3 3 3 3 3 3 3 3 3 3 3 3 3 3 3 3 3 3 3 3 3 3 3 3 3 3 3 3 3 3 3 3 3 3 3 3 3 3 3 3 3 3 3 3 3 3 3 3 3 3 3 3 3 3 3 3 3 3 3 3 3 3 3 3 3 3 3 3 3 3 3 3 3 3 3 3 3 3 3 3 3 3 3 3 3 3 3 3 3 3 3 3 3 3 3 3 3 3 3 3 3 3 3 3 3 3 3 3 3 3 3 3 3 3 3 3 3 3 3 3 3 3 3 3 3 3 3 3 3 3 3 3 3 3 3 3 3 3 3 3 3 3 3 3 3 3 3 3 3 3 3 </vcount>
          <p>1 2 3 5 6 7 6 8 7 7 8 9 9 8 10 8 3 10 10 3 11 3 2 11 12 13 14 14 13 15 13 16 15 15 16 17 17 16 18 16 19 18 18 19 20 19 21 20 21 22 20 20 22 24 22 26 24 26 11 23 11 2 23 25 2 27 2 1 27 0 29 28 28 29 30 30 29 31 31 29 32 32 29 33 29 0 33 33 0 34 1 3 35 3 8 35 35 8 37 8 6 37 39 37 40 37 6 40 6 5 40 5 42 40 43 44 41 41 44 45 46 45 47 47 45 49 45 44 48 44 50 48 48 50 51 50 4 51 51 4 53 5 7 52 7 54 52 52 54 55 54 10 55 55 10 56 10 11 56 58 60 62 62 60 64 66 68 70 68 64 70 70 64 71 64 60 71 72 59 73 59 78 73 76 80 75 75 80 82 80 84 82 84 86 82 82 86 88 86 90 88 88 90 91 94 96 97 96 92 97 92 89 97 89 85 97 85 83 97 83 79 97 79 77 97 77 60 97 60 58 97 100 103 104 106 101 108 101 98 108 108 98 109 98 57 109 109 57 111 57 61 111 111 61 112 61 63 112 112 63 113 63 67 113 67 65 113 113 65 115 115 65 116 65 69 116 69 72 116 72 73 116 117 74 118 118 74 119 119 74 120 120 74 121 74 81 121 121 81 122 81 87 122 122 87 123 123 87 124 124 87 125 126 127 128 127 125 128 125 87 128 88 91 129 91 95 129 95 93 129 129 93 130 94 97 131 131 97 133 97 102 133 102 99 133 99 135 133 137 139 142 142 139 144 144 139 146 139 133 146 146 133 148 148 133 149 133 135 149 150 134 151 134 100 151 100 104 151 153 152 154 152 105 154 154 105 155 105 107 155 155 107 156 107 110 156 156 110 157 110 158 157 157 158 159 158 160 159 159 160 162 162 160 163 161 164 163 163 164 165 164 114 165 165 114 166 114 117 166 166 117 167 117 118 167 167 118 168 168 118 169 118 119 169 169 119 170 119 120 170 170 120 171 120 121 171 171 121 172 121 122 172 172 122 173 122 123 173 173 123 174 123 124 174 174 124 175 124 125 175 175 125 176 125 127 176 176 127 177 127 126 177 177 126 178 178 126 179 179 126 180 126 128 180 129 130 181 130 132 181 181 132 183 132 138 183 183 138 184 138 136 184 136 140 184 186 141 188 141 143 188 143 145 188 188 145 189 145 147 189 147 150 189 150 151 189 190 152 191 152 153 191 191 153 192 192 153 193 153 154 193 193 154 194 154 155 194 194 155 195 155 156 195 195 156 196 156 157 196 196 157 197 157 159 197 197 159 198 159 162 198 198 162 199 162 163 199 199 163 200 163 165 200 200 165 201 165 166 201 201 166 202 166 167 202 167 168 202 202 168 203 203 168 204 168 169 204 204 169 205 169 170 205 205 170 206 170 171 206 206 171 207 171 172 207 207 172 208 172 173 208 208 173 209 173 174 209 209 174 210 174 175 210 210 175 211 175 176 211 211 176 212 176 177 212 212 177 213 177 178 213 213 178 214 214 178 215 178 179 215 215 179 216 179 180 216 180 182 216 182 185 216 216 185 217 217 185 218 185 187 218 218 187 219 187 190 219 219 190 220 190 191 220 220 191 221 191 192 221 221 192 222 222 192 223 192 193 223 223 193 224 193 194 224 224 194 225 194 195 225 225 195 226 195 196 226 226 196 227 196 197 227 227 197 228 197 198 228 228 198 229 198 199 229 229 199 230 199 200 230 230 200 231 200 201 231 231 201 232 201 202 232 202 203 232 232 203 233 233 203 234 203 204 234 234 204 235 204 205 235 235 205 236 205 206 236 236 206 237 206 207 237 237 207 238 207 208 238 238 208 239 208 209 239 239 209 240 209 210 240 240 210 241 210 211 241 241 211 242 211 212 242 242 212 243 212 213 243 243 213 244 213 214 244 244 214 245 245 214 246 214 215 246 246 215 247 215 216 247 216 217 247 247 217 248 217 218 248 248 218 249 218 219 249 249 219 250 219 220 250 220 221 250 250 221 251 221 222 251 251 222 252 252 222 253 222 223 253 253 223 254 223 224 254 254 224 255 224 225 255 255 225 256 225 226 256 256 226 257 226 227 257 257 227 258 227 228 258 258 228 259 228 229 259 259 229 260 229 230 260 260 230 261 230 231 261 261 231 262 231 232 262 232 233 262 262 233 263 263 233 264 233 234 264 264 234 265 234 235 265 265 235 266 235 236 266 266 236 267 236 237 267 267 237 268 237 238 268 238 239 268 268 239 269 239 240 269 269 240 270 240 241 270 270 241 271 241 242 271 271 242 272 242 243 272 243 244 272 272 244 273 244 245 273 273 245 274 274 245 275 245 246 275 275 246 276 246 247 276 247 248 276 276 248 277 248 249 277 277 249 278 249 250 278 250 251 278 278 251 279 251 252 279 279 252 280 280 252 281 252 253 281 281 253 282 253 254 282 254 255 282 282 255 283 255 256 283 283 256 284 256 257 284 284 257 285 257 258 285 285 258 286 258 259 286 259 260 286 286 260 287 260 261 287 287 261 288 261 262 288 262 263 288 288 263 289 289 263 290 263 264 290 290 264 291 264 265 291 291 265 292 265 266 292 292 266 293 266 267 293 293 267 294 267 268 294 294 268 295 268 269 295 295 269 296 269 270 296 296 270 297 270 271 297 297 271 298 271 272 298 298 272 299 272 273 299 299 273 300 273 274 300 300 274 301 302 301 303 301 274 303 274 275 303 303 275 304 275 276 304 276 277 304 304 277 305 277 278 305 278 279 305 305 279 306 279 280 306 306 280 307 307 280 308 280 281 308 308 281 309 281 282 309 309 282 310 282 283 310 310 283 311 283 284 311 311 284 312 284 285 312 312 285 313 285 286 313 313 286 314 286 287 314 314 287 315 287 288 315 288 289 315 316 315 317 317 315 319 315 289 319 289 290 319 319 290 320 290 291 320 320 291 321 321 291 322 291 292 322 292 293 322 322 293 323 323 293 324 293 294 324 324 294 325 294 295 325 325 295 326 295 296 326 326 296 327 327 296 328 328 296 329 296 297 329 329 297 330 297 298 330 330 298 331 298 299 331 331 299 332 299 300 332 332 300 333 333 300 335 335 300 337 300 301 337 301 302 337 337 302 338 342 338 339 338 302 339 339 302 340 302 303 340 303 304 340 304 305 340 305 306 340 340 306 341 306 307 341 342 341 343 341 307 343 307 308 343 343 308 344 344 308 345 308 309 345 345 309 346 309 310 346 346 310 347 310 311 347 347 311 348 348 311 349 349 311 350 311 312 350 350 312 351 312 313 351 351 313 352 313 314 352 352 314 353 314 315 353 315 316 353 353 316 354 316 317 354 354 317 357 317 318 357 319 320 356 356 320 358 320 321 358 358 321 359 321 322 359 322 323 359 359 323 360 323 324 360 324 325 360 360 325 361 325 326 361 361 326 362 326 327 362 362 327 363 327 328 363 328 329 363 363 329 364 329 330 364 330 331 364 364 331 365 331 332 365 365 332 366 366 332 367 367 332 368 332 333 368 333 335 368 368 335 371 334 336 370 337 338 369 369 338 372 338 342 372 372 342 373 342 343 373 343 344 373 373 344 374 344 345 374 345 346 374 374 346 375 346 347 375 375 347 376 347 348 376 376 348 377 348 349 377 349 350 377 377 350 378 350 351 378 351 352 378 378 352 379 352 353 379 379 353 380 380 353 381 353 354 381 384 385 388 385 389 388 388 389 391 390 394 393 393 394 396 396 394 397 394 400 397 400 401 397 399 402 404 403 407 406 407 408 406 406 408 410 409 413 412 412 413 415 415 413 417 413 418 417 418 419 417 417 419 421 420 424 423 423 424 427 427 424 429 425 432 428 431 433 435 434 438 437 438 439 437 437 439 441 440 444 443 443 444 446 446 444 447 444 450 447 450 451 447 449 452 454 453 381 456 381 354 456 456 354 457 355 459 458 458 459 460 460 459 462 459 463 462 463 464 462 462 464 466 465 469 468 468 469 472 472 469 475 470 382 474 383 386 473 476 387 478 478 387 480 387 392 480 480 392 482 392 395 482 482 395 484 395 398 484 484 398 486 398 405 486 486 405 488 405 411 488 488 411 490 411 414 490 490 414 492 414 416 492 492 416 494 416 422 494 494 422 496 422 426 496 496 426 498 426 430 498 498 430 500 430 436 500 500 436 502 436 442 502 502 442 504 442 445 504 504 445 506 445 448 506 506 448 508 448 455 508 508 455 510 455 458 510 510 458 512 458 460 512 512 460 514 460 461 514 514 461 516 461 467 516 516 467 518 467 471 518 518 471 519 471 476 519 476 478 519 520 477 522 522 477 524 477 479 524 524 479 526 479 481 526 526 481 528 481 483 528 528 483 531 483 485 531 531 485 533 485 487 533 533 487 535 487 489 535 535 489 537 489 491 537 537 491 539 491 493 539 539 493 541 493 495 541 541 495 543 495 497 543 543 497 545 497 499 545 545 499 547 499 501 547 547 501 549 501 503 549 549 503 551 503 505 551 551 505 554 505 507 554 554 507 556 507 509 556 556 509 558 509 511 558 558 511 560 511 513 560 560 513 562 513 515 562 562 515 564 515 517 564 564 517 565 517 520 565 520 522 565 566 521 568 568 521 570 521 523 570 570 523 572 523 525 572 572 525 575 525 527 575 575 527 579 527 529 579 579 529 580 530 532 583 583 532 586 532 534 586 586 534 588 534 536 588 588 536 590 536 538 590 590 538 592 538 540 592 592 540 594 540 542 594 594 542 596 542 544 596 596 544 598 544 546 598 598 546 600 546 548 600 600 548 603 548 550 603 603 550 607 550 552 607 607 552 608 553 555 610 610 555 612 555 557 612 612 557 614 557 559 614 614 559 616 559 561 616 616 561 618 561 563 618 618 563 619 563 566 619 566 568 619 621 620 623 620 567 623 623 567 624 624 567 625 567 569 625 625 569 628 570 572 627 626 571 629 629 571 630 571 573 630 630 573 631 631 573 633 574 576 632 632 576 635 634 577 637 578 581 636 636 581 640 582 584 639 638 585 641 641 585 642 585 587 642 587 589 642 642 589 643 643 589 647 590 592 646 645 591 648 648 591 651 592 594 650 649 593 652 652 593 653 593 595 653 653 595 654 654 595 655 595 597 655 655 597 658 598 600 657 656 599 659 659 599 660 599 601 660 660 601 661 661 601 663 602 604 662 662 604 665 664 605 667 606 609 666 666 609 670 610 612 669 668 611 671 671 611 672 611 613 672 613 615 672 672 615 673 673 615 676 616 618 675 674 617 677 677 617 681 618 619 680 620 621 679 682 683 684 685 686 689 687 690 688 688 690 692 690 693 692 692 693 694 694 693 695 693 696 695 695 696 697 696 698 697 697 698 699 699 698 700 698 701 700 700 701 702 701 703 702 702 703 704 703 705 704 704 705 706 706 705 707 705 708 707 707 708 709 709 708 710 708 711 710 710 711 712 712 711 713 711 714 713 713 714 715 715 714 716 714 684 716 684 683 716 716 683 717 717 683 718 719 718 720 718 683 720 683 682 720 682 721 720 720 721 722 722 721 723 721 724 723 723 724 725 724 678 725 725 678 726 726 678 727 678 622 727 727 622 728 622 729 728 728 729 730 730 729 731 729 732 731 731 732 734 734 732 736 733 737 735 735 737 738 738 737 739 737 740 739 739 740 741 740 742 741 741 742 743 742 744 743 743 744 746 746 744 748 745 749 747 747 749 750 749 751 750 750 751 752 752 751 753 751 754 753 753 754 755 754 756 755 755 756 757 757 756 758 756 759 758 758 759 760 760 759 761 759 762 761 761 762 763 762 764 763 763 764 765 764 766 765 765 766 767 766 644 767 767 644 768 768 644 769 644 648 769 769 648 770 648 651 770 770 651 771 771 651 772 651 773 772 772 773 774 773 775 774 774 775 776 775 686 776 686 685 776 776 685 777 685 778 777 777 778 779 778 691 779 779 691 780 780 691 781 692 694 782 782 694 783 694 695 783 695 784 783 783 784 785 784 699 785 785 699 786 699 700 786 700 788 786 787 789 790 789 704 790 790 704 791 704 706 791 706 792 791 791 792 793 792 709 793 709 710 793 793 710 794 710 712 794 794 712 795 712 713 795 713 715 795 795 715 796 715 716 796 716 717 796 796 717 797 717 718 797 797 718 798 798 718 799 799 718 800 718 719 800 800 719 801 719 720 801 720 722 801 801 722 802 722 723 802 723 803 802 802 803 804 803 726 804 804 726 805 726 727 805 727 806 805 805 806 807 806 730 807 730 731 807 807 731 808 731 734 808 734 736 808 808 736 809 736 810 809 809 810 811 811 810 812 810 739 812 739 741 812 812 741 813 741 743 813 813 743 814 743 815 814 814 815 816 815 747 816 816 747 817 747 750 817 750 818 817 817 818 819 818 753 819 819 753 820 753 755 820 755 757 820 820 757 821 757 758 821 821 758 822 758 760 822 760 823 822 822 823 825 824 763 826 826 763 827 763 765 827 827 765 828 765 829 828 828 829 830 830 829 831 829 768 831 831 768 832 768 769 832 769 833 832 832 833 834 833 771 834 834 771 835 771 772 835 772 836 835 835 836 837 836 776 837 776 777 837 837 777 838 838 777 839 777 779 839 839 779 840 779 780 840 840 780 841 841 780 842 780 781 842 781 783 842 842 783 843 783 785 843 785 787 843 843 787 844 787 790 844 844 790 845 790 791 845 845 791 846 791 793 846 793 794 846 846 794 847 794 795 847 847 795 848 795 796 848 796 797 848 849 848 850 848 797 850 797 798 850 850 798 851 798 799 851 851 799 852 799 800 852 852 800 853 800 801 853 801 802 853 853 802 854 802 804 854 854 804 855 804 805 855 855 805 856 856 805 857 805 807 857 857 807 858 807 808 858 858 808 859 808 809 859 859 809 860 809 811 860 860 811 861 811 812 861 861 812 862 862 812 863 812 813 863 813 814 863 863 814 864 814 816 864 864 816 865 816 817 865 865 817 866 817 819 866 866 819 867 819 820 867 867 820 868 820 821 868 868 821 869 821 822 869 869 822 870 822 825 870 825 827 870 870 827 871 827 828 871 871 828 872 872 828 873 873 828 874 828 830 874 830 831 874 874 831 875 831 832 875 875 832 876 832 834 876 876 834 877 834 835 877 877 835 878 835 837 878 837 838 878 878 838 879 838 839 879 879 839 880 839 840 880 880 840 881 840 841 881 881 841 882 841 842 882 882 842 883 842 843 883 843 844 883 883 844 884 884 844 885 844 845 885 885 845 886 845 846 886 886 846 887 846 847 887 847 848 887 848 849 887 887 849 889 889 849 891 849 850 891 891 850 893 850 851 893 851 852 893 893 852 894 852 853 894 853 854 894 854 855 894 894 855 895 855 856 895 895 856 896 856 857 896 857 858 896 858 859 896 896 859 897 859 860 897 897 860 898 860 861 898 898 861 899 861 862 899 899 862 900 862 863 900 900 863 901 863 864 901 901 864 902 864 865 902 865 866 902 902 866 903 866 867 903 903 867 904 867 868 904 904 868 905 868 869 905 869 870 905 905 870 906 906 870 907 870 871 907 871 872 907 907 872 908 872 873 908 908 873 909 873 874 909 909 874 910 874 875 910 875 876 910 910 876 911 876 877 911 877 878 911 878 879 911 911 879 913 913 879 915 879 880 915 915 880 917 917 880 918 880 881 920 881 882 920 920 882 921 882 883 921 921 883 923 923 883 924 883 884 926 884 885 926 885 886 926 926 886 927 886 887 927 887 889 927 56 928 929 928 888 929 929 888 930 888 890 930 930 890 931 931 890 932 890 892 932 932 892 933 934 933 935 933 892 935 893 894 936 894 895 936 936 895 938 895 896 938 938 896 940 896 897 940 897 898 940 940 898 942 942 898 944 898 899 944 899 900 944 944 900 945 900 901 945 945 901 947 947 901 949 901 902 949 902 903 949 903 904 949 949 904 951 904 905 951 951 905 953 905 906 953 953 906 955 906 907 955 955 907 957 907 908 957 908 909 957 909 910 957 957 910 958 910 911 958 911 913 958 988 959 960 960 959 961 959 912 961 961 912 962 912 914 962 962 914 963 914 916 963 963 916 964 916 919 964 919 921 964 964 921 965 921 923 965 965 923 966 966 923 968 967 922 971 923 924 970 969 925 972 925 928 972 928 56 972 56 11 972 11 26 972 26 22 972 972 22 973 22 21 973 973 21 974 21 19 974 974 19 975 19 16 975 975 16 976 16 13 976 976 13 977 13 12 977 977 12 978 12 979 978 979 980 978 978 980 981 980 982 981 981 982 983 982 984 983 984 985 983 983 985 986 985 987 986 986 987 988 988 987 989 990 989 991 989 987 991 991 987 992 987 985 992 992 985 993 985 984 994 984 982 994 994 982 995 982 980 995 980 979 995 979 12 995 12 14 995 995 14 996 14 15 996 996 15 998 998 15 1001 15 17 1001 1001 17 1003 17 18 1003 1003 18 1005 18 20 1005 20 25 1005 1005 25 1006 25 27 1006 28 30 1007 1007 30 1008 1008 30 1009 30 31 1009 1009 31 1010 1010 31 1011 31 32 1011 1011 32 1012 1012 32 1013 32 33 1013 1013 33 1014 33 34 1014 34 36 1014 36 38 1014 1014 38 1015 1015 38 1016 1016 38 1017 39 40 1017 1017 40 1018 1019 1018 1020 1018 40 1020 41 45 1022 45 46 1022 1022 46 1023 46 47 1023 47 934 1023 1023 934 1024 1025 1024 1026 1024 934 1026 934 935 1026 1026 935 1027 1027 935 1028 935 937 1028 1028 937 1029 937 939 1029 1029 939 1030 939 941 1030 1030 941 1031 941 943 1031 943 945 1031 1031 945 1032 945 947 1032 1032 947 1034 1033 946 1035 1035 946 1038 947 949 1037 1036 948 1039 948 950 1039 1039 950 1040 1040 950 1041 950 952 1041 1041 952 1042 952 954 1042 1042 954 1043 1043 954 1044 954 956 1044 1044 956 1045 956 959 1045 1045 959 1046 959 988 1046 988 989 1046 989 990 1046 1046 990 1047 990 1048 1047 1047 1048 1049 1048 1051 1049 1051 1052 1049 1049 1052 1053 1052 1054 1053 1053 1054 1055 1054 1056 1055 1057 1055 1058 1055 1056 1058 1058 1056 1059 1059 1056 1060 1056 1054 1060 1054 1061 1060 1060 1061 1063 1063 1061 1065 1061 1050 1065 1051 1048 1064 1048 990 1064 990 991 1064 1067 1066 1068 1066 991 1068 1068 991 1069 991 992 1069 1069 992 1070 992 993 1070 1070 993 1071 1071 993 1072 993 995 1072 995 996 1072 1072 996 1073 996 998 1073 1073 998 1074 1074 998 1075 1075 998 1076 997 999 1076 1076 999 1077 1000 1002 1077 1077 1002 1078 1002 1004 1078 1004 1007 1078 1007 1008 1078 1078 1008 1079 1008 1009 1079 1079 1009 1080 1009 1010 1080 1080 1010 1081 1081 1010 1082 1010 1011 1082 1011 1012 1083 1083 1012 1085 1087 1085 1088 1085 1012 1088 1012 1013 1088 1088 1013 1089 1013 1014 1089 1014 1015 1089 1089 1015 1090 1015 1016 1090 1090 1016 1091 1091 1016 1092 1016 1017 1092 1017 1018 1092 1092 1018 1093 1018 1019 1093 1093 1019 1094 1094 1019 1095 1019 1020 1095 1096 1021 1097 1022 1023 1098 1023 1024 1098 1099 1098 1100 1098 1024 1100 1024 1025 1100 1025 1101 1100 1100 1101 1102 1102 1101 1103 1103 1101 1104 1101 1105 1104 1104 1105 1106 1105 1107 1106 1106 1107 1108 1108 1107 1109 1107 1110 1109 1110 1111 1109 1109 1111 1112 1111 1033 1112 1112 1033 1113 1113 1033 1114 1033 1035 1114 1114 1035 1115 1035 1116 1115 1115 1116 1117 1117 1116 1118 1116 1039 1118 1118 1039 1119 1039 1040 1119 1119 1040 1120 1120 1040 1121 1040 1057 1121 1057 1058 1121 1058 1059 1121 1122 1121 1123 1121 1059 1123 1123 1059 1125 1125 1059 1127 1059 1060 1127 1127 1060 1129 1060 1062 1129 1129 1062 1130 1130 1062 1131 1062 1066 1131 1066 1067 1131 1131 1067 1132 1132 1067 1133 1067 1068 1133 1133 1068 1134 1068 1069 1134 1134 1069 1135 1069 1070 1135 1135 1070 1136 1070 1071 1136 1136 1071 1137 1071 1072 1137 1072 1073 1137 1073 1074 1137 1137 1074 1138 1074 1075 1138 1138 1075 1139 1140 1139 1143 1139 1075 1143 1075 1076 1143 1143 1076 1141 1076 1077 1141 1141 1077 1142 1077 1078 1142 1078 1079 1142 1143 1144 1145 1145 1144 1146 1144 1142 1146 1146 1142 1147 1142 1079 1147 1147 1079 1148 1079 1080 1148 1150 1148 1151 1148 1080 1151 1080 1081 1151 1152 1081 1154 1154 1081 1156 1081 1082 1156 1156 1082 1158 1158 1082 1160 1082 1084 1160 1160 1084 1162 1084 1086 1162 1162 1086 1164 1164 1086 1165 1166 1087 1167 1087 1088 1167 1088 1089 1167 1089 1090 1167 1167 1090 1168 1090 1091 1168 1168 1091 1169 1169 1091 1170 1170 1091 1171 1091 1092 1171 1092 1093 1171 1093 1094 1171 1171 1094 1172 1172 1094 1173 1173 1094 1174 1174 1094 1175 1094 1095 1175 1176 1096 1177 1096 1097 1177 1098 1099 1179 1099 1103 1179 1103 1104 1179 1179 1104 1180 1104 1106 1180 1106 1108 1180 1108 1109 1180 1109 1181 1180 1180 1181 1182 1182 1181 1183 1181 1109 1183 1109 1112 1183 1183 1112 1185 1112 1113 1185 1185 1113 1186 1113 1114 1186 1186 1114 1187 1114 1115 1187 1115 1117 1188 1188 1117 1190 1117 1118 1190 1118 1119 1190 1119 1122 1190 1190 1122 1191 1122 1123 1191 1192 1123 1193 1123 1125 1193 1194 1124 1195 1195 1124 1196 1124 1126 1196 1196 1126 1197 1126 1128 1197 1197 1128 1198 1128 1130 1198 1198 1130 1199 1130 1131 1199 1131 1132 1199 1199 1132 1200 1200 1132 1201 1201 1132 1202 1202 1132 1203 1132 1133 1203 1133 1134 1203 1203 1134 1204 1134 1135 1204 1204 1135 1205 1135 1136 1205 1205 1136 1206 1136 1137 1206 1206 1137 1207 1137 1138 1207 1138 1139 1207 1207 1139 1208 1139 1140 1208 1208 1140 1209 1140 1143 1209 1143 1145 1209 1209 1145 1211 1211 1145 1213 1145 1146 1213 1213 1146 1215 1146 1147 1215 1215 1147 1216 1147 1148 1216 1148 1150 1216 1217 1149 1219 1219 1149 1220 1149 1152 1220 1152 1154 1220 1221 1153 1223 1223 1153 1224 1153 1155 1224 1224 1155 1225 1155 1157 1225 1225 1157 1227 1157 1159 1227 1227 1159 1229 1159 1161 1229 1229 1161 1230 1161 1163 1230 1230 1163 1232 1232 1163 1233 1164 1165 1234 1234 1165 1235 1166 1167 1236 1167 1237 1236 1237 1169 1236 1236 1169 1239 1169 1170 1239 1239 1170 1241 1243 1241 1244 1241 1170 1244 1170 1171 1244 1171 1172 1244 1244 1172 1245 1172 1173 1245 1245 1173 1246 1246 1173 1247 1173 1174 1247 1247 1174 1248 1174 1175 1248 1248 1175 1249 1175 1178 1249 1249 1178 1250 1178 1180 1250 1180 1182 1250 1250 1182 1251 1182 1183 1251 1252 1251 1253 1251 1183 1253 1253 1183 1255 1183 1185 1255 1255 1185 1256 1184 1186 1258 1258 1186 1260 1186 1187 1260 1260 1187 1262 1187 1189 1262 1262 1189 1264 1264 1189 1265 1189 1192 1265 1192 1193 1265 1266 1194 1267 1194 1195 1267 1267 1195 1268 1268 1195 1269 1195 1196 1269 1269 1196 1270 1196 1197 1270 1270 1197 1271 1197 1198 1271 1271 1198 1272 1198 1199 1272 1199 1200 1272 1273 1272 1274 1274 1272 1275 1272 1200 1275 1200 1201 1275 1275 1201 1276 1201 1202 1276 1276 1202 1277 1202 1203 1277 1277 1203 1278 1203 1204 1278 1278 1204 1279 1204 1205 1279 1279 1205 1280 1205 1206 1280 1280 1206 1281 1206 1207 1281 1281 1207 1282 1207 1208 1282 1208 1209 1282 1282 1209 1283 1209 1211 1283 1284 1210 1286 1286 1210 1288 1210 1212 1288 1288 1212 1290 1212 1214 1290 1290 1214 1291 1214 1217 1291 1217 1219 1291 1292 1218 1294 1294 1218 1295 1218 1221 1295 1221 1223 1295 1296 1295 1297 1295 1223 1297 1297 1222 1298 1222 1224 1298 1298 1224 1299 1299 1224 1300 1224 1225 1300 1300 1225 1301 1225 1226 1301 1301 1226 1302 1226 1228 1302 1302 1228 1303 1228 1230 1303 1303 1230 1304 1304 1230 1306 1230 1232 1306 1305 1231 1308 1310 1308 1311 1308 1231 1311 1232 1233 1312 1312 1233 1313 1234 1235 1314 1235 1238 1314 1314 1238 1316 1238 1240 1316 1316 1240 1319 1240 1242 1319 1319 1242 1321 1321 1242 1323 1243 1244 1322 1244 1245 1322 1245 1246 1322 1323 1246 1324 1326 1324 1327 1324 1246 1327 1246 1247 1327 1327 1247 1328 1247 1248 1328 1328 1248 1329 1248 1249 1329 1249 1250 1329 1250 1251 1329 1251 1252 1329 1329 1252 1330 1331 1330 1332 1330 1252 1332 1252 1253 1332 1332 1253 1333 1253 1254 1333 1333 1254 1334 1254 1257 1334 1334 1257 1335 1257 1259 1335 1335 1259 1336 1259 1261 1336 1336 1261 1337 1261 1263 1337 1337 1263 1338 1263 1266 1338 1266 1267 1338 1338 1267 1339 1267 1268 1339 1339 1268 1340 1340 1268 1341 1268 1269 1341 1341 1269 1342 1269 1270 1342 1342 1270 1343 1270 1273 1343 1273 1274 1343 1343 1274 1345 1274 1275 1345 1345 1275 1347 1275 1276 1347 1347 1276 1349 1276 1277 1349 1349 1277 1351 1351 1277 1352 1277 1278 1352 1278 1279 1352 1352 1279 1354 1279 1280 1354 1354 1280 1356 1280 1281 1356 1356 1281 1357 1281 1282 1357 1282 1283 1357 1358 1284 1359 1284 1286 1359 1360 1285 1361 1361 1285 1362 1285 1287 1362 1362 1287 1364 1287 1289 1364 1364 1289 1365 1289 1292 1365 1292 1294 1365 1366 1365 1368 1365 1294 1368 1367 1293 1370 1294 1295 1369 1295 1296 1369 1371 1369 1394 1369 1296 1394 1394 1296 1372 1296 1297 1372 1297 1298 1372 1372 1298 1373 1298 1299 1373 1299 1300 1373 1373 1300 1374 1300 1301 1374 1374 1301 1375 1301 1302 1375 1302 1303 1375 1303 1304 1375 1375 1304 1376 1304 1377 1376 1377 1307 1376 1376 1307 1379 1307 1309 1379 1309 1380 1379 1382 1385 1386 1386 1385 1390 1378 1391 1393 1402 1395 1396 1395 1397 1396 1396 1397 1399 1397 1400 1399 1401 1403 1404 1403 1405 1404 1404 1405 1407 1405 1398 1407 1407 1398 1409 1409 1398 1410 1399 1400 1411 1400 1412 1411 1411 1412 1414 1412 1415 1414 1414 1415 1418 1418 1415 1420 1415 1393 1420 1420 1393 1421 1393 1391 1421 1422 1392 1424 1392 1388 1424 1424 1388 1427 1389 1383 1426 1384 1381 1425 1428 1382 1429 1382 1386 1429 1387 1431 1430 1430 1431 1433 1433 1431 1434 1431 1391 1434 1391 1378 1434 1435 1379 1436 1379 1380 1436 1436 1380 1438 1380 1309 1438 1310 1311 1437 1312 1313 1438 1313 1315 1438 1438 1315 1440 1315 1317 1440 1440 1317 1441 1318 1320 1442 1442 1320 1443 1443 1320 1444 1321 1323 1445 1323 1324 1445 1445 1324 1447 1447 1324 1449 1324 1325 1449 1449 1325 1451 1453 1455 1456 1455 1451 1456 1451 1325 1456 1457 1326 1458 1326 1327 1458 1327 1328 1458 1458 1328 1459 1328 1329 1459 1329 1330 1459 1330 1331 1459 1459 1331 1460 1460 1331 1461 1331 1332 1461 1332 1333 1461 1461 1333 1462 1462 1333 1463 1333 1334 1463 1463 1334 1464 1334 1335 1464 1464 1335 1465 1335 1336 1465 1465 1336 1466 1336 1337 1466 1466 1337 1467 1337 1338 1467 1338 1339 1467 1467 1339 1469 1339 1340 1469 1469 1340 1471 1340 1341 1471 1471 1341 1473 1341 1342 1473 1473 1342 1476 1342 1343 1476 1476 1343 1477 1343 1345 1477 1478 1344 1480 1480 1344 1482 1344 1346 1482 1482 1346 1484 1346 1348 1484 1484 1348 1487 1348 1350 1487 1487 1350 1489 1350 1352 1489 1489 1352 1491 1352 1354 1491 1491 1354 1492 1494 1353 1496 1353 1355 1496 1496 1355 1497 1355 1358 1497 1358 1359 1497 1498 1360 1499 1360 1361 1499 1500 1499 1501 1501 1499 1502 1499 1361 1502 1502 1361 1503 1503 1361 1504 1361 1362 1504 1504 1362 1505 1505 1362 1507 1362 1364 1507 1506 1363 1509 1364 1365 1508 1365 1366 1508 1508 1366 1510 1366 1371 1510 1371 1394 1510 1395 1402 1511 1511 1402 1512 1403 1401 1513 1401 1514 1513 1517 1519 1520 1520 1519 1522 1519 1524 1522 1522 1524 1526 1524 1513 1526 1513 1514 1526 1529 1532 1533 1532 1538 1533 1535 1536 1541 1541 1536 1542 1537 1530 1544 1544 1530 1545 1531 1527 1547 1547 1527 1548 1550 1528 1552 1556 1558 1561 1561 1558 1563 1563 1558 1564 1566 1570 1572 1568 1575 1571 1571 1575 1577 1573 1579 1576 1576 1579 1580 1579 1565 1580 1580 1565 1581 1581 1565 1582 1582 1565 1583 1565 1557 1583 1583 1557 1584 1584 1557 1586 1557 1554 1586 1555 1589 1585 1585 1589 1591 1587 1594 1590 1590 1594 1596 1598 1595 1599 1595 1592 1599 1601 1593 1604 1604 1593 1607 1593 1588 1607 1607 1588 1608 1588 1556 1608 1556 1561 1608 1609 1559 1610 1612 1560 1614 1560 1562 1614 1614 1562 1616 1616 1562 1618 1620 1618 1621 1618 1562 1621 1563 1564 1622 1564 1578 1622 1622 1578 1624 1578 1574 1624 1624 1574 1627 1574 1569 1627 1627 1569 1629 1629 1569 1631 1570 1566 1630 1567 1633 1632 1632 1633 1635 1637 1634 1639 1634 1640 1639 1640 1641 1639 1639 1641 1643 1641 1644 1643 1644 1645 1643 1645 1646 1643 1643 1646 1647 1646 1597 1647 1597 1600 1647 1648 1601 1649 1601 1604 1649 1652 1650 1654 1654 1650 1655 1650 1602 1655 1603 1605 1657 1657 1605 1658 1660 1606 1662 1606 1609 1662 1662 1609 1663 1609 1610 1663 1665 1611 1666 1611 1613 1666 1613 1615 1666 1615 1617 1666 1671 1674 1677 1677 1674 1680 1680 1674 1681 1683 1672 1684 1686 1673 1687 1673 1669 1687 1689 1670 1692 1692 1670 1693 1671 1677 1695 1695 1677 1698 1698 1677 1701 1677 1704 1701 1707 1701 1710 1713 1716 1717 1716 1710 1717 1710 1701 1717 1701 1704 1717 1719 1702 1720 1722 1703 1723 1703 1675 1723 1725 1676 1726 1676 1678 1726 1728 1679 1730 1679 1682 1730 1683 1684 1729 1685 1732 1731 1731 1732 1733 1733 1732 1735 1735 1732 1737 1737 1732 1738 1732 1685 1738 1738 1685 1739 1685 1688 1739 1739 1688 1740 1740 1688 1741 1688 1690 1741 1741 1690 1742 1742 1690 1743 1744 1743 1746 1743 1690 1746 1691 1694 1745 1694 1696 1745 1747 1697 1748 1697 1699 1748 1750 1700 1751 1700 1705 1751 1753 1706 1755 1706 1708 1755 1757 1756 1758 1758 1756 1760 1754 1709 1759 1709 1714 1759 1761 1715 1762 1715 1711 1762 1764 1712 1766 1712 1718 1766 1719 1720 1765 1768 1767 1769 1767 1721 1769 1769 1721 1770 1770 1721 1771 1721 1724 1771 1771 1724 1772 1772 1724 1773 1724 1727 1773 1773 1727 1774 1727 1731 1774 1731 1733 1774 1774 1733 1775 1733 1735 1775 1776 1734 1778 1778 1734 1780 1734 1736 1780 1780 1736 1782 1782 1736 1783 1737 1738 1784 1738 1739 1784 1784 1739 1786 1739 1740 1786 1786 1740 1788 1740 1741 1788 1788 1741 1790 1790 1741 1793 1741 1742 1793 1742 1743 1793 1793 1743 1795 1743 1744 1795 1795 1744 1797 1797 1744 1798 1744 1746 1798 1746 1749 1798 1798 1749 1799 1799 1749 1800 1749 1752 1800 1800 1752 1801 1752 1756 1801 1756 1757 1801 1801 1757 1803 1803 1757 1805 1757 1758 1805 1805 1758 1807 1807 1758 1808 1758 1760 1808 1808 1760 1809 1760 1763 1809 1809 1763 1810 1810 1763 1811 1763 1767 1811 1767 1768 1811 1811 1768 1812 1768 1769 1813 1813 1769 1815 1769 1770 1815 1815 1770 1817 1770 1771 1817 1817 1771 1819 1771 1772 1819 1819 1772 1821 1772 1773 1821 1821 1773 1822 1773 1774 1822 1774 1775 1822 1823 1776 1824 1776 1778 1824 1825 1777 1826 1826 1777 1827 1777 1779 1827 1827 1779 1828 1779 1781 1828 1830 1828 1832 1832 1828 1834 1834 1828 1835 1828 1781 1835 1835 1781 1836 1782 1783 1837 1783 1785 1837 1837 1785 1839 1785 1787 1839 1839 1787 1841 1787 1789 1841 1841 1789 1843 1843 1789 1844 1789 1791 1844 1792 1794 1846 1846 1794 1848 1794 1796 1848 1848 1796 1850 1850 1796 1851 1797 1798 1852 1798 1799 1852 1852 1799 1854 1799 1800 1854 1854 1800 1855 1800 1801 1855 1801 1803 1855 1856 1802 1858 1858 1802 1860 1802 1804 1860 1860 1804 1862 1804 1806 1862 1862 1806 1864 1864 1806 1865 1807 1808 1866 1808 1809 1866 1866 1809 1868 1809 1810 1868 1868 1810 1870 1810 1811 1870 1870 1811 1871 1811 1812 1871 1873 1871 1875 1871 1812 1875 1812 1814 1875 1875 1814 1877 1814 1816 1877 1877 1816 1879 1816 1818 1879 1879 1818 1881 1818 1820 1881 1881 1820 1882 1820 1823 1882 1823 1824 1882 1883 1825 1884 1825 1826 1884 1888 1884 1890 1884 1826 1890 1890 1826 1892 1892 1826 1894 1826 1827 1894 1894 1827 1895 1827 1828 1895 1828 1830 1895 1897 1896 1899 1896 1829 1899 1899 1829 1901 1901 1829 1903 1829 1831 1903 1903 1831 1905 1905 1831 1906 1831 1833 1906 1906 1833 1908 1908 1833 1910 1910 1833 1911 1834 1835 1912 1914 1912 1915 1912 1835 1915 1835 1836 1915 1836 1838 1915 1915 1838 1916 1838 1840 1916 1919 1916 1920 1916 1840 1920 1840 1842 1920 1920 1842 1921 1921 1842 1922 1842 1845 1922 1845 1847 1922 1922 1847 1923 1847 1849 1923 1923 1849 1924 1924 1849 1925 1850 1851 1926 1851 1853 1926 1926 1853 1927 1853 1856 1927 1856 1858 1927 1928 1857 1929 1929 1857 1930 1857 1859 1930 1930 1859 1931 1859 1861 1931 1931 1861 1932 1861 1863 1932 1932 1863 1933 1933 1863 1934 1864 1865 1935 1865 1867 1935 1935 1867 1937 1867 1869 1937 1937 1869 1938 1869 1871 1938 1871 1873 1938 1939 1872 1940 1940 1872 1941 1941 1872 1942 1872 1874 1942 1874 1876 1942 1942 1876 1943 1876 1878 1943 1943 1878 1944 1878 1880 1944 1944 1880 1945 1880 1883 1945 1883 1884 1945 1884 1888 1945 1947 1945 1948 1945 1888 1948 1950 1885 1951 1952 1886 1953 1955 1887 1957 1957 1887 1959 1887 1889 1959 1959 1889 1960 1889 1891 1960 1960 1891 1962 1891 1893 1962 1962 1893 1964 1893 1896 1964 1896 1897 1964 1963 1898 1966 1966 1898 1968 1968 1898 1970 1898 1971 1970 1971 1900 1970 1970 1900 1973 1900 1902 1973 1902 1904 1973 1904 1907 1973 1973 1907 1975 1907 1976 1975 1975 1976 1978 1976 1909 1978 1978 1909 1980 1987 1982 1983 1982 1980 1983 1983 1980 1985 1980 1909 1985 1910 1911 1984 1911 1913 1984 1984 1913 1986 1986 1913 1990 1914 1915 1989 1915 1916 1989 1916 1919 1989 1988 1917 1992 1996 1994 1997 1991 1918 1998 1918 1920 1998 1920 1921 1998 1998 1921 1999 1999 1921 2000 1921 1922 2000 2000 1922 2001 2001 1922 2002 2002 1922 2003 1922 1923 2003 1923 1924 2003 2003 1924 2004 2007 2005 2008 2005 1924 2008 1924 1925 2008 1925 1928 2008 1928 1929 2008 2008 1929 2012 2012 1929 2014 1929 1930 2014 2014 1930 2016 2016 1930 2018 1930 1931 2018 2018 1931 2021 1931 1932 2021 2021 1932 2024 2024 1932 2026 2026 1932 2028 1932 1933 2028 2028 1933 2030 2032 2030 2033 2030 1933 2033 1933 1934 2033 1934 1936 2033 2033 1936 2034 1936 1939 2034 1939 1940 2034 2034 1940 2035 2037 1940 2038 1940 1941 2038 2039 1941 2040 2040 1941 2041 1941 1942 2041 2041 1942 2042 2042 1942 2043 2043 1942 2044 1942 1943 2044 1943 1944 2044 2044 1944 2045 1944 1945 2046 1945 1947 2046 2046 1947 2048 1946 1949 2047 2052 2050 2054 2050 1950 2054 1950 1951 2054 1951 1954 2054 2054 1954 2056 1954 1956 2056 2056 1956 2058 1956 1958 2058 2058 1958 2060 1958 1961 2060 2060 1961 2062 1961 2063 2062 2062 2063 2064 2063 1963 2064 1963 1966 2064 2065 1965 2066 1965 1967 2066 1967 1969 2066 2070 2073 2076 2073 2079 2076 2079 2082 2076 2076 2082 2085 2085 2082 2088 2082 2091 2088 2094 2097 2100 2097 2088 2100 2100 2088 2103 2103 2088 2106 2106 2088 2107 2088 2091 2107 2109 2089 2110 2112 2090 2113 2090 2080 2113 2115 2081 2116 2081 2077 2116 2118 2078 2120 2078 2071 2120 2123 2124 2125 2124 2121 2125 2125 2121 2127 2119 2072 2126 2072 2068 2126 2128 2069 2129 2069 2074 2129 2131 2075 2133 2075 2083 2133 2135 2134 2136 2137 2136 2139 2136 2134 2139 2132 2084 2138 2084 2086 2138 2140 2087 2141 2087 2095 2141 2143 2096 2144 2096 2092 2144 2146 2093 2148 2093 2098 2148 2150 2149 2151 2151 2149 2153 2147 2099 2152 2099 2101 2152 2154 2102 2155 2102 2104 2155 2157 2105 2159 2105 2108 2159 2109 2110 2158 2161 2160 2162 2160 2111 2162 2162 2111 2163 2163 2111 2164 2111 2114 2164 2164 2114 2165 2165 2114 2166 2114 2117 2166 2166 2117 2167 2117 2121 2167 2121 2124 2167 2167 2124 2168 2124 2123 2168 2169 2122 2171 2171 2122 2173 2173 2122 2174 2123 2125 2175 2175 2125 2176 2125 2127 2176 2176 2127 2177 2127 2130 2177 2177 2130 2178 2178 2130 2179 2130 2134 2179 2134 2135 2179 2179 2135 2180 2135 2136 2181 2181 2136 2183 2136 2137 2183 2183 2137 2185 2185 2137 2186 2137 2139 2186 2139 2142 2186 2186 2142 2187 2187 2142 2188 2142 2145 2188 2188 2145 2189 2145 2149 2189 2149 2150 2189 2189 2150 2191 2191 2150 2193 2150 2151 2193 2193 2151 2195 2195 2151 2196 2151 2153 2196 2196 2153 2197 2153 2156 2197 2197 2156 2198 2198 2156 2199 2156 2160 2199 2160 2161 2199 2199 2161 2202 2161 2162 2202 2202 2162 2204 2162 2163 2204 2204 2163 2206 2163 2164 2206 2206 2164 2208 2164 2165 2208 2208 2165 2210 2165 2166 2210 2210 2166 2211 2166 2167 2211 2167 2168 2211 2212 2169 2213 2169 2171 2213 2214 2170 2215 2215 2170 2216 2170 2172 2216 2218 2220 2221 2220 2223 2221 2223 2225 2221 2225 2216 2221 2216 2172 2221 2221 2172 2226 2173 2174 2227 2227 2174 2228 2175 2176 2229 2176 2177 2229 2229 2177 2231 2177 2178 2231 2231 2178 2233 2178 2179 2233 2233 2179 2234 2179 2180 2234 2236 2234 2238 2234 2180 2238 2180 2182 2238 2238 2182 2240 2182 2184 2240 2240 2184 2242 2242 2184 2243 2185 2186 2244 2186 2187 2244 2244 2187 2246 2187 2188 2246 2246 2188 2247 2188 2189 2247 2189 2191 2247 2248 2190 2250 2250 2190 2252 2190 2192 2252 2252 2192 2254 2192 2194 2254 2254 2194 2256 2256 2194 2257 2195 2196 2258 2196 2197 2258 2258 2197 2260 2197 2198 2260 2260 2198 2262 2198 2199 2262 2262 2199 2263 2199 2202 2263 2266 2264 2267 2264 2200 2267 2201 2203 2269 2269 2203 2271 2203 2205 2271 2271 2205 2273 2205 2207 2273 2273 2207 2275 2207 2209 2275 2275 2209 2276 2209 2212 2276 2212 2213 2276 2277 2214 2278 2214 2215 2278 2280 2278 2282 2278 2215 2282 2282 2215 2284 2284 2215 2285 2215 2216 2285 2216 2225 2285 2286 2224 2287 2287 2224 2289 2289 2224 2291 2224 2222 2291 2291 2222 2292 2222 2219 2292 2292 2219 2294 2294 2219 2295 2219 2217 2295 2295 2217 2296 2298 2296 2299 2296 2217 2299 2301 2218 2302 2218 2221 2302 2221 2226 2302 2302 2226 2303 2227 2228 2304 2228 2230 2304 2304 2230 2306 2230 2232 2306 2306 2232 2307 2232 2234 2307 2234 2236 2307 2308 2235 2309 2309 2235 2310 2310 2235 2311 2235 2237 2311 2237 2239 2311 2311 2239 2312 2239 2241 2312 2312 2241 2313 2313 2241 2314 2242 2243 2315 2243 2245 2315 2315 2245 2316 2245 2248 2316 2248 2250 2316 2317 2249 2318 2318 2249 2319 2249 2251 2319 2319 2251 2320 2251 2253 2320 2320 2253 2321 2253 2255 2321 2321 2255 2322 2322 2255 2323 2256 2257 2324 2257 2259 2324 2324 2259 2326 2259 2261 2326 2326 2261 2327 2261 2264 2327 2264 2266 2327 2328 2265 2329 2329 2265 2330 2330 2265 2331 2265 2268 2331 2268 2270 2331 2331 2270 2332 2270 2272 2332 2332 2272 2333 2272 2274 2333 2333 2274 2334 2274 2277 2334 2277 2278 2334 2278 2280 2334 2336 2334 2338 2334 2280 2338 2337 2279 2341 2341 2279 2343 2343 2279 2344 2279 2281 2344 2344 2281 2346 2281 2283 2346 2346 2283 2348 2348 2283 2350 2283 2286 2350 2350 2286 2351 2286 2287 2351 2352 2288 2354 2288 2355 2354 2354 2355 2357 2357 2355 2359 2355 2290 2359 2359 2290 2361 2290 2293 2361 2293 2362 2361 2362 2363 2361 2361 2363 2365 2363 2366 2365 2365 2366 2368 2368 2366 2370 2366 2297 2370 2297 2373 2370 2370 2373 2375 2375 2373 2376 2377 2371 2379 2372 2298 2378 2298 2299 2378 2381 2300 2382 2301 2302 2382 2302 2303 2382 2303 2305 2382 2382 2305 2383 2305 2308 2383 2308 2309 2383 2383 2309 2385 2385 2309 2386 2309 2310 2386 2387 2310 2388 2388 2310 2389 2310 2311 2389 2389 2311 2390 2390 2311 2391 2391 2311 2392 2311 2312 2392 2312 2313 2392 2392 2313 2393 2396 2394 2397 2394 2313 2397 2313 2314 2397 2314 2317 2397 2317 2318 2397 2397 2318 2399 2399 2318 2401 2318 2319 2401 2401 2319 2403 2403 2319 2405 2319 2320 2405 2405 2320 2407 2320 2321 2407 2407 2321 2409 2409 2321 2411 2411 2321 2413 2321 2322 2413 2413 2322 2414 2420 2416 2421 2414 2322 2421 2322 2323 2421 2323 2325 2421 2421 2325 2422 2325 2328 2422 2328 2329 2422 2422 2329 2424 2424 2329 2425 2329 2330 2425 2427 2330 2428 2428 2330 2429 2330 2331 2429 2429 2331 2430 2430 2331 2431 2431 2331 2432 2331 2332 2432 2332 2333 2432 2432 2333 2433 2333 2334 2434 2334 2336 2434 2434 2336 2436 2335 2339 2435 2438 2340 2440 2440 2340 2442 2340 2443 2442 2442 2443 2445 2443 2342 2445 2445 2342 2447 2447 2342 2449 2342 2345 2449 2345 2450 2449 2449 2450 2452 2450 2347 2452 2347 2349 2452 2452 2349 2453 2349 2352 2453 2352 2354 2453 2454 2353 2455 2353 2356 2455 2356 2358 2455 2459 2462 2464 2464 2462 2465 2468 2466 2469 2466 2460 2469 2471 2461 2472 2461 2457 2472 2474 2458 2476 2458 2463 2476 2476 2463 2477 2482 2485 2487 2490 2492 2495 2495 2492 2498 2492 2500 2498 2498 2500 2503 2500 2505 2503 2503 2505 2508 2508 2505 2509 2510 2504 2512 2514 2516 2518 2516 2512 2518 2512 2504 2518 2504 2499 2518 2499 2491 2518 2491 2489 2518 2520 2523 2524 2523 2518 2524 2518 2489 2524 2525 2490 2526 2490 2495 2526 2528 2493 2530 2534 2531 2536 2529 2494 2535 2494 2496 2535 2537 2497 2538 2497 2501 2538 2540 2502 2541 2502 2506 2541 2543 2507 2546 2546 2507 2547 2508 2509 2549 2509 2511 2549 2549 2511 2552 2511 2515 2552 2552 2515 2555 2515 2513 2555 2555 2513 2558 2513 2517 2558 2558 2517 2561 2517 2521 2561 2561 2521 2562 2522 2519 2565 2565 2519 2566 2519 2525 2566 2525 2526 2566 2568 2527 2570 2528 2530 2569 2571 2531 2572 2531 2534 2572 2574 2532 2576 2579 2582 2584 2577 2585 2586 2583 2580 2587 2587 2580 2588 2589 2581 2592 2581 2578 2592 2594 2597 2599 2601 2599 2602 2599 2597 2602 2604 2595 2606 2610 2607 2611 2605 2596 2613 2613 2596 2614 2597 2594 2616 2616 2594 2617 2620 2622 2624 2622 2626 2624 2626 2628 2624 2624 2628 2631 2631 2628 2632 2628 2618 2632 2618 2593 2632 2593 2598 2632 2598 2600 2632 2600 2636 2632 2633 2634 2639 2639 2634 2641 2635 2601 2640 2601 2602 2640 2643 2603 2645 2604 2606 2644 2646 2607 2647 2607 2610 2647 2649 2608 2651 2655 2657 2658 2661 2663 2665 2667 2669 2671 2669 2673 2671 2673 2665 2671 2665 2663 2671 2675 2671 2677 2671 2663 2677 2663 2659 2677 2677 2659 2678 2659 2656 2678 2679 2657 2680 2657 2655 2680 2682 2653 2684 2688 2685 2689 2683 2654 2691 2691 2654 2692 2655 2658 2694 2658 2662 2694 2694 2662 2697 2662 2660 2697 2697 2660 2700 2660 2664 2700 2700 2664 2703 2664 2672 2703 2703 2672 2706 2672 2668 2706 2706 2668 2709 2668 2666 2709 2709 2666 2712 2666 2670 2712 2712 2670 2715 2670 2674 2715 2715 2674 2718 2674 2676 2718 2718 2676 2719 2676 2679 2719 2679 2680 2719 2721 2681 2723 2682 2684 2722 2724 2685 2725 2685 2688 2725 2727 2686 2729 2732 2734 2735 2740 2737 2741 2735 2734 2743 2743 2734 2744 2733 2731 2745 2747 2749 2751 2753 2755 2757 2755 2759 2757 2759 2751 2757 2751 2749 2757 2749 2761 2757 2761 2745 2757 2757 2745 2762 2745 2731 2762 2763 2732 2764 2732 2735 2764 2766 2736 2768 2737 2740 2767 2769 2738 2770 2775 2772 2776 2770 2738 2778 2778 2738 2779 2739 2742 2781 2781 2742 2782 2743 2744 2784 2744 2760 2784 2784 2760 2787 2760 2748 2787 2787 2748 2790 2748 2746 2790 2790 2746 2793 2746 2750 2793 2793 2750 2796 2750 2758 2796 2796 2758 2799 2758 2754 2799 2799 2754 2802 2754 2752 2802 2802 2752 2805 2752 2756 2805 2805 2756 2806 2756 2763 2806 2763 2764 2806 2808 2765 2810 2766 2768 2809 2811 2769 2812 2769 2770 2812 2814 2771 2816 2772 2775 2815 2773 2820 2817 2817 2820 2822 2818 2826 2821 2829 2832 2833 2835 2830 2838 2830 2840 2838 2839 2842 2837 2842 2823 2837 2821 2826 2836 2838 2824 2843 2824 2848 2843 2851 2845 2853 2853 2845 2854 2855 2843 2856 2843 2848 2856 2858 2846 2860 2863 2865 2867 2865 2869 2867 2867 2869 2870 2869 2873 2870 2871 2872 2874 2879 2876 2880 2874 2872 2882 2882 2872 2883 2873 2869 2884 2886 2884 2888 2890 2892 2893 2892 2888 2893 2888 2884 2893 2884 2869 2893 2894 2868 2897 2897 2868 2900 2868 2864 2900 2900 2864 2903 2864 2862 2903 2903 2862 2906 2862 2866 2906 2906 2866 2907 2866 2871 2907 2871 2874 2907 2909 2875 2911 2876 2879 2910 2912 2877 2913 2918 2915 2919 2913 2877 2921 2921 2877 2922 2878 2881 2924 2924 2881 2925 2882 2883 2927 2883 2885 2927 2927 2885 2930 2885 2887 2930 2930 2887 2933 2887 2891 2933 2933 2891 2936 2891 2889 2936 2936 2889 2937 2889 2894 2937 2894 2897 2937 2939 2895 2940 2942 2896 2943 2896 2898 2943 2945 2899 2946 2899 2901 2946 2948 2902 2949 2902 2904 2949 2951 2905 2953 2905 2908 2953 2909 2911 2952 2954 2912 2955 2912 2913 2955 2957 2914 2959 2915 2918 2958 2960 2916 2961 2916 2861 2961 2859 2847 2963 2963 2847 2964 2848 2824 2966 2968 2970 2971 2972 2969 2966 2966 2969 2973 2974 2970 2975 2970 2968 2975 2976 2967 2977 2981 2983 2985 2987 2989 2991 2989 2985 2991 2985 2983 2991 2983 2993 2991 2995 2991 2997 2991 2993 2997 2993 2999 2997 2997 2999 3000 2999 3003 3000 3001 3002 3004 3009 3006 3010 3004 3002 3012 3002 2998 3012 3012 2998 3015 2998 2992 3015 3015 2992 3018 2992 2982 3018 3018 2982 3021 2982 2980 3021 3021 2980 3024 2980 2984 3024 3024 2984 3027 2984 2988 3027 3027 2988 3030 2988 2986 3030 3030 2986 3033 2986 2990 3033 3033 2990 3036 2990 2994 3036 3036 2994 3039 2994 2996 3039 3039 2996 3040 2996 3001 3040 3001 3004 3040 3042 3005 3044 3006 3009 3043 3045 3007 3046 2979 3048 3049 3046 3007 3051 3051 3007 3053 3008 3011 3052 3011 3013 3052 3054 3014 3055 3014 3016 3055 3057 3017 3058 3017 3019 3058 3060 3020 3061 3020 3022 3061 3063 3023 3064 3023 3025 3064 3066 3026 3067 3026 3028 3067 3069 3029 3070 3029 3031 3070 3072 3032 3073 3032 3034 3073 3075 3035 3076 3035 3037 3076 3078 3038 3080 3038 3041 3080 3042 3044 3079 3081 3045 3082 3045 3046 3082 3084 3047 3086 3048 2979 3085 3087 2977 3088 2977 2967 3088 2968 2971 3089 3089 2971 3090 3091 2972 3093 2972 2966 3093 2966 2824 3093 2825 2819 3092 3096 3094 3098 3092 2819 3097 2820 2773 3099 3099 2773 3100 2774 2777 3102 3102 2777 3103 2778 2779 3105 3105 2779 3107 2780 2783 3106 2783 2785 3106 3108 2786 3109 2786 2788 3109 3111 2789 3112 2789 2791 3112 3114 2792 3115 2792 2794 3115 3117 2795 3118 2795 2797 3118 3120 2798 3121 2798 2800 3121 3123 2801 3124 2801 2803 3124 3126 2804 3128 2804 2807 3128 2808 2810 3127 3129 2811 3130 2811 2812 3130 3132 2813 3134 2814 2816 3133 2817 2822 3135 2822 2841 3135 3135 2841 3136 2842 2839 3137 3139 3142 3143 3145 3140 3147 3141 3138 3146 3138 3137 3146 3137 2839 3146 3148 2840 3149 2840 2830 3149 3151 2831 3153 2832 2829 3152 3154 2827 3155 2827 2730 3155 2728 2687 3157 3157 2687 3158 2688 2689 3160 3160 2689 3162 2690 2693 3161 2693 2695 3161 3163 2696 3164 2696 2698 3164 3166 2699 3167 2699 2701 3167 3169 2702 3170 2702 2704 3170 3172 2705 3173 2705 2707 3173 3175 2708 3176 2708 2710 3176 3178 2711 3179 2711 2713 3179 3181 2714 3182 2714 2716 3182 3184 2717 3186 2717 2720 3186 2721 2723 3185 3187 2724 3188 2724 2725 3188 3190 2726 3192 2727 2729 3191 3193 2730 3194 2730 2827 3194 2828 2834 3196 3196 2834 2590 2592 2835 3197 2835 2838 3197 2838 2843 3197 2844 2849 3199 3199 2849 3200 2850 2652 3202 3202 2652 3203 2650 2609 3205 3205 2609 3206 2610 2611 3208 3208 2611 3209 2612 2615 3211 3211 2615 3212 2616 2617 3214 2617 2627 3214 3214 2627 3217 2627 2625 3217 3217 2625 3220 2625 2621 3220 3220 2621 3223 2621 2619 3223 3223 2619 3226 2619 2623 3226 3226 2623 3229 2623 2629 3229 3229 2629 3231 2630 2633 3230 2633 2639 3230 3233 2637 3234 3236 2638 3238 2638 2642 3238 2643 2645 3237 3239 2646 3240 2646 2647 3240 3242 2648 3244 2649 2651 3243 2652 2850 3245 2850 2852 3245 3245 2852 3246 2853 2854 3247 3249 3252 3253 3255 3250 3257 3251 3248 3256 3248 3247 3256 3247 2854 3256 3258 2855 3259 2855 2856 3259 3260 2857 3262 2858 2860 3261 3263 2861 3264 2861 2916 3264 2917 2920 3266 3266 2920 3267 2921 2922 3269 3269 2922 3271 2923 2926 3270 2926 2928 3270 3272 2929 3273 2929 2931 3273 3275 2932 3276 2932 2934 3276 3278 2935 3280 2935 2938 3280 2939 2940 3279 3281 2941 3284 3284 2941 3287 2941 2944 3287 3287 2944 3290 2944 2947 3290 3290 2947 3293 2947 2950 3293 3293 2950 3294 2950 2954 3294 2954 2955 3294 3296 2956 3298 2957 2959 3297 3299 2960 3300 2960 2961 3300 2962 2965 3302 3302 2965 3303 2966 2973 3305 3305 2973 3306 3311 3308 3312 3316 3314 3319 3312 3308 3318 3306 2973 3317 3320 2974 3321 2974 2975 3321 2976 2977 3323 3323 2977 3324 2978 3050 3326 3326 3050 3327 3051 3053 3329 3053 3056 3329 3329 3056 3332 3056 3059 3332 3332 3059 3335 3059 3062 3335 3335 3062 3336 3062 3065 3336 3341 3338 3342 3336 3065 3344 3065 3068 3344 3344 3068 3347 3068 3071 3347 3347 3071 3350 3071 3074 3350 3350 3074 3353 3074 3077 3353 3353 3077 3354 3077 3081 3354 3081 3082 3354 3356 3083 3358 3084 3086 3357 3359 3087 3360 3087 3088 3360 3089 3090 3362 3362 3090 3363 3091 3093 3365 3093 3095 3365 3365 3095 3368 3368 3095 3369 3371 3096 3372 3096 3098 3372 3099 3100 3373 3373 3100 3374 3101 3104 3376 3376 3104 3377 3105 3107 3379 3107 3110 3379 3379 3110 3382 3110 3113 3382 3382 3113 3385 3113 3116 3385 3385 3116 3388 3116 3119 3388 3388 3119 3391 3119 3122 3391 3391 3122 3394 3122 3125 3394 3394 3125 3395 3125 3129 3395 3129 3130 3395 3397 3131 3399 3132 3134 3398 3400 3135 3401 3135 3136 3401 3402 3137 3403 3137 3138 3403 3404 3139 3405 3139 3143 3405 3406 3144 3409 3145 3147 3408 3148 3149 3407 3409 3150 3411 3151 3153 3410 3412 3154 3413 3154 3155 3413 3156 3159 3415 3415 3159 3416 3160 3162 3418 3162 3165 3418 3418 3165 3421 3165 3168 3421 3421 3168 3424 3168 3171 3424 3424 3171 3427 3171 3174 3427 3427 3174 3430 3174 3177 3430 3430 3177 3433 3177 3180 3433 3433 3180 3436 3180 3183 3436 3436 3183 3437 3183 3187 3437 3187 3188 3437 3439 3189 3441 3190 3192 3440 3442 3193 3443 3193 3194 3443 3195 2591 3445 3445 2591 3446 2592 2578 3449 3449 2578 3450 3455 3452 3456 3461 3458 3464 3456 3452 3463 3450 2578 3462 3465 2579 3466 2579 2584 3466 2585 2577 3468 3468 2577 3469 2575 2533 3471 3471 2533 3472 2534 2536 3474 2536 2539 3474 3474 2539 3477 2539 2542 3477 3477 2542 3480 2542 2544 3480 3480 2544 3483 3483 2544 3485 2545 2548 3484 2548 2550 3484 3486 2551 3487 2551 2553 3487 3489 2554 3490 2554 2556 3490 3492 2557 3493 2557 2559 3493 3495 2560 3496 2560 2563 3496 3498 2564 3500 2564 2567 3500 2568 2570 3499 3501 2571 3502 2571 2572 3502 3504 2573 3506 2574 2576 3505 3507 2577 3508 2577 2586 3508 2587 2588 3509 3509 2588 3510 3511 2589 3513 2589 2592 3513 2592 3197 3513 3198 3201 3512 3516 3514 3518 3512 3201 3517 3202 3203 3519 3519 3203 3520 3204 3207 3522 3522 3207 3523 3208 3209 3525 3525 3209 3527 3210 3213 3526 3213 3215 3526 3528 3216 3529 3216 3218 3529 3531 3219 3532 3219 3221 3532 3534 3222 3535 3222 3224 3535 3537 3225 3538 3225 3227 3538 3540 3228 3542 3228 3232 3542 3233 3234 3541 3543 3235 3546 3546 3235 3547 3235 3239 3547 3239 3240 3547 3549 3241 3551 3242 3244 3550 3552 3245 3553 3245 3246 3553 3554 3247 3555 3247 3248 3555 3556 3249 3557 3249 3253 3557 3558 3254 3561 3255 3257 3560 3258 3259 3559 3561 3260 3562 3260 3262 3562 3563 3263 3564 3263 3264 3564 3265 3268 3566 3566 3268 3567 3269 3271 3569 3271 3274 3569 3569 3274 3572 3274 3277 3572 3572 3277 3573 3277 3281 3573 3281 3284 3573 3575 3282 3576 3578 3283 3579 3283 3285 3579 3581 3286 3582 3286 3288 3582 3584 3289 3585 3289 3291 3585 3587 3292 3589 3292 3295 3589 3296 3298 3588 3592 3590 3593 3590 3299 3593 3299 3300 3593 3301 3304 3595 3304 3307 3595 3307 3309 3595 3595 3309 3596 3310 3313 3597 3597 3313 3600 3313 3315 3600 3600 3315 3601 3602 3316 3603 3316 3319 3603 3319 3322 3603 3323 3324 3604 3604 3324 3606 3325 3328 3605 3328 3330 3605 3607 3331 3608 3331 3333 3608 3610 3334 3612 3334 3337 3612 3338 3341 3611 3613 3339 3616 3616 3339 3618 3620 3618 3622 3618 3339 3622 3340 3343 3621 3343 3345 3621 3623 3346 3624 3346 3348 3624 3626 3349 3627 3349 3351 3627 3629 3352 3631 3352 3355 3631 3356 3358 3630 3632 3359 3633 3359 3360 3633 3361 3364 3634 3364 3366 3634 3634 3366 3635 3366 3639 3635 3636 3637 3641 3638 3367 3640 3367 3370 3640 3642 3371 3644 3644 3371 3645 3371 3372 3645 3373 3374 3647 3647 3374 3649 3375 3378 3648 3378 3380 3648 3650 3381 3651 3381 3383 3651 3653 3384 3654 3384 3386 3654 3656 3387 3657 3387 3389 3657 3659 3390 3660 3390 3392 3660 3662 3393 3664 3393 3396 3664 3397 3399 3663 3665 3400 3666 3400 3401 3666 3668 3402 3669 3402 3403 3669 3403 3673 3669 3670 3671 3674 3676 3672 3677 3672 3404 3677 3404 3405 3677 3678 3406 3679 3406 3409 3679 3409 3411 3679 3680 3412 3682 3412 3413 3682 3414 3417 3681 3417 3419 3681 3683 3420 3684 3420 3422 3684 3686 3423 3687 3423 3425 3687 3689 3426 3690 3426 3428 3690 3692 3429 3693 3429 3431 3693 3695 3432 3696 3432 3434 3696 3698 3435 3700 3435 3438 3700 3439 3441 3699 3703 3701 3705 3701 3442 3705 3442 3443 3705 3444 3447 3704 3448 3451 3707 3451 3453 3707 3707 3453 3708 3454 3457 3709 3709 3457 3712 3457 3459 3712 3712 3459 3713 3714 3460 3716 3461 3464 3715 3464 3467 3715 3468 3469 3717 3717 3469 3719 3470 3473 3718 3473 3475 3718 3720 3476 3721 3476 3478 3721 3723 3479 3724 3479 3481 3724 3726 3482 3729 3729 3482 3730 3483 3485 3732 3485 3488 3732 3732 3488 3735 3488 3491 3735 3735 3491 3738 3491 3494 3738 3738 3494 3741 3494 3497 3741 3741 3497 3742 3497 3501 3742 3501 3502 3742 3744 3503 3746 3504 3506 3745 3747 3507 3748 3507 3508 3748 3509 3510 3750 3750 3510 3751 3511 3513 3754 3513 3515 3754 3754 3515 3757 3757 3515 3758 3760 3516 3761 3516 3518 3761 3519 3520 3762 3762 3520 3763 3521 3524 3765 3765 3524 3766 3525 3527 3768 3527 3530 3768 3768 3530 3771 3530 3533 3771 3771 3533 3774 3533 3536 3774 3774 3536 3777 3536 3539 3777 3777 3539 3778 3539 3543 3778 3543 3546 3778 3780 3544 3781 3783 3545 3785 3545 3548 3785 3549 3551 3784 3786 3552 3787 3552 3553 3787 3789 3554 3790 3554 3555 3790 3555 3794 3790 3791 3792 3795 3797 3793 3798 3793 3556 3798 3556 3557 3798 3799 3558 3800 3558 3561 3800 3561 3562 3800 3801 3563 3803 3563 3564 3803 3565 3568 3802 3568 3570 3802 3804 3571 3806 3571 3574 3806 3575 3576 3805 3807 3577 3810 3810 3577 3813 3577 3580 3813 3813 3580 3816 3580 3583 3816 3816 3583 3819 3583 3586 3819 3819 3586 3821 3586 3590 3821 3821 3590 3822 3590 3592 3822 3823 3591 3825 3825 3591 3827 3591 3594 3827 3595 3596 3826 3596 3598 3826 3828 3599 3830 3600 3601 3829 3831 3602 3832 3602 3603 3832 3604 3606 3833 3606 3609 3833 3833 3609 3834 3609 3613 3834 3613 3616 3834 3836 3614 3837 3839 3615 3841 3615 3617 3841 3841 3617 3843 3617 3619 3843 3843 3619 3845 3845 3619 3846 3620 3622 3847 3847 3622 3850 3622 3625 3850 3850 3625 3853 3625 3628 3853 3853 3628 3854 3628 3632 3854 3632 3633 3854 3856 3634 3857 3634 3635 3857 3636 3641 3858 3641 3643 3858 3858 3643 3861 3861 3643 3863 3644 3645 3862 3865 3646 3867 3867 3646 3869 3869 3646 3870 3647 3649 3871 3649 3652 3871 3871 3652 3873 3873 3652 3875 3875 3652 3878 3652 3655 3878 3878 3655 3881 3655 3658 3881 3881 3658 3884 3658 3661 3884 3884 3661 3885 3661 3665 3885 3665 3666 3885 3887 3667 3889 3668 3669 3888 3890 3670 3891 3670 3674 3891 3892 3675 3893 3675 3678 3893 3678 3679 3893 3680 3682 3894 3894 3682 3897 3682 3685 3897 3897 3685 3900 3685 3688 3900 3900 3688 3903 3688 3691 3903 3903 3691 3906 3691 3694 3906 3906 3694 3909 3694 3697 3909 3909 3697 3911 3697 3701 3911 3911 3701 3912 3701 3703 3912 3913 3702 3915 3915 3702 3917 3702 3706 3917 3707 3708 3916 3708 3710 3916 3918 3711 3920 3712 3713 3919 3921 3714 3922 3714 3716 3922 3717 3719 3923 3719 3722 3923 3923 3722 3926 3722 3725 3926 3926 3725 3929 3725 3727 3929 3929 3727 3931 3933 3935 3937 3935 3931 3937 3931 3727 3937 3728 3731 3936 3731 3733 3936 3938 3734 3939 3734 3736 3939 3941 3737 3942 3737 3739 3942 3944 3740 3946 3740 3743 3946 3744 3746 3945 3947 3747 3949 3747 3748 3949 3749 3752 3948 3753 3755 3950 3950 3755 3951 3755 3955 3951 3952 3953 3957 3954 3756 3956 3756 3759 3956 3958 3760 3961 3961 3760 3962 3760 3761 3962 3762 3763 3964 3964 3763 3966 3764 3767 3965 3767 3769 3965 3967 3770 3968 3770 3772 3968 3970 3773 3971 3773 3775 3971 3973 3776 3975 3776 3779 3975 3780 3781 3974 3976 3782 3979 3979 3782 3980 3782 3786 3980 3786 3787 3980 3982 3788 3984 3789 3790 3983 3985 3791 3986 3791 3795 3986 3987 3796 3988 3796 3799 3988 3799 3800 3988 3801 3803 3989 3989 3803 3990 3803 3807 3990 3807 3810 3990 3992 3808 3993 3995 3809 3996 3809 3811 3996 3998 3812 3999 3812 3814 3999 4001 3815 4002 3815 3817 4002 4004 3818 4006 3818 3820 4006 4006 3820 4007 3820 3823 4007 3823 3825 4007 4008 3824 4009 3824 3828 4009 3828 3830 4009 3831 3832 4010 4010 3832 4012 3832 3835 4012 3836 3837 4011 4013 3838 4014 3838 3840 4014 4017 4015 4018 4014 3840 4019 3840 3842 4019 4019 3842 4021 3842 3844 4021 4021 3844 4023 3845 3846 4022 3846 3848 4022 4024 3849 4025 3849 3851 4025 4027 3852 4029 3852 3855 4029 3856 3857 4028 3857 3859 4028 3860 3864 4030 3864 3866 4030 3866 3868 4030 4030 3868 4031 3869 3870 4032 3870 3872 4032 4032 3872 4034 3872 3874 4034 4034 3874 4035 3874 3876 4035 4037 3877 4038 3877 3879 4038 4040 3880 4041 3880 3882 4041 4043 3883 4045 3883 3886 4045 3887 3889 4044 4046 3890 4049 3890 3891 4049 3892 3893 4048 3893 3895 4048 4051 4049 4053 4047 3896 4052 3896 3898 4052 4054 3899 4055 3899 3901 4055 4057 3902 4058 3902 3904 4058 4060 3905 4061 3905 3907 4061 4063 3908 4065 3908 3910 4065 4065 3910 4066 3910 3913 4066 3913 3915 4066 4067 3914 4068 3914 3918 4068 3918 3920 4068 3921 3922 4069 4069 3922 4070 3922 3924 4070 4072 3925 4073 3925 3927 4073 4075 3928 4077 3928 3930 4077 4077 3930 4079 3930 3934 4079 4079 3934 4081 3934 3932 4081 4081 3932 4084 4084 3932 4085 3933 3937 4087 3937 3940 4087 4087 3940 4090 3940 3943 4090 4090 3943 4091 3943 3947 4091 3947 3949 4091 4093 3950 4094 3950 3951 4094 3952 3957 4095 3957 3959 4095 4095 3959 4098 4098 3959 4099 3960 3963 4101 4101 3963 4103 4103 3963 4105 4105 3963 4106 3964 3966 4107 3966 3969 4107 4107 3969 4109 4109 3969 4111 4111 3969 4114 3969 3972 4114 4114 3972 4115 3972 3976 4115 3976 3979 4115 4117 3977 4118 4120 3978 4122 3978 3981 4122 3982 3984 4121 4123 3985 4126 3985 3986 4126 3987 3988 4125 3988 3991 4125 3992 3993 4124 4126 3994 4128 4128 3994 4130 3994 3997 4130 4130 3997 4132 3997 4000 4132 4132 4000 4134 4000 4003 4134 4003 4005 4134 4005 4008 4134 4008 4009 4134 4134 4009 4136 4009 4013 4136 4136 4013 4137 4013 4014 4137 4138 4015 4139 4015 4017 4139 4142 4144 4145 4146 4143 4147 4152 4149 4153 4158 4155 4160 4153 4149 4159 4147 4143 4161 4161 4143 4162 4163 4144 4164 4144 4142 4164 4141 4140 4165 4140 4016 4165 4165 4016 4166 4017 4018 4167 4018 4020 4167 4167 4020 4169 4169 4020 4170 4021 4023 4171 4023 4026 4171 4171 4026 4173 4026 4030 4173 4173 4030 4175 4030 4031 4175 4031 4033 4175 4033 4036 4175 4175 4036 4177 4036 4039 4177 4177 4039 4178 4039 4042 4178 4042 4046 4178 4046 4049 4178 4049 4051 4178 4179 4050 4181 4181 4050 4183 4183 4050 4184 4051 4053 4185 4053 4056 4185 4185 4056 4187 4056 4059 4187 4187 4059 4189 4059 4062 4189 4062 4064 4189 4064 4067 4189 4067 4068 4189 4189 4068 4190 4068 4071 4190 4193 4191 4194 4190 4071 4195 4195 4071 4197 4071 4074 4197 4074 4076 4197 4197 4076 4199 4076 4078 4199 4199 4078 4200 4078 4080 4200 4080 4082 4200 4203 4201 4204 4200 4082 4205 4205 4082 4207 4083 4086 4206 4086 4088 4206 4208 4089 4210 4089 4092 4210 4093 4094 4209 4094 4096 4209 4097 4100 4211 4100 4102 4211 4102 4104 4211 4211 4104 4212 4105 4106 4213 4106 4108 4213 4213 4108 4215 4108 4110 4215 4215 4110 4216 4110 4112 4216 4218 4113 4220 4113 4116 4220 4117 4118 4219 4221 4119 4222 4119 4123 4222 4123 4126 4222 4126 4128 4222 4223 4127 4224 4227 4225 4228 4224 4127 4229 4127 4129 4229 4229 4129 4231 4129 4131 4231 4231 4131 4233 4131 4133 4233 4233 4133 4235 4133 4135 4235 4235 4135 4236 4135 4138 4236 4138 4139 4236 4237 4140 4238 4140 4141 4238 4142 4145 4239 4239 4145 4240 4146 4147 4241 4241 4147 4242 4148 4150 4244 4244 4150 4245 4151 4154 4247 4250 4247 4253 4256 4253 4259 4253 4247 4259 4247 4154 4259 4262 4259 4265 4259 4154 4265 4268 4265 4269 4265 4154 4269 4154 4156 4269 4271 4157 4273 4158 4160 4272 4161 4162 4274 4274 4162 4275 4276 4163 4277 4163 4164 4277 4165 4166 4278 4166 4168 4278 4278 4280 4281 4282 4279 4283 4279 4286 4283 4284 4285 4287 4292 4289 4295 4295 4289 4296 4287 4285 4298 4298 4285 4299 4300 4286 4301 4286 4279 4301 4280 4278 4302 4278 4168 4302 4302 4168 4303 4169 4170 4304 4170 4172 4304 4304 4172 4306 4172 4174 4306 4306 4174 4308 4174 4176 4308 4308 4176 4309 4176 4179 4309 4179 4181 4309 4310 4180 4311 4315 4317 4318 4319 4316 4320 4316 4312 4320 4311 4180 4321 4180 4182 4321 4321 4182 4322 4183 4184 4323 4184 4186 4323 4323 4186 4325 4186 4188 4325 4325 4188 4326 4188 4191 4326 4191 4193 4326 4192 4329 4327 4327 4329 4330 4328 4333 4331 4331 4333 4334 4335 4332 4338 4338 4332 4339 4340 4333 4341 4333 4328 4341 4329 4192 4342 4342 4192 4343 4193 4194 4344 4194 4196 4344 4344 4196 4346 4196 4198 4346 4346 4198 4347 4198 4201 4347 4201 4203 4347 4348 4202 4349 4202 4352 4349 4354 4350 4356 4350 4351 4356 4356 4351 4358 4358 4351 4359 4360 4352 4361 4352 4202 4361 4203 4204 4362 4362 4204 4363 4205 4207 4364 4207 4211 4364 4364 4211 4366 4211 4212 4366 4212 4214 4366 4214 4217 4366 4366 4217 4367 4217 4221 4367 4221 4222 4367 4368 4223 4369 4223 4224 4369 4370 4225 4371 4225 4227 4371 4372 4226 4373 4377 4374 4378 4373 4226 4379 4379 4226 4380 4227 4228 4381 4228 4230 4381 4230 4232 4381 4381 4232 4382 4232 4234 4382 4234 4237 4382 4237 4238 4382 4239 4240 4383 4383 4240 4384 4241 4242 4385 4385 4242 4387 4243 4246 4386 4246 4248 4386 4388 4249 4389 4249 4251 4389 4391 4252 4392 4252 4254 4392 4394 4255 4395 4255 4257 4395 4397 4258 4398 4258 4260 4398 4400 4261 4401 4261 4263 4401 4403 4264 4404 4264 4266 4404 4406 4267 4408 4267 4270 4408 4271 4273 4407 4274 4275 4409 4409 4275 4410 4411 4276 4412 4276 4277 4412 4413 4278 4414 4278 4281 4414 4415 4282 4416 4282 4283 4416 4284 4287 4417 4417 4287 4419 4288 4290 4418 4290 4423 4418 4420 4421 4426 4426 4421 4427 4422 4291 4429 4429 4291 4431 4291 4293 4431 4294 4297 4430 4435 4432 4437 4430 4297 4436 4298 4299 4438 4438 4299 4439 4440 4300 4441 4300 4301 4441 4302 4303 4442 4303 4305 4442 4305 4307 4442 4307 4310 4442 4442 4310 4443 4310 4311 4443 4444 4312 4445 4312 4316 4445 4446 4317 4447 4317 4315 4447 4452 4449 4454 4449 4313 4454 4314 4458 4453 4455 4456 4459 4461 4457 4463 4458 4314 4462 4315 4318 4464 4464 4318 4465 4466 4319 4467 4319 4320 4467 4321 4322 4468 4322 4324 4468 4468 4324 4469 4324 4327 4469 4327 4330 4469 4331 4334 4470 4470 4334 4471 4472 4335 4473 4335 4338 4473 4336 4478 4475 4475 4478 4479 4481 4476 4483 4477 4337 4482 4487 4484 4489 4482 4337 4488 4338 4339 4490 4490 4339 4491 4492 4340 4493 4340 4341 4493 4342 4343 4494 4494 4343 4495 4343 4345 4495 4345 4348 4495 4348 4349 4495 4497 4350 4498 4350 4354 4498 4500 4353 4501 4353 2488 4501 2486 2483 4503 4503 2483 4504 4509 4506 4510 4506 2484 4510 2484 2480 4510 4510 2480 4511 4513 2481 4515 2482 2487 4514 2488 4353 4516 4353 4355 4516 4516 4355 4517 4355 4522 4517 4520 4525 4519 4519 4525 4526 4531 4528 4534 4534 4528 4536 4528 4523 4536 4524 4521 4535 4540 4537 4542 4535 4521 4541 4522 4355 4543 4355 4357 4543 4543 4357 4544 4358 4359 4545 4545 4359 4546 4547 4360 4548 4360 4361 4548 4362 4363 4549 4363 4365 4549 4549 4365 4550 4365 4368 4550 4368 4369 4550 4370 4371 4551 4551 4371 4552 4553 4372 4554 4372 4373 4554 4374 4377 4555 4555 4377 4556 4561 4558 4563 4558 4375 4563 4376 4567 4562 4564 4565 4568 4570 4566 4572 4567 4376 4571 4377 4378 4573 4573 4378 4574 4379 4380 4575 4575 4380 4576 4381 4382 4577 4577 4382 4578 4383 4384 4579 4579 4384 4581 4385 4387 4580 4387 4390 4580 4390 4393 4580 4581 4584 4585 4587 4582 4588 4583 4580 4589 4580 4393 4589 4393 4396 4589 4589 4396 4591 4396 4399 4591 4591 4399 4593 4399 4402 4593 4402 4405 4593 4405 4409 4593 4409 4410 4593 4593 4410 4594 4411 4412 4596 4596 4412 4597 4601 4603 4604 4603 4599 4604 4599 4413 4604 4413 4414 4604 4605 4415 4606 4415 4416 4606 4417 4419 4607 4419 4424 4607 4607 4424 4608 4425 4428 4610 4610 4428 4611 4613 4429 4616 4619 4616 4622 4625 4622 4626 4622 4616 4626 4616 4429 4626 4429 4431 4626 4431 4433 4626 4628 4434 4630 4435 4437 4629 4438 4439 4631 4631 4439 4632 4633 4440 4634 4440 4441 4634 4635 4442 4636 4442 4443 4636 4637 4444 4638 4444 4445 4638 4446 4447 4639 4639 4447 4641 4448 4450 4640 4450 4645 4640 4642 4643 4648 4648 4643 4649 4644 4451 4651 4451 4455 4651 4455 4459 4651 4654 4657 4660 4657 4651 4660 4660 4651 4663 4663 4651 4666 4666 4651 4667 4651 4459 4667 4669 4460 4671 4461 4463 4670 4464 4465 4672 4672 4465 4673 4674 4466 4675 4466 4467 4675 4468 4469 4676 4676 4469 4677 4678 4470 4679 4470 4471 4679 4680 4472 4682 4472 4473 4682 4474 4480 4681 4480 4686 4681 4683 4684 4689 4689 4684 4690 4685 4481 4692 4695 4692 4698 4692 4481 4698 4481 4483 4698 4701 4698 4704 4698 4483 4704 4707 4704 4708 4704 4483 4708 4483 4485 4708 4710 4486 4712 4487 4489 4711 4490 4491 4713 4713 4491 4714 4715 4492 4716 4492 4493 4716 4717 4494 4718 4494 4495 4718 4720 4496 4721 4496 4499 4721 4723 4500 4725 4500 4501 4725 4502 4505 4724 4505 4507 4724 4726 4508 4729 4729 4508 4730 4509 4510 4732 4732 4510 4735 4735 4510 4738 4738 4510 4741 4741 4510 4744 4744 4510 4747 4747 4510 4748 4510 4511 4748 4750 4512 4752 4513 4515 4751 4753 4516 4755 4516 4517 4755 4518 4527 4754 4527 4529 4754 4756 4530 4757 4530 4532 4757 4759 4533 4762 4762 4533 4763 4765 4534 4768 4771 4768 4774 4777 4774 4778 4774 4768 4778 4768 4534 4778 4534 4536 4778 4536 4538 4778 4780 4539 4782 4540 4542 4781 4543 4544 4783 4783 4544 4784 4786 4545 4787 4545 4546 4787 4547 4548 4789 4548 4551 4789 4551 4552 4789 4789 4552 4790 4791 4553 4792 4553 4554 4792 4555 4556 4793 4793 4556 4795 4557 4559 4794 4559 4799 4794 4796 4797 4802 4802 4797 4803 4798 4560 4805 4560 4564 4805 4564 4568 4805 4808 4811 4814 4811 4805 4814 4814 4805 4817 4817 4805 4820 4820 4805 4821 4805 4568 4821 4823 4569 4825 4570 4572 4824 4573 4574 4826 4826 4574 4827 4575 4576 4828 4828 4576 4829 4577 4578 4830 4830 4578 4832 4579 4581 4831 4581 4585 4831 4834 4832 4836 4836 4832 4838 4832 4586 4838 4841 4839 4842 4837 4587 4844 4587 4588 4844 4588 4590 4844 4844 4590 4846 4590 4592 4846 4846 4592 4848 4592 4595 4848 4595 4598 4848 4848 4598 4850 4598 4602 4850 4602 4600 4850 4850 4600 4852 4852 4600 4853 4601 4604 4854 4854 4604 4856 4605 4606 4855 4606 4861 4855 4858 4859 4862 4860 4607 4863 4607 4608 4863 4863 4608 4865 4609 4612 4864 4612 4614 4864 4866 4615 4867 4615 4617 4867 4869 4618 4870 4618 4620 4870 4872 4621 4873 4621 4623 4873 4875 4624 4877 4624 4627 4877 4628 4630 4876 4631 4632 4878 4878 4632 4879 4880 4633 4881 4633 4634 4881 4635 4636 4882 4882 4636 4883 4884 4637 4885 4637 4638 4885 4639 4641 4886 4641 4646 4886 4886 4646 4888 4647 4650 4887 4650 4655 4887 4889 4656 4890 4656 4652 4890 4892 4653 4893 4653 4658 4893 4895 4659 4896 4659 4661 4896 4898 4662 4899 4662 4664 4899 4901 4665 4903 4665 4668 4903 4669 4671 4902 4672 4673 4904 4904 4673 4905 4906 4674 4907 4674 4675 4907 4676 4677 4908 4908 4677 4909 4910 4678 4911 4678 4679 4911 4680 4682 4912 4682 4687 4912 4912 4687 4914 4688 4691 4913 4691 4693 4913 4915 4694 4916 4694 4696 4916 4918 4697 4919 4697 4699 4919 4921 4700 4922 4700 4702 4922 4924 4703 4925 4703 4705 4925 4927 4706 4929 4706 4709 4929 4710 4712 4928 4713 4714 4930 4930 4714 4931 4932 4715 4933 4715 4716 4933 4717 4718 4934 4934 4718 4935 4936 4719 4937 4719 4722 4937 4723 4725 4938 4725 4727 4938 4938 4727 4941 4941 4727 4943 4728 4731 4942 4731 4733 4942 4944 4734 4945 4734 4736 4945 4947 4737 4948 4737 4739 4948 4950 4740 4951 4740 4742 4951 4953 4743 4954 4743 4745 4954 4956 4746 4958 4746 4749 4958 4750 4752 4957 4753 4755 4959 4755 4758 4959 4758 4760 4959 4959 4760 4961 4761 4764 4960 4764 4766 4960 4962 4767 4963 4767 4769 4963 4965 4770 4966 4770 4772 4966 4968 4773 4969 4773 4775 4969 4971 4776 4973 4776 4779 4973 4780 4782 4972 4783 4784 4974 4974 4784 4975 4976 4785 4977 4785 4788 4977 4789 4790 4978 4978 4790 4979 4980 4791 4981 4791 4792 4981 4793 4795 4982 4795 4800 4982 4982 4800 4984 4801 4804 4983 4804 4809 4983 4985 4810 4986 4810 4806 4986 4988 4807 4989 4807 4812 4989 4991 4813 4992 4813 4815 4992 4994 4816 4995 4816 4818 4995 4997 4819 4999 4819 4822 4999 4823 4825 4998 4826 4827 5000 5000 4827 5001 4828 4829 5002 5002 4829 5005 5005 4829 5007 4830 4832 5006 4832 4834 5006 5009 4833 5012 4833 4835 5012 5012 4835 5013 4835 4839 5013 4839 4841 5013 5014 4840 5016 5016 4840 5018 4840 4843 5018 5018 4843 5020 4843 4845 5020 5020 4845 5022 4845 4847 5022 5022 4847 5024 4847 4849 5024 5024 4849 5026 4849 4851 5026 5026 4851 5028 5028 4851 5029 4852 4853 5030 5030 4853 5031 4853 4857 5031 4858 4862 5033 5033 4862 5034 4863 4865 5035 4865 4868 5035 5035 4868 5038 4868 4871 5038 4871 4874 5038 4874 4878 5038 4878 4879 5038 5038 4879 5039 4880 4881 5041 5041 4881 5042 5044 4882 5046 5046 4882 5048 5048 4882 5050 5050 4882 5052 4882 4883 5052 4884 4885 5051 4885 5057 5051 5054 5055 5058 5056 4886 5059 4886 4888 5059 4888 4891 5059 5059 4891 5061 4891 4894 5061 5061 4894 5064 4894 4897 5064 4897 4900 5064 4900 4904 5064 4904 4905 5064 5064 4905 5065 4906 4907 5067 5067 4907 5068 4908 4909 5070 5070 4909 5072 5072 4909 5074 5074 4909 5076 5076 4909 5078 4910 4911 5077 4911 5083 5077 5080 5081 5084 5082 4912 5085 4912 4914 5085 4914 4917 5085 5085 4917 5087 4917 4920 5087 5087 4920 5090 4920 4923 5090 4923 4926 5090 4926 4930 5090 4930 4931 5090 5090 4931 5091 4932 4933 5093 5093 4933 5094 5096 4934 5098 5098 4934 5101 4934 4935 5101 5101 4935 5103 4936 4937 5102 4937 4939 5102 5104 4940 5105 4941 4943 5106 4943 4946 5106 4946 4949 5106 5106 4949 5108 4949 4952 5108 4952 4955 5108 5108 4955 5110 4955 4959 5110 4959 4961 5110 4961 4964 5110 5110 4964 5112 4964 4967 5112 4967 4970 5112 4970 4974 5112 4974 4975 5112 5112 4975 5113 4976 4977 5115 5115 4977 5116 5119 4978 5121 5121 4978 5123 5123 4978 5126 5126 4978 5128 4978 4979 5128 4980 4981 5127 4981 5132 5127 5129 5130 5133 5131 4982 5134 4982 4984 5134 4984 4987 5134 5134 4987 5136 4987 4990 5136 5136 4990 5137 4990 4993 5137 4993 4996 5137 4996 5000 5137 5000 5001 5137 5001 5003 5137 5138 5004 5139 5004 5008 5139 5008 5010 5139 5140 5011 5142 5142 5011 5143 5011 5014 5143 5014 5016 5143 5144 5015 5146 5146 5015 5148 5015 5017 5148 5148 5017 5150 5017 5019 5150 5150 5019 5152 5019 5021 5152 5152 5021 5154 5021 5023 5154 5154 5023 5156 5023 5025 5156 5156 5025 5158 5025 5027 5158 5158 5027 5160 5160 5027 5161 5028 5029 5162 5029 5032 5162 5162 5032 5164 5164 5032 5165 5033 5034 5166 5034 5036 5166 5166 5036 5167 5037 5040 5169 5040 5043 5169 5169 5043 5171 5043 5045 5171 5045 5047 5171 5171 5047 5173 5047 5049 5173 5173 5049 5175 5175 5049 5176 5049 5053 5176 5054 5058 5178 5058 5060 5178 5178 5060 5180 5060 5062 5180 5180 5062 5181 5063 5066 5183 5066 5069 5183 5183 5069 5185 5069 5071 5185 5071 5073 5185 5185 5073 5187 5073 5075 5187 5187 5075 5189 5189 5075 5190 5075 5079 5190 5080 5084 5192 5084 5086 5192 5192 5086 5194 5086 5088 5194 5194 5088 5195 5089 5092 5197 5092 5095 5197 5197 5095 5199 5095 5097 5199 5097 5099 5199 5199 5099 5201 5201 5099 5202 5100 5104 5204 5104 5105 5204 5105 5107 5204 5204 5107 5206 5107 5109 5206 5206 5109 5208 5109 5111 5208 5208 5111 5210 5111 5114 5210 5114 5117 5210 5210 5117 5211 5118 5120 5213 5120 5122 5213 5213 5122 5215 5122 5124 5215 5215 5124 5217 5217 5124 5218 5125 5129 5220 5129 5133 5220 5133 5135 5220 5220 5135 5221 5135 5138 5221 5138 5139 5221 5222 5140 5223 5140 5142 5223 5224 5141 5226 5226 5141 5227 5141 5144 5227 5144 5146 5227 5228 5145 5230 5230 5145 5232 5145 5147 5232 5232 5147 5234 5147 5149 5234 5234 5149 5236 5149 5151 5236 5236 5151 5238 5151 5153 5238 5238 5153 5240 5153 5155 5240 5240 5155 5242 5155 5157 5242 5242 5157 5244 5157 5159 5244 5244 5159 5246 5246 5159 5247 5160 5161 5248 5161 5163 5248 5248 5163 5250 5250 5163 5251 5164 5165 5252 5165 5168 5252 5252 5168 5254 5168 5170 5254 5254 5170 5256 5170 5172 5256 5256 5172 5258 5172 5174 5258 5258 5174 5260 5174 5177 5260 5260 5177 5262 5177 5179 5262 5262 5179 5264 5179 5182 5264 5264 5182 5266 5182 5184 5266 5266 5184 5268 5184 5186 5268 5268 5186 5270 5186 5188 5270 5270 5188 5272 5188 5191 5272 5272 5191 5274 5191 5193 5274 5274 5193 5276 5193 5196 5276 5276 5196 5278 5196 5198 5278 5278 5198 5280 5198 5200 5280 5280 5200 5282 5200 5203 5282 5282 5203 5284 5203 5205 5284 5284 5205 5286 5205 5207 5286 5286 5207 5288 5207 5209 5288 5288 5209 5290 5209 5212 5290 5290 5212 5292 5212 5214 5292 5292 5214 5294 5214 5216 5294 5294 5216 5296 5216 5219 5296 5296 5219 5297 5219 5222 5297 5222 5223 5297 5298 5224 5299 5224 5226 5299 5300 5225 5302 5302 5225 5303 5225 5228 5303 5228 5230 5303 5304 5229 5307 5229 5231 5307 5231 5233 5307 5307 5233 5310 5233 5235 5310 5235 5237 5310 5237 5239 5310 5239 5241 5310 5241 5243 5310 5310 5243 5312 5243 5245 5312 5312 5245 5314 5314 5245 5315 5246 5247 5316 5247 5249 5316 5316 5249 5318 5318 5249 5319 5250 5251 5320 5251 5253 5320 5320 5253 5322 5253 5255 5322 5322 5255 5324 5255 5257 5324 5324 5257 5326 5257 5259 5326 5326 5259 5328 5259 5261 5328 5328 5261 5330 5261 5263 5330 5330 5263 5332 5263 5265 5332 5332 5265 5334 5265 5267 5334 5334 5267 5336 5267 5269 5336 5336 5269 5338 5269 5271 5338 5338 5271 5340 5271 5273 5340 5340 5273 5342 5273 5275 5342 5342 5275 5344 5275 5277 5344 5344 5277 5346 5277 5279 5346 5346 5279 5348 5279 5281 5348 5348 5281 5350 5281 5283 5350 5350 5283 5352 5283 5285 5352 5352 5285 5354 5285 5287 5354 5354 5287 5356 5287 5289 5356 5356 5289 5358 5289 5291 5358 5358 5291 5360 5291 5293 5360 5360 5293 5362 5293 5295 5362 5362 5295 5363 5295 5298 5363 5298 5299 5363 5364 5300 5365 5300 5302 5365 5366 5301 5367 5301 5304 5367 5304 5307 5367 5368 5305 5370 5370 5305 5371 5306 5308 5373 5373 5308 5374 5309 5311 5376 5376 5311 5378 5311 5313 5378 5378 5313 5380 5380 5313 5381 5314 5315 5382 5315 5317 5382 5382 5317 5383 5318 5319 5384 5319 5321 5384 5384 5321 5386 5321 5323 5386 5386 5323 5388 5323 5325 5388 5388 5325 5390 5325 5327 5390 5390 5327 5392 5327 5329 5392 5392 5329 5394 5329 5331 5394 5394 5331 5396 5331 5333 5396 5396 5333 5398 5333 5335 5398 5398 5335 5400 5335 5337 5400 5400 5337 5402 5337 5339 5402 5402 5339 5404 5339 5341 5404 5404 5341 5406 5341 5343 5406 5406 5343 5408 5343 5345 5408 5408 5345 5410 5345 5347 5410 5410 5347 5412 5347 5349 5412 5412 5349 5414 5349 5351 5414 5414 5351 5416 5351 5353 5416 5416 5353 5418 5353 5355 5418 5418 5355 5420 5355 5357 5420 5420 5357 5422 5357 5359 5422 5422 5359 5424 5359 5361 5424 5424 5361 5425 5361 5364 5425 5364 5365 5425 5426 5366 5427 5366 5367 5427 5428 5368 5429 5368 5370 5429 5430 5369 5432 5432 5369 5434 5369 5372 5434 5434 5372 5437 5440 5443 5445 5443 5447 5445 5445 5447 5449 5447 5437 5449 5449 5437 5451 5454 5456 5458 5456 5460 5458 5460 5462 5458 5458 5462 5465 5462 5467 5465 5467 5451 5465 5451 5437 5465 5437 5372 5465 5465 5372 5469 5372 5375 5469 5469 5375 5471 5471 5375 5473 5375 5377 5473 5473 5377 5475 5377 5379 5475 5477 5475 5478 5475 5379 5478 5380 5381 5479 5479 5381 5480 5382 5383 5482 5383 5385 5482 5385 5387 5482 5387 5389 5482 5482 5389 5485 5389 5391 5485 5391 5393 5485 5393 5395 5485 5395 5397 5485 5397 5399 5485 5485 5399 5487 5399 5401 5487 5487 5401 5489 5401 5403 5489 5489 5403 5491 5403 5405 5491 5405 5407 5491 5491 5407 5494 5407 5409 5494 5409 5411 5494 5411 5413 5494 5413 5415 5494 5415 5417 5494 5494 5417 5497 5417 5419 5497 5419 5421 5497 5421 5423 5497 5497 5423 5498 5423 5426 5498 5426 5427 5498 5499 5428 5500 5428 5429 5500 5430 5432 5501 5501 5432 5502 5505 5507 5509 5507 5503 5509 5509 5503 5511 5503 5431 5511 5511 5431 5513 5431 5433 5513 5513 5433 5514 5433 5435 5514 5516 5436 5518 5436 5446 5518 5518 5446 5519 5446 5441 5519 5521 5442 5522 5442 5438 5522 5524 5439 5526 5439 5444 5526 5526 5444 5528 5444 5448 5528 5528 5448 5530 5448 5450 5530 5530 5450 5532 5450 5466 5532 5532 5466 5534 5466 5461 5534 5534 5461 5536 5461 5459 5536 5536 5459 5538 5459 5455 5538 5538 5455 5539 5455 5452 5539 5541 5453 5543 5453 5457 5543 5543 5457 5544 5457 5463 5544 5546 5464 5548 5464 5468 5548 5548 5468 5550 5468 5470 5550 5550 5470 5552 5470 5472 5552 5552 5472 5554 5472 5474 5554 5554 5474 5556 5474 5476 5556 5556 5476 5557 5562 5565 5567 5569 5567 5570 5567 5565 5570 5573 5571 5574 5571 5563 5574 5576 5564 5577 5564 5560 5577 5579 5561 5581 5561 5566 5581 5581 5566 5583 5566 5568 5583 5583 5568 5585 5568 5587 5585 5585 5587 5589 5589 5587 5590 5591 5586 5594 5586 5569 5594 5569 5570 5594 5571 5573 5593 5573 5559 5593 5557 5476 5592 5594 5477 5596 5477 5478 5596 5479 5480 5595 5481 5483 5597 5597 5483 5598 5484 5486 5600 5600 5486 5602 5486 5488 5602 5602 5488 5604 5488 5490 5604 5604 5490 5606 5490 5492 5606 5606 5492 5607 5493 5495 5609 5609 5495 5611 5496 5499 5610 5499 5500 5610 5501 5502 5612 5502 5506 5612 5612 5506 5613 5507 5505 5614 5505 2479 5614 5614 2479 5616 2477 2463 5615 5617 2464 5618 2464 2465 5618 2466 2468 5619 2468 5621 5619 5619 5621 5623 5625 5623 5626 5623 5621 5626 5627 5620 5628 5620 2467 5628 5631 5629 5632 5628 2467 5633 2467 2470 5633 2470 2473 5633 5633 2473 5635 2473 2475 5635 2475 2478 5635 2478 5504 5635 5635 5504 5637 5637 5504 5639 5504 5508 5639 5639 5508 5641 5508 5510 5641 5641 5510 5643 5643 5510 5645 5510 5512 5645 5645 5512 5647 5512 5515 5647 5515 5517 5647 5647 5517 5649 5517 5520 5649 5520 5523 5649 5523 5525 5649 5649 5525 5651 5525 5527 5651 5651 5527 5653 5527 5529 5653 5653 5529 5655 5529 5531 5655 5531 5533 5655 5655 5533 5657 5533 5535 5657 5535 5537 5657 5537 5540 5657 5657 5540 5659 5540 5542 5659 5542 5545 5659 5545 5547 5659 5659 5547 5661 5547 5549 5661 5661 5549 5663 5549 5551 5663 5663 5551 5665 5551 5553 5665 5665 5553 5667 5667 5553 5669 5553 5555 5669 5669 5555 5671 5555 5558 5671 5558 5572 5671 5671 5572 5673 5572 5575 5673 5575 5578 5673 5578 5580 5673 5673 5580 5674 5580 5582 5674 5677 5675 5678 5674 5582 5679 5582 5584 5679 5679 5584 5681 5584 5588 5681 5681 5588 5682 5589 5590 5683 5590 5685 5683 5683 5685 5688 5688 5685 5689 5694 5691 5696 5691 5684 5696 5684 5591 5696 5696 5591 5699 5591 5594 5699 5594 5596 5699 5699 5596 5701 5596 5599 5701 5701 5599 5703 5703 5599 5705 5599 5601 5705 5705 5601 5707 5601 5603 5707 5707 5603 5709 5603 5605 5709 5709 5605 5710 5605 5608 5710 5714 5711 5715 5710 5608 5717 5608 5612 5717 5612 5613 5717 5613 5617 5717 5617 5618 5717 5618 5622 5717 5622 5624 5717 5717 5624 5719 5721 5723 5725 5723 5719 5725 5725 5719 5726 5719 5624 5726 5727 5625 5728 5625 5626 5728 5729 5627 5730 5627 5628 5730 5731 5629 5732 5629 5631 5732 5733 5630 5734 2456 5735 5736 5734 5630 5737 5737 5630 5738 5631 5632 5739 5632 5634 5739 5739 5634 5741 5634 5636 5741 5741 5636 5743 5636 5638 5743 5743 5638 5745 5638 5640 5745 5745 5640 5747 5640 5642 5747 5747 5642 5749 5642 5644 5749 5749 5644 5751 5644 5646 5751 5751 5646 5753 5646 5648 5753 5753 5648 5755 5648 5650 5755 5755 5650 5757 5650 5652 5757 5757 5652 5759 5652 5654 5759 5759 5654 5761 5654 5656 5761 5761 5656 5763 5656 5658 5763 5763 5658 5765 5658 5660 5765 5765 5660 5767 5660 5662 5767 5767 5662 5769 5662 5664 5769 5769 5664 5771 5664 5666 5771 5771 5666 5773 5666 5668 5773 5773 5668 5775 5668 5670 5775 5775 5670 5777 5670 5672 5777 5777 5672 5778 5672 5675 5778 5675 5677 5778 5779 5676 5780 2067 5781 5782 5780 5676 5783 5783 5676 5784 5677 5678 5785 5678 5680 5785 5785 5680 5787 5787 5680 5788 5681 5682 5789 5682 5686 5789 5789 5686 5791 5687 5690 5790 5690 5692 5790 5792 5693 5794 5693 5695 5794 5794 5695 5795 5695 5697 5795 5698 5700 5797 5797 5700 5799 5700 5702 5799 5799 5702 5801 5702 5704 5801 5801 5704 5803 5704 5706 5803 5803 5706 5805 5706 5708 5805 5805 5708 5806 5708 5711 5806 5711 5714 5806 5807 5712 5808 5713 5716 5809 5716 5718 5809 5809 5718 5811 5718 5722 5811 5811 5722 5813 5722 5720 5813 5813 5720 5815 5720 5724 5815 5815 5724 5816 5724 5727 5816 5727 5728 5816 5817 5729 5818 5729 5730 5818 5819 5731 5820 5731 5732 5820 5821 5733 5822 5733 5734 5822 5823 5735 5824 5735 2456 5824 2455 2358 5825 2358 2360 5825 2360 2364 5825 2364 2367 5825 2367 2369 5825 2369 2374 5825 5825 2374 5826 2375 2376 5827 5845 5829 5830 5829 5832 5830 5830 5832 5833 5833 5832 5834 5832 5836 5834 5834 5836 5839 5836 5827 5839 5827 2376 5839 2376 2380 5839 2381 2382 5838 2382 2383 5838 2383 2385 5838 5837 2384 5842 2385 2386 5841 5840 2387 5843 5843 2387 5844 5844 2387 5846 2387 2388 5846 5846 2388 5848 2388 2389 5848 2389 2390 5848 5848 2390 5850 2390 2391 5850 5850 2391 5852 2391 2392 5852 5852 2392 5854 2392 2393 5854 5854 2393 5857 5857 2393 5859 2394 2396 5858 5861 2395 5864 2396 2397 5863 2397 2399 5863 5862 2398 5866 5866 2398 5868 5868 2398 5869 2398 2400 5869 5869 2400 5871 2400 2402 5871 5871 2402 5873 5873 2402 5875 2402 2404 5875 5875 2404 5877 5877 2404 5878 2404 2406 5878 5878 2406 5880 5880 2406 5882 2406 2408 5882 5882 2408 5883 2408 2410 5883 5883 2410 5885 5885 2410 5887 2410 2412 5887 5887 2412 5889 2412 2415 5889 5889 2415 5891 2415 2417 5891 5891 2417 5892 5894 2418 5895 5896 2419 5899 2420 2421 5898 2421 2422 5898 2422 2424 5898 5897 2423 5902 2424 2425 5901 5900 2426 5904 5903 2427 5906 2427 2428 5906 5906 2428 5907 2428 2429 5907 2429 2430 5907 2430 2431 5909 5909 2431 5912 2431 2432 5912 5912 2432 5913 2432 2433 5913 2433 2437 5913 5914 2438 5915 2438 2440 5915 5916 2439 5917 2439 2441 5917 2441 2444 5917 2444 2446 5917 2446 2448 5917 2448 2451 5917 2451 2454 5917 2454 2455 5917 2456 5736 5918 5918 5736 5919 5737 5738 5920 5738 5740 5920 5920 5740 5922 5740 5742 5922 5922 5742 5924 5742 5744 5924 5924 5744 5926 5744 5746 5926 5926 5746 5928 5746 5748 5928 5928 5748 5930 5748 5750 5930 5930 5750 5932 5750 5752 5932 5932 5752 5934 5752 5754 5934 5934 5754 5936 5754 5756 5936 5936 5756 5938 5756 5758 5938 5938 5758 5940 5758 5760 5940 5940 5760 5942 5760 5762 5942 5942 5762 5944 5762 5764 5944 5944 5764 5946 5764 5766 5946 5946 5766 5948 5766 5768 5948 5948 5768 5950 5768 5770 5950 5950 5770 5952 5770 5772 5952 5952 5772 5954 5772 5774 5954 5954 5774 5956 5774 5776 5956 5956 5776 5957 5776 5779 5957 5779 5780 5957 5958 5781 5959 5781 2067 5959 2066 1969 5960 1969 1972 5960 1972 1974 5960 1974 1977 5960 1977 1979 5960 1979 1981 5960 5960 1981 5961 1982 1987 5962 1987 1993 5962 5962 1993 5964 1993 1995 5964 5964 1995 5966 5966 1995 5967 1996 1997 5969 1997 1999 5969 5969 1999 5970 1999 2000 5970 2000 2001 5970 2001 2002 5970 5970 2002 5972 2002 2003 5972 5972 2003 5973 2003 2004 5973 5973 2004 5977 2005 2007 5976 5975 2006 5979 2007 2008 5978 2008 2012 5978 5980 2009 5981 5982 2010 5983 5985 2011 5987 5987 2011 5989 2011 2013 5989 5989 2013 5990 2013 2015 5990 5990 2015 5992 2015 2017 5992 5992 2017 5994 2017 2019 5994 5994 2019 5995 5995 2019 5998 2020 2022 5997 5997 2022 6000 6000 2022 6001 2023 2025 6003 6003 2025 6005 6005 2025 6006 2025 2027 6006 6006 2027 6008 6008 2027 6010 2027 2029 6010 6010 2029 6011 2029 2031 6011 6011 2031 6013 6013 2031 6017 2032 2033 6016 2033 2034 6016 2034 2035 6016 6015 2036 6019 2037 2038 6018 6022 2039 6024 6024 2039 6026 6026 2039 6029 2039 2040 6029 6029 2040 6031 2040 2041 6031 2041 2042 6031 6031 2042 6032 2042 2043 6032 6032 2043 6034 2043 2044 6034 6034 2044 6035 2044 2045 6035 6035 2045 6037 2045 2049 6037 6039 6040 6042 6040 6036 6042 6042 6036 6043 6036 2050 6043 2050 2052 6043 6044 2051 6045 2051 2053 6045 2053 2055 6045 2055 2057 6045 2057 2059 6045 2059 2061 6045 2061 2065 6045 2065 2066 6045 2067 5782 6046 6046 5782 6047 5783 5784 6048 5784 5786 6048 6048 5786 6050 6050 5786 6051 5787 5788 6052 6052 5788 6053 5789 5791 6054 5791 5793 6054 5793 5796 6054 5796 5798 6054 6054 5798 6056 6056 5798 6058 5798 5800 6058 6058 5800 6060 5800 5802 6060 6060 5802 6062 6062 5802 6064 5802 5804 6064 6064 5804 6066 5804 5807 6066 5807 5808 6066 6066 5808 6067 5808 5810 6067 5810 5812 6067 5812 5814 6067 5814 5817 6067 5817 5818 6067 6068 5819 6069 5819 5820 6069 6070 5821 6071 5821 5822 6071 6074 6072 6076 6076 6072 6077 6072 5823 6077 5823 5824 6077 5825 5826 6078 5826 5835 6078 5835 5831 6078 5831 5828 6078 6078 5828 6079 5829 5845 6080 5845 5847 6080 6080 5847 6082 5847 5849 6082 6082 5849 6084 5849 5851 6084 5851 5853 6084 6084 5853 6086 5853 5855 6086 6086 5855 6087 5856 5860 6089 5860 5865 6089 6089 5865 6091 6091 5865 6093 6093 5865 6096 5865 6097 6096 6097 5867 6096 6096 5867 6099 6099 5867 6101 5867 5870 6101 5870 6102 6101 6101 6102 6104 6102 5872 6104 5872 5874 6104 6104 5874 6106 5874 5876 6106 6106 5876 6108 5876 5879 6108 5879 6109 6108 6108 6109 6112 6109 5881 6112 6112 5881 6114 5881 5884 6114 5884 6115 6114 6115 5886 6114 6114 5886 6117 5886 5888 6117 6117 5888 6119 6119 5888 6121 5888 5890 6121 5890 5893 6121 6121 5893 6123 5893 5896 6123 6123 5896 6126 5896 5899 6126 6126 5899 6128 5899 6129 6128 6129 6130 6128 6128 6130 6132 6132 6130 6134 6130 5905 6134 6134 5905 6136 5905 5908 6136 6136 5908 6138 5908 5910 6138 6138 5910 6140 5911 5914 6139 5914 5915 6139 6142 5916 6143 5916 5917 6143 5918 5919 6144 5919 5921 6144 6144 5921 6146 5921 5923 6146 6146 5923 6148 5923 5925 6148 6148 5925 6150 5925 5927 6150 6150 5927 6152 5927 5929 6152 6152 5929 6154 5929 5931 6154 6154 5931 6156 5931 5933 6156 6156 5933 6158 5933 5935 6158 6158 5935 6160 5935 5937 6160 6160 5937 6162 5937 5939 6162 6162 5939 6164 5939 5941 6164 6164 5941 6166 5941 5943 6166 6166 5943 6168 5943 5945 6168 6168 5945 6170 6170 5945 6172 5945 5947 6172 6172 5947 6174 6174 5947 6176 5947 5949 6176 6176 5949 6178 5949 5951 6178 6178 5951 6180 5951 5953 6180 6180 5953 6182 5953 5955 6182 6182 5955 6183 5955 5958 6183 5958 5959 6183 5960 5961 6184 5961 5963 6184 5963 5965 6184 6184 5965 6186 5966 5967 6185 5968 5971 6187 6187 5971 6189 5971 6190 6189 6189 6190 6192 6190 6193 6192 6192 6193 6195 6195 6193 6197 6193 5974 6197 6197 5974 6199 6199 5974 6202 5974 5980 6202 6202 5980 6204 5980 5981 6204 5981 5984 6204 6204 5984 6206 5984 5986 6206 6206 5986 6208 5986 5988 6208 6208 5988 6210 5988 5991 6210 6210 5991 6212 5991 6213 6212 6212 6213 6215 6213 5993 6215 6215 5993 6217 5993 5996 6217 6217 5996 6219 6219 5996 6222 5996 6223 6222 6223 5999 6222 6222 5999 6225 5999 6002 6225 6002 6004 6225 6004 6007 6225 6225 6007 6227 6007 6228 6227 6227 6228 6230 6228 6009 6230 6230 6009 6232 6009 6012 6232 6012 6233 6232 6232 6233 6235 6233 6014 6235 6235 6014 6237 6014 6020 6237 6237 6020 6239 6239 6020 6240 6021 6023 6242 6023 6025 6242 6025 6027 6242 6242 6027 6243 6028 6030 6245 6245 6030 6247 6030 6033 6247 6247 6033 6248 6033 6251 6248 6251 6040 6248 6040 6039 6248 6250 6038 6252 6038 6041 6252 6041 6044 6252 6044 6045 6252 6046 6047 6253 6047 6049 6253 6253 6049 6255 6255 6049 6256 6050 6051 6257 6257 6051 6258 6052 6053 6259 6053 6055 6259 6259 6055 6261 6055 6057 6261 6261 6057 6263 6057 6059 6263 6263 6059 6265 6059 6061 6265 6265 6061 6267 6061 6063 6267 6267 6063 6269 6063 6065 6269 6269 6065 6270 6065 6068 6270 6068 6069 6270 6271 6070 6272 6070 6071 6272 6072 6074 6273 6273 6074 6274 6275 6073 6277 6277 6073 6279 6073 6075 6279 6279 6075 6281 6075 6078 6281 6281 6078 6283 6078 6079 6283 6079 6081 6283 6081 6083 6283 6083 6085 6283 6085 6088 6283 6088 6090 6283 6283 6090 6284 6090 6092 6284 6092 6094 6284 6095 6098 6286 6098 6100 6286 6100 6103 6286 6103 6105 6286 6286 6105 6287 6105 6107 6287 6107 6110 6287 6111 6113 6289 6289 6113 6290 6113 6116 6290 6116 6118 6290 6118 6120 6290 6120 6122 6290 6122 6124 6290 6125 6127 6292 6292 6127 6293 6127 6131 6293 6131 6133 6293 6133 6135 6293 6135 6137 6293 6137 6141 6293 6142 6143 6295 6143 6145 6295 6295 6145 6297 6145 6147 6297 6297 6147 6299 6147 6149 6299 6299 6149 6301 6149 6151 6301 6301 6151 6303 6151 6153 6303 6303 6153 6305 6153 6155 6305 6305 6155 6307 6155 6157 6307 6307 6157 6309 6157 6159 6309 6309 6159 6311 6159 6161 6311 6311 6161 6313 6161 6163 6313 6313 6163 6315 6163 6165 6315 6315 6165 6317 6165 6167 6317 6317 6167 6319 6167 6169 6319 6319 6169 6321 6169 6171 6321 6321 6171 6323 6171 6173 6323 6323 6173 6325 6173 6175 6325 6325 6175 6327 6175 6177 6327 6327 6177 6329 6177 6179 6329 6329 6179 6331 6179 6181 6331 6331 6181 6333 6181 6184 6333 6333 6184 6335 6184 6186 6335 6186 6188 6335 6188 6191 6335 6191 6194 6335 6194 6196 6335 6196 6198 6335 6335 6198 6336 6198 6200 6336 6201 6203 6338 6203 6205 6338 6205 6207 6338 6207 6209 6338 6209 6211 6338 6338 6211 6339 6211 6214 6339 6214 6216 6339 6216 6218 6339 6218 6220 6339 6221 6224 6341 6341 6224 6343 6224 6226 6343 6226 6229 6343 6229 6231 6343 6231 6234 6343 6234 6236 6343 6343 6236 6344 6236 6238 6344 6238 6241 6344 6241 6244 6344 6244 6246 6344 6246 6249 6344 6250 6252 6346 6252 6254 6346 6346 6254 6348 6350 6348 6351 6348 6254 6351 6255 6256 6352 6352 6256 6353 6257 6258 6354 6258 6260 6354 6354 6260 6356 6260 6262 6356 6356 6262 6358 6262 6264 6358 6358 6264 6360 6264 6266 6360 6360 6266 6362 6266 6268 6362 6362 6268 6363 6268 6271 6363 6271 6272 6363 6364 6273 6365 6273 6274 6365 6366 6275 6367 6275 6277 6367 6369 6368 6370 6368 6276 6370 6276 6278 6370 6370 6278 6371 6278 6280 6371 6371 6280 6372 6280 6282 6372 6372 6282 6373 6282 6285 6373 6373 6285 6374 6285 6288 6374 6374 6288 6375 6288 6291 6375 6375 6291 6376 6291 6294 6376 6376 6294 6377 6294 6296 6377 6377 6296 6378 6296 6298 6378 6378 6298 6379 6298 6300 6379 6379 6300 6380 6300 6302 6380 6380 6302 6381 6302 6304 6381 6381 6304 6382 6304 6306 6382 6382 6306 6383 6306 6308 6383 6308 6310 6383 6383 6310 6384 6310 6312 6384 6384 6312 6385 6312 6314 6385 6385 6314 6386 6314 6316 6386 6386 6316 6387 6316 6318 6387 6387 6318 6388 6318 6320 6388 6320 6322 6388 6388 6322 6389 6322 6324 6389 6389 6324 6390 6324 6326 6390 6390 6326 6391 6326 6328 6391 6391 6328 6392 6328 6330 6392 6392 6330 6393 6330 6332 6393 6393 6332 6394 6332 6334 6394 6394 6334 6395 6334 6337 6395 6395 6337 6396 6337 6340 6396 6396 6340 6397 6340 6342 6397 6397 6342 6398 6342 6345 6398 6398 6345 6399 6345 6347 6399 6399 6347 6400 6347 6349 6400 6400 6349 6401 6402 6403 6405 6405 6403 6407 6403 6401 6407 6407 6401 6408 6401 6349 6408 6409 6350 6410 6350 6351 6410 6352 6353 6411 6353 6355 6411 6411 6355 6413 6355 6357 6413 6413 6357 6415 6357 6359 6415 6415 6359 6417 6359 6361 6417 6417 6361 6418 6361 6364 6418 6364 6365 6418 6419 6366 6420 6366 6367 6420 6368 6369 6422 6369 6423 6422 6422 6423 6424 6423 6402 6424 6402 6405 6424 6427 6425 6429 6425 6404 6429 6429 6404 6431 6431 6404 6433 6433 6404 6435 6435 6404 6437 6404 6406 6437 6437 6406 6439 6439 6406 6441 6441 6406 6443 6443 6406 6445 6445 6406 6447 6447 6406 6449 6406 6409 6449 6449 6409 6451 6451 6409 6453 6453 6409 6455 6455 6409 6457 6409 6410 6457 6457 6410 6459 6459 6410 6461 6461 6410 6463 6463 6410 6465 6410 6412 6465 6465 6412 6467 6467 6412 6469 6469 6412 6471 6471 6412 6473 6473 6412 6475 6475 6412 6477 6412 6414 6477 6477 6414 6479 6479 6414 6481 6481 6414 6483 6414 6416 6483 6483 6416 6485 6485 6416 6487 6487 6416 6489 6489 6416 6491 6491 6416 6493 6493 6416 6495 6416 6419 6495 6495 6419 6497 6497 6419 6499 6499 6419 6501 6501 6419 6502 6419 6420 6502 6504 6421 6506 6506 6421 6508 6508 6421 6510 6510 6421 6512 6512 6421 6514 6421 6425 6514 6514 6425 6516 6516 6425 6518 6518 6425 6520 6425 6427 6520 6523 6521 6524 6526 6519 6528 6519 6426 6528 6426 6428 6528 6528 6428 6530 6428 6430 6530 6530 6430 6532 6430 6432 6532 6532 6432 6534 6432 6434 6534 6434 6436 6534 6534 6436 6536 6536 6436 6538 6436 6438 6538 6538 6438 6540 6438 6440 6540 6540 6440 6542 6440 6442 6542 6542 6442 6544 6442 6444 6544 6544 6444 6546 6444 6446 6546 6546 6446 6548 6548 6446 6550 6446 6448 6550 6550 6448 6552 6448 6450 6552 6552 6450 6554 6450 6452 6554 6554 6452 6556 6452 6454 6556 6556 6454 6559 6454 6456 6559 6559 6456 6561 6456 6458 6561 6561 6458 6563 6458 6460 6563 6563 6460 6565 6460 6462 6565 6565 6462 6567 6462 6464 6567 6567 6464 6569 6464 6466 6569 6466 6468 6569 6569 6468 6571 6468 6470 6571 6571 6470 6573 6470 6472 6573 6573 6472 6575 6575 6472 6577 6577 6472 6579 6472 6474 6579 6474 6476 6579 6579 6476 6581 6581 6476 6583 6476 6478 6583 6478 6480 6583 6480 6482 6583 6583 6482 6585 6482 6484 6585 6585 6484 6587 6587 6484 6589 6484 6486 6589 6589 6486 6591 6486 6488 6591 6591 6488 6593 6488 6490 6593 6593 6490 6595 6490 6492 6595 6595 6492 6597 6492 6494 6597 6597 6494 6599 6599 6494 6601 6494 6496 6601 6601 6496 6603 6496 6498 6603 6603 6498 6605 6498 6500 6605 6605 6500 6607 6500 6503 6607 6607 6503 6609 6503 6505 6609 6609 6505 6611 6505 6507 6611 6611 6507 6613 6507 6509 6613 6613 6509 6615 6509 6511 6615 6615 6511 6617 6511 6513 6617 6617 6513 6619 6513 6515 6619 6619 6515 6621 6515 6517 6621 6621 6517 6622 6517 6521 6622 6521 6523 6622 6623 6522 6625 6522 6525 6625 6525 6527 6625 6527 6529 6625 6625 6529 6627 6529 6531 6627 6531 6533 6627 6627 6533 6629 6533 6535 6629 6535 6537 6629 6537 6539 6629 6539 6541 6629 6629 6541 6631 6541 6543 6631 6543 6545 6631 6545 6547 6631 6631 6547 6633 6547 6549 6633 6549 6551 6633 6551 6553 6633 6633 6553 6635 6553 6555 6635 6555 6557 6635 6635 6557 6637 6637 6557 6638 6558 6560 6640 6560 6562 6640 6640 6562 6642 6562 6564 6642 6564 6566 6642 6642 6566 6644 6566 6568 6644 6568 6570 6644 6570 6572 6644 6644 6572 6646 6572 6574 6646 6574 6576 6646 6576 6578 6646 6578 6580 6646 6646 6580 6648 6580 6582 6648 6582 6584 6648 6648 6584 6650 6584 6586 6650 6586 6588 6650 6588 6590 6650 6590 6592 6650 6650 6592 6652 6592 6594 6652 6594 6596 6652 6596 6598 6652 6652 6598 6654 6598 6600 6654 6600 6602 6654 6602 6604 6654 6654 6604 6656 6604 6606 6656 6606 6608 6656 6656 6608 6658 6658 6608 6660 6608 6610 6660 6610 6612 6660 6660 6612 6662 6612 6614 6662 6614 6616 6662 6662 6616 6663 6616 6618 6663 6618 6620 6663 6620 6623 6663 6623 6625 6663 6664 6624 6666 6666 6624 6668 6624 6626 6668 6668 6626 6670 6626 6628 6670 6670 6628 6672 6628 6630 6672 6672 6630 6674 6630 6632 6674 6674 6632 6676 6632 6634 6676 6634 6636 6676 6676 6636 6678 6636 6639 6678 6678 6639 6680 6639 6641 6680 6680 6641 6682 6641 6643 6682 6682 6643 6684 6643 6645 6684 6684 6645 6686 6645 6647 6686 6686 6647 6688 6647 6649 6688 6688 6649 6690 6649 6651 6690 6690 6651 6692 6651 6653 6692 6692 6653 6694 6653 6655 6694 6655 6657 6694 6694 6657 6696 6657 6659 6696 6696 6659 6698 6659 6661 6698 6698 6661 6699 6661 6664 6699 6664 6666 6699 6700 6665 6702 6702 6665 6704 6665 6667 6704 6704 6667 6706 6667 6669 6706 6706 6669 6708 6669 6671 6708 6708 6671 6710 6671 6673 6710 6710 6673 6712 6673 6675 6712 6712 6675 6714 6675 6677 6714 6714 6677 6716 6677 6679 6716 6716 6679 6718 6679 6681 6718 6718 6681 6720 6681 6683 6720 6720 6683 6722 6683 6685 6722 6722 6685 6724 6685 6687 6724 6724 6687 6726 6687 6689 6726 6726 6689 6728 6689 6691 6728 6728 6691 6730 6691 6693 6730 6730 6693 6732 6693 6695 6732 6732 6695 6734 6695 6697 6734 6734 6697 6735 6697 6700 6735 6700 6702 6735 6736 6701 6738 6738 6701 6740 6701 6703 6740 6740 6703 6742 6703 6705 6742 6742 6705 6744 6705 6707 6744 6744 6707 6746 6707 6709 6746 6746 6709 6748 6709 6711 6748 6748 6711 6750 6711 6713 6750 6750 6713 6752 6713 6715 6752 6752 6715 6754 6715 6717 6754 6754 6717 6756 6717 6719 6756 6756 6719 6758 6719 6721 6758 6758 6721 6760 6721 6723 6760 6760 6723 6762 6723 6725 6762 6762 6725 6764 6725 6727 6764 6764 6727 6766 6727 6729 6766 6766 6729 6768 6729 6731 6768 6768 6731 6770 6731 6733 6770 6770 6733 6771 6733 6736 6771 6736 6738 6771 6772 6737 6774 6774 6737 6777 6737 6739 6777 6777 6739 6779 6739 6741 6779 6779 6741 6782 6741 6743 6782 6782 6743 6784 6743 6745 6784 6784 6745 6787 6745 6747 6787 6787 6747 6789 6747 6749 6789 6749 6751 6789 6789 6751 6792 6751 6753 6792 6792 6753 6794 6753 6755 6794 6794 6755 6797 6755 6757 6797 6797 6757 6800 6757 6759 6800 6800 6759 6802 6759 6761 6802 6802 6761 6805 6761 6763 6805 6805 6763 6807 6763 6765 6807 6807 6765 6810 6765 6767 6810 6767 6769 6810 6810 6769 6811 6769 6772 6811 6772 6774 6811 6812 6773 6814 6814 6773 6816 6773 6775 6816 6816 6775 6817 6776 6778 6819 6819 6778 6821 6778 6780 6821 6821 6780 6822 6781 6783 6824 6824 6783 6826 6783 6785 6826 6826 6785 6827 6786 6788 6829 6829 6788 6831 6788 6790 6831 6831 6790 6832 6791 6793 6834 6834 6793 6836 6793 6795 6836 6836 6795 6837 6796 6798 6839 6839 6798 6840 6799 6801 6842 6842 6801 6844 6801 6803 6844 6844 6803 6845 6804 6806 6847 6847 6806 6849 6806 6808 6849 6849 6808 6851 6809 6812 6850 6812 6814 6850 6852 6813 6855 6855 6813 6858 6813 6815 6858 6815 6818 6858 6858 6818 6861 6818 6820 6861 6861 6820 6864 6820 6823 6864 6864 6823 6867 6823 6825 6867 6867 6825 6870 6825 6828 6870 6870 6828 6873 6828 6830 6873 6830 6833 6873 6873 6833 6876 6833 6835 6876 6876 6835 6879 6835 6838 6879 6879 6838 6882 6838 6841 6882 6882 6841 6885 6841 6843 6885 6885 6843 6888 6843 6846 6888 6846 6848 6888 6888 6848 6889 6848 6852 6889 6852 6855 6889 6891 6853 6892 6894 6854 6895 6854 6856 6895 6897 6857 6898 6857 6859 6898 6900 6860 6901 6860 6862 6901 6903 6863 6905 6863 6865 6905 6908 6906 6910 6904 6866 6909 6866 6868 6909 6911 6869 6912 6869 6871 6912 6914 6872 6915 6872 6874 6915 6917 6875 6918 6875 6877 6918 6920 6878 6921 6878 6880 6921 6923 6881 6924 6881 6883 6924 6926 6884 6927 6884 6886 6927 6929 6887 6931 6887 6890 6931 6891 6892 6930 6932 6893 6935 6893 6896 6935 6935 6896 6937 6896 6899 6937 6937 6899 6939 6939 6899 6941 6899 6902 6941 6941 6902 6942 6902 6906 6942 6906 6908 6942 6943 6907 6945 6945 6907 6947 6950 6947 6951 6947 6907 6951 6908 6910 6953 6910 6913 6953 6953 6913 6956 6913 6916 6956 6956 6916 6958 6916 6919 6958 6958 6919 6960 6919 6922 6960 6960 6922 6962 6922 6925 6962 6962 6925 6964 6925 6928 6964 6964 6928 6966 6928 6932 6966 6966 6932 6967 6932 6935 6967 6969 6933 6970 6934 6936 6972 6972 6936 6974 6936 6938 6974 6974 6938 6976 6938 6940 6976 6976 6940 6977 6940 6943 6977 6943 6945 6977 6978 6944 6980 6980 6944 6982 6944 6946 6982 6982 6946 6985 6946 6948 6985 6985 6948 6988 6988 6948 6990 6949 6952 6989 6952 6954 6989 6955 6957 6991 6991 6957 6993 6957 6959 6993 6993 6959 6995 6959 6961 6995 6995 6961 6997 6961 6963 6997 6997 6963 6999 6963 6965 6999 6999 6965 7001 6965 6968 7001 7001 6968 7003 6969 6970 7002 7004 6971 7007 7007 6971 7009 6971 6973 7009 7009 6973 7011 6973 6975 7011 7011 6975 7012 6975 6978 7012 6978 6980 7012 7013 6979 7015 7015 6979 7017 6979 6981 7017 7017 6981 7018 6981 6983 7018 7020 6984 7021 6984 6986 7021 7023 6987 7025 7025 6987 7026 6988 6990 7027 6990 6992 7027 7027 6992 7029 6992 6994 7029 7029 6994 7031 6994 6996 7031 7031 6996 7033 6996 6998 7033 7033 6998 7035 6998 7000 7035 7035 7000 7036 7000 7004 7036 7004 7007 7036 7038 7005 7039 7041 7006 7043 7006 7008 7043 7043 7008 7045 7008 7010 7045 7045 7010 7046 7010 7013 7046 7013 7015 7046 7047 7014 7049 7014 7016 7049 7016 7019 7049 7019 7022 7049 7053 7055 7057 7055 7059 7057 7057 7059 7061 7059 7063 7061 7063 7065 7061 7061 7065 7067 7065 7069 7067 7067 7069 7071 7072 7074 7075 7075 7074 7077 7074 7071 7077 7071 7069 7077 7076 7068 7078 7068 7064 7078 7064 7062 7078 7062 7058 7078 7058 7054 7078 7054 7051 7078 7078 7051 7079 7079 7051 7080 7080 7051 7081 7081 7051 7082 7082 7051 7084 7052 7086 7083 7086 7088 7083 7088 7090 7083 7090 7092 7083 7092 7094 7083 7095 7096 7099 7096 7083 7099 7083 7094 7099 7098 7093 7101 7093 7091 7101 7091 7089 7101 7101 7089 7103 7089 7087 7103 7103 7087 7104 7087 7085 7104 7085 7053 7104 7053 7057 7104 7105 7056 7107 7107 7056 7110 7056 7060 7110 7110 7060 7111 7060 7066 7111 7114 7116 7117 7116 7112 7117 7111 7066 7118 7066 7070 7118 7118 7070 7121 7070 7073 7121 7121 7073 7123 7123 7073 7124 7074 7072 7125 7072 7126 7125 7126 7127 7125 7127 7128 7125 7125 7128 7130 7128 7131 7130 7130 7131 7133 7132 7136 7135 7135 7136 7138 7137 7141 7140 7140 7141 7143 7142 7097 7145 7145 7097 7147 7098 7101 7146 7148 7100 7151 7151 7100 7153 7100 7102 7153 7153 7102 7154 7102 7105 7154 7105 7107 7154 7157 7155 7159 7155 7106 7159 7159 7106 7161 7161 7106 7162 7106 7108 7162 7109 7112 7164 7164 7112 7165 7112 7116 7165 7166 7115 7168 7168 7115 7169 7173 7176 7177 7178 7174 7180 7175 7171 7179 7184 7187 7188 7190 7185 7193 7197 7200 7201 7205 7208 7210 7213 7216 7218 7218 7216 7221 7216 7224 7221 7221 7224 7226 7226 7224 7228 7230 7232 7233 7233 7232 7235 7232 7238 7235 7236 7229 7234 7234 7229 7240 7227 7222 7239 7239 7222 7242 7223 7214 7241 7241 7214 7244 7215 7212 7243 7243 7212 7245 7247 7248 7250 7248 7251 7250 7250 7251 7252 7251 7254 7252 7254 7255 7252 7255 7245 7252 7245 7212 7252 7253 7213 7256 7213 7218 7256 7259 7257 7261 7257 7217 7261 7261 7217 7263 7263 7217 7264 7217 7219 7264 7220 7225 7266 7266 7225 7268 7268 7225 7271 7271 7225 7272 7226 7228 7273 7228 7237 7273 7273 7237 7276 7237 7231 7276 7276 7231 7278 7278 7231 7279 7232 7230 7280 7230 7281 7280 7281 7282 7280 7282 7283 7280 7280 7283 7285 7283 7286 7285 7285 7286 7288 7287 7291 7290 7290 7291 7293 7292 7296 7295 7295 7296 7298 7297 7246 7300 7300 7246 7302 7247 7250 7301 7303 7249 7306 7306 7249 7307 7249 7253 7307 7253 7256 7307 7308 7257 7310 7310 7257 7311 7257 7259 7311 7312 7258 7313 7258 7260 7313 7260 7262 7313 7262 7265 7313 7265 7267 7313 7267 7269 7313 7316 7318 7321 7321 7318 7324 7327 7330 7331 7330 7324 7331 7324 7318 7331 7332 7317 7334 7334 7317 7336 7317 7315 7336 7315 7340 7336 7339 7342 7335 7341 7344 7338 7338 7344 7345 7346 7348 7350 7314 7350 7351 7350 7348 7351 7347 7354 7352 7352 7354 7355 7359 7362 7363 7365 7367 7368 7368 7367 7369 7369 7367 7370 7367 7364 7370 7370 7364 7371 7371 7364 7373 7364 7360 7373 7361 7376 7372 7372 7376 7378 7374 7381 7377 7377 7381 7383 7384 7385 7388 7388 7385 7390 7386 7382 7389 7382 7379 7389 7391 7380 7394 7394 7380 7396 7380 7375 7396 7396 7375 7397 7375 7362 7397 7362 7359 7397 7400 7398 7401 7398 7357 7401 7403 7358 7405 7407 7405 7408 7405 7358 7408 7359 7363 7409 7363 7366 7409 7409 7366 7411 7411 7366 7412 7367 7365 7413 7365 7414 7413 7413 7414 7416 7415 7419 7418 7418 7419 7421 7420 7424 7423 7423 7424 7426 7425 7429 7428 7428 7429 7431 7433 7430 7435 7430 7436 7435 7436 7437 7435 7435 7437 7438 7437 7440 7438 7440 7441 7438 7441 7384 7438 7384 7388 7438 7439 7387 7443 7443 7387 7444 7387 7391 7444 7391 7394 7444 7447 7445 7448 7445 7392 7448 7393 7395 7450 7450 7395 7452 7452 7395 7453 7395 7398 7453 7398 7400 7453 7454 7399 7456 7399 7402 7456 7402 7404 7456 7404 7406 7456 7456 7406 7457 7407 7408 7458 7408 7410 7458 7458 7410 7460 7460 7410 7462 7462 7410 7464 7464 7410 7465 7411 7412 7466 7412 7417 7466 7466 7417 7469 7417 7422 7469 7469 7422 7472 7422 7427 7472 7472 7427 7474 7427 7432 7474 7474 7432 7477 7432 7434 7477 7477 7434 7478 7434 7439 7478 7439 7443 7478 7479 7442 7481 7481 7442 7483 7483 7442 7485 7485 7442 7486 7442 7445 7486 7445 7447 7486 7487 7446 7488 7446 7449 7488 7449 7451 7488 7451 7454 7488 7454 7456 7488 7456 7491 7488 7491 7493 7488 7489 7492 7494 7492 7497 7494 7499 7495 7501 7495 7496 7501 7501 7496 7502 7505 7507 7508 7511 7509 7513 7509 7506 7513 7513 7506 7515 7506 7517 7515 7515 7517 7518 7517 7521 7518 7521 7503 7518 7519 7502 7522 7502 7496 7522 7524 7528 7530 7526 7533 7529 7529 7533 7535 7531 7537 7534 7534 7537 7538 7537 7540 7538 7538 7540 7541 7541 7540 7542 7542 7540 7543 7540 7545 7543 7543 7545 7546 7546 7545 7548 7550 7551 7555 7555 7551 7556 7552 7559 7558 7558 7559 7561 7560 7547 7563 7563 7547 7565 7548 7545 7564 7566 7544 7569 7569 7544 7571 7544 7539 7571 7571 7539 7573 7539 7536 7573 7573 7536 7575 7536 7532 7575 7575 7532 7578 7532 7527 7578 7578 7527 7580 7580 7527 7582 7528 7524 7581 7525 7584 7583 7583 7584 7586 7588 7585 7590 7585 7591 7590 7591 7592 7590 7590 7592 7594 7592 7595 7594 7595 7596 7594 7596 7597 7594 7594 7597 7598 7597 7549 7598 7549 7553 7598 7599 7554 7601 7601 7554 7604 7554 7557 7604 7604 7557 7607 7557 7562 7607 7607 7562 7608 7562 7566 7608 7566 7569 7608 7609 7567 7610 7612 7568 7614 7568 7570 7614 7614 7570 7616 7616 7570 7617 7570 7572 7617 7572 7620 7617 7618 7619 7622 7622 7619 7623 7620 7572 7624 7624 7572 7626 7572 7574 7626 7626 7574 7628 7628 7574 7629 7574 7576 7629 7577 7579 7631 7631 7579 7633 7633 7579 7635 7635 7579 7636 7580 7582 7637 7582 7587 7637 7637 7587 7640 7587 7589 7640 7640 7589 7642 7589 7593 7642 7642 7593 7643 7593 7599 7643 7599 7601 7643 7646 7644 7648 7644 7600 7648 7648 7600 7650 7650 7600 7651 7600 7602 7651 7603 7605 7653 7653 7605 7654 7656 7606 7658 7606 7609 7658 7658 7609 7659 7609 7610 7659 7660 7611 7661 7611 7613 7661 7613 7615 7661 7615 7618 7661 7618 7622 7661 7621 7523 7662 7662 7523 7663 7523 7497 7663 7497 7492 7663 7664 7493 7665 7493 7491 7665 7666 7490 7667 7669 7670 7671 7670 7672 7671 7671 7672 7673 7675 7674 7676 7677 7676 7679 7676 7674 7679 7673 7672 7678 7672 7681 7678 7683 7680 7684 7680 7682 7684 7686 7688 7690 7690 7688 7692 7694 7696 7698 7696 7692 7698 7698 7692 7699 7692 7688 7699 7700 7687 7701 7687 7706 7701 7704 7708 7703 7703 7708 7710 7708 7712 7710 7712 7714 7710 7710 7714 7716 7714 7718 7716 7716 7718 7719 7722 7724 7726 7724 7720 7726 7720 7717 7726 7717 7713 7726 7713 7711 7726 7711 7707 7726 7707 7705 7726 7705 7688 7726 7688 7686 7726 7729 7732 7733 7735 7730 7736 7730 7727 7736 7738 7725 7740 7725 7685 7740 7740 7685 7742 7685 7689 7742 7742 7689 7744 7689 7691 7744 7744 7691 7746 7691 7695 7746 7695 7693 7746 7746 7693 7748 7748 7693 7749 7693 7697 7749 7697 7700 7749 7700 7701 7749 7750 7702 7751 7751 7702 7752 7752 7702 7753 7753 7702 7754 7702 7709 7754 7754 7709 7755 7709 7715 7755 7755 7715 7756 7756 7715 7757 7757 7715 7758 7759 7760 7761 7760 7758 7761 7758 7715 7761 7716 7719 7762 7719 7723 7762 7723 7721 7762 7762 7721 7763 7722 7726 7764 7764 7726 7766 7726 7731 7766 7731 7728 7766 7728 7768 7766 7770 7772 7774 7774 7772 7776 7776 7772 7778 7772 7766 7778 7778 7766 7780 7780 7766 7781 7766 7768 7781 7782 7767 7783 7767 7729 7783 7729 7733 7783 7785 7784 7786 7784 7734 7786 7786 7734 7787 7734 7737 7787 7787 7737 7788 7737 7739 7788 7788 7739 7789 7739 7741 7789 7789 7741 7790 7741 7743 7790 7790 7743 7791 7791 7743 7792 7743 7745 7792 7792 7745 7793 7745 7747 7793 7793 7747 7794 7747 7750 7794 7794 7750 7795 7750 7751 7795 7795 7751 7796 7796 7751 7797 7751 7752 7797 7797 7752 7798 7752 7753 7798 7798 7753 7799 7753 7754 7799 7799 7754 7800 7754 7755 7800 7800 7755 7801 7755 7756 7801 7801 7756 7802 7756 7757 7802 7802 7757 7803 7757 7758 7803 7803 7758 7804 7758 7760 7804 7804 7760 7805 7760 7759 7805 7805 7759 7806 7806 7759 7807 7807 7759 7808 7759 7761 7808 7762 7763 7809 7763 7765 7809 7809 7765 7811 7765 7771 7811 7811 7771 7812 7771 7769 7812 7769 7773 7812 7812 7773 7814 7773 7775 7814 7775 7777 7814 7814 7777 7816 7777 7779 7816 7779 7782 7816 7782 7783 7816 7815 7784 7817 7784 7785 7817 7817 7785 7818 7818 7785 7819 7785 7786 7819 7819 7786 7820 7786 7787 7820 7820 7787 7821 7787 7788 7821 7821 7788 7822 7788 7789 7822 7822 7789 7823 7789 7790 7823 7823 7790 7824 7790 7791 7824 7824 7791 7825 7791 7792 7825 7825 7792 7826 7792 7793 7826 7826 7793 7827 7793 7794 7827 7827 7794 7828 7794 7795 7828 7795 7796 7828 7828 7796 7829 7829 7796 7830 7796 7797 7830 7830 7797 7831 7797 7798 7831 7831 7798 7832 7798 7799 7832 7832 7799 7833 7799 7800 7833 7833 7800 7834 7800 7801 7834 7834 7801 7835 7801 7802 7835 7835 7802 7836 7802 7803 7836 7836 7803 7837 7803 7804 7837 7837 7804 7838 7804 7805 7838 7838 7805 7839 7805 7806 7839 7839 7806 7840 7840 7806 7841 7806 7807 7841 7841 7807 7842 7807 7808 7842 7808 7810 7842 7810 7813 7842 7842 7813 7843 7843 7813 7844 7813 7845 7844 7844 7845 7846 7845 7815 7846 7846 7815 7847 7815 7817 7847 7847 7817 7848 7817 7818 7848 7848 7818 7849 7849 7818 7850 7818 7819 7850 7850 7819 7851 7819 7820 7851 7851 7820 7852 7820 7821 7852 7852 7821 7853 7821 7822 7853 7853 7822 7854 7822 7823 7854 7854 7823 7855 7823 7824 7855 7855 7824 7856 7824 7825 7856 7856 7825 7857 7825 7826 7857 7857 7826 7858 7826 7827 7858 7858 7827 7859 7827 7828 7859 7828 7829 7859 7859 7829 7860 7860 7829 7861 7829 7830 7861 7861 7830 7862 7830 7831 7862 7862 7831 7863 7831 7832 7863 7863 7832 7864 7832 7833 7864 7864 7833 7865 7833 7834 7865 7865 7834 7866 7834 7835 7866 7866 7835 7867 7835 7836 7867 7867 7836 7868 7836 7837 7868 7868 7837 7869 7837 7838 7869 7869 7838 7870 7838 7839 7870 7870 7839 7871 7839 7840 7871 7871 7840 7872 7872 7840 7873 7840 7841 7873 7873 7841 7874 7841 7842 7874 7842 7843 7874 7874 7843 7875 7843 7844 7875 7875 7844 7876 7844 7846 7876 7876 7846 7877 7846 7847 7877 7847 7848 7877 7877 7848 7878 7848 7849 7878 7878 7849 7879 7879 7849 7880 7849 7850 7880 7880 7850 7881 7850 7851 7881 7881 7851 7882 7851 7852 7882 7882 7852 7883 7852 7853 7883 7883 7853 7884 7853 7854 7884 7884 7854 7885 7854 7855 7885 7885 7855 7886 7855 7856 7886 7886 7856 7887 7856 7857 7887 7887 7857 7888 7857 7858 7888 7888 7858 7889 7858 7859 7889 7859 7860 7889 7889 7860 7890 7890 7860 7891 7860 7861 7891 7891 7861 7892 7861 7862 7892 7892 7862 7893 7862 7863 7893 7893 7863 7894 7863 7864 7894 7894 7864 7895 7864 7865 7895 7865 7866 7895 7895 7866 7896 7866 7867 7896 7896 7867 7897 7867 7868 7897 7897 7868 7898 7868 7869 7898 7898 7869 7899 7869 7870 7899 7870 7871 7899 7899 7871 7900 7871 7872 7900 7900 7872 7901 7901 7872 7902 7872 7873 7902 7902 7873 7903 7873 7874 7903 7874 7875 7903 7903 7875 7904 7875 7876 7904 7904 7876 7905 7876 7877 7905 7877 7878 7905 7905 7878 7906 7878 7879 7906 7906 7879 7907 7907 7879 7908 7879 7880 7908 7908 7880 7909 7880 7881 7909 7881 7882 7909 7909 7882 7910 7882 7883 7910 7910 7883 7911 7883 7884 7911 7911 7884 7912 7884 7885 7912 7912 7885 7913 7885 7886 7913 7886 7887 7913 7913 7887 7914 7887 7888 7914 7914 7888 7915 7888 7889 7915 7889 7890 7915 7915 7890 7916 7916 7890 7917 7890 7891 7917 7917 7891 7918 7891 7892 7918 7918 7892 7919 7892 7893 7919 7919 7893 7920 7893 7894 7920 7920 7894 7921 7894 7895 7921 7921 7895 7922 7895 7896 7922 7922 7896 7923 7896 7897 7923 7923 7897 7924 7897 7898 7924 7924 7898 7925 7898 7899 7925 7925 7899 7926 7899 7900 7926 7926 7900 7927 7900 7901 7927 7927 7901 7928 7929 7928 7930 7928 7901 7930 7901 7902 7930 7930 7902 7931 7902 7903 7931 7903 7904 7931 7931 7904 7932 7904 7905 7932 7905 7906 7932 7932 7906 7933 7906 7907 7933 7933 7907 7934 7934 7907 7935 7907 7908 7935 7935 7908 7936 7908 7909 7936 7936 7909 7937 7909 7910 7937 7937 7910 7938 7910 7911 7938 7938 7911 7939 7911 7912 7939 7939 7912 7940 7912 7913 7940 7940 7913 7941 7913 7914 7941 7941 7914 7942 7914 7915 7942 7915 7916 7942 7943 7942 7944 7944 7942 7946 7942 7916 7946 7916 7917 7946 7946 7917 7947 7917 7918 7947 7947 7918 7948 7948 7918 7949 7918 7919 7949 7919 7920 7949 7949 7920 7950 7950 7920 7951 7920 7921 7951 7951 7921 7952 7921 7922 7952 7952 7922 7953 7922 7923 7953 7953 7923 7954 7954 7923 7955 7955 7923 7956 7923 7924 7956 7956 7924 7957 7924 7925 7957 7957 7925 7958 7925 7926 7958 7958 7926 7959 7926 7927 7959 7959 7927 7960 7960 7927 7962 7962 7927 7964 7927 7928 7964 7928 7929 7964 7964 7929 7965 7969 7965 7966 7965 7929 7966 7966 7929 7967 7929 7930 7967 7930 7931 7967 7931 7932 7967 7932 7933 7967 7967 7933 7968 7933 7934 7968 7969 7968 7970 7968 7934 7970 7934 7935 7970 7970 7935 7971 7971 7935 7972 7935 7936 7972 7972 7936 7973 7936 7937 7973 7973 7937 7974 7937 7938 7974 7974 7938 7975 7975 7938 7976 7976 7938 7977 7938 7939 7977 7977 7939 7978 7939 7940 7978 7978 7940 7979 7940 7941 7979 7979 7941 7980 7941 7942 7980 7942 7943 7980 7980 7943 8035 7943 7944 8035 8035 7944 7982 7944 7945 7982 7946 7947 7981 7981 7947 7983 7947 7948 7983 7983 7948 7984 7948 7949 7984 7949 7950 7984 7984 7950 7985 7950 7951 7985 7951 7952 7985 7985 7952 7986 7952 7953 7986 7986 7953 7987 7953 7954 7987 7987 7954 7988 7954 7955 7988 7955 7956 7988 7988 7956 7989 7956 7957 7989 7957 7958 7989 7989 7958 7990 7958 7959 7990 7990 7959 7991 7991 7959 7992 7993 7998 7999 7999 7998 8000 7998 8002 8000 8002 8005 8000 8000 8005 8007 8003 8010 8006 8006 8010 8011 8011 8010 8014 8008 8018 8013 8012 8015 8020 8016 8022 8019 8022 8025 8019 8019 8025 8027 8023 8029 8026 8026 8029 8030 8030 8029 8031 8029 8032 8031 8032 8034 8031 8031 8034 8036 8035 8033 8037 8043 8046 8048 8048 8046 8050 8046 8053 8050 8050 8053 8055 8053 8057 8055 8055 8057 8059 8057 8062 8059 8059 8062 8064 8062 8039 8064 8064 8039 8066 8039 8034 8066 8066 8034 8068 8034 8032 8068 8068 8032 8070 8032 8028 8070 8070 8028 8072 8028 8024 8072 8072 8024 8074 8024 8021 8074 8074 8021 8076 8021 8017 8076 8076 8017 8078 8017 8009 8078 8078 8009 8080 8009 8004 8080 8080 8004 8082 8004 8001 8082 8082 8001 8084 8001 7996 8084 8084 7996 8086 8086 7996 8088 7997 7994 8087 7995 7992 8089 8089 7992 8090 7992 7959 8090 7959 7960 8090 7960 7962 8090 8090 7962 8094 7961 7963 8093 7964 7965 8092 8092 7965 8095 7965 7969 8095 8095 7969 8096 7969 7970 8096 7970 7971 8096 8096 7971 8097 7971 7972 8097 7972 7973 8097 8097 7973 8098 7973 7974 8098 8098 7974 8099 7974 7975 8099 8099 7975 8100 7975 7976 8100 7976 7977 8100 8100 7977 8101 7977 7978 8101 7978 7979 8101 8101 7979 8102 7979 7980 8102 8102 7980 8103 8103 7980 8104 7980 8035 8104 8035 8037 8104 8104 8037 8107 8038 8060 8106 8105 8061 8108 8108 8061 8109 8061 8056 8109 8056 8051 8109 8109 8051 8111 8052 8044 8110 8110 8044 8112 8112 8044 8115 8045 8040 8114 8113 8041 8117 8042 8119 8116 8121 8116 8122 8116 8119 8122 8124 8118 8126 8126 8118 8127 8118 8043 8127 8043 8048 8127 8128 8047 8130 8130 8047 8132 8047 8049 8132 8132 8049 8134 8049 8054 8134 8134 8054 8136 8054 8058 8136 8136 8058 8139 8058 8063 8139 8139 8063 8141 8063 8065 8141 8141 8065 8143 8065 8067 8143 8143 8067 8145 8067 8069 8145 8145 8069 8147 8069 8071 8147 8147 8071 8149 8071 8073 8149 8149 8073 8151 8073 8075 8151 8151 8075 8153 8075 8077 8153 8153 8077 8155 8077 8079 8155 8155 8079 8157 8079 8081 8157 8157 8081 8159 8081 8083 8159 8159 8083 8162 8083 8085 8162 8162 8085 8164 8164 8085 8165 8086 8088 8166 8166 8088 8168 8089 8090 8167 8091 8170 8169 8169 8170 8172 8172 8170 8173 8170 8175 8173 8175 8120 8173 8120 8123 8173 8174 8124 8176 8124 8126 8176 8177 8125 8179 8179 8125 8180 8125 8128 8180 8128 8130 8180 8181 8129 8183 8183 8129 8185 8129 8131 8185 8185 8131 8187 8131 8133 8187 8187 8133 8190 8133 8135 8190 8190 8135 8194 8135 8137 8194 8194 8137 8195 8138 8140 8197 8197 8140 8199 8140 8142 8199 8199 8142 8201 8142 8144 8201 8201 8144 8203 8144 8146 8203 8203 8146 8205 8146 8148 8205 8205 8148 8207 8148 8150 8207 8207 8150 8209 8150 8152 8209 8209 8152 8211 8152 8154 8211 8211 8154 8213 8154 8156 8213 8213 8156 8216 8156 8158 8216 8216 8158 8220 8158 8160 8220 8220 8160 8221 8161 8163 8224 8224 8163 8227 8227 8163 8228 8164 8165 8229 8229 8165 8230 8166 8168 8231 8168 8171 8231 8231 8171 8232 8171 8174 8232 8174 8176 8232 8233 8177 8234 8177 8179 8234 8237 8235 8239 8235 8178 8239 8239 8178 8240 8178 8181 8240 8181 8183 8240 8242 8241 8244 8241 8182 8244 8244 8182 8245 8245 8182 8246 8182 8184 8246 8246 8184 8249 8185 8187 8248 8247 8186 8250 8250 8186 8251 8186 8188 8251 8251 8188 8252 8252 8188 8254 8189 8191 8253 8253 8191 8256 8255 8192 8258 8193 8196 8257 8257 8196 8261 8197 8199 8260 8259 8198 8262 8262 8198 8263 8198 8200 8263 8200 8202 8263 8263 8202 8264 8264 8202 8267 8203 8205 8266 8265 8204 8268 8268 8204 8271 8205 8207 8270 8269 8206 8272 8272 8206 8273 8206 8208 8273 8273 8208 8274 8274 8208 8275 8208 8210 8275 8275 8210 8278 8211 8213 8277 8276 8212 8279 8279 8212 8280 8212 8214 8280 8280 8214 8281 8281 8214 8283 8215 8217 8282 8282 8217 8285 8284 8218 8287 8219 8222 8286 8286 8222 8290 8223 8225 8289 8288 8226 8291 8291 8226 8292 8292 8226 8294 8227 8228 8293 8293 8228 8297 8229 8230 8296 8230 8233 8296 8233 8234 8296 8235 8237 8295 8295 8237 8299 8298 8236 8300 8300 8236 8301 8301 8236 8304 8237 8239 8303 8302 8238 8305 8305 8238 8309 8239 8240 8308 8241 8242 8307 8310 8311 8314 8312 8315 8313 8313 8315 8317 8315 8318 8317 8317 8318 8319 8319 8318 8320 8318 8321 8320 8320 8321 8322 8321 8323 8322 8322 8323 8324 8324 8323 8325 8323 8326 8325 8325 8326 8327 8326 8328 8327 8327 8328 8329 8328 8330 8329 8329 8330 8331 8331 8330 8332 8330 8333 8332 8332 8333 8334 8334 8333 8335 8333 8336 8335 8335 8336 8337 8337 8336 8338 8336 8339 8338 8338 8339 8340 8340 8339 8341 8339 8342 8341 8341 8342 8343 8342 8344 8343 8343 8344 8345 8344 8346 8345 8345 8346 8347 8347 8346 8348 8346 8349 8348 8348 8349 8350 8349 8351 8350 8350 8351 8353 8353 8351 8355 8352 8356 8354 8354 8356 8357 8356 8358 8357 8357 8358 8359 8359 8358 8360 8358 8361 8360 8360 8361 8363 8363 8361 8365 8362 8366 8364 8364 8366 8367 8367 8366 8368 8366 8369 8368 8368 8369 8370 8369 8371 8370 8370 8371 8372 8371 8373 8372 8372 8373 8375 8375 8373 8377 8374 8378 8376 8376 8378 8379 8378 8380 8379 8379 8380 8381 8381 8380 8382 8380 8383 8382 8382 8383 8384 8383 8385 8384 8384 8385 8386 8386 8385 8387 8385 8388 8387 8387 8388 8389 8389 8388 8390 8388 8391 8390 8390 8391 8392 8391 8393 8392 8392 8393 8394 8393 8395 8394 8394 8395 8396 8395 8397 8396 8396 8397 8398 8398 8397 8399 8397 8400 8399 8399 8400 8401 8400 8306 8401 8401 8306 8402 8402 8306 8403 8306 8243 8403 8403 8243 8404 8243 8405 8404 8404 8405 8406 8405 8311 8406 8311 8310 8406 8406 8310 8407 8310 8408 8407 8407 8408 8409 8408 8316 8409 8409 8316 8410 8410 8316 8411 8317 8319 8412 8412 8319 8413 8319 8320 8413 8320 8414 8413 8413 8414 8415 8414 8324 8415 8415 8324 8416 8324 8325 8416 8325 8327 8416 8417 8327 8418 8327 8329 8418 8418 8329 8419 8329 8331 8419 8331 8420 8419 8419 8420 8421 8420 8334 8421 8334 8335 8421 8421 8335 8422 8335 8337 8422 8422 8337 8423 8337 8338 8423 8338 8340 8423 8423 8340 8424 8340 8341 8424 8424 8341 8425 8341 8343 8425 8425 8343 8426 8343 8427 8426 8426 8427 8428 8428 8427 8429 8427 8347 8429 8429 8347 8430 8347 8348 8430 8348 8350 8430 8430 8350 8431 8350 8353 8431 8431 8353 8432 8353 8355 8432 8355 8433 8432 8432 8433 8434 8433 8359 8434 8359 8360 8434 8434 8360 8435 8360 8363 8435 8363 8365 8435 8435 8365 8436 8365 8437 8436 8436 8437 8438 8438 8437 8439 8437 8368 8439 8368 8370 8439 8439 8370 8440 8370 8372 8440 8440 8372 8441 8372 8442 8441 8441 8442 8443 8442 8376 8443 8443 8376 8444 8376 8379 8444 8379 8445 8444 8444 8445 8446 8445 8382 8446 8446 8382 8447 8382 8384 8447 8384 8448 8447 8447 8448 8449 8448 8387 8449 8449 8387 8450 8387 8389 8450 8389 8451 8450 8450 8451 8453 8452 8392 8454 8454 8392 8455 8392 8394 8455 8455 8394 8456 8394 8457 8456 8456 8457 8458 8458 8457 8459 8457 8398 8459 8459 8398 8460 8398 8399 8460 8399 8461 8460 8460 8461 8462 8461 8402 8462 8462 8402 8463 8402 8403 8463 8403 8464 8463 8463 8464 8465 8464 8406 8465 8406 8407 8465 8465 8407 8466 8466 8407 8467 8407 8409 8467 8467 8409 8468 8409 8410 8468 8468 8410 8469 8469 8410 8470 8410 8411 8470 8411 8413 8470 8470 8413 8471 8413 8415 8471 8415 8417 8471 8471 8417 8472 8417 8418 8472 8472 8418 8473 8418 8419 8473 8473 8419 8474 8419 8421 8474 8421 8422 8474 8474 8422 8475 8422 8423 8475 8475 8423 8476 8423 8424 8476 8476 8424 8477 8424 8425 8477 8425 8426 8477 8477 8426 8478 8478 8426 8479 8479 8426 8480 8426 8428 8480 8428 8429 8480 8480 8429 8481 8429 8430 8481 8481 8430 8482 8430 8431 8482 8482 8431 8483 8431 8432 8483 8483 8432 8484 8484 8432 8485 8432 8434 8485 8485 8434 8486 8434 8435 8486 8486 8435 8487 8435 8436 8487 8487 8436 8488 8436 8438 8488 8488 8438 8489 8438 8439 8489 8489 8439 8490 8490 8439 8491 8439 8440 8491 8440 8441 8491 8491 8441 8492 8441 8443 8492 8492 8443 8493 8443 8444 8493 8493 8444 8494 8444 8446 8494 8494 8446 8495 8446 8447 8495 8495 8447 8496 8447 8449 8496 8496 8449 8497 8449 8450 8497 8497 8450 8498 8450 8453 8498 8453 8455 8498 8498 8455 8499 8455 8456 8499 8499 8456 8500 8500 8456 8501 8501 8456 8502 8456 8458 8502 8458 8459 8502 8502 8459 8503 8459 8460 8503 8503 8460 8504 8460 8462 8504 8504 8462 8505 8462 8463 8505 8505 8463 8506 8463 8465 8506 8465 8466 8506 8506 8466 8507 8466 8467 8507 8507 8467 8508 8467 8468 8508 8508 8468 8509 8468 8469 8509 8509 8469 8510 8469 8470 8510 8510 8470 8511 8470 8471 8511 8471 8472 8511 8511 8472 8512 8512 8472 8513 8472 8473 8513 8513 8473 8514 8473 8474 8514 8514 8474 8515 8474 8475 8515 8475 8476 8515 8515 8476 8516 8516 8476 8517 8476 8477 8517 8477 8478 8517 8517 8478 8518 8478 8479 8518 8518 8479 8519 8479 8480 8519 8480 8481 8519 8519 8481 8520 8481 8482 8520 8482 8483 8520 8520 8483 8521 8483 8484 8521 8521 8484 8522 8484 8485 8522 8485 8486 8522 8486 8487 8522 8522 8487 8523 8487 8488 8523 8523 8488 8524 8488 8489 8524 8524 8489 8525 8489 8490 8525 8525 8490 8526 8490 8491 8526 8526 8491 8527 8491 8492 8527 8527 8492 8528 8492 8493 8528 8493 8494 8528 8528 8494 8529 8494 8495 8529 8529 8495 8530 8495 8496 8530 8530 8496 8531 8496 8497 8531 8497 8498 8531 8531 8498 8532 8532 8498 8533 8498 8499 8533 8499 8500 8533 8533 8500 8534 8500 8501 8534 8534 8501 8535 8501 8502 8535 8535 8502 8536 8502 8503 8536 8503 8504 8536 8536 8504 8537 8504 8505 8537 8505 8506 8537 8506 8507 8537 8537 8507 8539 8539 8507 8540 8507 8508 8540 8543 8541 8544 8540 8508 8545 8545 8508 8546 8508 8509 8548 8509 8510 8548 8548 8510 8549 8510 8511 8549 8549 8511 8551 8551 8511 8552 8511 8512 8554 8512 8513 8554 8513 8514 8554 8554 8514 8556 8514 8515 8556 8556 8515 8558 8515 8516 8558 8558 8516 8560 8516 8517 8560 8560 8517 8562 8517 8518 8562 8518 8519 8562 8519 8520 8562 8562 8520 8564 8520 8521 8564 8564 8521 8566 8521 8522 8566 8566 8522 8568 8522 8523 8568 8523 8524 8568 8568 8524 8570 8570 8524 8572 8524 8525 8572 8525 8526 8572 8572 8526 8573 8526 8527 8573 8573 8527 8575 8575 8527 8577 8527 8528 8577 8528 8529 8577 8529 8530 8577 8577 8530 8579 8530 8531 8579 8579 8531 8581 8531 8532 8581 8581 8532 8583 8532 8533 8583 8583 8533 8585 8533 8534 8585 8534 8535 8585 8535 8536 8585 8585 8536 8586 8536 8537 8586 8537 8539 8586 8593 8587 8588 8588 8587 8589 8587 8538 8589 8589 8538 8591 8538 8541 8591 8541 8543 8591 8592 8593 8594 8593 8595 8594 8594 8595 8596 8595 8597 8596 8596 8597 8598 8598 8597 8599 8597 8590 8599 8599 8590 8600 8590 8542 8600 8600 8542 8601 8601 8542 8602 8603 8602 8604 8605 8606 8607 8606 8608 8607 8607 8608 8609 8608 8604 8609 8609 8604 8611 8604 8602 8611 8602 8542 8611 8543 8544 8610 8544 8547 8610 8547 8549 8610 8610 8549 8612 8549 8551 8612 8612 8551 8613 8613 8551 8615 8614 8550 8618 8551 8552 8617 8616 8553 8619 8553 8555 8619 8619 8555 8620 8620 8555 8621 8555 8557 8621 8621 8557 8622 8557 8559 8622 8622 8559 8623 8623 8559 8624 8559 8561 8624 8624 8561 8625 8561 8563 8625 8625 8563 8626 8626 8563 8627 8627 8563 8628 8628 8563 8629 8563 8565 8629 8629 8565 8630 8565 8567 8630 8630 8567 8631 8567 8569 8631 8631 8569 8632 8569 8571 8632 8571 8573 8632 8632 8573 8633 8573 8575 8633 8633 8575 8634 8634 8575 8636 8635 8574 8639 8575 8577 8638 8637 8576 8640 8576 8578 8640 8640 8578 8641 8641 8578 8642 8578 8580 8642 8642 8580 8643 8580 8582 8643 8643 8582 8644 8644 8582 8645 8582 8584 8645 8645 8584 8646 8584 8587 8646 8646 8587 8647 8587 8593 8647 8593 8592 8647 8592 8648 8647 8647 8648 8649 8648 7684 8649 8649 7684 8650 7684 7682 8650 7682 8651 8650 8650 8651 8652 8651 7670 8652 8652 7670 8653 7670 7669 8653 8654 8653 8655 8653 7669 8655 8655 7669 8656 7669 7671 8656 8657 8656 8659 8659 8656 8661 8656 7671 8661 8661 7671 8662 7671 7674 8662 7674 7675 8662 8663 7675 8664 8664 7675 8665 7675 7676 8665 8665 7676 8666 7676 7677 8666 8666 7677 8667 8667 7677 8668 7677 7679 8668 8668 7679 8669 7680 7683 8669 7683 8592 8669 8592 8594 8669 8669 8594 8670 8594 8596 8670 8670 8596 8671 8596 8598 8672 8598 8599 8672 8672 8599 8673 8599 8600 8673 8600 8601 8673 8601 8602 8673 8602 8603 8673 8673 8603 8674 8674 8603 8675 8603 8604 8675 8604 8608 8675 8675 8608 8676 8676 8608 8677 8608 8606 8677 8677 8606 8678 8679 8678 8680 8678 8606 8680 8606 8605 8680 8605 8681 8680 8680 8681 8682 8681 8619 8682 8682 8619 8683 8683 8619 8684 8619 8620 8684 8684 8620 8685 8620 8686 8685 8685 8686 8687 8686 8688 8687 8687 8688 8690 8690 8688 8691 8689 8692 8691 8691 8692 8693 8692 8694 8693 8693 8694 8696 8696 8694 8697 8695 8698 8697 8697 8698 8699 8699 8698 8700 8698 8626 8700 8700 8626 8701 8626 8627 8701 8627 8702 8701 8701 8702 8703 8702 8704 8703 8703 8704 8705 8705 8704 8706 8706 8704 8707 8704 8708 8707 8707 8708 8709 8708 8710 8709 8709 8710 8712 8712 8710 8713 8710 8714 8713 8714 8715 8713 8713 8715 8716 8715 8717 8716 8716 8717 8718 8718 8717 8719 8717 8720 8719 8719 8720 8721 8720 8722 8721 8721 8722 8723 8723 8722 8724 8722 8640 8724 8724 8640 8725 8640 8641 8725 8725 8641 8726 8726 8641 8727 8641 8654 8727 8654 8655 8727 8655 8656 8727 8656 8657 8727 8727 8657 8728 8728 8657 8729 8730 8657 8731 8657 8659 8731 8732 8658 8733 8733 8658 8734 8658 8660 8734 8734 8660 8735 8660 8663 8735 8663 8664 8735 8735 8664 8736 8736 8664 8737 8664 8665 8737 8737 8665 8738 8665 8666 8738 8738 8666 8739 8739 8666 8740 8740 8666 8741 8666 8667 8741 8741 8667 8742 8667 8668 8742 8742 8668 8743 8668 8669 8743 8669 8670 8743 8743 8670 8744 8670 8671 8744 8744 8671 8745 8745 8671 8746 8671 8673 8746 8673 8674 8746 8746 8674 8747 8748 8747 8750 8747 8674 8750 8674 8675 8750 8750 8675 8753 8675 8676 8753 8753 8676 8755 8676 8677 8755 8755 8677 8757 8677 8678 8757 8757 8678 8758 8678 8679 8759 8679 8760 8759 8760 8761 8759 8759 8761 8762 8762 8761 8763 8761 8764 8763 8763 8764 8765 8764 8766 8765 8766 8690 8765 8765 8690 8767 8690 8691 8767 8767 8691 8768 8691 8693 8768 8693 8696 8769 8696 8697 8769 8769 8697 8772 8697 8699 8772 8699 8700 8772 8772 8700 8774 8700 8701 8774 8701 8703 8774 8703 8775 8774 8774 8775 8778 8775 8706 8778 8706 8707 8778 8778 8707 8779 8707 8781 8779 8781 8711 8779 8712 8713 8780 8713 8782 8780 8780 8782 8783 8783 8782 8784 8782 8713 8784 8713 8716 8784 8784 8716 8786 8716 8718 8786 8786 8718 8787 8718 8719 8787 8787 8719 8788 8719 8721 8788 8721 8723 8789 8789 8723 8790 8723 8724 8790 8724 8725 8790 8725 8728 8790 8728 8729 8790 8791 8730 8792 8730 8731 8792 8793 8732 8794 8732 8733 8794 8794 8733 8797 8797 8733 8795 8733 8734 8795 8795 8734 8796 8734 8735 8796 8735 8736 8796 8797 8798 8799 8799 8798 8800 8798 8796 8800 8800 8796 8801 8796 8736 8801 8801 8736 8802 8736 8737 8802 8802 8737 8803 8737 8738 8803 8738 8739 8803 8803 8739 8804 8739 8740 8804 8804 8740 8805 8740 8741 8805 8805 8741 8806 8806 8741 8807 8741 8742 8807 8807 8742 8808 8742 8743 8808 8743 8744 8808 8808 8744 8809 8744 8745 8809 8809 8745 8810 8745 8746 8810 8746 8747 8810 8747 8748 8810 8810 8748 8811 8812 8811 8813 8811 8748 8813 8748 8750 8813 8813 8750 8814 8749 8751 8814 8814 8751 8815 8752 8754 8815 8815 8754 8816 8754 8756 8816 8816 8756 8817 8757 8758 8818 8818 8758 8820 8758 8762 8820 8820 8762 8822 8762 8763 8822 8822 8763 8824 8763 8765 8824 8824 8765 8826 8765 8767 8826 8767 8768 8826 8826 8768 8828 8828 8768 8829 8829 8768 8830 8768 8770 8830 8830 8770 8831 8831 8770 8832 8771 8773 8833 8773 8776 8833 8833 8776 8834 8835 8777 8836 8836 8777 8837 8777 8780 8837 8780 8783 8837 8837 8783 8838 8783 8784 8838 8839 8838 8840 8838 8784 8840 8840 8784 8842 8784 8786 8842 8842 8786 8843 8785 8787 8845 8845 8787 8847 8787 8788 8847 8847 8788 8849 8788 8791 8849 8849 8791 8850 8791 8792 8850 8851 8793 8852 8793 8794 8852 8852 8794 8853 8794 8797 8853 8853 8797 8854 8797 8799 8854 8854 8799 8856 8856 8799 8858 8799 8800 8858 8858 8800 8861 8800 8801 8861 8861 8801 8863 8863 8801 8865 8801 8802 8865 8802 8803 8865 8865 8803 8867 8803 8804 8867 8867 8804 8869 8804 8805 8869 8869 8805 8871 8871 8805 8872 8805 8806 8872 8874 8872 8875 8872 8806 8875 8806 8807 8875 8875 8807 8876 8807 8808 8876 8808 8809 8876 8876 8809 8877 8809 8810 8877 8877 8810 8878 8810 8811 8878 8811 8812 8878 8878 8812 8879 8879 8812 8880 8880 8812 8881 8812 8813 8881 8813 8814 8881 8881 8814 8882 8814 8815 8882 8882 8815 8883 8815 8816 8883 8883 8816 8884 8884 8816 8885 8816 8817 8885 8885 8817 8886 8817 8819 8886 8886 8819 8887 8819 8821 8887 8887 8821 8888 8821 8823 8888 8888 8823 8889 8823 8825 8889 8825 8827 8889 8889 8827 8890 8890 8827 8891 8827 8829 8891 8891 8829 8892 8829 8830 8892 8892 8830 8893 8830 8831 8893 8893 8831 8894 8831 8832 8894 8832 8835 8894 8894 8835 8895 8895 8835 8896 8835 8836 8896 8896 8836 8897 8836 8837 8897 8837 8838 8897 8838 8839 8897 8897 8839 8898 8899 8898 8900 8898 8839 8900 8839 8840 8900 8900 8840 8901 8840 8841 8901 8901 8841 8902 8841 8844 8902 8902 8844 8903 8844 8846 8903 8903 8846 8904 8846 8848 8904 8904 8848 8905 8848 8851 8905 8851 8852 8905 8905 8852 8906 8852 8853 8906 8906 8853 8907 8853 8854 8907 8854 8856 8907 8908 8855 8910 8910 8855 8912 8912 8855 8914 8914 8855 8916 8855 8857 8916 8916 8857 8917 8857 8859 8917 8919 8860 8921 8860 8862 8921 8921 8862 8923 8862 8864 8923 8923 8864 8925 8864 8866 8925 8925 8866 8927 8866 8868 8927 8927 8868 8930 8868 8870 8930 8930 8870 8932 8870 8872 8932 8932 8872 8934 8872 8874 8934 8934 8874 8935 8937 8873 8939 8873 8941 8939 8939 8941 8943 8941 8945 8943 8943 8945 8947 8947 8945 8948 8959 8951 8952 8951 8949 8952 8952 8949 8953 8949 8944 8953 8953 8944 8954 8944 8940 8954 8954 8940 8955 8940 8874 8955 8874 8875 8955 8875 8876 8955 8876 8877 8955 8955 8877 8956 8877 8878 8956 8956 8878 8957 8878 8879 8957 8957 8879 8958 8879 8880 8958 8880 8881 8958 8958 8881 8959 8881 8960 8959 8959 8960 8961 8960 8883 8961 8961 8883 8962 8883 8884 8962 8962 8884 8963 8963 8884 8964 8976 8965 8966 8965 8967 8966 8966 8967 8968 8967 8969 8968 8968 8969 8970 8969 8971 8970 8970 8971 8972 8971 8964 8972 8964 8884 8972 8884 8885 8972 8885 8886 8972 8972 8886 8973 8886 8887 8973 8973 8887 8974 8887 8888 8974 8974 8888 8975 8888 8889 8975 8975 8889 8976 8889 8890 8976 8976 8890 8977 8890 8891 8977 8977 8891 8978 8891 8892 8978 8978 8892 8979 8892 8893 8979 8893 8894 8979 8979 8894 8980 8980 8894 8981 8894 8895 8981 8981 8895 8982 8895 8896 8982 8982 8896 8983 8896 8897 8983 8983 8897 8984 8897 8898 8984 8898 8899 8984 8984 8899 8985 8985 8899 8986 8899 8900 8986 8900 8901 8986 8986 8901 8987 8987 8901 8988 8901 8902 8988 8988 8902 8989 8902 8903 8989 8989 8903 8990 8903 8904 8990 8990 8904 8991 8904 8905 8991 8905 8906 8991 8991 8906 8992 8906 8907 8992 8907 8909 8992 8992 8909 8993 8994 8910 8995 8910 8912 8995 8996 8911 8997 8997 8911 8998 8911 8913 8998 8998 8913 9000 8913 8915 9000 9000 8915 9002 8915 8918 9002 9002 8918 9003 8918 8920 9003 9003 8920 9005 8920 8922 9005 9005 8922 9007 8922 8924 9007 9007 8924 9009 8924 8926 9009 9009 8926 9011 8926 8928 9011 9011 8928 9012 8929 8931 9013 9013 8931 9014 8931 8933 9014 9014 8933 9017 8933 8936 9017 9017 8936 9020 8936 8938 9020 9020 8938 9021 8938 8942 9021 9021 8942 9022 8942 8946 9022 9022 8946 9023 9023 8946 9024 8947 8948 9025 8948 8950 9025 9025 8950 9027 9027 8950 9028 8951 8959 9029 8959 8961 9029 9029 8961 9031 8961 8962 9031 9031 8962 9033 8962 8963 9033 9033 8963 9035 9035 8963 9037 8963 8964 9037 9037 8964 9038 8964 8971 9038 9038 8971 9039 8971 8969 9039 8969 8967 9040 9040 8967 9042 8967 8965 9042 9042 8965 9044 9046 9044 9047 9044 8965 9047 8965 8976 9047 8976 8977 9047 9047 8977 9048 8977 8978 9048 9048 8978 9049 9049 8978 9050 8978 8979 9050 9050 8979 9051 8979 8980 9051 9051 8980 9052 8980 8981 9052 9052 8981 9053 8981 8982 9053 9053 8982 9054 8982 9055 9054 9054 9055 9056 9055 8984 9056 9056 8984 9057 9057 8984 9058 8984 8985 9058 8985 8986 9058 9058 8986 9059 8986 8987 9059 9059 8987 9060 8987 8988 9060 8988 8989 9060 9060 8989 9061 8989 8990 9061 9061 8990 9062 8990 8991 9062 8991 8992 9062 8992 8993 9062 9062 8993 9063 9064 8994 9065 8994 8995 9065 9066 8996 9067 8996 8997 9067 9068 8997 9069 9069 8997 9070 9070 8997 9071 8997 8998 9071 9071 8998 9072 8998 8999 9072 9072 8999 9073 8999 9001 9073 9073 9001 9074 9001 9003 9074 9074 9003 9075 9075 9003 9076 9003 9005 9076 9076 9005 9077 9077 9005 9078 9078 9004 9079 9004 9006 9079 9006 9008 9079 9079 9008 9080 9080 9008 9081 9081 9008 9084 9009 9011 9083 9082 9010 9085 9010 9013 9085 9013 9014 9085 9085 9014 9087 9014 9017 9087 9086 9015 9090 9016 9018 9089 9088 9019 9092 9020 9021 9091 9091 9021 9093 9093 9021 9094 9021 9022 9094 9094 9022 9095 9095 9022 9096 9022 9023 9096 9096 9023 9097 9097 9023 9098 9098 9023 9099 9023 9024 9099 9024 9026 9099 9099 9026 9101 9101 9026 9102 9027 9028 9103 9028 9030 9103 9103 9030 9105 9030 9032 9105 9105 9032 9107 9032 9034 9107 9107 9034 9109 9034 9036 9109 9109 9036 9111 9036 9038 9111 9111 9038 9113 9038 9039 9113 9113 9039 9115 9115 9039 9117 9039 9041 9117 9117 9041 9119 9041 9043 9119 9119 9043 9121 9043 9045 9121 9121 9045 9123 9123 9045 9124 9046 9047 9125 9047 9126 9125 9126 9049 9125 9125 9049 9128 9049 9050 9128 9128 9050 9130 9050 9051 9130 9130 9051 9132 9132 9051 9133 9051 9052 9133 9052 9053 9133 9134 9053 9135 9053 9054 9135 9135 9054 9137 9054 9056 9137 9137 9056 9139 9056 9057 9139 9139 9057 9141 9057 9058 9141 9141 9058 9143 9058 9059 9143 9143 9059 9145 9059 9060 9145 9145 9060 9147 9060 9061 9147 9147 9061 9148 9061 9062 9148 9062 9063 9148 9149 9064 9150 9064 9065 9150 9151 9066 9152 9066 9067 9152 9155 9152 9156 9156 9152 9157 9152 9067 9157 9068 9069 9157 9157 9069 9159 9159 9069 9160 9069 9070 9160 9070 9071 9160 9160 9071 9162 9071 9163 9162 9162 9163 9164 9163 9073 9164 9073 9074 9164 9164 9074 9165 9074 9075 9165 9165 9075 9166 9075 9167 9166 9167 9077 9166 9077 9078 9166 9078 9079 9166 9166 9079 9169 9079 9080 9169 9080 9170 9169 9171 9172 9174 9174 9172 9176 9172 9168 9176 9176 9168 9178 9180 9182 9183 9182 9186 9183 9187 9189 9190 9190 9189 9191 9189 9193 9191 9191 9193 9194 9193 9184 9194 9194 9184 9195 9184 9185 9195 9195 9185 9196 9185 9198 9196 9196 9198 9200 9198 9178 9200 9178 9168 9200 9169 9170 9199 9170 9201 9199 9199 9201 9202 9201 9203 9202 9202 9203 9204 9203 9205 9204 9204 9205 9206 9205 9207 9206 9206 9207 9208 9207 9091 9208 9091 9093 9208 9208 9093 9209 9093 9094 9209 9209 9094 9210 9094 9095 9210 9095 9096 9210 9210 9096 9212 9096 9097 9212 9097 9098 9212 9212 9098 9214 9221 9216 9217 9216 9214 9217 9217 9214 9218 9214 9098 9218 9098 9099 9218 9218 9099 9220 9099 9101 9220 9219 9100 9222 9221 9101 9223 9101 9102 9223 9102 9104 9223 9223 9104 9225 9104 9106 9225 9225 9106 9226 9106 9108 9226 9226 9108 9228 9108 9110 9228 9228 9110 9229 9110 9112 9229 9229 9112 9230 9112 9114 9230 9230 9114 9232 9114 9116 9232 9232 9116 9234 9116 9118 9234 9234 9118 9235 9118 9120 9235 9235 9120 9237 9120 9122 9237 9237 9122 9239 9239 9122 9240 9123 9124 9241 9124 9127 9241 9241 9127 9243 9127 9129 9243 9243 9129 9246 9129 9131 9246 9246 9131 9248 9131 9134 9248 9248 9134 9250 9134 9135 9250 9250 9135 9252 9252 9135 9254 9135 9136 9254 9254 9136 9256 9136 9138 9256 9256 9138 9258 9138 9140 9258 9258 9140 9260 9140 9142 9260 9260 9142 9262 9142 9144 9262 9262 9144 9264 9144 9146 9264 9264 9146 9265 9146 9149 9265 9149 9150 9265 9266 9151 9267 9151 9152 9267 9152 9155 9267 9268 9153 9269 9270 9154 9272 9155 9156 9271 9156 9157 9271 9157 9159 9271 9273 9276 9277 9279 9278 9282 9277 9276 9281 9280 9274 9284 9286 9283 9288 9283 9275 9288 9276 9273 9287 9273 9158 9287 9287 9158 9289 9158 9161 9289 9289 9161 9291 9161 9292 9291 9291 9292 9295 9292 9296 9295 9295 9296 9297 9296 9171 9297 9171 9174 9297 9298 9173 9300 9300 9173 9301 9173 9175 9301 9301 9175 9303 9175 9177 9303 9303 9177 9304 9177 9197 9304 9304 9197 9306 9197 9186 9306 9186 9182 9306 9305 9181 7668 9181 9179 7668 7668 9179 9307 9180 9183 9308 9183 9192 9308 9308 9192 9310 9192 9188 9310 9310 9188 9312 9312 9188 9313 9189 9187 9314 9187 9211 9314 9314 9211 9316 9211 9213 9316 9213 9215 9316 9316 9215 9317 9319 9317 9320 9317 9215 9320 9216 9221 9321 9322 9321 9323 9321 9221 9323 9221 9223 9323 9323 9223 9325 9223 9225 9325 9324 9224 9327 9225 9226 9326 9326 9226 9328 9328 9226 9329 9226 9228 9329 9329 9227 9330 9227 9229 9330 9330 9229 9331 9331 9229 9332 9229 9230 9332 9332 9230 9333 9230 9231 9333 9333 9231 9334 9231 9233 9334 9334 9233 9335 9233 9235 9335 9335 9235 9336 9336 9235 9338 9235 9237 9338 9337 9236 9340 9236 9238 9340 9340 9238 9342 9342 9238 9343 9239 9240 9344 9240 9242 9344 9344 9242 9346 9242 9244 9346 9346 9244 9347 9245 9247 9348 9348 9247 9349 9247 9249 9349 9349 9249 9352 9249 9251 9352 9352 9251 9355 9251 9253 9355 9355 9253 9356 9253 9255 9356 9356 9255 9357 9255 9257 9357 9357 9257 9358 9257 9259 9358 9358 9259 9359 9259 9261 9359 9359 9261 9361 9261 9263 9361 9361 9263 9362 9263 9266 9362 9266 9267 9362 9267 9270 9362 9362 9270 9363 9363 9270 9365 9270 9272 9365 9273 9277 9364 9278 9279 9366 9279 9285 9366 9366 9285 9367 9286 9288 9368 9288 9369 9368 9368 9369 9370 9369 9290 9370 9370 9290 9373 9290 9293 9373 9372 9294 9375 9294 9298 9375 9298 9300 9375 9377 9374 9378 9374 9299 9378 9299 9302 9378 9302 9381 9378 9381 9382 9378 9382 9305 9378 9305 7668 9378 7667 7490 9380 7490 7455 9380 9380 7455 9384 9387 9389 9391 9389 9395 9391 9393 9398 9390 9392 9396 9399 9404 9401 9406 9401 9397 9406 9398 9393 9405 9407 9394 9409 9394 9388 9409 9389 9385 9408 9410 9383 9411 9412 9384 9413 9384 7455 9413 7456 7457 9414 7457 7459 9414 7459 7461 9414 7461 7463 9414 9414 7463 9415 7464 7465 9416 9416 7465 9417 7465 7467 9417 7468 7470 9419 9419 7470 9420 9422 7471 9424 7471 7473 9424 9424 7473 9426 9426 7473 9427 7473 7475 9427 9429 7476 9431 7476 7479 9431 9431 7479 9432 7479 7481 9432 9433 7480 9434 7480 7482 9434 7482 7484 9434 7484 7487 9434 7487 7488 9434 9435 7489 9436 7489 7494 9436 9437 7495 9438 7495 7499 9438 9439 7498 9441 9441 7498 9443 7498 7500 9443 9443 7500 9444 7500 7503 9444 7503 7521 9444 9445 7520 9451 9451 7520 9446 7520 7516 9446 9446 7516 9448 7516 7507 9448 7507 7505 9448 9450 9452 9454 9452 9455 9454 9454 9455 9457 9455 9447 9457 9457 9447 9459 9447 7504 9459 9459 7504 9461 9463 9461 9464 9461 7504 9464 7505 7508 9465 9465 7508 9466 7509 7511 9467 7511 7356 9467 9467 7356 9469 7356 7353 9469 9469 7353 9471 9471 7353 9472 7354 7347 9473 9473 7347 9474 7348 7346 9475 7346 7343 9475 9475 7343 9476 9479 9481 9483 9481 9485 9483 9483 9485 9487 9485 9489 9487 9487 9489 9491 9489 9493 9491 9493 9495 9491 9491 9495 9497 9495 9499 9497 9497 9499 9500 9502 9505 9506 9505 9508 9506 9508 9510 9506 9510 9501 9506 9501 9498 9506 9498 9494 9506 9506 9494 9511 9511 9494 9512 9512 9494 9513 9513 9494 9514 9514 9494 9515 9494 9492 9515 9492 9488 9515 9488 9484 9515 9484 9480 9515 9480 9478 9515 9516 9517 9520 9517 9515 9520 9515 9478 9520 9479 9483 9519 9521 9522 9524 9522 9525 9524 9525 9526 9524 9524 9526 9528 9526 9529 9528 9528 9529 9531 9530 9534 9533 9533 9534 9536 9535 9539 9538 9538 9539 9541 9540 9518 9543 9543 9518 9545 9519 9483 9544 9546 9482 9549 9549 9482 9551 9482 9486 9551 9551 9486 9553 9486 9490 9553 9553 9490 9555 9490 9496 9555 9555 9496 9558 9558 9496 9559 9497 9500 9560 9500 9509 9560 9509 9507 9560 9560 9507 9562 9507 9504 9562 9562 9504 9564 9504 9503 9564 9564 9503 9565 9503 9567 9565 9567 9521 9565 9521 9524 9565 9566 9523 9569 9569 9523 9571 9523 9527 9571 9571 9527 9573 9527 9532 9573 9573 9532 9576 9532 9537 9576 9576 9537 9579 9537 9542 9579 9579 9542 9580 9542 9546 9580 9546 9549 9580 9583 9581 9584 9581 9547 9584 9586 9548 9588 9548 9550 9588 9588 9550 9590 9590 9550 9592 9550 9552 9592 9592 9552 9595 9595 9552 9597 9597 9552 9599 9552 9554 9599 9599 9554 9601 9601 9554 9602 9554 9556 9602 9607 9604 9608 9604 9557 9608 9558 9559 9609 9559 9561 9609 9609 9561 9611 9561 9563 9611 9611 9563 9612 9563 9566 9612 9566 9569 9612 9614 9568 9616 9616 9568 9618 9618 9568 9620 9568 9570 9620 9620 9570 9622 9622 9570 9624 9624 9570 9626 9570 9572 9626 9626 9572 9628 9628 9572 9629 9572 9574 9629 9575 9577 9631 9631 9577 9632 9634 9578 9635 9578 9581 9635 9581 9583 9635 9636 9582 9637 9582 9585 9637 9585 9587 9637 9587 9589 9637 9589 9591 9637 9591 9593 9637 9639 9594 9641 9594 9596 9641 9596 9598 9641 9641 9598 9642 9598 9600 9642 9600 9603 9642 9603 9605 9642 9644 9606 9646 9648 9646 9649 9646 9606 9649 9607 9608 9650 9608 9610 9650 9650 9610 9652 9652 9610 9654 9610 9613 9654 9614 9616 9653 9656 9615 9659 9615 9617 9659 9617 9619 9659 9619 9621 9659 9621 9623 9659 9659 9623 9661 9623 9625 9661 9625 9627 9661 9627 9630 9661 9630 9633 9661 9633 9636 9661 9636 9637 9661 9637 9663 9661 9661 9663 9664 9663 9477 9664 9477 7344 9664 7344 7341 9664 9665 7342 9666 7342 7339 9666 7340 7315 9667 9667 7315 7191 7316 7321 7193 7193 7321 9668 9673 9670 9674 9670 7319 9674 9676 7320 9677 7320 7322 9677 9679 7323 9680 9685 9682 9687 9680 7323 9686 7324 7330 9688 9688 7330 9689 9694 9691 9695 9691 7328 9695 9697 7329 9698 7329 7325 9698 9700 7326 9702 9702 7326 9704 7327 7331 9703 9704 7332 9705 7332 7334 9705 9706 7333 9708 7333 7337 9708 7338 7345 9707 7345 7349 9707 7349 7313 9707 7313 7269 9707 9709 7270 9710 7271 7272 9711 9711 7272 9712 7272 7274 9712 9714 7275 9716 7275 7277 9716 9716 7277 9718 9718 7277 9720 9722 9720 9723 9720 7277 9723 7278 7279 9724 7279 7284 9724 9724 7284 9726 7284 7289 9726 9726 7289 9729 7289 7294 9729 9729 7294 9732 7294 7299 9732 9732 7299 9733 7299 7303 9733 7303 7306 9733 9736 9734 9737 9734 7304 9737 9739 7305 9741 7305 7308 9741 9741 7308 9742 7308 7310 9742 9743 7309 9744 7309 7312 9744 7312 7313 9744 7314 7351 9745 9745 7351 9746 7352 7355 9747 7355 7510 9747 9747 7510 9749 7510 7512 9749 9749 7512 9751 7512 7514 9751 9751 7514 9752 7514 7519 9752 7519 7522 9752 7523 7621 9753 9753 7621 9754 7622 7623 9755 7623 7625 9755 7625 7627 9755 7627 7630 9755 7630 7632 9755 7632 7634 9755 9755 7634 9756 7635 7636 9757 9757 7636 9758 7636 7638 9758 9760 7639 9762 7639 7641 9762 9762 7641 9764 9764 7641 9766 7641 7644 9766 9766 7644 9767 7644 7646 9767 9769 7645 9770 7645 7647 9770 7647 7649 9770 7649 7652 9770 7652 7655 9770 7655 7657 9770 7657 7660 9770 7660 7661 9770 7661 7664 9770 7664 7665 9770 9772 7666 9773 7666 7667 9773 7668 9307 9774 9307 9309 9774 9309 9311 9774 9774 9311 9775 9312 9313 9777 9313 9315 9777 9777 9315 9778 9315 9318 9778 9778 9318 9780 9318 9781 9780 9780 9781 9782 9781 9783 9782 9782 9783 9785 9783 9787 9785 9785 9787 9788 9787 9790 9788 9788 9790 9792 9792 9790 9794 9818 9796 9797 9796 9799 9797 9799 9801 9797 9797 9801 9804 9802 9805 9803 9805 9793 9803 9803 9793 9806 9793 9789 9806 9806 9789 9807 9789 9786 9807 9807 9786 9808 9786 9784 9808 9808 9784 9810 9784 9319 9810 9319 9320 9810 9321 9322 9809 9322 9326 9809 9326 9328 9809 9809 9328 9811 9328 9329 9811 9329 9330 9811 9811 9330 9812 9330 9331 9812 9331 9332 9812 9812 9332 9813 9332 9814 9813 9813 9814 9815 9814 9334 9815 9334 9335 9815 9335 9336 9815 9815 9336 9816 9336 9817 9816 9817 9339 9816 9816 9339 9819 9339 9341 9819 9820 9819 9821 9819 9341 9821 9341 9344 9821 9821 9344 9822 9822 9344 9824 9344 9346 9824 9823 9345 9825 9345 9348 9825 9348 9349 9825 9825 9349 9827 9349 9352 9827 9826 9350 9829 9351 9353 9828 9829 9354 9830 9355 9356 9830 9830 9356 9831 9831 9356 9832 9356 9357 9832 9832 9357 9833 9833 9357 9834 9357 9358 9834 9834 9358 9835 9835 9358 9836 9358 9359 9836 9836 9359 9837 9837 9359 9838 9359 9361 9838 9839 9360 9840 9361 9362 9841 9362 9363 9841 9841 9363 9842 9363 9365 9842 9843 9366 9845 9366 9367 9845 9367 9371 9845 9371 9376 9845 9376 9379 9845 9845 9379 9846 9379 9385 9846 9385 9389 9846 9389 9387 9846 9847 9386 9848 9386 9392 9848 9392 9399 9848 9400 9402 9849 9849 9402 9850 9851 9403 9852 9403 9407 9852 9407 9409 9852 9409 7211 9852 7209 7206 9854 9854 7206 9855 9860 9863 9864 9863 9857 9864 9857 7207 9864 7207 7203 9864 9864 7203 9865 9867 7204 9869 7205 7210 9868 7211 9409 9870 9872 9870 9873 9870 9409 9873 9410 9411 9874 9874 9411 9875 9876 9412 9877 9412 9413 9877 9414 9415 9878 9415 9418 9878 9418 9421 9878 9421 9423 9878 9878 9423 9879 9423 9425 9879 9425 9428 9879 9428 9430 9879 9430 9433 9879 9433 9434 9879 9880 9435 9881 9435 9436 9881 9884 9882 9885 9882 9437 9885 9437 9438 9885 9886 9439 9887 9439 9441 9887 9888 9440 9897 9897 9440 9889 9440 9442 9889 9889 9442 9891 9442 9445 9891 9445 9451 9891 9452 9450 9890 9450 9893 9890 9890 9893 9894 9893 9896 9894 9894 9896 9898 9898 9896 9899 9902 9900 9904 9900 9895 9904 9904 9895 9906 9895 9892 9906 9906 9892 9908 9892 9449 9908 9908 9449 9910 9449 9453 9910 9910 9453 9912 9453 9456 9912 9912 9456 9914 9456 9458 9914 9914 9458 9916 9458 9460 9916 9916 9460 9918 9460 9462 9918 9918 9462 9920 9462 9922 9920 9920 9922 9924 9922 9926 9924 9924 9926 9928 9926 7202 9928 9928 7202 9930 9930 7202 9931 7202 7198 9931 9933 7199 9934 7199 7194 9934 9936 7195 9937 9938 7196 9944 7197 7201 9943 7201 9925 9943 9943 9925 9939 9925 9921 9939 9939 9921 9941 9921 9463 9941 9463 9464 9941 9465 9466 9940 9466 9468 9940 9940 9468 9942 9468 9470 9942 9942 9470 9944 9944 9470 9945 9471 9472 9946 9946 9472 9947 9473 9474 9948 9948 9474 9949 9475 9476 9950 9476 9662 9950 9662 9638 9950 9950 9638 9952 9638 9640 9952 9640 9643 9952 9952 9643 9954 9643 9645 9954 9645 9647 9954 9954 9647 9956 9647 9958 9956 9958 9960 9956 9956 9960 9962 9962 9960 9963 9967 9970 9971 9973 9972 9975 9975 9972 9977 9972 9968 9977 9969 9980 9976 9976 9980 9982 9978 9985 9981 9981 9985 9987 9989 9986 9990 9986 9983 9990 9992 9984 9995 9995 9984 9997 9984 9979 9997 9997 9979 9998 9979 9970 9998 9970 9967 9998 10001 9999 10002 9999 9965 10002 10004 9966 10006 10006 9966 10007 9967 9971 10008 10008 9971 10010 9972 9973 10009 9974 10012 10011 10012 10013 10011 10013 10014 10011 10011 10014 10016 10014 10017 10016 10016 10017 10019 10018 10022 10021 10021 10022 10024 10023 10027 10026 10026 10027 10029 10028 10032 10031 10031 10032 10034 10036 10033 10038 10033 10039 10038 10039 10040 10038 10038 10040 10042 10040 10043 10042 10043 10044 10042 10044 10045 10042 10042 10045 10046 10045 9988 10046 9988 9991 10046 10047 9992 10048 9992 9995 10048 10049 9993 10050 9994 9996 10052 10052 9996 10054 10054 9996 10055 9996 9999 10055 9999 10001 10055 10056 10000 9964 10000 10003 9964 10003 10005 9964 9964 10005 10057 10006 10007 10058 10058 10007 10060 10062 10064 10065 10064 10060 10065 10060 10007 10065 10008 10010 10066 10010 10015 10066 10066 10015 10068 10015 10020 10068 10068 10020 10071 10020 10025 10071 10071 10025 10073 10025 10030 10073 10073 10030 10075 10030 10035 10075 10075 10035 10078 10035 10037 10078 10078 10037 10080 10037 10041 10080 10080 10041 10081 10041 10047 10081 10047 10048 10081 10084 10082 10086 10086 10082 10088 10082 10049 10088 10088 10049 10089 10049 10050 10089 10091 10051 10094 10051 10053 10094 10053 10056 10094 10056 9964 10094 9964 9959 10094 10094 9959 10096 9959 9957 10096 10096 9957 10097 9957 9648 10097 9648 9649 10097 9649 9651 10097 9651 9655 10097 9655 9657 10097 10098 9658 10100 10100 9658 10102 9658 9660 10102 10102 9660 10104 9660 9665 10104 9665 9666 10104 9667 7191 10103 10105 7192 10107 7193 7185 10106 10109 10107 10111 10107 7186 10111 7187 7184 10110 10112 7182 10113 7183 7189 10115 10115 7189 10116 10118 7190 10119 7190 7193 10119 7193 9668 10119 9669 9671 10121 10121 9671 10122 10124 9672 10125 9672 9675 10125 9675 9678 10125 9678 9681 10125 9681 9683 10125 10125 9683 10126 10128 9684 10130 9685 9687 10129 10131 9688 10132 9688 9689 10132 9690 9692 10133 10133 9692 10134 9693 9696 10135 9696 9699 10135 9699 9701 10135 10135 9701 10136 9702 9704 10137 10137 9704 10138 9704 9705 10138 9706 9708 10139 10139 9708 10140 9709 9710 10141 9710 9713 10141 9713 9715 10141 9715 9717 10141 9717 9719 10141 9719 9721 10141 10141 9721 10142 9722 9723 10143 10143 9723 10145 9723 9725 10145 10145 9725 10147 10147 9725 10148 9725 9727 10148 9728 9730 10150 10150 9730 10151 10153 9731 10154 9731 9734 10154 9734 9736 10154 10155 9735 10156 9735 9738 10156 9738 9740 10156 9740 9743 10156 9743 9744 10156 9745 9746 10157 10157 9746 10159 9746 9748 10159 10159 9748 10161 10161 9748 10163 9748 9750 10163 10163 9750 10165 10165 9750 10166 9750 9753 10166 9753 9754 10166 10167 9755 10168 9755 9756 10168 9756 9759 10168 9759 9761 10168 9761 9763 10168 9763 9765 10168 9765 9768 10168 9768 9771 10168 10169 9772 10171 9772 9773 10171 9774 9775 10170 9776 9779 10172 9779 10173 10172 10173 10174 10172 10174 10175 10172 10175 10176 10172 10176 9791 10172 10172 9791 10178 9792 9794 10177 9794 10180 10177 10179 10181 10182 10181 9800 10182 10182 9800 10184 9800 9798 10184 10184 9798 10186 9798 9795 10186 9795 7181 10186 7181 7172 10186 10187 10185 10195 10185 7173 10195 7173 7177 10195 10194 7178 10188 7178 7180 10188 10188 7180 10190 7180 9796 10190 9796 9818 10190 9819 9820 10189 9820 10191 10189 10189 10191 10193 10193 10191 10197 10192 10198 10196 10196 10198 10199 10198 9826 10199 10199 9826 10201 9826 9829 10201 10201 9829 10202 10202 9829 10203 9829 9830 10203 10203 9830 10204 9830 9831 10204 10204 9831 10205 9831 9832 10205 9832 9833 10205 9833 9834 10205 10205 9834 10206 9834 9835 10206 9835 9836 10206 10206 9836 10207 9836 9837 10207 9837 9838 10207 10207 9838 10209 9838 9841 10209 9841 9842 10209 9843 9845 10208 9845 10211 10208 10208 10211 10212 10212 10211 10213 10213 10211 10214 10214 10211 10215 10216 10217 10220 10218 10222 10219 10222 10215 10219 10215 10211 10219 10221 10210 10223 10210 9844 10223 9844 9847 10223 9847 9848 10223 9849 9850 10224 10224 9850 10225 9851 9852 10226 10226 9852 10228 9853 9856 10227 9856 9861 10227 10229 9862 10230 9862 9858 10230 10232 9859 10235 10235 9859 10236 9860 9864 10238 10238 9864 10241 10241 9864 10244 10244 9864 10247 10247 9864 10250 10250 9864 10251 9864 9865 10251 10253 9866 10255 9867 9869 10254 9870 9872 10256 9872 10258 10256 10256 10258 10261 10261 10258 10262 10265 10263 10267 10263 10257 10267 10267 10257 10269 10257 9871 10269 10269 9871 10271 9871 9874 10271 9874 9875 10271 9876 9877 10270 9878 9879 10273 10273 9879 10274 10275 9880 10276 9880 9881 10276 9882 9884 10277 10277 9884 10278 10281 10279 10283 10279 9883 10283 10283 9883 10284 9883 9886 10284 9886 9887 10284 10285 9888 10286 9888 9897 10286 9898 9899 10287 10287 9899 10288 9900 9902 10289 9902 10291 10289 10289 10291 10293 10291 10295 10293 10293 10295 10297 10297 10295 10298 10300 10302 10303 10302 10305 10303 10303 10305 10306 10305 10308 10306 10306 10308 10309 10308 10299 10309 10309 10299 10310 10299 10294 10310 10310 10294 10311 10294 10290 10311 10311 10290 10312 10290 9901 10312 10312 9901 10313 9901 9903 10313 10313 9903 10314 9903 9905 10314 10314 9905 10315 9905 9907 10315 10315 9907 10316 9907 9909 10316 10316 9909 10317 9909 9911 10317 10317 9911 10318 9911 9913 10318 10318 9913 10319 9913 9915 10319 10319 9915 10320 9915 9917 10320 10320 9917 10321 9917 9919 10321 10321 9919 10322 9919 9923 10322 10322 9923 10323 9923 9927 10323 10323 9927 10324 9927 9929 10324 9929 9932 10324 10324 9932 10325 9932 9935 10325 10326 10327 10329 10329 10327 10331 10327 10332 10331 10331 10332 10334 10332 10335 10334 10334 10335 10337 10335 10338 10337 10337 10338 10340 10338 10341 10340 10340 10341 10344 10341 10325 10344 10344 10325 10345 10325 9935 10345 10347 9936 10348 9936 9937 10348 9938 9944 10349 9944 9945 10349 10349 9945 10350 9946 9947 10351 10351 9947 10352 9948 9949 10353 9949 9951 10353 10353 9951 10355 9951 9953 10355 10355 9953 10357 9953 9955 10357 10357 9955 10360 9955 9961 10360 10360 9961 10362 10365 10362 10366 10362 9961 10366 9962 9963 10367 10367 9963 10368 9964 10057 10369 10057 10059 10369 10059 10063 10369 10063 10061 10369 10369 10061 10370 10062 10065 10371 10065 10067 10371 10371 10067 10374 10374 10067 10375 10067 10069 10375 10070 10072 10377 10377 10072 10379 10379 10072 10382 10072 10074 10382 10382 10074 10384 10384 10074 10385 10074 10076 10385 10387 10077 10389 10077 10079 10389 10389 10079 10391 10391 10079 10392 10079 10082 10392 10082 10084 10392 10393 10083 10394 10083 10085 10394 10085 10087 10394 10087 10090 10394 10090 10092 10394 10397 10395 10399 10395 10093 10399 10399 10093 10401 10093 10095 10401 10401 10095 10402 10095 10098 10402 10098 10100 10402 10403 10099 10405 10405 10099 10407 10099 10101 10407 10407 10101 10408 10101 10105 10408 10105 10107 10408 10107 10109 10408 10409 10108 10410 10108 10112 10410 10112 10113 10410 10114 10117 10411 10411 10117 10412 10118 10119 10413 10413 10119 10415 10415 10119 10416 10120 10123 10418 10418 10123 10419 10124 10125 10421 10421 10125 10424 10424 10125 10427 10427 10125 10430 10430 10125 10431 10125 10126 10431 10433 10127 10435 10128 10130 10434 10436 10131 10437 10131 10132 10437 10133 10134 10438 10438 10134 10439 10135 10136 10440 10440 10136 10441 10137 10138 10442 10442 10138 10443 10139 10140 10444 10444 10140 10445 10141 10142 10446 10142 10144 10446 10144 10146 10446 10146 10149 10446 10149 10152 10446 10152 10155 10446 10155 10156 10446 10156 10158 10446 10446 10158 10448 10158 10160 10448 10160 10162 10448 10448 10162 10449 10162 10164 10449 10164 10167 10449 10167 10168 10449 10450 10169 10451 10169 10171 10451 10452 10172 10453 10172 10178 10453 10178 10183 10453 10183 10187 10453 10187 10195 10453 10195 10200 10453 10200 10216 10453 10216 10220 10453 10454 10221 10455 10221 10223 10455 10224 10225 10456 10456 10225 10457 10226 10228 10458 10228 10231 10458 10458 10231 10460 10231 10233 10460 10460 10233 10463 10463 10233 10466 10466 10233 10468 10234 10237 10467 10237 10239 10467 10469 10240 10470 10240 10242 10470 10472 10243 10473 10243 10245 10473 10475 10246 10476 10246 10248 10476 10478 10249 10480 10249 10252 10480 10253 10255 10479 10256 10261 10481 10481 10261 10482 10484 10259 10485 10487 10260 10490 10490 10260 10492 10261 10262 10491 10263 10265 10493 10493 10265 10494 10495 10264 10496 10264 10266 10496 10266 10268 10496 10268 10272 10496 10273 10274 10497 10497 10274 10498 7170 10499 10500 10499 10275 10500 10275 10276 10500 10277 10278 10501 10501 10278 10502 10279 10281 10503 10503 10281 10504 10505 10280 10510 10510 10280 10506 10280 10282 10506 10506 10282 10508 10282 10285 10508 10285 10286 10508 10287 10288 10507 10288 10292 10507 10507 10292 10509 10292 10296 10509 10509 10296 10511 10511 10296 10512 10297 10298 10513 10298 10307 10513 10513 10307 10515 10307 10304 10515 10515 10304 10517 10304 10301 10517 10517 10301 10519 10519 10301 10520 10302 10300 10521 10300 10522 10521 10521 10522 10524 10522 10525 10524 10524 10525 10527 10525 10528 10527 10527 10528 10530 10528 10531 10530 10530 10531 10533 10531 10534 10533 10533 10534 10536 10534 10537 10536 10536 10537 10539 10537 10540 10539 10539 10540 10542 10540 10543 10542 10542 10543 10545 10543 10546 10545 10545 10546 10548 10546 10549 10548 10548 10549 10550 10549 10326 10550 10326 10329 10550 10551 10328 10553 10553 10328 10555 10328 10330 10555 10555 10330 10557 10330 10333 10557 10557 10333 10559 10333 10336 10559 10559 10336 10561 10336 10339 10561 10561 10339 10563 10339 10342 10563 10563 10342 10564 10566 10343 10567 10343 10346 10567 10570 10347 10572 10572 10347 10573 10347 10348 10573 10349 10350 10574 10574 10350 10575 10351 10352 10576 10352 10354 10576 10576 10354 10578 10354 10356 10578 10578 10356 10579 10356 10358 10579 10581 10359 10583 10359 10361 10583 10583 10361 10584 10361 10363 10584 10586 10364 10588 10588 10364 10589 10590 10365 10591 10365 10366 10591 10367 10368 10592 10592 10368 10594 10369 10370 10593 10370 10372 10593 10373 10376 10595 10376 10378 10595 10378 10380 10595 10595 10380 10597 10381 10383 10596 10383 10386 10596 10386 10388 10596 10388 10390 10596 10390 10393 10596 10393 10394 10596 10395 10397 10598 10598 10397 10599 10600 10396 10602 10602 10396 10604 10396 10398 10604 10604 10398 10606 10398 10400 10606 10606 10400 10607 10400 10403 10607 10403 10405 10607 10608 10404 10609 10404 10406 10609 10406 10409 10609 10409 10410 10609 10411 10412 10610 10412 10414 10610 10610 10414 10611 10415 10416 10613 10613 10416 10615 10417 10420 10614 10420 10422 10614 10616 10423 10617 10423 10425 10617 10619 10426 10620 10426 10428 10620 10622 10429 10624 10429 10432 10624 10433 10435 10623 10625 10436 10626 10436 10437 10626 10628 10438 10629 10438 10439 10629 10631 10440 10632 10440 10441 10632 10442 10443 10633 10633 10443 10634 10444 10445 10635 10445 10447 10635 10635 10447 10636 10447 10450 10636 10450 10451 10636 10637 10452 10638 10452 10453 10638 10454 10455 10639 10639 10455 10640 10456 10457 10641 10457 10459 10641 10459 10461 10641 10641 10461 10642 10462 10464 10644 10644 10464 10645 10647 10465 10648 10466 10468 10650 10468 10471 10650 10650 10471 10653 10471 10474 10653 10653 10474 10655 10474 10477 10655 10655 10477 10656 10477 10481 10656 10481 10482 10656 10657 10483 10659 10484 10485 10658 10486 10488 10660 10660 10488 10661 10489 10493 10662 10493 10494 10662 10662 10494 10664 10664 10494 10665 10666 10495 10667 10495 10496 10667 10497 10498 10668 10498 7169 10668 7169 7115 10668 7115 7113 10668 10668 7113 10670 7114 7117 10669 7117 7119 10669 10671 7120 10673 7120 7122 10673 10673 7122 10675 10675 7122 10677 10679 10677 10680 10677 7122 10680 7123 7124 10681 7124 7129 10681 10681 7129 10683 7129 7134 10683 10683 7134 10686 7134 7139 10686 10686 7139 10688 7139 7144 10688 10688 7144 10689 7144 7148 10689 7148 7151 10689 10692 10690 10693 10690 7149 10693 10695 7150 10697 7150 7152 10697 10697 7152 10699 10699 7152 10701 7152 7155 10701 10701 7155 10702 7155 7157 10702 10703 7156 10705 7156 7158 10705 10705 7158 10706 7158 7160 10706 7160 7163 10706 7163 7166 10706 7166 7168 10706 10707 7167 10708 7167 7170 10708 7170 10500 10708 10501 10502 10709 10709 10502 10710 10503 10504 10711 10711 10504 10712 10714 10713 10716 10713 10505 10716 10505 10510 10716 10511 10512 10715 10512 10514 10715 10715 10514 10717 10514 10516 10717 10717 10516 10719 10516 10518 10719 10719 10518 10721 10721 10518 10722 10519 10520 10723 10520 10523 10723 10723 10523 10725 10523 10526 10725 10725 10526 10727 10526 10529 10727 10727 10529 10729 10529 10532 10729 10729 10532 10731 10532 10535 10731 10731 10535 10733 10535 10538 10733 10733 10538 10735 10538 10541 10735 10735 10541 10737 10541 10544 10737 10737 10544 10739 10544 10547 10739 10739 10547 10740 10547 10551 10740 10551 10553 10740 10741 10552 10754 10754 10552 10742 10552 10554 10742 10742 10554 10743 10554 10556 10743 10743 10556 10744 10556 10558 10744 10744 10558 10745 10558 10560 10745 10745 10560 10746 10560 10562 10746 10746 10562 10748 10562 10565 10748 10565 10568 10748 10569 10571 10747 10571 10574 10747 10574 10575 10747 10747 10575 10749 10575 10577 10749 10749 10577 10750 10577 10580 10750 10750 10580 10751 10580 10582 10751 10751 10582 10752 10582 10585 10752 10752 10585 10753 10585 10587 10753 10753 10587 10755 10755 10587 10756 10588 10589 10757 10589 10759 10757 10757 10759 10761 10763 10761 10764 10761 10759 10764 10765 10758 10766 10758 10590 10766 10590 10591 10766 10592 10594 10767 10767 10594 10768 10769 10595 10770 10595 10597 10770 10598 10599 10771 10771 10599 10772 10773 10600 10774 10600 10602 10774 10775 10601 10777 10601 10603 10777 10603 10605 10777 10605 10608 10777 10608 10609 10777 10610 10611 10776 10778 10612 10779 10613 10615 10781 10615 10618 10781 10781 10618 10784 10618 10621 10784 10784 10621 10785 10621 10625 10785 10625 10626 10785 10787 10627 10788 10627 10630 10788 10790 10631 10792 10631 10632 10792 10633 10634 10791 10634 10637 10791 10637 10638 10791 10639 10640 10792 10640 10643 10792 10643 10646 10792 10792 10646 10794 10647 10648 10793 10649 10651 10795 10795 10651 10796 10652 10654 10798 10798 10654 10800 10800 10654 10801 10654 10657 10801 10657 10659 10801 10660 10661 10802 10661 10663 10802 10802 10663 10803 10664 10665 10804 10804 10665 10805 10666 10667 10806 10806 10667 7050 7050 10667 10807 10668 10670 10808 10670 10672 10808 10672 10674 10808 10674 10676 10808 10676 10678 10808 10808 10678 10809 10679 10680 10810 10810 10680 10812 10680 10682 10812 10812 10682 10814 10814 10682 10815 10682 10684 10815 10685 10687 10817 10817 10687 10819 10819 10687 10820 10687 10690 10820 10690 10692 10820 10821 10691 10822 10691 10694 10822 10694 10696 10822 10696 10698 10822 10698 10700 10822 10700 10703 10822 10703 10705 10822 10823 10704 10824 10704 10707 10824 10707 10708 10824 10709 10710 10825 10825 10710 10826 10711 10712 10827 10827 10712 10828 10713 10714 10829 10714 10718 10829 10829 10718 10831 10718 10720 10831 10831 10720 10833 10833 10720 10834 10721 10722 10835 10722 10724 10835 10835 10724 10837 10724 10726 10837 10837 10726 10839 10726 10728 10839 10839 10728 10841 10728 10730 10841 10841 10730 10843 10730 10732 10843 10843 10732 10850 10732 10734 10850 10850 10734 10844 10734 10736 10844 10844 10736 10845 10736 10738 10845 10845 10738 10847 10738 10741 10847 10741 10754 10847 10755 10756 10846 10756 10760 10846 10846 10760 10848 10760 10762 10848 10848 10762 10849 10851 10849 10852 10849 10762 10852 10853 10763 10854 10763 10764 10854 10855 10765 10856 10765 10766 10856 10767 10768 10857 10857 10768 10858 10859 10769 10860 10769 10770 10860 10771 10772 10861 10861 10772 10863 10867 10870 10871 10873 10868 10874 10878 10881 10882 10887 10890 10891 10893 10888 10895 10888 10884 10895 10882 10881 10894 10896 10879 10897 10879 10875 10897 10898 10874 10899 10874 10868 10899 10869 10865 10900 10900 10865 10901 10865 10905 10901 10907 10902 10908 10902 10903 10908 10910 10904 10912 10904 10866 10912 10867 10871 10911 10913 10872 10914 10872 10875 10914 10875 10879 10914 10880 10876 10916 10916 10876 10917 10919 10877 10920 10877 10883 10920 10883 10889 10920 10889 10885 10920 10920 10885 10921 10923 10886 10925 10887 10891 10924 10926 10892 10929 10929 10892 10930 10892 10896 10930 10896 10897 10930 10932 10898 10935 10935 10898 10936 10898 10899 10936 10937 10900 10938 10900 10901 10938 10902 10907 10940 10940 10907 10864 10864 10907 10942 10942 10907 10943 10906 10909 10944 10909 10913 10944 10944 10913 10945 10913 10914 10945 10915 10918 10947 10947 10918 10948 10919 10920 10950 10950 10920 10953 10953 10920 10956 10956 10920 10959 10959 10920 10962 10962 10920 10963 10920 10921 10963 10965 10922 10967 10923 10925 10966 10968 10926 10969 10926 10929 10969 10971 10927 10974 10974 10927 10976 10928 10931 10975 10931 10933 10975 10977 10934 10979 10934 10937 10979 10937 10938 10979 10939 10862 10978 10862 10773 10978 10773 10774 10978 10979 10775 10981 10775 10777 10981 10778 10779 10980 10780 10782 10982 10982 10782 10984 10783 10786 10983 10786 10789 10983 10985 10790 10987 10790 10792 10987 10792 10794 10987 10794 10797 10987 10797 10799 10987 10799 10802 10987 10802 10803 10987 10804 10805 10986 10805 7048 10986 7049 7022 10988 7022 7024 10988 10988 7024 10989 7025 7026 10990 7026 7028 10990 10990 7028 10992 7028 7030 10992 10992 7030 10994 7030 7032 10994 10994 7032 10996 7032 7034 10996 10996 7034 10998 7034 7037 10998 7038 7039 10997 10999 7040 11000 7040 7042 11000 7042 7044 11000 7044 7047 11000 7047 7049 11000 11005 11002 11006 11002 7050 11006 7050 10807 11006 10808 10809 11007 10809 10811 11007 10811 10813 11007 10813 10816 11007 10816 10818 11007 10818 10821 11007 10821 10822 11007 11007 10822 11008 11011 11009 11012 11009 10823 11012 10823 10824 11012 10825 10826 11013 11013 10826 11014 10827 10828 11015 10828 10830 11015 11015 10830 11017 10830 10832 11017 11017 10832 11019 11019 10832 11020 10833 10834 11021 10834 10836 11021 11021 10836 11023 10836 10838 11023 11023 10838 11025 10838 10840 11025 11025 10840 11027 10840 10842 11027 11027 10842 11028 10842 10851 11028 10851 10852 11028 11029 10853 11030 10853 10854 11030 11031 10855 11032 10855 10856 11032 10857 10858 11033 10858 1668 11033 11033 1668 11034 1666 1617 11035 1617 1619 11035 11035 1619 11036 1620 1621 11037 11037 1621 11039 1621 1623 11039 11039 1623 11041 11041 1623 11042 1623 1625 11042 1626 1628 11044 11044 1628 11046 11046 1628 11049 11049 1628 11050 1629 1631 11051 1631 1636 11051 11051 1636 11054 1636 1638 11054 11054 1638 11056 1638 1642 11056 11056 1642 11057 1642 1648 11057 1648 1649 11057 1650 1652 11058 11060 11058 11061 11058 1652 11061 11062 1651 11063 1651 1653 11063 1653 1656 11063 1656 1659 11063 1659 1661 11063 1661 1664 11063 1664 1667 11063 1667 10859 11063 10859 10860 11063 10861 10863 11064 10863 10941 11064 11064 10941 11065 10942 10943 11066 11066 10943 11067 10944 10945 11068 11068 10945 11070 10946 10949 11069 10949 10951 11069 11071 10952 11072 10952 10954 11072 11074 10955 1551 10955 10957 1551 1553 10958 11075 10958 10960 11075 11077 10961 11079 10961 10964 11079 10965 10967 11078 11080 10968 11081 10968 10969 11081 11083 10970 11084 10970 10972 11084 11086 10973 11088 10973 10977 11088 10977 10979 11088 10979 10981 11088 10981 10985 11088 10985 10987 11088 10988 10989 11087 10989 10991 11087 10991 10993 11087 10993 10995 11087 10995 10999 11087 10999 11000 11087 11089 11001 11090 11001 11003 11090 11092 11004 11093 11097 11095 11099 11093 11004 11098 11005 11006 11100 11100 11006 11101 11007 11008 11102 11008 11010 11102 11102 11010 11103 11104 11011 11105 11011 11012 11105 11013 11014 11106 11014 11016 11106 11106 11016 11108 11016 11018 11108 11108 11018 11110 11110 11018 11111 11019 11020 11112 11020 11022 11112 11112 11022 11114 11022 11024 11114 11114 11024 11116 11024 11026 11116 11116 11026 11117 11026 11029 11117 11029 11030 11117 11118 11031 11119 11031 11032 11119 11033 11034 11120 11120 11034 11122 11035 11036 11121 11036 11038 11121 11038 11040 11121 11040 11043 11121 11043 11045 11121 11045 11047 11121 11123 11048 11124 11049 11050 11125 11125 11050 11126 11050 11052 11126 11128 11053 11130 11053 11055 11130 11130 11055 11132 11132 11055 11133 11055 11058 11133 11058 11060 11133 11134 11059 11136 11059 11062 11136 11062 11063 11136 11064 11065 11135 11066 11067 11138 11140 11138 11141 11138 11067 11141 11068 11070 11142 11070 11073 11142 11142 11073 11143 11073 1552 11143 1552 1528 11143 1528 1534 11143 1534 1539 11143 1540 1525 11146 1525 1515 11146 1515 11147 11146 11147 11148 11146 11148 1406 11146 1406 1408 11146 11146 1408 11149 1409 1410 11151 1410 1413 11151 11151 1413 11152 1413 1416 11152 11154 1417 11156 1417 1419 11156 11156 1419 11157 1419 1422 11157 1422 1424 11157 11158 1423 11160 1423 1428 11160 1428 1429 11160 1430 1433 11159 11162 11161 11164 11161 1432 11164 1432 1435 11164 1435 1436 11164 1436 1438 11164 1438 1440 11164 11163 1439 11165 1439 1442 11165 1442 1443 11165 11165 1443 11167 11167 1443 11170 1443 1444 11170 1444 1446 11170 11170 1446 11173 1446 1448 11173 11173 1448 11174 1448 1450 11174 11174 1450 11175 1450 1454 11175 11175 1454 11176 11176 1454 11177 1455 1453 11178 11178 1453 11179 11184 11180 11181 11180 1452 11181 11181 1452 11182 1452 1457 11182 1457 1458 11182 1458 1459 11182 11182 1459 11183 1459 1460 11183 1460 1461 11183 11183 1461 11184 1461 1462 11184 11184 1462 11185 1462 1463 11185 1463 1464 11185 11185 1464 11186 1464 1465 11186 11186 1465 11187 1465 1466 11187 11187 1466 11188 1466 1467 11188 1467 1469 11188 11188 1469 11189 1468 1470 11190 11190 1470 11192 11192 1470 11194 11194 1470 11196 1470 1472 11196 11196 1472 11197 1472 1474 11197 11199 1475 11200 1475 1478 11200 1478 1480 11200 11201 1479 11203 11203 1479 11205 1479 1481 11205 11205 1481 11207 1481 1483 11207 11207 1483 11209 1483 1485 11209 11209 1485 11210 1486 1488 11211 11211 1488 11212 1488 1490 11212 11212 1490 11215 1490 1493 11215 11215 1493 11218 1493 1495 11218 11218 1495 11219 1495 1498 11219 1498 1499 11219 1499 1500 11219 11219 1500 11220 11232 11220 11221 11220 1500 11221 11221 1500 11222 1500 1501 11222 1501 1502 11222 11222 1502 11223 1502 1503 11223 1503 1504 11223 11223 1504 11224 1504 1505 11224 1505 11225 11224 11224 11225 11227 11225 1508 11227 1508 1510 11227 1511 1512 11226 1512 1523 11226 11226 1523 11228 11228 1523 11229 1523 1518 11229 11229 1518 11230 1518 1516 11230 11230 1516 11231 11231 1516 11233 11233 1516 11234 11237 11235 11238 11235 1517 11238 1517 1520 11238 11240 1521 11241 1521 11243 11241 11243 1525 11241 1525 1540 11241 1540 1543 11241 11242 1544 11244 1544 1545 11244 1546 1549 11245 11245 1549 11246 1550 1552 11247 11247 1552 11249 1552 11076 11249 11249 11076 11250 11076 11080 11250 11080 11081 11250 11252 11082 11253 11082 11085 11253 11086 11088 11255 11088 11091 11255 11091 11094 11255 11094 11096 11255 11255 11096 11256 11257 11097 11258 11097 11099 11258 11100 11101 11259 11259 11101 11260 11102 11103 11261 11261 11103 11263 11263 11103 11264 11104 11105 11265 11105 11107 11265 11265 11107 11267 11107 11109 11267 11267 11109 11268 11271 11274 11276 11276 11274 11279 11279 11274 11281 11283 11285 11286 11286 11285 11288 11285 11291 11288 11289 11294 11287 11287 11294 11296 11292 11282 11295 11295 11282 11298 11280 11272 11297 11297 11272 11300 11273 11270 11299 11299 11270 11301 11303 11304 11306 11304 11307 11306 11306 11307 11308 11307 11310 11308 11310 11311 11308 11311 11301 11308 11301 11270 11308 11309 11271 11312 11271 11276 11312 11315 11313 11317 11313 11275 11317 11317 11275 11319 11319 11275 11320 11275 11277 11320 11324 11322 11325 11322 11278 11325 11279 11281 11326 11281 11293 11326 11326 11293 11328 11293 11290 11328 11328 11290 11331 11290 11284 11331 11331 11284 11333 11333 11284 11334 11285 11283 11335 11283 11336 11335 11336 11337 11335 11337 11338 11335 11335 11338 11340 11338 11341 11340 11340 11341 11343 11342 11346 11345 11345 11346 11348 11347 11351 11350 11350 11351 11353 11352 11302 11355 11355 11302 11357 11303 11306 11356 11358 11305 11361 11361 11305 11362 11305 11309 11362 11309 11312 11362 11363 11313 11365 11365 11313 11366 11313 11315 11366 11368 11314 11269 11314 11316 11269 11316 11318 11269 11318 11321 11269 11321 11323 11269 11269 11323 11369 11324 11325 11371 11325 11327 11371 11371 11327 11373 11373 11327 11374 11327 11329 11374 11376 11330 11378 11330 11332 11378 11378 11332 11380 11380 11332 11382 11384 11382 11385 11382 11332 11385 11333 11334 11386 11334 11339 11386 11386 11339 11388 11339 11344 11388 11388 11344 11391 11344 11349 11391 11391 11349 11394 11349 11354 11394 11394 11354 11395 11354 11358 11395 11358 11361 11395 11398 11396 11399 11396 11359 11399 11401 11360 11403 11360 11363 11403 11403 11363 11404 11363 11365 11404 11406 11364 11408 11364 11367 11408 11368 11269 11407 11268 11109 11409 11409 11109 11410 11110 11111 11411 11111 11113 11411 11411 11113 11413 11113 11115 11413 11413 11115 11414 11115 11118 11414 11118 11119 11414 11417 11415 11418 11415 11120 11418 11120 11122 11418 11419 11123 11420 11123 11124 11420 11124 11127 11420 11127 11129 11420 11129 11131 11420 11131 11134 11420 11134 11136 11420 11137 11139 11421 11421 11139 11423 11140 11141 11422 11141 11144 11422 11145 11150 11424 11150 11153 11424 11153 11155 11424 11155 11158 11424 11158 11160 11424 11424 11160 11426 11161 11162 11425 11162 11166 11425 11425 11166 11428 11428 11166 11430 11430 11166 11433 11433 11166 11435 11166 11168 11435 11169 11171 11434 11436 11172 11437 11173 11174 11437 11437 11174 11438 11438 11174 11439 11174 11175 11439 11439 11175 11440 11440 11175 11441 11175 11176 11441 11441 11176 11442 11442 11176 11443 11444 11443 11445 11443 11176 11445 11176 11177 11445 11445 11177 11446 11178 11179 11447 11447 11179 11448 11180 11184 11449 11184 11185 11449 11449 11185 11451 11185 11186 11451 11451 11186 11453 11186 11187 11453 11453 11187 11455 11455 11187 11456 11187 11188 11456 11188 11189 11456 11457 11190 11458 11190 11192 11458 11459 11191 11460 11460 11191 11461 11191 11193 11461 11461 11193 11463 11193 11195 11463 11463 11195 11465 11195 11198 11465 11465 11198 11466 11198 11201 11466 11201 11203 11466 11467 11466 11468 11466 11203 11468 11468 11203 11469 11469 11203 11470 11470 11202 11471 11202 11204 11471 11204 11206 11471 11471 11206 11472 11472 11206 11473 11473 11206 11476 11207 11209 11475 11474 11208 11477 11208 11211 11477 11211 11212 11477 11477 11212 11485 11212 11215 11485 11484 11213 11480 11214 11216 11479 11478 11217 11482 11218 11219 11481 11219 11220 11481 11220 11232 11481 11481 11232 11483 11485 11483 11486 11483 11232 11486 11233 11234 11487 11487 11234 11488 11235 11237 11489 11237 11491 11489 11491 11493 11489 11489 11493 11495 11497 11499 11501 11501 11499 11503 11499 11505 11503 11503 11505 11506 11505 11495 11506 11495 11493 11506 11508 11492 11510 11492 11490 11510 11490 11236 11510 11236 11239 11510 11240 11241 11509 11511 11242 11513 11242 11244 11513 11245 11246 11512 11246 11248 11512 11248 11251 11512 11251 11254 11512 11513 11255 11514 11255 11256 11514 11516 11257 11517 11257 11258 11517 11259 11260 11519 11260 11262 11519 11519 11262 11521 11263 11264 11520 11264 11266 11520 11266 11269 11520 11269 11369 11520 11370 11372 11522 11522 11372 11524 11372 11375 11524 11375 11377 11524 11377 11379 11524 11379 11381 11524 11381 11383 11524 11524 11383 11525 11384 11385 11526 11526 11385 11528 11385 11387 11528 11528 11387 11530 11530 11387 11531 11387 11389 11531 11390 11392 11533 11533 11392 11534 11536 11393 11537 11393 11396 11537 11396 11398 11537 11538 11397 11540 11397 11400 11540 11400 11402 11540 11402 11405 11540 11406 11408 11539 11409 11410 11541 11541 11410 11543 11410 11412 11543 11543 11412 11545 11545 11412 11546 11412 11415 11546 11415 11417 11546 11547 11416 11548 11416 11419 11548 11419 11420 11548 11549 11421 11551 11421 11423 11551 11424 11426 11550 11427 11553 11552 11553 11429 11552 11429 11431 11552 11554 11552 11556 11552 11431 11556 11432 11436 11555 11436 11437 11555 11437 11438 11555 11555 11438 11557 11438 11439 11557 11439 11440 11557 11440 11441 11557 11557 11441 11559 11441 11442 11559 11442 11443 11559 11559 11443 11562 11443 11444 11562 11562 11444 11564 11444 11445 11564 11564 11445 11566 11445 11446 11566 11566 11446 11567 11447 11448 11568 11448 11450 11568 11568 11450 11570 11450 11452 11570 11570 11452 11572 11452 11454 11572 11572 11454 11573 11454 11457 11573 11457 11458 11573 11574 11459 11575 11459 11460 11575 11576 11460 11577 11577 11460 11578 11578 11460 11579 11460 11461 11579 11579 11461 11580 11461 11462 11580 11580 11462 11581 11462 11464 11581 11581 11464 11582 11464 11466 11582 11466 11467 11582 11582 11467 11596 11596 11467 11583 11467 11468 11583 11468 11469 11583 11469 11470 11583 11470 11471 11583 11583 11471 11584 11471 11472 11584 11472 11585 11584 11584 11585 11586 11585 11474 11586 11586 11474 11587 11474 11477 11587 11587 11477 11589 11477 11485 11589 11485 11486 11589 11487 11488 11588 11488 11494 11588 11588 11494 11590 11494 11504 11590 11590 11504 11591 11504 11498 11591 11591 11498 11592 11498 11496 11592 11592 11496 11593 11496 11595 11593 11593 11595 11597 11597 11595 11598 11603 11599 11600 11599 11594 11600 11600 11594 11602 11594 11497 11602 11497 11501 11602 11604 11605 11608 11605 11601 11608 11601 11500 11608 11500 11502 11608 11502 11507 11608 11508 11510 11607 11511 11513 11606 11513 11514 11606 11609 11515 11610 11515 11518 11610 11519 11521 11612 11521 11523 11612 11612 11523 11613 11524 11525 11614 11525 11527 11614 11527 11529 11614 11529 11532 11614 11532 11535 11614 11535 11538 11614 11538 11540 11614 11540 11542 11614 11614 11542 11615 11542 11544 11615 11544 11547 11615 11547 11548 11615 11616 11549 11617 11549 11551 11617 11552 11554 11618 11554 11558 11618 11558 11560 11618 11618 11560 11619 11561 11563 11620 11620 11563 11621 11563 11565 11621 11621 11566 11622 11566 11567 11622 11567 11569 11622 11622 11569 11624 11569 11571 11624 11624 11571 11625 11571 11574 11625 11574 11575 11625 11626 11625 11627 11625 11575 11627 11576 11577 11627 11627 11577 11629 11629 11577 11630 11577 11578 11630 11578 11579 11630 11630 11579 11632 11579 11633 11632 11632 11633 11635 11633 11581 11635 11581 11582 11635 11582 11596 11635 11597 11598 11634 11636 11634 11637 11634 11598 11637 11599 11603 11639 11639 11603 11640 11644 11646 11648 11646 11642 11648 11642 11604 11648 11604 11608 11648 11608 11611 11648 11612 11613 11647 11613 11616 11647 11616 11617 11647 11618 11619 11648 11648 11619 11649 11620 11621 11650 11650 11621 11651 11621 11622 11651 11651 11622 11653 11622 11624 11653 11652 11623 11655 11624 11625 11654 11625 11626 11654 11656 11654 11657 11654 11626 11657 11626 11627 11657 11627 11629 11657 11658 11628 11663 11663 11628 11659 11628 11631 11659 11659 11631 11661 11631 11636 11661 11636 11637 11661 11638 11641 11660 11641 11645 11660 11660 11645 11662 11645 11643 11662 11662 11643 11664 11664 11643 11665 11666 11644 11668 11644 11648 11668 11648 11649 11668 11650 11651 11667 11651 11656 11667 11656 11657 11667 11669 11658 11672 11675 11672 11676 11672 11658 11676 11658 11663 11676 11678 11664 11680 11664 11665 11680 11666 11668 11679 11668 11670 11679 11671 11673 11682 11683 11684 11685 11684 11686 11685 11685 11686 11687 11687 11686 11688 11688 11686 11689 11689 11686 11690 11690 11686 11691 11691 11686 11692 11686 11693 11692 11693 11694 11692 11695 11696 11697 11696 11692 11697 11697 11692 11698 11698 11692 11699 11699 11692 11700 11692 11694 11700 11701 11702 11703 11702 11704 11703 11703 11704 11705 11705 11704 11706 11706 11704 11707 11707 11704 11708 11708 11704 11709 11709 11704 11710 11704 11711 11710 11711 11712 11710 11713 11714 11715 11714 11710 11715 11715 11710 11716 11716 11710 11717 11717 11710 11718 11710 11712 11718 11719 11720 11721 11720 11722 11721 11721 11722 11723 11723 11722 11724 11724 11722 11725 11725 11722 11726 11726 11722 11727 11727 11722 11728 11722 11729 11728 11729 11730 11728 11731 11732 11733 11732 11728 11733 11733 11728 11734 11734 11728 11735 11735 11728 11736 11728 11730 11736 11737 11738 11739 11738 11740 11739 11739 11740 11741 11741 11740 11742 11742 11740 11743 11743 11740 11744 11744 11740 11745 11745 11740 11746 11740 11747 11746 11747 11748 11746 11749 11750 11751 11750 11746 11751 11751 11746 11752 11752 11746 11753 11753 11746 11754 11746 11748 11754 11755 11756 11757 11756 11758 11757 11757 11758 11759 11759 11758 11760 11760 11758 11761 11761 11758 11762 11762 11758 11763 11763 11758 11764 11758 11765 11764 11765 11766 11764 11767 11768 11769 11768 11764 11769 11769 11764 11770 11770 11764 11771 11771 11764 11772 11764 11766 11772 11773 11774 11775 11774 11776 11775 11775 11776 11777 11777 11776 11778 11778 11776 11779 11779 11776 11780 11780 11776 11781 11781 11776 11782 11776 11783 11782 11783 11784 11782 11785 11786 11787 11786 11782 11787 11787 11782 11788 11788 11782 11789 11789 11782 11790 11782 11784 11790 11677 11681 11674 </p>
        </polylist>
      </mesh>
    </geometry>
    <geometry id="meshId1" name="meshId1_name">
      <mesh>
        <source id="meshId1-positions" name="meshId1-positions">
          <float_array id="meshId1-positions-array" count="216"> 24.769907 -14.299128 -38.201733 21.910433 -18.384094 -38.201733 24.769907 -14.299128 -44.200001 21.910433 -18.384094 -44.200001 18.384092 -21.910431 -38.201733 18.384092 -21.910431 -44.200001 14.299128 -24.769909 -38.201733 14.299128 -24.769909 -44.200001 9.7812252 -26.875237 -38.201733 9.7812252 -26.875237 -44.200001 4.9665508 -28.167065 -38.201733 4.9665508 -28.167065 -44.200001 0.001745224 -28.6 -38.201733 0.001745224 -28.6 -44.200001 -4.9665508 -28.167065 -38.201733 -4.9665508 -28.167065 -44.200001 -9.7812252 -26.875237 -38.201733 -9.7812252 -26.875237 -44.200001 -14.299128 -24.769909 -38.201733 -14.299128 -24.769909 -44.200001 -18.384094 -21.910431 -38.201733 -18.384094 -21.910431 -44.200001 -21.910431 -18.384094 -38.201733 -21.910431 -18.384094 -44.200001 -24.769909 -14.299128 -38.201733 -24.769909 -14.299128 -44.200001 -26.875237 -9.7812252 -38.201733 -26.875237 -9.7812252 -44.200001 -28.167065 -4.9665508 -38.201733 -28.167065 -4.9665508 -44.200001 -28.6 -0.0017471313 -38.201733 -28.6 -0.0017471313 -44.200001 -28.167065 4.9665508 -38.201733 -28.167065 4.9665508 -44.200001 -26.875237 9.7812252 -38.201733 -26.875237 9.7812252 -44.200001 -24.769909 14.299128 -38.201733 -24.769909 14.299128 -44.200001 -21.910431 18.384092 -38.201733 -21.910431 18.384092 -44.200001 -18.384094 21.910433 -38.201733 -18.384094 21.910433 -44.200001 -14.299128 24.769907 -38.201733 -14.299128 24.769907 -44.200001 -9.7812252 26.875235 -38.201733 -9.7812252 26.875235 -44.200001 -4.9665508 28.167063 -38.201733 -4.9665508 28.167063 -44.200001 -0.0017471313 28.6 -38.201733 -0.0017471313 28.6 -44.200001 4.9665508 28.167063 -38.201733 4.9665508 28.167063 -44.200001 9.7812252 26.875235 -38.201733 9.7812252 26.875235 -44.200001 14.299128 24.769907 -38.201733 14.299128 24.769907 -44.200001 18.384092 21.910433 -38.201733 18.384092 21.910433 -44.200001 21.910433 18.384092 -38.201733 21.910433 18.384092 -44.200001 24.769907 14.299128 -38.201733 24.769907 14.299128 -44.200001 26.875235 9.7812252 -38.201733 26.875235 9.7812252 -44.200001 28.167063 4.9665508 -38.201733 28.167063 4.9665508 -44.200001 28.6 0.001745224 -38.201733 28.6 0.001745224 -44.200001 28.167063 -4.9665508 -38.201733 28.167063 -4.9665508 -44.200001 26.875235 -9.7812252 -38.201733 26.875235 -9.7812252 -44.200001 </float_array>
          <technique_common>
            <accessor count="72" offset="0" source="#meshId1-positions-array" stride="3">
              <param name="X" type="float" />
              <param name="Y" type="float" />
              <param name="Z" type="float" />
            </accessor>
          </technique_common>
        </source>
        <source id="meshId1-normals" name="meshId1-normals">
          <float_array id="meshId1-normals-array" count="216"> 0.88021559 -0.47457403 0 0.78354388 -0.62133652 0 0.85101044 -0.52514875 0 0.7460357 -0.66590595 0 0.66590595 -0.7460357 0 0.62133652 -0.78354388 0 0.52514875 -0.85101044 0 0.47457403 -0.88021559 0 0.36832294 -0.92969793 0 0.31400171 -0.94942248 0 0.201001 -0.97959107 0 0.14421637 -0.98954624 0 0.02815786 -0.99960351 0 -0.02815786 -0.99960351 0 -0.14421637 -0.98954624 0 -0.201001 -0.97959107 0 -0.31400171 -0.94942248 0 -0.36832294 -0.92969793 0 -0.47457403 -0.88021559 0 -0.52514875 -0.85101044 0 -0.62133652 -0.78354388 0 -0.66590595 -0.7460357 0 -0.7460357 -0.66590595 0 -0.78354388 -0.62133652 0 -0.85101044 -0.52514875 0 -0.88021559 -0.47457403 0 -0.92969793 -0.36832294 0 -0.94942248 -0.31400171 0 -0.97959107 -0.201001 0 -0.98954624 -0.14421637 0 -0.99960351 -0.02815786 0 -0.99960351 0.02815786 0 -0.98954624 0.14421637 0 -0.97959101 0.20100108 0 -0.94942248 0.31400171 0 -0.92969793 0.36832294 0 -0.88021559 0.47457403 0 -0.85101044 0.52514875 0 -0.78354388 0.62133652 0 -0.7460357 0.66590595 0 -0.66590595 0.7460357 0 -0.62133652 0.78354388 0 -0.52514875 0.85101044 0 -0.47457403 0.88021559 0 -0.36832294 0.92969793 0 -0.31400171 0.94942248 0 -0.20100091 0.97959101 0 -0.14421637 0.98954624 0 -0.02815786 0.99960351 0 0.02815786 0.99960351 0 0.14421637 0.98954624 0 0.20100108 0.97959101 0 0.31400171 0.94942248 0 0.36832294 0.92969793 0 0.47457403 0.88021559 0 0.52514875 0.85101044 0 0.62133652 0.78354388 0 0.66590595 0.7460357 0 0.7460357 0.66590595 0 0.78354388 0.62133652 0 0.85101044 0.52514875 0 0.88021559 0.47457403 0 0.92969793 0.36832294 0 0.94942248 0.31400171 0 0.97959101 0.20100091 0 0.98954624 0.14421637 0 0.99960351 0.02815786 0 0.99960351 -0.02815786 0 0.98954624 -0.14421637 0 0.97959107 -0.201001 0 0.94942248 -0.31400171 0 0.92969793 -0.36832294 0 </float_array>
          <technique_common>
            <accessor count="72" offset="0" source="#meshId1-normals-array" stride="3">
              <param name="X" type="float" />
              <param name="Y" type="float" />
              <param name="Z" type="float" />
            </accessor>
          </technique_common>
        </source>
        <vertices id="meshId1-vertices">
          <input semantic="POSITION" source="#meshId1-positions" />
        </vertices>
        <polylist count="72" material="defaultMaterial">
          <input offset="0" semantic="VERTEX" source="#meshId1-vertices" />
          <input offset="0" semantic="NORMAL" source="#meshId1-normals" />
          <vcount>3 3 3 3 3 3 3 3 3 3 3 3 3 3 3 3 3 3 3 3 3 3 3 3 3 3 3 3 3 3 3 3 3 3 3 3 3 3 3 3 3 3 3 3 3 3 3 3 3 3 3 3 3 3 3 3 3 3 3 3 3 3 3 3 3 3 3 3 3 3 3 3 </vcount>
          <p>0 1 2 2 1 3 1 4 3 3 4 5 4 6 5 5 6 7 6 8 7 7 8 9 8 10 9 9 10 11 10 12 11 11 12 13 12 14 13 13 14 15 14 16 15 15 16 17 16 18 17 17 18 19 18 20 19 19 20 21 20 22 21 21 22 23 22 24 23 23 24 25 24 26 25 25 26 27 26 28 27 27 28 29 28 30 29 29 30 31 30 32 31 31 32 33 32 34 33 33 34 35 34 36 35 35 36 37 36 38 37 37 38 39 38 40 39 39 40 41 40 42 41 41 42 43 42 44 43 43 44 45 44 46 45 45 46 47 46 48 47 47 48 49 48 50 49 49 50 51 50 52 51 51 52 53 52 54 53 53 54 55 54 56 55 55 56 57 56 58 57 57 58 59 58 60 59 59 60 61 60 62 61 61 62 63 62 64 63 63 64 65 64 66 65 65 66 67 66 68 67 67 68 69 68 70 69 69 70 71 70 0 71 0 2 71 </p>
        </polylist>
      </mesh>
    </geometry>
  </library_geometries>
  <library_controllers>
  </library_controllers>
  <library_visual_scenes>
    <visual_scene id="null" name="null">
      <node id="rm_dae_node_97" name="Mesh" type="NODE">
        <matrix sid="matrix">1 0 0 0 0 1 0 0 0 0 1 0 0 0 0 1</matrix>
        <instance_geometry url="#meshId0">
          <bind_material>
            <technique_common>
              <instance_material symbol="defaultMaterial" target="#rm_dae_material_0">
              </instance_material>
            </technique_common>
          </bind_material>
        </instance_geometry>
      </node>
      <node id="rm_dae_node_103" name="Mesh" type="NODE">
        <matrix sid="matrix">1 0 0 0 0 1 0 0 0 0 1 0 0 0 0 1</matrix>
        <instance_geometry url="#meshId1">
          <bind_material>
            <technique_common>
              <instance_material symbol="defaultMaterial" target="#rm_dae_material_1">
              </instance_material>
            </technique_common>
          </bind_material>
        </instance_geometry>
      </node>
    </visual_scene>
  </library_visual_scenes>
  <scene>
    <instance_visual_scene url="#null" />
  </scene>
</COLLADA>